t,hand,elbow,shoulder,p_hand,p_elbow,p_shoulder,J2,J3,J6,grip_state,cmd_sent
660375.973,0,0,0,0.950,0.950,0.950,-90.00,180.00,0.00,OPEN,0
660375.984,0,0,0,0.950,0.950,0.950,-90.00,180.00,0.00,OPEN,0
660375.994,0,0,0,0.950,0.950,0.950,-90.00,180.00,0.00,OPEN,0
660376.005,0,0,0,0.950,0.950,0.950,-90.00,180.00,0.00,OPEN,0
660376.016,0,0,0,0.950,0.950,0.950,-90.00,180.00,0.00,OPEN,0
660376.026,0,0,0,0.950,0.950,0.950,-90.00,180.00,0.00,OPEN,0
660376.037,0,0,0,0.950,0.950,0.950,-90.00,180.00,0.00,OPEN,0
660376.047,0,0,0,0.950,0.950,0.950,-90.00,180.00,0.00,OPEN,0
660376.058,0,0,0,0.950,0.950,0.950,-90.00,180.00,0.00,OPEN,0
660376.068,0,0,0,0.950,0.950,0.950,-90.00,180.00,0.00,OPEN,0
660376.079,0,0,0,0.950,0.950,0.950,-90.00,180.00,0.00,OPEN,0
660376.089,0,0,0,0.950,0.950,0.950,-90.00,180.00,0.00,OPEN,0
660376.100,0,0,0,0.950,0.950,0.950,-90.00,180.00,0.00,OPEN,0
660376.111,0,0,0,0.950,0.950,0.950,-90.00,180.00,0.00,OPEN,0
660376.122,0,0,0,0.950,0.950,0.950,-90.00,180.00,0.00,OPEN,0
660376.132,0,0,0,0.950,0.950,0.950,-90.00,180.00,0.00,OPEN,0
660376.143,0,0,0,0.950,0.950,0.950,-90.00,180.00,0.00,OPEN,0
660376.153,0,0,0,0.950,0.950,0.950,-90.00,180.00,0.00,OPEN,0
660376.163,0,0,0,0.950,0.950,0.950,-90.00,180.00,0.00,OPEN,0
660376.174,0,0,0,0.950,0.950,0.950,-90.00,180.00,0.00,OPEN,0
660376.184,0,0,0,0.950,0.950,0.950,-90.00,180.00,0.00,OPEN,0
660376.195,0,0,0,0.950,0.950,0.950,-90.00,180.00,0.00,OPEN,0
660376.205,0,0,0,0.950,0.950,0.950,-90.00,180.00,0.00,OPEN,0
660376.216,0,0,0,0.950,0.950,0.950,-90.00,180.00,0.00,OPEN,0
660376.226,0,0,0,0.950,0.950,0.950,-90.00,180.00,0.00,OPEN,0
660376.237,0,0,0,0.950,0.950,0.950,-90.00,180.00,0.00,OPEN,0
660376.248,0,0,0,0.950,0.950,0.950,-90.00,180.00,0.00,OPEN,0
660376.258,0,0,0,0.950,0.950,0.950,-90.00,180.00,0.00,OPEN,0
660376.269,0,0,0,0.950,0.950,0.950,-90.00,180.00,0.00,OPEN,0
660376.280,0,0,0,0.950,0.950,0.950,-90.00,180.00,0.00,OPEN,0
660376.290,0,0,0,0.950,0.950,0.950,-90.00,180.00,0.00,OPEN,0
660376.301,0,0,0,0.950,0.950,0.950,-90.00,180.00,0.00,OPEN,0
660376.311,0,0,0,0.950,0.950,0.950,-90.00,180.00,0.00,OPEN,0
660376.321,0,0,0,0.950,0.950,0.950,-90.00,180.00,0.00,OPEN,0
660376.332,0,0,0,0.950,0.950,0.950,-90.00,180.00,0.00,OPEN,0
660376.342,0,0,0,0.950,0.950,0.950,-90.00,180.00,0.00,OPEN,0
660376.353,0,0,0,0.950,0.950,0.950,-90.00,180.00,0.00,OPEN,0
660376.363,0,0,0,0.950,0.950,0.950,-90.00,180.00,0.00,OPEN,0
660376.373,0,0,0,0.950,0.950,0.950,-90.00,180.00,0.00,OPEN,0
660376.384,0,0,0,0.950,0.950,0.950,-90.00,180.00,0.00,OPEN,0
660376.394,0,0,0,0.950,0.950,0.950,-90.00,180.00,0.00,OPEN,0
660376.405,0,0,0,0.950,0.950,0.950,-90.00,180.00,0.00,OPEN,0
660376.415,0,0,0,0.950,0.950,0.950,-90.00,180.00,0.00,OPEN,0
660376.426,0,0,0,0.950,0.950,0.950,-90.00,180.00,0.00,OPEN,0
660376.437,0,0,0,0.950,0.950,0.950,-90.00,180.00,0.00,OPEN,0
660376.447,0,0,0,0.950,0.950,0.950,-90.00,180.00,0.00,OPEN,0
660376.458,0,0,0,0.950,0.950,0.950,-90.00,180.00,0.00,OPEN,0
660376.468,0,0,0,0.950,0.950,0.950,-90.00,180.00,0.00,OPEN,0
660376.478,0,0,0,0.950,0.950,0.950,-90.00,180.00,0.00,OPEN,0
660376.489,0,0,0,0.950,0.950,0.950,-90.00,180.00,0.00,OPEN,0
660376.500,0,0,0,0.950,0.950,0.950,-90.00,180.00,0.00,OPEN,0
660376.510,0,0,0,0.950,0.950,0.950,-90.00,180.00,0.00,OPEN,0
660376.521,0,0,0,0.950,0.950,0.950,-90.00,180.00,0.00,OPEN,0
660376.532,0,0,0,0.950,0.950,0.950,-90.00,180.00,0.00,OPEN,0
660376.542,0,0,0,0.950,0.950,0.950,-90.00,180.00,0.00,OPEN,0
660376.552,0,0,0,0.950,0.950,0.950,-90.00,180.00,0.00,OPEN,0
660376.563,0,0,0,0.950,0.950,0.950,-90.00,180.00,0.00,OPEN,0
660376.573,0,0,0,0.950,0.950,0.950,-90.00,180.00,0.00,OPEN,0
660376.583,0,0,0,0.950,0.950,0.950,-90.00,180.00,0.00,OPEN,0
660376.594,0,0,0,0.950,0.950,0.950,-90.00,180.00,0.00,OPEN,0
660376.604,0,0,0,0.950,0.950,0.950,-90.00,180.00,0.00,OPEN,0
660376.615,0,0,0,0.950,0.950,0.950,-90.00,180.00,0.00,OPEN,0
660376.626,0,0,0,0.950,0.950,0.950,-90.00,180.00,0.00,OPEN,0
660376.636,0,0,0,0.950,0.950,0.950,-90.00,180.00,0.00,OPEN,0
660376.646,0,0,0,0.950,0.950,0.950,-90.00,180.00,0.00,OPEN,0
660376.657,0,0,0,0.950,0.950,0.950,-90.00,180.00,0.00,OPEN,0
660376.667,0,0,0,0.950,0.950,0.950,-90.00,180.00,0.00,OPEN,0
660376.678,0,0,0,0.950,0.950,0.950,-90.00,180.00,0.00,OPEN,0
660376.688,0,0,0,0.950,0.950,0.950,-90.00,180.00,0.00,OPEN,0
660376.699,0,0,0,0.950,0.950,0.950,-90.00,180.00,0.00,OPEN,0
660376.710,0,0,0,0.950,0.950,0.950,-90.00,180.00,0.00,OPEN,0
660376.720,0,0,0,0.950,0.950,0.950,-90.00,180.00,0.00,OPEN,0
660376.731,0,0,0,0.950,0.950,0.950,-90.00,180.00,0.00,OPEN,0
660376.741,0,0,0,0.950,0.950,0.950,-90.00,180.00,0.00,OPEN,0
660376.752,0,0,0,0.950,0.950,0.950,-90.00,180.00,0.00,OPEN,0
660376.763,0,0,0,0.950,0.950,0.950,-90.00,180.00,0.00,OPEN,0
660376.773,0,0,0,0.950,0.950,0.950,-90.00,180.00,0.00,OPEN,0
660376.784,0,0,0,0.950,0.950,0.950,-90.00,180.00,0.00,OPEN,0
660376.794,0,0,0,0.950,0.950,0.950,-90.00,180.00,0.00,OPEN,0
660376.805,0,0,0,0.950,0.950,0.950,-90.00,180.00,0.00,OPEN,0
660376.815,0,0,0,0.950,0.950,0.950,-90.00,180.00,0.00,OPEN,0
660376.826,0,0,0,0.950,0.950,0.950,-90.00,180.00,0.00,OPEN,0
660376.837,0,0,0,0.950,0.950,0.950,-90.00,180.00,0.00,OPEN,0
660376.848,0,0,0,0.950,0.950,0.950,-90.00,180.00,0.00,OPEN,0
660376.858,0,0,0,0.950,0.950,0.950,-90.00,180.00,0.00,OPEN,0
660376.869,0,0,0,0.950,0.950,0.950,-90.00,180.00,0.00,OPEN,0
660376.879,0,0,0,0.950,0.950,0.950,-90.00,180.00,0.00,OPEN,0
660376.890,0,0,0,0.950,0.950,0.950,-90.00,180.00,0.00,OPEN,0
660376.900,0,0,0,0.950,0.950,0.950,-90.00,180.00,0.00,OPEN,0
660376.911,0,0,0,0.950,0.950,0.950,-90.00,180.00,0.00,OPEN,0
660376.922,0,0,0,0.950,0.950,0.950,-90.00,180.00,0.00,OPEN,0
660376.932,0,0,0,0.950,0.950,0.950,-90.00,180.00,0.00,OPEN,0
660376.942,0,0,0,0.950,0.950,0.950,-90.00,180.00,0.00,OPEN,0
660376.953,0,0,0,0.950,0.950,0.950,-90.00,180.00,0.00,OPEN,0
660376.963,0,0,0,0.950,0.950,0.950,-90.00,180.00,0.00,OPEN,0
660376.973,0,0,0,0.950,0.950,0.950,-90.00,180.00,0.00,OPEN,0
660376.985,0,0,0,0.950,0.950,0.950,-90.00,180.00,0.00,OPEN,0
660376.996,0,0,0,0.950,0.950,0.950,-90.00,180.00,0.00,OPEN,0
660377.007,0,0,0,0.950,0.950,0.950,-90.00,180.00,0.00,OPEN,0
660377.017,0,0,0,0.950,0.950,0.950,-90.00,180.00,0.00,OPEN,0
660377.028,0,0,0,0.950,0.950,0.950,-90.00,180.00,0.00,OPEN,0
660377.038,0,0,0,0.950,0.950,0.950,-90.00,180.00,0.00,OPEN,0
660377.049,0,0,0,0.950,0.950,0.950,-90.00,180.00,0.00,OPEN,0
660377.060,0,0,0,0.950,0.950,0.950,-90.00,180.00,0.00,OPEN,0
660377.070,0,0,0,0.950,0.950,0.950,-90.00,180.00,0.00,OPEN,0
660377.081,0,0,0,0.950,0.950,0.950,-90.00,180.00,0.00,OPEN,0
660377.091,0,0,0,0.950,0.950,0.950,-90.00,180.00,0.00,OPEN,0
660377.102,0,0,0,0.950,0.950,0.950,-90.00,180.00,0.00,OPEN,0
660377.112,0,0,0,0.950,0.950,0.950,-90.00,180.00,0.00,OPEN,0
660377.123,0,0,0,0.950,0.950,0.950,-90.00,180.00,0.00,OPEN,0
660377.133,0,0,0,0.950,0.950,0.950,-90.00,180.00,0.00,OPEN,0
660377.144,0,0,0,0.950,0.950,0.950,-90.00,180.00,0.00,OPEN,0
660377.154,0,0,0,0.950,0.950,0.950,-90.00,180.00,0.00,OPEN,0
660377.165,0,0,0,0.950,0.950,0.950,-90.00,180.00,0.00,OPEN,0
660377.175,0,0,0,0.950,0.950,0.950,-90.00,180.00,0.00,OPEN,0
660377.186,0,0,0,0.950,0.950,0.950,-90.00,180.00,0.00,OPEN,0
660377.196,0,0,0,0.950,0.950,0.950,-90.00,180.00,0.00,OPEN,0
660377.207,0,0,0,0.950,0.950,0.950,-90.00,180.00,0.00,OPEN,0
660377.217,0,0,0,0.950,0.950,0.950,-90.00,180.00,0.00,OPEN,0
660377.228,0,0,0,0.950,0.950,0.950,-90.00,180.00,0.00,OPEN,0
660377.238,0,0,0,0.950,0.950,0.950,-90.00,180.00,0.00,OPEN,0
660377.249,0,0,0,0.950,0.950,0.950,-90.00,180.00,0.00,OPEN,0
660377.259,0,0,0,0.950,0.950,0.950,-90.00,180.00,0.00,OPEN,0
660377.270,0,0,0,0.950,0.950,0.950,-90.00,180.00,0.00,OPEN,0
660377.280,0,0,0,0.950,0.950,0.950,-90.00,180.00,0.00,OPEN,0
660377.291,0,0,0,0.950,0.950,0.950,-90.00,180.00,0.00,OPEN,0
660377.301,0,0,0,0.950,0.950,0.950,-90.00,180.00,0.00,OPEN,0
660377.312,0,0,0,0.950,0.950,0.950,-90.00,180.00,0.00,OPEN,0
660377.323,0,0,0,0.950,0.950,0.950,-90.00,180.00,0.00,OPEN,0
660377.333,0,0,0,0.950,0.950,0.950,-90.00,180.00,0.00,OPEN,0
660377.344,0,0,0,0.950,0.950,0.950,-90.00,180.00,0.00,OPEN,0
660377.354,0,0,0,0.950,0.950,0.950,-90.00,180.00,0.00,OPEN,0
660377.365,0,0,0,0.950,0.950,0.950,-90.00,180.00,0.00,OPEN,0
660377.375,0,0,0,0.950,0.950,0.950,-90.00,180.00,0.00,OPEN,0
660377.386,0,0,0,0.950,0.950,0.950,-90.00,180.00,0.00,OPEN,0
660377.396,0,0,0,0.950,0.950,0.950,-90.00,180.00,0.00,OPEN,0
660377.407,0,0,0,0.950,0.950,0.950,-90.00,180.00,0.00,OPEN,0
660377.417,0,0,0,0.950,0.950,0.950,-90.00,180.00,0.00,OPEN,0
660377.428,0,0,0,0.950,0.950,0.950,-90.00,180.00,0.00,OPEN,0
660377.438,0,0,0,0.950,0.950,0.950,-90.00,180.00,0.00,OPEN,0
660377.449,0,0,0,0.950,0.950,0.950,-90.00,180.00,0.00,OPEN,0
660377.459,0,0,0,0.950,0.950,0.950,-90.00,180.00,0.00,OPEN,0
660377.470,0,0,0,0.950,0.950,0.950,-90.00,180.00,0.00,OPEN,0
660377.481,0,0,0,0.950,0.950,0.950,-90.00,180.00,0.00,OPEN,0
660377.491,0,0,0,0.950,0.950,0.950,-90.00,180.00,0.00,OPEN,0
660377.501,0,0,0,0.950,0.950,0.950,-90.00,180.00,0.00,OPEN,0
660377.512,0,0,0,0.950,0.950,0.950,-90.00,180.00,0.00,OPEN,0
660377.522,0,0,0,0.950,0.950,0.950,-90.00,180.00,0.00,OPEN,0
660377.533,0,0,0,0.950,0.950,0.950,-90.00,180.00,0.00,OPEN,0
660377.543,0,0,0,0.950,0.950,0.950,-90.00,180.00,0.00,OPEN,0
660377.554,0,0,0,0.950,0.950,0.950,-90.00,180.00,0.00,OPEN,0
660377.565,0,0,0,0.950,0.950,0.950,-90.00,180.00,0.00,OPEN,0
660377.576,0,0,0,0.950,0.950,0.950,-90.00,180.00,0.00,OPEN,0
660377.587,0,0,0,0.950,0.950,0.950,-90.00,180.00,0.00,OPEN,0
660377.598,0,0,0,0.950,0.950,0.950,-90.00,180.00,0.00,OPEN,0
660377.608,0,0,0,0.950,0.950,0.950,-90.00,180.00,0.00,OPEN,0
660377.619,0,0,0,0.950,0.950,0.950,-90.00,180.00,0.00,OPEN,0
660377.629,0,0,0,0.950,0.950,0.950,-90.00,180.00,0.00,OPEN,0
660377.640,0,0,0,0.950,0.950,0.950,-90.00,180.00,0.00,OPEN,0
660377.650,0,0,0,0.950,0.950,0.950,-90.00,180.00,0.00,OPEN,0
660377.661,0,0,0,0.950,0.950,0.950,-90.00,180.00,0.00,OPEN,0
660377.671,0,0,0,0.950,0.950,0.950,-90.00,180.00,0.00,OPEN,0
660377.682,0,0,0,0.950,0.950,0.950,-90.00,180.00,0.00,OPEN,0
660377.693,0,0,0,0.950,0.950,0.950,-90.00,180.00,0.00,OPEN,0
660377.703,0,0,0,0.950,0.950,0.950,-90.00,180.00,0.00,OPEN,0
660377.714,0,0,0,0.950,0.950,0.950,-90.00,180.00,0.00,OPEN,0
660377.724,0,0,0,0.950,0.950,0.950,-90.00,180.00,0.00,OPEN,0
660377.734,0,0,0,0.950,0.950,0.950,-90.00,180.00,0.00,OPEN,0
660377.745,0,0,0,0.950,0.950,0.950,-90.00,180.00,0.00,OPEN,0
660377.756,0,0,0,0.950,0.950,0.950,-90.00,180.00,0.00,OPEN,0
660377.766,0,0,0,0.950,0.950,0.950,-90.00,180.00,0.00,OPEN,0
660377.777,0,0,0,0.950,0.950,0.950,-90.00,180.00,0.00,OPEN,0
660377.788,0,0,0,0.950,0.950,0.950,-90.00,180.00,0.00,OPEN,0
660377.798,0,0,0,0.950,0.950,0.950,-90.00,180.00,0.00,OPEN,0
660377.808,0,0,0,0.950,0.950,0.950,-90.00,180.00,0.00,OPEN,0
660377.819,0,0,0,0.950,0.950,0.950,-90.00,180.00,0.00,OPEN,0
660377.829,0,0,0,0.950,0.950,0.950,-90.00,180.00,0.00,OPEN,0
660377.840,0,0,0,0.950,0.950,0.950,-90.00,180.00,0.00,OPEN,0
660377.850,0,0,0,0.950,0.950,0.950,-90.00,180.00,0.00,OPEN,0
660377.861,0,0,0,0.950,0.950,0.950,-90.00,180.00,0.00,OPEN,0
660377.872,0,0,0,0.950,0.950,0.950,-90.00,180.00,0.00,OPEN,0
660377.882,0,0,0,0.950,0.950,0.950,-90.00,180.00,0.00,OPEN,0
660377.892,0,0,0,0.950,0.950,0.950,-90.00,180.00,0.00,OPEN,0
660377.903,0,0,0,0.950,0.950,0.950,-90.00,180.00,0.00,OPEN,0
660377.913,0,0,0,0.950,0.950,0.950,-90.00,180.00,0.00,OPEN,0
660377.924,0,0,0,0.950,0.950,0.950,-90.00,180.00,0.00,OPEN,0
660377.934,0,0,0,0.950,0.950,0.950,-90.00,180.00,0.00,OPEN,0
660377.945,0,0,0,0.950,0.950,0.950,-90.00,180.00,0.00,OPEN,0
660377.955,0,0,0,0.950,0.950,0.950,-90.00,180.00,0.00,OPEN,0
660377.966,0,0,0,0.950,0.950,0.950,-90.00,180.00,0.00,OPEN,0
660377.976,0,0,0,0.950,0.950,0.950,-90.00,180.00,0.00,OPEN,0
660377.988,0,0,0,0.950,0.950,0.950,-90.00,180.00,0.00,OPEN,0
660377.998,0,0,0,0.950,0.950,0.950,-90.00,180.00,0.00,OPEN,0
660378.008,0,0,0,0.950,0.950,0.950,-90.00,180.00,0.00,OPEN,0
660378.019,0,0,0,0.950,0.950,0.950,-90.00,180.00,0.00,OPEN,0
660378.029,0,0,0,0.950,0.950,0.950,-90.00,180.00,0.00,OPEN,0
660378.039,0,0,0,0.950,0.950,0.950,-90.00,180.00,0.00,OPEN,0
660378.050,0,0,0,0.950,0.950,0.950,-90.00,180.00,0.00,OPEN,0
660378.061,0,0,0,0.950,0.950,0.950,-90.00,180.00,0.00,OPEN,0
660378.071,0,0,0,0.950,0.950,0.950,-90.00,180.00,0.00,OPEN,0
660378.082,0,0,0,0.950,0.950,0.950,-90.00,180.00,0.00,OPEN,0
660378.092,0,0,0,0.950,0.950,0.950,-90.00,180.00,0.00,OPEN,0
660378.102,0,0,0,0.950,0.950,0.950,-90.00,180.00,0.00,OPEN,0
660378.113,0,0,0,0.950,0.950,0.950,-90.00,180.00,0.00,OPEN,0
660378.123,1,0,0,0.950,0.950,0.950,-90.00,180.00,0.00,OPEN,0
660378.134,1,0,0,0.950,0.950,0.950,-90.00,180.00,0.00,OPEN,0
660378.145,1,0,0,0.950,0.950,0.950,-90.00,180.00,0.00,OPEN,0
660378.155,1,0,0,0.950,0.950,0.950,-90.00,180.00,0.00,OPEN,0
660378.166,1,0,0,0.950,0.950,0.950,-90.00,180.00,0.00,OPEN,0
660378.176,1,0,0,0.950,0.950,0.950,-90.00,180.00,0.00,OPEN,0
660378.187,1,0,0,0.950,0.950,0.950,-90.00,180.00,0.00,OPEN,0
660378.197,1,0,0,0.950,0.950,0.950,-90.00,180.00,0.00,OPEN,0
660378.208,1,0,0,0.950,0.950,0.950,-90.00,180.00,0.00,OPEN,0
660378.218,1,0,0,0.950,0.950,0.950,-90.00,180.00,0.00,OPEN,0
660378.229,1,0,0,0.950,0.950,0.950,-90.00,180.00,0.00,OPEN,0
660378.239,1,0,0,0.950,0.950,0.950,-90.00,180.00,0.00,OPEN,0
660378.251,1,0,0,0.950,0.950,0.950,-90.00,180.00,0.00,OPEN,0
660378.262,1,0,0,0.950,0.950,0.950,-90.00,180.00,0.00,OPEN,0
660378.273,1,0,0,0.950,0.950,0.950,-90.00,180.00,0.00,OPEN,0
660378.284,1,0,0,0.950,0.950,0.950,-90.00,180.00,0.00,OPEN,0
660378.294,1,0,0,0.950,0.950,0.950,-90.00,180.00,0.00,OPEN,0
660378.305,1,0,0,0.950,0.950,0.950,-90.00,180.00,0.00,OPEN,0
660378.315,1,0,0,0.950,0.950,0.950,-90.00,180.00,0.00,OPEN,0
660378.326,1,0,0,0.950,0.950,0.950,-90.00,180.00,0.00,OPEN,0
660378.337,1,0,0,0.950,0.950,0.950,-90.00,180.00,0.00,OPEN,0
660378.347,1,0,0,0.950,0.950,0.950,-90.00,180.00,0.00,OPEN,0
660378.358,1,0,0,0.950,0.950,0.950,-90.00,180.00,0.00,OPEN,0
660378.368,1,0,0,0.950,0.950,0.950,-90.00,180.00,0.00,OPEN,0
660378.379,1,0,0,0.950,0.950,0.950,-90.00,180.00,0.00,OPEN,0
660378.390,1,0,0,0.950,0.950,0.950,-90.00,180.00,0.00,OPEN,0
660378.400,1,0,0,0.950,0.950,0.950,-90.00,180.00,0.00,OPEN,0
660378.411,1,0,0,0.950,0.950,0.950,-90.00,180.00,0.00,OPEN,0
660378.422,1,0,0,0.950,0.950,0.950,-90.00,180.00,0.00,OPEN,0
660378.433,1,0,0,0.950,0.950,0.950,-90.00,180.00,0.00,OPEN,0
660378.443,1,0,0,0.950,0.950,0.950,-90.00,180.00,0.00,OPEN,0
660378.454,1,0,0,0.950,0.950,0.950,-90.00,180.00,0.00,OPEN,0
660378.464,1,0,0,0.950,0.950,0.950,-90.00,180.00,0.00,OPEN,0
660378.475,1,0,0,0.950,0.950,0.950,-90.00,180.00,0.00,OPEN,0
660378.486,1,0,0,0.950,0.950,0.950,-90.00,180.00,0.00,OPEN,0
660378.496,1,0,0,0.950,0.950,0.950,-90.00,180.00,0.00,OPEN,0
660378.507,1,0,0,0.950,0.950,0.950,-90.00,180.00,0.00,OPEN,0
660378.517,1,0,0,0.950,0.950,0.950,-90.00,180.00,0.00,OPEN,0
660378.528,1,0,0,0.950,0.950,0.950,-90.00,180.00,0.00,OPEN,0
660378.538,1,0,0,0.950,0.950,0.950,-90.00,180.00,0.00,OPEN,0
660378.548,1,0,0,0.950,0.950,0.950,-90.00,180.00,0.00,OPEN,0
660378.559,1,0,0,0.950,0.950,0.950,-90.00,180.00,0.00,OPEN,0
660378.569,1,0,0,0.950,0.950,0.950,-90.00,180.00,0.00,OPEN,0
660378.580,1,0,0,0.950,0.950,0.950,-90.00,180.00,0.00,OPEN,0
660378.590,1,0,0,0.950,0.950,0.950,-90.00,180.00,0.00,OPEN,0
660378.600,1,0,0,0.950,0.950,0.950,-90.00,180.00,0.00,OPEN,0
660378.611,1,0,0,0.950,0.950,0.950,-90.00,180.00,0.00,OPEN,0
660378.621,1,0,0,0.950,0.950,0.950,-90.00,180.00,0.00,OPEN,0
660378.631,1,0,0,0.950,0.950,0.950,-90.00,180.00,0.00,OPEN,0
660378.642,1,0,0,0.950,0.950,0.950,-90.00,180.00,0.00,OPEN,0
660378.653,1,0,0,0.950,0.950,0.950,-90.00,180.00,0.00,OPEN,0
660378.663,1,0,0,0.950,0.950,0.950,-90.00,180.00,0.00,OPEN,0
660378.673,1,0,0,0.950,0.950,0.950,-90.00,180.00,0.00,OPEN,0
660378.684,1,0,0,0.950,0.950,0.950,-90.00,180.00,0.00,OPEN,0
660378.694,1,0,0,0.950,0.950,0.950,-90.00,180.00,0.00,OPEN,0
660378.705,1,0,0,0.950,0.950,0.950,-90.00,180.00,0.00,OPEN,0
660378.715,1,0,0,0.950,0.950,0.950,-90.00,180.00,0.00,OPEN,0
660378.726,1,0,0,0.950,0.950,0.950,-90.00,180.00,0.00,OPEN,0
660378.736,1,0,0,0.950,0.950,0.950,-90.00,180.00,0.00,OPEN,0
660378.747,1,0,0,0.950,0.950,0.950,-90.00,180.00,0.00,OPEN,0
660378.757,1,0,0,0.950,0.950,0.950,-90.00,180.00,0.00,OPEN,0
660378.768,1,0,0,0.950,0.950,0.950,-90.00,180.00,0.00,OPEN,0
660378.778,1,0,0,0.950,0.950,0.950,-90.00,180.00,0.00,OPEN,0
660378.789,1,0,0,0.950,0.950,0.950,-90.00,180.00,0.00,OPEN,0
660378.800,1,0,0,0.950,0.950,0.950,-90.00,180.00,0.00,OPEN,0
660378.810,1,0,0,0.950,0.950,0.950,-90.00,180.00,0.00,OPEN,0
660380.908,0,0,0,0.950,0.950,0.950,-90.00,180.00,0.00,OPEN,0
660380.919,0,0,0,0.950,0.950,0.950,-90.00,180.00,0.00,OPEN,0
660380.929,0,0,0,0.950,0.950,0.950,-90.00,180.00,0.00,OPEN,0
660380.940,0,0,0,0.950,0.950,0.950,-90.00,180.00,0.00,OPEN,0
660380.951,0,0,0,0.950,0.950,0.950,-90.00,180.00,0.00,OPEN,0
660380.962,0,0,0,0.950,0.950,0.950,-90.00,180.00,0.00,OPEN,0
660380.973,0,0,0,0.950,0.950,0.950,-90.00,180.00,0.00,OPEN,0
660380.984,0,0,0,0.950,0.950,0.950,-90.00,180.00,0.00,OPEN,0
660380.994,0,0,0,0.950,0.950,0.950,-90.00,180.00,0.00,OPEN,0
660381.005,0,0,0,0.950,0.950,0.950,-90.00,180.00,0.00,OPEN,0
660381.015,0,0,0,0.950,0.950,0.950,-90.00,180.00,0.00,OPEN,0
660381.026,0,0,0,0.950,0.950,0.950,-90.00,180.00,0.00,OPEN,0
660381.036,0,0,0,0.950,0.950,0.950,-90.00,180.00,0.00,OPEN,0
660381.047,0,0,0,0.950,0.950,0.950,-90.00,180.00,0.00,OPEN,0
660381.057,0,0,0,0.950,0.950,0.950,-90.00,180.00,0.00,OPEN,0
660381.068,0,0,0,0.950,0.950,0.950,-90.00,180.00,0.00,OPEN,0
660381.079,0,0,0,0.950,0.950,0.950,-90.00,180.00,0.00,OPEN,0
660381.089,0,0,0,0.950,0.950,0.950,-90.00,180.00,0.00,OPEN,0
660381.100,0,0,0,0.950,0.950,0.950,-90.00,180.00,0.00,OPEN,0
660381.110,0,0,0,0.950,0.950,0.950,-90.00,180.00,0.00,OPEN,0
660381.121,0,0,0,0.950,0.950,0.950,-90.00,180.00,0.00,OPEN,0
660381.131,0,0,0,0.950,0.950,0.950,-90.00,180.00,0.00,OPEN,0
660381.142,0,0,0,0.950,0.950,0.950,-90.00,180.00,0.00,OPEN,0
660381.153,0,0,0,0.950,0.950,0.950,-90.00,180.00,0.00,OPEN,0
660381.164,0,0,0,0.950,0.950,0.950,-90.00,180.00,0.00,OPEN,0
660381.174,0,0,0,0.950,0.950,0.950,-90.00,180.00,0.00,OPEN,0
660381.185,0,0,0,0.950,0.950,0.950,-90.00,180.00,0.00,OPEN,0
660381.196,0,0,0,0.950,0.950,0.950,-90.00,180.00,0.00,OPEN,0
660381.206,0,0,0,0.950,0.950,0.950,-90.00,180.00,0.00,OPEN,0
660381.216,0,0,0,0.950,0.950,0.950,-90.00,180.00,0.00,OPEN,0
660381.227,0,0,0,0.950,0.950,0.950,-90.00,180.00,0.00,OPEN,0
660381.237,0,0,0,0.950,0.950,0.950,-90.00,180.00,0.00,OPEN,0
660381.248,0,0,0,0.950,0.950,0.950,-90.00,180.00,0.00,OPEN,0
660381.259,0,0,0,0.950,0.950,0.950,-90.00,180.00,0.00,OPEN,0
660381.270,0,0,0,0.950,0.950,0.950,-90.00,180.00,0.00,OPEN,0
660381.280,0,0,0,0.950,0.950,0.950,-90.00,180.00,0.00,OPEN,0
660381.291,0,0,0,0.950,0.950,0.950,-90.00,180.00,0.00,OPEN,0
660381.302,0,0,0,0.950,0.950,0.950,-90.00,180.00,0.00,OPEN,0
660381.312,0,0,0,0.950,0.950,0.950,-90.00,180.00,0.00,OPEN,0
660381.323,0,0,0,0.950,0.950,0.950,-90.00,180.00,0.00,OPEN,0
660381.333,0,0,0,0.950,0.950,0.950,-90.00,180.00,0.00,OPEN,0
660381.344,0,0,0,0.950,0.950,0.950,-90.00,180.00,0.00,OPEN,0
660381.354,0,0,0,0.950,0.950,0.950,-90.00,180.00,0.00,OPEN,0
660381.365,0,0,0,0.950,0.950,0.950,-90.00,180.00,0.00,OPEN,0
660381.376,0,0,0,0.950,0.950,0.950,-90.00,180.00,0.00,OPEN,0
660381.386,0,0,0,0.950,0.950,0.950,-90.00,180.00,0.00,OPEN,0
660381.397,0,0,0,0.950,0.950,0.950,-90.00,180.00,0.00,OPEN,0
660381.408,0,0,0,0.950,0.950,0.950,-90.00,180.00,0.00,OPEN,0
660381.418,0,0,0,0.950,0.950,0.950,-90.00,180.00,0.00,OPEN,0
660381.429,0,0,0,0.950,0.950,0.950,-90.00,180.00,0.00,OPEN,0
660381.439,0,0,0,0.950,0.950,0.950,-90.00,180.00,0.00,OPEN,0
660381.450,0,0,0,0.950,0.950,0.950,-90.00,180.00,0.00,OPEN,0
660381.460,0,0,0,0.950,0.950,0.950,-90.00,180.00,0.00,OPEN,0
660381.471,0,0,0,0.950,0.950,0.950,-90.00,180.00,0.00,OPEN,0
660381.481,0,0,0,0.950,0.950,0.950,-90.00,180.00,0.00,OPEN,0
660381.492,0,0,0,0.950,0.950,0.950,-90.00,180.00,0.00,OPEN,0
660381.503,0,0,0,0.950,0.950,0.950,-90.00,180.00,0.00,OPEN,0
660381.514,0,0,0,0.950,0.950,0.950,-90.00,180.00,0.00,OPEN,0
660381.524,0,0,0,0.950,0.950,0.950,-90.00,180.00,0.00,OPEN,0
660381.534,0,0,0,0.950,0.950,0.950,-90.00,180.00,0.00,OPEN,0
660381.545,0,0,0,0.950,0.950,0.950,-90.00,180.00,0.00,OPEN,0
660381.556,0,0,0,0.950,0.950,0.950,-90.00,180.00,0.00,OPEN,0
660381.566,0,0,0,0.950,0.950,0.950,-90.00,180.00,0.00,OPEN,0
660381.577,0,0,0,0.950,0.950,0.950,-90.00,180.00,0.00,OPEN,0
660381.587,0,0,0,0.950,0.950,0.950,-90.00,180.00,0.00,OPEN,0
660381.598,0,0,0,0.950,0.950,0.950,-90.00,180.00,0.00,OPEN,0
660381.608,0,0,0,0.950,0.950,0.950,-90.00,180.00,0.00,OPEN,0
660381.619,0,0,0,0.950,0.950,0.950,-90.00,180.00,0.00,OPEN,0
660381.630,0,0,0,0.950,0.950,0.950,-90.00,180.00,0.00,OPEN,0
660381.640,0,0,0,0.950,0.950,0.950,-90.00,180.00,0.00,OPEN,0
660381.651,0,0,0,0.950,0.950,0.950,-90.00,180.00,0.00,OPEN,0
660381.662,0,0,0,0.950,0.950,0.950,-90.00,180.00,0.00,OPEN,0
660381.672,0,0,0,0.950,0.950,0.950,-90.00,180.00,0.00,OPEN,0
660381.683,0,0,0,0.950,0.950,0.950,-90.00,180.00,0.00,OPEN,0
660381.694,0,0,0,0.950,0.950,0.950,-90.00,180.00,0.00,OPEN,0
660381.704,0,0,0,0.950,0.950,0.950,-90.00,180.00,0.00,OPEN,0
660381.714,0,0,0,0.950,0.950,0.950,-90.00,180.00,0.00,OPEN,0
660381.725,0,0,0,0.950,0.950,0.950,-90.00,180.00,0.00,OPEN,0
660381.736,0,0,0,0.950,0.950,0.950,-90.00,180.00,0.00,OPEN,0
660381.746,0,0,0,0.950,0.950,0.950,-90.00,180.00,0.00,OPEN,0
660381.756,0,0,0,0.950,0.950,0.950,-90.00,180.00,0.00,OPEN,0
660381.767,0,0,0,0.950,0.950,0.950,-90.00,180.00,0.00,OPEN,0
660381.778,0,0,0,0.950,0.950,0.950,-90.00,180.00,0.00,OPEN,0
660381.789,0,0,0,0.950,0.950,0.950,-90.00,180.00,0.00,OPEN,0
660381.799,0,0,0,0.950,0.950,0.950,-90.00,180.00,0.00,OPEN,0
660381.810,0,0,0,0.950,0.950,0.950,-90.00,180.00,0.00,OPEN,0
660381.821,0,0,0,0.950,0.950,0.950,-90.00,180.00,0.00,OPEN,0
660381.831,0,0,0,0.950,0.950,0.950,-90.00,180.00,0.00,OPEN,0
660381.842,0,0,0,0.950,0.950,0.950,-90.00,180.00,0.00,OPEN,0
660381.853,0,0,0,0.950,0.950,0.950,-90.00,180.00,0.00,OPEN,0
660381.863,0,0,0,0.950,0.950,0.950,-90.00,180.00,0.00,OPEN,0
660381.874,0,0,0,0.950,0.950,0.950,-90.00,180.00,0.00,OPEN,0
660381.884,0,0,0,0.950,0.950,0.950,-90.00,180.00,0.00,OPEN,0
660381.895,0,0,0,0.950,0.950,0.950,-90.00,180.00,0.00,OPEN,0
660381.905,0,0,0,0.950,0.950,0.950,-90.00,180.00,0.00,OPEN,0
660381.916,0,0,0,0.950,0.950,0.950,-90.00,180.00,0.00,OPEN,0
660381.926,0,0,0,0.950,0.950,0.950,-90.00,180.00,0.00,OPEN,0
660381.937,0,0,0,0.950,0.950,0.950,-90.00,180.00,0.00,OPEN,0
660381.947,0,0,0,0.950,0.950,0.950,-90.00,180.00,0.00,OPEN,0
660381.958,0,0,0,0.950,0.950,0.950,-90.00,180.00,0.00,OPEN,0
660381.969,0,0,0,0.950,0.950,0.950,-90.00,180.00,0.00,OPEN,0
660381.979,0,0,0,0.950,0.950,0.950,-90.00,180.00,0.00,OPEN,0
660381.990,0,0,0,0.950,0.950,0.950,-90.00,180.00,0.00,OPEN,0
660382.001,0,0,0,0.950,0.950,0.950,-90.00,180.00,0.00,OPEN,0
660382.012,0,0,0,0.950,0.950,0.950,-90.00,180.00,0.00,OPEN,0
660382.023,0,0,0,0.950,0.950,0.950,-90.00,180.00,0.00,OPEN,0
660382.033,0,0,0,0.950,0.950,0.950,-90.00,180.00,0.00,OPEN,0
660382.044,0,0,0,0.950,0.950,0.950,-90.00,180.00,0.00,OPEN,0
660382.054,0,0,0,0.950,0.950,0.950,-90.00,180.00,0.00,OPEN,0
660382.065,0,0,0,0.950,0.950,0.950,-90.00,180.00,0.00,OPEN,0
660382.075,0,0,0,0.950,0.950,0.950,-90.00,180.00,0.00,OPEN,0
660382.086,0,0,0,0.950,0.950,0.950,-90.00,180.00,0.00,OPEN,0
660382.097,0,0,0,0.950,0.950,0.950,-90.00,180.00,0.00,OPEN,0
660382.107,0,0,0,0.950,0.950,0.950,-90.00,180.00,0.00,OPEN,0
660382.119,0,0,0,0.950,0.950,0.950,-90.00,180.00,0.00,OPEN,0
660382.130,0,0,0,0.950,0.950,0.950,-90.00,180.00,0.00,OPEN,0
660382.141,0,0,0,0.950,0.950,0.950,-90.00,180.00,0.00,OPEN,0
660382.152,0,0,0,0.950,0.950,0.950,-90.00,180.00,0.00,OPEN,0
660382.162,0,0,0,0.950,0.950,0.950,-90.00,180.00,0.00,OPEN,0
660382.173,0,0,0,0.950,0.950,0.950,-90.00,180.00,0.00,OPEN,0
660382.183,0,0,0,0.950,0.950,0.950,-90.00,180.00,0.00,OPEN,0
660382.193,0,0,0,0.950,0.950,0.950,-90.00,180.00,0.00,OPEN,0
660382.204,0,0,0,0.950,0.950,0.950,-90.00,180.00,0.00,OPEN,0
660382.214,0,0,0,0.950,0.950,0.950,-90.00,180.00,0.00,OPEN,0
660382.225,0,0,0,0.950,0.950,0.950,-90.00,180.00,0.00,OPEN,0
660382.236,0,0,0,0.950,0.950,0.950,-90.00,180.00,0.00,OPEN,0
660382.247,0,0,0,0.950,0.950,0.950,-90.00,180.00,0.00,OPEN,0
660382.258,0,0,0,0.950,0.950,0.950,-90.00,180.00,0.00,OPEN,0
660382.268,0,0,0,0.950,0.950,0.950,-90.00,180.00,0.00,OPEN,0
660382.279,0,0,0,0.950,0.950,0.950,-90.00,180.00,0.00,OPEN,0
660382.290,0,0,0,0.950,0.950,0.950,-90.00,180.00,0.00,OPEN,0
660382.300,0,0,0,0.950,0.950,0.950,-90.00,180.00,0.00,OPEN,0
660382.311,0,0,0,0.950,0.950,0.950,-90.00,180.00,0.00,OPEN,0
660382.321,0,0,0,0.950,0.950,0.950,-90.00,180.00,0.00,OPEN,0
660382.332,0,0,0,0.950,0.950,0.950,-90.00,180.00,0.00,OPEN,0
660382.342,0,0,0,0.950,0.950,0.950,-90.00,180.00,0.00,OPEN,0
660382.353,0,0,0,0.950,0.950,0.950,-90.00,180.00,0.00,OPEN,0
660382.364,0,0,0,0.950,0.950,0.950,-90.00,180.00,0.00,OPEN,0
660382.374,0,0,0,0.950,0.950,0.950,-90.00,180.00,0.00,OPEN,0
660382.385,0,0,0,0.950,0.950,0.950,-90.00,180.00,0.00,OPEN,0
660382.396,0,0,0,0.950,0.950,0.950,-90.00,180.00,0.00,OPEN,0
660382.407,0,0,0,0.950,0.950,0.950,-90.00,180.00,0.00,OPEN,0
660382.417,0,0,0,0.950,0.950,0.950,-90.00,180.00,0.00,OPEN,0
660382.428,0,0,0,0.950,0.950,0.950,-90.00,180.00,0.00,OPEN,0
660382.439,0,0,0,0.950,0.950,0.950,-90.00,180.00,0.00,OPEN,0
660382.449,0,0,0,0.950,0.950,0.950,-90.00,180.00,0.00,OPEN,0
660382.460,0,0,0,0.950,0.950,0.950,-90.00,180.00,0.00,OPEN,0
660382.470,0,0,0,0.950,0.950,0.950,-90.00,180.00,0.00,OPEN,0
660382.481,0,0,0,0.950,0.950,0.950,-90.00,180.00,0.00,OPEN,0
660382.491,0,0,0,0.950,0.950,0.950,-90.00,180.00,0.00,OPEN,0
660382.502,0,0,0,0.950,0.950,0.950,-90.00,180.00,0.00,OPEN,0
660382.513,0,0,0,0.950,0.950,0.950,-90.00,180.00,0.00,OPEN,0
660382.523,0,0,0,0.950,0.950,0.950,-90.00,180.00,0.00,OPEN,0
660382.534,0,0,0,0.950,0.950,0.950,-90.00,180.00,0.00,OPEN,0
660382.544,0,0,0,0.950,0.950,0.950,-90.00,180.00,0.00,OPEN,0
660382.555,0,0,0,0.950,0.950,0.950,-90.00,180.00,0.00,OPEN,0
660382.566,0,0,0,0.950,0.950,0.950,-90.00,180.00,0.00,OPEN,0
660382.576,0,0,0,0.950,0.950,0.950,-90.00,180.00,0.00,OPEN,0
660382.587,0,0,0,0.950,0.950,0.950,-90.00,180.00,0.00,OPEN,0
660382.598,0,0,0,0.950,0.950,0.950,-90.00,180.00,0.00,OPEN,0
660382.608,0,0,0,0.950,0.950,0.950,-90.00,180.00,0.00,OPEN,0
660382.619,0,0,0,0.950,0.950,0.950,-90.00,180.00,0.00,OPEN,0
660382.630,0,0,0,0.950,0.950,0.950,-90.00,180.00,0.00,OPEN,0
660382.642,0,0,0,0.950,0.950,0.950,-90.00,180.00,0.00,OPEN,0
660382.653,0,0,0,0.950,0.950,0.950,-90.00,180.00,0.00,OPEN,0
660382.663,0,0,0,0.950,0.950,0.950,-90.00,180.00,0.00,OPEN,0
660382.674,0,0,0,0.950,0.950,0.950,-90.00,180.00,0.00,OPEN,0
660382.685,0,0,0,0.950,0.950,0.950,-90.00,180.00,0.00,OPEN,0
660382.695,0,0,0,0.950,0.950,0.950,-90.00,180.00,0.00,OPEN,0
660382.705,0,0,0,0.950,0.950,0.950,-90.00,180.00,0.00,OPEN,0
660382.716,0,0,0,0.950,0.950,0.950,-90.00,180.00,0.00,OPEN,0
660382.726,0,0,0,0.950,0.950,0.950,-90.00,180.00,0.00,OPEN,0
660382.737,0,0,0,0.950,0.950,0.950,-90.00,180.00,0.00,OPEN,0
660382.747,0,0,0,0.950,0.950,0.950,-90.00,180.00,0.00,OPEN,0
660382.758,0,0,0,0.950,0.950,0.950,-90.00,180.00,0.00,OPEN,0
660382.769,0,0,0,0.950,0.950,0.950,-90.00,180.00,0.00,OPEN,0
660382.779,0,0,0,0.950,0.950,0.950,-90.00,180.00,0.00,OPEN,0
660382.790,0,0,0,0.950,0.950,0.950,-90.00,180.00,0.00,OPEN,0
660382.800,0,0,0,0.950,0.950,0.950,-90.00,180.00,0.00,OPEN,0
660382.811,0,0,0,0.950,0.950,0.950,-90.00,180.00,0.00,OPEN,0
660382.821,0,0,0,0.950,0.950,0.950,-90.00,180.00,0.00,OPEN,0
660382.832,0,0,0,0.950,0.950,0.950,-90.00,180.00,0.00,OPEN,0
660382.843,0,0,0,0.950,0.950,0.950,-90.00,180.00,0.00,OPEN,0
660382.853,0,0,0,0.950,0.950,0.950,-90.00,180.00,0.00,OPEN,0
660382.864,0,0,0,0.950,0.950,0.950,-90.00,180.00,0.00,OPEN,0
660382.874,0,0,0,0.950,0.950,0.950,-90.00,180.00,0.00,OPEN,0
660382.884,0,0,0,0.950,0.950,0.950,-90.00,180.00,0.00,OPEN,0
660382.895,0,0,0,0.950,0.950,0.950,-90.00,180.00,0.00,OPEN,0
660382.906,0,0,0,0.950,0.950,0.950,-90.00,180.00,0.00,OPEN,0
660382.916,0,0,0,0.950,0.950,0.950,-90.00,180.00,0.00,OPEN,0
660382.927,0,0,0,0.950,0.950,0.950,-90.00,180.00,0.00,OPEN,0
660382.937,0,0,0,0.950,0.950,0.950,-90.00,180.00,0.00,OPEN,0
660382.948,0,0,0,0.950,0.950,0.950,-90.00,180.00,0.00,OPEN,0
660382.958,0,0,0,0.950,0.950,0.950,-90.00,180.00,0.00,OPEN,0
660382.969,0,0,0,0.950,0.950,0.950,-90.00,180.00,0.00,OPEN,0
660382.980,0,0,0,0.950,0.950,0.950,-90.00,180.00,0.00,OPEN,0
660382.990,0,0,0,0.950,0.950,0.950,-90.00,180.00,0.00,OPEN,0
660383.000,0,0,0,0.950,0.950,0.950,-90.00,180.00,0.00,OPEN,0
660383.011,0,0,0,0.950,0.950,0.950,-90.00,180.00,0.00,OPEN,0
660383.021,0,0,0,0.950,0.950,0.950,-90.00,180.00,0.00,OPEN,0
660383.032,0,0,0,0.950,0.950,0.950,-90.00,180.00,0.00,OPEN,0
660383.043,0,0,0,0.950,0.950,0.950,-90.00,180.00,0.00,OPEN,0
660383.053,1,0,0,0.950,0.950,0.950,-90.00,180.00,4.50,OPEN,1
660383.065,1,0,0,0.950,0.950,0.950,-90.00,180.00,4.50,OPEN,0
660383.075,1,0,0,0.950,0.950,0.950,-90.00,180.00,4.50,OPEN,0
660383.086,1,0,0,0.950,0.950,0.950,-90.00,180.00,4.50,OPEN,0
660383.096,1,0,0,0.950,0.950,0.950,-90.00,180.00,4.50,OPEN,0
660383.107,1,0,0,0.950,0.950,0.950,-90.00,180.00,4.50,OPEN,0
660383.117,1,0,0,0.950,0.950,0.950,-90.00,180.00,4.50,OPEN,0
660383.128,1,0,0,0.950,0.950,0.950,-90.00,180.00,4.50,OPEN,0
660383.138,1,0,0,0.950,0.950,0.950,-90.00,180.00,4.50,OPEN,0
660383.149,1,0,0,0.950,0.950,0.950,-90.00,180.00,4.50,OPEN,0
660383.160,1,0,0,0.950,0.950,0.950,-90.00,180.00,9.00,OPEN,1
660383.171,1,0,0,0.950,0.950,0.950,-90.00,180.00,9.00,OPEN,0
660383.182,1,0,0,0.950,0.950,0.950,-90.00,180.00,9.00,OPEN,0
660383.193,1,0,0,0.950,0.950,0.950,-90.00,180.00,9.00,OPEN,0
660383.204,1,0,0,0.950,0.950,0.950,-90.00,180.00,9.00,OPEN,0
660383.214,1,0,0,0.950,0.950,0.950,-90.00,180.00,9.00,OPEN,0
660383.225,1,0,0,0.950,0.950,0.950,-90.00,180.00,9.00,OPEN,0
660383.236,1,0,0,0.950,0.950,0.950,-90.00,180.00,9.00,OPEN,0
660383.246,1,0,0,0.950,0.950,0.950,-90.00,180.00,9.00,OPEN,0
660383.257,1,0,0,0.950,0.950,0.950,-90.00,180.00,9.00,OPEN,0
660383.268,1,0,0,0.950,0.950,0.950,-90.00,180.00,13.50,OPEN,1
660383.280,1,0,0,0.950,0.950,0.950,-90.00,180.00,13.50,OPEN,0
660383.290,1,0,0,0.950,0.950,0.950,-90.00,180.00,13.50,OPEN,0
660383.301,1,0,0,0.950,0.950,0.950,-90.00,180.00,13.50,OPEN,0
660383.311,1,0,0,0.950,0.950,0.950,-90.00,180.00,13.50,OPEN,0
660383.322,1,0,0,0.950,0.950,0.950,-90.00,180.00,13.50,OPEN,0
660383.333,1,0,0,0.950,0.950,0.950,-90.00,180.00,13.50,OPEN,0
660383.343,1,0,0,0.950,0.950,0.950,-90.00,180.00,13.50,OPEN,0
660383.353,1,0,0,0.950,0.950,0.950,-90.00,180.00,13.50,OPEN,0
660383.364,1,0,0,0.950,0.950,0.950,-90.00,180.00,13.50,OPEN,0
660383.375,1,0,0,0.950,0.950,0.950,-90.00,180.00,18.00,OPEN,1
660383.386,1,0,0,0.950,0.950,0.950,-90.00,180.00,18.00,OPEN,0
660383.397,1,0,0,0.950,0.950,0.950,-90.00,180.00,18.00,OPEN,0
660383.408,1,0,0,0.950,0.950,0.950,-90.00,180.00,18.00,OPEN,0
660383.419,1,0,0,0.950,0.950,0.950,-90.00,180.00,18.00,OPEN,0
660383.429,1,0,0,0.950,0.950,0.950,-90.00,180.00,18.00,OPEN,0
660383.440,1,0,0,0.950,0.950,0.950,-90.00,180.00,18.00,OPEN,0
660383.450,1,0,0,0.950,0.950,0.950,-90.00,180.00,18.00,OPEN,0
660383.461,1,0,0,0.950,0.950,0.950,-90.00,180.00,18.00,OPEN,0
660383.471,1,0,0,0.950,0.950,0.950,-90.00,180.00,18.00,OPEN,0
660383.482,1,0,0,0.950,0.950,0.950,-90.00,180.00,22.50,OPEN,1
660383.494,1,0,0,0.950,0.950,0.950,-90.00,180.00,22.50,OPEN,0
660383.504,1,0,0,0.950,0.950,0.950,-90.00,180.00,22.50,OPEN,0
660383.515,1,0,0,0.950,0.950,0.950,-90.00,180.00,22.50,OPEN,0
660383.525,1,0,0,0.950,0.950,0.950,-90.00,180.00,22.50,OPEN,0
660383.536,1,0,0,0.950,0.950,0.950,-90.00,180.00,22.50,OPEN,0
660383.546,1,0,0,0.950,0.950,0.950,-90.00,180.00,22.50,OPEN,0
660383.557,1,0,0,0.950,0.950,0.950,-90.00,180.00,22.50,OPEN,0
660383.568,1,0,0,0.950,0.950,0.950,-90.00,180.00,22.50,OPEN,0
660383.578,1,0,0,0.950,0.950,0.950,-90.00,180.00,22.50,OPEN,0
660383.588,1,0,0,0.950,0.950,0.950,-90.00,180.00,27.00,OPEN,1
660383.600,1,0,0,0.950,0.950,0.950,-90.00,180.00,27.00,OPEN,0
660383.610,1,0,0,0.950,0.950,0.950,-90.00,180.00,27.00,OPEN,0
660383.621,1,0,0,0.950,0.950,0.950,-90.00,180.00,27.00,OPEN,0
660383.631,1,0,0,0.950,0.950,0.950,-90.00,180.00,27.00,OPEN,0
660383.642,1,0,0,0.950,0.950,0.950,-90.00,180.00,27.00,OPEN,0
660383.653,1,0,0,0.950,0.950,0.950,-90.00,180.00,27.00,OPEN,0
660383.663,1,0,0,0.950,0.950,0.950,-90.00,180.00,27.00,OPEN,0
660383.674,1,0,0,0.950,0.950,0.950,-90.00,180.00,27.00,OPEN,0
660383.684,1,0,0,0.950,0.950,0.950,-90.00,180.00,27.00,OPEN,0
660383.694,1,0,0,0.950,0.950,0.950,-90.00,180.00,31.50,OPEN,1
660383.706,1,0,0,0.950,0.950,0.950,-90.00,180.00,31.50,OPEN,0
660383.717,1,0,0,0.950,0.950,0.950,-90.00,180.00,31.50,OPEN,0
660383.727,1,0,0,0.950,0.950,0.950,-90.00,180.00,31.50,OPEN,0
660383.738,1,0,0,0.950,0.950,0.950,-90.00,180.00,31.50,OPEN,0
660383.749,1,0,0,0.950,0.950,0.950,-90.00,180.00,31.50,OPEN,0
660383.759,1,0,0,0.950,0.950,0.950,-90.00,180.00,31.50,OPEN,0
660383.770,1,0,0,0.950,0.950,0.950,-90.00,180.00,31.50,OPEN,0
660383.780,1,0,0,0.950,0.950,0.950,-90.00,180.00,31.50,OPEN,0
660383.790,1,0,0,0.950,0.950,0.950,-90.00,180.00,31.50,OPEN,0
660383.801,1,0,0,0.950,0.950,0.950,-90.00,180.00,36.00,OPEN,1
660383.812,1,0,0,0.950,0.950,0.950,-90.00,180.00,36.00,OPEN,0
660383.823,1,0,0,0.950,0.950,0.950,-90.00,180.00,36.00,OPEN,0
660383.833,1,0,0,0.950,0.950,0.950,-90.00,180.00,36.00,OPEN,0
660383.844,1,0,0,0.950,0.950,0.950,-90.00,180.00,36.00,OPEN,0
660383.854,1,0,0,0.950,0.950,0.950,-90.00,180.00,36.00,OPEN,0
660383.865,1,0,0,0.950,0.950,0.950,-90.00,180.00,36.00,OPEN,0
660383.877,1,0,0,0.950,0.950,0.950,-90.00,180.00,36.00,OPEN,0
660383.889,1,0,0,0.950,0.950,0.950,-90.00,180.00,36.00,OPEN,0
660383.900,1,0,0,0.950,0.950,0.950,-90.00,180.00,36.00,OPEN,0
660383.911,1,0,0,0.950,0.950,0.950,-90.00,180.00,40.50,OPEN,1
660383.925,1,0,0,0.950,0.950,0.950,-90.00,180.00,40.50,OPEN,0
660383.936,1,0,0,0.950,0.950,0.950,-90.00,180.00,40.50,OPEN,0
660383.947,1,0,0,0.950,0.950,0.950,-90.00,180.00,40.50,OPEN,0
660383.957,1,0,0,0.950,0.950,0.950,-90.00,180.00,40.50,OPEN,0
660383.968,1,0,0,0.950,0.950,0.950,-90.00,180.00,40.50,OPEN,0
660383.978,1,0,0,0.950,0.950,0.950,-90.00,180.00,40.50,OPEN,0
660383.989,1,0,0,0.950,0.950,0.950,-90.00,180.00,40.50,OPEN,0
660384.000,1,0,0,0.950,0.950,0.950,-90.00,180.00,40.50,OPEN,0
660384.010,1,0,0,0.950,0.950,0.950,-90.00,180.00,40.50,OPEN,0
660384.021,1,0,0,0.950,0.950,0.950,-90.00,180.00,45.00,OPEN,1
660384.032,1,0,0,0.950,0.950,0.950,-90.00,180.00,45.00,OPEN,0
660384.043,1,0,0,0.950,0.950,0.950,-90.00,180.00,45.00,OPEN,0
660384.053,1,0,0,0.950,0.950,0.950,-90.00,180.00,45.00,OPEN,0
660384.064,1,0,0,0.950,0.950,0.950,-90.00,180.00,45.00,OPEN,0
660384.074,1,0,0,0.950,0.950,0.950,-90.00,180.00,45.00,OPEN,0
660384.085,1,0,0,0.950,0.950,0.950,-90.00,180.00,45.00,OPEN,0
660384.095,1,0,0,0.950,0.950,0.950,-90.00,180.00,45.00,OPEN,0
660384.106,1,0,0,0.950,0.950,0.950,-90.00,180.00,45.00,OPEN,0
660384.116,1,0,0,0.950,0.950,0.950,-90.00,180.00,45.00,OPEN,0
660384.127,1,0,0,0.950,0.950,0.950,-90.00,180.00,49.50,OPEN,1
660384.139,1,0,0,0.950,0.950,0.950,-90.00,180.00,49.50,OPEN,0
660384.150,1,0,0,0.950,0.950,0.950,-90.00,180.00,49.50,OPEN,0
660384.160,1,0,0,0.950,0.950,0.950,-90.00,180.00,49.50,OPEN,0
660384.171,1,0,0,0.950,0.950,0.950,-90.00,180.00,49.50,OPEN,0
660384.182,1,0,0,0.950,0.950,0.950,-90.00,180.00,49.50,OPEN,0
660384.192,1,0,0,0.950,0.950,0.950,-90.00,180.00,49.50,OPEN,0
660384.203,1,0,0,0.950,0.950,0.950,-90.00,180.00,49.50,OPEN,0
660384.213,1,0,0,0.950,0.950,0.950,-90.00,180.00,49.50,OPEN,0
660384.224,1,0,0,0.950,0.950,0.950,-90.00,180.00,49.50,OPEN,0
660384.234,1,0,0,0.950,0.950,0.950,-90.00,180.00,54.00,OPEN,1
660384.246,1,0,0,0.950,0.950,0.950,-90.00,180.00,54.00,OPEN,0
660384.256,1,0,0,0.950,0.950,0.950,-90.00,180.00,54.00,OPEN,0
660384.267,1,0,0,0.950,0.950,0.950,-90.00,180.00,54.00,OPEN,0
660384.277,1,0,0,0.950,0.950,0.950,-90.00,180.00,54.00,OPEN,0
660384.288,1,0,0,0.950,0.950,0.950,-90.00,180.00,54.00,OPEN,0
660384.298,1,0,0,0.950,0.950,0.950,-90.00,180.00,54.00,OPEN,0
660384.309,1,0,0,0.950,0.950,0.950,-90.00,180.00,54.00,OPEN,0
660384.319,1,0,0,0.950,0.950,0.950,-90.00,180.00,54.00,OPEN,0
660384.330,1,0,0,0.950,0.950,0.950,-90.00,180.00,54.00,OPEN,0
660384.340,1,0,0,0.950,0.950,0.950,-90.00,180.00,58.50,OPEN,1
660384.352,1,0,0,0.950,0.950,0.950,-90.00,180.00,58.50,OPEN,0
660384.363,1,0,0,0.950,0.950,0.950,-90.00,180.00,58.50,OPEN,0
660384.373,1,0,0,0.950,0.950,0.950,-90.00,180.00,58.50,OPEN,0
660384.384,1,0,0,0.950,0.950,0.950,-90.00,180.00,58.50,OPEN,0
660384.394,1,0,0,0.950,0.950,0.950,-90.00,180.00,58.50,OPEN,0
660384.405,1,0,0,0.950,0.950,0.950,-90.00,180.00,58.50,OPEN,0
660384.415,1,0,0,0.950,0.950,0.950,-90.00,180.00,58.50,OPEN,0
660384.426,1,0,0,0.950,0.950,0.950,-90.00,180.00,58.50,OPEN,0
660384.436,1,0,0,0.950,0.950,0.950,-90.00,180.00,58.50,OPEN,0
660384.447,1,0,0,0.950,0.950,0.950,-90.00,180.00,63.00,OPEN,1
660384.459,1,0,0,0.950,0.950,0.950,-90.00,180.00,63.00,OPEN,0
660384.469,1,0,0,0.950,0.950,0.950,-90.00,180.00,63.00,OPEN,0
660384.480,1,0,0,0.950,0.950,0.950,-90.00,180.00,63.00,OPEN,0
660384.490,1,0,0,0.950,0.950,0.950,-90.00,180.00,63.00,OPEN,0
660384.501,1,0,0,0.950,0.950,0.950,-90.00,180.00,63.00,OPEN,0
660384.512,1,0,0,0.950,0.950,0.950,-90.00,180.00,63.00,OPEN,0
660384.522,1,0,0,0.950,0.950,0.950,-90.00,180.00,63.00,OPEN,0
660384.533,1,0,0,0.950,0.950,0.950,-90.00,180.00,63.00,OPEN,0
660384.543,1,0,0,0.950,0.950,0.950,-90.00,180.00,63.00,OPEN,0
660384.554,1,0,0,0.950,0.950,0.950,-90.00,180.00,67.50,OPEN,1
660384.565,1,0,0,0.950,0.950,0.950,-90.00,180.00,67.50,OPEN,0
660384.576,1,0,0,0.950,0.950,0.950,-90.00,180.00,67.50,OPEN,0
660384.586,1,0,0,0.950,0.950,0.950,-90.00,180.00,67.50,OPEN,0
660384.597,1,0,0,0.950,0.950,0.950,-90.00,180.00,67.50,OPEN,0
660384.608,1,0,0,0.950,0.950,0.950,-90.00,180.00,67.50,OPEN,0
660384.619,1,0,0,0.950,0.950,0.950,-90.00,180.00,67.50,OPEN,0
660384.629,1,0,0,0.950,0.950,0.950,-90.00,180.00,67.50,OPEN,0
660384.640,1,0,0,0.950,0.950,0.950,-90.00,180.00,67.50,OPEN,0
660384.650,1,0,0,0.950,0.950,0.950,-90.00,180.00,67.50,OPEN,0
660384.661,1,0,0,0.950,0.950,0.950,-90.00,180.00,72.00,OPEN,1
660384.673,1,0,0,0.950,0.950,0.950,-90.00,180.00,72.00,OPEN,0
660384.683,1,0,0,0.950,0.950,0.950,-90.00,180.00,72.00,OPEN,0
660384.694,1,0,0,0.950,0.950,0.950,-90.00,180.00,72.00,OPEN,0
660384.704,1,0,0,0.950,0.950,0.950,-90.00,180.00,72.00,OPEN,0
660384.715,1,0,0,0.950,0.950,0.950,-90.00,180.00,72.00,OPEN,0
660384.725,1,0,0,0.950,0.950,0.950,-90.00,180.00,72.00,OPEN,0
660384.736,1,0,0,0.950,0.950,0.950,-90.00,180.00,72.00,OPEN,0
660384.746,1,0,0,0.950,0.950,0.950,-90.00,180.00,72.00,OPEN,0
660384.757,1,0,0,0.950,0.950,0.950,-90.00,180.00,72.00,OPEN,0
660384.767,1,0,0,0.950,0.950,0.950,-90.00,180.00,76.50,OPEN,1
660384.779,1,0,0,0.950,0.950,0.950,-90.00,180.00,76.50,OPEN,0
660384.789,1,0,0,0.950,0.950,0.950,-90.00,180.00,76.50,OPEN,0
660384.800,1,0,0,0.950,0.950,0.950,-90.00,180.00,76.50,OPEN,0
660384.810,1,0,0,0.950,0.950,0.950,-90.00,180.00,76.50,OPEN,0
660384.821,1,0,0,0.950,0.950,0.950,-90.00,180.00,76.50,OPEN,0
660384.831,1,0,0,0.950,0.950,0.950,-90.00,180.00,76.50,OPEN,0
660384.842,1,0,0,0.950,0.950,0.950,-90.00,180.00,76.50,OPEN,0
660384.852,1,0,0,0.950,0.950,0.950,-90.00,180.00,76.50,OPEN,0
660384.863,1,0,0,0.950,0.950,0.950,-90.00,180.00,76.50,OPEN,0
660384.873,1,0,0,0.950,0.950,0.950,-90.00,180.00,81.00,OPEN,1
660384.885,1,0,0,0.950,0.950,0.950,-90.00,180.00,81.00,OPEN,0
660384.895,1,0,0,0.950,0.950,0.950,-90.00,180.00,81.00,OPEN,0
660384.906,1,0,0,0.950,0.950,0.950,-90.00,180.00,81.00,OPEN,0
660384.916,1,0,0,0.950,0.950,0.950,-90.00,180.00,81.00,OPEN,0
660384.926,1,0,0,0.950,0.950,0.950,-90.00,180.00,81.00,OPEN,0
660384.937,1,0,0,0.950,0.950,0.950,-90.00,180.00,81.00,OPEN,0
660384.947,1,0,0,0.950,0.950,0.950,-90.00,180.00,81.00,OPEN,0
660384.958,1,0,0,0.950,0.950,0.950,-90.00,180.00,81.00,OPEN,0
660384.969,1,0,0,0.950,0.950,0.950,-90.00,180.00,81.00,OPEN,0
660384.979,1,0,0,0.950,0.950,0.950,-90.00,180.00,85.50,OPEN,1
660384.991,1,0,0,0.950,0.950,0.950,-90.00,180.00,85.50,OPEN,0
660385.002,1,0,0,0.950,0.950,0.950,-90.00,180.00,85.50,OPEN,0
660385.013,1,0,0,0.950,0.950,0.950,-90.00,180.00,85.50,OPEN,0
660385.023,1,0,0,0.950,0.950,0.950,-90.00,180.00,85.50,OPEN,0
660385.034,1,0,0,0.950,0.950,0.950,-90.00,180.00,85.50,OPEN,0
660385.044,1,0,0,0.950,0.950,0.950,-90.00,180.00,85.50,OPEN,0
660385.055,2,0,0,0.950,0.950,0.950,-90.00,180.00,85.50,OPEN,0
660385.065,2,0,0,0.950,0.950,0.950,-90.00,180.00,85.50,OPEN,0
660385.076,2,0,0,0.950,0.950,0.950,-90.00,180.00,85.50,OPEN,0
660385.086,2,0,0,0.950,0.950,0.950,-90.00,180.00,81.00,OPEN,1
660385.098,2,0,0,0.950,0.950,0.950,-90.00,180.00,81.00,OPEN,0
660385.108,2,0,0,0.950,0.950,0.950,-90.00,180.00,81.00,OPEN,0
660385.119,2,0,0,0.950,0.950,0.950,-90.00,180.00,81.00,OPEN,0
660385.129,2,0,0,0.950,0.950,0.950,-90.00,180.00,81.00,OPEN,0
660385.140,2,0,0,0.950,0.950,0.950,-90.00,180.00,81.00,OPEN,0
660385.150,2,0,0,0.950,0.950,0.950,-90.00,180.00,81.00,OPEN,0
660385.161,2,0,0,0.950,0.950,0.950,-90.00,180.00,81.00,OPEN,0
660385.171,2,0,0,0.950,0.950,0.950,-90.00,180.00,81.00,OPEN,0
660385.182,2,0,0,0.950,0.950,0.950,-90.00,180.00,81.00,OPEN,0
660385.192,2,0,0,0.950,0.950,0.950,-90.00,180.00,76.50,OPEN,1
660385.204,2,0,0,0.950,0.950,0.950,-90.00,180.00,76.50,OPEN,0
660385.215,2,0,0,0.950,0.950,0.950,-90.00,180.00,76.50,OPEN,0
660385.225,2,0,0,0.950,0.950,0.950,-90.00,180.00,76.50,OPEN,0
660385.236,2,0,0,0.950,0.950,0.950,-90.00,180.00,76.50,OPEN,0
660385.246,2,0,0,0.950,0.950,0.950,-90.00,180.00,76.50,OPEN,0
660385.257,2,0,0,0.950,0.950,0.950,-90.00,180.00,76.50,OPEN,0
660385.267,2,0,0,0.950,0.950,0.950,-90.00,180.00,76.50,OPEN,0
660385.278,2,0,0,0.950,0.950,0.950,-90.00,180.00,76.50,OPEN,0
660385.288,2,0,0,0.950,0.950,0.950,-90.00,180.00,76.50,OPEN,0
660385.299,2,0,0,0.950,0.950,0.950,-90.00,180.00,72.00,OPEN,1
660385.310,2,0,0,0.950,0.950,0.950,-90.00,180.00,72.00,OPEN,0
660385.321,2,0,0,0.950,0.950,0.950,-90.00,180.00,72.00,OPEN,0
660385.331,2,0,0,0.950,0.950,0.950,-90.00,180.00,72.00,OPEN,0
660385.342,2,0,0,0.950,0.950,0.950,-90.00,180.00,72.00,OPEN,0
660385.353,2,0,0,0.950,0.950,0.950,-90.00,180.00,72.00,OPEN,0
660385.363,2,0,0,0.950,0.950,0.950,-90.00,180.00,72.00,OPEN,0
660385.374,2,0,0,0.950,0.950,0.950,-90.00,180.00,72.00,OPEN,0
660385.384,2,0,0,0.950,0.950,0.950,-90.00,180.00,72.00,OPEN,0
660385.395,2,0,0,0.950,0.950,0.950,-90.00,180.00,72.00,OPEN,0
660385.406,2,0,0,0.950,0.950,0.950,-90.00,180.00,67.50,OPEN,1
660385.418,2,0,0,0.950,0.950,0.950,-90.00,180.00,67.50,OPEN,0
660385.429,2,0,0,0.950,0.950,0.950,-90.00,180.00,67.50,OPEN,0
660385.439,2,0,0,0.950,0.950,0.950,-90.00,180.00,67.50,OPEN,0
660385.449,2,0,0,0.950,0.950,0.950,-90.00,180.00,67.50,OPEN,0
660385.460,2,0,0,0.950,0.950,0.950,-90.00,180.00,67.50,OPEN,0
660385.471,2,0,0,0.950,0.950,0.950,-90.00,180.00,67.50,OPEN,0
660385.481,2,0,0,0.950,0.950,0.950,-90.00,180.00,67.50,OPEN,0
660385.492,2,0,0,0.950,0.950,0.950,-90.00,180.00,67.50,OPEN,0
660385.503,2,0,0,0.950,0.950,0.950,-90.00,180.00,67.50,OPEN,0
660385.513,2,0,0,0.950,0.950,0.950,-90.00,180.00,63.00,OPEN,1
660385.525,2,0,0,0.950,0.950,0.950,-90.00,180.00,63.00,OPEN,0
660385.536,2,0,0,0.950,0.950,0.950,-90.00,180.00,63.00,OPEN,0
660385.547,2,0,0,0.950,0.950,0.950,-90.00,180.00,63.00,OPEN,0
660385.557,2,0,0,0.950,0.950,0.950,-90.00,180.00,63.00,OPEN,0
660385.568,2,0,0,0.950,0.950,0.950,-90.00,180.00,63.00,OPEN,0
660385.579,2,0,0,0.950,0.950,0.950,-90.00,180.00,63.00,OPEN,0
660385.589,2,0,0,0.950,0.950,0.950,-90.00,180.00,63.00,OPEN,0
660385.600,2,0,0,0.950,0.950,0.950,-90.00,180.00,63.00,OPEN,0
660385.611,2,0,0,0.950,0.950,0.950,-90.00,180.00,63.00,OPEN,0
660385.621,2,0,0,0.950,0.950,0.950,-90.00,180.00,58.50,OPEN,1
660385.633,2,0,0,0.950,0.950,0.950,-90.00,180.00,58.50,OPEN,0
660385.643,2,0,0,0.950,0.950,0.950,-90.00,180.00,58.50,OPEN,0
660385.654,2,0,0,0.950,0.950,0.950,-90.00,180.00,58.50,OPEN,0
660385.664,2,0,0,0.950,0.950,0.950,-90.00,180.00,58.50,OPEN,0
660385.675,2,0,0,0.950,0.950,0.950,-90.00,180.00,58.50,OPEN,0
660385.686,2,0,0,0.950,0.950,0.950,-90.00,180.00,58.50,OPEN,0
660385.696,2,0,0,0.950,0.950,0.950,-90.00,180.00,58.50,OPEN,0
660385.707,2,0,0,0.950,0.950,0.950,-90.00,180.00,58.50,OPEN,0
660385.717,2,0,0,0.950,0.950,0.950,-90.00,180.00,58.50,OPEN,0
660385.727,2,0,0,0.950,0.950,0.950,-90.00,180.00,54.00,OPEN,1
660385.739,2,0,0,0.950,0.950,0.950,-90.00,180.00,54.00,OPEN,0
660385.749,2,0,0,0.950,0.950,0.950,-90.00,180.00,54.00,OPEN,0
660385.760,2,0,0,0.950,0.950,0.950,-90.00,180.00,54.00,OPEN,0
660385.772,2,0,0,0.950,0.950,0.950,-90.00,180.00,54.00,OPEN,0
660385.783,2,0,0,0.950,0.950,0.950,-90.00,180.00,54.00,OPEN,0
660385.794,2,0,0,0.950,0.950,0.950,-90.00,180.00,54.00,OPEN,0
660385.805,2,0,0,0.950,0.950,0.950,-90.00,180.00,54.00,OPEN,0
660385.816,2,0,0,0.950,0.950,0.950,-90.00,180.00,54.00,OPEN,0
660385.827,2,0,0,0.950,0.950,0.950,-90.00,180.00,54.00,OPEN,0
660385.837,2,0,0,0.950,0.950,0.950,-90.00,180.00,49.50,OPEN,1
660385.849,2,0,0,0.950,0.950,0.950,-90.00,180.00,49.50,OPEN,0
660385.860,2,0,0,0.950,0.950,0.950,-90.00,180.00,49.50,OPEN,0
660385.870,2,0,0,0.950,0.950,0.950,-90.00,180.00,49.50,OPEN,0
660385.881,2,0,0,0.950,0.950,0.950,-90.00,180.00,49.50,OPEN,0
660385.891,2,0,0,0.950,0.950,0.950,-90.00,180.00,49.50,OPEN,0
660385.902,2,0,0,0.950,0.950,0.950,-90.00,180.00,49.50,OPEN,0
660385.912,2,0,0,0.950,0.950,0.950,-90.00,180.00,49.50,OPEN,0
660385.923,2,0,0,0.950,0.950,0.950,-90.00,180.00,49.50,OPEN,0
660385.934,2,0,0,0.950,0.950,0.950,-90.00,180.00,49.50,OPEN,0
660385.944,2,0,0,0.950,0.950,0.950,-90.00,180.00,45.00,OPEN,1
660385.956,2,0,0,0.950,0.950,0.950,-90.00,180.00,45.00,OPEN,0
660385.966,2,0,0,0.950,0.950,0.950,-90.00,180.00,45.00,OPEN,0
660385.977,2,0,0,0.950,0.950,0.950,-90.00,180.00,45.00,OPEN,0
660385.987,2,0,0,0.950,0.950,0.950,-90.00,180.00,45.00,OPEN,0
660385.998,2,0,0,0.950,0.950,0.950,-90.00,180.00,45.00,OPEN,0
660386.009,2,0,0,0.950,0.950,0.950,-90.00,180.00,45.00,OPEN,0
660386.020,2,0,0,0.950,0.950,0.950,-90.00,180.00,45.00,OPEN,0
660386.030,2,0,0,0.950,0.950,0.950,-90.00,180.00,45.00,OPEN,0
660386.041,2,0,0,0.950,0.950,0.950,-90.00,180.00,45.00,OPEN,0
660386.052,2,0,0,0.950,0.950,0.950,-90.00,180.00,40.50,OPEN,1
660386.064,2,0,0,0.950,0.950,0.950,-90.00,180.00,40.50,OPEN,0
660386.074,2,0,0,0.950,0.950,0.950,-90.00,180.00,40.50,OPEN,0
660386.086,2,0,0,0.950,0.950,0.950,-90.00,180.00,40.50,OPEN,0
660386.096,2,0,0,0.950,0.950,0.950,-90.00,180.00,40.50,OPEN,0
660386.107,2,0,0,0.950,0.950,0.950,-90.00,180.00,40.50,OPEN,0
660386.118,2,0,0,0.950,0.950,0.950,-90.00,180.00,40.50,OPEN,0
660386.128,2,0,0,0.950,0.950,0.950,-90.00,180.00,40.50,OPEN,0
660386.139,2,0,0,0.950,0.950,0.950,-90.00,180.00,40.50,OPEN,0
660386.149,2,0,0,0.950,0.950,0.950,-90.00,180.00,40.50,OPEN,0
660386.159,2,0,0,0.950,0.950,0.950,-90.00,180.00,36.00,OPEN,1
660386.171,2,0,0,0.950,0.950,0.950,-90.00,180.00,36.00,OPEN,0
660386.182,2,0,0,0.950,0.950,0.950,-90.00,180.00,36.00,OPEN,0
660386.192,2,0,0,0.950,0.950,0.950,-90.00,180.00,36.00,OPEN,0
660386.203,2,0,0,0.950,0.950,0.950,-90.00,180.00,36.00,OPEN,0
660386.213,2,0,0,0.950,0.950,0.950,-90.00,180.00,36.00,OPEN,0
660386.224,2,0,0,0.950,0.950,0.950,-90.00,180.00,36.00,OPEN,0
660386.234,2,0,0,0.950,0.950,0.950,-90.00,180.00,36.00,OPEN,0
660386.245,2,0,0,0.950,0.950,0.950,-90.00,180.00,36.00,OPEN,0
660386.256,2,0,0,0.950,0.950,0.950,-90.00,180.00,36.00,OPEN,0
660386.266,2,0,0,0.950,0.950,0.950,-90.00,180.00,31.50,OPEN,1
660386.278,2,0,0,0.950,0.950,0.950,-90.00,180.00,31.50,OPEN,0
660386.289,2,0,0,0.950,0.950,0.950,-90.00,180.00,31.50,OPEN,0
660386.300,2,0,0,0.950,0.950,0.950,-90.00,180.00,31.50,OPEN,0
660386.310,2,0,0,0.950,0.950,0.950,-90.00,180.00,31.50,OPEN,0
660386.320,2,0,0,0.950,0.950,0.950,-90.00,180.00,31.50,OPEN,0
660386.331,2,0,0,0.950,0.950,0.950,-90.00,180.00,31.50,OPEN,0
660386.341,2,0,0,0.950,0.950,0.950,-90.00,180.00,31.50,OPEN,0
660386.352,2,0,0,0.950,0.950,0.950,-90.00,180.00,31.50,OPEN,0
660386.362,2,0,0,0.950,0.950,0.950,-90.00,180.00,31.50,OPEN,0
660386.373,2,0,0,0.950,0.950,0.950,-90.00,180.00,27.00,OPEN,1
660386.386,2,0,0,0.950,0.950,0.950,-90.00,180.00,27.00,OPEN,0
660386.396,2,0,0,0.950,0.950,0.950,-90.00,180.00,27.00,OPEN,0
660386.407,2,0,0,0.950,0.950,0.950,-90.00,180.00,27.00,OPEN,0
660386.417,2,0,0,0.950,0.950,0.950,-90.00,180.00,27.00,OPEN,0
660386.428,2,0,0,0.950,0.950,0.950,-90.00,180.00,27.00,OPEN,0
660386.439,2,0,0,0.950,0.950,0.950,-90.00,180.00,27.00,OPEN,0
660386.449,2,0,0,0.950,0.950,0.950,-90.00,180.00,27.00,OPEN,0
660386.460,2,0,0,0.950,0.950,0.950,-90.00,180.00,27.00,OPEN,0
660386.471,2,0,0,0.950,0.950,0.950,-90.00,180.00,27.00,OPEN,0
660386.481,2,0,0,0.950,0.950,0.950,-90.00,180.00,22.50,OPEN,1
660386.493,2,0,0,0.950,0.950,0.950,-90.00,180.00,22.50,OPEN,0
660386.503,2,0,0,0.950,0.950,0.950,-90.00,180.00,22.50,OPEN,0
660386.514,2,0,0,0.950,0.950,0.950,-90.00,180.00,22.50,OPEN,0
660386.525,2,0,0,0.950,0.950,0.950,-90.00,180.00,22.50,OPEN,0
660386.536,2,0,0,0.950,0.950,0.950,-90.00,180.00,22.50,OPEN,0
660386.546,2,0,0,0.950,0.950,0.950,-90.00,180.00,22.50,OPEN,0
660386.556,2,0,0,0.950,0.950,0.950,-90.00,180.00,22.50,OPEN,0
660386.567,2,0,0,0.950,0.950,0.950,-90.00,180.00,22.50,OPEN,0
660386.577,2,0,0,0.950,0.950,0.950,-90.00,180.00,22.50,OPEN,0
660386.588,2,0,0,0.950,0.950,0.950,-90.00,180.00,18.00,OPEN,1
660386.600,2,0,0,0.950,0.950,0.950,-90.00,180.00,18.00,OPEN,0
660386.611,2,0,0,0.950,0.950,0.950,-90.00,180.00,18.00,OPEN,0
660386.622,2,0,0,0.950,0.950,0.950,-90.00,180.00,18.00,OPEN,0
660386.632,2,0,0,0.950,0.950,0.950,-90.00,180.00,18.00,OPEN,0
660386.643,2,0,0,0.950,0.950,0.950,-90.00,180.00,18.00,OPEN,0
660386.653,2,0,0,0.950,0.950,0.950,-90.00,180.00,18.00,OPEN,0
660386.664,2,0,0,0.950,0.950,0.950,-90.00,180.00,18.00,OPEN,0
660386.674,2,0,0,0.950,0.950,0.950,-90.00,180.00,18.00,OPEN,0
660386.685,2,0,0,0.950,0.950,0.950,-90.00,180.00,18.00,OPEN,0
660386.695,2,0,0,0.950,0.950,0.950,-90.00,180.00,13.50,OPEN,1
660386.707,2,0,0,0.950,0.950,0.950,-90.00,180.00,13.50,OPEN,0
660386.718,2,0,0,0.950,0.950,0.950,-90.00,180.00,13.50,OPEN,0
660386.728,2,0,0,0.950,0.950,0.950,-90.00,180.00,13.50,OPEN,0
660386.739,2,0,0,0.950,0.950,0.950,-90.00,180.00,13.50,OPEN,0
660386.749,2,0,0,0.950,0.950,0.950,-90.00,180.00,13.50,OPEN,0
660386.760,2,0,0,0.950,0.950,0.950,-90.00,180.00,13.50,OPEN,0
660386.771,2,0,0,0.950,0.950,0.950,-90.00,180.00,13.50,OPEN,0
660386.781,2,0,0,0.950,0.950,0.950,-90.00,180.00,13.50,OPEN,0
660386.792,2,0,0,0.950,0.950,0.950,-90.00,180.00,13.50,OPEN,0
660386.803,2,0,0,0.950,0.950,0.950,-90.00,180.00,9.00,OPEN,1
660386.814,2,0,0,0.950,0.950,0.950,-90.00,180.00,9.00,OPEN,0
660386.825,2,0,0,0.950,0.950,0.950,-90.00,180.00,9.00,OPEN,0
660386.836,2,0,0,0.950,0.950,0.950,-90.00,180.00,9.00,OPEN,0
660386.846,2,0,0,0.950,0.950,0.950,-90.00,180.00,9.00,OPEN,0
660386.856,2,0,0,0.950,0.950,0.950,-90.00,180.00,9.00,OPEN,0
660386.867,2,0,0,0.950,0.950,0.950,-90.00,180.00,9.00,OPEN,0
660386.877,2,0,0,0.950,0.950,0.950,-90.00,180.00,9.00,OPEN,0
660386.887,2,0,0,0.950,0.950,0.950,-90.00,180.00,9.00,OPEN,0
660386.898,2,0,0,0.950,0.950,0.950,-90.00,180.00,9.00,OPEN,0
660386.909,2,0,0,0.950,0.950,0.950,-90.00,180.00,4.50,OPEN,1
660386.920,2,0,0,0.950,0.950,0.950,-90.00,180.00,4.50,OPEN,0
660386.931,2,0,0,0.950,0.950,0.950,-90.00,180.00,4.50,OPEN,0
660386.941,2,0,0,0.950,0.950,0.950,-90.00,180.00,4.50,OPEN,0
660386.952,2,0,0,0.950,0.950,0.950,-90.00,180.00,4.50,OPEN,0
660386.963,2,0,0,0.950,0.950,0.950,-90.00,180.00,4.50,OPEN,0
660386.973,2,0,0,0.950,0.950,0.950,-90.00,180.00,4.50,OPEN,0
660386.984,2,0,0,0.950,0.950,0.950,-90.00,180.00,4.50,OPEN,0
660386.995,2,0,0,0.950,0.950,0.950,-90.00,180.00,4.50,OPEN,0
660387.005,2,0,0,0.950,0.950,0.950,-90.00,180.00,4.50,OPEN,0
660387.016,2,0,0,0.950,0.950,0.950,-90.00,180.00,0.00,OPEN,1
660387.028,2,0,0,0.950,0.950,0.950,-90.00,180.00,0.00,OPEN,0
660387.038,2,0,0,0.950,0.950,0.950,-90.00,180.00,0.00,OPEN,0
660387.048,3,0,0,0.950,0.950,0.950,-90.00,180.00,0.00,CLOSED,0
660387.062,3,0,0,0.950,0.950,0.950,-90.00,180.00,0.00,CLOSED,0
660387.072,3,0,0,0.950,0.950,0.950,-90.00,180.00,0.00,CLOSED,0
660387.083,3,0,0,0.950,0.950,0.950,-90.00,180.00,0.00,CLOSED,0
660387.094,3,0,0,0.950,0.950,0.950,-90.00,180.00,0.00,CLOSED,0
660387.105,3,0,0,0.950,0.950,0.950,-90.00,180.00,0.00,CLOSED,0
660387.116,3,0,0,0.950,0.950,0.950,-90.00,180.00,0.00,CLOSED,0
660387.126,3,0,0,0.950,0.950,0.950,-90.00,180.00,0.00,CLOSED,0
660387.136,3,0,0,0.950,0.950,0.950,-90.00,180.00,0.00,CLOSED,0
660387.147,3,0,0,0.950,0.950,0.950,-90.00,180.00,0.00,CLOSED,0
660387.158,3,0,0,0.950,0.950,0.950,-90.00,180.00,0.00,CLOSED,0
660387.168,3,0,0,0.950,0.950,0.950,-90.00,180.00,0.00,CLOSED,0
660387.179,3,0,0,0.950,0.950,0.950,-90.00,180.00,0.00,CLOSED,0
660387.189,3,0,0,0.950,0.950,0.950,-90.00,180.00,0.00,CLOSED,0
660387.200,3,0,0,0.950,0.950,0.950,-90.00,180.00,0.00,CLOSED,0
660387.210,3,0,0,0.950,0.950,0.950,-90.00,180.00,0.00,CLOSED,0
660387.221,3,0,0,0.950,0.950,0.950,-90.00,180.00,0.00,CLOSED,0
660387.231,3,0,0,0.950,0.950,0.950,-90.00,180.00,0.00,CLOSED,0
660387.242,3,0,0,0.950,0.950,0.950,-90.00,180.00,0.00,CLOSED,0
660387.253,3,0,0,0.950,0.950,0.950,-90.00,180.00,0.00,CLOSED,0
660387.263,3,0,0,0.950,0.950,0.950,-90.00,180.00,0.00,CLOSED,0
660387.273,3,0,0,0.950,0.950,0.950,-90.00,180.00,0.00,CLOSED,0
660387.284,3,0,0,0.950,0.950,0.950,-90.00,180.00,0.00,CLOSED,0
660387.295,3,0,0,0.950,0.950,0.950,-90.00,180.00,0.00,CLOSED,0
660387.305,3,0,0,0.950,0.950,0.950,-90.00,180.00,0.00,CLOSED,0
660387.316,3,0,0,0.950,0.950,0.950,-90.00,180.00,0.00,CLOSED,0
660387.326,3,0,0,0.950,0.950,0.950,-90.00,180.00,0.00,CLOSED,0
660387.337,3,0,0,0.950,0.950,0.950,-90.00,180.00,0.00,CLOSED,0
660387.347,3,0,0,0.950,0.950,0.950,-90.00,180.00,0.00,CLOSED,0
660387.357,3,0,0,0.950,0.950,0.950,-90.00,180.00,0.00,CLOSED,0
660387.368,3,0,0,0.950,0.950,0.950,-90.00,180.00,0.00,CLOSED,0
660387.379,3,0,0,0.950,0.950,0.950,-90.00,180.00,0.00,CLOSED,0
660387.390,3,0,0,0.950,0.950,0.950,-90.00,180.00,0.00,CLOSED,0
660387.400,3,0,0,0.950,0.950,0.950,-90.00,180.00,0.00,CLOSED,0
660387.411,3,0,0,0.950,0.950,0.950,-90.00,180.00,0.00,CLOSED,0
660387.421,3,0,0,0.950,0.950,0.950,-90.00,180.00,0.00,CLOSED,0
660387.432,3,0,0,0.950,0.950,0.950,-90.00,180.00,0.00,CLOSED,0
660387.443,3,0,0,0.950,0.950,0.950,-90.00,180.00,0.00,CLOSED,0
660387.453,3,0,0,0.950,0.950,0.950,-90.00,180.00,0.00,CLOSED,0
660387.464,3,0,0,0.950,0.950,0.950,-90.00,180.00,0.00,CLOSED,0
660387.474,3,0,0,0.950,0.950,0.950,-90.00,180.00,0.00,CLOSED,0
660387.484,3,0,0,0.950,0.950,0.950,-90.00,180.00,0.00,CLOSED,0
660387.495,3,0,0,0.950,0.950,0.950,-90.00,180.00,0.00,CLOSED,0
660387.505,3,0,0,0.950,0.950,0.950,-90.00,180.00,0.00,CLOSED,0
660387.516,3,0,0,0.950,0.950,0.950,-90.00,180.00,0.00,CLOSED,0
660387.527,3,0,0,0.950,0.950,0.950,-90.00,180.00,0.00,CLOSED,0
660387.537,3,0,0,0.950,0.950,0.950,-90.00,180.00,0.00,CLOSED,0
660387.548,3,0,0,0.950,0.950,0.950,-90.00,180.00,0.00,CLOSED,0
660387.558,3,0,0,0.950,0.950,0.950,-90.00,180.00,0.00,CLOSED,0
660387.569,3,0,0,0.950,0.950,0.950,-90.00,180.00,0.00,CLOSED,0
660387.580,3,0,0,0.950,0.950,0.950,-90.00,180.00,0.00,CLOSED,0
660387.591,3,0,0,0.950,0.950,0.950,-90.00,180.00,0.00,CLOSED,0
660387.602,3,0,0,0.950,0.950,0.950,-90.00,180.00,0.00,CLOSED,0
660387.612,3,0,0,0.950,0.950,0.950,-90.00,180.00,0.00,CLOSED,0
660387.623,3,0,0,0.950,0.950,0.950,-90.00,180.00,0.00,CLOSED,0
660387.633,3,0,0,0.950,0.950,0.950,-90.00,180.00,0.00,CLOSED,0
660387.644,3,0,0,0.950,0.950,0.950,-90.00,180.00,0.00,CLOSED,0
660387.655,3,0,0,0.950,0.950,0.950,-90.00,180.00,0.00,CLOSED,0
660387.665,3,0,0,0.950,0.950,0.950,-90.00,180.00,0.00,CLOSED,0
660387.676,3,0,0,0.950,0.950,0.950,-90.00,180.00,0.00,CLOSED,0
660387.687,3,0,0,0.950,0.950,0.950,-90.00,180.00,0.00,CLOSED,0
660387.697,3,0,0,0.950,0.950,0.950,-90.00,180.00,0.00,CLOSED,0
660387.707,3,0,0,0.950,0.950,0.950,-90.00,180.00,0.00,CLOSED,0
660387.718,3,0,0,0.950,0.950,0.950,-90.00,180.00,0.00,CLOSED,0
660387.728,3,0,0,0.950,0.950,0.950,-90.00,180.00,0.00,CLOSED,0
660387.739,3,0,0,0.950,0.950,0.950,-90.00,180.00,0.00,CLOSED,0
660387.750,3,0,0,0.950,0.950,0.950,-90.00,180.00,0.00,CLOSED,0
660387.760,3,0,0,0.950,0.950,0.950,-90.00,180.00,0.00,CLOSED,0
660387.771,3,0,0,0.950,0.950,0.950,-90.00,180.00,0.00,CLOSED,0
660387.781,3,0,0,0.950,0.950,0.950,-90.00,180.00,0.00,CLOSED,0
660387.792,3,0,0,0.950,0.950,0.950,-90.00,180.00,0.00,CLOSED,0
660387.802,3,0,0,0.950,0.950,0.950,-90.00,180.00,0.00,CLOSED,0
660387.813,3,0,0,0.950,0.950,0.950,-90.00,180.00,0.00,CLOSED,0
660387.823,3,0,0,0.950,0.950,0.950,-90.00,180.00,0.00,CLOSED,0
660387.834,3,0,0,0.950,0.950,0.950,-90.00,180.00,0.00,CLOSED,0
660387.844,3,0,0,0.950,0.950,0.950,-90.00,180.00,0.00,CLOSED,0
660387.855,3,0,0,0.950,0.950,0.950,-90.00,180.00,0.00,CLOSED,0
660387.865,3,0,0,0.950,0.950,0.950,-90.00,180.00,0.00,CLOSED,0
660387.876,3,0,0,0.950,0.950,0.950,-90.00,180.00,0.00,CLOSED,0
660387.886,3,0,0,0.950,0.950,0.950,-90.00,180.00,0.00,CLOSED,0
660387.897,3,0,0,0.950,0.950,0.950,-90.00,180.00,0.00,CLOSED,0
660387.908,3,0,0,0.950,0.950,0.950,-90.00,180.00,0.00,CLOSED,0
660387.918,3,0,0,0.950,0.950,0.950,-90.00,180.00,0.00,CLOSED,0
660387.929,3,0,0,0.950,0.950,0.950,-90.00,180.00,0.00,CLOSED,0
660387.939,3,0,0,0.950,0.950,0.950,-90.00,180.00,0.00,CLOSED,0
660387.950,3,0,0,0.950,0.950,0.950,-90.00,180.00,0.00,CLOSED,0
660387.960,3,0,0,0.950,0.950,0.950,-90.00,180.00,0.00,CLOSED,0
660387.971,3,0,0,0.950,0.950,0.950,-90.00,180.00,0.00,CLOSED,0
660387.981,3,0,0,0.950,0.950,0.950,-90.00,180.00,0.00,CLOSED,0
660387.992,3,0,0,0.950,0.950,0.950,-90.00,180.00,0.00,CLOSED,0
660388.002,3,0,0,0.950,0.950,0.950,-90.00,180.00,0.00,CLOSED,0
660388.013,3,0,0,0.950,0.950,0.950,-90.00,180.00,0.00,CLOSED,0
660388.023,3,0,0,0.950,0.950,0.950,-90.00,180.00,0.00,CLOSED,0
660388.033,3,0,0,0.950,0.950,0.950,-90.00,180.00,0.00,CLOSED,0
660388.044,3,0,0,0.950,0.950,0.950,-90.00,180.00,0.00,CLOSED,0
660388.054,3,0,0,0.950,0.950,0.950,-90.00,180.00,0.00,CLOSED,0
660388.065,3,0,0,0.950,0.950,0.950,-90.00,180.00,0.00,CLOSED,0
660388.075,3,0,0,0.950,0.950,0.950,-90.00,180.00,0.00,CLOSED,0
660388.086,3,0,0,0.950,0.950,0.950,-90.00,180.00,0.00,CLOSED,0
660388.097,3,0,0,0.950,0.950,0.950,-90.00,180.00,0.00,CLOSED,0
660388.107,3,0,0,0.950,0.950,0.950,-90.00,180.00,0.00,CLOSED,0
660388.118,3,0,0,0.950,0.950,0.950,-90.00,180.00,0.00,CLOSED,0
660388.129,3,0,0,0.950,0.950,0.950,-90.00,180.00,0.00,CLOSED,0
660388.139,3,0,0,0.950,0.950,0.950,-90.00,180.00,0.00,CLOSED,0
660388.150,3,0,0,0.950,0.950,0.950,-90.00,180.00,0.00,CLOSED,0
660388.160,3,0,0,0.950,0.950,0.950,-90.00,180.00,0.00,CLOSED,0
660388.171,3,0,0,0.950,0.950,0.950,-90.00,180.00,0.00,CLOSED,0
660388.182,3,0,0,0.950,0.950,0.950,-90.00,180.00,0.00,CLOSED,0
660388.193,3,0,0,0.950,0.950,0.950,-90.00,180.00,0.00,CLOSED,0
660388.203,3,0,0,0.950,0.950,0.950,-90.00,180.00,0.00,CLOSED,0
660388.214,3,0,0,0.950,0.950,0.950,-90.00,180.00,0.00,CLOSED,0
660388.224,3,0,0,0.950,0.950,0.950,-90.00,180.00,0.00,CLOSED,0
660388.235,3,0,0,0.950,0.950,0.950,-90.00,180.00,0.00,CLOSED,0
660388.246,3,0,0,0.950,0.950,0.950,-90.00,180.00,0.00,CLOSED,0
660388.256,3,0,0,0.950,0.950,0.950,-90.00,180.00,0.00,CLOSED,0
660388.267,3,0,0,0.950,0.950,0.950,-90.00,180.00,0.00,CLOSED,0
660388.278,3,0,0,0.950,0.950,0.950,-90.00,180.00,0.00,CLOSED,0
660388.288,3,0,0,0.950,0.950,0.950,-90.00,180.00,0.00,CLOSED,0
660388.299,3,0,0,0.950,0.950,0.950,-90.00,180.00,0.00,CLOSED,0
660388.309,3,0,0,0.950,0.950,0.950,-90.00,180.00,0.00,CLOSED,0
660388.320,3,0,0,0.950,0.950,0.950,-90.00,180.00,0.00,CLOSED,0
660388.330,3,0,0,0.950,0.950,0.950,-90.00,180.00,0.00,CLOSED,0
660388.341,3,0,0,0.950,0.950,0.950,-90.00,180.00,0.00,CLOSED,0
660388.352,3,0,0,0.950,0.950,0.950,-90.00,180.00,0.00,CLOSED,0
660388.363,3,0,0,0.950,0.950,0.950,-90.00,180.00,0.00,CLOSED,0
660388.373,3,0,0,0.950,0.950,0.950,-90.00,180.00,0.00,CLOSED,0
660388.384,3,0,0,0.950,0.950,0.950,-90.00,180.00,0.00,CLOSED,0
660388.394,3,0,0,0.950,0.950,0.950,-90.00,180.00,0.00,CLOSED,0
660388.405,3,0,0,0.950,0.950,0.950,-90.00,180.00,0.00,CLOSED,0
660388.416,3,0,0,0.950,0.950,0.950,-90.00,180.00,0.00,CLOSED,0
660388.426,3,0,0,0.950,0.950,0.950,-90.00,180.00,0.00,CLOSED,0
660388.437,3,0,0,0.950,0.950,0.950,-90.00,180.00,0.00,CLOSED,0
660388.447,3,0,0,0.950,0.950,0.950,-90.00,180.00,0.00,CLOSED,0
660388.458,3,0,0,0.950,0.950,0.950,-90.00,180.00,0.00,CLOSED,0
660388.469,3,0,0,0.950,0.950,0.950,-90.00,180.00,0.00,CLOSED,0
660388.479,3,0,0,0.950,0.950,0.950,-90.00,180.00,0.00,CLOSED,0
660388.490,3,0,0,0.950,0.950,0.950,-90.00,180.00,0.00,CLOSED,0
660388.501,3,0,0,0.950,0.950,0.950,-90.00,180.00,0.00,CLOSED,0
660388.511,3,0,0,0.950,0.950,0.950,-90.00,180.00,0.00,CLOSED,0
660388.522,3,0,0,0.950,0.950,0.950,-90.00,180.00,0.00,CLOSED,0
660388.532,3,0,0,0.950,0.950,0.950,-90.00,180.00,0.00,CLOSED,0
660388.543,3,0,0,0.950,0.950,0.950,-90.00,180.00,0.00,CLOSED,0
660388.553,0,0,0,0.950,0.950,0.950,-90.00,180.00,0.00,CLOSED,0
660388.564,0,0,0,0.950,0.950,0.950,-90.00,180.00,0.00,CLOSED,0
660388.574,0,0,0,0.950,0.950,0.950,-90.00,180.00,0.00,CLOSED,0
660388.585,0,0,0,0.950,0.950,0.950,-90.00,180.00,0.00,CLOSED,0
660388.596,0,0,0,0.950,0.950,0.950,-90.00,180.00,0.00,CLOSED,0
660388.606,0,0,0,0.950,0.950,0.950,-90.00,180.00,0.00,CLOSED,0
660388.617,0,0,0,0.950,0.950,0.950,-90.00,180.00,0.00,CLOSED,0
660388.627,0,0,0,0.950,0.950,0.950,-90.00,180.00,0.00,CLOSED,0
660388.638,0,0,0,0.950,0.950,0.950,-90.00,180.00,0.00,CLOSED,0
660388.648,0,0,0,0.950,0.950,0.950,-90.00,180.00,0.00,CLOSED,0
660388.660,0,0,0,0.950,0.950,0.950,-90.00,180.00,0.00,CLOSED,0
660388.671,0,0,0,0.950,0.950,0.950,-90.00,180.00,0.00,CLOSED,0
660388.682,0,0,0,0.950,0.950,0.950,-90.00,180.00,0.00,CLOSED,0
660388.693,0,0,0,0.950,0.950,0.950,-90.00,180.00,0.00,CLOSED,0
660388.705,0,0,0,0.950,0.950,0.950,-90.00,180.00,0.00,CLOSED,0
660388.716,0,0,0,0.950,0.950,0.950,-90.00,180.00,0.00,CLOSED,0
660388.726,0,0,0,0.950,0.950,0.950,-90.00,180.00,0.00,CLOSED,0
660388.737,0,0,0,0.950,0.950,0.950,-90.00,180.00,0.00,CLOSED,0
660388.748,0,0,0,0.950,0.950,0.950,-90.00,180.00,0.00,CLOSED,0
660388.758,0,0,0,0.950,0.950,0.950,-90.00,180.00,0.00,CLOSED,0
660388.769,0,0,0,0.950,0.950,0.950,-90.00,180.00,0.00,CLOSED,0
660388.780,0,0,0,0.950,0.950,0.950,-90.00,180.00,0.00,CLOSED,0
660388.790,0,0,0,0.950,0.950,0.950,-90.00,180.00,0.00,CLOSED,0
660388.802,0,0,0,0.950,0.950,0.950,-90.00,180.00,0.00,CLOSED,0
660388.812,0,0,0,0.950,0.950,0.950,-90.00,180.00,0.00,CLOSED,0
660388.823,0,0,0,0.950,0.950,0.950,-90.00,180.00,0.00,CLOSED,0
660388.833,0,0,0,0.950,0.950,0.950,-90.00,180.00,0.00,CLOSED,0
660388.844,0,0,0,0.950,0.950,0.950,-90.00,180.00,0.00,CLOSED,0
660388.854,0,0,0,0.950,0.950,0.950,-90.00,180.00,0.00,CLOSED,0
660388.865,0,0,0,0.950,0.950,0.950,-90.00,180.00,0.00,CLOSED,0
660388.875,0,0,0,0.950,0.950,0.950,-90.00,180.00,0.00,CLOSED,0
660388.886,0,0,0,0.950,0.950,0.950,-90.00,180.00,0.00,CLOSED,0
660388.897,0,0,0,0.950,0.950,0.950,-90.00,180.00,0.00,CLOSED,0
660388.907,0,0,0,0.950,0.950,0.950,-90.00,180.00,0.00,CLOSED,0
660388.919,0,0,0,0.950,0.950,0.950,-90.00,180.00,0.00,CLOSED,0
660388.929,0,0,0,0.950,0.950,0.950,-90.00,180.00,0.00,CLOSED,0
660388.940,0,0,0,0.950,0.950,0.950,-90.00,180.00,0.00,CLOSED,0
660388.950,0,0,0,0.950,0.950,0.950,-90.00,180.00,0.00,CLOSED,0
660388.961,0,0,0,0.950,0.950,0.950,-90.00,180.00,0.00,CLOSED,0
660388.971,0,0,0,0.950,0.950,0.950,-90.00,180.00,0.00,CLOSED,0
660388.982,0,0,0,0.950,0.950,0.950,-90.00,180.00,0.00,CLOSED,0
660388.993,0,0,0,0.950,0.950,0.950,-90.00,180.00,0.00,CLOSED,0
660389.003,0,0,0,0.950,0.950,0.950,-90.00,180.00,0.00,CLOSED,0
660389.014,0,0,0,0.950,0.950,0.950,-90.00,180.00,0.00,CLOSED,0
660389.024,0,0,0,0.950,0.950,0.950,-90.00,180.00,0.00,CLOSED,0
660389.035,0,0,0,0.950,0.950,0.950,-90.00,180.00,0.00,CLOSED,0
660389.045,0,0,0,0.950,0.950,0.950,-90.00,180.00,0.00,CLOSED,0
660389.056,0,0,0,0.950,0.950,0.950,-90.00,180.00,0.00,CLOSED,0
660389.066,0,0,0,0.950,0.950,0.950,-90.00,180.00,0.00,CLOSED,0
660389.077,0,0,0,0.950,0.950,0.950,-90.00,180.00,0.00,CLOSED,0
660389.087,0,0,0,0.950,0.950,0.950,-90.00,180.00,0.00,CLOSED,0
660389.097,0,0,0,0.950,0.950,0.950,-90.00,180.00,0.00,CLOSED,0
660389.108,0,0,0,0.950,0.950,0.950,-90.00,180.00,0.00,CLOSED,0
660389.119,0,0,0,0.950,0.950,0.950,-90.00,180.00,0.00,CLOSED,0
660389.129,0,0,0,0.950,0.950,0.950,-90.00,180.00,0.00,CLOSED,0
660389.140,0,0,0,0.950,0.950,0.950,-90.00,180.00,0.00,CLOSED,0
660389.150,0,0,0,0.950,0.950,0.950,-90.00,180.00,0.00,CLOSED,0
660389.161,0,0,0,0.950,0.950,0.950,-90.00,180.00,0.00,CLOSED,0
660389.172,0,0,0,0.950,0.950,0.950,-90.00,180.00,0.00,CLOSED,0
660389.182,0,0,0,0.950,0.950,0.950,-90.00,180.00,0.00,CLOSED,0
660389.192,0,0,0,0.950,0.950,0.950,-90.00,180.00,0.00,CLOSED,0
660389.203,0,0,0,0.950,0.950,0.950,-90.00,180.00,0.00,CLOSED,0
660389.214,0,0,0,0.950,0.950,0.950,-90.00,180.00,0.00,CLOSED,0
660389.224,0,0,0,0.950,0.950,0.950,-90.00,180.00,0.00,CLOSED,0
660389.235,0,0,0,0.950,0.950,0.950,-90.00,180.00,0.00,CLOSED,0
660389.245,0,0,0,0.950,0.950,0.950,-90.00,180.00,0.00,CLOSED,0
660389.256,0,0,0,0.950,0.950,0.950,-90.00,180.00,0.00,CLOSED,0
660389.267,0,0,0,0.950,0.950,0.950,-90.00,180.00,0.00,CLOSED,0
660389.277,0,0,0,0.950,0.950,0.950,-90.00,180.00,0.00,CLOSED,0
660389.288,0,0,0,0.950,0.950,0.950,-90.00,180.00,0.00,CLOSED,0
660389.298,0,0,0,0.950,0.950,0.950,-90.00,180.00,0.00,CLOSED,0
660389.309,0,0,0,0.950,0.950,0.950,-90.00,180.00,0.00,CLOSED,0
660389.320,0,0,0,0.950,0.950,0.950,-90.00,180.00,0.00,CLOSED,0
660389.330,0,0,0,0.950,0.950,0.950,-90.00,180.00,0.00,CLOSED,0
660389.341,0,0,0,0.950,0.950,0.950,-90.00,180.00,0.00,CLOSED,0
660389.351,0,0,0,0.950,0.950,0.950,-90.00,180.00,0.00,CLOSED,0
660389.362,0,0,0,0.950,0.950,0.950,-90.00,180.00,0.00,CLOSED,0
660389.372,0,0,0,0.950,0.950,0.950,-90.00,180.00,0.00,CLOSED,0
660389.383,0,0,0,0.950,0.950,0.950,-90.00,180.00,0.00,CLOSED,0
660389.394,0,0,0,0.950,0.950,0.950,-90.00,180.00,0.00,CLOSED,0
660389.404,0,0,0,0.950,0.950,0.950,-90.00,180.00,0.00,CLOSED,0
660389.414,0,0,0,0.950,0.950,0.950,-90.00,180.00,0.00,CLOSED,0
660389.425,0,0,0,0.950,0.950,0.950,-90.00,180.00,0.00,CLOSED,0
660389.436,0,0,0,0.950,0.950,0.950,-90.00,180.00,0.00,CLOSED,0
660389.446,0,0,0,0.950,0.950,0.950,-90.00,180.00,0.00,CLOSED,0
660389.457,0,0,0,0.950,0.950,0.950,-90.00,180.00,0.00,CLOSED,0
660389.467,0,0,0,0.950,0.950,0.950,-90.00,180.00,0.00,CLOSED,0
660389.478,0,0,0,0.950,0.950,0.950,-90.00,180.00,0.00,CLOSED,0
660389.488,0,0,0,0.950,0.950,0.950,-90.00,180.00,0.00,CLOSED,0
660389.499,0,0,0,0.950,0.950,0.950,-90.00,180.00,0.00,CLOSED,0
660389.510,0,0,0,0.950,0.950,0.950,-90.00,180.00,0.00,CLOSED,0
660389.520,0,0,0,0.950,0.950,0.950,-90.00,180.00,0.00,CLOSED,0
660389.531,0,0,0,0.950,0.950,0.950,-90.00,180.00,0.00,CLOSED,0
660389.542,0,0,0,0.950,0.950,0.950,-90.00,180.00,0.00,CLOSED,0
660389.552,0,0,0,0.950,0.950,0.950,-90.00,180.00,0.00,CLOSED,0
660389.563,0,0,0,0.950,0.950,0.950,-90.00,180.00,0.00,CLOSED,0
660389.573,0,0,0,0.950,0.950,0.950,-90.00,180.00,0.00,CLOSED,0
660389.583,0,0,0,0.950,0.950,0.950,-90.00,180.00,0.00,CLOSED,0
660389.594,0,0,0,0.950,0.950,0.950,-90.00,180.00,0.00,CLOSED,0
660389.604,0,0,0,0.950,0.950,0.950,-90.00,180.00,0.00,CLOSED,0
660389.615,0,0,0,0.950,0.950,0.950,-90.00,180.00,0.00,CLOSED,0
660389.626,0,0,0,0.950,0.950,0.950,-90.00,180.00,0.00,CLOSED,0
660389.636,0,0,0,0.950,0.950,0.950,-90.00,180.00,0.00,CLOSED,0
660389.647,0,0,0,0.950,0.950,0.950,-90.00,180.00,0.00,CLOSED,0
660389.657,0,0,0,0.950,0.950,0.950,-90.00,180.00,0.00,CLOSED,0
660389.668,0,0,0,0.950,0.950,0.950,-90.00,180.00,0.00,CLOSED,0
660389.678,0,0,0,0.950,0.950,0.950,-90.00,180.00,0.00,CLOSED,0
660389.689,0,0,0,0.950,0.950,0.950,-90.00,180.00,0.00,CLOSED,0
660389.699,0,0,0,0.950,0.950,0.950,-90.00,180.00,0.00,CLOSED,0
660389.710,0,0,0,0.950,0.950,0.950,-90.00,180.00,0.00,CLOSED,0
660389.720,0,0,0,0.950,0.950,0.950,-90.00,180.00,0.00,CLOSED,0
660389.731,0,0,0,0.950,0.950,0.950,-90.00,180.00,0.00,CLOSED,0
660389.741,0,0,0,0.950,0.950,0.950,-90.00,180.00,0.00,CLOSED,0
660389.752,0,0,0,0.950,0.950,0.950,-90.00,180.00,0.00,CLOSED,0
660389.762,0,0,0,0.950,0.950,0.950,-90.00,180.00,0.00,CLOSED,0
660389.773,0,0,0,0.950,0.950,0.950,-90.00,180.00,0.00,CLOSED,0
660389.783,0,0,0,0.950,0.950,0.950,-90.00,180.00,0.00,CLOSED,0
660389.794,0,0,0,0.950,0.950,0.950,-90.00,180.00,0.00,CLOSED,0
660389.804,0,0,0,0.950,0.950,0.950,-90.00,180.00,0.00,CLOSED,0
660389.815,0,0,0,0.950,0.950,0.950,-90.00,180.00,0.00,CLOSED,0
660389.825,0,0,0,0.950,0.950,0.950,-90.00,180.00,0.00,CLOSED,0
660389.836,0,0,0,0.950,0.950,0.950,-90.00,180.00,0.00,CLOSED,0
660389.846,0,0,0,0.950,0.950,0.950,-90.00,180.00,0.00,CLOSED,0
660389.857,0,0,0,0.950,0.950,0.950,-90.00,180.00,0.00,CLOSED,0
660389.867,0,0,0,0.950,0.950,0.950,-90.00,180.00,0.00,CLOSED,0
660389.878,0,0,0,0.950,0.950,0.950,-90.00,180.00,0.00,CLOSED,0
660389.888,0,0,0,0.950,0.950,0.950,-90.00,180.00,0.00,CLOSED,0
660389.899,0,0,0,0.950,0.950,0.950,-90.00,180.00,0.00,CLOSED,0
660389.910,0,0,0,0.950,0.950,0.950,-90.00,180.00,0.00,CLOSED,0
660389.920,0,0,0,0.950,0.950,0.950,-90.00,180.00,0.00,CLOSED,0
660389.931,0,0,0,0.950,0.950,0.950,-90.00,180.00,0.00,CLOSED,0
660389.941,0,0,0,0.950,0.950,0.950,-90.00,180.00,0.00,CLOSED,0
660389.952,0,0,0,0.950,0.950,0.950,-90.00,180.00,0.00,CLOSED,0
660389.962,0,0,0,0.950,0.950,0.950,-90.00,180.00,0.00,CLOSED,0
660389.973,0,0,0,0.950,0.950,0.950,-90.00,180.00,0.00,CLOSED,0
660389.983,0,0,0,0.950,0.950,0.950,-90.00,180.00,0.00,CLOSED,0
660389.994,0,0,0,0.950,0.950,0.950,-90.00,180.00,0.00,CLOSED,0
660390.005,0,0,0,0.950,0.950,0.950,-90.00,180.00,0.00,CLOSED,0
660390.015,0,0,0,0.950,0.950,0.950,-90.00,180.00,0.00,CLOSED,0
660390.026,0,0,0,0.950,0.950,0.950,-90.00,180.00,0.00,CLOSED,0
660390.036,0,0,0,0.950,0.950,0.950,-90.00,180.00,0.00,CLOSED,0
660390.047,0,0,0,0.950,0.950,0.950,-90.00,180.00,0.00,CLOSED,0
660390.058,3,0,0,0.950,0.950,0.950,-90.00,180.00,0.00,OPEN,0
660390.071,3,0,0,0.950,0.950,0.950,-90.00,180.00,0.00,OPEN,0
660390.082,3,0,0,0.950,0.950,0.950,-90.00,180.00,0.00,OPEN,0
660390.092,3,0,0,0.950,0.950,0.950,-90.00,180.00,0.00,OPEN,0
660390.103,3,0,0,0.950,0.950,0.950,-90.00,180.00,0.00,OPEN,0
660390.114,3,0,0,0.950,0.950,0.950,-90.00,180.00,0.00,OPEN,0
660390.125,3,0,0,0.950,0.950,0.950,-90.00,180.00,0.00,OPEN,0
660390.136,3,0,0,0.950,0.950,0.950,-90.00,180.00,0.00,OPEN,0
660390.146,3,0,0,0.950,0.950,0.950,-90.00,180.00,0.00,OPEN,0
660390.157,3,0,0,0.950,0.950,0.950,-90.00,180.00,0.00,OPEN,0
660390.167,3,0,0,0.950,0.950,0.950,-90.00,180.00,0.00,OPEN,0
660390.178,3,0,0,0.950,0.950,0.950,-90.00,180.00,0.00,OPEN,0
660390.188,3,0,0,0.950,0.950,0.950,-90.00,180.00,0.00,OPEN,0
660390.199,3,0,0,0.950,0.950,0.950,-90.00,180.00,0.00,OPEN,0
660390.209,3,0,0,0.950,0.950,0.950,-90.00,180.00,0.00,OPEN,0
660390.220,3,0,0,0.950,0.950,0.950,-90.00,180.00,0.00,OPEN,0
660390.230,3,0,0,0.950,0.950,0.950,-90.00,180.00,0.00,OPEN,0
660390.241,3,0,0,0.950,0.950,0.950,-90.00,180.00,0.00,OPEN,0
660390.251,3,0,0,0.950,0.950,0.950,-90.00,180.00,0.00,OPEN,0
660390.262,3,0,0,0.950,0.950,0.950,-90.00,180.00,0.00,OPEN,0
660390.272,3,0,0,0.950,0.950,0.950,-90.00,180.00,0.00,OPEN,0
660390.282,3,0,0,0.950,0.950,0.950,-90.00,180.00,0.00,OPEN,0
660390.293,3,0,0,0.950,0.950,0.950,-90.00,180.00,0.00,OPEN,0
660390.303,3,0,0,0.950,0.950,0.950,-90.00,180.00,0.00,OPEN,0
660390.314,3,0,0,0.950,0.950,0.950,-90.00,180.00,0.00,OPEN,0
660390.325,3,0,0,0.950,0.950,0.950,-90.00,180.00,0.00,OPEN,0
660390.336,3,0,0,0.950,0.950,0.950,-90.00,180.00,0.00,OPEN,0
660390.347,3,0,0,0.950,0.950,0.950,-90.00,180.00,0.00,OPEN,0
660390.358,3,0,0,0.950,0.950,0.950,-90.00,180.00,0.00,OPEN,0
660390.369,3,0,0,0.950,0.950,0.950,-90.00,180.00,0.00,OPEN,0
660390.380,3,0,0,0.950,0.950,0.950,-90.00,180.00,0.00,OPEN,0
660390.390,3,0,0,0.950,0.950,0.950,-90.00,180.00,0.00,OPEN,0
660390.401,3,0,0,0.950,0.950,0.950,-90.00,180.00,0.00,OPEN,0
660390.412,3,0,0,0.950,0.950,0.950,-90.00,180.00,0.00,OPEN,0
660390.422,3,0,0,0.950,0.950,0.950,-90.00,180.00,0.00,OPEN,0
660390.432,3,0,0,0.950,0.950,0.950,-90.00,180.00,0.00,OPEN,0
660390.443,3,0,0,0.950,0.950,0.950,-90.00,180.00,0.00,OPEN,0
660390.453,3,0,0,0.950,0.950,0.950,-90.00,180.00,0.00,OPEN,0
660390.464,3,0,0,0.950,0.950,0.950,-90.00,180.00,0.00,OPEN,0
660390.475,3,0,0,0.950,0.950,0.950,-90.00,180.00,0.00,OPEN,0
660390.485,3,0,0,0.950,0.950,0.950,-90.00,180.00,0.00,OPEN,0
660390.496,3,0,0,0.950,0.950,0.950,-90.00,180.00,0.00,OPEN,0
660390.506,3,0,0,0.950,0.950,0.950,-90.00,180.00,0.00,OPEN,0
660390.517,3,0,0,0.950,0.950,0.950,-90.00,180.00,0.00,OPEN,0
660390.527,3,0,0,0.950,0.950,0.950,-90.00,180.00,0.00,OPEN,0
660390.537,3,0,0,0.950,0.950,0.950,-90.00,180.00,0.00,OPEN,0
660390.548,3,0,0,0.950,0.950,0.950,-90.00,180.00,0.00,OPEN,0
660390.558,3,0,0,0.950,0.950,0.950,-90.00,180.00,0.00,OPEN,0
660390.570,3,0,0,0.950,0.950,0.950,-90.00,180.00,0.00,OPEN,0
660390.580,3,0,0,0.950,0.950,0.950,-90.00,180.00,0.00,OPEN,0
660390.591,3,0,0,0.950,0.950,0.950,-90.00,180.00,0.00,OPEN,0
660390.601,3,0,0,0.950,0.950,0.950,-90.00,180.00,0.00,OPEN,0
660390.612,3,0,0,0.950,0.950,0.950,-90.00,180.00,0.00,OPEN,0
660390.622,3,0,0,0.950,0.950,0.950,-90.00,180.00,0.00,OPEN,0
660390.633,3,0,0,0.950,0.950,0.950,-90.00,180.00,0.00,OPEN,0
660390.643,3,0,0,0.950,0.950,0.950,-90.00,180.00,0.00,OPEN,0
660390.655,3,0,0,0.950,0.950,0.950,-90.00,180.00,0.00,OPEN,0
660390.666,3,0,0,0.950,0.950,0.950,-90.00,180.00,0.00,OPEN,0
660390.676,3,0,0,0.950,0.950,0.950,-90.00,180.00,0.00,OPEN,0
660390.687,3,0,0,0.950,0.950,0.950,-90.00,180.00,0.00,OPEN,0
660390.698,3,0,0,0.950,0.950,0.950,-90.00,180.00,0.00,OPEN,0
660390.708,3,0,0,0.950,0.950,0.950,-90.00,180.00,0.00,OPEN,0
660390.719,3,0,0,0.950,0.950,0.950,-90.00,180.00,0.00,OPEN,0
660390.729,3,0,0,0.950,0.950,0.950,-90.00,180.00,0.00,OPEN,0
660390.739,3,0,0,0.950,0.950,0.950,-90.00,180.00,0.00,OPEN,0
660390.750,3,0,0,0.950,0.950,0.950,-90.00,180.00,0.00,OPEN,0
660390.760,3,0,0,0.950,0.950,0.950,-90.00,180.00,0.00,OPEN,0
660390.771,3,0,0,0.950,0.950,0.950,-90.00,180.00,0.00,OPEN,0
660390.781,3,0,0,0.950,0.950,0.950,-90.00,180.00,0.00,OPEN,0
660390.792,3,0,0,0.950,0.950,0.950,-90.00,180.00,0.00,OPEN,0
660390.802,3,0,0,0.950,0.950,0.950,-90.00,180.00,0.00,OPEN,0
660390.813,3,0,0,0.950,0.950,0.950,-90.00,180.00,0.00,OPEN,0
660390.824,3,0,0,0.950,0.950,0.950,-90.00,180.00,0.00,OPEN,0
660390.834,3,0,0,0.950,0.950,0.950,-90.00,180.00,0.00,OPEN,0
660390.845,3,0,0,0.950,0.950,0.950,-90.00,180.00,0.00,OPEN,0
660390.856,3,0,0,0.950,0.950,0.950,-90.00,180.00,0.00,OPEN,0
660390.866,3,0,0,0.950,0.950,0.950,-90.00,180.00,0.00,OPEN,0
660390.877,3,0,0,0.950,0.950,0.950,-90.00,180.00,0.00,OPEN,0
660390.887,3,0,0,0.950,0.950,0.950,-90.00,180.00,0.00,OPEN,0
660390.897,3,0,0,0.950,0.950,0.950,-90.00,180.00,0.00,OPEN,0
660390.908,3,0,0,0.950,0.950,0.950,-90.00,180.00,0.00,OPEN,0
660390.919,3,0,0,0.950,0.950,0.950,-90.00,180.00,0.00,OPEN,0
660390.930,3,0,0,0.950,0.950,0.950,-90.00,180.00,0.00,OPEN,0
660390.940,3,0,0,0.950,0.950,0.950,-90.00,180.00,0.00,OPEN,0
660390.950,3,0,0,0.950,0.950,0.950,-90.00,180.00,0.00,OPEN,0
660390.961,3,0,0,0.950,0.950,0.950,-90.00,180.00,0.00,OPEN,0
660390.971,3,0,0,0.950,0.950,0.950,-90.00,180.00,0.00,OPEN,0
660390.982,3,0,0,0.950,0.950,0.950,-90.00,180.00,0.00,OPEN,0
660390.992,3,0,0,0.950,0.950,0.950,-90.00,180.00,0.00,OPEN,0
660391.003,3,0,0,0.950,0.950,0.950,-90.00,180.00,0.00,OPEN,0
660391.013,3,0,0,0.950,0.950,0.950,-90.00,180.00,0.00,OPEN,0
660391.024,3,0,0,0.950,0.950,0.950,-90.00,180.00,0.00,OPEN,0
660391.035,3,0,0,0.950,0.950,0.950,-90.00,180.00,0.00,OPEN,0
660391.046,3,0,0,0.950,0.950,0.950,-90.00,180.00,0.00,OPEN,0
660391.056,3,0,0,0.950,0.950,0.950,-90.00,180.00,0.00,OPEN,0
660391.067,3,0,0,0.950,0.950,0.950,-90.00,180.00,0.00,OPEN,0
660391.077,3,0,0,0.950,0.950,0.950,-90.00,180.00,0.00,OPEN,0
660391.088,3,0,0,0.950,0.950,0.950,-90.00,180.00,0.00,OPEN,0
660391.098,3,0,0,0.950,0.950,0.950,-90.00,180.00,0.00,OPEN,0
660391.109,3,0,0,0.950,0.950,0.950,-90.00,180.00,0.00,OPEN,0
660391.120,3,0,0,0.950,0.950,0.950,-90.00,180.00,0.00,OPEN,0
660391.130,3,0,0,0.950,0.950,0.950,-90.00,180.00,0.00,OPEN,0
660391.140,3,0,0,0.950,0.950,0.950,-90.00,180.00,0.00,OPEN,0
660391.151,3,0,0,0.950,0.950,0.950,-90.00,180.00,0.00,OPEN,0
660391.162,3,0,0,0.950,0.950,0.950,-90.00,180.00,0.00,OPEN,0
660391.172,3,0,0,0.950,0.950,0.950,-90.00,180.00,0.00,OPEN,0
660391.183,3,0,0,0.950,0.950,0.950,-90.00,180.00,0.00,OPEN,0
660391.193,3,0,0,0.950,0.950,0.950,-90.00,180.00,0.00,OPEN,0
660391.204,3,0,0,0.950,0.950,0.950,-90.00,180.00,0.00,OPEN,0
660391.214,3,0,0,0.950,0.950,0.950,-90.00,180.00,0.00,OPEN,0
660391.225,3,0,0,0.950,0.950,0.950,-90.00,180.00,0.00,OPEN,0
660391.236,3,0,0,0.950,0.950,0.950,-90.00,180.00,0.00,OPEN,0
660391.246,3,0,0,0.950,0.950,0.950,-90.00,180.00,0.00,OPEN,0
660391.257,3,0,0,0.950,0.950,0.950,-90.00,180.00,0.00,OPEN,0
660391.267,3,0,0,0.950,0.950,0.950,-90.00,180.00,0.00,OPEN,0
660391.278,3,0,0,0.950,0.950,0.950,-90.00,180.00,0.00,OPEN,0
660391.288,3,0,0,0.950,0.950,0.950,-90.00,180.00,0.00,OPEN,0
660391.299,3,0,0,0.950,0.950,0.950,-90.00,180.00,0.00,OPEN,0
660391.310,3,0,0,0.950,0.950,0.950,-90.00,180.00,0.00,OPEN,0
660391.320,3,0,0,0.950,0.950,0.950,-90.00,180.00,0.00,OPEN,0
660391.330,3,0,0,0.950,0.950,0.950,-90.00,180.00,0.00,OPEN,0
660391.341,3,0,0,0.950,0.950,0.950,-90.00,180.00,0.00,OPEN,0
660391.352,3,0,0,0.950,0.950,0.950,-90.00,180.00,0.00,OPEN,0
660391.363,3,0,0,0.950,0.950,0.950,-90.00,180.00,0.00,OPEN,0
660391.373,3,0,0,0.950,0.950,0.950,-90.00,180.00,0.00,OPEN,0
660391.383,3,0,0,0.950,0.950,0.950,-90.00,180.00,0.00,OPEN,0
660391.394,3,0,0,0.950,0.950,0.950,-90.00,180.00,0.00,OPEN,0
660391.404,3,0,0,0.950,0.950,0.950,-90.00,180.00,0.00,OPEN,0
660391.415,3,0,0,0.950,0.950,0.950,-90.00,180.00,0.00,OPEN,0
660391.426,3,0,0,0.950,0.950,0.950,-90.00,180.00,0.00,OPEN,0
660391.436,3,0,0,0.950,0.950,0.950,-90.00,180.00,0.00,OPEN,0
660391.447,3,0,0,0.950,0.950,0.950,-90.00,180.00,0.00,OPEN,0
660391.458,3,0,0,0.950,0.950,0.950,-90.00,180.00,0.00,OPEN,0
660391.468,3,0,0,0.950,0.950,0.950,-90.00,180.00,0.00,OPEN,0
660391.479,3,0,0,0.950,0.950,0.950,-90.00,180.00,0.00,OPEN,0
660391.489,3,0,0,0.950,0.950,0.950,-90.00,180.00,0.00,OPEN,0
660391.500,3,0,0,0.950,0.950,0.950,-90.00,180.00,0.00,OPEN,0
660391.511,3,0,0,0.950,0.950,0.950,-90.00,180.00,0.00,OPEN,0
660391.521,3,0,0,0.950,0.950,0.950,-90.00,180.00,0.00,OPEN,0
660391.532,3,0,0,0.950,0.950,0.950,-90.00,180.00,0.00,OPEN,0
660391.542,3,0,0,0.950,0.950,0.950,-90.00,180.00,0.00,OPEN,0
660391.552,0,0,0,0.950,0.950,0.950,-90.00,180.00,0.00,OPEN,0
660391.563,0,0,0,0.950,0.950,0.950,-90.00,180.00,0.00,OPEN,0
660391.574,0,0,0,0.950,0.950,0.950,-90.00,180.00,0.00,OPEN,0
660391.585,0,0,0,0.950,0.950,0.950,-90.00,180.00,0.00,OPEN,0
660391.595,0,0,0,0.950,0.950,0.950,-90.00,180.00,0.00,OPEN,0
660391.606,0,0,0,0.950,0.950,0.950,-90.00,180.00,0.00,OPEN,0
660391.616,0,0,0,0.950,0.950,0.950,-90.00,180.00,0.00,OPEN,0
660391.627,0,0,0,0.950,0.950,0.950,-90.00,180.00,0.00,OPEN,0
660391.638,0,0,0,0.950,0.950,0.950,-90.00,180.00,0.00,OPEN,0
660391.648,0,0,0,0.950,0.950,0.950,-90.00,180.00,0.00,OPEN,0
660391.659,0,0,0,0.950,0.950,0.950,-90.00,180.00,0.00,OPEN,0
660391.669,0,0,0,0.950,0.950,0.950,-90.00,180.00,0.00,OPEN,0
660391.680,0,0,0,0.950,0.950,0.950,-90.00,180.00,0.00,OPEN,0
660391.691,0,0,0,0.950,0.950,0.950,-90.00,180.00,0.00,OPEN,0
660391.702,0,0,0,0.950,0.950,0.950,-90.00,180.00,0.00,OPEN,0
660391.712,0,0,0,0.950,0.950,0.950,-90.00,180.00,0.00,OPEN,0
660391.723,0,0,0,0.950,0.950,0.950,-90.00,180.00,0.00,OPEN,0
660391.733,0,0,0,0.950,0.950,0.950,-90.00,180.00,0.00,OPEN,0
660391.744,0,0,0,0.950,0.950,0.950,-90.00,180.00,0.00,OPEN,0
660391.755,0,0,0,0.950,0.950,0.950,-90.00,180.00,0.00,OPEN,0
660391.765,0,0,0,0.950,0.950,0.950,-90.00,180.00,0.00,OPEN,0
660391.776,0,0,0,0.950,0.950,0.950,-90.00,180.00,0.00,OPEN,0
660391.786,0,0,0,0.950,0.950,0.950,-90.00,180.00,0.00,OPEN,0
660391.797,0,0,0,0.950,0.950,0.950,-90.00,180.00,0.00,OPEN,0
660391.808,0,0,0,0.950,0.950,0.950,-90.00,180.00,0.00,OPEN,0
660391.819,0,0,0,0.950,0.950,0.950,-90.00,180.00,0.00,OPEN,0
660391.829,0,0,0,0.950,0.950,0.950,-90.00,180.00,0.00,OPEN,0
660391.840,0,0,0,0.950,0.950,0.950,-90.00,180.00,0.00,OPEN,0
660391.850,0,0,0,0.950,0.950,0.950,-90.00,180.00,0.00,OPEN,0
660391.861,0,0,0,0.950,0.950,0.950,-90.00,180.00,0.00,OPEN,0
660391.871,0,0,0,0.950,0.950,0.950,-90.00,180.00,0.00,OPEN,0
660391.882,0,0,0,0.950,0.950,0.950,-90.00,180.00,0.00,OPEN,0
660391.892,0,0,0,0.950,0.950,0.950,-90.00,180.00,0.00,OPEN,0
660391.903,0,0,0,0.950,0.950,0.950,-90.00,180.00,0.00,OPEN,0
660391.913,0,0,0,0.950,0.950,0.950,-90.00,180.00,0.00,OPEN,0
660391.924,0,0,0,0.950,0.950,0.950,-90.00,180.00,0.00,OPEN,0
660391.935,0,0,0,0.950,0.950,0.950,-90.00,180.00,0.00,OPEN,0
660391.945,0,0,0,0.950,0.950,0.950,-90.00,180.00,0.00,OPEN,0
660391.956,0,0,0,0.950,0.950,0.950,-90.00,180.00,0.00,OPEN,0
660391.966,0,0,0,0.950,0.950,0.950,-90.00,180.00,0.00,OPEN,0
660391.977,0,0,0,0.950,0.950,0.950,-90.00,180.00,0.00,OPEN,0
660391.987,0,0,0,0.950,0.950,0.950,-90.00,180.00,0.00,OPEN,0
660391.997,0,0,0,0.950,0.950,0.950,-90.00,180.00,0.00,OPEN,0
660392.008,0,0,0,0.950,0.950,0.950,-90.00,180.00,0.00,OPEN,0
660392.019,0,0,0,0.950,0.950,0.950,-90.00,180.00,0.00,OPEN,0
660392.029,0,0,0,0.950,0.950,0.950,-90.00,180.00,0.00,OPEN,0
660392.040,0,0,0,0.950,0.950,0.950,-90.00,180.00,0.00,OPEN,0
660392.051,0,0,0,0.950,0.950,0.950,-90.00,180.00,0.00,OPEN,0
660392.061,0,0,0,0.950,0.950,0.950,-90.00,180.00,0.00,OPEN,0
660392.072,0,0,0,0.950,0.950,0.950,-90.00,180.00,0.00,OPEN,0
660392.082,0,0,0,0.950,0.950,0.950,-90.00,180.00,0.00,OPEN,0
660392.093,0,0,0,0.950,0.950,0.950,-90.00,180.00,0.00,OPEN,0
660392.103,0,1,0,0.950,0.950,0.950,-90.00,179.39,0.00,OPEN,1
660392.115,0,1,0,0.950,0.950,0.950,-90.00,178.70,0.00,OPEN,0
660392.125,0,1,0,0.950,0.950,0.950,-90.00,178.05,0.00,OPEN,0
660392.136,0,1,0,0.950,0.950,0.950,-90.00,177.42,0.00,OPEN,0
660392.146,0,1,0,0.950,0.950,0.950,-90.00,176.79,0.00,OPEN,0
660392.157,0,1,0,0.950,0.950,0.950,-90.00,176.15,0.00,OPEN,0
660392.167,0,1,0,0.950,0.950,0.950,-90.00,175.53,0.00,OPEN,0
660392.178,0,1,0,0.950,0.950,0.950,-90.00,174.90,0.00,OPEN,0
660392.188,0,1,0,0.950,0.950,0.950,-90.00,174.27,0.00,OPEN,0
660392.199,0,1,0,0.950,0.950,0.950,-90.00,173.65,0.00,OPEN,0
660392.209,0,1,0,0.950,0.950,0.950,-90.00,173.02,0.00,OPEN,1
660392.221,0,1,0,0.950,0.950,0.950,-90.00,172.31,0.00,OPEN,0
660392.231,0,1,0,0.950,0.950,0.950,-90.00,171.69,0.00,OPEN,0
660392.242,0,1,0,0.950,0.950,0.950,-90.00,171.05,0.00,OPEN,0
660392.253,0,1,0,0.950,0.950,0.950,-90.00,170.39,0.00,OPEN,0
660392.263,0,1,0,0.950,0.950,0.950,-90.00,169.77,0.00,OPEN,0
660392.274,0,1,0,0.950,0.950,0.950,-90.00,169.13,0.00,OPEN,0
660392.285,0,1,0,0.950,0.950,0.950,-90.00,168.49,0.00,OPEN,0
660392.295,0,1,0,0.950,0.950,0.950,-90.00,167.87,0.00,OPEN,0
660392.305,0,1,0,0.950,0.950,0.950,-90.00,167.26,0.00,OPEN,0
660392.316,0,1,0,0.950,0.950,0.950,-90.00,166.63,0.00,OPEN,1
660392.327,0,1,0,0.950,0.950,0.950,-90.00,165.93,0.00,OPEN,0
660392.339,0,1,0,0.950,0.950,0.950,-90.00,165.25,0.00,OPEN,0
660392.350,0,1,0,0.950,0.950,0.950,-90.00,164.59,0.00,OPEN,0
660392.361,0,1,0,0.950,0.950,0.950,-90.00,163.92,0.00,OPEN,0
660392.373,0,1,0,0.950,0.950,0.950,-90.00,163.22,0.00,OPEN,0
660392.384,0,1,0,0.950,0.950,0.950,-90.00,162.56,0.00,OPEN,0
660392.395,0,1,0,0.950,0.950,0.950,-90.00,161.90,0.00,OPEN,0
660392.405,0,1,0,0.950,0.950,0.950,-90.00,161.26,0.00,OPEN,0
660392.416,0,1,0,0.950,0.950,0.950,-90.00,160.61,0.00,OPEN,1
660392.428,0,1,0,0.950,0.950,0.950,-90.00,159.90,0.00,OPEN,0
660392.439,0,1,0,0.950,0.950,0.950,-90.00,159.26,0.00,OPEN,0
660392.449,0,1,0,0.950,0.950,0.950,-90.00,158.64,0.00,OPEN,0
660392.459,0,1,0,0.950,0.950,0.950,-90.00,158.01,0.00,OPEN,0
660392.470,0,1,0,0.950,0.950,0.950,-90.00,157.37,0.00,OPEN,0
660392.480,0,1,0,0.950,0.950,0.950,-90.00,156.76,0.00,OPEN,0
660392.491,0,1,0,0.950,0.950,0.950,-90.00,156.11,0.00,OPEN,0
660392.502,0,1,0,0.950,0.950,0.950,-90.00,155.45,0.00,OPEN,0
660392.513,0,1,0,0.950,0.950,0.950,-90.00,154.81,0.00,OPEN,0
660392.523,0,1,0,0.950,0.950,0.950,-90.00,154.19,0.00,OPEN,1
660392.536,0,1,0,0.950,0.950,0.950,-90.00,153.42,0.00,OPEN,0
660392.546,0,1,0,0.950,0.950,0.950,-90.00,152.79,0.00,OPEN,0
660392.557,0,1,0,0.950,0.950,0.950,-90.00,152.15,0.00,OPEN,0
660392.568,0,1,0,0.950,0.950,0.950,-90.00,151.50,0.00,OPEN,0
660392.578,0,1,0,0.950,0.950,0.950,-90.00,150.87,0.00,OPEN,0
660392.589,0,1,0,0.950,0.950,0.950,-90.00,150.24,0.00,OPEN,0
660392.599,0,1,0,0.950,0.950,0.950,-90.00,149.61,0.00,OPEN,0
660392.610,0,1,0,0.950,0.950,0.950,-90.00,148.95,0.00,OPEN,0
660392.621,0,1,0,0.950,0.950,0.950,-90.00,148.30,0.00,OPEN,0
660392.632,0,1,0,0.950,0.950,0.950,-90.00,147.67,0.00,OPEN,1
660392.643,0,1,0,0.950,0.950,0.950,-90.00,146.97,0.00,OPEN,0
660392.654,0,1,0,0.950,0.950,0.950,-90.00,146.35,0.00,OPEN,0
660392.665,0,1,0,0.950,0.950,0.950,-90.00,145.70,0.00,OPEN,0
660392.675,0,1,0,0.950,0.950,0.950,-90.00,145.08,0.00,OPEN,0
660392.686,0,1,0,0.950,0.950,0.950,-90.00,144.43,0.00,OPEN,0
660392.696,0,1,0,0.950,0.950,0.950,-90.00,143.80,0.00,OPEN,0
660392.707,0,1,0,0.950,0.950,0.950,-90.00,143.17,0.00,OPEN,0
660392.717,0,1,0,0.950,0.950,0.950,-90.00,142.55,0.00,OPEN,0
660392.728,0,1,0,0.950,0.950,0.950,-90.00,141.91,0.00,OPEN,0
660392.738,0,1,0,0.950,0.950,0.950,-90.00,141.28,0.00,OPEN,1
660392.750,0,1,0,0.950,0.950,0.950,-90.00,140.59,0.00,OPEN,0
660392.760,0,1,0,0.950,0.950,0.950,-90.00,139.96,0.00,OPEN,0
660392.770,0,1,0,0.950,0.950,0.950,-90.00,139.35,0.00,OPEN,0
660392.781,0,1,0,0.950,0.950,0.950,-90.00,138.72,0.00,OPEN,0
660392.791,0,1,0,0.950,0.950,0.950,-90.00,138.09,0.00,OPEN,0
660392.802,0,1,0,0.950,0.950,0.950,-90.00,137.43,0.00,OPEN,0
660392.813,0,1,0,0.950,0.950,0.950,-90.00,136.79,0.00,OPEN,0
660392.823,0,1,0,0.950,0.950,0.950,-90.00,136.17,0.00,OPEN,0
660392.834,0,1,0,0.950,0.950,0.950,-90.00,135.53,0.00,OPEN,0
660392.845,0,1,0,0.950,0.950,0.950,-90.00,134.90,0.00,OPEN,1
660392.856,0,1,0,0.950,0.950,0.950,-90.00,134.20,0.00,OPEN,0
660392.867,0,1,0,0.950,0.950,0.950,-90.00,133.58,0.00,OPEN,0
660392.877,0,1,0,0.950,0.950,0.950,-90.00,132.93,0.00,OPEN,0
660392.888,0,1,0,0.950,0.950,0.950,-90.00,132.30,0.00,OPEN,0
660392.899,0,1,0,0.950,0.950,0.950,-90.00,131.65,0.00,OPEN,0
660392.909,0,1,0,0.950,0.950,0.950,-90.00,131.00,0.00,OPEN,0
660392.920,0,1,0,0.950,0.950,0.950,-90.00,130.38,0.00,OPEN,0
660392.930,0,1,0,0.950,0.950,0.950,-90.00,129.76,0.00,OPEN,0
660392.941,0,1,0,0.950,0.950,0.950,-90.00,129.13,0.00,OPEN,0
660392.952,0,1,0,0.950,0.950,0.950,-90.00,128.46,0.00,OPEN,1
660392.963,0,1,0,0.950,0.950,0.950,-90.00,127.77,0.00,OPEN,0
660392.974,0,1,0,0.950,0.950,0.950,-90.00,127.15,0.00,OPEN,0
660392.985,0,1,0,0.950,0.950,0.950,-90.00,126.49,0.00,OPEN,0
660392.995,0,1,0,0.950,0.950,0.950,-90.00,125.86,0.00,OPEN,0
660393.006,0,1,0,0.950,0.950,0.950,-90.00,125.23,0.00,OPEN,0
660393.016,0,1,0,0.950,0.950,0.950,-90.00,124.61,0.00,OPEN,0
660393.026,0,1,0,0.950,0.950,0.950,-90.00,123.98,0.00,OPEN,0
660393.037,0,1,0,0.950,0.950,0.950,-90.00,123.37,0.00,OPEN,0
660393.047,0,1,0,0.950,0.950,0.950,-90.00,122.73,0.00,OPEN,0
660393.058,0,1,0,0.950,0.950,0.950,-90.00,122.09,0.00,OPEN,1
660393.070,0,1,0,0.950,0.950,0.950,-90.00,121.37,0.00,OPEN,0
660393.081,0,1,0,0.950,0.950,0.950,-90.00,120.73,0.00,OPEN,0
660393.091,0,1,0,0.950,0.950,0.950,-90.00,120.08,0.00,OPEN,0
660393.102,0,1,0,0.950,0.950,0.950,-90.00,119.42,0.00,OPEN,0
660393.113,0,1,0,0.950,0.950,0.950,-90.00,118.80,0.00,OPEN,0
660393.124,0,1,0,0.950,0.950,0.950,-90.00,118.16,0.00,OPEN,0
660393.134,0,1,0,0.950,0.950,0.950,-90.00,117.52,0.00,OPEN,0
660393.145,0,1,0,0.950,0.950,0.950,-90.00,116.90,0.00,OPEN,0
660393.155,0,1,0,0.950,0.950,0.950,-90.00,116.29,0.00,OPEN,0
660393.166,0,1,0,0.950,0.950,0.950,-90.00,115.64,0.00,OPEN,1
660393.178,0,1,0,0.950,0.950,0.950,-90.00,114.92,0.00,OPEN,0
660393.188,0,1,0,0.950,0.950,0.950,-90.00,114.30,0.00,OPEN,0
660393.198,0,1,0,0.950,0.950,0.950,-90.00,113.66,0.00,OPEN,0
660393.209,0,1,0,0.950,0.950,0.950,-90.00,113.03,0.00,OPEN,0
660393.220,0,1,0,0.950,0.950,0.950,-90.00,112.39,0.00,OPEN,0
660393.230,0,1,0,0.950,0.950,0.950,-90.00,111.75,0.00,OPEN,0
660393.241,0,1,0,0.950,0.950,0.950,-90.00,111.12,0.00,OPEN,0
660393.251,0,1,0,0.950,0.950,0.950,-90.00,110.49,0.00,OPEN,0
660393.262,0,1,0,0.950,0.950,0.950,-90.00,109.85,0.00,OPEN,0
660393.273,0,1,0,0.950,0.950,0.950,-90.00,109.21,0.00,OPEN,1
660393.285,0,1,0,0.950,0.950,0.950,-90.00,108.45,0.00,OPEN,0
660393.296,0,1,0,0.950,0.950,0.950,-90.00,107.81,0.00,OPEN,0
660393.307,0,1,0,0.950,0.950,0.950,-90.00,107.18,0.00,OPEN,0
660393.317,0,1,0,0.950,0.950,0.950,-90.00,106.53,0.00,OPEN,0
660393.328,0,1,0,0.950,0.950,0.950,-90.00,105.88,0.00,OPEN,0
660393.339,0,1,0,0.950,0.950,0.950,-90.00,105.25,0.00,OPEN,0
660393.349,0,1,0,0.950,0.950,0.950,-90.00,104.62,0.00,OPEN,0
660393.359,0,1,0,0.950,0.950,0.950,-90.00,104.01,0.00,OPEN,0
660393.370,0,1,0,0.950,0.950,0.950,-90.00,103.36,0.00,OPEN,0
660393.381,0,1,0,0.950,0.950,0.950,-90.00,102.71,0.00,OPEN,1
660393.393,0,1,0,0.950,0.950,0.950,-90.00,101.98,0.00,OPEN,0
660393.403,0,1,0,0.950,0.950,0.950,-90.00,101.36,0.00,OPEN,0
660393.414,0,1,0,0.950,0.950,0.950,-90.00,100.72,0.00,OPEN,0
660393.424,0,1,0,0.950,0.950,0.950,-90.00,100.10,0.00,OPEN,0
660393.435,0,1,0,0.950,0.950,0.950,-90.00,99.46,0.00,OPEN,0
660393.446,0,1,0,0.950,0.950,0.950,-90.00,98.83,0.00,OPEN,0
660393.456,0,1,0,0.950,0.950,0.950,-90.00,98.20,0.00,OPEN,0
660393.467,0,1,0,0.950,0.950,0.950,-90.00,97.57,0.00,OPEN,0
660393.477,0,1,0,0.950,0.950,0.950,-90.00,96.95,0.00,OPEN,0
660393.487,0,1,0,0.950,0.950,0.950,-90.00,96.32,0.00,OPEN,1
660393.500,0,1,0,0.950,0.950,0.950,-90.00,95.60,0.00,OPEN,0
660393.510,0,1,0,0.950,0.950,0.950,-90.00,94.96,0.00,OPEN,0
660393.521,0,1,0,0.950,0.950,0.950,-90.00,94.32,0.00,OPEN,0
660393.532,0,1,0,0.950,0.950,0.950,-90.00,93.66,0.00,OPEN,0
660393.542,0,1,0,0.950,0.950,0.950,-90.00,93.03,0.00,OPEN,0
660393.553,0,1,0,0.950,0.950,0.950,-90.00,92.39,0.00,OPEN,0
660393.564,0,1,0,0.950,0.950,0.950,-90.00,91.76,0.00,OPEN,0
660393.574,0,1,0,0.950,0.950,0.950,-90.00,91.14,0.00,OPEN,0
660393.585,0,1,0,0.950,0.950,0.950,-90.00,90.46,0.00,OPEN,0
660393.595,0,1,0,0.950,0.950,0.950,-90.00,90.00,0.00,OPEN,1
660393.607,0,1,0,0.950,0.950,0.950,-90.00,90.00,0.00,OPEN,0
660393.618,0,1,0,0.950,0.950,0.950,-90.00,90.00,0.00,OPEN,0
660393.629,0,1,0,0.950,0.950,0.950,-90.00,90.00,0.00,OPEN,0
660393.640,0,1,0,0.950,0.950,0.950,-90.00,90.00,0.00,OPEN,0
660393.650,0,1,0,0.950,0.950,0.950,-90.00,90.00,0.00,OPEN,0
660393.661,0,1,0,0.950,0.950,0.950,-90.00,90.00,0.00,OPEN,0
660393.672,0,1,0,0.950,0.950,0.950,-90.00,90.00,0.00,OPEN,0
660393.682,0,1,0,0.950,0.950,0.950,-90.00,90.00,0.00,OPEN,0
660393.692,0,1,0,0.950,0.950,0.950,-90.00,90.00,0.00,OPEN,0
660393.703,0,1,0,0.950,0.950,0.950,-90.00,90.00,0.00,OPEN,0
660393.714,0,1,0,0.950,0.950,0.950,-90.00,90.00,0.00,OPEN,0
660393.724,0,1,0,0.950,0.950,0.950,-90.00,90.00,0.00,OPEN,0
660393.735,0,1,0,0.950,0.950,0.950,-90.00,90.00,0.00,OPEN,0
660393.745,0,1,0,0.950,0.950,0.950,-90.00,90.00,0.00,OPEN,0
660393.756,0,1,0,0.950,0.950,0.950,-90.00,90.00,0.00,OPEN,0
660393.766,0,1,0,0.950,0.950,0.950,-90.00,90.00,0.00,OPEN,0
660393.777,0,1,0,0.950,0.950,0.950,-90.00,90.00,0.00,OPEN,0
660393.787,0,1,0,0.950,0.950,0.950,-90.00,90.00,0.00,OPEN,0
660393.798,0,1,0,0.950,0.950,0.950,-90.00,90.00,0.00,OPEN,0
660393.808,0,1,0,0.950,0.950,0.950,-90.00,90.00,0.00,OPEN,0
660393.819,0,1,0,0.950,0.950,0.950,-90.00,90.00,0.00,OPEN,0
660393.829,0,1,0,0.950,0.950,0.950,-90.00,90.00,0.00,OPEN,0
660393.840,0,1,0,0.950,0.950,0.950,-90.00,90.00,0.00,OPEN,0
660393.850,0,1,0,0.950,0.950,0.950,-90.00,90.00,0.00,OPEN,0
660393.861,0,1,0,0.950,0.950,0.950,-90.00,90.00,0.00,OPEN,0
660393.872,0,1,0,0.950,0.950,0.950,-90.00,90.00,0.00,OPEN,0
660393.882,0,1,0,0.950,0.950,0.950,-90.00,90.00,0.00,OPEN,0
660393.893,0,1,0,0.950,0.950,0.950,-90.00,90.00,0.00,OPEN,0
660393.903,0,1,0,0.950,0.950,0.950,-90.00,90.00,0.00,OPEN,0
660393.914,0,1,0,0.950,0.950,0.950,-90.00,90.00,0.00,OPEN,0
660393.925,0,1,0,0.950,0.950,0.950,-90.00,90.00,0.00,OPEN,0
660393.936,0,1,0,0.950,0.950,0.950,-90.00,90.00,0.00,OPEN,0
660393.946,0,1,0,0.950,0.950,0.950,-90.00,90.00,0.00,OPEN,0
660393.957,0,1,0,0.950,0.950,0.950,-90.00,90.00,0.00,OPEN,0
660393.968,0,1,0,0.950,0.950,0.950,-90.00,90.00,0.00,OPEN,0
660393.979,0,1,0,0.950,0.950,0.950,-90.00,90.00,0.00,OPEN,0
660393.990,0,1,0,0.950,0.950,0.950,-90.00,90.00,0.00,OPEN,0
660394.001,0,1,0,0.950,0.950,0.950,-90.00,90.00,0.00,OPEN,0
660394.012,0,1,0,0.950,0.950,0.950,-90.00,90.00,0.00,OPEN,0
660394.022,0,1,0,0.950,0.950,0.950,-90.00,90.00,0.00,OPEN,0
660394.033,0,1,0,0.950,0.950,0.950,-90.00,90.00,0.00,OPEN,0
660394.044,0,1,0,0.950,0.950,0.950,-90.00,90.00,0.00,OPEN,0
660394.054,0,0,1,0.950,0.950,0.950,-89.35,90.65,0.00,OPEN,1
660394.066,0,0,1,0.950,0.950,0.950,-88.64,91.36,0.00,OPEN,0
660394.077,0,0,1,0.950,0.950,0.950,-88.01,91.99,0.00,OPEN,0
660394.087,0,0,1,0.950,0.950,0.950,-87.39,92.61,0.00,OPEN,0
660394.097,0,0,1,0.950,0.950,0.950,-86.77,93.23,0.00,OPEN,0
660394.108,0,0,1,0.950,0.950,0.950,-86.14,93.86,0.00,OPEN,0
660394.119,0,0,1,0.950,0.950,0.950,-85.49,94.51,0.00,OPEN,0
660394.129,0,0,1,0.950,0.950,0.950,-84.85,95.15,0.00,OPEN,0
660394.140,0,0,1,0.950,0.950,0.950,-84.22,95.78,0.00,OPEN,0
660394.151,0,0,1,0.950,0.950,0.950,-83.58,96.42,0.00,OPEN,0
660394.161,0,0,1,0.950,0.950,0.950,-82.96,97.04,0.00,OPEN,1
660394.172,0,0,1,0.950,0.950,0.950,-82.27,97.73,0.00,OPEN,0
660394.183,0,0,1,0.950,0.950,0.950,-81.63,98.37,0.00,OPEN,0
660394.194,0,0,1,0.950,0.950,0.950,-80.99,99.01,0.00,OPEN,0
660394.204,0,0,1,0.950,0.950,0.950,-80.36,99.64,0.00,OPEN,0
660394.215,0,0,1,0.950,0.950,0.950,-79.73,100.27,0.00,OPEN,0
660394.225,0,0,1,0.950,0.950,0.950,-79.10,100.90,0.00,OPEN,0
660394.236,0,0,1,0.950,0.950,0.950,-78.44,101.56,0.00,OPEN,0
660394.247,0,0,1,0.950,0.950,0.950,-77.80,102.20,0.00,OPEN,0
660394.258,0,0,1,0.950,0.950,0.950,-77.16,102.84,0.00,OPEN,0
660394.268,0,0,1,0.950,0.950,0.950,-76.51,103.49,0.00,OPEN,1
660394.280,0,0,1,0.950,0.950,0.950,-75.82,104.18,0.00,OPEN,0
660394.290,0,0,1,0.950,0.950,0.950,-75.19,104.81,0.00,OPEN,0
660394.301,0,0,1,0.950,0.950,0.950,-74.56,105.44,0.00,OPEN,0
660394.312,0,0,1,0.950,0.950,0.950,-73.92,106.08,0.00,OPEN,0
660394.322,0,0,1,0.950,0.950,0.950,-73.30,106.70,0.00,OPEN,0
660394.333,0,0,1,0.950,0.950,0.950,-72.66,107.34,0.00,OPEN,0
660394.343,0,0,1,0.950,0.950,0.950,-72.02,107.98,0.00,OPEN,0
660394.354,0,0,1,0.950,0.950,0.950,-71.39,108.61,0.00,OPEN,0
660394.365,0,0,1,0.950,0.950,0.950,-70.74,109.26,0.00,OPEN,0
660394.375,0,0,1,0.950,0.950,0.950,-70.12,109.88,0.00,OPEN,1
660394.387,0,0,1,0.950,0.950,0.950,-69.39,110.61,0.00,OPEN,0
660394.398,0,0,1,0.950,0.950,0.950,-68.76,111.24,0.00,OPEN,0
660394.408,0,0,1,0.950,0.950,0.950,-68.12,111.88,0.00,OPEN,0
660394.419,0,0,1,0.950,0.950,0.950,-67.48,112.52,0.00,OPEN,0
660394.429,0,0,1,0.950,0.950,0.950,-66.86,113.14,0.00,OPEN,0
660394.440,0,0,1,0.950,0.950,0.950,-66.23,113.77,0.00,OPEN,0
660394.451,0,0,1,0.950,0.950,0.950,-65.58,114.42,0.00,OPEN,0
660394.461,0,0,1,0.950,0.950,0.950,-64.94,115.06,0.00,OPEN,0
660394.472,0,0,1,0.950,0.950,0.950,-64.31,115.69,0.00,OPEN,0
660394.482,0,0,1,0.950,0.950,0.950,-63.68,116.32,0.00,OPEN,1
660394.494,0,0,1,0.950,0.950,0.950,-62.98,117.02,0.00,OPEN,0
660394.505,0,0,1,0.950,0.950,0.950,-62.34,117.66,0.00,OPEN,0
660394.515,0,0,1,0.950,0.950,0.950,-61.71,118.29,0.00,OPEN,0
660394.525,0,0,1,0.950,0.950,0.950,-61.09,118.91,0.00,OPEN,0
660394.536,0,0,1,0.950,0.950,0.950,-60.44,119.56,0.00,OPEN,0
660394.547,0,0,1,0.950,0.950,0.950,-59.82,120.18,0.00,OPEN,0
660394.557,0,0,1,0.950,0.950,0.950,-59.17,120.83,0.00,OPEN,0
660394.569,0,0,1,0.950,0.950,0.950,-58.49,121.51,0.00,OPEN,0
660394.579,0,0,1,0.950,0.950,0.950,-57.87,122.13,0.00,OPEN,0
660394.590,0,0,1,0.950,0.950,0.950,-57.23,122.77,0.00,OPEN,1
660394.603,0,0,1,0.950,0.950,0.950,-56.42,123.58,0.00,OPEN,0
660394.613,0,0,1,0.950,0.950,0.950,-55.81,124.19,0.00,OPEN,0
660394.624,0,0,1,0.950,0.950,0.950,-55.19,124.81,0.00,OPEN,0
660394.634,0,0,1,0.950,0.950,0.950,-54.57,125.43,0.00,OPEN,0
660394.645,0,0,1,0.950,0.950,0.950,-53.94,126.06,0.00,OPEN,0
660394.655,0,0,1,0.950,0.950,0.950,-53.32,126.68,0.00,OPEN,0
660394.666,0,0,1,0.950,0.950,0.950,-52.68,127.32,0.00,OPEN,0
660394.676,0,0,1,0.950,0.950,0.950,-52.04,127.96,0.00,OPEN,0
660394.687,0,0,1,0.950,0.950,0.950,-51.40,128.60,0.00,OPEN,0
660394.698,0,0,1,0.950,0.950,0.950,-50.76,129.24,0.00,OPEN,1
660394.709,0,0,1,0.950,0.950,0.950,-50.08,129.92,0.00,OPEN,0
660394.719,0,0,1,0.950,0.950,0.950,-49.45,130.55,0.00,OPEN,0
660394.730,0,0,1,0.950,0.950,0.950,-48.83,131.17,0.00,OPEN,0
660394.740,0,0,1,0.950,0.950,0.950,-48.21,131.79,0.00,OPEN,0
660394.751,0,0,1,0.950,0.950,0.950,-47.57,132.43,0.00,OPEN,0
660394.761,0,0,1,0.950,0.950,0.950,-46.95,133.05,0.00,OPEN,0
660394.772,0,0,1,0.950,0.950,0.950,-46.32,133.68,0.00,OPEN,0
660394.782,0,0,1,0.950,0.950,0.950,-45.69,134.31,0.00,OPEN,0
660394.792,0,0,1,0.950,0.950,0.950,-45.07,134.93,0.00,OPEN,0
660394.803,0,0,1,0.950,0.950,0.950,-44.46,135.54,0.00,OPEN,1
660394.814,0,0,1,0.950,0.950,0.950,-43.76,136.24,0.00,OPEN,0
660394.825,0,0,1,0.950,0.950,0.950,-43.11,136.89,0.00,OPEN,0
660394.836,0,0,1,0.950,0.950,0.950,-42.48,137.52,0.00,OPEN,0
660394.846,0,0,1,0.950,0.950,0.950,-41.83,138.17,0.00,OPEN,0
660394.857,0,0,1,0.950,0.950,0.950,-41.20,138.80,0.00,OPEN,0
660394.868,0,0,1,0.950,0.950,0.950,-40.56,139.44,0.00,OPEN,0
660394.878,0,0,1,0.950,0.950,0.950,-39.91,140.09,0.00,OPEN,0
660394.889,0,0,1,0.950,0.950,0.950,-39.29,140.71,0.00,OPEN,0
660394.899,0,0,1,0.950,0.950,0.950,-38.67,141.33,0.00,OPEN,0
660394.910,0,0,1,0.950,0.950,0.950,-38.03,141.97,0.00,OPEN,1
660394.921,0,0,1,0.950,0.950,0.950,-37.34,142.66,0.00,OPEN,0
660394.932,0,0,1,0.950,0.950,0.950,-36.70,143.30,0.00,OPEN,0
660394.942,0,0,1,0.950,0.950,0.950,-36.07,143.93,0.00,OPEN,0
660394.953,0,0,1,0.950,0.950,0.950,-35.42,144.58,0.00,OPEN,0
660394.964,0,0,1,0.950,0.950,0.950,-34.78,145.22,0.00,OPEN,0
660394.975,0,0,1,0.950,0.950,0.950,-34.14,145.86,0.00,OPEN,0
660394.985,0,0,1,0.950,0.950,0.950,-33.52,146.48,0.00,OPEN,0
660394.995,0,0,1,0.950,0.950,0.950,-32.90,147.10,0.00,OPEN,0
660395.006,0,0,1,0.950,0.950,0.950,-32.26,147.74,0.00,OPEN,0
660395.016,0,0,1,0.950,0.950,0.950,-31.63,148.37,0.00,OPEN,1
660395.028,0,0,1,0.950,0.950,0.950,-30.92,149.08,0.00,OPEN,0
660395.039,0,0,1,0.950,0.950,0.950,-30.27,149.73,0.00,OPEN,0
660395.049,0,0,1,0.950,0.950,0.950,-29.65,150.35,0.00,OPEN,0
660395.060,0,0,1,0.950,0.950,0.950,-29.02,150.98,0.00,OPEN,0
660395.071,0,0,1,0.950,0.950,0.950,-28.37,151.63,0.00,OPEN,0
660395.081,0,0,1,0.950,0.950,0.950,-27.73,152.27,0.00,OPEN,0
660395.092,0,0,1,0.950,0.950,0.950,-27.09,152.91,0.00,OPEN,0
660395.103,0,0,1,0.950,0.950,0.950,-26.42,153.58,0.00,OPEN,0
660395.114,0,0,1,0.950,0.950,0.950,-25.77,154.23,0.00,OPEN,0
660395.125,0,0,1,0.950,0.950,0.950,-25.14,154.86,0.00,OPEN,1
660395.136,0,0,1,0.950,0.950,0.950,-24.43,155.57,0.00,OPEN,0
660395.147,0,0,1,0.950,0.950,0.950,-23.79,156.21,0.00,OPEN,0
660395.157,0,0,1,0.950,0.950,0.950,-23.17,156.83,0.00,OPEN,0
660395.168,0,0,1,0.950,0.950,0.950,-22.52,157.48,0.00,OPEN,0
660395.179,0,0,1,0.950,0.950,0.950,-21.90,158.10,0.00,OPEN,0
660395.189,0,0,1,0.950,0.950,0.950,-21.26,158.74,0.00,OPEN,0
660395.200,0,0,1,0.950,0.950,0.950,-20.61,159.39,0.00,OPEN,0
660395.211,0,0,1,0.950,0.950,0.950,-19.98,160.02,0.00,OPEN,0
660395.221,0,0,1,0.950,0.950,0.950,-19.35,160.65,0.00,OPEN,0
660395.231,0,0,1,0.950,0.950,0.950,-18.73,161.27,0.00,OPEN,1
660395.243,0,0,1,0.950,0.950,0.950,-18.03,161.97,0.00,OPEN,0
660395.254,0,0,1,0.950,0.950,0.950,-17.40,162.60,0.00,OPEN,0
660395.264,0,0,1,0.950,0.950,0.950,-16.77,163.23,0.00,OPEN,0
660395.274,0,0,1,0.950,0.950,0.950,-16.16,163.84,0.00,OPEN,0
660395.285,0,0,1,0.950,0.950,0.950,-15.53,164.47,0.00,OPEN,0
660395.295,0,0,1,0.950,0.950,0.950,-14.91,165.09,0.00,OPEN,0
660395.305,0,0,1,0.950,0.950,0.950,-14.29,165.71,0.00,OPEN,0
660395.316,0,0,1,0.950,0.950,0.950,-13.64,166.36,0.00,OPEN,0
660395.327,0,0,1,0.950,0.950,0.950,-13.00,167.00,0.00,OPEN,0
660395.338,0,0,1,0.950,0.950,0.950,-12.35,167.65,0.00,OPEN,1
660395.350,0,0,1,0.950,0.950,0.950,-11.64,168.36,0.00,OPEN,0
660395.360,0,0,1,0.950,0.950,0.950,-11.01,168.99,0.00,OPEN,0
660395.371,0,0,1,0.950,0.950,0.950,-10.38,169.62,0.00,OPEN,0
660395.381,0,0,1,0.950,0.950,0.950,-9.74,170.26,0.00,OPEN,0
660395.392,0,0,1,0.950,0.950,0.950,-9.11,170.89,0.00,OPEN,0
660395.403,0,0,1,0.950,0.950,0.950,-8.46,171.54,0.00,OPEN,0
660395.413,0,0,1,0.950,0.950,0.950,-7.83,172.17,0.00,OPEN,0
660395.424,0,0,1,0.950,0.950,0.950,-7.20,172.80,0.00,OPEN,0
660395.434,0,0,1,0.950,0.950,0.950,-6.57,173.43,0.00,OPEN,0
660395.445,0,0,1,0.950,0.950,0.950,-5.93,174.07,0.00,OPEN,1
660395.457,0,0,1,0.950,0.950,0.950,-5.22,174.78,0.00,OPEN,0
660395.468,0,0,1,0.950,0.950,0.950,-4.56,175.44,0.00,OPEN,0
660395.478,0,0,1,0.950,0.950,0.950,-3.94,176.06,0.00,OPEN,0
660395.488,0,0,1,0.950,0.950,0.950,-3.31,176.69,0.00,OPEN,0
660395.499,0,0,1,0.950,0.950,0.950,-2.70,177.30,0.00,OPEN,0
660395.509,0,0,1,0.950,0.950,0.950,-2.06,177.94,0.00,OPEN,0
660395.520,0,0,1,0.950,0.950,0.950,-1.43,178.57,0.00,OPEN,0
660395.530,0,0,1,0.950,0.950,0.950,-0.79,179.21,0.00,OPEN,0
660395.541,0,0,1,0.950,0.950,0.950,-0.15,179.85,0.00,OPEN,0
660395.553,3,0,1,0.950,0.950,0.950,0.00,180.00,0.00,CLOSED,1
660395.572,3,0,1,0.950,0.950,0.950,0.00,180.00,0.00,CLOSED,0
660395.582,3,0,1,0.950,0.950,0.950,0.00,180.00,0.00,CLOSED,0
660395.593,3,0,1,0.950,0.950,0.950,0.00,180.00,0.00,CLOSED,0
660395.604,3,0,1,0.950,0.950,0.950,0.00,180.00,0.00,CLOSED,0
660395.615,3,0,1,0.950,0.950,0.950,0.00,180.00,0.00,CLOSED,0
660395.625,3,0,1,0.950,0.950,0.950,0.00,180.00,0.00,CLOSED,0
660395.636,3,0,1,0.950,0.950,0.950,0.00,180.00,0.00,CLOSED,0
660395.647,3,0,1,0.950,0.950,0.950,0.00,180.00,0.00,CLOSED,0
660395.657,3,0,1,0.950,0.950,0.950,0.00,180.00,0.00,CLOSED,0
660395.668,3,0,1,0.950,0.950,0.950,0.00,180.00,0.00,CLOSED,0
660395.679,3,0,1,0.950,0.950,0.950,0.00,180.00,0.00,CLOSED,0
660395.689,3,0,1,0.950,0.950,0.950,0.00,180.00,0.00,CLOSED,0
660395.699,3,0,1,0.950,0.950,0.950,0.00,180.00,0.00,CLOSED,0
660395.710,3,0,1,0.950,0.950,0.950,0.00,180.00,0.00,CLOSED,0
660395.721,3,0,1,0.950,0.950,0.950,0.00,180.00,0.00,CLOSED,0
660395.731,3,0,1,0.950,0.950,0.950,0.00,180.00,0.00,CLOSED,0
660395.742,3,0,1,0.950,0.950,0.950,0.00,180.00,0.00,CLOSED,0
660395.753,3,0,1,0.950,0.950,0.950,0.00,180.00,0.00,CLOSED,0
660395.763,3,0,1,0.950,0.950,0.950,0.00,180.00,0.00,CLOSED,0
660395.773,3,0,1,0.950,0.950,0.950,0.00,180.00,0.00,CLOSED,0
660395.784,3,0,1,0.950,0.950,0.950,0.00,180.00,0.00,CLOSED,0
660395.794,3,0,1,0.950,0.950,0.950,0.00,180.00,0.00,CLOSED,0
660395.804,3,0,1,0.950,0.950,0.950,0.00,180.00,0.00,CLOSED,0
660395.815,3,0,1,0.950,0.950,0.950,0.00,180.00,0.00,CLOSED,0
660395.826,3,0,1,0.950,0.950,0.950,0.00,180.00,0.00,CLOSED,0
660395.836,3,0,1,0.950,0.950,0.950,0.00,180.00,0.00,CLOSED,0
660395.847,3,0,1,0.950,0.950,0.950,0.00,180.00,0.00,CLOSED,0
660395.857,3,0,1,0.950,0.950,0.950,0.00,180.00,0.00,CLOSED,0
660395.868,3,0,1,0.950,0.950,0.950,0.00,180.00,0.00,CLOSED,0
660395.878,3,0,1,0.950,0.950,0.950,0.00,180.00,0.00,CLOSED,0
660395.889,3,0,1,0.950,0.950,0.950,0.00,180.00,0.00,CLOSED,0
660395.900,3,0,1,0.950,0.950,0.950,0.00,180.00,0.00,CLOSED,0
660395.911,3,0,1,0.950,0.950,0.950,0.00,180.00,0.00,CLOSED,0
660395.921,3,0,1,0.950,0.950,0.950,0.00,180.00,0.00,CLOSED,0
660395.932,3,0,1,0.950,0.950,0.950,0.00,180.00,0.00,CLOSED,0
660395.942,3,0,1,0.950,0.950,0.950,0.00,180.00,0.00,CLOSED,0
660395.953,3,0,1,0.950,0.950,0.950,0.00,180.00,0.00,CLOSED,0
660395.963,3,0,1,0.950,0.950,0.950,0.00,180.00,0.00,CLOSED,0
660395.974,3,0,1,0.950,0.950,0.950,0.00,180.00,0.00,CLOSED,0
660395.985,3,0,1,0.950,0.950,0.950,0.00,180.00,0.00,CLOSED,0
660395.995,3,0,1,0.950,0.950,0.950,0.00,180.00,0.00,CLOSED,0
660396.006,3,0,1,0.950,0.950,0.950,0.00,180.00,0.00,CLOSED,0
660396.017,3,0,1,0.950,0.950,0.950,0.00,180.00,0.00,CLOSED,0
660396.027,3,0,1,0.950,0.950,0.950,0.00,180.00,0.00,CLOSED,0
660396.038,3,0,1,0.950,0.950,0.950,0.00,180.00,0.00,CLOSED,0
660396.048,3,0,1,0.950,0.950,0.950,0.00,180.00,0.00,CLOSED,0
660396.059,3,0,1,0.950,0.950,0.950,0.00,180.00,0.00,CLOSED,0
660396.070,3,0,1,0.950,0.950,0.950,0.00,180.00,0.00,CLOSED,0
660396.080,3,0,1,0.950,0.950,0.950,0.00,180.00,0.00,CLOSED,0
660396.091,3,0,1,0.950,0.950,0.950,0.00,180.00,0.00,CLOSED,0
660396.101,3,1,0,0.950,0.950,0.950,-0.62,179.38,0.00,CLOSED,1
660396.113,3,1,0,0.950,0.950,0.950,-1.33,178.67,0.00,CLOSED,0
660396.123,3,1,0,0.950,0.950,0.950,-1.96,178.04,0.00,CLOSED,0
660396.134,3,1,0,0.950,0.950,0.950,-2.58,177.42,0.00,CLOSED,0
660396.144,3,1,0,0.950,0.950,0.950,-3.22,176.78,0.00,CLOSED,0
660396.155,3,1,0,0.950,0.950,0.950,-3.85,176.15,0.00,CLOSED,0
660396.165,3,1,0,0.950,0.950,0.950,-4.47,175.53,0.00,CLOSED,0
660396.176,3,1,0,0.950,0.950,0.950,-5.10,174.90,0.00,CLOSED,0
660396.186,3,1,0,0.950,0.950,0.950,-5.73,174.27,0.00,CLOSED,0
660396.197,3,1,0,0.950,0.950,0.950,-6.36,173.64,0.00,CLOSED,0
660396.207,3,1,0,0.950,0.950,0.950,-6.98,173.02,0.00,CLOSED,1
660396.220,3,1,0,0.950,0.950,0.950,-7.76,172.24,0.00,CLOSED,0
660396.231,3,1,0,0.950,0.950,0.950,-8.39,171.61,0.00,CLOSED,0
660396.241,3,1,0,0.950,0.950,0.950,-9.03,170.97,0.00,CLOSED,0
660396.252,3,1,0,0.950,0.950,0.950,-9.69,170.31,0.00,CLOSED,0
660396.262,3,1,0,0.950,0.950,0.950,-10.30,169.70,0.00,CLOSED,0
660396.273,3,1,0,0.950,0.950,0.950,-10.95,169.05,0.00,CLOSED,0
660396.284,3,1,0,0.950,0.950,0.950,-11.57,168.43,0.00,CLOSED,0
660396.294,3,1,0,0.950,0.950,0.950,-12.20,167.80,0.00,CLOSED,0
660396.305,3,1,0,0.950,0.950,0.950,-12.84,167.16,0.00,CLOSED,0
660396.315,3,1,0,0.950,0.950,0.950,-13.47,166.53,0.00,CLOSED,1
660396.327,3,1,0,0.950,0.950,0.950,-14.18,165.82,0.00,CLOSED,0
660396.338,3,1,0,0.950,0.950,0.950,-14.81,165.19,0.00,CLOSED,0
660396.348,3,1,0,0.950,0.950,0.950,-15.43,164.57,0.00,CLOSED,0
660396.359,3,1,0,0.950,0.950,0.950,-16.08,163.92,0.00,CLOSED,0
660396.369,3,1,0,0.950,0.950,0.950,-16.71,163.29,0.00,CLOSED,0
660396.380,3,1,0,0.950,0.950,0.950,-17.35,162.65,0.00,CLOSED,0
660396.390,3,1,0,0.950,0.950,0.950,-17.97,162.03,0.00,CLOSED,0
660396.401,3,1,0,0.950,0.950,0.950,-18.61,161.39,0.00,CLOSED,0
660396.412,3,1,0,0.950,0.950,0.950,-19.25,160.75,0.00,CLOSED,0
660396.422,3,1,0,0.950,0.950,0.950,-19.90,160.10,0.00,CLOSED,1
660396.434,3,1,0,0.950,0.950,0.950,-20.59,159.41,0.00,CLOSED,0
660396.445,3,1,0,0.950,0.950,0.950,-21.25,158.75,0.00,CLOSED,0
660396.455,3,1,0,0.950,0.950,0.950,-21.88,158.12,0.00,CLOSED,0
660396.466,3,1,0,0.950,0.950,0.950,-22.54,157.46,0.00,CLOSED,0
660396.477,3,1,0,0.950,0.950,0.950,-23.20,156.80,0.00,CLOSED,0
660396.488,3,1,0,0.950,0.950,0.950,-23.83,156.17,0.00,CLOSED,0
660396.498,3,1,0,0.950,0.950,0.950,-24.46,155.54,0.00,CLOSED,0
660396.509,3,1,0,0.950,0.950,0.950,-25.09,154.91,0.00,CLOSED,0
660396.520,3,1,0,0.950,0.950,0.950,-25.74,154.26,0.00,CLOSED,0
660396.530,3,1,0,0.950,0.950,0.950,-26.38,153.62,0.00,CLOSED,1
660396.542,3,1,0,0.950,0.950,0.950,-27.09,152.91,0.00,CLOSED,0
660396.553,3,1,0,0.950,0.950,0.950,-27.72,152.28,0.00,CLOSED,0
660396.563,3,1,0,0.950,0.950,0.950,-28.36,151.64,0.00,CLOSED,0
660396.574,3,1,0,0.950,0.950,0.950,-28.99,151.01,0.00,CLOSED,0
660396.585,3,1,0,0.950,0.950,0.950,-29.66,150.34,0.00,CLOSED,0
660396.596,3,1,0,0.950,0.950,0.950,-30.30,149.70,0.00,CLOSED,0
660396.606,3,1,0,0.950,0.950,0.950,-30.93,149.07,0.00,CLOSED,0
660396.617,3,1,0,0.950,0.950,0.950,-31.57,148.43,0.00,CLOSED,0
660396.627,3,1,0,0.950,0.950,0.950,-32.20,147.80,0.00,CLOSED,0
660396.638,3,1,0,0.950,0.950,0.950,-32.82,147.18,0.00,CLOSED,1
660396.650,3,1,0,0.950,0.950,0.950,-33.54,146.46,0.00,CLOSED,0
660396.660,3,1,0,0.950,0.950,0.950,-34.17,145.83,0.00,CLOSED,0
660396.671,3,1,0,0.950,0.950,0.950,-34.80,145.20,0.00,CLOSED,0
660396.681,3,1,0,0.950,0.950,0.950,-35.43,144.57,0.00,CLOSED,0
660396.692,3,1,0,0.950,0.950,0.950,-36.05,143.95,0.00,CLOSED,0
660396.702,3,1,0,0.950,0.950,0.950,-36.70,143.30,0.00,CLOSED,0
660396.713,3,1,0,0.950,0.950,0.950,-37.32,142.68,0.00,CLOSED,0
660396.723,3,1,0,0.950,0.950,0.950,-37.95,142.05,0.00,CLOSED,0
660396.734,3,1,0,0.950,0.950,0.950,-38.57,141.43,0.00,CLOSED,0
660396.744,3,1,0,0.950,0.950,0.950,-39.19,140.81,0.00,CLOSED,1
660396.756,3,1,0,0.950,0.950,0.950,-39.89,140.11,0.00,CLOSED,0
660396.766,3,1,0,0.950,0.950,0.950,-40.53,139.47,0.00,CLOSED,0
660396.777,3,1,0,0.950,0.950,0.950,-41.17,138.83,0.00,CLOSED,0
660396.787,3,1,0,0.950,0.950,0.950,-41.80,138.20,0.00,CLOSED,0
660396.798,3,1,0,0.950,0.950,0.950,-42.42,137.58,0.00,CLOSED,0
660396.809,3,1,0,0.950,0.950,0.950,-43.07,136.93,0.00,CLOSED,0
660396.820,3,1,0,0.950,0.950,0.950,-43.74,136.26,0.00,CLOSED,0
660396.831,3,1,0,0.950,0.950,0.950,-44.39,135.61,0.00,CLOSED,0
660396.841,3,1,0,0.950,0.950,0.950,-45.01,134.99,0.00,CLOSED,0
660396.851,3,1,0,0.950,0.950,0.950,-45.64,134.36,0.00,CLOSED,1
660396.863,3,1,0,0.950,0.950,0.950,-46.35,133.65,0.00,CLOSED,0
660396.874,3,1,0,0.950,0.950,0.950,-46.99,133.01,0.00,CLOSED,0
660396.885,3,1,0,0.950,0.950,0.950,-47.63,132.37,0.00,CLOSED,0
660396.895,3,1,0,0.950,0.950,0.950,-48.27,131.73,0.00,CLOSED,0
660396.906,3,1,0,0.950,0.950,0.950,-48.90,131.10,0.00,CLOSED,0
660396.917,3,1,0,0.950,0.950,0.950,-49.55,130.45,0.00,CLOSED,0
660396.927,3,1,0,0.950,0.950,0.950,-50.17,129.83,0.00,CLOSED,0
660396.937,3,1,0,0.950,0.950,0.950,-50.80,129.20,0.00,CLOSED,0
660396.948,3,1,0,0.950,0.950,0.950,-51.42,128.58,0.00,CLOSED,0
660396.958,3,1,0,0.950,0.950,0.950,-52.04,127.96,0.00,CLOSED,1
660396.970,3,1,0,0.950,0.950,0.950,-52.77,127.23,0.00,CLOSED,0
660396.981,3,1,0,0.950,0.950,0.950,-53.41,126.59,0.00,CLOSED,0
660396.992,3,1,0,0.950,0.950,0.950,-54.06,125.94,0.00,CLOSED,0
660397.003,3,1,0,0.950,0.950,0.950,-54.70,125.30,0.00,CLOSED,0
660397.013,3,1,0,0.950,0.950,0.950,-55.33,124.67,0.00,CLOSED,0
660397.023,3,1,0,0.950,0.950,0.950,-55.96,124.04,0.00,CLOSED,0
660397.034,3,1,0,0.950,0.950,0.950,-56.58,123.42,0.00,CLOSED,0
660397.044,3,1,0,0.950,0.950,0.950,-57.21,122.79,0.00,CLOSED,0
660397.055,3,1,0,0.950,0.950,0.950,-57.85,122.15,0.00,CLOSED,0
660397.065,3,1,0,0.950,0.950,0.950,-58.47,121.53,0.00,CLOSED,1
660397.077,3,1,0,0.950,0.950,0.950,-59.16,120.84,0.00,CLOSED,0
660397.087,3,1,0,0.950,0.950,0.950,-59.79,120.21,0.00,CLOSED,0
660397.098,3,1,0,0.950,0.950,0.950,-60.43,119.57,0.00,CLOSED,0
660397.109,3,1,0,0.950,0.950,0.950,-61.08,118.92,0.00,CLOSED,0
660397.119,3,1,0,0.950,0.950,0.950,-61.71,118.29,0.00,CLOSED,0
660397.130,3,1,0,0.950,0.950,0.950,-62.33,117.67,0.00,CLOSED,0
660397.140,3,1,0,0.950,0.950,0.950,-62.96,117.04,0.00,CLOSED,0
660397.151,3,1,0,0.950,0.950,0.950,-63.59,116.41,0.00,CLOSED,0
660397.161,3,1,0,0.950,0.950,0.950,-64.23,115.77,0.00,CLOSED,0
660397.172,3,1,0,0.950,0.950,0.950,-64.85,115.15,0.00,CLOSED,1
660397.183,3,1,0,0.950,0.950,0.950,-65.56,114.44,0.00,CLOSED,0
660397.194,3,1,0,0.950,0.950,0.950,-66.18,113.82,0.00,CLOSED,0
660397.204,3,1,0,0.950,0.950,0.950,-66.81,113.19,0.00,CLOSED,0
660397.214,3,1,0,0.950,0.950,0.950,-67.42,112.58,0.00,CLOSED,0
660397.225,3,1,0,0.950,0.950,0.950,-68.04,111.96,0.00,CLOSED,0
660397.236,3,1,0,0.950,0.950,0.950,-68.69,111.31,0.00,CLOSED,0
660397.246,3,1,0,0.950,0.950,0.950,-69.31,110.69,0.00,CLOSED,0
660397.257,3,1,0,0.950,0.950,0.950,-69.95,110.05,0.00,CLOSED,0
660397.267,3,1,0,0.950,0.950,0.950,-70.60,109.40,0.00,CLOSED,0
660397.278,3,1,0,0.950,0.950,0.950,-71.22,108.78,0.00,CLOSED,1
660397.289,3,1,0,0.950,0.950,0.950,-71.91,108.09,0.00,CLOSED,0
660397.300,3,1,0,0.950,0.950,0.950,-72.54,107.46,0.00,CLOSED,0
660397.310,3,1,0,0.950,0.950,0.950,-73.18,106.82,0.00,CLOSED,0
660397.321,3,1,0,0.950,0.950,0.950,-73.83,106.17,0.00,CLOSED,0
660397.331,3,1,0,0.950,0.950,0.950,-74.44,105.56,0.00,CLOSED,0
660397.342,3,1,0,0.950,0.950,0.950,-75.07,104.93,0.00,CLOSED,0
660397.353,3,1,0,0.950,0.950,0.950,-75.71,104.29,0.00,CLOSED,0
660397.363,3,1,0,0.950,0.950,0.950,-76.35,103.65,0.00,CLOSED,0
660397.374,3,1,0,0.950,0.950,0.950,-76.97,103.03,0.00,CLOSED,0
660397.385,3,1,0,0.950,0.950,0.950,-77.63,102.37,0.00,CLOSED,1
660397.396,3,1,0,0.950,0.950,0.950,-78.33,101.67,0.00,CLOSED,0
660397.407,3,1,0,0.950,0.950,0.950,-78.95,101.05,0.00,CLOSED,0
660397.417,3,1,0,0.950,0.950,0.950,-79.59,100.41,0.00,CLOSED,0
660397.428,3,1,0,0.950,0.950,0.950,-80.23,99.77,0.00,CLOSED,0
660397.439,3,1,0,0.950,0.950,0.950,-80.87,99.13,0.00,CLOSED,0
660397.449,3,1,0,0.950,0.950,0.950,-81.50,98.50,0.00,CLOSED,0
660397.460,3,1,0,0.950,0.950,0.950,-82.13,97.87,0.00,CLOSED,0
660397.470,3,1,0,0.950,0.950,0.950,-82.76,97.24,0.00,CLOSED,0
660397.480,3,1,0,0.950,0.950,0.950,-83.38,96.62,0.00,CLOSED,0
660397.491,3,1,0,0.950,0.950,0.950,-84.03,95.97,0.00,CLOSED,1
660397.504,3,1,0,0.950,0.950,0.950,-84.78,95.22,0.00,CLOSED,0
660397.514,3,1,0,0.950,0.950,0.950,-85.41,94.59,0.00,CLOSED,0
660397.525,3,1,0,0.950,0.950,0.950,-86.05,93.95,0.00,CLOSED,0
660397.536,3,1,0,0.950,0.950,0.950,-86.70,93.30,0.00,CLOSED,0
660397.546,3,1,0,0.950,0.950,0.950,-87.33,92.67,0.00,CLOSED,0
660397.557,3,1,0,0.950,0.950,0.950,-87.96,92.04,0.00,CLOSED,0
660397.567,3,1,0,0.950,0.950,0.950,-88.59,91.41,0.00,CLOSED,0
660397.578,3,1,0,0.950,0.950,0.950,-89.22,90.78,0.00,CLOSED,0
660397.588,3,1,0,0.950,0.950,0.950,-89.85,90.15,0.00,CLOSED,0
660397.599,3,1,0,0.950,0.950,0.950,-90.00,90.00,0.00,CLOSED,1
660397.611,3,1,0,0.950,0.950,0.950,-90.00,90.00,0.00,CLOSED,0
660397.621,3,1,0,0.950,0.950,0.950,-90.00,90.00,0.00,CLOSED,0
660397.632,3,1,0,0.950,0.950,0.950,-90.00,90.00,0.00,CLOSED,0
660397.642,3,1,0,0.950,0.950,0.950,-90.00,90.00,0.00,CLOSED,0
660397.653,3,1,0,0.950,0.950,0.950,-90.00,90.00,0.00,CLOSED,0
660397.663,3,1,0,0.950,0.950,0.950,-90.00,90.00,0.00,CLOSED,0
660397.674,3,1,0,0.950,0.950,0.950,-90.00,90.00,0.00,CLOSED,0
660397.685,3,1,0,0.950,0.950,0.950,-90.00,90.00,0.00,CLOSED,0
660397.695,3,1,0,0.950,0.950,0.950,-90.00,90.00,0.00,CLOSED,0
660397.706,3,1,0,0.950,0.950,0.950,-90.00,90.00,0.00,CLOSED,0
660397.717,3,1,0,0.950,0.950,0.950,-90.00,90.00,0.00,CLOSED,0
660397.727,3,1,0,0.950,0.950,0.950,-90.00,90.00,0.00,CLOSED,0
660397.737,3,1,0,0.950,0.950,0.950,-90.00,90.00,0.00,CLOSED,0
660397.748,3,1,0,0.950,0.950,0.950,-90.00,90.00,0.00,CLOSED,0
660397.758,3,1,0,0.950,0.950,0.950,-90.00,90.00,0.00,CLOSED,0
660397.769,3,1,0,0.950,0.950,0.950,-90.00,90.00,0.00,CLOSED,0
660397.780,3,1,0,0.950,0.950,0.950,-90.00,90.00,0.00,CLOSED,0
660397.791,3,1,0,0.950,0.950,0.950,-90.00,90.00,0.00,CLOSED,0
660397.802,3,1,0,0.950,0.950,0.950,-90.00,90.00,0.00,CLOSED,0
660397.815,3,1,0,0.950,0.950,0.950,-90.00,90.00,0.00,CLOSED,0
660397.826,3,1,0,0.950,0.950,0.950,-90.00,90.00,0.00,CLOSED,0
660397.837,3,1,0,0.950,0.950,0.950,-90.00,90.00,0.00,CLOSED,0
660397.848,3,1,0,0.950,0.950,0.950,-90.00,90.00,0.00,CLOSED,0
660397.859,3,1,0,0.950,0.950,0.950,-90.00,90.00,0.00,CLOSED,0
660397.870,3,1,0,0.950,0.950,0.950,-90.00,90.00,0.00,CLOSED,0
660397.880,3,1,0,0.950,0.950,0.950,-90.00,90.00,0.00,CLOSED,0
660397.891,3,1,0,0.950,0.950,0.950,-90.00,90.00,0.00,CLOSED,0
660397.901,3,1,0,0.950,0.950,0.950,-90.00,90.00,0.00,CLOSED,0
660397.912,3,1,0,0.950,0.950,0.950,-90.00,90.00,0.00,CLOSED,0
660397.922,3,1,0,0.950,0.950,0.950,-90.00,90.00,0.00,CLOSED,0
660397.933,3,1,0,0.950,0.950,0.950,-90.00,90.00,0.00,CLOSED,0
660397.944,3,1,0,0.950,0.950,0.950,-90.00,90.00,0.00,CLOSED,0
660397.954,3,1,0,0.950,0.950,0.950,-90.00,90.00,0.00,CLOSED,0
660397.965,3,1,0,0.950,0.950,0.950,-90.00,90.00,0.00,CLOSED,0
660397.976,3,1,0,0.950,0.950,0.950,-90.00,90.00,0.00,CLOSED,0
660397.987,3,1,0,0.950,0.950,0.950,-90.00,90.00,0.00,CLOSED,0
660397.997,3,1,0,0.950,0.950,0.950,-90.00,90.00,0.00,CLOSED,0
660398.008,3,1,0,0.950,0.950,0.950,-90.00,90.00,0.00,CLOSED,0
660398.019,3,1,0,0.950,0.950,0.950,-90.00,90.00,0.00,CLOSED,0
660398.030,3,1,0,0.950,0.950,0.950,-90.00,90.00,0.00,CLOSED,0
660398.040,3,1,0,0.950,0.950,0.950,-90.00,90.00,0.00,CLOSED,0
660398.051,0,1,0,0.950,0.950,0.950,-90.00,90.00,0.00,CLOSED,0
660398.061,0,1,0,0.950,0.950,0.950,-90.00,90.00,0.00,CLOSED,0
660398.071,0,1,0,0.950,0.950,0.950,-90.00,90.00,0.00,CLOSED,0
660398.082,0,1,0,0.950,0.950,0.950,-90.00,90.00,0.00,CLOSED,0
660398.092,0,1,0,0.950,0.950,0.950,-90.00,90.00,0.00,CLOSED,0
660398.103,0,1,0,0.950,0.950,0.950,-90.00,90.00,0.00,CLOSED,0
660398.113,0,1,0,0.950,0.950,0.950,-90.00,90.00,0.00,CLOSED,0
660398.124,0,1,0,0.950,0.950,0.950,-90.00,90.00,0.00,CLOSED,0
660398.135,0,1,0,0.950,0.950,0.950,-90.00,90.00,0.00,CLOSED,0
660398.146,0,1,0,0.950,0.950,0.950,-90.00,90.00,0.00,CLOSED,0
660398.156,0,1,0,0.950,0.950,0.950,-90.00,90.00,0.00,CLOSED,0
660398.167,0,1,0,0.950,0.950,0.950,-90.00,90.00,0.00,CLOSED,0
660398.177,0,1,0,0.950,0.950,0.950,-90.00,90.00,0.00,CLOSED,0
660398.188,0,1,0,0.950,0.950,0.950,-90.00,90.00,0.00,CLOSED,0
660398.198,0,1,0,0.950,0.950,0.950,-90.00,90.00,0.00,CLOSED,0
660398.209,0,1,0,0.950,0.950,0.950,-90.00,90.00,0.00,CLOSED,0
660398.219,0,1,0,0.950,0.950,0.950,-90.00,90.00,0.00,CLOSED,0
660398.230,0,1,0,0.950,0.950,0.950,-90.00,90.00,0.00,CLOSED,0
660398.240,0,1,0,0.950,0.950,0.950,-90.00,90.00,0.00,CLOSED,0
660398.251,0,1,0,0.950,0.950,0.950,-90.00,90.00,0.00,CLOSED,0
660398.261,0,1,0,0.950,0.950,0.950,-90.00,90.00,0.00,CLOSED,0
660398.272,0,1,0,0.950,0.950,0.950,-90.00,90.00,0.00,CLOSED,0
660398.282,0,1,0,0.950,0.950,0.950,-90.00,90.00,0.00,CLOSED,0
660398.293,0,1,0,0.950,0.950,0.950,-90.00,90.00,0.00,CLOSED,0
660398.303,0,1,0,0.950,0.950,0.950,-90.00,90.00,0.00,CLOSED,0
660398.314,0,1,0,0.950,0.950,0.950,-90.00,90.00,0.00,CLOSED,0
660398.325,0,1,0,0.950,0.950,0.950,-90.00,90.00,0.00,CLOSED,0
660398.335,0,1,0,0.950,0.950,0.950,-90.00,90.00,0.00,CLOSED,0
660398.346,0,1,0,0.950,0.950,0.950,-90.00,90.00,0.00,CLOSED,0
660398.357,0,1,0,0.950,0.950,0.950,-90.00,90.00,0.00,CLOSED,0
660398.367,0,1,0,0.950,0.950,0.950,-90.00,90.00,0.00,CLOSED,0
660398.378,0,1,0,0.950,0.950,0.950,-90.00,90.00,0.00,CLOSED,0
660398.388,0,1,0,0.950,0.950,0.950,-90.00,90.00,0.00,CLOSED,0
660398.399,0,1,0,0.950,0.950,0.950,-90.00,90.00,0.00,CLOSED,0
660398.409,0,1,0,0.950,0.950,0.950,-90.00,90.00,0.00,CLOSED,0
660398.420,0,1,0,0.950,0.950,0.950,-90.00,90.00,0.00,CLOSED,0
660398.431,0,1,0,0.950,0.950,0.950,-90.00,90.00,0.00,CLOSED,0
660398.441,0,1,0,0.950,0.950,0.950,-90.00,90.00,0.00,CLOSED,0
660398.452,0,1,0,0.950,0.950,0.950,-90.00,90.00,0.00,CLOSED,0
660398.463,0,1,0,0.950,0.950,0.950,-90.00,90.00,0.00,CLOSED,0
660398.473,0,1,0,0.950,0.950,0.950,-90.00,90.00,0.00,CLOSED,0
660398.484,0,1,0,0.950,0.950,0.950,-90.00,90.00,0.00,CLOSED,0
660398.494,0,1,0,0.950,0.950,0.950,-90.00,90.00,0.00,CLOSED,0
660398.505,0,1,0,0.950,0.950,0.950,-90.00,90.00,0.00,CLOSED,0
660398.515,0,1,0,0.950,0.950,0.950,-90.00,90.00,0.00,CLOSED,0
660398.525,0,1,0,0.950,0.950,0.950,-90.00,90.00,0.00,CLOSED,0
660398.536,0,1,0,0.950,0.950,0.950,-90.00,90.00,0.00,CLOSED,0
660398.547,0,1,0,0.950,0.950,0.950,-90.00,90.00,0.00,CLOSED,0
660398.557,0,0,0,0.950,0.950,0.950,-90.00,90.63,0.00,CLOSED,1
660398.570,0,0,0,0.950,0.950,0.950,-90.00,91.39,0.00,CLOSED,0
660398.581,0,0,0,0.950,0.950,0.950,-90.00,92.03,0.00,CLOSED,0
660398.591,0,0,0,0.950,0.950,0.950,-90.00,92.65,0.00,CLOSED,0
660398.601,0,0,0,0.950,0.950,0.950,-90.00,93.27,0.00,CLOSED,0
660398.612,0,0,0,0.950,0.950,0.950,-90.00,93.91,0.00,CLOSED,0
660398.622,0,0,0,0.950,0.950,0.950,-90.00,94.53,0.00,CLOSED,0
660398.633,0,0,0,0.950,0.950,0.950,-90.00,95.15,0.00,CLOSED,0
660398.643,0,0,0,0.950,0.950,0.950,-90.00,95.78,0.00,CLOSED,0
660398.654,0,0,0,0.950,0.950,0.950,-90.00,96.41,0.00,CLOSED,0
660398.664,0,0,0,0.950,0.950,0.950,-90.00,97.05,0.00,CLOSED,1
660398.676,0,0,0,0.950,0.950,0.950,-90.00,97.76,0.00,CLOSED,0
660398.687,0,0,0,0.950,0.950,0.950,-90.00,98.39,0.00,CLOSED,0
660398.697,0,0,0,0.950,0.950,0.950,-90.00,99.02,0.00,CLOSED,0
660398.708,0,0,0,0.950,0.950,0.950,-90.00,99.66,0.00,CLOSED,0
660398.719,0,0,0,0.950,0.950,0.950,-90.00,100.31,0.00,CLOSED,0
660398.729,0,0,0,0.950,0.950,0.950,-90.00,100.93,0.00,CLOSED,0
660398.740,0,0,0,0.950,0.950,0.950,-90.00,101.56,0.00,CLOSED,0
660398.750,0,0,0,0.950,0.950,0.950,-90.00,102.19,0.00,CLOSED,0
660398.761,0,0,0,0.950,0.950,0.950,-90.00,102.83,0.00,CLOSED,0
660398.771,0,0,0,0.950,0.950,0.950,-90.00,103.47,0.00,CLOSED,1
660398.783,0,0,0,0.950,0.950,0.950,-90.00,104.17,0.00,CLOSED,0
660398.793,0,0,0,0.950,0.950,0.950,-90.00,104.78,0.00,CLOSED,0
660398.804,0,0,0,0.950,0.950,0.950,-90.00,105.41,0.00,CLOSED,0
660398.814,0,0,0,0.950,0.950,0.950,-90.00,106.04,0.00,CLOSED,0
660398.825,0,0,0,0.950,0.950,0.950,-90.00,106.66,0.00,CLOSED,0
660398.835,0,0,0,0.950,0.950,0.950,-90.00,107.31,0.00,CLOSED,0
660398.846,0,0,0,0.950,0.950,0.950,-90.00,107.95,0.00,CLOSED,0
660398.856,0,0,0,0.950,0.950,0.950,-90.00,108.58,0.00,CLOSED,0
660398.867,0,0,0,0.950,0.950,0.950,-90.00,109.22,0.00,CLOSED,0
660398.878,0,0,0,0.950,0.950,0.950,-90.00,109.85,0.00,CLOSED,1
660398.889,0,0,0,0.950,0.950,0.950,-90.00,110.55,0.00,CLOSED,0
660398.900,0,0,0,0.950,0.950,0.950,-90.00,111.18,0.00,CLOSED,0
660398.911,0,0,0,0.950,0.950,0.950,-90.00,111.82,0.00,CLOSED,0
660398.921,0,0,0,0.950,0.950,0.950,-90.00,112.45,0.00,CLOSED,0
660398.931,0,0,0,0.950,0.950,0.950,-90.00,113.07,0.00,CLOSED,0
660398.942,0,0,0,0.950,0.950,0.950,-90.00,113.70,0.00,CLOSED,0
660398.953,0,0,0,0.950,0.950,0.950,-90.00,114.36,0.00,CLOSED,0
660398.964,0,0,0,0.950,0.950,0.950,-90.00,115.00,0.00,CLOSED,0
660398.974,0,0,0,0.950,0.950,0.950,-90.00,115.63,0.00,CLOSED,0
660398.985,0,0,0,0.950,0.950,0.950,-90.00,116.26,0.00,CLOSED,1
660398.996,0,0,0,0.950,0.950,0.950,-90.00,116.95,0.00,CLOSED,0
660399.006,0,0,0,0.950,0.950,0.950,-90.00,117.56,0.00,CLOSED,0
660399.017,0,0,0,0.950,0.950,0.950,-90.00,118.21,0.00,CLOSED,0
660399.028,0,0,0,0.950,0.950,0.950,-90.00,118.86,0.00,CLOSED,0
660399.038,0,0,0,0.950,0.950,0.950,-90.00,119.49,0.00,CLOSED,0
660399.049,0,0,0,0.950,0.950,0.950,-90.00,120.12,0.00,CLOSED,0
660399.059,0,0,0,0.950,0.950,0.950,-90.00,120.75,0.00,CLOSED,0
660399.070,0,0,0,0.950,0.950,0.950,-90.00,121.39,0.00,CLOSED,0
660399.080,0,0,0,0.950,0.950,0.950,-90.00,122.00,0.00,CLOSED,0
660399.091,0,0,0,0.950,0.950,0.950,-90.00,122.65,0.00,CLOSED,1
660399.103,0,0,0,0.950,0.950,0.950,-90.00,123.37,0.00,CLOSED,0
660399.115,0,0,0,0.950,0.950,0.950,-90.00,124.07,0.00,CLOSED,0
660399.126,0,0,0,0.950,0.950,0.950,-90.00,124.74,0.00,CLOSED,0
660399.137,0,0,0,0.950,0.950,0.950,-90.00,125.40,0.00,CLOSED,0
660399.147,0,0,0,0.950,0.950,0.950,-90.00,126.03,0.00,CLOSED,0
660399.158,0,0,0,0.950,0.950,0.950,-90.00,126.65,0.00,CLOSED,0
660399.168,0,0,0,0.950,0.950,0.950,-90.00,127.29,0.00,CLOSED,0
660399.179,0,0,0,0.950,0.950,0.950,-90.00,127.92,0.00,CLOSED,0
660399.189,0,0,0,0.950,0.950,0.950,-90.00,128.53,0.00,CLOSED,0
660399.199,0,0,0,0.950,0.950,0.950,-90.00,129.15,0.00,CLOSED,1
660399.211,0,0,0,0.950,0.950,0.950,-90.00,129.84,0.00,CLOSED,0
660399.222,0,0,0,0.950,0.950,0.950,-90.00,130.48,0.00,CLOSED,0
660399.232,0,0,0,0.950,0.950,0.950,-90.00,131.11,0.00,CLOSED,0
660399.243,0,0,0,0.950,0.950,0.950,-90.00,131.74,0.00,CLOSED,0
660399.253,0,0,0,0.950,0.950,0.950,-90.00,132.36,0.00,CLOSED,0
660399.264,0,0,0,0.950,0.950,0.950,-90.00,133.00,0.00,CLOSED,0
660399.274,0,0,0,0.950,0.950,0.950,-90.00,133.64,0.00,CLOSED,0
660399.285,0,0,0,0.950,0.950,0.950,-90.00,134.28,0.00,CLOSED,0
660399.296,0,0,0,0.950,0.950,0.950,-90.00,134.93,0.00,CLOSED,0
660399.306,0,0,0,0.950,0.950,0.950,-90.00,135.55,0.00,CLOSED,1
660399.318,0,0,0,0.950,0.950,0.950,-90.00,136.30,0.00,CLOSED,0
660399.329,0,0,0,0.950,0.950,0.950,-90.00,136.94,0.00,CLOSED,0
660399.340,0,0,0,0.950,0.950,0.950,-90.00,137.58,0.00,CLOSED,0
660399.350,0,0,0,0.950,0.950,0.950,-90.00,138.21,0.00,CLOSED,0
660399.361,0,0,0,0.950,0.950,0.950,-90.00,138.85,0.00,CLOSED,0
660399.372,0,0,0,0.950,0.950,0.950,-90.00,139.50,0.00,CLOSED,0
660399.383,0,0,0,0.950,0.950,0.950,-90.00,140.15,0.00,CLOSED,0
660399.393,0,0,0,0.950,0.950,0.950,-90.00,140.78,0.00,CLOSED,0
660399.404,0,0,0,0.950,0.950,0.950,-90.00,141.43,0.00,CLOSED,0
660399.414,0,0,0,0.950,0.950,0.950,-90.00,142.05,0.00,CLOSED,1
660399.426,0,0,0,0.950,0.950,0.950,-90.00,142.74,0.00,CLOSED,0
660399.436,0,0,0,0.950,0.950,0.950,-90.00,143.36,0.00,CLOSED,0
660399.447,0,0,0,0.950,0.950,0.950,-90.00,144.01,0.00,CLOSED,0
660399.458,0,0,0,0.950,0.950,0.950,-90.00,144.65,0.00,CLOSED,0
660399.468,0,0,0,0.950,0.950,0.950,-90.00,145.27,0.00,CLOSED,0
660399.479,0,0,0,0.950,0.950,0.950,-90.00,145.91,0.00,CLOSED,0
660399.489,0,0,0,0.950,0.950,0.950,-90.00,146.55,0.00,CLOSED,0
660399.500,0,0,0,0.950,0.950,0.950,-90.00,147.18,0.00,CLOSED,0
660399.510,0,0,0,0.950,0.950,0.950,-90.00,147.80,0.00,CLOSED,0
660399.521,0,0,0,0.950,0.950,0.950,-90.00,148.46,0.00,CLOSED,1
660399.533,0,0,0,0.950,0.950,0.950,-90.00,149.18,0.00,CLOSED,0
660399.543,0,0,0,0.950,0.950,0.950,-90.00,149.79,0.00,CLOSED,0
660399.554,0,0,0,0.950,0.950,0.950,-90.00,150.43,0.00,CLOSED,0
660399.564,0,0,0,0.950,0.950,0.950,-90.00,151.06,0.00,CLOSED,0
660399.575,0,0,0,0.950,0.950,0.950,-90.00,151.70,0.00,CLOSED,0
660399.586,0,0,0,0.950,0.950,0.950,-90.00,152.35,0.00,CLOSED,0
660399.597,0,0,0,0.950,0.950,0.950,-90.00,152.99,0.00,CLOSED,0
660399.608,0,0,0,0.950,0.950,0.950,-90.00,153.64,0.00,CLOSED,0
660399.618,0,0,0,0.950,0.950,0.950,-90.00,154.29,0.00,CLOSED,0
660399.629,0,0,0,0.950,0.950,0.950,-90.00,154.91,0.00,CLOSED,1
660399.641,0,0,0,0.950,0.950,0.950,-90.00,155.62,0.00,CLOSED,0
660399.652,0,0,0,0.950,0.950,0.950,-90.00,156.28,0.00,CLOSED,0
660399.662,0,0,0,0.950,0.950,0.950,-90.00,156.91,0.00,CLOSED,0
660399.673,0,0,0,0.950,0.950,0.950,-90.00,157.54,0.00,CLOSED,0
660399.683,0,0,0,0.950,0.950,0.950,-90.00,158.16,0.00,CLOSED,0
660399.693,0,0,0,0.950,0.950,0.950,-90.00,158.78,0.00,CLOSED,0
660399.704,0,0,0,0.950,0.950,0.950,-90.00,159.42,0.00,CLOSED,0
660399.714,0,0,0,0.950,0.950,0.950,-90.00,160.05,0.00,CLOSED,0
660399.725,0,0,0,0.950,0.950,0.950,-90.00,160.70,0.00,CLOSED,0
660399.737,0,0,0,0.950,0.950,0.950,-90.00,161.39,0.00,CLOSED,1
660399.749,0,0,0,0.950,0.950,0.950,-90.00,162.10,0.00,CLOSED,0
660399.759,0,0,0,0.950,0.950,0.950,-90.00,162.75,0.00,CLOSED,0
660399.770,0,0,0,0.950,0.950,0.950,-90.00,163.37,0.00,CLOSED,0
660399.780,0,0,0,0.950,0.950,0.950,-90.00,164.01,0.00,CLOSED,0
660399.791,0,0,0,0.950,0.950,0.950,-90.00,164.64,0.00,CLOSED,0
660399.802,0,0,0,0.950,0.950,0.950,-90.00,165.28,0.00,CLOSED,0
660399.812,0,0,0,0.950,0.950,0.950,-90.00,165.92,0.00,CLOSED,0
660399.823,0,0,0,0.950,0.950,0.950,-90.00,166.55,0.00,CLOSED,0
660399.833,0,0,0,0.950,0.950,0.950,-90.00,167.19,0.00,CLOSED,0
660399.844,0,0,0,0.950,0.950,0.950,-90.00,167.81,0.00,CLOSED,1
660399.856,0,0,0,0.950,0.950,0.950,-90.00,168.54,0.00,CLOSED,0
660399.866,0,0,0,0.950,0.950,0.950,-90.00,169.15,0.00,CLOSED,0
660399.877,0,0,0,0.950,0.950,0.950,-90.00,169.79,0.00,CLOSED,0
660399.887,0,0,0,0.950,0.950,0.950,-90.00,170.42,0.00,CLOSED,0
660399.898,0,0,0,0.950,0.950,0.950,-90.00,171.04,0.00,CLOSED,0
660399.908,0,0,0,0.950,0.950,0.950,-90.00,171.67,0.00,CLOSED,0
660399.919,0,0,0,0.950,0.950,0.950,-90.00,172.33,0.00,CLOSED,0
660399.930,0,0,0,0.950,0.950,0.950,-90.00,172.96,0.00,CLOSED,0
660399.940,0,0,0,0.950,0.950,0.950,-90.00,173.58,0.00,CLOSED,0
660399.950,0,0,0,0.950,0.950,0.950,-90.00,174.20,0.00,CLOSED,1
660399.962,0,0,0,0.950,0.950,0.950,-90.00,174.91,0.00,CLOSED,0
660399.972,0,0,0,0.950,0.950,0.950,-90.00,175.53,0.00,CLOSED,0
660399.983,0,0,0,0.950,0.950,0.950,-90.00,176.16,0.00,CLOSED,0
660399.994,0,0,0,0.950,0.950,0.950,-90.00,176.80,0.00,CLOSED,0
660400.004,0,0,0,0.950,0.950,0.950,-90.00,177.42,0.00,CLOSED,0
660400.015,0,0,0,0.950,0.950,0.950,-90.00,178.06,0.00,CLOSED,0
660400.025,0,0,0,0.950,0.950,0.950,-90.00,178.69,0.00,CLOSED,0
660400.036,0,0,0,0.950,0.950,0.950,-90.00,179.35,0.00,CLOSED,0
660400.046,0,0,0,0.950,0.950,0.950,-90.00,179.96,0.00,CLOSED,0
660400.057,0,0,0,0.950,0.950,0.950,-90.00,180.00,0.00,CLOSED,1
660400.068,0,0,0,0.950,0.950,0.950,-90.00,180.00,0.00,CLOSED,0
660400.079,0,0,0,0.950,0.950,0.950,-90.00,180.00,0.00,CLOSED,0
660400.089,0,0,0,0.950,0.950,0.950,-90.00,180.00,0.00,CLOSED,0
660400.100,0,0,0,0.950,0.950,0.950,-90.00,180.00,0.00,CLOSED,0
660400.111,0,0,0,0.950,0.950,0.950,-90.00,180.00,0.00,CLOSED,0
660400.121,0,0,0,0.950,0.950,0.950,-90.00,180.00,0.00,CLOSED,0
660400.132,0,0,0,0.950,0.950,0.950,-90.00,180.00,0.00,CLOSED,0
660400.143,0,0,0,0.950,0.950,0.950,-90.00,180.00,0.00,CLOSED,0
660400.154,0,0,0,0.950,0.950,0.950,-90.00,180.00,0.00,CLOSED,0
660400.164,0,0,0,0.950,0.950,0.950,-90.00,180.00,0.00,CLOSED,0
660400.175,0,0,0,0.950,0.950,0.950,-90.00,180.00,0.00,CLOSED,0
660400.185,0,0,0,0.950,0.950,0.950,-90.00,180.00,0.00,CLOSED,0
660400.196,0,0,0,0.950,0.950,0.950,-90.00,180.00,0.00,CLOSED,0
660400.206,0,0,0,0.950,0.950,0.950,-90.00,180.00,0.00,CLOSED,0
660400.217,0,0,0,0.950,0.950,0.950,-90.00,180.00,0.00,CLOSED,0
660400.227,0,0,0,0.950,0.950,0.950,-90.00,180.00,0.00,CLOSED,0
660400.238,0,0,0,0.950,0.950,0.950,-90.00,180.00,0.00,CLOSED,0
660400.248,0,0,0,0.950,0.950,0.950,-90.00,180.00,0.00,CLOSED,0
660400.259,0,0,0,0.950,0.950,0.950,-90.00,180.00,0.00,CLOSED,0
660400.269,0,0,0,0.950,0.950,0.950,-90.00,180.00,0.00,CLOSED,0
660400.280,0,0,0,0.950,0.950,0.950,-90.00,180.00,0.00,CLOSED,0
660400.290,0,0,0,0.950,0.950,0.950,-90.00,180.00,0.00,CLOSED,0
660400.300,0,0,0,0.950,0.950,0.950,-90.00,180.00,0.00,CLOSED,0
660400.311,0,0,0,0.950,0.950,0.950,-90.00,180.00,0.00,CLOSED,0
660400.321,0,0,0,0.950,0.950,0.950,-90.00,180.00,0.00,CLOSED,0
660400.332,0,0,0,0.950,0.950,0.950,-90.00,180.00,0.00,CLOSED,0
660400.343,0,0,0,0.950,0.950,0.950,-90.00,180.00,0.00,CLOSED,0
660400.353,0,0,0,0.950,0.950,0.950,-90.00,180.00,0.00,CLOSED,0
660400.364,0,0,0,0.950,0.950,0.950,-90.00,180.00,0.00,CLOSED,0
660400.375,0,0,0,0.950,0.950,0.950,-90.00,180.00,0.00,CLOSED,0
660400.385,0,0,0,0.950,0.950,0.950,-90.00,180.00,0.00,CLOSED,0
660400.396,0,0,0,0.950,0.950,0.950,-90.00,180.00,0.00,CLOSED,0
660400.406,0,0,0,0.950,0.950,0.950,-90.00,180.00,0.00,CLOSED,0
660400.417,0,0,0,0.950,0.950,0.950,-90.00,180.00,0.00,CLOSED,0
660400.428,0,0,0,0.950,0.950,0.950,-90.00,180.00,0.00,CLOSED,0
660400.439,0,0,0,0.950,0.950,0.950,-90.00,180.00,0.00,CLOSED,0
660400.450,0,0,0,0.950,0.950,0.950,-90.00,180.00,0.00,CLOSED,0
660400.460,0,0,0,0.950,0.950,0.950,-90.00,180.00,0.00,CLOSED,0
660400.470,0,0,0,0.950,0.950,0.950,-90.00,180.00,0.00,CLOSED,0
660400.481,0,0,0,0.950,0.950,0.950,-90.00,180.00,0.00,CLOSED,0
660400.491,0,0,0,0.950,0.950,0.950,-90.00,180.00,0.00,CLOSED,0
660400.502,0,0,0,0.950,0.950,0.950,-90.00,180.00,0.00,CLOSED,0
660400.513,0,0,0,0.950,0.950,0.950,-90.00,180.00,0.00,CLOSED,0
660400.523,0,0,0,0.950,0.950,0.950,-90.00,180.00,0.00,CLOSED,0
660400.533,0,0,0,0.950,0.950,0.950,-90.00,180.00,0.00,CLOSED,0
660400.544,0,0,0,0.950,0.950,0.950,-90.00,180.00,0.00,CLOSED,0
660400.554,0,0,0,0.950,0.950,0.950,-90.00,180.00,0.00,CLOSED,0
660400.565,0,0,0,0.950,0.950,0.950,-90.00,180.00,0.00,CLOSED,0
660400.575,0,0,0,0.950,0.950,0.950,-90.00,180.00,0.00,CLOSED,0
660400.586,0,0,0,0.950,0.950,0.950,-90.00,180.00,0.00,CLOSED,0
660400.596,0,0,0,0.950,0.950,0.950,-90.00,180.00,0.00,CLOSED,0
660400.607,0,0,0,0.950,0.950,0.950,-90.00,180.00,0.00,CLOSED,0
660400.618,0,0,0,0.950,0.950,0.950,-90.00,180.00,0.00,CLOSED,0
660400.628,0,0,0,0.950,0.950,0.950,-90.00,180.00,0.00,CLOSED,0
660400.638,0,0,0,0.950,0.950,0.950,-90.00,180.00,0.00,CLOSED,0
660400.649,0,0,0,0.950,0.950,0.950,-90.00,180.00,0.00,CLOSED,0
660400.660,0,0,0,0.950,0.950,0.950,-90.00,180.00,0.00,CLOSED,0
660400.670,0,0,0,0.950,0.950,0.950,-90.00,180.00,0.00,CLOSED,0
660400.681,0,0,0,0.950,0.950,0.950,-90.00,180.00,0.00,CLOSED,0
660400.691,0,0,0,0.950,0.950,0.950,-90.00,180.00,0.00,CLOSED,0
660400.702,0,0,0,0.950,0.950,0.950,-90.00,180.00,0.00,CLOSED,0
660400.712,0,0,0,0.950,0.950,0.950,-90.00,180.00,0.00,CLOSED,0
660400.723,0,0,0,0.950,0.950,0.950,-90.00,180.00,0.00,CLOSED,0
660400.733,0,0,0,0.950,0.950,0.950,-90.00,180.00,0.00,CLOSED,0
660400.743,0,0,0,0.950,0.950,0.950,-90.00,180.00,0.00,CLOSED,0
660400.754,0,0,0,0.950,0.950,0.950,-90.00,180.00,0.00,CLOSED,0
660400.765,0,0,0,0.950,0.950,0.950,-90.00,180.00,0.00,CLOSED,0
660400.775,0,0,0,0.950,0.950,0.950,-90.00,180.00,0.00,CLOSED,0
660400.786,0,0,0,0.950,0.950,0.950,-90.00,180.00,0.00,CLOSED,0
660400.797,0,0,0,0.950,0.950,0.950,-90.00,180.00,0.00,CLOSED,0
660400.808,0,0,0,0.950,0.950,0.950,-90.00,180.00,0.00,CLOSED,0
660400.819,0,0,0,0.950,0.950,0.950,-90.00,180.00,0.00,CLOSED,0
660400.829,0,0,0,0.950,0.950,0.950,-90.00,180.00,0.00,CLOSED,0
660400.840,0,0,0,0.950,0.950,0.950,-90.00,180.00,0.00,CLOSED,0
660400.850,0,0,0,0.950,0.950,0.950,-90.00,180.00,0.00,CLOSED,0
660400.861,0,0,0,0.950,0.950,0.950,-90.00,180.00,0.00,CLOSED,0
660400.871,0,0,0,0.950,0.950,0.950,-90.00,180.00,0.00,CLOSED,0
660400.882,0,0,0,0.950,0.950,0.950,-90.00,180.00,0.00,CLOSED,0
660400.892,0,0,0,0.950,0.950,0.950,-90.00,180.00,0.00,CLOSED,0
660400.903,0,0,0,0.950,0.950,0.950,-90.00,180.00,0.00,CLOSED,0
660400.914,0,0,0,0.950,0.950,0.950,-90.00,180.00,0.00,CLOSED,0
660400.924,0,0,0,0.950,0.950,0.950,-90.00,180.00,0.00,CLOSED,0
660400.935,0,0,0,0.950,0.950,0.950,-90.00,180.00,0.00,CLOSED,0
660400.946,0,0,0,0.950,0.950,0.950,-90.00,180.00,0.00,CLOSED,0
660400.956,0,0,0,0.950,0.950,0.950,-90.00,180.00,0.00,CLOSED,0
660400.967,0,0,0,0.950,0.950,0.950,-90.00,180.00,0.00,CLOSED,0
660400.977,0,0,0,0.950,0.950,0.950,-90.00,180.00,0.00,CLOSED,0
660400.988,0,0,0,0.950,0.950,0.950,-90.00,180.00,0.00,CLOSED,0
660400.999,0,0,0,0.950,0.950,0.950,-90.00,180.00,0.00,CLOSED,0
660401.009,0,0,0,0.950,0.950,0.950,-90.00,180.00,0.00,CLOSED,0
660401.020,0,0,0,0.950,0.950,0.950,-90.00,180.00,0.00,CLOSED,0
660401.030,0,0,0,0.950,0.950,0.950,-90.00,180.00,0.00,CLOSED,0
660401.041,0,0,0,0.950,0.950,0.950,-90.00,180.00,0.00,CLOSED,0
660401.051,0,0,0,0.950,0.950,0.950,-90.00,180.00,0.00,CLOSED,0
660401.062,0,0,0,0.950,0.950,0.950,-90.00,180.00,0.00,CLOSED,0
660401.073,0,0,0,0.950,0.950,0.950,-90.00,180.00,0.00,CLOSED,0
660401.083,0,0,0,0.950,0.950,0.950,-90.00,180.00,0.00,CLOSED,0
660401.094,0,0,0,0.950,0.950,0.950,-90.00,180.00,0.00,CLOSED,0
660401.105,0,0,0,0.950,0.950,0.950,-90.00,180.00,0.00,CLOSED,0
660401.115,0,0,0,0.950,0.950,0.950,-90.00,180.00,0.00,CLOSED,0
660401.126,0,0,0,0.950,0.950,0.950,-90.00,180.00,0.00,CLOSED,0
660401.137,0,0,0,0.950,0.950,0.950,-90.00,180.00,0.00,CLOSED,0
660401.147,0,0,0,0.950,0.950,0.950,-90.00,180.00,0.00,CLOSED,0
660401.158,0,0,0,0.950,0.950,0.950,-90.00,180.00,0.00,CLOSED,0
660401.169,0,0,0,0.950,0.950,0.950,-90.00,180.00,0.00,CLOSED,0
660401.180,0,0,0,0.950,0.950,0.950,-90.00,180.00,0.00,CLOSED,0
660401.190,0,0,0,0.950,0.950,0.950,-90.00,180.00,0.00,CLOSED,0
660401.201,0,0,0,0.950,0.950,0.950,-90.00,180.00,0.00,CLOSED,0
660401.212,0,0,0,0.950,0.950,0.950,-90.00,180.00,0.00,CLOSED,0
660401.222,0,0,0,0.950,0.950,0.950,-90.00,180.00,0.00,CLOSED,0
660401.233,0,0,0,0.950,0.950,0.950,-90.00,180.00,0.00,CLOSED,0
660401.243,0,0,0,0.950,0.950,0.950,-90.00,180.00,0.00,CLOSED,0
660401.254,0,0,0,0.950,0.950,0.950,-90.00,180.00,0.00,CLOSED,0
660401.265,0,0,0,0.950,0.950,0.950,-90.00,180.00,0.00,CLOSED,0
660401.275,0,0,0,0.950,0.950,0.950,-90.00,180.00,0.00,CLOSED,0
660401.286,0,0,0,0.950,0.950,0.950,-90.00,180.00,0.00,CLOSED,0
660401.297,0,0,0,0.950,0.950,0.950,-90.00,180.00,0.00,CLOSED,0
660401.307,0,0,0,0.950,0.950,0.950,-90.00,180.00,0.00,CLOSED,0
660401.318,0,0,0,0.950,0.950,0.950,-90.00,180.00,0.00,CLOSED,0
660401.329,0,0,0,0.950,0.950,0.950,-90.00,180.00,0.00,CLOSED,0
660401.339,0,0,0,0.950,0.950,0.950,-90.00,180.00,0.00,CLOSED,0
660401.350,0,0,0,0.950,0.950,0.950,-90.00,180.00,0.00,CLOSED,0
660401.361,0,0,0,0.950,0.950,0.950,-90.00,180.00,0.00,CLOSED,0
660401.371,0,0,0,0.950,0.950,0.950,-90.00,180.00,0.00,CLOSED,0
660401.382,0,0,0,0.950,0.950,0.950,-90.00,180.00,0.00,CLOSED,0
660401.392,0,0,0,0.950,0.950,0.950,-90.00,180.00,0.00,CLOSED,0
660401.403,0,0,0,0.950,0.950,0.950,-90.00,180.00,0.00,CLOSED,0
660401.413,0,0,0,0.950,0.950,0.950,-90.00,180.00,0.00,CLOSED,0
660401.424,0,0,0,0.950,0.950,0.950,-90.00,180.00,0.00,CLOSED,0
660401.435,0,0,0,0.950,0.950,0.950,-90.00,180.00,0.00,CLOSED,0
660401.446,0,0,0,0.950,0.950,0.950,-90.00,180.00,0.00,CLOSED,0
660401.457,0,0,0,0.950,0.950,0.950,-90.00,180.00,0.00,CLOSED,0
660401.468,0,0,0,0.950,0.950,0.950,-90.00,180.00,0.00,CLOSED,0
660401.478,0,0,0,0.950,0.950,0.950,-90.00,180.00,0.00,CLOSED,0
660401.489,0,0,0,0.950,0.950,0.950,-90.00,180.00,0.00,CLOSED,0
660401.500,0,0,0,0.950,0.950,0.950,-90.00,180.00,0.00,CLOSED,0
660401.510,0,0,0,0.950,0.950,0.950,-90.00,180.00,0.00,CLOSED,0
660401.521,0,0,0,0.950,0.950,0.950,-90.00,180.00,0.00,CLOSED,0
660401.531,0,0,0,0.950,0.950,0.950,-90.00,180.00,0.00,CLOSED,0
660401.542,0,0,0,0.950,0.950,0.950,-90.00,180.00,0.00,CLOSED,0
660401.553,0,0,0,0.950,0.950,0.950,-90.00,180.00,0.00,CLOSED,0
660401.563,0,0,0,0.950,0.950,0.950,-90.00,180.00,0.00,CLOSED,0
660401.574,0,0,0,0.950,0.950,0.950,-90.00,180.00,0.00,CLOSED,0
660401.585,0,0,0,0.950,0.950,0.950,-90.00,180.00,0.00,CLOSED,0
660401.597,0,0,0,0.950,0.950,0.950,-90.00,180.00,0.00,CLOSED,0
660401.608,0,0,0,0.950,0.950,0.950,-90.00,180.00,0.00,CLOSED,0
660401.619,0,0,0,0.950,0.950,0.950,-90.00,180.00,0.00,CLOSED,0
660401.629,0,0,0,0.950,0.950,0.950,-90.00,180.00,0.00,CLOSED,0
660401.640,0,0,0,0.950,0.950,0.950,-90.00,180.00,0.00,CLOSED,0
660401.651,0,0,0,0.950,0.950,0.950,-90.00,180.00,0.00,CLOSED,0
660401.662,0,0,0,0.950,0.950,0.950,-90.00,180.00,0.00,CLOSED,0
660401.672,0,0,0,0.950,0.950,0.950,-90.00,180.00,0.00,CLOSED,0
660401.683,0,0,0,0.950,0.950,0.950,-90.00,180.00,0.00,CLOSED,0
660401.693,0,0,0,0.950,0.950,0.950,-90.00,180.00,0.00,CLOSED,0
660401.703,0,0,0,0.950,0.950,0.950,-90.00,180.00,0.00,CLOSED,0
660401.714,0,0,0,0.950,0.950,0.950,-90.00,180.00,0.00,CLOSED,0
660401.724,0,0,0,0.950,0.950,0.950,-90.00,180.00,0.00,CLOSED,0
660401.735,0,0,0,0.950,0.950,0.950,-90.00,180.00,0.00,CLOSED,0
660401.746,0,0,0,0.950,0.950,0.950,-90.00,180.00,0.00,CLOSED,0
660401.757,0,0,0,0.950,0.950,0.950,-90.00,180.00,0.00,CLOSED,0
660401.767,0,0,0,0.950,0.950,0.950,-90.00,180.00,0.00,CLOSED,0
660401.778,0,0,0,0.950,0.950,0.950,-90.00,180.00,0.00,CLOSED,0
660401.788,0,0,0,0.950,0.950,0.950,-90.00,180.00,0.00,CLOSED,0
660401.799,0,0,0,0.950,0.950,0.950,-90.00,180.00,0.00,CLOSED,0
660401.809,0,0,0,0.950,0.950,0.950,-90.00,180.00,0.00,CLOSED,0
660401.820,0,0,0,0.950,0.950,0.950,-90.00,180.00,0.00,CLOSED,0
660401.830,0,0,0,0.950,0.950,0.950,-90.00,180.00,0.00,CLOSED,0
660401.841,0,0,0,0.950,0.950,0.950,-90.00,180.00,0.00,CLOSED,0
660401.852,0,0,0,0.950,0.950,0.950,-90.00,180.00,0.00,CLOSED,0
660401.862,0,0,0,0.950,0.950,0.950,-90.00,180.00,0.00,CLOSED,0
660401.873,0,0,0,0.950,0.950,0.950,-90.00,180.00,0.00,CLOSED,0
660401.883,0,0,0,0.950,0.950,0.950,-90.00,180.00,0.00,CLOSED,0
660401.894,0,0,0,0.950,0.950,0.950,-90.00,180.00,0.00,CLOSED,0
660401.905,0,0,0,0.950,0.950,0.950,-90.00,180.00,0.00,CLOSED,0
660401.915,0,0,0,0.950,0.950,0.950,-90.00,180.00,0.00,CLOSED,0
660401.925,0,0,0,0.950,0.950,0.950,-90.00,180.00,0.00,CLOSED,0
660401.936,0,0,0,0.950,0.950,0.950,-90.00,180.00,0.00,CLOSED,0
660401.947,0,0,0,0.950,0.950,0.950,-90.00,180.00,0.00,CLOSED,0
660401.957,0,0,0,0.950,0.950,0.950,-90.00,180.00,0.00,CLOSED,0
660401.967,0,0,0,0.950,0.950,0.950,-90.00,180.00,0.00,CLOSED,0
660401.978,0,0,0,0.950,0.950,0.950,-90.00,180.00,0.00,CLOSED,0
660401.989,0,0,0,0.950,0.950,0.950,-90.00,180.00,0.00,CLOSED,0
660401.999,0,0,0,0.950,0.950,0.950,-90.00,180.00,0.00,CLOSED,0
660402.010,0,0,0,0.950,0.950,0.950,-90.00,180.00,0.00,CLOSED,0
660402.020,0,0,0,0.950,0.950,0.950,-90.00,180.00,0.00,CLOSED,0
660402.031,0,0,0,0.950,0.950,0.950,-90.00,180.00,0.00,CLOSED,0
660402.041,0,0,0,0.950,0.950,0.950,-90.00,180.00,0.00,CLOSED,0
660402.052,1,0,0,0.950,0.950,0.950,-90.00,180.00,4.50,CLOSED,1
660402.064,1,0,0,0.950,0.950,0.950,-90.00,180.00,4.50,CLOSED,0
660402.075,1,0,0,0.950,0.950,0.950,-90.00,180.00,4.50,CLOSED,0
660402.085,1,0,0,0.950,0.950,0.950,-90.00,180.00,4.50,CLOSED,0
660402.095,1,0,0,0.950,0.950,0.950,-90.00,180.00,4.50,CLOSED,0
660402.106,1,0,0,0.950,0.950,0.950,-90.00,180.00,4.50,CLOSED,0
660402.116,1,0,0,0.950,0.950,0.950,-90.00,180.00,4.50,CLOSED,0
660402.127,1,0,0,0.950,0.950,0.950,-90.00,180.00,4.50,CLOSED,0
660402.137,1,0,0,0.950,0.950,0.950,-90.00,180.00,4.50,CLOSED,0
660402.148,1,0,0,0.950,0.950,0.950,-90.00,180.00,4.50,CLOSED,0
660402.158,1,0,0,0.950,0.950,0.950,-90.00,180.00,9.00,CLOSED,1
660402.170,1,0,0,0.950,0.950,0.950,-90.00,180.00,9.00,CLOSED,0
660402.181,1,0,0,0.950,0.950,0.950,-90.00,180.00,9.00,CLOSED,0
660402.191,1,0,0,0.950,0.950,0.950,-90.00,180.00,9.00,CLOSED,0
660402.202,1,0,0,0.950,0.950,0.950,-90.00,180.00,9.00,CLOSED,0
660402.212,1,0,0,0.950,0.950,0.950,-90.00,180.00,9.00,CLOSED,0
660402.223,1,0,0,0.950,0.950,0.950,-90.00,180.00,9.00,CLOSED,0
660402.233,1,0,0,0.950,0.950,0.950,-90.00,180.00,9.00,CLOSED,0
660402.244,1,0,0,0.950,0.950,0.950,-90.00,180.00,9.00,CLOSED,0
660402.254,1,0,0,0.950,0.950,0.950,-90.00,180.00,9.00,CLOSED,0
660402.265,1,0,0,0.950,0.950,0.950,-90.00,180.00,13.50,CLOSED,1
660402.276,1,0,0,0.950,0.950,0.950,-90.00,180.00,13.50,CLOSED,0
660402.287,1,0,0,0.950,0.950,0.950,-90.00,180.00,13.50,CLOSED,0
660402.297,1,0,0,0.950,0.950,0.950,-90.00,180.00,13.50,CLOSED,0
660402.307,1,0,0,0.950,0.950,0.950,-90.00,180.00,13.50,CLOSED,0
660402.318,1,0,0,0.950,0.950,0.950,-90.00,180.00,13.50,CLOSED,0
660402.328,1,0,0,0.950,0.950,0.950,-90.00,180.00,13.50,CLOSED,0
660402.339,1,0,0,0.950,0.950,0.950,-90.00,180.00,13.50,CLOSED,0
660402.349,1,0,0,0.950,0.950,0.950,-90.00,180.00,13.50,CLOSED,0
660402.360,1,0,0,0.950,0.950,0.950,-90.00,180.00,13.50,CLOSED,0
660402.370,1,0,0,0.950,0.950,0.950,-90.00,180.00,18.00,CLOSED,1
660402.382,1,0,0,0.950,0.950,0.950,-90.00,180.00,18.00,CLOSED,0
660402.393,1,0,0,0.950,0.950,0.950,-90.00,180.00,18.00,CLOSED,0
660402.403,1,0,0,0.950,0.950,0.950,-90.00,180.00,18.00,CLOSED,0
660402.414,1,0,0,0.950,0.950,0.950,-90.00,180.00,18.00,CLOSED,0
660402.425,1,0,0,0.950,0.950,0.950,-90.00,180.00,18.00,CLOSED,0
660402.435,1,0,0,0.950,0.950,0.950,-90.00,180.00,18.00,CLOSED,0
660402.446,1,0,0,0.950,0.950,0.950,-90.00,180.00,18.00,CLOSED,0
660402.457,1,0,0,0.950,0.950,0.950,-90.00,180.00,18.00,CLOSED,0
660402.467,1,0,0,0.950,0.950,0.950,-90.00,180.00,18.00,CLOSED,0
660402.478,1,0,0,0.950,0.950,0.950,-90.00,180.00,22.50,CLOSED,1
660402.490,1,0,0,0.950,0.950,0.950,-90.00,180.00,22.50,CLOSED,0
660402.500,1,0,0,0.950,0.950,0.950,-90.00,180.00,22.50,CLOSED,0
660402.511,1,0,0,0.950,0.950,0.950,-90.00,180.00,22.50,CLOSED,0
660402.521,1,0,0,0.950,0.950,0.950,-90.00,180.00,22.50,CLOSED,0
660402.532,1,0,0,0.950,0.950,0.950,-90.00,180.00,22.50,CLOSED,0
660402.542,1,0,0,0.950,0.950,0.950,-90.00,180.00,22.50,CLOSED,0
660402.553,1,0,0,0.950,0.950,0.950,-90.00,180.00,22.50,CLOSED,0
660402.564,1,0,0,0.950,0.950,0.950,-90.00,180.00,22.50,CLOSED,0
660402.575,1,0,0,0.950,0.950,0.950,-90.00,180.00,22.50,CLOSED,0
660402.586,1,0,0,0.950,0.950,0.950,-90.00,180.00,27.00,CLOSED,1
660402.598,1,0,0,0.950,0.950,0.950,-90.00,180.00,27.00,CLOSED,0
660402.608,1,0,0,0.950,0.950,0.950,-90.00,180.00,27.00,CLOSED,0
660402.619,1,0,0,0.950,0.950,0.950,-90.00,180.00,27.00,CLOSED,0
660402.630,1,0,0,0.950,0.950,0.950,-90.00,180.00,27.00,CLOSED,0
660402.640,1,0,0,0.950,0.950,0.950,-90.00,180.00,27.00,CLOSED,0
660402.650,1,0,0,0.950,0.950,0.950,-90.00,180.00,27.00,CLOSED,0
660402.661,1,0,0,0.950,0.950,0.950,-90.00,180.00,27.00,CLOSED,0
660402.672,1,0,0,0.950,0.950,0.950,-90.00,180.00,27.00,CLOSED,0
660402.682,1,0,0,0.950,0.950,0.950,-90.00,180.00,27.00,CLOSED,0
660402.693,1,0,0,0.950,0.950,0.950,-90.00,180.00,31.50,CLOSED,1
660402.704,1,0,0,0.950,0.950,0.950,-90.00,180.00,31.50,CLOSED,0
660402.715,1,0,0,0.950,0.950,0.950,-90.00,180.00,31.50,CLOSED,0
660402.725,1,0,0,0.950,0.950,0.950,-90.00,180.00,31.50,CLOSED,0
660402.736,1,0,0,0.950,0.950,0.950,-90.00,180.00,31.50,CLOSED,0
660402.747,1,0,0,0.950,0.950,0.950,-90.00,180.00,31.50,CLOSED,0
660402.757,1,0,0,0.950,0.950,0.950,-90.00,180.00,31.50,CLOSED,0
660402.768,1,0,0,0.950,0.950,0.950,-90.00,180.00,31.50,CLOSED,0
660402.779,1,0,0,0.950,0.950,0.950,-90.00,180.00,31.50,CLOSED,0
660402.789,1,0,0,0.950,0.950,0.950,-90.00,180.00,31.50,CLOSED,0
660402.800,1,0,0,0.950,0.950,0.950,-90.00,180.00,36.00,CLOSED,1
660402.812,1,0,0,0.950,0.950,0.950,-90.00,180.00,36.00,CLOSED,0
660402.822,1,0,0,0.950,0.950,0.950,-90.00,180.00,36.00,CLOSED,0
660402.833,1,0,0,0.950,0.950,0.950,-90.00,180.00,36.00,CLOSED,0
660402.843,1,0,0,0.950,0.950,0.950,-90.00,180.00,36.00,CLOSED,0
660402.854,1,0,0,0.950,0.950,0.950,-90.00,180.00,36.00,CLOSED,0
660402.864,1,0,0,0.950,0.950,0.950,-90.00,180.00,36.00,CLOSED,0
660402.875,1,0,0,0.950,0.950,0.950,-90.00,180.00,36.00,CLOSED,0
660402.885,1,0,0,0.950,0.950,0.950,-90.00,180.00,36.00,CLOSED,0
660402.896,1,0,0,0.950,0.950,0.950,-90.00,180.00,36.00,CLOSED,0
660402.907,1,0,0,0.950,0.950,0.950,-90.00,180.00,40.50,CLOSED,1
660402.919,1,0,0,0.950,0.950,0.950,-90.00,180.00,40.50,CLOSED,0
660402.929,1,0,0,0.950,0.950,0.950,-90.00,180.00,40.50,CLOSED,0
660402.940,1,0,0,0.950,0.950,0.950,-90.00,180.00,40.50,CLOSED,0
660402.950,1,0,0,0.950,0.950,0.950,-90.00,180.00,40.50,CLOSED,0
660402.961,1,0,0,0.950,0.950,0.950,-90.00,180.00,40.50,CLOSED,0
660402.972,1,0,0,0.950,0.950,0.950,-90.00,180.00,40.50,CLOSED,0
660402.982,1,0,0,0.950,0.950,0.950,-90.00,180.00,40.50,CLOSED,0
660402.993,1,0,0,0.950,0.950,0.950,-90.00,180.00,40.50,CLOSED,0
660403.004,1,0,0,0.950,0.950,0.950,-90.00,180.00,40.50,CLOSED,0
660403.014,1,0,0,0.950,0.950,0.950,-90.00,180.00,45.00,CLOSED,1
660403.026,1,0,0,0.950,0.950,0.950,-90.00,180.00,45.00,CLOSED,0
660403.037,1,0,0,0.950,0.950,0.950,-90.00,180.00,45.00,CLOSED,0
660403.047,1,0,0,0.950,0.950,0.950,-90.00,180.00,45.00,CLOSED,0
660403.058,1,0,0,0.950,0.950,0.950,-90.00,180.00,45.00,CLOSED,0
660403.069,1,0,0,0.950,0.950,0.950,-90.00,180.00,45.00,CLOSED,0
660403.080,1,0,0,0.950,0.950,0.950,-90.00,180.00,45.00,CLOSED,0
660403.091,1,0,0,0.950,0.950,0.950,-90.00,180.00,45.00,CLOSED,0
660403.102,1,0,0,0.950,0.950,0.950,-90.00,180.00,45.00,CLOSED,0
660403.113,1,0,0,0.950,0.950,0.950,-90.00,180.00,45.00,CLOSED,0
660403.123,1,0,0,0.950,0.950,0.950,-90.00,180.00,49.50,CLOSED,1
660403.136,1,0,0,0.950,0.950,0.950,-90.00,180.00,49.50,CLOSED,0
660403.147,1,0,0,0.950,0.950,0.950,-90.00,180.00,49.50,CLOSED,0
660403.157,1,0,0,0.950,0.950,0.950,-90.00,180.00,49.50,CLOSED,0
660403.168,1,0,0,0.950,0.950,0.950,-90.00,180.00,49.50,CLOSED,0
660403.179,1,0,0,0.950,0.950,0.950,-90.00,180.00,49.50,CLOSED,0
660403.189,1,0,0,0.950,0.950,0.950,-90.00,180.00,49.50,CLOSED,0
660403.200,1,0,0,0.950,0.950,0.950,-90.00,180.00,49.50,CLOSED,0
660403.210,1,0,0,0.950,0.950,0.950,-90.00,180.00,49.50,CLOSED,0
660403.221,1,0,0,0.950,0.950,0.950,-90.00,180.00,49.50,CLOSED,0
660403.231,1,0,0,0.950,0.950,0.950,-90.00,180.00,54.00,CLOSED,1
660403.243,1,0,0,0.950,0.950,0.950,-90.00,180.00,54.00,CLOSED,0
660403.254,1,0,0,0.950,0.950,0.950,-90.00,180.00,54.00,CLOSED,0
660403.264,1,0,0,0.950,0.950,0.950,-90.00,180.00,54.00,CLOSED,0
660403.275,1,0,0,0.950,0.950,0.950,-90.00,180.00,54.00,CLOSED,0
660403.286,1,0,0,0.950,0.950,0.950,-90.00,180.00,54.00,CLOSED,0
660403.296,1,0,0,0.950,0.950,0.950,-90.00,180.00,54.00,CLOSED,0
660403.307,1,0,0,0.950,0.950,0.950,-90.00,180.00,54.00,CLOSED,0
660403.317,1,0,0,0.950,0.950,0.950,-90.00,180.00,54.00,CLOSED,0
660403.328,1,0,0,0.950,0.950,0.950,-90.00,180.00,54.00,CLOSED,0
660403.338,1,0,0,0.950,0.950,0.950,-90.00,180.00,58.50,CLOSED,1
660403.350,1,0,0,0.950,0.950,0.950,-90.00,180.00,58.50,CLOSED,0
660403.360,1,0,0,0.950,0.950,0.950,-90.00,180.00,58.50,CLOSED,0
660403.371,1,0,0,0.950,0.950,0.950,-90.00,180.00,58.50,CLOSED,0
660403.381,1,0,0,0.950,0.950,0.950,-90.00,180.00,58.50,CLOSED,0
660403.392,1,0,0,0.950,0.950,0.950,-90.00,180.00,58.50,CLOSED,0
660403.402,1,0,0,0.950,0.950,0.950,-90.00,180.00,58.50,CLOSED,0
660403.413,1,0,0,0.950,0.950,0.950,-90.00,180.00,58.50,CLOSED,0
660403.423,1,0,0,0.950,0.950,0.950,-90.00,180.00,58.50,CLOSED,0
660403.434,1,0,0,0.950,0.950,0.950,-90.00,180.00,58.50,CLOSED,0
660403.445,1,0,0,0.950,0.950,0.950,-90.00,180.00,63.00,CLOSED,1
660403.457,1,0,0,0.950,0.950,0.950,-90.00,180.00,63.00,CLOSED,0
660403.468,1,0,0,0.950,0.950,0.950,-90.00,180.00,63.00,CLOSED,0
660403.478,1,0,0,0.950,0.950,0.950,-90.00,180.00,63.00,CLOSED,0
660403.489,1,0,0,0.950,0.950,0.950,-90.00,180.00,63.00,CLOSED,0
660403.499,1,0,0,0.950,0.950,0.950,-90.00,180.00,63.00,CLOSED,0
660403.510,1,0,0,0.950,0.950,0.950,-90.00,180.00,63.00,CLOSED,0
660403.520,1,0,0,0.950,0.950,0.950,-90.00,180.00,63.00,CLOSED,0
660403.530,1,0,0,0.950,0.950,0.950,-90.00,180.00,63.00,CLOSED,0
660403.541,1,0,0,0.950,0.950,0.950,-90.00,180.00,63.00,CLOSED,0
660403.552,1,0,0,0.950,0.950,0.950,-90.00,180.00,67.50,CLOSED,1
660403.564,1,0,0,0.950,0.950,0.950,-90.00,180.00,67.50,CLOSED,0
660403.574,1,0,0,0.950,0.950,0.950,-90.00,180.00,67.50,CLOSED,0
660403.585,1,0,0,0.950,0.950,0.950,-90.00,180.00,67.50,CLOSED,0
660403.596,1,0,0,0.950,0.950,0.950,-90.00,180.00,67.50,CLOSED,0
660403.606,1,0,0,0.950,0.950,0.950,-90.00,180.00,67.50,CLOSED,0
660403.617,1,0,0,0.950,0.950,0.950,-90.00,180.00,67.50,CLOSED,0
660403.627,1,0,0,0.950,0.950,0.950,-90.00,180.00,67.50,CLOSED,0
660403.638,1,0,0,0.950,0.950,0.950,-90.00,180.00,67.50,CLOSED,0
660403.649,1,0,0,0.950,0.950,0.950,-90.00,180.00,67.50,CLOSED,0
660403.659,1,0,0,0.950,0.950,0.950,-90.00,180.00,72.00,CLOSED,1
660403.671,1,0,0,0.950,0.950,0.950,-90.00,180.00,72.00,CLOSED,0
660403.681,1,0,0,0.950,0.950,0.950,-90.00,180.00,72.00,CLOSED,0
660403.692,1,0,0,0.950,0.950,0.950,-90.00,180.00,72.00,CLOSED,0
660403.703,1,0,0,0.950,0.950,0.950,-90.00,180.00,72.00,CLOSED,0
660403.713,1,0,0,0.950,0.950,0.950,-90.00,180.00,72.00,CLOSED,0
660403.724,1,0,0,0.950,0.950,0.950,-90.00,180.00,72.00,CLOSED,0
660403.735,1,0,0,0.950,0.950,0.950,-90.00,180.00,72.00,CLOSED,0
660403.745,1,0,0,0.950,0.950,0.950,-90.00,180.00,72.00,CLOSED,0
660403.756,1,0,0,0.950,0.950,0.950,-90.00,180.00,72.00,CLOSED,0
660403.766,1,0,0,0.950,0.950,0.950,-90.00,180.00,76.50,CLOSED,1
660403.778,1,0,0,0.950,0.950,0.950,-90.00,180.00,76.50,CLOSED,0
660403.788,1,0,0,0.950,0.950,0.950,-90.00,180.00,76.50,CLOSED,0
660403.799,1,0,0,0.950,0.950,0.950,-90.00,180.00,76.50,CLOSED,0
660403.809,1,0,0,0.950,0.950,0.950,-90.00,180.00,76.50,CLOSED,0
660403.820,1,0,0,0.950,0.950,0.950,-90.00,180.00,76.50,CLOSED,0
660403.830,1,0,0,0.950,0.950,0.950,-90.00,180.00,76.50,CLOSED,0
660403.841,1,0,0,0.950,0.950,0.950,-90.00,180.00,76.50,CLOSED,0
660403.852,1,0,0,0.950,0.950,0.950,-90.00,180.00,76.50,CLOSED,0
660403.863,1,0,0,0.950,0.950,0.950,-90.00,180.00,76.50,CLOSED,0
660403.873,1,0,0,0.950,0.950,0.950,-90.00,180.00,81.00,CLOSED,1
660403.886,1,0,0,0.950,0.950,0.950,-90.00,180.00,81.00,CLOSED,0
660403.896,1,0,0,0.950,0.950,0.950,-90.00,180.00,81.00,CLOSED,0
660403.907,1,0,0,0.950,0.950,0.950,-90.00,180.00,81.00,CLOSED,0
660403.917,1,0,0,0.950,0.950,0.950,-90.00,180.00,81.00,CLOSED,0
660403.928,1,0,0,0.950,0.950,0.950,-90.00,180.00,81.00,CLOSED,0
660403.938,1,0,0,0.950,0.950,0.950,-90.00,180.00,81.00,CLOSED,0
660403.949,1,0,0,0.950,0.950,0.950,-90.00,180.00,81.00,CLOSED,0
660403.959,1,0,0,0.950,0.950,0.950,-90.00,180.00,81.00,CLOSED,0
660403.970,1,0,0,0.950,0.950,0.950,-90.00,180.00,81.00,CLOSED,0
660403.980,1,0,0,0.950,0.950,0.950,-90.00,180.00,85.50,CLOSED,1
660403.992,1,0,0,0.950,0.950,0.950,-90.00,180.00,85.50,CLOSED,0
660404.002,1,0,0,0.950,0.950,0.950,-90.00,180.00,85.50,CLOSED,0
660404.013,1,0,0,0.950,0.950,0.950,-90.00,180.00,85.50,CLOSED,0
660404.023,1,0,0,0.950,0.950,0.950,-90.00,180.00,85.50,CLOSED,0
660404.034,1,0,0,0.950,0.950,0.950,-90.00,180.00,85.50,CLOSED,0
660404.044,1,0,0,0.950,0.950,0.950,-90.00,180.00,85.50,CLOSED,0
660404.055,2,0,0,0.950,0.950,0.950,-90.00,180.00,85.50,CLOSED,0
660404.065,2,0,0,0.950,0.950,0.950,-90.00,180.00,85.50,CLOSED,0
660404.076,2,0,0,0.950,0.950,0.950,-90.00,180.00,85.50,CLOSED,0
660404.087,2,0,0,0.950,0.950,0.950,-90.00,180.00,81.00,CLOSED,1
660404.099,2,0,0,0.950,0.950,0.950,-90.00,180.00,81.00,CLOSED,0
660404.109,2,0,0,0.950,0.950,0.950,-90.00,180.00,81.00,CLOSED,0
660404.120,2,0,0,0.950,0.950,0.950,-90.00,180.00,81.00,CLOSED,0
660404.130,2,0,0,0.950,0.950,0.950,-90.00,180.00,81.00,CLOSED,0
660404.141,2,0,0,0.950,0.950,0.950,-90.00,180.00,81.00,CLOSED,0
660404.152,2,0,0,0.950,0.950,0.950,-90.00,180.00,81.00,CLOSED,0
660404.163,2,0,0,0.950,0.950,0.950,-90.00,180.00,81.00,CLOSED,0
660404.173,2,0,0,0.950,0.950,0.950,-90.00,180.00,81.00,CLOSED,0
660404.184,2,0,0,0.950,0.950,0.950,-90.00,180.00,81.00,CLOSED,0
660404.195,2,0,0,0.950,0.950,0.950,-90.00,180.00,76.50,CLOSED,1
660404.207,2,0,0,0.950,0.950,0.950,-90.00,180.00,76.50,CLOSED,0
660404.217,2,0,0,0.950,0.950,0.950,-90.00,180.00,76.50,CLOSED,0
660404.228,2,0,0,0.950,0.950,0.950,-90.00,180.00,76.50,CLOSED,0
660404.238,2,0,0,0.950,0.950,0.950,-90.00,180.00,76.50,CLOSED,0
660404.249,2,0,0,0.950,0.950,0.950,-90.00,180.00,76.50,CLOSED,0
660404.259,2,0,0,0.950,0.950,0.950,-90.00,180.00,76.50,CLOSED,0
660404.270,2,0,0,0.950,0.950,0.950,-90.00,180.00,76.50,CLOSED,0
660404.280,2,0,0,0.950,0.950,0.950,-90.00,180.00,76.50,CLOSED,0
660404.291,2,0,0,0.950,0.950,0.950,-90.00,180.00,76.50,CLOSED,0
660404.302,2,0,0,0.950,0.950,0.950,-90.00,180.00,72.00,CLOSED,1
660404.313,2,0,0,0.950,0.950,0.950,-90.00,180.00,72.00,CLOSED,0
660404.324,2,0,0,0.950,0.950,0.950,-90.00,180.00,72.00,CLOSED,0
660404.335,2,0,0,0.950,0.950,0.950,-90.00,180.00,72.00,CLOSED,0
660404.346,2,0,0,0.950,0.950,0.950,-90.00,180.00,72.00,CLOSED,0
660404.358,2,0,0,0.950,0.950,0.950,-90.00,180.00,72.00,CLOSED,0
660404.369,2,0,0,0.950,0.950,0.950,-90.00,180.00,72.00,CLOSED,0
660404.381,2,0,0,0.950,0.950,0.950,-90.00,180.00,72.00,CLOSED,0
660404.392,2,0,0,0.950,0.950,0.950,-90.00,180.00,72.00,CLOSED,0
660404.402,2,0,0,0.950,0.950,0.950,-90.00,180.00,67.50,CLOSED,1
660404.415,2,0,0,0.950,0.950,0.950,-90.00,180.00,67.50,CLOSED,0
660404.425,2,0,0,0.950,0.950,0.950,-90.00,180.00,67.50,CLOSED,0
660404.436,2,0,0,0.950,0.950,0.950,-90.00,180.00,67.50,CLOSED,0
660404.446,2,0,0,0.950,0.950,0.950,-90.00,180.00,67.50,CLOSED,0
660404.457,2,0,0,0.950,0.950,0.950,-90.00,180.00,67.50,CLOSED,0
660404.469,2,0,0,0.950,0.950,0.950,-90.00,180.00,67.50,CLOSED,0
660404.479,2,0,0,0.950,0.950,0.950,-90.00,180.00,67.50,CLOSED,0
660404.490,2,0,0,0.950,0.950,0.950,-90.00,180.00,67.50,CLOSED,0
660404.500,2,0,0,0.950,0.950,0.950,-90.00,180.00,67.50,CLOSED,0
660404.511,2,0,0,0.950,0.950,0.950,-90.00,180.00,63.00,CLOSED,1
660404.522,2,0,0,0.950,0.950,0.950,-90.00,180.00,63.00,CLOSED,0
660404.533,2,0,0,0.950,0.950,0.950,-90.00,180.00,63.00,CLOSED,0
660404.543,2,0,0,0.950,0.950,0.950,-90.00,180.00,63.00,CLOSED,0
660404.554,2,0,0,0.950,0.950,0.950,-90.00,180.00,63.00,CLOSED,0
660404.564,2,0,0,0.950,0.950,0.950,-90.00,180.00,63.00,CLOSED,0
660404.575,2,0,0,0.950,0.950,0.950,-90.00,180.00,63.00,CLOSED,0
660404.586,2,0,0,0.950,0.950,0.950,-90.00,180.00,63.00,CLOSED,0
660404.597,2,0,0,0.950,0.950,0.950,-90.00,180.00,63.00,CLOSED,0
660404.607,2,0,0,0.950,0.950,0.950,-90.00,180.00,63.00,CLOSED,0
660404.618,2,0,0,0.950,0.950,0.950,-90.00,180.00,58.50,CLOSED,1
660404.630,2,0,0,0.950,0.950,0.950,-90.00,180.00,58.50,CLOSED,0
660404.640,2,0,0,0.950,0.950,0.950,-90.00,180.00,58.50,CLOSED,0
660404.651,2,0,0,0.950,0.950,0.950,-90.00,180.00,58.50,CLOSED,0
660404.662,2,0,0,0.950,0.950,0.950,-90.00,180.00,58.50,CLOSED,0
660404.672,2,0,0,0.950,0.950,0.950,-90.00,180.00,58.50,CLOSED,0
660404.683,2,0,0,0.950,0.950,0.950,-90.00,180.00,58.50,CLOSED,0
660404.693,2,0,0,0.950,0.950,0.950,-90.00,180.00,58.50,CLOSED,0
660404.704,2,0,0,0.950,0.950,0.950,-90.00,180.00,58.50,CLOSED,0
660404.714,2,0,0,0.950,0.950,0.950,-90.00,180.00,58.50,CLOSED,0
660404.725,2,0,0,0.950,0.950,0.950,-90.00,180.00,54.00,CLOSED,1
660404.737,2,0,0,0.950,0.950,0.950,-90.00,180.00,54.00,CLOSED,0
660404.747,2,0,0,0.950,0.950,0.950,-90.00,180.00,54.00,CLOSED,0
660404.758,2,0,0,0.950,0.950,0.950,-90.00,180.00,54.00,CLOSED,0
660404.768,2,0,0,0.950,0.950,0.950,-90.00,180.00,54.00,CLOSED,0
660404.779,2,0,0,0.950,0.950,0.950,-90.00,180.00,54.00,CLOSED,0
660404.789,2,0,0,0.950,0.950,0.950,-90.00,180.00,54.00,CLOSED,0
660404.800,2,0,0,0.950,0.950,0.950,-90.00,180.00,54.00,CLOSED,0
660404.810,2,0,0,0.950,0.950,0.950,-90.00,180.00,54.00,CLOSED,0
660404.821,2,0,0,0.950,0.950,0.950,-90.00,180.00,54.00,CLOSED,0
660404.831,2,0,0,0.950,0.950,0.950,-90.00,180.00,49.50,CLOSED,1
660404.843,2,0,0,0.950,0.950,0.950,-90.00,180.00,49.50,CLOSED,0
660404.854,2,0,0,0.950,0.950,0.950,-90.00,180.00,49.50,CLOSED,0
660404.864,2,0,0,0.950,0.950,0.950,-90.00,180.00,49.50,CLOSED,0
660404.875,2,0,0,0.950,0.950,0.950,-90.00,180.00,49.50,CLOSED,0
660404.886,2,0,0,0.950,0.950,0.950,-90.00,180.00,49.50,CLOSED,0
660404.896,2,0,0,0.950,0.950,0.950,-90.00,180.00,49.50,CLOSED,0
660404.907,2,0,0,0.950,0.950,0.950,-90.00,180.00,49.50,CLOSED,0
660404.917,2,0,0,0.950,0.950,0.950,-90.00,180.00,49.50,CLOSED,0
660404.928,2,0,0,0.950,0.950,0.950,-90.00,180.00,49.50,CLOSED,0
660404.938,2,0,0,0.950,0.950,0.950,-90.00,180.00,45.00,CLOSED,1
660404.950,2,0,0,0.950,0.950,0.950,-90.00,180.00,45.00,CLOSED,0
660404.960,2,0,0,0.950,0.950,0.950,-90.00,180.00,45.00,CLOSED,0
660404.971,2,0,0,0.950,0.950,0.950,-90.00,180.00,45.00,CLOSED,0
660404.981,2,0,0,0.950,0.950,0.950,-90.00,180.00,45.00,CLOSED,0
660404.992,2,0,0,0.950,0.950,0.950,-90.00,180.00,45.00,CLOSED,0
660405.003,2,0,0,0.950,0.950,0.950,-90.00,180.00,45.00,CLOSED,0
660405.013,2,0,0,0.950,0.950,0.950,-90.00,180.00,45.00,CLOSED,0
660405.024,2,0,0,0.950,0.950,0.950,-90.00,180.00,45.00,CLOSED,0
660405.035,2,0,0,0.950,0.950,0.950,-90.00,180.00,45.00,CLOSED,0
660405.045,2,0,0,0.950,0.950,0.950,-90.00,180.00,40.50,CLOSED,1
660405.057,2,0,0,0.950,0.950,0.950,-90.00,180.00,40.50,CLOSED,0
660405.068,2,0,0,0.950,0.950,0.950,-90.00,180.00,40.50,CLOSED,0
660405.078,2,0,0,0.950,0.950,0.950,-90.00,180.00,40.50,CLOSED,0
660405.089,2,0,0,0.950,0.950,0.950,-90.00,180.00,40.50,CLOSED,0
660405.099,2,0,0,0.950,0.950,0.950,-90.00,180.00,40.50,CLOSED,0
660405.110,2,0,0,0.950,0.950,0.950,-90.00,180.00,40.50,CLOSED,0
660405.120,2,0,0,0.950,0.950,0.950,-90.00,180.00,40.50,CLOSED,0
660405.130,2,0,0,0.950,0.950,0.950,-90.00,180.00,40.50,CLOSED,0
660405.141,2,0,0,0.950,0.950,0.950,-90.00,180.00,40.50,CLOSED,0
660405.152,2,0,0,0.950,0.950,0.950,-90.00,180.00,36.00,CLOSED,1
660405.163,2,0,0,0.950,0.950,0.950,-90.00,180.00,36.00,CLOSED,0
660405.174,2,0,0,0.950,0.950,0.950,-90.00,180.00,36.00,CLOSED,0
660405.185,2,0,0,0.950,0.950,0.950,-90.00,180.00,36.00,CLOSED,0
660405.195,2,0,0,0.950,0.950,0.950,-90.00,180.00,36.00,CLOSED,0
660405.206,2,0,0,0.950,0.950,0.950,-90.00,180.00,36.00,CLOSED,0
660405.216,2,0,0,0.950,0.950,0.950,-90.00,180.00,36.00,CLOSED,0
660405.227,2,0,0,0.950,0.950,0.950,-90.00,180.00,36.00,CLOSED,0
660405.238,2,0,0,0.950,0.950,0.950,-90.00,180.00,36.00,CLOSED,0
660405.249,2,0,0,0.950,0.950,0.950,-90.00,180.00,36.00,CLOSED,0
660405.259,2,0,0,0.950,0.950,0.950,-90.00,180.00,31.50,CLOSED,1
660405.271,2,0,0,0.950,0.950,0.950,-90.00,180.00,31.50,CLOSED,0
660405.281,2,0,0,0.950,0.950,0.950,-90.00,180.00,31.50,CLOSED,0
660405.292,2,0,0,0.950,0.950,0.950,-90.00,180.00,31.50,CLOSED,0
660405.303,2,0,0,0.950,0.950,0.950,-90.00,180.00,31.50,CLOSED,0
660405.313,2,0,0,0.950,0.950,0.950,-90.00,180.00,31.50,CLOSED,0
660405.324,2,0,0,0.950,0.950,0.950,-90.00,180.00,31.50,CLOSED,0
660405.334,2,0,0,0.950,0.950,0.950,-90.00,180.00,31.50,CLOSED,0
660405.345,2,0,0,0.950,0.950,0.950,-90.00,180.00,31.50,CLOSED,0
660405.355,2,0,0,0.950,0.950,0.950,-90.00,180.00,31.50,CLOSED,0
660405.366,2,0,0,0.950,0.950,0.950,-90.00,180.00,27.00,CLOSED,1
660405.377,2,0,0,0.950,0.950,0.950,-90.00,180.00,27.00,CLOSED,0
660405.388,2,0,0,0.950,0.950,0.950,-90.00,180.00,27.00,CLOSED,0
660405.398,2,0,0,0.950,0.950,0.950,-90.00,180.00,27.00,CLOSED,0
660405.409,2,0,0,0.950,0.950,0.950,-90.00,180.00,27.00,CLOSED,0
660405.419,2,0,0,0.950,0.950,0.950,-90.00,180.00,27.00,CLOSED,0
660405.430,2,0,0,0.950,0.950,0.950,-90.00,180.00,27.00,CLOSED,0
660405.440,2,0,0,0.950,0.950,0.950,-90.00,180.00,27.00,CLOSED,0
660405.451,2,0,0,0.950,0.950,0.950,-90.00,180.00,27.00,CLOSED,0
660405.461,2,0,0,0.950,0.950,0.950,-90.00,180.00,27.00,CLOSED,0
660405.472,2,0,0,0.950,0.950,0.950,-90.00,180.00,22.50,CLOSED,1
660405.483,2,0,0,0.950,0.950,0.950,-90.00,180.00,22.50,CLOSED,0
660405.494,2,0,0,0.950,0.950,0.950,-90.00,180.00,22.50,CLOSED,0
660405.504,2,0,0,0.950,0.950,0.950,-90.00,180.00,22.50,CLOSED,0
660405.515,2,0,0,0.950,0.950,0.950,-90.00,180.00,22.50,CLOSED,0
660405.525,2,0,0,0.950,0.950,0.950,-90.00,180.00,22.50,CLOSED,0
660405.536,2,0,0,0.950,0.950,0.950,-90.00,180.00,22.50,CLOSED,0
660405.546,2,0,0,0.950,0.950,0.950,-90.00,180.00,22.50,CLOSED,0
660405.556,2,0,0,0.950,0.950,0.950,-90.00,180.00,22.50,CLOSED,0
660405.567,2,0,0,0.950,0.950,0.950,-90.00,180.00,22.50,CLOSED,0
660405.577,2,0,0,0.950,0.950,0.950,-90.00,180.00,18.00,CLOSED,1
660405.589,2,0,0,0.950,0.950,0.950,-90.00,180.00,18.00,CLOSED,0
660405.600,2,0,0,0.950,0.950,0.950,-90.00,180.00,18.00,CLOSED,0
660405.611,2,0,0,0.950,0.950,0.950,-90.00,180.00,18.00,CLOSED,0
660405.622,2,0,0,0.950,0.950,0.950,-90.00,180.00,18.00,CLOSED,0
660405.633,2,0,0,0.950,0.950,0.950,-90.00,180.00,18.00,CLOSED,0
660405.644,2,0,0,0.950,0.950,0.950,-90.00,180.00,18.00,CLOSED,0
660405.656,2,0,0,0.950,0.950,0.950,-90.00,180.00,18.00,CLOSED,0
660405.666,2,0,0,0.950,0.950,0.950,-90.00,180.00,18.00,CLOSED,0
660405.677,2,0,0,0.950,0.950,0.950,-90.00,180.00,18.00,CLOSED,0
660405.688,2,0,0,0.950,0.950,0.950,-90.00,180.00,13.50,CLOSED,1
660405.700,2,0,0,0.950,0.950,0.950,-90.00,180.00,13.50,CLOSED,0
660405.711,2,0,0,0.950,0.950,0.950,-90.00,180.00,13.50,CLOSED,0
660405.721,2,0,0,0.950,0.950,0.950,-90.00,180.00,13.50,CLOSED,0
660405.732,2,0,0,0.950,0.950,0.950,-90.00,180.00,13.50,CLOSED,0
660405.742,2,0,0,0.950,0.950,0.950,-90.00,180.00,13.50,CLOSED,0
660405.753,2,0,0,0.950,0.950,0.950,-90.00,180.00,13.50,CLOSED,0
660405.763,2,0,0,0.950,0.950,0.950,-90.00,180.00,13.50,CLOSED,0
660405.774,2,0,0,0.950,0.950,0.950,-90.00,180.00,13.50,CLOSED,0
660405.785,2,0,0,0.950,0.950,0.950,-90.00,180.00,13.50,CLOSED,0
660405.796,2,0,0,0.950,0.950,0.950,-90.00,180.00,9.00,CLOSED,1
660405.808,2,0,0,0.950,0.950,0.950,-90.00,180.00,9.00,CLOSED,0
660405.819,2,0,0,0.950,0.950,0.950,-90.00,180.00,9.00,CLOSED,0
660405.829,2,0,0,0.950,0.950,0.950,-90.00,180.00,9.00,CLOSED,0
660405.839,2,0,0,0.950,0.950,0.950,-90.00,180.00,9.00,CLOSED,0
660405.850,2,0,0,0.950,0.950,0.950,-90.00,180.00,9.00,CLOSED,0
660405.861,2,0,0,0.950,0.950,0.950,-90.00,180.00,9.00,CLOSED,0
660405.871,2,0,0,0.950,0.950,0.950,-90.00,180.00,9.00,CLOSED,0
660405.881,2,0,0,0.950,0.950,0.950,-90.00,180.00,9.00,CLOSED,0
660405.892,2,0,0,0.950,0.950,0.950,-90.00,180.00,9.00,CLOSED,0
660405.903,2,0,0,0.950,0.950,0.950,-90.00,180.00,4.50,CLOSED,1
660405.915,2,0,0,0.950,0.950,0.950,-90.00,180.00,4.50,CLOSED,0
660405.926,2,0,0,0.950,0.950,0.950,-90.00,180.00,4.50,CLOSED,0
660405.936,2,0,0,0.950,0.950,0.950,-90.00,180.00,4.50,CLOSED,0
660405.946,2,0,0,0.950,0.950,0.950,-90.00,180.00,4.50,CLOSED,0
660405.957,2,0,0,0.950,0.950,0.950,-90.00,180.00,4.50,CLOSED,0
660405.968,2,0,0,0.950,0.950,0.950,-90.00,180.00,4.50,CLOSED,0
660405.978,2,0,0,0.950,0.950,0.950,-90.00,180.00,4.50,CLOSED,0
660405.989,2,0,0,0.950,0.950,0.950,-90.00,180.00,4.50,CLOSED,0
660406.000,2,0,0,0.950,0.950,0.950,-90.00,180.00,4.50,CLOSED,0
660406.010,2,0,0,0.950,0.950,0.950,-90.00,180.00,0.00,CLOSED,1
660406.022,2,0,0,0.950,0.950,0.950,-90.00,180.00,0.00,CLOSED,0
660406.032,2,0,0,0.950,0.950,0.950,-90.00,180.00,0.00,CLOSED,0
660406.042,2,0,0,0.950,0.950,0.950,-90.00,180.00,0.00,CLOSED,0
660406.053,3,0,0,0.950,0.950,0.950,-90.00,180.00,0.00,OPEN,0
660406.067,3,0,0,0.950,0.950,0.950,-90.00,180.00,0.00,OPEN,0
660406.077,3,0,0,0.950,0.950,0.950,-90.00,180.00,0.00,OPEN,0
660406.087,3,0,0,0.950,0.950,0.950,-90.00,180.00,0.00,OPEN,0
660406.098,3,0,0,0.950,0.950,0.950,-90.00,180.00,0.00,OPEN,0
660406.109,3,0,0,0.950,0.950,0.950,-90.00,180.00,0.00,OPEN,0
660406.119,3,0,0,0.950,0.950,0.950,-90.00,180.00,0.00,OPEN,0
660406.130,3,0,0,0.950,0.950,0.950,-90.00,180.00,0.00,OPEN,0
660406.140,3,0,0,0.950,0.950,0.950,-90.00,180.00,0.00,OPEN,0
660406.151,3,0,0,0.950,0.950,0.950,-90.00,180.00,0.00,OPEN,0
660406.161,3,0,0,0.950,0.950,0.950,-90.00,180.00,0.00,OPEN,0
660406.172,3,0,0,0.950,0.950,0.950,-90.00,180.00,0.00,OPEN,0
660406.183,3,0,0,0.950,0.950,0.950,-90.00,180.00,0.00,OPEN,0
660406.193,3,0,0,0.950,0.950,0.950,-90.00,180.00,0.00,OPEN,0
660406.204,3,0,0,0.950,0.950,0.950,-90.00,180.00,0.00,OPEN,0
660406.215,3,0,0,0.950,0.950,0.950,-90.00,180.00,0.00,OPEN,0
660406.225,3,0,0,0.950,0.950,0.950,-90.00,180.00,0.00,OPEN,0
660406.236,3,0,0,0.950,0.950,0.950,-90.00,180.00,0.00,OPEN,0
660406.247,3,0,0,0.950,0.950,0.950,-90.00,180.00,0.00,OPEN,0
660406.257,3,0,0,0.950,0.950,0.950,-90.00,180.00,0.00,OPEN,0
660406.268,3,0,0,0.950,0.950,0.950,-90.00,180.00,0.00,OPEN,0
660406.278,3,0,0,0.950,0.950,0.950,-90.00,180.00,0.00,OPEN,0
660406.289,3,0,0,0.950,0.950,0.950,-90.00,180.00,0.00,OPEN,0
660406.299,3,0,0,0.950,0.950,0.950,-90.00,180.00,0.00,OPEN,0
660406.310,3,0,0,0.950,0.950,0.950,-90.00,180.00,0.00,OPEN,0
660406.320,3,0,0,0.950,0.950,0.950,-90.00,180.00,0.00,OPEN,0
660406.331,3,0,0,0.950,0.950,0.950,-90.00,180.00,0.00,OPEN,0
660406.341,3,0,0,0.950,0.950,0.950,-90.00,180.00,0.00,OPEN,0
660406.352,3,0,0,0.950,0.950,0.950,-90.00,180.00,0.00,OPEN,0
660406.363,3,0,0,0.950,0.950,0.950,-90.00,180.00,0.00,OPEN,0
660406.373,3,0,0,0.950,0.950,0.950,-90.00,180.00,0.00,OPEN,0
660406.384,3,0,0,0.950,0.950,0.950,-90.00,180.00,0.00,OPEN,0
660406.394,3,0,0,0.950,0.950,0.950,-90.00,180.00,0.00,OPEN,0
660406.405,3,0,0,0.950,0.950,0.950,-90.00,180.00,0.00,OPEN,0
660406.415,3,0,0,0.950,0.950,0.950,-90.00,180.00,0.00,OPEN,0
660406.426,3,0,0,0.950,0.950,0.950,-90.00,180.00,0.00,OPEN,0
660406.437,3,0,0,0.950,0.950,0.950,-90.00,180.00,0.00,OPEN,0
660406.447,3,0,0,0.950,0.950,0.950,-90.00,180.00,0.00,OPEN,0
660406.458,3,0,0,0.950,0.950,0.950,-90.00,180.00,0.00,OPEN,0
660406.469,3,0,0,0.950,0.950,0.950,-90.00,180.00,0.00,OPEN,0
660406.479,3,0,0,0.950,0.950,0.950,-90.00,180.00,0.00,OPEN,0
660406.489,3,0,0,0.950,0.950,0.950,-90.00,180.00,0.00,OPEN,0
660406.500,3,0,0,0.950,0.950,0.950,-90.00,180.00,0.00,OPEN,0
660406.510,3,0,0,0.950,0.950,0.950,-90.00,180.00,0.00,OPEN,0
660406.520,3,0,0,0.950,0.950,0.950,-90.00,180.00,0.00,OPEN,0
660406.531,3,0,0,0.950,0.950,0.950,-90.00,180.00,0.00,OPEN,0
660406.541,3,0,0,0.950,0.950,0.950,-90.00,180.00,0.00,OPEN,0
660406.552,3,0,0,0.950,0.950,0.950,-90.00,180.00,0.00,OPEN,0
660406.563,3,0,0,0.950,0.950,0.950,-90.00,180.00,0.00,OPEN,0
660406.573,3,0,0,0.950,0.950,0.950,-90.00,180.00,0.00,OPEN,0
660406.585,3,0,0,0.950,0.950,0.950,-90.00,180.00,0.00,OPEN,0
660406.595,3,0,0,0.950,0.950,0.950,-90.00,180.00,0.00,OPEN,0
660406.606,3,0,0,0.950,0.950,0.950,-90.00,180.00,0.00,OPEN,0
660406.616,3,0,0,0.950,0.950,0.950,-90.00,180.00,0.00,OPEN,0
660406.627,3,0,0,0.950,0.950,0.950,-90.00,180.00,0.00,OPEN,0
660406.638,3,0,0,0.950,0.950,0.950,-90.00,180.00,0.00,OPEN,0
660406.648,3,0,0,0.950,0.950,0.950,-90.00,180.00,0.00,OPEN,0
660406.659,3,0,0,0.950,0.950,0.950,-90.00,180.00,0.00,OPEN,0
660406.670,3,0,0,0.950,0.950,0.950,-90.00,180.00,0.00,OPEN,0
660406.680,3,0,0,0.950,0.950,0.950,-90.00,180.00,0.00,OPEN,0
660406.691,3,0,0,0.950,0.950,0.950,-90.00,180.00,0.00,OPEN,0
660406.701,3,0,0,0.950,0.950,0.950,-90.00,180.00,0.00,OPEN,0
660406.712,3,0,0,0.950,0.950,0.950,-90.00,180.00,0.00,OPEN,0
660406.722,3,0,0,0.950,0.950,0.950,-90.00,180.00,0.00,OPEN,0
660406.733,3,0,0,0.950,0.950,0.950,-90.00,180.00,0.00,OPEN,0
660406.743,3,0,0,0.950,0.950,0.950,-90.00,180.00,0.00,OPEN,0
660406.754,3,0,0,0.950,0.950,0.950,-90.00,180.00,0.00,OPEN,0
660406.764,3,0,0,0.950,0.950,0.950,-90.00,180.00,0.00,OPEN,0
660406.775,3,0,0,0.950,0.950,0.950,-90.00,180.00,0.00,OPEN,0
660406.786,3,0,0,0.950,0.950,0.950,-90.00,180.00,0.00,OPEN,0
660406.797,3,0,0,0.950,0.950,0.950,-90.00,180.00,0.00,OPEN,0
660406.807,3,0,0,0.950,0.950,0.950,-90.00,180.00,0.00,OPEN,0
660406.817,3,0,0,0.950,0.950,0.950,-90.00,180.00,0.00,OPEN,0
660406.828,3,0,0,0.950,0.950,0.950,-90.00,180.00,0.00,OPEN,0
660406.838,3,0,0,0.950,0.950,0.950,-90.00,180.00,0.00,OPEN,0
660406.849,3,0,0,0.950,0.950,0.950,-90.00,180.00,0.00,OPEN,0
660406.860,3,0,0,0.950,0.950,0.950,-90.00,180.00,0.00,OPEN,0
660406.871,3,0,0,0.950,0.950,0.950,-90.00,180.00,0.00,OPEN,0
660406.881,3,0,0,0.950,0.950,0.950,-90.00,180.00,0.00,OPEN,0
660406.891,3,0,0,0.950,0.950,0.950,-90.00,180.00,0.00,OPEN,0
660406.902,3,0,0,0.950,0.950,0.950,-90.00,180.00,0.00,OPEN,0
660406.913,3,0,0,0.950,0.950,0.950,-90.00,180.00,0.00,OPEN,0
660406.923,3,0,0,0.950,0.950,0.950,-90.00,180.00,0.00,OPEN,0
660406.934,3,0,0,0.950,0.950,0.950,-90.00,180.00,0.00,OPEN,0
660406.944,3,0,0,0.950,0.950,0.950,-90.00,180.00,0.00,OPEN,0
660406.955,3,0,0,0.950,0.950,0.950,-90.00,180.00,0.00,OPEN,0
660406.965,3,0,0,0.950,0.950,0.950,-90.00,180.00,0.00,OPEN,0
660406.976,3,0,0,0.950,0.950,0.950,-90.00,180.00,0.00,OPEN,0
660406.987,3,0,0,0.950,0.950,0.950,-90.00,180.00,0.00,OPEN,0
660406.997,3,0,0,0.950,0.950,0.950,-90.00,180.00,0.00,OPEN,0
660407.008,3,0,0,0.950,0.950,0.950,-90.00,180.00,0.00,OPEN,0
660407.019,3,0,0,0.950,0.950,0.950,-90.00,180.00,0.00,OPEN,0
660407.030,3,0,0,0.950,0.950,0.950,-90.00,180.00,0.00,OPEN,0
660407.041,3,0,0,0.950,0.950,0.950,-90.00,180.00,0.00,OPEN,0
660407.051,3,0,0,0.950,0.950,0.950,-90.00,180.00,0.00,OPEN,0
660407.062,3,0,0,0.950,0.950,0.950,-90.00,180.00,0.00,OPEN,0
660407.072,3,0,0,0.950,0.950,0.950,-90.00,180.00,0.00,OPEN,0
660407.083,3,0,0,0.950,0.950,0.950,-90.00,180.00,0.00,OPEN,0
660407.094,3,0,0,0.950,0.950,0.950,-90.00,180.00,0.00,OPEN,0
660407.104,3,0,0,0.950,0.950,0.950,-90.00,180.00,0.00,OPEN,0
660407.115,3,0,0,0.950,0.950,0.950,-90.00,180.00,0.00,OPEN,0
660407.125,3,0,0,0.950,0.950,0.950,-90.00,180.00,0.00,OPEN,0
660407.136,3,0,0,0.950,0.950,0.950,-90.00,180.00,0.00,OPEN,0
660407.146,3,0,0,0.950,0.950,0.950,-90.00,180.00,0.00,OPEN,0
660407.157,3,0,0,0.950,0.950,0.950,-90.00,180.00,0.00,OPEN,0
660407.167,3,0,0,0.950,0.950,0.950,-90.00,180.00,0.00,OPEN,0
660407.178,3,0,0,0.950,0.950,0.950,-90.00,180.00,0.00,OPEN,0
660407.189,3,0,0,0.950,0.950,0.950,-90.00,180.00,0.00,OPEN,0
660407.199,3,0,0,0.950,0.950,0.950,-90.00,180.00,0.00,OPEN,0
660407.210,3,0,0,0.950,0.950,0.950,-90.00,180.00,0.00,OPEN,0
660407.220,3,0,0,0.950,0.950,0.950,-90.00,180.00,0.00,OPEN,0
660407.231,3,0,0,0.950,0.950,0.950,-90.00,180.00,0.00,OPEN,0
660407.242,3,0,0,0.950,0.950,0.950,-90.00,180.00,0.00,OPEN,0
660407.252,3,0,0,0.950,0.950,0.950,-90.00,180.00,0.00,OPEN,0
660407.263,3,0,0,0.950,0.950,0.950,-90.00,180.00,0.00,OPEN,0
660407.273,3,0,0,0.950,0.950,0.950,-90.00,180.00,0.00,OPEN,0
660407.284,3,0,0,0.950,0.950,0.950,-90.00,180.00,0.00,OPEN,0
660407.295,3,0,0,0.950,0.950,0.950,-90.00,180.00,0.00,OPEN,0
660407.305,3,0,0,0.950,0.950,0.950,-90.00,180.00,0.00,OPEN,0
660407.316,3,0,0,0.950,0.950,0.950,-90.00,180.00,0.00,OPEN,0
660407.326,3,0,0,0.950,0.950,0.950,-90.00,180.00,0.00,OPEN,0
660407.337,3,0,0,0.950,0.950,0.950,-90.00,180.00,0.00,OPEN,0
660407.348,3,0,0,0.950,0.950,0.950,-90.00,180.00,0.00,OPEN,0
660407.358,3,0,0,0.950,0.950,0.950,-90.00,180.00,0.00,OPEN,0
660407.369,3,0,0,0.950,0.950,0.950,-90.00,180.00,0.00,OPEN,0
660407.380,3,0,0,0.950,0.950,0.950,-90.00,180.00,0.00,OPEN,0
660407.391,3,0,0,0.950,0.950,0.950,-90.00,180.00,0.00,OPEN,0
660407.401,3,0,0,0.950,0.950,0.950,-90.00,180.00,0.00,OPEN,0
660407.412,3,0,0,0.950,0.950,0.950,-90.00,180.00,0.00,OPEN,0
660407.422,3,0,0,0.950,0.950,0.950,-90.00,180.00,0.00,OPEN,0
660407.433,3,0,0,0.950,0.950,0.950,-90.00,180.00,0.00,OPEN,0
660407.443,3,0,0,0.950,0.950,0.950,-90.00,180.00,0.00,OPEN,0
660407.454,3,0,0,0.950,0.950,0.950,-90.00,180.00,0.00,OPEN,0
660407.465,3,0,0,0.950,0.950,0.950,-90.00,180.00,0.00,OPEN,0
660407.476,3,0,0,0.950,0.950,0.950,-90.00,180.00,0.00,OPEN,0
660407.486,3,0,0,0.950,0.950,0.950,-90.00,180.00,0.00,OPEN,0
660407.497,3,0,0,0.950,0.950,0.950,-90.00,180.00,0.00,OPEN,0
660407.507,3,0,0,0.950,0.950,0.950,-90.00,180.00,0.00,OPEN,0
660407.519,3,0,0,0.950,0.950,0.950,-90.00,180.00,0.00,OPEN,0
660407.529,3,0,0,0.950,0.950,0.950,-90.00,180.00,0.00,OPEN,0
660407.540,3,0,0,0.950,0.950,0.950,-90.00,180.00,0.00,OPEN,0
660407.550,0,0,0,0.950,0.950,0.950,-90.00,180.00,0.00,OPEN,0
660407.561,0,0,0,0.950,0.950,0.950,-90.00,180.00,0.00,OPEN,0
660407.571,0,0,0,0.950,0.950,0.950,-90.00,180.00,0.00,OPEN,0
660407.582,0,0,0,0.950,0.950,0.950,-90.00,180.00,0.00,OPEN,0
660407.592,0,0,0,0.950,0.950,0.950,-90.00,180.00,0.00,OPEN,0
660407.603,0,0,0,0.950,0.950,0.950,-90.00,180.00,0.00,OPEN,0
660407.613,0,0,0,0.950,0.950,0.950,-90.00,180.00,0.00,OPEN,0
660407.624,0,0,0,0.950,0.950,0.950,-90.00,180.00,0.00,OPEN,0
660407.634,0,0,0,0.950,0.950,0.950,-90.00,180.00,0.00,OPEN,0
660407.645,0,0,0,0.950,0.950,0.950,-90.00,180.00,0.00,OPEN,0
660407.655,0,0,0,0.950,0.950,0.950,-90.00,180.00,0.00,OPEN,0
660407.666,0,0,0,0.950,0.950,0.950,-90.00,180.00,0.00,OPEN,0
660407.677,0,0,0,0.950,0.950,0.950,-90.00,180.00,0.00,OPEN,0
660407.688,0,0,0,0.950,0.950,0.950,-90.00,180.00,0.00,OPEN,0
660407.698,0,0,0,0.950,0.950,0.950,-90.00,180.00,0.00,OPEN,0
660407.709,0,0,0,0.950,0.950,0.950,-90.00,180.00,0.00,OPEN,0
660407.719,0,0,0,0.950,0.950,0.950,-90.00,180.00,0.00,OPEN,0
660407.730,0,0,0,0.950,0.950,0.950,-90.00,180.00,0.00,OPEN,0
660407.741,0,0,0,0.950,0.950,0.950,-90.00,180.00,0.00,OPEN,0
660407.752,0,0,0,0.950,0.950,0.950,-90.00,180.00,0.00,OPEN,0
660407.762,0,0,0,0.950,0.950,0.950,-90.00,180.00,0.00,OPEN,0
660407.774,0,0,0,0.950,0.950,0.950,-90.00,180.00,0.00,OPEN,0
660407.785,0,0,0,0.950,0.950,0.950,-90.00,180.00,0.00,OPEN,0
660407.796,0,0,0,0.950,0.950,0.950,-90.00,180.00,0.00,OPEN,0
660407.806,0,0,0,0.950,0.950,0.950,-90.00,180.00,0.00,OPEN,0
660407.817,0,0,0,0.950,0.950,0.950,-90.00,180.00,0.00,OPEN,0
660407.827,0,0,0,0.950,0.950,0.950,-90.00,180.00,0.00,OPEN,0
660407.838,0,0,0,0.950,0.950,0.950,-90.00,180.00,0.00,OPEN,0
660407.848,0,0,0,0.950,0.950,0.950,-90.00,180.00,0.00,OPEN,0
660407.859,0,0,0,0.950,0.950,0.950,-90.00,180.00,0.00,OPEN,0
660407.869,0,0,0,0.950,0.950,0.950,-90.00,180.00,0.00,OPEN,0
660407.880,0,0,0,0.950,0.950,0.950,-90.00,180.00,0.00,OPEN,0
660407.890,0,0,0,0.950,0.950,0.950,-90.00,180.00,0.00,OPEN,0
660407.901,0,0,0,0.950,0.950,0.950,-90.00,180.00,0.00,OPEN,0
660407.912,0,0,0,0.950,0.950,0.950,-90.00,180.00,0.00,OPEN,0
660407.922,0,0,0,0.950,0.950,0.950,-90.00,180.00,0.00,OPEN,0
660407.933,0,0,0,0.950,0.950,0.950,-90.00,180.00,0.00,OPEN,0
660407.943,0,0,0,0.950,0.950,0.950,-90.00,180.00,0.00,OPEN,0
660407.954,0,0,0,0.950,0.950,0.950,-90.00,180.00,0.00,OPEN,0
660407.964,0,0,0,0.950,0.950,0.950,-90.00,180.00,0.00,OPEN,0
660407.975,0,0,0,0.950,0.950,0.950,-90.00,180.00,0.00,OPEN,0
660407.986,0,0,0,0.950,0.950,0.950,-90.00,180.00,0.00,OPEN,0
660407.996,0,0,0,0.950,0.950,0.950,-90.00,180.00,0.00,OPEN,0
660408.006,0,0,0,0.950,0.950,0.950,-90.00,180.00,0.00,OPEN,0
660408.017,0,0,0,0.950,0.950,0.950,-90.00,180.00,0.00,OPEN,0
660408.028,0,0,0,0.950,0.950,0.950,-90.00,180.00,0.00,OPEN,0
660408.038,0,0,0,0.950,0.950,0.950,-90.00,180.00,0.00,OPEN,0
660408.048,0,0,0,0.950,0.950,0.950,-90.00,180.00,0.00,OPEN,0
660408.059,0,0,0,0.950,0.950,0.950,-90.00,180.00,0.00,OPEN,0
660408.070,0,0,0,0.950,0.950,0.950,-90.00,180.00,0.00,OPEN,0
660408.080,0,0,0,0.950,0.950,0.950,-90.00,180.00,0.00,OPEN,0
660408.091,0,0,0,0.950,0.950,0.950,-90.00,180.00,0.00,OPEN,0
660408.102,0,0,0,0.950,0.950,0.950,-90.00,180.00,0.00,OPEN,0
660408.112,0,0,0,0.950,0.950,0.950,-90.00,180.00,0.00,OPEN,0
660408.123,0,0,0,0.950,0.950,0.950,-90.00,180.00,0.00,OPEN,0
660408.134,0,0,0,0.950,0.950,0.950,-90.00,180.00,0.00,OPEN,0
660408.144,0,0,0,0.950,0.950,0.950,-90.00,180.00,0.00,OPEN,0
660408.155,0,0,0,0.950,0.950,0.950,-90.00,180.00,0.00,OPEN,0
660408.165,0,0,0,0.950,0.950,0.950,-90.00,180.00,0.00,OPEN,0
660408.176,0,0,0,0.950,0.950,0.950,-90.00,180.00,0.00,OPEN,0
660408.186,0,0,0,0.950,0.950,0.950,-90.00,180.00,0.00,OPEN,0
660408.197,0,0,0,0.950,0.950,0.950,-90.00,180.00,0.00,OPEN,0
660408.207,0,0,0,0.950,0.950,0.950,-90.00,180.00,0.00,OPEN,0
660408.218,0,0,0,0.950,0.950,0.950,-90.00,180.00,0.00,OPEN,0
660408.228,0,0,0,0.950,0.950,0.950,-90.00,180.00,0.00,OPEN,0
660408.239,0,0,0,0.950,0.950,0.950,-90.00,180.00,0.00,OPEN,0
660408.250,0,0,0,0.950,0.950,0.950,-90.00,180.00,0.00,OPEN,0
660408.260,0,0,0,0.950,0.950,0.950,-90.00,180.00,0.00,OPEN,0
660408.271,0,0,0,0.950,0.950,0.950,-90.00,180.00,0.00,OPEN,0
660408.281,0,0,0,0.950,0.950,0.950,-90.00,180.00,0.00,OPEN,0
660408.292,0,0,0,0.950,0.950,0.950,-90.00,180.00,0.00,OPEN,0
660408.302,0,0,0,0.950,0.950,0.950,-90.00,180.00,0.00,OPEN,0
660408.313,0,0,0,0.950,0.950,0.950,-90.00,180.00,0.00,OPEN,0
660408.323,0,0,0,0.950,0.950,0.950,-90.00,180.00,0.00,OPEN,0
660408.334,0,0,0,0.950,0.950,0.950,-90.00,180.00,0.00,OPEN,0
660408.344,0,0,0,0.950,0.950,0.950,-90.00,180.00,0.00,OPEN,0
660408.355,0,0,0,0.950,0.950,0.950,-90.00,180.00,0.00,OPEN,0
660408.366,0,0,0,0.950,0.950,0.950,-90.00,180.00,0.00,OPEN,0
660408.376,0,0,0,0.950,0.950,0.950,-90.00,180.00,0.00,OPEN,0
660408.386,0,0,0,0.950,0.950,0.950,-90.00,180.00,0.00,OPEN,0
660408.397,0,0,0,0.950,0.950,0.950,-90.00,180.00,0.00,OPEN,0
660408.407,0,0,0,0.950,0.950,0.950,-90.00,180.00,0.00,OPEN,0
660408.418,0,0,0,0.950,0.950,0.950,-90.00,180.00,0.00,OPEN,0
660408.428,0,0,0,0.950,0.950,0.950,-90.00,180.00,0.00,OPEN,0
660408.439,0,0,0,0.950,0.950,0.950,-90.00,180.00,0.00,OPEN,0
660408.450,0,0,0,0.950,0.950,0.950,-90.00,180.00,0.00,OPEN,0
660408.461,0,0,0,0.950,0.950,0.950,-90.00,180.00,0.00,OPEN,0
660408.472,0,0,0,0.950,0.950,0.950,-90.00,180.00,0.00,OPEN,0
660408.482,0,0,0,0.950,0.950,0.950,-90.00,180.00,0.00,OPEN,0
660408.492,0,0,0,0.950,0.950,0.950,-90.00,180.00,0.00,OPEN,0
660408.503,0,0,0,0.950,0.950,0.950,-90.00,180.00,0.00,OPEN,0
660408.514,0,0,0,0.950,0.950,0.950,-90.00,180.00,0.00,OPEN,0
660408.524,0,0,0,0.950,0.950,0.950,-90.00,180.00,0.00,OPEN,0
660408.535,0,0,0,0.950,0.950,0.950,-90.00,180.00,0.00,OPEN,0
660408.546,0,0,0,0.950,0.950,0.950,-90.00,180.00,0.00,OPEN,0
660408.556,0,0,0,0.950,0.950,0.950,-90.00,180.00,0.00,OPEN,0
660408.567,0,0,0,0.950,0.950,0.950,-90.00,180.00,0.00,OPEN,0
660408.578,0,0,0,0.950,0.950,0.950,-90.00,180.00,0.00,OPEN,0
660408.588,0,0,0,0.950,0.950,0.950,-90.00,180.00,0.00,OPEN,0
660408.599,0,0,0,0.950,0.950,0.950,-90.00,180.00,0.00,OPEN,0
660408.609,0,0,0,0.950,0.950,0.950,-90.00,180.00,0.00,OPEN,0
660408.619,0,0,0,0.950,0.950,0.950,-90.00,180.00,0.00,OPEN,0
660408.630,0,0,0,0.950,0.950,0.950,-90.00,180.00,0.00,OPEN,0
660408.640,0,0,0,0.950,0.950,0.950,-90.00,180.00,0.00,OPEN,0
660408.651,0,0,0,0.950,0.950,0.950,-90.00,180.00,0.00,OPEN,0
660408.662,0,0,0,0.950,0.950,0.950,-90.00,180.00,0.00,OPEN,0
660408.672,0,0,0,0.950,0.950,0.950,-90.00,180.00,0.00,OPEN,0
660408.682,0,0,0,0.950,0.950,0.950,-90.00,180.00,0.00,OPEN,0
660408.693,0,0,0,0.950,0.950,0.950,-90.00,180.00,0.00,OPEN,0
660408.703,0,0,0,0.950,0.950,0.950,-90.00,180.00,0.00,OPEN,0
660408.714,0,0,0,0.950,0.950,0.950,-90.00,180.00,0.00,OPEN,0
660408.724,0,0,0,0.950,0.950,0.950,-90.00,180.00,0.00,OPEN,0
660408.735,0,0,0,0.950,0.950,0.950,-90.00,180.00,0.00,OPEN,0
660408.745,0,0,0,0.950,0.950,0.950,-90.00,180.00,0.00,OPEN,0
660408.756,0,0,0,0.950,0.950,0.950,-90.00,180.00,0.00,OPEN,0
660408.767,0,0,0,0.950,0.950,0.950,-90.00,180.00,0.00,OPEN,0
660408.777,0,0,0,0.950,0.950,0.950,-90.00,180.00,0.00,OPEN,0
660408.788,0,0,0,0.950,0.950,0.950,-90.00,180.00,0.00,OPEN,0
660408.799,0,0,0,0.950,0.950,0.950,-90.00,180.00,0.00,OPEN,0
660408.809,0,0,0,0.950,0.950,0.950,-90.00,180.00,0.00,OPEN,0
660408.820,0,0,0,0.950,0.950,0.950,-90.00,180.00,0.00,OPEN,0
660408.830,0,0,0,0.950,0.950,0.950,-90.00,180.00,0.00,OPEN,0
660408.841,0,0,0,0.950,0.950,0.950,-90.00,180.00,0.00,OPEN,0
660408.852,0,0,0,0.950,0.950,0.950,-90.00,180.00,0.00,OPEN,0
660408.862,0,0,0,0.950,0.950,0.950,-90.00,180.00,0.00,OPEN,0
660408.873,0,0,0,0.950,0.950,0.950,-90.00,180.00,0.00,OPEN,0
660408.884,0,0,0,0.950,0.950,0.950,-90.00,180.00,0.00,OPEN,0
660408.894,0,0,0,0.950,0.950,0.950,-90.00,180.00,0.00,OPEN,0
660408.905,0,0,0,0.950,0.950,0.950,-90.00,180.00,0.00,OPEN,0
660408.915,0,0,0,0.950,0.950,0.950,-90.00,180.00,0.00,OPEN,0
660408.926,0,0,0,0.950,0.950,0.950,-90.00,180.00,0.00,OPEN,0
660408.936,0,0,0,0.950,0.950,0.950,-90.00,180.00,0.00,OPEN,0
660408.947,0,0,0,0.950,0.950,0.950,-90.00,180.00,0.00,OPEN,0
660408.957,0,0,0,0.950,0.950,0.950,-90.00,180.00,0.00,OPEN,0
660408.968,0,0,0,0.950,0.950,0.950,-90.00,180.00,0.00,OPEN,0
660408.979,0,0,0,0.950,0.950,0.950,-90.00,180.00,0.00,OPEN,0
660408.989,0,0,0,0.950,0.950,0.950,-90.00,180.00,0.00,OPEN,0
660409.000,0,0,0,0.950,0.950,0.950,-90.00,180.00,0.00,OPEN,0
660409.010,0,0,0,0.950,0.950,0.950,-90.00,180.00,0.00,OPEN,0
660409.022,0,0,0,0.950,0.950,0.950,-90.00,180.00,0.00,OPEN,0
660409.033,0,0,0,0.950,0.950,0.950,-90.00,180.00,0.00,OPEN,0
660409.044,0,0,0,0.950,0.950,0.950,-90.00,180.00,0.00,OPEN,0
660409.056,3,0,0,0.950,0.950,0.950,-90.00,180.00,0.00,CLOSED,0
660409.072,3,0,0,0.950,0.950,0.950,-90.00,180.00,0.00,CLOSED,0
660409.083,3,0,0,0.950,0.950,0.950,-90.00,180.00,0.00,CLOSED,0
660409.093,3,0,0,0.950,0.950,0.950,-90.00,180.00,0.00,CLOSED,0
660409.105,3,0,0,0.950,0.950,0.950,-90.00,180.00,0.00,CLOSED,0
660409.115,3,0,0,0.950,0.950,0.950,-90.00,180.00,0.00,CLOSED,0
660409.126,3,0,0,0.950,0.950,0.950,-90.00,180.00,0.00,CLOSED,0
660409.137,3,0,0,0.950,0.950,0.950,-90.00,180.00,0.00,CLOSED,0
660409.147,3,0,0,0.950,0.950,0.950,-90.00,180.00,0.00,CLOSED,0
660409.158,3,0,0,0.950,0.950,0.950,-90.00,180.00,0.00,CLOSED,0
660409.169,3,0,0,0.950,0.950,0.950,-90.00,180.00,0.00,CLOSED,0
660409.179,3,0,0,0.950,0.950,0.950,-90.00,180.00,0.00,CLOSED,0
660409.189,3,0,0,0.950,0.950,0.950,-90.00,180.00,0.00,CLOSED,0
660409.200,3,0,0,0.950,0.950,0.950,-90.00,180.00,0.00,CLOSED,0
660409.210,3,0,0,0.950,0.950,0.950,-90.00,180.00,0.00,CLOSED,0
660409.221,3,0,0,0.950,0.950,0.950,-90.00,180.00,0.00,CLOSED,0
660409.231,3,0,0,0.950,0.950,0.950,-90.00,180.00,0.00,CLOSED,0
660409.242,3,0,0,0.950,0.950,0.950,-90.00,180.00,0.00,CLOSED,0
660409.253,3,0,0,0.950,0.950,0.950,-90.00,180.00,0.00,CLOSED,0
660409.263,3,0,0,0.950,0.950,0.950,-90.00,180.00,0.00,CLOSED,0
660409.274,3,0,0,0.950,0.950,0.950,-90.00,180.00,0.00,CLOSED,0
660409.284,3,0,0,0.950,0.950,0.950,-90.00,180.00,0.00,CLOSED,0
660409.295,3,0,0,0.950,0.950,0.950,-90.00,180.00,0.00,CLOSED,0
660409.305,3,0,0,0.950,0.950,0.950,-90.00,180.00,0.00,CLOSED,0
660409.316,3,0,0,0.950,0.950,0.950,-90.00,180.00,0.00,CLOSED,0
660409.326,3,0,0,0.950,0.950,0.950,-90.00,180.00,0.00,CLOSED,0
660409.337,3,0,0,0.950,0.950,0.950,-90.00,180.00,0.00,CLOSED,0
660409.347,3,0,0,0.950,0.950,0.950,-90.00,180.00,0.00,CLOSED,0
660409.358,3,0,0,0.950,0.950,0.950,-90.00,180.00,0.00,CLOSED,0
660409.369,3,0,0,0.950,0.950,0.950,-90.00,180.00,0.00,CLOSED,0
660409.379,3,0,0,0.950,0.950,0.950,-90.00,180.00,0.00,CLOSED,0
660409.389,3,0,0,0.950,0.950,0.950,-90.00,180.00,0.00,CLOSED,0
660409.400,3,0,0,0.950,0.950,0.950,-90.00,180.00,0.00,CLOSED,0
660409.411,3,0,0,0.950,0.950,0.950,-90.00,180.00,0.00,CLOSED,0
660409.421,3,0,0,0.950,0.950,0.950,-90.00,180.00,0.00,CLOSED,0
660409.432,3,0,0,0.950,0.950,0.950,-90.00,180.00,0.00,CLOSED,0
660409.442,3,0,0,0.950,0.950,0.950,-90.00,180.00,0.00,CLOSED,0
660409.453,3,0,0,0.950,0.950,0.950,-90.00,180.00,0.00,CLOSED,0
660409.463,3,0,0,0.950,0.950,0.950,-90.00,180.00,0.00,CLOSED,0
660409.473,3,0,0,0.950,0.950,0.950,-90.00,180.00,0.00,CLOSED,0
660409.484,3,0,0,0.950,0.950,0.950,-90.00,180.00,0.00,CLOSED,0
660409.495,3,0,0,0.950,0.950,0.950,-90.00,180.00,0.00,CLOSED,0
660409.505,3,0,0,0.950,0.950,0.950,-90.00,180.00,0.00,CLOSED,0
660409.516,3,0,0,0.950,0.950,0.950,-90.00,180.00,0.00,CLOSED,0
660409.527,3,0,0,0.950,0.950,0.950,-90.00,180.00,0.00,CLOSED,0
660409.537,3,0,0,0.950,0.950,0.950,-90.00,180.00,0.00,CLOSED,0
660409.547,3,0,0,0.950,0.950,0.950,-90.00,180.00,0.00,CLOSED,0
660409.558,3,0,0,0.950,0.950,0.950,-90.00,180.00,0.00,CLOSED,0
660409.569,3,0,0,0.950,0.950,0.950,-90.00,180.00,0.00,CLOSED,0
660409.580,3,0,0,0.950,0.950,0.950,-90.00,180.00,0.00,CLOSED,0
660409.591,3,0,0,0.950,0.950,0.950,-90.00,180.00,0.00,CLOSED,0
660409.602,3,0,0,0.950,0.950,0.950,-90.00,180.00,0.00,CLOSED,0
660409.612,3,0,0,0.950,0.950,0.950,-90.00,180.00,0.00,CLOSED,0
660409.623,3,0,0,0.950,0.950,0.950,-90.00,180.00,0.00,CLOSED,0
660409.633,3,0,0,0.950,0.950,0.950,-90.00,180.00,0.00,CLOSED,0
660409.644,3,0,0,0.950,0.950,0.950,-90.00,180.00,0.00,CLOSED,0
660409.655,3,0,0,0.950,0.950,0.950,-90.00,180.00,0.00,CLOSED,0
660409.666,3,0,0,0.950,0.950,0.950,-90.00,180.00,0.00,CLOSED,0
660409.676,3,0,0,0.950,0.950,0.950,-90.00,180.00,0.00,CLOSED,0
660409.686,3,0,0,0.950,0.950,0.950,-90.00,180.00,0.00,CLOSED,0
660409.697,3,0,0,0.950,0.950,0.950,-90.00,180.00,0.00,CLOSED,0
660409.708,3,0,0,0.950,0.950,0.950,-90.00,180.00,0.00,CLOSED,0
660409.719,3,0,0,0.950,0.950,0.950,-90.00,180.00,0.00,CLOSED,0
660409.729,3,0,0,0.950,0.950,0.950,-90.00,180.00,0.00,CLOSED,0
660409.740,3,0,0,0.950,0.950,0.950,-90.00,180.00,0.00,CLOSED,0
660409.751,3,0,0,0.950,0.950,0.950,-90.00,180.00,0.00,CLOSED,0
660409.761,3,0,0,0.950,0.950,0.950,-90.00,180.00,0.00,CLOSED,0
660409.771,3,0,0,0.950,0.950,0.950,-90.00,180.00,0.00,CLOSED,0
660409.782,3,0,0,0.950,0.950,0.950,-90.00,180.00,0.00,CLOSED,0
660409.792,3,0,0,0.950,0.950,0.950,-90.00,180.00,0.00,CLOSED,0
660409.803,3,0,0,0.950,0.950,0.950,-90.00,180.00,0.00,CLOSED,0
660409.813,3,0,0,0.950,0.950,0.950,-90.00,180.00,0.00,CLOSED,0
660411.914,0,0,0,0.950,0.950,0.950,-90.00,180.00,0.00,CLOSED,0
660411.925,0,0,0,0.950,0.950,0.950,-90.00,180.00,0.00,CLOSED,0
660411.935,0,0,0,0.950,0.950,0.950,-90.00,180.00,0.00,CLOSED,0
660411.946,0,0,0,0.950,0.950,0.950,-90.00,180.00,0.00,CLOSED,0
660411.956,0,0,0,0.950,0.950,0.950,-90.00,180.00,0.00,CLOSED,0
660411.967,0,0,0,0.950,0.950,0.950,-90.00,180.00,0.00,CLOSED,0
660411.978,0,0,0,0.950,0.950,0.950,-90.00,180.00,0.00,CLOSED,0
660411.988,0,0,0,0.950,0.950,0.950,-90.00,180.00,0.00,CLOSED,0
660411.999,0,0,0,0.950,0.950,0.950,-90.00,180.00,0.00,CLOSED,0
660412.009,0,0,0,0.950,0.950,0.950,-90.00,180.00,0.00,CLOSED,0
660412.020,0,0,0,0.950,0.950,0.950,-90.00,180.00,0.00,CLOSED,0
660412.030,0,0,0,0.950,0.950,0.950,-90.00,180.00,0.00,CLOSED,0
660412.041,0,0,0,0.950,0.950,0.950,-90.00,180.00,0.00,CLOSED,0
660412.052,0,0,0,0.950,0.950,0.950,-90.00,180.00,0.00,CLOSED,0
660412.063,0,0,0,0.950,0.950,0.950,-90.00,180.00,0.00,CLOSED,0
660412.074,0,0,0,0.950,0.950,0.950,-90.00,180.00,0.00,CLOSED,0
