t,hand,elbow,shoulder,p_hand,p_elbow,p_shoulder,J2,J3,J6,grip_state,cmd_sent
557072.692,0,0,0,1.000,1.000,0.939,-90.00,180.00,0.00,OPEN,0
557072.702,0,0,0,1.000,1.000,0.939,-90.00,180.00,0.00,OPEN,0
557072.713,0,0,0,1.000,1.000,0.939,-90.00,180.00,0.00,OPEN,0
557072.724,0,0,0,1.000,1.000,0.939,-90.00,180.00,0.00,OPEN,0
557072.734,0,0,0,1.000,1.000,0.939,-90.00,180.00,0.00,OPEN,0
557072.745,0,0,0,1.000,1.000,0.955,-90.00,180.00,0.00,OPEN,0
557072.756,0,0,0,1.000,1.000,0.955,-90.00,180.00,0.00,OPEN,0
557072.766,0,0,0,1.000,1.000,0.955,-90.00,180.00,0.00,OPEN,0
557072.777,0,0,0,1.000,1.000,0.955,-90.00,180.00,0.00,OPEN,0
557072.787,0,0,0,1.000,1.000,0.955,-90.00,180.00,0.00,OPEN,0
557072.798,0,0,0,1.000,1.000,0.977,-90.00,180.00,0.00,OPEN,0
557072.808,0,0,0,1.000,1.000,0.977,-90.00,180.00,0.00,OPEN,0
557072.819,0,0,0,1.000,1.000,0.977,-90.00,180.00,0.00,OPEN,0
557072.829,0,0,0,1.000,1.000,0.977,-90.00,180.00,0.00,OPEN,0
557072.840,0,0,0,1.000,1.000,0.977,-90.00,180.00,0.00,OPEN,0
557072.850,0,0,0,1.000,1.000,0.989,-90.00,180.00,0.00,OPEN,0
557072.861,0,0,0,1.000,1.000,0.989,-90.00,180.00,0.00,OPEN,0
557072.871,0,0,0,1.000,1.000,0.989,-90.00,180.00,0.00,OPEN,0
557072.882,0,0,0,1.000,1.000,0.989,-90.00,180.00,0.00,OPEN,0
557072.892,0,0,0,1.000,1.000,0.993,-90.00,180.00,0.00,OPEN,0
557072.903,0,0,0,1.000,1.000,0.993,-90.00,180.00,0.00,OPEN,0
557072.913,0,0,0,1.000,1.000,0.993,-90.00,180.00,0.00,OPEN,0
557072.924,0,0,0,1.000,1.000,0.993,-90.00,180.00,0.00,OPEN,0
557072.934,0,0,0,1.000,1.000,0.993,-90.00,180.00,0.00,OPEN,0
557072.944,0,0,0,1.000,1.000,0.996,-90.00,180.00,0.00,OPEN,0
557072.955,0,0,0,1.000,1.000,0.996,-90.00,180.00,0.00,OPEN,0
557072.965,0,0,0,1.000,1.000,0.996,-90.00,180.00,0.00,OPEN,0
557072.976,0,0,0,1.000,1.000,0.996,-90.00,180.00,0.00,OPEN,0
557072.986,0,0,0,1.000,1.000,0.996,-90.00,180.00,0.00,OPEN,0
557072.997,0,0,0,1.000,1.000,0.997,-90.00,180.00,0.00,OPEN,0
557073.007,0,0,0,1.000,1.000,0.997,-90.00,180.00,0.00,OPEN,0
557073.018,0,0,0,1.000,1.000,0.997,-90.00,180.00,0.00,OPEN,0
557073.028,0,0,0,1.000,1.000,0.997,-90.00,180.00,0.00,OPEN,0
557073.039,0,0,0,1.000,1.000,0.997,-90.00,180.00,0.00,OPEN,0
557073.049,0,0,0,1.000,1.000,0.995,-90.00,180.00,0.00,OPEN,0
557073.060,0,0,0,1.000,1.000,0.995,-90.00,180.00,0.00,OPEN,0
557073.070,0,0,0,1.000,1.000,0.995,-90.00,180.00,0.00,OPEN,0
557073.081,0,0,0,1.000,1.000,0.995,-90.00,180.00,0.00,OPEN,0
557073.091,0,0,0,1.000,1.000,0.995,-90.00,180.00,0.00,OPEN,0
557073.102,0,0,0,1.000,1.000,0.993,-90.00,180.00,0.00,OPEN,0
557073.112,0,0,0,1.000,1.000,0.993,-90.00,180.00,0.00,OPEN,0
557073.123,0,0,0,1.000,1.000,0.993,-90.00,180.00,0.00,OPEN,0
557073.133,0,0,0,1.000,1.000,0.993,-90.00,180.00,0.00,OPEN,0
557073.144,0,0,0,1.000,1.000,0.990,-90.00,180.00,0.00,OPEN,0
557073.154,0,0,0,1.000,1.000,0.990,-90.00,180.00,0.00,OPEN,0
557073.165,0,0,0,1.000,1.000,0.990,-90.00,180.00,0.00,OPEN,0
557073.175,0,0,0,1.000,1.000,0.990,-90.00,180.00,0.00,OPEN,0
557073.186,0,0,0,1.000,1.000,0.990,-90.00,180.00,0.00,OPEN,0
557073.196,0,0,0,1.000,1.000,0.987,-90.00,180.00,0.00,OPEN,0
557073.207,0,0,0,1.000,1.000,0.987,-90.00,180.00,0.00,OPEN,0
557073.218,0,0,0,1.000,1.000,0.987,-90.00,180.00,0.00,OPEN,0
557073.228,0,0,0,1.000,1.000,0.987,-90.00,180.00,0.00,OPEN,0
557073.239,0,0,0,1.000,1.000,0.987,-90.00,180.00,0.00,OPEN,0
557073.249,0,0,0,1.000,1.000,0.993,-90.00,180.00,0.00,OPEN,0
557073.260,0,0,0,1.000,1.000,0.993,-90.00,180.00,0.00,OPEN,0
557073.270,0,0,0,1.000,1.000,0.993,-90.00,180.00,0.00,OPEN,0
557073.281,0,0,0,1.000,1.000,0.993,-90.00,180.00,0.00,OPEN,0
557073.291,0,0,0,1.000,1.000,0.993,-90.00,180.00,0.00,OPEN,0
557073.302,0,0,0,1.000,1.000,0.996,-90.00,180.00,0.00,OPEN,0
557073.312,0,0,0,1.000,1.000,0.996,-90.00,180.00,0.00,OPEN,0
557073.323,0,0,0,1.000,1.000,0.996,-90.00,180.00,0.00,OPEN,0
557073.333,0,0,0,1.000,1.000,0.996,-90.00,180.00,0.00,OPEN,0
557073.344,0,0,0,1.000,1.000,0.995,-90.00,180.00,0.00,OPEN,0
557073.355,0,0,0,1.000,1.000,0.995,-90.00,180.00,0.00,OPEN,0
557073.365,0,0,0,1.000,1.000,0.995,-90.00,180.00,0.00,OPEN,0
557073.376,0,0,0,1.000,1.000,0.995,-90.00,180.00,0.00,OPEN,0
557073.387,0,0,0,1.000,1.000,0.995,-90.00,180.00,0.00,OPEN,0
557073.397,0,0,0,1.000,1.000,0.994,-90.00,180.00,0.00,OPEN,0
557073.408,0,0,0,1.000,1.000,0.994,-90.00,180.00,0.00,OPEN,0
557073.419,0,0,0,1.000,1.000,0.994,-90.00,180.00,0.00,OPEN,0
557073.429,0,0,0,1.000,1.000,0.994,-90.00,180.00,0.00,OPEN,0
557073.440,0,0,0,1.000,1.000,0.994,-90.00,180.00,0.00,OPEN,0
557073.450,0,0,0,1.000,1.000,0.989,-90.00,180.00,0.00,OPEN,0
557073.461,0,0,0,1.000,1.000,0.989,-90.00,180.00,0.00,OPEN,0
557073.471,0,0,0,1.000,1.000,0.989,-90.00,180.00,0.00,OPEN,0
557073.481,0,0,0,1.000,1.000,0.989,-90.00,180.00,0.00,OPEN,0
557073.492,0,0,0,1.000,1.000,0.985,-90.00,180.00,0.00,OPEN,0
557073.503,0,0,0,1.000,1.000,0.985,-90.00,180.00,0.00,OPEN,0
557073.513,0,0,0,1.000,1.000,0.985,-90.00,180.00,0.00,OPEN,0
557073.524,0,0,0,1.000,1.000,0.985,-90.00,180.00,0.00,OPEN,0
557073.534,0,0,0,1.000,1.000,0.985,-90.00,180.00,0.00,OPEN,0
557073.545,0,0,0,1.000,1.000,0.974,-90.00,180.00,0.00,OPEN,0
557073.555,0,0,0,1.000,1.000,0.974,-90.00,180.00,0.00,OPEN,0
557073.566,0,0,0,1.000,1.000,0.974,-90.00,180.00,0.00,OPEN,0
557073.576,0,0,0,1.000,1.000,0.974,-90.00,180.00,0.00,OPEN,0
557073.587,0,0,0,1.000,1.000,0.974,-90.00,180.00,0.00,OPEN,0
557073.597,0,0,0,1.000,1.000,0.953,-90.00,180.00,0.00,OPEN,0
557073.608,0,0,0,1.000,1.000,0.953,-90.00,180.00,0.00,OPEN,0
557073.618,0,0,0,1.000,1.000,0.953,-90.00,180.00,0.00,OPEN,0
557073.629,0,0,0,1.000,1.000,0.953,-90.00,180.00,0.00,OPEN,0
557073.640,0,0,0,1.000,1.000,0.953,-90.00,180.00,0.00,OPEN,0
557073.650,0,0,0,1.000,1.000,0.841,-90.00,180.00,0.00,OPEN,0
557073.661,0,0,0,1.000,1.000,0.841,-90.00,180.00,0.00,OPEN,0
557073.672,0,0,0,1.000,1.000,0.841,-90.00,180.00,0.00,OPEN,0
557073.683,0,0,0,1.000,1.000,0.841,-90.00,180.00,0.00,OPEN,0
557073.693,0,0,0,1.000,1.000,0.714,-90.00,180.00,0.00,OPEN,0
557073.705,0,0,0,1.000,1.000,0.714,-90.00,180.00,0.00,OPEN,0
557073.716,0,0,0,1.000,1.000,0.714,-90.00,180.00,0.00,OPEN,0
557073.726,0,0,0,1.000,1.000,0.714,-90.00,180.00,0.00,OPEN,0
557073.737,0,0,0,1.000,1.000,0.714,-90.00,180.00,0.00,OPEN,0
557073.748,0,0,0,1.000,1.000,0.795,-90.00,180.00,0.00,OPEN,0
557073.758,0,0,0,1.000,1.000,0.795,-90.00,180.00,0.00,OPEN,0
557073.769,0,0,0,1.000,1.000,0.795,-90.00,180.00,0.00,OPEN,0
557073.779,0,0,0,1.000,1.000,0.795,-90.00,180.00,0.00,OPEN,0
557073.790,0,0,0,1.000,1.000,0.795,-90.00,180.00,0.00,OPEN,0
557073.800,0,0,0,1.000,1.000,0.870,-90.00,180.00,0.00,OPEN,0
557073.811,0,0,0,1.000,1.000,0.870,-90.00,180.00,0.00,OPEN,0
557073.821,0,0,0,1.000,1.000,0.870,-90.00,180.00,0.00,OPEN,0
557073.832,0,0,0,1.000,1.000,0.870,-90.00,180.00,0.00,OPEN,0
557073.843,0,0,0,0.956,1.000,0.959,-90.00,180.00,0.00,OPEN,0
557073.853,0,0,0,0.956,1.000,0.959,-90.00,180.00,0.00,OPEN,0
557073.864,0,0,0,0.956,1.000,0.959,-90.00,180.00,0.00,OPEN,0
557073.874,0,0,0,0.956,1.000,0.959,-90.00,180.00,0.00,OPEN,0
557073.884,0,0,0,0.956,1.000,0.959,-90.00,180.00,0.00,OPEN,0
557073.895,0,0,0,1.000,1.000,0.994,-90.00,180.00,0.00,OPEN,0
557073.906,0,0,0,1.000,1.000,0.994,-90.00,180.00,0.00,OPEN,0
557073.916,0,0,0,1.000,1.000,0.994,-90.00,180.00,0.00,OPEN,0
557073.927,0,0,0,1.000,1.000,0.994,-90.00,180.00,0.00,OPEN,0
557073.937,0,0,0,1.000,1.000,0.994,-90.00,180.00,0.00,OPEN,0
557073.948,0,0,0,0.891,1.000,0.998,-90.00,180.00,0.00,OPEN,0
557073.958,0,0,0,0.891,1.000,0.998,-90.00,180.00,0.00,OPEN,0
557073.968,0,0,0,0.891,1.000,0.998,-90.00,180.00,0.00,OPEN,0
557073.979,0,0,0,0.891,1.000,0.998,-90.00,180.00,0.00,OPEN,0
557073.989,0,0,0,0.891,1.000,0.998,-90.00,180.00,0.00,OPEN,0
557073.999,0,0,0,0.581,1.000,0.999,-90.00,180.00,0.00,OPEN,0
557074.010,0,0,0,0.581,1.000,0.999,-90.00,180.00,0.00,OPEN,0
557074.021,0,0,0,0.581,1.000,0.999,-90.00,180.00,0.00,OPEN,0
557074.031,0,0,0,0.581,1.000,0.999,-90.00,180.00,0.00,OPEN,0
557074.041,0,0,0,0.581,1.000,0.999,-90.00,180.00,0.00,OPEN,0
557074.052,0,0,0,0.575,1.000,0.999,-90.00,180.00,0.00,OPEN,0
557074.063,0,0,0,0.575,1.000,0.999,-90.00,180.00,0.00,OPEN,0
557074.073,0,0,0,0.575,1.000,0.999,-90.00,180.00,0.00,OPEN,0
557074.084,0,0,0,0.575,1.000,0.999,-90.00,180.00,0.00,OPEN,0
557074.094,0,0,0,0.560,1.000,0.999,-90.00,180.00,0.00,OPEN,0
557074.105,0,0,0,0.560,1.000,0.999,-90.00,180.00,0.00,OPEN,0
557074.116,0,0,0,0.560,1.000,0.999,-90.00,180.00,0.00,OPEN,0
557074.126,0,0,0,0.560,1.000,0.999,-90.00,180.00,0.00,OPEN,0
557074.137,0,0,0,0.560,1.000,0.999,-90.00,180.00,0.00,OPEN,0
557074.147,0,0,0,0.888,1.000,0.999,-90.00,180.00,0.00,OPEN,0
557074.158,0,0,0,0.888,1.000,0.999,-90.00,180.00,0.00,OPEN,0
557074.169,0,0,0,0.888,1.000,0.999,-90.00,180.00,0.00,OPEN,0
557074.179,0,0,0,0.888,1.000,0.999,-90.00,180.00,0.00,OPEN,0
557074.190,0,0,0,0.888,1.000,0.999,-90.00,180.00,0.00,OPEN,0
557074.201,0,0,0,0.990,1.000,0.999,-90.00,180.00,0.00,OPEN,0
557074.211,0,0,0,0.990,1.000,0.999,-90.00,180.00,0.00,OPEN,0
557074.222,0,0,0,0.990,1.000,0.999,-90.00,180.00,0.00,OPEN,0
557074.232,0,0,0,0.990,1.000,0.999,-90.00,180.00,0.00,OPEN,0
557074.243,0,0,0,0.999,1.000,0.999,-90.00,180.00,0.00,OPEN,0
557074.253,0,0,0,0.999,1.000,0.999,-90.00,180.00,0.00,OPEN,0
557074.264,0,0,0,0.999,1.000,0.999,-90.00,180.00,0.00,OPEN,0
557074.274,0,0,0,0.999,1.000,0.999,-90.00,180.00,0.00,OPEN,0
557074.285,0,0,0,0.999,1.000,0.999,-90.00,180.00,0.00,OPEN,0
557074.295,0,0,0,1.000,1.000,0.999,-90.00,180.00,0.00,OPEN,0
557074.306,0,0,0,1.000,1.000,0.999,-90.00,180.00,0.00,OPEN,0
557074.316,0,0,0,1.000,1.000,0.999,-90.00,180.00,0.00,OPEN,0
557074.327,0,0,0,1.000,1.000,0.999,-90.00,180.00,0.00,OPEN,0
557074.338,0,0,0,1.000,1.000,0.999,-90.00,180.00,0.00,OPEN,0
557074.349,0,0,0,1.000,1.000,0.999,-90.00,180.00,0.00,OPEN,0
557074.359,0,0,0,1.000,1.000,0.999,-90.00,180.00,0.00,OPEN,0
557074.370,0,0,0,1.000,1.000,0.999,-90.00,180.00,0.00,OPEN,0
557074.381,0,0,0,1.000,1.000,0.999,-90.00,180.00,0.00,OPEN,0
557074.391,0,0,0,1.000,1.000,0.999,-90.00,180.00,0.00,OPEN,0
557074.402,0,0,0,1.000,1.000,0.999,-90.00,180.00,0.00,OPEN,0
557074.412,0,0,0,1.000,1.000,0.999,-90.00,180.00,0.00,OPEN,0
557074.423,0,0,0,1.000,1.000,0.999,-90.00,180.00,0.00,OPEN,0
557074.433,0,0,0,1.000,1.000,0.999,-90.00,180.00,0.00,OPEN,0
557074.444,0,0,0,1.000,1.000,0.999,-90.00,180.00,0.00,OPEN,0
557074.455,0,0,0,1.000,1.000,0.999,-90.00,180.00,0.00,OPEN,0
557074.465,0,0,0,1.000,1.000,0.999,-90.00,180.00,0.00,OPEN,0
557074.476,0,0,0,1.000,1.000,0.999,-90.00,180.00,0.00,OPEN,0
557074.487,0,0,0,1.000,1.000,0.999,-90.00,180.00,0.00,OPEN,0
557074.497,0,0,0,1.000,1.000,0.999,-90.00,180.00,0.00,OPEN,0
557074.508,0,0,0,1.000,1.000,0.999,-90.00,180.00,0.00,OPEN,0
557074.518,0,0,0,1.000,1.000,0.999,-90.00,180.00,0.00,OPEN,0
557074.528,0,0,0,1.000,1.000,0.999,-90.00,180.00,0.00,OPEN,0
557074.539,0,0,0,1.000,1.000,0.999,-90.00,180.00,0.00,OPEN,0
557074.549,1,0,0,1.000,1.000,0.999,-90.00,180.00,0.00,OPEN,0
557074.560,1,0,0,1.000,1.000,0.999,-90.00,180.00,0.00,OPEN,0
557074.570,1,0,0,1.000,1.000,0.999,-90.00,180.00,0.00,OPEN,0
557074.580,1,0,0,1.000,1.000,0.999,-90.00,180.00,0.00,OPEN,0
557074.591,1,0,0,1.000,1.000,0.999,-90.00,180.00,0.00,OPEN,0
557074.601,1,0,0,1.000,1.000,0.999,-90.00,180.00,0.00,OPEN,0
557074.612,1,0,0,1.000,1.000,0.999,-90.00,180.00,0.00,OPEN,0
557074.623,1,0,0,1.000,1.000,0.999,-90.00,180.00,0.00,OPEN,0
557074.633,1,0,0,1.000,1.000,0.999,-90.00,180.00,0.00,OPEN,0
557074.644,1,0,0,1.000,1.000,0.999,-90.00,180.00,0.00,OPEN,0
557074.655,1,0,0,1.000,1.000,0.999,-90.00,180.00,0.00,OPEN,0
557074.665,1,0,0,1.000,1.000,0.999,-90.00,180.00,0.00,OPEN,0
557074.676,1,0,0,1.000,1.000,0.999,-90.00,180.00,0.00,OPEN,0
557074.686,1,0,0,1.000,1.000,0.999,-90.00,180.00,0.00,OPEN,0
557074.697,1,0,0,1.000,1.000,0.999,-90.00,180.00,0.00,OPEN,0
557074.708,1,0,0,1.000,1.000,0.999,-90.00,180.00,0.00,OPEN,0
557074.718,1,0,0,1.000,1.000,0.999,-90.00,180.00,0.00,OPEN,0
557074.729,1,0,0,1.000,1.000,0.999,-90.00,180.00,0.00,OPEN,0
557074.740,1,0,0,1.000,1.000,0.999,-90.00,180.00,0.00,OPEN,0
557074.751,1,0,0,1.000,1.000,0.998,-90.00,180.00,0.00,OPEN,0
557074.761,1,0,0,1.000,1.000,0.998,-90.00,180.00,0.00,OPEN,0
557074.771,1,0,0,1.000,1.000,0.998,-90.00,180.00,0.00,OPEN,0
557074.782,1,0,0,1.000,1.000,0.998,-90.00,180.00,0.00,OPEN,0
557074.793,1,0,0,1.000,1.000,0.998,-90.00,180.00,0.00,OPEN,0
557074.803,1,0,0,1.000,1.000,0.998,-90.00,180.00,0.00,OPEN,0
557074.813,1,0,0,1.000,1.000,0.998,-90.00,180.00,0.00,OPEN,0
557074.824,1,0,0,1.000,1.000,0.998,-90.00,180.00,0.00,OPEN,0
557074.835,1,0,0,1.000,1.000,0.998,-90.00,180.00,0.00,OPEN,0
557074.845,1,0,0,1.000,1.000,0.997,-90.00,180.00,0.00,OPEN,0
557074.856,1,0,0,1.000,1.000,0.997,-90.00,180.00,0.00,OPEN,0
557074.866,1,0,0,1.000,1.000,0.997,-90.00,180.00,0.00,OPEN,0
557074.877,1,0,0,1.000,1.000,0.997,-90.00,180.00,0.00,OPEN,0
557074.888,1,0,0,1.000,1.000,0.997,-90.00,180.00,0.00,OPEN,0
557074.898,1,0,0,1.000,1.000,0.995,-90.00,180.00,0.00,OPEN,0
557074.909,1,0,0,1.000,1.000,0.995,-90.00,180.00,0.00,OPEN,0
557074.920,1,0,0,1.000,1.000,0.995,-90.00,180.00,0.00,OPEN,0
557074.930,1,0,0,1.000,1.000,0.995,-90.00,180.00,0.00,OPEN,0
557074.941,1,0,0,1.000,1.000,0.995,-90.00,180.00,0.00,OPEN,0
557074.951,1,0,0,1.000,1.000,0.990,-90.00,180.00,0.00,OPEN,0
557074.962,1,0,0,1.000,1.000,0.990,-90.00,180.00,0.00,OPEN,0
557074.973,1,0,0,1.000,1.000,0.990,-90.00,180.00,0.00,OPEN,0
557074.983,1,0,0,1.000,1.000,0.990,-90.00,180.00,0.00,OPEN,0
557074.994,1,0,0,1.000,1.000,0.993,-90.00,180.00,0.00,OPEN,0
557075.004,1,0,0,1.000,1.000,0.993,-90.00,180.00,0.00,OPEN,0
557075.015,1,0,0,1.000,1.000,0.993,-90.00,180.00,0.00,OPEN,0
557075.025,1,0,0,1.000,1.000,0.993,-90.00,180.00,0.00,OPEN,0
557075.036,1,0,0,1.000,1.000,0.993,-90.00,180.00,0.00,OPEN,0
557075.047,1,0,0,1.000,1.000,0.994,-90.00,180.00,0.00,OPEN,0
557075.057,1,0,0,1.000,1.000,0.994,-90.00,180.00,0.00,OPEN,0
557075.068,1,0,0,1.000,1.000,0.994,-90.00,180.00,0.00,OPEN,0
557075.078,1,0,0,1.000,1.000,0.994,-90.00,180.00,0.00,OPEN,0
557075.088,1,0,0,1.000,1.000,0.994,-90.00,180.00,0.00,OPEN,0
557075.099,1,0,0,1.000,1.000,0.994,-90.00,180.00,0.00,OPEN,0
557075.110,1,0,0,1.000,1.000,0.994,-90.00,180.00,0.00,OPEN,0
557075.120,1,0,0,1.000,1.000,0.994,-90.00,180.00,0.00,OPEN,0
557075.131,1,0,0,1.000,1.000,0.994,-90.00,180.00,0.00,OPEN,0
557075.141,1,0,0,1.000,1.000,0.994,-90.00,180.00,0.00,OPEN,0
557075.152,1,0,0,1.000,1.000,0.996,-90.00,180.00,0.00,OPEN,0
557075.163,1,0,0,1.000,1.000,0.996,-90.00,180.00,0.00,OPEN,0
557075.174,1,0,0,1.000,1.000,0.996,-90.00,180.00,0.00,OPEN,0
557075.184,1,0,0,1.000,1.000,0.996,-90.00,180.00,0.00,OPEN,0
557075.195,1,0,0,1.000,1.000,0.992,-90.00,180.00,0.00,OPEN,0
557075.205,1,0,0,1.000,1.000,0.992,-90.00,180.00,0.00,OPEN,0
557075.216,1,0,0,1.000,1.000,0.992,-90.00,180.00,0.00,OPEN,0
557075.226,1,0,0,1.000,1.000,0.992,-90.00,180.00,0.00,OPEN,0
557075.237,1,0,0,1.000,1.000,0.992,-90.00,180.00,0.00,OPEN,0
557075.247,1,0,0,1.000,1.000,0.988,-90.00,180.00,0.00,OPEN,0
557075.258,1,0,0,1.000,1.000,0.988,-90.00,180.00,0.00,OPEN,0
557075.269,1,0,0,1.000,1.000,0.988,-90.00,180.00,0.00,OPEN,0
557075.279,1,0,0,1.000,1.000,0.988,-90.00,180.00,0.00,OPEN,0
557075.290,1,0,0,1.000,1.000,0.988,-90.00,180.00,0.00,OPEN,0
557075.300,1,0,0,1.000,1.000,0.983,-90.00,180.00,0.00,OPEN,0
557075.310,1,0,0,1.000,1.000,0.983,-90.00,180.00,0.00,OPEN,0
557075.321,1,0,0,1.000,1.000,0.983,-90.00,180.00,0.00,OPEN,0
557075.332,1,0,0,1.000,1.000,0.983,-90.00,180.00,0.00,OPEN,0
557075.342,1,0,0,1.000,1.000,0.996,-90.00,180.00,0.00,OPEN,0
557075.352,1,0,0,1.000,1.000,0.996,-90.00,180.00,0.00,OPEN,0
557075.363,1,0,0,1.000,1.000,0.996,-90.00,180.00,0.00,OPEN,0
557075.373,1,0,0,1.000,1.000,0.996,-90.00,180.00,0.00,OPEN,0
557075.384,1,0,0,1.000,1.000,0.996,-90.00,180.00,0.00,OPEN,0
557075.394,1,0,0,1.000,1.000,0.996,-90.00,180.00,0.00,OPEN,0
557075.405,1,0,0,1.000,1.000,0.996,-90.00,180.00,0.00,OPEN,0
557075.416,1,0,0,1.000,1.000,0.996,-90.00,180.00,0.00,OPEN,0
557075.427,1,0,0,1.000,1.000,0.996,-90.00,180.00,0.00,OPEN,0
557075.437,1,0,0,1.000,1.000,0.996,-90.00,180.00,0.00,OPEN,0
557075.448,1,0,0,1.000,1.000,0.993,-90.00,180.00,0.00,OPEN,0
557075.458,1,0,0,1.000,1.000,0.993,-90.00,180.00,0.00,OPEN,0
557075.469,1,0,0,1.000,1.000,0.993,-90.00,180.00,0.00,OPEN,0
557075.480,1,0,0,1.000,1.000,0.993,-90.00,180.00,0.00,OPEN,0
557075.490,1,0,0,1.000,1.000,0.993,-90.00,180.00,0.00,OPEN,0
557075.501,1,0,0,1.000,1.000,0.994,-90.00,180.00,0.00,OPEN,0
557075.511,1,0,0,1.000,1.000,0.994,-90.00,180.00,0.00,OPEN,0
557075.522,1,0,0,1.000,1.000,0.994,-90.00,180.00,0.00,OPEN,0
557075.533,1,0,0,1.000,1.000,0.994,-90.00,180.00,0.00,OPEN,0
557075.543,1,0,0,1.000,1.000,0.994,-90.00,180.00,0.00,OPEN,0
557075.554,1,0,0,1.000,1.000,0.994,-90.00,180.00,0.00,OPEN,0
557075.564,1,0,0,1.000,1.000,0.994,-90.00,180.00,0.00,OPEN,0
557075.575,1,0,0,1.000,1.000,0.994,-90.00,180.00,0.00,OPEN,0
557075.585,1,0,0,1.000,1.000,0.994,-90.00,180.00,0.00,OPEN,0
557075.596,1,0,0,1.000,1.000,0.994,-90.00,180.00,0.00,OPEN,0
557075.606,1,0,0,1.000,1.000,0.994,-90.00,180.00,0.00,OPEN,0
557075.617,1,0,0,1.000,1.000,0.994,-90.00,180.00,0.00,OPEN,0
557075.627,1,0,0,1.000,1.000,0.994,-90.00,180.00,0.00,OPEN,0
557075.638,1,0,0,1.000,1.000,0.994,-90.00,180.00,0.00,OPEN,0
557075.648,1,0,0,1.000,1.000,0.975,-90.00,180.00,0.00,OPEN,0
557075.659,1,0,0,1.000,1.000,0.975,-90.00,180.00,0.00,OPEN,0
557075.670,1,0,0,1.000,1.000,0.975,-90.00,180.00,0.00,OPEN,0
557075.681,1,0,0,1.000,1.000,0.975,-90.00,180.00,0.00,OPEN,0
557075.691,1,0,0,1.000,1.000,0.975,-90.00,180.00,0.00,OPEN,0
557075.702,1,0,0,1.000,1.000,0.835,-90.00,180.00,0.00,OPEN,0
557075.712,1,0,0,1.000,1.000,0.835,-90.00,180.00,0.00,OPEN,0
557075.723,1,0,0,1.000,1.000,0.835,-90.00,180.00,0.00,OPEN,0
557075.733,1,0,0,1.000,1.000,0.835,-90.00,180.00,0.00,OPEN,0
557075.744,1,0,0,1.000,1.000,0.807,-90.00,180.00,0.00,OPEN,0
557075.755,1,0,0,1.000,1.000,0.807,-90.00,180.00,0.00,OPEN,0
557075.765,1,0,0,1.000,1.000,0.807,-90.00,180.00,0.00,OPEN,0
557075.776,1,0,0,1.000,1.000,0.807,-90.00,180.00,0.00,OPEN,0
557075.786,1,0,0,1.000,1.000,0.807,-90.00,180.00,0.00,OPEN,0
557075.797,1,0,0,1.000,1.000,0.937,-90.00,180.00,0.00,OPEN,0
557075.808,1,0,0,1.000,1.000,0.937,-90.00,180.00,0.00,OPEN,0
557075.819,1,0,0,1.000,1.000,0.937,-90.00,180.00,0.00,OPEN,0
557075.830,1,0,0,1.000,1.000,0.937,-90.00,180.00,0.00,OPEN,0
557075.841,1,0,0,1.000,1.000,0.937,-90.00,180.00,0.00,OPEN,0
557075.851,1,0,0,1.000,1.000,0.977,-90.00,180.00,0.00,OPEN,0
557075.861,1,0,0,1.000,1.000,0.977,-90.00,180.00,0.00,OPEN,0
557075.872,1,0,0,1.000,1.000,0.977,-90.00,180.00,0.00,OPEN,0
557075.882,1,0,0,1.000,1.000,0.977,-90.00,180.00,0.00,OPEN,0
557075.893,1,0,0,1.000,1.000,0.987,-90.00,180.00,0.00,OPEN,0
557075.903,1,0,0,1.000,1.000,0.987,-90.00,180.00,0.00,OPEN,0
557075.914,1,0,0,1.000,1.000,0.987,-90.00,180.00,0.00,OPEN,0
557075.924,1,0,0,1.000,1.000,0.987,-90.00,180.00,0.00,OPEN,0
557075.935,1,0,0,1.000,1.000,0.987,-90.00,180.00,0.00,OPEN,0
557075.946,1,0,0,1.000,1.000,0.992,-90.00,180.00,0.00,OPEN,0
557075.956,1,0,0,1.000,1.000,0.992,-90.00,180.00,0.00,OPEN,0
557075.967,1,0,0,1.000,1.000,0.992,-90.00,180.00,0.00,OPEN,0
557075.977,1,0,0,1.000,1.000,0.992,-90.00,180.00,0.00,OPEN,0
557075.988,1,0,0,1.000,1.000,0.992,-90.00,180.00,0.00,OPEN,0
557075.998,1,0,0,1.000,1.000,0.995,-90.00,180.00,0.00,OPEN,0
557076.009,1,0,0,1.000,1.000,0.995,-90.00,180.00,0.00,OPEN,0
557076.019,1,0,0,1.000,1.000,0.995,-90.00,180.00,0.00,OPEN,0
557076.030,1,0,0,1.000,1.000,0.995,-90.00,180.00,0.00,OPEN,0
557076.040,1,0,0,1.000,1.000,0.995,-90.00,180.00,0.00,OPEN,0
557076.051,1,0,0,1.000,1.000,0.996,-90.00,180.00,0.00,OPEN,0
557076.062,1,0,0,1.000,1.000,0.996,-90.00,180.00,0.00,OPEN,0
557076.073,1,0,0,1.000,1.000,0.996,-90.00,180.00,0.00,OPEN,0
557076.083,1,0,0,1.000,1.000,0.996,-90.00,180.00,0.00,OPEN,0
557076.094,1,0,0,1.000,1.000,0.998,-90.00,180.00,0.00,OPEN,0
557076.104,1,0,0,1.000,1.000,0.998,-90.00,180.00,0.00,OPEN,0
557076.114,1,0,0,1.000,1.000,0.998,-90.00,180.00,0.00,OPEN,0
557076.125,1,0,0,1.000,1.000,0.998,-90.00,180.00,0.00,OPEN,0
557076.135,1,0,0,1.000,1.000,0.998,-90.00,180.00,0.00,OPEN,0
557076.146,1,0,0,1.000,1.000,0.997,-90.00,180.00,0.00,OPEN,0
557076.156,1,0,0,1.000,1.000,0.997,-90.00,180.00,0.00,OPEN,0
557076.167,1,0,0,1.000,1.000,0.997,-90.00,180.00,0.00,OPEN,0
557076.177,1,0,0,1.000,1.000,0.997,-90.00,180.00,0.00,OPEN,0
557076.188,1,0,0,1.000,1.000,0.997,-90.00,180.00,0.00,OPEN,0
557076.199,1,0,0,1.000,1.000,0.996,-90.00,180.00,0.00,OPEN,0
557076.209,1,0,0,1.000,1.000,0.996,-90.00,180.00,0.00,OPEN,0
557076.220,1,0,0,1.000,1.000,0.996,-90.00,180.00,0.00,OPEN,0
557076.230,1,0,0,1.000,1.000,0.996,-90.00,180.00,0.00,OPEN,0
557076.241,1,0,0,1.000,1.000,0.996,-90.00,180.00,0.00,OPEN,0
557076.251,1,0,0,1.000,1.000,0.993,-90.00,180.00,0.00,OPEN,0
557076.262,1,0,0,1.000,1.000,0.993,-90.00,180.00,0.00,OPEN,0
557076.272,1,0,0,1.000,1.000,0.993,-90.00,180.00,0.00,OPEN,0
557076.283,1,0,0,1.000,1.000,0.993,-90.00,180.00,0.00,OPEN,0
557076.294,1,0,0,1.000,1.000,0.993,-90.00,180.00,0.00,OPEN,0
557076.304,1,0,0,1.000,1.000,0.993,-90.00,180.00,0.00,OPEN,0
557076.315,1,0,0,1.000,1.000,0.993,-90.00,180.00,0.00,OPEN,0
557076.325,1,0,0,1.000,1.000,0.993,-90.00,180.00,0.00,OPEN,0
557076.336,1,0,0,1.000,1.000,0.993,-90.00,180.00,0.00,OPEN,0
557076.346,1,0,0,1.000,1.000,0.990,-90.00,180.00,0.00,OPEN,0
557076.357,1,0,0,1.000,1.000,0.990,-90.00,180.00,0.00,OPEN,0
557076.367,1,0,0,1.000,1.000,0.990,-90.00,180.00,0.00,OPEN,0
557076.378,1,0,0,1.000,1.000,0.990,-90.00,180.00,0.00,OPEN,0
557076.388,1,0,0,1.000,1.000,0.990,-90.00,180.00,0.00,OPEN,0
557076.399,1,0,0,1.000,1.000,0.985,-90.00,180.00,0.00,OPEN,0
557076.409,1,0,0,1.000,1.000,0.985,-90.00,180.00,0.00,OPEN,0
557076.420,1,0,0,1.000,1.000,0.985,-90.00,180.00,0.00,OPEN,0
557076.430,1,0,0,1.000,1.000,0.985,-90.00,180.00,0.00,OPEN,0
557076.441,1,0,0,1.000,1.000,0.985,-90.00,180.00,0.00,OPEN,0
557076.451,1,0,0,1.000,1.000,0.978,-90.00,180.00,0.00,OPEN,0
557076.462,1,0,0,1.000,1.000,0.978,-90.00,180.00,0.00,OPEN,0
557076.473,1,0,0,1.000,1.000,0.978,-90.00,180.00,0.00,OPEN,0
557076.483,1,0,0,1.000,1.000,0.978,-90.00,180.00,0.00,OPEN,0
557076.494,1,0,0,1.000,1.000,0.974,-90.00,180.00,0.00,OPEN,0
557076.504,1,0,0,1.000,1.000,0.974,-90.00,180.00,0.00,OPEN,0
557076.514,1,0,0,1.000,1.000,0.974,-90.00,180.00,0.00,OPEN,0
557076.525,1,0,0,1.000,1.000,0.974,-90.00,180.00,0.00,OPEN,0
557076.536,1,0,0,1.000,1.000,0.974,-90.00,180.00,0.00,OPEN,0
557076.546,1,0,0,1.000,1.000,0.978,-90.00,180.00,0.00,OPEN,0
557076.557,1,0,0,1.000,1.000,0.978,-90.00,180.00,0.00,OPEN,0
557076.567,1,0,0,1.000,1.000,0.978,-90.00,180.00,0.00,OPEN,0
557076.578,1,0,0,1.000,1.000,0.978,-90.00,180.00,0.00,OPEN,0
557076.589,1,0,0,1.000,1.000,0.978,-90.00,180.00,0.00,OPEN,0
557076.599,1,0,0,1.000,1.000,0.993,-90.00,180.00,0.00,OPEN,0
557076.610,1,0,0,1.000,1.000,0.993,-90.00,180.00,0.00,OPEN,0
557076.621,1,0,0,1.000,1.000,0.993,-90.00,180.00,0.00,OPEN,0
557076.631,1,0,0,1.000,1.000,0.993,-90.00,180.00,0.00,OPEN,0
557076.642,1,0,0,1.000,1.000,0.993,-90.00,180.00,0.00,OPEN,0
557076.652,1,0,0,1.000,1.000,0.989,-90.00,180.00,0.00,OPEN,0
557076.663,1,0,0,1.000,1.000,0.989,-90.00,180.00,0.00,OPEN,0
557076.673,1,0,0,1.000,1.000,0.989,-90.00,180.00,0.00,OPEN,0
557076.683,1,0,0,1.000,1.000,0.989,-90.00,180.00,0.00,OPEN,0
557076.694,1,0,0,1.000,1.000,0.990,-90.00,180.00,0.00,OPEN,0
557076.704,1,0,0,1.000,1.000,0.990,-90.00,180.00,0.00,OPEN,0
557076.715,1,0,0,1.000,1.000,0.990,-90.00,180.00,0.00,OPEN,0
557076.726,1,0,0,1.000,1.000,0.990,-90.00,180.00,0.00,OPEN,0
557076.736,1,0,0,1.000,1.000,0.990,-90.00,180.00,0.00,OPEN,0
557076.747,1,0,0,1.000,1.000,0.988,-90.00,180.00,0.00,OPEN,0
557076.758,1,0,0,1.000,1.000,0.988,-90.00,180.00,0.00,OPEN,0
557076.768,1,0,0,1.000,1.000,0.988,-90.00,180.00,0.00,OPEN,0
557076.779,1,0,0,1.000,1.000,0.988,-90.00,180.00,0.00,OPEN,0
557076.789,1,0,0,1.000,1.000,0.988,-90.00,180.00,0.00,OPEN,0
557076.800,1,0,0,1.000,1.000,0.985,-90.00,180.00,0.00,OPEN,0
557076.811,1,0,0,1.000,1.000,0.985,-90.00,180.00,0.00,OPEN,0
557076.821,1,0,0,1.000,1.000,0.985,-90.00,180.00,0.00,OPEN,0
557076.832,1,0,0,1.000,1.000,0.985,-90.00,180.00,0.00,OPEN,0
557076.843,1,0,0,1.000,1.000,0.922,-90.00,180.00,0.00,OPEN,0
557076.853,1,0,0,1.000,1.000,0.922,-90.00,180.00,0.00,OPEN,0
557076.864,1,0,0,1.000,1.000,0.922,-90.00,180.00,0.00,OPEN,0
557076.874,1,0,0,1.000,1.000,0.922,-90.00,180.00,0.00,OPEN,0
557076.885,1,0,0,1.000,1.000,0.922,-90.00,180.00,0.00,OPEN,0
557076.896,1,0,0,1.000,1.000,0.858,-90.00,180.00,0.00,OPEN,0
557076.907,1,0,0,1.000,1.000,0.858,-90.00,180.00,0.00,OPEN,0
557076.918,1,0,0,1.000,1.000,0.858,-90.00,180.00,0.00,OPEN,0
557076.928,1,0,0,1.000,1.000,0.858,-90.00,180.00,0.00,OPEN,0
557076.939,1,0,0,1.000,1.000,0.858,-90.00,180.00,0.00,OPEN,0
557076.949,1,0,0,1.000,1.000,0.911,-90.00,180.00,0.00,OPEN,0
557076.960,1,0,0,1.000,1.000,0.911,-90.00,180.00,0.00,OPEN,0
557076.971,1,0,0,1.000,1.000,0.911,-90.00,180.00,0.00,OPEN,0
557076.981,1,0,0,1.000,1.000,0.911,-90.00,180.00,0.00,OPEN,0
557076.992,1,0,0,1.000,1.000,0.911,-90.00,180.00,0.00,OPEN,0
557077.002,1,0,0,1.000,1.000,0.914,-90.00,180.00,0.00,OPEN,0
557077.013,1,0,0,1.000,1.000,0.914,-90.00,180.00,0.00,OPEN,0
557077.023,1,0,0,1.000,1.000,0.914,-90.00,180.00,0.00,OPEN,0
557077.034,1,0,0,1.000,1.000,0.914,-90.00,180.00,0.00,OPEN,0
557077.045,1,0,0,1.000,1.000,0.912,-90.00,180.00,0.00,OPEN,0
557077.056,1,0,0,1.000,1.000,0.912,-90.00,180.00,0.00,OPEN,0
557077.066,1,0,0,1.000,1.000,0.912,-90.00,180.00,0.00,OPEN,0
557077.077,1,0,0,1.000,1.000,0.912,-90.00,180.00,0.00,OPEN,0
557077.088,1,0,0,1.000,1.000,0.912,-90.00,180.00,0.00,OPEN,0
557077.098,1,0,0,1.000,1.000,0.868,-90.00,180.00,0.00,OPEN,0
557077.109,1,0,0,1.000,1.000,0.868,-90.00,180.00,0.00,OPEN,0
557077.119,1,0,0,1.000,1.000,0.868,-90.00,180.00,0.00,OPEN,0
557077.129,1,0,0,1.000,1.000,0.868,-90.00,180.00,0.00,OPEN,0
557077.140,1,0,0,1.000,1.000,0.868,-90.00,180.00,0.00,OPEN,0
557077.151,1,0,0,1.000,1.000,0.875,-90.00,180.00,0.00,OPEN,0
557077.161,1,0,0,1.000,1.000,0.875,-90.00,180.00,0.00,OPEN,0
557077.172,1,0,0,1.000,1.000,0.875,-90.00,180.00,0.00,OPEN,0
557077.183,1,0,0,1.000,1.000,0.875,-90.00,180.00,0.00,OPEN,0
557077.193,1,0,0,1.000,1.000,0.970,-90.00,180.00,0.00,OPEN,0
557077.204,1,0,0,1.000,1.000,0.970,-90.00,180.00,0.00,OPEN,0
557077.215,1,0,0,1.000,1.000,0.970,-90.00,180.00,0.00,OPEN,0
557077.225,1,0,0,1.000,1.000,0.970,-90.00,180.00,0.00,OPEN,0
557077.236,1,0,0,1.000,1.000,0.970,-90.00,180.00,0.00,OPEN,0
557077.246,1,0,0,1.000,1.000,0.975,-90.00,180.00,0.00,OPEN,0
557077.256,1,0,0,1.000,1.000,0.975,-90.00,180.00,0.00,OPEN,0
557077.267,1,0,0,1.000,1.000,0.975,-90.00,180.00,0.00,OPEN,0
557077.277,1,0,0,1.000,1.000,0.975,-90.00,180.00,0.00,OPEN,0
557077.288,1,0,0,1.000,1.000,0.975,-90.00,180.00,0.00,OPEN,0
557077.299,1,0,0,1.000,1.000,0.989,-90.00,180.00,0.00,OPEN,0
557077.309,1,0,0,1.000,1.000,0.989,-90.00,180.00,0.00,OPEN,0
557077.319,1,0,0,1.000,1.000,0.989,-90.00,180.00,0.00,OPEN,0
557077.330,1,0,0,1.000,1.000,0.989,-90.00,180.00,0.00,OPEN,0
557077.341,1,0,0,1.000,1.000,0.989,-90.00,180.00,0.00,OPEN,0
557077.351,1,0,0,1.000,1.000,0.997,-90.00,180.00,0.00,OPEN,0
557077.362,1,0,0,1.000,1.000,0.997,-90.00,180.00,0.00,OPEN,0
557077.373,1,0,0,1.000,1.000,0.997,-90.00,180.00,0.00,OPEN,0
557077.383,1,0,0,1.000,1.000,0.997,-90.00,180.00,0.00,OPEN,0
557077.394,1,0,0,1.000,1.000,0.997,-90.00,180.00,0.00,OPEN,0
557077.405,1,0,0,1.000,1.000,0.997,-90.00,180.00,0.00,OPEN,0
557077.415,1,0,0,1.000,1.000,0.997,-90.00,180.00,0.00,OPEN,0
557077.425,1,0,0,1.000,1.000,0.997,-90.00,180.00,0.00,OPEN,0
557077.436,1,0,0,1.000,1.000,0.997,-90.00,180.00,0.00,OPEN,0
557077.447,1,0,0,1.000,1.000,0.997,-90.00,180.00,0.00,OPEN,0
557077.457,1,0,0,1.000,1.000,0.997,-90.00,180.00,0.00,OPEN,0
557077.467,1,0,0,1.000,1.000,0.997,-90.00,180.00,0.00,OPEN,0
557077.478,1,0,0,1.000,1.000,0.997,-90.00,180.00,0.00,OPEN,0
557077.488,1,0,0,1.000,1.000,0.997,-90.00,180.00,0.00,OPEN,0
557077.499,1,0,0,1.000,1.000,0.995,-90.00,180.00,0.00,OPEN,0
557077.509,1,0,0,1.000,1.000,0.995,-90.00,180.00,0.00,OPEN,0
557077.520,1,0,0,1.000,1.000,0.995,-90.00,180.00,0.00,OPEN,0
557077.531,1,0,0,1.000,1.000,0.995,-90.00,180.00,0.00,OPEN,0
557077.541,1,0,0,1.000,1.000,0.995,-90.00,180.00,0.00,OPEN,0
557077.552,1,0,0,1.000,1.000,0.992,-90.00,180.00,0.00,OPEN,0
557077.562,1,0,0,1.000,1.000,0.992,-90.00,180.00,0.00,OPEN,0
557077.573,1,0,0,1.000,1.000,0.992,-90.00,180.00,0.00,OPEN,0
557077.583,1,0,0,1.000,1.000,0.992,-90.00,180.00,0.00,OPEN,0
557077.593,1,0,0,1.000,1.000,0.988,-90.00,180.00,0.00,OPEN,0
557077.604,1,0,0,1.000,1.000,0.988,-90.00,180.00,0.00,OPEN,0
557077.615,1,0,0,1.000,1.000,0.988,-90.00,180.00,0.00,OPEN,0
557077.625,1,0,0,1.000,1.000,0.988,-90.00,180.00,0.00,OPEN,0
557077.636,1,0,0,1.000,1.000,0.988,-90.00,180.00,0.00,OPEN,0
557077.647,1,0,0,1.000,1.000,0.987,-90.00,180.00,0.00,OPEN,0
557077.657,1,0,0,1.000,1.000,0.987,-90.00,180.00,0.00,OPEN,0
557077.668,1,0,0,1.000,1.000,0.987,-90.00,180.00,0.00,OPEN,0
557077.678,1,0,0,1.000,1.000,0.987,-90.00,180.00,0.00,OPEN,0
557077.689,1,0,0,1.000,1.000,0.987,-90.00,180.00,0.00,OPEN,0
557077.699,1,0,0,1.000,1.000,0.978,-90.00,180.00,0.00,OPEN,0
557077.710,1,0,0,1.000,1.000,0.978,-90.00,180.00,0.00,OPEN,0
557077.720,1,0,0,1.000,1.000,0.978,-90.00,180.00,0.00,OPEN,0
557077.731,1,0,0,1.000,1.000,0.978,-90.00,180.00,0.00,OPEN,0
557077.742,1,0,0,1.000,1.000,0.978,-90.00,180.00,0.00,OPEN,0
557077.752,1,0,0,1.000,1.000,0.974,-90.00,180.00,0.00,OPEN,0
557077.763,1,0,0,1.000,1.000,0.974,-90.00,180.00,0.00,OPEN,0
557077.773,1,0,0,1.000,1.000,0.974,-90.00,180.00,0.00,OPEN,0
557077.784,1,0,0,1.000,1.000,0.974,-90.00,180.00,0.00,OPEN,0
557077.794,1,0,0,1.000,1.000,0.980,-90.00,180.00,0.00,OPEN,0
557077.805,1,0,0,1.000,1.000,0.980,-90.00,180.00,0.00,OPEN,0
557077.816,1,0,0,1.000,1.000,0.980,-90.00,180.00,0.00,OPEN,0
557077.827,1,0,0,1.000,1.000,0.980,-90.00,180.00,0.00,OPEN,0
557077.837,1,0,0,1.000,1.000,0.980,-90.00,180.00,0.00,OPEN,0
557077.848,1,0,0,1.000,1.000,0.985,-90.00,180.00,0.00,OPEN,0
557077.858,1,0,0,1.000,1.000,0.985,-90.00,180.00,0.00,OPEN,0
557077.869,1,0,0,1.000,1.000,0.985,-90.00,180.00,0.00,OPEN,0
557077.880,1,0,0,1.000,1.000,0.985,-90.00,180.00,0.00,OPEN,0
557077.890,1,0,0,1.000,1.000,0.985,-90.00,180.00,0.00,OPEN,0
557077.901,1,0,0,1.000,1.000,0.993,-90.00,180.00,0.00,OPEN,0
557077.911,1,0,0,1.000,1.000,0.993,-90.00,180.00,0.00,OPEN,0
557077.922,1,0,0,1.000,1.000,0.993,-90.00,180.00,0.00,OPEN,0
557077.932,1,0,0,1.000,1.000,0.993,-90.00,180.00,0.00,OPEN,0
557077.943,1,0,0,1.000,1.000,0.992,-90.00,180.00,0.00,OPEN,0
557077.953,1,0,0,1.000,1.000,0.992,-90.00,180.00,0.00,OPEN,0
557077.964,1,0,0,1.000,1.000,0.992,-90.00,180.00,0.00,OPEN,0
557077.974,1,0,0,1.000,1.000,0.992,-90.00,180.00,0.00,OPEN,0
557077.985,1,0,0,1.000,1.000,0.992,-90.00,180.00,0.00,OPEN,0
557077.996,1,0,0,1.000,1.000,0.990,-90.00,180.00,0.00,OPEN,0
557078.007,1,0,0,1.000,1.000,0.990,-90.00,180.00,0.00,OPEN,0
557078.017,1,0,0,1.000,1.000,0.990,-90.00,180.00,0.00,OPEN,0
557078.028,1,0,0,1.000,1.000,0.990,-90.00,180.00,0.00,OPEN,0
557078.038,1,0,0,1.000,1.000,0.990,-90.00,180.00,0.00,OPEN,0
557078.049,1,0,0,1.000,1.000,0.988,-90.00,180.00,0.00,OPEN,0
557078.060,1,0,0,1.000,1.000,0.988,-90.00,180.00,0.00,OPEN,0
557078.071,1,0,0,1.000,1.000,0.988,-90.00,180.00,0.00,OPEN,0
557078.081,1,0,0,1.000,1.000,0.988,-90.00,180.00,0.00,OPEN,0
557078.092,1,0,0,1.000,1.000,0.988,-90.00,180.00,0.00,OPEN,0
557078.102,1,0,0,1.000,1.000,0.989,-90.00,180.00,0.00,OPEN,0
557078.113,1,0,0,1.000,1.000,0.989,-90.00,180.00,0.00,OPEN,0
557078.124,1,0,0,1.000,1.000,0.989,-90.00,180.00,0.00,OPEN,0
557078.135,1,0,0,1.000,1.000,0.989,-90.00,180.00,0.00,OPEN,0
557078.145,1,0,0,1.000,1.000,0.985,-90.00,180.00,0.00,OPEN,0
557078.156,1,0,0,1.000,1.000,0.985,-90.00,180.00,0.00,OPEN,0
557078.167,1,0,0,1.000,1.000,0.985,-90.00,180.00,0.00,OPEN,0
557078.178,1,0,0,1.000,1.000,0.985,-90.00,180.00,0.00,OPEN,0
557078.188,1,0,0,1.000,1.000,0.985,-90.00,180.00,0.00,OPEN,0
557078.199,1,0,0,1.000,1.000,0.986,-90.00,180.00,0.00,OPEN,0
557078.210,1,0,0,1.000,1.000,0.986,-90.00,180.00,0.00,OPEN,0
557078.221,1,0,0,1.000,1.000,0.986,-90.00,180.00,0.00,OPEN,0
557078.231,1,0,0,1.000,1.000,0.986,-90.00,180.00,0.00,OPEN,0
557078.242,1,0,0,1.000,1.000,0.984,-90.00,180.00,0.00,OPEN,0
557078.253,1,0,0,1.000,1.000,0.984,-90.00,180.00,0.00,OPEN,0
557078.263,1,0,0,1.000,1.000,0.984,-90.00,180.00,0.00,OPEN,0
557078.274,1,0,0,1.000,1.000,0.984,-90.00,180.00,0.00,OPEN,0
557078.284,1,0,0,1.000,1.000,0.984,-90.00,180.00,0.00,OPEN,0
557078.295,1,0,0,1.000,1.000,0.984,-90.00,180.00,0.00,OPEN,0
557078.306,1,0,0,1.000,1.000,0.984,-90.00,180.00,0.00,OPEN,0
557078.316,1,0,0,1.000,1.000,0.984,-90.00,180.00,0.00,OPEN,0
557078.327,1,0,0,1.000,1.000,0.984,-90.00,180.00,0.00,OPEN,0
557078.337,1,0,0,1.000,1.000,0.984,-90.00,180.00,0.00,OPEN,0
557078.348,1,0,0,1.000,1.000,0.985,-90.00,180.00,0.00,OPEN,0
557078.358,1,0,0,1.000,1.000,0.985,-90.00,180.00,0.00,OPEN,0
557078.369,1,0,0,1.000,1.000,0.985,-90.00,180.00,0.00,OPEN,0
557078.379,1,0,0,1.000,1.000,0.985,-90.00,180.00,0.00,OPEN,0
557078.390,1,0,0,1.000,1.000,0.985,-90.00,180.00,0.00,OPEN,0
557078.400,1,0,0,1.000,1.000,0.985,-90.00,180.00,0.00,OPEN,0
557078.410,1,0,0,1.000,1.000,0.985,-90.00,180.00,0.00,OPEN,0
557078.421,1,0,0,1.000,1.000,0.985,-90.00,180.00,0.00,OPEN,0
557078.432,1,0,0,1.000,1.000,0.985,-90.00,180.00,0.00,OPEN,0
557078.442,1,0,0,1.000,1.000,0.985,-90.00,180.00,0.00,OPEN,0
557078.453,1,0,0,1.000,1.000,0.985,-90.00,180.00,0.00,OPEN,0
557078.464,1,0,0,1.000,1.000,0.985,-90.00,180.00,0.00,OPEN,0
557078.474,1,0,0,1.000,1.000,0.985,-90.00,180.00,0.00,OPEN,0
557078.484,1,0,0,1.000,1.000,0.985,-90.00,180.00,0.00,OPEN,0
557078.495,1,0,0,1.000,1.000,0.983,-90.00,180.00,0.00,OPEN,0
557078.505,1,0,0,1.000,1.000,0.983,-90.00,180.00,0.00,OPEN,0
557078.515,1,0,0,1.000,1.000,0.983,-90.00,180.00,0.00,OPEN,0
557078.526,1,0,0,1.000,1.000,0.983,-90.00,180.00,0.00,OPEN,0
557078.537,1,0,0,1.000,1.000,0.983,-90.00,180.00,0.00,OPEN,0
557078.547,1,0,0,1.000,1.000,0.986,-90.00,180.00,0.00,OPEN,0
557078.558,1,0,0,1.000,1.000,0.986,-90.00,180.00,0.00,OPEN,0
557078.568,1,0,0,1.000,1.000,0.986,-90.00,180.00,0.00,OPEN,0
557078.579,1,0,0,1.000,1.000,0.986,-90.00,180.00,0.00,OPEN,0
557078.590,1,0,0,1.000,1.000,0.986,-90.00,180.00,0.00,OPEN,0
557078.601,1,0,0,1.000,1.000,0.986,-90.00,180.00,0.00,OPEN,0
557078.611,1,0,0,1.000,1.000,0.986,-90.00,180.00,0.00,OPEN,0
557078.621,1,0,0,1.000,1.000,0.986,-90.00,180.00,0.00,OPEN,0
557078.632,1,0,0,1.000,1.000,0.986,-90.00,180.00,0.00,OPEN,0
557078.642,1,0,0,1.000,1.000,0.982,-90.00,180.00,0.00,OPEN,0
557078.653,1,0,0,1.000,1.000,0.982,-90.00,180.00,0.00,OPEN,0
557078.664,1,0,0,1.000,1.000,0.982,-90.00,180.00,0.00,OPEN,0
557078.674,1,0,0,1.000,1.000,0.982,-90.00,180.00,0.00,OPEN,0
557078.685,1,0,0,1.000,1.000,0.982,-90.00,180.00,0.00,OPEN,0
557078.695,1,0,0,1.000,1.000,0.985,-90.00,180.00,0.00,OPEN,0
557078.705,1,0,0,1.000,1.000,0.985,-90.00,180.00,0.00,OPEN,0
557078.716,1,0,0,1.000,1.000,0.985,-90.00,180.00,0.00,OPEN,0
557078.726,1,0,0,1.000,1.000,0.985,-90.00,180.00,0.00,OPEN,0
557078.736,1,0,0,1.000,1.000,0.985,-90.00,180.00,0.00,OPEN,0
557078.747,1,0,0,1.000,1.000,0.987,-90.00,180.00,0.00,OPEN,0
557078.758,1,0,0,1.000,1.000,0.987,-90.00,180.00,0.00,OPEN,0
557078.768,1,0,0,1.000,1.000,0.987,-90.00,180.00,0.00,OPEN,0
557078.779,1,0,0,1.000,1.000,0.987,-90.00,180.00,0.00,OPEN,0
557078.789,1,0,0,1.000,1.000,0.987,-90.00,180.00,0.00,OPEN,0
557078.800,1,0,0,1.000,1.000,0.990,-90.00,180.00,0.00,OPEN,0
557078.810,1,0,0,1.000,1.000,0.990,-90.00,180.00,0.00,OPEN,0
557078.821,1,0,0,1.000,1.000,0.990,-90.00,180.00,0.00,OPEN,0
557078.832,1,0,0,1.000,1.000,0.990,-90.00,180.00,0.00,OPEN,0
557078.842,1,0,0,1.000,1.000,0.983,-90.00,180.00,0.00,OPEN,0
557078.853,1,0,0,1.000,1.000,0.983,-90.00,180.00,0.00,OPEN,0
557078.864,1,0,0,1.000,1.000,0.983,-90.00,180.00,0.00,OPEN,0
557078.874,1,0,0,1.000,1.000,0.983,-90.00,180.00,0.00,OPEN,0
557078.885,1,0,0,1.000,1.000,0.983,-90.00,180.00,0.00,OPEN,0
557078.895,1,0,0,1.000,1.000,0.981,-90.00,180.00,0.00,OPEN,0
557078.906,1,0,0,1.000,1.000,0.981,-90.00,180.00,0.00,OPEN,0
557078.916,1,0,0,1.000,1.000,0.981,-90.00,180.00,0.00,OPEN,0
557078.926,1,0,0,1.000,1.000,0.981,-90.00,180.00,0.00,OPEN,0
557078.937,1,0,0,1.000,1.000,0.981,-90.00,180.00,0.00,OPEN,0
557078.948,1,0,0,1.000,1.000,1.000,-90.00,180.00,0.00,OPEN,0
557078.958,1,0,0,1.000,1.000,1.000,-90.00,180.00,0.00,OPEN,0
557078.968,1,0,0,1.000,1.000,1.000,-90.00,180.00,0.00,OPEN,0
557078.979,1,0,0,1.000,1.000,1.000,-90.00,180.00,0.00,OPEN,0
557078.989,1,0,0,1.000,1.000,1.000,-90.00,180.00,0.00,OPEN,0
557079.000,1,0,0,1.000,1.000,1.000,-90.00,180.00,0.00,OPEN,0
557079.010,1,0,0,1.000,1.000,1.000,-90.00,180.00,0.00,OPEN,0
557079.021,1,0,0,1.000,1.000,1.000,-90.00,180.00,0.00,OPEN,0
557079.032,1,0,0,1.000,1.000,1.000,-90.00,180.00,0.00,OPEN,0
557079.042,1,0,0,1.000,1.000,1.000,-90.00,180.00,0.00,OPEN,0
557079.052,1,0,0,1.000,1.000,1.000,-90.00,180.00,0.00,OPEN,0
557079.063,1,0,0,1.000,1.000,1.000,-90.00,180.00,0.00,OPEN,0
557079.073,1,0,0,1.000,1.000,1.000,-90.00,180.00,0.00,OPEN,0
557079.084,1,0,0,1.000,1.000,1.000,-90.00,180.00,0.00,OPEN,0
557079.094,1,0,0,1.000,1.000,1.000,-90.00,180.00,0.00,OPEN,0
557079.105,1,0,0,1.000,1.000,1.000,-90.00,180.00,0.00,OPEN,0
557079.116,1,0,0,1.000,1.000,1.000,-90.00,180.00,0.00,OPEN,0
557079.126,1,0,0,1.000,1.000,1.000,-90.00,180.00,0.00,OPEN,0
557079.138,1,0,0,1.000,1.000,1.000,-90.00,180.00,0.00,OPEN,0
557079.149,1,0,0,1.000,1.000,1.000,-90.00,180.00,0.00,OPEN,0
557079.160,1,0,0,1.000,1.000,1.000,-90.00,180.00,0.00,OPEN,0
557079.170,1,0,0,1.000,1.000,1.000,-90.00,180.00,0.00,OPEN,0
557079.181,1,0,0,1.000,1.000,1.000,-90.00,180.00,0.00,OPEN,0
557079.191,1,0,0,1.000,1.000,1.000,-90.00,180.00,0.00,OPEN,0
557079.202,1,0,0,1.000,1.000,1.000,-90.00,180.00,0.00,OPEN,0
557079.212,1,0,0,1.000,1.000,1.000,-90.00,180.00,0.00,OPEN,0
557079.223,1,0,0,1.000,1.000,1.000,-90.00,180.00,0.00,OPEN,0
557079.234,1,0,0,1.000,1.000,1.000,-90.00,180.00,0.00,OPEN,0
557079.244,1,0,0,1.000,1.000,1.000,-90.00,180.00,0.00,OPEN,0
557079.254,1,0,0,1.000,1.000,1.000,-90.00,180.00,0.00,OPEN,0
557079.265,1,0,0,1.000,1.000,1.000,-90.00,180.00,0.00,OPEN,0
557079.275,1,0,0,1.000,1.000,1.000,-90.00,180.00,0.00,OPEN,0
557079.286,1,0,0,1.000,1.000,1.000,-90.00,180.00,0.00,OPEN,0
557079.297,1,0,0,1.000,1.000,1.000,-90.00,180.00,0.00,OPEN,0
557079.307,1,0,0,1.000,1.000,1.000,-90.00,180.00,0.00,OPEN,0
557079.318,1,0,0,1.000,1.000,1.000,-90.00,180.00,0.00,OPEN,0
557079.328,1,0,0,1.000,1.000,1.000,-90.00,180.00,0.00,OPEN,0
557079.339,1,0,0,1.000,1.000,1.000,-90.00,180.00,0.00,OPEN,0
557079.349,1,0,0,1.000,1.000,1.000,-90.00,180.00,0.00,OPEN,0
557079.360,1,0,0,1.000,1.000,1.000,-90.00,180.00,0.00,OPEN,0
557079.370,1,0,0,1.000,1.000,1.000,-90.00,180.00,0.00,OPEN,0
557079.381,1,0,0,1.000,1.000,1.000,-90.00,180.00,0.00,OPEN,0
557079.392,1,0,0,1.000,1.000,1.000,-90.00,180.00,0.00,OPEN,0
557079.402,1,0,0,1.000,1.000,1.000,-90.00,180.00,0.00,OPEN,0
557079.413,1,0,0,1.000,1.000,1.000,-90.00,180.00,0.00,OPEN,0
557079.423,1,0,0,1.000,1.000,1.000,-90.00,180.00,0.00,OPEN,0
557079.434,1,0,0,1.000,1.000,1.000,-90.00,180.00,0.00,OPEN,0
557079.444,1,0,0,1.000,1.000,1.000,-90.00,180.00,0.00,OPEN,0
557079.455,1,0,0,1.000,1.000,1.000,-90.00,180.00,0.00,OPEN,0
557079.465,1,0,0,1.000,1.000,1.000,-90.00,180.00,0.00,OPEN,0
557079.476,1,0,0,1.000,1.000,1.000,-90.00,180.00,0.00,OPEN,0
557079.486,1,0,0,1.000,1.000,1.000,-90.00,180.00,0.00,OPEN,0
557079.496,1,0,0,1.000,1.000,1.000,-90.00,180.00,0.00,OPEN,0
557079.507,1,0,0,1.000,1.000,1.000,-90.00,180.00,0.00,OPEN,0
557079.517,1,0,0,1.000,1.000,1.000,-90.00,180.00,0.00,OPEN,0
557079.528,1,0,0,1.000,1.000,1.000,-90.00,180.00,0.00,OPEN,0
557079.539,1,0,0,1.000,1.000,1.000,-90.00,180.00,0.00,OPEN,0
557079.549,1,0,0,1.000,1.000,1.000,-90.00,180.00,0.00,OPEN,0
557079.560,1,0,0,1.000,1.000,1.000,-90.00,180.00,0.00,OPEN,0
557079.570,1,0,0,1.000,1.000,1.000,-90.00,180.00,0.00,OPEN,0
557079.580,1,0,0,1.000,1.000,1.000,-90.00,180.00,0.00,OPEN,0
557079.591,1,0,0,1.000,1.000,1.000,-90.00,180.00,0.00,OPEN,0
557079.601,1,0,0,1.000,1.000,1.000,-90.00,180.00,0.00,OPEN,0
557079.612,1,0,0,1.000,1.000,1.000,-90.00,180.00,0.00,OPEN,0
557079.622,1,0,0,1.000,1.000,1.000,-90.00,180.00,0.00,OPEN,0
557079.633,1,0,0,1.000,1.000,1.000,-90.00,180.00,0.00,OPEN,0
557079.643,1,0,0,1.000,1.000,1.000,-90.00,180.00,0.00,OPEN,0
557079.654,1,0,0,1.000,1.000,1.000,-90.00,180.00,0.00,OPEN,0
557079.664,1,0,0,1.000,1.000,1.000,-90.00,180.00,0.00,OPEN,0
557079.674,1,0,0,1.000,1.000,1.000,-90.00,180.00,0.00,OPEN,0
557079.685,1,0,0,1.000,1.000,1.000,-90.00,180.00,0.00,OPEN,0
557079.695,1,0,0,1.000,1.000,1.000,-90.00,180.00,0.00,OPEN,0
557079.706,1,0,0,1.000,1.000,1.000,-90.00,180.00,0.00,OPEN,0
557079.716,1,0,0,1.000,1.000,1.000,-90.00,180.00,0.00,OPEN,0
557079.727,1,0,0,1.000,1.000,1.000,-90.00,180.00,0.00,OPEN,0
557079.737,1,0,0,1.000,1.000,1.000,-90.00,180.00,0.00,OPEN,0
557079.748,1,0,0,1.000,1.000,1.000,-90.00,180.00,0.00,OPEN,0
557079.758,1,0,0,1.000,1.000,1.000,-90.00,180.00,0.00,OPEN,0
557079.768,1,0,0,1.000,1.000,1.000,-90.00,180.00,0.00,OPEN,0
557079.779,1,0,0,1.000,1.000,1.000,-90.00,180.00,0.00,OPEN,0
557079.789,1,0,0,1.000,1.000,1.000,-90.00,180.00,0.00,OPEN,0
557079.800,1,0,0,1.000,1.000,1.000,-90.00,180.00,0.00,OPEN,0
557079.810,1,0,0,1.000,1.000,1.000,-90.00,180.00,0.00,OPEN,0
557079.821,1,0,0,1.000,1.000,1.000,-90.00,180.00,0.00,OPEN,0
557079.831,1,0,0,1.000,1.000,1.000,-90.00,180.00,0.00,OPEN,0
557079.841,1,0,0,1.000,1.000,1.000,-90.00,180.00,0.00,OPEN,0
557079.852,1,1,1,1.000,1.000,1.000,0.00,90.00,0.00,OPEN,0
557079.863,1,1,1,1.000,1.000,1.000,0.00,90.00,0.00,OPEN,0
557079.873,1,1,1,1.000,1.000,1.000,0.00,90.00,0.00,OPEN,0
557079.884,1,1,1,1.000,1.000,1.000,0.00,90.00,0.00,OPEN,0
557079.894,1,1,1,1.000,1.000,0.715,0.00,90.00,0.00,OPEN,0
557079.905,1,1,1,1.000,1.000,0.715,0.00,90.00,0.00,OPEN,0
557079.915,1,1,1,1.000,1.000,0.715,0.00,90.00,0.00,OPEN,0
557079.926,1,1,1,1.000,1.000,0.715,0.00,90.00,0.00,OPEN,0
557079.936,1,1,1,1.000,1.000,0.715,0.00,90.00,0.00,OPEN,0
557079.946,1,1,1,1.000,1.000,0.898,0.00,90.00,0.00,OPEN,0
557079.957,1,1,1,1.000,1.000,0.898,0.00,90.00,0.00,OPEN,0
557079.967,1,1,1,1.000,1.000,0.898,0.00,90.00,0.00,OPEN,0
557079.978,1,1,1,1.000,1.000,0.898,0.00,90.00,0.00,OPEN,0
557079.988,1,1,1,1.000,1.000,0.898,0.00,90.00,0.00,OPEN,0
557079.999,1,1,1,1.000,1.000,0.759,0.00,90.00,0.00,OPEN,0
557080.009,1,1,1,1.000,1.000,0.759,0.00,90.00,0.00,OPEN,0
557080.020,1,1,1,1.000,1.000,0.759,0.00,90.00,0.00,OPEN,0
557080.030,1,1,1,1.000,1.000,0.759,0.00,90.00,0.00,OPEN,0
557080.040,1,1,1,1.000,1.000,0.759,0.00,90.00,0.00,OPEN,0
557080.050,1,1,1,1.000,1.000,1.000,0.00,90.00,0.00,OPEN,0
557080.061,1,1,1,1.000,1.000,1.000,0.00,90.00,0.00,OPEN,0
557080.071,1,1,1,1.000,1.000,1.000,0.00,90.00,0.00,OPEN,0
557080.082,1,1,1,1.000,1.000,1.000,0.00,90.00,0.00,OPEN,0
557080.092,1,1,1,1.000,1.000,0.997,0.00,90.00,0.00,OPEN,0
557080.103,1,1,1,1.000,1.000,0.997,0.00,90.00,0.00,OPEN,0
557080.113,1,1,1,1.000,1.000,0.997,0.00,90.00,0.00,OPEN,0
557080.123,1,1,1,1.000,1.000,0.997,0.00,90.00,0.00,OPEN,0
557080.134,1,1,1,1.000,1.000,0.997,0.00,90.00,0.00,OPEN,0
557080.144,1,1,1,0.996,1.000,1.000,0.00,90.00,0.00,OPEN,0
557080.155,1,1,1,0.996,1.000,1.000,0.00,90.00,0.00,OPEN,0
557080.166,1,1,1,0.996,1.000,1.000,0.00,90.00,0.00,OPEN,0
557080.176,1,1,1,0.996,1.000,1.000,0.00,90.00,0.00,OPEN,0
557080.186,1,1,1,0.996,1.000,1.000,0.00,90.00,0.00,OPEN,0
557080.197,1,1,1,0.830,1.000,1.000,0.00,90.00,0.00,OPEN,0
557080.207,1,1,1,0.830,1.000,1.000,0.00,90.00,0.00,OPEN,0
557080.217,1,1,1,0.830,1.000,1.000,0.00,90.00,0.00,OPEN,0
557080.228,1,1,1,0.830,1.000,1.000,0.00,90.00,0.00,OPEN,0
557080.238,1,1,1,0.830,1.000,1.000,0.00,90.00,0.00,OPEN,0
557080.248,1,1,1,1.000,1.000,1.000,0.00,90.00,0.00,OPEN,0
557080.259,1,1,1,1.000,1.000,1.000,0.00,90.00,0.00,OPEN,0
557080.269,1,1,1,1.000,1.000,1.000,0.00,90.00,0.00,OPEN,0
557080.280,1,1,1,1.000,1.000,1.000,0.00,90.00,0.00,OPEN,0
557080.291,1,1,1,1.000,1.000,1.000,0.00,90.00,0.00,OPEN,0
557080.301,1,0,1,1.000,1.000,1.000,0.00,180.00,0.00,OPEN,0
557080.312,1,0,1,1.000,1.000,1.000,0.00,180.00,0.00,OPEN,0
557080.323,1,0,1,1.000,1.000,1.000,0.00,180.00,0.00,OPEN,0
557080.334,1,0,1,1.000,1.000,1.000,0.00,180.00,0.00,OPEN,0
557080.344,1,0,1,1.000,1.000,1.000,0.00,180.00,0.00,OPEN,0
557080.355,1,0,1,1.000,1.000,1.000,0.00,180.00,0.00,OPEN,0
557080.366,1,0,1,1.000,1.000,1.000,0.00,180.00,0.00,OPEN,0
557080.376,1,0,1,1.000,1.000,1.000,0.00,180.00,0.00,OPEN,0
557080.387,1,0,1,1.000,1.000,1.000,0.00,180.00,0.00,OPEN,0
557080.397,1,0,1,1.000,1.000,1.000,0.00,180.00,0.00,OPEN,0
557080.408,1,0,1,1.000,1.000,1.000,0.00,180.00,0.00,OPEN,0
557080.418,1,0,1,1.000,1.000,1.000,0.00,180.00,0.00,OPEN,0
557080.429,1,0,1,1.000,1.000,1.000,0.00,180.00,0.00,OPEN,0
557080.440,1,0,1,1.000,1.000,1.000,0.00,180.00,0.00,OPEN,0
557080.450,1,0,0,1.000,1.000,1.000,-90.00,180.00,0.00,OPEN,0
557080.461,1,0,0,1.000,1.000,1.000,-90.00,180.00,0.00,OPEN,0
557080.471,1,0,0,1.000,1.000,1.000,-90.00,180.00,0.00,OPEN,0
557080.482,1,0,0,1.000,1.000,1.000,-90.00,180.00,0.00,OPEN,0
557080.493,1,0,0,1.000,1.000,1.000,-90.00,180.00,0.00,OPEN,0
557080.503,1,0,0,1.000,1.000,1.000,-90.00,180.00,0.00,OPEN,0
557080.513,1,0,0,1.000,1.000,1.000,-90.00,180.00,0.00,OPEN,0
557080.524,1,0,0,1.000,1.000,1.000,-90.00,180.00,0.00,OPEN,0
557080.534,1,0,0,1.000,1.000,1.000,-90.00,180.00,0.00,OPEN,0
557080.544,1,0,0,1.000,0.842,0.927,-90.00,180.00,0.00,OPEN,0
557080.555,1,0,0,1.000,0.842,0.927,-90.00,180.00,0.00,OPEN,0
557080.565,1,0,0,1.000,0.842,0.927,-90.00,180.00,0.00,OPEN,0
557080.576,1,0,0,1.000,0.842,0.927,-90.00,180.00,0.00,OPEN,0
557080.586,1,0,0,1.000,0.842,0.927,-90.00,180.00,0.00,OPEN,0
557080.597,0,0,0,1.000,1.000,0.582,-90.00,180.00,0.00,OPEN,0
557080.607,0,0,0,1.000,1.000,0.582,-90.00,180.00,0.00,OPEN,0
557080.618,0,0,0,1.000,1.000,0.582,-90.00,180.00,0.00,OPEN,0
557080.629,0,0,0,1.000,1.000,0.582,-90.00,180.00,0.00,OPEN,0
557080.639,0,0,0,1.000,1.000,0.582,-90.00,180.00,0.00,OPEN,0
557080.650,0,0,0,1.000,1.000,0.663,-90.00,180.00,0.00,OPEN,0
557080.660,0,0,0,1.000,1.000,0.663,-90.00,180.00,0.00,OPEN,0
557080.671,0,0,0,1.000,1.000,0.663,-90.00,180.00,0.00,OPEN,0
557080.681,0,0,0,1.000,1.000,0.663,-90.00,180.00,0.00,OPEN,0
557080.691,0,0,0,1.000,1.000,0.663,-90.00,180.00,0.00,OPEN,0
557080.702,0,0,0,1.000,1.000,0.621,-90.00,180.00,0.00,OPEN,0
557080.713,0,0,0,1.000,1.000,0.621,-90.00,180.00,0.00,OPEN,0
557080.724,0,0,0,1.000,1.000,0.621,-90.00,180.00,0.00,OPEN,0
557080.734,0,0,0,1.000,1.000,0.621,-90.00,180.00,0.00,OPEN,0
557080.745,0,0,0,1.000,1.000,0.621,-90.00,180.00,0.00,OPEN,0
557080.755,0,0,0,1.000,1.000,0.621,-90.00,180.00,0.00,OPEN,0
557080.766,0,0,0,1.000,1.000,0.621,-90.00,180.00,0.00,OPEN,0
557080.777,0,0,0,1.000,1.000,0.621,-90.00,180.00,0.00,OPEN,0
557080.787,0,0,0,1.000,1.000,0.621,-90.00,180.00,0.00,OPEN,0
557080.798,0,0,0,1.000,1.000,0.957,-90.00,180.00,0.00,OPEN,0
557080.809,0,0,0,1.000,1.000,0.957,-90.00,180.00,0.00,OPEN,0
557080.819,0,0,0,1.000,1.000,0.957,-90.00,180.00,0.00,OPEN,0
557080.830,0,0,0,1.000,1.000,0.957,-90.00,180.00,0.00,OPEN,0
557080.840,0,0,0,1.000,1.000,0.957,-90.00,180.00,0.00,OPEN,0
557080.851,0,0,0,1.000,1.000,0.968,-90.00,180.00,0.00,OPEN,0
557080.861,0,0,0,1.000,1.000,0.968,-90.00,180.00,0.00,OPEN,0
557080.871,0,0,0,1.000,1.000,0.968,-90.00,180.00,0.00,OPEN,0
557080.882,0,0,0,1.000,1.000,0.968,-90.00,180.00,0.00,OPEN,0
557080.892,0,0,0,1.000,1.000,0.996,-90.00,180.00,0.00,OPEN,0
557080.902,0,0,0,1.000,1.000,0.996,-90.00,180.00,0.00,OPEN,0
557080.913,0,0,0,1.000,1.000,0.996,-90.00,180.00,0.00,OPEN,0
557080.923,0,0,0,1.000,1.000,0.996,-90.00,180.00,0.00,OPEN,0
557080.934,0,0,0,1.000,1.000,0.996,-90.00,180.00,0.00,OPEN,0
557080.944,0,0,0,1.000,1.000,0.998,-90.00,180.00,0.00,OPEN,0
557080.955,0,0,0,1.000,1.000,0.998,-90.00,180.00,0.00,OPEN,0
557080.965,0,0,0,1.000,1.000,0.998,-90.00,180.00,0.00,OPEN,0
557080.976,0,0,0,1.000,1.000,0.998,-90.00,180.00,0.00,OPEN,0
557080.986,0,0,0,1.000,1.000,0.998,-90.00,180.00,0.00,OPEN,0
557080.997,0,0,0,1.000,0.899,1.000,-90.00,180.00,0.00,OPEN,0
557081.007,0,0,0,1.000,0.899,1.000,-90.00,180.00,0.00,OPEN,0
557081.018,0,0,0,1.000,0.899,1.000,-90.00,180.00,0.00,OPEN,0
557081.029,0,0,0,1.000,0.899,1.000,-90.00,180.00,0.00,OPEN,0
557081.039,0,0,0,1.000,0.899,1.000,-90.00,180.00,0.00,OPEN,0
557081.050,0,0,0,1.000,0.771,0.996,-90.00,180.00,0.00,OPEN,0
557081.061,0,0,0,1.000,0.771,0.996,-90.00,180.00,0.00,OPEN,0
557081.071,0,0,0,1.000,0.771,0.996,-90.00,180.00,0.00,OPEN,0
557081.082,0,0,0,1.000,0.771,0.996,-90.00,180.00,0.00,OPEN,0
557081.092,0,0,0,1.000,0.990,1.000,-90.00,180.00,0.00,OPEN,0
557081.103,0,0,0,1.000,0.990,1.000,-90.00,180.00,0.00,OPEN,0
557081.113,0,0,0,1.000,0.990,1.000,-90.00,180.00,0.00,OPEN,0
557081.124,0,0,0,1.000,0.990,1.000,-90.00,180.00,0.00,OPEN,0
557081.135,0,0,0,1.000,0.990,1.000,-90.00,180.00,0.00,OPEN,0
557081.145,0,0,0,1.000,1.000,1.000,-90.00,180.00,0.00,OPEN,0
557081.156,0,0,0,1.000,1.000,1.000,-90.00,180.00,0.00,OPEN,0
557081.167,0,0,0,1.000,1.000,1.000,-90.00,180.00,0.00,OPEN,0
557081.177,0,0,0,1.000,1.000,1.000,-90.00,180.00,0.00,OPEN,0
557081.188,0,0,0,1.000,1.000,1.000,-90.00,180.00,0.00,OPEN,0
557081.198,0,0,0,1.000,0.999,0.974,-90.00,180.00,0.00,OPEN,0
557081.209,0,0,0,1.000,0.999,0.974,-90.00,180.00,0.00,OPEN,0
557081.220,0,0,0,1.000,0.999,0.974,-90.00,180.00,0.00,OPEN,0
557081.230,0,0,0,1.000,0.999,0.974,-90.00,180.00,0.00,OPEN,0
557081.241,0,0,0,1.000,0.999,0.974,-90.00,180.00,0.00,OPEN,0
557081.251,0,0,0,1.000,0.579,0.697,-90.00,180.00,0.00,OPEN,0
557081.261,0,0,0,1.000,0.579,0.697,-90.00,180.00,0.00,OPEN,0
557081.272,0,0,0,1.000,0.579,0.697,-90.00,180.00,0.00,OPEN,0
557081.282,0,0,0,1.000,0.579,0.697,-90.00,180.00,0.00,OPEN,0
557081.293,0,0,0,1.000,0.989,0.891,-90.00,180.00,0.00,OPEN,0
557081.303,0,0,0,1.000,0.989,0.891,-90.00,180.00,0.00,OPEN,0
557081.314,0,0,0,1.000,0.989,0.891,-90.00,180.00,0.00,OPEN,0
557081.324,0,0,0,1.000,0.989,0.891,-90.00,180.00,0.00,OPEN,0
557081.335,0,0,0,1.000,0.989,0.891,-90.00,180.00,0.00,OPEN,0
557081.345,0,0,0,1.000,0.979,0.921,-90.00,180.00,0.00,OPEN,0
557081.356,0,0,0,1.000,0.979,0.921,-90.00,180.00,0.00,OPEN,0
557081.366,0,0,0,1.000,0.979,0.921,-90.00,180.00,0.00,OPEN,0
557081.376,0,0,0,1.000,0.979,0.921,-90.00,180.00,0.00,OPEN,0
557081.387,0,0,0,1.000,0.979,0.921,-90.00,180.00,0.00,OPEN,0
557081.397,0,0,0,1.000,0.809,0.967,-90.00,180.00,0.00,OPEN,0
557081.408,0,0,0,1.000,0.809,0.967,-90.00,180.00,0.00,OPEN,0
557081.418,0,0,0,1.000,0.809,0.967,-90.00,180.00,0.00,OPEN,0
557081.428,0,0,0,1.000,0.809,0.967,-90.00,180.00,0.00,OPEN,0
557081.439,0,0,0,1.000,0.809,0.967,-90.00,180.00,0.00,OPEN,0
557081.450,0,0,1,1.000,0.820,0.995,0.00,180.00,0.00,OPEN,0
557081.460,0,0,1,1.000,0.820,0.995,0.00,180.00,0.00,OPEN,0
557081.471,0,0,1,1.000,0.820,0.995,0.00,180.00,0.00,OPEN,0
557081.481,0,0,1,1.000,0.820,0.995,0.00,180.00,0.00,OPEN,0
557081.492,0,0,1,1.000,1.000,1.000,0.00,180.00,0.00,OPEN,0
557081.503,0,0,1,1.000,1.000,1.000,0.00,180.00,0.00,OPEN,0
557081.513,0,0,1,1.000,1.000,1.000,0.00,180.00,0.00,OPEN,0
557081.523,0,0,1,1.000,1.000,1.000,0.00,180.00,0.00,OPEN,0
557081.534,0,0,1,1.000,1.000,1.000,0.00,180.00,0.00,OPEN,0
557081.544,0,1,1,1.000,1.000,1.000,0.00,90.00,0.00,OPEN,0
557081.555,0,1,1,1.000,1.000,1.000,0.00,90.00,0.00,OPEN,0
557081.565,0,1,1,1.000,1.000,1.000,0.00,90.00,0.00,OPEN,0
557081.576,0,1,1,1.000,1.000,1.000,0.00,90.00,0.00,OPEN,0
557081.586,0,1,1,1.000,1.000,1.000,0.00,90.00,0.00,OPEN,0
557081.597,0,1,1,1.000,1.000,1.000,0.00,90.00,0.00,OPEN,0
557081.607,0,1,1,1.000,1.000,1.000,0.00,90.00,0.00,OPEN,0
557081.617,0,1,1,1.000,1.000,1.000,0.00,90.00,0.00,OPEN,0
557081.628,0,1,1,1.000,1.000,1.000,0.00,90.00,0.00,OPEN,0
557081.638,0,1,1,1.000,1.000,1.000,0.00,90.00,0.00,OPEN,0
557081.649,0,1,1,1.000,1.000,1.000,0.00,90.00,0.00,OPEN,0
557081.659,0,1,1,1.000,1.000,1.000,0.00,90.00,0.00,OPEN,0
557081.670,0,1,1,1.000,1.000,1.000,0.00,90.00,0.00,OPEN,0
557081.680,0,1,1,1.000,1.000,1.000,0.00,90.00,0.00,OPEN,0
557081.690,0,1,1,1.000,1.000,1.000,0.00,90.00,0.00,OPEN,0
557081.701,0,1,0,1.000,1.000,1.000,-90.00,90.00,0.00,OPEN,0
557081.711,0,1,0,1.000,1.000,1.000,-90.00,90.00,0.00,OPEN,0
557081.721,0,1,0,1.000,1.000,1.000,-90.00,90.00,0.00,OPEN,0
557081.732,0,1,0,1.000,1.000,1.000,-90.00,90.00,0.00,OPEN,0
557081.742,0,1,0,1.000,1.000,1.000,-90.00,90.00,0.00,OPEN,0
557081.753,0,1,0,1.000,1.000,1.000,-90.00,90.00,0.00,OPEN,0
557081.764,0,1,0,1.000,1.000,1.000,-90.00,90.00,0.00,OPEN,0
557081.774,0,1,0,1.000,1.000,1.000,-90.00,90.00,0.00,OPEN,0
557081.785,0,1,0,1.000,1.000,1.000,-90.00,90.00,0.00,OPEN,0
557081.795,0,1,0,1.000,1.000,1.000,-90.00,90.00,0.00,OPEN,0
557081.806,0,1,0,1.000,1.000,1.000,-90.00,90.00,0.00,OPEN,0
557081.816,0,1,0,1.000,1.000,1.000,-90.00,90.00,0.00,OPEN,0
557081.827,0,1,0,1.000,1.000,1.000,-90.00,90.00,0.00,OPEN,0
557081.838,0,1,0,1.000,1.000,1.000,-90.00,90.00,0.00,OPEN,0
557081.848,0,0,0,1.000,1.000,0.933,-90.00,180.00,0.00,OPEN,0
557081.859,0,0,0,1.000,1.000,0.933,-90.00,180.00,0.00,OPEN,0
557081.869,0,0,0,1.000,1.000,0.933,-90.00,180.00,0.00,OPEN,0
557081.880,0,0,0,1.000,1.000,0.933,-90.00,180.00,0.00,OPEN,0
557081.891,0,0,0,1.000,1.000,0.933,-90.00,180.00,0.00,OPEN,0
557081.901,0,0,0,1.000,1.000,0.617,-90.00,180.00,0.00,OPEN,0
557081.911,0,0,0,1.000,1.000,0.617,-90.00,180.00,0.00,OPEN,0
557081.922,0,0,0,1.000,1.000,0.617,-90.00,180.00,0.00,OPEN,0
557081.932,0,0,0,1.000,1.000,0.617,-90.00,180.00,0.00,OPEN,0
557081.943,0,0,0,1.000,1.000,1.000,-90.00,180.00,0.00,OPEN,0
557081.954,0,0,0,1.000,1.000,1.000,-90.00,180.00,0.00,OPEN,0
557081.964,0,0,0,1.000,1.000,1.000,-90.00,180.00,0.00,OPEN,0
557081.975,0,0,0,1.000,1.000,1.000,-90.00,180.00,0.00,OPEN,0
557081.985,0,0,0,1.000,1.000,1.000,-90.00,180.00,0.00,OPEN,0
557081.996,0,0,0,1.000,1.000,1.000,-90.00,180.00,0.00,OPEN,0
557082.006,0,0,0,1.000,1.000,1.000,-90.00,180.00,0.00,OPEN,0
557082.016,0,0,0,1.000,1.000,1.000,-90.00,180.00,0.00,OPEN,0
557082.028,0,0,0,1.000,1.000,1.000,-90.00,180.00,0.00,OPEN,0
557082.038,0,0,0,1.000,1.000,1.000,-90.00,180.00,0.00,OPEN,0
557082.048,0,0,0,1.000,1.000,1.000,-90.00,180.00,0.00,OPEN,0
557082.059,0,0,0,1.000,1.000,1.000,-90.00,180.00,0.00,OPEN,0
557082.070,0,0,0,1.000,1.000,1.000,-90.00,180.00,0.00,OPEN,0
557082.080,0,0,0,1.000,1.000,1.000,-90.00,180.00,0.00,OPEN,0
557082.091,0,0,0,1.000,1.000,1.000,-90.00,180.00,0.00,OPEN,0
557082.101,0,0,0,1.000,1.000,1.000,-90.00,180.00,0.00,OPEN,0
557082.112,0,0,0,1.000,1.000,1.000,-90.00,180.00,0.00,OPEN,0
557082.123,0,0,0,1.000,1.000,1.000,-90.00,180.00,0.00,OPEN,0
557082.134,0,0,0,1.000,1.000,1.000,-90.00,180.00,0.00,OPEN,0
557082.144,0,0,0,1.000,1.000,1.000,-90.00,180.00,0.00,OPEN,0
557082.155,0,0,0,1.000,1.000,1.000,-90.00,180.00,0.00,OPEN,0
557082.165,0,0,0,1.000,1.000,1.000,-90.00,180.00,0.00,OPEN,0
557082.176,0,0,0,1.000,1.000,1.000,-90.00,180.00,0.00,OPEN,0
557082.186,0,0,0,1.000,1.000,1.000,-90.00,180.00,0.00,OPEN,0
557082.197,0,0,0,1.000,1.000,1.000,-90.00,180.00,0.00,OPEN,0
557082.207,0,0,0,1.000,1.000,1.000,-90.00,180.00,0.00,OPEN,0
557082.218,0,0,0,1.000,1.000,1.000,-90.00,180.00,0.00,OPEN,0
557082.228,0,0,0,1.000,1.000,1.000,-90.00,180.00,0.00,OPEN,0
557082.239,0,0,0,1.000,1.000,1.000,-90.00,180.00,0.00,OPEN,0
557082.249,0,0,0,1.000,1.000,1.000,-90.00,180.00,0.00,OPEN,0
557082.260,0,0,0,1.000,1.000,1.000,-90.00,180.00,0.00,OPEN,0
557082.271,0,0,0,1.000,1.000,1.000,-90.00,180.00,0.00,OPEN,0
557082.281,0,0,0,1.000,1.000,1.000,-90.00,180.00,0.00,OPEN,0
557082.292,0,0,0,1.000,1.000,1.000,-90.00,180.00,0.00,OPEN,0
557082.302,0,0,0,1.000,1.000,1.000,-90.00,180.00,0.00,OPEN,0
557082.313,0,0,0,1.000,1.000,1.000,-90.00,180.00,0.00,OPEN,0
557082.324,0,0,0,1.000,1.000,1.000,-90.00,180.00,0.00,OPEN,0
557082.334,0,0,0,1.000,1.000,1.000,-90.00,180.00,0.00,OPEN,0
557082.344,0,0,0,1.000,1.000,1.000,-90.00,180.00,0.00,OPEN,0
557082.355,0,0,0,1.000,1.000,1.000,-90.00,180.00,0.00,OPEN,0
557082.366,0,0,0,1.000,1.000,1.000,-90.00,180.00,0.00,OPEN,0
557082.376,0,0,0,1.000,1.000,1.000,-90.00,180.00,0.00,OPEN,0
557082.388,0,0,0,1.000,1.000,1.000,-90.00,180.00,0.00,OPEN,0
557082.399,0,0,0,1.000,0.997,0.997,-90.00,180.00,0.00,OPEN,0
557082.409,0,0,0,1.000,0.997,0.997,-90.00,180.00,0.00,OPEN,0
557082.420,0,0,0,1.000,0.997,0.997,-90.00,180.00,0.00,OPEN,0
557082.430,0,0,0,1.000,0.997,0.997,-90.00,180.00,0.00,OPEN,0
557082.441,0,0,0,1.000,0.997,0.997,-90.00,180.00,0.00,OPEN,0
557082.452,0,0,0,1.000,1.000,1.000,-90.00,180.00,0.00,OPEN,0
557082.463,0,0,0,1.000,1.000,1.000,-90.00,180.00,0.00,OPEN,0
557082.474,0,0,0,1.000,1.000,1.000,-90.00,180.00,0.00,OPEN,0
557082.484,0,0,0,1.000,1.000,1.000,-90.00,180.00,0.00,OPEN,0
557082.495,0,0,0,1.000,1.000,1.000,-90.00,180.00,0.00,OPEN,0
557082.506,0,0,0,1.000,1.000,1.000,-90.00,180.00,0.00,OPEN,0
557082.516,0,0,0,1.000,1.000,1.000,-90.00,180.00,0.00,OPEN,0
557082.527,0,0,0,1.000,1.000,1.000,-90.00,180.00,0.00,OPEN,0
557082.538,0,0,0,1.000,1.000,1.000,-90.00,180.00,0.00,OPEN,0
557082.548,0,0,0,1.000,1.000,1.000,-90.00,180.00,0.00,OPEN,0
557082.558,0,0,0,1.000,1.000,1.000,-90.00,180.00,0.00,OPEN,0
557082.569,0,0,0,1.000,1.000,1.000,-90.00,180.00,0.00,OPEN,0
557082.579,0,0,0,1.000,1.000,1.000,-90.00,180.00,0.00,OPEN,0
557082.590,0,0,0,1.000,1.000,1.000,-90.00,180.00,0.00,OPEN,0
557082.600,0,0,0,1.000,1.000,1.000,-90.00,180.00,0.00,OPEN,0
557082.610,0,0,0,1.000,1.000,1.000,-90.00,180.00,0.00,OPEN,0
557082.621,0,0,0,1.000,1.000,1.000,-90.00,180.00,0.00,OPEN,0
557082.631,0,0,0,1.000,1.000,1.000,-90.00,180.00,0.00,OPEN,0
557082.642,0,0,0,1.000,1.000,1.000,-90.00,180.00,0.00,OPEN,0
557082.653,0,0,0,1.000,1.000,1.000,-90.00,180.00,0.00,OPEN,0
557082.663,0,0,0,1.000,1.000,1.000,-90.00,180.00,0.00,OPEN,0
557082.673,0,0,0,1.000,1.000,1.000,-90.00,180.00,0.00,OPEN,0
557082.684,0,0,0,1.000,1.000,1.000,-90.00,180.00,0.00,OPEN,0
557082.694,0,0,0,1.000,1.000,1.000,-90.00,180.00,0.00,OPEN,0
557082.705,0,0,0,1.000,1.000,1.000,-90.00,180.00,0.00,OPEN,0
557082.715,0,0,0,1.000,1.000,1.000,-90.00,180.00,0.00,OPEN,0
557082.726,0,0,0,1.000,1.000,1.000,-90.00,180.00,0.00,OPEN,0
557082.737,0,0,0,1.000,1.000,1.000,-90.00,180.00,0.00,OPEN,0
557082.747,0,0,0,1.000,1.000,1.000,-90.00,180.00,0.00,OPEN,0
557082.758,0,0,0,1.000,1.000,1.000,-90.00,180.00,0.00,OPEN,0
557082.768,0,0,0,1.000,1.000,1.000,-90.00,180.00,0.00,OPEN,0
557082.778,0,0,0,1.000,1.000,1.000,-90.00,180.00,0.00,OPEN,0
557082.789,0,0,0,1.000,1.000,1.000,-90.00,180.00,0.00,OPEN,0
557082.799,0,1,1,1.000,0.998,1.000,0.00,90.00,0.00,OPEN,0
557082.810,0,1,1,1.000,0.998,1.000,0.00,90.00,0.00,OPEN,0
557082.821,0,1,1,1.000,0.998,1.000,0.00,90.00,0.00,OPEN,0
557082.831,0,1,1,1.000,0.998,1.000,0.00,90.00,0.00,OPEN,0
557082.841,0,1,1,1.000,0.998,1.000,0.00,90.00,0.00,OPEN,0
557082.851,0,1,1,1.000,0.981,0.929,0.00,90.00,0.00,OPEN,0
557082.862,0,1,1,1.000,0.981,0.929,0.00,90.00,0.00,OPEN,0
557082.873,0,1,1,1.000,0.981,0.929,0.00,90.00,0.00,OPEN,0
557082.883,0,1,1,1.000,0.981,0.929,0.00,90.00,0.00,OPEN,0
557082.894,0,1,1,1.000,1.000,0.557,0.00,90.00,0.00,OPEN,0
557082.904,0,1,1,1.000,1.000,0.557,0.00,90.00,0.00,OPEN,0
557082.915,0,1,1,1.000,1.000,0.557,0.00,90.00,0.00,OPEN,0
557082.925,0,1,1,1.000,1.000,0.557,0.00,90.00,0.00,OPEN,0
557082.936,0,1,1,1.000,1.000,0.557,0.00,90.00,0.00,OPEN,0
557082.947,0,1,1,1.000,1.000,0.994,0.00,90.00,0.00,OPEN,0
557082.957,0,1,1,1.000,1.000,0.994,0.00,90.00,0.00,OPEN,0
557082.967,0,1,1,1.000,1.000,0.994,0.00,90.00,0.00,OPEN,0
557082.978,0,1,1,1.000,1.000,0.994,0.00,90.00,0.00,OPEN,0
557082.989,0,1,1,1.000,1.000,0.994,0.00,90.00,0.00,OPEN,0
557083.000,0,1,1,1.000,1.000,0.998,0.00,90.00,0.00,OPEN,0
557083.010,0,1,1,1.000,1.000,0.998,0.00,90.00,0.00,OPEN,0
557083.021,0,1,1,1.000,1.000,0.998,0.00,90.00,0.00,OPEN,0
557083.031,0,1,1,1.000,1.000,0.998,0.00,90.00,0.00,OPEN,0
557083.042,0,1,1,1.000,1.000,0.997,0.00,90.00,0.00,OPEN,0
557083.053,0,1,1,1.000,1.000,0.997,0.00,90.00,0.00,OPEN,0
557083.063,0,1,1,1.000,1.000,0.997,0.00,90.00,0.00,OPEN,0
557083.074,0,1,1,1.000,1.000,0.997,0.00,90.00,0.00,OPEN,0
557083.084,0,1,1,1.000,1.000,0.997,0.00,90.00,0.00,OPEN,0
557083.095,0,1,1,1.000,1.000,0.997,0.00,90.00,0.00,OPEN,0
557083.105,0,1,1,1.000,1.000,0.997,0.00,90.00,0.00,OPEN,0
557083.116,0,1,1,1.000,1.000,0.997,0.00,90.00,0.00,OPEN,0
557083.126,0,1,1,1.000,1.000,0.997,0.00,90.00,0.00,OPEN,0
557083.137,0,1,1,1.000,1.000,0.997,0.00,90.00,0.00,OPEN,0
557083.147,0,1,1,1.000,1.000,0.993,0.00,90.00,0.00,OPEN,0
557083.158,0,1,1,1.000,1.000,0.993,0.00,90.00,0.00,OPEN,0
557083.168,0,1,1,1.000,1.000,0.993,0.00,90.00,0.00,OPEN,0
557083.179,0,1,1,1.000,1.000,0.993,0.00,90.00,0.00,OPEN,0
557083.190,0,1,1,1.000,1.000,0.993,0.00,90.00,0.00,OPEN,0
557083.200,0,1,1,1.000,1.000,0.992,0.00,90.00,0.00,OPEN,0
557083.211,0,1,1,1.000,1.000,0.992,0.00,90.00,0.00,OPEN,0
557083.222,0,1,1,1.000,1.000,0.992,0.00,90.00,0.00,OPEN,0
557083.232,0,1,1,1.000,1.000,0.992,0.00,90.00,0.00,OPEN,0
557083.242,0,0,1,1.000,1.000,0.993,0.00,180.00,0.00,OPEN,0
557083.253,0,0,1,1.000,1.000,0.993,0.00,180.00,0.00,OPEN,0
557083.264,0,0,1,1.000,1.000,0.993,0.00,180.00,0.00,OPEN,0
557083.274,0,0,1,1.000,1.000,0.993,0.00,180.00,0.00,OPEN,0
557083.285,0,0,1,1.000,1.000,0.993,0.00,180.00,0.00,OPEN,0
557083.295,0,0,1,1.000,1.000,0.995,0.00,180.00,0.00,OPEN,0
557083.305,0,0,1,1.000,1.000,0.995,0.00,180.00,0.00,OPEN,0
557083.316,0,0,1,1.000,1.000,0.995,0.00,180.00,0.00,OPEN,0
557083.326,0,0,1,1.000,1.000,0.995,0.00,180.00,0.00,OPEN,0
557083.336,0,0,1,1.000,1.000,0.995,0.00,180.00,0.00,OPEN,0
557083.347,0,0,1,1.000,1.000,0.993,0.00,180.00,0.00,OPEN,0
557083.357,0,0,1,1.000,1.000,0.993,0.00,180.00,0.00,OPEN,0
557083.368,0,0,1,1.000,1.000,0.993,0.00,180.00,0.00,OPEN,0
557083.378,0,0,1,1.000,1.000,0.993,0.00,180.00,0.00,OPEN,0
557083.389,0,0,1,1.000,1.000,0.993,0.00,180.00,0.00,OPEN,0
557083.399,0,0,1,1.000,1.000,0.987,0.00,180.00,0.00,OPEN,0
557083.410,0,0,1,1.000,1.000,0.987,0.00,180.00,0.00,OPEN,0
557083.420,0,0,1,1.000,1.000,0.987,0.00,180.00,0.00,OPEN,0
557083.431,0,0,1,1.000,1.000,0.987,0.00,180.00,0.00,OPEN,0
557083.441,0,0,1,1.000,1.000,0.987,0.00,180.00,0.00,OPEN,0
557083.452,0,0,1,1.000,1.000,0.980,0.00,180.00,0.00,OPEN,0
557083.462,0,0,1,1.000,1.000,0.980,0.00,180.00,0.00,OPEN,0
557083.473,0,0,1,1.000,1.000,0.980,0.00,180.00,0.00,OPEN,0
557083.483,0,0,1,1.000,1.000,0.980,0.00,180.00,0.00,OPEN,0
557083.494,0,0,1,1.000,1.000,0.992,0.00,180.00,0.00,OPEN,0
557083.504,0,0,1,1.000,1.000,0.992,0.00,180.00,0.00,OPEN,0
557083.515,0,0,1,1.000,1.000,0.992,0.00,180.00,0.00,OPEN,0
557083.525,0,0,1,1.000,1.000,0.992,0.00,180.00,0.00,OPEN,0
557083.535,0,0,1,1.000,1.000,0.992,0.00,180.00,0.00,OPEN,0
557083.546,0,0,1,1.000,1.000,0.990,0.00,180.00,0.00,OPEN,0
557083.557,0,0,1,1.000,1.000,0.990,0.00,180.00,0.00,OPEN,0
557083.567,0,0,1,1.000,1.000,0.990,0.00,180.00,0.00,OPEN,0
557083.578,0,0,1,1.000,1.000,0.990,0.00,180.00,0.00,OPEN,0
557083.588,0,0,1,1.000,1.000,0.990,0.00,180.00,0.00,OPEN,0
557083.598,0,0,1,1.000,1.000,0.986,0.00,180.00,0.00,OPEN,0
557083.609,0,0,1,1.000,1.000,0.986,0.00,180.00,0.00,OPEN,0
557083.620,0,0,1,1.000,1.000,0.986,0.00,180.00,0.00,OPEN,0
557083.630,0,0,1,1.000,1.000,0.986,0.00,180.00,0.00,OPEN,0
557083.641,0,0,1,1.000,1.000,0.986,0.00,180.00,0.00,OPEN,0
557083.651,0,0,1,1.000,1.000,0.947,0.00,180.00,0.00,OPEN,0
557083.662,0,0,1,1.000,1.000,0.947,0.00,180.00,0.00,OPEN,0
557083.672,0,0,1,1.000,1.000,0.947,0.00,180.00,0.00,OPEN,0
557083.682,0,0,1,1.000,1.000,0.947,0.00,180.00,0.00,OPEN,0
557083.693,0,0,1,1.000,1.000,0.573,0.00,180.00,0.00,OPEN,0
557083.703,0,0,1,1.000,1.000,0.573,0.00,180.00,0.00,OPEN,0
557083.714,0,0,1,1.000,1.000,0.573,0.00,180.00,0.00,OPEN,0
557083.724,0,0,1,1.000,1.000,0.573,0.00,180.00,0.00,OPEN,0
557083.734,0,0,1,1.000,1.000,0.573,0.00,180.00,0.00,OPEN,0
557083.745,0,0,1,1.000,1.000,0.558,0.00,180.00,0.00,OPEN,0
557083.756,0,0,1,1.000,1.000,0.558,0.00,180.00,0.00,OPEN,0
557083.766,0,0,1,1.000,1.000,0.558,0.00,180.00,0.00,OPEN,0
557083.776,0,0,1,1.000,1.000,0.558,0.00,180.00,0.00,OPEN,0
557083.787,0,0,1,1.000,1.000,0.558,0.00,180.00,0.00,OPEN,0
557083.797,0,0,1,1.000,1.000,0.526,0.00,180.00,0.00,OPEN,0
557083.808,0,0,1,1.000,1.000,0.526,0.00,180.00,0.00,OPEN,0
557083.819,0,0,1,1.000,1.000,0.526,0.00,180.00,0.00,OPEN,0
557083.829,0,0,1,1.000,1.000,0.526,0.00,180.00,0.00,OPEN,0
557083.840,0,0,1,1.000,1.000,0.526,0.00,180.00,0.00,OPEN,0
557083.851,0,0,1,1.000,1.000,0.538,0.00,180.00,0.00,OPEN,0
557083.861,0,0,1,1.000,1.000,0.538,0.00,180.00,0.00,OPEN,0
557083.871,0,0,1,1.000,1.000,0.538,0.00,180.00,0.00,OPEN,0
557083.882,0,0,1,1.000,1.000,0.538,0.00,180.00,0.00,OPEN,0
557083.892,0,0,1,1.000,1.000,0.552,0.00,180.00,0.00,OPEN,0
557083.902,0,0,1,1.000,1.000,0.552,0.00,180.00,0.00,OPEN,0
557083.913,0,0,1,1.000,1.000,0.552,0.00,180.00,0.00,OPEN,0
557083.923,0,0,1,1.000,1.000,0.552,0.00,180.00,0.00,OPEN,0
557083.934,0,0,1,1.000,1.000,0.552,0.00,180.00,0.00,OPEN,0
557083.944,0,0,1,1.000,1.000,0.845,0.00,180.00,0.00,OPEN,0
557083.955,0,0,1,1.000,1.000,0.845,0.00,180.00,0.00,OPEN,0
557083.965,0,0,1,1.000,1.000,0.845,0.00,180.00,0.00,OPEN,0
557083.975,0,0,1,1.000,1.000,0.845,0.00,180.00,0.00,OPEN,0
557083.986,0,0,1,1.000,1.000,0.845,0.00,180.00,0.00,OPEN,0
557083.996,0,0,1,1.000,1.000,0.923,0.00,180.00,0.00,OPEN,0
557084.007,0,0,1,1.000,1.000,0.923,0.00,180.00,0.00,OPEN,0
557084.017,0,0,1,1.000,1.000,0.923,0.00,180.00,0.00,OPEN,0
557084.028,0,0,1,1.000,1.000,0.923,0.00,180.00,0.00,OPEN,0
557084.038,0,0,1,1.000,1.000,0.923,0.00,180.00,0.00,OPEN,0
557084.049,0,0,1,1.000,1.000,0.957,0.00,180.00,0.00,OPEN,0
557084.060,0,0,1,1.000,1.000,0.957,0.00,180.00,0.00,OPEN,0
557084.070,0,0,1,1.000,1.000,0.957,0.00,180.00,0.00,OPEN,0
557084.080,0,0,1,1.000,1.000,0.957,0.00,180.00,0.00,OPEN,0
557084.091,0,0,1,1.000,1.000,0.957,0.00,180.00,0.00,OPEN,0
557084.102,0,0,1,1.000,1.000,0.960,0.00,180.00,0.00,OPEN,0
557084.113,0,0,1,1.000,1.000,0.960,0.00,180.00,0.00,OPEN,0
557084.124,0,0,1,1.000,1.000,0.960,0.00,180.00,0.00,OPEN,0
557084.134,0,0,1,1.000,1.000,0.960,0.00,180.00,0.00,OPEN,0
557084.145,0,0,1,1.000,1.000,0.938,0.00,180.00,0.00,OPEN,0
557084.155,0,0,1,1.000,1.000,0.938,0.00,180.00,0.00,OPEN,0
557084.166,0,0,1,1.000,1.000,0.938,0.00,180.00,0.00,OPEN,0
557084.177,0,0,1,1.000,1.000,0.938,0.00,180.00,0.00,OPEN,0
557084.187,0,0,1,1.000,1.000,0.938,0.00,180.00,0.00,OPEN,0
557084.198,0,0,1,1.000,1.000,0.924,0.00,180.00,0.00,OPEN,0
557084.208,0,0,1,1.000,1.000,0.924,0.00,180.00,0.00,OPEN,0
557084.219,0,0,1,1.000,1.000,0.924,0.00,180.00,0.00,OPEN,0
557084.229,0,0,1,1.000,1.000,0.924,0.00,180.00,0.00,OPEN,0
557084.240,0,0,1,1.000,1.000,0.924,0.00,180.00,0.00,OPEN,0
557084.250,0,0,1,1.000,1.000,0.876,0.00,180.00,0.00,OPEN,0
557084.261,0,0,1,1.000,1.000,0.876,0.00,180.00,0.00,OPEN,0
557084.271,0,0,1,1.000,1.000,0.876,0.00,180.00,0.00,OPEN,0
557084.282,0,0,1,1.000,1.000,0.876,0.00,180.00,0.00,OPEN,0
557084.293,0,0,1,1.000,1.000,0.880,0.00,180.00,0.00,OPEN,0
557084.303,0,0,1,1.000,1.000,0.880,0.00,180.00,0.00,OPEN,0
557084.314,0,0,1,1.000,1.000,0.880,0.00,180.00,0.00,OPEN,0
557084.324,0,0,1,1.000,1.000,0.880,0.00,180.00,0.00,OPEN,0
557084.335,0,0,1,1.000,1.000,0.880,0.00,180.00,0.00,OPEN,0
557084.346,0,0,1,1.000,1.000,0.894,0.00,180.00,0.00,OPEN,0
557084.356,0,0,1,1.000,1.000,0.894,0.00,180.00,0.00,OPEN,0
557084.367,0,0,1,1.000,1.000,0.894,0.00,180.00,0.00,OPEN,0
557084.378,0,0,1,1.000,1.000,0.894,0.00,180.00,0.00,OPEN,0
557084.388,0,0,1,1.000,1.000,0.894,0.00,180.00,0.00,OPEN,0
557084.399,0,0,1,1.000,1.000,0.924,0.00,180.00,0.00,OPEN,0
557084.410,0,0,1,1.000,1.000,0.924,0.00,180.00,0.00,OPEN,0
557084.420,0,0,1,1.000,1.000,0.924,0.00,180.00,0.00,OPEN,0
557084.430,0,0,1,1.000,1.000,0.924,0.00,180.00,0.00,OPEN,0
557084.441,0,0,1,1.000,1.000,0.924,0.00,180.00,0.00,OPEN,0
557084.451,0,0,1,1.000,1.000,0.936,0.00,180.00,0.00,OPEN,0
557084.462,0,0,1,1.000,1.000,0.936,0.00,180.00,0.00,OPEN,0
557084.472,0,0,1,1.000,1.000,0.936,0.00,180.00,0.00,OPEN,0
557084.483,0,0,1,1.000,1.000,0.936,0.00,180.00,0.00,OPEN,0
557084.493,0,0,1,1.000,1.000,0.976,0.00,180.00,0.00,OPEN,0
557084.504,0,0,1,1.000,1.000,0.976,0.00,180.00,0.00,OPEN,0
557084.514,0,0,1,1.000,1.000,0.976,0.00,180.00,0.00,OPEN,0
557084.525,0,0,1,1.000,1.000,0.976,0.00,180.00,0.00,OPEN,0
557084.535,0,0,1,1.000,1.000,0.976,0.00,180.00,0.00,OPEN,0
557084.546,0,0,1,1.000,1.000,0.982,0.00,180.00,0.00,OPEN,0
557084.557,0,0,1,1.000,1.000,0.982,0.00,180.00,0.00,OPEN,0
557084.568,0,0,1,1.000,1.000,0.982,0.00,180.00,0.00,OPEN,0
557084.578,0,0,1,1.000,1.000,0.982,0.00,180.00,0.00,OPEN,0
557084.589,0,0,1,1.000,1.000,0.982,0.00,180.00,0.00,OPEN,0
557084.599,0,0,1,1.000,1.000,0.984,0.00,180.00,0.00,OPEN,0
557084.610,0,0,1,1.000,1.000,0.984,0.00,180.00,0.00,OPEN,0
557084.621,0,0,1,1.000,1.000,0.984,0.00,180.00,0.00,OPEN,0
557084.631,0,0,1,1.000,1.000,0.984,0.00,180.00,0.00,OPEN,0
557084.642,0,0,1,1.000,1.000,0.984,0.00,180.00,0.00,OPEN,0
557084.652,0,0,1,1.000,1.000,0.991,0.00,180.00,0.00,OPEN,0
557084.663,0,0,1,1.000,1.000,0.991,0.00,180.00,0.00,OPEN,0
557084.674,0,0,1,1.000,1.000,0.991,0.00,180.00,0.00,OPEN,0
557084.685,0,0,1,1.000,1.000,0.991,0.00,180.00,0.00,OPEN,0
557084.695,0,0,1,1.000,1.000,0.993,0.00,180.00,0.00,OPEN,0
557084.706,0,0,1,1.000,1.000,0.993,0.00,180.00,0.00,OPEN,0
557084.717,0,0,1,1.000,1.000,0.993,0.00,180.00,0.00,OPEN,0
557084.727,0,0,1,1.000,1.000,0.993,0.00,180.00,0.00,OPEN,0
557084.738,0,0,1,1.000,1.000,0.993,0.00,180.00,0.00,OPEN,0
557084.748,0,0,1,1.000,1.000,0.991,0.00,180.00,0.00,OPEN,0
557084.759,0,0,1,1.000,1.000,0.991,0.00,180.00,0.00,OPEN,0
557084.770,0,0,1,1.000,1.000,0.991,0.00,180.00,0.00,OPEN,0
557084.780,0,0,1,1.000,1.000,0.991,0.00,180.00,0.00,OPEN,0
557084.791,0,0,1,1.000,1.000,0.991,0.00,180.00,0.00,OPEN,0
557084.801,0,0,1,1.000,1.000,0.994,0.00,180.00,0.00,OPEN,0
557084.812,0,0,1,1.000,1.000,0.994,0.00,180.00,0.00,OPEN,0
557084.822,0,0,1,1.000,1.000,0.994,0.00,180.00,0.00,OPEN,0
557084.833,0,0,1,1.000,1.000,0.994,0.00,180.00,0.00,OPEN,0
557084.843,0,0,1,1.000,1.000,0.996,0.00,180.00,0.00,OPEN,0
557084.854,0,0,1,1.000,1.000,0.996,0.00,180.00,0.00,OPEN,0
557084.865,0,0,1,1.000,1.000,0.996,0.00,180.00,0.00,OPEN,0
557084.875,0,0,1,1.000,1.000,0.996,0.00,180.00,0.00,OPEN,0
557084.886,0,0,1,1.000,1.000,0.996,0.00,180.00,0.00,OPEN,0
557084.896,0,0,1,1.000,1.000,0.996,0.00,180.00,0.00,OPEN,0
557084.907,0,0,1,1.000,1.000,0.996,0.00,180.00,0.00,OPEN,0
557084.918,0,0,1,1.000,1.000,0.996,0.00,180.00,0.00,OPEN,0
557084.929,0,0,1,1.000,1.000,0.996,0.00,180.00,0.00,OPEN,0
557084.939,0,0,1,1.000,1.000,0.996,0.00,180.00,0.00,OPEN,0
557084.949,0,0,1,1.000,1.000,0.996,0.00,180.00,0.00,OPEN,0
557084.959,0,0,1,1.000,1.000,0.996,0.00,180.00,0.00,OPEN,0
557084.970,0,0,1,1.000,1.000,0.996,0.00,180.00,0.00,OPEN,0
557084.980,0,0,1,1.000,1.000,0.996,0.00,180.00,0.00,OPEN,0
557084.991,0,0,1,1.000,1.000,0.996,0.00,180.00,0.00,OPEN,0
557085.002,0,0,1,1.000,1.000,0.997,0.00,180.00,0.00,OPEN,0
557085.012,0,0,1,1.000,1.000,0.997,0.00,180.00,0.00,OPEN,0
557085.022,0,0,1,1.000,1.000,0.997,0.00,180.00,0.00,OPEN,0
557085.033,0,0,1,1.000,1.000,0.997,0.00,180.00,0.00,OPEN,0
557085.043,0,0,1,1.000,1.000,0.992,0.00,180.00,0.00,OPEN,0
557085.054,0,0,1,1.000,1.000,0.992,0.00,180.00,0.00,OPEN,0
557085.064,0,0,1,1.000,1.000,0.992,0.00,180.00,0.00,OPEN,0
557085.075,0,0,1,1.000,1.000,0.992,0.00,180.00,0.00,OPEN,0
557085.085,0,0,1,1.000,1.000,0.992,0.00,180.00,0.00,OPEN,0
557085.096,0,0,1,1.000,1.000,0.905,0.00,180.00,0.00,OPEN,0
557085.107,0,0,1,1.000,1.000,0.905,0.00,180.00,0.00,OPEN,0
557085.117,0,0,1,1.000,1.000,0.905,0.00,180.00,0.00,OPEN,0
557085.128,0,0,1,1.000,1.000,0.905,0.00,180.00,0.00,OPEN,0
557085.138,0,0,1,1.000,1.000,0.905,0.00,180.00,0.00,OPEN,0
557085.148,0,0,1,1.000,1.000,0.789,0.00,180.00,0.00,OPEN,0
557085.159,0,0,1,1.000,1.000,0.789,0.00,180.00,0.00,OPEN,0
557085.169,0,0,1,1.000,1.000,0.789,0.00,180.00,0.00,OPEN,0
557085.180,0,0,1,1.000,1.000,0.789,0.00,180.00,0.00,OPEN,0
557085.190,0,0,1,1.000,1.000,0.789,0.00,180.00,0.00,OPEN,0
557085.201,0,0,1,1.000,1.000,0.629,0.00,180.00,0.00,OPEN,0
557085.212,0,0,1,1.000,1.000,0.629,0.00,180.00,0.00,OPEN,0
557085.222,0,0,1,1.000,1.000,0.629,0.00,180.00,0.00,OPEN,0
557085.233,0,0,1,1.000,1.000,0.629,0.00,180.00,0.00,OPEN,0
557085.244,0,0,1,1.000,1.000,0.653,0.00,180.00,0.00,OPEN,0
557085.254,0,0,1,1.000,1.000,0.653,0.00,180.00,0.00,OPEN,0
557085.265,0,0,1,1.000,1.000,0.653,0.00,180.00,0.00,OPEN,0
557085.275,0,0,1,1.000,1.000,0.653,0.00,180.00,0.00,OPEN,0
557085.286,0,0,1,1.000,1.000,0.653,0.00,180.00,0.00,OPEN,0
557085.296,0,0,1,1.000,1.000,0.679,0.00,180.00,0.00,OPEN,0
557085.306,0,0,1,1.000,1.000,0.679,0.00,180.00,0.00,OPEN,0
557085.317,0,0,1,1.000,1.000,0.679,0.00,180.00,0.00,OPEN,0
557085.327,0,0,1,1.000,1.000,0.679,0.00,180.00,0.00,OPEN,0
557085.338,0,0,1,1.000,1.000,0.679,0.00,180.00,0.00,OPEN,0
557085.349,0,0,1,1.000,1.000,0.557,0.00,180.00,0.00,OPEN,0
557085.359,0,0,1,1.000,1.000,0.557,0.00,180.00,0.00,OPEN,0
557085.370,0,0,1,1.000,1.000,0.557,0.00,180.00,0.00,OPEN,0
557085.380,0,0,1,1.000,1.000,0.557,0.00,180.00,0.00,OPEN,0
557085.391,0,0,1,1.000,1.000,0.557,0.00,180.00,0.00,OPEN,0
557085.401,0,0,1,1.000,1.000,0.544,0.00,180.00,0.00,OPEN,0
557085.412,0,0,1,1.000,1.000,0.544,0.00,180.00,0.00,OPEN,0
557085.423,0,0,1,1.000,1.000,0.544,0.00,180.00,0.00,OPEN,0
557085.433,0,0,1,1.000,1.000,0.544,0.00,180.00,0.00,OPEN,0
557085.444,0,0,1,1.000,1.000,0.520,0.00,180.00,0.00,OPEN,0
557085.455,0,0,1,1.000,1.000,0.520,0.00,180.00,0.00,OPEN,0
557085.465,0,0,1,1.000,1.000,0.520,0.00,180.00,0.00,OPEN,0
557085.476,0,0,1,1.000,1.000,0.520,0.00,180.00,0.00,OPEN,0
557085.486,0,0,1,1.000,1.000,0.520,0.00,180.00,0.00,OPEN,0
557085.496,0,0,1,1.000,1.000,0.542,0.00,180.00,0.00,OPEN,0
557085.507,0,0,1,1.000,1.000,0.542,0.00,180.00,0.00,OPEN,0
557085.517,0,0,1,1.000,1.000,0.542,0.00,180.00,0.00,OPEN,0
557085.528,0,0,1,1.000,1.000,0.542,0.00,180.00,0.00,OPEN,0
557085.538,0,0,1,1.000,1.000,0.542,0.00,180.00,0.00,OPEN,0
557085.549,0,0,1,1.000,1.000,0.722,0.00,180.00,0.00,OPEN,0
557085.560,0,0,1,1.000,1.000,0.722,0.00,180.00,0.00,OPEN,0
557085.570,0,0,1,1.000,1.000,0.722,0.00,180.00,0.00,OPEN,0
557085.580,0,0,1,1.000,1.000,0.722,0.00,180.00,0.00,OPEN,0
557085.591,0,0,1,1.000,1.000,0.722,0.00,180.00,0.00,OPEN,0
557085.602,0,0,1,1.000,1.000,0.734,0.00,180.00,0.00,OPEN,0
557085.612,0,0,1,1.000,1.000,0.734,0.00,180.00,0.00,OPEN,0
557085.623,0,0,1,1.000,1.000,0.734,0.00,180.00,0.00,OPEN,0
557085.633,0,0,1,1.000,1.000,0.734,0.00,180.00,0.00,OPEN,0
557085.644,0,0,1,1.000,1.000,0.816,0.00,180.00,0.00,OPEN,0
557085.655,0,0,1,1.000,1.000,0.816,0.00,180.00,0.00,OPEN,0
557085.665,0,0,1,1.000,1.000,0.816,0.00,180.00,0.00,OPEN,0
557085.676,0,0,1,1.000,1.000,0.816,0.00,180.00,0.00,OPEN,0
557085.687,0,0,1,1.000,1.000,0.816,0.00,180.00,0.00,OPEN,0
557085.700,0,0,1,1.000,1.000,0.864,0.00,180.00,0.00,OPEN,0
557085.711,0,0,1,1.000,1.000,0.864,0.00,180.00,0.00,OPEN,0
557085.722,0,0,1,1.000,1.000,0.864,0.00,180.00,0.00,OPEN,0
557085.732,0,0,1,1.000,1.000,0.864,0.00,180.00,0.00,OPEN,0
557085.743,0,0,1,1.000,1.000,0.877,0.00,180.00,0.00,OPEN,0
557085.755,0,0,1,1.000,1.000,0.877,0.00,180.00,0.00,OPEN,0
557085.766,0,0,1,1.000,1.000,0.877,0.00,180.00,0.00,OPEN,0
557085.777,0,0,1,1.000,1.000,0.877,0.00,180.00,0.00,OPEN,0
557085.788,0,0,1,1.000,1.000,0.877,0.00,180.00,0.00,OPEN,0
557085.799,0,0,1,1.000,1.000,0.816,0.00,180.00,0.00,OPEN,0
557085.810,0,0,1,1.000,1.000,0.816,0.00,180.00,0.00,OPEN,0
557085.820,0,0,1,1.000,1.000,0.816,0.00,180.00,0.00,OPEN,0
557085.831,0,0,1,1.000,1.000,0.816,0.00,180.00,0.00,OPEN,0
557085.841,0,0,1,1.000,1.000,0.816,0.00,180.00,0.00,OPEN,0
557085.851,0,0,1,1.000,1.000,0.797,0.00,180.00,0.00,OPEN,0
557085.862,0,0,1,1.000,1.000,0.797,0.00,180.00,0.00,OPEN,0
557085.873,0,0,1,1.000,1.000,0.797,0.00,180.00,0.00,OPEN,0
557085.883,0,0,1,1.000,1.000,0.797,0.00,180.00,0.00,OPEN,0
557085.894,0,0,1,1.000,1.000,0.678,0.00,180.00,0.00,OPEN,0
557085.904,0,0,1,1.000,1.000,0.678,0.00,180.00,0.00,OPEN,0
557085.915,0,0,1,1.000,1.000,0.678,0.00,180.00,0.00,OPEN,0
557085.925,0,0,1,1.000,1.000,0.678,0.00,180.00,0.00,OPEN,0
557085.935,0,0,1,1.000,1.000,0.678,0.00,180.00,0.00,OPEN,0
557085.946,0,0,1,1.000,1.000,0.640,0.00,180.00,0.00,OPEN,0
557085.956,0,0,1,1.000,1.000,0.640,0.00,180.00,0.00,OPEN,0
557085.967,0,0,1,1.000,1.000,0.640,0.00,180.00,0.00,OPEN,0
557085.977,0,0,1,1.000,1.000,0.640,0.00,180.00,0.00,OPEN,0
557085.988,0,0,1,1.000,1.000,0.640,0.00,180.00,0.00,OPEN,0
557085.999,0,0,1,1.000,1.000,0.753,0.00,180.00,0.00,OPEN,0
557086.009,0,0,1,1.000,1.000,0.753,0.00,180.00,0.00,OPEN,0
557086.020,0,0,1,1.000,1.000,0.753,0.00,180.00,0.00,OPEN,0
557086.030,0,0,1,1.000,1.000,0.753,0.00,180.00,0.00,OPEN,0
557086.041,0,0,1,1.000,1.000,0.753,0.00,180.00,0.00,OPEN,0
557086.051,0,0,1,1.000,1.000,0.572,0.00,180.00,0.00,OPEN,0
557086.062,0,0,1,1.000,1.000,0.572,0.00,180.00,0.00,OPEN,0
557086.072,0,0,1,1.000,1.000,0.572,0.00,180.00,0.00,OPEN,0
557086.083,0,0,1,1.000,1.000,0.572,0.00,180.00,0.00,OPEN,0
557086.093,0,0,1,1.000,1.000,0.506,0.00,180.00,0.00,OPEN,0
557086.104,0,0,1,1.000,1.000,0.506,0.00,180.00,0.00,OPEN,0
557086.115,0,0,1,1.000,1.000,0.506,0.00,180.00,0.00,OPEN,0
557086.125,0,0,1,1.000,1.000,0.506,0.00,180.00,0.00,OPEN,0
557086.136,0,0,1,1.000,1.000,0.506,0.00,180.00,0.00,OPEN,0
557086.146,0,0,1,1.000,1.000,0.506,0.00,180.00,0.00,OPEN,0
557086.157,0,0,1,1.000,1.000,0.506,0.00,180.00,0.00,OPEN,0
557086.168,0,0,1,1.000,1.000,0.506,0.00,180.00,0.00,OPEN,0
557086.178,0,0,1,1.000,1.000,0.506,0.00,180.00,0.00,OPEN,0
557086.189,0,0,1,1.000,1.000,0.506,0.00,180.00,0.00,OPEN,0
557086.199,0,0,1,1.000,1.000,0.521,0.00,180.00,0.00,OPEN,0
557086.210,0,0,1,1.000,1.000,0.521,0.00,180.00,0.00,OPEN,0
557086.221,0,0,1,1.000,1.000,0.521,0.00,180.00,0.00,OPEN,0
557086.232,0,0,1,1.000,1.000,0.521,0.00,180.00,0.00,OPEN,0
557086.242,0,0,1,1.000,1.000,0.521,0.00,180.00,0.00,OPEN,0
557086.253,0,0,1,1.000,1.000,0.512,0.00,180.00,0.00,OPEN,0
557086.264,0,0,1,1.000,1.000,0.512,0.00,180.00,0.00,OPEN,0
557086.274,0,0,1,1.000,1.000,0.512,0.00,180.00,0.00,OPEN,0
557086.285,0,0,1,1.000,1.000,0.512,0.00,180.00,0.00,OPEN,0
557086.295,0,0,1,1.000,1.000,0.578,0.00,180.00,0.00,OPEN,0
557086.305,0,0,1,1.000,1.000,0.578,0.00,180.00,0.00,OPEN,0
557086.316,0,0,1,1.000,1.000,0.578,0.00,180.00,0.00,OPEN,0
557086.326,0,0,1,1.000,1.000,0.578,0.00,180.00,0.00,OPEN,0
557086.337,0,0,1,1.000,1.000,0.578,0.00,180.00,0.00,OPEN,0
557086.347,0,0,1,1.000,1.000,0.524,0.00,180.00,0.00,OPEN,0
557086.358,0,0,1,1.000,1.000,0.524,0.00,180.00,0.00,OPEN,0
557086.368,0,0,1,1.000,1.000,0.524,0.00,180.00,0.00,OPEN,0
557086.378,0,0,1,1.000,1.000,0.524,0.00,180.00,0.00,OPEN,0
557086.388,0,0,1,1.000,1.000,0.524,0.00,180.00,0.00,OPEN,0
557086.399,0,0,1,1.000,1.000,0.695,0.00,180.00,0.00,OPEN,0
557086.409,0,0,1,1.000,1.000,0.695,0.00,180.00,0.00,OPEN,0
557086.419,0,0,1,1.000,1.000,0.695,0.00,180.00,0.00,OPEN,0
557086.430,0,0,1,1.000,1.000,0.695,0.00,180.00,0.00,OPEN,0
557086.440,0,0,1,1.000,1.000,0.695,0.00,180.00,0.00,OPEN,0
557086.451,0,0,1,1.000,1.000,0.664,0.00,180.00,0.00,OPEN,0
557086.461,0,0,1,1.000,1.000,0.664,0.00,180.00,0.00,OPEN,0
557086.472,0,0,1,1.000,1.000,0.664,0.00,180.00,0.00,OPEN,0
557086.482,0,0,1,1.000,1.000,0.664,0.00,180.00,0.00,OPEN,0
557086.493,0,0,1,1.000,1.000,0.529,0.00,180.00,0.00,OPEN,0
557086.503,0,0,1,1.000,1.000,0.529,0.00,180.00,0.00,OPEN,0
557086.513,0,0,1,1.000,1.000,0.529,0.00,180.00,0.00,OPEN,0
557086.523,0,0,1,1.000,1.000,0.529,0.00,180.00,0.00,OPEN,0
557086.534,0,0,1,1.000,1.000,0.529,0.00,180.00,0.00,OPEN,0
557086.544,0,0,1,1.000,1.000,0.666,0.00,180.00,0.00,OPEN,0
557086.555,0,0,1,1.000,1.000,0.666,0.00,180.00,0.00,OPEN,0
557086.566,0,0,1,1.000,1.000,0.666,0.00,180.00,0.00,OPEN,0
557086.576,0,0,1,1.000,1.000,0.666,0.00,180.00,0.00,OPEN,0
557086.587,0,0,1,1.000,1.000,0.666,0.00,180.00,0.00,OPEN,0
557086.597,0,0,1,1.000,1.000,0.675,0.00,180.00,0.00,OPEN,0
557086.608,0,0,1,1.000,1.000,0.675,0.00,180.00,0.00,OPEN,0
557086.619,0,0,1,1.000,1.000,0.675,0.00,180.00,0.00,OPEN,0
557086.629,0,0,1,1.000,1.000,0.675,0.00,180.00,0.00,OPEN,0
557086.639,0,0,1,1.000,1.000,0.675,0.00,180.00,0.00,OPEN,0
557086.650,0,0,1,1.000,1.000,0.761,0.00,180.00,0.00,OPEN,0
557086.661,0,0,1,1.000,1.000,0.761,0.00,180.00,0.00,OPEN,0
557086.671,0,0,1,1.000,1.000,0.761,0.00,180.00,0.00,OPEN,0
557086.681,0,0,1,1.000,1.000,0.761,0.00,180.00,0.00,OPEN,0
557086.692,0,0,1,1.000,1.000,0.761,0.00,180.00,0.00,OPEN,0
557086.702,0,0,1,1.000,1.000,0.835,0.00,180.00,0.00,OPEN,0
557086.713,0,0,1,1.000,1.000,0.835,0.00,180.00,0.00,OPEN,0
557086.723,0,0,1,1.000,1.000,0.835,0.00,180.00,0.00,OPEN,0
557086.734,0,0,1,1.000,1.000,0.835,0.00,180.00,0.00,OPEN,0
557086.744,0,0,1,1.000,1.000,0.763,0.00,180.00,0.00,OPEN,0
557086.755,0,0,1,1.000,1.000,0.763,0.00,180.00,0.00,OPEN,0
557086.766,0,0,1,1.000,1.000,0.763,0.00,180.00,0.00,OPEN,0
557086.777,0,0,1,1.000,1.000,0.763,0.00,180.00,0.00,OPEN,0
557086.787,0,0,1,1.000,1.000,0.763,0.00,180.00,0.00,OPEN,0
557086.797,0,0,1,1.000,1.000,0.608,0.00,180.00,0.00,OPEN,0
557086.808,0,0,1,1.000,1.000,0.608,0.00,180.00,0.00,OPEN,0
557086.818,0,0,1,1.000,1.000,0.608,0.00,180.00,0.00,OPEN,0
557086.829,0,0,1,1.000,1.000,0.608,0.00,180.00,0.00,OPEN,0
557086.840,0,0,1,1.000,1.000,0.608,0.00,180.00,0.00,OPEN,0
557086.851,0,0,1,1.000,1.000,0.556,0.00,180.00,0.00,OPEN,0
557086.861,0,0,1,1.000,1.000,0.556,0.00,180.00,0.00,OPEN,0
557086.872,0,0,1,1.000,1.000,0.556,0.00,180.00,0.00,OPEN,0
557086.883,0,0,1,1.000,1.000,0.556,0.00,180.00,0.00,OPEN,0
557086.894,0,0,1,1.000,1.000,0.669,0.00,180.00,0.00,OPEN,0
557086.904,0,0,1,1.000,1.000,0.669,0.00,180.00,0.00,OPEN,0
557086.915,0,0,1,1.000,1.000,0.669,0.00,180.00,0.00,OPEN,0
557086.925,0,0,1,1.000,1.000,0.669,0.00,180.00,0.00,OPEN,0
557086.936,0,0,1,1.000,1.000,0.669,0.00,180.00,0.00,OPEN,0
557086.947,0,0,1,1.000,0.698,1.000,0.00,180.00,0.00,OPEN,0
557086.958,0,0,1,1.000,0.698,1.000,0.00,180.00,0.00,OPEN,0
557086.968,0,0,1,1.000,0.698,1.000,0.00,180.00,0.00,OPEN,0
557086.978,0,0,1,1.000,0.698,1.000,0.00,180.00,0.00,OPEN,0
557086.989,0,0,1,1.000,0.698,1.000,0.00,180.00,0.00,OPEN,0
557086.999,0,0,1,1.000,1.000,1.000,0.00,180.00,0.00,OPEN,0
557087.010,0,0,1,1.000,1.000,1.000,0.00,180.00,0.00,OPEN,0
557087.020,0,0,1,1.000,1.000,1.000,0.00,180.00,0.00,OPEN,0
557087.031,0,0,1,1.000,1.000,1.000,0.00,180.00,0.00,OPEN,0
557087.041,0,0,1,1.000,1.000,1.000,0.00,180.00,0.00,OPEN,0
557087.051,0,0,1,1.000,1.000,1.000,0.00,180.00,0.00,OPEN,0
557087.062,0,0,1,1.000,1.000,1.000,0.00,180.00,0.00,OPEN,0
557087.072,0,0,1,1.000,1.000,1.000,0.00,180.00,0.00,OPEN,0
557087.083,0,0,1,1.000,1.000,1.000,0.00,180.00,0.00,OPEN,0
557087.093,0,0,1,1.000,1.000,1.000,0.00,180.00,0.00,OPEN,0
557087.104,0,0,1,1.000,1.000,1.000,0.00,180.00,0.00,OPEN,0
557087.114,0,0,1,1.000,1.000,1.000,0.00,180.00,0.00,OPEN,0
557087.125,0,0,1,1.000,1.000,1.000,0.00,180.00,0.00,OPEN,0
557087.135,0,0,1,1.000,1.000,1.000,0.00,180.00,0.00,OPEN,0
557087.146,0,0,1,1.000,1.000,1.000,0.00,180.00,0.00,OPEN,0
557087.156,0,0,1,1.000,1.000,1.000,0.00,180.00,0.00,OPEN,0
557087.167,0,0,1,1.000,1.000,1.000,0.00,180.00,0.00,OPEN,0
557087.177,0,0,1,1.000,1.000,1.000,0.00,180.00,0.00,OPEN,0
557087.188,0,0,1,1.000,1.000,1.000,0.00,180.00,0.00,OPEN,0
557087.199,0,0,1,1.000,1.000,1.000,0.00,180.00,0.00,OPEN,0
557087.209,0,0,1,1.000,1.000,1.000,0.00,180.00,0.00,OPEN,0
557087.220,0,0,1,1.000,1.000,1.000,0.00,180.00,0.00,OPEN,0
557087.231,0,0,1,1.000,1.000,1.000,0.00,180.00,0.00,OPEN,0
557087.241,0,0,1,1.000,1.000,1.000,0.00,180.00,0.00,OPEN,0
557087.252,0,0,1,1.000,1.000,1.000,0.00,180.00,0.00,OPEN,0
557087.262,0,0,1,1.000,1.000,1.000,0.00,180.00,0.00,OPEN,0
557087.273,0,0,1,1.000,1.000,1.000,0.00,180.00,0.00,OPEN,0
557087.283,0,0,1,1.000,1.000,1.000,0.00,180.00,0.00,OPEN,0
557087.294,0,0,1,1.000,1.000,1.000,0.00,180.00,0.00,OPEN,0
557087.304,0,0,1,1.000,1.000,1.000,0.00,180.00,0.00,OPEN,0
557087.315,0,0,1,1.000,1.000,1.000,0.00,180.00,0.00,OPEN,0
557087.325,0,0,1,1.000,1.000,1.000,0.00,180.00,0.00,OPEN,0
557087.336,0,0,1,1.000,1.000,1.000,0.00,180.00,0.00,OPEN,0
557087.346,0,1,1,1.000,1.000,1.000,0.00,90.00,0.00,OPEN,0
557087.357,0,1,1,1.000,1.000,1.000,0.00,90.00,0.00,OPEN,0
557087.367,0,1,1,1.000,1.000,1.000,0.00,90.00,0.00,OPEN,0
557087.378,0,1,1,1.000,1.000,1.000,0.00,90.00,0.00,OPEN,0
557087.388,0,1,1,1.000,1.000,1.000,0.00,90.00,0.00,OPEN,0
557087.399,0,1,1,1.000,1.000,1.000,0.00,90.00,0.00,OPEN,0
557087.410,0,1,1,1.000,1.000,1.000,0.00,90.00,0.00,OPEN,0
557087.420,0,1,1,1.000,1.000,1.000,0.00,90.00,0.00,OPEN,0
557087.431,0,1,1,1.000,1.000,1.000,0.00,90.00,0.00,OPEN,0
557087.441,0,1,1,1.000,1.000,1.000,0.00,90.00,0.00,OPEN,0
557087.452,0,1,1,0.984,1.000,1.000,0.00,90.00,0.00,OPEN,0
557087.463,0,1,1,0.984,1.000,1.000,0.00,90.00,0.00,OPEN,0
557087.473,0,1,1,0.984,1.000,1.000,0.00,90.00,0.00,OPEN,0
557087.484,0,1,1,0.984,1.000,1.000,0.00,90.00,0.00,OPEN,0
557087.494,0,1,1,0.986,1.000,1.000,0.00,90.00,0.00,OPEN,0
557087.505,0,1,1,0.986,1.000,1.000,0.00,90.00,0.00,OPEN,0
557087.515,0,1,1,0.986,1.000,1.000,0.00,90.00,0.00,OPEN,0
557087.526,0,1,1,0.986,1.000,1.000,0.00,90.00,0.00,OPEN,0
557087.536,0,1,1,0.986,1.000,1.000,0.00,90.00,0.00,OPEN,0
557087.547,0,1,1,0.972,1.000,1.000,0.00,90.00,0.00,OPEN,0
557087.557,0,1,1,0.972,1.000,1.000,0.00,90.00,0.00,OPEN,0
557087.568,0,1,1,0.972,1.000,1.000,0.00,90.00,0.00,OPEN,0
557087.578,0,1,1,0.972,1.000,1.000,0.00,90.00,0.00,OPEN,0
557087.588,0,1,1,0.972,1.000,1.000,0.00,90.00,0.00,OPEN,0
557087.599,0,1,1,0.970,1.000,1.000,0.00,90.00,0.00,OPEN,0
557087.609,0,1,1,0.970,1.000,1.000,0.00,90.00,0.00,OPEN,0
557087.620,0,1,1,0.970,1.000,1.000,0.00,90.00,0.00,OPEN,0
557087.630,0,1,1,0.970,1.000,1.000,0.00,90.00,0.00,OPEN,0
557087.641,0,1,1,0.970,1.000,1.000,0.00,90.00,0.00,OPEN,0
557087.652,0,1,1,0.966,1.000,1.000,0.00,90.00,0.00,OPEN,0
557087.662,0,1,1,0.966,1.000,1.000,0.00,90.00,0.00,OPEN,0
557087.673,0,1,1,0.966,1.000,1.000,0.00,90.00,0.00,OPEN,0
557087.684,0,1,1,0.966,1.000,1.000,0.00,90.00,0.00,OPEN,0
557087.694,0,1,1,0.958,1.000,1.000,0.00,90.00,0.00,OPEN,0
557087.705,0,1,1,0.958,1.000,1.000,0.00,90.00,0.00,OPEN,0
557087.716,0,1,1,0.958,1.000,1.000,0.00,90.00,0.00,OPEN,0
557087.726,0,1,1,0.958,1.000,1.000,0.00,90.00,0.00,OPEN,0
557087.736,0,1,1,0.958,1.000,1.000,0.00,90.00,0.00,OPEN,0
557087.747,0,1,1,0.927,1.000,1.000,0.00,90.00,0.00,OPEN,0
557087.757,0,1,1,0.927,1.000,1.000,0.00,90.00,0.00,OPEN,0
557087.768,0,1,1,0.927,1.000,1.000,0.00,90.00,0.00,OPEN,0
557087.778,0,1,1,0.927,1.000,1.000,0.00,90.00,0.00,OPEN,0
557087.789,0,1,1,0.927,1.000,1.000,0.00,90.00,0.00,OPEN,0
557087.799,0,1,1,0.992,1.000,1.000,0.00,90.00,0.00,OPEN,0
557087.810,0,1,1,0.992,1.000,1.000,0.00,90.00,0.00,OPEN,0
557087.820,0,1,1,0.992,1.000,1.000,0.00,90.00,0.00,OPEN,0
557087.830,0,1,1,0.992,1.000,1.000,0.00,90.00,0.00,OPEN,0
557087.841,0,1,1,0.992,1.000,1.000,0.00,90.00,0.00,OPEN,0
557087.851,0,1,1,0.999,1.000,1.000,0.00,90.00,0.00,OPEN,0
557087.861,0,1,1,0.999,1.000,1.000,0.00,90.00,0.00,OPEN,0
557087.872,0,1,1,0.999,1.000,1.000,0.00,90.00,0.00,OPEN,0
557087.882,0,1,1,0.999,1.000,1.000,0.00,90.00,0.00,OPEN,0
557087.892,0,1,1,1.000,1.000,1.000,0.00,90.00,0.00,OPEN,0
557087.902,0,1,1,1.000,1.000,1.000,0.00,90.00,0.00,OPEN,0
557087.913,0,1,1,1.000,1.000,1.000,0.00,90.00,0.00,OPEN,0
557087.923,0,1,1,1.000,1.000,1.000,0.00,90.00,0.00,OPEN,0
557087.933,0,1,1,1.000,1.000,1.000,0.00,90.00,0.00,OPEN,0
557087.944,0,1,1,1.000,0.746,0.957,0.00,90.00,0.00,OPEN,0
557087.955,0,1,1,1.000,0.746,0.957,0.00,90.00,0.00,OPEN,0
557087.965,0,1,1,1.000,0.746,0.957,0.00,90.00,0.00,OPEN,0
557087.976,0,1,1,1.000,0.746,0.957,0.00,90.00,0.00,OPEN,0
557087.986,0,1,1,1.000,0.746,0.957,0.00,90.00,0.00,OPEN,0
557087.997,0,1,1,1.000,0.786,0.983,0.00,90.00,0.00,OPEN,0
557088.007,0,1,1,1.000,0.786,0.983,0.00,90.00,0.00,OPEN,0
557088.018,0,1,1,1.000,0.786,0.983,0.00,90.00,0.00,OPEN,0
557088.028,0,1,1,1.000,0.786,0.983,0.00,90.00,0.00,OPEN,0
557088.039,0,1,1,1.000,0.786,0.983,0.00,90.00,0.00,OPEN,0
557088.049,0,1,1,1.000,0.965,0.997,0.00,90.00,0.00,OPEN,0
557088.060,0,1,1,1.000,0.965,0.997,0.00,90.00,0.00,OPEN,0
557088.070,0,1,1,1.000,0.965,0.997,0.00,90.00,0.00,OPEN,0
557088.081,0,1,1,1.000,0.965,0.997,0.00,90.00,0.00,OPEN,0
557088.092,0,1,1,1.000,0.989,0.544,0.00,90.00,0.00,OPEN,0
557088.103,0,1,1,1.000,0.989,0.544,0.00,90.00,0.00,OPEN,0
557088.114,0,1,1,1.000,0.989,0.544,0.00,90.00,0.00,OPEN,0
557088.124,0,1,1,1.000,0.989,0.544,0.00,90.00,0.00,OPEN,0
557088.135,0,1,1,1.000,0.989,0.544,0.00,90.00,0.00,OPEN,0
557088.145,0,1,1,1.000,0.926,0.768,0.00,90.00,0.00,OPEN,0
557088.156,0,1,1,1.000,0.926,0.768,0.00,90.00,0.00,OPEN,0
557088.166,0,1,1,1.000,0.926,0.768,0.00,90.00,0.00,OPEN,0
557088.177,0,1,1,1.000,0.926,0.768,0.00,90.00,0.00,OPEN,0
557088.187,0,1,1,1.000,0.926,0.768,0.00,90.00,0.00,OPEN,0
557088.197,2,1,1,1.000,1.000,1.000,0.00,90.00,0.00,OPEN,0
557088.208,2,1,1,1.000,1.000,1.000,0.00,90.00,0.00,OPEN,0
557088.218,2,1,1,1.000,1.000,1.000,0.00,90.00,0.00,OPEN,0
557088.229,2,1,1,1.000,1.000,1.000,0.00,90.00,0.00,OPEN,0
557088.239,2,1,1,1.000,1.000,1.000,0.00,90.00,0.00,OPEN,0
557088.250,2,1,1,1.000,1.000,1.000,0.00,90.00,0.00,OPEN,0
557088.260,2,1,1,1.000,1.000,1.000,0.00,90.00,0.00,OPEN,0
557088.271,2,1,1,1.000,1.000,1.000,0.00,90.00,0.00,OPEN,0
557088.281,2,1,1,1.000,1.000,1.000,0.00,90.00,0.00,OPEN,0
557088.292,2,1,1,1.000,1.000,1.000,0.00,90.00,0.00,OPEN,0
557088.303,2,1,1,1.000,1.000,1.000,0.00,90.00,0.00,OPEN,0
557088.313,2,1,1,1.000,1.000,1.000,0.00,90.00,0.00,OPEN,0
557088.324,2,1,1,1.000,1.000,1.000,0.00,90.00,0.00,OPEN,0
557088.335,2,1,1,1.000,1.000,1.000,0.00,90.00,0.00,OPEN,0
557088.345,2,1,1,1.000,0.998,0.991,0.00,90.00,0.00,OPEN,0
557088.356,2,1,1,1.000,0.998,0.991,0.00,90.00,0.00,OPEN,0
557088.366,2,1,1,1.000,0.998,0.991,0.00,90.00,0.00,OPEN,0
557088.377,2,1,1,1.000,0.998,0.991,0.00,90.00,0.00,OPEN,0
557088.387,2,1,1,1.000,0.998,0.991,0.00,90.00,0.00,OPEN,0
557088.398,2,1,1,1.000,0.999,0.965,0.00,90.00,0.00,OPEN,0
557088.408,2,1,1,1.000,0.999,0.965,0.00,90.00,0.00,OPEN,0
557088.419,2,1,1,1.000,0.999,0.965,0.00,90.00,0.00,OPEN,0
557088.430,2,1,1,1.000,0.999,0.965,0.00,90.00,0.00,OPEN,0
557088.440,2,1,1,1.000,0.999,0.965,0.00,90.00,0.00,OPEN,0
557088.450,2,1,1,1.000,0.999,0.957,0.00,90.00,0.00,OPEN,0
557088.461,2,1,1,1.000,0.999,0.957,0.00,90.00,0.00,OPEN,0
557088.471,2,1,1,1.000,0.999,0.957,0.00,90.00,0.00,OPEN,0
557088.482,2,1,1,1.000,0.999,0.957,0.00,90.00,0.00,OPEN,0
557088.492,2,1,1,1.000,0.993,0.898,0.00,90.00,0.00,OPEN,0
557088.502,2,1,1,1.000,0.993,0.898,0.00,90.00,0.00,OPEN,0
557088.513,2,1,1,1.000,0.993,0.898,0.00,90.00,0.00,OPEN,0
557088.523,2,1,1,1.000,0.993,0.898,0.00,90.00,0.00,OPEN,0
557088.534,2,1,1,1.000,0.993,0.898,0.00,90.00,0.00,OPEN,0
557088.544,2,1,1,1.000,0.524,0.686,0.00,90.00,0.00,OPEN,0
557088.555,2,1,1,1.000,0.524,0.686,0.00,90.00,0.00,OPEN,0
557088.565,2,1,1,1.000,0.524,0.686,0.00,90.00,0.00,OPEN,0
557088.576,2,1,1,1.000,0.524,0.686,0.00,90.00,0.00,OPEN,0
557088.586,2,1,1,1.000,0.524,0.686,0.00,90.00,0.00,OPEN,0
557088.596,2,1,1,1.000,1.000,1.000,0.00,90.00,0.00,OPEN,0
557088.607,2,1,1,1.000,1.000,1.000,0.00,90.00,0.00,OPEN,0
557088.618,2,1,1,1.000,1.000,1.000,0.00,90.00,0.00,OPEN,0
557088.628,2,1,1,1.000,1.000,1.000,0.00,90.00,0.00,OPEN,0
557088.638,2,1,1,1.000,1.000,1.000,0.00,90.00,0.00,OPEN,0
557088.648,2,1,1,1.000,1.000,1.000,0.00,90.00,0.00,OPEN,0
557088.659,2,1,1,1.000,1.000,1.000,0.00,90.00,0.00,OPEN,0
557088.669,2,1,1,1.000,1.000,1.000,0.00,90.00,0.00,OPEN,0
557088.679,2,1,1,1.000,1.000,1.000,0.00,90.00,0.00,OPEN,0
557088.690,2,1,1,1.000,1.000,1.000,0.00,90.00,0.00,OPEN,0
557088.701,2,1,1,1.000,1.000,1.000,0.00,90.00,0.00,OPEN,0
557088.711,2,1,1,1.000,1.000,1.000,0.00,90.00,0.00,OPEN,0
557088.722,2,1,1,1.000,1.000,1.000,0.00,90.00,0.00,OPEN,0
557088.732,2,1,1,1.000,1.000,1.000,0.00,90.00,0.00,OPEN,0
557088.742,2,1,1,1.000,1.000,1.000,0.00,90.00,0.00,OPEN,0
557088.753,2,1,1,1.000,1.000,1.000,0.00,90.00,0.00,OPEN,0
557088.763,2,1,1,1.000,1.000,1.000,0.00,90.00,0.00,OPEN,0
557088.774,2,1,1,1.000,1.000,1.000,0.00,90.00,0.00,OPEN,0
557088.784,2,1,1,1.000,1.000,1.000,0.00,90.00,0.00,OPEN,0
557088.795,2,1,1,1.000,1.000,1.000,0.00,90.00,0.00,OPEN,0
557088.805,2,1,1,1.000,1.000,1.000,0.00,90.00,0.00,OPEN,0
557088.816,2,1,1,1.000,1.000,1.000,0.00,90.00,0.00,OPEN,0
557088.826,2,1,1,1.000,1.000,1.000,0.00,90.00,0.00,OPEN,0
557088.837,2,1,1,1.000,1.000,1.000,0.00,90.00,0.00,OPEN,0
557088.847,2,1,1,1.000,1.000,1.000,0.00,90.00,0.00,OPEN,0
557088.857,2,1,1,1.000,1.000,1.000,0.00,90.00,0.00,OPEN,0
557088.868,2,1,1,1.000,1.000,1.000,0.00,90.00,0.00,OPEN,0
557088.879,2,1,1,1.000,1.000,1.000,0.00,90.00,0.00,OPEN,0
557088.889,2,1,1,1.000,1.000,1.000,0.00,90.00,0.00,OPEN,0
557088.900,2,1,1,1.000,1.000,1.000,0.00,90.00,0.00,OPEN,0
557088.910,2,1,1,1.000,1.000,1.000,0.00,90.00,0.00,OPEN,0
557088.921,2,1,1,1.000,1.000,1.000,0.00,90.00,0.00,OPEN,0
557088.931,2,1,1,1.000,1.000,1.000,0.00,90.00,0.00,OPEN,0
557088.941,2,1,1,1.000,1.000,1.000,0.00,90.00,0.00,OPEN,0
557088.952,2,1,0,1.000,1.000,1.000,-90.00,90.00,0.00,OPEN,0
557088.963,2,1,0,1.000,1.000,1.000,-90.00,90.00,0.00,OPEN,0
557088.974,2,1,0,1.000,1.000,1.000,-90.00,90.00,0.00,OPEN,0
557088.984,2,1,0,1.000,1.000,1.000,-90.00,90.00,0.00,OPEN,0
557088.995,2,0,0,1.000,1.000,1.000,-90.00,180.00,0.00,OPEN,0
557089.005,2,0,0,1.000,1.000,1.000,-90.00,180.00,0.00,OPEN,0
557089.016,2,0,0,1.000,1.000,1.000,-90.00,180.00,0.00,OPEN,0
557089.026,2,0,0,1.000,1.000,1.000,-90.00,180.00,0.00,OPEN,0
557089.037,2,0,0,1.000,1.000,1.000,-90.00,180.00,0.00,OPEN,0
557089.047,2,0,0,1.000,1.000,1.000,-90.00,180.00,0.00,OPEN,0
557089.058,2,0,0,1.000,1.000,1.000,-90.00,180.00,0.00,OPEN,0
557089.068,2,0,0,1.000,1.000,1.000,-90.00,180.00,0.00,OPEN,0
557089.079,2,0,0,1.000,1.000,1.000,-90.00,180.00,0.00,OPEN,0
557089.090,2,0,0,1.000,1.000,1.000,-90.00,180.00,0.00,OPEN,0
557089.100,2,0,0,1.000,1.000,1.000,-90.00,180.00,0.00,OPEN,0
557089.111,2,0,0,1.000,1.000,1.000,-90.00,180.00,0.00,OPEN,0
557089.122,2,0,0,1.000,1.000,1.000,-90.00,180.00,0.00,OPEN,0
557089.132,2,0,0,1.000,1.000,1.000,-90.00,180.00,0.00,OPEN,0
557089.143,2,0,0,1.000,1.000,1.000,-90.00,180.00,0.00,OPEN,0
557089.154,2,0,0,1.000,1.000,1.000,-90.00,180.00,0.00,OPEN,0
557089.164,2,0,0,1.000,1.000,1.000,-90.00,180.00,0.00,OPEN,0
557089.175,2,0,0,1.000,1.000,1.000,-90.00,180.00,0.00,OPEN,0
557089.186,2,0,0,1.000,1.000,1.000,-90.00,180.00,0.00,OPEN,0
557089.196,2,0,0,1.000,1.000,1.000,-90.00,180.00,0.00,OPEN,0
557089.207,2,0,0,1.000,1.000,1.000,-90.00,180.00,0.00,OPEN,0
557089.218,2,0,0,1.000,1.000,1.000,-90.00,180.00,0.00,OPEN,0
557089.228,2,0,0,1.000,1.000,1.000,-90.00,180.00,0.00,OPEN,0
557089.239,2,0,0,1.000,1.000,1.000,-90.00,180.00,0.00,OPEN,0
557089.249,2,0,0,1.000,1.000,1.000,-90.00,180.00,0.00,OPEN,0
557089.260,2,0,0,1.000,1.000,1.000,-90.00,180.00,0.00,OPEN,0
557089.270,2,0,0,1.000,1.000,1.000,-90.00,180.00,0.00,OPEN,0
557089.281,2,0,0,1.000,1.000,1.000,-90.00,180.00,0.00,OPEN,0
557089.292,2,0,0,1.000,1.000,1.000,-90.00,180.00,0.00,OPEN,0
557089.302,2,0,0,1.000,1.000,1.000,-90.00,180.00,0.00,OPEN,0
557089.313,2,0,0,1.000,1.000,1.000,-90.00,180.00,0.00,OPEN,0
557089.323,2,0,0,1.000,1.000,1.000,-90.00,180.00,0.00,OPEN,0
557089.334,2,0,0,1.000,1.000,1.000,-90.00,180.00,0.00,OPEN,0
557089.344,2,0,0,1.000,1.000,1.000,-90.00,180.00,0.00,OPEN,0
557089.355,2,0,0,1.000,1.000,1.000,-90.00,180.00,0.00,OPEN,0
557089.366,2,0,0,1.000,1.000,1.000,-90.00,180.00,0.00,OPEN,0
557089.377,2,0,0,1.000,1.000,1.000,-90.00,180.00,0.00,OPEN,0
557089.387,2,0,0,1.000,1.000,1.000,-90.00,180.00,0.00,OPEN,0
557089.398,2,0,0,1.000,1.000,1.000,-90.00,180.00,0.00,OPEN,0
557089.408,2,0,0,1.000,1.000,1.000,-90.00,180.00,0.00,OPEN,0
557089.419,2,0,0,1.000,1.000,1.000,-90.00,180.00,0.00,OPEN,0
557089.429,2,0,0,1.000,1.000,1.000,-90.00,180.00,0.00,OPEN,0
557089.440,2,0,0,1.000,1.000,1.000,-90.00,180.00,0.00,OPEN,0
557089.451,2,0,0,1.000,1.000,1.000,-90.00,180.00,0.00,OPEN,0
557089.461,2,0,0,1.000,1.000,1.000,-90.00,180.00,0.00,OPEN,0
557089.472,2,0,0,1.000,1.000,1.000,-90.00,180.00,0.00,OPEN,0
557089.483,2,0,0,1.000,1.000,1.000,-90.00,180.00,0.00,OPEN,0
557089.493,2,0,0,1.000,1.000,1.000,-90.00,180.00,0.00,OPEN,0
557089.503,2,0,0,1.000,1.000,1.000,-90.00,180.00,0.00,OPEN,0
557089.514,2,0,0,1.000,1.000,1.000,-90.00,180.00,0.00,OPEN,0
557089.525,2,0,0,1.000,1.000,1.000,-90.00,180.00,0.00,OPEN,0
557089.535,2,0,0,1.000,1.000,1.000,-90.00,180.00,0.00,OPEN,0
557089.546,2,0,0,1.000,1.000,1.000,-90.00,180.00,0.00,OPEN,0
557089.556,2,0,0,1.000,1.000,1.000,-90.00,180.00,0.00,OPEN,0
557089.567,2,0,0,1.000,1.000,1.000,-90.00,180.00,0.00,OPEN,0
557089.577,2,0,0,1.000,1.000,1.000,-90.00,180.00,0.00,OPEN,0
557089.588,2,0,0,1.000,1.000,1.000,-90.00,180.00,0.00,OPEN,0
557089.598,2,0,0,1.000,1.000,1.000,-90.00,180.00,0.00,OPEN,0
557089.609,2,0,0,1.000,1.000,1.000,-90.00,180.00,0.00,OPEN,0
557089.619,2,0,0,1.000,1.000,1.000,-90.00,180.00,0.00,OPEN,0
557089.630,2,0,0,1.000,1.000,1.000,-90.00,180.00,0.00,OPEN,0
557089.640,2,0,0,1.000,1.000,1.000,-90.00,180.00,0.00,OPEN,0
557089.651,2,0,0,1.000,1.000,1.000,-90.00,180.00,0.00,OPEN,0
557089.661,2,0,0,1.000,1.000,1.000,-90.00,180.00,0.00,OPEN,0
557089.671,2,0,0,1.000,1.000,1.000,-90.00,180.00,0.00,OPEN,0
557089.682,2,0,0,1.000,1.000,1.000,-90.00,180.00,0.00,OPEN,0
557089.693,2,0,0,1.000,1.000,1.000,-90.00,180.00,0.00,OPEN,0
557089.703,2,0,0,1.000,1.000,1.000,-90.00,180.00,0.00,OPEN,0
557089.714,2,0,0,1.000,1.000,1.000,-90.00,180.00,0.00,OPEN,0
557089.724,2,0,0,1.000,1.000,1.000,-90.00,180.00,0.00,OPEN,0
557089.735,2,0,0,1.000,1.000,1.000,-90.00,180.00,0.00,OPEN,0
557089.745,2,0,0,1.000,1.000,1.000,-90.00,180.00,0.00,OPEN,0
557089.755,2,0,0,1.000,1.000,1.000,-90.00,180.00,0.00,OPEN,0
557089.766,2,0,0,1.000,1.000,1.000,-90.00,180.00,0.00,OPEN,0
557089.782,2,0,0,1.000,1.000,1.000,-90.00,180.00,0.00,OPEN,0
557089.792,2,0,0,1.000,1.000,1.000,-90.00,180.00,0.00,OPEN,0
557089.803,2,0,0,1.000,1.000,1.000,-90.00,180.00,0.00,OPEN,0
557089.813,2,0,0,1.000,1.000,1.000,-90.00,180.00,0.00,OPEN,0
557089.824,2,0,0,1.000,1.000,1.000,-90.00,180.00,0.00,OPEN,0
557089.834,2,0,0,1.000,1.000,1.000,-90.00,180.00,0.00,OPEN,0
557089.844,2,0,0,1.000,1.000,1.000,-90.00,180.00,0.00,OPEN,0
557089.855,2,0,0,1.000,1.000,1.000,-90.00,180.00,0.00,OPEN,0
557089.866,2,0,0,1.000,1.000,1.000,-90.00,180.00,0.00,OPEN,0
557089.876,2,0,0,1.000,1.000,1.000,-90.00,180.00,0.00,OPEN,0
557089.887,2,0,0,1.000,1.000,1.000,-90.00,180.00,0.00,OPEN,0
557089.897,2,0,0,1.000,1.000,1.000,-90.00,180.00,0.00,OPEN,0
557089.908,2,0,0,1.000,1.000,1.000,-90.00,180.00,0.00,OPEN,0
557089.919,2,0,0,1.000,1.000,1.000,-90.00,180.00,0.00,OPEN,0
557089.930,2,0,0,1.000,1.000,1.000,-90.00,180.00,0.00,OPEN,0
557089.940,2,0,0,1.000,1.000,1.000,-90.00,180.00,0.00,OPEN,0
557089.951,2,0,0,1.000,1.000,1.000,-90.00,180.00,0.00,OPEN,0
557089.961,2,0,0,1.000,1.000,1.000,-90.00,180.00,0.00,OPEN,0
557089.972,2,0,0,1.000,1.000,1.000,-90.00,180.00,0.00,OPEN,0
557089.982,2,0,0,1.000,1.000,1.000,-90.00,180.00,0.00,OPEN,0
557089.993,2,0,0,1.000,1.000,1.000,-90.00,180.00,0.00,OPEN,0
557090.003,2,0,0,1.000,1.000,1.000,-90.00,180.00,0.00,OPEN,0
557090.014,2,0,0,1.000,1.000,1.000,-90.00,180.00,0.00,OPEN,0
557090.024,2,0,0,1.000,1.000,1.000,-90.00,180.00,0.00,OPEN,0
557090.035,2,0,0,1.000,1.000,1.000,-90.00,180.00,0.00,OPEN,0
557090.045,2,0,0,1.000,1.000,1.000,-90.00,180.00,0.00,OPEN,0
557090.056,2,0,0,1.000,1.000,1.000,-90.00,180.00,0.00,OPEN,0
557090.066,2,0,0,1.000,1.000,1.000,-90.00,180.00,0.00,OPEN,0
557090.077,2,0,0,1.000,1.000,1.000,-90.00,180.00,0.00,OPEN,0
557090.087,2,0,0,1.000,1.000,1.000,-90.00,180.00,0.00,OPEN,0
557090.098,2,0,0,1.000,1.000,1.000,-90.00,180.00,0.00,OPEN,0
557090.109,2,0,0,1.000,1.000,1.000,-90.00,180.00,0.00,OPEN,0
557090.119,2,0,0,1.000,1.000,1.000,-90.00,180.00,0.00,OPEN,0
557090.130,2,0,0,1.000,1.000,1.000,-90.00,180.00,0.00,OPEN,0
557090.141,2,0,0,1.000,1.000,1.000,-90.00,180.00,0.00,OPEN,0
557090.152,2,0,0,1.000,1.000,1.000,-90.00,180.00,0.00,OPEN,0
557090.162,2,0,0,1.000,1.000,1.000,-90.00,180.00,0.00,OPEN,0
557090.173,2,0,0,1.000,1.000,1.000,-90.00,180.00,0.00,OPEN,0
557090.183,2,0,0,1.000,1.000,1.000,-90.00,180.00,0.00,OPEN,0
557090.194,2,0,0,1.000,1.000,1.000,-90.00,180.00,0.00,OPEN,0
557090.204,2,0,0,1.000,1.000,1.000,-90.00,180.00,0.00,OPEN,0
557090.215,2,0,0,1.000,1.000,1.000,-90.00,180.00,0.00,OPEN,0
557090.225,2,0,0,1.000,1.000,1.000,-90.00,180.00,0.00,OPEN,0
557090.235,2,0,0,1.000,1.000,1.000,-90.00,180.00,0.00,OPEN,0
557090.246,2,0,0,1.000,1.000,1.000,-90.00,180.00,0.00,OPEN,0
557090.256,2,0,0,1.000,1.000,1.000,-90.00,180.00,0.00,OPEN,0
557090.267,2,0,0,1.000,1.000,1.000,-90.00,180.00,0.00,OPEN,0
557090.277,2,0,0,1.000,1.000,1.000,-90.00,180.00,0.00,OPEN,0
557090.287,2,0,0,1.000,1.000,1.000,-90.00,180.00,0.00,OPEN,0
557090.298,2,0,0,1.000,1.000,1.000,-90.00,180.00,0.00,OPEN,0
557090.308,2,0,0,1.000,1.000,1.000,-90.00,180.00,0.00,OPEN,0
557090.319,2,0,0,1.000,1.000,1.000,-90.00,180.00,0.00,OPEN,0
557090.329,2,0,0,1.000,1.000,1.000,-90.00,180.00,0.00,OPEN,0
557090.340,2,0,0,1.000,1.000,1.000,-90.00,180.00,0.00,OPEN,0
557090.350,2,0,0,1.000,1.000,1.000,-90.00,180.00,0.00,OPEN,0
557090.361,2,0,0,1.000,1.000,1.000,-90.00,180.00,0.00,OPEN,0
557090.371,2,0,0,1.000,1.000,1.000,-90.00,180.00,0.00,OPEN,0
557090.382,2,0,0,1.000,1.000,1.000,-90.00,180.00,0.00,OPEN,0
557090.392,2,0,0,1.000,1.000,1.000,-90.00,180.00,0.00,OPEN,0
557090.402,2,0,0,1.000,1.000,1.000,-90.00,180.00,0.00,OPEN,0
557090.413,2,0,0,1.000,1.000,1.000,-90.00,180.00,0.00,OPEN,0
557090.423,2,0,0,1.000,1.000,1.000,-90.00,180.00,0.00,OPEN,0
557090.434,2,0,0,1.000,1.000,1.000,-90.00,180.00,0.00,OPEN,0
557090.444,2,0,0,1.000,1.000,1.000,-90.00,180.00,0.00,OPEN,0
557090.455,2,0,0,1.000,1.000,1.000,-90.00,180.00,0.00,OPEN,0
557090.465,2,0,0,1.000,1.000,1.000,-90.00,180.00,0.00,OPEN,0
557090.475,2,0,0,1.000,1.000,1.000,-90.00,180.00,0.00,OPEN,0
557090.486,2,0,0,1.000,1.000,1.000,-90.00,180.00,0.00,OPEN,0
557090.496,2,0,0,1.000,1.000,1.000,-90.00,180.00,0.00,OPEN,0
557090.507,2,0,0,1.000,1.000,1.000,-90.00,180.00,0.00,OPEN,0
557090.518,2,0,0,1.000,1.000,1.000,-90.00,180.00,0.00,OPEN,0
557090.528,2,0,0,1.000,1.000,1.000,-90.00,180.00,0.00,OPEN,0
557090.539,2,0,0,1.000,1.000,1.000,-90.00,180.00,0.00,OPEN,0
557090.549,2,0,0,1.000,1.000,1.000,-90.00,180.00,0.00,OPEN,0
557090.560,2,0,0,1.000,1.000,1.000,-90.00,180.00,0.00,OPEN,0
557090.570,2,0,0,1.000,1.000,1.000,-90.00,180.00,0.00,OPEN,0
557090.581,2,0,0,1.000,1.000,1.000,-90.00,180.00,0.00,OPEN,0
557090.591,2,0,0,1.000,1.000,1.000,-90.00,180.00,0.00,OPEN,0
557090.602,2,0,0,1.000,1.000,1.000,-90.00,180.00,0.00,OPEN,0
557090.613,2,0,0,1.000,1.000,1.000,-90.00,180.00,0.00,OPEN,0
557090.623,2,0,0,1.000,1.000,1.000,-90.00,180.00,0.00,OPEN,0
557090.634,2,0,0,1.000,1.000,1.000,-90.00,180.00,0.00,OPEN,0
557090.644,2,0,0,1.000,1.000,1.000,-90.00,180.00,0.00,OPEN,0
557090.655,2,0,0,1.000,1.000,1.000,-90.00,180.00,0.00,OPEN,0
557090.665,2,0,0,1.000,1.000,1.000,-90.00,180.00,0.00,OPEN,0
557090.676,2,0,0,1.000,1.000,1.000,-90.00,180.00,0.00,OPEN,0
557090.686,2,0,0,1.000,1.000,1.000,-90.00,180.00,0.00,OPEN,0
557090.697,2,0,0,1.000,1.000,1.000,-90.00,180.00,0.00,OPEN,0
557090.707,2,0,0,1.000,1.000,1.000,-90.00,180.00,0.00,OPEN,0
557090.718,2,0,0,1.000,1.000,1.000,-90.00,180.00,0.00,OPEN,0
557090.729,2,0,0,1.000,1.000,1.000,-90.00,180.00,0.00,OPEN,0
557090.739,2,0,0,1.000,1.000,1.000,-90.00,180.00,0.00,OPEN,0
557090.750,2,0,0,1.000,1.000,1.000,-90.00,180.00,0.00,OPEN,0
557090.761,2,0,0,1.000,1.000,1.000,-90.00,180.00,0.00,OPEN,0
557090.772,2,0,0,1.000,1.000,1.000,-90.00,180.00,0.00,OPEN,0
557090.782,2,0,0,1.000,1.000,1.000,-90.00,180.00,0.00,OPEN,0
557090.793,2,0,0,1.000,1.000,1.000,-90.00,180.00,0.00,OPEN,0
557090.803,2,0,0,1.000,1.000,1.000,-90.00,180.00,0.00,OPEN,0
557090.814,2,0,0,1.000,1.000,1.000,-90.00,180.00,0.00,OPEN,0
557090.824,2,0,0,1.000,1.000,1.000,-90.00,180.00,0.00,OPEN,0
557090.835,2,0,0,1.000,1.000,1.000,-90.00,180.00,0.00,OPEN,0
557090.845,2,0,0,1.000,1.000,1.000,-90.00,180.00,0.00,OPEN,0
557090.856,2,0,0,1.000,1.000,1.000,-90.00,180.00,0.00,OPEN,0
557090.867,2,0,0,1.000,1.000,1.000,-90.00,180.00,0.00,OPEN,0
557090.877,2,0,0,1.000,1.000,1.000,-90.00,180.00,0.00,OPEN,0
557090.887,2,0,0,1.000,1.000,1.000,-90.00,180.00,0.00,OPEN,0
557090.898,2,0,0,1.000,1.000,1.000,-90.00,180.00,0.00,OPEN,0
557090.908,2,0,0,1.000,1.000,1.000,-90.00,180.00,0.00,OPEN,0
557090.919,2,0,0,1.000,1.000,1.000,-90.00,180.00,0.00,OPEN,0
557090.929,2,0,0,1.000,1.000,1.000,-90.00,180.00,0.00,OPEN,0
557090.940,2,0,0,1.000,1.000,1.000,-90.00,180.00,0.00,OPEN,0
557090.951,2,0,0,1.000,1.000,1.000,-90.00,180.00,0.00,OPEN,0
557090.961,2,0,0,1.000,1.000,1.000,-90.00,180.00,0.00,OPEN,0
557090.971,2,0,0,1.000,1.000,1.000,-90.00,180.00,0.00,OPEN,0
557090.982,2,0,0,1.000,1.000,1.000,-90.00,180.00,0.00,OPEN,0
557090.992,2,0,0,1.000,1.000,1.000,-90.00,180.00,0.00,OPEN,0
557091.003,2,0,0,1.000,1.000,1.000,-90.00,180.00,0.00,OPEN,0
557091.014,2,0,0,1.000,1.000,1.000,-90.00,180.00,0.00,OPEN,0
557091.024,2,0,0,1.000,1.000,1.000,-90.00,180.00,0.00,OPEN,0
557091.035,2,0,0,1.000,1.000,1.000,-90.00,180.00,0.00,OPEN,0
557091.045,2,0,0,1.000,1.000,1.000,-90.00,180.00,0.00,OPEN,0
557091.056,2,0,0,1.000,1.000,1.000,-90.00,180.00,0.00,OPEN,0
557091.066,2,0,0,1.000,1.000,1.000,-90.00,180.00,0.00,OPEN,0
557091.076,2,0,0,1.000,1.000,1.000,-90.00,180.00,0.00,OPEN,0
557091.087,2,0,0,1.000,1.000,1.000,-90.00,180.00,0.00,OPEN,0
557091.098,2,0,0,1.000,1.000,1.000,-90.00,180.00,0.00,OPEN,0
557091.108,2,0,0,1.000,1.000,1.000,-90.00,180.00,0.00,OPEN,0
557091.119,2,0,0,1.000,1.000,1.000,-90.00,180.00,0.00,OPEN,0
557091.129,2,0,0,1.000,1.000,1.000,-90.00,180.00,0.00,OPEN,0
557091.140,2,0,0,1.000,1.000,1.000,-90.00,180.00,0.00,OPEN,0
557091.151,2,0,0,1.000,1.000,1.000,-90.00,180.00,0.00,OPEN,0
557091.161,2,0,0,1.000,1.000,1.000,-90.00,180.00,0.00,OPEN,0
557091.172,2,0,0,1.000,1.000,1.000,-90.00,180.00,0.00,OPEN,0
557091.182,2,0,0,1.000,1.000,1.000,-90.00,180.00,0.00,OPEN,0
557091.193,2,0,0,1.000,1.000,1.000,-90.00,180.00,0.00,OPEN,0
557091.203,2,0,0,1.000,1.000,1.000,-90.00,180.00,0.00,OPEN,0
557091.214,2,0,0,1.000,1.000,1.000,-90.00,180.00,0.00,OPEN,0
557091.225,2,0,0,1.000,1.000,1.000,-90.00,180.00,0.00,OPEN,0
557091.235,2,0,0,1.000,1.000,1.000,-90.00,180.00,0.00,OPEN,0
557091.246,2,0,0,1.000,1.000,1.000,-90.00,180.00,0.00,OPEN,0
557091.256,2,0,0,1.000,1.000,1.000,-90.00,180.00,0.00,OPEN,0
557091.267,2,0,0,1.000,1.000,1.000,-90.00,180.00,0.00,OPEN,0
557091.277,2,0,0,1.000,1.000,1.000,-90.00,180.00,0.00,OPEN,0
557091.288,2,0,0,1.000,1.000,1.000,-90.00,180.00,0.00,OPEN,0
557091.299,2,0,0,1.000,1.000,1.000,-90.00,180.00,0.00,OPEN,0
557091.309,2,0,0,1.000,1.000,1.000,-90.00,180.00,0.00,OPEN,0
557091.319,2,0,0,1.000,1.000,1.000,-90.00,180.00,0.00,OPEN,0
557091.330,2,0,0,1.000,1.000,1.000,-90.00,180.00,0.00,OPEN,0
557091.340,2,0,0,1.000,1.000,1.000,-90.00,180.00,0.00,OPEN,0
557091.351,2,0,0,1.000,1.000,1.000,-90.00,180.00,0.00,OPEN,0
557091.362,2,0,0,1.000,1.000,1.000,-90.00,180.00,0.00,OPEN,0
557091.372,2,0,0,1.000,1.000,1.000,-90.00,180.00,0.00,OPEN,0
557091.383,2,0,0,1.000,1.000,1.000,-90.00,180.00,0.00,OPEN,0
557091.393,2,0,0,1.000,1.000,1.000,-90.00,180.00,0.00,OPEN,0
557091.404,2,0,0,1.000,1.000,1.000,-90.00,180.00,0.00,OPEN,0
557091.415,2,0,0,1.000,1.000,1.000,-90.00,180.00,0.00,OPEN,0
557091.425,2,0,0,1.000,1.000,1.000,-90.00,180.00,0.00,OPEN,0
557091.436,2,0,0,1.000,1.000,1.000,-90.00,180.00,0.00,OPEN,0
557091.446,2,0,0,1.000,1.000,1.000,-90.00,180.00,0.00,OPEN,0
557091.457,2,0,0,1.000,1.000,1.000,-90.00,180.00,0.00,OPEN,0
557091.468,2,0,0,1.000,1.000,1.000,-90.00,180.00,0.00,OPEN,0
557091.479,2,0,0,1.000,1.000,1.000,-90.00,180.00,0.00,OPEN,0
557091.489,2,0,0,1.000,1.000,1.000,-90.00,180.00,0.00,OPEN,0
557091.500,2,0,0,1.000,1.000,1.000,-90.00,180.00,0.00,OPEN,0
557091.510,2,0,0,1.000,1.000,1.000,-90.00,180.00,0.00,OPEN,0
557091.521,2,0,0,1.000,1.000,1.000,-90.00,180.00,0.00,OPEN,0
557091.531,2,0,0,1.000,1.000,1.000,-90.00,180.00,0.00,OPEN,0
557091.542,2,0,0,1.000,1.000,1.000,-90.00,180.00,0.00,OPEN,0
557091.552,2,0,0,1.000,1.000,1.000,-90.00,180.00,0.00,OPEN,0
557091.563,2,0,0,1.000,1.000,1.000,-90.00,180.00,0.00,OPEN,0
557091.573,2,0,0,1.000,1.000,1.000,-90.00,180.00,0.00,OPEN,0
557091.584,2,0,0,1.000,1.000,1.000,-90.00,180.00,0.00,OPEN,0
557091.594,2,0,0,1.000,1.000,1.000,-90.00,180.00,0.00,OPEN,0
557091.605,2,0,0,1.000,1.000,1.000,-90.00,180.00,0.00,OPEN,0
557091.615,2,0,0,1.000,1.000,1.000,-90.00,180.00,0.00,OPEN,0
557091.626,2,0,0,1.000,1.000,1.000,-90.00,180.00,0.00,OPEN,0
557091.636,2,0,0,1.000,1.000,1.000,-90.00,180.00,0.00,OPEN,0
557091.647,2,0,0,1.000,1.000,1.000,-90.00,180.00,0.00,OPEN,0
557091.657,2,0,0,1.000,1.000,1.000,-90.00,180.00,0.00,OPEN,0
557091.668,2,0,0,1.000,1.000,1.000,-90.00,180.00,0.00,OPEN,0
557091.678,2,0,0,1.000,1.000,1.000,-90.00,180.00,0.00,OPEN,0
557091.689,2,0,0,1.000,1.000,1.000,-90.00,180.00,0.00,OPEN,0
557091.700,2,0,0,1.000,1.000,1.000,-90.00,180.00,0.00,OPEN,0
557091.711,2,0,0,1.000,1.000,1.000,-90.00,180.00,0.00,OPEN,0
557091.722,2,0,0,1.000,1.000,1.000,-90.00,180.00,0.00,OPEN,0
557091.732,2,0,0,1.000,1.000,1.000,-90.00,180.00,0.00,OPEN,0
557091.743,2,0,0,1.000,1.000,1.000,-90.00,180.00,0.00,OPEN,0
557091.753,2,0,0,1.000,1.000,1.000,-90.00,180.00,0.00,OPEN,0
557091.764,2,0,0,1.000,1.000,1.000,-90.00,180.00,0.00,OPEN,0
557091.775,2,0,0,1.000,1.000,1.000,-90.00,180.00,0.00,OPEN,0
557091.785,2,0,0,1.000,1.000,1.000,-90.00,180.00,0.00,OPEN,0
557091.796,2,0,0,1.000,1.000,1.000,-90.00,180.00,0.00,OPEN,0
557091.806,2,0,0,1.000,1.000,1.000,-90.00,180.00,0.00,OPEN,0
557091.817,2,0,0,1.000,1.000,1.000,-90.00,180.00,0.00,OPEN,0
557091.827,2,0,0,1.000,1.000,1.000,-90.00,180.00,0.00,OPEN,0
557091.837,2,0,0,1.000,1.000,1.000,-90.00,180.00,0.00,OPEN,0
557091.848,2,0,0,1.000,1.000,1.000,-90.00,180.00,0.00,OPEN,0
557091.858,2,0,0,1.000,1.000,1.000,-90.00,180.00,0.00,OPEN,0
557091.869,2,0,0,1.000,1.000,1.000,-90.00,180.00,0.00,OPEN,0
557091.879,2,0,0,1.000,1.000,1.000,-90.00,180.00,0.00,OPEN,0
557091.889,2,0,0,1.000,1.000,1.000,-90.00,180.00,0.00,OPEN,0
557091.900,2,0,0,1.000,1.000,1.000,-90.00,180.00,0.00,OPEN,0
557091.911,2,0,0,1.000,1.000,1.000,-90.00,180.00,0.00,OPEN,0
557091.921,2,0,0,1.000,1.000,1.000,-90.00,180.00,0.00,OPEN,0
557091.932,2,0,0,1.000,1.000,1.000,-90.00,180.00,0.00,OPEN,0
557091.943,2,0,0,1.000,1.000,1.000,-90.00,180.00,0.00,OPEN,0
557091.953,2,0,0,1.000,1.000,1.000,-90.00,180.00,0.00,OPEN,0
557091.964,2,0,0,1.000,1.000,1.000,-90.00,180.00,0.00,OPEN,0
557091.974,2,0,0,1.000,1.000,1.000,-90.00,180.00,0.00,OPEN,0
557091.985,2,0,0,1.000,1.000,1.000,-90.00,180.00,0.00,OPEN,0
557091.995,2,0,0,1.000,1.000,1.000,-90.00,180.00,0.00,OPEN,0
557092.006,2,0,0,1.000,1.000,1.000,-90.00,180.00,0.00,OPEN,0
557092.017,2,0,0,1.000,1.000,1.000,-90.00,180.00,0.00,OPEN,0
557092.027,2,0,0,1.000,1.000,1.000,-90.00,180.00,0.00,OPEN,0
557092.038,2,0,0,1.000,1.000,1.000,-90.00,180.00,0.00,OPEN,0
557092.048,2,0,0,1.000,1.000,1.000,-90.00,180.00,0.00,OPEN,0
557092.059,2,0,0,1.000,1.000,1.000,-90.00,180.00,0.00,OPEN,0
557092.070,2,0,0,1.000,1.000,1.000,-90.00,180.00,0.00,OPEN,0
557092.081,2,0,0,1.000,1.000,1.000,-90.00,180.00,0.00,OPEN,0
557092.091,2,0,0,1.000,1.000,1.000,-90.00,180.00,0.00,OPEN,0
557092.102,2,0,0,1.000,1.000,1.000,-90.00,180.00,0.00,OPEN,0
557092.112,2,0,0,1.000,1.000,1.000,-90.00,180.00,0.00,OPEN,0
557092.123,2,0,0,1.000,1.000,1.000,-90.00,180.00,0.00,OPEN,0
557092.133,2,0,0,1.000,1.000,1.000,-90.00,180.00,0.00,OPEN,0
557092.144,2,0,0,1.000,1.000,1.000,-90.00,180.00,0.00,OPEN,0
557092.154,2,0,0,1.000,1.000,1.000,-90.00,180.00,0.00,OPEN,0
557092.165,2,0,0,1.000,1.000,1.000,-90.00,180.00,0.00,OPEN,0
557092.175,2,0,0,1.000,1.000,1.000,-90.00,180.00,0.00,OPEN,0
557092.186,2,0,0,1.000,1.000,1.000,-90.00,180.00,0.00,OPEN,0
557092.197,2,0,0,1.000,1.000,1.000,-90.00,180.00,0.00,OPEN,0
557092.207,2,0,0,1.000,1.000,1.000,-90.00,180.00,0.00,OPEN,0
557092.218,2,0,0,1.000,1.000,1.000,-90.00,180.00,0.00,OPEN,0
557092.228,2,0,0,1.000,1.000,1.000,-90.00,180.00,0.00,OPEN,0
557092.238,2,0,0,1.000,1.000,1.000,-90.00,180.00,0.00,OPEN,0
557092.249,2,0,0,1.000,1.000,1.000,-90.00,180.00,0.00,OPEN,0
557092.259,2,0,0,1.000,1.000,1.000,-90.00,180.00,0.00,OPEN,0
557092.270,2,0,0,1.000,1.000,1.000,-90.00,180.00,0.00,OPEN,0
557092.280,2,0,0,1.000,1.000,1.000,-90.00,180.00,0.00,OPEN,0
557092.291,2,0,0,1.000,1.000,1.000,-90.00,180.00,0.00,OPEN,0
557092.301,2,0,0,1.000,1.000,1.000,-90.00,180.00,0.00,OPEN,0
557092.311,2,0,0,1.000,1.000,1.000,-90.00,180.00,0.00,OPEN,0
557092.322,2,0,0,1.000,1.000,1.000,-90.00,180.00,0.00,OPEN,0
557092.333,2,0,0,1.000,1.000,1.000,-90.00,180.00,0.00,OPEN,0
557092.343,2,0,0,1.000,1.000,1.000,-90.00,180.00,0.00,OPEN,0
557092.354,2,0,0,1.000,1.000,1.000,-90.00,180.00,0.00,OPEN,0
557092.365,2,0,0,1.000,1.000,1.000,-90.00,180.00,0.00,OPEN,0
557092.375,2,0,0,1.000,1.000,1.000,-90.00,180.00,0.00,OPEN,0
557092.386,2,0,0,1.000,1.000,1.000,-90.00,180.00,0.00,OPEN,0
557092.397,2,0,0,1.000,1.000,1.000,-90.00,180.00,0.00,OPEN,0
557092.408,2,0,0,1.000,1.000,1.000,-90.00,180.00,0.00,OPEN,0
557092.419,2,0,0,1.000,1.000,1.000,-90.00,180.00,0.00,OPEN,0
557092.429,2,0,0,1.000,1.000,1.000,-90.00,180.00,0.00,OPEN,0
557092.440,2,0,0,1.000,1.000,1.000,-90.00,180.00,0.00,OPEN,0
557092.451,2,0,0,1.000,1.000,1.000,-90.00,180.00,0.00,OPEN,0
557092.461,2,0,0,1.000,1.000,1.000,-90.00,180.00,0.00,OPEN,0
557092.472,2,0,0,1.000,1.000,1.000,-90.00,180.00,0.00,OPEN,0
557092.483,2,0,0,1.000,1.000,1.000,-90.00,180.00,0.00,OPEN,0
557092.493,2,0,0,1.000,1.000,1.000,-90.00,180.00,0.00,OPEN,0
557092.503,2,0,0,1.000,1.000,1.000,-90.00,180.00,0.00,OPEN,0
557092.514,2,0,0,1.000,1.000,1.000,-90.00,180.00,0.00,OPEN,0
557092.524,2,0,0,1.000,1.000,1.000,-90.00,180.00,0.00,OPEN,0
557092.535,2,0,0,1.000,1.000,1.000,-90.00,180.00,0.00,OPEN,0
557092.545,2,0,0,1.000,1.000,1.000,-90.00,180.00,0.00,OPEN,0
557092.556,2,0,0,1.000,1.000,1.000,-90.00,180.00,0.00,OPEN,0
557092.567,2,0,0,1.000,1.000,1.000,-90.00,180.00,0.00,OPEN,0
557092.577,2,0,0,1.000,1.000,1.000,-90.00,180.00,0.00,OPEN,0
557092.588,2,0,0,1.000,1.000,1.000,-90.00,180.00,0.00,OPEN,0
557092.598,2,0,0,1.000,1.000,1.000,-90.00,180.00,0.00,OPEN,0
557092.609,2,0,0,1.000,1.000,1.000,-90.00,180.00,0.00,OPEN,0
557092.620,2,0,0,1.000,1.000,1.000,-90.00,180.00,0.00,OPEN,0
557092.631,2,0,0,1.000,1.000,1.000,-90.00,180.00,0.00,OPEN,0
557092.641,2,0,0,1.000,1.000,1.000,-90.00,180.00,0.00,OPEN,0
557092.652,2,0,0,1.000,1.000,1.000,-90.00,180.00,0.00,OPEN,0
557092.662,2,0,0,1.000,1.000,1.000,-90.00,180.00,0.00,OPEN,0
557092.673,2,0,0,1.000,1.000,1.000,-90.00,180.00,0.00,OPEN,0
557092.684,2,0,0,1.000,1.000,1.000,-90.00,180.00,0.00,OPEN,0
557092.694,2,0,0,1.000,1.000,1.000,-90.00,180.00,0.00,OPEN,0
557092.705,2,0,0,1.000,1.000,1.000,-90.00,180.00,0.00,OPEN,0
557092.715,2,0,0,1.000,1.000,1.000,-90.00,180.00,0.00,OPEN,0
557092.726,2,0,0,1.000,1.000,1.000,-90.00,180.00,0.00,OPEN,0
557092.736,2,0,0,1.000,1.000,1.000,-90.00,180.00,0.00,OPEN,0
557092.747,2,0,0,1.000,1.000,1.000,-90.00,180.00,0.00,OPEN,0
557092.757,2,0,0,1.000,1.000,1.000,-90.00,180.00,0.00,OPEN,0
557092.767,2,0,0,1.000,1.000,1.000,-90.00,180.00,0.00,OPEN,0
557092.778,2,0,0,1.000,1.000,1.000,-90.00,180.00,0.00,OPEN,0
557092.789,2,0,0,1.000,1.000,1.000,-90.00,180.00,0.00,OPEN,0
557092.799,2,0,0,1.000,1.000,1.000,-90.00,180.00,0.00,OPEN,0
557092.809,2,0,0,1.000,1.000,1.000,-90.00,180.00,0.00,OPEN,0
557092.820,2,0,0,1.000,1.000,1.000,-90.00,180.00,0.00,OPEN,0
557092.831,2,0,0,1.000,1.000,1.000,-90.00,180.00,0.00,OPEN,0
557092.841,2,0,0,1.000,1.000,1.000,-90.00,180.00,0.00,OPEN,0
557092.851,2,0,0,1.000,1.000,1.000,-90.00,180.00,0.00,OPEN,0
557092.862,2,0,0,1.000,1.000,1.000,-90.00,180.00,0.00,OPEN,0
557092.872,2,0,0,1.000,1.000,1.000,-90.00,180.00,0.00,OPEN,0
557092.883,2,0,0,1.000,1.000,1.000,-90.00,180.00,0.00,OPEN,0
557092.893,2,0,0,1.000,1.000,1.000,-90.00,180.00,0.00,OPEN,0
557092.904,2,0,0,1.000,1.000,1.000,-90.00,180.00,0.00,OPEN,0
557092.915,2,0,0,1.000,1.000,1.000,-90.00,180.00,0.00,OPEN,0
557092.925,2,0,0,1.000,1.000,1.000,-90.00,180.00,0.00,OPEN,0
557092.936,2,0,0,1.000,1.000,1.000,-90.00,180.00,0.00,OPEN,0
557092.947,2,0,0,1.000,1.000,1.000,-90.00,180.00,0.00,OPEN,0
557092.957,2,0,0,1.000,1.000,1.000,-90.00,180.00,0.00,OPEN,0
557092.967,2,0,0,1.000,1.000,1.000,-90.00,180.00,0.00,OPEN,0
557092.978,2,0,0,1.000,1.000,1.000,-90.00,180.00,0.00,OPEN,0
557092.988,2,0,0,1.000,1.000,1.000,-90.00,180.00,0.00,OPEN,0
557092.999,2,0,0,1.000,1.000,1.000,-90.00,180.00,0.00,OPEN,0
557093.009,2,0,0,1.000,1.000,1.000,-90.00,180.00,0.00,OPEN,0
557093.019,2,0,0,1.000,1.000,1.000,-90.00,180.00,0.00,OPEN,0
557093.030,2,0,0,1.000,1.000,1.000,-90.00,180.00,0.00,OPEN,0
557093.041,2,0,0,1.000,1.000,1.000,-90.00,180.00,0.00,OPEN,0
557093.051,2,0,0,1.000,1.000,1.000,-90.00,180.00,0.00,OPEN,0
557093.061,2,0,0,1.000,1.000,1.000,-90.00,180.00,0.00,OPEN,0
557093.072,2,0,0,1.000,1.000,1.000,-90.00,180.00,0.00,OPEN,0
557093.082,2,0,0,1.000,1.000,1.000,-90.00,180.00,0.00,OPEN,0
557093.093,2,0,0,1.000,1.000,1.000,-90.00,180.00,0.00,OPEN,0
557093.103,2,0,0,1.000,1.000,1.000,-90.00,180.00,0.00,OPEN,0
557093.114,2,0,0,1.000,1.000,1.000,-90.00,180.00,0.00,OPEN,0
557093.124,2,0,0,1.000,1.000,1.000,-90.00,180.00,0.00,OPEN,0
557093.135,2,0,0,1.000,1.000,1.000,-90.00,180.00,0.00,OPEN,0
557093.146,2,0,0,1.000,1.000,1.000,-90.00,180.00,0.00,OPEN,0
557093.157,2,0,0,1.000,1.000,1.000,-90.00,180.00,0.00,OPEN,0
557093.167,2,0,0,1.000,1.000,1.000,-90.00,180.00,0.00,OPEN,0
557093.178,2,0,0,1.000,1.000,1.000,-90.00,180.00,0.00,OPEN,0
557093.188,2,0,0,1.000,1.000,1.000,-90.00,180.00,0.00,OPEN,0
557093.199,2,0,0,1.000,1.000,1.000,-90.00,180.00,0.00,OPEN,0
557093.210,2,0,0,1.000,1.000,1.000,-90.00,180.00,0.00,OPEN,0
557093.220,2,0,0,1.000,1.000,1.000,-90.00,180.00,0.00,OPEN,0
557093.231,2,0,0,1.000,1.000,1.000,-90.00,180.00,0.00,OPEN,0
557093.242,2,0,0,1.000,1.000,1.000,-90.00,180.00,0.00,OPEN,0
557093.252,2,0,0,1.000,1.000,1.000,-90.00,180.00,0.00,OPEN,0
557093.263,2,0,0,1.000,1.000,1.000,-90.00,180.00,0.00,OPEN,0
557093.273,2,0,0,1.000,1.000,1.000,-90.00,180.00,0.00,OPEN,0
557093.284,2,0,0,1.000,1.000,1.000,-90.00,180.00,0.00,OPEN,0
557093.294,2,0,0,1.000,1.000,1.000,-90.00,180.00,0.00,OPEN,0
557093.305,2,0,0,1.000,1.000,1.000,-90.00,180.00,0.00,OPEN,0
557093.316,2,0,0,1.000,1.000,1.000,-90.00,180.00,0.00,OPEN,0
557093.326,2,0,0,1.000,1.000,1.000,-90.00,180.00,0.00,OPEN,0
557093.337,2,0,0,1.000,1.000,1.000,-90.00,180.00,0.00,OPEN,0
557093.348,2,0,0,1.000,1.000,1.000,-90.00,180.00,0.00,OPEN,0
557093.358,2,0,0,1.000,1.000,1.000,-90.00,180.00,0.00,OPEN,0
557093.369,2,0,0,1.000,1.000,1.000,-90.00,180.00,0.00,OPEN,0
557093.379,2,0,0,1.000,1.000,1.000,-90.00,180.00,0.00,OPEN,0
557093.390,2,0,0,1.000,1.000,1.000,-90.00,180.00,0.00,OPEN,0
557093.401,2,0,0,1.000,1.000,1.000,-90.00,180.00,0.00,OPEN,0
557093.411,2,0,0,1.000,1.000,1.000,-90.00,180.00,0.00,OPEN,0
557093.422,2,0,0,1.000,1.000,1.000,-90.00,180.00,0.00,OPEN,0
557093.432,2,0,0,1.000,1.000,1.000,-90.00,180.00,0.00,OPEN,0
557093.442,2,0,0,1.000,1.000,1.000,-90.00,180.00,0.00,OPEN,0
557093.453,2,0,0,1.000,1.000,1.000,-90.00,180.00,0.00,OPEN,0
557093.463,2,0,0,1.000,1.000,1.000,-90.00,180.00,0.00,OPEN,0
557093.474,2,0,0,1.000,1.000,1.000,-90.00,180.00,0.00,OPEN,0
557093.484,2,0,0,1.000,1.000,1.000,-90.00,180.00,0.00,OPEN,0
557093.495,2,0,0,1.000,1.000,1.000,-90.00,180.00,0.00,OPEN,0
557093.505,2,0,0,1.000,1.000,1.000,-90.00,180.00,0.00,OPEN,0
557093.516,2,0,0,1.000,1.000,1.000,-90.00,180.00,0.00,OPEN,0
557093.526,2,0,0,1.000,1.000,1.000,-90.00,180.00,0.00,OPEN,0
557093.537,2,0,0,1.000,1.000,1.000,-90.00,180.00,0.00,OPEN,0
557093.547,2,0,0,1.000,1.000,1.000,-90.00,180.00,0.00,OPEN,0
557093.558,2,0,0,1.000,1.000,1.000,-90.00,180.00,0.00,OPEN,0
557093.568,2,0,0,1.000,1.000,1.000,-90.00,180.00,0.00,OPEN,0
557093.578,2,0,0,1.000,1.000,1.000,-90.00,180.00,0.00,OPEN,0
557093.589,2,0,0,1.000,1.000,1.000,-90.00,180.00,0.00,OPEN,0
557093.600,2,0,0,1.000,1.000,1.000,-90.00,180.00,0.00,OPEN,0
557093.611,2,0,0,1.000,1.000,1.000,-90.00,180.00,0.00,OPEN,0
557093.621,2,0,0,1.000,1.000,1.000,-90.00,180.00,0.00,OPEN,0
557093.632,2,0,0,1.000,1.000,1.000,-90.00,180.00,0.00,OPEN,0
557093.643,2,0,0,1.000,1.000,1.000,-90.00,180.00,0.00,OPEN,0
557093.653,2,0,0,1.000,1.000,1.000,-90.00,180.00,0.00,OPEN,0
557093.664,2,0,0,1.000,1.000,1.000,-90.00,180.00,0.00,OPEN,0
557093.674,2,0,0,1.000,1.000,1.000,-90.00,180.00,0.00,OPEN,0
557093.685,2,0,0,1.000,1.000,1.000,-90.00,180.00,0.00,OPEN,0
557093.696,2,0,0,0.999,1.000,1.000,-90.00,180.00,0.00,OPEN,0
557093.706,2,0,0,0.999,1.000,1.000,-90.00,180.00,0.00,OPEN,0
557093.717,2,0,0,0.999,1.000,1.000,-90.00,180.00,0.00,OPEN,0
557093.727,2,0,0,0.999,1.000,1.000,-90.00,180.00,0.00,OPEN,0
557093.737,2,0,0,0.999,1.000,1.000,-90.00,180.00,0.00,OPEN,0
557093.748,2,0,0,0.998,1.000,1.000,-90.00,180.00,0.00,OPEN,0
557093.758,2,0,0,0.998,1.000,1.000,-90.00,180.00,0.00,OPEN,0
557093.769,2,0,0,0.998,1.000,1.000,-90.00,180.00,0.00,OPEN,0
557093.779,2,0,0,0.998,1.000,1.000,-90.00,180.00,0.00,OPEN,0
557093.790,2,0,0,0.998,1.000,1.000,-90.00,180.00,0.00,OPEN,0
557093.800,2,0,0,0.993,1.000,1.000,-90.00,180.00,0.00,OPEN,0
557093.811,2,0,0,0.993,1.000,1.000,-90.00,180.00,0.00,OPEN,0
557093.822,2,0,0,0.993,1.000,1.000,-90.00,180.00,0.00,OPEN,0
557093.832,2,0,0,0.993,1.000,1.000,-90.00,180.00,0.00,OPEN,0
557093.843,2,0,0,0.955,1.000,1.000,-90.00,180.00,0.00,OPEN,0
557093.853,2,0,0,0.955,1.000,1.000,-90.00,180.00,0.00,OPEN,0
557093.863,2,0,0,0.955,1.000,1.000,-90.00,180.00,0.00,OPEN,0
557093.874,2,0,0,0.955,1.000,1.000,-90.00,180.00,0.00,OPEN,0
557093.884,2,0,0,0.955,1.000,1.000,-90.00,180.00,0.00,OPEN,0
557093.895,2,0,0,0.851,1.000,1.000,-90.00,180.00,0.00,OPEN,0
557093.905,2,0,0,0.851,1.000,1.000,-90.00,180.00,0.00,OPEN,0
557093.916,2,0,0,0.851,1.000,1.000,-90.00,180.00,0.00,OPEN,0
557093.927,2,0,0,0.851,1.000,1.000,-90.00,180.00,0.00,OPEN,0
557093.937,2,0,0,0.851,1.000,1.000,-90.00,180.00,0.00,OPEN,0
557093.948,2,0,0,0.647,1.000,1.000,-90.00,180.00,0.00,OPEN,0
557093.958,2,0,0,0.647,1.000,1.000,-90.00,180.00,0.00,OPEN,0
557093.968,2,0,0,0.647,1.000,1.000,-90.00,180.00,0.00,OPEN,0
557093.979,2,0,0,0.647,1.000,1.000,-90.00,180.00,0.00,OPEN,0
557093.990,2,0,0,0.647,1.000,1.000,-90.00,180.00,0.00,OPEN,0
557094.000,2,0,0,0.754,1.000,1.000,-90.00,180.00,0.00,OPEN,0
557094.011,2,0,0,0.754,1.000,1.000,-90.00,180.00,0.00,OPEN,0
557094.021,2,0,0,0.754,1.000,1.000,-90.00,180.00,0.00,OPEN,0
557094.032,2,0,0,0.754,1.000,1.000,-90.00,180.00,0.00,OPEN,0
557094.043,2,0,0,0.920,1.000,1.000,-90.00,180.00,0.00,OPEN,0
557094.053,2,0,0,0.920,1.000,1.000,-90.00,180.00,0.00,OPEN,0
557094.063,2,0,0,0.920,1.000,1.000,-90.00,180.00,0.00,OPEN,0
557094.074,2,0,0,0.920,1.000,1.000,-90.00,180.00,0.00,OPEN,0
557094.085,2,0,0,0.920,1.000,1.000,-90.00,180.00,0.00,OPEN,0
557094.096,2,0,0,0.966,1.000,1.000,-90.00,180.00,0.00,OPEN,0
557094.106,2,0,0,0.966,1.000,1.000,-90.00,180.00,0.00,OPEN,0
557094.117,2,0,0,0.966,1.000,1.000,-90.00,180.00,0.00,OPEN,0
557094.127,2,0,0,0.966,1.000,1.000,-90.00,180.00,0.00,OPEN,0
557094.138,2,0,0,0.966,1.000,1.000,-90.00,180.00,0.00,OPEN,0
557094.148,2,0,0,0.997,1.000,1.000,-90.00,180.00,0.00,OPEN,0
557094.159,2,0,0,0.997,1.000,1.000,-90.00,180.00,0.00,OPEN,0
557094.170,2,0,0,0.997,1.000,1.000,-90.00,180.00,0.00,OPEN,0
557094.180,2,0,0,0.997,1.000,1.000,-90.00,180.00,0.00,OPEN,0
557094.191,2,0,0,0.997,1.000,1.000,-90.00,180.00,0.00,OPEN,0
557094.201,2,0,0,1.000,1.000,1.000,-90.00,180.00,0.00,OPEN,0
557094.212,2,0,0,1.000,1.000,1.000,-90.00,180.00,0.00,OPEN,0
557094.223,2,0,0,1.000,1.000,1.000,-90.00,180.00,0.00,OPEN,0
557094.233,2,0,0,1.000,1.000,1.000,-90.00,180.00,0.00,OPEN,0
557094.244,2,0,0,1.000,1.000,1.000,-90.00,180.00,0.00,OPEN,0
557094.255,2,0,0,1.000,1.000,1.000,-90.00,180.00,0.00,OPEN,0
557094.265,2,0,0,1.000,1.000,1.000,-90.00,180.00,0.00,OPEN,0
557094.276,2,0,0,1.000,1.000,1.000,-90.00,180.00,0.00,OPEN,0
557094.286,2,0,0,1.000,1.000,1.000,-90.00,180.00,0.00,OPEN,0
557094.297,2,0,0,1.000,1.000,1.000,-90.00,180.00,0.00,OPEN,0
557094.308,2,0,0,1.000,1.000,1.000,-90.00,180.00,0.00,OPEN,0
557094.318,2,0,0,1.000,1.000,1.000,-90.00,180.00,0.00,OPEN,0
557094.329,2,0,0,1.000,1.000,1.000,-90.00,180.00,0.00,OPEN,0
557094.340,2,0,0,1.000,1.000,1.000,-90.00,180.00,0.00,OPEN,0
557094.350,2,0,0,1.000,1.000,1.000,-90.00,180.00,0.00,OPEN,0
557094.361,2,0,0,1.000,1.000,1.000,-90.00,180.00,0.00,OPEN,0
557094.371,2,0,0,1.000,1.000,1.000,-90.00,180.00,0.00,OPEN,0
557094.382,2,0,0,1.000,1.000,1.000,-90.00,180.00,0.00,OPEN,0
557094.392,0,0,0,1.000,1.000,1.000,-90.00,180.00,0.00,OPEN,0
557094.403,0,0,0,1.000,1.000,1.000,-90.00,180.00,0.00,OPEN,0
557094.414,0,0,0,1.000,1.000,1.000,-90.00,180.00,0.00,OPEN,0
557094.424,0,0,0,1.000,1.000,1.000,-90.00,180.00,0.00,OPEN,0
557094.434,0,0,0,1.000,1.000,1.000,-90.00,180.00,0.00,OPEN,0
557094.445,0,0,0,1.000,1.000,1.000,-90.00,180.00,0.00,OPEN,0
557094.455,0,0,0,1.000,1.000,1.000,-90.00,180.00,0.00,OPEN,0
557094.466,0,0,0,1.000,1.000,1.000,-90.00,180.00,0.00,OPEN,0
557094.477,0,0,0,1.000,1.000,1.000,-90.00,180.00,0.00,OPEN,0
557094.487,0,0,0,1.000,1.000,1.000,-90.00,180.00,0.00,OPEN,0
557094.498,0,0,0,1.000,1.000,1.000,-90.00,180.00,0.00,OPEN,0
557094.508,0,0,0,1.000,1.000,1.000,-90.00,180.00,0.00,OPEN,0
557094.519,0,0,0,1.000,1.000,1.000,-90.00,180.00,0.00,OPEN,0
557094.529,0,0,0,1.000,1.000,1.000,-90.00,180.00,0.00,OPEN,0
557094.540,0,0,0,1.000,1.000,1.000,-90.00,180.00,0.00,OPEN,0
557094.551,0,0,0,1.000,1.000,1.000,-90.00,180.00,0.00,OPEN,0
557094.561,0,0,0,1.000,1.000,1.000,-90.00,180.00,0.00,OPEN,0
557094.572,0,0,0,1.000,1.000,1.000,-90.00,180.00,0.00,OPEN,0
557094.583,0,0,0,1.000,1.000,1.000,-90.00,180.00,0.00,OPEN,0
557094.593,0,0,0,1.000,1.000,1.000,-90.00,180.00,0.00,OPEN,0
557094.604,0,0,0,1.000,1.000,1.000,-90.00,180.00,0.00,OPEN,0
557094.615,0,0,0,1.000,1.000,1.000,-90.00,180.00,0.00,OPEN,0
557094.625,0,0,0,1.000,1.000,1.000,-90.00,180.00,0.00,OPEN,0
557094.636,0,0,0,1.000,1.000,1.000,-90.00,180.00,0.00,OPEN,0
557094.646,0,0,0,1.000,1.000,1.000,-90.00,180.00,0.00,OPEN,0
557094.656,0,0,0,1.000,1.000,1.000,-90.00,180.00,0.00,OPEN,0
557094.667,0,0,0,1.000,1.000,1.000,-90.00,180.00,0.00,OPEN,0
557094.678,0,0,0,1.000,1.000,1.000,-90.00,180.00,0.00,OPEN,0
557094.688,0,0,0,1.000,1.000,1.000,-90.00,180.00,0.00,OPEN,0
557094.699,0,0,0,1.000,1.000,1.000,-90.00,180.00,0.00,OPEN,0
557094.709,0,0,0,1.000,1.000,1.000,-90.00,180.00,0.00,OPEN,0
557094.720,0,0,0,1.000,1.000,1.000,-90.00,180.00,0.00,OPEN,0
557094.730,0,0,0,1.000,1.000,1.000,-90.00,180.00,0.00,OPEN,0
557094.741,0,0,0,1.000,1.000,1.000,-90.00,180.00,0.00,OPEN,0
557094.751,0,0,0,1.000,1.000,1.000,-90.00,180.00,0.00,OPEN,0
557094.762,0,0,0,1.000,1.000,1.000,-90.00,180.00,0.00,OPEN,0
557094.772,0,0,0,1.000,1.000,1.000,-90.00,180.00,0.00,OPEN,0
557094.783,0,0,0,1.000,1.000,1.000,-90.00,180.00,0.00,OPEN,0
557094.795,0,0,0,1.000,1.000,1.000,-90.00,180.00,0.00,OPEN,0
557094.805,0,0,0,1.000,1.000,1.000,-90.00,180.00,0.00,OPEN,0
557094.816,0,0,0,1.000,1.000,1.000,-90.00,180.00,0.00,OPEN,0
557094.827,0,0,0,1.000,1.000,1.000,-90.00,180.00,0.00,OPEN,0
557094.837,0,0,0,1.000,1.000,1.000,-90.00,180.00,0.00,OPEN,0
557094.848,0,0,0,1.000,1.000,1.000,-90.00,180.00,0.00,OPEN,0
557094.859,0,0,0,1.000,1.000,1.000,-90.00,180.00,0.00,OPEN,0
557094.869,0,0,0,1.000,1.000,1.000,-90.00,180.00,0.00,OPEN,0
557094.880,0,0,0,1.000,1.000,1.000,-90.00,180.00,0.00,OPEN,0
557094.890,0,0,0,1.000,1.000,1.000,-90.00,180.00,0.00,OPEN,0
557094.901,0,0,0,1.000,1.000,1.000,-90.00,180.00,0.00,OPEN,0
557094.911,0,0,0,1.000,1.000,1.000,-90.00,180.00,0.00,OPEN,0
557094.922,0,0,0,1.000,1.000,1.000,-90.00,180.00,0.00,OPEN,0
557094.932,0,0,0,1.000,1.000,1.000,-90.00,180.00,0.00,OPEN,0
557094.943,0,0,0,1.000,1.000,1.000,-90.00,180.00,0.00,OPEN,0
557094.954,0,0,0,1.000,1.000,1.000,-90.00,180.00,0.00,OPEN,0
557094.964,0,0,0,1.000,1.000,1.000,-90.00,180.00,0.00,OPEN,0
557094.974,0,0,0,1.000,1.000,1.000,-90.00,180.00,0.00,OPEN,0
557094.985,0,0,0,1.000,1.000,1.000,-90.00,180.00,0.00,OPEN,0
557094.995,0,0,0,1.000,1.000,1.000,-90.00,180.00,0.00,OPEN,0
557095.006,0,0,0,1.000,1.000,1.000,-90.00,180.00,0.00,OPEN,0
557095.016,0,0,0,1.000,1.000,1.000,-90.00,180.00,0.00,OPEN,0
557095.027,0,0,0,1.000,1.000,1.000,-90.00,180.00,0.00,OPEN,0
557095.038,0,0,0,1.000,1.000,1.000,-90.00,180.00,0.00,OPEN,0
557095.048,0,0,0,1.000,1.000,1.000,-90.00,180.00,0.00,OPEN,0
557095.059,0,0,0,1.000,1.000,1.000,-90.00,180.00,0.00,OPEN,0
557095.069,0,0,0,1.000,1.000,1.000,-90.00,180.00,0.00,OPEN,0
557095.080,0,0,0,1.000,1.000,1.000,-90.00,180.00,0.00,OPEN,0
557095.090,0,0,0,1.000,1.000,1.000,-90.00,180.00,0.00,OPEN,0
557095.101,0,0,0,1.000,1.000,1.000,-90.00,180.00,0.00,OPEN,0
557095.111,0,0,0,1.000,1.000,1.000,-90.00,180.00,0.00,OPEN,0
557095.122,0,0,0,1.000,1.000,1.000,-90.00,180.00,0.00,OPEN,0
557095.132,0,0,0,1.000,1.000,1.000,-90.00,180.00,0.00,OPEN,0
557095.143,0,0,0,1.000,1.000,1.000,-90.00,180.00,0.00,OPEN,0
557095.153,0,0,0,1.000,1.000,1.000,-90.00,180.00,0.00,OPEN,0
557095.164,0,0,0,1.000,1.000,1.000,-90.00,180.00,0.00,OPEN,0
557095.175,0,0,0,1.000,1.000,1.000,-90.00,180.00,0.00,OPEN,0
557095.185,0,0,0,1.000,1.000,1.000,-90.00,180.00,0.00,OPEN,0
557095.196,0,0,0,1.000,1.000,1.000,-90.00,180.00,0.00,OPEN,0
557095.207,0,0,0,1.000,1.000,1.000,-90.00,180.00,0.00,OPEN,0
557095.217,0,0,0,1.000,1.000,1.000,-90.00,180.00,0.00,OPEN,0
557095.229,0,0,0,1.000,1.000,1.000,-90.00,180.00,0.00,OPEN,0
557095.240,0,0,0,1.000,1.000,1.000,-90.00,180.00,0.00,OPEN,0
557095.250,0,0,0,1.000,1.000,1.000,-90.00,180.00,0.00,OPEN,0
557095.261,0,0,0,1.000,1.000,1.000,-90.00,180.00,0.00,OPEN,0
557095.272,0,0,0,1.000,1.000,1.000,-90.00,180.00,0.00,OPEN,0
557095.282,0,0,0,1.000,1.000,1.000,-90.00,180.00,0.00,OPEN,0
557095.293,0,0,0,1.000,1.000,1.000,-90.00,180.00,0.00,OPEN,0
557095.303,0,0,0,1.000,1.000,1.000,-90.00,180.00,0.00,OPEN,0
557095.313,0,0,0,1.000,1.000,1.000,-90.00,180.00,0.00,OPEN,0
557095.324,0,0,0,1.000,1.000,1.000,-90.00,180.00,0.00,OPEN,0
557095.334,0,0,0,1.000,1.000,1.000,-90.00,180.00,0.00,OPEN,0
557095.345,0,0,0,1.000,1.000,1.000,-90.00,180.00,0.00,OPEN,0
557095.356,0,0,0,1.000,1.000,1.000,-90.00,180.00,0.00,OPEN,0
557095.366,0,0,0,1.000,1.000,1.000,-90.00,180.00,0.00,OPEN,0
557095.376,0,0,0,1.000,1.000,1.000,-90.00,180.00,0.00,OPEN,0
557095.386,0,0,0,1.000,1.000,1.000,-90.00,180.00,0.00,OPEN,0
557095.397,0,0,0,1.000,1.000,1.000,-90.00,180.00,0.00,OPEN,0
557095.408,0,0,0,1.000,1.000,1.000,-90.00,180.00,0.00,OPEN,0
557095.418,0,0,0,1.000,1.000,1.000,-90.00,180.00,0.00,OPEN,0
557095.428,0,0,0,1.000,1.000,1.000,-90.00,180.00,0.00,OPEN,0
557095.439,0,0,0,1.000,1.000,1.000,-90.00,180.00,0.00,OPEN,0
557095.449,0,0,0,1.000,1.000,1.000,-90.00,180.00,0.00,OPEN,0
557095.460,0,0,0,1.000,1.000,1.000,-90.00,180.00,0.00,OPEN,0
557095.470,0,0,0,1.000,1.000,1.000,-90.00,180.00,0.00,OPEN,0
557095.481,0,0,0,1.000,1.000,1.000,-90.00,180.00,0.00,OPEN,0
557095.491,0,0,0,1.000,1.000,1.000,-90.00,180.00,0.00,OPEN,0
557095.502,0,0,0,1.000,1.000,1.000,-90.00,180.00,0.00,OPEN,0
557095.513,0,0,0,1.000,1.000,1.000,-90.00,180.00,0.00,OPEN,0
557095.523,0,0,0,1.000,1.000,1.000,-90.00,180.00,0.00,OPEN,0
557095.534,0,0,0,1.000,1.000,1.000,-90.00,180.00,0.00,OPEN,0
557095.544,0,0,0,1.000,1.000,1.000,-90.00,180.00,0.00,OPEN,0
557095.555,0,0,0,1.000,1.000,1.000,-90.00,180.00,0.00,OPEN,0
557095.565,0,0,0,1.000,1.000,1.000,-90.00,180.00,0.00,OPEN,0
557095.576,0,0,0,1.000,1.000,1.000,-90.00,180.00,0.00,OPEN,0
557095.586,0,0,0,1.000,1.000,1.000,-90.00,180.00,0.00,OPEN,0
557095.597,0,0,0,1.000,1.000,1.000,-90.00,180.00,0.00,OPEN,0
557095.608,0,0,0,1.000,1.000,1.000,-90.00,180.00,0.00,OPEN,0
557095.618,0,0,0,1.000,1.000,1.000,-90.00,180.00,0.00,OPEN,0
557095.629,0,0,0,1.000,1.000,1.000,-90.00,180.00,0.00,OPEN,0
557095.640,0,0,0,1.000,1.000,1.000,-90.00,180.00,0.00,OPEN,0
557095.651,0,0,0,1.000,1.000,1.000,-90.00,180.00,0.00,OPEN,0
557095.661,0,0,0,1.000,1.000,1.000,-90.00,180.00,0.00,OPEN,0
557095.672,0,0,0,1.000,1.000,1.000,-90.00,180.00,0.00,OPEN,0
557095.682,0,0,0,1.000,1.000,1.000,-90.00,180.00,0.00,OPEN,0
557095.693,0,0,0,1.000,1.000,1.000,-90.00,180.00,0.00,OPEN,0
557095.703,0,0,0,1.000,1.000,1.000,-90.00,180.00,0.00,OPEN,0
557095.713,0,0,0,1.000,1.000,1.000,-90.00,180.00,0.00,OPEN,0
557095.724,0,0,0,1.000,1.000,1.000,-90.00,180.00,0.00,OPEN,0
557095.735,0,0,0,1.000,1.000,1.000,-90.00,180.00,0.00,OPEN,0
557095.745,0,0,0,1.000,1.000,1.000,-90.00,180.00,0.00,OPEN,0
557095.756,0,0,0,1.000,1.000,1.000,-90.00,180.00,0.00,OPEN,0
557095.767,0,0,0,1.000,1.000,1.000,-90.00,180.00,0.00,OPEN,0
557095.777,0,0,0,1.000,1.000,1.000,-90.00,180.00,0.00,OPEN,0
557095.787,0,0,0,1.000,1.000,1.000,-90.00,180.00,0.00,OPEN,0
557095.798,0,0,0,1.000,1.000,1.000,-90.00,180.00,0.00,OPEN,0
557095.808,0,0,0,1.000,1.000,1.000,-90.00,180.00,0.00,OPEN,0
557095.819,0,0,0,1.000,1.000,1.000,-90.00,180.00,0.00,OPEN,0
557095.829,0,0,0,1.000,1.000,1.000,-90.00,180.00,0.00,OPEN,0
557095.840,0,0,0,1.000,1.000,1.000,-90.00,180.00,0.00,OPEN,0
557095.850,0,0,0,1.000,1.000,1.000,-90.00,180.00,0.00,OPEN,0
557095.861,0,0,0,1.000,1.000,1.000,-90.00,180.00,0.00,OPEN,0
557095.871,0,0,0,1.000,1.000,1.000,-90.00,180.00,0.00,OPEN,0
557095.881,0,0,0,1.000,1.000,1.000,-90.00,180.00,0.00,OPEN,0
557095.892,0,0,0,1.000,1.000,1.000,-90.00,180.00,0.00,OPEN,0
557095.903,0,0,0,1.000,1.000,1.000,-90.00,180.00,0.00,OPEN,0
557095.914,0,0,0,1.000,1.000,1.000,-90.00,180.00,0.00,OPEN,0
557095.924,0,0,0,1.000,1.000,1.000,-90.00,180.00,0.00,OPEN,0
557095.935,0,0,0,1.000,1.000,1.000,-90.00,180.00,0.00,OPEN,0
557095.946,0,0,0,1.000,1.000,1.000,-90.00,180.00,0.00,OPEN,0
557095.956,0,0,0,1.000,1.000,1.000,-90.00,180.00,0.00,OPEN,0
557095.967,0,0,0,1.000,1.000,1.000,-90.00,180.00,0.00,OPEN,0
557095.978,0,0,0,1.000,1.000,1.000,-90.00,180.00,0.00,OPEN,0
557095.988,0,0,0,1.000,1.000,1.000,-90.00,180.00,0.00,OPEN,0
557095.999,0,0,0,1.000,1.000,1.000,-90.00,180.00,0.00,OPEN,0
557096.009,0,0,0,1.000,1.000,1.000,-90.00,180.00,0.00,OPEN,0
557096.020,0,0,0,1.000,1.000,1.000,-90.00,180.00,0.00,OPEN,0
557096.030,0,0,0,1.000,1.000,1.000,-90.00,180.00,0.00,OPEN,0
557096.041,0,0,0,1.000,1.000,1.000,-90.00,180.00,0.00,OPEN,0
557096.051,0,0,0,1.000,1.000,1.000,-90.00,180.00,0.00,OPEN,0
557096.062,0,0,0,1.000,1.000,1.000,-90.00,180.00,0.00,OPEN,0
557096.073,0,0,0,1.000,1.000,1.000,-90.00,180.00,0.00,OPEN,0
557096.083,0,0,0,1.000,1.000,1.000,-90.00,180.00,0.00,OPEN,0
557096.094,0,0,0,1.000,1.000,1.000,-90.00,180.00,0.00,OPEN,0
557096.104,0,0,0,1.000,1.000,1.000,-90.00,180.00,0.00,OPEN,0
557096.115,0,0,0,1.000,1.000,1.000,-90.00,180.00,0.00,OPEN,0
557096.125,0,0,0,1.000,1.000,1.000,-90.00,180.00,0.00,OPEN,0
557096.136,0,0,0,1.000,1.000,1.000,-90.00,180.00,0.00,OPEN,0
557096.147,0,0,0,1.000,1.000,1.000,-90.00,180.00,0.00,OPEN,0
557096.157,0,0,0,1.000,1.000,1.000,-90.00,180.00,0.00,OPEN,0
557096.168,0,0,0,1.000,1.000,1.000,-90.00,180.00,0.00,OPEN,0
557096.178,0,0,0,1.000,1.000,1.000,-90.00,180.00,0.00,OPEN,0
557096.189,0,0,0,1.000,1.000,1.000,-90.00,180.00,0.00,OPEN,0
557096.199,0,0,0,1.000,1.000,1.000,-90.00,180.00,0.00,OPEN,0
557096.210,0,0,0,1.000,1.000,1.000,-90.00,180.00,0.00,OPEN,0
557096.221,0,0,0,1.000,1.000,1.000,-90.00,180.00,0.00,OPEN,0
557096.231,0,0,0,1.000,1.000,1.000,-90.00,180.00,0.00,OPEN,0
557096.242,0,0,0,1.000,1.000,1.000,-90.00,180.00,0.00,OPEN,0
557096.252,0,0,0,1.000,1.000,1.000,-90.00,180.00,0.00,OPEN,0
557096.263,0,0,0,1.000,1.000,1.000,-90.00,180.00,0.00,OPEN,0
557096.274,0,0,0,1.000,1.000,1.000,-90.00,180.00,0.00,OPEN,0
557096.285,0,0,0,1.000,1.000,1.000,-90.00,180.00,0.00,OPEN,0
557096.295,0,0,0,1.000,1.000,1.000,-90.00,180.00,0.00,OPEN,0
557096.306,0,0,0,1.000,1.000,1.000,-90.00,180.00,0.00,OPEN,0
557096.317,0,0,0,1.000,1.000,1.000,-90.00,180.00,0.00,OPEN,0
557096.328,0,0,0,1.000,1.000,1.000,-90.00,180.00,0.00,OPEN,0
557096.338,0,0,0,1.000,1.000,1.000,-90.00,180.00,0.00,OPEN,0
557096.348,0,0,0,1.000,1.000,1.000,-90.00,180.00,0.00,OPEN,0
557096.359,0,0,0,1.000,1.000,1.000,-90.00,180.00,0.00,OPEN,0
557096.370,0,0,0,1.000,1.000,1.000,-90.00,180.00,0.00,OPEN,0
557096.380,0,0,0,1.000,1.000,1.000,-90.00,180.00,0.00,OPEN,0
557096.391,0,0,0,1.000,1.000,1.000,-90.00,180.00,0.00,OPEN,0
557096.402,0,0,0,1.000,1.000,1.000,-90.00,180.00,0.00,OPEN,0
557096.412,0,0,0,1.000,1.000,1.000,-90.00,180.00,0.00,OPEN,0
557096.423,0,0,0,1.000,1.000,1.000,-90.00,180.00,0.00,OPEN,0
557096.433,0,0,0,1.000,1.000,1.000,-90.00,180.00,0.00,OPEN,0
557096.444,0,0,0,1.000,1.000,1.000,-90.00,180.00,0.00,OPEN,0
557096.455,0,0,0,1.000,1.000,1.000,-90.00,180.00,0.00,OPEN,0
557096.466,0,0,0,1.000,1.000,1.000,-90.00,180.00,0.00,OPEN,0
557096.476,0,0,0,1.000,1.000,1.000,-90.00,180.00,0.00,OPEN,0
557096.487,0,0,0,1.000,1.000,1.000,-90.00,180.00,0.00,OPEN,0
557096.498,0,0,0,1.000,1.000,1.000,-90.00,180.00,0.00,OPEN,0
557096.508,0,0,0,1.000,1.000,1.000,-90.00,180.00,0.00,OPEN,0
557096.519,0,0,0,1.000,1.000,1.000,-90.00,180.00,0.00,OPEN,0
557096.529,0,0,0,1.000,1.000,1.000,-90.00,180.00,0.00,OPEN,0
557096.540,0,0,0,1.000,1.000,1.000,-90.00,180.00,0.00,OPEN,0
557096.550,0,0,0,1.000,1.000,1.000,-90.00,180.00,0.00,OPEN,0
557096.560,0,0,0,1.000,1.000,1.000,-90.00,180.00,0.00,OPEN,0
557096.571,0,0,0,1.000,1.000,1.000,-90.00,180.00,0.00,OPEN,0
557096.581,0,0,0,1.000,1.000,1.000,-90.00,180.00,0.00,OPEN,0
557096.592,0,0,0,1.000,1.000,1.000,-90.00,180.00,0.00,OPEN,0
557096.602,0,0,0,1.000,1.000,1.000,-90.00,180.00,0.00,OPEN,0
557096.613,0,0,0,1.000,1.000,1.000,-90.00,180.00,0.00,OPEN,0
557096.623,0,0,0,1.000,1.000,1.000,-90.00,180.00,0.00,OPEN,0
557096.634,0,0,0,1.000,1.000,1.000,-90.00,180.00,0.00,OPEN,0
557096.645,0,0,0,1.000,1.000,1.000,-90.00,180.00,0.00,OPEN,0
557096.655,0,0,0,1.000,1.000,1.000,-90.00,180.00,0.00,OPEN,0
557096.666,0,0,0,1.000,1.000,1.000,-90.00,180.00,0.00,OPEN,0
557096.677,0,0,0,1.000,1.000,1.000,-90.00,180.00,0.00,OPEN,0
557096.687,0,0,0,1.000,1.000,1.000,-90.00,180.00,0.00,OPEN,0
557096.698,0,0,0,1.000,1.000,1.000,-90.00,180.00,0.00,OPEN,0
557096.709,0,0,0,1.000,1.000,1.000,-90.00,180.00,0.00,OPEN,0
557096.719,0,0,0,1.000,1.000,1.000,-90.00,180.00,0.00,OPEN,0
557096.730,0,0,0,1.000,1.000,1.000,-90.00,180.00,0.00,OPEN,0
557096.740,0,0,0,1.000,1.000,1.000,-90.00,180.00,0.00,OPEN,0
557096.751,0,0,0,1.000,1.000,1.000,-90.00,180.00,0.00,OPEN,0
557096.761,0,0,0,1.000,1.000,1.000,-90.00,180.00,0.00,OPEN,0
557096.772,0,0,0,1.000,1.000,1.000,-90.00,180.00,0.00,OPEN,0
557096.782,0,0,0,1.000,1.000,1.000,-90.00,180.00,0.00,OPEN,0
557096.793,0,0,0,1.000,1.000,1.000,-90.00,180.00,0.00,OPEN,0
557096.803,0,0,0,1.000,1.000,1.000,-90.00,180.00,0.00,OPEN,0
557096.813,0,0,0,1.000,1.000,1.000,-90.00,180.00,0.00,OPEN,0
557096.824,0,0,0,1.000,1.000,1.000,-90.00,180.00,0.00,OPEN,0
557096.834,0,0,0,1.000,1.000,1.000,-90.00,180.00,0.00,OPEN,0
557096.844,0,0,0,1.000,1.000,1.000,-90.00,180.00,0.00,OPEN,0
557096.855,0,0,0,1.000,1.000,1.000,-90.00,180.00,0.00,OPEN,0
557096.865,0,0,0,1.000,1.000,1.000,-90.00,180.00,0.00,OPEN,0
557096.876,0,0,0,1.000,1.000,1.000,-90.00,180.00,0.00,OPEN,0
557096.886,0,0,0,1.000,1.000,1.000,-90.00,180.00,0.00,OPEN,0
557096.896,0,0,0,1.000,1.000,1.000,-90.00,180.00,0.00,OPEN,0
557096.907,0,0,0,1.000,1.000,1.000,-90.00,180.00,0.00,OPEN,0
557096.918,0,0,0,1.000,1.000,1.000,-90.00,180.00,0.00,OPEN,0
557096.929,0,0,0,1.000,1.000,1.000,-90.00,180.00,0.00,OPEN,0
557096.940,0,0,0,1.000,1.000,1.000,-90.00,180.00,0.00,OPEN,0
557096.950,0,0,0,1.000,1.000,1.000,-90.00,180.00,0.00,OPEN,0
557096.960,0,0,0,1.000,1.000,1.000,-90.00,180.00,0.00,OPEN,0
557096.971,0,0,0,1.000,1.000,1.000,-90.00,180.00,0.00,OPEN,0
557096.981,0,0,0,1.000,1.000,1.000,-90.00,180.00,0.00,OPEN,0
557096.992,0,0,0,1.000,1.000,1.000,-90.00,180.00,0.00,OPEN,0
557097.002,0,0,0,1.000,1.000,1.000,-90.00,180.00,0.00,OPEN,0
557097.013,0,0,0,1.000,1.000,1.000,-90.00,180.00,0.00,OPEN,0
557097.023,0,0,0,1.000,1.000,1.000,-90.00,180.00,0.00,OPEN,0
557097.034,0,0,0,1.000,1.000,1.000,-90.00,180.00,0.00,OPEN,0
557097.045,0,0,0,1.000,1.000,1.000,-90.00,180.00,0.00,OPEN,0
557097.055,0,0,0,1.000,1.000,1.000,-90.00,180.00,0.00,OPEN,0
557097.066,0,0,0,1.000,1.000,1.000,-90.00,180.00,0.00,OPEN,0
557097.077,0,0,0,1.000,1.000,1.000,-90.00,180.00,0.00,OPEN,0
557097.087,0,0,0,1.000,1.000,1.000,-90.00,180.00,0.00,OPEN,0
557097.098,0,0,0,1.000,1.000,1.000,-90.00,180.00,0.00,OPEN,0
557097.108,0,0,0,1.000,1.000,1.000,-90.00,180.00,0.00,OPEN,0
557097.119,0,0,0,1.000,1.000,1.000,-90.00,180.00,0.00,OPEN,0
557097.129,0,0,0,1.000,1.000,1.000,-90.00,180.00,0.00,OPEN,0
557097.140,0,0,0,1.000,1.000,1.000,-90.00,180.00,0.00,OPEN,0
557097.150,0,0,0,1.000,1.000,1.000,-90.00,180.00,0.00,OPEN,0
557097.161,0,0,0,1.000,1.000,1.000,-90.00,180.00,0.00,OPEN,0
557097.171,0,0,0,1.000,1.000,1.000,-90.00,180.00,0.00,OPEN,0
557097.182,0,0,0,1.000,1.000,1.000,-90.00,180.00,0.00,OPEN,0
557097.193,0,0,0,1.000,1.000,1.000,-90.00,180.00,0.00,OPEN,0
557097.203,0,0,0,1.000,1.000,1.000,-90.00,180.00,0.00,OPEN,0
557097.214,0,0,0,1.000,1.000,1.000,-90.00,180.00,0.00,OPEN,0
557097.224,0,0,0,1.000,1.000,1.000,-90.00,180.00,0.00,OPEN,0
557097.235,0,0,0,1.000,1.000,1.000,-90.00,180.00,0.00,OPEN,0
557097.245,0,0,0,1.000,1.000,1.000,-90.00,180.00,0.00,OPEN,0
557097.256,0,0,0,1.000,1.000,1.000,-90.00,180.00,0.00,OPEN,0
557097.267,0,0,0,1.000,1.000,1.000,-90.00,180.00,0.00,OPEN,0
557097.278,0,0,0,1.000,1.000,1.000,-90.00,180.00,0.00,OPEN,0
557097.288,0,0,0,1.000,1.000,1.000,-90.00,180.00,0.00,OPEN,0
557097.299,0,0,0,1.000,1.000,1.000,-90.00,180.00,0.00,OPEN,0
557097.310,0,0,0,1.000,1.000,1.000,-90.00,180.00,0.00,OPEN,0
557097.321,0,0,0,1.000,1.000,1.000,-90.00,180.00,0.00,OPEN,0
557097.331,0,0,0,1.000,1.000,1.000,-90.00,180.00,0.00,OPEN,0
557097.342,0,0,0,1.000,1.000,1.000,-90.00,180.00,0.00,OPEN,0
557097.352,0,0,0,1.000,1.000,1.000,-90.00,180.00,0.00,OPEN,0
557097.363,0,0,0,1.000,1.000,1.000,-90.00,180.00,0.00,OPEN,0
557097.373,0,0,0,1.000,1.000,1.000,-90.00,180.00,0.00,OPEN,0
557097.383,0,0,0,1.000,1.000,1.000,-90.00,180.00,0.00,OPEN,0
557097.394,0,0,0,1.000,1.000,1.000,-90.00,180.00,0.00,OPEN,0
557097.404,0,0,0,1.000,1.000,1.000,-90.00,180.00,0.00,OPEN,0
557097.415,0,0,0,1.000,1.000,1.000,-90.00,180.00,0.00,OPEN,0
557097.426,0,0,0,1.000,1.000,1.000,-90.00,180.00,0.00,OPEN,0
557097.436,0,0,0,1.000,1.000,1.000,-90.00,180.00,0.00,OPEN,0
557097.447,0,0,0,1.000,1.000,1.000,-90.00,180.00,0.00,OPEN,0
557097.458,0,0,0,1.000,1.000,1.000,-90.00,180.00,0.00,OPEN,0
557097.469,0,0,0,1.000,1.000,1.000,-90.00,180.00,0.00,OPEN,0
557097.480,0,0,0,1.000,1.000,1.000,-90.00,180.00,0.00,OPEN,0
557097.490,0,0,0,1.000,1.000,1.000,-90.00,180.00,0.00,OPEN,0
557097.501,0,0,0,1.000,1.000,1.000,-90.00,180.00,0.00,OPEN,0
557097.512,0,0,0,1.000,1.000,1.000,-90.00,180.00,0.00,OPEN,0
557097.523,0,0,0,1.000,1.000,1.000,-90.00,180.00,0.00,OPEN,0
557097.533,0,0,0,1.000,1.000,1.000,-90.00,180.00,0.00,OPEN,0
557097.544,0,0,0,1.000,1.000,1.000,-90.00,180.00,0.00,OPEN,0
557097.555,0,0,0,1.000,1.000,1.000,-90.00,180.00,0.00,OPEN,0
557097.565,0,0,0,1.000,1.000,1.000,-90.00,180.00,0.00,OPEN,0
557097.576,0,0,0,1.000,1.000,1.000,-90.00,180.00,0.00,OPEN,0
557097.586,0,0,0,1.000,1.000,1.000,-90.00,180.00,0.00,OPEN,0
557097.597,0,0,0,1.000,1.000,1.000,-90.00,180.00,0.00,OPEN,0
557097.607,0,0,0,1.000,1.000,1.000,-90.00,180.00,0.00,OPEN,0
557097.618,0,0,0,1.000,1.000,1.000,-90.00,180.00,0.00,OPEN,0
557097.629,0,0,0,1.000,1.000,1.000,-90.00,180.00,0.00,OPEN,0
557097.640,0,0,0,1.000,1.000,1.000,-90.00,180.00,0.00,OPEN,0
557097.650,0,0,0,1.000,1.000,1.000,-90.00,180.00,0.00,OPEN,0
557097.660,0,0,0,1.000,1.000,1.000,-90.00,180.00,0.00,OPEN,0
557097.671,0,0,0,1.000,1.000,1.000,-90.00,180.00,0.00,OPEN,0
557097.681,0,0,0,1.000,1.000,1.000,-90.00,180.00,0.00,OPEN,0
557097.692,0,0,0,1.000,1.000,1.000,-90.00,180.00,0.00,OPEN,0
557097.703,0,0,0,1.000,1.000,1.000,-90.00,180.00,0.00,OPEN,0
557097.713,0,0,0,1.000,1.000,1.000,-90.00,180.00,0.00,OPEN,0
557097.724,0,0,0,1.000,1.000,1.000,-90.00,180.00,0.00,OPEN,0
557097.734,0,0,0,1.000,1.000,1.000,-90.00,180.00,0.00,OPEN,0
557097.745,0,0,0,1.000,1.000,1.000,-90.00,180.00,0.00,OPEN,0
557097.755,0,0,0,1.000,1.000,1.000,-90.00,180.00,0.00,OPEN,0
557097.766,0,0,0,1.000,1.000,1.000,-90.00,180.00,0.00,OPEN,0
557097.776,0,0,0,1.000,1.000,1.000,-90.00,180.00,0.00,OPEN,0
557097.787,0,0,0,1.000,1.000,1.000,-90.00,180.00,0.00,OPEN,0
557097.797,0,0,0,1.000,1.000,1.000,-90.00,180.00,0.00,OPEN,0
557097.808,0,0,0,1.000,1.000,1.000,-90.00,180.00,0.00,OPEN,0
557097.818,0,0,0,1.000,1.000,1.000,-90.00,180.00,0.00,OPEN,0
557097.828,0,0,0,1.000,1.000,1.000,-90.00,180.00,0.00,OPEN,0
557097.839,0,0,0,1.000,1.000,1.000,-90.00,180.00,0.00,OPEN,0
557097.850,0,0,0,1.000,1.000,1.000,-90.00,180.00,0.00,OPEN,0
557097.860,0,0,0,1.000,1.000,1.000,-90.00,180.00,0.00,OPEN,0
557097.871,0,0,0,1.000,1.000,1.000,-90.00,180.00,0.00,OPEN,0
557097.881,0,0,0,1.000,1.000,1.000,-90.00,180.00,0.00,OPEN,0
557097.892,0,0,0,1.000,1.000,1.000,-90.00,180.00,0.00,OPEN,0
557097.903,0,0,0,1.000,1.000,1.000,-90.00,180.00,0.00,OPEN,0
557097.914,0,0,0,1.000,1.000,1.000,-90.00,180.00,0.00,OPEN,0
557097.924,0,0,0,1.000,1.000,1.000,-90.00,180.00,0.00,OPEN,0
557097.934,0,0,0,1.000,1.000,1.000,-90.00,180.00,0.00,OPEN,0
557097.945,0,0,0,1.000,1.000,1.000,-90.00,180.00,0.00,OPEN,0
557097.956,0,0,0,1.000,1.000,1.000,-90.00,180.00,0.00,OPEN,0
557097.966,0,0,0,1.000,1.000,1.000,-90.00,180.00,0.00,OPEN,0
557097.977,0,0,0,1.000,1.000,1.000,-90.00,180.00,0.00,OPEN,0
557097.987,0,0,0,1.000,1.000,1.000,-90.00,180.00,0.00,OPEN,0
557097.998,0,0,0,1.000,1.000,1.000,-90.00,180.00,0.00,OPEN,0
557098.008,0,0,0,1.000,1.000,1.000,-90.00,180.00,0.00,OPEN,0
557098.019,0,0,0,1.000,1.000,1.000,-90.00,180.00,0.00,OPEN,0
557098.029,0,0,0,1.000,1.000,1.000,-90.00,180.00,0.00,OPEN,0
557098.040,0,0,0,1.000,1.000,1.000,-90.00,180.00,0.00,OPEN,0
557098.051,0,0,0,1.000,1.000,1.000,-90.00,180.00,0.00,OPEN,0
557098.061,0,0,0,1.000,1.000,1.000,-90.00,180.00,0.00,OPEN,0
557098.072,0,0,0,1.000,1.000,1.000,-90.00,180.00,0.00,OPEN,0
557098.082,0,0,0,1.000,1.000,1.000,-90.00,180.00,0.00,OPEN,0
557098.093,0,0,0,1.000,1.000,1.000,-90.00,180.00,0.00,OPEN,0
557098.103,0,0,0,1.000,1.000,1.000,-90.00,180.00,0.00,OPEN,0
557098.114,0,0,0,1.000,1.000,1.000,-90.00,180.00,0.00,OPEN,0
557098.125,0,0,0,1.000,1.000,1.000,-90.00,180.00,0.00,OPEN,0
557098.135,0,0,0,1.000,1.000,1.000,-90.00,180.00,0.00,OPEN,0
557098.146,0,0,0,1.000,1.000,1.000,-90.00,180.00,0.00,OPEN,0
557098.157,0,0,0,1.000,1.000,1.000,-90.00,180.00,0.00,OPEN,0
557098.167,0,0,0,1.000,1.000,1.000,-90.00,180.00,0.00,OPEN,0
557098.177,0,0,0,1.000,1.000,1.000,-90.00,180.00,0.00,OPEN,0
557098.188,0,0,0,1.000,1.000,1.000,-90.00,180.00,0.00,OPEN,0
557098.199,0,0,0,1.000,1.000,1.000,-90.00,180.00,0.00,OPEN,0
557098.209,0,0,0,1.000,1.000,1.000,-90.00,180.00,0.00,OPEN,0
557098.220,0,0,0,1.000,1.000,1.000,-90.00,180.00,0.00,OPEN,0
557098.230,0,0,0,1.000,1.000,1.000,-90.00,180.00,0.00,OPEN,0
557098.241,0,0,0,1.000,1.000,1.000,-90.00,180.00,0.00,OPEN,0
557098.251,0,0,0,1.000,1.000,1.000,-90.00,180.00,0.00,OPEN,0
557098.262,0,0,0,1.000,1.000,1.000,-90.00,180.00,0.00,OPEN,0
557098.272,0,0,0,1.000,1.000,1.000,-90.00,180.00,0.00,OPEN,0
557098.283,0,0,0,1.000,1.000,1.000,-90.00,180.00,0.00,OPEN,0
557098.293,0,0,0,1.000,1.000,1.000,-90.00,180.00,0.00,OPEN,0
557098.304,0,0,0,1.000,1.000,1.000,-90.00,180.00,0.00,OPEN,0
557098.314,0,0,0,1.000,1.000,1.000,-90.00,180.00,0.00,OPEN,0
557098.325,0,0,0,1.000,1.000,1.000,-90.00,180.00,0.00,OPEN,0
557098.336,0,0,0,1.000,1.000,1.000,-90.00,180.00,0.00,OPEN,0
557098.346,0,0,0,1.000,1.000,1.000,-90.00,180.00,0.00,OPEN,0
557098.357,0,0,0,1.000,1.000,1.000,-90.00,180.00,0.00,OPEN,0
557098.367,0,0,0,1.000,1.000,1.000,-90.00,180.00,0.00,OPEN,0
557098.378,0,0,0,1.000,1.000,1.000,-90.00,180.00,0.00,OPEN,0
557098.388,0,0,0,1.000,1.000,1.000,-90.00,180.00,0.00,OPEN,0
557098.398,0,0,0,1.000,1.000,1.000,-90.00,180.00,0.00,OPEN,0
557098.409,0,0,0,1.000,1.000,1.000,-90.00,180.00,0.00,OPEN,0
557098.419,0,0,0,1.000,1.000,1.000,-90.00,180.00,0.00,OPEN,0
557098.430,0,0,0,1.000,1.000,1.000,-90.00,180.00,0.00,OPEN,0
557098.440,0,0,0,1.000,1.000,1.000,-90.00,180.00,0.00,OPEN,0
557098.451,0,0,0,1.000,1.000,1.000,-90.00,180.00,0.00,OPEN,0
557098.461,0,0,0,1.000,1.000,1.000,-90.00,180.00,0.00,OPEN,0
557098.472,0,0,0,1.000,1.000,1.000,-90.00,180.00,0.00,OPEN,0
557098.482,0,0,0,1.000,1.000,1.000,-90.00,180.00,0.00,OPEN,0
557098.493,0,0,0,1.000,1.000,1.000,-90.00,180.00,0.00,OPEN,0
557098.504,0,0,0,1.000,1.000,1.000,-90.00,180.00,0.00,OPEN,0
557098.514,0,0,0,1.000,1.000,1.000,-90.00,180.00,0.00,OPEN,0
557098.525,0,0,0,1.000,1.000,1.000,-90.00,180.00,0.00,OPEN,0
557098.536,0,0,0,1.000,1.000,1.000,-90.00,180.00,0.00,OPEN,0
557098.546,0,0,0,1.000,1.000,1.000,-90.00,180.00,0.00,OPEN,0
557098.557,0,0,0,1.000,1.000,1.000,-90.00,180.00,0.00,OPEN,0
557098.567,0,0,0,1.000,1.000,1.000,-90.00,180.00,0.00,OPEN,0
557098.578,0,0,0,1.000,1.000,1.000,-90.00,180.00,0.00,OPEN,0
557098.588,0,0,0,1.000,1.000,1.000,-90.00,180.00,0.00,OPEN,0
557098.599,0,0,0,1.000,1.000,1.000,-90.00,180.00,0.00,OPEN,0
557098.609,0,0,0,1.000,1.000,1.000,-90.00,180.00,0.00,OPEN,0
557098.619,0,0,0,1.000,1.000,1.000,-90.00,180.00,0.00,OPEN,0
557098.630,0,0,0,1.000,1.000,1.000,-90.00,180.00,0.00,OPEN,0
557098.640,0,0,0,1.000,1.000,1.000,-90.00,180.00,0.00,OPEN,0
557098.651,0,0,0,1.000,1.000,1.000,-90.00,180.00,0.00,OPEN,0
557098.661,0,0,0,1.000,1.000,1.000,-90.00,180.00,0.00,OPEN,0
557098.672,0,0,0,1.000,1.000,1.000,-90.00,180.00,0.00,OPEN,0
557098.683,0,0,0,1.000,1.000,1.000,-90.00,180.00,0.00,OPEN,0
557098.693,0,0,0,1.000,1.000,1.000,-90.00,180.00,0.00,OPEN,0
557098.704,0,0,0,1.000,1.000,1.000,-90.00,180.00,0.00,OPEN,0
557098.714,0,0,0,1.000,1.000,1.000,-90.00,180.00,0.00,OPEN,0
557098.725,0,0,0,1.000,1.000,1.000,-90.00,180.00,0.00,OPEN,0
557098.735,0,0,0,1.000,1.000,1.000,-90.00,180.00,0.00,OPEN,0
557098.746,0,0,0,1.000,1.000,1.000,-90.00,180.00,0.00,OPEN,0
557098.756,0,0,0,1.000,1.000,1.000,-90.00,180.00,0.00,OPEN,0
557098.767,0,0,0,1.000,1.000,1.000,-90.00,180.00,0.00,OPEN,0
557098.778,0,0,0,1.000,1.000,1.000,-90.00,180.00,0.00,OPEN,0
557098.788,0,0,0,1.000,1.000,1.000,-90.00,180.00,0.00,OPEN,0
557098.799,0,0,0,1.000,1.000,1.000,-90.00,180.00,0.00,OPEN,0
557098.810,0,0,0,1.000,1.000,1.000,-90.00,180.00,0.00,OPEN,0
557098.821,0,0,0,1.000,1.000,1.000,-90.00,180.00,0.00,OPEN,0
557098.831,0,0,0,1.000,1.000,1.000,-90.00,180.00,0.00,OPEN,0
557098.842,0,0,0,1.000,1.000,1.000,-90.00,180.00,0.00,OPEN,0
557098.852,0,0,0,1.000,1.000,1.000,-90.00,180.00,0.00,OPEN,0
557098.863,0,0,0,1.000,1.000,1.000,-90.00,180.00,0.00,OPEN,0
557098.873,0,0,0,1.000,1.000,1.000,-90.00,180.00,0.00,OPEN,0
557098.883,0,0,0,1.000,1.000,1.000,-90.00,180.00,0.00,OPEN,0
557098.894,0,0,0,1.000,1.000,1.000,-90.00,180.00,0.00,OPEN,0
557098.905,0,0,0,1.000,1.000,1.000,-90.00,180.00,0.00,OPEN,0
557098.915,0,0,0,1.000,1.000,1.000,-90.00,180.00,0.00,OPEN,0
557098.926,0,0,0,1.000,1.000,1.000,-90.00,180.00,0.00,OPEN,0
557098.936,0,0,0,1.000,1.000,1.000,-90.00,180.00,0.00,OPEN,0
557098.947,0,0,0,1.000,1.000,1.000,-90.00,180.00,0.00,OPEN,0
557098.957,0,0,0,1.000,1.000,1.000,-90.00,180.00,0.00,OPEN,0
557098.968,0,0,0,1.000,1.000,1.000,-90.00,180.00,0.00,OPEN,0
557098.978,0,0,0,1.000,1.000,1.000,-90.00,180.00,0.00,OPEN,0
557098.989,0,0,0,1.000,1.000,1.000,-90.00,180.00,0.00,OPEN,0
557099.000,0,0,0,1.000,1.000,1.000,-90.00,180.00,0.00,OPEN,0
557099.010,0,0,0,1.000,1.000,1.000,-90.00,180.00,0.00,OPEN,0
557099.021,0,0,0,1.000,1.000,1.000,-90.00,180.00,0.00,OPEN,0
557099.032,0,0,0,1.000,1.000,1.000,-90.00,180.00,0.00,OPEN,0
557099.042,0,0,0,1.000,1.000,1.000,-90.00,180.00,0.00,OPEN,0
557099.053,0,0,0,1.000,1.000,1.000,-90.00,180.00,0.00,OPEN,0
557099.064,0,0,0,1.000,1.000,1.000,-90.00,180.00,0.00,OPEN,0
557099.074,0,0,0,1.000,1.000,1.000,-90.00,180.00,0.00,OPEN,0
557099.085,0,0,0,1.000,1.000,1.000,-90.00,180.00,0.00,OPEN,0
557099.095,0,0,0,1.000,1.000,1.000,-90.00,180.00,0.00,OPEN,0
557099.105,0,0,0,1.000,1.000,1.000,-90.00,180.00,0.00,OPEN,0
557099.116,0,0,0,1.000,1.000,1.000,-90.00,180.00,0.00,OPEN,0
557099.126,0,0,0,1.000,1.000,1.000,-90.00,180.00,0.00,OPEN,0
557099.137,0,0,0,1.000,1.000,1.000,-90.00,180.00,0.00,OPEN,0
557099.148,0,0,0,1.000,1.000,1.000,-90.00,180.00,0.00,OPEN,0
557099.158,0,0,0,1.000,1.000,1.000,-90.00,180.00,0.00,OPEN,0
557099.169,0,0,0,1.000,1.000,1.000,-90.00,180.00,0.00,OPEN,0
557099.180,0,0,0,1.000,1.000,1.000,-90.00,180.00,0.00,OPEN,0
557099.190,0,0,0,1.000,1.000,1.000,-90.00,180.00,0.00,OPEN,0
557099.201,0,0,0,1.000,1.000,1.000,-90.00,180.00,0.00,OPEN,0
557099.211,0,0,0,1.000,1.000,1.000,-90.00,180.00,0.00,OPEN,0
557099.222,0,0,0,1.000,1.000,1.000,-90.00,180.00,0.00,OPEN,0
557099.233,0,0,0,1.000,1.000,1.000,-90.00,180.00,0.00,OPEN,0
557099.243,0,0,0,1.000,1.000,1.000,-90.00,180.00,0.00,OPEN,0
557099.254,0,0,0,1.000,1.000,1.000,-90.00,180.00,0.00,OPEN,0
557099.264,0,0,0,1.000,1.000,1.000,-90.00,180.00,0.00,OPEN,0
557099.275,0,0,0,1.000,1.000,1.000,-90.00,180.00,0.00,OPEN,0
557099.285,0,0,0,1.000,1.000,1.000,-90.00,180.00,0.00,OPEN,0
557099.296,0,0,0,1.000,1.000,1.000,-90.00,180.00,0.00,OPEN,0
557099.306,0,0,0,1.000,1.000,1.000,-90.00,180.00,0.00,OPEN,0
557099.316,0,0,0,1.000,1.000,1.000,-90.00,180.00,0.00,OPEN,0
557099.327,0,0,0,1.000,1.000,1.000,-90.00,180.00,0.00,OPEN,0
557099.337,0,0,0,1.000,1.000,1.000,-90.00,180.00,0.00,OPEN,0
557099.348,0,0,0,1.000,1.000,1.000,-90.00,180.00,0.00,OPEN,0
557099.359,0,0,0,1.000,1.000,1.000,-90.00,180.00,0.00,OPEN,0
557099.369,0,0,0,1.000,1.000,1.000,-90.00,180.00,0.00,OPEN,0
557099.380,0,0,0,1.000,1.000,1.000,-90.00,180.00,0.00,OPEN,0
557099.390,0,0,0,1.000,1.000,1.000,-90.00,180.00,0.00,OPEN,0
557099.401,0,0,0,1.000,1.000,1.000,-90.00,180.00,0.00,OPEN,0
557099.411,0,0,0,1.000,1.000,1.000,-90.00,180.00,0.00,OPEN,0
557099.422,0,0,0,1.000,1.000,1.000,-90.00,180.00,0.00,OPEN,0
557099.432,0,0,0,1.000,1.000,1.000,-90.00,180.00,0.00,OPEN,0
557099.443,0,0,0,1.000,1.000,1.000,-90.00,180.00,0.00,OPEN,0
557099.453,0,0,0,1.000,1.000,1.000,-90.00,180.00,0.00,OPEN,0
557099.464,0,0,0,1.000,1.000,1.000,-90.00,180.00,0.00,OPEN,0
557099.474,0,0,0,1.000,1.000,1.000,-90.00,180.00,0.00,OPEN,0
557099.485,0,0,0,1.000,1.000,1.000,-90.00,180.00,0.00,OPEN,0
557099.496,0,0,0,0.999,1.000,1.000,-90.00,180.00,0.00,OPEN,0
557099.506,0,0,0,0.999,1.000,1.000,-90.00,180.00,0.00,OPEN,0
557099.517,0,0,0,0.999,1.000,1.000,-90.00,180.00,0.00,OPEN,0
557099.528,0,0,0,0.999,1.000,1.000,-90.00,180.00,0.00,OPEN,0
557099.538,0,0,0,0.999,1.000,1.000,-90.00,180.00,0.00,OPEN,0
557099.548,0,0,0,0.997,1.000,1.000,-90.00,180.00,0.00,OPEN,0
557099.559,0,0,0,0.997,1.000,1.000,-90.00,180.00,0.00,OPEN,0
557099.570,0,0,0,0.997,1.000,1.000,-90.00,180.00,0.00,OPEN,0
557099.580,0,0,0,0.997,1.000,1.000,-90.00,180.00,0.00,OPEN,0
557099.590,0,0,0,0.997,1.000,1.000,-90.00,180.00,0.00,OPEN,0
557099.601,0,0,0,0.996,1.000,1.000,-90.00,180.00,0.00,OPEN,0
557099.611,0,0,0,0.996,1.000,1.000,-90.00,180.00,0.00,OPEN,0
557099.622,0,0,0,0.996,1.000,1.000,-90.00,180.00,0.00,OPEN,0
557099.632,0,0,0,0.996,1.000,1.000,-90.00,180.00,0.00,OPEN,0
557099.643,0,0,0,0.987,1.000,1.000,-90.00,180.00,0.00,OPEN,0
557099.654,0,0,0,0.987,1.000,1.000,-90.00,180.00,0.00,OPEN,0
557099.664,0,0,0,0.987,1.000,1.000,-90.00,180.00,0.00,OPEN,0
557099.675,0,0,0,0.987,1.000,1.000,-90.00,180.00,0.00,OPEN,0
557099.685,0,0,0,0.987,1.000,1.000,-90.00,180.00,0.00,OPEN,0
557099.696,0,0,0,0.987,1.000,1.000,-90.00,180.00,0.00,OPEN,0
557099.706,0,0,0,0.987,1.000,1.000,-90.00,180.00,0.00,OPEN,0
557099.717,0,0,0,0.987,1.000,1.000,-90.00,180.00,0.00,OPEN,0
557099.728,0,0,0,0.987,1.000,1.000,-90.00,180.00,0.00,OPEN,0
557099.738,0,0,0,0.987,1.000,1.000,-90.00,180.00,0.00,OPEN,0
557099.749,0,0,0,0.999,1.000,1.000,-90.00,180.00,0.00,OPEN,0
557099.760,0,0,0,0.999,1.000,1.000,-90.00,180.00,0.00,OPEN,0
557099.770,0,0,0,0.999,1.000,1.000,-90.00,180.00,0.00,OPEN,0
557099.781,0,0,0,0.999,1.000,1.000,-90.00,180.00,0.00,OPEN,0
557099.791,0,0,0,0.999,1.000,1.000,-90.00,180.00,0.00,OPEN,0
557099.801,0,0,0,1.000,1.000,1.000,-90.00,180.00,0.00,OPEN,0
557099.812,0,0,0,1.000,1.000,1.000,-90.00,180.00,0.00,OPEN,0
557099.822,0,0,0,1.000,1.000,1.000,-90.00,180.00,0.00,OPEN,0
557099.833,0,0,0,1.000,1.000,1.000,-90.00,180.00,0.00,OPEN,0
557099.843,0,0,0,1.000,1.000,1.000,-90.00,180.00,0.00,OPEN,0
557099.854,0,0,0,1.000,1.000,1.000,-90.00,180.00,0.00,OPEN,0
557099.865,0,0,0,1.000,1.000,1.000,-90.00,180.00,0.00,OPEN,0
557099.875,0,0,0,1.000,1.000,1.000,-90.00,180.00,0.00,OPEN,0
557099.886,0,0,0,1.000,1.000,1.000,-90.00,180.00,0.00,OPEN,0
557099.897,0,0,0,1.000,1.000,1.000,-90.00,180.00,0.00,OPEN,0
557099.907,0,0,0,1.000,1.000,1.000,-90.00,180.00,0.00,OPEN,0
557099.918,0,0,0,1.000,1.000,1.000,-90.00,180.00,0.00,OPEN,0
557099.928,0,0,0,1.000,1.000,1.000,-90.00,180.00,0.00,OPEN,0
557099.939,0,0,0,1.000,1.000,1.000,-90.00,180.00,0.00,OPEN,0
557099.949,0,0,0,1.000,1.000,1.000,-90.00,180.00,0.00,OPEN,0
557099.960,0,0,0,1.000,1.000,1.000,-90.00,180.00,0.00,OPEN,0
557099.970,0,0,0,1.000,1.000,1.000,-90.00,180.00,0.00,OPEN,0
557099.981,0,0,0,1.000,1.000,1.000,-90.00,180.00,0.00,OPEN,0
557099.992,0,0,0,1.000,1.000,1.000,-90.00,180.00,0.00,OPEN,0
557100.002,0,0,0,1.000,1.000,1.000,-90.00,180.00,0.00,OPEN,0
557100.013,0,0,0,1.000,1.000,1.000,-90.00,180.00,0.00,OPEN,0
557100.023,0,0,0,1.000,1.000,1.000,-90.00,180.00,0.00,OPEN,0
557100.034,0,0,0,1.000,1.000,1.000,-90.00,180.00,0.00,OPEN,0
557100.044,0,0,0,1.000,1.000,1.000,-90.00,180.00,0.00,OPEN,0
557100.055,0,0,0,1.000,1.000,1.000,-90.00,180.00,0.00,OPEN,0
557100.065,0,0,0,1.000,1.000,1.000,-90.00,180.00,0.00,OPEN,0
557100.076,0,0,0,1.000,1.000,1.000,-90.00,180.00,0.00,OPEN,0
557100.087,0,0,0,1.000,1.000,1.000,-90.00,180.00,0.00,OPEN,0
557100.098,0,0,0,1.000,1.000,1.000,-90.00,180.00,0.00,OPEN,0
557100.108,0,0,0,1.000,1.000,1.000,-90.00,180.00,0.00,OPEN,0
557100.119,0,0,0,1.000,1.000,1.000,-90.00,180.00,0.00,OPEN,0
557100.130,0,0,0,1.000,1.000,1.000,-90.00,180.00,0.00,OPEN,0
557100.140,0,0,0,1.000,1.000,1.000,-90.00,180.00,0.00,OPEN,0
557100.151,0,0,0,1.000,1.000,1.000,-90.00,180.00,0.00,OPEN,0
557100.161,0,0,0,1.000,1.000,1.000,-90.00,180.00,0.00,OPEN,0
557100.172,0,0,0,1.000,1.000,1.000,-90.00,180.00,0.00,OPEN,0
557100.182,0,0,0,1.000,1.000,1.000,-90.00,180.00,0.00,OPEN,0
557100.193,0,0,0,1.000,1.000,1.000,-90.00,180.00,0.00,OPEN,0
557100.203,0,0,0,1.000,1.000,1.000,-90.00,180.00,0.00,OPEN,0
557100.214,0,0,0,1.000,1.000,1.000,-90.00,180.00,0.00,OPEN,0
557100.225,0,0,0,1.000,1.000,1.000,-90.00,180.00,0.00,OPEN,0
557100.236,0,0,0,1.000,1.000,1.000,-90.00,180.00,0.00,OPEN,0
557100.246,0,0,0,1.000,1.000,1.000,-90.00,180.00,0.00,OPEN,0
557100.257,0,0,0,1.000,1.000,1.000,-90.00,180.00,0.00,OPEN,0
557100.267,0,0,0,1.000,1.000,1.000,-90.00,180.00,0.00,OPEN,0
557100.278,0,0,0,1.000,1.000,1.000,-90.00,180.00,0.00,OPEN,0
557100.288,0,0,0,1.000,1.000,1.000,-90.00,180.00,0.00,OPEN,0
557100.299,0,0,0,1.000,1.000,1.000,-90.00,180.00,0.00,OPEN,0
557100.310,0,0,0,1.000,1.000,1.000,-90.00,180.00,0.00,OPEN,0
557100.320,0,0,0,1.000,1.000,1.000,-90.00,180.00,0.00,OPEN,0
557100.330,0,0,0,1.000,1.000,1.000,-90.00,180.00,0.00,OPEN,0
557100.341,0,0,0,1.000,1.000,1.000,-90.00,180.00,0.00,OPEN,0
557100.352,0,0,0,1.000,1.000,1.000,-90.00,180.00,0.00,OPEN,0
557100.362,0,0,0,1.000,1.000,1.000,-90.00,180.00,0.00,OPEN,0
557100.373,0,0,0,1.000,1.000,1.000,-90.00,180.00,0.00,OPEN,0
557100.383,0,0,0,1.000,1.000,1.000,-90.00,180.00,0.00,OPEN,0
557100.394,0,0,0,1.000,1.000,1.000,-90.00,180.00,0.00,OPEN,0
557100.404,0,0,0,1.000,1.000,1.000,-90.00,180.00,0.00,OPEN,0
557100.415,0,0,0,1.000,1.000,1.000,-90.00,180.00,0.00,OPEN,0
557100.425,0,0,0,1.000,1.000,1.000,-90.00,180.00,0.00,OPEN,0
557100.436,0,0,0,1.000,1.000,1.000,-90.00,180.00,0.00,OPEN,0
557100.447,0,0,0,1.000,1.000,1.000,-90.00,180.00,0.00,OPEN,0
557100.457,0,0,0,1.000,1.000,1.000,-90.00,180.00,0.00,OPEN,0
557100.467,0,0,0,1.000,1.000,1.000,-90.00,180.00,0.00,OPEN,0
557100.478,0,0,0,1.000,1.000,1.000,-90.00,180.00,0.00,OPEN,0
557100.488,0,0,0,1.000,1.000,1.000,-90.00,180.00,0.00,OPEN,0
557100.499,0,0,0,1.000,1.000,1.000,-90.00,180.00,0.00,OPEN,0
557100.509,0,0,0,1.000,1.000,1.000,-90.00,180.00,0.00,OPEN,0
557100.520,0,0,0,1.000,1.000,1.000,-90.00,180.00,0.00,OPEN,0
557100.530,0,0,0,1.000,1.000,1.000,-90.00,180.00,0.00,OPEN,0
557100.541,0,0,0,1.000,1.000,1.000,-90.00,180.00,0.00,OPEN,0
557100.551,0,0,0,1.000,1.000,1.000,-90.00,180.00,0.00,OPEN,0
557100.562,0,0,0,1.000,1.000,1.000,-90.00,180.00,0.00,OPEN,0
557100.572,0,0,0,1.000,1.000,1.000,-90.00,180.00,0.00,OPEN,0
557100.583,0,0,0,1.000,1.000,1.000,-90.00,180.00,0.00,OPEN,0
557100.593,0,0,0,1.000,1.000,1.000,-90.00,180.00,0.00,OPEN,0
557100.604,0,0,0,1.000,1.000,1.000,-90.00,180.00,0.00,OPEN,0
557100.614,0,0,0,1.000,1.000,1.000,-90.00,180.00,0.00,OPEN,0
557100.625,0,0,0,1.000,1.000,1.000,-90.00,180.00,0.00,OPEN,0
557100.635,0,0,0,1.000,1.000,1.000,-90.00,180.00,0.00,OPEN,0
557100.646,0,0,0,1.000,1.000,1.000,-90.00,180.00,0.00,OPEN,0
557100.656,0,0,0,1.000,1.000,1.000,-90.00,180.00,0.00,OPEN,0
557100.667,0,0,0,1.000,1.000,1.000,-90.00,180.00,0.00,OPEN,0
557100.683,0,0,0,1.000,1.000,1.000,-90.00,180.00,0.00,OPEN,0
557100.693,0,0,0,1.000,1.000,1.000,-90.00,180.00,0.00,OPEN,0
557100.704,0,0,0,1.000,1.000,1.000,-90.00,180.00,0.00,OPEN,0
557100.715,0,0,0,1.000,1.000,1.000,-90.00,180.00,0.00,OPEN,0
557100.725,0,0,0,1.000,1.000,1.000,-90.00,180.00,0.00,OPEN,0
557100.736,0,0,0,1.000,1.000,1.000,-90.00,180.00,0.00,OPEN,0
557100.747,0,0,0,1.000,1.000,1.000,-90.00,180.00,0.00,OPEN,0
557100.757,0,0,0,1.000,1.000,1.000,-90.00,180.00,0.00,OPEN,0
557100.767,0,0,0,1.000,1.000,1.000,-90.00,180.00,0.00,OPEN,0
557100.778,0,0,0,1.000,1.000,1.000,-90.00,180.00,0.00,OPEN,0
557100.789,0,0,0,1.000,1.000,1.000,-90.00,180.00,0.00,OPEN,0
557100.799,0,0,0,1.000,1.000,1.000,-90.00,180.00,0.00,OPEN,0
557100.810,0,0,0,1.000,1.000,1.000,-90.00,180.00,0.00,OPEN,0
557100.821,0,0,0,1.000,1.000,1.000,-90.00,180.00,0.00,OPEN,0
557100.831,0,0,0,1.000,1.000,1.000,-90.00,180.00,0.00,OPEN,0
557100.842,0,0,0,1.000,1.000,1.000,-90.00,180.00,0.00,OPEN,0
557100.852,0,0,0,1.000,1.000,1.000,-90.00,180.00,0.00,OPEN,0
557100.863,0,0,0,1.000,1.000,1.000,-90.00,180.00,0.00,OPEN,0
557100.873,0,0,0,1.000,1.000,1.000,-90.00,180.00,0.00,OPEN,0
557100.883,0,0,0,1.000,1.000,1.000,-90.00,180.00,0.00,OPEN,0
557100.894,0,0,0,1.000,1.000,1.000,-90.00,180.00,0.00,OPEN,0
557100.904,0,0,0,1.000,1.000,1.000,-90.00,180.00,0.00,OPEN,0
557100.915,0,0,0,1.000,1.000,1.000,-90.00,180.00,0.00,OPEN,0
557100.926,0,0,0,1.000,1.000,1.000,-90.00,180.00,0.00,OPEN,0
557100.936,0,0,0,1.000,1.000,1.000,-90.00,180.00,0.00,OPEN,0
557100.946,0,0,0,1.000,1.000,1.000,-90.00,180.00,0.00,OPEN,0
557100.957,0,0,0,1.000,1.000,1.000,-90.00,180.00,0.00,OPEN,0
557100.968,0,0,0,1.000,1.000,1.000,-90.00,180.00,0.00,OPEN,0
557100.978,0,0,0,1.000,1.000,1.000,-90.00,180.00,0.00,OPEN,0
557100.989,0,0,0,1.000,1.000,1.000,-90.00,180.00,0.00,OPEN,0
557100.999,0,0,0,1.000,1.000,1.000,-90.00,180.00,0.00,OPEN,0
557101.010,0,0,0,1.000,1.000,1.000,-90.00,180.00,0.00,OPEN,0
557101.020,0,0,0,1.000,1.000,1.000,-90.00,180.00,0.00,OPEN,0
557101.031,0,0,0,1.000,1.000,1.000,-90.00,180.00,0.00,OPEN,0
557101.042,0,0,0,1.000,1.000,1.000,-90.00,180.00,0.00,OPEN,0
557101.052,0,0,0,0.999,1.000,1.000,-90.00,180.00,0.00,OPEN,0
557101.063,0,0,0,0.999,1.000,1.000,-90.00,180.00,0.00,OPEN,0
557101.073,0,0,0,0.999,1.000,1.000,-90.00,180.00,0.00,OPEN,0
557101.084,0,0,0,0.999,1.000,1.000,-90.00,180.00,0.00,OPEN,0
557101.094,0,0,0,0.565,1.000,1.000,-90.00,180.00,0.00,OPEN,0
557101.105,0,0,0,0.565,1.000,1.000,-90.00,180.00,0.00,OPEN,0
557101.116,0,0,0,0.565,1.000,1.000,-90.00,180.00,0.00,OPEN,0
557101.126,0,0,0,0.565,1.000,1.000,-90.00,180.00,0.00,OPEN,0
557101.137,0,0,0,0.565,1.000,1.000,-90.00,180.00,0.00,OPEN,0
557101.147,0,0,0,0.946,1.000,1.000,-90.00,180.00,0.00,OPEN,0
557101.158,0,0,0,0.946,1.000,1.000,-90.00,180.00,0.00,OPEN,0
557101.168,0,0,0,0.946,1.000,1.000,-90.00,180.00,0.00,OPEN,0
557101.179,0,0,0,0.946,1.000,1.000,-90.00,180.00,0.00,OPEN,0
557101.189,0,0,0,0.946,1.000,1.000,-90.00,180.00,0.00,OPEN,0
557101.200,0,0,0,0.976,1.000,1.000,-90.00,180.00,0.00,OPEN,0
557101.210,0,0,0,0.976,1.000,1.000,-90.00,180.00,0.00,OPEN,0
557101.221,0,0,0,0.976,1.000,1.000,-90.00,180.00,0.00,OPEN,0
557101.231,0,0,0,0.976,1.000,1.000,-90.00,180.00,0.00,OPEN,0
557101.242,0,0,0,0.976,1.000,1.000,-90.00,180.00,0.00,OPEN,0
557101.252,0,0,0,0.997,1.000,1.000,-90.00,180.00,0.00,OPEN,0
557101.263,0,0,0,0.997,1.000,1.000,-90.00,180.00,0.00,OPEN,0
557101.273,0,0,0,0.997,1.000,1.000,-90.00,180.00,0.00,OPEN,0
557101.284,0,0,0,0.997,1.000,1.000,-90.00,180.00,0.00,OPEN,0
557101.294,0,0,0,0.983,1.000,1.000,-90.00,180.00,0.00,OPEN,0
557101.305,0,0,0,0.983,1.000,1.000,-90.00,180.00,0.00,OPEN,0
557101.316,0,0,0,0.983,1.000,1.000,-90.00,180.00,0.00,OPEN,0
557101.326,0,0,0,0.983,1.000,1.000,-90.00,180.00,0.00,OPEN,0
557101.337,0,0,0,0.983,1.000,1.000,-90.00,180.00,0.00,OPEN,0
557101.347,0,0,0,0.637,1.000,1.000,-90.00,180.00,0.00,OPEN,0
557101.358,0,0,0,0.637,1.000,1.000,-90.00,180.00,0.00,OPEN,0
557101.368,0,0,0,0.637,1.000,1.000,-90.00,180.00,0.00,OPEN,0
557101.379,0,0,0,0.637,1.000,1.000,-90.00,180.00,0.00,OPEN,0
557101.390,0,0,0,0.637,1.000,1.000,-90.00,180.00,0.00,OPEN,0
557101.400,0,0,0,0.923,1.000,1.000,-90.00,180.00,0.00,OPEN,0
557101.411,0,0,0,0.923,1.000,1.000,-90.00,180.00,0.00,OPEN,0
557101.422,0,0,0,0.923,1.000,1.000,-90.00,180.00,0.00,OPEN,0
557101.432,0,0,0,0.923,1.000,1.000,-90.00,180.00,0.00,OPEN,0
557101.443,0,0,0,0.994,1.000,1.000,-90.00,180.00,0.00,OPEN,0
557101.454,0,0,0,0.994,1.000,1.000,-90.00,180.00,0.00,OPEN,0
557101.464,0,0,0,0.994,1.000,1.000,-90.00,180.00,0.00,OPEN,0
557101.474,0,0,0,0.994,1.000,1.000,-90.00,180.00,0.00,OPEN,0
557101.485,0,0,0,0.994,1.000,1.000,-90.00,180.00,0.00,OPEN,0
557101.496,0,0,0,0.994,1.000,1.000,-90.00,180.00,0.00,OPEN,0
557101.506,0,0,0,0.994,1.000,1.000,-90.00,180.00,0.00,OPEN,0
557101.517,0,0,0,0.994,1.000,1.000,-90.00,180.00,0.00,OPEN,0
557101.528,0,0,0,0.994,1.000,1.000,-90.00,180.00,0.00,OPEN,0
557101.538,0,0,0,0.994,1.000,1.000,-90.00,180.00,0.00,OPEN,0
557101.549,0,0,0,0.997,1.000,1.000,-90.00,180.00,0.00,OPEN,0
557101.559,0,0,0,0.997,1.000,1.000,-90.00,180.00,0.00,OPEN,0
557101.570,0,0,0,0.997,1.000,1.000,-90.00,180.00,0.00,OPEN,0
557101.580,0,0,0,0.997,1.000,1.000,-90.00,180.00,0.00,OPEN,0
557101.591,0,0,0,0.997,1.000,1.000,-90.00,180.00,0.00,OPEN,0
557101.601,0,0,0,0.996,1.000,1.000,-90.00,180.00,0.00,OPEN,0
557101.612,0,0,0,0.996,1.000,1.000,-90.00,180.00,0.00,OPEN,0
557101.622,0,0,0,0.996,1.000,1.000,-90.00,180.00,0.00,OPEN,0
557101.633,0,0,0,0.996,1.000,1.000,-90.00,180.00,0.00,OPEN,0
557101.643,0,0,0,0.994,1.000,1.000,-90.00,180.00,0.00,OPEN,0
557101.654,0,0,0,0.994,1.000,1.000,-90.00,180.00,0.00,OPEN,0
557101.665,0,0,0,0.994,1.000,1.000,-90.00,180.00,0.00,OPEN,0
557101.675,0,0,0,0.994,1.000,1.000,-90.00,180.00,0.00,OPEN,0
557101.686,0,0,0,0.994,1.000,1.000,-90.00,180.00,0.00,OPEN,0
557101.697,0,0,0,0.992,1.000,1.000,-90.00,180.00,0.00,OPEN,0
557101.708,0,0,0,0.992,1.000,1.000,-90.00,180.00,0.00,OPEN,0
557101.718,0,0,0,0.992,1.000,1.000,-90.00,180.00,0.00,OPEN,0
557101.729,0,0,0,0.992,1.000,1.000,-90.00,180.00,0.00,OPEN,0
557101.740,0,0,0,0.992,1.000,1.000,-90.00,180.00,0.00,OPEN,0
557101.751,3,0,0,0.987,1.000,1.000,-90.00,180.00,0.00,OPEN,0
557101.761,3,0,0,0.987,1.000,1.000,-90.00,180.00,0.00,OPEN,0
557101.772,3,0,0,0.987,1.000,1.000,-90.00,180.00,0.00,OPEN,0
557101.782,3,0,0,0.987,1.000,1.000,-90.00,180.00,0.00,OPEN,0
557101.793,3,0,0,0.976,1.000,1.000,-90.00,180.00,0.00,OPEN,0
557101.804,3,0,0,0.976,1.000,1.000,-90.00,180.00,0.00,OPEN,0
557101.814,3,0,0,0.976,1.000,1.000,-90.00,180.00,0.00,OPEN,0
557101.824,3,0,0,0.976,1.000,1.000,-90.00,180.00,0.00,OPEN,0
557101.835,3,0,0,0.976,1.000,1.000,-90.00,180.00,0.00,OPEN,0
557101.845,3,0,0,0.968,1.000,1.000,-90.00,180.00,0.00,OPEN,0
557101.855,3,0,0,0.968,1.000,1.000,-90.00,180.00,0.00,OPEN,0
557101.866,3,0,0,0.968,1.000,1.000,-90.00,180.00,0.00,OPEN,0
557101.876,3,0,0,0.968,1.000,1.000,-90.00,180.00,0.00,OPEN,0
557101.887,3,0,0,0.968,1.000,1.000,-90.00,180.00,0.00,OPEN,0
557101.897,3,0,0,0.971,1.000,1.000,-90.00,180.00,0.00,OPEN,0
557101.908,3,0,0,0.971,1.000,1.000,-90.00,180.00,0.00,OPEN,0
557101.918,3,0,0,0.971,1.000,1.000,-90.00,180.00,0.00,OPEN,0
557101.929,3,0,0,0.971,1.000,1.000,-90.00,180.00,0.00,OPEN,0
557101.939,3,0,0,0.971,1.000,1.000,-90.00,180.00,0.00,OPEN,0
557101.949,3,0,0,0.980,1.000,1.000,-90.00,180.00,0.00,OPEN,0
557101.960,3,0,0,0.980,1.000,1.000,-90.00,180.00,0.00,OPEN,0
557101.971,3,0,0,0.980,1.000,1.000,-90.00,180.00,0.00,OPEN,0
557101.981,3,0,0,0.980,1.000,1.000,-90.00,180.00,0.00,OPEN,0
557101.992,3,0,0,0.980,1.000,1.000,-90.00,180.00,0.00,OPEN,0
557102.002,3,0,0,0.992,1.000,1.000,-90.00,180.00,0.00,OPEN,0
557102.013,3,0,0,0.992,1.000,1.000,-90.00,180.00,0.00,OPEN,0
557102.023,3,0,0,0.992,1.000,1.000,-90.00,180.00,0.00,OPEN,0
557102.034,3,0,0,0.992,1.000,1.000,-90.00,180.00,0.00,OPEN,0
557102.044,3,0,0,0.996,1.000,1.000,-90.00,180.00,0.00,OPEN,0
557102.055,3,0,0,0.996,1.000,1.000,-90.00,180.00,0.00,OPEN,0
557102.065,3,0,0,0.996,1.000,1.000,-90.00,180.00,0.00,OPEN,0
557102.076,3,0,0,0.996,1.000,1.000,-90.00,180.00,0.00,OPEN,0
557102.086,3,0,0,0.996,1.000,1.000,-90.00,180.00,0.00,OPEN,0
557102.097,3,0,0,0.998,1.000,1.000,-90.00,180.00,0.00,OPEN,0
557102.107,3,0,0,0.998,1.000,1.000,-90.00,180.00,0.00,OPEN,0
557102.117,3,0,0,0.998,1.000,1.000,-90.00,180.00,0.00,OPEN,0
557102.128,3,0,0,0.998,1.000,1.000,-90.00,180.00,0.00,OPEN,0
557102.139,3,0,0,0.998,1.000,1.000,-90.00,180.00,0.00,OPEN,0
557102.149,3,0,0,0.999,1.000,1.000,-90.00,180.00,0.00,OPEN,0
557102.160,3,0,0,0.999,1.000,1.000,-90.00,180.00,0.00,OPEN,0
557102.170,3,0,0,0.999,1.000,1.000,-90.00,180.00,0.00,OPEN,0
557102.181,3,0,0,0.999,1.000,1.000,-90.00,180.00,0.00,OPEN,0
557102.191,3,0,0,0.999,1.000,1.000,-90.00,180.00,0.00,OPEN,0
557102.202,3,0,0,1.000,1.000,1.000,-90.00,180.00,0.00,OPEN,0
557102.213,3,0,0,1.000,1.000,1.000,-90.00,180.00,0.00,OPEN,0
557102.223,3,0,0,1.000,1.000,1.000,-90.00,180.00,0.00,OPEN,0
557102.234,3,0,0,1.000,1.000,1.000,-90.00,180.00,0.00,OPEN,0
557102.244,3,0,0,1.000,1.000,1.000,-90.00,180.00,0.00,OPEN,0
557102.255,3,0,0,1.000,1.000,1.000,-90.00,180.00,0.00,OPEN,0
557102.265,3,0,0,1.000,1.000,1.000,-90.00,180.00,0.00,OPEN,0
557102.276,3,0,0,1.000,1.000,1.000,-90.00,180.00,0.00,OPEN,0
557102.287,3,0,0,1.000,1.000,1.000,-90.00,180.00,0.00,OPEN,0
557102.297,3,0,0,1.000,1.000,1.000,-90.00,180.00,0.00,OPEN,0
557102.308,3,0,0,1.000,1.000,1.000,-90.00,180.00,0.00,OPEN,0
557102.319,3,0,0,1.000,1.000,1.000,-90.00,180.00,0.00,OPEN,0
557102.329,3,0,0,1.000,1.000,1.000,-90.00,180.00,0.00,OPEN,0
557102.340,3,0,0,1.000,1.000,1.000,-90.00,180.00,0.00,OPEN,0
557102.350,3,0,0,1.000,1.000,1.000,-90.00,180.00,0.00,OPEN,0
557102.361,3,0,0,1.000,1.000,1.000,-90.00,180.00,0.00,OPEN,0
557102.371,3,0,0,1.000,1.000,1.000,-90.00,180.00,0.00,OPEN,0
557102.382,3,0,0,1.000,1.000,1.000,-90.00,180.00,0.00,OPEN,0
557102.392,3,0,0,1.000,1.000,1.000,-90.00,180.00,0.00,OPEN,0
557102.403,3,0,0,1.000,1.000,1.000,-90.00,180.00,0.00,OPEN,0
557102.413,3,0,0,1.000,1.000,1.000,-90.00,180.00,0.00,OPEN,0
557102.424,3,0,0,1.000,1.000,1.000,-90.00,180.00,0.00,OPEN,0
557102.435,3,0,0,1.000,1.000,1.000,-90.00,180.00,0.00,OPEN,0
557102.445,3,0,0,1.000,1.000,1.000,-90.00,180.00,0.00,OPEN,0
557102.456,3,0,0,1.000,1.000,1.000,-90.00,180.00,0.00,OPEN,0
557102.467,3,0,0,1.000,1.000,1.000,-90.00,180.00,0.00,OPEN,0
557102.477,3,0,0,1.000,1.000,1.000,-90.00,180.00,0.00,OPEN,0
557102.488,3,0,0,1.000,1.000,1.000,-90.00,180.00,0.00,OPEN,0
557102.498,3,0,0,1.000,1.000,1.000,-90.00,180.00,0.00,OPEN,0
557102.508,3,0,0,1.000,1.000,1.000,-90.00,180.00,0.00,OPEN,0
557102.519,3,0,0,1.000,1.000,1.000,-90.00,180.00,0.00,OPEN,0
557102.529,3,0,0,1.000,1.000,1.000,-90.00,180.00,0.00,OPEN,0
557102.540,3,0,0,1.000,1.000,1.000,-90.00,180.00,0.00,OPEN,0
557102.551,3,0,0,1.000,1.000,1.000,-90.00,180.00,0.00,OPEN,0
557102.561,3,0,0,1.000,1.000,1.000,-90.00,180.00,0.00,OPEN,0
557102.572,3,0,0,1.000,1.000,1.000,-90.00,180.00,0.00,OPEN,0
557102.582,3,0,0,1.000,1.000,1.000,-90.00,180.00,0.00,OPEN,0
557102.593,3,0,0,1.000,1.000,1.000,-90.00,180.00,0.00,OPEN,0
557102.604,3,0,0,1.000,1.000,1.000,-90.00,180.00,0.00,OPEN,0
557102.614,3,0,0,1.000,1.000,1.000,-90.00,180.00,0.00,OPEN,0
557102.624,3,0,0,1.000,1.000,1.000,-90.00,180.00,0.00,OPEN,0
557102.635,3,0,0,1.000,1.000,1.000,-90.00,180.00,0.00,OPEN,0
557102.646,3,0,0,1.000,1.000,1.000,-90.00,180.00,0.00,OPEN,0
557102.656,3,0,0,1.000,1.000,1.000,-90.00,180.00,0.00,OPEN,0
557102.667,3,0,0,1.000,1.000,1.000,-90.00,180.00,0.00,OPEN,0
557102.678,3,0,0,1.000,1.000,1.000,-90.00,180.00,0.00,OPEN,0
557102.688,3,0,0,1.000,1.000,1.000,-90.00,180.00,0.00,OPEN,0
557102.699,3,0,0,1.000,1.000,1.000,-90.00,180.00,0.00,OPEN,0
557102.709,3,0,0,1.000,1.000,1.000,-90.00,180.00,0.00,OPEN,0
557102.720,3,0,0,1.000,1.000,1.000,-90.00,180.00,0.00,OPEN,0
557102.730,3,0,0,1.000,1.000,1.000,-90.00,180.00,0.00,OPEN,0
557102.741,3,0,0,1.000,1.000,1.000,-90.00,180.00,0.00,OPEN,0
557102.752,3,0,0,1.000,1.000,1.000,-90.00,180.00,0.00,OPEN,0
557102.762,3,0,0,1.000,1.000,1.000,-90.00,180.00,0.00,OPEN,0
557102.774,3,0,0,1.000,1.000,1.000,-90.00,180.00,0.00,OPEN,0
557102.797,3,0,0,1.000,1.000,1.000,-90.00,180.00,0.00,OPEN,0
557102.814,3,0,0,1.000,1.000,1.000,-90.00,180.00,0.00,OPEN,0
557102.826,3,0,0,1.000,1.000,1.000,-90.00,180.00,0.00,OPEN,0
557102.836,3,0,0,1.000,1.000,1.000,-90.00,180.00,0.00,OPEN,0
557102.847,3,0,0,1.000,1.000,1.000,-90.00,180.00,0.00,OPEN,0
557102.857,3,0,0,1.000,1.000,1.000,-90.00,180.00,0.00,OPEN,0
557102.868,3,0,0,1.000,1.000,1.000,-90.00,180.00,0.00,OPEN,0
557102.879,3,0,0,1.000,1.000,1.000,-90.00,180.00,0.00,OPEN,0
557102.890,3,0,0,1.000,1.000,1.000,-90.00,180.00,0.00,OPEN,0
557102.901,3,0,0,1.000,1.000,1.000,-90.00,180.00,0.00,OPEN,0
557102.911,3,0,0,1.000,1.000,1.000,-90.00,180.00,0.00,OPEN,0
557102.922,3,0,0,1.000,1.000,1.000,-90.00,180.00,0.00,OPEN,0
557102.932,3,0,0,1.000,1.000,1.000,-90.00,180.00,0.00,OPEN,0
557102.943,3,0,0,1.000,1.000,1.000,-90.00,180.00,0.00,OPEN,0
557102.954,3,0,0,1.000,1.000,1.000,-90.00,180.00,0.00,OPEN,0
557102.964,3,0,0,1.000,1.000,1.000,-90.00,180.00,0.00,OPEN,0
557102.975,3,0,0,1.000,1.000,1.000,-90.00,180.00,0.00,OPEN,0
557102.986,3,0,0,1.000,1.000,1.000,-90.00,180.00,0.00,OPEN,0
557102.996,3,0,0,0.999,1.000,1.000,-90.00,180.00,0.00,OPEN,0
557103.007,3,0,0,0.999,1.000,1.000,-90.00,180.00,0.00,OPEN,0
557103.017,3,0,0,0.999,1.000,1.000,-90.00,180.00,0.00,OPEN,0
557103.028,3,0,0,0.999,1.000,1.000,-90.00,180.00,0.00,OPEN,0
557103.039,3,0,0,0.999,1.000,1.000,-90.00,180.00,0.00,OPEN,0
557103.050,3,0,0,0.997,1.000,1.000,-90.00,180.00,0.00,OPEN,0
557103.061,3,0,0,0.997,1.000,1.000,-90.00,180.00,0.00,OPEN,0
557103.072,3,0,0,0.997,1.000,1.000,-90.00,180.00,0.00,OPEN,0
557103.082,3,0,0,0.997,1.000,1.000,-90.00,180.00,0.00,OPEN,0
557103.093,3,0,0,0.992,1.000,1.000,-90.00,180.00,0.00,OPEN,0
557103.103,3,0,0,0.992,1.000,1.000,-90.00,180.00,0.00,OPEN,0
557103.114,3,0,0,0.992,1.000,1.000,-90.00,180.00,0.00,OPEN,0
557103.124,3,0,0,0.992,1.000,1.000,-90.00,180.00,0.00,OPEN,0
557103.135,3,0,0,0.992,1.000,1.000,-90.00,180.00,0.00,OPEN,0
557103.145,3,0,0,0.986,1.000,1.000,-90.00,180.00,0.00,OPEN,0
557103.157,3,0,0,0.986,1.000,1.000,-90.00,180.00,0.00,OPEN,0
557103.168,3,0,0,0.986,1.000,1.000,-90.00,180.00,0.00,OPEN,0
557103.178,3,0,0,0.986,1.000,1.000,-90.00,180.00,0.00,OPEN,0
557103.189,3,0,0,0.986,1.000,1.000,-90.00,180.00,0.00,OPEN,0
557103.199,3,0,0,0.985,1.000,1.000,-90.00,180.00,0.00,OPEN,0
557103.210,3,0,0,0.985,1.000,1.000,-90.00,180.00,0.00,OPEN,0
557103.221,3,0,0,0.985,1.000,1.000,-90.00,180.00,0.00,OPEN,0
557103.232,3,0,0,0.985,1.000,1.000,-90.00,180.00,0.00,OPEN,0
557103.242,3,0,0,0.989,1.000,1.000,-90.00,180.00,0.00,OPEN,0
557103.253,3,0,0,0.989,1.000,1.000,-90.00,180.00,0.00,OPEN,0
557103.263,3,0,0,0.989,1.000,1.000,-90.00,180.00,0.00,OPEN,0
557103.273,3,0,0,0.989,1.000,1.000,-90.00,180.00,0.00,OPEN,0
557103.284,3,0,0,0.989,1.000,1.000,-90.00,180.00,0.00,OPEN,0
557103.295,3,0,0,0.993,1.000,1.000,-90.00,180.00,0.00,OPEN,0
557103.305,3,0,0,0.993,1.000,1.000,-90.00,180.00,0.00,OPEN,0
557103.316,3,0,0,0.993,1.000,1.000,-90.00,180.00,0.00,OPEN,0
557103.326,3,0,0,0.993,1.000,1.000,-90.00,180.00,0.00,OPEN,0
557103.337,3,0,0,0.993,1.000,1.000,-90.00,180.00,0.00,OPEN,0
557103.347,3,0,0,0.996,1.000,1.000,-90.00,180.00,0.00,OPEN,0
557103.358,3,0,0,0.996,1.000,1.000,-90.00,180.00,0.00,OPEN,0
557103.369,3,0,0,0.996,1.000,1.000,-90.00,180.00,0.00,OPEN,0
557103.379,3,0,0,0.996,1.000,1.000,-90.00,180.00,0.00,OPEN,0
557103.390,3,0,0,0.996,1.000,1.000,-90.00,180.00,0.00,OPEN,0
557103.412,3,0,0,0.998,1.000,1.000,-90.00,180.00,0.00,OPEN,0
557103.423,3,0,0,0.998,1.000,1.000,-90.00,180.00,0.00,OPEN,0
557103.433,3,0,0,0.998,1.000,1.000,-90.00,180.00,0.00,OPEN,0
557103.444,3,0,0,0.998,1.000,1.000,-90.00,180.00,0.00,OPEN,0
557103.455,3,0,0,0.998,1.000,1.000,-90.00,180.00,0.00,OPEN,0
557103.467,3,0,0,0.998,1.000,1.000,-90.00,180.00,0.00,OPEN,0
557103.478,3,0,0,0.998,1.000,1.000,-90.00,180.00,0.00,OPEN,0
557103.489,3,0,0,0.998,1.000,1.000,-90.00,180.00,0.00,OPEN,0
557103.499,3,0,0,0.999,1.000,1.000,-90.00,180.00,0.00,OPEN,0
557103.510,3,0,0,0.999,1.000,1.000,-90.00,180.00,0.00,OPEN,0
557103.521,3,0,0,0.999,1.000,1.000,-90.00,180.00,0.00,OPEN,0
557103.531,3,0,0,0.999,1.000,1.000,-90.00,180.00,0.00,OPEN,0
557103.542,3,0,0,0.999,1.000,1.000,-90.00,180.00,0.00,OPEN,0
557103.552,3,0,0,0.999,1.000,1.000,-90.00,180.00,0.00,OPEN,0
557103.563,3,0,0,0.999,1.000,1.000,-90.00,180.00,0.00,OPEN,0
557103.573,3,0,0,0.999,1.000,1.000,-90.00,180.00,0.00,OPEN,0
557103.584,3,0,0,0.999,1.000,1.000,-90.00,180.00,0.00,OPEN,0
557103.594,3,0,0,0.999,1.000,1.000,-90.00,180.00,0.00,OPEN,0
557103.605,3,0,0,0.999,1.000,1.000,-90.00,180.00,0.00,OPEN,0
557103.616,3,0,0,0.999,1.000,1.000,-90.00,180.00,0.00,OPEN,0
557103.626,3,0,0,0.999,1.000,1.000,-90.00,180.00,0.00,OPEN,0
557103.636,3,0,0,0.999,1.000,1.000,-90.00,180.00,0.00,OPEN,0
557103.647,3,0,0,1.000,1.000,1.000,-90.00,180.00,0.00,OPEN,0
557103.657,3,0,0,1.000,1.000,1.000,-90.00,180.00,0.00,OPEN,0
557103.668,3,0,0,1.000,1.000,1.000,-90.00,180.00,0.00,OPEN,0
557103.678,3,0,0,1.000,1.000,1.000,-90.00,180.00,0.00,OPEN,0
557103.689,3,0,0,1.000,1.000,1.000,-90.00,180.00,0.00,OPEN,0
557103.700,3,0,0,1.000,1.000,1.000,-90.00,180.00,0.00,OPEN,0
557103.710,3,0,0,1.000,1.000,1.000,-90.00,180.00,0.00,OPEN,0
557103.721,3,0,0,1.000,1.000,1.000,-90.00,180.00,0.00,OPEN,0
557103.732,3,0,0,1.000,1.000,1.000,-90.00,180.00,0.00,OPEN,0
557103.743,3,0,0,1.000,1.000,1.000,-90.00,180.00,0.00,OPEN,0
557103.753,3,0,0,1.000,1.000,1.000,-90.00,180.00,0.00,OPEN,0
557103.764,3,0,0,1.000,1.000,1.000,-90.00,180.00,0.00,OPEN,0
557103.775,3,0,0,1.000,1.000,1.000,-90.00,180.00,0.00,OPEN,0
557103.786,3,0,0,1.000,1.000,1.000,-90.00,180.00,0.00,OPEN,0
557103.796,3,0,0,1.000,1.000,1.000,-90.00,180.00,0.00,OPEN,0
557103.807,3,0,0,1.000,1.000,1.000,-90.00,180.00,0.00,OPEN,0
557103.818,3,0,0,1.000,1.000,1.000,-90.00,180.00,0.00,OPEN,0
557103.829,3,0,0,1.000,1.000,1.000,-90.00,180.00,0.00,OPEN,0
557103.839,3,0,0,1.000,1.000,1.000,-90.00,180.00,0.00,OPEN,0
557103.850,3,0,0,1.000,1.000,1.000,-90.00,180.00,0.00,OPEN,0
557103.861,3,0,0,1.000,1.000,1.000,-90.00,180.00,0.00,OPEN,0
557103.871,3,0,0,1.000,1.000,1.000,-90.00,180.00,0.00,OPEN,0
557103.882,3,0,0,1.000,1.000,1.000,-90.00,180.00,0.00,OPEN,0
557103.892,3,0,0,1.000,1.000,1.000,-90.00,180.00,0.00,OPEN,0
557103.903,3,0,0,1.000,1.000,1.000,-90.00,180.00,0.00,OPEN,0
557103.913,3,0,0,1.000,1.000,1.000,-90.00,180.00,0.00,OPEN,0
557103.924,3,0,0,1.000,1.000,1.000,-90.00,180.00,0.00,OPEN,0
557103.934,3,0,0,1.000,1.000,1.000,-90.00,180.00,0.00,OPEN,0
557103.945,3,0,0,1.000,1.000,1.000,-90.00,180.00,0.00,OPEN,0
557103.956,3,0,0,1.000,1.000,1.000,-90.00,180.00,0.00,OPEN,0
557103.966,3,0,0,1.000,1.000,1.000,-90.00,180.00,0.00,OPEN,0
557103.977,3,0,0,1.000,1.000,1.000,-90.00,180.00,0.00,OPEN,0
557103.988,3,0,0,1.000,1.000,1.000,-90.00,180.00,0.00,OPEN,0
557103.999,3,0,0,1.000,1.000,1.000,-90.00,180.00,0.00,OPEN,0
557104.010,3,0,0,1.000,1.000,1.000,-90.00,180.00,0.00,OPEN,0
557104.020,3,0,0,1.000,1.000,1.000,-90.00,180.00,0.00,OPEN,0
557104.031,3,0,0,1.000,1.000,1.000,-90.00,180.00,0.00,OPEN,0
557104.042,3,0,0,1.000,1.000,1.000,-90.00,180.00,0.00,OPEN,0
557104.053,3,0,0,1.000,1.000,1.000,-90.00,180.00,0.00,OPEN,0
557104.063,3,0,0,1.000,1.000,1.000,-90.00,180.00,0.00,OPEN,0
557104.074,3,0,0,1.000,1.000,1.000,-90.00,180.00,0.00,OPEN,0
557104.085,3,0,0,1.000,1.000,1.000,-90.00,180.00,0.00,OPEN,0
557104.095,3,0,0,1.000,1.000,1.000,-90.00,180.00,0.00,OPEN,0
557104.106,3,0,0,1.000,1.000,1.000,-90.00,180.00,0.00,OPEN,0
557104.116,3,0,0,1.000,1.000,1.000,-90.00,180.00,0.00,OPEN,0
557104.127,3,0,0,1.000,1.000,1.000,-90.00,180.00,0.00,OPEN,0
557104.138,3,0,0,1.000,1.000,1.000,-90.00,180.00,0.00,OPEN,0
557104.149,3,0,0,1.000,1.000,1.000,-90.00,180.00,0.00,OPEN,0
557104.160,3,0,0,1.000,1.000,1.000,-90.00,180.00,0.00,OPEN,0
557104.170,3,0,0,1.000,1.000,1.000,-90.00,180.00,0.00,OPEN,0
557104.182,3,0,0,1.000,1.000,1.000,-90.00,180.00,0.00,OPEN,0
557104.193,3,0,0,1.000,1.000,1.000,-90.00,180.00,0.00,OPEN,0
557104.204,3,0,0,1.000,1.000,1.000,-90.00,180.00,0.00,OPEN,0
557104.215,3,0,0,1.000,1.000,1.000,-90.00,180.00,0.00,OPEN,0
557104.226,3,0,0,1.000,1.000,1.000,-90.00,180.00,0.00,OPEN,0
557104.236,3,0,0,1.000,1.000,1.000,-90.00,180.00,0.00,OPEN,0
557104.247,3,0,0,1.000,1.000,1.000,-90.00,180.00,0.00,OPEN,0
557104.258,3,0,0,1.000,1.000,1.000,-90.00,180.00,0.00,OPEN,0
557104.269,3,0,0,1.000,1.000,1.000,-90.00,180.00,0.00,OPEN,0
557104.279,3,0,0,1.000,1.000,1.000,-90.00,180.00,0.00,OPEN,0
557104.290,3,0,0,1.000,1.000,1.000,-90.00,180.00,0.00,OPEN,0
557104.301,3,0,0,1.000,1.000,1.000,-90.00,180.00,0.00,OPEN,0
557104.312,3,0,0,1.000,1.000,1.000,-90.00,180.00,0.00,OPEN,0
557104.323,3,0,0,1.000,1.000,1.000,-90.00,180.00,0.00,OPEN,0
557104.333,3,0,0,1.000,1.000,1.000,-90.00,180.00,0.00,OPEN,0
557104.344,3,0,0,1.000,1.000,1.000,-90.00,180.00,0.00,OPEN,0
557104.355,3,0,0,1.000,1.000,1.000,-90.00,180.00,0.00,OPEN,0
557104.365,3,0,0,1.000,1.000,1.000,-90.00,180.00,0.00,OPEN,0
557104.376,3,0,0,1.000,1.000,1.000,-90.00,180.00,0.00,OPEN,0
557104.387,3,0,0,1.000,1.000,1.000,-90.00,180.00,0.00,OPEN,0
557104.398,3,0,0,1.000,1.000,1.000,-90.00,180.00,0.00,OPEN,0
557104.408,3,0,0,1.000,1.000,1.000,-90.00,180.00,0.00,OPEN,0
557104.419,3,0,0,1.000,1.000,1.000,-90.00,180.00,0.00,OPEN,0
557104.429,3,0,0,1.000,1.000,1.000,-90.00,180.00,0.00,OPEN,0
557104.440,3,0,0,1.000,1.000,1.000,-90.00,180.00,0.00,OPEN,0
557104.451,3,0,0,1.000,1.000,1.000,-90.00,180.00,0.00,OPEN,0
557104.461,3,0,0,1.000,1.000,1.000,-90.00,180.00,0.00,OPEN,0
557104.472,3,0,0,1.000,1.000,1.000,-90.00,180.00,0.00,OPEN,0
557104.482,3,0,0,1.000,1.000,1.000,-90.00,180.00,0.00,OPEN,0
557104.493,3,0,0,1.000,1.000,1.000,-90.00,180.00,0.00,OPEN,0
557104.503,3,0,0,1.000,1.000,1.000,-90.00,180.00,0.00,OPEN,0
557104.514,3,0,0,1.000,1.000,1.000,-90.00,180.00,0.00,OPEN,0
557104.525,3,0,0,1.000,1.000,1.000,-90.00,180.00,0.00,OPEN,0
557104.535,3,0,0,1.000,1.000,1.000,-90.00,180.00,0.00,OPEN,0
557104.546,3,0,0,1.000,1.000,1.000,-90.00,180.00,0.00,OPEN,0
557104.557,3,0,0,1.000,1.000,1.000,-90.00,180.00,0.00,OPEN,0
557104.567,3,0,0,1.000,1.000,1.000,-90.00,180.00,0.00,OPEN,0
557104.578,3,0,0,1.000,1.000,1.000,-90.00,180.00,0.00,OPEN,0
557104.589,3,0,0,1.000,1.000,1.000,-90.00,180.00,0.00,OPEN,0
557104.599,3,0,0,1.000,1.000,1.000,-90.00,180.00,0.00,OPEN,0
557104.610,3,0,0,1.000,1.000,1.000,-90.00,180.00,0.00,OPEN,0
557104.621,3,0,0,1.000,1.000,1.000,-90.00,180.00,0.00,OPEN,0
557104.631,3,0,0,1.000,1.000,1.000,-90.00,180.00,0.00,OPEN,0
557104.642,3,0,0,1.000,1.000,1.000,-90.00,180.00,0.00,OPEN,0
557104.653,3,0,0,1.000,1.000,1.000,-90.00,180.00,0.00,OPEN,0
557104.663,3,0,0,1.000,1.000,1.000,-90.00,180.00,0.00,OPEN,0
557104.674,3,0,0,1.000,1.000,1.000,-90.00,180.00,0.00,OPEN,0
557104.684,3,0,0,1.000,1.000,1.000,-90.00,180.00,0.00,OPEN,0
557104.695,3,0,0,1.000,1.000,1.000,-90.00,180.00,0.00,OPEN,0
557104.706,3,0,0,1.000,1.000,1.000,-90.00,180.00,0.00,OPEN,0
557104.717,3,0,0,1.000,1.000,1.000,-90.00,180.00,0.00,OPEN,0
557104.727,3,0,0,1.000,1.000,1.000,-90.00,180.00,0.00,OPEN,0
557104.738,3,0,0,1.000,1.000,1.000,-90.00,180.00,0.00,OPEN,0
557104.749,3,0,0,1.000,1.000,1.000,-90.00,180.00,0.00,OPEN,0
557104.760,3,0,0,1.000,1.000,1.000,-90.00,180.00,0.00,OPEN,0
557104.771,3,0,0,1.000,1.000,1.000,-90.00,180.00,0.00,OPEN,0
557104.782,3,0,0,1.000,1.000,1.000,-90.00,180.00,0.00,OPEN,0
557104.793,3,0,0,1.000,1.000,1.000,-90.00,180.00,0.00,OPEN,0
557104.803,3,0,0,1.000,1.000,1.000,-90.00,180.00,0.00,OPEN,0
557104.814,3,0,0,1.000,1.000,1.000,-90.00,180.00,0.00,OPEN,0
557104.825,3,0,0,1.000,1.000,1.000,-90.00,180.00,0.00,OPEN,0
557104.836,3,0,0,1.000,1.000,1.000,-90.00,180.00,0.00,OPEN,0
557104.846,3,0,0,1.000,1.000,1.000,-90.00,180.00,0.00,OPEN,0
557104.857,3,0,0,1.000,1.000,1.000,-90.00,180.00,0.00,OPEN,0
557104.868,3,0,0,1.000,1.000,1.000,-90.00,180.00,0.00,OPEN,0
557104.879,3,0,0,1.000,1.000,1.000,-90.00,180.00,0.00,OPEN,0
557104.889,3,0,0,1.000,1.000,1.000,-90.00,180.00,0.00,OPEN,0
557104.900,3,0,0,1.000,1.000,1.000,-90.00,180.00,0.00,OPEN,0
557104.911,3,0,0,1.000,1.000,1.000,-90.00,180.00,0.00,OPEN,0
557104.922,3,0,0,1.000,1.000,1.000,-90.00,180.00,0.00,OPEN,0
557104.932,3,0,0,1.000,1.000,1.000,-90.00,180.00,0.00,OPEN,0
557104.943,3,0,0,1.000,1.000,1.000,-90.00,180.00,0.00,OPEN,0
557104.954,3,0,0,1.000,1.000,1.000,-90.00,180.00,0.00,OPEN,0
557104.964,3,0,0,1.000,1.000,1.000,-90.00,180.00,0.00,OPEN,0
557104.975,3,0,0,1.000,1.000,1.000,-90.00,180.00,0.00,OPEN,0
557104.985,3,0,0,1.000,1.000,1.000,-90.00,180.00,0.00,OPEN,0
557104.996,3,0,0,1.000,1.000,1.000,-90.00,180.00,0.00,OPEN,0
557105.007,3,0,0,1.000,1.000,1.000,-90.00,180.00,0.00,OPEN,0
557105.018,3,0,0,1.000,1.000,1.000,-90.00,180.00,0.00,OPEN,0
557105.030,3,0,0,1.000,1.000,1.000,-90.00,180.00,0.00,OPEN,0
557105.041,3,0,0,1.000,1.000,1.000,-90.00,180.00,0.00,OPEN,0
557105.052,3,0,0,1.000,1.000,1.000,-90.00,180.00,0.00,OPEN,0
557105.062,3,0,0,1.000,1.000,1.000,-90.00,180.00,0.00,OPEN,0
557105.073,3,0,0,1.000,1.000,1.000,-90.00,180.00,0.00,OPEN,0
557105.083,3,0,0,1.000,1.000,1.000,-90.00,180.00,0.00,OPEN,0
557105.094,3,0,0,1.000,1.000,1.000,-90.00,180.00,0.00,OPEN,0
557105.105,3,0,0,1.000,1.000,1.000,-90.00,180.00,0.00,OPEN,0
557105.116,3,0,0,1.000,1.000,1.000,-90.00,180.00,0.00,OPEN,0
557105.127,3,0,0,1.000,1.000,1.000,-90.00,180.00,0.00,OPEN,0
557105.137,3,0,0,1.000,1.000,1.000,-90.00,180.00,0.00,OPEN,0
557105.148,3,0,0,1.000,1.000,1.000,-90.00,180.00,0.00,OPEN,0
557105.159,3,0,0,1.000,1.000,1.000,-90.00,180.00,0.00,OPEN,0
557105.170,3,0,0,1.000,1.000,1.000,-90.00,180.00,0.00,OPEN,0
557105.180,3,0,0,1.000,1.000,1.000,-90.00,180.00,0.00,OPEN,0
557105.191,3,0,0,1.000,1.000,1.000,-90.00,180.00,0.00,OPEN,0
557105.201,3,0,0,1.000,1.000,1.000,-90.00,180.00,0.00,OPEN,0
557105.212,3,0,0,1.000,1.000,1.000,-90.00,180.00,0.00,OPEN,0
557105.223,3,0,0,1.000,1.000,1.000,-90.00,180.00,0.00,OPEN,0
557105.233,3,0,0,1.000,1.000,1.000,-90.00,180.00,0.00,OPEN,0
557105.244,3,0,0,1.000,1.000,1.000,-90.00,180.00,0.00,OPEN,0
557105.255,3,0,0,1.000,1.000,1.000,-90.00,180.00,0.00,OPEN,0
557105.276,3,0,0,1.000,1.000,1.000,-90.00,180.00,0.00,OPEN,0
557105.315,3,0,0,1.000,1.000,1.000,-90.00,180.00,0.00,OPEN,0
557105.329,3,0,0,1.000,1.000,1.000,-90.00,180.00,0.00,OPEN,0
557105.341,3,0,0,1.000,1.000,1.000,-90.00,180.00,0.00,OPEN,0
557105.359,3,0,0,1.000,1.000,1.000,-90.00,180.00,0.00,OPEN,0
557105.370,3,0,0,1.000,1.000,1.000,-90.00,180.00,0.00,OPEN,0
557105.381,3,0,0,1.000,1.000,1.000,-90.00,180.00,0.00,OPEN,0
557105.391,3,0,0,1.000,1.000,1.000,-90.00,180.00,0.00,OPEN,0
557105.402,3,0,0,1.000,1.000,1.000,-90.00,180.00,0.00,OPEN,0
557105.413,3,0,0,1.000,1.000,1.000,-90.00,180.00,0.00,OPEN,0
557105.423,3,0,0,1.000,1.000,1.000,-90.00,180.00,0.00,OPEN,0
557105.434,3,0,0,1.000,1.000,1.000,-90.00,180.00,0.00,OPEN,0
557105.444,3,0,0,1.000,1.000,1.000,-90.00,180.00,0.00,OPEN,0
557105.455,3,0,0,1.000,1.000,1.000,-90.00,180.00,0.00,OPEN,0
557105.466,3,0,0,1.000,1.000,1.000,-90.00,180.00,0.00,OPEN,0
557105.476,3,0,0,1.000,1.000,1.000,-90.00,180.00,0.00,OPEN,0
557105.487,3,0,0,1.000,1.000,1.000,-90.00,180.00,0.00,OPEN,0
557105.498,3,0,0,1.000,1.000,1.000,-90.00,180.00,0.00,OPEN,0
557105.509,3,0,0,1.000,1.000,1.000,-90.00,180.00,0.00,OPEN,0
557105.520,3,0,0,1.000,1.000,1.000,-90.00,180.00,0.00,OPEN,0
557105.531,3,0,0,1.000,1.000,1.000,-90.00,180.00,0.00,OPEN,0
557105.541,3,0,0,1.000,1.000,1.000,-90.00,180.00,0.00,OPEN,0
557105.552,3,0,0,1.000,1.000,1.000,-90.00,180.00,0.00,OPEN,0
557105.563,3,0,0,1.000,1.000,1.000,-90.00,180.00,0.00,OPEN,0
557105.574,3,0,0,1.000,1.000,1.000,-90.00,180.00,0.00,OPEN,0
557105.584,3,0,0,1.000,1.000,1.000,-90.00,180.00,0.00,OPEN,0
557105.594,3,0,0,1.000,1.000,1.000,-90.00,180.00,0.00,OPEN,0
557105.605,3,0,0,1.000,1.000,1.000,-90.00,180.00,0.00,OPEN,0
557105.615,3,0,0,1.000,1.000,1.000,-90.00,180.00,0.00,OPEN,0
557105.626,3,0,0,1.000,1.000,1.000,-90.00,180.00,0.00,OPEN,0
557105.637,3,0,0,1.000,1.000,1.000,-90.00,180.00,0.00,OPEN,0
557105.647,3,0,0,1.000,1.000,1.000,-90.00,180.00,0.00,OPEN,0
557105.658,3,0,0,1.000,1.000,1.000,-90.00,180.00,0.00,OPEN,0
557105.669,3,0,0,1.000,1.000,1.000,-90.00,180.00,0.00,OPEN,0
557105.680,3,0,0,1.000,1.000,1.000,-90.00,180.00,0.00,OPEN,0
557105.691,3,0,0,1.000,1.000,1.000,-90.00,180.00,0.00,OPEN,0
557105.701,3,0,0,1.000,1.000,1.000,-90.00,180.00,0.00,OPEN,0
557105.712,3,0,0,1.000,1.000,1.000,-90.00,180.00,0.00,OPEN,0
557105.723,3,0,0,1.000,1.000,1.000,-90.00,180.00,0.00,OPEN,0
557105.733,3,0,0,1.000,1.000,1.000,-90.00,180.00,0.00,OPEN,0
557105.744,3,0,0,1.000,1.000,1.000,-90.00,180.00,0.00,OPEN,0
557105.755,3,0,0,1.000,1.000,1.000,-90.00,180.00,0.00,OPEN,0
557105.766,3,0,0,1.000,1.000,1.000,-90.00,180.00,0.00,OPEN,0
557105.777,3,0,0,1.000,1.000,1.000,-90.00,180.00,0.00,OPEN,0
557105.788,3,0,0,1.000,1.000,1.000,-90.00,180.00,0.00,OPEN,0
557105.798,3,0,0,1.000,1.000,1.000,-90.00,180.00,0.00,OPEN,0
557105.809,3,0,0,1.000,1.000,1.000,-90.00,180.00,0.00,OPEN,0
557105.820,3,0,0,1.000,1.000,1.000,-90.00,180.00,0.00,OPEN,0
557105.830,3,0,0,1.000,1.000,1.000,-90.00,180.00,0.00,OPEN,0
557105.841,3,0,0,1.000,1.000,1.000,-90.00,180.00,0.00,OPEN,0
557105.852,3,0,0,1.000,1.000,1.000,-90.00,180.00,0.00,OPEN,0
557105.863,3,0,0,1.000,1.000,1.000,-90.00,180.00,0.00,OPEN,0
557105.874,3,0,0,1.000,1.000,1.000,-90.00,180.00,0.00,OPEN,0
557105.885,3,0,0,1.000,1.000,1.000,-90.00,180.00,0.00,OPEN,0
557105.895,3,0,0,1.000,1.000,1.000,-90.00,180.00,0.00,OPEN,0
557105.906,3,0,0,1.000,1.000,1.000,-90.00,180.00,0.00,OPEN,0
557105.917,3,0,0,1.000,1.000,1.000,-90.00,180.00,0.00,OPEN,0
557105.928,3,0,0,1.000,1.000,1.000,-90.00,180.00,0.00,OPEN,0
557105.939,3,0,0,1.000,1.000,1.000,-90.00,180.00,0.00,OPEN,0
557105.949,3,0,0,1.000,1.000,1.000,-90.00,180.00,0.00,OPEN,0
557105.960,3,0,0,1.000,1.000,1.000,-90.00,180.00,0.00,OPEN,0
557105.971,3,0,0,1.000,1.000,1.000,-90.00,180.00,0.00,OPEN,0
557105.981,3,0,0,1.000,1.000,1.000,-90.00,180.00,0.00,OPEN,0
557105.992,3,0,0,1.000,1.000,1.000,-90.00,180.00,0.00,OPEN,0
557106.003,3,0,0,1.000,1.000,1.000,-90.00,180.00,0.00,OPEN,0
557106.014,3,0,0,1.000,1.000,1.000,-90.00,180.00,0.00,OPEN,0
557106.024,3,0,0,1.000,1.000,1.000,-90.00,180.00,0.00,OPEN,0
557106.035,3,0,0,1.000,1.000,1.000,-90.00,180.00,0.00,OPEN,0
557106.046,3,0,0,1.000,1.000,1.000,-90.00,180.00,0.00,OPEN,0
557106.057,3,0,0,1.000,1.000,1.000,-90.00,180.00,0.00,OPEN,0
557106.068,3,0,0,1.000,1.000,1.000,-90.00,180.00,0.00,OPEN,0
557106.078,3,0,0,1.000,1.000,1.000,-90.00,180.00,0.00,OPEN,0
557106.089,3,0,0,1.000,1.000,1.000,-90.00,180.00,0.00,OPEN,0
557106.100,3,0,0,1.000,1.000,1.000,-90.00,180.00,0.00,OPEN,0
557106.111,3,0,0,1.000,1.000,1.000,-90.00,180.00,0.00,OPEN,0
557106.121,3,0,0,1.000,1.000,1.000,-90.00,180.00,0.00,OPEN,0
557106.132,3,0,0,1.000,1.000,1.000,-90.00,180.00,0.00,OPEN,0
557106.143,3,0,0,1.000,1.000,1.000,-90.00,180.00,0.00,OPEN,0
557106.154,3,0,0,1.000,1.000,1.000,-90.00,180.00,0.00,OPEN,0
557106.165,3,0,0,1.000,1.000,1.000,-90.00,180.00,0.00,OPEN,0
557106.175,3,0,0,1.000,1.000,1.000,-90.00,180.00,0.00,OPEN,0
557106.186,3,0,0,1.000,1.000,1.000,-90.00,180.00,0.00,OPEN,0
557106.196,3,0,0,1.000,1.000,1.000,-90.00,180.00,0.00,OPEN,0
557106.207,3,0,0,1.000,1.000,1.000,-90.00,180.00,0.00,OPEN,0
557106.217,3,0,0,1.000,1.000,1.000,-90.00,180.00,0.00,OPEN,0
557106.228,3,0,0,1.000,1.000,1.000,-90.00,180.00,0.00,OPEN,0
557106.239,3,0,0,1.000,1.000,1.000,-90.00,180.00,0.00,OPEN,0
557106.250,3,0,0,1.000,1.000,1.000,-90.00,180.00,0.00,OPEN,0
557106.260,3,0,0,1.000,1.000,1.000,-90.00,180.00,0.00,OPEN,0
557106.271,3,0,0,1.000,1.000,1.000,-90.00,180.00,0.00,OPEN,0
557106.282,3,0,0,1.000,1.000,1.000,-90.00,180.00,0.00,OPEN,0
557106.293,3,0,0,1.000,1.000,1.000,-90.00,180.00,0.00,OPEN,0
557106.303,3,0,0,1.000,1.000,1.000,-90.00,180.00,0.00,OPEN,0
557106.314,3,0,0,1.000,1.000,1.000,-90.00,180.00,0.00,OPEN,0
557106.325,3,0,0,1.000,1.000,1.000,-90.00,180.00,0.00,OPEN,0
557106.336,3,0,0,1.000,1.000,1.000,-90.00,180.00,0.00,OPEN,0
557106.346,3,0,0,1.000,1.000,1.000,-90.00,180.00,0.00,OPEN,0
557106.365,3,0,0,1.000,1.000,1.000,-90.00,180.00,0.00,OPEN,0
557106.384,3,0,0,1.000,1.000,1.000,-90.00,180.00,0.00,OPEN,0
557106.395,3,0,0,1.000,1.000,1.000,-90.00,180.00,0.00,OPEN,0
557106.406,3,0,0,1.000,1.000,1.000,-90.00,180.00,0.00,OPEN,0
557106.416,3,0,0,1.000,1.000,1.000,-90.00,180.00,0.00,OPEN,0
557106.427,3,0,0,1.000,1.000,1.000,-90.00,180.00,0.00,OPEN,0
557106.438,3,0,0,1.000,1.000,1.000,-90.00,180.00,0.00,OPEN,0
557106.448,3,0,0,0.999,1.000,1.000,-90.00,180.00,0.00,OPEN,0
557106.459,3,0,0,0.999,1.000,1.000,-90.00,180.00,0.00,OPEN,0
557106.470,3,0,0,0.999,1.000,1.000,-90.00,180.00,0.00,OPEN,0
557106.481,3,0,0,0.999,1.000,1.000,-90.00,180.00,0.00,OPEN,0
557106.491,3,0,0,0.999,1.000,1.000,-90.00,180.00,0.00,OPEN,0
557106.502,3,0,0,0.999,1.000,1.000,-90.00,180.00,0.00,OPEN,0
557106.513,3,0,0,0.999,1.000,1.000,-90.00,180.00,0.00,OPEN,0
557106.523,3,0,0,0.999,1.000,1.000,-90.00,180.00,0.00,OPEN,0
557106.534,3,0,0,0.999,1.000,1.000,-90.00,180.00,0.00,OPEN,0
557106.544,3,0,0,1.000,1.000,1.000,-90.00,180.00,0.00,OPEN,0
557106.555,3,0,0,1.000,1.000,1.000,-90.00,180.00,0.00,OPEN,0
557106.566,3,0,0,1.000,1.000,1.000,-90.00,180.00,0.00,OPEN,0
557106.577,3,0,0,1.000,1.000,1.000,-90.00,180.00,0.00,OPEN,0
557106.587,3,0,0,1.000,1.000,1.000,-90.00,180.00,0.00,OPEN,0
557106.598,3,0,0,1.000,1.000,1.000,-90.00,180.00,0.00,OPEN,0
557106.609,3,0,0,1.000,1.000,1.000,-90.00,180.00,0.00,OPEN,0
557106.619,3,0,0,1.000,1.000,1.000,-90.00,180.00,0.00,OPEN,0
557106.630,3,0,0,1.000,1.000,1.000,-90.00,180.00,0.00,OPEN,0
557106.641,3,0,0,1.000,1.000,1.000,-90.00,180.00,0.00,OPEN,0
557106.651,3,0,0,1.000,1.000,1.000,-90.00,180.00,0.00,OPEN,0
557106.662,3,0,0,1.000,1.000,1.000,-90.00,180.00,0.00,OPEN,0
557106.673,3,0,0,1.000,1.000,1.000,-90.00,180.00,0.00,OPEN,0
557106.683,3,0,0,1.000,1.000,1.000,-90.00,180.00,0.00,OPEN,0
557106.694,3,0,0,1.000,1.000,1.000,-90.00,180.00,0.00,OPEN,0
557106.705,3,0,0,1.000,1.000,1.000,-90.00,180.00,0.00,OPEN,0
557106.715,3,0,0,1.000,1.000,1.000,-90.00,180.00,0.00,OPEN,0
557106.726,3,0,0,1.000,1.000,1.000,-90.00,180.00,0.00,OPEN,0
557106.737,3,0,0,1.000,1.000,1.000,-90.00,180.00,0.00,OPEN,0
557106.748,3,0,0,1.000,1.000,1.000,-90.00,180.00,0.00,OPEN,0
557106.758,3,0,0,1.000,1.000,1.000,-90.00,180.00,0.00,OPEN,0
557106.768,3,0,0,1.000,1.000,1.000,-90.00,180.00,0.00,OPEN,0
557106.779,3,0,0,1.000,1.000,1.000,-90.00,180.00,0.00,OPEN,0
557106.790,3,0,0,1.000,1.000,1.000,-90.00,180.00,0.00,OPEN,0
557106.800,3,0,0,1.000,1.000,1.000,-90.00,180.00,0.00,OPEN,0
557106.811,3,0,0,1.000,1.000,1.000,-90.00,180.00,0.00,OPEN,0
557106.822,3,0,0,1.000,1.000,1.000,-90.00,180.00,0.00,OPEN,0
557106.832,3,0,0,1.000,1.000,1.000,-90.00,180.00,0.00,OPEN,0
557106.843,3,0,0,1.000,1.000,1.000,-90.00,180.00,0.00,OPEN,0
557106.853,3,0,0,1.000,1.000,1.000,-90.00,180.00,0.00,OPEN,0
557106.864,3,0,0,1.000,1.000,1.000,-90.00,180.00,0.00,OPEN,0
557106.874,3,0,0,1.000,1.000,1.000,-90.00,180.00,0.00,OPEN,0
557106.885,3,0,0,1.000,1.000,1.000,-90.00,180.00,0.00,OPEN,0
557106.896,3,0,0,1.000,1.000,1.000,-90.00,180.00,0.00,OPEN,0
557106.907,3,0,0,1.000,1.000,1.000,-90.00,180.00,0.00,OPEN,0
557106.917,3,0,0,1.000,1.000,1.000,-90.00,180.00,0.00,OPEN,0
557106.928,3,0,0,1.000,1.000,1.000,-90.00,180.00,0.00,OPEN,0
557106.938,3,0,0,1.000,1.000,1.000,-90.00,180.00,0.00,OPEN,0
557106.949,3,0,0,1.000,1.000,1.000,-90.00,180.00,0.00,OPEN,0
557106.959,3,0,0,1.000,1.000,1.000,-90.00,180.00,0.00,OPEN,0
557106.970,3,0,0,1.000,1.000,1.000,-90.00,180.00,0.00,OPEN,0
557106.981,3,0,0,1.000,1.000,1.000,-90.00,180.00,0.00,OPEN,0
557106.991,3,0,0,1.000,1.000,1.000,-90.00,180.00,0.00,OPEN,0
557107.002,3,0,0,1.000,1.000,1.000,-90.00,180.00,0.00,OPEN,0
557107.012,3,0,0,1.000,1.000,1.000,-90.00,180.00,0.00,OPEN,0
557107.023,3,0,0,1.000,1.000,1.000,-90.00,180.00,0.00,OPEN,0
557107.033,3,0,0,1.000,1.000,1.000,-90.00,180.00,0.00,OPEN,0
557107.044,3,0,0,1.000,1.000,1.000,-90.00,180.00,0.00,OPEN,0
557107.054,3,0,0,1.000,1.000,1.000,-90.00,180.00,0.00,OPEN,0
557107.065,3,0,0,1.000,1.000,1.000,-90.00,180.00,0.00,OPEN,0
557107.076,3,0,0,1.000,1.000,1.000,-90.00,180.00,0.00,OPEN,0
557107.086,3,0,0,1.000,1.000,1.000,-90.00,180.00,0.00,OPEN,0
557107.097,3,0,0,1.000,1.000,1.000,-90.00,180.00,0.00,OPEN,0
557107.107,3,0,0,1.000,1.000,1.000,-90.00,180.00,0.00,OPEN,0
557107.118,3,0,0,1.000,1.000,1.000,-90.00,180.00,0.00,OPEN,0
557107.129,3,0,0,1.000,1.000,1.000,-90.00,180.00,0.00,OPEN,0
557107.140,3,0,0,1.000,1.000,1.000,-90.00,180.00,0.00,OPEN,0
557107.151,3,0,0,1.000,1.000,1.000,-90.00,180.00,0.00,OPEN,0
557107.162,3,0,0,1.000,1.000,1.000,-90.00,180.00,0.00,OPEN,0
557107.173,3,0,0,1.000,1.000,1.000,-90.00,180.00,0.00,OPEN,0
557107.183,3,0,0,1.000,1.000,1.000,-90.00,180.00,0.00,OPEN,0
557107.194,3,0,0,1.000,1.000,1.000,-90.00,180.00,0.00,OPEN,0
557107.205,3,0,0,1.000,1.000,1.000,-90.00,180.00,0.00,OPEN,0
557107.216,3,0,0,1.000,1.000,1.000,-90.00,180.00,0.00,OPEN,0
557107.226,3,0,0,1.000,1.000,1.000,-90.00,180.00,0.00,OPEN,0
557107.237,3,0,0,1.000,1.000,1.000,-90.00,180.00,0.00,OPEN,0
557107.248,3,0,0,1.000,1.000,1.000,-90.00,180.00,0.00,OPEN,0
557107.260,3,0,0,1.000,1.000,1.000,-90.00,180.00,0.00,OPEN,0
557107.270,3,0,0,1.000,1.000,1.000,-90.00,180.00,0.00,OPEN,0
557107.281,3,0,0,1.000,1.000,1.000,-90.00,180.00,0.00,OPEN,0
557107.292,3,0,0,1.000,1.000,1.000,-90.00,180.00,0.00,OPEN,0
557107.302,3,0,0,0.999,1.000,1.000,-90.00,180.00,0.00,OPEN,0
557107.313,3,0,0,0.999,1.000,1.000,-90.00,180.00,0.00,OPEN,0
557107.323,3,0,0,0.999,1.000,1.000,-90.00,180.00,0.00,OPEN,0
557107.334,3,0,0,0.999,1.000,1.000,-90.00,180.00,0.00,OPEN,0
557107.345,3,0,0,0.932,1.000,1.000,-90.00,180.00,0.00,OPEN,0
557107.355,3,0,0,0.932,1.000,1.000,-90.00,180.00,0.00,OPEN,0
557107.366,3,0,0,0.932,1.000,1.000,-90.00,180.00,0.00,OPEN,0
557107.377,3,0,0,0.932,1.000,1.000,-90.00,180.00,0.00,OPEN,0
557107.388,3,0,0,0.932,1.000,1.000,-90.00,180.00,0.00,OPEN,0
557107.399,3,0,0,0.499,1.000,1.000,-90.00,180.00,0.00,OPEN,0
557107.410,3,0,0,0.499,1.000,1.000,-90.00,180.00,0.00,OPEN,0
557107.420,3,0,0,0.499,1.000,1.000,-90.00,180.00,0.00,OPEN,0
557107.431,3,0,0,0.499,1.000,1.000,-90.00,180.00,0.00,OPEN,0
557107.442,3,0,0,0.499,1.000,1.000,-90.00,180.00,0.00,OPEN,0
557107.452,3,0,0,0.496,1.000,1.000,-90.00,180.00,0.00,OPEN,0
557107.463,3,0,0,0.496,1.000,1.000,-90.00,180.00,0.00,OPEN,0
557107.474,3,0,0,0.496,1.000,1.000,-90.00,180.00,0.00,OPEN,0
557107.484,3,0,0,0.496,1.000,1.000,-90.00,180.00,0.00,OPEN,0
557107.499,3,0,0,0.755,1.000,1.000,-90.00,180.00,0.00,OPEN,0
557107.510,3,0,0,0.755,1.000,1.000,-90.00,180.00,0.00,OPEN,0
557107.521,3,0,0,0.755,1.000,1.000,-90.00,180.00,0.00,OPEN,0
557107.531,3,0,0,0.755,1.000,1.000,-90.00,180.00,0.00,OPEN,0
557107.542,3,0,0,0.755,1.000,1.000,-90.00,180.00,0.00,OPEN,0
557107.552,3,0,0,0.812,1.000,1.000,-90.00,180.00,0.00,OPEN,0
557107.563,3,0,0,0.812,1.000,1.000,-90.00,180.00,0.00,OPEN,0
557107.574,3,0,0,0.812,1.000,1.000,-90.00,180.00,0.00,OPEN,0
557107.584,3,0,0,0.812,1.000,1.000,-90.00,180.00,0.00,OPEN,0
557107.595,3,0,0,0.996,1.000,1.000,-90.00,180.00,0.00,OPEN,0
557107.605,3,0,0,0.996,1.000,1.000,-90.00,180.00,0.00,OPEN,0
557107.616,3,0,0,0.996,1.000,1.000,-90.00,180.00,0.00,OPEN,0
557107.627,3,0,0,0.996,1.000,1.000,-90.00,180.00,0.00,OPEN,0
557107.637,3,0,0,0.996,1.000,1.000,-90.00,180.00,0.00,OPEN,0
557107.648,3,0,0,1.000,1.000,1.000,-90.00,180.00,0.00,OPEN,0
557107.658,3,0,0,1.000,1.000,1.000,-90.00,180.00,0.00,OPEN,0
557107.669,3,0,0,1.000,1.000,1.000,-90.00,180.00,0.00,OPEN,0
557107.680,3,0,0,1.000,1.000,1.000,-90.00,180.00,0.00,OPEN,0
557107.698,3,0,0,1.000,1.000,1.000,-90.00,180.00,0.00,OPEN,0
557107.710,3,0,0,1.000,1.000,1.000,-90.00,180.00,0.00,OPEN,0
557107.721,3,0,0,1.000,1.000,1.000,-90.00,180.00,0.00,OPEN,0
557107.731,3,0,0,1.000,1.000,1.000,-90.00,180.00,0.00,OPEN,0
557107.742,3,0,0,1.000,1.000,1.000,-90.00,180.00,0.00,OPEN,0
557107.753,3,0,0,1.000,1.000,1.000,-90.00,180.00,0.00,OPEN,0
557107.763,3,0,0,1.000,1.000,1.000,-90.00,180.00,0.00,OPEN,0
557107.774,3,0,0,1.000,1.000,1.000,-90.00,180.00,0.00,OPEN,0
557107.785,3,0,0,1.000,1.000,1.000,-90.00,180.00,0.00,OPEN,0
557107.795,3,0,0,1.000,1.000,1.000,-90.00,180.00,0.00,OPEN,0
557107.806,3,0,0,1.000,1.000,1.000,-90.00,180.00,0.00,OPEN,0
557107.817,3,0,0,1.000,1.000,1.000,-90.00,180.00,0.00,OPEN,0
557107.827,3,0,0,1.000,1.000,1.000,-90.00,180.00,0.00,OPEN,0
557107.838,3,0,0,1.000,1.000,1.000,-90.00,180.00,0.00,OPEN,0
557107.849,3,0,0,1.000,1.000,1.000,-90.00,180.00,0.00,OPEN,0
557107.859,3,0,0,1.000,1.000,1.000,-90.00,180.00,0.00,OPEN,0
557107.870,3,0,0,1.000,1.000,1.000,-90.00,180.00,0.00,OPEN,0
557107.881,3,0,0,1.000,1.000,1.000,-90.00,180.00,0.00,OPEN,0
557107.891,3,0,0,1.000,1.000,1.000,-90.00,180.00,0.00,OPEN,0
557107.902,0,0,0,1.000,1.000,1.000,-90.00,180.00,0.00,OPEN,0
557107.913,0,0,0,1.000,1.000,1.000,-90.00,180.00,0.00,OPEN,0
557107.923,0,0,0,1.000,1.000,1.000,-90.00,180.00,0.00,OPEN,0
557107.934,0,0,0,1.000,1.000,1.000,-90.00,180.00,0.00,OPEN,0
557107.944,0,0,0,1.000,1.000,1.000,-90.00,180.00,0.00,OPEN,0
557107.955,0,0,0,1.000,1.000,1.000,-90.00,180.00,0.00,OPEN,0
557107.965,0,0,0,1.000,1.000,1.000,-90.00,180.00,0.00,OPEN,0
557107.976,0,0,0,1.000,1.000,1.000,-90.00,180.00,0.00,OPEN,0
557107.986,0,0,0,1.000,1.000,1.000,-90.00,180.00,0.00,OPEN,0
557107.997,0,0,0,1.000,1.000,1.000,-90.00,180.00,0.00,OPEN,0
557108.007,0,0,0,1.000,1.000,1.000,-90.00,180.00,0.00,OPEN,0
557108.018,0,0,0,1.000,1.000,1.000,-90.00,180.00,0.00,OPEN,0
557108.028,0,0,0,1.000,1.000,1.000,-90.00,180.00,0.00,OPEN,0
557108.040,0,0,0,1.000,1.000,1.000,-90.00,180.00,0.00,OPEN,0
557108.050,0,0,0,1.000,1.000,1.000,-90.00,180.00,0.00,OPEN,0
557108.061,0,0,0,1.000,1.000,1.000,-90.00,180.00,0.00,OPEN,0
557108.071,0,0,0,1.000,1.000,1.000,-90.00,180.00,0.00,OPEN,0
557108.082,0,0,0,1.000,1.000,1.000,-90.00,180.00,0.00,OPEN,0
557108.093,0,0,0,1.000,1.000,1.000,-90.00,180.00,0.00,OPEN,0
557108.103,0,0,0,1.000,1.000,1.000,-90.00,180.00,0.00,OPEN,0
557108.114,0,0,0,1.000,1.000,1.000,-90.00,180.00,0.00,OPEN,0
557108.124,0,0,0,1.000,1.000,1.000,-90.00,180.00,0.00,OPEN,0
557108.135,0,0,0,1.000,1.000,1.000,-90.00,180.00,0.00,OPEN,0
557108.145,0,0,0,1.000,1.000,1.000,-90.00,180.00,0.00,OPEN,0
557108.156,0,0,0,1.000,1.000,1.000,-90.00,180.00,0.00,OPEN,0
557108.166,0,0,0,1.000,1.000,1.000,-90.00,180.00,0.00,OPEN,0
557108.177,0,0,0,1.000,1.000,1.000,-90.00,180.00,0.00,OPEN,0
557108.188,0,0,0,1.000,1.000,1.000,-90.00,180.00,0.00,OPEN,0
557108.198,0,0,0,1.000,1.000,1.000,-90.00,180.00,0.00,OPEN,0
557108.209,0,0,0,1.000,1.000,1.000,-90.00,180.00,0.00,OPEN,0
557108.219,0,0,0,1.000,1.000,1.000,-90.00,180.00,0.00,OPEN,0
557108.230,0,0,0,1.000,1.000,1.000,-90.00,180.00,0.00,OPEN,0
557108.240,0,0,0,1.000,1.000,1.000,-90.00,180.00,0.00,OPEN,0
557108.251,0,0,0,1.000,1.000,1.000,-90.00,180.00,0.00,OPEN,0
557108.263,0,0,0,1.000,1.000,1.000,-90.00,180.00,0.00,OPEN,0
557108.274,0,0,0,1.000,1.000,1.000,-90.00,180.00,0.00,OPEN,0
557108.285,0,0,0,1.000,1.000,1.000,-90.00,180.00,0.00,OPEN,0
557108.295,0,0,0,1.000,1.000,1.000,-90.00,180.00,0.00,OPEN,0
557108.306,0,0,0,1.000,1.000,1.000,-90.00,180.00,0.00,OPEN,0
557108.317,0,0,0,1.000,1.000,1.000,-90.00,180.00,0.00,OPEN,0
557108.327,0,0,0,1.000,1.000,1.000,-90.00,180.00,0.00,OPEN,0
557108.338,0,0,0,1.000,1.000,1.000,-90.00,180.00,0.00,OPEN,0
557108.348,0,0,0,1.000,1.000,1.000,-90.00,180.00,0.00,OPEN,0
557108.359,0,0,0,1.000,1.000,1.000,-90.00,180.00,0.00,OPEN,0
557108.369,0,0,0,1.000,1.000,1.000,-90.00,180.00,0.00,OPEN,0
557108.380,0,0,0,1.000,1.000,1.000,-90.00,180.00,0.00,OPEN,0
557108.390,0,0,0,1.000,1.000,1.000,-90.00,180.00,0.00,OPEN,0
557108.401,0,0,0,1.000,1.000,1.000,-90.00,180.00,0.00,OPEN,0
557108.412,0,0,0,1.000,1.000,1.000,-90.00,180.00,0.00,OPEN,0
557108.422,0,0,0,1.000,1.000,1.000,-90.00,180.00,0.00,OPEN,0
557108.433,0,0,0,1.000,1.000,1.000,-90.00,180.00,0.00,OPEN,0
557108.443,0,0,0,1.000,1.000,1.000,-90.00,180.00,0.00,OPEN,0
557108.454,0,0,0,1.000,1.000,1.000,-90.00,180.00,0.00,OPEN,0
557108.464,0,0,0,1.000,1.000,1.000,-90.00,180.00,0.00,OPEN,0
557108.475,0,0,0,1.000,1.000,1.000,-90.00,180.00,0.00,OPEN,0
557108.485,0,0,0,1.000,1.000,1.000,-90.00,180.00,0.00,OPEN,0
557108.496,0,0,0,1.000,1.000,1.000,-90.00,180.00,0.00,OPEN,0
557108.507,0,0,0,1.000,1.000,1.000,-90.00,180.00,0.00,OPEN,0
557108.517,0,0,0,1.000,1.000,1.000,-90.00,180.00,0.00,OPEN,0
557108.528,0,0,0,1.000,1.000,1.000,-90.00,180.00,0.00,OPEN,0
557108.539,0,0,0,1.000,1.000,1.000,-90.00,180.00,0.00,OPEN,0
557108.549,0,0,0,1.000,1.000,1.000,-90.00,180.00,0.00,OPEN,0
557108.560,0,0,0,1.000,1.000,1.000,-90.00,180.00,0.00,OPEN,0
557108.571,0,0,0,1.000,1.000,1.000,-90.00,180.00,0.00,OPEN,0
557108.581,0,0,0,1.000,1.000,1.000,-90.00,180.00,0.00,OPEN,0
557108.592,0,0,0,1.000,1.000,1.000,-90.00,180.00,0.00,OPEN,0
557108.603,0,0,0,1.000,1.000,1.000,-90.00,180.00,0.00,OPEN,0
557108.614,0,0,0,1.000,1.000,1.000,-90.00,180.00,0.00,OPEN,0
557108.625,0,0,0,1.000,1.000,1.000,-90.00,180.00,0.00,OPEN,0
557108.636,0,0,0,1.000,1.000,1.000,-90.00,180.00,0.00,OPEN,0
557108.647,0,0,0,1.000,1.000,1.000,-90.00,180.00,0.00,OPEN,0
557108.657,0,0,0,1.000,1.000,1.000,-90.00,180.00,0.00,OPEN,0
557108.668,0,0,0,1.000,1.000,1.000,-90.00,180.00,0.00,OPEN,0
557108.679,0,0,0,1.000,1.000,1.000,-90.00,180.00,0.00,OPEN,0
557108.690,0,0,0,1.000,1.000,1.000,-90.00,180.00,0.00,OPEN,0
557108.700,0,0,0,1.000,1.000,1.000,-90.00,180.00,0.00,OPEN,0
557108.711,0,0,0,1.000,1.000,1.000,-90.00,180.00,0.00,OPEN,0
557108.721,0,0,0,1.000,1.000,1.000,-90.00,180.00,0.00,OPEN,0
557108.732,0,0,0,1.000,1.000,1.000,-90.00,180.00,0.00,OPEN,0
557108.743,0,0,0,1.000,1.000,1.000,-90.00,180.00,0.00,OPEN,0
557108.753,0,0,0,1.000,1.000,1.000,-90.00,180.00,0.00,OPEN,0
557108.763,0,0,0,1.000,1.000,1.000,-90.00,180.00,0.00,OPEN,0
557108.774,0,0,0,1.000,1.000,1.000,-90.00,180.00,0.00,OPEN,0
557108.784,0,0,0,1.000,1.000,1.000,-90.00,180.00,0.00,OPEN,0
557108.795,0,0,0,1.000,1.000,1.000,-90.00,180.00,0.00,OPEN,0
557108.805,0,0,0,1.000,1.000,1.000,-90.00,180.00,0.00,OPEN,0
557108.816,0,0,0,1.000,1.000,1.000,-90.00,180.00,0.00,OPEN,0
557108.827,0,0,0,1.000,1.000,1.000,-90.00,180.00,0.00,OPEN,0
557108.838,0,0,0,1.000,1.000,1.000,-90.00,180.00,0.00,OPEN,0
557108.849,0,0,0,1.000,1.000,1.000,-90.00,180.00,0.00,OPEN,0
557108.862,0,0,0,1.000,1.000,1.000,-90.00,180.00,0.00,OPEN,0
557108.873,0,0,0,1.000,1.000,1.000,-90.00,180.00,0.00,OPEN,0
557108.883,0,0,0,1.000,1.000,1.000,-90.00,180.00,0.00,OPEN,0
557108.894,0,0,0,1.000,1.000,1.000,-90.00,180.00,0.00,OPEN,0
557108.905,0,0,0,1.000,1.000,1.000,-90.00,180.00,0.00,OPEN,0
557108.915,0,0,0,1.000,1.000,1.000,-90.00,180.00,0.00,OPEN,0
557108.926,0,0,0,1.000,1.000,1.000,-90.00,180.00,0.00,OPEN,0
557108.937,0,0,0,1.000,1.000,1.000,-90.00,180.00,0.00,OPEN,0
557108.948,0,0,0,1.000,1.000,1.000,-90.00,180.00,0.00,OPEN,0
557108.958,0,0,0,1.000,1.000,1.000,-90.00,180.00,0.00,OPEN,0
557108.969,0,0,0,1.000,1.000,1.000,-90.00,180.00,0.00,OPEN,0
557108.981,0,0,0,1.000,1.000,1.000,-90.00,180.00,0.00,OPEN,0
557108.993,0,0,0,1.000,1.000,1.000,-90.00,180.00,0.00,OPEN,0
557109.004,0,0,0,1.000,1.000,1.000,-90.00,180.00,0.00,OPEN,0
557109.014,0,0,0,1.000,1.000,1.000,-90.00,180.00,0.00,OPEN,0
557109.025,0,0,0,1.000,1.000,1.000,-90.00,180.00,0.00,OPEN,0
557109.035,0,0,0,1.000,1.000,1.000,-90.00,180.00,0.00,OPEN,0
557109.046,0,0,0,1.000,1.000,1.000,-90.00,180.00,0.00,OPEN,0
557109.056,0,0,0,1.000,1.000,1.000,-90.00,180.00,0.00,OPEN,0
557109.067,0,0,0,1.000,1.000,1.000,-90.00,180.00,0.00,OPEN,0
557109.077,0,0,0,1.000,1.000,1.000,-90.00,180.00,0.00,OPEN,0
557109.088,0,0,0,1.000,1.000,1.000,-90.00,180.00,0.00,OPEN,0
557109.099,0,0,0,1.000,1.000,1.000,-90.00,180.00,0.00,OPEN,0
557109.109,0,0,0,1.000,1.000,1.000,-90.00,180.00,0.00,OPEN,0
557109.120,0,0,0,1.000,1.000,1.000,-90.00,180.00,0.00,OPEN,0
557109.130,0,0,0,1.000,1.000,1.000,-90.00,180.00,0.00,OPEN,0
557109.141,0,0,0,1.000,1.000,1.000,-90.00,180.00,0.00,OPEN,0
557109.151,0,0,0,1.000,1.000,1.000,-90.00,180.00,0.00,OPEN,0
557109.162,0,0,0,1.000,1.000,1.000,-90.00,180.00,0.00,OPEN,0
557109.172,0,0,0,1.000,1.000,1.000,-90.00,180.00,0.00,OPEN,0
557109.183,0,0,0,1.000,1.000,1.000,-90.00,180.00,0.00,OPEN,0
557109.193,0,0,0,1.000,1.000,1.000,-90.00,180.00,0.00,OPEN,0
557109.204,0,0,0,1.000,1.000,1.000,-90.00,180.00,0.00,OPEN,0
557109.214,0,0,0,1.000,1.000,1.000,-90.00,180.00,0.00,OPEN,0
557109.225,0,0,0,1.000,1.000,1.000,-90.00,180.00,0.00,OPEN,0
557109.235,0,0,0,1.000,1.000,1.000,-90.00,180.00,0.00,OPEN,0
557109.246,0,0,0,1.000,1.000,1.000,-90.00,180.00,0.00,OPEN,0
557109.256,0,0,0,1.000,1.000,1.000,-90.00,180.00,0.00,OPEN,0
557109.267,0,0,0,1.000,1.000,1.000,-90.00,180.00,0.00,OPEN,0
557109.277,0,0,0,1.000,1.000,1.000,-90.00,180.00,0.00,OPEN,0
557109.288,0,0,0,1.000,1.000,1.000,-90.00,180.00,0.00,OPEN,0
557109.299,0,0,0,1.000,1.000,1.000,-90.00,180.00,0.00,OPEN,0
557109.309,0,0,0,1.000,1.000,1.000,-90.00,180.00,0.00,OPEN,0
557109.320,0,0,0,1.000,1.000,1.000,-90.00,180.00,0.00,OPEN,0
557109.330,0,0,0,1.000,1.000,1.000,-90.00,180.00,0.00,OPEN,0
557109.341,0,0,0,1.000,1.000,1.000,-90.00,180.00,0.00,OPEN,0
557109.351,0,0,0,1.000,1.000,1.000,-90.00,180.00,0.00,OPEN,0
557109.362,0,0,0,1.000,1.000,1.000,-90.00,180.00,0.00,OPEN,0
557109.373,0,0,0,1.000,1.000,1.000,-90.00,180.00,0.00,OPEN,0
557109.384,0,0,0,1.000,1.000,1.000,-90.00,180.00,0.00,OPEN,0
557109.394,0,0,0,1.000,1.000,1.000,-90.00,180.00,0.00,OPEN,0
557109.405,0,0,0,1.000,1.000,1.000,-90.00,180.00,0.00,OPEN,0
557109.415,0,0,0,1.000,1.000,1.000,-90.00,180.00,0.00,OPEN,0
557109.426,0,0,0,1.000,1.000,1.000,-90.00,180.00,0.00,OPEN,0
557109.436,0,0,0,1.000,1.000,1.000,-90.00,180.00,0.00,OPEN,0
557109.447,0,0,0,1.000,1.000,1.000,-90.00,180.00,0.00,OPEN,0
557109.458,0,0,0,1.000,1.000,1.000,-90.00,180.00,0.00,OPEN,0
557109.468,0,0,0,1.000,1.000,1.000,-90.00,180.00,0.00,OPEN,0
557109.478,0,0,0,1.000,1.000,1.000,-90.00,180.00,0.00,OPEN,0
557109.489,0,0,0,1.000,1.000,1.000,-90.00,180.00,0.00,OPEN,0
557109.499,0,0,0,1.000,1.000,1.000,-90.00,180.00,0.00,OPEN,0
557109.510,0,0,0,1.000,1.000,1.000,-90.00,180.00,0.00,OPEN,0
557109.520,0,0,0,1.000,1.000,1.000,-90.00,180.00,0.00,OPEN,0
557109.531,0,0,0,1.000,1.000,1.000,-90.00,180.00,0.00,OPEN,0
557109.541,0,0,0,1.000,1.000,1.000,-90.00,180.00,0.00,OPEN,0
557109.552,0,0,0,1.000,1.000,1.000,-90.00,180.00,0.00,OPEN,0
557109.562,0,0,0,1.000,1.000,1.000,-90.00,180.00,0.00,OPEN,0
557109.573,0,0,0,1.000,1.000,1.000,-90.00,180.00,0.00,OPEN,0
557109.584,0,0,0,1.000,1.000,1.000,-90.00,180.00,0.00,OPEN,0
557109.594,0,0,0,1.000,1.000,1.000,-90.00,180.00,0.00,OPEN,0
557109.605,0,0,0,1.000,1.000,1.000,-90.00,180.00,0.00,OPEN,0
557109.616,0,0,0,1.000,1.000,1.000,-90.00,180.00,0.00,OPEN,0
557109.627,0,0,0,1.000,1.000,1.000,-90.00,180.00,0.00,OPEN,0
557109.637,0,0,0,1.000,1.000,1.000,-90.00,180.00,0.00,OPEN,0
557109.648,0,0,0,1.000,1.000,1.000,-90.00,180.00,0.00,OPEN,0
557109.658,0,0,0,1.000,1.000,1.000,-90.00,180.00,0.00,OPEN,0
557109.669,0,0,0,1.000,1.000,1.000,-90.00,180.00,0.00,OPEN,0
557109.680,0,0,0,1.000,1.000,1.000,-90.00,180.00,0.00,OPEN,0
557109.691,0,0,0,1.000,1.000,1.000,-90.00,180.00,0.00,OPEN,0
557109.701,0,0,0,1.000,1.000,1.000,-90.00,180.00,0.00,OPEN,0
557109.712,0,0,0,1.000,1.000,1.000,-90.00,180.00,0.00,OPEN,0
557109.723,0,0,0,1.000,1.000,1.000,-90.00,180.00,0.00,OPEN,0
557109.733,0,0,0,1.000,1.000,1.000,-90.00,180.00,0.00,OPEN,0
557109.743,0,0,0,1.000,1.000,1.000,-90.00,180.00,0.00,OPEN,0
557109.754,0,0,0,1.000,1.000,1.000,-90.00,180.00,0.00,OPEN,0
557109.764,0,0,0,1.000,1.000,1.000,-90.00,180.00,0.00,OPEN,0
557109.775,0,0,0,1.000,1.000,1.000,-90.00,180.00,0.00,OPEN,0
557109.785,0,0,0,1.000,1.000,1.000,-90.00,180.00,0.00,OPEN,0
557109.796,0,0,0,1.000,1.000,1.000,-90.00,180.00,0.00,OPEN,0
557109.808,0,0,0,1.000,1.000,1.000,-90.00,180.00,0.00,OPEN,0
557109.818,0,0,0,1.000,1.000,1.000,-90.00,180.00,0.00,OPEN,0
557109.829,0,0,0,1.000,1.000,1.000,-90.00,180.00,0.00,OPEN,0
557109.840,0,0,0,1.000,1.000,1.000,-90.00,180.00,0.00,OPEN,0
557109.850,0,0,0,1.000,1.000,1.000,-90.00,180.00,0.00,OPEN,0
557109.861,0,0,0,1.000,1.000,1.000,-90.00,180.00,0.00,OPEN,0
557109.872,0,0,0,1.000,1.000,1.000,-90.00,180.00,0.00,OPEN,0
557109.882,0,0,0,1.000,1.000,1.000,-90.00,180.00,0.00,OPEN,0
557109.893,0,0,0,1.000,1.000,1.000,-90.00,180.00,0.00,OPEN,0
557109.904,0,0,0,1.000,1.000,1.000,-90.00,180.00,0.00,OPEN,0
557109.914,0,0,0,1.000,1.000,1.000,-90.00,180.00,0.00,OPEN,0
557109.925,0,0,0,1.000,1.000,1.000,-90.00,180.00,0.00,OPEN,0
557110.000,0,0,0,1.000,1.000,1.000,-90.00,180.00,0.00,OPEN,0
557110.019,0,0,0,1.000,1.000,1.000,-90.00,180.00,0.00,OPEN,0
557110.033,0,0,0,1.000,1.000,1.000,-90.00,180.00,0.00,OPEN,0
557110.044,0,0,0,1.000,1.000,1.000,-90.00,180.00,0.00,OPEN,0
557110.055,0,0,0,1.000,1.000,1.000,-90.00,180.00,0.00,OPEN,0
557110.066,0,0,0,1.000,1.000,1.000,-90.00,180.00,0.00,OPEN,0
557110.077,0,0,0,1.000,1.000,1.000,-90.00,180.00,0.00,OPEN,0
557110.088,0,0,0,1.000,1.000,1.000,-90.00,180.00,0.00,OPEN,0
557110.098,0,0,0,1.000,1.000,1.000,-90.00,180.00,0.00,OPEN,0
557110.108,0,0,0,1.000,1.000,1.000,-90.00,180.00,0.00,OPEN,0
557110.119,0,0,0,1.000,1.000,1.000,-90.00,180.00,0.00,OPEN,0
557110.130,0,0,0,1.000,1.000,1.000,-90.00,180.00,0.00,OPEN,0
557110.140,0,0,0,1.000,1.000,1.000,-90.00,180.00,0.00,OPEN,0
557110.151,0,0,0,1.000,1.000,1.000,-90.00,180.00,0.00,OPEN,0
557110.162,0,0,0,1.000,1.000,1.000,-90.00,180.00,0.00,OPEN,0
557110.172,0,0,0,1.000,1.000,1.000,-90.00,180.00,0.00,OPEN,0
557110.183,0,0,0,1.000,1.000,1.000,-90.00,180.00,0.00,OPEN,0
557110.194,0,0,0,1.000,1.000,1.000,-90.00,180.00,0.00,OPEN,0
557110.205,0,0,0,1.000,1.000,1.000,-90.00,180.00,0.00,OPEN,0
557110.216,0,0,0,1.000,1.000,1.000,-90.00,180.00,0.00,OPEN,0
557110.226,0,0,0,1.000,1.000,1.000,-90.00,180.00,0.00,OPEN,0
557110.237,0,0,0,1.000,1.000,1.000,-90.00,180.00,0.00,OPEN,0
557110.248,0,0,0,1.000,1.000,1.000,-90.00,180.00,0.00,OPEN,0
557110.258,0,0,0,1.000,1.000,1.000,-90.00,180.00,0.00,OPEN,0
557110.269,0,0,0,1.000,1.000,1.000,-90.00,180.00,0.00,OPEN,0
557110.280,0,0,0,1.000,1.000,1.000,-90.00,180.00,0.00,OPEN,0
557110.291,0,0,0,1.000,1.000,1.000,-90.00,180.00,0.00,OPEN,0
557110.302,0,0,0,1.000,1.000,1.000,-90.00,180.00,0.00,OPEN,0
557110.313,0,0,0,1.000,1.000,1.000,-90.00,180.00,0.00,OPEN,0
557110.323,0,0,0,1.000,1.000,1.000,-90.00,180.00,0.00,OPEN,0
557110.334,0,0,0,1.000,1.000,1.000,-90.00,180.00,0.00,OPEN,0
557110.345,0,0,0,1.000,1.000,1.000,-90.00,180.00,0.00,OPEN,0
557110.355,0,0,0,1.000,1.000,1.000,-90.00,180.00,0.00,OPEN,0
557110.366,0,0,0,1.000,1.000,1.000,-90.00,180.00,0.00,OPEN,0
557110.376,0,0,0,1.000,1.000,1.000,-90.00,180.00,0.00,OPEN,0
557110.387,0,0,0,1.000,1.000,1.000,-90.00,180.00,0.00,OPEN,0
557110.397,0,0,0,1.000,1.000,1.000,-90.00,180.00,0.00,OPEN,0
557110.407,0,0,0,1.000,1.000,1.000,-90.00,180.00,0.00,OPEN,0
557110.418,0,0,0,1.000,1.000,1.000,-90.00,180.00,0.00,OPEN,0
557110.429,0,0,0,1.000,1.000,1.000,-90.00,180.00,0.00,OPEN,0
557110.440,0,0,0,1.000,1.000,1.000,-90.00,180.00,0.00,OPEN,0
557110.450,0,0,0,1.000,1.000,1.000,-90.00,180.00,0.00,OPEN,0
557110.461,0,0,0,1.000,1.000,1.000,-90.00,180.00,0.00,OPEN,0
557110.472,0,0,0,1.000,1.000,1.000,-90.00,180.00,0.00,OPEN,0
557110.483,0,0,0,1.000,1.000,1.000,-90.00,180.00,0.00,OPEN,0
557110.494,0,0,0,1.000,1.000,1.000,-90.00,180.00,0.00,OPEN,0
557110.506,0,0,0,1.000,1.000,1.000,-90.00,180.00,0.00,OPEN,0
557110.516,0,0,0,1.000,1.000,1.000,-90.00,180.00,0.00,OPEN,0
557110.526,0,0,0,1.000,1.000,1.000,-90.00,180.00,0.00,OPEN,0
557110.537,0,0,0,1.000,1.000,1.000,-90.00,180.00,0.00,OPEN,0
557110.547,0,0,0,1.000,1.000,1.000,-90.00,180.00,0.00,OPEN,0
557110.558,0,0,0,1.000,1.000,1.000,-90.00,180.00,0.00,OPEN,0
557110.568,0,0,0,1.000,1.000,1.000,-90.00,180.00,0.00,OPEN,0
557110.578,0,0,0,1.000,1.000,1.000,-90.00,180.00,0.00,OPEN,0
557110.589,0,0,0,1.000,1.000,1.000,-90.00,180.00,0.00,OPEN,0
557110.599,0,0,0,1.000,1.000,1.000,-90.00,180.00,0.00,OPEN,0
557110.610,0,0,0,1.000,1.000,1.000,-90.00,180.00,0.00,OPEN,0
557110.621,0,0,0,1.000,1.000,1.000,-90.00,180.00,0.00,OPEN,0
557110.631,0,0,0,1.000,1.000,1.000,-90.00,180.00,0.00,OPEN,0
557110.642,0,0,0,1.000,1.000,1.000,-90.00,180.00,0.00,OPEN,0
557110.652,0,0,0,1.000,1.000,1.000,-90.00,180.00,0.00,OPEN,0
557110.663,0,0,0,1.000,1.000,1.000,-90.00,180.00,0.00,OPEN,0
557110.673,0,0,0,1.000,1.000,1.000,-90.00,180.00,0.00,OPEN,0
557110.684,0,0,0,1.000,1.000,1.000,-90.00,180.00,0.00,OPEN,0
557110.694,0,0,0,1.000,1.000,1.000,-90.00,180.00,0.00,OPEN,0
557110.705,0,0,0,1.000,1.000,1.000,-90.00,180.00,0.00,OPEN,0
557110.716,0,0,0,1.000,1.000,1.000,-90.00,180.00,0.00,OPEN,0
557110.726,0,0,0,1.000,1.000,1.000,-90.00,180.00,0.00,OPEN,0
557110.737,0,0,0,1.000,1.000,1.000,-90.00,180.00,0.00,OPEN,0
557110.747,0,0,0,1.000,1.000,1.000,-90.00,180.00,0.00,OPEN,0
557110.757,0,0,0,1.000,1.000,1.000,-90.00,180.00,0.00,OPEN,0
557110.768,0,0,0,1.000,1.000,1.000,-90.00,180.00,0.00,OPEN,0
557110.778,0,0,0,1.000,1.000,1.000,-90.00,180.00,0.00,OPEN,0
557110.789,0,0,0,1.000,1.000,1.000,-90.00,180.00,0.00,OPEN,0
557110.799,0,0,0,1.000,1.000,1.000,-90.00,180.00,0.00,OPEN,0
557110.810,0,0,0,1.000,1.000,1.000,-90.00,180.00,0.00,OPEN,0
557110.820,0,0,0,1.000,1.000,1.000,-90.00,180.00,0.00,OPEN,0
557110.831,0,0,0,1.000,1.000,1.000,-90.00,180.00,0.00,OPEN,0
557110.841,0,0,0,1.000,1.000,1.000,-90.00,180.00,0.00,OPEN,0
557110.852,0,0,0,1.000,1.000,1.000,-90.00,180.00,0.00,OPEN,0
557110.863,0,0,0,1.000,1.000,1.000,-90.00,180.00,0.00,OPEN,0
557110.873,0,0,0,1.000,1.000,1.000,-90.00,180.00,0.00,OPEN,0
557110.883,0,0,0,1.000,1.000,1.000,-90.00,180.00,0.00,OPEN,0
557110.894,0,0,0,1.000,1.000,1.000,-90.00,180.00,0.00,OPEN,0
557110.905,0,0,0,1.000,1.000,1.000,-90.00,180.00,0.00,OPEN,0
557110.915,0,0,0,1.000,1.000,1.000,-90.00,180.00,0.00,OPEN,0
557110.925,0,0,0,1.000,1.000,1.000,-90.00,180.00,0.00,OPEN,0
557110.936,0,0,0,1.000,1.000,1.000,-90.00,180.00,0.00,OPEN,0
557110.946,0,0,0,1.000,1.000,1.000,-90.00,180.00,0.00,OPEN,0
557110.957,0,0,0,1.000,1.000,1.000,-90.00,180.00,0.00,OPEN,0
557110.968,0,0,0,1.000,1.000,1.000,-90.00,180.00,0.00,OPEN,0
557110.978,0,0,0,1.000,1.000,1.000,-90.00,180.00,0.00,OPEN,0
557110.989,0,0,0,1.000,1.000,1.000,-90.00,180.00,0.00,OPEN,0
557110.999,0,0,0,1.000,1.000,1.000,-90.00,180.00,0.00,OPEN,0
557111.010,0,0,0,1.000,1.000,1.000,-90.00,180.00,0.00,OPEN,0
557111.020,0,0,0,1.000,1.000,1.000,-90.00,180.00,0.00,OPEN,0
557111.031,0,0,0,1.000,1.000,1.000,-90.00,180.00,0.00,OPEN,0
557111.041,0,0,0,1.000,1.000,1.000,-90.00,180.00,0.00,OPEN,0
557111.052,0,0,0,1.000,1.000,1.000,-90.00,180.00,0.00,OPEN,0
557111.063,0,0,0,1.000,1.000,1.000,-90.00,180.00,0.00,OPEN,0
557111.074,0,0,0,1.000,1.000,1.000,-90.00,180.00,0.00,OPEN,0
557111.085,0,0,0,1.000,1.000,1.000,-90.00,180.00,0.00,OPEN,0
557111.095,0,0,0,1.000,1.000,1.000,-90.00,180.00,0.00,OPEN,0
557111.106,0,0,0,1.000,1.000,1.000,-90.00,180.00,0.00,OPEN,0
557111.117,0,0,0,1.000,1.000,1.000,-90.00,180.00,0.00,OPEN,0
557111.127,0,0,0,1.000,1.000,1.000,-90.00,180.00,0.00,OPEN,0
557111.138,0,0,0,1.000,1.000,1.000,-90.00,180.00,0.00,OPEN,0
557111.149,0,0,0,1.000,1.000,1.000,-90.00,180.00,0.00,OPEN,0
557111.159,0,0,0,1.000,1.000,1.000,-90.00,180.00,0.00,OPEN,0
557111.170,0,0,0,1.000,1.000,1.000,-90.00,180.00,0.00,OPEN,0
557111.180,0,0,0,1.000,1.000,1.000,-90.00,180.00,0.00,OPEN,0
557111.191,0,0,0,1.000,1.000,1.000,-90.00,180.00,0.00,OPEN,0
557111.201,0,0,0,1.000,1.000,1.000,-90.00,180.00,0.00,OPEN,0
557111.212,0,0,0,1.000,1.000,1.000,-90.00,180.00,0.00,OPEN,0
557111.223,0,0,0,1.000,1.000,1.000,-90.00,180.00,0.00,OPEN,0
557111.233,0,0,0,1.000,1.000,1.000,-90.00,180.00,0.00,OPEN,0
557111.244,0,0,0,1.000,1.000,1.000,-90.00,180.00,0.00,OPEN,0
557111.255,0,0,0,1.000,1.000,1.000,-90.00,180.00,0.00,OPEN,0
557111.267,0,0,0,1.000,1.000,1.000,-90.00,180.00,0.00,OPEN,0
557111.278,0,0,0,1.000,1.000,1.000,-90.00,180.00,0.00,OPEN,0
557111.289,0,0,0,1.000,1.000,1.000,-90.00,180.00,0.00,OPEN,0
557111.299,0,0,0,1.000,1.000,1.000,-90.00,180.00,0.00,OPEN,0
557111.310,0,0,0,1.000,1.000,1.000,-90.00,180.00,0.00,OPEN,0
557111.320,0,0,0,1.000,1.000,1.000,-90.00,180.00,0.00,OPEN,0
557111.331,0,0,0,1.000,1.000,1.000,-90.00,180.00,0.00,OPEN,0
557111.342,0,0,0,1.000,1.000,1.000,-90.00,180.00,0.00,OPEN,0
557111.352,0,0,0,1.000,1.000,1.000,-90.00,180.00,0.00,OPEN,0
557111.363,0,0,0,1.000,1.000,1.000,-90.00,180.00,0.00,OPEN,0
557111.373,0,0,0,1.000,1.000,1.000,-90.00,180.00,0.00,OPEN,0
557111.383,0,0,0,1.000,1.000,1.000,-90.00,180.00,0.00,OPEN,0
557111.394,0,0,0,1.000,1.000,1.000,-90.00,180.00,0.00,OPEN,0
557111.405,0,0,0,1.000,1.000,1.000,-90.00,180.00,0.00,OPEN,0
557111.415,0,0,0,1.000,1.000,1.000,-90.00,180.00,0.00,OPEN,0
557111.426,0,0,0,1.000,1.000,1.000,-90.00,180.00,0.00,OPEN,0
557111.437,0,0,0,1.000,1.000,1.000,-90.00,180.00,0.00,OPEN,0
557111.449,0,0,0,1.000,1.000,1.000,-90.00,180.00,0.00,OPEN,0
557111.459,0,0,0,1.000,1.000,1.000,-90.00,180.00,0.00,OPEN,0
557111.470,0,0,0,1.000,1.000,1.000,-90.00,180.00,0.00,OPEN,0
557111.480,0,0,0,1.000,1.000,1.000,-90.00,180.00,0.00,OPEN,0
557111.491,0,0,0,1.000,1.000,1.000,-90.00,180.00,0.00,OPEN,0
557111.502,0,0,0,1.000,1.000,1.000,-90.00,180.00,0.00,OPEN,0
557111.512,0,0,0,1.000,1.000,1.000,-90.00,180.00,0.00,OPEN,0
557111.523,0,0,0,1.000,1.000,1.000,-90.00,180.00,0.00,OPEN,0
557111.533,0,0,0,1.000,1.000,1.000,-90.00,180.00,0.00,OPEN,0
557111.544,0,0,0,1.000,1.000,1.000,-90.00,180.00,0.00,OPEN,0
557111.555,0,0,0,1.000,1.000,1.000,-90.00,180.00,0.00,OPEN,0
557111.565,0,0,0,1.000,1.000,1.000,-90.00,180.00,0.00,OPEN,0
557111.576,0,0,0,1.000,1.000,1.000,-90.00,180.00,0.00,OPEN,0
557111.586,0,0,0,1.000,1.000,1.000,-90.00,180.00,0.00,OPEN,0
557111.597,0,0,0,1.000,1.000,1.000,-90.00,180.00,0.00,OPEN,0
557111.607,0,0,0,1.000,1.000,1.000,-90.00,180.00,0.00,OPEN,0
557111.618,0,0,0,1.000,1.000,1.000,-90.00,180.00,0.00,OPEN,0
557111.628,0,0,0,1.000,1.000,1.000,-90.00,180.00,0.00,OPEN,0
557111.639,0,0,0,1.000,1.000,1.000,-90.00,180.00,0.00,OPEN,0
557111.650,0,0,0,1.000,1.000,1.000,-90.00,180.00,0.00,OPEN,0
557111.660,0,0,0,1.000,1.000,1.000,-90.00,180.00,0.00,OPEN,0
557111.671,0,0,0,1.000,1.000,1.000,-90.00,180.00,0.00,OPEN,0
557111.681,0,0,0,1.000,1.000,1.000,-90.00,180.00,0.00,OPEN,0
557111.692,0,0,0,1.000,1.000,1.000,-90.00,180.00,0.00,OPEN,0
557111.702,0,0,0,1.000,1.000,1.000,-90.00,180.00,0.00,OPEN,0
557111.713,0,0,0,1.000,1.000,1.000,-90.00,180.00,0.00,OPEN,0
557111.724,0,0,0,1.000,1.000,1.000,-90.00,180.00,0.00,OPEN,0
557111.734,0,0,0,1.000,1.000,1.000,-90.00,180.00,0.00,OPEN,0
557111.745,0,0,0,1.000,1.000,1.000,-90.00,180.00,0.00,OPEN,0
557111.756,0,0,0,1.000,1.000,1.000,-90.00,180.00,0.00,OPEN,0
557111.766,0,0,0,1.000,1.000,1.000,-90.00,180.00,0.00,OPEN,0
557111.777,0,0,0,1.000,1.000,1.000,-90.00,180.00,0.00,OPEN,0
557111.788,0,0,0,1.000,1.000,1.000,-90.00,180.00,0.00,OPEN,0
557111.798,0,0,0,1.000,1.000,1.000,-90.00,180.00,0.00,OPEN,0
557111.809,0,0,0,1.000,1.000,1.000,-90.00,180.00,0.00,OPEN,0
557111.820,0,0,0,1.000,1.000,1.000,-90.00,180.00,0.00,OPEN,0
557111.830,0,0,0,1.000,1.000,1.000,-90.00,180.00,0.00,OPEN,0
557111.841,0,0,0,1.000,1.000,1.000,-90.00,180.00,0.00,OPEN,0
557111.851,0,0,0,1.000,1.000,1.000,-90.00,180.00,0.00,OPEN,0
557111.862,0,0,0,1.000,1.000,1.000,-90.00,180.00,0.00,OPEN,0
557111.872,0,0,0,1.000,1.000,1.000,-90.00,180.00,0.00,OPEN,0
557111.883,0,0,0,1.000,1.000,1.000,-90.00,180.00,0.00,OPEN,0
557111.893,0,0,0,1.000,1.000,1.000,-90.00,180.00,0.00,OPEN,0
557111.904,0,0,0,1.000,1.000,1.000,-90.00,180.00,0.00,OPEN,0
557111.914,0,0,0,1.000,1.000,1.000,-90.00,180.00,0.00,OPEN,0
557111.925,0,0,0,1.000,1.000,1.000,-90.00,180.00,0.00,OPEN,0
557111.936,0,0,0,1.000,1.000,1.000,-90.00,180.00,0.00,OPEN,0
557111.946,0,0,0,1.000,1.000,1.000,-90.00,180.00,0.00,OPEN,0
557111.956,0,0,0,1.000,1.000,1.000,-90.00,180.00,0.00,OPEN,0
557111.967,0,0,0,1.000,1.000,1.000,-90.00,180.00,0.00,OPEN,0
557111.977,0,0,0,1.000,1.000,1.000,-90.00,180.00,0.00,OPEN,0
557111.988,0,0,0,1.000,1.000,1.000,-90.00,180.00,0.00,OPEN,0
557111.998,0,0,0,1.000,1.000,1.000,-90.00,180.00,0.00,OPEN,0
557112.009,0,0,0,1.000,1.000,1.000,-90.00,180.00,0.00,OPEN,0
557112.020,0,0,0,1.000,1.000,1.000,-90.00,180.00,0.00,OPEN,0
557112.031,0,0,0,1.000,1.000,1.000,-90.00,180.00,0.00,OPEN,0
557112.041,0,0,0,1.000,1.000,1.000,-90.00,180.00,0.00,OPEN,0
557112.052,0,0,0,1.000,1.000,1.000,-90.00,180.00,0.00,OPEN,0
557112.062,0,0,0,1.000,1.000,1.000,-90.00,180.00,0.00,OPEN,0
557112.073,0,0,0,1.000,1.000,1.000,-90.00,180.00,0.00,OPEN,0
557112.083,0,0,0,1.000,1.000,1.000,-90.00,180.00,0.00,OPEN,0
557112.094,0,0,0,1.000,1.000,1.000,-90.00,180.00,0.00,OPEN,0
557112.105,0,0,0,1.000,1.000,1.000,-90.00,180.00,0.00,OPEN,0
557112.115,0,0,0,1.000,1.000,1.000,-90.00,180.00,0.00,OPEN,0
557112.126,0,0,0,1.000,1.000,1.000,-90.00,180.00,0.00,OPEN,0
557112.136,0,0,0,1.000,1.000,1.000,-90.00,180.00,0.00,OPEN,0
557112.147,0,0,0,1.000,1.000,1.000,-90.00,180.00,0.00,OPEN,0
557112.157,0,0,0,1.000,1.000,1.000,-90.00,180.00,0.00,OPEN,0
557112.168,0,0,0,1.000,1.000,1.000,-90.00,180.00,0.00,OPEN,0
557112.179,0,0,0,1.000,1.000,1.000,-90.00,180.00,0.00,OPEN,0
557112.189,0,0,0,1.000,1.000,1.000,-90.00,180.00,0.00,OPEN,0
557112.200,0,0,0,1.000,1.000,1.000,-90.00,180.00,0.00,OPEN,0
557112.211,0,0,0,1.000,1.000,1.000,-90.00,180.00,0.00,OPEN,0
557112.222,0,0,0,1.000,1.000,1.000,-90.00,180.00,0.00,OPEN,0
557112.233,0,0,0,1.000,1.000,1.000,-90.00,180.00,0.00,OPEN,0
557112.243,0,0,0,1.000,1.000,1.000,-90.00,180.00,0.00,OPEN,0
557112.254,0,0,0,1.000,1.000,1.000,-90.00,180.00,0.00,OPEN,0
557112.265,0,0,0,1.000,1.000,1.000,-90.00,180.00,0.00,OPEN,0
557112.276,0,0,0,1.000,1.000,1.000,-90.00,180.00,0.00,OPEN,0
557112.286,0,0,0,1.000,1.000,1.000,-90.00,180.00,0.00,OPEN,0
557112.297,0,0,0,1.000,1.000,1.000,-90.00,180.00,0.00,OPEN,0
557112.307,0,0,0,1.000,1.000,1.000,-90.00,180.00,0.00,OPEN,0
557112.318,0,0,0,1.000,1.000,1.000,-90.00,180.00,0.00,OPEN,0
557112.328,0,0,0,1.000,1.000,1.000,-90.00,180.00,0.00,OPEN,0
557112.338,0,0,0,1.000,1.000,1.000,-90.00,180.00,0.00,OPEN,0
557112.349,0,0,0,1.000,1.000,1.000,-90.00,180.00,0.00,OPEN,0
557112.360,0,0,0,1.000,1.000,1.000,-90.00,180.00,0.00,OPEN,0
557112.371,0,0,0,1.000,1.000,1.000,-90.00,180.00,0.00,OPEN,0
557112.381,0,0,0,1.000,1.000,1.000,-90.00,180.00,0.00,OPEN,0
557112.392,0,0,0,1.000,1.000,1.000,-90.00,180.00,0.00,OPEN,0
557112.402,0,0,0,1.000,1.000,1.000,-90.00,180.00,0.00,OPEN,0
557112.413,0,0,0,1.000,1.000,1.000,-90.00,180.00,0.00,OPEN,0
557112.423,0,0,0,1.000,1.000,1.000,-90.00,180.00,0.00,OPEN,0
557112.434,0,0,0,1.000,1.000,1.000,-90.00,180.00,0.00,OPEN,0
557112.444,0,0,0,1.000,1.000,1.000,-90.00,180.00,0.00,OPEN,0
557112.455,0,0,0,1.000,1.000,1.000,-90.00,180.00,0.00,OPEN,0
557112.465,0,0,0,1.000,1.000,1.000,-90.00,180.00,0.00,OPEN,0
557112.476,0,0,0,1.000,1.000,1.000,-90.00,180.00,0.00,OPEN,0
557112.486,0,0,0,1.000,1.000,1.000,-90.00,180.00,0.00,OPEN,0
557112.497,0,0,0,1.000,1.000,1.000,-90.00,180.00,0.00,OPEN,0
557112.507,0,0,0,1.000,1.000,1.000,-90.00,180.00,0.00,OPEN,0
557112.518,0,0,0,1.000,1.000,1.000,-90.00,180.00,0.00,OPEN,0
557112.528,0,0,0,1.000,1.000,1.000,-90.00,180.00,0.00,OPEN,0
557112.538,0,0,0,1.000,1.000,1.000,-90.00,180.00,0.00,OPEN,0
557112.549,0,0,0,1.000,1.000,1.000,-90.00,180.00,0.00,OPEN,0
557112.560,0,0,0,1.000,1.000,1.000,-90.00,180.00,0.00,OPEN,0
557112.570,0,0,0,1.000,1.000,1.000,-90.00,180.00,0.00,OPEN,0
557112.581,0,0,0,1.000,1.000,1.000,-90.00,180.00,0.00,OPEN,0
557112.592,0,0,0,1.000,1.000,1.000,-90.00,180.00,0.00,OPEN,0
557112.602,0,0,0,1.000,1.000,1.000,-90.00,180.00,0.00,OPEN,0
557112.613,0,0,0,1.000,1.000,1.000,-90.00,180.00,0.00,OPEN,0
557112.623,0,0,0,1.000,1.000,1.000,-90.00,180.00,0.00,OPEN,0
557112.634,0,0,0,1.000,1.000,1.000,-90.00,180.00,0.00,OPEN,0
557112.645,0,0,0,1.000,1.000,1.000,-90.00,180.00,0.00,OPEN,0
557112.656,0,0,0,1.000,1.000,1.000,-90.00,180.00,0.00,OPEN,0
557112.666,0,0,0,1.000,1.000,1.000,-90.00,180.00,0.00,OPEN,0
557112.677,0,0,0,1.000,1.000,1.000,-90.00,180.00,0.00,OPEN,0
557112.687,0,0,0,1.000,1.000,1.000,-90.00,180.00,0.00,OPEN,0
557112.698,0,0,0,1.000,1.000,1.000,-90.00,180.00,0.00,OPEN,0
557112.708,0,0,0,1.000,1.000,1.000,-90.00,180.00,0.00,OPEN,0
557112.719,0,0,0,1.000,1.000,1.000,-90.00,180.00,0.00,OPEN,0
557112.729,0,0,0,1.000,1.000,1.000,-90.00,180.00,0.00,OPEN,0
557112.740,0,0,0,1.000,1.000,1.000,-90.00,180.00,0.00,OPEN,0
557112.750,0,0,0,1.000,1.000,1.000,-90.00,180.00,0.00,OPEN,0
557112.762,0,0,0,1.000,1.000,1.000,-90.00,180.00,0.00,OPEN,0
557112.773,0,0,0,1.000,1.000,1.000,-90.00,180.00,0.00,OPEN,0
557112.784,0,0,0,1.000,1.000,1.000,-90.00,180.00,0.00,OPEN,0
557112.794,0,0,0,1.000,1.000,1.000,-90.00,180.00,0.00,OPEN,0
557112.805,0,0,0,1.000,1.000,1.000,-90.00,180.00,0.00,OPEN,0
557112.815,0,0,0,1.000,1.000,1.000,-90.00,180.00,0.00,OPEN,0
557112.826,0,0,0,1.000,1.000,1.000,-90.00,180.00,0.00,OPEN,0
557112.836,0,0,0,1.000,1.000,1.000,-90.00,180.00,0.00,OPEN,0
557112.847,0,0,0,1.000,1.000,1.000,-90.00,180.00,0.00,OPEN,0
557112.857,0,0,0,1.000,1.000,1.000,-90.00,180.00,0.00,OPEN,0
557112.868,0,0,0,1.000,1.000,1.000,-90.00,180.00,0.00,OPEN,0
557112.879,0,0,0,1.000,1.000,1.000,-90.00,180.00,0.00,OPEN,0
557112.890,0,0,0,1.000,1.000,1.000,-90.00,180.00,0.00,OPEN,0
557112.900,0,0,0,1.000,1.000,1.000,-90.00,180.00,0.00,OPEN,0
557112.911,0,0,0,1.000,1.000,1.000,-90.00,180.00,0.00,OPEN,0
557112.922,0,0,0,1.000,1.000,1.000,-90.00,180.00,0.00,OPEN,0
557112.932,0,0,0,1.000,1.000,1.000,-90.00,180.00,0.00,OPEN,0
557112.943,0,0,0,1.000,1.000,1.000,-90.00,180.00,0.00,OPEN,0
557112.954,0,0,0,1.000,1.000,1.000,-90.00,180.00,0.00,OPEN,0
557112.964,0,0,0,1.000,1.000,1.000,-90.00,180.00,0.00,OPEN,0
557112.975,0,0,0,1.000,1.000,1.000,-90.00,180.00,0.00,OPEN,0
557112.985,0,0,0,1.000,1.000,1.000,-90.00,180.00,0.00,OPEN,0
557112.995,0,0,0,1.000,1.000,1.000,-90.00,180.00,0.00,OPEN,0
557113.006,0,0,0,1.000,1.000,1.000,-90.00,180.00,0.00,OPEN,0
557113.016,0,0,0,1.000,1.000,1.000,-90.00,180.00,0.00,OPEN,0
557113.027,0,0,0,1.000,1.000,1.000,-90.00,180.00,0.00,OPEN,0
557113.037,0,0,0,1.000,1.000,1.000,-90.00,180.00,0.00,OPEN,0
557113.048,0,0,0,1.000,1.000,1.000,-90.00,180.00,0.00,OPEN,0
557113.058,0,0,0,1.000,1.000,1.000,-90.00,180.00,0.00,OPEN,0
557113.069,0,0,0,1.000,1.000,1.000,-90.00,180.00,0.00,OPEN,0
557113.080,0,0,0,1.000,1.000,1.000,-90.00,180.00,0.00,OPEN,0
557113.090,0,0,0,1.000,1.000,1.000,-90.00,180.00,0.00,OPEN,0
557113.101,0,0,0,1.000,1.000,1.000,-90.00,180.00,0.00,OPEN,0
557113.111,0,0,0,1.000,1.000,1.000,-90.00,180.00,0.00,OPEN,0
557113.122,0,0,0,1.000,1.000,1.000,-90.00,180.00,0.00,OPEN,0
557113.132,0,0,0,1.000,1.000,1.000,-90.00,180.00,0.00,OPEN,0
557113.143,0,0,0,1.000,1.000,1.000,-90.00,180.00,0.00,OPEN,0
557113.153,0,0,0,1.000,1.000,1.000,-90.00,180.00,0.00,OPEN,0
557113.163,0,0,0,1.000,1.000,1.000,-90.00,180.00,0.00,OPEN,0
557113.174,0,0,0,1.000,1.000,1.000,-90.00,180.00,0.00,OPEN,0
557113.184,0,0,0,1.000,1.000,1.000,-90.00,180.00,0.00,OPEN,0
557113.195,0,0,0,1.000,1.000,1.000,-90.00,180.00,0.00,OPEN,0
557113.205,0,0,0,1.000,1.000,1.000,-90.00,180.00,0.00,OPEN,0
557113.216,0,0,0,1.000,1.000,1.000,-90.00,180.00,0.00,OPEN,0
557113.227,0,0,0,1.000,1.000,1.000,-90.00,180.00,0.00,OPEN,0
557113.237,0,0,0,1.000,1.000,1.000,-90.00,180.00,0.00,OPEN,0
557113.247,0,0,0,1.000,1.000,1.000,-90.00,180.00,0.00,OPEN,0
557113.258,0,0,0,1.000,1.000,1.000,-90.00,180.00,0.00,OPEN,0
557113.268,0,0,0,1.000,1.000,1.000,-90.00,180.00,0.00,OPEN,0
557113.285,0,0,0,1.000,1.000,1.000,-90.00,180.00,0.00,OPEN,0
557113.298,0,0,0,1.000,1.000,1.000,-90.00,180.00,0.00,OPEN,0
557113.308,0,0,0,1.000,1.000,1.000,-90.00,180.00,0.00,OPEN,0
557113.320,0,0,0,1.000,1.000,1.000,-90.00,180.00,0.00,OPEN,0
557113.331,0,0,0,1.000,1.000,1.000,-90.00,180.00,0.00,OPEN,0
557113.341,0,0,0,1.000,1.000,1.000,-90.00,180.00,0.00,OPEN,0
557113.352,0,0,0,1.000,1.000,1.000,-90.00,180.00,0.00,OPEN,0
557113.362,0,0,0,1.000,1.000,1.000,-90.00,180.00,0.00,OPEN,0
557113.373,0,0,0,1.000,1.000,1.000,-90.00,180.00,0.00,OPEN,0
557113.384,0,0,0,1.000,1.000,1.000,-90.00,180.00,0.00,OPEN,0
557113.394,0,0,0,1.000,1.000,1.000,-90.00,180.00,0.00,OPEN,0
557113.405,0,0,0,1.000,1.000,1.000,-90.00,180.00,0.00,OPEN,0
557113.416,0,0,0,1.000,1.000,1.000,-90.00,180.00,0.00,OPEN,0
557113.426,0,0,0,1.000,1.000,1.000,-90.00,180.00,0.00,OPEN,0
557113.437,0,0,0,1.000,1.000,1.000,-90.00,180.00,0.00,OPEN,0
557113.447,0,0,0,1.000,1.000,1.000,-90.00,180.00,0.00,OPEN,0
557113.458,0,0,0,1.000,1.000,1.000,-90.00,180.00,0.00,OPEN,0
557113.469,0,0,0,1.000,1.000,1.000,-90.00,180.00,0.00,OPEN,0
557113.480,0,0,0,1.000,1.000,1.000,-90.00,180.00,0.00,OPEN,0
557113.490,0,0,0,1.000,1.000,1.000,-90.00,180.00,0.00,OPEN,0
557113.501,0,0,0,1.000,1.000,1.000,-90.00,180.00,0.00,OPEN,0
557113.511,0,0,0,1.000,1.000,1.000,-90.00,180.00,0.00,OPEN,0
557113.522,0,0,0,1.000,1.000,1.000,-90.00,180.00,0.00,OPEN,0
557113.533,0,0,0,1.000,1.000,1.000,-90.00,180.00,0.00,OPEN,0
557113.544,0,0,0,1.000,1.000,1.000,-90.00,180.00,0.00,OPEN,0
557113.555,0,0,0,1.000,1.000,1.000,-90.00,180.00,0.00,OPEN,0
557113.565,0,0,0,1.000,1.000,1.000,-90.00,180.00,0.00,OPEN,0
557113.576,0,0,0,1.000,1.000,1.000,-90.00,180.00,0.00,OPEN,0
557113.586,0,0,0,1.000,1.000,1.000,-90.00,180.00,0.00,OPEN,0
557113.597,0,0,0,1.000,1.000,1.000,-90.00,180.00,0.00,OPEN,0
557113.607,0,0,0,1.000,1.000,1.000,-90.00,180.00,0.00,OPEN,0
557113.618,0,0,0,1.000,1.000,1.000,-90.00,180.00,0.00,OPEN,0
557113.629,0,0,0,1.000,1.000,1.000,-90.00,180.00,0.00,OPEN,0
557113.639,0,0,0,1.000,1.000,1.000,-90.00,180.00,0.00,OPEN,0
557113.649,0,0,0,1.000,1.000,1.000,-90.00,180.00,0.00,OPEN,0
557113.660,0,0,0,1.000,1.000,1.000,-90.00,180.00,0.00,OPEN,0
557113.671,0,0,0,1.000,1.000,1.000,-90.00,180.00,0.00,OPEN,0
557113.682,0,0,0,1.000,1.000,1.000,-90.00,180.00,0.00,OPEN,0
557113.693,0,0,0,1.000,1.000,1.000,-90.00,180.00,0.00,OPEN,0
557113.703,0,0,0,1.000,1.000,1.000,-90.00,180.00,0.00,OPEN,0
557113.714,0,0,0,1.000,1.000,1.000,-90.00,180.00,0.00,OPEN,0
557113.724,0,0,0,1.000,1.000,1.000,-90.00,180.00,0.00,OPEN,0
557113.734,0,0,0,1.000,1.000,1.000,-90.00,180.00,0.00,OPEN,0
557113.745,0,0,0,1.000,1.000,1.000,-90.00,180.00,0.00,OPEN,0
557113.756,0,0,0,1.000,1.000,1.000,-90.00,180.00,0.00,OPEN,0
557113.767,0,0,0,1.000,1.000,1.000,-90.00,180.00,0.00,OPEN,0
557113.778,0,0,0,1.000,1.000,1.000,-90.00,180.00,0.00,OPEN,0
557113.789,0,0,0,1.000,1.000,1.000,-90.00,180.00,0.00,OPEN,0
557113.800,0,0,0,1.000,1.000,1.000,-90.00,180.00,0.00,OPEN,0
557113.812,0,0,0,1.000,1.000,1.000,-90.00,180.00,0.00,OPEN,0
557113.823,0,0,0,1.000,1.000,1.000,-90.00,180.00,0.00,OPEN,0
557113.833,0,0,0,1.000,1.000,1.000,-90.00,180.00,0.00,OPEN,0
557113.844,0,0,0,1.000,1.000,1.000,-90.00,180.00,0.00,OPEN,0
557113.855,0,0,0,1.000,1.000,1.000,-90.00,180.00,0.00,OPEN,0
557113.866,0,0,0,1.000,1.000,1.000,-90.00,180.00,0.00,OPEN,0
557113.930,0,0,0,1.000,1.000,1.000,-90.00,180.00,0.00,OPEN,0
557113.953,0,0,0,1.000,1.000,1.000,-90.00,180.00,0.00,OPEN,0
557113.966,0,0,0,1.000,1.000,1.000,-90.00,180.00,0.00,OPEN,0
557113.977,0,0,0,1.000,1.000,1.000,-90.00,180.00,0.00,OPEN,0
557113.988,0,0,0,1.000,1.000,1.000,-90.00,180.00,0.00,OPEN,0
557113.998,0,0,0,1.000,1.000,1.000,-90.00,180.00,0.00,OPEN,0
557114.009,0,0,0,1.000,1.000,1.000,-90.00,180.00,0.00,OPEN,0
557114.020,0,0,0,1.000,1.000,1.000,-90.00,180.00,0.00,OPEN,0
557114.031,0,0,0,1.000,1.000,1.000,-90.00,180.00,0.00,OPEN,0
557114.041,0,0,0,1.000,1.000,1.000,-90.00,180.00,0.00,OPEN,0
557114.052,0,0,0,1.000,1.000,1.000,-90.00,180.00,0.00,OPEN,0
557114.062,0,0,0,1.000,1.000,1.000,-90.00,180.00,0.00,OPEN,0
557114.073,0,0,0,1.000,1.000,1.000,-90.00,180.00,0.00,OPEN,0
557114.083,0,0,0,1.000,1.000,1.000,-90.00,180.00,0.00,OPEN,0
557114.094,0,0,0,1.000,1.000,1.000,-90.00,180.00,0.00,OPEN,0
557114.105,0,0,0,1.000,1.000,1.000,-90.00,180.00,0.00,OPEN,0
557114.115,0,0,0,1.000,1.000,1.000,-90.00,180.00,0.00,OPEN,0
557114.126,0,0,0,1.000,1.000,1.000,-90.00,180.00,0.00,OPEN,0
557114.137,0,0,0,1.000,1.000,1.000,-90.00,180.00,0.00,OPEN,0
557114.147,0,0,0,1.000,1.000,1.000,-90.00,180.00,0.00,OPEN,0
557114.158,0,0,0,1.000,1.000,1.000,-90.00,180.00,0.00,OPEN,0
557114.169,0,0,0,1.000,1.000,1.000,-90.00,180.00,0.00,OPEN,0
557114.180,0,0,0,1.000,1.000,1.000,-90.00,180.00,0.00,OPEN,0
557114.194,0,0,0,1.000,1.000,1.000,-90.00,180.00,0.00,OPEN,0
557114.205,0,0,0,1.000,1.000,1.000,-90.00,180.00,0.00,OPEN,0
557114.215,0,0,0,1.000,1.000,1.000,-90.00,180.00,0.00,OPEN,0
557114.226,0,0,0,1.000,1.000,1.000,-90.00,180.00,0.00,OPEN,0
557114.237,0,0,0,1.000,1.000,1.000,-90.00,180.00,0.00,OPEN,0
557114.247,0,0,0,1.000,1.000,1.000,-90.00,180.00,0.00,OPEN,0
557114.258,0,0,0,1.000,1.000,1.000,-90.00,180.00,0.00,OPEN,0
557114.269,0,0,0,1.000,1.000,1.000,-90.00,180.00,0.00,OPEN,0
557114.279,0,0,0,1.000,1.000,1.000,-90.00,180.00,0.00,OPEN,0
557114.290,0,0,0,1.000,1.000,1.000,-90.00,180.00,0.00,OPEN,0
557114.300,0,0,0,1.000,1.000,1.000,-90.00,180.00,0.00,OPEN,0
557114.319,0,0,0,1.000,1.000,1.000,-90.00,180.00,0.00,OPEN,0
557114.329,0,0,0,1.000,1.000,1.000,-90.00,180.00,0.00,OPEN,0
557114.340,0,0,0,1.000,1.000,1.000,-90.00,180.00,0.00,OPEN,0
557114.351,0,0,0,1.000,1.000,1.000,-90.00,180.00,0.00,OPEN,0
557114.361,0,0,0,1.000,1.000,1.000,-90.00,180.00,0.00,OPEN,0
557114.372,0,0,0,1.000,1.000,1.000,-90.00,180.00,0.00,OPEN,0
557114.382,0,0,0,1.000,1.000,1.000,-90.00,180.00,0.00,OPEN,0
557114.392,0,0,0,1.000,1.000,1.000,-90.00,180.00,0.00,OPEN,0
557114.403,0,0,0,1.000,1.000,1.000,-90.00,180.00,0.00,OPEN,0
557114.414,0,0,0,1.000,1.000,1.000,-90.00,180.00,0.00,OPEN,0
557114.424,0,0,0,1.000,1.000,1.000,-90.00,180.00,0.00,OPEN,0
557114.435,0,0,0,1.000,1.000,1.000,-90.00,180.00,0.00,OPEN,0
557114.445,0,0,0,1.000,1.000,1.000,-90.00,180.00,0.00,OPEN,0
557114.456,0,0,0,1.000,1.000,1.000,-90.00,180.00,0.00,OPEN,0
557114.467,0,0,0,1.000,1.000,1.000,-90.00,180.00,0.00,OPEN,0
557114.477,0,0,0,1.000,1.000,1.000,-90.00,180.00,0.00,OPEN,0
557114.487,0,0,0,1.000,1.000,1.000,-90.00,180.00,0.00,OPEN,0
557114.499,0,0,0,1.000,1.000,1.000,-90.00,180.00,0.00,OPEN,0
557114.509,0,0,0,1.000,1.000,1.000,-90.00,180.00,0.00,OPEN,0
557114.520,0,0,0,1.000,1.000,1.000,-90.00,180.00,0.00,OPEN,0
557114.531,0,0,0,1.000,1.000,1.000,-90.00,180.00,0.00,OPEN,0
557114.541,0,0,0,1.000,1.000,1.000,-90.00,180.00,0.00,OPEN,0
557114.551,0,0,0,1.000,1.000,1.000,-90.00,180.00,0.00,OPEN,0
557114.562,0,0,0,1.000,1.000,1.000,-90.00,180.00,0.00,OPEN,0
557114.572,0,0,0,1.000,1.000,1.000,-90.00,180.00,0.00,OPEN,0
557114.583,0,0,0,1.000,1.000,1.000,-90.00,180.00,0.00,OPEN,0
557114.593,0,0,0,1.000,1.000,1.000,-90.00,180.00,0.00,OPEN,0
557114.604,0,0,0,1.000,1.000,1.000,-90.00,180.00,0.00,OPEN,0
557114.614,0,0,0,1.000,1.000,1.000,-90.00,180.00,0.00,OPEN,0
557114.625,0,0,0,1.000,1.000,1.000,-90.00,180.00,0.00,OPEN,0
557114.635,0,0,0,1.000,1.000,1.000,-90.00,180.00,0.00,OPEN,0
557114.646,0,0,0,1.000,1.000,1.000,-90.00,180.00,0.00,OPEN,0
557114.656,0,0,0,1.000,1.000,1.000,-90.00,180.00,0.00,OPEN,0
557114.666,0,0,0,1.000,1.000,1.000,-90.00,180.00,0.00,OPEN,0
557114.677,0,0,0,1.000,1.000,1.000,-90.00,180.00,0.00,OPEN,0
557114.687,0,0,0,1.000,1.000,1.000,-90.00,180.00,0.00,OPEN,0
557114.698,0,0,0,1.000,1.000,1.000,-90.00,180.00,0.00,OPEN,0
557114.708,0,0,0,1.000,1.000,1.000,-90.00,180.00,0.00,OPEN,0
557114.719,0,0,0,1.000,1.000,1.000,-90.00,180.00,0.00,OPEN,0
557114.729,0,0,0,1.000,1.000,1.000,-90.00,180.00,0.00,OPEN,0
557114.740,0,0,0,1.000,1.000,1.000,-90.00,180.00,0.00,OPEN,0
557114.750,0,0,0,1.000,1.000,1.000,-90.00,180.00,0.00,OPEN,0
557114.761,0,0,0,1.000,1.000,1.000,-90.00,180.00,0.00,OPEN,0
557114.771,0,0,0,1.000,1.000,1.000,-90.00,180.00,0.00,OPEN,0
557114.782,0,0,0,1.000,1.000,1.000,-90.00,180.00,0.00,OPEN,0
557114.792,0,0,0,1.000,1.000,1.000,-90.00,180.00,0.00,OPEN,0
557114.803,0,0,0,1.000,1.000,1.000,-90.00,180.00,0.00,OPEN,0
557114.813,0,0,0,1.000,1.000,1.000,-90.00,180.00,0.00,OPEN,0
557114.824,0,0,0,1.000,1.000,1.000,-90.00,180.00,0.00,OPEN,0
557114.834,0,0,0,1.000,1.000,1.000,-90.00,180.00,0.00,OPEN,0
557114.844,0,0,0,1.000,1.000,1.000,-90.00,180.00,0.00,OPEN,0
557114.855,0,0,0,1.000,1.000,1.000,-90.00,180.00,0.00,OPEN,0
557114.866,0,0,0,1.000,1.000,1.000,-90.00,180.00,0.00,OPEN,0
557114.876,0,0,0,1.000,1.000,1.000,-90.00,180.00,0.00,OPEN,0
557114.887,0,0,0,1.000,1.000,1.000,-90.00,180.00,0.00,OPEN,0
557114.897,0,0,0,1.000,1.000,1.000,-90.00,180.00,0.00,OPEN,0
557114.908,0,0,0,1.000,1.000,1.000,-90.00,180.00,0.00,OPEN,0
557114.919,0,0,0,1.000,1.000,1.000,-90.00,180.00,0.00,OPEN,0
557114.929,0,0,0,1.000,1.000,1.000,-90.00,180.00,0.00,OPEN,0
557114.940,0,0,0,1.000,1.000,1.000,-90.00,180.00,0.00,OPEN,0
557114.950,0,0,0,1.000,1.000,1.000,-90.00,180.00,0.00,OPEN,0
557114.961,0,0,0,1.000,1.000,1.000,-90.00,180.00,0.00,OPEN,0
557114.971,0,0,0,1.000,1.000,1.000,-90.00,180.00,0.00,OPEN,0
557114.981,0,0,0,1.000,1.000,1.000,-90.00,180.00,0.00,OPEN,0
557114.992,0,0,0,1.000,1.000,1.000,-90.00,180.00,0.00,OPEN,0
557115.003,0,0,0,1.000,1.000,1.000,-90.00,180.00,0.00,OPEN,0
557115.013,0,0,0,1.000,1.000,1.000,-90.00,180.00,0.00,OPEN,0
557115.024,0,0,0,1.000,1.000,1.000,-90.00,180.00,0.00,OPEN,0
557115.034,0,0,0,1.000,1.000,1.000,-90.00,180.00,0.00,OPEN,0
557115.045,0,0,0,1.000,1.000,1.000,-90.00,180.00,0.00,OPEN,0
557115.055,0,0,0,1.000,1.000,1.000,-90.00,180.00,0.00,OPEN,0
557115.066,0,0,0,1.000,1.000,1.000,-90.00,180.00,0.00,OPEN,0
557115.076,0,0,0,1.000,1.000,1.000,-90.00,180.00,0.00,OPEN,0
557115.087,0,0,0,1.000,1.000,1.000,-90.00,180.00,0.00,OPEN,0
557115.097,0,0,0,1.000,1.000,1.000,-90.00,180.00,0.00,OPEN,0
557115.107,0,0,0,1.000,1.000,1.000,-90.00,180.00,0.00,OPEN,0
557115.118,0,0,0,1.000,1.000,1.000,-90.00,180.00,0.00,OPEN,0
557115.129,0,0,0,1.000,1.000,1.000,-90.00,180.00,0.00,OPEN,0
557115.140,0,0,0,1.000,1.000,1.000,-90.00,180.00,0.00,OPEN,0
557115.150,0,0,0,1.000,1.000,1.000,-90.00,180.00,0.00,OPEN,0
557115.161,0,0,0,1.000,1.000,1.000,-90.00,180.00,0.00,OPEN,0
557115.172,0,0,0,1.000,1.000,1.000,-90.00,180.00,0.00,OPEN,0
557115.182,0,0,0,1.000,1.000,1.000,-90.00,180.00,0.00,OPEN,0
557115.192,0,0,0,1.000,1.000,1.000,-90.00,180.00,0.00,OPEN,0
557115.203,0,0,0,1.000,1.000,1.000,-90.00,180.00,0.00,OPEN,0
557115.214,0,0,0,1.000,1.000,1.000,-90.00,180.00,0.00,OPEN,0
557115.225,0,0,0,1.000,1.000,1.000,-90.00,180.00,0.00,OPEN,0
557115.235,0,0,0,1.000,1.000,1.000,-90.00,180.00,0.00,OPEN,0
557115.245,0,0,0,1.000,1.000,1.000,-90.00,180.00,0.00,OPEN,0
557115.256,0,0,0,1.000,1.000,1.000,-90.00,180.00,0.00,OPEN,0
557115.267,0,0,0,1.000,1.000,1.000,-90.00,180.00,0.00,OPEN,0
557115.278,0,0,0,1.000,1.000,1.000,-90.00,180.00,0.00,OPEN,0
557115.289,0,0,0,1.000,1.000,1.000,-90.00,180.00,0.00,OPEN,0
557115.300,0,0,0,1.000,1.000,1.000,-90.00,180.00,0.00,OPEN,0
557115.313,0,0,0,1.000,1.000,1.000,-90.00,180.00,0.00,OPEN,0
557115.323,0,0,0,1.000,1.000,1.000,-90.00,180.00,0.00,OPEN,0
557115.334,0,0,0,1.000,1.000,1.000,-90.00,180.00,0.00,OPEN,0
557115.345,0,0,0,1.000,1.000,1.000,-90.00,180.00,0.00,OPEN,0
557115.355,0,0,0,1.000,1.000,1.000,-90.00,180.00,0.00,OPEN,0
557115.366,0,0,0,1.000,1.000,1.000,-90.00,180.00,0.00,OPEN,0
557115.376,0,0,0,1.000,1.000,1.000,-90.00,180.00,0.00,OPEN,0
557115.387,0,0,0,1.000,1.000,1.000,-90.00,180.00,0.00,OPEN,0
557115.398,0,0,0,1.000,1.000,1.000,-90.00,180.00,0.00,OPEN,0
557115.408,0,0,0,1.000,1.000,1.000,-90.00,180.00,0.00,OPEN,0
557115.419,0,0,0,1.000,1.000,1.000,-90.00,180.00,0.00,OPEN,0
557115.430,0,0,0,1.000,1.000,1.000,-90.00,180.00,0.00,OPEN,0
557115.440,0,0,0,1.000,1.000,1.000,-90.00,180.00,0.00,OPEN,0
557115.451,0,0,0,1.000,1.000,1.000,-90.00,180.00,0.00,OPEN,0
557115.462,0,0,0,1.000,1.000,1.000,-90.00,180.00,0.00,OPEN,0
557115.473,0,0,0,1.000,1.000,1.000,-90.00,180.00,0.00,OPEN,0
557115.484,0,0,0,1.000,1.000,1.000,-90.00,180.00,0.00,OPEN,0
557115.494,0,0,0,1.000,1.000,1.000,-90.00,180.00,0.00,OPEN,0
557115.505,0,0,0,1.000,1.000,1.000,-90.00,180.00,0.00,OPEN,0
557115.516,0,0,0,1.000,1.000,1.000,-90.00,180.00,0.00,OPEN,0
557115.526,0,0,0,1.000,1.000,1.000,-90.00,180.00,0.00,OPEN,0
557115.537,0,0,0,1.000,1.000,1.000,-90.00,180.00,0.00,OPEN,0
557115.548,0,0,0,1.000,1.000,1.000,-90.00,180.00,0.00,OPEN,0
557115.558,0,0,0,1.000,1.000,1.000,-90.00,180.00,0.00,OPEN,0
557115.569,0,0,0,1.000,1.000,1.000,-90.00,180.00,0.00,OPEN,0
557115.579,0,0,0,1.000,1.000,1.000,-90.00,180.00,0.00,OPEN,0
557115.590,0,0,0,1.000,1.000,1.000,-90.00,180.00,0.00,OPEN,0
557115.601,0,0,0,1.000,1.000,1.000,-90.00,180.00,0.00,OPEN,0
557115.612,0,0,0,1.000,1.000,1.000,-90.00,180.00,0.00,OPEN,0
557115.622,0,0,0,1.000,1.000,1.000,-90.00,180.00,0.00,OPEN,0
557115.633,0,0,0,1.000,1.000,1.000,-90.00,180.00,0.00,OPEN,0
557115.643,0,0,0,1.000,1.000,1.000,-90.00,180.00,0.00,OPEN,0
557115.655,0,0,0,1.000,1.000,1.000,-90.00,180.00,0.00,OPEN,0
557115.673,0,0,0,1.000,1.000,1.000,-90.00,180.00,0.00,OPEN,0
557115.684,0,0,0,1.000,1.000,1.000,-90.00,180.00,0.00,OPEN,0
557115.696,0,0,0,1.000,1.000,1.000,-90.00,180.00,0.00,OPEN,0
557115.707,0,0,0,1.000,1.000,1.000,-90.00,180.00,0.00,OPEN,0
557115.717,0,0,0,1.000,1.000,1.000,-90.00,180.00,0.00,OPEN,0
557115.728,0,0,0,1.000,1.000,1.000,-90.00,180.00,0.00,OPEN,0
557115.738,0,0,0,1.000,1.000,1.000,-90.00,180.00,0.00,OPEN,0
557115.749,0,0,0,1.000,1.000,1.000,-90.00,180.00,0.00,OPEN,0
557115.760,0,0,0,1.000,1.000,1.000,-90.00,180.00,0.00,OPEN,0
557115.770,0,0,0,1.000,1.000,1.000,-90.00,180.00,0.00,OPEN,0
557115.780,0,0,0,1.000,1.000,1.000,-90.00,180.00,0.00,OPEN,0
557115.791,0,0,0,1.000,1.000,1.000,-90.00,180.00,0.00,OPEN,0
557115.801,0,0,0,1.000,1.000,1.000,-90.00,180.00,0.00,OPEN,0
557115.812,0,0,0,1.000,1.000,1.000,-90.00,180.00,0.00,OPEN,0
557115.823,0,0,0,1.000,1.000,1.000,-90.00,180.00,0.00,OPEN,0
557115.833,0,0,0,1.000,1.000,1.000,-90.00,180.00,0.00,OPEN,0
557115.843,0,0,0,1.000,1.000,1.000,-90.00,180.00,0.00,OPEN,0
557115.854,0,0,0,1.000,1.000,1.000,-90.00,180.00,0.00,OPEN,0
557115.865,0,0,0,1.000,1.000,1.000,-90.00,180.00,0.00,OPEN,0
557115.875,0,0,0,1.000,1.000,1.000,-90.00,180.00,0.00,OPEN,0
557115.886,0,0,0,1.000,1.000,1.000,-90.00,180.00,0.00,OPEN,0
557115.897,0,0,0,1.000,1.000,1.000,-90.00,180.00,0.00,OPEN,0
557115.908,0,0,0,1.000,1.000,1.000,-90.00,180.00,0.00,OPEN,0
557115.918,0,0,0,1.000,1.000,1.000,-90.00,180.00,0.00,OPEN,0
557115.929,0,0,0,1.000,1.000,1.000,-90.00,180.00,0.00,OPEN,0
557115.939,0,0,0,1.000,1.000,1.000,-90.00,180.00,0.00,OPEN,0
557115.950,0,0,0,1.000,1.000,1.000,-90.00,180.00,0.00,OPEN,0
557115.960,0,0,0,1.000,1.000,1.000,-90.00,180.00,0.00,OPEN,0
557115.971,0,0,0,1.000,1.000,1.000,-90.00,180.00,0.00,OPEN,0
557115.981,0,0,0,1.000,1.000,1.000,-90.00,180.00,0.00,OPEN,0
557115.993,0,0,0,1.000,1.000,1.000,-90.00,180.00,0.00,OPEN,0
557116.004,0,0,0,1.000,1.000,1.000,-90.00,180.00,0.00,OPEN,0
557116.015,0,0,0,1.000,1.000,1.000,-90.00,180.00,0.00,OPEN,0
557116.026,0,0,0,1.000,1.000,1.000,-90.00,180.00,0.00,OPEN,0
557116.037,0,0,0,1.000,1.000,1.000,-90.00,180.00,0.00,OPEN,0
557116.047,0,0,0,1.000,1.000,1.000,-90.00,180.00,0.00,OPEN,0
557116.058,0,0,0,1.000,1.000,1.000,-90.00,180.00,0.00,OPEN,0
557116.069,0,0,0,1.000,1.000,1.000,-90.00,180.00,0.00,OPEN,0
557116.079,0,0,0,1.000,1.000,1.000,-90.00,180.00,0.00,OPEN,0
557116.089,0,0,0,1.000,1.000,1.000,-90.00,180.00,0.00,OPEN,0
557116.100,0,0,0,1.000,1.000,1.000,-90.00,180.00,0.00,OPEN,0
557116.111,0,0,0,1.000,1.000,1.000,-90.00,180.00,0.00,OPEN,0
557116.121,0,0,0,1.000,1.000,1.000,-90.00,180.00,0.00,OPEN,0
557116.131,0,0,0,1.000,1.000,1.000,-90.00,180.00,0.00,OPEN,0
557116.142,0,0,0,1.000,1.000,1.000,-90.00,180.00,0.00,OPEN,0
557116.153,0,0,0,1.000,1.000,1.000,-90.00,180.00,0.00,OPEN,0
557116.163,0,0,0,1.000,1.000,1.000,-90.00,180.00,0.00,OPEN,0
557116.174,0,0,0,1.000,1.000,1.000,-90.00,180.00,0.00,OPEN,0
557116.185,0,0,0,1.000,1.000,1.000,-90.00,180.00,0.00,OPEN,0
557116.196,0,0,0,1.000,1.000,1.000,-90.00,180.00,0.00,OPEN,0
557116.206,0,0,0,1.000,1.000,1.000,-90.00,180.00,0.00,OPEN,0
557116.217,0,0,0,1.000,1.000,1.000,-90.00,180.00,0.00,OPEN,0
557116.227,0,0,0,1.000,1.000,1.000,-90.00,180.00,0.00,OPEN,0
557116.238,0,0,0,1.000,1.000,1.000,-90.00,180.00,0.00,OPEN,0
557116.248,0,0,0,1.000,1.000,1.000,-90.00,180.00,0.00,OPEN,0
557116.259,0,0,0,1.000,1.000,1.000,-90.00,180.00,0.00,OPEN,0
557116.270,0,0,0,1.000,1.000,1.000,-90.00,180.00,0.00,OPEN,0
557116.280,0,0,0,1.000,1.000,1.000,-90.00,180.00,0.00,OPEN,0
557116.292,0,0,0,1.000,1.000,1.000,-90.00,180.00,0.00,OPEN,0
557116.302,0,0,0,1.000,1.000,1.000,-90.00,180.00,0.00,OPEN,0
557116.312,0,0,0,1.000,1.000,1.000,-90.00,180.00,0.00,OPEN,0
557116.323,0,0,0,1.000,1.000,1.000,-90.00,180.00,0.00,OPEN,0
557116.334,0,0,0,1.000,1.000,1.000,-90.00,180.00,0.00,OPEN,0
557116.344,0,0,0,1.000,1.000,1.000,-90.00,180.00,0.00,OPEN,0
557116.355,0,0,0,1.000,1.000,1.000,-90.00,180.00,0.00,OPEN,0
557116.366,0,0,0,1.000,1.000,1.000,-90.00,180.00,0.00,OPEN,0
557116.376,0,0,0,1.000,1.000,1.000,-90.00,180.00,0.00,OPEN,0
557116.387,0,0,0,1.000,1.000,1.000,-90.00,180.00,0.00,OPEN,0
557116.397,0,0,0,1.000,1.000,1.000,-90.00,180.00,0.00,OPEN,0
557116.407,0,0,0,1.000,1.000,1.000,-90.00,180.00,0.00,OPEN,0
557116.418,0,0,0,1.000,1.000,1.000,-90.00,180.00,0.00,OPEN,0
557116.429,0,0,0,1.000,1.000,1.000,-90.00,180.00,0.00,OPEN,0
557116.439,0,0,0,1.000,1.000,1.000,-90.00,180.00,0.00,OPEN,0
557116.450,0,0,0,1.000,1.000,1.000,-90.00,180.00,0.00,OPEN,0
557116.461,0,0,0,1.000,1.000,1.000,-90.00,180.00,0.00,OPEN,0
557116.472,0,0,0,1.000,1.000,1.000,-90.00,180.00,0.00,OPEN,0
557116.483,0,0,0,1.000,1.000,1.000,-90.00,180.00,0.00,OPEN,0
557116.494,0,0,0,1.000,1.000,1.000,-90.00,180.00,0.00,OPEN,0
557116.505,0,0,0,1.000,1.000,1.000,-90.00,180.00,0.00,OPEN,0
557116.516,0,0,0,1.000,1.000,1.000,-90.00,180.00,0.00,OPEN,0
557116.526,0,0,0,1.000,1.000,1.000,-90.00,180.00,0.00,OPEN,0
557116.537,0,0,0,1.000,1.000,1.000,-90.00,180.00,0.00,OPEN,0
557116.547,0,0,0,1.000,1.000,1.000,-90.00,180.00,0.00,OPEN,0
557116.558,0,0,0,1.000,1.000,1.000,-90.00,180.00,0.00,OPEN,0
557116.570,0,0,0,1.000,1.000,1.000,-90.00,180.00,0.00,OPEN,0
557116.593,0,0,0,1.000,1.000,1.000,-90.00,180.00,0.00,OPEN,0
557116.607,0,0,0,1.000,1.000,1.000,-90.00,180.00,0.00,OPEN,0
557116.617,0,0,0,1.000,1.000,1.000,-90.00,180.00,0.00,OPEN,0
557116.628,0,0,0,1.000,1.000,1.000,-90.00,180.00,0.00,OPEN,0
557116.639,0,0,0,1.000,1.000,1.000,-90.00,180.00,0.00,OPEN,0
557116.650,0,0,0,1.000,1.000,1.000,-90.00,180.00,0.00,OPEN,0
557116.661,0,0,0,1.000,1.000,1.000,-90.00,180.00,0.00,OPEN,0
557116.672,0,0,0,1.000,1.000,1.000,-90.00,180.00,0.00,OPEN,0
557116.682,0,0,0,1.000,1.000,1.000,-90.00,180.00,0.00,OPEN,0
557116.693,0,0,0,1.000,1.000,1.000,-90.00,180.00,0.00,OPEN,0
557116.704,0,0,0,1.000,1.000,1.000,-90.00,180.00,0.00,OPEN,0
557116.714,0,0,0,1.000,1.000,1.000,-90.00,180.00,0.00,OPEN,0
557116.724,0,0,0,1.000,1.000,1.000,-90.00,180.00,0.00,OPEN,0
557116.735,0,0,0,1.000,1.000,1.000,-90.00,180.00,0.00,OPEN,0
557116.745,0,0,0,1.000,1.000,1.000,-90.00,180.00,0.00,OPEN,0
557116.756,0,0,0,1.000,1.000,1.000,-90.00,180.00,0.00,OPEN,0
557116.767,0,0,0,1.000,1.000,1.000,-90.00,180.00,0.00,OPEN,0
557116.777,0,0,0,1.000,1.000,1.000,-90.00,180.00,0.00,OPEN,0
557116.795,0,0,0,1.000,1.000,1.000,-90.00,180.00,0.00,OPEN,0
557116.807,0,0,0,1.000,1.000,1.000,-90.00,180.00,0.00,OPEN,0
557116.818,0,0,0,1.000,1.000,1.000,-90.00,180.00,0.00,OPEN,0
557116.828,0,0,0,1.000,1.000,1.000,-90.00,180.00,0.00,OPEN,0
557116.839,0,0,0,1.000,1.000,1.000,-90.00,180.00,0.00,OPEN,0
557116.850,0,0,0,1.000,1.000,1.000,-90.00,180.00,0.00,OPEN,0
557116.861,0,0,0,1.000,1.000,1.000,-90.00,180.00,0.00,OPEN,0
557116.873,0,0,0,1.000,1.000,1.000,-90.00,180.00,0.00,OPEN,0
557116.883,0,0,0,1.000,1.000,1.000,-90.00,180.00,0.00,OPEN,0
557116.895,0,0,0,1.000,1.000,1.000,-90.00,180.00,0.00,OPEN,0
557116.907,0,0,0,1.000,1.000,1.000,-90.00,180.00,0.00,OPEN,0
557116.917,0,0,0,1.000,1.000,1.000,-90.00,180.00,0.00,OPEN,0
557116.928,0,0,0,1.000,1.000,1.000,-90.00,180.00,0.00,OPEN,0
557116.938,0,0,0,1.000,1.000,1.000,-90.00,180.00,0.00,OPEN,0
557116.949,0,0,0,1.000,1.000,1.000,-90.00,180.00,0.00,OPEN,0
557116.960,0,0,0,1.000,1.000,1.000,-90.00,180.00,0.00,OPEN,0
557116.970,0,0,0,1.000,1.000,1.000,-90.00,180.00,0.00,OPEN,0
557116.981,0,0,0,1.000,1.000,1.000,-90.00,180.00,0.00,OPEN,0
557116.991,0,0,0,1.000,1.000,1.000,-90.00,180.00,0.00,OPEN,0
557117.002,0,0,0,1.000,1.000,1.000,-90.00,180.00,0.00,OPEN,0
557117.012,0,0,0,1.000,1.000,1.000,-90.00,180.00,0.00,OPEN,0
557117.023,0,0,0,1.000,1.000,1.000,-90.00,180.00,0.00,OPEN,0
557117.033,0,0,0,1.000,1.000,1.000,-90.00,180.00,0.00,OPEN,0
557117.044,0,0,0,1.000,1.000,1.000,-90.00,180.00,0.00,OPEN,0
557117.054,0,0,0,1.000,1.000,1.000,-90.00,180.00,0.00,OPEN,0
557117.065,0,0,0,1.000,1.000,1.000,-90.00,180.00,0.00,OPEN,0
557117.076,0,0,0,1.000,1.000,1.000,-90.00,180.00,0.00,OPEN,0
557117.086,0,0,0,1.000,1.000,1.000,-90.00,180.00,0.00,OPEN,0
557117.097,0,0,0,1.000,1.000,1.000,-90.00,180.00,0.00,OPEN,0
557117.107,0,0,0,1.000,1.000,1.000,-90.00,180.00,0.00,OPEN,0
557117.118,0,0,0,1.000,1.000,1.000,-90.00,180.00,0.00,OPEN,0
557117.128,0,0,0,1.000,1.000,1.000,-90.00,180.00,0.00,OPEN,0
557117.139,0,0,0,1.000,1.000,1.000,-90.00,180.00,0.00,OPEN,0
557117.149,0,0,0,1.000,1.000,1.000,-90.00,180.00,0.00,OPEN,0
557117.160,0,0,0,1.000,1.000,1.000,-90.00,180.00,0.00,OPEN,0
557117.170,0,0,0,1.000,1.000,1.000,-90.00,180.00,0.00,OPEN,0
557117.181,0,0,0,1.000,1.000,1.000,-90.00,180.00,0.00,OPEN,0
557117.191,0,0,0,1.000,1.000,1.000,-90.00,180.00,0.00,OPEN,0
557117.202,0,0,0,1.000,1.000,1.000,-90.00,180.00,0.00,OPEN,0
557117.212,0,0,0,1.000,1.000,1.000,-90.00,180.00,0.00,OPEN,0
557117.223,0,0,0,1.000,1.000,1.000,-90.00,180.00,0.00,OPEN,0
557117.233,0,0,0,1.000,1.000,1.000,-90.00,180.00,0.00,OPEN,0
557117.244,0,0,0,1.000,1.000,1.000,-90.00,180.00,0.00,OPEN,0
557117.254,0,0,0,1.000,1.000,1.000,-90.00,180.00,0.00,OPEN,0
557117.265,0,0,0,1.000,1.000,1.000,-90.00,180.00,0.00,OPEN,0
557117.275,0,0,0,1.000,1.000,1.000,-90.00,180.00,0.00,OPEN,0
557117.286,0,0,0,1.000,1.000,1.000,-90.00,180.00,0.00,OPEN,0
557117.297,0,0,0,1.000,1.000,1.000,-90.00,180.00,0.00,OPEN,0
557117.307,0,0,0,1.000,1.000,1.000,-90.00,180.00,0.00,OPEN,0
557117.321,0,0,0,1.000,1.000,1.000,-90.00,180.00,0.00,OPEN,0
557117.332,0,0,0,1.000,1.000,1.000,-90.00,180.00,0.00,OPEN,0
557117.343,0,0,0,1.000,1.000,1.000,-90.00,180.00,0.00,OPEN,0
557117.353,0,0,0,1.000,1.000,1.000,-90.00,180.00,0.00,OPEN,0
557117.364,0,0,0,1.000,1.000,1.000,-90.00,180.00,0.00,OPEN,0
557117.432,0,0,0,1.000,1.000,1.000,-90.00,180.00,0.00,OPEN,0
557117.452,0,0,0,1.000,1.000,1.000,-90.00,180.00,0.00,OPEN,0
557117.466,0,0,0,1.000,1.000,1.000,-90.00,180.00,0.00,OPEN,0
557117.477,0,0,0,1.000,1.000,1.000,-90.00,180.00,0.00,OPEN,0
557117.488,0,0,0,1.000,1.000,1.000,-90.00,180.00,0.00,OPEN,0
557117.498,0,0,0,1.000,1.000,1.000,-90.00,180.00,0.00,OPEN,0
557117.509,0,0,0,1.000,1.000,1.000,-90.00,180.00,0.00,OPEN,0
557117.519,0,0,0,1.000,1.000,1.000,-90.00,180.00,0.00,OPEN,0
557117.529,0,0,0,1.000,1.000,1.000,-90.00,180.00,0.00,OPEN,0
557117.540,0,0,0,1.000,1.000,1.000,-90.00,180.00,0.00,OPEN,0
557117.550,0,0,0,1.000,1.000,1.000,-90.00,180.00,0.00,OPEN,0
557117.561,0,0,0,1.000,1.000,1.000,-90.00,180.00,0.00,OPEN,0
557117.571,0,0,0,1.000,1.000,1.000,-90.00,180.00,0.00,OPEN,0
557117.582,0,0,0,1.000,1.000,1.000,-90.00,180.00,0.00,OPEN,0
557117.592,0,0,0,1.000,1.000,1.000,-90.00,180.00,0.00,OPEN,0
557117.603,0,0,0,1.000,1.000,1.000,-90.00,180.00,0.00,OPEN,0
557117.613,0,0,0,1.000,1.000,1.000,-90.00,180.00,0.00,OPEN,0
557117.624,0,0,0,1.000,1.000,1.000,-90.00,180.00,0.00,OPEN,0
557117.634,0,0,0,1.000,1.000,1.000,-90.00,180.00,0.00,OPEN,0
557117.645,0,0,0,1.000,1.000,1.000,-90.00,180.00,0.00,OPEN,0
557117.655,0,0,0,1.000,1.000,1.000,-90.00,180.00,0.00,OPEN,0
557117.666,0,0,0,1.000,1.000,1.000,-90.00,180.00,0.00,OPEN,0
557117.677,0,0,0,1.000,1.000,1.000,-90.00,180.00,0.00,OPEN,0
557117.688,0,0,0,1.000,1.000,1.000,-90.00,180.00,0.00,OPEN,0
557117.698,0,0,0,1.000,1.000,1.000,-90.00,180.00,0.00,OPEN,0
557117.709,0,0,0,1.000,1.000,1.000,-90.00,180.00,0.00,OPEN,0
557117.720,0,0,0,1.000,1.000,1.000,-90.00,180.00,0.00,OPEN,0
557117.730,0,0,0,1.000,1.000,1.000,-90.00,180.00,0.00,OPEN,0
557117.741,0,0,0,1.000,1.000,1.000,-90.00,180.00,0.00,OPEN,0
557117.751,0,0,0,1.000,1.000,1.000,-90.00,180.00,0.00,OPEN,0
557117.762,0,0,0,1.000,1.000,1.000,-90.00,180.00,0.00,OPEN,0
557117.773,0,0,0,1.000,1.000,1.000,-90.00,180.00,0.00,OPEN,0
557117.783,0,0,0,1.000,1.000,1.000,-90.00,180.00,0.00,OPEN,0
557117.796,0,0,0,1.000,1.000,1.000,-90.00,180.00,0.00,OPEN,0
557117.807,0,0,0,1.000,1.000,1.000,-90.00,180.00,0.00,OPEN,0
557117.818,0,0,0,1.000,1.000,1.000,-90.00,180.00,0.00,OPEN,0
557117.828,0,0,0,1.000,1.000,1.000,-90.00,180.00,0.00,OPEN,0
557117.840,0,0,0,1.000,1.000,1.000,-90.00,180.00,0.00,OPEN,0
557117.859,0,0,0,1.000,1.000,1.000,-90.00,180.00,0.00,OPEN,0
557117.870,0,0,0,1.000,1.000,1.000,-90.00,180.00,0.00,OPEN,0
557117.881,0,0,0,1.000,1.000,1.000,-90.00,180.00,0.00,OPEN,0
557117.891,0,0,0,1.000,1.000,1.000,-90.00,180.00,0.00,OPEN,0
557117.902,0,0,0,1.000,1.000,1.000,-90.00,180.00,0.00,OPEN,0
557117.913,0,0,0,1.000,1.000,1.000,-90.00,180.00,0.00,OPEN,0
557117.924,0,0,0,1.000,1.000,1.000,-90.00,180.00,0.00,OPEN,0
557117.935,0,0,0,1.000,1.000,1.000,-90.00,180.00,0.00,OPEN,0
557117.946,0,0,0,1.000,1.000,1.000,-90.00,180.00,0.00,OPEN,0
557117.956,0,0,0,1.000,1.000,1.000,-90.00,180.00,0.00,OPEN,0
557117.967,0,0,0,1.000,1.000,1.000,-90.00,180.00,0.00,OPEN,0
557117.978,0,0,0,1.000,1.000,1.000,-90.00,180.00,0.00,OPEN,0
557117.989,0,0,0,1.000,1.000,1.000,-90.00,180.00,0.00,OPEN,0
557118.000,0,0,0,1.000,1.000,1.000,-90.00,180.00,0.00,OPEN,0
557118.012,0,0,0,1.000,1.000,1.000,-90.00,180.00,0.00,OPEN,0
557118.024,0,0,0,1.000,1.000,1.000,-90.00,180.00,0.00,OPEN,0
557118.043,0,0,0,1.000,1.000,1.000,-90.00,180.00,0.00,OPEN,0
557118.054,0,0,0,1.000,1.000,1.000,-90.00,180.00,0.00,OPEN,0
557118.065,0,0,0,1.000,1.000,1.000,-90.00,180.00,0.00,OPEN,0
557118.076,0,0,0,1.000,1.000,1.000,-90.00,180.00,0.00,OPEN,0
557118.087,0,0,0,1.000,1.000,1.000,-90.00,180.00,0.00,OPEN,0
557118.098,0,0,0,1.000,1.000,1.000,-90.00,180.00,0.00,OPEN,0
557118.108,0,0,0,1.000,1.000,1.000,-90.00,180.00,0.00,OPEN,0
557118.119,0,0,0,1.000,1.000,1.000,-90.00,180.00,0.00,OPEN,0
557118.130,0,0,0,1.000,1.000,1.000,-90.00,180.00,0.00,OPEN,0
557118.141,0,0,0,1.000,1.000,1.000,-90.00,180.00,0.00,OPEN,0
557118.152,0,0,0,1.000,1.000,1.000,-90.00,180.00,0.00,OPEN,0
557118.163,0,0,0,1.000,1.000,1.000,-90.00,180.00,0.00,OPEN,0
557118.174,0,0,0,1.000,1.000,1.000,-90.00,180.00,0.00,OPEN,0
557118.185,0,0,0,1.000,1.000,1.000,-90.00,180.00,0.00,OPEN,0
557118.195,0,0,0,1.000,1.000,1.000,-90.00,180.00,0.00,OPEN,0
557118.206,0,0,0,1.000,1.000,1.000,-90.00,180.00,0.00,OPEN,0
557118.217,0,0,0,1.000,1.000,1.000,-90.00,180.00,0.00,OPEN,0
557118.230,0,0,0,1.000,1.000,1.000,-90.00,180.00,0.00,OPEN,0
557118.240,0,0,0,1.000,1.000,1.000,-90.00,180.00,0.00,OPEN,0
557118.251,0,0,0,1.000,1.000,1.000,-90.00,180.00,0.00,OPEN,0
557118.262,0,0,0,1.000,1.000,1.000,-90.00,180.00,0.00,OPEN,0
557118.272,0,0,0,1.000,1.000,1.000,-90.00,180.00,0.00,OPEN,0
557118.283,0,0,0,1.000,1.000,1.000,-90.00,180.00,0.00,OPEN,0
557118.294,0,0,0,1.000,1.000,1.000,-90.00,180.00,0.00,OPEN,0
557118.305,0,0,0,1.000,1.000,1.000,-90.00,180.00,0.00,OPEN,0
557118.315,0,0,0,1.000,1.000,1.000,-90.00,180.00,0.00,OPEN,0
557118.326,0,0,0,1.000,1.000,1.000,-90.00,180.00,0.00,OPEN,0
557118.337,0,0,0,1.000,1.000,1.000,-90.00,180.00,0.00,OPEN,0
557118.347,0,0,0,1.000,1.000,1.000,-90.00,180.00,0.00,OPEN,0
557118.358,0,0,0,1.000,1.000,1.000,-90.00,180.00,0.00,OPEN,0
557118.369,0,0,0,1.000,1.000,1.000,-90.00,180.00,0.00,OPEN,0
557118.379,0,0,0,1.000,1.000,1.000,-90.00,180.00,0.00,OPEN,0
557118.389,0,0,0,1.000,1.000,1.000,-90.00,180.00,0.00,OPEN,0
557118.402,0,0,0,1.000,1.000,1.000,-90.00,180.00,0.00,OPEN,0
557118.413,0,0,0,1.000,1.000,1.000,-90.00,180.00,0.00,OPEN,0
557118.424,0,0,0,1.000,1.000,1.000,-90.00,180.00,0.00,OPEN,0
557118.434,0,0,0,1.000,1.000,1.000,-90.00,180.00,0.00,OPEN,0
557118.445,0,0,0,1.000,1.000,1.000,-90.00,180.00,0.00,OPEN,0
557118.456,0,0,0,1.000,1.000,1.000,-90.00,180.00,0.00,OPEN,0
557118.466,0,0,0,1.000,1.000,1.000,-90.00,180.00,0.00,OPEN,0
557118.477,0,0,0,1.000,1.000,1.000,-90.00,180.00,0.00,OPEN,0
557118.487,0,0,0,1.000,1.000,1.000,-90.00,180.00,0.00,OPEN,0
557118.498,0,0,0,1.000,1.000,1.000,-90.00,180.00,0.00,OPEN,0
557118.508,0,0,0,1.000,1.000,1.000,-90.00,180.00,0.00,OPEN,0
557118.518,0,0,0,1.000,1.000,1.000,-90.00,180.00,0.00,OPEN,0
557118.529,0,0,0,1.000,1.000,1.000,-90.00,180.00,0.00,OPEN,0
557118.539,0,0,0,1.000,1.000,1.000,-90.00,180.00,0.00,OPEN,0
557118.550,0,0,0,1.000,1.000,1.000,-90.00,180.00,0.00,OPEN,0
557118.560,0,0,0,1.000,1.000,1.000,-90.00,180.00,0.00,OPEN,0
557118.571,0,0,0,1.000,1.000,1.000,-90.00,180.00,0.00,OPEN,0
557118.582,0,0,0,1.000,1.000,1.000,-90.00,180.00,0.00,OPEN,0
557118.592,0,0,0,1.000,1.000,1.000,-90.00,180.00,0.00,OPEN,0
557118.603,0,0,0,1.000,1.000,1.000,-90.00,180.00,0.00,OPEN,0
557118.613,0,0,0,1.000,1.000,1.000,-90.00,180.00,0.00,OPEN,0
557118.624,0,0,0,1.000,1.000,1.000,-90.00,180.00,0.00,OPEN,0
557118.634,0,0,0,1.000,1.000,1.000,-90.00,180.00,0.00,OPEN,0
557118.645,0,0,0,1.000,1.000,1.000,-90.00,180.00,0.00,OPEN,0
557118.656,0,0,0,1.000,1.000,1.000,-90.00,180.00,0.00,OPEN,0
557118.666,0,0,0,1.000,1.000,1.000,-90.00,180.00,0.00,OPEN,0
557118.677,0,0,0,1.000,1.000,1.000,-90.00,180.00,0.00,OPEN,0
557118.688,0,0,0,1.000,1.000,1.000,-90.00,180.00,0.00,OPEN,0
557118.698,0,0,0,1.000,1.000,1.000,-90.00,180.00,0.00,OPEN,0
557118.709,0,0,0,1.000,1.000,1.000,-90.00,180.00,0.00,OPEN,0
557118.719,0,0,0,1.000,1.000,1.000,-90.00,180.00,0.00,OPEN,0
557118.730,0,0,0,1.000,1.000,1.000,-90.00,180.00,0.00,OPEN,0
557118.741,0,0,0,1.000,1.000,1.000,-90.00,180.00,0.00,OPEN,0
557118.751,0,0,0,1.000,1.000,1.000,-90.00,180.00,0.00,OPEN,0
557118.762,0,0,0,1.000,1.000,1.000,-90.00,180.00,0.00,OPEN,0
557118.773,0,0,0,1.000,1.000,1.000,-90.00,180.00,0.00,OPEN,0
557118.783,0,0,0,1.000,1.000,1.000,-90.00,180.00,0.00,OPEN,0
557118.794,0,0,0,1.000,1.000,1.000,-90.00,180.00,0.00,OPEN,0
557118.804,0,0,0,1.000,1.000,1.000,-90.00,180.00,0.00,OPEN,0
557118.815,0,0,0,1.000,1.000,1.000,-90.00,180.00,0.00,OPEN,0
557118.826,0,0,0,1.000,1.000,1.000,-90.00,180.00,0.00,OPEN,0
557118.836,0,0,0,1.000,1.000,1.000,-90.00,180.00,0.00,OPEN,0
557118.847,0,0,0,1.000,1.000,1.000,-90.00,180.00,0.00,OPEN,0
557118.858,0,0,0,1.000,1.000,1.000,-90.00,180.00,0.00,OPEN,0
557118.868,0,0,0,1.000,1.000,1.000,-90.00,180.00,0.00,OPEN,0
557118.879,0,0,0,1.000,1.000,1.000,-90.00,180.00,0.00,OPEN,0
557118.890,0,0,0,1.000,1.000,1.000,-90.00,180.00,0.00,OPEN,0
557118.900,0,0,0,1.000,1.000,1.000,-90.00,180.00,0.00,OPEN,0
557118.911,0,0,0,1.000,1.000,1.000,-90.00,180.00,0.00,OPEN,0
557118.922,0,0,0,1.000,1.000,1.000,-90.00,180.00,0.00,OPEN,0
557118.933,0,0,0,1.000,1.000,1.000,-90.00,180.00,0.00,OPEN,0
557118.943,0,0,0,1.000,1.000,1.000,-90.00,180.00,0.00,OPEN,0
557118.954,0,0,0,1.000,1.000,1.000,-90.00,180.00,0.00,OPEN,0
557118.964,0,0,0,1.000,1.000,1.000,-90.00,180.00,0.00,OPEN,0
557118.975,0,0,0,1.000,1.000,1.000,-90.00,180.00,0.00,OPEN,0
557118.985,0,0,0,1.000,1.000,1.000,-90.00,180.00,0.00,OPEN,0
557118.996,0,0,0,1.000,1.000,1.000,-90.00,180.00,0.00,OPEN,0
557119.006,0,0,0,1.000,1.000,1.000,-90.00,180.00,0.00,OPEN,0
557119.017,0,0,0,1.000,1.000,1.000,-90.00,180.00,0.00,OPEN,0
557119.028,0,0,0,1.000,1.000,1.000,-90.00,180.00,0.00,OPEN,0
557119.039,0,0,0,1.000,1.000,1.000,-90.00,180.00,0.00,OPEN,0
557119.050,0,0,0,1.000,1.000,1.000,-90.00,180.00,0.00,OPEN,0
557119.060,0,0,0,1.000,1.000,1.000,-90.00,180.00,0.00,OPEN,0
557119.071,0,0,0,1.000,1.000,1.000,-90.00,180.00,0.00,OPEN,0
557119.081,0,0,0,1.000,1.000,1.000,-90.00,180.00,0.00,OPEN,0
557119.092,0,0,0,1.000,1.000,1.000,-90.00,180.00,0.00,OPEN,0
557119.102,0,0,0,1.000,1.000,1.000,-90.00,180.00,0.00,OPEN,0
557119.113,0,0,0,1.000,1.000,1.000,-90.00,180.00,0.00,OPEN,0
557119.124,0,0,0,1.000,1.000,1.000,-90.00,180.00,0.00,OPEN,0
557119.134,0,0,0,1.000,1.000,1.000,-90.00,180.00,0.00,OPEN,0
557119.145,0,0,0,1.000,1.000,1.000,-90.00,180.00,0.00,OPEN,0
557119.156,0,0,0,1.000,1.000,1.000,-90.00,180.00,0.00,OPEN,0
557119.166,0,0,0,1.000,1.000,1.000,-90.00,180.00,0.00,OPEN,0
557119.177,0,0,0,1.000,1.000,1.000,-90.00,180.00,0.00,OPEN,0
557119.187,0,0,0,1.000,1.000,1.000,-90.00,180.00,0.00,OPEN,0
557119.198,0,0,0,1.000,1.000,1.000,-90.00,180.00,0.00,OPEN,0
557119.209,0,0,0,1.000,1.000,1.000,-90.00,180.00,0.00,OPEN,0
557119.219,0,0,0,1.000,1.000,1.000,-90.00,180.00,0.00,OPEN,0
557119.230,0,0,0,1.000,1.000,1.000,-90.00,180.00,0.00,OPEN,0
557119.240,0,0,0,1.000,1.000,1.000,-90.00,180.00,0.00,OPEN,0
557119.251,0,0,0,1.000,1.000,1.000,-90.00,180.00,0.00,OPEN,0
557119.261,0,0,0,1.000,1.000,1.000,-90.00,180.00,0.00,OPEN,0
557119.273,0,0,0,1.000,1.000,1.000,-90.00,180.00,0.00,OPEN,0
557119.283,0,0,0,1.000,1.000,1.000,-90.00,180.00,0.00,OPEN,0
557119.294,0,0,0,1.000,1.000,1.000,-90.00,180.00,0.00,OPEN,0
557119.305,0,0,0,1.000,1.000,1.000,-90.00,180.00,0.00,OPEN,0
557119.316,0,0,0,1.000,1.000,1.000,-90.00,180.00,0.00,OPEN,0
557119.327,0,0,0,1.000,1.000,1.000,-90.00,180.00,0.00,OPEN,0
557119.337,0,0,0,1.000,1.000,1.000,-90.00,180.00,0.00,OPEN,0
557119.348,0,0,0,1.000,1.000,1.000,-90.00,180.00,0.00,OPEN,0
557119.359,0,0,0,1.000,1.000,1.000,-90.00,180.00,0.00,OPEN,0
557119.369,0,0,0,1.000,1.000,1.000,-90.00,180.00,0.00,OPEN,0
557119.380,0,0,0,1.000,1.000,1.000,-90.00,180.00,0.00,OPEN,0
557119.391,0,0,0,1.000,1.000,1.000,-90.00,180.00,0.00,OPEN,0
557119.402,0,0,0,1.000,1.000,1.000,-90.00,180.00,0.00,OPEN,0
557119.412,0,0,0,1.000,1.000,1.000,-90.00,180.00,0.00,OPEN,0
557119.423,0,0,0,1.000,1.000,1.000,-90.00,180.00,0.00,OPEN,0
557119.434,0,0,0,1.000,1.000,1.000,-90.00,180.00,0.00,OPEN,0
557119.444,0,0,0,1.000,1.000,1.000,-90.00,180.00,0.00,OPEN,0
557119.455,0,0,0,1.000,1.000,1.000,-90.00,180.00,0.00,OPEN,0
557119.465,0,0,0,1.000,1.000,1.000,-90.00,180.00,0.00,OPEN,0
557119.476,0,0,0,1.000,1.000,1.000,-90.00,180.00,0.00,OPEN,0
557119.487,0,0,0,1.000,1.000,1.000,-90.00,180.00,0.00,OPEN,0
557119.497,0,0,0,1.000,1.000,1.000,-90.00,180.00,0.00,OPEN,0
557119.509,0,0,0,1.000,1.000,1.000,-90.00,180.00,0.00,OPEN,0
557119.519,0,0,0,1.000,1.000,1.000,-90.00,180.00,0.00,OPEN,0
557119.530,0,0,0,1.000,1.000,1.000,-90.00,180.00,0.00,OPEN,0
557119.541,0,0,0,1.000,1.000,1.000,-90.00,180.00,0.00,OPEN,0
557119.551,0,0,0,1.000,1.000,1.000,-90.00,180.00,0.00,OPEN,0
557119.562,0,0,0,1.000,1.000,1.000,-90.00,180.00,0.00,OPEN,0
557119.572,0,0,0,1.000,1.000,1.000,-90.00,180.00,0.00,OPEN,0
557119.583,0,0,0,1.000,1.000,1.000,-90.00,180.00,0.00,OPEN,0
557119.594,0,0,0,1.000,1.000,1.000,-90.00,180.00,0.00,OPEN,0
557119.604,0,0,0,1.000,1.000,1.000,-90.00,180.00,0.00,OPEN,0
557119.615,0,0,0,1.000,1.000,1.000,-90.00,180.00,0.00,OPEN,0
557119.625,0,0,0,1.000,1.000,1.000,-90.00,180.00,0.00,OPEN,0
557119.635,0,0,0,1.000,1.000,1.000,-90.00,180.00,0.00,OPEN,0
557119.646,0,0,0,1.000,1.000,1.000,-90.00,180.00,0.00,OPEN,0
557119.656,0,0,0,1.000,1.000,1.000,-90.00,180.00,0.00,OPEN,0
557119.666,0,0,0,1.000,1.000,1.000,-90.00,180.00,0.00,OPEN,0
557119.677,0,0,0,1.000,1.000,1.000,-90.00,180.00,0.00,OPEN,0
557119.688,0,0,0,1.000,1.000,1.000,-90.00,180.00,0.00,OPEN,0
557119.699,0,0,0,1.000,1.000,1.000,-90.00,180.00,0.00,OPEN,0
557119.710,0,0,0,1.000,1.000,1.000,-90.00,180.00,0.00,OPEN,0
557119.720,0,0,0,1.000,1.000,1.000,-90.00,180.00,0.00,OPEN,0
557119.730,0,0,0,1.000,1.000,1.000,-90.00,180.00,0.00,OPEN,0
557119.741,0,0,0,1.000,1.000,1.000,-90.00,180.00,0.00,OPEN,0
557119.751,0,0,0,1.000,1.000,1.000,-90.00,180.00,0.00,OPEN,0
557119.762,0,0,0,1.000,1.000,1.000,-90.00,180.00,0.00,OPEN,0
557119.773,0,0,0,1.000,1.000,1.000,-90.00,180.00,0.00,OPEN,0
557119.783,0,0,0,1.000,1.000,1.000,-90.00,180.00,0.00,OPEN,0
557119.794,0,0,0,1.000,1.000,1.000,-90.00,180.00,0.00,OPEN,0
557119.804,0,0,0,1.000,1.000,1.000,-90.00,180.00,0.00,OPEN,0
557119.815,0,0,0,1.000,1.000,1.000,-90.00,180.00,0.00,OPEN,0
557119.825,0,0,0,1.000,1.000,1.000,-90.00,180.00,0.00,OPEN,0
557119.836,0,0,0,1.000,1.000,1.000,-90.00,180.00,0.00,OPEN,0
557119.846,0,0,0,1.000,1.000,1.000,-90.00,180.00,0.00,OPEN,0
557119.857,0,0,0,1.000,1.000,1.000,-90.00,180.00,0.00,OPEN,0
557119.867,0,0,0,1.000,1.000,1.000,-90.00,180.00,0.00,OPEN,0
557119.878,0,0,0,1.000,1.000,1.000,-90.00,180.00,0.00,OPEN,0
557119.888,0,0,0,1.000,1.000,1.000,-90.00,180.00,0.00,OPEN,0
557119.899,0,0,0,1.000,1.000,1.000,-90.00,180.00,0.00,OPEN,0
557119.910,0,0,0,1.000,1.000,1.000,-90.00,180.00,0.00,OPEN,0
557119.920,0,0,0,1.000,1.000,1.000,-90.00,180.00,0.00,OPEN,0
557119.931,0,0,0,1.000,1.000,1.000,-90.00,180.00,0.00,OPEN,0
557119.941,0,0,0,1.000,1.000,1.000,-90.00,180.00,0.00,OPEN,0
557119.952,0,0,0,1.000,1.000,1.000,-90.00,180.00,0.00,OPEN,0
557119.962,0,0,0,1.000,1.000,1.000,-90.00,180.00,0.00,OPEN,0
557119.973,0,0,0,1.000,1.000,1.000,-90.00,180.00,0.00,OPEN,0
557119.984,0,0,0,1.000,1.000,1.000,-90.00,180.00,0.00,OPEN,0
557119.995,0,0,0,1.000,1.000,1.000,-90.00,180.00,0.00,OPEN,0
557120.006,0,0,0,1.000,1.000,1.000,-90.00,180.00,0.00,OPEN,0
557120.017,0,0,0,1.000,1.000,1.000,-90.00,180.00,0.00,OPEN,0
557120.028,0,0,0,1.000,1.000,1.000,-90.00,180.00,0.00,OPEN,0
557120.038,0,0,0,1.000,1.000,1.000,-90.00,180.00,0.00,OPEN,0
557120.049,0,0,0,1.000,1.000,1.000,-90.00,180.00,0.00,OPEN,0
557120.060,0,0,0,1.000,1.000,1.000,-90.00,180.00,0.00,OPEN,0
557120.071,0,0,0,1.000,1.000,1.000,-90.00,180.00,0.00,OPEN,0
557120.081,0,0,0,1.000,1.000,1.000,-90.00,180.00,0.00,OPEN,0
557120.092,0,0,0,1.000,1.000,1.000,-90.00,180.00,0.00,OPEN,0
557120.103,0,0,0,1.000,1.000,1.000,-90.00,180.00,0.00,OPEN,0
557120.113,0,0,0,1.000,1.000,1.000,-90.00,180.00,0.00,OPEN,0
557120.124,0,0,0,1.000,1.000,1.000,-90.00,180.00,0.00,OPEN,0
557120.134,0,0,0,1.000,1.000,1.000,-90.00,180.00,0.00,OPEN,0
557120.145,0,0,0,1.000,1.000,1.000,-90.00,180.00,0.00,OPEN,0
557120.155,0,0,0,1.000,1.000,1.000,-90.00,180.00,0.00,OPEN,0
557120.166,0,0,0,1.000,1.000,1.000,-90.00,180.00,0.00,OPEN,0
557120.177,0,0,0,1.000,1.000,1.000,-90.00,180.00,0.00,OPEN,0
557120.188,0,0,0,1.000,1.000,1.000,-90.00,180.00,0.00,OPEN,0
557120.198,0,0,0,1.000,1.000,1.000,-90.00,180.00,0.00,OPEN,0
557120.209,0,0,0,1.000,1.000,1.000,-90.00,180.00,0.00,OPEN,0
557120.220,0,0,0,1.000,1.000,1.000,-90.00,180.00,0.00,OPEN,0
557120.231,0,0,0,1.000,1.000,1.000,-90.00,180.00,0.00,OPEN,0
557120.241,0,0,0,1.000,1.000,1.000,-90.00,180.00,0.00,OPEN,0
557120.252,0,0,0,1.000,1.000,1.000,-90.00,180.00,0.00,OPEN,0
557120.263,0,0,0,1.000,1.000,1.000,-90.00,180.00,0.00,OPEN,0
557120.273,0,0,0,1.000,1.000,1.000,-90.00,180.00,0.00,OPEN,0
557120.284,0,0,0,1.000,1.000,1.000,-90.00,180.00,0.00,OPEN,0
557120.295,0,0,0,1.000,1.000,1.000,-90.00,180.00,0.00,OPEN,0
557120.305,0,0,0,1.000,1.000,1.000,-90.00,180.00,0.00,OPEN,0
557120.317,0,0,0,1.000,1.000,1.000,-90.00,180.00,0.00,OPEN,0
557120.328,0,0,0,1.000,1.000,1.000,-90.00,180.00,0.00,OPEN,0
557120.338,0,0,0,1.000,1.000,1.000,-90.00,180.00,0.00,OPEN,0
557120.349,0,0,0,1.000,1.000,1.000,-90.00,180.00,0.00,OPEN,0
557120.359,0,0,0,1.000,1.000,1.000,-90.00,180.00,0.00,OPEN,0
557120.370,0,0,0,1.000,1.000,1.000,-90.00,180.00,0.00,OPEN,0
557120.381,0,0,0,1.000,1.000,1.000,-90.00,180.00,0.00,OPEN,0
557120.391,0,0,0,1.000,1.000,1.000,-90.00,180.00,0.00,OPEN,0
557120.402,0,0,0,1.000,1.000,1.000,-90.00,180.00,0.00,OPEN,0
557120.412,0,0,0,1.000,1.000,1.000,-90.00,180.00,0.00,OPEN,0
557120.423,0,0,0,1.000,1.000,1.000,-90.00,180.00,0.00,OPEN,0
557120.434,0,0,0,1.000,1.000,1.000,-90.00,180.00,0.00,OPEN,0
557120.444,0,0,0,1.000,1.000,1.000,-90.00,180.00,0.00,OPEN,0
557120.455,0,0,0,1.000,1.000,1.000,-90.00,180.00,0.00,OPEN,0
557120.466,0,0,0,1.000,1.000,1.000,-90.00,180.00,0.00,OPEN,0
557120.476,0,0,0,1.000,1.000,1.000,-90.00,180.00,0.00,OPEN,0
557120.487,0,0,0,1.000,1.000,1.000,-90.00,180.00,0.00,OPEN,0
557120.498,0,0,0,1.000,1.000,1.000,-90.00,180.00,0.00,OPEN,0
557120.509,0,0,0,1.000,1.000,1.000,-90.00,180.00,0.00,OPEN,0
557120.519,0,0,0,1.000,1.000,1.000,-90.00,180.00,0.00,OPEN,0
557120.530,0,0,0,1.000,1.000,1.000,-90.00,180.00,0.00,OPEN,0
557120.541,0,0,0,1.000,1.000,1.000,-90.00,180.00,0.00,OPEN,0
557120.551,0,0,0,1.000,1.000,1.000,-90.00,180.00,0.00,OPEN,0
557120.562,0,0,0,1.000,1.000,1.000,-90.00,180.00,0.00,OPEN,0
557120.573,0,0,0,1.000,1.000,1.000,-90.00,180.00,0.00,OPEN,0
557120.584,0,0,0,1.000,1.000,1.000,-90.00,180.00,0.00,OPEN,0
557120.594,0,0,0,1.000,1.000,1.000,-90.00,180.00,0.00,OPEN,0
557120.606,0,0,0,1.000,1.000,1.000,-90.00,180.00,0.00,OPEN,0
557120.617,0,0,0,1.000,1.000,1.000,-90.00,180.00,0.00,OPEN,0
557120.627,0,0,0,1.000,1.000,1.000,-90.00,180.00,0.00,OPEN,0
557120.638,0,0,0,1.000,1.000,1.000,-90.00,180.00,0.00,OPEN,0
557120.649,0,0,0,1.000,1.000,1.000,-90.00,180.00,0.00,OPEN,0
557120.659,0,0,0,1.000,1.000,1.000,-90.00,180.00,0.00,OPEN,0
557120.670,0,0,0,1.000,1.000,1.000,-90.00,180.00,0.00,OPEN,0
557120.680,0,0,0,1.000,1.000,1.000,-90.00,180.00,0.00,OPEN,0
557120.690,0,0,0,1.000,1.000,1.000,-90.00,180.00,0.00,OPEN,0
557120.701,0,0,0,1.000,1.000,1.000,-90.00,180.00,0.00,OPEN,0
557120.712,0,0,0,1.000,1.000,1.000,-90.00,180.00,0.00,OPEN,0
557120.722,0,0,0,1.000,1.000,1.000,-90.00,180.00,0.00,OPEN,0
557120.733,0,0,0,1.000,1.000,1.000,-90.00,180.00,0.00,OPEN,0
557120.743,0,0,0,1.000,1.000,1.000,-90.00,180.00,0.00,OPEN,0
557120.754,0,0,0,1.000,1.000,1.000,-90.00,180.00,0.00,OPEN,0
557120.765,0,0,0,1.000,1.000,1.000,-90.00,180.00,0.00,OPEN,0
557120.775,0,0,0,1.000,1.000,1.000,-90.00,180.00,0.00,OPEN,0
557120.785,0,0,0,1.000,1.000,1.000,-90.00,180.00,0.00,OPEN,0
557120.796,0,0,0,1.000,1.000,1.000,-90.00,180.00,0.00,OPEN,0
557120.862,0,0,0,1.000,1.000,1.000,-90.00,180.00,0.00,OPEN,0
557120.873,0,0,0,1.000,1.000,1.000,-90.00,180.00,0.00,OPEN,0
557120.884,0,0,0,1.000,1.000,1.000,-90.00,180.00,0.00,OPEN,0
557120.895,0,0,0,1.000,1.000,1.000,-90.00,180.00,0.00,OPEN,0
557120.905,0,0,0,1.000,1.000,1.000,-90.00,180.00,0.00,OPEN,0
557120.916,0,0,0,1.000,1.000,1.000,-90.00,180.00,0.00,OPEN,0
557120.927,0,0,0,1.000,1.000,1.000,-90.00,180.00,0.00,OPEN,0
557120.937,0,0,0,1.000,1.000,1.000,-90.00,180.00,0.00,OPEN,0
557120.948,0,0,0,1.000,1.000,1.000,-90.00,180.00,0.00,OPEN,0
557120.959,0,0,0,1.000,1.000,1.000,-90.00,180.00,0.00,OPEN,0
557120.969,0,0,0,1.000,1.000,1.000,-90.00,180.00,0.00,OPEN,0
557120.980,0,0,0,1.000,1.000,1.000,-90.00,180.00,0.00,OPEN,0
557120.990,0,0,0,1.000,1.000,1.000,-90.00,180.00,0.00,OPEN,0
557121.001,0,0,0,1.000,1.000,1.000,-90.00,180.00,0.00,OPEN,0
557121.012,0,0,0,1.000,1.000,1.000,-90.00,180.00,0.00,OPEN,0
557121.022,0,0,0,1.000,1.000,1.000,-90.00,180.00,0.00,OPEN,0
557121.032,0,0,0,1.000,1.000,1.000,-90.00,180.00,0.00,OPEN,0
557121.043,0,0,0,1.000,1.000,1.000,-90.00,180.00,0.00,OPEN,0
557121.053,0,0,0,1.000,1.000,1.000,-90.00,180.00,0.00,OPEN,0
557121.064,0,0,0,1.000,1.000,1.000,-90.00,180.00,0.00,OPEN,0
557121.075,0,0,0,1.000,1.000,1.000,-90.00,180.00,0.00,OPEN,0
557121.085,0,0,0,1.000,1.000,1.000,-90.00,180.00,0.00,OPEN,0
557121.096,0,0,0,1.000,1.000,1.000,-90.00,180.00,0.00,OPEN,0
557121.107,0,0,0,1.000,1.000,1.000,-90.00,180.00,0.00,OPEN,0
557121.117,0,0,0,1.000,1.000,1.000,-90.00,180.00,0.00,OPEN,0
557121.128,0,0,0,1.000,1.000,1.000,-90.00,180.00,0.00,OPEN,0
557121.139,0,0,0,1.000,1.000,1.000,-90.00,180.00,0.00,OPEN,0
557121.149,0,0,0,1.000,1.000,1.000,-90.00,180.00,0.00,OPEN,0
557121.160,0,0,0,1.000,1.000,1.000,-90.00,180.00,0.00,OPEN,0
557121.170,0,0,0,1.000,1.000,1.000,-90.00,180.00,0.00,OPEN,0
557121.181,0,0,0,1.000,1.000,1.000,-90.00,180.00,0.00,OPEN,0
557121.191,0,0,0,1.000,1.000,1.000,-90.00,180.00,0.00,OPEN,0
557121.202,0,0,0,1.000,1.000,1.000,-90.00,180.00,0.00,OPEN,0
557121.213,0,0,0,1.000,1.000,1.000,-90.00,180.00,0.00,OPEN,0
557121.223,0,0,0,1.000,1.000,1.000,-90.00,180.00,0.00,OPEN,0
557121.234,0,0,0,1.000,1.000,1.000,-90.00,180.00,0.00,OPEN,0
557121.245,0,0,0,0.997,1.000,1.000,-90.00,180.00,0.00,OPEN,0
557121.256,0,0,0,0.997,1.000,1.000,-90.00,180.00,0.00,OPEN,0
557121.267,0,0,0,0.997,1.000,1.000,-90.00,180.00,0.00,OPEN,0
557121.278,0,0,0,0.997,1.000,1.000,-90.00,180.00,0.00,OPEN,0
557121.289,0,0,0,0.997,1.000,1.000,-90.00,180.00,0.00,OPEN,0
557121.299,0,0,0,0.998,1.000,1.000,-90.00,180.00,0.00,OPEN,0
557121.310,0,0,0,0.998,1.000,1.000,-90.00,180.00,0.00,OPEN,0
557121.320,0,0,0,0.998,1.000,1.000,-90.00,180.00,0.00,OPEN,0
557121.331,0,0,0,0.998,1.000,1.000,-90.00,180.00,0.00,OPEN,0
557121.341,0,0,0,0.998,1.000,1.000,-90.00,180.00,0.00,OPEN,0
557121.352,0,0,0,1.000,1.000,1.000,-90.00,180.00,0.00,OPEN,0
557121.363,0,0,0,1.000,1.000,1.000,-90.00,180.00,0.00,OPEN,0
557121.374,0,0,0,1.000,1.000,1.000,-90.00,180.00,0.00,OPEN,0
557121.386,0,0,0,1.000,1.000,1.000,-90.00,180.00,0.00,OPEN,0
557121.396,0,0,0,1.000,1.000,1.000,-90.00,180.00,0.00,OPEN,0
557121.407,0,0,0,1.000,1.000,1.000,-90.00,180.00,0.00,OPEN,0
557121.418,0,0,0,1.000,1.000,1.000,-90.00,180.00,0.00,OPEN,0
557121.428,0,0,0,1.000,1.000,1.000,-90.00,180.00,0.00,OPEN,0
557121.439,0,0,0,1.000,1.000,1.000,-90.00,180.00,0.00,OPEN,0
557121.450,0,0,0,1.000,1.000,1.000,-90.00,180.00,0.00,OPEN,0
557121.460,0,0,0,1.000,1.000,1.000,-90.00,180.00,0.00,OPEN,0
557121.471,0,0,0,1.000,1.000,1.000,-90.00,180.00,0.00,OPEN,0
557121.482,0,0,0,1.000,1.000,1.000,-90.00,180.00,0.00,OPEN,0
557121.493,0,0,0,1.000,1.000,1.000,-90.00,180.00,0.00,OPEN,0
557121.504,0,0,0,1.000,1.000,1.000,-90.00,180.00,0.00,OPEN,0
557121.514,0,0,0,1.000,1.000,1.000,-90.00,180.00,0.00,OPEN,0
557121.525,0,0,0,1.000,1.000,1.000,-90.00,180.00,0.00,OPEN,0
557121.535,0,0,0,1.000,1.000,1.000,-90.00,180.00,0.00,OPEN,0
557121.546,0,0,0,1.000,1.000,1.000,-90.00,180.00,0.00,OPEN,0
557121.557,0,0,0,1.000,1.000,1.000,-90.00,180.00,0.00,OPEN,0
557121.567,0,0,0,1.000,1.000,1.000,-90.00,180.00,0.00,OPEN,0
557121.578,0,0,0,1.000,1.000,1.000,-90.00,180.00,0.00,OPEN,0
557121.588,0,0,0,1.000,1.000,1.000,-90.00,180.00,0.00,OPEN,0
557121.599,0,0,0,1.000,1.000,1.000,-90.00,180.00,0.00,OPEN,0
557121.610,0,0,0,1.000,1.000,1.000,-90.00,180.00,0.00,OPEN,0
557121.620,0,0,0,1.000,1.000,1.000,-90.00,180.00,0.00,OPEN,0
557121.631,0,0,0,1.000,1.000,1.000,-90.00,180.00,0.00,OPEN,0
557121.642,0,0,0,1.000,1.000,1.000,-90.00,180.00,0.00,OPEN,0
557121.652,0,0,0,0.988,1.000,1.000,-90.00,180.00,0.00,OPEN,0
557121.663,0,0,0,0.988,1.000,1.000,-90.00,180.00,0.00,OPEN,0
557121.674,0,0,0,0.988,1.000,1.000,-90.00,180.00,0.00,OPEN,0
557121.685,0,0,0,0.988,1.000,1.000,-90.00,180.00,0.00,OPEN,0
557121.696,0,0,0,0.999,1.000,1.000,-90.00,180.00,0.00,OPEN,0
557121.707,0,0,0,0.999,1.000,1.000,-90.00,180.00,0.00,OPEN,0
557121.718,0,0,0,0.999,1.000,1.000,-90.00,180.00,0.00,OPEN,0
557121.728,0,0,0,0.999,1.000,1.000,-90.00,180.00,0.00,OPEN,0
557121.739,0,0,0,0.999,1.000,1.000,-90.00,180.00,0.00,OPEN,0
557121.749,0,0,0,0.994,1.000,1.000,-90.00,180.00,0.00,OPEN,0
557121.760,0,0,0,0.994,1.000,1.000,-90.00,180.00,0.00,OPEN,0
557121.770,0,0,0,0.994,1.000,1.000,-90.00,180.00,0.00,OPEN,0
557121.781,0,0,0,0.994,1.000,1.000,-90.00,180.00,0.00,OPEN,0
557121.791,0,0,0,0.994,1.000,1.000,-90.00,180.00,0.00,OPEN,0
557121.802,0,0,0,0.994,1.000,1.000,-90.00,180.00,0.00,OPEN,0
557121.813,0,0,0,0.994,1.000,1.000,-90.00,180.00,0.00,OPEN,0
557121.824,0,0,0,0.994,1.000,1.000,-90.00,180.00,0.00,OPEN,0
557121.834,0,0,0,0.994,1.000,1.000,-90.00,180.00,0.00,OPEN,0
557121.844,0,0,0,0.999,1.000,1.000,-90.00,180.00,0.00,OPEN,0
557121.855,0,0,0,0.999,1.000,1.000,-90.00,180.00,0.00,OPEN,0
557121.866,0,0,0,0.999,1.000,1.000,-90.00,180.00,0.00,OPEN,0
557121.876,0,0,0,0.999,1.000,1.000,-90.00,180.00,0.00,OPEN,0
557121.887,0,0,0,0.999,1.000,1.000,-90.00,180.00,0.00,OPEN,0
557121.897,0,0,0,1.000,1.000,1.000,-90.00,180.00,0.00,OPEN,0
557121.908,0,0,0,1.000,1.000,1.000,-90.00,180.00,0.00,OPEN,0
557121.920,0,0,0,1.000,1.000,1.000,-90.00,180.00,0.00,OPEN,0
557121.931,0,0,0,1.000,1.000,1.000,-90.00,180.00,0.00,OPEN,0
557121.941,0,0,0,1.000,1.000,1.000,-90.00,180.00,0.00,OPEN,0
557121.952,0,0,0,1.000,1.000,1.000,-90.00,180.00,0.00,OPEN,0
557121.963,0,0,0,1.000,1.000,1.000,-90.00,180.00,0.00,OPEN,0
557121.973,0,0,0,1.000,1.000,1.000,-90.00,180.00,0.00,OPEN,0
557121.984,0,0,0,1.000,1.000,1.000,-90.00,180.00,0.00,OPEN,0
557121.994,0,0,0,1.000,1.000,1.000,-90.00,180.00,0.00,OPEN,0
557122.005,0,0,0,1.000,1.000,1.000,-90.00,180.00,0.00,OPEN,0
557122.015,0,0,0,1.000,1.000,1.000,-90.00,180.00,0.00,OPEN,0
557122.026,0,0,0,1.000,1.000,1.000,-90.00,180.00,0.00,OPEN,0
557122.036,0,0,0,1.000,1.000,1.000,-90.00,180.00,0.00,OPEN,0
557122.047,0,0,0,1.000,1.000,1.000,-90.00,180.00,0.00,OPEN,0
557122.058,0,0,0,1.000,1.000,1.000,-90.00,180.00,0.00,OPEN,0
557122.069,0,0,0,1.000,1.000,1.000,-90.00,180.00,0.00,OPEN,0
557122.079,0,0,0,1.000,1.000,1.000,-90.00,180.00,0.00,OPEN,0
557122.090,0,0,0,1.000,1.000,1.000,-90.00,180.00,0.00,OPEN,0
557122.100,0,0,0,1.000,1.000,1.000,-90.00,180.00,0.00,OPEN,0
557122.111,0,0,0,1.000,1.000,1.000,-90.00,180.00,0.00,OPEN,0
557122.122,0,0,0,1.000,1.000,1.000,-90.00,180.00,0.00,OPEN,0
557122.132,0,0,0,1.000,1.000,1.000,-90.00,180.00,0.00,OPEN,0
557122.143,0,0,0,1.000,1.000,1.000,-90.00,180.00,0.00,OPEN,0
557122.153,0,0,0,1.000,1.000,1.000,-90.00,180.00,0.00,OPEN,0
557122.164,0,0,0,1.000,1.000,1.000,-90.00,180.00,0.00,OPEN,0
557122.174,0,0,0,1.000,1.000,1.000,-90.00,180.00,0.00,OPEN,0
557122.185,0,0,0,1.000,1.000,1.000,-90.00,180.00,0.00,OPEN,0
557122.196,0,0,0,1.000,1.000,1.000,-90.00,180.00,0.00,OPEN,0
557122.206,0,0,0,1.000,1.000,1.000,-90.00,180.00,0.00,OPEN,0
557122.217,0,0,0,1.000,1.000,1.000,-90.00,180.00,0.00,OPEN,0
557122.227,0,0,0,1.000,1.000,1.000,-90.00,180.00,0.00,OPEN,0
557122.238,0,0,0,1.000,1.000,1.000,-90.00,180.00,0.00,OPEN,0
557122.249,0,0,0,1.000,1.000,1.000,-90.00,180.00,0.00,OPEN,0
557122.260,0,0,0,1.000,1.000,1.000,-90.00,180.00,0.00,OPEN,0
557122.271,0,0,0,1.000,1.000,1.000,-90.00,180.00,0.00,OPEN,0
557122.282,0,0,0,1.000,1.000,1.000,-90.00,180.00,0.00,OPEN,0
557122.292,0,0,0,1.000,1.000,1.000,-90.00,180.00,0.00,OPEN,0
557122.303,0,0,0,1.000,1.000,1.000,-90.00,180.00,0.00,OPEN,0
557122.313,0,0,0,1.000,1.000,1.000,-90.00,180.00,0.00,OPEN,0
557122.326,0,0,0,1.000,1.000,1.000,-90.00,180.00,0.00,OPEN,0
557122.340,0,0,0,1.000,1.000,1.000,-90.00,180.00,0.00,OPEN,0
557122.351,0,0,0,1.000,1.000,1.000,-90.00,180.00,0.00,OPEN,0
557122.362,0,0,0,1.000,1.000,1.000,-90.00,180.00,0.00,OPEN,0
557122.372,0,0,0,1.000,1.000,1.000,-90.00,180.00,0.00,OPEN,0
557122.383,0,0,0,1.000,1.000,1.000,-90.00,180.00,0.00,OPEN,0
557122.394,0,0,0,1.000,1.000,1.000,-90.00,180.00,0.00,OPEN,0
557122.404,0,0,0,1.000,1.000,1.000,-90.00,180.00,0.00,OPEN,0
557122.415,0,0,0,1.000,1.000,1.000,-90.00,180.00,0.00,OPEN,0
557122.425,0,0,0,1.000,1.000,1.000,-90.00,180.00,0.00,OPEN,0
557122.436,0,0,0,1.000,1.000,1.000,-90.00,180.00,0.00,OPEN,0
557122.447,0,0,0,1.000,1.000,1.000,-90.00,180.00,0.00,OPEN,0
557122.457,0,0,0,1.000,1.000,1.000,-90.00,180.00,0.00,OPEN,0
557122.468,0,0,0,1.000,1.000,1.000,-90.00,180.00,0.00,OPEN,0
557122.478,0,0,0,1.000,1.000,1.000,-90.00,180.00,0.00,OPEN,0
557122.489,0,0,0,1.000,1.000,1.000,-90.00,180.00,0.00,OPEN,0
557122.503,0,0,0,1.000,1.000,1.000,-90.00,180.00,0.00,OPEN,0
557122.513,0,0,0,1.000,1.000,1.000,-90.00,180.00,0.00,OPEN,0
557122.524,0,0,0,1.000,1.000,1.000,-90.00,180.00,0.00,OPEN,0
557122.534,0,0,0,1.000,1.000,1.000,-90.00,180.00,0.00,OPEN,0
557122.544,0,0,0,1.000,1.000,1.000,-90.00,180.00,0.00,OPEN,0
557122.555,0,0,0,1.000,1.000,1.000,-90.00,180.00,0.00,OPEN,0
557122.565,0,0,0,1.000,1.000,1.000,-90.00,180.00,0.00,OPEN,0
557122.576,0,0,0,1.000,1.000,1.000,-90.00,180.00,0.00,OPEN,0
557122.587,0,0,0,1.000,1.000,1.000,-90.00,180.00,0.00,OPEN,0
557122.598,0,0,0,1.000,1.000,1.000,-90.00,180.00,0.00,OPEN,0
557122.609,0,0,0,1.000,1.000,1.000,-90.00,180.00,0.00,OPEN,0
557122.619,0,0,0,1.000,1.000,1.000,-90.00,180.00,0.00,OPEN,0
557122.630,0,0,0,1.000,1.000,1.000,-90.00,180.00,0.00,OPEN,0
557122.640,0,0,0,1.000,1.000,1.000,-90.00,180.00,0.00,OPEN,0
557122.651,0,0,0,1.000,1.000,1.000,-90.00,180.00,0.00,OPEN,0
557122.662,0,0,0,1.000,1.000,1.000,-90.00,180.00,0.00,OPEN,0
557122.672,0,0,0,1.000,1.000,1.000,-90.00,180.00,0.00,OPEN,0
557122.683,0,0,0,1.000,1.000,1.000,-90.00,180.00,0.00,OPEN,0
557122.694,0,0,0,1.000,1.000,1.000,-90.00,180.00,0.00,OPEN,0
557122.705,0,0,0,1.000,1.000,1.000,-90.00,180.00,0.00,OPEN,0
557122.715,0,0,0,1.000,1.000,1.000,-90.00,180.00,0.00,OPEN,0
557122.726,0,0,0,1.000,1.000,1.000,-90.00,180.00,0.00,OPEN,0
557122.736,0,0,0,1.000,1.000,1.000,-90.00,180.00,0.00,OPEN,0
557122.747,0,0,0,1.000,1.000,1.000,-90.00,180.00,0.00,OPEN,0
557122.758,0,0,0,1.000,1.000,1.000,-90.00,180.00,0.00,OPEN,0
557122.769,0,0,0,1.000,1.000,1.000,-90.00,180.00,0.00,OPEN,0
557122.779,0,0,0,1.000,1.000,1.000,-90.00,180.00,0.00,OPEN,0
557122.790,0,0,0,1.000,1.000,1.000,-90.00,180.00,0.00,OPEN,0
557122.801,0,0,0,1.000,1.000,1.000,-90.00,180.00,0.00,OPEN,0
557122.811,0,0,0,1.000,1.000,1.000,-90.00,180.00,0.00,OPEN,0
557122.822,0,0,0,1.000,1.000,1.000,-90.00,180.00,0.00,OPEN,0
557122.833,0,0,0,1.000,1.000,1.000,-90.00,180.00,0.00,OPEN,0
557122.843,0,0,0,1.000,1.000,1.000,-90.00,180.00,0.00,OPEN,0
557122.854,0,0,0,1.000,1.000,1.000,-90.00,180.00,0.00,OPEN,0
557122.864,0,0,0,1.000,1.000,1.000,-90.00,180.00,0.00,OPEN,0
557122.875,0,0,0,1.000,1.000,1.000,-90.00,180.00,0.00,OPEN,0
557122.885,0,0,0,1.000,1.000,1.000,-90.00,180.00,0.00,OPEN,0
557122.896,0,0,0,1.000,1.000,1.000,-90.00,180.00,0.00,OPEN,0
557122.907,0,0,0,1.000,1.000,1.000,-90.00,180.00,0.00,OPEN,0
557122.917,0,0,0,1.000,1.000,1.000,-90.00,180.00,0.00,OPEN,0
557122.928,0,0,0,1.000,1.000,1.000,-90.00,180.00,0.00,OPEN,0
557122.938,0,0,0,1.000,1.000,1.000,-90.00,180.00,0.00,OPEN,0
557122.949,0,0,0,1.000,1.000,1.000,-90.00,180.00,0.00,OPEN,0
557122.960,0,0,0,1.000,1.000,1.000,-90.00,180.00,0.00,OPEN,0
557122.971,0,0,0,1.000,1.000,1.000,-90.00,180.00,0.00,OPEN,0
557122.981,0,0,0,1.000,1.000,1.000,-90.00,180.00,0.00,OPEN,0
557122.992,0,0,0,1.000,1.000,1.000,-90.00,180.00,0.00,OPEN,0
557123.003,0,0,0,1.000,1.000,1.000,-90.00,180.00,0.00,OPEN,0
557123.013,0,0,0,1.000,1.000,1.000,-90.00,180.00,0.00,OPEN,0
557123.023,0,0,0,1.000,1.000,1.000,-90.00,180.00,0.00,OPEN,0
557123.034,0,0,0,1.000,1.000,1.000,-90.00,180.00,0.00,OPEN,0
557123.044,0,0,0,1.000,1.000,1.000,-90.00,180.00,0.00,OPEN,0
557123.055,0,0,0,1.000,1.000,1.000,-90.00,180.00,0.00,OPEN,0
557123.066,0,0,0,1.000,1.000,1.000,-90.00,180.00,0.00,OPEN,0
557123.076,0,0,0,1.000,1.000,1.000,-90.00,180.00,0.00,OPEN,0
557123.087,0,0,0,1.000,1.000,1.000,-90.00,180.00,0.00,OPEN,0
557123.097,0,0,0,1.000,1.000,1.000,-90.00,180.00,0.00,OPEN,0
557123.108,0,0,0,1.000,1.000,1.000,-90.00,180.00,0.00,OPEN,0
557123.119,0,0,0,1.000,1.000,1.000,-90.00,180.00,0.00,OPEN,0
557123.130,0,0,0,1.000,1.000,1.000,-90.00,180.00,0.00,OPEN,0
557123.140,0,0,0,1.000,1.000,1.000,-90.00,180.00,0.00,OPEN,0
557123.151,0,0,0,1.000,1.000,1.000,-90.00,180.00,0.00,OPEN,0
557123.161,0,0,0,1.000,1.000,1.000,-90.00,180.00,0.00,OPEN,0
557123.173,0,0,0,1.000,1.000,1.000,-90.00,180.00,0.00,OPEN,0
557123.184,0,0,0,1.000,1.000,1.000,-90.00,180.00,0.00,OPEN,0
557123.194,0,0,0,1.000,1.000,1.000,-90.00,180.00,0.00,OPEN,0
557123.205,0,0,0,1.000,1.000,1.000,-90.00,180.00,0.00,OPEN,0
557123.215,0,0,0,1.000,1.000,1.000,-90.00,180.00,0.00,OPEN,0
557123.226,0,0,0,1.000,1.000,1.000,-90.00,180.00,0.00,OPEN,0
557123.237,0,0,0,1.000,1.000,1.000,-90.00,180.00,0.00,OPEN,0
557123.247,0,0,0,1.000,1.000,1.000,-90.00,180.00,0.00,OPEN,0
557123.258,0,0,0,1.000,1.000,1.000,-90.00,180.00,0.00,OPEN,0
557123.268,0,0,0,1.000,1.000,1.000,-90.00,180.00,0.00,OPEN,0
557123.279,0,0,0,1.000,1.000,1.000,-90.00,180.00,0.00,OPEN,0
557123.290,0,0,0,1.000,1.000,1.000,-90.00,180.00,0.00,OPEN,0
557123.300,0,0,0,1.000,1.000,1.000,-90.00,180.00,0.00,OPEN,0
557123.311,0,0,0,1.000,1.000,1.000,-90.00,180.00,0.00,OPEN,0
557123.322,0,0,0,1.000,1.000,1.000,-90.00,180.00,0.00,OPEN,0
557123.332,0,0,0,1.000,1.000,1.000,-90.00,180.00,0.00,OPEN,0
557123.343,0,0,0,1.000,1.000,1.000,-90.00,180.00,0.00,OPEN,0
557123.354,0,0,0,1.000,1.000,1.000,-90.00,180.00,0.00,OPEN,0
557123.364,0,0,0,1.000,1.000,1.000,-90.00,180.00,0.00,OPEN,0
557123.377,0,0,0,1.000,1.000,1.000,-90.00,180.00,0.00,OPEN,0
557123.388,0,0,0,1.000,1.000,1.000,-90.00,180.00,0.00,OPEN,0
557123.399,0,0,0,1.000,1.000,1.000,-90.00,180.00,0.00,OPEN,0
557123.409,0,0,0,1.000,1.000,1.000,-90.00,180.00,0.00,OPEN,0
557123.420,0,0,0,1.000,1.000,1.000,-90.00,180.00,0.00,OPEN,0
557123.431,0,0,0,1.000,1.000,1.000,-90.00,180.00,0.00,OPEN,0
557123.441,0,0,0,1.000,1.000,1.000,-90.00,180.00,0.00,OPEN,0
557123.452,0,0,0,1.000,1.000,1.000,-90.00,180.00,0.00,OPEN,0
557123.462,0,0,0,1.000,1.000,1.000,-90.00,180.00,0.00,OPEN,0
557123.473,0,0,0,1.000,1.000,1.000,-90.00,180.00,0.00,OPEN,0
557123.483,0,0,0,1.000,1.000,1.000,-90.00,180.00,0.00,OPEN,0
557123.494,0,0,0,1.000,1.000,1.000,-90.00,180.00,0.00,OPEN,0
557123.505,0,0,0,1.000,1.000,1.000,-90.00,180.00,0.00,OPEN,0
557123.517,0,0,0,1.000,1.000,1.000,-90.00,180.00,0.00,OPEN,0
557123.528,0,0,0,1.000,1.000,1.000,-90.00,180.00,0.00,OPEN,0
557123.538,0,0,0,1.000,1.000,1.000,-90.00,180.00,0.00,OPEN,0
557123.548,0,0,0,1.000,1.000,1.000,-90.00,180.00,0.00,OPEN,0
557123.559,0,0,0,1.000,1.000,1.000,-90.00,180.00,0.00,OPEN,0
557123.569,0,0,0,1.000,1.000,1.000,-90.00,180.00,0.00,OPEN,0
557123.580,0,0,0,1.000,1.000,1.000,-90.00,180.00,0.00,OPEN,0
557123.590,0,0,0,1.000,1.000,1.000,-90.00,180.00,0.00,OPEN,0
557123.601,0,0,0,1.000,1.000,1.000,-90.00,180.00,0.00,OPEN,0
557123.611,0,0,0,1.000,1.000,1.000,-90.00,180.00,0.00,OPEN,0
557123.622,0,0,0,1.000,1.000,1.000,-90.00,180.00,0.00,OPEN,0
557123.632,0,0,0,1.000,1.000,1.000,-90.00,180.00,0.00,OPEN,0
557123.643,0,0,0,1.000,1.000,1.000,-90.00,180.00,0.00,OPEN,0
557123.654,0,0,0,1.000,1.000,1.000,-90.00,180.00,0.00,OPEN,0
557123.664,0,0,0,1.000,1.000,1.000,-90.00,180.00,0.00,OPEN,0
557123.675,0,0,0,1.000,1.000,1.000,-90.00,180.00,0.00,OPEN,0
557123.686,0,0,0,1.000,1.000,1.000,-90.00,180.00,0.00,OPEN,0
557123.697,0,0,0,1.000,1.000,1.000,-90.00,180.00,0.00,OPEN,0
557123.708,0,0,0,1.000,1.000,1.000,-90.00,180.00,0.00,OPEN,0
557123.718,0,0,0,1.000,1.000,1.000,-90.00,180.00,0.00,OPEN,0
557123.729,0,0,0,1.000,1.000,1.000,-90.00,180.00,0.00,OPEN,0
557123.739,0,0,0,1.000,1.000,1.000,-90.00,180.00,0.00,OPEN,0
557123.750,0,0,0,1.000,1.000,1.000,-90.00,180.00,0.00,OPEN,0
557123.761,0,0,0,1.000,1.000,1.000,-90.00,180.00,0.00,OPEN,0
557123.772,0,0,0,1.000,1.000,1.000,-90.00,180.00,0.00,OPEN,0
557123.785,0,0,0,1.000,1.000,1.000,-90.00,180.00,0.00,OPEN,0
557123.797,0,0,0,1.000,1.000,1.000,-90.00,180.00,0.00,OPEN,0
557123.808,0,0,0,1.000,1.000,1.000,-90.00,180.00,0.00,OPEN,0
557123.818,0,0,0,1.000,1.000,1.000,-90.00,180.00,0.00,OPEN,0
557123.829,0,0,0,1.000,1.000,1.000,-90.00,180.00,0.00,OPEN,0
557123.840,0,0,0,1.000,1.000,1.000,-90.00,180.00,0.00,OPEN,0
557123.856,0,0,0,1.000,1.000,1.000,-90.00,180.00,0.00,OPEN,0
557123.869,0,0,0,1.000,1.000,1.000,-90.00,180.00,0.00,OPEN,0
557123.880,0,0,0,1.000,1.000,1.000,-90.00,180.00,0.00,OPEN,0
557123.890,0,0,0,1.000,1.000,1.000,-90.00,180.00,0.00,OPEN,0
557123.904,0,0,0,1.000,1.000,1.000,-90.00,180.00,0.00,OPEN,0
557123.919,0,0,0,1.000,1.000,1.000,-90.00,180.00,0.00,OPEN,0
557123.931,0,0,0,1.000,1.000,1.000,-90.00,180.00,0.00,OPEN,0
557123.942,0,0,0,1.000,1.000,1.000,-90.00,180.00,0.00,OPEN,0
557123.953,0,0,0,1.000,1.000,1.000,-90.00,180.00,0.00,OPEN,0
557123.964,0,0,0,1.000,1.000,1.000,-90.00,180.00,0.00,OPEN,0
557123.974,0,0,0,1.000,1.000,1.000,-90.00,180.00,0.00,OPEN,0
557123.984,0,0,0,1.000,1.000,1.000,-90.00,180.00,0.00,OPEN,0
557123.995,0,0,0,1.000,1.000,1.000,-90.00,180.00,0.00,OPEN,0
557124.005,0,0,0,1.000,1.000,1.000,-90.00,180.00,0.00,OPEN,0
557124.016,0,0,0,1.000,1.000,1.000,-90.00,180.00,0.00,OPEN,0
557124.026,0,0,0,1.000,1.000,1.000,-90.00,180.00,0.00,OPEN,0
557124.036,0,0,0,1.000,1.000,1.000,-90.00,180.00,0.00,OPEN,0
557124.047,0,0,0,1.000,1.000,1.000,-90.00,180.00,0.00,OPEN,0
557124.058,0,0,0,1.000,1.000,1.000,-90.00,180.00,0.00,OPEN,0
557124.068,0,0,0,1.000,1.000,1.000,-90.00,180.00,0.00,OPEN,0
557124.079,0,0,0,1.000,1.000,1.000,-90.00,180.00,0.00,OPEN,0
557124.089,0,0,0,1.000,1.000,1.000,-90.00,180.00,0.00,OPEN,0
557124.100,0,0,0,1.000,1.000,1.000,-90.00,180.00,0.00,OPEN,0
557124.111,0,0,0,1.000,1.000,1.000,-90.00,180.00,0.00,OPEN,0
557124.121,0,0,0,1.000,1.000,1.000,-90.00,180.00,0.00,OPEN,0
557124.131,0,0,0,1.000,1.000,1.000,-90.00,180.00,0.00,OPEN,0
557124.142,0,0,0,1.000,1.000,1.000,-90.00,180.00,0.00,OPEN,0
557124.153,0,0,0,1.000,1.000,1.000,-90.00,180.00,0.00,OPEN,0
557124.178,0,0,0,1.000,1.000,1.000,-90.00,180.00,0.00,OPEN,0
557124.191,0,0,0,1.000,1.000,1.000,-90.00,180.00,0.00,OPEN,0
557124.206,0,0,0,1.000,1.000,1.000,-90.00,180.00,0.00,OPEN,0
557124.226,0,0,0,1.000,1.000,1.000,-90.00,180.00,0.00,OPEN,0
557124.236,0,0,0,1.000,1.000,1.000,-90.00,180.00,0.00,OPEN,0
557124.247,0,0,0,1.000,1.000,1.000,-90.00,180.00,0.00,OPEN,0
557124.258,0,0,0,1.000,1.000,1.000,-90.00,180.00,0.00,OPEN,0
557124.268,0,0,0,1.000,1.000,1.000,-90.00,180.00,0.00,OPEN,0
557124.279,0,0,0,1.000,1.000,1.000,-90.00,180.00,0.00,OPEN,0
557124.289,0,0,0,1.000,1.000,1.000,-90.00,180.00,0.00,OPEN,0
557124.300,0,0,0,1.000,1.000,1.000,-90.00,180.00,0.00,OPEN,0
557124.310,0,0,0,1.000,1.000,1.000,-90.00,180.00,0.00,OPEN,0
557124.321,0,0,0,1.000,1.000,1.000,-90.00,180.00,0.00,OPEN,0
557124.331,0,0,0,1.000,1.000,1.000,-90.00,180.00,0.00,OPEN,0
557124.342,0,0,0,1.000,1.000,1.000,-90.00,180.00,0.00,OPEN,0
557124.352,0,0,0,1.000,1.000,1.000,-90.00,180.00,0.00,OPEN,0
557124.363,0,0,0,1.000,1.000,1.000,-90.00,180.00,0.00,OPEN,0
557124.374,0,0,0,1.000,1.000,1.000,-90.00,180.00,0.00,OPEN,0
557124.385,0,0,0,1.000,1.000,1.000,-90.00,180.00,0.00,OPEN,0
557124.395,0,0,0,1.000,1.000,1.000,-90.00,180.00,0.00,OPEN,0
557124.407,0,0,0,1.000,1.000,1.000,-90.00,180.00,0.00,OPEN,0
557124.417,0,0,0,1.000,1.000,1.000,-90.00,180.00,0.00,OPEN,0
557124.428,0,0,0,1.000,1.000,1.000,-90.00,180.00,0.00,OPEN,0
557124.438,0,0,0,1.000,1.000,1.000,-90.00,180.00,0.00,OPEN,0
557124.449,0,0,0,1.000,1.000,1.000,-90.00,180.00,0.00,OPEN,0
557124.460,0,0,0,1.000,1.000,1.000,-90.00,180.00,0.00,OPEN,0
557124.470,0,0,0,1.000,1.000,1.000,-90.00,180.00,0.00,OPEN,0
557124.481,0,0,0,1.000,1.000,1.000,-90.00,180.00,0.00,OPEN,0
557124.492,0,0,0,1.000,1.000,1.000,-90.00,180.00,0.00,OPEN,0
557124.502,0,0,0,1.000,1.000,1.000,-90.00,180.00,0.00,OPEN,0
557124.513,0,0,0,1.000,1.000,1.000,-90.00,180.00,0.00,OPEN,0
557124.523,0,0,0,1.000,1.000,1.000,-90.00,180.00,0.00,OPEN,0
557124.534,0,0,0,1.000,1.000,1.000,-90.00,180.00,0.00,OPEN,0
557124.544,0,0,0,1.000,1.000,1.000,-90.00,180.00,0.00,OPEN,0
557124.555,0,0,0,1.000,1.000,1.000,-90.00,180.00,0.00,OPEN,0
557124.566,0,0,0,1.000,1.000,1.000,-90.00,180.00,0.00,OPEN,0
557124.576,0,0,0,1.000,1.000,1.000,-90.00,180.00,0.00,OPEN,0
557124.587,0,0,0,1.000,1.000,1.000,-90.00,180.00,0.00,OPEN,0
557124.597,0,0,0,1.000,1.000,1.000,-90.00,180.00,0.00,OPEN,0
557124.608,0,0,0,1.000,1.000,1.000,-90.00,180.00,0.00,OPEN,0
557124.618,0,0,0,1.000,1.000,1.000,-90.00,180.00,0.00,OPEN,0
557124.630,0,0,0,1.000,1.000,1.000,-90.00,180.00,0.00,OPEN,0
557124.641,0,0,0,1.000,1.000,1.000,-90.00,180.00,0.00,OPEN,0
557124.652,0,0,0,1.000,1.000,1.000,-90.00,180.00,0.00,OPEN,0
557124.662,0,0,0,1.000,1.000,1.000,-90.00,180.00,0.00,OPEN,0
557124.673,0,0,0,1.000,1.000,1.000,-90.00,180.00,0.00,OPEN,0
557124.683,0,0,0,1.000,1.000,1.000,-90.00,180.00,0.00,OPEN,0
557124.693,0,0,0,1.000,1.000,1.000,-90.00,180.00,0.00,OPEN,0
557124.704,0,0,0,1.000,1.000,1.000,-90.00,180.00,0.00,OPEN,0
557124.715,0,0,0,1.000,1.000,1.000,-90.00,180.00,0.00,OPEN,0
557124.725,0,0,0,1.000,1.000,1.000,-90.00,180.00,0.00,OPEN,0
557124.736,0,0,0,1.000,1.000,1.000,-90.00,180.00,0.00,OPEN,0
557124.747,0,0,0,1.000,1.000,1.000,-90.00,180.00,0.00,OPEN,0
557124.757,0,0,0,1.000,1.000,1.000,-90.00,180.00,0.00,OPEN,0
557124.768,0,0,0,1.000,1.000,1.000,-90.00,180.00,0.00,OPEN,0
557124.779,0,0,0,1.000,1.000,1.000,-90.00,180.00,0.00,OPEN,0
557124.789,0,0,0,1.000,1.000,1.000,-90.00,180.00,0.00,OPEN,0
557124.800,0,0,0,1.000,1.000,1.000,-90.00,180.00,0.00,OPEN,0
557124.811,0,0,0,1.000,1.000,1.000,-90.00,180.00,0.00,OPEN,0
557124.822,0,0,0,1.000,1.000,1.000,-90.00,180.00,0.00,OPEN,0
557124.835,0,0,0,1.000,1.000,1.000,-90.00,180.00,0.00,OPEN,0
557124.847,0,0,0,1.000,1.000,1.000,-90.00,180.00,0.00,OPEN,0
557124.863,0,0,0,1.000,1.000,1.000,-90.00,180.00,0.00,OPEN,0
557124.874,0,0,0,1.000,1.000,1.000,-90.00,180.00,0.00,OPEN,0
557124.885,0,0,0,1.000,1.000,1.000,-90.00,180.00,0.00,OPEN,0
557124.896,0,0,0,1.000,1.000,1.000,-90.00,180.00,0.00,OPEN,0
557124.907,0,0,0,1.000,1.000,1.000,-90.00,180.00,0.00,OPEN,0
557124.917,0,0,0,1.000,1.000,1.000,-90.00,180.00,0.00,OPEN,0
557124.928,0,0,0,1.000,1.000,1.000,-90.00,180.00,0.00,OPEN,0
557124.939,0,0,0,1.000,1.000,1.000,-90.00,180.00,0.00,OPEN,0
557124.950,0,0,0,1.000,1.000,1.000,-90.00,180.00,0.00,OPEN,0
557124.962,0,0,0,1.000,1.000,1.000,-90.00,180.00,0.00,OPEN,0
557124.973,0,0,0,1.000,1.000,1.000,-90.00,180.00,0.00,OPEN,0
557124.983,0,0,0,1.000,1.000,1.000,-90.00,180.00,0.00,OPEN,0
557124.994,0,0,0,1.000,1.000,1.000,-90.00,180.00,0.00,OPEN,0
557125.004,0,0,0,1.000,1.000,1.000,-90.00,180.00,0.00,OPEN,0
557125.015,0,0,0,1.000,1.000,1.000,-90.00,180.00,0.00,OPEN,0
557125.025,0,0,0,1.000,1.000,1.000,-90.00,180.00,0.00,OPEN,0
557125.036,0,0,0,1.000,1.000,1.000,-90.00,180.00,0.00,OPEN,0
557125.046,0,0,0,1.000,1.000,1.000,-90.00,180.00,0.00,OPEN,0
557125.057,0,0,0,1.000,1.000,1.000,-90.00,180.00,0.00,OPEN,0
557125.067,0,0,0,1.000,1.000,1.000,-90.00,180.00,0.00,OPEN,0
557125.078,0,0,0,1.000,1.000,1.000,-90.00,180.00,0.00,OPEN,0
557125.088,0,0,0,1.000,1.000,1.000,-90.00,180.00,0.00,OPEN,0
557125.099,0,0,0,1.000,1.000,1.000,-90.00,180.00,0.00,OPEN,0
557125.110,0,0,0,1.000,1.000,1.000,-90.00,180.00,0.00,OPEN,0
557125.120,0,0,0,1.000,1.000,1.000,-90.00,180.00,0.00,OPEN,0
557125.131,0,0,0,1.000,1.000,1.000,-90.00,180.00,0.00,OPEN,0
557125.142,0,0,0,1.000,1.000,1.000,-90.00,180.00,0.00,OPEN,0
557125.152,0,0,0,1.000,1.000,1.000,-90.00,180.00,0.00,OPEN,0
557125.163,0,0,0,1.000,1.000,1.000,-90.00,180.00,0.00,OPEN,0
557125.173,0,0,0,1.000,1.000,1.000,-90.00,180.00,0.00,OPEN,0
557125.184,0,0,0,1.000,1.000,1.000,-90.00,180.00,0.00,OPEN,0
557125.194,0,0,0,1.000,1.000,1.000,-90.00,180.00,0.00,OPEN,0
557125.205,0,0,0,1.000,1.000,1.000,-90.00,180.00,0.00,OPEN,0
557125.216,0,0,0,1.000,1.000,1.000,-90.00,180.00,0.00,OPEN,0
557125.249,0,0,0,1.000,1.000,1.000,-90.00,180.00,0.00,OPEN,0
557125.259,0,0,0,1.000,1.000,1.000,-90.00,180.00,0.00,OPEN,0
557125.270,0,0,0,1.000,1.000,1.000,-90.00,180.00,0.00,OPEN,0
557125.280,0,0,0,1.000,1.000,1.000,-90.00,180.00,0.00,OPEN,0
557125.291,0,0,0,1.000,1.000,1.000,-90.00,180.00,0.00,OPEN,0
557125.302,0,0,0,1.000,1.000,1.000,-90.00,180.00,0.00,OPEN,0
557125.312,0,0,0,1.000,1.000,1.000,-90.00,180.00,0.00,OPEN,0
557125.323,0,0,0,1.000,1.000,1.000,-90.00,180.00,0.00,OPEN,0
557125.333,0,0,0,1.000,1.000,1.000,-90.00,180.00,0.00,OPEN,0
557125.343,0,0,0,1.000,1.000,1.000,-90.00,180.00,0.00,OPEN,0
557125.354,0,0,0,1.000,1.000,1.000,-90.00,180.00,0.00,OPEN,0
557125.367,0,0,0,1.000,1.000,1.000,-90.00,180.00,0.00,OPEN,0
557125.378,0,0,0,1.000,1.000,1.000,-90.00,180.00,0.00,OPEN,0
557125.389,0,0,0,1.000,1.000,1.000,-90.00,180.00,0.00,OPEN,0
557125.400,0,0,0,1.000,1.000,1.000,-90.00,180.00,0.00,OPEN,0
557125.411,0,0,0,1.000,1.000,1.000,-90.00,180.00,0.00,OPEN,0
557125.422,0,0,0,1.000,1.000,1.000,-90.00,180.00,0.00,OPEN,0
557125.433,0,0,0,1.000,1.000,1.000,-90.00,180.00,0.00,OPEN,0
557125.444,0,0,0,1.000,1.000,1.000,-90.00,180.00,0.00,OPEN,0
557125.455,0,0,0,1.000,1.000,1.000,-90.00,180.00,0.00,OPEN,0
557125.465,0,0,0,1.000,1.000,1.000,-90.00,180.00,0.00,OPEN,0
557125.476,0,0,0,1.000,1.000,1.000,-90.00,180.00,0.00,OPEN,0
557125.486,0,0,0,1.000,1.000,1.000,-90.00,180.00,0.00,OPEN,0
557125.497,0,0,0,1.000,1.000,1.000,-90.00,180.00,0.00,OPEN,0
557125.507,0,0,0,1.000,1.000,1.000,-90.00,180.00,0.00,OPEN,0
557125.518,0,0,0,1.000,1.000,1.000,-90.00,180.00,0.00,OPEN,0
557125.529,0,0,0,1.000,1.000,1.000,-90.00,180.00,0.00,OPEN,0
557125.539,0,0,0,1.000,1.000,1.000,-90.00,180.00,0.00,OPEN,0
557125.550,0,0,0,1.000,1.000,1.000,-90.00,180.00,0.00,OPEN,0
557125.560,0,0,0,1.000,1.000,1.000,-90.00,180.00,0.00,OPEN,0
557125.571,0,0,0,1.000,1.000,1.000,-90.00,180.00,0.00,OPEN,0
557125.582,0,0,0,1.000,1.000,1.000,-90.00,180.00,0.00,OPEN,0
557125.592,0,0,0,1.000,1.000,1.000,-90.00,180.00,0.00,OPEN,0
557125.603,0,0,0,1.000,1.000,1.000,-90.00,180.00,0.00,OPEN,0
557125.613,0,0,0,1.000,1.000,1.000,-90.00,180.00,0.00,OPEN,0
557125.624,0,0,0,1.000,1.000,1.000,-90.00,180.00,0.00,OPEN,0
557125.635,0,0,0,1.000,1.000,1.000,-90.00,180.00,0.00,OPEN,0
557125.646,0,0,0,1.000,1.000,1.000,-90.00,180.00,0.00,OPEN,0
557125.658,0,0,0,1.000,1.000,1.000,-90.00,180.00,0.00,OPEN,0
557125.668,0,0,0,1.000,1.000,1.000,-90.00,180.00,0.00,OPEN,0
557125.679,0,0,0,1.000,1.000,1.000,-90.00,180.00,0.00,OPEN,0
557125.690,0,0,0,1.000,1.000,1.000,-90.00,180.00,0.00,OPEN,0
557125.700,0,0,0,1.000,1.000,1.000,-90.00,180.00,0.00,OPEN,0
557125.711,0,0,0,1.000,1.000,1.000,-90.00,180.00,0.00,OPEN,0
557125.722,0,0,0,1.000,1.000,1.000,-90.00,180.00,0.00,OPEN,0
557125.733,0,0,0,1.000,1.000,1.000,-90.00,180.00,0.00,OPEN,0
557125.745,0,0,0,1.000,1.000,1.000,-90.00,180.00,0.00,OPEN,0
557125.756,0,0,0,1.000,1.000,1.000,-90.00,180.00,0.00,OPEN,0
557125.767,0,0,0,1.000,1.000,1.000,-90.00,180.00,0.00,OPEN,0
557125.777,0,0,0,1.000,1.000,1.000,-90.00,180.00,0.00,OPEN,0
557125.788,0,0,0,1.000,1.000,1.000,-90.00,180.00,0.00,OPEN,0
557125.798,0,0,0,1.000,1.000,1.000,-90.00,180.00,0.00,OPEN,0
557125.809,0,0,0,1.000,1.000,1.000,-90.00,180.00,0.00,OPEN,0
557125.819,0,0,0,1.000,1.000,1.000,-90.00,180.00,0.00,OPEN,0
557125.830,0,0,0,1.000,1.000,1.000,-90.00,180.00,0.00,OPEN,0
557125.840,0,0,0,1.000,1.000,1.000,-90.00,180.00,0.00,OPEN,0
557125.852,0,0,0,1.000,1.000,1.000,-90.00,180.00,0.00,OPEN,0
557125.863,0,0,0,1.000,1.000,1.000,-90.00,180.00,0.00,OPEN,0
557125.873,0,0,0,1.000,1.000,1.000,-90.00,180.00,0.00,OPEN,0
557125.884,0,0,0,1.000,1.000,1.000,-90.00,180.00,0.00,OPEN,0
557125.895,0,0,0,1.000,1.000,1.000,-90.00,180.00,0.00,OPEN,0
557125.905,0,0,0,1.000,1.000,1.000,-90.00,180.00,0.00,OPEN,0
557125.916,0,0,0,1.000,1.000,1.000,-90.00,180.00,0.00,OPEN,0
557125.926,0,0,0,1.000,1.000,1.000,-90.00,180.00,0.00,OPEN,0
557125.937,0,0,0,1.000,1.000,1.000,-90.00,180.00,0.00,OPEN,0
557125.947,0,0,0,1.000,1.000,1.000,-90.00,180.00,0.00,OPEN,0
557125.958,0,0,0,1.000,1.000,1.000,-90.00,180.00,0.00,OPEN,0
557125.968,0,0,0,1.000,1.000,1.000,-90.00,180.00,0.00,OPEN,0
557125.979,0,0,0,1.000,1.000,1.000,-90.00,180.00,0.00,OPEN,0
557125.989,0,0,0,1.000,1.000,1.000,-90.00,180.00,0.00,OPEN,0
557126.000,0,0,0,1.000,1.000,1.000,-90.00,180.00,0.00,OPEN,0
557126.010,0,0,0,1.000,1.000,1.000,-90.00,180.00,0.00,OPEN,0
557126.021,0,0,0,1.000,1.000,1.000,-90.00,180.00,0.00,OPEN,0
557126.031,0,0,0,1.000,1.000,1.000,-90.00,180.00,0.00,OPEN,0
557126.042,0,0,0,1.000,1.000,1.000,-90.00,180.00,0.00,OPEN,0
557126.052,0,0,0,1.000,1.000,1.000,-90.00,180.00,0.00,OPEN,0
557126.062,0,0,0,1.000,1.000,1.000,-90.00,180.00,0.00,OPEN,0
557126.073,0,0,0,1.000,1.000,1.000,-90.00,180.00,0.00,OPEN,0
557126.083,0,0,0,1.000,1.000,1.000,-90.00,180.00,0.00,OPEN,0
557126.094,0,0,0,1.000,1.000,1.000,-90.00,180.00,0.00,OPEN,0
557126.105,0,0,0,1.000,1.000,1.000,-90.00,180.00,0.00,OPEN,0
557126.115,0,0,0,1.000,1.000,1.000,-90.00,180.00,0.00,OPEN,0
557126.126,0,0,0,1.000,1.000,1.000,-90.00,180.00,0.00,OPEN,0
557126.136,0,0,0,1.000,1.000,1.000,-90.00,180.00,0.00,OPEN,0
557126.147,0,0,0,1.000,1.000,1.000,-90.00,180.00,0.00,OPEN,0
557126.158,0,0,0,1.000,1.000,1.000,-90.00,180.00,0.00,OPEN,0
557126.168,0,0,0,1.000,1.000,1.000,-90.00,180.00,0.00,OPEN,0
557126.179,0,0,0,1.000,1.000,1.000,-90.00,180.00,0.00,OPEN,0
557126.189,0,0,0,1.000,1.000,1.000,-90.00,180.00,0.00,OPEN,0
557126.199,0,0,0,1.000,1.000,1.000,-90.00,180.00,0.00,OPEN,0
557126.210,0,0,0,1.000,1.000,1.000,-90.00,180.00,0.00,OPEN,0
557126.220,0,0,0,1.000,1.000,1.000,-90.00,180.00,0.00,OPEN,0
557126.231,0,0,0,1.000,1.000,1.000,-90.00,180.00,0.00,OPEN,0
557126.241,0,0,0,1.000,1.000,1.000,-90.00,180.00,0.00,OPEN,0
557126.252,0,0,0,1.000,1.000,1.000,-90.00,180.00,0.00,OPEN,0
557126.263,0,0,0,1.000,1.000,1.000,-90.00,180.00,0.00,OPEN,0
557126.273,0,0,0,1.000,1.000,1.000,-90.00,180.00,0.00,OPEN,0
557126.283,0,0,0,1.000,1.000,1.000,-90.00,180.00,0.00,OPEN,0
557126.294,0,0,0,1.000,1.000,1.000,-90.00,180.00,0.00,OPEN,0
557126.304,0,0,0,1.000,1.000,1.000,-90.00,180.00,0.00,OPEN,0
557126.315,0,0,0,1.000,1.000,1.000,-90.00,180.00,0.00,OPEN,0
557126.326,0,0,0,1.000,1.000,1.000,-90.00,180.00,0.00,OPEN,0
557126.336,0,0,0,1.000,1.000,1.000,-90.00,180.00,0.00,OPEN,0
557126.347,0,0,0,1.000,1.000,1.000,-90.00,180.00,0.00,OPEN,0
557126.358,0,0,0,1.000,1.000,1.000,-90.00,180.00,0.00,OPEN,0
557126.368,0,0,0,1.000,1.000,1.000,-90.00,180.00,0.00,OPEN,0
557126.380,0,0,0,1.000,1.000,1.000,-90.00,180.00,0.00,OPEN,0
557126.391,0,0,0,1.000,1.000,1.000,-90.00,180.00,0.00,OPEN,0
557126.402,0,0,0,1.000,1.000,1.000,-90.00,180.00,0.00,OPEN,0
557126.412,0,0,0,1.000,1.000,1.000,-90.00,180.00,0.00,OPEN,0
557126.423,0,0,0,1.000,1.000,1.000,-90.00,180.00,0.00,OPEN,0
557126.433,0,0,0,1.000,1.000,1.000,-90.00,180.00,0.00,OPEN,0
557126.444,0,0,0,1.000,1.000,1.000,-90.00,180.00,0.00,OPEN,0
557126.454,0,0,0,1.000,1.000,1.000,-90.00,180.00,0.00,OPEN,0
557126.465,0,0,0,1.000,1.000,1.000,-90.00,180.00,0.00,OPEN,0
557126.475,0,0,0,1.000,1.000,1.000,-90.00,180.00,0.00,OPEN,0
557126.486,0,0,0,1.000,1.000,1.000,-90.00,180.00,0.00,OPEN,0
557126.496,0,0,0,1.000,1.000,1.000,-90.00,180.00,0.00,OPEN,0
557126.507,0,0,0,1.000,1.000,1.000,-90.00,180.00,0.00,OPEN,0
557126.518,0,0,0,1.000,1.000,1.000,-90.00,180.00,0.00,OPEN,0
557126.528,0,0,0,1.000,1.000,1.000,-90.00,180.00,0.00,OPEN,0
557126.539,0,0,0,1.000,1.000,1.000,-90.00,180.00,0.00,OPEN,0
557126.550,0,0,0,1.000,1.000,1.000,-90.00,180.00,0.00,OPEN,0
557126.561,0,0,0,1.000,1.000,1.000,-90.00,180.00,0.00,OPEN,0
557126.571,0,0,0,1.000,1.000,1.000,-90.00,180.00,0.00,OPEN,0
557126.582,0,0,0,1.000,1.000,1.000,-90.00,180.00,0.00,OPEN,0
557126.593,0,0,0,1.000,1.000,1.000,-90.00,180.00,0.00,OPEN,0
557126.604,0,0,0,1.000,1.000,1.000,-90.00,180.00,0.00,OPEN,0
557126.615,0,0,0,1.000,1.000,1.000,-90.00,180.00,0.00,OPEN,0
557126.625,0,0,0,1.000,1.000,1.000,-90.00,180.00,0.00,OPEN,0
557126.636,0,0,0,1.000,1.000,1.000,-90.00,180.00,0.00,OPEN,0
557126.647,0,0,0,1.000,1.000,1.000,-90.00,180.00,0.00,OPEN,0
557126.658,0,0,0,1.000,1.000,1.000,-90.00,180.00,0.00,OPEN,0
557126.668,0,0,0,1.000,1.000,1.000,-90.00,180.00,0.00,OPEN,0
557126.679,0,0,0,1.000,1.000,1.000,-90.00,180.00,0.00,OPEN,0
557126.690,0,0,0,1.000,1.000,1.000,-90.00,180.00,0.00,OPEN,0
557126.701,0,0,0,1.000,1.000,1.000,-90.00,180.00,0.00,OPEN,0
557126.712,0,0,0,1.000,1.000,1.000,-90.00,180.00,0.00,OPEN,0
557126.722,0,0,0,1.000,1.000,1.000,-90.00,180.00,0.00,OPEN,0
557126.733,0,0,0,1.000,1.000,1.000,-90.00,180.00,0.00,OPEN,0
557126.744,0,0,0,1.000,1.000,1.000,-90.00,180.00,0.00,OPEN,0
557126.758,0,0,0,1.000,1.000,1.000,-90.00,180.00,0.00,OPEN,0
557126.769,0,0,0,1.000,1.000,1.000,-90.00,180.00,0.00,OPEN,0
557126.779,0,0,0,1.000,1.000,1.000,-90.00,180.00,0.00,OPEN,0
557126.790,0,0,0,1.000,1.000,1.000,-90.00,180.00,0.00,OPEN,0
557126.801,0,0,0,1.000,1.000,1.000,-90.00,180.00,0.00,OPEN,0
557126.811,0,0,0,1.000,1.000,1.000,-90.00,180.00,0.00,OPEN,0
557126.823,0,0,0,1.000,1.000,1.000,-90.00,180.00,0.00,OPEN,0
557126.833,0,0,0,1.000,1.000,1.000,-90.00,180.00,0.00,OPEN,0
557126.844,0,0,0,1.000,1.000,1.000,-90.00,180.00,0.00,OPEN,0
557126.854,0,0,0,1.000,1.000,1.000,-90.00,180.00,0.00,OPEN,0
557126.865,0,0,0,1.000,1.000,1.000,-90.00,180.00,0.00,OPEN,0
557126.875,0,0,0,1.000,1.000,1.000,-90.00,180.00,0.00,OPEN,0
557126.886,0,0,0,1.000,1.000,1.000,-90.00,180.00,0.00,OPEN,0
557126.896,0,0,0,1.000,1.000,1.000,-90.00,180.00,0.00,OPEN,0
557126.907,0,0,0,1.000,1.000,1.000,-90.00,180.00,0.00,OPEN,0
557126.917,0,0,0,1.000,1.000,1.000,-90.00,180.00,0.00,OPEN,0
557126.928,0,0,0,1.000,1.000,1.000,-90.00,180.00,0.00,OPEN,0
557126.938,0,0,0,1.000,1.000,1.000,-90.00,180.00,0.00,OPEN,0
557126.949,0,0,0,1.000,1.000,1.000,-90.00,180.00,0.00,OPEN,0
557126.959,0,0,0,1.000,1.000,1.000,-90.00,180.00,0.00,OPEN,0
557126.970,0,0,0,1.000,1.000,1.000,-90.00,180.00,0.00,OPEN,0
557126.980,0,0,0,1.000,1.000,1.000,-90.00,180.00,0.00,OPEN,0
557126.991,0,0,0,1.000,1.000,1.000,-90.00,180.00,0.00,OPEN,0
557127.001,0,0,0,1.000,1.000,1.000,-90.00,180.00,0.00,OPEN,0
557127.012,0,0,0,1.000,1.000,1.000,-90.00,180.00,0.00,OPEN,0
557127.022,0,0,0,1.000,1.000,1.000,-90.00,180.00,0.00,OPEN,0
557127.033,0,0,0,1.000,1.000,1.000,-90.00,180.00,0.00,OPEN,0
557127.043,0,0,0,1.000,1.000,1.000,-90.00,180.00,0.00,OPEN,0
557127.054,0,0,0,1.000,1.000,1.000,-90.00,180.00,0.00,OPEN,0
557127.064,0,0,0,1.000,1.000,1.000,-90.00,180.00,0.00,OPEN,0
557127.075,0,0,0,1.000,1.000,1.000,-90.00,180.00,0.00,OPEN,0
557127.085,0,0,0,1.000,1.000,1.000,-90.00,180.00,0.00,OPEN,0
557127.096,0,0,0,1.000,1.000,1.000,-90.00,180.00,0.00,OPEN,0
557127.107,0,0,0,1.000,1.000,1.000,-90.00,180.00,0.00,OPEN,0
557127.117,0,0,0,1.000,1.000,1.000,-90.00,180.00,0.00,OPEN,0
557127.127,0,0,0,1.000,1.000,1.000,-90.00,180.00,0.00,OPEN,0
557127.138,0,0,0,1.000,1.000,1.000,-90.00,180.00,0.00,OPEN,0
557127.148,0,0,0,1.000,1.000,1.000,-90.00,180.00,0.00,OPEN,0
557127.159,0,0,0,1.000,1.000,1.000,-90.00,180.00,0.00,OPEN,0
557127.169,0,0,0,1.000,1.000,1.000,-90.00,180.00,0.00,OPEN,0
557127.180,0,0,0,1.000,1.000,1.000,-90.00,180.00,0.00,OPEN,0
557127.190,0,0,0,1.000,1.000,1.000,-90.00,180.00,0.00,OPEN,0
557127.201,0,0,0,1.000,1.000,1.000,-90.00,180.00,0.00,OPEN,0
557127.212,0,0,0,1.000,1.000,1.000,-90.00,180.00,0.00,OPEN,0
557127.222,0,0,0,1.000,1.000,1.000,-90.00,180.00,0.00,OPEN,0
557127.232,0,0,0,1.000,1.000,1.000,-90.00,180.00,0.00,OPEN,0
557127.243,0,0,0,1.000,1.000,1.000,-90.00,180.00,0.00,OPEN,0
557127.255,0,0,0,1.000,1.000,1.000,-90.00,180.00,0.00,OPEN,0
557127.265,0,0,0,1.000,1.000,1.000,-90.00,180.00,0.00,OPEN,0
557127.276,0,0,0,1.000,1.000,1.000,-90.00,180.00,0.00,OPEN,0
557127.287,0,0,0,1.000,1.000,1.000,-90.00,180.00,0.00,OPEN,0
557127.297,0,0,0,1.000,1.000,1.000,-90.00,180.00,0.00,OPEN,0
557127.308,0,0,0,1.000,1.000,1.000,-90.00,180.00,0.00,OPEN,0
557127.318,0,0,0,1.000,1.000,1.000,-90.00,180.00,0.00,OPEN,0
557127.329,0,0,0,1.000,1.000,1.000,-90.00,180.00,0.00,OPEN,0
557127.340,0,0,0,1.000,1.000,1.000,-90.00,180.00,0.00,OPEN,0
557127.350,0,0,0,1.000,1.000,1.000,-90.00,180.00,0.00,OPEN,0
557127.361,0,0,0,1.000,1.000,1.000,-90.00,180.00,0.00,OPEN,0
557127.371,0,0,0,1.000,1.000,1.000,-90.00,180.00,0.00,OPEN,0
557127.382,0,0,0,1.000,1.000,1.000,-90.00,180.00,0.00,OPEN,0
557127.393,0,0,0,1.000,1.000,1.000,-90.00,180.00,0.00,OPEN,0
557127.403,0,0,0,1.000,1.000,1.000,-90.00,180.00,0.00,OPEN,0
557127.414,0,0,0,1.000,1.000,1.000,-90.00,180.00,0.00,OPEN,0
557127.424,0,0,0,1.000,1.000,1.000,-90.00,180.00,0.00,OPEN,0
557127.435,0,0,0,1.000,1.000,1.000,-90.00,180.00,0.00,OPEN,0
557127.446,0,0,0,1.000,1.000,1.000,-90.00,180.00,0.00,OPEN,0
557127.457,0,0,0,1.000,1.000,1.000,-90.00,180.00,0.00,OPEN,0
557127.467,0,0,0,1.000,1.000,1.000,-90.00,180.00,0.00,OPEN,0
557127.478,0,0,0,1.000,1.000,1.000,-90.00,180.00,0.00,OPEN,0
557127.489,0,0,0,1.000,1.000,1.000,-90.00,180.00,0.00,OPEN,0
557127.499,0,0,0,1.000,1.000,1.000,-90.00,180.00,0.00,OPEN,0
557127.510,0,0,0,1.000,1.000,1.000,-90.00,180.00,0.00,OPEN,0
557127.521,0,0,0,1.000,1.000,1.000,-90.00,180.00,0.00,OPEN,0
557127.532,0,0,0,1.000,1.000,1.000,-90.00,180.00,0.00,OPEN,0
557127.543,0,0,0,1.000,1.000,1.000,-90.00,180.00,0.00,OPEN,0
557127.554,0,0,0,1.000,1.000,1.000,-90.00,180.00,0.00,OPEN,0
557127.564,0,0,0,1.000,1.000,1.000,-90.00,180.00,0.00,OPEN,0
557127.575,0,0,0,1.000,1.000,1.000,-90.00,180.00,0.00,OPEN,0
557127.585,0,0,0,1.000,1.000,1.000,-90.00,180.00,0.00,OPEN,0
557127.596,0,0,0,1.000,1.000,1.000,-90.00,180.00,0.00,OPEN,0
557127.607,0,0,0,1.000,1.000,1.000,-90.00,180.00,0.00,OPEN,0
557127.618,0,0,0,1.000,1.000,1.000,-90.00,180.00,0.00,OPEN,0
557127.629,0,0,0,1.000,1.000,1.000,-90.00,180.00,0.00,OPEN,0
557127.640,0,0,0,1.000,1.000,1.000,-90.00,180.00,0.00,OPEN,0
557127.651,0,0,0,1.000,1.000,1.000,-90.00,180.00,0.00,OPEN,0
557127.661,0,0,0,1.000,1.000,1.000,-90.00,180.00,0.00,OPEN,0
557127.672,0,0,0,1.000,1.000,1.000,-90.00,180.00,0.00,OPEN,0
557127.683,0,0,0,1.000,1.000,1.000,-90.00,180.00,0.00,OPEN,0
557127.694,0,0,0,1.000,1.000,1.000,-90.00,180.00,0.00,OPEN,0
557127.706,0,0,0,1.000,1.000,1.000,-90.00,180.00,0.00,OPEN,0
557127.716,0,0,0,1.000,1.000,1.000,-90.00,180.00,0.00,OPEN,0
557127.727,0,0,0,1.000,1.000,1.000,-90.00,180.00,0.00,OPEN,0
557127.738,0,0,0,1.000,1.000,1.000,-90.00,180.00,0.00,OPEN,0
557127.749,0,0,0,1.000,1.000,1.000,-90.00,180.00,0.00,OPEN,0
557127.759,0,0,0,1.000,1.000,1.000,-90.00,180.00,0.00,OPEN,0
557127.770,0,0,0,1.000,1.000,1.000,-90.00,180.00,0.00,OPEN,0
557127.781,0,0,0,1.000,1.000,1.000,-90.00,180.00,0.00,OPEN,0
557127.791,0,0,0,1.000,1.000,1.000,-90.00,180.00,0.00,OPEN,0
557127.802,0,0,0,1.000,1.000,1.000,-90.00,180.00,0.00,OPEN,0
557127.813,0,0,0,1.000,1.000,1.000,-90.00,180.00,0.00,OPEN,0
557127.824,0,0,0,1.000,1.000,1.000,-90.00,180.00,0.00,OPEN,0
557127.835,0,0,0,1.000,1.000,1.000,-90.00,180.00,0.00,OPEN,0
557127.846,0,0,0,1.000,1.000,1.000,-90.00,180.00,0.00,OPEN,0
557127.856,0,0,0,1.000,1.000,1.000,-90.00,180.00,0.00,OPEN,0
557127.866,0,0,0,1.000,1.000,1.000,-90.00,180.00,0.00,OPEN,0
557127.924,0,0,0,1.000,1.000,1.000,-90.00,180.00,0.00,OPEN,0
557127.949,0,0,0,1.000,1.000,1.000,-90.00,180.00,0.00,OPEN,0
557127.959,0,0,0,1.000,1.000,1.000,-90.00,180.00,0.00,OPEN,0
557127.969,0,0,0,1.000,1.000,1.000,-90.00,180.00,0.00,OPEN,0
557127.980,0,0,0,1.000,1.000,1.000,-90.00,180.00,0.00,OPEN,0
557127.990,0,0,0,1.000,1.000,1.000,-90.00,180.00,0.00,OPEN,0
557128.001,0,0,0,1.000,1.000,1.000,-90.00,180.00,0.00,OPEN,0
557128.011,0,0,0,1.000,1.000,1.000,-90.00,180.00,0.00,OPEN,0
557128.022,0,0,0,1.000,1.000,1.000,-90.00,180.00,0.00,OPEN,0
557128.032,0,0,0,1.000,1.000,1.000,-90.00,180.00,0.00,OPEN,0
557128.043,0,0,0,1.000,1.000,1.000,-90.00,180.00,0.00,OPEN,0
557128.054,0,0,0,1.000,1.000,1.000,-90.00,180.00,0.00,OPEN,0
557128.064,0,0,0,1.000,1.000,1.000,-90.00,180.00,0.00,OPEN,0
557128.075,0,0,0,1.000,1.000,1.000,-90.00,180.00,0.00,OPEN,0
557128.085,0,0,0,1.000,1.000,1.000,-90.00,180.00,0.00,OPEN,0
557128.096,0,0,0,1.000,1.000,1.000,-90.00,180.00,0.00,OPEN,0
557128.106,0,0,0,1.000,1.000,1.000,-90.00,180.00,0.00,OPEN,0
557128.117,0,0,0,1.000,1.000,1.000,-90.00,180.00,0.00,OPEN,0
557128.128,0,0,0,1.000,1.000,1.000,-90.00,180.00,0.00,OPEN,0
557128.138,0,0,0,1.000,1.000,1.000,-90.00,180.00,0.00,OPEN,0
557128.149,0,0,0,1.000,1.000,1.000,-90.00,180.00,0.00,OPEN,0
557128.159,0,0,0,1.000,1.000,1.000,-90.00,180.00,0.00,OPEN,0
557128.170,0,0,0,1.000,1.000,1.000,-90.00,180.00,0.00,OPEN,0
557128.181,0,0,0,1.000,1.000,1.000,-90.00,180.00,0.00,OPEN,0
557128.192,0,0,0,1.000,1.000,1.000,-90.00,180.00,0.00,OPEN,0
557128.202,0,0,0,1.000,1.000,1.000,-90.00,180.00,0.00,OPEN,0
557128.213,0,0,0,1.000,1.000,1.000,-90.00,180.00,0.00,OPEN,0
557128.224,0,0,0,1.000,1.000,1.000,-90.00,180.00,0.00,OPEN,0
557128.234,0,0,0,1.000,1.000,1.000,-90.00,180.00,0.00,OPEN,0
557128.245,0,0,0,1.000,1.000,1.000,-90.00,180.00,0.00,OPEN,0
557128.255,0,0,0,1.000,1.000,1.000,-90.00,180.00,0.00,OPEN,0
557128.266,0,0,0,1.000,1.000,1.000,-90.00,180.00,0.00,OPEN,0
557128.277,0,0,0,1.000,1.000,1.000,-90.00,180.00,0.00,OPEN,0
557128.287,0,0,0,1.000,1.000,1.000,-90.00,180.00,0.00,OPEN,0
557128.298,0,0,0,1.000,0.999,1.000,-90.00,180.00,0.00,OPEN,0
557128.308,0,0,0,1.000,0.999,1.000,-90.00,180.00,0.00,OPEN,0
557128.319,0,0,0,1.000,0.999,1.000,-90.00,180.00,0.00,OPEN,0
557128.330,0,0,0,1.000,0.999,1.000,-90.00,180.00,0.00,OPEN,0
557128.340,0,0,0,1.000,0.999,1.000,-90.00,180.00,0.00,OPEN,0
557128.351,0,0,0,1.000,0.998,1.000,-90.00,180.00,0.00,OPEN,0
557128.362,0,0,0,1.000,0.998,1.000,-90.00,180.00,0.00,OPEN,0
557128.373,0,0,0,1.000,0.998,1.000,-90.00,180.00,0.00,OPEN,0
557128.383,0,0,0,1.000,0.998,1.000,-90.00,180.00,0.00,OPEN,0
557128.394,0,0,0,1.000,0.994,1.000,-90.00,180.00,0.00,OPEN,0
557128.406,0,0,0,1.000,0.994,1.000,-90.00,180.00,0.00,OPEN,0
557128.418,0,0,0,1.000,0.994,1.000,-90.00,180.00,0.00,OPEN,0
557128.428,0,0,0,1.000,0.994,1.000,-90.00,180.00,0.00,OPEN,0
557128.439,0,0,0,1.000,0.994,1.000,-90.00,180.00,0.00,OPEN,0
557128.450,0,0,0,1.000,0.972,1.000,-90.00,180.00,0.00,OPEN,0
557128.461,0,0,0,1.000,0.972,1.000,-90.00,180.00,0.00,OPEN,0
557128.471,0,0,0,1.000,0.972,1.000,-90.00,180.00,0.00,OPEN,0
557128.482,0,0,0,1.000,0.972,1.000,-90.00,180.00,0.00,OPEN,0
557128.492,0,0,0,1.000,0.682,1.000,-90.00,180.00,0.00,OPEN,0
557128.502,0,0,0,1.000,0.682,1.000,-90.00,180.00,0.00,OPEN,0
557128.513,0,0,0,1.000,0.682,1.000,-90.00,180.00,0.00,OPEN,0
557128.523,0,0,0,1.000,0.682,1.000,-90.00,180.00,0.00,OPEN,0
557128.534,0,0,0,1.000,0.682,1.000,-90.00,180.00,0.00,OPEN,0
557128.545,0,0,0,1.000,0.843,1.000,-90.00,180.00,0.00,OPEN,0
557128.555,0,0,0,1.000,0.843,1.000,-90.00,180.00,0.00,OPEN,0
557128.566,0,0,0,1.000,0.843,1.000,-90.00,180.00,0.00,OPEN,0
557128.578,0,0,0,1.000,0.843,1.000,-90.00,180.00,0.00,OPEN,0
557128.589,0,0,0,1.000,0.843,1.000,-90.00,180.00,0.00,OPEN,0
557128.600,0,0,0,1.000,0.948,1.000,-90.00,180.00,0.00,OPEN,0
557128.610,0,0,0,1.000,0.948,1.000,-90.00,180.00,0.00,OPEN,0
557128.621,0,0,0,1.000,0.948,1.000,-90.00,180.00,0.00,OPEN,0
557128.631,0,0,0,1.000,0.948,1.000,-90.00,180.00,0.00,OPEN,0
557128.642,0,0,0,1.000,0.948,1.000,-90.00,180.00,0.00,OPEN,0
557128.652,0,0,0,1.000,0.962,1.000,-90.00,180.00,0.00,OPEN,0
557128.662,0,0,0,1.000,0.962,1.000,-90.00,180.00,0.00,OPEN,0
557128.673,0,0,0,1.000,0.962,1.000,-90.00,180.00,0.00,OPEN,0
557128.684,0,0,0,1.000,0.962,1.000,-90.00,180.00,0.00,OPEN,0
557128.694,0,0,0,1.000,0.954,1.000,-90.00,180.00,0.00,OPEN,0
557128.705,0,0,0,1.000,0.954,1.000,-90.00,180.00,0.00,OPEN,0
557128.716,0,0,0,1.000,0.954,1.000,-90.00,180.00,0.00,OPEN,0
557128.727,0,0,0,1.000,0.954,1.000,-90.00,180.00,0.00,OPEN,0
557128.737,0,0,0,1.000,0.954,1.000,-90.00,180.00,0.00,OPEN,0
557128.748,0,0,0,1.000,0.878,1.000,-90.00,180.00,0.00,OPEN,0
557128.759,0,0,0,1.000,0.878,1.000,-90.00,180.00,0.00,OPEN,0
557128.769,0,0,0,1.000,0.878,1.000,-90.00,180.00,0.00,OPEN,0
557128.780,0,0,0,1.000,0.878,1.000,-90.00,180.00,0.00,OPEN,0
557128.790,0,0,0,1.000,0.878,1.000,-90.00,180.00,0.00,OPEN,0
557128.800,0,0,0,1.000,0.555,1.000,-90.00,180.00,0.00,OPEN,0
557128.811,0,0,0,1.000,0.555,1.000,-90.00,180.00,0.00,OPEN,0
557128.822,0,0,0,1.000,0.555,1.000,-90.00,180.00,0.00,OPEN,0
557128.833,0,0,0,1.000,0.555,1.000,-90.00,180.00,0.00,OPEN,0
557128.844,0,0,0,1.000,0.754,1.000,-90.00,180.00,0.00,OPEN,0
557128.855,0,0,0,1.000,0.754,1.000,-90.00,180.00,0.00,OPEN,0
557128.865,0,0,0,1.000,0.754,1.000,-90.00,180.00,0.00,OPEN,0
557128.876,0,0,0,1.000,0.754,1.000,-90.00,180.00,0.00,OPEN,0
557128.887,0,0,0,1.000,0.754,1.000,-90.00,180.00,0.00,OPEN,0
557128.897,0,0,0,1.000,0.921,1.000,-90.00,180.00,0.00,OPEN,0
557128.908,0,0,0,1.000,0.921,1.000,-90.00,180.00,0.00,OPEN,0
557128.918,0,0,0,1.000,0.921,1.000,-90.00,180.00,0.00,OPEN,0
557128.929,0,0,0,1.000,0.921,1.000,-90.00,180.00,0.00,OPEN,0
557128.939,0,0,0,1.000,0.921,1.000,-90.00,180.00,0.00,OPEN,0
557128.950,0,0,0,1.000,0.966,0.999,-90.00,180.00,0.00,OPEN,0
557128.961,0,0,0,1.000,0.966,0.999,-90.00,180.00,0.00,OPEN,0
557128.971,0,0,0,1.000,0.966,0.999,-90.00,180.00,0.00,OPEN,0
557128.982,0,0,0,1.000,0.966,0.999,-90.00,180.00,0.00,OPEN,0
557128.993,0,0,0,1.000,0.989,0.998,-90.00,180.00,0.00,OPEN,0
557129.003,0,0,0,1.000,0.989,0.998,-90.00,180.00,0.00,OPEN,0
557129.014,0,0,0,1.000,0.989,0.998,-90.00,180.00,0.00,OPEN,0
557129.026,0,0,0,1.000,0.989,0.998,-90.00,180.00,0.00,OPEN,0
557129.037,0,0,0,1.000,0.989,0.998,-90.00,180.00,0.00,OPEN,0
557129.048,0,0,0,1.000,0.995,0.997,-90.00,180.00,0.00,OPEN,0
557129.058,0,0,0,1.000,0.995,0.997,-90.00,180.00,0.00,OPEN,0
557129.069,0,0,0,1.000,0.995,0.997,-90.00,180.00,0.00,OPEN,0
557129.079,0,0,0,1.000,0.995,0.997,-90.00,180.00,0.00,OPEN,0
557129.090,0,0,0,1.000,0.995,0.997,-90.00,180.00,0.00,OPEN,0
557129.100,0,0,0,1.000,0.996,0.996,-90.00,180.00,0.00,OPEN,0
557129.111,0,0,0,1.000,0.996,0.996,-90.00,180.00,0.00,OPEN,0
557129.121,0,0,0,1.000,0.996,0.996,-90.00,180.00,0.00,OPEN,0
557129.132,0,0,0,1.000,0.996,0.996,-90.00,180.00,0.00,OPEN,0
557129.143,0,0,0,1.000,0.998,0.994,-90.00,180.00,0.00,OPEN,0
557129.153,0,0,0,1.000,0.998,0.994,-90.00,180.00,0.00,OPEN,0
557129.164,0,0,0,1.000,0.998,0.994,-90.00,180.00,0.00,OPEN,0
557129.174,0,0,0,1.000,0.998,0.994,-90.00,180.00,0.00,OPEN,0
557129.185,0,0,0,1.000,0.998,0.994,-90.00,180.00,0.00,OPEN,0
557129.195,0,0,0,1.000,0.998,0.994,-90.00,180.00,0.00,OPEN,0
557129.206,0,0,0,1.000,0.998,0.994,-90.00,180.00,0.00,OPEN,0
557129.217,0,0,0,1.000,0.998,0.994,-90.00,180.00,0.00,OPEN,0
557129.254,0,0,0,1.000,0.999,0.993,-90.00,180.00,0.00,OPEN,0
557129.266,0,0,0,1.000,0.999,0.993,-90.00,180.00,0.00,OPEN,0
557129.276,0,0,0,1.000,0.999,0.993,-90.00,180.00,0.00,OPEN,0
557129.287,0,0,0,1.000,0.999,0.993,-90.00,180.00,0.00,OPEN,0
557129.297,0,0,0,1.000,0.999,0.993,-90.00,180.00,0.00,OPEN,0
557129.308,0,0,0,1.000,0.999,0.993,-90.00,180.00,0.00,OPEN,0
557129.319,0,0,0,1.000,0.999,0.993,-90.00,180.00,0.00,OPEN,0
557129.330,0,0,0,1.000,0.999,0.993,-90.00,180.00,0.00,OPEN,0
557129.340,0,0,0,1.000,0.999,0.993,-90.00,180.00,0.00,OPEN,0
557129.351,0,0,0,1.000,0.999,0.990,-90.00,180.00,0.00,OPEN,0
557129.361,0,0,0,1.000,0.999,0.990,-90.00,180.00,0.00,OPEN,0
557129.372,0,0,0,1.000,0.999,0.990,-90.00,180.00,0.00,OPEN,0
557129.383,0,0,0,1.000,0.999,0.990,-90.00,180.00,0.00,OPEN,0
557129.393,0,0,0,1.000,0.999,0.986,-90.00,180.00,0.00,OPEN,0
557129.403,0,0,0,1.000,0.999,0.986,-90.00,180.00,0.00,OPEN,0
557129.414,0,0,0,1.000,0.999,0.986,-90.00,180.00,0.00,OPEN,0
557129.437,0,0,0,1.000,0.999,0.986,-90.00,180.00,0.00,OPEN,0
557129.450,0,0,0,1.000,0.999,0.977,-90.00,180.00,0.00,OPEN,0
557129.462,0,0,0,1.000,0.999,0.977,-90.00,180.00,0.00,OPEN,0
557129.473,0,0,0,1.000,0.999,0.977,-90.00,180.00,0.00,OPEN,0
557129.483,0,0,0,1.000,0.999,0.977,-90.00,180.00,0.00,OPEN,0
557129.494,0,0,0,1.000,0.999,0.967,-90.00,180.00,0.00,OPEN,0
557129.505,0,0,0,1.000,0.999,0.967,-90.00,180.00,0.00,OPEN,0
557129.515,0,0,0,1.000,0.999,0.967,-90.00,180.00,0.00,OPEN,0
557129.526,0,0,0,1.000,0.999,0.967,-90.00,180.00,0.00,OPEN,0
557129.537,0,0,0,1.000,0.999,0.967,-90.00,180.00,0.00,OPEN,0
557129.547,0,0,0,1.000,1.000,0.968,-90.00,180.00,0.00,OPEN,0
557129.558,0,0,0,1.000,1.000,0.968,-90.00,180.00,0.00,OPEN,0
557129.569,0,0,0,1.000,1.000,0.968,-90.00,180.00,0.00,OPEN,0
557129.579,0,0,0,1.000,1.000,0.968,-90.00,180.00,0.00,OPEN,0
557129.589,0,0,0,1.000,1.000,0.968,-90.00,180.00,0.00,OPEN,0
557129.600,0,0,0,1.000,1.000,0.971,-90.00,180.00,0.00,OPEN,0
557129.611,0,0,0,1.000,1.000,0.971,-90.00,180.00,0.00,OPEN,0
557129.621,0,0,0,1.000,1.000,0.971,-90.00,180.00,0.00,OPEN,0
557129.632,0,0,0,1.000,1.000,0.971,-90.00,180.00,0.00,OPEN,0
557129.643,0,0,0,1.000,1.000,0.977,-90.00,180.00,0.00,OPEN,0
557129.653,0,0,0,1.000,1.000,0.977,-90.00,180.00,0.00,OPEN,0
557129.664,0,0,0,1.000,1.000,0.977,-90.00,180.00,0.00,OPEN,0
557129.675,0,0,0,1.000,1.000,0.977,-90.00,180.00,0.00,OPEN,0
557129.685,0,0,0,1.000,1.000,0.977,-90.00,180.00,0.00,OPEN,0
557129.696,0,0,0,1.000,1.000,0.980,-90.00,180.00,0.00,OPEN,0
557129.707,0,0,0,1.000,1.000,0.980,-90.00,180.00,0.00,OPEN,0
557129.717,0,0,0,1.000,1.000,0.980,-90.00,180.00,0.00,OPEN,0
557129.728,0,0,0,1.000,1.000,0.980,-90.00,180.00,0.00,OPEN,0
557129.738,0,0,0,1.000,1.000,0.980,-90.00,180.00,0.00,OPEN,0
557129.749,0,0,0,1.000,0.999,0.981,-90.00,180.00,0.00,OPEN,0
557129.759,0,0,0,1.000,0.999,0.981,-90.00,180.00,0.00,OPEN,0
557129.770,0,0,0,1.000,0.999,0.981,-90.00,180.00,0.00,OPEN,0
557129.780,0,0,0,1.000,0.999,0.981,-90.00,180.00,0.00,OPEN,0
557129.791,0,0,0,1.000,0.999,0.981,-90.00,180.00,0.00,OPEN,0
557129.802,0,0,0,1.000,0.999,0.983,-90.00,180.00,0.00,OPEN,0
557129.813,0,0,0,1.000,0.999,0.983,-90.00,180.00,0.00,OPEN,0
557129.823,0,0,0,1.000,0.999,0.983,-90.00,180.00,0.00,OPEN,0
557129.834,0,0,0,1.000,0.999,0.983,-90.00,180.00,0.00,OPEN,0
557129.844,0,0,0,1.000,0.997,0.983,-90.00,180.00,0.00,OPEN,0
557129.855,0,0,0,1.000,0.997,0.983,-90.00,180.00,0.00,OPEN,0
557129.865,0,0,0,1.000,0.997,0.983,-90.00,180.00,0.00,OPEN,0
557129.876,0,0,0,1.000,0.997,0.983,-90.00,180.00,0.00,OPEN,0
557129.887,0,0,0,1.000,0.997,0.983,-90.00,180.00,0.00,OPEN,0
557129.897,0,0,0,1.000,0.992,0.980,-90.00,180.00,0.00,OPEN,0
557129.908,0,0,0,1.000,0.992,0.980,-90.00,180.00,0.00,OPEN,0
557129.919,0,0,0,1.000,0.992,0.980,-90.00,180.00,0.00,OPEN,0
557129.929,0,0,0,1.000,0.992,0.980,-90.00,180.00,0.00,OPEN,0
557129.940,0,0,0,1.000,0.992,0.980,-90.00,180.00,0.00,OPEN,0
557129.950,0,0,0,1.000,0.975,0.974,-90.00,180.00,0.00,OPEN,0
557129.961,0,0,0,1.000,0.975,0.974,-90.00,180.00,0.00,OPEN,0
557129.971,0,0,0,1.000,0.975,0.974,-90.00,180.00,0.00,OPEN,0
557129.981,0,0,0,1.000,0.975,0.974,-90.00,180.00,0.00,OPEN,0
557129.992,0,0,0,1.000,0.919,0.956,-90.00,180.00,0.00,OPEN,0
557130.003,0,0,0,1.000,0.919,0.956,-90.00,180.00,0.00,OPEN,0
557130.013,0,0,0,1.000,0.919,0.956,-90.00,180.00,0.00,OPEN,0
557130.023,0,0,0,1.000,0.919,0.956,-90.00,180.00,0.00,OPEN,0
557130.034,0,0,0,1.000,0.919,0.956,-90.00,180.00,0.00,OPEN,0
557130.044,0,0,0,1.000,0.842,0.930,-90.00,180.00,0.00,OPEN,0
557130.055,0,0,0,1.000,0.842,0.930,-90.00,180.00,0.00,OPEN,0
557130.066,0,0,0,1.000,0.842,0.930,-90.00,180.00,0.00,OPEN,0
557130.076,0,0,0,1.000,0.842,0.930,-90.00,180.00,0.00,OPEN,0
557130.087,0,0,0,1.000,0.842,0.930,-90.00,180.00,0.00,OPEN,0
557130.097,0,0,0,1.000,0.800,0.909,-90.00,180.00,0.00,OPEN,0
557130.108,0,0,0,1.000,0.800,0.909,-90.00,180.00,0.00,OPEN,0
557130.118,0,0,0,1.000,0.800,0.909,-90.00,180.00,0.00,OPEN,0
557130.129,0,0,0,1.000,0.800,0.909,-90.00,180.00,0.00,OPEN,0
557130.140,0,0,0,1.000,0.800,0.909,-90.00,180.00,0.00,OPEN,0
557130.150,0,0,0,1.000,0.804,0.907,-90.00,180.00,0.00,OPEN,0
557130.161,0,0,0,1.000,0.804,0.907,-90.00,180.00,0.00,OPEN,0
557130.171,0,0,0,1.000,0.804,0.907,-90.00,180.00,0.00,OPEN,0
557130.182,0,0,0,1.000,0.804,0.907,-90.00,180.00,0.00,OPEN,0
557130.193,0,0,0,1.000,0.776,0.922,-90.00,180.00,0.00,OPEN,0
557130.203,0,0,0,1.000,0.776,0.922,-90.00,180.00,0.00,OPEN,0
557130.214,0,0,0,1.000,0.776,0.922,-90.00,180.00,0.00,OPEN,0
557130.224,0,0,0,1.000,0.776,0.922,-90.00,180.00,0.00,OPEN,0
557130.235,0,0,0,1.000,0.776,0.922,-90.00,180.00,0.00,OPEN,0
557130.245,0,0,0,1.000,0.777,0.949,-90.00,180.00,0.00,OPEN,0
557130.256,0,0,0,1.000,0.777,0.949,-90.00,180.00,0.00,OPEN,0
557130.266,0,0,0,1.000,0.777,0.949,-90.00,180.00,0.00,OPEN,0
557130.277,0,0,0,1.000,0.777,0.949,-90.00,180.00,0.00,OPEN,0
557130.287,0,0,0,1.000,0.777,0.949,-90.00,180.00,0.00,OPEN,0
557130.298,0,0,0,1.000,0.785,0.970,-90.00,180.00,0.00,OPEN,0
557130.308,0,0,0,1.000,0.785,0.970,-90.00,180.00,0.00,OPEN,0
557130.319,0,0,0,1.000,0.785,0.970,-90.00,180.00,0.00,OPEN,0
557130.330,0,0,0,1.000,0.785,0.970,-90.00,180.00,0.00,OPEN,0
557130.341,0,0,0,1.000,0.785,0.970,-90.00,180.00,0.00,OPEN,0
557130.351,0,0,0,1.000,0.840,0.983,-90.00,180.00,0.00,OPEN,0
557130.362,0,0,0,1.000,0.840,0.983,-90.00,180.00,0.00,OPEN,0
557130.373,0,0,0,1.000,0.840,0.983,-90.00,180.00,0.00,OPEN,0
557130.383,0,0,0,1.000,0.840,0.983,-90.00,180.00,0.00,OPEN,0
557130.394,0,0,0,1.000,0.896,0.991,-90.00,180.00,0.00,OPEN,0
557130.404,0,0,0,1.000,0.896,0.991,-90.00,180.00,0.00,OPEN,0
557130.415,0,0,0,1.000,0.896,0.991,-90.00,180.00,0.00,OPEN,0
557130.425,0,0,0,1.000,0.896,0.991,-90.00,180.00,0.00,OPEN,0
557130.436,0,0,0,1.000,0.896,0.991,-90.00,180.00,0.00,OPEN,0
557130.447,0,0,0,1.000,0.933,0.994,-90.00,180.00,0.00,OPEN,0
557130.457,0,0,0,1.000,0.933,0.994,-90.00,180.00,0.00,OPEN,0
557130.468,0,0,0,1.000,0.933,0.994,-90.00,180.00,0.00,OPEN,0
557130.478,0,0,0,1.000,0.933,0.994,-90.00,180.00,0.00,OPEN,0
557130.489,0,0,0,1.000,0.933,0.994,-90.00,180.00,0.00,OPEN,0
557130.499,0,0,0,1.000,0.965,0.996,-90.00,180.00,0.00,OPEN,0
557130.510,0,0,0,1.000,0.965,0.996,-90.00,180.00,0.00,OPEN,0
557130.520,0,0,0,1.000,0.965,0.996,-90.00,180.00,0.00,OPEN,0
557130.531,0,0,0,1.000,0.965,0.996,-90.00,180.00,0.00,OPEN,0
557130.542,0,0,0,1.000,0.965,0.996,-90.00,180.00,0.00,OPEN,0
557130.552,0,0,0,1.000,0.980,0.997,-90.00,180.00,0.00,OPEN,0
557130.563,0,0,0,1.000,0.980,0.997,-90.00,180.00,0.00,OPEN,0
557130.574,0,0,0,1.000,0.980,0.997,-90.00,180.00,0.00,OPEN,0
557130.584,0,0,0,1.000,0.980,0.997,-90.00,180.00,0.00,OPEN,0
557130.595,0,0,0,1.000,0.988,0.998,-90.00,180.00,0.00,OPEN,0
557130.606,0,0,0,1.000,0.988,0.998,-90.00,180.00,0.00,OPEN,0
557130.617,0,0,0,1.000,0.988,0.998,-90.00,180.00,0.00,OPEN,0
557130.627,0,0,0,1.000,0.988,0.998,-90.00,180.00,0.00,OPEN,0
557130.638,0,0,0,1.000,0.988,0.998,-90.00,180.00,0.00,OPEN,0
557130.649,0,0,0,1.000,0.992,0.998,-90.00,180.00,0.00,OPEN,0
557130.660,0,0,0,1.000,0.992,0.998,-90.00,180.00,0.00,OPEN,0
557130.671,0,0,0,1.000,0.992,0.998,-90.00,180.00,0.00,OPEN,0
557130.682,0,0,0,1.000,0.992,0.998,-90.00,180.00,0.00,OPEN,0
557130.693,0,0,0,1.000,0.995,0.998,-90.00,180.00,0.00,OPEN,0
557130.704,0,0,0,1.000,0.995,0.998,-90.00,180.00,0.00,OPEN,0
557130.714,0,0,0,1.000,0.995,0.998,-90.00,180.00,0.00,OPEN,0
557130.725,0,0,0,1.000,0.995,0.998,-90.00,180.00,0.00,OPEN,0
557130.736,0,0,0,1.000,0.995,0.998,-90.00,180.00,0.00,OPEN,0
557130.746,0,0,0,1.000,0.996,0.998,-90.00,180.00,0.00,OPEN,0
557130.757,0,0,0,1.000,0.996,0.998,-90.00,180.00,0.00,OPEN,0
557130.768,0,0,0,1.000,0.996,0.998,-90.00,180.00,0.00,OPEN,0
557130.778,0,0,0,1.000,0.996,0.998,-90.00,180.00,0.00,OPEN,0
557130.789,0,0,0,1.000,0.996,0.998,-90.00,180.00,0.00,OPEN,0
557130.800,0,0,0,1.000,0.996,0.998,-90.00,180.00,0.00,OPEN,0
557130.812,0,0,0,1.000,0.996,0.998,-90.00,180.00,0.00,OPEN,0
557130.822,0,0,0,1.000,0.996,0.998,-90.00,180.00,0.00,OPEN,0
557130.833,0,0,0,1.000,0.996,0.998,-90.00,180.00,0.00,OPEN,0
557130.844,0,0,0,1.000,0.995,0.997,-90.00,180.00,0.00,OPEN,0
557130.854,0,0,0,1.000,0.995,0.997,-90.00,180.00,0.00,OPEN,0
557130.865,0,0,0,1.000,0.995,0.997,-90.00,180.00,0.00,OPEN,0
557130.875,0,0,0,1.000,0.995,0.997,-90.00,180.00,0.00,OPEN,0
557130.886,0,0,0,1.000,0.995,0.997,-90.00,180.00,0.00,OPEN,0
557130.896,0,0,0,1.000,0.993,0.996,-90.00,180.00,0.00,OPEN,0
557130.907,0,0,0,1.000,0.993,0.996,-90.00,180.00,0.00,OPEN,0
557130.917,0,0,0,1.000,0.993,0.996,-90.00,180.00,0.00,OPEN,0
557130.928,0,0,0,1.000,0.993,0.996,-90.00,180.00,0.00,OPEN,0
557130.938,0,0,0,1.000,0.993,0.996,-90.00,180.00,0.00,OPEN,0
557130.948,0,0,0,1.000,0.984,0.993,-90.00,180.00,0.00,OPEN,0
557130.959,0,0,0,1.000,0.984,0.993,-90.00,180.00,0.00,OPEN,0
557130.970,0,0,0,1.000,0.984,0.993,-90.00,180.00,0.00,OPEN,0
557130.980,0,0,0,1.000,0.984,0.993,-90.00,180.00,0.00,OPEN,0
557130.991,0,0,0,1.000,0.984,0.993,-90.00,180.00,0.00,OPEN,0
557131.001,0,0,0,1.000,0.946,0.989,-90.00,180.00,0.00,OPEN,0
557131.012,0,0,0,1.000,0.946,0.989,-90.00,180.00,0.00,OPEN,0
557131.023,0,0,0,1.000,0.946,0.989,-90.00,180.00,0.00,OPEN,0
557131.034,0,0,0,1.000,0.946,0.989,-90.00,180.00,0.00,OPEN,0
557131.045,0,0,0,1.000,0.789,0.982,-90.00,180.00,0.00,OPEN,0
557131.055,0,0,0,1.000,0.789,0.982,-90.00,180.00,0.00,OPEN,0
557131.066,0,0,0,1.000,0.789,0.982,-90.00,180.00,0.00,OPEN,0
557131.077,0,0,0,1.000,0.789,0.982,-90.00,180.00,0.00,OPEN,0
557131.087,0,0,0,1.000,0.789,0.982,-90.00,180.00,0.00,OPEN,0
557131.098,0,0,0,1.000,0.585,0.974,-90.00,180.00,0.00,OPEN,0
557131.109,0,0,0,1.000,0.585,0.974,-90.00,180.00,0.00,OPEN,0
557131.119,0,0,0,1.000,0.585,0.974,-90.00,180.00,0.00,OPEN,0
557131.130,0,0,0,1.000,0.585,0.974,-90.00,180.00,0.00,OPEN,0
557131.140,0,0,0,1.000,0.585,0.974,-90.00,180.00,0.00,OPEN,0
557131.151,0,0,0,1.000,0.831,0.974,-90.00,180.00,0.00,OPEN,0
557131.161,0,0,0,1.000,0.831,0.974,-90.00,180.00,0.00,OPEN,0
557131.172,0,0,0,1.000,0.831,0.974,-90.00,180.00,0.00,OPEN,0
557131.183,0,0,0,1.000,0.831,0.974,-90.00,180.00,0.00,OPEN,0
557131.193,0,0,0,1.000,0.888,0.977,-90.00,180.00,0.00,OPEN,0
557131.204,0,0,0,1.000,0.888,0.977,-90.00,180.00,0.00,OPEN,0
557131.217,0,0,0,1.000,0.888,0.977,-90.00,180.00,0.00,OPEN,0
557131.228,0,0,0,1.000,0.888,0.977,-90.00,180.00,0.00,OPEN,0
557131.239,0,0,0,1.000,0.888,0.977,-90.00,180.00,0.00,OPEN,0
557131.249,0,0,0,1.000,0.859,0.983,-90.00,180.00,0.00,OPEN,0
557131.261,0,0,0,1.000,0.859,0.983,-90.00,180.00,0.00,OPEN,0
557131.271,0,0,0,1.000,0.859,0.983,-90.00,180.00,0.00,OPEN,0
557131.282,0,0,0,1.000,0.859,0.983,-90.00,180.00,0.00,OPEN,0
557131.292,0,0,0,1.000,0.754,0.988,-90.00,180.00,0.00,OPEN,0
557131.305,0,0,0,1.000,0.754,0.988,-90.00,180.00,0.00,OPEN,0
557131.316,0,0,0,1.000,0.754,0.988,-90.00,180.00,0.00,OPEN,0
557131.327,0,0,0,1.000,0.754,0.988,-90.00,180.00,0.00,OPEN,0
557131.338,0,0,0,1.000,0.754,0.988,-90.00,180.00,0.00,OPEN,0
557131.349,0,0,0,1.000,0.558,0.991,-90.00,180.00,0.00,OPEN,0
557131.359,0,0,0,1.000,0.558,0.991,-90.00,180.00,0.00,OPEN,0
557131.370,0,0,0,1.000,0.558,0.991,-90.00,180.00,0.00,OPEN,0
557131.380,0,0,0,1.000,0.558,0.991,-90.00,180.00,0.00,OPEN,0
557131.391,0,0,0,1.000,0.558,0.991,-90.00,180.00,0.00,OPEN,0
557131.401,0,0,0,1.000,0.571,0.992,-90.00,180.00,0.00,OPEN,0
557131.412,0,0,0,1.000,0.571,0.992,-90.00,180.00,0.00,OPEN,0
557131.423,0,0,0,1.000,0.571,0.992,-90.00,180.00,0.00,OPEN,0
557131.433,0,0,0,1.000,0.571,0.992,-90.00,180.00,0.00,OPEN,0
557131.444,0,0,0,1.000,0.731,0.991,-90.00,180.00,0.00,OPEN,0
557131.456,0,0,0,1.000,0.731,0.991,-90.00,180.00,0.00,OPEN,0
557131.467,0,0,0,1.000,0.731,0.991,-90.00,180.00,0.00,OPEN,0
557131.478,0,0,0,1.000,0.731,0.991,-90.00,180.00,0.00,OPEN,0
557131.488,0,0,0,1.000,0.731,0.991,-90.00,180.00,0.00,OPEN,0
557131.499,0,0,0,1.000,0.803,0.990,-90.00,180.00,0.00,OPEN,0
557131.510,0,0,0,1.000,0.803,0.990,-90.00,180.00,0.00,OPEN,0
557131.520,0,0,0,1.000,0.803,0.990,-90.00,180.00,0.00,OPEN,0
557131.531,0,0,0,1.000,0.803,0.990,-90.00,180.00,0.00,OPEN,0
557131.541,0,0,0,1.000,0.803,0.990,-90.00,180.00,0.00,OPEN,0
557131.552,0,0,0,1.000,0.810,0.988,-90.00,180.00,0.00,OPEN,0
557131.562,0,0,0,1.000,0.810,0.988,-90.00,180.00,0.00,OPEN,0
557131.573,0,0,0,1.000,0.810,0.988,-90.00,180.00,0.00,OPEN,0
557131.584,0,0,0,1.000,0.810,0.988,-90.00,180.00,0.00,OPEN,0
557131.594,0,0,0,1.000,0.768,0.985,-90.00,180.00,0.00,OPEN,0
557131.605,0,0,0,1.000,0.768,0.985,-90.00,180.00,0.00,OPEN,0
557131.616,0,0,0,1.000,0.768,0.985,-90.00,180.00,0.00,OPEN,0
557131.628,0,0,0,1.000,0.768,0.985,-90.00,180.00,0.00,OPEN,0
557131.639,0,0,0,1.000,0.768,0.985,-90.00,180.00,0.00,OPEN,0
557131.649,0,0,0,1.000,0.726,0.982,-90.00,180.00,0.00,OPEN,0
557131.660,0,0,0,1.000,0.726,0.982,-90.00,180.00,0.00,OPEN,0
557131.671,0,0,0,1.000,0.726,0.982,-90.00,180.00,0.00,OPEN,0
557131.681,0,0,0,1.000,0.726,0.982,-90.00,180.00,0.00,OPEN,0
557131.692,0,0,0,1.000,0.670,0.983,-90.00,180.00,0.00,OPEN,0
557131.703,0,0,0,1.000,0.670,0.983,-90.00,180.00,0.00,OPEN,0
557131.713,0,0,0,1.000,0.670,0.983,-90.00,180.00,0.00,OPEN,0
557131.724,0,0,0,1.000,0.670,0.983,-90.00,180.00,0.00,OPEN,0
557131.736,0,0,0,1.000,0.670,0.983,-90.00,180.00,0.00,OPEN,0
557131.747,0,0,0,1.000,0.629,0.984,-90.00,180.00,0.00,OPEN,0
557131.757,0,0,0,1.000,0.629,0.984,-90.00,180.00,0.00,OPEN,0
557131.769,0,0,0,1.000,0.629,0.984,-90.00,180.00,0.00,OPEN,0
557131.782,0,0,0,1.000,0.629,0.984,-90.00,180.00,0.00,OPEN,0
557131.792,0,0,0,1.000,0.656,0.988,-90.00,180.00,0.00,OPEN,0
557131.803,0,0,0,1.000,0.656,0.988,-90.00,180.00,0.00,OPEN,0
557131.813,0,0,0,1.000,0.656,0.988,-90.00,180.00,0.00,OPEN,0
557131.824,0,0,0,1.000,0.656,0.988,-90.00,180.00,0.00,OPEN,0
557131.834,0,0,0,1.000,0.656,0.988,-90.00,180.00,0.00,OPEN,0
557131.845,0,0,0,1.000,0.732,0.990,-90.00,180.00,0.00,OPEN,0
557131.855,0,0,0,1.000,0.732,0.990,-90.00,180.00,0.00,OPEN,0
557131.866,0,0,0,1.000,0.732,0.990,-90.00,180.00,0.00,OPEN,0
557131.877,0,0,0,1.000,0.732,0.990,-90.00,180.00,0.00,OPEN,0
557131.887,0,0,0,1.000,0.732,0.990,-90.00,180.00,0.00,OPEN,0
557131.898,0,0,0,1.000,0.786,0.991,-90.00,180.00,0.00,OPEN,0
557131.908,0,0,0,1.000,0.786,0.991,-90.00,180.00,0.00,OPEN,0
557131.919,0,0,0,1.000,0.786,0.991,-90.00,180.00,0.00,OPEN,0
557131.929,0,0,0,1.000,0.786,0.991,-90.00,180.00,0.00,OPEN,0
557131.940,0,0,0,1.000,0.786,0.991,-90.00,180.00,0.00,OPEN,0
557131.950,0,0,0,1.000,0.851,0.990,-90.00,180.00,0.00,OPEN,0
557131.961,0,0,0,1.000,0.851,0.990,-90.00,180.00,0.00,OPEN,0
557131.971,0,0,0,1.000,0.851,0.990,-90.00,180.00,0.00,OPEN,0
557131.982,0,0,0,1.000,0.851,0.990,-90.00,180.00,0.00,OPEN,0
557131.993,0,0,0,1.000,0.893,0.990,-90.00,180.00,0.00,OPEN,0
557132.003,0,0,0,1.000,0.893,0.990,-90.00,180.00,0.00,OPEN,0
557132.014,0,0,0,1.000,0.893,0.990,-90.00,180.00,0.00,OPEN,0
557132.024,0,0,0,1.000,0.893,0.990,-90.00,180.00,0.00,OPEN,0
557132.036,0,0,0,1.000,0.893,0.990,-90.00,180.00,0.00,OPEN,0
557132.046,0,0,0,1.000,0.910,0.988,-90.00,180.00,0.00,OPEN,0
557132.057,0,0,0,1.000,0.910,0.988,-90.00,180.00,0.00,OPEN,0
557132.068,0,0,0,1.000,0.910,0.988,-90.00,180.00,0.00,OPEN,0
557132.079,0,0,0,1.000,0.910,0.988,-90.00,180.00,0.00,OPEN,0
557132.089,0,0,0,1.000,0.910,0.988,-90.00,180.00,0.00,OPEN,0
557132.100,0,0,0,1.000,0.909,0.985,-90.00,180.00,0.00,OPEN,0
557132.110,0,0,0,1.000,0.909,0.985,-90.00,180.00,0.00,OPEN,0
557132.121,0,0,0,1.000,0.909,0.985,-90.00,180.00,0.00,OPEN,0
557132.132,0,0,0,1.000,0.909,0.985,-90.00,180.00,0.00,OPEN,0
557132.143,0,0,0,1.000,0.901,0.981,-90.00,180.00,0.00,OPEN,0
557132.153,0,0,0,1.000,0.901,0.981,-90.00,180.00,0.00,OPEN,0
557132.164,0,0,0,1.000,0.901,0.981,-90.00,180.00,0.00,OPEN,0
557132.175,0,0,0,1.000,0.901,0.981,-90.00,180.00,0.00,OPEN,0
557132.185,0,0,0,1.000,0.901,0.981,-90.00,180.00,0.00,OPEN,0
557132.196,0,0,0,1.000,0.875,0.967,-90.00,180.00,0.00,OPEN,0
557132.206,0,0,0,1.000,0.875,0.967,-90.00,180.00,0.00,OPEN,0
557132.217,0,0,0,1.000,0.875,0.967,-90.00,180.00,0.00,OPEN,0
557132.228,0,0,0,1.000,0.875,0.967,-90.00,180.00,0.00,OPEN,0
557132.248,0,0,0,1.000,0.885,0.950,-90.00,180.00,0.00,OPEN,0
557132.278,0,0,0,1.000,0.885,0.950,-90.00,180.00,0.00,OPEN,0
557132.297,0,0,0,1.000,0.946,0.945,-90.00,180.00,0.00,OPEN,0
557132.309,0,0,0,1.000,0.946,0.945,-90.00,180.00,0.00,OPEN,0
557132.328,0,0,0,1.000,0.946,0.945,-90.00,180.00,0.00,OPEN,0
557132.338,0,0,0,1.000,0.946,0.945,-90.00,180.00,0.00,OPEN,0
557132.349,0,0,0,1.000,0.983,0.946,-90.00,180.00,0.00,OPEN,0
557132.360,0,0,0,1.000,0.983,0.946,-90.00,180.00,0.00,OPEN,0
557132.371,0,0,0,1.000,0.983,0.946,-90.00,180.00,0.00,OPEN,0
557132.381,0,0,0,1.000,0.983,0.946,-90.00,180.00,0.00,OPEN,0
557132.392,0,0,0,1.000,0.983,0.946,-90.00,180.00,0.00,OPEN,0
557132.402,0,0,0,1.000,0.993,0.961,-90.00,180.00,0.00,OPEN,0
557132.413,0,0,0,1.000,0.993,0.961,-90.00,180.00,0.00,OPEN,0
557132.424,0,0,0,1.000,0.993,0.961,-90.00,180.00,0.00,OPEN,0
557132.434,0,0,0,1.000,0.993,0.961,-90.00,180.00,0.00,OPEN,0
557132.445,0,0,0,1.000,0.996,0.968,-90.00,180.00,0.00,OPEN,0
557132.455,0,0,0,1.000,0.996,0.968,-90.00,180.00,0.00,OPEN,0
557132.465,0,0,0,1.000,0.996,0.968,-90.00,180.00,0.00,OPEN,0
557132.476,0,0,0,1.000,0.996,0.968,-90.00,180.00,0.00,OPEN,0
557132.487,0,0,0,1.000,0.996,0.968,-90.00,180.00,0.00,OPEN,0
557132.497,0,0,0,1.000,0.997,0.974,-90.00,180.00,0.00,OPEN,0
557132.508,0,0,0,1.000,0.997,0.974,-90.00,180.00,0.00,OPEN,0
557132.518,0,0,0,1.000,0.997,0.974,-90.00,180.00,0.00,OPEN,0
557132.529,0,0,0,1.000,0.997,0.974,-90.00,180.00,0.00,OPEN,0
557132.540,0,0,0,1.000,0.997,0.974,-90.00,180.00,0.00,OPEN,0
557132.552,0,0,0,1.000,0.998,0.979,-90.00,180.00,0.00,OPEN,0
557132.563,0,0,0,1.000,0.998,0.979,-90.00,180.00,0.00,OPEN,0
557132.574,0,0,0,1.000,0.998,0.979,-90.00,180.00,0.00,OPEN,0
557132.585,0,0,0,1.000,0.998,0.979,-90.00,180.00,0.00,OPEN,0
557132.595,0,0,0,1.000,0.997,0.981,-90.00,180.00,0.00,OPEN,0
557132.606,0,0,0,1.000,0.997,0.981,-90.00,180.00,0.00,OPEN,0
557132.617,0,0,0,1.000,0.997,0.981,-90.00,180.00,0.00,OPEN,0
557132.627,0,0,0,1.000,0.997,0.981,-90.00,180.00,0.00,OPEN,0
557132.638,0,0,0,1.000,0.997,0.981,-90.00,180.00,0.00,OPEN,0
557132.649,0,0,0,1.000,0.996,0.978,-90.00,180.00,0.00,OPEN,0
557132.659,0,0,0,1.000,0.996,0.978,-90.00,180.00,0.00,OPEN,0
557132.670,0,0,0,1.000,0.996,0.978,-90.00,180.00,0.00,OPEN,0
557132.681,0,0,0,1.000,0.996,0.978,-90.00,180.00,0.00,OPEN,0
557132.692,0,0,0,1.000,0.996,0.978,-90.00,180.00,0.00,OPEN,0
557132.702,0,0,0,1.000,0.991,0.978,-90.00,180.00,0.00,OPEN,0
557132.713,0,0,0,1.000,0.991,0.978,-90.00,180.00,0.00,OPEN,0
557132.724,0,0,0,1.000,0.991,0.978,-90.00,180.00,0.00,OPEN,0
557132.734,0,0,0,1.000,0.991,0.978,-90.00,180.00,0.00,OPEN,0
557132.745,0,0,0,1.000,0.978,0.977,-90.00,180.00,0.00,OPEN,0
557132.756,0,0,0,1.000,0.978,0.977,-90.00,180.00,0.00,OPEN,0
557132.766,0,0,0,1.000,0.978,0.977,-90.00,180.00,0.00,OPEN,0
557132.777,0,0,0,1.000,0.978,0.977,-90.00,180.00,0.00,OPEN,0
557132.788,0,0,0,1.000,0.978,0.977,-90.00,180.00,0.00,OPEN,0
557132.799,0,0,0,1.000,0.916,0.972,-90.00,180.00,0.00,OPEN,0
557132.810,0,0,0,1.000,0.916,0.972,-90.00,180.00,0.00,OPEN,0
557132.820,0,0,0,1.000,0.916,0.972,-90.00,180.00,0.00,OPEN,0
557132.831,0,0,0,1.000,0.916,0.972,-90.00,180.00,0.00,OPEN,0
557132.842,0,0,0,1.000,0.916,0.972,-90.00,180.00,0.00,OPEN,0
557132.853,0,0,0,1.000,0.729,0.967,-90.00,180.00,0.00,OPEN,0
557132.863,0,0,0,1.000,0.729,0.967,-90.00,180.00,0.00,OPEN,0
557132.874,0,0,0,1.000,0.729,0.967,-90.00,180.00,0.00,OPEN,0
557132.884,0,0,0,1.000,0.729,0.967,-90.00,180.00,0.00,OPEN,0
557132.895,0,0,0,1.000,0.513,0.962,-90.00,180.00,0.00,OPEN,0
557132.906,0,0,0,1.000,0.513,0.962,-90.00,180.00,0.00,OPEN,0
557132.917,0,0,0,1.000,0.513,0.962,-90.00,180.00,0.00,OPEN,0
557132.928,0,0,0,1.000,0.513,0.962,-90.00,180.00,0.00,OPEN,0
557132.939,0,0,0,1.000,0.513,0.962,-90.00,180.00,0.00,OPEN,0
557132.949,0,0,0,1.000,0.664,0.959,-90.00,180.00,0.00,OPEN,0
557132.960,0,0,0,1.000,0.664,0.959,-90.00,180.00,0.00,OPEN,0
557132.971,0,0,0,1.000,0.664,0.959,-90.00,180.00,0.00,OPEN,0
557132.981,0,0,0,1.000,0.664,0.959,-90.00,180.00,0.00,OPEN,0
557133.002,0,0,0,1.000,0.612,0.957,-90.00,180.00,0.00,OPEN,0
557133.038,0,0,0,1.000,0.612,0.957,-90.00,180.00,0.00,OPEN,0
557133.066,0,0,0,1.000,0.549,0.964,-90.00,180.00,0.00,OPEN,0
557133.076,0,0,0,1.000,0.549,0.964,-90.00,180.00,0.00,OPEN,0
557133.089,0,0,0,1.000,0.549,0.964,-90.00,180.00,0.00,OPEN,0
557133.099,0,0,0,1.000,0.667,0.965,-90.00,180.00,0.00,OPEN,0
557133.110,0,0,0,1.000,0.667,0.965,-90.00,180.00,0.00,OPEN,0
557133.120,0,0,0,1.000,0.667,0.965,-90.00,180.00,0.00,OPEN,0
557133.131,0,0,0,1.000,0.667,0.965,-90.00,180.00,0.00,OPEN,0
557133.141,0,0,0,1.000,0.667,0.965,-90.00,180.00,0.00,OPEN,0
557133.152,0,0,0,1.000,0.762,0.969,-90.00,180.00,0.00,OPEN,0
557133.163,0,0,0,1.000,0.762,0.969,-90.00,180.00,0.00,OPEN,0
557133.173,0,0,0,1.000,0.762,0.969,-90.00,180.00,0.00,OPEN,0
557133.184,0,0,0,1.000,0.762,0.969,-90.00,180.00,0.00,OPEN,0
557133.194,0,0,0,1.000,0.796,0.971,-90.00,180.00,0.00,OPEN,0
557133.205,0,0,0,1.000,0.796,0.971,-90.00,180.00,0.00,OPEN,0
557133.216,0,0,0,1.000,0.796,0.971,-90.00,180.00,0.00,OPEN,0
557133.227,0,0,0,1.000,0.796,0.971,-90.00,180.00,0.00,OPEN,0
557133.237,0,0,0,1.000,0.796,0.971,-90.00,180.00,0.00,OPEN,0
557133.248,0,0,0,1.000,0.788,0.974,-90.00,180.00,0.00,OPEN,0
557133.259,0,0,0,1.000,0.788,0.974,-90.00,180.00,0.00,OPEN,0
557133.269,0,0,0,1.000,0.788,0.974,-90.00,180.00,0.00,OPEN,0
557133.280,0,0,0,1.000,0.788,0.974,-90.00,180.00,0.00,OPEN,0
557133.291,0,0,0,1.000,0.788,0.974,-90.00,180.00,0.00,OPEN,0
557133.301,0,0,0,1.000,0.737,0.979,-90.00,180.00,0.00,OPEN,0
557133.312,0,0,0,1.000,0.737,0.979,-90.00,180.00,0.00,OPEN,0
557133.323,0,0,0,1.000,0.737,0.979,-90.00,180.00,0.00,OPEN,0
557133.333,0,0,0,1.000,0.737,0.979,-90.00,180.00,0.00,OPEN,0
557133.344,0,0,0,1.000,0.645,0.982,-90.00,180.00,0.00,OPEN,0
557133.354,0,0,0,1.000,0.645,0.982,-90.00,180.00,0.00,OPEN,0
557133.365,0,0,0,1.000,0.645,0.982,-90.00,180.00,0.00,OPEN,0
557133.377,0,0,0,1.000,0.645,0.982,-90.00,180.00,0.00,OPEN,0
557133.388,0,0,0,1.000,0.645,0.982,-90.00,180.00,0.00,OPEN,0
557133.398,0,0,0,1.000,0.533,0.983,-90.00,180.00,0.00,OPEN,0
557133.409,0,0,0,1.000,0.533,0.983,-90.00,180.00,0.00,OPEN,0
557133.420,0,0,0,1.000,0.533,0.983,-90.00,180.00,0.00,OPEN,0
557133.431,0,0,0,1.000,0.533,0.983,-90.00,180.00,0.00,OPEN,0
557133.441,0,0,0,1.000,0.533,0.983,-90.00,180.00,0.00,OPEN,0
557133.452,0,0,0,1.000,0.550,0.986,-90.00,180.00,0.00,OPEN,0
557133.462,0,0,0,1.000,0.550,0.986,-90.00,180.00,0.00,OPEN,0
557133.473,0,0,0,1.000,0.550,0.986,-90.00,180.00,0.00,OPEN,0
557133.483,0,0,0,1.000,0.550,0.986,-90.00,180.00,0.00,OPEN,0
557133.494,0,0,0,1.000,0.532,0.986,-90.00,180.00,0.00,OPEN,0
557133.505,0,0,0,1.000,0.532,0.986,-90.00,180.00,0.00,OPEN,0
557133.515,0,0,0,1.000,0.532,0.986,-90.00,180.00,0.00,OPEN,0
557133.527,0,0,0,1.000,0.532,0.986,-90.00,180.00,0.00,OPEN,0
557133.538,0,0,0,1.000,0.532,0.986,-90.00,180.00,0.00,OPEN,0
557133.549,0,0,0,1.000,0.706,0.984,-90.00,180.00,0.00,OPEN,0
557133.560,0,0,0,1.000,0.706,0.984,-90.00,180.00,0.00,OPEN,0
557133.571,0,0,0,1.000,0.706,0.984,-90.00,180.00,0.00,OPEN,0
557133.582,0,0,0,1.000,0.706,0.984,-90.00,180.00,0.00,OPEN,0
557133.593,0,0,0,1.000,0.880,0.974,-90.00,180.00,0.00,OPEN,0
557133.603,0,0,0,1.000,0.880,0.974,-90.00,180.00,0.00,OPEN,0
557133.614,0,0,0,1.000,0.880,0.974,-90.00,180.00,0.00,OPEN,0
557133.624,0,0,0,1.000,0.880,0.974,-90.00,180.00,0.00,OPEN,0
557133.635,0,0,0,1.000,0.880,0.974,-90.00,180.00,0.00,OPEN,0
557133.645,0,0,0,1.000,0.966,0.958,-90.00,180.00,0.00,OPEN,0
557133.656,0,0,0,1.000,0.966,0.958,-90.00,180.00,0.00,OPEN,0
557133.667,0,0,0,1.000,0.966,0.958,-90.00,180.00,0.00,OPEN,0
557133.678,0,0,0,1.000,0.966,0.958,-90.00,180.00,0.00,OPEN,0
557133.689,0,0,0,1.000,0.966,0.958,-90.00,180.00,0.00,OPEN,0
557133.699,0,0,0,1.000,0.982,0.936,-90.00,180.00,0.00,OPEN,0
557133.710,0,0,0,1.000,0.982,0.936,-90.00,180.00,0.00,OPEN,0
557133.720,0,0,0,1.000,0.982,0.936,-90.00,180.00,0.00,OPEN,0
557133.730,0,0,0,1.000,0.982,0.936,-90.00,180.00,0.00,OPEN,0
557133.741,0,0,0,1.000,0.982,0.936,-90.00,180.00,0.00,OPEN,0
557133.751,0,0,0,1.000,0.988,0.908,-90.00,180.00,0.00,OPEN,0
557133.762,0,0,0,1.000,0.988,0.908,-90.00,180.00,0.00,OPEN,0
557133.772,0,0,0,1.000,0.988,0.908,-90.00,180.00,0.00,OPEN,0
557133.783,0,0,0,1.000,0.988,0.908,-90.00,180.00,0.00,OPEN,0
557133.793,0,0,0,1.000,0.988,0.899,-90.00,180.00,0.00,OPEN,0
557133.805,0,0,0,1.000,0.988,0.899,-90.00,180.00,0.00,OPEN,0
557133.815,0,0,0,1.000,0.988,0.899,-90.00,180.00,0.00,OPEN,0
557133.826,0,0,0,1.000,0.988,0.899,-90.00,180.00,0.00,OPEN,0
557133.836,0,0,0,1.000,0.988,0.899,-90.00,180.00,0.00,OPEN,0
557133.847,0,0,0,1.000,0.986,0.902,-90.00,180.00,0.00,OPEN,0
557133.857,0,0,0,1.000,0.986,0.902,-90.00,180.00,0.00,OPEN,0
557133.868,0,0,0,1.000,0.986,0.902,-90.00,180.00,0.00,OPEN,0
557133.878,0,0,0,1.000,0.986,0.902,-90.00,180.00,0.00,OPEN,0
557133.889,0,0,0,1.000,0.986,0.902,-90.00,180.00,0.00,OPEN,0
557133.900,0,0,0,1.000,0.973,0.926,-90.00,180.00,0.00,OPEN,0
557133.911,0,0,0,1.000,0.973,0.926,-90.00,180.00,0.00,OPEN,0
557133.922,0,0,0,1.000,0.973,0.926,-90.00,180.00,0.00,OPEN,0
557133.932,0,0,0,1.000,0.973,0.926,-90.00,180.00,0.00,OPEN,0
557133.942,0,0,0,1.000,0.948,0.969,-90.00,180.00,0.00,OPEN,0
557133.953,0,0,0,1.000,0.948,0.969,-90.00,180.00,0.00,OPEN,0
557133.964,0,0,0,1.000,0.948,0.969,-90.00,180.00,0.00,OPEN,0
557133.974,0,0,0,1.000,0.948,0.969,-90.00,180.00,0.00,OPEN,0
557133.985,0,0,0,1.000,0.948,0.969,-90.00,180.00,0.00,OPEN,0
557133.995,0,0,0,1.000,0.924,0.988,-90.00,180.00,0.00,OPEN,0
557134.006,0,0,0,1.000,0.924,0.988,-90.00,180.00,0.00,OPEN,0
557134.016,0,0,0,1.000,0.924,0.988,-90.00,180.00,0.00,OPEN,0
557134.027,0,0,0,1.000,0.924,0.988,-90.00,180.00,0.00,OPEN,0
557134.037,0,0,0,1.000,0.924,0.988,-90.00,180.00,0.00,OPEN,0
557134.048,0,0,0,1.000,0.943,0.997,-90.00,180.00,0.00,OPEN,0
557134.059,0,0,0,1.000,0.943,0.997,-90.00,180.00,0.00,OPEN,0
557134.069,0,0,0,1.000,0.943,0.997,-90.00,180.00,0.00,OPEN,0
557134.079,0,0,0,1.000,0.943,0.997,-90.00,180.00,0.00,OPEN,0
557134.090,0,0,0,1.000,0.943,0.997,-90.00,180.00,0.00,OPEN,0
557134.100,0,0,0,1.000,0.975,0.998,-90.00,180.00,0.00,OPEN,0
557134.111,0,0,0,1.000,0.975,0.998,-90.00,180.00,0.00,OPEN,0
557134.121,0,0,0,1.000,0.975,0.998,-90.00,180.00,0.00,OPEN,0
557134.132,0,0,0,1.000,0.975,0.998,-90.00,180.00,0.00,OPEN,0
557134.142,0,0,0,1.000,0.990,0.999,-90.00,180.00,0.00,OPEN,0
557134.153,0,0,0,1.000,0.990,0.999,-90.00,180.00,0.00,OPEN,0
557134.163,0,0,0,1.000,0.990,0.999,-90.00,180.00,0.00,OPEN,0
557134.174,0,0,0,1.000,0.990,0.999,-90.00,180.00,0.00,OPEN,0
557134.184,0,0,0,1.000,0.990,0.999,-90.00,180.00,0.00,OPEN,0
557134.195,0,0,0,1.000,0.997,0.999,-90.00,180.00,0.00,OPEN,0
557134.206,0,0,0,1.000,0.997,0.999,-90.00,180.00,0.00,OPEN,0
557134.217,0,0,0,1.000,0.997,0.999,-90.00,180.00,0.00,OPEN,0
557134.227,0,0,0,1.000,0.997,0.999,-90.00,180.00,0.00,OPEN,0
557134.238,0,0,0,1.000,0.997,0.999,-90.00,180.00,0.00,OPEN,0
557134.248,0,0,0,1.000,0.999,0.999,-90.00,180.00,0.00,OPEN,0
557134.259,0,0,0,1.000,0.999,0.999,-90.00,180.00,0.00,OPEN,0
557134.269,0,0,0,1.000,0.999,0.999,-90.00,180.00,0.00,OPEN,0
557134.280,0,0,0,1.000,0.999,0.999,-90.00,180.00,0.00,OPEN,0
557134.291,0,0,0,1.000,0.999,0.999,-90.00,180.00,0.00,OPEN,0
557134.301,0,0,0,1.000,1.000,0.999,-90.00,180.00,0.00,OPEN,0
557134.311,0,0,0,1.000,1.000,0.999,-90.00,180.00,0.00,OPEN,0
557134.322,0,0,0,1.000,1.000,0.999,-90.00,180.00,0.00,OPEN,0
557134.333,0,0,0,1.000,1.000,0.999,-90.00,180.00,0.00,OPEN,0
557134.343,0,0,0,1.000,1.000,0.999,-90.00,180.00,0.00,OPEN,0
557134.354,0,0,0,1.000,1.000,0.999,-90.00,180.00,0.00,OPEN,0
557134.365,0,0,0,1.000,1.000,0.999,-90.00,180.00,0.00,OPEN,0
557134.376,0,0,0,1.000,1.000,0.999,-90.00,180.00,0.00,OPEN,0
557134.386,0,0,0,1.000,1.000,0.999,-90.00,180.00,0.00,OPEN,0
557134.397,0,0,0,1.000,1.000,0.999,-90.00,180.00,0.00,OPEN,0
557134.407,0,0,0,1.000,1.000,0.999,-90.00,180.00,0.00,OPEN,0
557134.418,0,0,0,1.000,1.000,0.999,-90.00,180.00,0.00,OPEN,0
557134.428,0,0,0,1.000,1.000,0.999,-90.00,180.00,0.00,OPEN,0
557134.439,0,0,0,1.000,1.000,0.999,-90.00,180.00,0.00,OPEN,0
557134.450,0,0,0,1.000,1.000,1.000,-90.00,180.00,0.00,OPEN,0
557134.460,0,0,0,1.000,1.000,1.000,-90.00,180.00,0.00,OPEN,0
557134.471,0,0,0,1.000,1.000,1.000,-90.00,180.00,0.00,OPEN,0
557134.481,0,0,0,1.000,1.000,1.000,-90.00,180.00,0.00,OPEN,0
557134.492,0,0,0,1.000,1.000,1.000,-90.00,180.00,0.00,OPEN,0
557134.502,0,0,0,1.000,1.000,1.000,-90.00,180.00,0.00,OPEN,0
557134.513,0,0,0,1.000,1.000,1.000,-90.00,180.00,0.00,OPEN,0
557134.524,0,0,0,1.000,1.000,1.000,-90.00,180.00,0.00,OPEN,0
557134.534,0,0,0,1.000,1.000,1.000,-90.00,180.00,0.00,OPEN,0
557134.545,0,0,0,1.000,1.000,1.000,-90.00,180.00,0.00,OPEN,0
557134.555,0,0,0,1.000,1.000,1.000,-90.00,180.00,0.00,OPEN,0
557134.566,0,0,0,1.000,1.000,1.000,-90.00,180.00,0.00,OPEN,0
557134.577,0,0,0,1.000,1.000,1.000,-90.00,180.00,0.00,OPEN,0
557134.588,0,0,0,1.000,1.000,1.000,-90.00,180.00,0.00,OPEN,0
557134.599,0,0,0,1.000,1.000,1.000,-90.00,180.00,0.00,OPEN,0
557134.609,0,0,0,1.000,1.000,1.000,-90.00,180.00,0.00,OPEN,0
557134.620,0,0,0,1.000,1.000,1.000,-90.00,180.00,0.00,OPEN,0
557134.630,0,0,0,1.000,1.000,1.000,-90.00,180.00,0.00,OPEN,0
557134.640,0,0,0,1.000,1.000,1.000,-90.00,180.00,0.00,OPEN,0
557134.651,0,0,0,1.000,0.998,1.000,-90.00,180.00,0.00,OPEN,0
557134.662,0,0,0,1.000,0.998,1.000,-90.00,180.00,0.00,OPEN,0
557134.672,0,0,0,1.000,0.998,1.000,-90.00,180.00,0.00,OPEN,0
557134.682,0,0,0,1.000,0.998,1.000,-90.00,180.00,0.00,OPEN,0
557134.693,0,0,0,0.999,0.998,1.000,-90.00,180.00,0.00,OPEN,0
557134.703,0,0,0,0.999,0.998,1.000,-90.00,180.00,0.00,OPEN,0
557134.719,0,0,0,0.999,0.998,1.000,-90.00,180.00,0.00,OPEN,0
557134.736,0,0,0,0.999,0.998,1.000,-90.00,180.00,0.00,OPEN,0
557134.746,0,0,0,0.999,0.998,1.000,-90.00,180.00,0.00,OPEN,0
557134.763,0,0,0,0.999,0.998,1.000,-90.00,180.00,0.00,OPEN,0
557134.774,0,0,0,0.999,0.998,1.000,-90.00,180.00,0.00,OPEN,0
557134.784,0,0,0,0.999,0.998,1.000,-90.00,180.00,0.00,OPEN,0
557134.795,0,0,0,1.000,1.000,1.000,-90.00,180.00,0.00,OPEN,0
557134.806,0,0,0,1.000,1.000,1.000,-90.00,180.00,0.00,OPEN,0
557134.816,0,0,0,1.000,1.000,1.000,-90.00,180.00,0.00,OPEN,0
557134.827,0,0,0,1.000,1.000,1.000,-90.00,180.00,0.00,OPEN,0
557134.838,0,0,0,1.000,1.000,1.000,-90.00,180.00,0.00,OPEN,0
557134.848,0,0,0,1.000,1.000,1.000,-90.00,180.00,0.00,OPEN,0
557134.858,0,0,0,1.000,1.000,1.000,-90.00,180.00,0.00,OPEN,0
557134.869,0,0,0,1.000,1.000,1.000,-90.00,180.00,0.00,OPEN,0
557134.879,0,0,0,1.000,1.000,1.000,-90.00,180.00,0.00,OPEN,0
557134.890,0,0,0,1.000,1.000,1.000,-90.00,180.00,0.00,OPEN,0
557134.900,0,0,0,1.000,1.000,1.000,-90.00,180.00,0.00,OPEN,0
557134.911,0,0,0,1.000,1.000,1.000,-90.00,180.00,0.00,OPEN,0
557134.922,0,0,0,1.000,1.000,1.000,-90.00,180.00,0.00,OPEN,0
557134.932,0,0,0,1.000,1.000,1.000,-90.00,180.00,0.00,OPEN,0
557134.943,0,0,0,1.000,1.000,1.000,-90.00,180.00,0.00,OPEN,0
557134.953,0,0,0,1.000,1.000,1.000,-90.00,180.00,0.00,OPEN,0
557134.964,0,0,0,1.000,1.000,1.000,-90.00,180.00,0.00,OPEN,0
557134.975,0,0,0,1.000,1.000,1.000,-90.00,180.00,0.00,OPEN,0
557134.985,0,0,0,1.000,1.000,1.000,-90.00,180.00,0.00,OPEN,0
557134.996,0,0,0,1.000,1.000,1.000,-90.00,180.00,0.00,OPEN,0
557135.006,0,0,0,1.000,1.000,1.000,-90.00,180.00,0.00,OPEN,0
557135.016,0,0,0,1.000,1.000,1.000,-90.00,180.00,0.00,OPEN,0
557135.027,0,0,0,1.000,1.000,1.000,-90.00,180.00,0.00,OPEN,0
557135.038,0,0,0,1.000,1.000,1.000,-90.00,180.00,0.00,OPEN,0
557135.049,0,0,0,1.000,1.000,1.000,-90.00,180.00,0.00,OPEN,0
557135.059,0,0,0,1.000,1.000,1.000,-90.00,180.00,0.00,OPEN,0
557135.070,0,0,0,1.000,1.000,1.000,-90.00,180.00,0.00,OPEN,0
557135.080,0,0,0,1.000,1.000,1.000,-90.00,180.00,0.00,OPEN,0
557135.091,0,0,0,1.000,1.000,1.000,-90.00,180.00,0.00,OPEN,0
557135.102,0,0,0,1.000,1.000,1.000,-90.00,180.00,0.00,OPEN,0
557135.112,0,0,0,1.000,1.000,1.000,-90.00,180.00,0.00,OPEN,0
557135.123,0,0,0,1.000,1.000,1.000,-90.00,180.00,0.00,OPEN,0
557135.134,0,0,0,1.000,1.000,1.000,-90.00,180.00,0.00,OPEN,0
557135.144,0,0,0,1.000,1.000,1.000,-90.00,180.00,0.00,OPEN,0
557135.155,0,0,0,1.000,1.000,1.000,-90.00,180.00,0.00,OPEN,0
557135.165,0,0,0,1.000,1.000,1.000,-90.00,180.00,0.00,OPEN,0
557135.176,0,0,0,1.000,1.000,1.000,-90.00,180.00,0.00,OPEN,0
557135.186,0,0,0,1.000,1.000,1.000,-90.00,180.00,0.00,OPEN,0
557135.197,0,0,0,1.000,1.000,1.000,-90.00,180.00,0.00,OPEN,0
557135.207,0,0,0,1.000,1.000,1.000,-90.00,180.00,0.00,OPEN,0
557135.218,0,0,0,1.000,1.000,1.000,-90.00,180.00,0.00,OPEN,0
557135.228,0,0,0,1.000,1.000,1.000,-90.00,180.00,0.00,OPEN,0
557135.239,0,0,0,1.000,1.000,1.000,-90.00,180.00,0.00,OPEN,0
557135.249,0,0,0,1.000,1.000,1.000,-90.00,180.00,0.00,OPEN,0
557135.261,0,0,0,1.000,1.000,1.000,-90.00,180.00,0.00,OPEN,0
557135.271,0,0,0,1.000,1.000,1.000,-90.00,180.00,0.00,OPEN,0
557135.282,0,0,0,1.000,1.000,1.000,-90.00,180.00,0.00,OPEN,0
557135.293,0,0,0,1.000,1.000,1.000,-90.00,180.00,0.00,OPEN,0
557135.303,0,0,0,1.000,1.000,1.000,-90.00,180.00,0.00,OPEN,0
557135.314,0,0,0,1.000,1.000,1.000,-90.00,180.00,0.00,OPEN,0
557135.325,0,0,0,1.000,1.000,1.000,-90.00,180.00,0.00,OPEN,0
557135.335,0,0,0,1.000,1.000,1.000,-90.00,180.00,0.00,OPEN,0
557135.346,0,0,0,1.000,1.000,1.000,-90.00,180.00,0.00,OPEN,0
557135.357,0,0,0,1.000,1.000,1.000,-90.00,180.00,0.00,OPEN,0
557135.367,0,0,0,1.000,1.000,1.000,-90.00,180.00,0.00,OPEN,0
557135.377,0,0,0,1.000,1.000,1.000,-90.00,180.00,0.00,OPEN,0
557135.388,0,0,0,1.000,1.000,1.000,-90.00,180.00,0.00,OPEN,0
557135.399,0,0,0,1.000,1.000,1.000,-90.00,180.00,0.00,OPEN,0
557135.410,0,0,0,1.000,1.000,1.000,-90.00,180.00,0.00,OPEN,0
557135.421,0,0,0,1.000,1.000,1.000,-90.00,180.00,0.00,OPEN,0
557135.432,0,0,0,1.000,1.000,1.000,-90.00,180.00,0.00,OPEN,0
557135.443,0,0,0,1.000,1.000,1.000,-90.00,180.00,0.00,OPEN,0
557135.454,0,0,0,1.000,1.000,1.000,-90.00,180.00,0.00,OPEN,0
557135.464,0,0,0,1.000,1.000,1.000,-90.00,180.00,0.00,OPEN,0
557135.475,0,0,0,1.000,1.000,1.000,-90.00,180.00,0.00,OPEN,0
557135.485,0,0,0,1.000,1.000,1.000,-90.00,180.00,0.00,OPEN,0
557135.496,0,0,0,1.000,1.000,1.000,-90.00,180.00,0.00,OPEN,0
557135.507,0,0,0,1.000,1.000,1.000,-90.00,180.00,0.00,OPEN,0
557135.517,0,0,0,1.000,1.000,1.000,-90.00,180.00,0.00,OPEN,0
557135.528,0,0,0,1.000,1.000,1.000,-90.00,180.00,0.00,OPEN,0
557135.538,0,0,0,1.000,1.000,1.000,-90.00,180.00,0.00,OPEN,0
557135.549,0,0,0,1.000,1.000,1.000,-90.00,180.00,0.00,OPEN,0
557135.559,0,0,0,1.000,1.000,1.000,-90.00,180.00,0.00,OPEN,0
557135.570,0,0,0,1.000,1.000,1.000,-90.00,180.00,0.00,OPEN,0
557135.581,0,0,0,1.000,1.000,1.000,-90.00,180.00,0.00,OPEN,0
557135.592,0,0,0,1.000,1.000,1.000,-90.00,180.00,0.00,OPEN,0
557135.602,0,0,0,1.000,1.000,1.000,-90.00,180.00,0.00,OPEN,0
557135.613,0,0,0,1.000,1.000,1.000,-90.00,180.00,0.00,OPEN,0
557135.623,0,0,0,1.000,1.000,1.000,-90.00,180.00,0.00,OPEN,0
557135.634,0,0,0,1.000,1.000,1.000,-90.00,180.00,0.00,OPEN,0
557135.644,0,0,0,1.000,1.000,1.000,-90.00,180.00,0.00,OPEN,0
557135.655,0,0,0,1.000,1.000,1.000,-90.00,180.00,0.00,OPEN,0
557135.665,0,0,0,1.000,1.000,1.000,-90.00,180.00,0.00,OPEN,0
557135.676,0,0,0,1.000,1.000,1.000,-90.00,180.00,0.00,OPEN,0
557135.686,0,0,0,1.000,1.000,1.000,-90.00,180.00,0.00,OPEN,0
557135.697,0,0,0,1.000,1.000,1.000,-90.00,180.00,0.00,OPEN,0
557135.708,0,0,0,1.000,1.000,1.000,-90.00,180.00,0.00,OPEN,0
557135.718,0,0,0,1.000,1.000,1.000,-90.00,180.00,0.00,OPEN,0
557135.729,0,0,0,1.000,1.000,1.000,-90.00,180.00,0.00,OPEN,0
557135.739,0,0,0,1.000,1.000,1.000,-90.00,180.00,0.00,OPEN,0
557135.750,0,0,0,1.000,1.000,1.000,-90.00,180.00,0.00,OPEN,0
557135.761,0,0,0,1.000,1.000,1.000,-90.00,180.00,0.00,OPEN,0
557135.771,0,0,0,1.000,1.000,1.000,-90.00,180.00,0.00,OPEN,0
557135.782,0,0,0,1.000,1.000,1.000,-90.00,180.00,0.00,OPEN,0
557135.792,0,0,0,1.000,1.000,1.000,-90.00,180.00,0.00,OPEN,0
557135.803,0,0,0,1.000,1.000,1.000,-90.00,180.00,0.00,OPEN,0
557135.813,0,0,0,1.000,1.000,1.000,-90.00,180.00,0.00,OPEN,0
557135.823,0,0,0,1.000,1.000,1.000,-90.00,180.00,0.00,OPEN,0
557135.834,0,0,0,1.000,1.000,1.000,-90.00,180.00,0.00,OPEN,0
557135.844,0,0,0,1.000,1.000,1.000,-90.00,180.00,0.00,OPEN,0
557135.855,0,0,0,1.000,1.000,1.000,-90.00,180.00,0.00,OPEN,0
557135.866,0,0,0,1.000,1.000,1.000,-90.00,180.00,0.00,OPEN,0
557135.876,0,0,0,1.000,1.000,1.000,-90.00,180.00,0.00,OPEN,0
557135.887,0,0,0,1.000,1.000,1.000,-90.00,180.00,0.00,OPEN,0
557135.898,0,0,0,1.000,1.000,1.000,-90.00,180.00,0.00,OPEN,0
557135.909,0,0,0,1.000,1.000,1.000,-90.00,180.00,0.00,OPEN,0
557135.919,0,0,0,1.000,1.000,1.000,-90.00,180.00,0.00,OPEN,0
557135.930,0,0,0,1.000,1.000,1.000,-90.00,180.00,0.00,OPEN,0
557135.940,0,0,0,1.000,1.000,1.000,-90.00,180.00,0.00,OPEN,0
557135.951,0,0,0,1.000,1.000,1.000,-90.00,180.00,0.00,OPEN,0
557135.961,0,0,0,1.000,1.000,1.000,-90.00,180.00,0.00,OPEN,0
557135.972,0,0,0,1.000,1.000,1.000,-90.00,180.00,0.00,OPEN,0
557135.982,0,0,0,1.000,1.000,1.000,-90.00,180.00,0.00,OPEN,0
557135.993,0,0,0,1.000,1.000,1.000,-90.00,180.00,0.00,OPEN,0
557136.003,0,0,0,1.000,1.000,1.000,-90.00,180.00,0.00,OPEN,0
557136.014,0,0,0,1.000,1.000,1.000,-90.00,180.00,0.00,OPEN,0
557136.025,0,0,0,1.000,1.000,1.000,-90.00,180.00,0.00,OPEN,0
557136.035,0,0,0,1.000,1.000,1.000,-90.00,180.00,0.00,OPEN,0
557136.046,0,0,0,1.000,1.000,1.000,-90.00,180.00,0.00,OPEN,0
557136.056,0,0,0,1.000,1.000,1.000,-90.00,180.00,0.00,OPEN,0
557136.067,0,0,0,1.000,1.000,1.000,-90.00,180.00,0.00,OPEN,0
557136.077,0,0,0,1.000,1.000,1.000,-90.00,180.00,0.00,OPEN,0
557136.088,0,0,0,1.000,1.000,1.000,-90.00,180.00,0.00,OPEN,0
557136.099,0,0,0,1.000,1.000,1.000,-90.00,180.00,0.00,OPEN,0
557136.110,0,0,0,1.000,1.000,1.000,-90.00,180.00,0.00,OPEN,0
557136.122,0,0,0,1.000,1.000,1.000,-90.00,180.00,0.00,OPEN,0
557136.133,0,0,0,1.000,1.000,1.000,-90.00,180.00,0.00,OPEN,0
557136.144,0,0,0,1.000,1.000,1.000,-90.00,180.00,0.00,OPEN,0
557136.155,0,0,0,1.000,1.000,1.000,-90.00,180.00,0.00,OPEN,0
557136.169,0,0,0,1.000,1.000,1.000,-90.00,180.00,0.00,OPEN,0
557136.179,0,0,0,1.000,1.000,1.000,-90.00,180.00,0.00,OPEN,0
557136.190,0,0,0,1.000,1.000,1.000,-90.00,180.00,0.00,OPEN,0
557136.201,0,0,0,1.000,1.000,1.000,-90.00,180.00,0.00,OPEN,0
557136.213,0,0,0,1.000,1.000,1.000,-90.00,180.00,0.00,OPEN,0
557136.224,0,0,0,1.000,1.000,1.000,-90.00,180.00,0.00,OPEN,0
557136.234,0,0,0,1.000,1.000,1.000,-90.00,180.00,0.00,OPEN,0
557136.245,0,0,0,1.000,1.000,1.000,-90.00,180.00,0.00,OPEN,0
557136.255,0,0,0,1.000,1.000,1.000,-90.00,180.00,0.00,OPEN,0
557136.270,0,0,0,1.000,1.000,1.000,-90.00,180.00,0.00,OPEN,0
557136.284,0,0,0,1.000,1.000,1.000,-90.00,180.00,0.00,OPEN,0
557136.295,0,0,0,1.000,1.000,1.000,-90.00,180.00,0.00,OPEN,0
557136.305,0,0,0,1.000,1.000,1.000,-90.00,180.00,0.00,OPEN,0
557136.315,0,0,0,1.000,1.000,1.000,-90.00,180.00,0.00,OPEN,0
557136.326,0,0,0,1.000,1.000,1.000,-90.00,180.00,0.00,OPEN,0
557136.336,0,0,0,1.000,1.000,1.000,-90.00,180.00,0.00,OPEN,0
557136.347,0,0,0,1.000,1.000,1.000,-90.00,180.00,0.00,OPEN,0
557136.357,0,0,0,1.000,1.000,1.000,-90.00,180.00,0.00,OPEN,0
557136.368,0,0,0,1.000,1.000,1.000,-90.00,180.00,0.00,OPEN,0
557136.379,0,0,0,1.000,1.000,1.000,-90.00,180.00,0.00,OPEN,0
557136.390,0,0,0,1.000,1.000,1.000,-90.00,180.00,0.00,OPEN,0
557136.400,0,0,0,1.000,1.000,1.000,-90.00,180.00,0.00,OPEN,0
557136.414,0,0,0,1.000,1.000,1.000,-90.00,180.00,0.00,OPEN,0
557136.465,0,0,0,1.000,1.000,1.000,-90.00,180.00,0.00,OPEN,0
557136.491,0,0,0,1.000,1.000,1.000,-90.00,180.00,0.00,OPEN,0
557136.501,0,0,0,1.000,1.000,1.000,-90.00,180.00,0.00,OPEN,0
557136.512,0,0,0,1.000,1.000,1.000,-90.00,180.00,0.00,OPEN,0
557136.523,0,0,0,1.000,1.000,1.000,-90.00,180.00,0.00,OPEN,0
557136.533,0,0,0,1.000,1.000,1.000,-90.00,180.00,0.00,OPEN,0
557136.543,0,0,0,1.000,1.000,1.000,-90.00,180.00,0.00,OPEN,0
557136.554,0,0,0,1.000,1.000,1.000,-90.00,180.00,0.00,OPEN,0
557136.564,0,0,0,1.000,1.000,1.000,-90.00,180.00,0.00,OPEN,0
557136.574,0,0,0,1.000,1.000,1.000,-90.00,180.00,0.00,OPEN,0
557136.585,0,0,0,1.000,1.000,1.000,-90.00,180.00,0.00,OPEN,0
557136.596,0,0,0,1.000,1.000,1.000,-90.00,180.00,0.00,OPEN,0
557136.607,0,0,0,1.000,1.000,1.000,-90.00,180.00,0.00,OPEN,0
557136.617,0,0,0,1.000,1.000,1.000,-90.00,180.00,0.00,OPEN,0
557136.627,0,0,0,1.000,1.000,1.000,-90.00,180.00,0.00,OPEN,0
557136.638,0,0,0,1.000,1.000,1.000,-90.00,180.00,0.00,OPEN,0
557136.649,0,0,0,1.000,1.000,1.000,-90.00,180.00,0.00,OPEN,0
557136.659,0,0,0,1.000,1.000,1.000,-90.00,180.00,0.00,OPEN,0
557136.670,0,0,0,1.000,1.000,1.000,-90.00,180.00,0.00,OPEN,0
557136.680,0,0,0,1.000,1.000,1.000,-90.00,180.00,0.00,OPEN,0
557136.690,0,0,0,1.000,1.000,1.000,-90.00,180.00,0.00,OPEN,0
557136.701,0,0,0,1.000,1.000,1.000,-90.00,180.00,0.00,OPEN,0
557136.711,0,0,0,1.000,1.000,1.000,-90.00,180.00,0.00,OPEN,0
557136.722,0,0,0,1.000,1.000,1.000,-90.00,180.00,0.00,OPEN,0
557136.732,0,0,0,1.000,1.000,1.000,-90.00,180.00,0.00,OPEN,0
557136.742,0,0,0,1.000,1.000,1.000,-90.00,180.00,0.00,OPEN,0
557136.753,0,0,0,1.000,1.000,1.000,-90.00,180.00,0.00,OPEN,0
557136.764,0,0,0,1.000,1.000,1.000,-90.00,180.00,0.00,OPEN,0
557136.774,0,0,0,1.000,1.000,1.000,-90.00,180.00,0.00,OPEN,0
557136.785,0,0,0,1.000,1.000,1.000,-90.00,180.00,0.00,OPEN,0
557136.795,0,0,0,1.000,1.000,1.000,-90.00,180.00,0.00,OPEN,0
557136.806,0,0,0,1.000,1.000,1.000,-90.00,180.00,0.00,OPEN,0
557136.817,0,0,0,1.000,1.000,1.000,-90.00,180.00,0.00,OPEN,0
557136.827,0,0,0,1.000,1.000,1.000,-90.00,180.00,0.00,OPEN,0
557136.838,0,0,0,1.000,1.000,1.000,-90.00,180.00,0.00,OPEN,0
557136.848,0,0,0,1.000,1.000,1.000,-90.00,180.00,0.00,OPEN,0
557136.858,0,0,0,1.000,1.000,1.000,-90.00,180.00,0.00,OPEN,0
557136.869,0,0,0,1.000,1.000,1.000,-90.00,180.00,0.00,OPEN,0
557136.879,0,0,0,1.000,1.000,1.000,-90.00,180.00,0.00,OPEN,0
557136.890,0,0,0,1.000,1.000,1.000,-90.00,180.00,0.00,OPEN,0
557136.900,0,0,0,1.000,1.000,1.000,-90.00,180.00,0.00,OPEN,0
557136.911,0,0,0,1.000,1.000,1.000,-90.00,180.00,0.00,OPEN,0
557136.922,0,0,0,1.000,1.000,1.000,-90.00,180.00,0.00,OPEN,0
557136.933,0,0,0,1.000,1.000,1.000,-90.00,180.00,0.00,OPEN,0
557136.943,0,0,0,1.000,1.000,1.000,-90.00,180.00,0.00,OPEN,0
557136.954,0,0,0,1.000,1.000,1.000,-90.00,180.00,0.00,OPEN,0
557136.964,0,0,0,1.000,1.000,1.000,-90.00,180.00,0.00,OPEN,0
557136.975,0,0,0,1.000,1.000,1.000,-90.00,180.00,0.00,OPEN,0
557136.985,0,0,0,1.000,1.000,1.000,-90.00,180.00,0.00,OPEN,0
557136.995,0,0,0,1.000,1.000,1.000,-90.00,180.00,0.00,OPEN,0
557137.006,0,0,0,1.000,1.000,1.000,-90.00,180.00,0.00,OPEN,0
557137.017,0,0,0,1.000,1.000,1.000,-90.00,180.00,0.00,OPEN,0
557137.027,0,0,0,1.000,1.000,1.000,-90.00,180.00,0.00,OPEN,0
557137.038,0,0,0,1.000,1.000,1.000,-90.00,180.00,0.00,OPEN,0
557137.049,0,0,0,1.000,1.000,1.000,-90.00,180.00,0.00,OPEN,0
557137.060,0,0,0,1.000,1.000,1.000,-90.00,180.00,0.00,OPEN,0
557137.071,0,0,0,1.000,1.000,1.000,-90.00,180.00,0.00,OPEN,0
557137.081,0,0,0,1.000,1.000,1.000,-90.00,180.00,0.00,OPEN,0
557137.092,0,0,0,1.000,1.000,1.000,-90.00,180.00,0.00,OPEN,0
557137.102,0,0,0,1.000,1.000,1.000,-90.00,180.00,0.00,OPEN,0
557137.113,0,0,0,1.000,1.000,1.000,-90.00,180.00,0.00,OPEN,0
557137.123,0,0,0,1.000,1.000,1.000,-90.00,180.00,0.00,OPEN,0
557137.134,0,0,0,1.000,1.000,1.000,-90.00,180.00,0.00,OPEN,0
557137.144,0,0,0,1.000,1.000,1.000,-90.00,180.00,0.00,OPEN,0
557137.155,0,0,0,1.000,1.000,1.000,-90.00,180.00,0.00,OPEN,0
557137.165,0,0,0,1.000,1.000,1.000,-90.00,180.00,0.00,OPEN,0
557137.176,0,0,0,1.000,1.000,1.000,-90.00,180.00,0.00,OPEN,0
557137.186,0,0,0,1.000,1.000,1.000,-90.00,180.00,0.00,OPEN,0
557137.197,0,0,0,1.000,1.000,1.000,-90.00,180.00,0.00,OPEN,0
557137.207,0,0,0,1.000,1.000,1.000,-90.00,180.00,0.00,OPEN,0
557137.217,0,0,0,1.000,1.000,1.000,-90.00,180.00,0.00,OPEN,0
557137.228,0,0,0,1.000,1.000,1.000,-90.00,180.00,0.00,OPEN,0
557137.238,0,0,0,1.000,1.000,1.000,-90.00,180.00,0.00,OPEN,0
557137.248,0,0,0,1.000,1.000,1.000,-90.00,180.00,0.00,OPEN,0
557137.259,0,0,0,1.000,1.000,1.000,-90.00,180.00,0.00,OPEN,0
557137.270,0,0,0,1.000,1.000,1.000,-90.00,180.00,0.00,OPEN,0
557137.280,0,0,0,1.000,1.000,1.000,-90.00,180.00,0.00,OPEN,0
557137.290,0,0,0,1.000,1.000,1.000,-90.00,180.00,0.00,OPEN,0
557137.301,0,0,0,1.000,1.000,1.000,-90.00,180.00,0.00,OPEN,0
557137.311,0,0,0,1.000,1.000,1.000,-90.00,180.00,0.00,OPEN,0
557137.322,0,0,0,1.000,1.000,1.000,-90.00,180.00,0.00,OPEN,0
557137.332,0,0,0,1.000,1.000,1.000,-90.00,180.00,0.00,OPEN,0
557137.343,0,0,0,1.000,1.000,1.000,-90.00,180.00,0.00,OPEN,0
557137.353,0,0,0,1.000,1.000,1.000,-90.00,180.00,0.00,OPEN,0
557137.363,0,0,0,1.000,1.000,1.000,-90.00,180.00,0.00,OPEN,0
557137.374,0,0,0,1.000,1.000,1.000,-90.00,180.00,0.00,OPEN,0
557137.385,0,0,0,1.000,1.000,1.000,-90.00,180.00,0.00,OPEN,0
557137.395,0,0,0,1.000,1.000,1.000,-90.00,180.00,0.00,OPEN,0
557137.408,0,0,0,1.000,1.000,1.000,-90.00,180.00,0.00,OPEN,0
557137.418,0,0,0,1.000,1.000,1.000,-90.00,180.00,0.00,OPEN,0
557137.429,0,0,0,1.000,1.000,1.000,-90.00,180.00,0.00,OPEN,0
557137.439,0,0,0,1.000,1.000,1.000,-90.00,180.00,0.00,OPEN,0
557137.450,0,0,0,1.000,1.000,1.000,-90.00,180.00,0.00,OPEN,0
557137.461,0,0,0,1.000,1.000,1.000,-90.00,180.00,0.00,OPEN,0
557137.471,0,0,0,1.000,1.000,1.000,-90.00,180.00,0.00,OPEN,0
557137.488,0,0,0,1.000,1.000,1.000,-90.00,180.00,0.00,OPEN,0
557137.498,0,0,0,1.000,1.000,1.000,-90.00,180.00,0.00,OPEN,0
557137.510,0,0,0,1.000,1.000,1.000,-90.00,180.00,0.00,OPEN,0
557137.520,0,0,0,1.000,1.000,1.000,-90.00,180.00,0.00,OPEN,0
557137.532,0,0,0,1.000,1.000,1.000,-90.00,180.00,0.00,OPEN,0
557137.542,0,0,0,1.000,1.000,1.000,-90.00,180.00,0.00,OPEN,0
557137.553,0,0,0,1.000,1.000,1.000,-90.00,180.00,0.00,OPEN,0
557137.563,0,0,0,1.000,1.000,1.000,-90.00,180.00,0.00,OPEN,0
557137.574,0,0,0,1.000,1.000,1.000,-90.00,180.00,0.00,OPEN,0
557137.585,0,0,0,1.000,1.000,1.000,-90.00,180.00,0.00,OPEN,0
557137.595,0,0,0,1.000,1.000,1.000,-90.00,180.00,0.00,OPEN,0
557137.606,0,0,0,1.000,1.000,1.000,-90.00,180.00,0.00,OPEN,0
557137.617,0,0,0,1.000,1.000,1.000,-90.00,180.00,0.00,OPEN,0
557137.627,0,0,0,1.000,1.000,1.000,-90.00,180.00,0.00,OPEN,0
557137.637,0,0,0,1.000,1.000,1.000,-90.00,180.00,0.00,OPEN,0
557137.648,0,0,0,1.000,1.000,1.000,-90.00,180.00,0.00,OPEN,0
557137.658,0,0,0,1.000,1.000,1.000,-90.00,180.00,0.00,OPEN,0
557137.669,0,0,0,1.000,1.000,1.000,-90.00,180.00,0.00,OPEN,0
557137.679,0,0,0,1.000,1.000,1.000,-90.00,180.00,0.00,OPEN,0
557137.689,0,0,0,1.000,1.000,1.000,-90.00,180.00,0.00,OPEN,0
557137.700,0,0,0,1.000,1.000,1.000,-90.00,180.00,0.00,OPEN,0
557137.710,0,0,0,1.000,1.000,1.000,-90.00,180.00,0.00,OPEN,0
557137.721,0,0,0,1.000,1.000,1.000,-90.00,180.00,0.00,OPEN,0
557137.731,0,0,0,1.000,1.000,1.000,-90.00,180.00,0.00,OPEN,0
557137.742,0,0,0,1.000,1.000,1.000,-90.00,180.00,0.00,OPEN,0
557137.752,0,0,0,1.000,1.000,1.000,-90.00,180.00,0.00,OPEN,0
557137.763,0,0,0,1.000,1.000,1.000,-90.00,180.00,0.00,OPEN,0
557137.773,0,0,0,1.000,1.000,1.000,-90.00,180.00,0.00,OPEN,0
557137.784,0,0,0,1.000,1.000,1.000,-90.00,180.00,0.00,OPEN,0
557137.794,0,0,0,1.000,1.000,1.000,-90.00,180.00,0.00,OPEN,0
557137.805,0,0,0,1.000,1.000,1.000,-90.00,180.00,0.00,OPEN,0
557137.815,0,0,0,1.000,1.000,1.000,-90.00,180.00,0.00,OPEN,0
557137.826,0,0,0,1.000,1.000,1.000,-90.00,180.00,0.00,OPEN,0
557137.836,0,0,0,1.000,1.000,1.000,-90.00,180.00,0.00,OPEN,0
557137.847,0,0,0,1.000,1.000,1.000,-90.00,180.00,0.00,OPEN,0
557137.857,0,0,0,1.000,1.000,1.000,-90.00,180.00,0.00,OPEN,0
557137.868,0,0,0,1.000,1.000,1.000,-90.00,180.00,0.00,OPEN,0
557137.879,0,0,0,1.000,1.000,1.000,-90.00,180.00,0.00,OPEN,0
557137.889,0,0,0,1.000,1.000,1.000,-90.00,180.00,0.00,OPEN,0
557137.900,0,0,0,1.000,1.000,1.000,-90.00,180.00,0.00,OPEN,0
557137.911,0,0,0,1.000,1.000,1.000,-90.00,180.00,0.00,OPEN,0
557137.921,0,0,0,1.000,1.000,1.000,-90.00,180.00,0.00,OPEN,0
557137.932,0,0,0,1.000,1.000,1.000,-90.00,180.00,0.00,OPEN,0
557137.942,0,0,0,1.000,1.000,1.000,-90.00,180.00,0.00,OPEN,0
557137.953,0,0,0,1.000,1.000,1.000,-90.00,180.00,0.00,OPEN,0
557137.964,0,0,0,1.000,1.000,1.000,-90.00,180.00,0.00,OPEN,0
557137.975,0,0,0,1.000,1.000,1.000,-90.00,180.00,0.00,OPEN,0
557137.985,0,0,0,1.000,1.000,1.000,-90.00,180.00,0.00,OPEN,0
557137.996,0,0,0,1.000,1.000,1.000,-90.00,180.00,0.00,OPEN,0
557138.006,0,0,0,1.000,1.000,1.000,-90.00,180.00,0.00,OPEN,0
557138.017,0,0,0,1.000,1.000,1.000,-90.00,180.00,0.00,OPEN,0
557138.028,0,0,0,1.000,1.000,1.000,-90.00,180.00,0.00,OPEN,0
557138.038,0,0,0,1.000,1.000,1.000,-90.00,180.00,0.00,OPEN,0
557138.048,0,0,0,1.000,1.000,1.000,-90.00,180.00,0.00,OPEN,0
557138.059,0,0,0,1.000,1.000,1.000,-90.00,180.00,0.00,OPEN,0
557138.070,0,0,0,1.000,1.000,1.000,-90.00,180.00,0.00,OPEN,0
557138.081,0,0,0,1.000,1.000,1.000,-90.00,180.00,0.00,OPEN,0
557138.091,0,0,0,1.000,1.000,1.000,-90.00,180.00,0.00,OPEN,0
557138.101,0,0,0,1.000,1.000,1.000,-90.00,180.00,0.00,OPEN,0
557138.112,0,0,0,1.000,1.000,1.000,-90.00,180.00,0.00,OPEN,0
557138.123,0,0,0,1.000,1.000,1.000,-90.00,180.00,0.00,OPEN,0
557138.133,0,0,0,1.000,1.000,1.000,-90.00,180.00,0.00,OPEN,0
557138.145,0,0,0,1.000,1.000,1.000,-90.00,180.00,0.00,OPEN,0
557138.155,0,0,0,1.000,1.000,1.000,-90.00,180.00,0.00,OPEN,0
557138.166,0,0,0,1.000,1.000,1.000,-90.00,180.00,0.00,OPEN,0
557138.176,0,0,0,1.000,1.000,1.000,-90.00,180.00,0.00,OPEN,0
557138.187,0,0,0,1.000,1.000,1.000,-90.00,180.00,0.00,OPEN,0
557138.198,0,0,0,1.000,1.000,1.000,-90.00,180.00,0.00,OPEN,0
557138.209,0,0,0,1.000,1.000,1.000,-90.00,180.00,0.00,OPEN,0
557138.220,0,0,0,1.000,1.000,1.000,-90.00,180.00,0.00,OPEN,0
557138.230,0,0,0,1.000,1.000,1.000,-90.00,180.00,0.00,OPEN,0
557138.241,0,0,0,1.000,1.000,1.000,-90.00,180.00,0.00,OPEN,0
557138.252,0,0,0,1.000,1.000,1.000,-90.00,180.00,0.00,OPEN,0
557138.262,0,0,0,1.000,1.000,1.000,-90.00,180.00,0.00,OPEN,0
557138.273,0,0,0,1.000,1.000,1.000,-90.00,180.00,0.00,OPEN,0
557138.284,0,0,0,1.000,1.000,1.000,-90.00,180.00,0.00,OPEN,0
557138.295,0,0,0,1.000,1.000,1.000,-90.00,180.00,0.00,OPEN,0
557138.305,0,0,0,1.000,1.000,1.000,-90.00,180.00,0.00,OPEN,0
557138.316,0,0,0,1.000,1.000,1.000,-90.00,180.00,0.00,OPEN,0
557138.327,0,0,0,1.000,1.000,1.000,-90.00,180.00,0.00,OPEN,0
557138.337,0,0,0,1.000,1.000,1.000,-90.00,180.00,0.00,OPEN,0
557138.348,0,0,0,1.000,1.000,1.000,-90.00,180.00,0.00,OPEN,0
557138.358,0,0,0,1.000,1.000,1.000,-90.00,180.00,0.00,OPEN,0
557138.369,0,0,0,1.000,1.000,1.000,-90.00,180.00,0.00,OPEN,0
557138.380,0,0,0,1.000,1.000,1.000,-90.00,180.00,0.00,OPEN,0
557138.391,0,0,0,1.000,1.000,1.000,-90.00,180.00,0.00,OPEN,0
557138.401,0,0,0,1.000,1.000,1.000,-90.00,180.00,0.00,OPEN,0
557138.412,0,0,0,1.000,1.000,1.000,-90.00,180.00,0.00,OPEN,0
557138.423,0,0,0,1.000,1.000,1.000,-90.00,180.00,0.00,OPEN,0
557138.434,0,0,0,1.000,1.000,1.000,-90.00,180.00,0.00,OPEN,0
557138.445,0,0,0,1.000,1.000,1.000,-90.00,180.00,0.00,OPEN,0
557138.456,0,0,0,1.000,1.000,1.000,-90.00,180.00,0.00,OPEN,0
557138.466,0,0,0,1.000,1.000,1.000,-90.00,180.00,0.00,OPEN,0
557138.477,0,0,0,1.000,1.000,1.000,-90.00,180.00,0.00,OPEN,0
557138.488,0,0,0,1.000,1.000,1.000,-90.00,180.00,0.00,OPEN,0
557138.498,0,0,0,1.000,1.000,1.000,-90.00,180.00,0.00,OPEN,0
557138.509,0,0,0,1.000,1.000,1.000,-90.00,180.00,0.00,OPEN,0
557138.520,0,0,0,1.000,1.000,1.000,-90.00,180.00,0.00,OPEN,0
557138.530,0,0,0,1.000,1.000,1.000,-90.00,180.00,0.00,OPEN,0
557138.541,0,0,0,1.000,1.000,1.000,-90.00,180.00,0.00,OPEN,0
557138.552,0,0,0,1.000,1.000,1.000,-90.00,180.00,0.00,OPEN,0
557138.562,0,0,0,1.000,1.000,1.000,-90.00,180.00,0.00,OPEN,0
557138.573,0,0,0,1.000,1.000,1.000,-90.00,180.00,0.00,OPEN,0
557138.583,0,0,0,1.000,1.000,1.000,-90.00,180.00,0.00,OPEN,0
557138.594,0,0,0,1.000,1.000,1.000,-90.00,180.00,0.00,OPEN,0
557138.604,0,0,0,1.000,1.000,1.000,-90.00,180.00,0.00,OPEN,0
557138.615,0,0,0,1.000,1.000,1.000,-90.00,180.00,0.00,OPEN,0
557138.626,0,0,0,1.000,1.000,1.000,-90.00,180.00,0.00,OPEN,0
557138.637,0,0,0,1.000,1.000,1.000,-90.00,180.00,0.00,OPEN,0
557138.647,0,0,0,1.000,1.000,1.000,-90.00,180.00,0.00,OPEN,0
557138.658,0,0,0,1.000,1.000,1.000,-90.00,180.00,0.00,OPEN,0
557138.669,0,0,0,1.000,1.000,1.000,-90.00,180.00,0.00,OPEN,0
557138.680,0,0,0,1.000,1.000,1.000,-90.00,180.00,0.00,OPEN,0
557138.690,0,0,0,1.000,1.000,1.000,-90.00,180.00,0.00,OPEN,0
557138.701,0,0,0,1.000,1.000,1.000,-90.00,180.00,0.00,OPEN,0
557138.712,0,0,0,1.000,1.000,1.000,-90.00,180.00,0.00,OPEN,0
557138.723,0,0,0,1.000,1.000,1.000,-90.00,180.00,0.00,OPEN,0
557138.734,0,0,0,1.000,1.000,1.000,-90.00,180.00,0.00,OPEN,0
557138.745,0,0,0,1.000,1.000,1.000,-90.00,180.00,0.00,OPEN,0
557138.756,0,0,0,1.000,1.000,1.000,-90.00,180.00,0.00,OPEN,0
557138.767,0,0,0,1.000,1.000,1.000,-90.00,180.00,0.00,OPEN,0
557138.778,0,0,0,1.000,1.000,1.000,-90.00,180.00,0.00,OPEN,0
557138.788,0,0,0,1.000,1.000,1.000,-90.00,180.00,0.00,OPEN,0
557138.799,0,0,0,1.000,1.000,1.000,-90.00,180.00,0.00,OPEN,0
557138.810,0,0,0,1.000,1.000,1.000,-90.00,180.00,0.00,OPEN,0
557138.821,0,0,0,1.000,1.000,1.000,-90.00,180.00,0.00,OPEN,0
557138.832,0,0,0,1.000,1.000,1.000,-90.00,180.00,0.00,OPEN,0
557138.843,0,0,0,1.000,1.000,1.000,-90.00,180.00,0.00,OPEN,0
557138.854,0,0,0,1.000,1.000,1.000,-90.00,180.00,0.00,OPEN,0
557138.865,0,0,0,1.000,1.000,1.000,-90.00,180.00,0.00,OPEN,0
557138.876,0,0,0,1.000,1.000,1.000,-90.00,180.00,0.00,OPEN,0
557138.887,0,0,0,1.000,1.000,1.000,-90.00,180.00,0.00,OPEN,0
557138.898,0,0,0,1.000,1.000,1.000,-90.00,180.00,0.00,OPEN,0
557138.909,0,0,0,1.000,1.000,1.000,-90.00,180.00,0.00,OPEN,0
557138.920,0,0,0,1.000,1.000,1.000,-90.00,180.00,0.00,OPEN,0
557138.930,0,0,0,1.000,1.000,1.000,-90.00,180.00,0.00,OPEN,0
557138.941,0,0,0,1.000,1.000,1.000,-90.00,180.00,0.00,OPEN,0
557138.952,0,0,0,1.000,1.000,1.000,-90.00,180.00,0.00,OPEN,0
557138.963,0,0,0,1.000,1.000,1.000,-90.00,180.00,0.00,OPEN,0
557138.975,0,0,0,1.000,1.000,1.000,-90.00,180.00,0.00,OPEN,0
557138.986,0,0,0,1.000,1.000,1.000,-90.00,180.00,0.00,OPEN,0
557138.997,0,0,0,1.000,1.000,1.000,-90.00,180.00,0.00,OPEN,0
557139.008,0,0,0,1.000,1.000,1.000,-90.00,180.00,0.00,OPEN,0
557139.019,0,0,0,1.000,1.000,1.000,-90.00,180.00,0.00,OPEN,0
557139.030,0,0,0,1.000,1.000,1.000,-90.00,180.00,0.00,OPEN,0
557139.041,0,0,0,1.000,1.000,1.000,-90.00,180.00,0.00,OPEN,0
557139.051,0,0,0,1.000,1.000,1.000,-90.00,180.00,0.00,OPEN,0
557139.062,0,0,0,1.000,1.000,1.000,-90.00,180.00,0.00,OPEN,0
557139.074,0,0,0,1.000,1.000,1.000,-90.00,180.00,0.00,OPEN,0
557139.085,0,0,0,1.000,1.000,1.000,-90.00,180.00,0.00,OPEN,0
557139.096,0,0,0,1.000,1.000,1.000,-90.00,180.00,0.00,OPEN,0
557139.107,0,0,0,1.000,1.000,1.000,-90.00,180.00,0.00,OPEN,0
557139.118,0,0,0,1.000,1.000,1.000,-90.00,180.00,0.00,OPEN,0
557139.128,0,0,0,1.000,1.000,1.000,-90.00,180.00,0.00,OPEN,0
557139.139,0,0,0,1.000,1.000,1.000,-90.00,180.00,0.00,OPEN,0
557139.150,0,0,0,1.000,1.000,1.000,-90.00,180.00,0.00,OPEN,0
557139.160,0,0,0,1.000,1.000,1.000,-90.00,180.00,0.00,OPEN,0
557139.171,0,0,0,1.000,1.000,1.000,-90.00,180.00,0.00,OPEN,0
557139.182,0,0,0,1.000,1.000,1.000,-90.00,180.00,0.00,OPEN,0
557139.193,0,0,0,1.000,1.000,1.000,-90.00,180.00,0.00,OPEN,0
557139.204,0,0,0,1.000,1.000,1.000,-90.00,180.00,0.00,OPEN,0
557139.215,0,0,0,1.000,1.000,1.000,-90.00,180.00,0.00,OPEN,0
557139.226,0,0,0,1.000,1.000,1.000,-90.00,180.00,0.00,OPEN,0
557139.237,0,0,0,1.000,1.000,1.000,-90.00,180.00,0.00,OPEN,0
557139.248,0,0,0,1.000,1.000,1.000,-90.00,180.00,0.00,OPEN,0
557139.259,0,0,0,1.000,1.000,1.000,-90.00,180.00,0.00,OPEN,0
557139.269,0,0,0,1.000,1.000,1.000,-90.00,180.00,0.00,OPEN,0
557139.280,0,0,0,1.000,1.000,1.000,-90.00,180.00,0.00,OPEN,0
557139.291,0,0,0,1.000,1.000,1.000,-90.00,180.00,0.00,OPEN,0
557139.302,0,0,0,1.000,1.000,1.000,-90.00,180.00,0.00,OPEN,0
557139.314,0,0,0,1.000,1.000,1.000,-90.00,180.00,0.00,OPEN,0
557139.325,0,0,0,1.000,1.000,1.000,-90.00,180.00,0.00,OPEN,0
557139.335,0,0,0,1.000,1.000,1.000,-90.00,180.00,0.00,OPEN,0
557139.346,0,0,0,1.000,1.000,1.000,-90.00,180.00,0.00,OPEN,0
557139.358,0,0,0,1.000,1.000,1.000,-90.00,180.00,0.00,OPEN,0
557139.368,0,0,0,1.000,1.000,1.000,-90.00,180.00,0.00,OPEN,0
557139.379,0,0,0,1.000,1.000,1.000,-90.00,180.00,0.00,OPEN,0
557139.390,0,0,0,1.000,1.000,1.000,-90.00,180.00,0.00,OPEN,0
557139.401,0,0,0,1.000,1.000,1.000,-90.00,180.00,0.00,OPEN,0
557139.412,0,0,0,1.000,1.000,1.000,-90.00,180.00,0.00,OPEN,0
557139.423,0,0,0,1.000,1.000,1.000,-90.00,180.00,0.00,OPEN,0
557139.433,0,0,0,1.000,1.000,1.000,-90.00,180.00,0.00,OPEN,0
557139.444,0,0,0,1.000,1.000,1.000,-90.00,180.00,0.00,OPEN,0
557139.455,0,0,0,1.000,1.000,1.000,-90.00,180.00,0.00,OPEN,0
557139.466,0,0,0,1.000,1.000,1.000,-90.00,180.00,0.00,OPEN,0
557139.477,0,0,0,1.000,1.000,1.000,-90.00,180.00,0.00,OPEN,0
557139.488,0,0,0,1.000,1.000,1.000,-90.00,180.00,0.00,OPEN,0
557139.499,0,0,0,1.000,1.000,1.000,-90.00,180.00,0.00,OPEN,0
557139.510,0,0,0,1.000,1.000,1.000,-90.00,180.00,0.00,OPEN,0
557139.520,0,0,0,1.000,1.000,1.000,-90.00,180.00,0.00,OPEN,0
557139.532,0,0,0,1.000,1.000,1.000,-90.00,180.00,0.00,OPEN,0
557139.542,0,0,0,1.000,1.000,1.000,-90.00,180.00,0.00,OPEN,0
557139.554,0,0,0,1.000,1.000,1.000,-90.00,180.00,0.00,OPEN,0
557139.564,0,0,0,1.000,1.000,1.000,-90.00,180.00,0.00,OPEN,0
557139.575,0,0,0,1.000,1.000,1.000,-90.00,180.00,0.00,OPEN,0
557139.586,0,0,0,1.000,1.000,1.000,-90.00,180.00,0.00,OPEN,0
557139.597,0,0,0,1.000,1.000,1.000,-90.00,180.00,0.00,OPEN,0
557139.607,0,0,0,1.000,1.000,1.000,-90.00,180.00,0.00,OPEN,0
557139.618,0,0,0,1.000,1.000,1.000,-90.00,180.00,0.00,OPEN,0
557139.629,0,0,0,1.000,1.000,1.000,-90.00,180.00,0.00,OPEN,0
557139.640,0,0,0,1.000,1.000,1.000,-90.00,180.00,0.00,OPEN,0
557139.650,0,0,0,1.000,1.000,1.000,-90.00,180.00,0.00,OPEN,0
557139.661,0,0,0,1.000,1.000,1.000,-90.00,180.00,0.00,OPEN,0
557139.672,0,0,0,1.000,1.000,1.000,-90.00,180.00,0.00,OPEN,0
557139.683,0,0,0,1.000,1.000,1.000,-90.00,180.00,0.00,OPEN,0
557139.693,0,0,0,1.000,1.000,1.000,-90.00,180.00,0.00,OPEN,0
557139.704,0,0,0,1.000,1.000,1.000,-90.00,180.00,0.00,OPEN,0
557139.715,0,0,0,1.000,1.000,1.000,-90.00,180.00,0.00,OPEN,0
557139.726,0,0,0,1.000,1.000,1.000,-90.00,180.00,0.00,OPEN,0
557139.737,0,0,0,1.000,1.000,1.000,-90.00,180.00,0.00,OPEN,0
557139.747,0,0,0,1.000,1.000,1.000,-90.00,180.00,0.00,OPEN,0
557139.758,0,0,0,1.000,1.000,1.000,-90.00,180.00,0.00,OPEN,0
557139.769,0,0,0,1.000,1.000,1.000,-90.00,180.00,0.00,OPEN,0
557139.780,0,0,0,1.000,1.000,1.000,-90.00,180.00,0.00,OPEN,0
557139.790,0,0,0,1.000,1.000,1.000,-90.00,180.00,0.00,OPEN,0
557139.801,0,0,0,1.000,1.000,1.000,-90.00,180.00,0.00,OPEN,0
557139.812,0,0,0,1.000,1.000,1.000,-90.00,180.00,0.00,OPEN,0
557139.823,0,0,0,1.000,1.000,1.000,-90.00,180.00,0.00,OPEN,0
557139.833,0,0,0,1.000,1.000,1.000,-90.00,180.00,0.00,OPEN,0
557139.844,0,0,0,1.000,1.000,1.000,-90.00,180.00,0.00,OPEN,0
557139.855,0,0,0,1.000,1.000,1.000,-90.00,180.00,0.00,OPEN,0
557139.866,0,0,0,1.000,1.000,1.000,-90.00,180.00,0.00,OPEN,0
557139.877,0,0,0,1.000,1.000,1.000,-90.00,180.00,0.00,OPEN,0
557139.888,0,0,0,1.000,1.000,1.000,-90.00,180.00,0.00,OPEN,0
557139.898,0,0,0,1.000,1.000,1.000,-90.00,180.00,0.00,OPEN,0
557139.909,0,0,0,1.000,1.000,1.000,-90.00,180.00,0.00,OPEN,0
557139.920,0,0,0,1.000,1.000,1.000,-90.00,180.00,0.00,OPEN,0
557139.930,0,0,0,1.000,1.000,1.000,-90.00,180.00,0.00,OPEN,0
557139.941,0,0,0,1.000,1.000,1.000,-90.00,180.00,0.00,OPEN,0
557139.953,0,0,0,1.000,1.000,1.000,-90.00,180.00,0.00,OPEN,0
557139.963,0,0,0,1.000,1.000,1.000,-90.00,180.00,0.00,OPEN,0
557139.974,0,0,0,1.000,1.000,1.000,-90.00,180.00,0.00,OPEN,0
557139.985,0,0,0,1.000,1.000,1.000,-90.00,180.00,0.00,OPEN,0
557139.995,0,0,0,1.000,1.000,1.000,-90.00,180.00,0.00,OPEN,0
557140.006,0,0,0,1.000,1.000,1.000,-90.00,180.00,0.00,OPEN,0
557140.017,0,0,0,1.000,1.000,1.000,-90.00,180.00,0.00,OPEN,0
557140.028,0,0,0,1.000,1.000,1.000,-90.00,180.00,0.00,OPEN,0
557140.038,0,0,0,1.000,1.000,1.000,-90.00,180.00,0.00,OPEN,0
557140.049,0,0,0,1.000,1.000,1.000,-90.00,180.00,0.00,OPEN,0
557140.060,0,0,0,1.000,1.000,1.000,-90.00,180.00,0.00,OPEN,0
557140.071,0,0,0,1.000,1.000,1.000,-90.00,180.00,0.00,OPEN,0
557140.081,0,0,0,1.000,1.000,1.000,-90.00,180.00,0.00,OPEN,0
557140.092,0,0,0,1.000,1.000,1.000,-90.00,180.00,0.00,OPEN,0
557140.103,0,0,0,1.000,1.000,1.000,-90.00,180.00,0.00,OPEN,0
557140.114,0,0,0,1.000,1.000,1.000,-90.00,180.00,0.00,OPEN,0
557140.124,0,0,0,1.000,1.000,1.000,-90.00,180.00,0.00,OPEN,0
557140.135,0,0,0,1.000,1.000,1.000,-90.00,180.00,0.00,OPEN,0
557140.146,0,0,0,1.000,1.000,1.000,-90.00,180.00,0.00,OPEN,0
557140.157,0,0,0,1.000,1.000,1.000,-90.00,180.00,0.00,OPEN,0
557140.168,0,0,0,1.000,1.000,1.000,-90.00,180.00,0.00,OPEN,0
557140.179,0,0,0,1.000,1.000,1.000,-90.00,180.00,0.00,OPEN,0
557140.190,0,0,0,1.000,1.000,1.000,-90.00,180.00,0.00,OPEN,0
557140.200,0,0,0,1.000,1.000,1.000,-90.00,180.00,0.00,OPEN,0
557140.211,0,0,0,1.000,1.000,1.000,-90.00,180.00,0.00,OPEN,0
557140.222,0,0,0,1.000,1.000,1.000,-90.00,180.00,0.00,OPEN,0
557140.233,0,0,0,1.000,1.000,1.000,-90.00,180.00,0.00,OPEN,0
557140.244,0,0,0,1.000,1.000,1.000,-90.00,180.00,0.00,OPEN,0
557140.255,0,0,0,1.000,1.000,1.000,-90.00,180.00,0.00,OPEN,0
557140.265,0,0,0,1.000,1.000,1.000,-90.00,180.00,0.00,OPEN,0
557140.275,0,0,0,1.000,1.000,1.000,-90.00,180.00,0.00,OPEN,0
557140.286,0,0,0,1.000,1.000,1.000,-90.00,180.00,0.00,OPEN,0
557140.299,0,0,0,1.000,1.000,1.000,-90.00,180.00,0.00,OPEN,0
557140.311,0,0,0,1.000,1.000,1.000,-90.00,180.00,0.00,OPEN,0
557140.321,0,0,0,1.000,1.000,1.000,-90.00,180.00,0.00,OPEN,0
557140.332,0,0,0,1.000,1.000,1.000,-90.00,180.00,0.00,OPEN,0
557140.343,0,0,0,1.000,1.000,1.000,-90.00,180.00,0.00,OPEN,0
557140.354,0,0,0,1.000,1.000,1.000,-90.00,180.00,0.00,OPEN,0
557140.364,0,0,0,1.000,1.000,1.000,-90.00,180.00,0.00,OPEN,0
557140.375,0,0,0,1.000,1.000,1.000,-90.00,180.00,0.00,OPEN,0
557140.385,0,0,0,1.000,1.000,1.000,-90.00,180.00,0.00,OPEN,0
557140.397,0,0,0,1.000,1.000,1.000,-90.00,180.00,0.00,OPEN,0
557140.467,0,0,0,1.000,1.000,1.000,-90.00,180.00,0.00,OPEN,0
557140.479,0,0,0,1.000,1.000,1.000,-90.00,180.00,0.00,OPEN,0
557140.494,0,0,0,1.000,1.000,1.000,-90.00,180.00,0.00,OPEN,0
557140.505,0,0,0,1.000,1.000,1.000,-90.00,180.00,0.00,OPEN,0
557140.516,0,0,0,1.000,1.000,1.000,-90.00,180.00,0.00,OPEN,0
557140.527,0,0,0,1.000,1.000,1.000,-90.00,180.00,0.00,OPEN,0
557140.538,0,0,0,1.000,1.000,1.000,-90.00,180.00,0.00,OPEN,0
557140.548,0,0,0,1.000,1.000,1.000,-90.00,180.00,0.00,OPEN,0
557140.559,0,0,0,1.000,1.000,1.000,-90.00,180.00,0.00,OPEN,0
557140.570,0,0,0,1.000,1.000,1.000,-90.00,180.00,0.00,OPEN,0
557140.580,0,0,0,1.000,1.000,1.000,-90.00,180.00,0.00,OPEN,0
557140.591,0,0,0,1.000,1.000,1.000,-90.00,180.00,0.00,OPEN,0
557140.602,0,0,0,1.000,1.000,1.000,-90.00,180.00,0.00,OPEN,0
557140.613,0,0,0,1.000,1.000,1.000,-90.00,180.00,0.00,OPEN,0
557140.623,0,0,0,1.000,1.000,1.000,-90.00,180.00,0.00,OPEN,0
557140.634,0,0,0,1.000,1.000,1.000,-90.00,180.00,0.00,OPEN,0
557140.644,0,0,0,1.000,1.000,1.000,-90.00,180.00,0.00,OPEN,0
557140.655,0,0,0,1.000,1.000,1.000,-90.00,180.00,0.00,OPEN,0
557140.666,0,0,0,1.000,1.000,1.000,-90.00,180.00,0.00,OPEN,0
557140.676,0,0,0,1.000,1.000,1.000,-90.00,180.00,0.00,OPEN,0
557140.687,0,0,0,1.000,1.000,1.000,-90.00,180.00,0.00,OPEN,0
557140.697,0,0,0,1.000,1.000,1.000,-90.00,180.00,0.00,OPEN,0
557140.708,0,0,0,1.000,1.000,1.000,-90.00,180.00,0.00,OPEN,0
557140.719,0,0,0,1.000,1.000,1.000,-90.00,180.00,0.00,OPEN,0
557140.730,0,0,0,1.000,1.000,1.000,-90.00,180.00,0.00,OPEN,0
557140.740,0,0,0,1.000,1.000,1.000,-90.00,180.00,0.00,OPEN,0
557140.751,0,0,0,1.000,1.000,1.000,-90.00,180.00,0.00,OPEN,0
557140.762,0,0,0,1.000,1.000,1.000,-90.00,180.00,0.00,OPEN,0
557140.773,0,0,0,1.000,1.000,1.000,-90.00,180.00,0.00,OPEN,0
557140.784,0,0,0,1.000,1.000,1.000,-90.00,180.00,0.00,OPEN,0
557140.794,0,0,0,1.000,1.000,1.000,-90.00,180.00,0.00,OPEN,0
557140.805,0,0,0,1.000,1.000,1.000,-90.00,180.00,0.00,OPEN,0
557140.815,0,0,0,1.000,1.000,1.000,-90.00,180.00,0.00,OPEN,0
557140.826,0,0,0,1.000,1.000,1.000,-90.00,180.00,0.00,OPEN,0
557140.836,0,0,0,1.000,1.000,1.000,-90.00,180.00,0.00,OPEN,0
557140.847,0,0,0,1.000,1.000,1.000,-90.00,180.00,0.00,OPEN,0
557140.857,0,0,0,1.000,1.000,1.000,-90.00,180.00,0.00,OPEN,0
557140.868,0,0,0,1.000,1.000,1.000,-90.00,180.00,0.00,OPEN,0
557140.879,0,0,0,1.000,1.000,1.000,-90.00,180.00,0.00,OPEN,0
557140.889,0,0,0,1.000,1.000,1.000,-90.00,180.00,0.00,OPEN,0
557140.900,0,0,0,1.000,1.000,1.000,-90.00,180.00,0.00,OPEN,0
557140.911,0,0,0,1.000,1.000,1.000,-90.00,180.00,0.00,OPEN,0
557140.921,0,0,0,1.000,1.000,1.000,-90.00,180.00,0.00,OPEN,0
557140.932,0,0,0,1.000,1.000,1.000,-90.00,180.00,0.00,OPEN,0
557140.942,0,0,0,1.000,1.000,1.000,-90.00,180.00,0.00,OPEN,0
557140.953,0,0,0,1.000,1.000,1.000,-90.00,180.00,0.00,OPEN,0
557140.963,0,0,0,1.000,1.000,1.000,-90.00,180.00,0.00,OPEN,0
557140.974,0,0,0,1.000,1.000,1.000,-90.00,180.00,0.00,OPEN,0
557140.984,0,0,0,1.000,1.000,1.000,-90.00,180.00,0.00,OPEN,0
557140.995,0,0,0,1.000,1.000,1.000,-90.00,180.00,0.00,OPEN,0
557141.005,0,0,0,1.000,1.000,1.000,-90.00,180.00,0.00,OPEN,0
557141.016,0,0,0,1.000,1.000,1.000,-90.00,180.00,0.00,OPEN,0
557141.026,0,0,0,1.000,1.000,1.000,-90.00,180.00,0.00,OPEN,0
557141.037,0,0,0,1.000,1.000,1.000,-90.00,180.00,0.00,OPEN,0
557141.048,0,0,0,1.000,1.000,1.000,-90.00,180.00,0.00,OPEN,0
557141.059,0,0,0,1.000,1.000,1.000,-90.00,180.00,0.00,OPEN,0
557141.070,0,0,0,1.000,1.000,1.000,-90.00,180.00,0.00,OPEN,0
557141.080,0,0,0,1.000,1.000,1.000,-90.00,180.00,0.00,OPEN,0
557141.091,0,0,0,1.000,1.000,1.000,-90.00,180.00,0.00,OPEN,0
557141.102,0,0,0,1.000,1.000,1.000,-90.00,180.00,0.00,OPEN,0
557141.112,0,0,0,1.000,1.000,1.000,-90.00,180.00,0.00,OPEN,0
557141.123,0,0,0,1.000,1.000,1.000,-90.00,180.00,0.00,OPEN,0
557141.133,0,0,0,1.000,1.000,1.000,-90.00,180.00,0.00,OPEN,0
557141.144,0,0,0,1.000,1.000,1.000,-90.00,180.00,0.00,OPEN,0
557141.155,0,0,0,1.000,1.000,1.000,-90.00,180.00,0.00,OPEN,0
557141.165,0,0,0,1.000,1.000,1.000,-90.00,180.00,0.00,OPEN,0
557141.175,0,0,0,1.000,1.000,1.000,-90.00,180.00,0.00,OPEN,0
557141.186,0,0,0,1.000,1.000,1.000,-90.00,180.00,0.00,OPEN,0
557141.197,0,0,0,1.000,1.000,1.000,-90.00,180.00,0.00,OPEN,0
557141.208,0,0,0,1.000,1.000,1.000,-90.00,180.00,0.00,OPEN,0
557141.218,0,0,0,1.000,1.000,1.000,-90.00,180.00,0.00,OPEN,0
557141.229,0,0,0,1.000,1.000,1.000,-90.00,180.00,0.00,OPEN,0
557141.239,0,0,0,1.000,1.000,1.000,-90.00,180.00,0.00,OPEN,0
557141.250,0,0,0,1.000,1.000,1.000,-90.00,180.00,0.00,OPEN,0
557141.267,0,0,0,1.000,1.000,1.000,-90.00,180.00,0.00,OPEN,0
557141.284,0,0,0,1.000,1.000,1.000,-90.00,180.00,0.00,OPEN,0
557141.294,0,0,0,1.000,1.000,1.000,-90.00,180.00,0.00,OPEN,0
557141.305,0,0,0,1.000,1.000,1.000,-90.00,180.00,0.00,OPEN,0
557141.315,0,0,0,1.000,1.000,1.000,-90.00,180.00,0.00,OPEN,0
557141.326,0,0,0,1.000,1.000,1.000,-90.00,180.00,0.00,OPEN,0
557141.336,0,0,0,1.000,1.000,1.000,-90.00,180.00,0.00,OPEN,0
557141.347,0,0,0,1.000,1.000,1.000,-90.00,180.00,0.00,OPEN,0
557141.357,0,0,0,1.000,1.000,1.000,-90.00,180.00,0.00,OPEN,0
557141.368,0,0,0,1.000,1.000,1.000,-90.00,180.00,0.00,OPEN,0
557141.378,0,0,0,1.000,1.000,1.000,-90.00,180.00,0.00,OPEN,0
557141.389,0,0,0,1.000,1.000,1.000,-90.00,180.00,0.00,OPEN,0
557141.400,0,0,0,1.000,1.000,1.000,-90.00,180.00,0.00,OPEN,0
557141.410,0,0,0,1.000,1.000,1.000,-90.00,180.00,0.00,OPEN,0
557141.421,0,0,0,1.000,1.000,1.000,-90.00,180.00,0.00,OPEN,0
557141.431,0,0,0,1.000,1.000,1.000,-90.00,180.00,0.00,OPEN,0
557141.442,0,0,0,1.000,1.000,1.000,-90.00,180.00,0.00,OPEN,0
557141.453,0,0,0,1.000,1.000,1.000,-90.00,180.00,0.00,OPEN,0
557141.464,0,0,0,1.000,1.000,1.000,-90.00,180.00,0.00,OPEN,0
557141.474,0,0,0,1.000,1.000,1.000,-90.00,180.00,0.00,OPEN,0
557141.485,0,0,0,1.000,1.000,1.000,-90.00,180.00,0.00,OPEN,0
557141.496,0,0,0,1.000,1.000,1.000,-90.00,180.00,0.00,OPEN,0
557141.506,0,0,0,1.000,1.000,1.000,-90.00,180.00,0.00,OPEN,0
557141.517,0,0,0,1.000,1.000,1.000,-90.00,180.00,0.00,OPEN,0
557141.527,0,0,0,1.000,1.000,1.000,-90.00,180.00,0.00,OPEN,0
557141.538,0,0,0,1.000,1.000,1.000,-90.00,180.00,0.00,OPEN,0
557141.549,0,0,0,1.000,1.000,1.000,-90.00,180.00,0.00,OPEN,0
557141.560,0,0,0,1.000,1.000,1.000,-90.00,180.00,0.00,OPEN,0
557141.571,0,0,0,1.000,1.000,1.000,-90.00,180.00,0.00,OPEN,0
557141.588,0,0,0,1.000,1.000,1.000,-90.00,180.00,0.00,OPEN,0
557141.599,0,0,0,1.000,1.000,1.000,-90.00,180.00,0.00,OPEN,0
557141.609,0,0,0,1.000,1.000,1.000,-90.00,180.00,0.00,OPEN,0
557141.620,0,0,0,1.000,1.000,1.000,-90.00,180.00,0.00,OPEN,0
557141.631,0,0,0,1.000,1.000,1.000,-90.00,180.00,0.00,OPEN,0
557141.641,0,0,0,1.000,1.000,1.000,-90.00,180.00,0.00,OPEN,0
557141.652,0,0,0,1.000,1.000,1.000,-90.00,180.00,0.00,OPEN,0
557141.662,0,0,0,1.000,1.000,1.000,-90.00,180.00,0.00,OPEN,0
557141.673,0,0,0,1.000,1.000,1.000,-90.00,180.00,0.00,OPEN,0
557141.683,0,0,0,1.000,1.000,1.000,-90.00,180.00,0.00,OPEN,0
557141.694,0,0,0,1.000,1.000,1.000,-90.00,180.00,0.00,OPEN,0
557141.705,0,0,0,1.000,1.000,1.000,-90.00,180.00,0.00,OPEN,0
557141.715,0,0,0,1.000,1.000,1.000,-90.00,180.00,0.00,OPEN,0
557141.726,0,0,0,1.000,1.000,1.000,-90.00,180.00,0.00,OPEN,0
557141.737,0,0,0,1.000,1.000,1.000,-90.00,180.00,0.00,OPEN,0
557141.747,0,0,0,1.000,1.000,1.000,-90.00,180.00,0.00,OPEN,0
557141.758,0,0,0,1.000,1.000,1.000,-90.00,180.00,0.00,OPEN,0
557141.768,0,0,0,1.000,1.000,1.000,-90.00,180.00,0.00,OPEN,0
557141.779,0,0,0,1.000,1.000,1.000,-90.00,180.00,0.00,OPEN,0
557141.789,0,0,0,1.000,1.000,1.000,-90.00,180.00,0.00,OPEN,0
557141.800,0,0,0,1.000,1.000,1.000,-90.00,180.00,0.00,OPEN,0
557141.810,0,0,0,1.000,1.000,1.000,-90.00,180.00,0.00,OPEN,0
557141.821,0,0,0,1.000,1.000,1.000,-90.00,180.00,0.00,OPEN,0
557141.831,0,0,0,1.000,1.000,1.000,-90.00,180.00,0.00,OPEN,0
557141.841,0,0,0,1.000,1.000,1.000,-90.00,180.00,0.00,OPEN,0
557141.852,0,0,0,0.995,1.000,1.000,-90.00,180.00,0.00,OPEN,0
557141.863,0,0,0,0.995,1.000,1.000,-90.00,180.00,0.00,OPEN,0
557141.873,0,0,0,0.995,1.000,1.000,-90.00,180.00,0.00,OPEN,0
557141.883,0,0,0,0.995,1.000,1.000,-90.00,180.00,0.00,OPEN,0
557141.894,0,0,0,0.992,1.000,1.000,-90.00,180.00,0.00,OPEN,0
557141.905,0,0,0,0.992,1.000,1.000,-90.00,180.00,0.00,OPEN,0
557141.915,0,0,0,0.992,1.000,1.000,-90.00,180.00,0.00,OPEN,0
557141.926,0,0,0,0.992,1.000,1.000,-90.00,180.00,0.00,OPEN,0
557141.936,0,0,0,0.992,1.000,1.000,-90.00,180.00,0.00,OPEN,0
557141.947,0,0,0,0.995,1.000,1.000,-90.00,180.00,0.00,OPEN,0
557141.958,0,0,0,0.995,1.000,1.000,-90.00,180.00,0.00,OPEN,0
557141.968,0,0,0,0.995,1.000,1.000,-90.00,180.00,0.00,OPEN,0
557141.979,0,0,0,0.995,1.000,1.000,-90.00,180.00,0.00,OPEN,0
557141.990,0,0,0,0.995,1.000,1.000,-90.00,180.00,0.00,OPEN,0
557142.000,0,0,0,0.997,1.000,1.000,-90.00,180.00,0.00,OPEN,0
557142.011,0,0,0,0.997,1.000,1.000,-90.00,180.00,0.00,OPEN,0
557142.021,0,0,0,0.997,1.000,1.000,-90.00,180.00,0.00,OPEN,0
557142.031,0,0,0,0.997,1.000,1.000,-90.00,180.00,0.00,OPEN,0
557142.042,0,0,0,0.993,1.000,1.000,-90.00,180.00,0.00,OPEN,0
557142.053,0,0,0,0.993,1.000,1.000,-90.00,180.00,0.00,OPEN,0
557142.063,0,0,0,0.993,1.000,1.000,-90.00,180.00,0.00,OPEN,0
557142.074,0,0,0,0.993,1.000,1.000,-90.00,180.00,0.00,OPEN,0
557142.084,0,0,0,0.993,1.000,1.000,-90.00,180.00,0.00,OPEN,0
557142.095,0,0,0,0.991,1.000,1.000,-90.00,180.00,0.00,OPEN,0
557142.105,0,0,0,0.991,1.000,1.000,-90.00,180.00,0.00,OPEN,0
557142.116,0,0,0,0.991,1.000,1.000,-90.00,180.00,0.00,OPEN,0
557142.127,0,0,0,0.991,1.000,1.000,-90.00,180.00,0.00,OPEN,0
557142.137,0,0,0,0.991,1.000,1.000,-90.00,180.00,0.00,OPEN,0
557142.148,0,0,0,0.995,1.000,1.000,-90.00,180.00,0.00,OPEN,0
557142.158,0,0,0,0.995,1.000,1.000,-90.00,180.00,0.00,OPEN,0
557142.169,0,0,0,0.995,1.000,1.000,-90.00,180.00,0.00,OPEN,0
557142.179,0,0,0,0.995,1.000,1.000,-90.00,180.00,0.00,OPEN,0
557142.190,0,0,0,0.995,1.000,1.000,-90.00,180.00,0.00,OPEN,0
557142.200,0,0,0,0.987,1.000,1.000,-90.00,180.00,0.00,OPEN,0
557142.211,0,0,0,0.987,1.000,1.000,-90.00,180.00,0.00,OPEN,0
557142.221,0,0,0,0.987,1.000,1.000,-90.00,180.00,0.00,OPEN,0
557142.232,0,0,0,0.987,1.000,1.000,-90.00,180.00,0.00,OPEN,0
557142.242,0,0,0,0.987,1.000,1.000,-90.00,180.00,0.00,OPEN,0
557142.253,0,0,0,0.987,1.000,1.000,-90.00,180.00,0.00,OPEN,0
557142.264,0,0,0,0.987,1.000,1.000,-90.00,180.00,0.00,OPEN,0
557142.275,0,0,0,0.987,1.000,1.000,-90.00,180.00,0.00,OPEN,0
557142.285,0,0,0,0.987,1.000,1.000,-90.00,180.00,0.00,OPEN,0
557142.296,0,0,0,0.991,1.000,1.000,-90.00,180.00,0.00,OPEN,0
557142.306,0,0,0,0.991,1.000,1.000,-90.00,180.00,0.00,OPEN,0
557142.317,0,0,0,0.991,1.000,1.000,-90.00,180.00,0.00,OPEN,0
557142.327,0,0,0,0.991,1.000,1.000,-90.00,180.00,0.00,OPEN,0
557142.338,0,0,0,0.991,1.000,1.000,-90.00,180.00,0.00,OPEN,0
557142.349,0,0,0,0.999,0.998,1.000,-90.00,180.00,0.00,OPEN,0
557142.359,0,0,0,0.999,0.998,1.000,-90.00,180.00,0.00,OPEN,0
557142.369,0,0,0,0.999,0.998,1.000,-90.00,180.00,0.00,OPEN,0
557142.380,0,0,0,0.999,0.998,1.000,-90.00,180.00,0.00,OPEN,0
557142.391,0,0,0,0.999,0.998,1.000,-90.00,180.00,0.00,OPEN,0
557142.401,0,0,0,0.999,0.893,1.000,-90.00,180.00,0.00,OPEN,0
557142.412,0,0,0,0.999,0.893,1.000,-90.00,180.00,0.00,OPEN,0
557142.423,0,0,0,0.999,0.893,1.000,-90.00,180.00,0.00,OPEN,0
557142.433,0,0,0,0.999,0.893,1.000,-90.00,180.00,0.00,OPEN,0
557142.444,0,0,0,0.999,0.853,1.000,-90.00,180.00,0.00,OPEN,0
557142.455,0,0,0,0.999,0.853,1.000,-90.00,180.00,0.00,OPEN,0
557142.466,0,0,0,0.999,0.853,1.000,-90.00,180.00,0.00,OPEN,0
557142.476,0,0,0,0.999,0.853,1.000,-90.00,180.00,0.00,OPEN,0
557142.487,0,0,0,0.999,0.853,1.000,-90.00,180.00,0.00,OPEN,0
557142.497,0,0,0,0.993,0.992,1.000,-90.00,180.00,0.00,OPEN,0
557142.507,0,0,0,0.993,0.992,1.000,-90.00,180.00,0.00,OPEN,0
557142.518,0,0,0,0.993,0.992,1.000,-90.00,180.00,0.00,OPEN,0
557142.529,0,0,0,0.993,0.992,1.000,-90.00,180.00,0.00,OPEN,0
557142.539,0,0,0,0.993,0.992,1.000,-90.00,180.00,0.00,OPEN,0
557142.550,0,0,0,0.983,0.999,1.000,-90.00,180.00,0.00,OPEN,0
557142.560,0,0,0,0.983,0.999,1.000,-90.00,180.00,0.00,OPEN,0
557142.571,0,0,0,0.983,0.999,1.000,-90.00,180.00,0.00,OPEN,0
557142.581,0,0,0,0.983,0.999,1.000,-90.00,180.00,0.00,OPEN,0
557142.592,0,0,0,0.987,1.000,1.000,-90.00,180.00,0.00,OPEN,0
557142.603,0,0,0,0.987,1.000,1.000,-90.00,180.00,0.00,OPEN,0
557142.613,0,0,0,0.987,1.000,1.000,-90.00,180.00,0.00,OPEN,0
557142.624,0,0,0,0.987,1.000,1.000,-90.00,180.00,0.00,OPEN,0
557142.634,0,0,0,0.987,1.000,1.000,-90.00,180.00,0.00,OPEN,0
557142.645,0,0,0,0.994,1.000,1.000,-90.00,180.00,0.00,OPEN,0
557142.656,0,0,0,0.994,1.000,1.000,-90.00,180.00,0.00,OPEN,0
557142.666,0,0,0,0.994,1.000,1.000,-90.00,180.00,0.00,OPEN,0
557142.677,0,0,0,0.994,1.000,1.000,-90.00,180.00,0.00,OPEN,0
557142.687,0,0,0,0.994,1.000,1.000,-90.00,180.00,0.00,OPEN,0
557142.698,0,0,0,0.999,1.000,1.000,-90.00,180.00,0.00,OPEN,0
557142.708,0,0,0,0.999,1.000,1.000,-90.00,180.00,0.00,OPEN,0
557142.719,0,0,0,0.999,1.000,1.000,-90.00,180.00,0.00,OPEN,0
557142.730,0,0,0,0.999,1.000,1.000,-90.00,180.00,0.00,OPEN,0
557142.741,0,0,0,0.999,1.000,1.000,-90.00,180.00,0.00,OPEN,0
557142.751,0,0,0,0.999,1.000,1.000,-90.00,180.00,0.00,OPEN,0
557142.762,0,0,0,0.999,1.000,1.000,-90.00,180.00,0.00,OPEN,0
557142.773,0,0,0,0.999,1.000,1.000,-90.00,180.00,0.00,OPEN,0
557142.783,0,0,0,0.999,1.000,1.000,-90.00,180.00,0.00,OPEN,0
557142.794,0,0,0,0.999,1.000,1.000,-90.00,180.00,0.00,OPEN,0
557142.805,0,0,0,0.999,1.000,1.000,-90.00,180.00,0.00,OPEN,0
557142.815,0,0,0,0.999,1.000,1.000,-90.00,180.00,0.00,OPEN,0
557142.826,0,0,0,0.999,1.000,1.000,-90.00,180.00,0.00,OPEN,0
557142.836,0,0,0,0.999,1.000,1.000,-90.00,180.00,0.00,OPEN,0
557142.847,0,1,0,0.997,1.000,1.000,-90.00,90.00,0.00,OPEN,0
557142.857,0,1,0,0.997,1.000,1.000,-90.00,90.00,0.00,OPEN,0
557142.868,0,1,0,0.997,1.000,1.000,-90.00,90.00,0.00,OPEN,0
557142.879,0,1,0,0.997,1.000,1.000,-90.00,90.00,0.00,OPEN,0
557142.889,0,1,0,0.997,1.000,1.000,-90.00,90.00,0.00,OPEN,0
557142.900,0,1,0,0.999,1.000,1.000,-90.00,90.00,0.00,OPEN,0
557142.910,0,1,0,0.999,1.000,1.000,-90.00,90.00,0.00,OPEN,0
557142.921,0,1,0,0.999,1.000,1.000,-90.00,90.00,0.00,OPEN,0
557142.932,0,1,0,0.999,1.000,1.000,-90.00,90.00,0.00,OPEN,0
557142.946,0,1,0,1.000,1.000,1.000,-90.00,90.00,0.00,OPEN,0
557142.957,0,1,0,1.000,1.000,1.000,-90.00,90.00,0.00,OPEN,0
557142.968,0,1,0,1.000,1.000,1.000,-90.00,90.00,0.00,OPEN,0
557142.978,0,1,0,1.000,1.000,1.000,-90.00,90.00,0.00,OPEN,0
557142.989,0,1,0,1.000,1.000,1.000,-90.00,90.00,0.00,OPEN,0
557142.999,0,1,0,1.000,1.000,1.000,-90.00,90.00,0.00,OPEN,0
557143.010,0,1,0,1.000,1.000,1.000,-90.00,90.00,0.00,OPEN,0
557143.021,0,1,0,1.000,1.000,1.000,-90.00,90.00,0.00,OPEN,0
557143.031,0,1,0,1.000,1.000,1.000,-90.00,90.00,0.00,OPEN,0
557143.042,0,1,0,1.000,1.000,1.000,-90.00,90.00,0.00,OPEN,0
557143.052,0,1,0,1.000,1.000,0.999,-90.00,90.00,0.00,OPEN,0
557143.063,0,1,0,1.000,1.000,0.999,-90.00,90.00,0.00,OPEN,0
557143.073,0,1,0,1.000,1.000,0.999,-90.00,90.00,0.00,OPEN,0
557143.084,0,1,0,1.000,1.000,0.999,-90.00,90.00,0.00,OPEN,0
557143.096,0,1,0,1.000,1.000,0.998,-90.00,90.00,0.00,OPEN,0
557143.108,0,1,0,1.000,1.000,0.998,-90.00,90.00,0.00,OPEN,0
557143.119,0,1,0,1.000,1.000,0.998,-90.00,90.00,0.00,OPEN,0
557143.130,0,1,0,1.000,1.000,0.998,-90.00,90.00,0.00,OPEN,0
557143.140,0,1,0,1.000,1.000,0.998,-90.00,90.00,0.00,OPEN,0
557143.151,0,1,0,1.000,1.000,0.997,-90.00,90.00,0.00,OPEN,0
557143.161,0,1,0,1.000,1.000,0.997,-90.00,90.00,0.00,OPEN,0
557143.172,0,1,0,1.000,1.000,0.997,-90.00,90.00,0.00,OPEN,0
557143.182,0,1,0,1.000,1.000,0.997,-90.00,90.00,0.00,OPEN,0
557143.193,0,1,0,1.000,1.000,0.995,-90.00,90.00,0.00,OPEN,0
557143.205,0,1,0,1.000,1.000,0.995,-90.00,90.00,0.00,OPEN,0
557143.215,0,1,0,1.000,1.000,0.995,-90.00,90.00,0.00,OPEN,0
557143.226,0,1,0,1.000,1.000,0.995,-90.00,90.00,0.00,OPEN,0
557143.236,0,1,0,1.000,1.000,0.995,-90.00,90.00,0.00,OPEN,0
557143.247,0,1,0,1.000,1.000,0.994,-90.00,90.00,0.00,OPEN,0
557143.258,0,1,0,1.000,1.000,0.994,-90.00,90.00,0.00,OPEN,0
557143.268,0,1,0,1.000,1.000,0.994,-90.00,90.00,0.00,OPEN,0
557143.282,0,1,0,1.000,1.000,0.994,-90.00,90.00,0.00,OPEN,0
557143.293,0,1,0,1.000,1.000,0.992,-90.00,90.00,0.00,OPEN,0
557143.305,0,1,0,1.000,1.000,0.992,-90.00,90.00,0.00,OPEN,0
557143.316,0,1,0,1.000,1.000,0.992,-90.00,90.00,0.00,OPEN,0
557143.326,0,1,0,1.000,1.000,0.992,-90.00,90.00,0.00,OPEN,0
557143.337,0,1,0,1.000,1.000,0.992,-90.00,90.00,0.00,OPEN,0
557143.348,0,1,0,1.000,1.000,0.990,-90.00,90.00,0.00,OPEN,0
557143.358,0,1,0,1.000,1.000,0.990,-90.00,90.00,0.00,OPEN,0
557143.369,0,1,0,1.000,1.000,0.990,-90.00,90.00,0.00,OPEN,0
557143.379,0,1,0,1.000,1.000,0.990,-90.00,90.00,0.00,OPEN,0
557143.390,0,1,0,1.000,1.000,0.990,-90.00,90.00,0.00,OPEN,0
557143.400,0,1,0,1.000,1.000,0.988,-90.00,90.00,0.00,OPEN,0
557143.411,0,1,0,1.000,1.000,0.988,-90.00,90.00,0.00,OPEN,0
557143.421,0,1,0,1.000,1.000,0.988,-90.00,90.00,0.00,OPEN,0
557143.432,0,1,0,1.000,1.000,0.988,-90.00,90.00,0.00,OPEN,0
557143.443,0,1,0,1.000,1.000,0.987,-90.00,90.00,0.00,OPEN,0
557143.453,0,1,0,1.000,1.000,0.987,-90.00,90.00,0.00,OPEN,0
557143.464,0,1,0,1.000,1.000,0.987,-90.00,90.00,0.00,OPEN,0
557143.474,0,1,0,1.000,1.000,0.987,-90.00,90.00,0.00,OPEN,0
557143.485,0,1,0,1.000,1.000,0.987,-90.00,90.00,0.00,OPEN,0
557143.496,0,1,0,1.000,1.000,0.986,-90.00,90.00,0.00,OPEN,0
557143.506,0,1,0,1.000,1.000,0.986,-90.00,90.00,0.00,OPEN,0
557143.517,0,1,0,1.000,1.000,0.986,-90.00,90.00,0.00,OPEN,0
557143.528,0,1,0,1.000,1.000,0.986,-90.00,90.00,0.00,OPEN,0
557143.539,0,1,0,1.000,1.000,0.986,-90.00,90.00,0.00,OPEN,0
557143.550,0,1,0,1.000,1.000,0.987,-90.00,90.00,0.00,OPEN,0
557143.560,0,1,0,1.000,1.000,0.987,-90.00,90.00,0.00,OPEN,0
557143.570,0,1,0,1.000,1.000,0.987,-90.00,90.00,0.00,OPEN,0
557143.581,0,1,0,1.000,1.000,0.987,-90.00,90.00,0.00,OPEN,0
557143.591,0,1,0,1.000,1.000,0.987,-90.00,90.00,0.00,OPEN,0
557143.602,0,1,0,1.000,1.000,0.990,-90.00,90.00,0.00,OPEN,0
557143.613,0,1,0,1.000,1.000,0.990,-90.00,90.00,0.00,OPEN,0
557143.623,0,1,0,1.000,1.000,0.990,-90.00,90.00,0.00,OPEN,0
557143.634,0,1,0,1.000,1.000,0.990,-90.00,90.00,0.00,OPEN,0
557143.648,0,1,0,1.000,1.000,0.992,-90.00,90.00,0.00,OPEN,0
557143.659,0,1,0,1.000,1.000,0.992,-90.00,90.00,0.00,OPEN,0
557143.670,0,1,0,1.000,1.000,0.992,-90.00,90.00,0.00,OPEN,0
557143.680,0,1,0,1.000,1.000,0.992,-90.00,90.00,0.00,OPEN,0
557143.691,0,1,0,1.000,1.000,0.992,-90.00,90.00,0.00,OPEN,0
557143.701,0,1,0,1.000,1.000,0.994,-90.00,90.00,0.00,OPEN,0
557143.712,0,1,0,1.000,1.000,0.994,-90.00,90.00,0.00,OPEN,0
557143.723,0,1,0,1.000,1.000,0.994,-90.00,90.00,0.00,OPEN,0
557143.733,0,1,0,1.000,1.000,0.994,-90.00,90.00,0.00,OPEN,0
557143.744,0,1,0,1.000,0.999,0.994,-90.00,90.00,0.00,OPEN,0
557143.755,0,1,0,1.000,0.999,0.994,-90.00,90.00,0.00,OPEN,0
557143.766,0,1,0,1.000,0.999,0.994,-90.00,90.00,0.00,OPEN,0
557143.776,0,1,0,1.000,0.999,0.994,-90.00,90.00,0.00,OPEN,0
557143.787,0,1,0,1.000,0.999,0.994,-90.00,90.00,0.00,OPEN,0
557143.798,0,1,0,1.000,0.999,0.994,-90.00,90.00,0.00,OPEN,0
557143.809,0,1,0,1.000,0.999,0.994,-90.00,90.00,0.00,OPEN,0
557143.820,0,1,0,1.000,0.999,0.994,-90.00,90.00,0.00,OPEN,0
557143.830,0,1,0,1.000,0.999,0.994,-90.00,90.00,0.00,OPEN,0
557143.841,0,1,0,1.000,0.999,0.994,-90.00,90.00,0.00,OPEN,0
557143.852,0,1,0,1.000,0.999,0.993,-90.00,90.00,0.00,OPEN,0
557143.865,0,1,0,1.000,0.999,0.993,-90.00,90.00,0.00,OPEN,0
557143.876,0,1,0,1.000,0.999,0.993,-90.00,90.00,0.00,OPEN,0
557143.886,0,1,0,1.000,0.999,0.993,-90.00,90.00,0.00,OPEN,0
557143.898,0,1,0,1.000,0.999,0.994,-90.00,90.00,0.00,OPEN,0
557143.908,0,1,0,1.000,0.999,0.994,-90.00,90.00,0.00,OPEN,0
557143.919,0,1,0,1.000,0.999,0.994,-90.00,90.00,0.00,OPEN,0
557143.930,0,1,0,1.000,0.999,0.994,-90.00,90.00,0.00,OPEN,0
557143.940,0,1,0,1.000,0.999,0.994,-90.00,90.00,0.00,OPEN,0
557143.951,0,1,0,1.000,0.999,0.993,-90.00,90.00,0.00,OPEN,0
557143.962,0,1,0,1.000,0.999,0.993,-90.00,90.00,0.00,OPEN,0
557143.972,0,1,0,1.000,0.999,0.993,-90.00,90.00,0.00,OPEN,0
557143.983,0,1,0,1.000,0.999,0.993,-90.00,90.00,0.00,OPEN,0
557143.993,0,1,0,1.000,0.999,0.992,-90.00,90.00,0.00,OPEN,0
557144.004,0,1,0,1.000,0.999,0.992,-90.00,90.00,0.00,OPEN,0
557144.016,0,1,0,1.000,0.999,0.992,-90.00,90.00,0.00,OPEN,0
557144.028,0,1,0,1.000,0.999,0.992,-90.00,90.00,0.00,OPEN,0
557144.039,0,1,0,1.000,0.999,0.992,-90.00,90.00,0.00,OPEN,0
557144.049,0,1,0,1.000,0.999,0.991,-90.00,90.00,0.00,OPEN,0
557144.062,0,1,0,1.000,0.999,0.991,-90.00,90.00,0.00,OPEN,0
557144.073,0,1,0,1.000,0.999,0.991,-90.00,90.00,0.00,OPEN,0
557144.083,0,1,0,1.000,0.999,0.991,-90.00,90.00,0.00,OPEN,0
557144.156,0,1,0,1.000,1.000,0.989,-90.00,90.00,0.00,OPEN,0
557144.179,0,1,0,1.000,1.000,0.989,-90.00,90.00,0.00,OPEN,0
557144.191,0,1,0,1.000,1.000,0.989,-90.00,90.00,0.00,OPEN,0
557144.202,0,1,0,1.000,1.000,0.988,-90.00,90.00,0.00,OPEN,0
557144.213,0,1,0,1.000,1.000,0.988,-90.00,90.00,0.00,OPEN,0
557144.223,0,1,0,1.000,1.000,0.988,-90.00,90.00,0.00,OPEN,0
557144.233,0,1,0,1.000,1.000,0.988,-90.00,90.00,0.00,OPEN,0
557144.244,0,1,0,1.000,1.000,0.992,-90.00,90.00,0.00,OPEN,0
557144.254,0,1,0,1.000,1.000,0.992,-90.00,90.00,0.00,OPEN,0
557144.265,0,1,0,1.000,1.000,0.992,-90.00,90.00,0.00,OPEN,0
557144.276,0,1,0,1.000,1.000,0.992,-90.00,90.00,0.00,OPEN,0
557144.286,0,1,0,1.000,1.000,0.992,-90.00,90.00,0.00,OPEN,0
557144.297,0,1,0,1.000,1.000,0.995,-90.00,90.00,0.00,OPEN,0
557144.307,0,1,0,1.000,1.000,0.995,-90.00,90.00,0.00,OPEN,0
557144.318,0,1,0,1.000,1.000,0.995,-90.00,90.00,0.00,OPEN,0
557144.329,0,1,0,1.000,1.000,0.995,-90.00,90.00,0.00,OPEN,0
557144.346,0,1,0,1.000,1.000,0.997,-90.00,90.00,0.00,OPEN,0
557144.358,0,1,0,1.000,1.000,0.997,-90.00,90.00,0.00,OPEN,0
557144.369,0,1,0,1.000,1.000,0.997,-90.00,90.00,0.00,OPEN,0
557144.380,0,1,0,1.000,1.000,0.997,-90.00,90.00,0.00,OPEN,0
557144.390,0,1,0,1.000,1.000,0.997,-90.00,90.00,0.00,OPEN,0
557144.401,0,1,0,1.000,1.000,0.998,-90.00,90.00,0.00,OPEN,0
557144.411,0,1,0,1.000,1.000,0.998,-90.00,90.00,0.00,OPEN,0
557144.422,0,1,0,1.000,1.000,0.998,-90.00,90.00,0.00,OPEN,0
557144.433,0,1,0,1.000,1.000,0.998,-90.00,90.00,0.00,OPEN,0
557144.443,0,1,0,1.000,1.000,0.999,-90.00,90.00,0.00,OPEN,0
557144.456,0,1,0,1.000,1.000,0.999,-90.00,90.00,0.00,OPEN,0
557144.467,0,1,0,1.000,1.000,0.999,-90.00,90.00,0.00,OPEN,0
557144.477,0,1,0,1.000,1.000,0.999,-90.00,90.00,0.00,OPEN,0
557144.488,0,1,0,1.000,1.000,0.999,-90.00,90.00,0.00,OPEN,0
557144.498,0,1,0,1.000,1.000,0.999,-90.00,90.00,0.00,OPEN,0
557144.508,0,1,0,1.000,1.000,0.999,-90.00,90.00,0.00,OPEN,0
557144.519,0,1,0,1.000,1.000,0.999,-90.00,90.00,0.00,OPEN,0
557144.529,0,1,0,1.000,1.000,0.999,-90.00,90.00,0.00,OPEN,0
557144.540,0,1,0,1.000,1.000,0.999,-90.00,90.00,0.00,OPEN,0
557144.550,0,1,0,1.000,1.000,0.999,-90.00,90.00,0.00,OPEN,0
557144.561,0,1,0,1.000,1.000,0.999,-90.00,90.00,0.00,OPEN,0
557144.572,0,1,0,1.000,1.000,0.999,-90.00,90.00,0.00,OPEN,0
557144.582,0,1,0,1.000,1.000,0.999,-90.00,90.00,0.00,OPEN,0
557144.594,0,1,0,1.000,1.000,0.999,-90.00,90.00,0.00,OPEN,0
557144.605,0,1,0,1.000,1.000,0.999,-90.00,90.00,0.00,OPEN,0
557144.615,0,1,0,1.000,1.000,0.999,-90.00,90.00,0.00,OPEN,0
557144.626,0,1,0,1.000,1.000,0.999,-90.00,90.00,0.00,OPEN,0
557144.637,0,1,0,1.000,1.000,0.999,-90.00,90.00,0.00,OPEN,0
557144.647,0,1,0,1.000,1.000,0.999,-90.00,90.00,0.00,OPEN,0
557144.658,0,1,0,1.000,1.000,0.999,-90.00,90.00,0.00,OPEN,0
557144.668,0,1,0,1.000,1.000,0.999,-90.00,90.00,0.00,OPEN,0
557144.679,0,1,0,1.000,1.000,0.999,-90.00,90.00,0.00,OPEN,0
557144.689,0,1,0,1.000,1.000,0.999,-90.00,90.00,0.00,OPEN,0
557144.699,0,1,0,1.000,1.000,0.998,-90.00,90.00,0.00,OPEN,0
557144.710,0,1,0,1.000,1.000,0.998,-90.00,90.00,0.00,OPEN,0
557144.721,0,1,0,1.000,1.000,0.998,-90.00,90.00,0.00,OPEN,0
557144.732,0,1,0,1.000,1.000,0.998,-90.00,90.00,0.00,OPEN,0
557144.744,0,1,0,1.000,1.000,0.997,-90.00,90.00,0.00,OPEN,0
557144.754,0,1,0,1.000,1.000,0.997,-90.00,90.00,0.00,OPEN,0
557144.765,0,1,0,1.000,1.000,0.997,-90.00,90.00,0.00,OPEN,0
557144.775,0,1,0,1.000,1.000,0.997,-90.00,90.00,0.00,OPEN,0
557144.786,0,1,0,1.000,1.000,0.997,-90.00,90.00,0.00,OPEN,0
557144.796,0,1,0,1.000,1.000,0.995,-90.00,90.00,0.00,OPEN,0
557144.807,0,1,0,1.000,1.000,0.995,-90.00,90.00,0.00,OPEN,0
557144.819,0,1,0,1.000,1.000,0.995,-90.00,90.00,0.00,OPEN,0
557144.837,0,1,0,1.000,1.000,0.995,-90.00,90.00,0.00,OPEN,0
557144.848,0,1,0,1.000,0.999,0.990,-90.00,90.00,0.00,OPEN,0
557144.860,0,1,0,1.000,0.999,0.990,-90.00,90.00,0.00,OPEN,0
557144.871,0,1,0,1.000,0.999,0.990,-90.00,90.00,0.00,OPEN,0
557144.881,0,1,0,1.000,0.999,0.990,-90.00,90.00,0.00,OPEN,0
557144.892,0,1,0,1.000,0.999,0.986,-90.00,90.00,0.00,OPEN,0
557144.902,0,1,0,1.000,0.999,0.986,-90.00,90.00,0.00,OPEN,0
557144.913,0,1,0,1.000,0.999,0.986,-90.00,90.00,0.00,OPEN,0
557144.923,0,1,0,1.000,0.999,0.986,-90.00,90.00,0.00,OPEN,0
557144.933,0,1,0,1.000,0.999,0.986,-90.00,90.00,0.00,OPEN,0
557144.944,0,1,0,1.000,0.999,0.989,-90.00,90.00,0.00,OPEN,0
557144.955,0,1,0,1.000,0.999,0.989,-90.00,90.00,0.00,OPEN,0
557144.965,0,1,0,1.000,0.999,0.989,-90.00,90.00,0.00,OPEN,0
557144.976,0,1,0,1.000,0.999,0.989,-90.00,90.00,0.00,OPEN,0
557144.986,0,1,0,1.000,0.999,0.989,-90.00,90.00,0.00,OPEN,0
557144.997,0,1,0,1.000,0.997,0.993,-90.00,90.00,0.00,OPEN,0
557145.007,0,1,0,1.000,0.997,0.993,-90.00,90.00,0.00,OPEN,0
557145.018,0,1,0,1.000,0.997,0.993,-90.00,90.00,0.00,OPEN,0
557145.028,0,1,0,1.000,0.997,0.993,-90.00,90.00,0.00,OPEN,0
557145.039,0,1,0,1.000,0.997,0.993,-90.00,90.00,0.00,OPEN,0
557145.049,0,1,0,1.000,0.997,0.996,-90.00,90.00,0.00,OPEN,0
557145.059,0,1,0,1.000,0.997,0.996,-90.00,90.00,0.00,OPEN,0
557145.070,0,1,0,1.000,0.997,0.996,-90.00,90.00,0.00,OPEN,0
