t,hand,elbow,shoulder,p_hand,p_elbow,p_shoulder,J2,J3,J6,grip_state,cmd_sent
655343.415,0,0,0,0.981,1.000,0.999,-90.00,180.00,0.00,OPEN,0
655343.431,0,0,0,0.997,1.000,0.999,-90.00,180.00,0.00,OPEN,0
655343.435,0,0,0,1.000,1.000,0.998,-90.00,180.00,0.00,OPEN,0
655343.440,0,0,0,1.000,1.000,0.999,-90.00,180.00,0.00,OPEN,0
655343.444,0,0,0,1.000,1.000,0.999,-90.00,180.00,0.00,OPEN,0
655343.448,0,0,0,1.000,1.000,0.999,-90.00,180.00,0.00,OPEN,0
655343.452,0,0,0,1.000,1.000,0.999,-90.00,180.00,0.00,OPEN,0
655343.456,0,0,0,1.000,1.000,0.999,-90.00,180.00,0.00,OPEN,0
655343.460,0,0,0,1.000,1.000,0.999,-90.00,180.00,0.00,OPEN,0
655343.464,0,0,0,1.000,1.000,0.999,-90.00,180.00,0.00,OPEN,0
655343.468,0,0,0,1.000,1.000,0.999,-90.00,180.00,0.00,OPEN,0
655343.472,0,0,0,1.000,1.000,0.998,-90.00,180.00,0.00,OPEN,0
655343.477,0,0,0,1.000,1.000,0.998,-90.00,180.00,0.00,OPEN,0
655343.481,0,0,0,1.000,1.000,0.998,-90.00,180.00,0.00,OPEN,0
655343.486,0,0,0,1.000,1.000,0.996,-90.00,180.00,0.00,OPEN,0
655343.490,0,0,0,1.000,1.000,0.995,-90.00,180.00,0.00,OPEN,0
655343.494,0,0,0,1.000,1.000,0.997,-90.00,180.00,0.00,OPEN,0
655343.499,0,0,0,1.000,1.000,0.996,-90.00,180.00,0.00,OPEN,0
655343.504,0,0,0,1.000,1.000,0.997,-90.00,180.00,0.00,OPEN,0
655343.508,0,0,0,1.000,1.000,0.997,-90.00,180.00,0.00,OPEN,0
655343.512,0,0,0,1.000,1.000,0.992,-90.00,180.00,0.00,OPEN,0
655343.517,0,0,0,1.000,1.000,0.988,-90.00,180.00,0.00,OPEN,0
655343.521,0,0,0,1.000,1.000,0.972,-90.00,180.00,0.00,OPEN,0
655343.526,0,0,0,1.000,1.000,0.994,-90.00,180.00,0.00,OPEN,0
655343.530,0,0,0,1.000,1.000,0.996,-90.00,180.00,0.00,OPEN,0
655343.534,0,0,0,1.000,1.000,0.993,-90.00,180.00,0.00,OPEN,0
655343.539,0,0,0,1.000,1.000,0.994,-90.00,180.00,0.00,OPEN,0
655343.544,0,0,0,1.000,1.000,0.993,-90.00,180.00,0.00,OPEN,0
655343.548,0,0,0,1.000,1.000,0.994,-90.00,180.00,0.00,OPEN,0
655343.552,0,0,0,1.000,1.000,0.985,-90.00,180.00,0.00,OPEN,0
655343.556,0,0,0,1.000,1.000,0.889,-90.00,180.00,0.00,OPEN,0
655343.560,0,0,0,1.000,1.000,0.814,-90.00,180.00,0.00,OPEN,0
655343.564,0,0,0,1.000,1.000,0.943,-90.00,180.00,0.00,OPEN,0
655343.568,0,0,0,1.000,1.000,0.984,-90.00,180.00,0.00,OPEN,0
655343.573,0,0,0,1.000,1.000,0.991,-90.00,180.00,0.00,OPEN,0
655343.577,0,0,0,1.000,1.000,0.992,-90.00,180.00,0.00,OPEN,0
655343.581,0,0,0,1.000,1.000,0.995,-90.00,180.00,0.00,OPEN,0
655343.586,0,0,0,1.000,1.000,0.996,-90.00,180.00,0.00,OPEN,0
655343.590,0,0,0,1.000,1.000,0.998,-90.00,180.00,0.00,OPEN,0
655343.595,0,0,0,1.000,1.000,0.998,-90.00,180.00,0.00,OPEN,0
655343.599,0,0,0,1.000,1.000,0.997,-90.00,180.00,0.00,OPEN,0
655343.603,0,0,0,1.000,1.000,0.994,-90.00,180.00,0.00,OPEN,0
655343.607,0,0,0,1.000,1.000,0.994,-90.00,180.00,0.00,OPEN,0
655343.611,0,0,0,1.000,1.000,0.993,-90.00,180.00,0.00,OPEN,0
655343.616,0,0,0,1.000,1.000,0.989,-90.00,180.00,0.00,OPEN,0
655343.621,0,0,0,1.000,1.000,0.981,-90.00,180.00,0.00,OPEN,0
655343.625,0,0,0,1.000,1.000,0.978,-90.00,180.00,0.00,OPEN,0
655343.629,0,0,0,1.000,1.000,0.983,-90.00,180.00,0.00,OPEN,0
655343.634,0,0,0,1.000,1.000,0.993,-90.00,180.00,0.00,OPEN,0
655343.637,0,0,0,1.000,1.000,0.992,-90.00,180.00,0.00,OPEN,0
655343.642,0,0,0,1.000,1.000,0.992,-90.00,180.00,0.00,OPEN,0
655343.646,0,0,0,1.000,1.000,0.989,-90.00,180.00,0.00,OPEN,0
655343.650,0,0,0,1.000,1.000,0.988,-90.00,180.00,0.00,OPEN,0
655343.653,0,0,0,1.000,1.000,0.957,-90.00,180.00,0.00,OPEN,0
655343.657,0,0,0,1.000,1.000,0.920,-90.00,180.00,0.00,OPEN,0
655343.661,0,0,0,1.000,1.000,0.942,-90.00,180.00,0.00,OPEN,0
655343.665,0,0,0,1.000,1.000,0.936,-90.00,180.00,0.00,OPEN,0
655343.669,0,0,0,1.000,1.000,0.935,-90.00,180.00,0.00,OPEN,0
655343.673,0,0,0,1.000,1.000,0.911,-90.00,180.00,0.00,OPEN,0
655343.677,0,0,0,1.000,1.000,0.908,-90.00,180.00,0.00,OPEN,0
655343.681,0,0,0,1.000,1.000,0.968,-90.00,180.00,0.00,OPEN,0
655343.685,0,0,0,1.000,1.000,0.969,-90.00,180.00,0.00,OPEN,0
655343.689,0,0,0,1.000,1.000,0.981,-90.00,180.00,0.00,OPEN,0
655343.693,0,0,0,1.000,1.000,0.995,-90.00,180.00,0.00,OPEN,0
655343.696,0,0,0,1.000,1.000,0.996,-90.00,180.00,0.00,OPEN,0
655343.700,0,0,0,1.000,1.000,0.996,-90.00,180.00,0.00,OPEN,0
655343.704,0,0,0,1.000,1.000,0.994,-90.00,180.00,0.00,OPEN,0
655343.708,0,0,0,1.000,1.000,0.990,-90.00,180.00,0.00,OPEN,0
655343.711,0,0,0,1.000,1.000,0.986,-90.00,180.00,0.00,OPEN,0
655343.715,0,0,0,1.000,1.000,0.987,-90.00,180.00,0.00,OPEN,0
655343.719,0,0,0,1.000,1.000,0.982,-90.00,180.00,0.00,OPEN,0
655343.724,0,0,0,1.000,1.000,0.978,-90.00,180.00,0.00,OPEN,0
655343.729,0,0,0,1.000,1.000,0.983,-90.00,180.00,0.00,OPEN,0
655343.734,0,0,0,1.000,1.000,0.988,-90.00,180.00,0.00,OPEN,0
655343.737,0,0,0,1.000,1.000,0.994,-90.00,180.00,0.00,OPEN,0
655343.742,0,0,0,1.000,1.000,0.994,-90.00,180.00,0.00,OPEN,0
655343.746,0,0,0,1.000,1.000,0.990,-90.00,180.00,0.00,OPEN,0
655343.750,0,0,0,1.000,1.000,0.991,-90.00,180.00,0.00,OPEN,0
655343.753,0,0,0,1.000,1.000,0.989,-90.00,180.00,0.00,OPEN,0
655343.758,0,0,0,1.000,1.000,0.986,-90.00,180.00,0.00,OPEN,0
655343.762,0,0,0,1.000,1.000,0.985,-90.00,180.00,0.00,OPEN,0
655343.766,0,0,0,1.000,1.000,0.981,-90.00,180.00,0.00,OPEN,0
655343.770,0,0,0,1.000,1.000,0.979,-90.00,180.00,0.00,OPEN,0
655343.774,0,0,0,1.000,1.000,0.988,-90.00,180.00,0.00,OPEN,0
655343.778,0,0,0,1.000,1.000,0.987,-90.00,180.00,0.00,OPEN,0
655343.782,0,0,0,1.000,1.000,0.987,-90.00,180.00,0.00,OPEN,0
655343.786,0,0,0,1.000,1.000,0.987,-90.00,180.00,0.00,OPEN,0
655343.790,0,0,0,1.000,1.000,0.990,-90.00,180.00,0.00,OPEN,0
655343.794,0,0,0,1.000,1.000,0.994,-90.00,180.00,0.00,OPEN,0
655343.799,0,0,0,1.000,1.000,0.989,-90.00,180.00,0.00,OPEN,0
655343.806,0,0,0,1.000,1.000,0.987,-90.00,180.00,0.00,OPEN,0
655343.813,0,0,0,1.000,1.000,0.987,-90.00,180.00,0.00,OPEN,0
655343.820,0,0,0,1.000,1.000,0.990,-90.00,180.00,0.00,OPEN,0
655343.826,0,0,0,1.000,1.000,0.981,-90.00,180.00,0.00,OPEN,0
655343.832,0,0,0,1.000,1.000,0.979,-90.00,180.00,0.00,OPEN,0
655343.837,0,0,0,1.000,1.000,0.985,-90.00,180.00,0.00,OPEN,0
655343.842,0,0,0,1.000,1.000,1.000,-90.00,180.00,0.00,OPEN,0
655343.846,0,0,0,1.000,1.000,1.000,-90.00,180.00,0.00,OPEN,0
655343.850,0,0,0,1.000,1.000,1.000,-90.00,180.00,0.00,OPEN,0
655343.855,0,0,0,1.000,1.000,1.000,-90.00,180.00,0.00,OPEN,0
655343.860,0,0,0,1.000,1.000,1.000,-90.00,180.00,0.00,OPEN,0
655343.864,0,0,0,1.000,1.000,1.000,-90.00,180.00,0.00,OPEN,0
655343.868,0,0,0,1.000,1.000,1.000,-90.00,180.00,0.00,OPEN,0
655343.872,0,0,0,1.000,1.000,1.000,-90.00,180.00,0.00,OPEN,0
655343.876,0,0,0,1.000,1.000,1.000,-90.00,180.00,0.00,OPEN,0
655343.879,0,0,0,1.000,1.000,1.000,-90.00,180.00,0.00,OPEN,0
655343.883,0,1,1,1.000,1.000,1.000,0.00,90.00,0.00,OPEN,1
655343.888,0,1,1,1.000,1.000,1.000,0.00,90.00,0.00,OPEN,0
655343.892,0,1,1,1.000,1.000,1.000,0.00,90.00,0.00,OPEN,0
655343.895,0,1,1,1.000,1.000,1.000,0.00,90.00,0.00,OPEN,0
655343.899,0,1,1,1.000,1.000,1.000,0.00,90.00,0.00,OPEN,0
655343.903,0,1,1,1.000,1.000,1.000,0.00,90.00,0.00,OPEN,0
655343.906,0,1,1,1.000,1.000,1.000,0.00,90.00,0.00,OPEN,0
655343.910,0,1,1,1.000,1.000,1.000,0.00,90.00,0.00,OPEN,0
655343.914,0,1,1,1.000,1.000,0.924,0.00,90.00,0.00,OPEN,0
655343.918,0,1,1,1.000,1.000,0.700,0.00,90.00,0.00,OPEN,0
655343.921,0,1,1,1.000,1.000,0.790,0.00,90.00,0.00,OPEN,0
655343.925,0,1,1,1.000,1.000,1.000,0.00,90.00,0.00,OPEN,0
655343.929,0,1,1,1.000,1.000,1.000,0.00,90.00,0.00,OPEN,0
655343.933,0,1,1,1.000,1.000,1.000,0.00,90.00,0.00,OPEN,0
655343.938,0,1,1,0.773,1.000,1.000,0.00,90.00,0.00,OPEN,0
655343.944,0,1,1,1.000,1.000,1.000,0.00,90.00,0.00,OPEN,0
655343.948,0,1,1,1.000,1.000,1.000,0.00,90.00,0.00,OPEN,0
655343.952,0,1,1,1.000,1.000,1.000,0.00,90.00,0.00,OPEN,0
655343.956,0,1,1,1.000,1.000,1.000,0.00,90.00,0.00,OPEN,0
655343.960,0,0,1,1.000,1.000,1.000,0.00,180.00,0.00,OPEN,0
655343.964,0,0,1,1.000,1.000,1.000,0.00,180.00,0.00,OPEN,0
655343.968,0,0,0,1.000,0.522,0.982,-90.00,180.00,0.00,OPEN,0
655343.972,0,0,0,1.000,0.998,0.732,-90.00,180.00,0.00,OPEN,0
655343.976,0,0,0,1.000,1.000,0.598,-90.00,180.00,0.00,OPEN,0
655343.980,0,0,0,1.000,1.000,0.546,-90.00,180.00,0.00,OPEN,0
655343.984,0,0,0,1.000,1.000,0.600,-90.00,180.00,0.00,OPEN,1
655343.989,0,0,0,1.000,1.000,0.996,-90.00,180.00,0.00,OPEN,0
655343.995,0,0,0,1.000,1.000,0.976,-90.00,180.00,0.00,OPEN,0
655344.001,0,0,0,1.000,1.000,0.959,-90.00,180.00,0.00,OPEN,0
655344.006,0,0,0,1.000,1.000,0.984,-90.00,180.00,0.00,OPEN,0
655344.013,0,0,0,1.000,0.992,0.988,-90.00,180.00,0.00,OPEN,0
655344.018,0,0,0,1.000,0.973,0.978,-90.00,180.00,0.00,OPEN,0
655344.023,0,0,0,1.000,0.743,0.999,-90.00,180.00,0.00,OPEN,0
655344.029,0,0,0,1.000,1.000,1.000,-90.00,180.00,0.00,OPEN,0
655344.033,0,0,0,1.000,1.000,0.995,-90.00,180.00,0.00,OPEN,0
655344.037,0,0,0,1.000,0.810,0.803,-90.00,180.00,0.00,OPEN,0
655344.042,0,0,0,1.000,0.977,0.574,-90.00,180.00,0.00,OPEN,0
655344.048,0,0,0,1.000,0.949,0.637,-90.00,180.00,0.00,OPEN,0
655344.053,0,0,0,1.000,0.778,0.794,-90.00,180.00,0.00,OPEN,0
655344.058,0,0,0,1.000,0.995,0.992,-90.00,180.00,0.00,OPEN,0
655344.063,0,0,0,1.000,1.000,1.000,-90.00,180.00,0.00,OPEN,0
655344.067,0,0,0,1.000,1.000,1.000,-90.00,180.00,0.00,OPEN,0
655344.071,0,0,0,1.000,1.000,1.000,-90.00,180.00,0.00,OPEN,0
655344.076,0,0,0,1.000,1.000,1.000,-90.00,180.00,0.00,OPEN,0
655344.081,0,0,0,1.000,1.000,1.000,-90.00,180.00,0.00,OPEN,0
655344.086,0,0,0,1.000,1.000,1.000,-90.00,180.00,0.00,OPEN,0
655344.092,0,0,0,1.000,1.000,1.000,-90.00,180.00,0.00,OPEN,0
655344.097,0,0,0,1.000,1.000,0.956,-90.00,180.00,0.00,OPEN,0
655344.102,0,0,0,1.000,1.000,0.562,-90.00,180.00,0.00,OPEN,0
655344.107,0,0,0,1.000,1.000,1.000,-90.00,180.00,0.00,OPEN,0
655344.111,0,0,0,1.000,1.000,1.000,-90.00,180.00,0.00,OPEN,0
655344.115,0,0,0,1.000,1.000,1.000,-90.00,180.00,0.00,OPEN,0
655344.119,0,0,0,1.000,1.000,1.000,-90.00,180.00,0.00,OPEN,0
655344.123,0,0,0,1.000,1.000,1.000,-90.00,180.00,0.00,OPEN,0
655344.127,0,0,0,1.000,1.000,1.000,-90.00,180.00,0.00,OPEN,0
655344.131,0,0,0,1.000,1.000,1.000,-90.00,180.00,0.00,OPEN,0
655344.136,0,0,0,1.000,1.000,1.000,-90.00,180.00,0.00,OPEN,0
655344.140,0,0,0,1.000,1.000,1.000,-90.00,180.00,0.00,OPEN,0
655344.144,0,0,0,1.000,1.000,1.000,-90.00,180.00,0.00,OPEN,0
655344.149,0,0,0,1.000,1.000,1.000,-90.00,180.00,0.00,OPEN,0
655344.154,0,0,0,1.000,1.000,1.000,-90.00,180.00,0.00,OPEN,0
655344.159,0,0,0,1.000,1.000,1.000,-90.00,180.00,0.00,OPEN,0
655344.165,0,0,0,1.000,1.000,1.000,-90.00,180.00,0.00,OPEN,0
655344.169,0,0,0,1.000,1.000,1.000,-90.00,180.00,0.00,OPEN,0
655344.174,0,0,0,1.000,1.000,1.000,-90.00,180.00,0.00,OPEN,0
655344.179,0,0,0,1.000,1.000,1.000,-90.00,180.00,0.00,OPEN,0
655344.183,0,0,0,1.000,0.999,1.000,-90.00,180.00,0.00,OPEN,0
655344.187,0,0,0,1.000,0.847,0.986,-90.00,180.00,0.00,OPEN,0
655344.191,0,0,0,1.000,1.000,0.759,-90.00,180.00,0.00,OPEN,0
655344.196,0,0,0,1.000,1.000,0.965,-90.00,180.00,0.00,OPEN,0
655344.199,0,0,0,1.000,1.000,0.994,-90.00,180.00,0.00,OPEN,0
655344.203,0,0,0,1.000,1.000,0.994,-90.00,180.00,0.00,OPEN,0
655344.207,0,0,0,1.000,1.000,0.993,-90.00,180.00,0.00,OPEN,0
655344.212,0,0,0,1.000,1.000,0.991,-90.00,180.00,0.00,OPEN,0
655344.218,0,0,0,1.000,1.000,0.987,-90.00,180.00,0.00,OPEN,0
655344.224,0,0,0,1.000,1.000,0.991,-90.00,180.00,0.00,OPEN,0
655344.229,0,0,0,1.000,1.000,0.995,-90.00,180.00,0.00,OPEN,0
655344.234,0,0,0,1.000,1.000,0.993,-90.00,180.00,0.00,OPEN,0
655344.240,0,0,0,1.000,1.000,0.985,-90.00,180.00,0.00,OPEN,0
655344.245,0,0,0,1.000,1.000,0.981,-90.00,180.00,0.00,OPEN,0
655344.250,0,0,0,1.000,1.000,0.991,-90.00,180.00,0.00,OPEN,0
655344.254,0,0,0,1.000,1.000,0.989,-90.00,180.00,0.00,OPEN,0
655344.259,0,0,0,1.000,1.000,0.980,-90.00,180.00,0.00,OPEN,0
655344.263,0,0,0,1.000,1.000,0.959,-90.00,180.00,0.00,OPEN,0
655344.267,0,0,0,1.000,1.000,0.587,-90.00,180.00,0.00,OPEN,0
655344.271,0,0,0,1.000,1.000,0.505,-90.00,180.00,0.00,OPEN,0
655344.275,0,0,0,1.000,1.000,0.514,-90.00,180.00,0.00,OPEN,0
655344.279,0,0,0,1.000,1.000,0.504,-90.00,180.00,0.00,OPEN,0
655344.283,0,0,0,1.000,1.000,0.527,-90.00,180.00,0.00,OPEN,0
655344.288,0,0,0,1.000,1.000,0.761,-90.00,180.00,0.00,OPEN,0
655344.293,0,0,0,1.000,1.000,0.892,-90.00,180.00,0.00,OPEN,0
655344.298,0,0,0,1.000,1.000,0.929,-90.00,180.00,0.00,OPEN,0
655344.303,0,0,0,1.000,1.000,0.940,-90.00,180.00,0.00,OPEN,0
655344.307,0,0,0,1.000,1.000,0.913,-90.00,180.00,0.00,OPEN,0
655344.312,0,0,0,1.000,1.000,0.912,-90.00,180.00,0.00,OPEN,0
655344.316,0,0,0,1.000,1.000,0.848,-90.00,180.00,0.00,OPEN,0
655344.320,0,0,0,1.000,1.000,0.874,-90.00,180.00,0.00,OPEN,0
655344.325,0,0,0,1.000,1.000,0.876,-90.00,180.00,0.00,OPEN,0
655344.330,0,0,0,1.000,1.000,0.909,-90.00,180.00,0.00,OPEN,0
655344.334,0,0,0,1.000,1.000,0.925,-90.00,180.00,0.00,OPEN,0
655344.338,0,0,0,1.000,1.000,0.970,-90.00,180.00,0.00,OPEN,0
655344.342,0,0,0,1.000,1.000,0.980,-90.00,180.00,0.00,OPEN,0
655344.347,0,0,0,1.000,1.000,0.982,-90.00,180.00,0.00,OPEN,0
655344.352,0,0,0,1.000,1.000,0.990,-90.00,180.00,0.00,OPEN,0
655344.358,0,0,0,1.000,1.000,0.993,-90.00,180.00,0.00,OPEN,0
655344.363,0,0,0,1.000,1.000,0.991,-90.00,180.00,0.00,OPEN,0
655344.368,0,0,1,1.000,1.000,0.993,0.00,180.00,0.00,OPEN,1
655344.373,0,0,1,1.000,1.000,0.995,0.00,180.00,0.00,OPEN,0
655344.379,0,0,1,1.000,1.000,0.995,0.00,180.00,0.00,OPEN,0
655344.384,0,0,1,1.000,1.000,0.996,0.00,180.00,0.00,OPEN,0
655344.388,0,0,1,1.000,1.000,0.997,0.00,180.00,0.00,OPEN,0
655344.392,0,0,1,1.000,1.000,0.988,0.00,180.00,0.00,OPEN,0
655344.395,0,0,1,1.000,1.000,0.949,0.00,180.00,0.00,OPEN,0
655344.399,0,0,1,1.000,1.000,0.769,0.00,180.00,0.00,OPEN,0
655344.403,0,0,1,1.000,1.000,0.682,0.00,180.00,0.00,OPEN,0
655344.406,0,0,1,1.000,1.000,0.598,0.00,180.00,0.00,OPEN,0
655344.410,0,0,1,1.000,1.000,0.619,0.00,180.00,0.00,OPEN,0
655344.413,0,0,1,1.000,1.000,0.518,0.00,180.00,0.00,OPEN,0
655344.417,0,0,1,1.000,1.000,0.527,0.00,180.00,0.00,OPEN,0
655344.422,0,0,1,1.000,1.000,0.560,0.00,180.00,0.00,OPEN,0
655344.425,0,0,1,1.000,1.000,0.534,0.00,180.00,0.00,OPEN,0
655344.429,0,0,1,1.000,1.000,0.687,0.00,180.00,0.00,OPEN,0
655344.433,0,0,1,1.000,1.000,0.702,0.00,180.00,0.00,OPEN,0
655344.437,0,0,1,1.000,1.000,0.818,0.00,180.00,0.00,OPEN,0
655344.441,0,0,1,1.000,1.000,0.739,0.00,180.00,0.00,OPEN,0
655344.445,0,0,1,1.000,1.000,0.771,0.00,180.00,0.00,OPEN,0
655344.448,0,0,1,1.000,1.000,0.750,0.00,180.00,0.00,OPEN,0
655344.452,0,0,1,1.000,1.000,0.721,0.00,180.00,0.00,OPEN,0
655344.456,0,0,1,1.000,1.000,0.617,0.00,180.00,0.00,OPEN,0
655344.460,0,0,1,1.000,1.000,0.580,0.00,180.00,0.00,OPEN,0
655344.464,0,0,1,1.000,1.000,0.666,0.00,180.00,0.00,OPEN,0
655344.469,0,0,1,1.000,1.000,0.615,0.00,180.00,0.00,OPEN,0
655344.474,0,0,1,1.000,1.000,0.527,0.00,180.00,0.00,OPEN,0
655344.480,0,0,1,1.000,1.000,0.607,0.00,180.00,0.00,OPEN,0
655344.484,0,0,1,1.000,1.000,0.608,0.00,180.00,0.00,OPEN,0
655344.488,0,0,1,1.000,1.000,0.708,0.00,180.00,0.00,OPEN,0
655344.493,0,0,1,1.000,1.000,0.855,0.00,180.00,0.00,OPEN,0
655344.497,0,0,1,1.000,1.000,0.816,0.00,180.00,0.00,OPEN,0
655344.501,0,0,1,1.000,1.000,0.858,0.00,180.00,0.00,OPEN,0
655344.505,0,0,1,1.000,1.000,0.850,0.00,180.00,0.00,OPEN,0
655344.508,0,0,1,1.000,1.000,0.653,0.00,180.00,0.00,OPEN,0
655344.513,0,0,1,1.000,1.000,0.612,0.00,180.00,0.00,OPEN,0
655344.517,0,0,1,1.000,1.000,0.638,0.00,180.00,0.00,OPEN,0
655344.522,0,0,1,1.000,1.000,0.707,0.00,180.00,0.00,OPEN,0
655344.526,0,0,1,1.000,1.000,0.766,0.00,180.00,0.00,OPEN,0
655344.530,0,0,1,1.000,1.000,0.682,0.00,180.00,0.00,OPEN,0
655344.534,0,0,1,1.000,1.000,0.505,0.00,180.00,0.00,OPEN,0
655344.538,0,0,1,1.000,1.000,0.640,0.00,180.00,0.00,OPEN,0
655344.542,0,0,1,1.000,1.000,0.733,0.00,180.00,0.00,OPEN,0
655344.546,0,0,1,1.000,1.000,1.000,0.00,180.00,0.00,OPEN,0
655344.550,0,0,1,1.000,1.000,1.000,0.00,180.00,0.00,OPEN,0
655344.556,0,0,1,1.000,1.000,1.000,0.00,180.00,0.00,OPEN,0
655344.561,0,0,1,1.000,1.000,1.000,0.00,180.00,0.00,OPEN,0
655344.565,0,0,1,1.000,1.000,1.000,0.00,180.00,0.00,OPEN,0
655344.570,0,0,1,1.000,1.000,1.000,0.00,180.00,0.00,OPEN,0
655344.576,0,0,1,1.000,1.000,1.000,0.00,180.00,0.00,OPEN,0
655344.580,0,0,1,1.000,1.000,1.000,0.00,180.00,0.00,OPEN,0
655344.585,0,0,0,1.000,1.000,1.000,-90.00,180.00,0.00,OPEN,1
655344.590,0,0,0,1.000,1.000,1.000,-90.00,180.00,0.00,OPEN,0
655344.595,0,0,0,0.984,1.000,1.000,-90.00,180.00,0.00,OPEN,0
655344.600,0,0,0,0.985,1.000,1.000,-90.00,180.00,0.00,OPEN,0
655344.605,0,0,0,0.968,1.000,1.000,-90.00,180.00,0.00,OPEN,0
655344.609,0,0,0,0.966,1.000,1.000,-90.00,180.00,0.00,OPEN,0
655344.614,0,0,0,0.962,1.000,1.000,-90.00,180.00,0.00,OPEN,0
655344.619,0,0,0,0.957,1.000,1.000,-90.00,180.00,0.00,OPEN,0
655344.623,0,0,0,0.937,1.000,1.000,-90.00,180.00,0.00,OPEN,0
655344.627,0,0,0,0.984,1.000,1.000,-90.00,180.00,0.00,OPEN,0
655344.631,0,0,0,0.999,1.000,1.000,-90.00,180.00,0.00,OPEN,0
655344.634,0,0,0,1.000,1.000,1.000,-90.00,180.00,0.00,OPEN,0
655344.638,0,1,0,1.000,0.985,0.999,-90.00,90.00,0.00,OPEN,0
655399.937,0,1,0,1.000,1.000,1.000,-90.00,90.00,0.00,OPEN,1
655399.941,0,1,0,1.000,1.000,1.000,-90.00,90.00,0.00,OPEN,0
655399.946,0,1,0,1.000,0.997,1.000,-90.00,90.00,0.00,OPEN,0
655399.950,0,1,0,1.000,1.000,1.000,-90.00,90.00,0.00,OPEN,0
655399.954,0,1,0,1.000,1.000,1.000,-90.00,90.00,0.00,OPEN,0
655399.958,0,1,1,1.000,1.000,1.000,0.00,90.00,0.00,OPEN,0
655399.963,2,1,1,1.000,1.000,1.000,0.00,90.00,-4.50,OPEN,0
655399.967,2,1,1,1.000,0.996,0.988,0.00,90.00,-4.50,OPEN,0
655399.972,2,1,1,1.000,0.999,0.980,0.00,90.00,-4.50,OPEN,0
655399.975,2,1,1,1.000,0.999,0.977,0.00,90.00,-4.50,OPEN,0
655399.979,2,1,1,1.000,0.998,0.962,0.00,90.00,-4.50,OPEN,0
655399.982,2,1,1,1.000,0.958,0.800,0.00,90.00,-4.50,OPEN,0
655399.986,2,1,1,1.000,1.000,0.998,0.00,90.00,-4.50,OPEN,0
655399.990,2,1,1,1.000,1.000,1.000,0.00,90.00,-4.50,OPEN,0
655399.993,2,1,1,1.000,1.000,1.000,0.00,90.00,-4.50,OPEN,0
655399.997,2,1,1,1.000,1.000,1.000,0.00,90.00,-4.50,OPEN,0
655400.001,2,1,1,1.000,1.000,1.000,0.00,90.00,-4.50,OPEN,0
655400.005,2,1,1,1.000,1.000,1.000,0.00,90.00,-4.50,OPEN,0
655400.009,2,1,1,1.000,1.000,1.000,0.00,90.00,-4.50,OPEN,0
655400.013,2,1,1,1.000,1.000,1.000,0.00,90.00,-4.50,OPEN,0
655400.016,2,1,1,1.000,1.000,1.000,0.00,90.00,-4.50,OPEN,0
655400.020,2,1,1,1.000,1.000,1.000,0.00,90.00,-4.50,OPEN,0
655400.024,2,0,0,1.000,1.000,1.000,-90.00,180.00,-4.50,OPEN,0
655400.028,2,0,0,1.000,1.000,1.000,-90.00,180.00,-4.50,OPEN,0
655400.033,2,0,0,1.000,1.000,1.000,-90.00,180.00,-4.50,OPEN,0
655400.037,2,0,0,1.000,1.000,1.000,-90.00,180.00,-4.50,OPEN,1
655400.042,2,0,0,1.000,1.000,1.000,-90.00,180.00,-4.50,OPEN,0
655400.047,2,0,0,1.000,1.000,1.000,-90.00,180.00,-4.50,OPEN,0
655400.051,2,0,0,1.000,1.000,1.000,-90.00,180.00,-4.50,OPEN,0
655400.055,2,0,0,1.000,1.000,1.000,-90.00,180.00,-4.50,OPEN,0
655400.060,2,0,0,1.000,1.000,1.000,-90.00,180.00,-4.50,OPEN,0
655400.064,2,0,0,1.000,1.000,1.000,-90.00,180.00,-9.00,OPEN,0
655400.068,2,0,0,1.000,1.000,1.000,-90.00,180.00,-9.00,OPEN,0
655400.072,2,0,0,1.000,1.000,1.000,-90.00,180.00,-9.00,OPEN,0
655400.076,2,0,0,1.000,1.000,1.000,-90.00,180.00,-9.00,OPEN,0
655400.079,2,0,0,1.000,1.000,1.000,-90.00,180.00,-9.00,OPEN,0
655400.083,2,0,0,1.000,1.000,1.000,-90.00,180.00,-9.00,OPEN,0
655400.086,2,0,0,1.000,1.000,1.000,-90.00,180.00,-9.00,OPEN,0
655400.090,2,0,0,1.000,1.000,1.000,-90.00,180.00,-9.00,OPEN,0
655400.094,2,0,0,1.000,1.000,1.000,-90.00,180.00,-9.00,OPEN,0
655400.097,2,0,0,1.000,1.000,1.000,-90.00,180.00,-9.00,OPEN,0
655400.101,2,0,0,1.000,1.000,1.000,-90.00,180.00,-9.00,OPEN,0
655400.105,2,0,0,1.000,1.000,1.000,-90.00,180.00,-9.00,OPEN,0
655400.109,2,0,0,1.000,1.000,1.000,-90.00,180.00,-9.00,OPEN,0
655400.113,2,0,0,1.000,1.000,1.000,-90.00,180.00,-9.00,OPEN,0
655400.117,2,0,0,1.000,1.000,1.000,-90.00,180.00,-9.00,OPEN,0
655400.121,2,0,0,1.000,1.000,1.000,-90.00,180.00,-9.00,OPEN,0
655400.125,2,0,0,1.000,1.000,1.000,-90.00,180.00,-9.00,OPEN,0
655400.130,2,0,0,1.000,1.000,1.000,-90.00,180.00,-9.00,OPEN,0
655400.134,2,0,0,1.000,1.000,1.000,-90.00,180.00,-9.00,OPEN,0
655400.139,2,0,0,1.000,1.000,1.000,-90.00,180.00,-9.00,OPEN,1
655400.144,2,0,0,1.000,1.000,1.000,-90.00,180.00,-9.00,OPEN,0
655400.149,2,0,0,1.000,1.000,1.000,-90.00,180.00,-9.00,OPEN,0
655400.154,2,0,0,1.000,1.000,1.000,-90.00,180.00,-9.00,OPEN,0
655400.158,2,0,0,1.000,1.000,1.000,-90.00,180.00,-9.00,OPEN,0
655400.163,2,0,0,1.000,1.000,1.000,-90.00,180.00,-9.00,OPEN,0
655400.167,2,0,0,1.000,1.000,1.000,-90.00,180.00,-13.50,OPEN,0
655400.170,2,0,0,1.000,1.000,1.000,-90.00,180.00,-13.50,OPEN,0
655400.174,2,0,0,1.000,1.000,1.000,-90.00,180.00,-13.50,OPEN,0
655400.178,2,0,0,1.000,1.000,1.000,-90.00,180.00,-13.50,OPEN,0
655400.182,2,0,0,1.000,1.000,1.000,-90.00,180.00,-13.50,OPEN,0
655400.185,2,0,0,1.000,1.000,1.000,-90.00,180.00,-13.50,OPEN,0
655400.189,2,0,0,1.000,1.000,1.000,-90.00,180.00,-13.50,OPEN,0
655400.193,2,0,0,1.000,1.000,1.000,-90.00,180.00,-13.50,OPEN,0
655400.196,2,0,0,1.000,1.000,1.000,-90.00,180.00,-13.50,OPEN,0
655400.200,2,0,0,1.000,1.000,1.000,-90.00,180.00,-13.50,OPEN,0
655400.204,2,0,0,1.000,1.000,1.000,-90.00,180.00,-13.50,OPEN,0
655400.208,2,0,0,1.000,1.000,1.000,-90.00,180.00,-13.50,OPEN,0
655400.212,2,0,0,1.000,1.000,1.000,-90.00,180.00,-13.50,OPEN,0
655400.216,2,0,0,1.000,1.000,1.000,-90.00,180.00,-13.50,OPEN,0
655400.219,2,0,0,1.000,1.000,1.000,-90.00,180.00,-13.50,OPEN,0
655400.224,2,0,0,1.000,1.000,1.000,-90.00,180.00,-13.50,OPEN,0
655400.228,2,0,0,1.000,1.000,1.000,-90.00,180.00,-13.50,OPEN,0
655400.233,2,0,0,1.000,1.000,1.000,-90.00,180.00,-13.50,OPEN,0
655400.237,2,0,0,1.000,1.000,1.000,-90.00,180.00,-13.50,OPEN,0
655400.242,2,0,0,1.000,1.000,1.000,-90.00,180.00,-13.50,OPEN,1
655400.245,2,0,0,1.000,1.000,1.000,-90.00,180.00,-13.50,OPEN,0
655400.249,2,0,0,1.000,1.000,1.000,-90.00,180.00,-13.50,OPEN,0
655400.253,2,0,0,1.000,1.000,1.000,-90.00,180.00,-13.50,OPEN,0
655400.257,2,0,0,1.000,1.000,1.000,-90.00,180.00,-13.50,OPEN,0
655400.261,2,0,0,1.000,1.000,1.000,-90.00,180.00,-13.50,OPEN,0
655400.264,2,0,0,1.000,1.000,1.000,-90.00,180.00,-13.50,OPEN,0
655400.268,2,0,0,1.000,1.000,1.000,-90.00,180.00,-18.00,OPEN,0
655400.272,2,0,0,1.000,1.000,1.000,-90.00,180.00,-18.00,OPEN,0
655400.275,2,0,0,1.000,1.000,1.000,-90.00,180.00,-18.00,OPEN,0
655400.279,2,0,0,1.000,1.000,1.000,-90.00,180.00,-18.00,OPEN,0
655400.283,2,0,0,1.000,1.000,1.000,-90.00,180.00,-18.00,OPEN,0
655400.289,2,0,0,1.000,1.000,1.000,-90.00,180.00,-18.00,OPEN,0
655400.293,2,0,0,1.000,1.000,1.000,-90.00,180.00,-18.00,OPEN,0
655400.299,2,0,0,1.000,1.000,1.000,-90.00,180.00,-18.00,OPEN,0
655400.305,2,0,0,1.000,1.000,1.000,-90.00,180.00,-18.00,OPEN,0
655400.310,2,0,0,1.000,1.000,1.000,-90.00,180.00,-18.00,OPEN,0
655400.314,2,0,0,1.000,1.000,1.000,-90.00,180.00,-18.00,OPEN,0
655400.319,2,0,0,1.000,1.000,1.000,-90.00,180.00,-18.00,OPEN,0
655400.324,2,0,0,1.000,1.000,1.000,-90.00,180.00,-18.00,OPEN,0
655400.328,2,0,0,1.000,1.000,1.000,-90.00,180.00,-18.00,OPEN,0
655400.333,2,0,0,1.000,1.000,1.000,-90.00,180.00,-18.00,OPEN,0
655400.336,2,0,0,1.000,1.000,1.000,-90.00,180.00,-18.00,OPEN,0
655400.340,2,0,0,1.000,1.000,1.000,-90.00,180.00,-18.00,OPEN,0
655400.345,2,0,0,1.000,1.000,1.000,-90.00,180.00,-18.00,OPEN,1
655400.349,2,0,0,1.000,1.000,1.000,-90.00,180.00,-18.00,OPEN,0
655400.353,2,0,0,1.000,1.000,1.000,-90.00,180.00,-18.00,OPEN,0
655400.357,2,0,0,1.000,1.000,1.000,-90.00,180.00,-18.00,OPEN,0
655400.361,2,0,0,1.000,1.000,1.000,-90.00,180.00,-18.00,OPEN,0
655400.365,2,0,0,1.000,1.000,1.000,-90.00,180.00,-18.00,OPEN,0
655400.370,2,0,0,1.000,1.000,1.000,-90.00,180.00,-22.50,OPEN,0
655400.375,2,0,0,1.000,1.000,1.000,-90.00,180.00,-22.50,OPEN,0
655400.380,2,0,0,1.000,1.000,1.000,-90.00,180.00,-22.50,OPEN,0
655400.384,2,0,0,1.000,1.000,1.000,-90.00,180.00,-22.50,OPEN,0
655400.388,2,0,0,1.000,1.000,1.000,-90.00,180.00,-22.50,OPEN,0
655400.393,2,0,0,1.000,1.000,1.000,-90.00,180.00,-22.50,OPEN,0
655400.397,2,0,0,1.000,1.000,1.000,-90.00,180.00,-22.50,OPEN,0
655400.401,2,0,0,1.000,1.000,1.000,-90.00,180.00,-22.50,OPEN,0
655400.404,2,0,0,1.000,1.000,1.000,-90.00,180.00,-22.50,OPEN,0
655400.408,2,0,0,0.999,1.000,1.000,-90.00,180.00,-22.50,OPEN,0
655400.412,2,0,0,0.998,1.000,1.000,-90.00,180.00,-22.50,OPEN,0
655400.415,2,0,0,0.994,1.000,1.000,-90.00,180.00,-22.50,OPEN,0
655400.419,2,0,0,0.963,1.000,1.000,-90.00,180.00,-22.50,OPEN,0
655400.423,2,0,0,0.904,1.000,1.000,-90.00,180.00,-22.50,OPEN,0
655400.428,2,0,0,0.723,1.000,1.000,-90.00,180.00,-22.50,OPEN,0
655400.431,2,0,0,0.684,1.000,1.000,-90.00,180.00,-22.50,OPEN,0
655400.435,2,0,0,0.927,1.000,1.000,-90.00,180.00,-22.50,OPEN,0
655400.438,2,0,0,0.966,1.000,1.000,-90.00,180.00,-22.50,OPEN,0
655400.442,2,0,0,0.999,1.000,1.000,-90.00,180.00,-22.50,OPEN,0
655400.446,2,0,0,1.000,1.000,1.000,-90.00,180.00,-22.50,OPEN,1
655400.450,2,0,0,1.000,1.000,1.000,-90.00,180.00,-22.50,OPEN,0
655400.453,2,0,0,1.000,1.000,1.000,-90.00,180.00,-22.50,OPEN,0
655400.457,2,0,0,1.000,1.000,1.000,-90.00,180.00,-22.50,OPEN,0
655400.461,2,0,0,1.000,1.000,1.000,-90.00,180.00,-22.50,OPEN,0
655400.465,2,0,0,1.000,1.000,1.000,-90.00,180.00,-22.50,OPEN,0
655400.468,2,0,0,1.000,1.000,1.000,-90.00,180.00,-22.50,OPEN,0
655400.472,0,0,0,1.000,1.000,1.000,-90.00,180.00,-22.50,OPEN,0
655400.476,0,0,0,1.000,1.000,1.000,-90.00,180.00,-22.50,OPEN,0
655400.479,0,0,0,1.000,1.000,1.000,-90.00,180.00,-22.50,OPEN,0
655400.483,0,0,0,1.000,1.000,1.000,-90.00,180.00,-22.50,OPEN,0
655400.487,0,0,0,1.000,1.000,1.000,-90.00,180.00,-22.50,OPEN,0
655400.491,0,0,0,1.000,1.000,1.000,-90.00,180.00,-22.50,OPEN,0
655400.494,0,0,0,1.000,1.000,1.000,-90.00,180.00,-22.50,OPEN,0
655400.499,0,0,0,1.000,1.000,1.000,-90.00,180.00,-22.50,OPEN,0
655400.503,0,0,0,1.000,1.000,1.000,-90.00,180.00,-22.50,OPEN,0
655400.507,0,0,0,1.000,1.000,1.000,-90.00,180.00,-22.50,OPEN,0
655400.511,0,0,0,1.000,1.000,1.000,-90.00,180.00,-22.50,OPEN,0
655400.514,0,0,0,1.000,1.000,1.000,-90.00,180.00,-22.50,OPEN,0
655400.518,0,0,0,1.000,1.000,1.000,-90.00,180.00,-22.50,OPEN,0
655400.522,0,0,0,1.000,1.000,1.000,-90.00,180.00,-22.50,OPEN,0
655400.526,0,0,0,1.000,1.000,1.000,-90.00,180.00,-22.50,OPEN,0
655400.530,0,0,0,1.000,1.000,1.000,-90.00,180.00,-22.50,OPEN,0
655400.535,0,0,0,1.000,1.000,1.000,-90.00,180.00,-22.50,OPEN,0
655400.539,0,0,0,1.000,1.000,1.000,-90.00,180.00,-22.50,OPEN,0
655400.543,0,0,0,1.000,1.000,1.000,-90.00,180.00,-22.50,OPEN,0
655400.548,0,0,0,1.000,1.000,1.000,-90.00,180.00,-22.50,OPEN,0
655400.552,0,0,0,1.000,1.000,1.000,-90.00,180.00,-22.50,OPEN,0
655400.556,0,0,0,1.000,1.000,1.000,-90.00,180.00,-22.50,OPEN,0
655400.560,0,0,0,1.000,1.000,1.000,-90.00,180.00,-22.50,OPEN,0
655400.564,0,0,0,1.000,1.000,1.000,-90.00,180.00,-22.50,OPEN,0
655400.568,0,0,0,1.000,1.000,1.000,-90.00,180.00,-22.50,OPEN,0
655400.572,0,0,0,1.000,1.000,1.000,-90.00,180.00,-22.50,OPEN,0
655400.575,0,0,0,1.000,1.000,1.000,-90.00,180.00,-22.50,OPEN,0
655400.579,0,0,0,1.000,1.000,1.000,-90.00,180.00,-22.50,OPEN,0
655400.583,0,0,0,1.000,1.000,1.000,-90.00,180.00,-22.50,OPEN,0
655400.586,0,0,0,1.000,1.000,1.000,-90.00,180.00,-22.50,OPEN,0
655400.590,0,0,0,1.000,1.000,1.000,-90.00,180.00,-22.50,OPEN,0
655400.594,0,0,0,1.000,1.000,1.000,-90.00,180.00,-22.50,OPEN,0
655400.597,0,0,0,1.000,1.000,1.000,-90.00,180.00,-22.50,OPEN,0
655400.601,0,0,0,1.000,1.000,1.000,-90.00,180.00,-22.50,OPEN,0
655400.606,0,0,0,1.000,1.000,1.000,-90.00,180.00,-22.50,OPEN,0
655400.610,0,0,0,1.000,1.000,1.000,-90.00,180.00,-22.50,OPEN,0
655400.614,0,0,0,1.000,1.000,1.000,-90.00,180.00,-22.50,OPEN,0
655400.618,0,0,0,1.000,1.000,1.000,-90.00,180.00,-22.50,OPEN,0
655400.622,0,0,0,1.000,1.000,1.000,-90.00,180.00,-22.50,OPEN,0
655400.626,0,0,0,1.000,1.000,1.000,-90.00,180.00,-22.50,OPEN,0
655400.630,0,0,0,1.000,1.000,1.000,-90.00,180.00,-22.50,OPEN,0
655400.634,0,0,0,1.000,1.000,1.000,-90.00,180.00,-22.50,OPEN,0
655400.638,0,0,0,1.000,1.000,1.000,-90.00,180.00,-22.50,OPEN,0
655400.642,0,0,0,1.000,1.000,1.000,-90.00,180.00,-22.50,OPEN,0
655400.646,0,0,0,1.000,1.000,1.000,-90.00,180.00,-22.50,OPEN,0
655400.650,0,0,0,1.000,1.000,1.000,-90.00,180.00,-22.50,OPEN,0
655400.653,0,0,0,1.000,1.000,1.000,-90.00,180.00,-22.50,OPEN,0
655400.658,0,0,0,1.000,1.000,1.000,-90.00,180.00,-22.50,OPEN,0
655400.662,0,0,0,1.000,1.000,1.000,-90.00,180.00,-22.50,OPEN,0
655400.667,0,0,0,1.000,1.000,1.000,-90.00,180.00,-22.50,OPEN,0
655400.672,0,0,0,1.000,1.000,1.000,-90.00,180.00,-22.50,OPEN,0
655400.675,0,0,0,1.000,1.000,1.000,-90.00,180.00,-22.50,OPEN,0
655400.681,0,0,0,1.000,1.000,1.000,-90.00,180.00,-22.50,OPEN,0
655400.684,0,0,0,1.000,1.000,1.000,-90.00,180.00,-22.50,OPEN,0
655400.688,0,0,0,1.000,1.000,1.000,-90.00,180.00,-22.50,OPEN,0
655400.692,0,0,0,1.000,1.000,1.000,-90.00,180.00,-22.50,OPEN,0
655400.696,0,0,0,1.000,1.000,1.000,-90.00,180.00,-22.50,OPEN,0
655400.700,0,0,0,1.000,1.000,1.000,-90.00,180.00,-22.50,OPEN,0
655400.704,0,0,0,1.000,1.000,1.000,-90.00,180.00,-22.50,OPEN,0
655400.708,0,0,0,1.000,1.000,1.000,-90.00,180.00,-22.50,OPEN,0
655400.711,0,0,0,1.000,1.000,1.000,-90.00,180.00,-22.50,OPEN,0
655400.715,0,0,0,1.000,1.000,1.000,-90.00,180.00,-22.50,OPEN,0
655400.720,0,0,0,1.000,1.000,1.000,-90.00,180.00,-22.50,OPEN,0
655400.724,0,0,0,1.000,1.000,1.000,-90.00,180.00,-22.50,OPEN,0
655400.728,0,0,0,1.000,1.000,1.000,-90.00,180.00,-22.50,OPEN,0
655400.732,0,0,0,1.000,1.000,1.000,-90.00,180.00,-22.50,OPEN,0
655400.736,0,0,0,1.000,1.000,1.000,-90.00,180.00,-22.50,OPEN,0
655400.741,0,0,0,1.000,1.000,1.000,-90.00,180.00,-22.50,OPEN,0
655400.746,0,0,0,1.000,1.000,1.000,-90.00,180.00,-22.50,OPEN,0
655400.750,0,0,0,1.000,1.000,1.000,-90.00,180.00,-22.50,OPEN,0
655400.755,0,0,0,1.000,1.000,1.000,-90.00,180.00,-22.50,OPEN,0
655400.759,0,0,0,1.000,1.000,1.000,-90.00,180.00,-22.50,OPEN,0
655400.763,0,0,0,1.000,1.000,1.000,-90.00,180.00,-22.50,OPEN,0
655400.767,0,0,0,1.000,1.000,1.000,-90.00,180.00,-22.50,OPEN,0
655400.771,0,0,0,1.000,1.000,1.000,-90.00,180.00,-22.50,OPEN,0
655400.775,0,0,0,1.000,1.000,1.000,-90.00,180.00,-22.50,OPEN,0
655400.780,0,0,0,1.000,1.000,1.000,-90.00,180.00,-22.50,OPEN,0
655400.783,0,0,0,1.000,1.000,1.000,-90.00,180.00,-22.50,OPEN,0
655400.787,0,0,0,1.000,1.000,1.000,-90.00,180.00,-22.50,OPEN,0
655400.792,0,0,0,1.000,1.000,1.000,-90.00,180.00,-22.50,OPEN,0
655400.796,0,0,0,1.000,1.000,1.000,-90.00,180.00,-22.50,OPEN,0
655400.801,0,0,0,1.000,1.000,1.000,-90.00,180.00,-22.50,OPEN,0
655400.806,0,0,0,1.000,1.000,1.000,-90.00,180.00,-22.50,OPEN,0
655400.810,0,0,0,1.000,1.000,1.000,-90.00,180.00,-22.50,OPEN,0
655400.814,0,0,0,1.000,1.000,1.000,-90.00,180.00,-22.50,OPEN,0
655400.818,0,0,0,1.000,1.000,1.000,-90.00,180.00,-22.50,OPEN,0
655400.822,0,0,0,1.000,1.000,1.000,-90.00,180.00,-22.50,OPEN,0
655400.826,0,0,0,1.000,1.000,1.000,-90.00,180.00,-22.50,OPEN,0
655400.832,0,0,0,1.000,1.000,1.000,-90.00,180.00,-22.50,OPEN,0
655400.836,0,0,0,1.000,1.000,1.000,-90.00,180.00,-22.50,OPEN,0
655400.841,0,0,0,1.000,1.000,1.000,-90.00,180.00,-22.50,OPEN,0
655400.845,0,0,0,1.000,1.000,1.000,-90.00,180.00,-22.50,OPEN,0
655400.849,0,0,0,1.000,1.000,1.000,-90.00,180.00,-22.50,OPEN,0
655400.853,0,0,0,1.000,1.000,1.000,-90.00,180.00,-22.50,OPEN,0
655400.858,0,0,0,1.000,1.000,1.000,-90.00,180.00,-22.50,OPEN,0
655400.862,0,0,0,1.000,1.000,1.000,-90.00,180.00,-22.50,OPEN,0
655400.866,0,0,0,1.000,1.000,1.000,-90.00,180.00,-22.50,OPEN,0
655400.869,0,0,0,1.000,1.000,1.000,-90.00,180.00,-22.50,OPEN,0
655400.873,0,0,0,1.000,1.000,1.000,-90.00,180.00,-22.50,OPEN,0
655400.877,0,0,0,0.999,1.000,1.000,-90.00,180.00,-22.50,OPEN,0
655400.880,0,0,0,0.997,1.000,1.000,-90.00,180.00,-22.50,OPEN,0
655400.884,0,0,0,0.997,1.000,1.000,-90.00,180.00,-22.50,OPEN,0
655400.888,0,0,0,0.991,1.000,1.000,-90.00,180.00,-22.50,OPEN,0
655400.892,0,0,0,0.989,1.000,1.000,-90.00,180.00,-22.50,OPEN,0
655400.896,0,0,0,0.999,1.000,1.000,-90.00,180.00,-22.50,OPEN,0
655400.900,0,0,0,1.000,1.000,1.000,-90.00,180.00,-22.50,OPEN,0
655400.904,0,0,0,1.000,1.000,1.000,-90.00,180.00,-22.50,OPEN,0
655400.907,0,0,0,1.000,1.000,1.000,-90.00,180.00,-22.50,OPEN,0
655400.911,0,0,0,1.000,1.000,1.000,-90.00,180.00,-22.50,OPEN,0
655400.915,0,0,0,1.000,1.000,1.000,-90.00,180.00,-22.50,OPEN,0
655400.918,0,0,0,1.000,1.000,1.000,-90.00,180.00,-22.50,OPEN,0
655400.922,0,0,0,1.000,1.000,1.000,-90.00,180.00,-22.50,OPEN,0
655400.926,0,0,0,1.000,1.000,1.000,-90.00,180.00,-22.50,OPEN,0
655400.930,0,0,0,1.000,1.000,1.000,-90.00,180.00,-22.50,OPEN,0
655400.933,0,0,0,1.000,1.000,1.000,-90.00,180.00,-22.50,OPEN,0
655400.937,0,0,0,1.000,1.000,1.000,-90.00,180.00,-22.50,OPEN,0
655400.941,0,0,0,1.000,1.000,1.000,-90.00,180.00,-22.50,OPEN,0
655400.945,0,0,0,1.000,1.000,1.000,-90.00,180.00,-22.50,OPEN,0
655400.948,0,0,0,1.000,1.000,1.000,-90.00,180.00,-22.50,OPEN,0
655400.953,0,0,0,1.000,1.000,1.000,-90.00,180.00,-22.50,OPEN,0
655400.958,0,0,0,1.000,1.000,1.000,-90.00,180.00,-22.50,OPEN,0
655400.962,0,0,0,1.000,1.000,1.000,-90.00,180.00,-22.50,OPEN,0
655400.966,0,0,0,1.000,1.000,1.000,-90.00,180.00,-22.50,OPEN,0
655400.970,0,0,0,1.000,1.000,1.000,-90.00,180.00,-22.50,OPEN,0
655400.974,0,0,0,1.000,1.000,1.000,-90.00,180.00,-22.50,OPEN,0
655400.978,0,0,0,1.000,1.000,1.000,-90.00,180.00,-22.50,OPEN,0
655400.982,0,0,0,1.000,1.000,1.000,-90.00,180.00,-22.50,OPEN,0
655400.986,0,0,0,1.000,1.000,1.000,-90.00,180.00,-22.50,OPEN,0
655400.990,0,0,0,1.000,1.000,1.000,-90.00,180.00,-22.50,OPEN,0
655400.994,0,0,0,1.000,1.000,1.000,-90.00,180.00,-22.50,OPEN,0
655400.998,0,0,0,1.000,1.000,1.000,-90.00,180.00,-22.50,OPEN,0
655401.001,0,0,0,0.863,1.000,1.000,-90.00,180.00,-22.50,OPEN,0
655401.005,0,0,0,0.956,1.000,1.000,-90.00,180.00,-22.50,OPEN,0
655401.009,0,0,0,0.993,1.000,1.000,-90.00,180.00,-22.50,OPEN,0
655401.012,0,0,0,0.993,1.000,1.000,-90.00,180.00,-22.50,OPEN,0
655401.016,0,0,0,0.970,1.000,1.000,-90.00,180.00,-22.50,OPEN,0
655401.019,0,0,0,0.616,1.000,1.000,-90.00,180.00,-22.50,OPEN,0
655401.023,0,0,0,0.909,1.000,1.000,-90.00,180.00,-22.50,OPEN,0
655401.028,0,0,0,0.990,1.000,1.000,-90.00,180.00,-22.50,OPEN,0
655401.033,0,0,0,0.994,1.000,1.000,-90.00,180.00,-22.50,OPEN,0
655401.038,0,0,0,0.995,1.000,1.000,-90.00,180.00,-22.50,OPEN,0
655401.043,0,0,0,0.996,1.000,1.000,-90.00,180.00,-22.50,OPEN,0
655401.048,0,0,0,0.995,1.000,1.000,-90.00,180.00,-22.50,OPEN,0
655401.052,0,0,0,0.993,1.000,1.000,-90.00,180.00,-22.50,OPEN,0
655401.057,0,0,0,0.990,1.000,1.000,-90.00,180.00,-22.50,OPEN,0
655401.061,0,0,0,0.985,1.000,1.000,-90.00,180.00,-22.50,OPEN,0
655401.065,0,0,0,0.983,1.000,1.000,-90.00,180.00,-22.50,OPEN,0
655401.069,0,0,0,0.985,1.000,1.000,-90.00,180.00,-22.50,OPEN,0
655401.072,3,0,0,0.989,1.000,1.000,-90.00,180.00,-22.50,CLOSED,0
655401.076,3,0,0,0.995,1.000,1.000,-90.00,180.00,-22.50,CLOSED,0
655401.080,3,0,0,0.997,1.000,1.000,-90.00,180.00,-22.50,CLOSED,0
655401.084,3,0,0,0.999,1.000,1.000,-90.00,180.00,-22.50,CLOSED,0
655401.088,3,0,0,0.999,1.000,1.000,-90.00,180.00,-22.50,CLOSED,0
655401.091,3,0,0,1.000,1.000,1.000,-90.00,180.00,-22.50,CLOSED,0
655401.096,3,0,0,1.000,1.000,1.000,-90.00,180.00,-22.50,CLOSED,0
655401.100,3,0,0,1.000,1.000,1.000,-90.00,180.00,-22.50,CLOSED,0
655401.104,3,0,0,1.000,1.000,1.000,-90.00,180.00,-22.50,CLOSED,0
655401.108,3,0,0,1.000,1.000,1.000,-90.00,180.00,-22.50,CLOSED,0
655401.111,3,0,0,1.000,1.000,1.000,-90.00,180.00,-22.50,CLOSED,0
655401.115,3,0,0,1.000,1.000,1.000,-90.00,180.00,-22.50,CLOSED,0
655401.118,3,0,0,1.000,1.000,1.000,-90.00,180.00,-22.50,CLOSED,0
655401.123,3,0,0,1.000,1.000,1.000,-90.00,180.00,-22.50,CLOSED,0
655401.128,3,0,0,1.000,1.000,1.000,-90.00,180.00,-22.50,CLOSED,0
655401.132,3,0,0,1.000,1.000,1.000,-90.00,180.00,-22.50,CLOSED,0
655401.138,3,0,0,1.000,1.000,1.000,-90.00,180.00,-22.50,CLOSED,0
655401.142,3,0,0,1.000,1.000,1.000,-90.00,180.00,-22.50,CLOSED,0
655401.147,3,0,0,1.000,1.000,1.000,-90.00,180.00,-22.50,CLOSED,0
655401.151,3,0,0,1.000,1.000,1.000,-90.00,180.00,-22.50,CLOSED,0
655401.155,3,0,0,1.000,1.000,1.000,-90.00,180.00,-22.50,CLOSED,0
655401.159,3,0,0,0.999,1.000,1.000,-90.00,180.00,-22.50,CLOSED,0
655401.162,3,0,0,0.997,1.000,1.000,-90.00,180.00,-22.50,CLOSED,0
655401.166,3,0,0,0.992,1.000,1.000,-90.00,180.00,-22.50,CLOSED,0
655401.171,3,0,0,0.987,1.000,1.000,-90.00,180.00,-22.50,CLOSED,0
655401.176,3,0,0,0.985,1.000,1.000,-90.00,180.00,-22.50,CLOSED,0
655401.180,3,0,0,0.989,1.000,1.000,-90.00,180.00,-22.50,CLOSED,0
655401.184,3,0,0,0.993,1.000,1.000,-90.00,180.00,-22.50,CLOSED,0
655401.190,3,0,0,0.996,1.000,1.000,-90.00,180.00,-22.50,CLOSED,0
655401.197,3,0,0,0.997,1.000,1.000,-90.00,180.00,-22.50,CLOSED,0
655401.205,3,0,0,0.998,1.000,1.000,-90.00,180.00,-22.50,CLOSED,0
655401.212,3,0,0,0.998,1.000,1.000,-90.00,180.00,-22.50,CLOSED,0
655401.219,3,0,0,0.999,1.000,1.000,-90.00,180.00,-22.50,CLOSED,0
655401.225,3,0,0,0.999,1.000,1.000,-90.00,180.00,-22.50,CLOSED,0
655401.232,3,0,0,0.999,1.000,1.000,-90.00,180.00,-22.50,CLOSED,0
655401.237,3,0,0,1.000,1.000,1.000,-90.00,180.00,-22.50,CLOSED,0
655401.242,3,0,0,1.000,1.000,1.000,-90.00,180.00,-22.50,CLOSED,0
655401.246,3,0,0,1.000,1.000,1.000,-90.00,180.00,-22.50,CLOSED,0
655401.251,3,0,0,1.000,1.000,1.000,-90.00,180.00,-22.50,CLOSED,0
655401.255,3,0,0,1.000,1.000,1.000,-90.00,180.00,-22.50,CLOSED,0
655401.259,3,0,0,1.000,1.000,1.000,-90.00,180.00,-22.50,CLOSED,0
655401.262,3,0,0,1.000,1.000,1.000,-90.00,180.00,-22.50,CLOSED,0
655401.267,3,0,0,1.000,1.000,1.000,-90.00,180.00,-22.50,CLOSED,0
655401.271,3,0,0,1.000,1.000,1.000,-90.00,180.00,-22.50,CLOSED,0
655401.275,3,0,0,1.000,1.000,1.000,-90.00,180.00,-22.50,CLOSED,0
655401.278,3,0,0,1.000,1.000,1.000,-90.00,180.00,-22.50,CLOSED,0
655401.282,3,0,0,1.000,1.000,1.000,-90.00,180.00,-22.50,CLOSED,0
655401.286,3,0,0,1.000,1.000,1.000,-90.00,180.00,-22.50,CLOSED,0
655401.290,3,0,0,1.000,1.000,1.000,-90.00,180.00,-22.50,CLOSED,0
655401.294,3,0,0,1.000,1.000,1.000,-90.00,180.00,-22.50,CLOSED,0
655401.298,3,0,0,1.000,1.000,1.000,-90.00,180.00,-22.50,CLOSED,0
655401.301,3,0,0,1.000,1.000,1.000,-90.00,180.00,-22.50,CLOSED,0
655401.305,3,0,0,1.000,1.000,1.000,-90.00,180.00,-22.50,CLOSED,0
655401.309,3,0,0,1.000,1.000,1.000,-90.00,180.00,-22.50,CLOSED,0
655401.313,3,0,0,1.000,1.000,1.000,-90.00,180.00,-22.50,CLOSED,0
655401.317,3,0,0,1.000,1.000,1.000,-90.00,180.00,-22.50,CLOSED,0
655401.320,3,0,0,1.000,1.000,1.000,-90.00,180.00,-22.50,CLOSED,0
655401.324,3,0,0,1.000,1.000,1.000,-90.00,180.00,-22.50,CLOSED,0
655401.328,3,0,0,1.000,1.000,1.000,-90.00,180.00,-22.50,CLOSED,0
655401.332,3,0,0,1.000,1.000,1.000,-90.00,180.00,-22.50,CLOSED,0
655401.336,3,0,0,1.000,1.000,1.000,-90.00,180.00,-22.50,CLOSED,0
655401.339,3,0,0,1.000,1.000,1.000,-90.00,180.00,-22.50,CLOSED,0
655401.343,3,0,0,1.000,1.000,1.000,-90.00,180.00,-22.50,CLOSED,0
655401.347,3,0,0,1.000,1.000,1.000,-90.00,180.00,-22.50,CLOSED,0
655401.351,3,0,0,1.000,1.000,1.000,-90.00,180.00,-22.50,CLOSED,0
655401.354,3,0,0,1.000,1.000,1.000,-90.00,180.00,-22.50,CLOSED,0
655401.358,3,0,0,1.000,1.000,1.000,-90.00,180.00,-22.50,CLOSED,0
655401.362,3,0,0,1.000,1.000,1.000,-90.00,180.00,-22.50,CLOSED,0
655401.366,3,0,0,1.000,1.000,1.000,-90.00,180.00,-22.50,CLOSED,0
655401.369,3,0,0,1.000,1.000,1.000,-90.00,180.00,-22.50,CLOSED,0
655401.373,3,0,0,1.000,1.000,1.000,-90.00,180.00,-22.50,CLOSED,0
655401.377,3,0,0,1.000,1.000,1.000,-90.00,180.00,-22.50,CLOSED,0
655401.382,3,0,0,1.000,1.000,1.000,-90.00,180.00,-22.50,CLOSED,0
655401.386,3,0,0,1.000,1.000,1.000,-90.00,180.00,-22.50,CLOSED,0
655401.390,3,0,0,1.000,1.000,1.000,-90.00,180.00,-22.50,CLOSED,0
655401.395,3,0,0,1.000,1.000,1.000,-90.00,180.00,-22.50,CLOSED,0
655401.399,3,0,0,1.000,1.000,1.000,-90.00,180.00,-22.50,CLOSED,0
655401.404,3,0,0,1.000,1.000,1.000,-90.00,180.00,-22.50,CLOSED,0
655401.408,3,0,0,1.000,1.000,1.000,-90.00,180.00,-22.50,CLOSED,0
655401.411,3,0,0,1.000,1.000,1.000,-90.00,180.00,-22.50,CLOSED,0
655401.415,3,0,0,1.000,1.000,1.000,-90.00,180.00,-22.50,CLOSED,0
655401.419,3,0,0,1.000,1.000,1.000,-90.00,180.00,-22.50,CLOSED,0
655401.423,3,0,0,1.000,1.000,1.000,-90.00,180.00,-22.50,CLOSED,0
655401.426,3,0,0,1.000,1.000,1.000,-90.00,180.00,-22.50,CLOSED,0
655401.430,3,0,0,1.000,1.000,1.000,-90.00,180.00,-22.50,CLOSED,0
655401.434,3,0,0,1.000,1.000,1.000,-90.00,180.00,-22.50,CLOSED,0
655401.437,3,0,0,1.000,1.000,1.000,-90.00,180.00,-22.50,CLOSED,0
655401.441,3,0,0,1.000,1.000,1.000,-90.00,180.00,-22.50,CLOSED,0
655401.446,3,0,0,1.000,1.000,1.000,-90.00,180.00,-22.50,CLOSED,0
655401.449,3,0,0,0.999,1.000,1.000,-90.00,180.00,-22.50,CLOSED,0
655401.453,3,0,0,0.999,1.000,1.000,-90.00,180.00,-22.50,CLOSED,0
655401.457,3,0,0,0.999,1.000,1.000,-90.00,180.00,-22.50,CLOSED,0
655401.461,3,0,0,1.000,1.000,1.000,-90.00,180.00,-22.50,CLOSED,0
655401.465,3,0,0,1.000,1.000,1.000,-90.00,180.00,-22.50,CLOSED,0
655401.470,3,0,0,1.000,1.000,1.000,-90.00,180.00,-22.50,CLOSED,0
655401.474,3,0,0,1.000,1.000,1.000,-90.00,180.00,-22.50,CLOSED,0
655401.479,3,0,0,1.000,1.000,1.000,-90.00,180.00,-22.50,CLOSED,0
655401.484,3,0,0,1.000,1.000,1.000,-90.00,180.00,-22.50,CLOSED,0
655401.488,3,0,0,1.000,1.000,1.000,-90.00,180.00,-22.50,CLOSED,0
655401.493,3,0,0,1.000,1.000,1.000,-90.00,180.00,-22.50,CLOSED,0
655401.497,3,0,0,1.000,1.000,1.000,-90.00,180.00,-22.50,CLOSED,0
655401.500,3,0,0,1.000,1.000,1.000,-90.00,180.00,-22.50,CLOSED,0
655401.504,3,0,0,1.000,1.000,1.000,-90.00,180.00,-22.50,CLOSED,0
655401.508,3,0,0,1.000,1.000,1.000,-90.00,180.00,-22.50,CLOSED,0
655401.512,3,0,0,1.000,1.000,1.000,-90.00,180.00,-22.50,CLOSED,0
655401.516,3,0,0,1.000,1.000,1.000,-90.00,180.00,-22.50,CLOSED,0
655401.520,3,0,0,1.000,1.000,1.000,-90.00,180.00,-22.50,CLOSED,0
655401.524,3,0,0,1.000,1.000,1.000,-90.00,180.00,-22.50,CLOSED,0
655401.529,3,0,0,0.984,1.000,1.000,-90.00,180.00,-22.50,CLOSED,0
655401.533,3,0,0,0.751,1.000,1.000,-90.00,180.00,-22.50,CLOSED,0
655401.538,3,0,0,0.676,1.000,1.000,-90.00,180.00,-22.50,CLOSED,0
655401.543,3,0,0,0.897,1.000,1.000,-90.00,180.00,-22.50,CLOSED,0
655401.547,3,0,0,0.933,1.000,1.000,-90.00,180.00,-22.50,CLOSED,0
655401.551,3,0,0,0.995,1.000,1.000,-90.00,180.00,-22.50,CLOSED,0
655401.555,3,0,0,1.000,1.000,1.000,-90.00,180.00,-22.50,CLOSED,0
655401.560,3,0,0,1.000,1.000,1.000,-90.00,180.00,-22.50,CLOSED,0
655401.564,3,0,0,1.000,1.000,1.000,-90.00,180.00,-22.50,CLOSED,0
655401.568,3,0,0,1.000,1.000,1.000,-90.00,180.00,-22.50,CLOSED,0
655401.572,3,0,0,1.000,1.000,1.000,-90.00,180.00,-22.50,CLOSED,0
655401.577,3,0,0,1.000,1.000,1.000,-90.00,180.00,-22.50,CLOSED,0
655401.581,3,0,0,1.000,1.000,1.000,-90.00,180.00,-22.50,CLOSED,0
655401.585,0,0,0,1.000,1.000,1.000,-90.00,180.00,-22.50,CLOSED,0
655401.589,0,0,0,1.000,1.000,1.000,-90.00,180.00,-22.50,CLOSED,0
655401.593,0,0,0,1.000,1.000,1.000,-90.00,180.00,-22.50,CLOSED,0
655401.597,0,0,0,1.000,1.000,1.000,-90.00,180.00,-22.50,CLOSED,0
655401.601,0,0,0,1.000,1.000,1.000,-90.00,180.00,-22.50,CLOSED,0
655401.606,0,0,0,1.000,1.000,1.000,-90.00,180.00,-22.50,CLOSED,0
655401.609,0,0,0,1.000,1.000,1.000,-90.00,180.00,-22.50,CLOSED,0
655401.614,0,0,0,1.000,1.000,1.000,-90.00,180.00,-22.50,CLOSED,0
655401.621,0,0,0,1.000,1.000,1.000,-90.00,180.00,-22.50,CLOSED,0
655401.627,0,0,0,1.000,1.000,1.000,-90.00,180.00,-22.50,CLOSED,0
655401.632,0,0,0,1.000,1.000,1.000,-90.00,180.00,-22.50,CLOSED,0
655401.637,0,0,0,1.000,1.000,1.000,-90.00,180.00,-22.50,CLOSED,0
655401.642,0,0,0,1.000,1.000,1.000,-90.00,180.00,-22.50,CLOSED,0
655401.647,0,0,0,1.000,1.000,1.000,-90.00,180.00,-22.50,CLOSED,0
655401.652,0,0,0,1.000,1.000,1.000,-90.00,180.00,-22.50,CLOSED,0
655401.656,0,0,0,1.000,1.000,1.000,-90.00,180.00,-22.50,CLOSED,0
655401.660,0,0,0,1.000,1.000,1.000,-90.00,180.00,-22.50,CLOSED,0
655401.664,0,0,0,1.000,1.000,1.000,-90.00,180.00,-22.50,CLOSED,0
655401.668,0,0,0,1.000,1.000,1.000,-90.00,180.00,-22.50,CLOSED,0
655401.671,0,0,0,1.000,1.000,1.000,-90.00,180.00,-22.50,CLOSED,0
655401.675,0,0,0,1.000,1.000,1.000,-90.00,180.00,-22.50,CLOSED,0
655401.679,0,0,0,1.000,1.000,1.000,-90.00,180.00,-22.50,CLOSED,0
655401.683,0,0,0,1.000,1.000,1.000,-90.00,180.00,-22.50,CLOSED,0
655401.687,0,0,0,1.000,1.000,1.000,-90.00,180.00,-22.50,CLOSED,0
655401.691,0,0,0,1.000,1.000,1.000,-90.00,180.00,-22.50,CLOSED,0
655401.696,0,0,0,1.000,1.000,1.000,-90.00,180.00,-22.50,CLOSED,0
655401.700,0,0,0,1.000,1.000,1.000,-90.00,180.00,-22.50,CLOSED,0
655401.704,0,0,0,1.000,1.000,1.000,-90.00,180.00,-22.50,CLOSED,0
655401.708,0,0,0,1.000,1.000,1.000,-90.00,180.00,-22.50,CLOSED,0
655401.711,0,0,0,1.000,1.000,1.000,-90.00,180.00,-22.50,CLOSED,0
655401.716,0,0,0,1.000,1.000,1.000,-90.00,180.00,-22.50,CLOSED,0
655401.719,0,0,0,1.000,1.000,1.000,-90.00,180.00,-22.50,CLOSED,0
655401.723,0,0,0,1.000,1.000,1.000,-90.00,180.00,-22.50,CLOSED,0
655401.728,0,0,0,1.000,1.000,1.000,-90.00,180.00,-22.50,CLOSED,0
655401.732,0,0,0,1.000,1.000,1.000,-90.00,180.00,-22.50,CLOSED,0
655401.736,0,0,0,1.000,1.000,1.000,-90.00,180.00,-22.50,CLOSED,0
655401.740,0,0,0,1.000,1.000,1.000,-90.00,180.00,-22.50,CLOSED,0
655401.745,0,0,0,1.000,1.000,1.000,-90.00,180.00,-22.50,CLOSED,0
655401.749,0,0,0,1.000,1.000,1.000,-90.00,180.00,-22.50,CLOSED,0
655401.753,0,0,0,1.000,1.000,1.000,-90.00,180.00,-22.50,CLOSED,0
655401.756,0,0,0,1.000,1.000,1.000,-90.00,180.00,-22.50,CLOSED,0
655401.761,0,0,0,1.000,1.000,1.000,-90.00,180.00,-22.50,CLOSED,0
655401.765,0,0,0,1.000,1.000,1.000,-90.00,180.00,-22.50,CLOSED,0
655401.769,0,0,0,1.000,1.000,1.000,-90.00,180.00,-22.50,CLOSED,0
655401.773,0,0,0,1.000,1.000,1.000,-90.00,180.00,-22.50,CLOSED,0
655401.778,0,0,0,1.000,1.000,1.000,-90.00,180.00,-22.50,CLOSED,0
655401.782,0,0,0,1.000,1.000,1.000,-90.00,180.00,-22.50,CLOSED,0
655401.785,0,0,0,1.000,1.000,1.000,-90.00,180.00,-22.50,CLOSED,0
655401.789,0,0,0,1.000,1.000,1.000,-90.00,180.00,-22.50,CLOSED,0
655401.793,0,0,0,1.000,1.000,1.000,-90.00,180.00,-22.50,CLOSED,0
655401.797,0,0,0,1.000,1.000,1.000,-90.00,180.00,-22.50,CLOSED,0
655401.800,0,0,0,1.000,1.000,1.000,-90.00,180.00,-22.50,CLOSED,0
655401.804,0,0,0,1.000,1.000,1.000,-90.00,180.00,-22.50,CLOSED,0
655401.808,0,0,0,1.000,1.000,1.000,-90.00,180.00,-22.50,CLOSED,0
655401.812,0,0,0,1.000,1.000,1.000,-90.00,180.00,-22.50,CLOSED,0
655401.816,0,0,0,1.000,1.000,1.000,-90.00,180.00,-22.50,CLOSED,0
655401.820,0,0,0,1.000,1.000,1.000,-90.00,180.00,-22.50,CLOSED,0
655401.825,0,0,0,1.000,1.000,1.000,-90.00,180.00,-22.50,CLOSED,0
655401.830,0,0,0,1.000,1.000,1.000,-90.00,180.00,-22.50,CLOSED,0
655401.834,0,0,0,1.000,1.000,1.000,-90.00,180.00,-22.50,CLOSED,0
655401.839,0,0,0,1.000,1.000,1.000,-90.00,180.00,-22.50,CLOSED,0
655401.843,0,0,0,1.000,1.000,1.000,-90.00,180.00,-22.50,CLOSED,0
655401.848,0,0,0,1.000,1.000,1.000,-90.00,180.00,-22.50,CLOSED,0
655401.852,0,0,0,1.000,1.000,1.000,-90.00,180.00,-22.50,CLOSED,0
655401.856,0,0,0,1.000,1.000,1.000,-90.00,180.00,-22.50,CLOSED,0
655401.860,0,0,0,1.000,1.000,1.000,-90.00,180.00,-22.50,CLOSED,0
655401.863,0,0,0,1.000,1.000,1.000,-90.00,180.00,-22.50,CLOSED,0
655401.867,0,0,0,1.000,1.000,1.000,-90.00,180.00,-22.50,CLOSED,0
655401.871,0,0,0,1.000,1.000,1.000,-90.00,180.00,-22.50,CLOSED,0
655401.875,0,0,0,1.000,1.000,1.000,-90.00,180.00,-22.50,CLOSED,0
655401.879,0,0,0,1.000,1.000,1.000,-90.00,180.00,-22.50,CLOSED,0
655401.883,0,0,0,1.000,1.000,1.000,-90.00,180.00,-22.50,CLOSED,0
655401.887,0,0,0,1.000,1.000,1.000,-90.00,180.00,-22.50,CLOSED,0
655401.891,0,0,0,1.000,1.000,1.000,-90.00,180.00,-22.50,CLOSED,0
655401.895,0,0,0,1.000,1.000,1.000,-90.00,180.00,-22.50,CLOSED,0
655401.899,0,0,0,1.000,1.000,1.000,-90.00,180.00,-22.50,CLOSED,0
655401.903,0,0,0,1.000,1.000,1.000,-90.00,180.00,-22.50,CLOSED,0
655401.907,0,0,0,1.000,1.000,1.000,-90.00,180.00,-22.50,CLOSED,0
655401.911,0,0,0,1.000,1.000,1.000,-90.00,180.00,-22.50,CLOSED,0
655401.915,0,0,0,1.000,1.000,1.000,-90.00,180.00,-22.50,CLOSED,0
655401.919,0,0,0,1.000,1.000,1.000,-90.00,180.00,-22.50,CLOSED,0
655401.923,0,0,0,1.000,1.000,1.000,-90.00,180.00,-22.50,CLOSED,0
655401.927,0,0,0,1.000,1.000,1.000,-90.00,180.00,-22.50,CLOSED,0
655401.931,0,0,0,1.000,1.000,1.000,-90.00,180.00,-22.50,CLOSED,0
655401.936,0,0,0,1.000,1.000,1.000,-90.00,180.00,-22.50,CLOSED,0
655401.941,0,0,0,1.000,1.000,1.000,-90.00,180.00,-22.50,CLOSED,0
655401.946,0,0,0,1.000,1.000,1.000,-90.00,180.00,-22.50,CLOSED,0
655401.951,0,0,0,1.000,1.000,1.000,-90.00,180.00,-22.50,CLOSED,0
655401.955,0,0,0,1.000,1.000,1.000,-90.00,180.00,-22.50,CLOSED,0
655401.959,0,0,0,1.000,1.000,1.000,-90.00,180.00,-22.50,CLOSED,0
655401.964,0,0,0,1.000,1.000,1.000,-90.00,180.00,-22.50,CLOSED,0
655401.968,0,0,0,1.000,1.000,1.000,-90.00,180.00,-22.50,CLOSED,0
655401.972,0,0,0,1.000,1.000,1.000,-90.00,180.00,-22.50,CLOSED,0
655401.975,0,0,0,1.000,1.000,1.000,-90.00,180.00,-22.50,CLOSED,0
655401.979,0,0,0,1.000,1.000,1.000,-90.00,180.00,-22.50,CLOSED,0
655401.983,0,0,0,1.000,1.000,1.000,-90.00,180.00,-22.50,CLOSED,0
655401.988,0,0,0,1.000,1.000,1.000,-90.00,180.00,-22.50,CLOSED,0
655401.993,0,0,0,1.000,1.000,1.000,-90.00,180.00,-22.50,CLOSED,0
655401.997,0,0,0,1.000,1.000,1.000,-90.00,180.00,-22.50,CLOSED,0
655402.000,0,0,0,1.000,1.000,1.000,-90.00,180.00,-22.50,CLOSED,0
655402.005,0,0,0,1.000,1.000,1.000,-90.00,180.00,-22.50,CLOSED,0
655402.008,0,0,0,1.000,1.000,1.000,-90.00,180.00,-22.50,CLOSED,0
655402.012,0,0,0,1.000,1.000,1.000,-90.00,180.00,-22.50,CLOSED,0
655402.016,0,0,0,1.000,1.000,1.000,-90.00,180.00,-22.50,CLOSED,0
655402.020,0,0,0,1.000,1.000,1.000,-90.00,180.00,-22.50,CLOSED,0
655402.024,0,0,0,1.000,1.000,1.000,-90.00,180.00,-22.50,CLOSED,0
655402.029,0,0,0,1.000,1.000,1.000,-90.00,180.00,-22.50,CLOSED,0
655402.033,0,0,0,1.000,1.000,1.000,-90.00,180.00,-22.50,CLOSED,0
655402.036,0,0,0,1.000,1.000,1.000,-90.00,180.00,-22.50,CLOSED,0
655402.041,0,0,0,1.000,1.000,1.000,-90.00,180.00,-22.50,CLOSED,0
655402.044,0,0,0,1.000,1.000,1.000,-90.00,180.00,-22.50,CLOSED,0
655402.049,0,0,0,1.000,1.000,1.000,-90.00,180.00,-22.50,CLOSED,0
655402.053,0,0,0,1.000,1.000,1.000,-90.00,180.00,-22.50,CLOSED,0
655402.058,0,0,0,1.000,1.000,1.000,-90.00,180.00,-22.50,CLOSED,0
655402.062,0,0,0,1.000,1.000,1.000,-90.00,180.00,-22.50,CLOSED,0
655402.065,0,0,0,1.000,1.000,1.000,-90.00,180.00,-22.50,CLOSED,0
655402.069,0,0,0,1.000,1.000,1.000,-90.00,180.00,-22.50,CLOSED,0
655402.074,0,0,0,1.000,1.000,1.000,-90.00,180.00,-22.50,CLOSED,0
655402.078,0,0,0,1.000,1.000,1.000,-90.00,180.00,-22.50,CLOSED,0
655402.083,0,0,0,1.000,1.000,1.000,-90.00,180.00,-22.50,CLOSED,0
655402.087,0,0,0,1.000,1.000,1.000,-90.00,180.00,-22.50,CLOSED,0
655402.091,0,0,0,1.000,1.000,1.000,-90.00,180.00,-22.50,CLOSED,0
655402.095,0,0,0,1.000,1.000,1.000,-90.00,180.00,-22.50,CLOSED,0
655402.099,0,0,0,1.000,1.000,1.000,-90.00,180.00,-22.50,CLOSED,0
655402.103,0,0,0,1.000,1.000,1.000,-90.00,180.00,-22.50,CLOSED,0
655402.106,0,0,0,1.000,1.000,1.000,-90.00,180.00,-22.50,CLOSED,0
655402.110,0,0,0,1.000,1.000,1.000,-90.00,180.00,-22.50,CLOSED,0
655402.114,0,0,0,1.000,1.000,1.000,-90.00,180.00,-22.50,CLOSED,0
655402.118,0,0,0,1.000,1.000,1.000,-90.00,180.00,-22.50,CLOSED,0
655402.122,0,0,0,1.000,1.000,1.000,-90.00,180.00,-22.50,CLOSED,0
655402.126,0,0,0,1.000,1.000,1.000,-90.00,180.00,-22.50,CLOSED,0
655402.130,0,0,0,1.000,1.000,1.000,-90.00,180.00,-22.50,CLOSED,0
655402.133,0,0,0,1.000,1.000,1.000,-90.00,180.00,-22.50,CLOSED,0
655402.138,0,0,0,1.000,1.000,1.000,-90.00,180.00,-22.50,CLOSED,0
655402.141,0,0,0,1.000,1.000,1.000,-90.00,180.00,-22.50,CLOSED,0
655402.145,0,0,0,1.000,1.000,1.000,-90.00,180.00,-22.50,CLOSED,0
655402.149,0,0,0,1.000,1.000,1.000,-90.00,180.00,-22.50,CLOSED,0
655402.153,0,0,0,1.000,1.000,1.000,-90.00,180.00,-22.50,CLOSED,0
655402.157,0,0,0,1.000,1.000,1.000,-90.00,180.00,-22.50,CLOSED,0
655402.160,0,0,0,1.000,1.000,1.000,-90.00,180.00,-22.50,CLOSED,0
655402.164,0,0,0,1.000,1.000,1.000,-90.00,180.00,-22.50,CLOSED,0
655402.168,0,0,0,1.000,1.000,1.000,-90.00,180.00,-22.50,CLOSED,0
655402.172,0,0,0,1.000,1.000,1.000,-90.00,180.00,-22.50,CLOSED,0
655402.175,0,0,0,1.000,1.000,1.000,-90.00,180.00,-22.50,CLOSED,0
655402.179,0,0,0,1.000,1.000,1.000,-90.00,180.00,-22.50,CLOSED,0
655402.184,0,0,0,1.000,1.000,1.000,-90.00,180.00,-22.50,CLOSED,0
655402.188,0,0,0,1.000,1.000,1.000,-90.00,180.00,-22.50,CLOSED,0
655402.193,0,0,0,1.000,1.000,1.000,-90.00,180.00,-22.50,CLOSED,0
655402.197,0,0,0,1.000,1.000,1.000,-90.00,180.00,-22.50,CLOSED,0
655402.201,0,0,0,1.000,1.000,1.000,-90.00,180.00,-22.50,CLOSED,0
655402.205,0,0,0,1.000,1.000,1.000,-90.00,180.00,-22.50,CLOSED,0
655402.209,0,0,0,1.000,1.000,1.000,-90.00,180.00,-22.50,CLOSED,0
655402.213,0,0,0,1.000,1.000,1.000,-90.00,180.00,-22.50,CLOSED,0
655402.217,0,0,0,1.000,1.000,1.000,-90.00,180.00,-22.50,CLOSED,0
655402.221,0,0,0,1.000,1.000,1.000,-90.00,180.00,-22.50,CLOSED,0
655402.225,0,0,0,1.000,1.000,1.000,-90.00,180.00,-22.50,CLOSED,0
655402.229,0,0,0,1.000,1.000,1.000,-90.00,180.00,-22.50,CLOSED,0
655402.233,0,0,0,1.000,1.000,1.000,-90.00,180.00,-22.50,CLOSED,0
655402.239,0,0,0,1.000,1.000,1.000,-90.00,180.00,-22.50,CLOSED,0
655402.244,0,0,0,1.000,1.000,1.000,-90.00,180.00,-22.50,CLOSED,0
655402.249,0,0,0,1.000,1.000,1.000,-90.00,180.00,-22.50,CLOSED,0
655402.253,0,0,0,1.000,1.000,1.000,-90.00,180.00,-22.50,CLOSED,0
655402.258,0,0,0,1.000,1.000,1.000,-90.00,180.00,-22.50,CLOSED,0
655402.262,0,0,0,1.000,1.000,1.000,-90.00,180.00,-22.50,CLOSED,0
655402.266,0,0,0,1.000,1.000,1.000,-90.00,180.00,-22.50,CLOSED,0
655402.270,0,0,0,1.000,1.000,1.000,-90.00,180.00,-22.50,CLOSED,0
655402.274,0,0,0,1.000,1.000,1.000,-90.00,180.00,-22.50,CLOSED,0
655402.278,0,0,0,1.000,1.000,1.000,-90.00,180.00,-22.50,CLOSED,0
655402.282,0,0,0,1.000,1.000,1.000,-90.00,180.00,-22.50,CLOSED,0
655402.287,0,0,0,1.000,1.000,1.000,-90.00,180.00,-22.50,CLOSED,0
655402.291,0,0,0,1.000,1.000,1.000,-90.00,180.00,-22.50,CLOSED,0
655402.296,0,0,0,1.000,1.000,1.000,-90.00,180.00,-22.50,CLOSED,0
655402.303,0,0,0,1.000,1.000,1.000,-90.00,180.00,-22.50,CLOSED,0
655402.310,0,0,0,1.000,1.000,1.000,-90.00,180.00,-22.50,CLOSED,0
655402.315,0,0,0,1.000,1.000,1.000,-90.00,180.00,-22.50,CLOSED,0
655402.321,0,0,0,1.000,1.000,1.000,-90.00,180.00,-22.50,CLOSED,0
655402.326,0,0,0,1.000,1.000,1.000,-90.00,180.00,-22.50,CLOSED,0
655402.331,0,0,0,1.000,1.000,1.000,-90.00,180.00,-22.50,CLOSED,0
655402.336,0,0,0,1.000,1.000,1.000,-90.00,180.00,-22.50,CLOSED,0
655402.341,0,0,0,1.000,1.000,1.000,-90.00,180.00,-22.50,CLOSED,0
655402.345,0,0,0,1.000,1.000,1.000,-90.00,180.00,-22.50,CLOSED,0
655402.349,0,0,0,1.000,1.000,1.000,-90.00,180.00,-22.50,CLOSED,0
655402.353,0,0,0,1.000,1.000,1.000,-90.00,180.00,-22.50,CLOSED,0
655402.356,0,0,0,1.000,1.000,1.000,-90.00,180.00,-22.50,CLOSED,0
655402.360,0,0,0,1.000,1.000,1.000,-90.00,180.00,-22.50,CLOSED,0
655402.364,0,0,0,1.000,1.000,1.000,-90.00,180.00,-22.50,CLOSED,0
655402.368,0,0,0,1.000,1.000,1.000,-90.00,180.00,-22.50,CLOSED,0
655402.373,0,0,0,1.000,1.000,1.000,-90.00,180.00,-22.50,CLOSED,0
655402.376,0,0,0,1.000,1.000,1.000,-90.00,180.00,-22.50,CLOSED,0
655402.380,0,0,0,1.000,1.000,1.000,-90.00,180.00,-22.50,CLOSED,0
655402.384,0,0,0,1.000,1.000,1.000,-90.00,180.00,-22.50,CLOSED,0
655402.388,0,0,0,1.000,1.000,1.000,-90.00,180.00,-22.50,CLOSED,0
655402.392,0,0,0,1.000,1.000,1.000,-90.00,180.00,-22.50,CLOSED,0
655402.395,0,0,0,1.000,1.000,1.000,-90.00,180.00,-22.50,CLOSED,0
655402.399,0,0,0,1.000,1.000,1.000,-90.00,180.00,-22.50,CLOSED,0
655402.403,0,0,0,1.000,1.000,1.000,-90.00,180.00,-22.50,CLOSED,0
655402.408,0,0,0,1.000,1.000,1.000,-90.00,180.00,-22.50,CLOSED,0
655402.412,0,0,0,1.000,1.000,1.000,-90.00,180.00,-22.50,CLOSED,0
655402.417,0,0,0,1.000,1.000,1.000,-90.00,180.00,-22.50,CLOSED,0
655402.423,0,0,0,1.000,1.000,1.000,-90.00,180.00,-22.50,CLOSED,0
655402.429,0,0,0,1.000,1.000,1.000,-90.00,180.00,-22.50,CLOSED,0
655402.434,0,0,0,1.000,1.000,1.000,-90.00,180.00,-22.50,CLOSED,0
655402.440,0,0,0,1.000,1.000,1.000,-90.00,180.00,-22.50,CLOSED,0
655402.444,0,0,0,1.000,1.000,1.000,-90.00,180.00,-22.50,CLOSED,0
655402.448,0,0,0,1.000,1.000,1.000,-90.00,180.00,-22.50,CLOSED,0
655402.452,0,0,0,1.000,1.000,1.000,-90.00,180.00,-22.50,CLOSED,0
655402.456,0,0,0,1.000,1.000,1.000,-90.00,180.00,-22.50,CLOSED,0
655402.459,0,0,0,1.000,1.000,1.000,-90.00,180.00,-22.50,CLOSED,0
655402.463,0,0,0,1.000,1.000,1.000,-90.00,180.00,-22.50,CLOSED,0
655402.467,0,0,0,1.000,1.000,1.000,-90.00,180.00,-22.50,CLOSED,0
655402.470,0,0,0,1.000,1.000,1.000,-90.00,180.00,-22.50,CLOSED,0
655402.475,0,0,0,1.000,1.000,1.000,-90.00,180.00,-22.50,CLOSED,0
655402.479,0,0,0,1.000,1.000,1.000,-90.00,180.00,-22.50,CLOSED,0
655402.483,0,0,0,1.000,1.000,1.000,-90.00,180.00,-22.50,CLOSED,0
655402.487,0,0,0,1.000,1.000,1.000,-90.00,180.00,-22.50,CLOSED,0
655402.491,0,0,0,1.000,1.000,1.000,-90.00,180.00,-22.50,CLOSED,0
655402.495,0,0,0,1.000,1.000,1.000,-90.00,180.00,-22.50,CLOSED,0
655402.500,0,0,0,1.000,1.000,1.000,-90.00,180.00,-22.50,CLOSED,0
655402.504,0,0,0,1.000,1.000,1.000,-90.00,180.00,-22.50,CLOSED,0
655402.508,0,0,0,1.000,1.000,1.000,-90.00,180.00,-22.50,CLOSED,0
655402.512,0,0,0,1.000,1.000,1.000,-90.00,180.00,-22.50,CLOSED,0
655402.516,0,0,0,1.000,1.000,1.000,-90.00,180.00,-22.50,CLOSED,0
655402.522,0,0,0,1.000,1.000,1.000,-90.00,180.00,-22.50,CLOSED,0
655402.527,0,0,0,1.000,1.000,1.000,-90.00,180.00,-22.50,CLOSED,0
655402.533,0,0,0,1.000,1.000,1.000,-90.00,180.00,-22.50,CLOSED,0
655402.539,0,0,0,1.000,1.000,1.000,-90.00,180.00,-22.50,CLOSED,0
655402.545,0,0,0,1.000,1.000,1.000,-90.00,180.00,-22.50,CLOSED,0
655402.549,0,0,0,1.000,1.000,1.000,-90.00,180.00,-22.50,CLOSED,0
655402.554,0,0,0,1.000,1.000,1.000,-90.00,180.00,-22.50,CLOSED,0
655402.558,0,0,0,1.000,1.000,1.000,-90.00,180.00,-22.50,CLOSED,0
655402.562,0,0,0,1.000,1.000,1.000,-90.00,180.00,-22.50,CLOSED,0
655402.566,0,0,0,1.000,1.000,1.000,-90.00,180.00,-22.50,CLOSED,0
655402.570,0,0,0,1.000,1.000,1.000,-90.00,180.00,-22.50,CLOSED,0
655402.574,0,0,0,1.000,1.000,1.000,-90.00,180.00,-22.50,CLOSED,0
655402.577,0,0,0,1.000,1.000,1.000,-90.00,180.00,-22.50,CLOSED,0
655402.581,0,0,0,1.000,1.000,1.000,-90.00,180.00,-22.50,CLOSED,0
655402.584,0,0,0,1.000,1.000,1.000,-90.00,180.00,-22.50,CLOSED,0
655402.589,0,0,0,1.000,1.000,1.000,-90.00,180.00,-22.50,CLOSED,0
655402.593,0,0,0,1.000,1.000,1.000,-90.00,180.00,-22.50,CLOSED,0
655402.596,0,0,0,1.000,1.000,1.000,-90.00,180.00,-22.50,CLOSED,0
655402.600,0,0,0,1.000,1.000,1.000,-90.00,180.00,-22.50,CLOSED,0
655402.604,0,0,0,1.000,1.000,1.000,-90.00,180.00,-22.50,CLOSED,0
655402.608,0,0,0,1.000,1.000,1.000,-90.00,180.00,-22.50,CLOSED,0
655402.612,0,0,0,1.000,1.000,1.000,-90.00,180.00,-22.50,CLOSED,0
655402.615,0,0,0,1.000,1.000,1.000,-90.00,180.00,-22.50,CLOSED,0
655402.620,0,0,0,1.000,1.000,1.000,-90.00,180.00,-22.50,CLOSED,0
655402.624,0,0,0,1.000,1.000,1.000,-90.00,180.00,-22.50,CLOSED,0
655402.629,0,0,0,1.000,1.000,1.000,-90.00,180.00,-22.50,CLOSED,0
655402.633,0,0,0,1.000,1.000,1.000,-90.00,180.00,-22.50,CLOSED,0
655402.636,0,0,0,1.000,1.000,1.000,-90.00,180.00,-22.50,CLOSED,0
655402.640,0,0,0,1.000,1.000,1.000,-90.00,180.00,-22.50,CLOSED,0
655402.644,0,0,0,1.000,1.000,1.000,-90.00,180.00,-22.50,CLOSED,0
655402.648,0,0,0,1.000,1.000,1.000,-90.00,180.00,-22.50,CLOSED,0
655402.652,0,0,0,1.000,1.000,1.000,-90.00,180.00,-22.50,CLOSED,0
655402.656,0,0,0,1.000,1.000,1.000,-90.00,180.00,-22.50,CLOSED,0
655402.660,0,0,0,1.000,1.000,1.000,-90.00,180.00,-22.50,CLOSED,0
655402.665,0,0,0,1.000,1.000,1.000,-90.00,180.00,-22.50,CLOSED,0
655402.668,0,0,0,1.000,1.000,1.000,-90.00,180.00,-22.50,CLOSED,0
655402.673,0,0,0,1.000,1.000,1.000,-90.00,180.00,-22.50,CLOSED,0
655402.678,0,0,0,1.000,1.000,1.000,-90.00,180.00,-22.50,CLOSED,0
655402.683,0,0,0,1.000,1.000,1.000,-90.00,180.00,-22.50,CLOSED,0
655402.687,0,0,0,1.000,1.000,1.000,-90.00,180.00,-22.50,CLOSED,0
655402.691,0,0,0,1.000,1.000,1.000,-90.00,180.00,-22.50,CLOSED,0
655402.695,0,0,0,1.000,1.000,1.000,-90.00,180.00,-22.50,CLOSED,0
655402.698,0,0,0,1.000,1.000,1.000,-90.00,180.00,-22.50,CLOSED,0
655402.702,0,0,0,0.996,1.000,1.000,-90.00,180.00,-22.50,CLOSED,0
655402.706,0,0,0,0.993,1.000,1.000,-90.00,180.00,-22.50,CLOSED,0
655402.710,0,0,0,1.000,1.000,1.000,-90.00,180.00,-22.50,CLOSED,0
655402.714,0,0,0,1.000,1.000,1.000,-90.00,180.00,-22.50,CLOSED,0
655402.718,0,0,0,1.000,1.000,1.000,-90.00,180.00,-22.50,CLOSED,0
655402.722,0,0,0,1.000,1.000,1.000,-90.00,180.00,-22.50,CLOSED,0
655402.726,0,0,0,1.000,1.000,1.000,-90.00,180.00,-22.50,CLOSED,0
655402.730,0,0,0,1.000,1.000,1.000,-90.00,180.00,-22.50,CLOSED,0
655402.734,0,0,0,0.990,1.000,1.000,-90.00,180.00,-22.50,CLOSED,0
655402.737,0,0,0,0.999,1.000,1.000,-90.00,180.00,-22.50,CLOSED,0
655402.741,0,0,0,0.991,1.000,1.000,-90.00,180.00,-22.50,CLOSED,0
655402.746,0,0,0,0.992,1.000,1.000,-90.00,180.00,-22.50,CLOSED,0
655402.750,0,0,0,0.998,1.000,1.000,-90.00,180.00,-22.50,CLOSED,0
655402.754,0,0,0,1.000,1.000,1.000,-90.00,180.00,-22.50,CLOSED,0
655402.758,0,0,0,1.000,1.000,1.000,-90.00,180.00,-22.50,CLOSED,0
655402.762,0,0,0,1.000,1.000,1.000,-90.00,180.00,-22.50,CLOSED,0
655402.766,0,0,0,1.000,1.000,1.000,-90.00,180.00,-22.50,CLOSED,0
655402.770,0,0,0,1.000,1.000,1.000,-90.00,180.00,-22.50,CLOSED,0
655402.773,0,0,0,1.000,1.000,1.000,-90.00,180.00,-22.50,CLOSED,0
655402.777,0,0,0,1.000,1.000,1.000,-90.00,180.00,-22.50,CLOSED,0
655402.781,0,0,0,1.000,1.000,1.000,-90.00,180.00,-22.50,CLOSED,0
655402.784,0,0,0,1.000,1.000,1.000,-90.00,180.00,-22.50,CLOSED,0
655402.788,0,0,0,1.000,1.000,1.000,-90.00,180.00,-22.50,CLOSED,0
655402.792,0,0,0,1.000,1.000,1.000,-90.00,180.00,-22.50,CLOSED,0
655402.796,0,0,0,1.000,1.000,1.000,-90.00,180.00,-22.50,CLOSED,0
655402.800,0,0,0,1.000,1.000,1.000,-90.00,180.00,-22.50,CLOSED,0
655402.804,0,0,0,1.000,1.000,1.000,-90.00,180.00,-22.50,CLOSED,0
655402.808,0,0,0,1.000,1.000,1.000,-90.00,180.00,-22.50,CLOSED,0
655402.812,0,0,0,1.000,1.000,1.000,-90.00,180.00,-22.50,CLOSED,0
655402.816,0,0,0,1.000,1.000,1.000,-90.00,180.00,-22.50,CLOSED,0
655402.819,0,0,0,1.000,1.000,1.000,-90.00,180.00,-22.50,CLOSED,0
655402.823,0,0,0,1.000,1.000,1.000,-90.00,180.00,-22.50,CLOSED,0
655402.827,0,0,0,1.000,1.000,1.000,-90.00,180.00,-22.50,CLOSED,0
655402.831,0,0,0,1.000,1.000,1.000,-90.00,180.00,-22.50,CLOSED,0
655402.835,0,0,0,1.000,1.000,1.000,-90.00,180.00,-22.50,CLOSED,0
655402.840,0,0,0,1.000,1.000,1.000,-90.00,180.00,-22.50,CLOSED,0
655402.846,0,0,0,1.000,1.000,1.000,-90.00,180.00,-22.50,CLOSED,0
655402.852,0,0,0,1.000,1.000,1.000,-90.00,180.00,-22.50,CLOSED,0
655402.857,0,0,0,1.000,1.000,1.000,-90.00,180.00,-22.50,CLOSED,0
655402.862,0,0,0,1.000,1.000,1.000,-90.00,180.00,-22.50,CLOSED,0
655402.866,0,0,0,1.000,1.000,1.000,-90.00,180.00,-22.50,CLOSED,0
655402.870,0,0,0,1.000,1.000,1.000,-90.00,180.00,-22.50,CLOSED,0
655402.874,0,0,0,1.000,1.000,1.000,-90.00,180.00,-22.50,CLOSED,0
655402.878,0,0,0,1.000,1.000,1.000,-90.00,180.00,-22.50,CLOSED,0
655402.882,0,0,0,1.000,1.000,1.000,-90.00,180.00,-22.50,CLOSED,0
655402.886,0,0,0,1.000,1.000,1.000,-90.00,180.00,-22.50,CLOSED,0
655402.890,0,0,0,1.000,1.000,1.000,-90.00,180.00,-22.50,CLOSED,0
655402.893,0,0,0,1.000,1.000,1.000,-90.00,180.00,-22.50,CLOSED,0
655402.897,0,0,0,1.000,1.000,1.000,-90.00,180.00,-22.50,CLOSED,0
655402.900,0,0,0,1.000,1.000,1.000,-90.00,180.00,-22.50,CLOSED,0
655402.904,0,0,0,1.000,1.000,1.000,-90.00,180.00,-22.50,CLOSED,0
655402.909,0,0,0,1.000,1.000,1.000,-90.00,180.00,-22.50,CLOSED,0
655402.914,0,0,0,1.000,1.000,1.000,-90.00,180.00,-22.50,CLOSED,0
655402.919,0,0,0,1.000,1.000,1.000,-90.00,180.00,-22.50,CLOSED,0
655402.924,0,0,0,1.000,1.000,1.000,-90.00,180.00,-22.50,CLOSED,0
655402.929,0,0,0,1.000,1.000,1.000,-90.00,180.00,-22.50,CLOSED,0
655402.934,0,0,0,1.000,1.000,1.000,-90.00,180.00,-22.50,CLOSED,0
655402.939,0,0,0,1.000,1.000,1.000,-90.00,180.00,-22.50,CLOSED,0
655402.944,0,0,0,1.000,1.000,1.000,-90.00,180.00,-22.50,CLOSED,0
655402.948,0,0,0,1.000,1.000,1.000,-90.00,180.00,-22.50,CLOSED,0
655402.952,0,0,0,1.000,1.000,1.000,-90.00,180.00,-22.50,CLOSED,0
655402.956,0,0,0,1.000,1.000,1.000,-90.00,180.00,-22.50,CLOSED,0
655402.959,0,0,0,1.000,1.000,1.000,-90.00,180.00,-22.50,CLOSED,0
655402.963,0,0,0,1.000,1.000,1.000,-90.00,180.00,-22.50,CLOSED,0
655402.967,0,0,0,1.000,1.000,1.000,-90.00,180.00,-22.50,CLOSED,0
655402.972,0,0,0,1.000,1.000,1.000,-90.00,180.00,-22.50,CLOSED,0
655402.976,0,0,0,1.000,1.000,1.000,-90.00,180.00,-22.50,CLOSED,0
655402.980,0,0,0,1.000,1.000,1.000,-90.00,180.00,-22.50,CLOSED,0
655402.985,0,0,0,1.000,1.000,1.000,-90.00,180.00,-22.50,CLOSED,0
655402.990,0,0,0,1.000,1.000,1.000,-90.00,180.00,-22.50,CLOSED,0
655402.995,0,0,0,1.000,1.000,1.000,-90.00,180.00,-22.50,CLOSED,0
655402.999,0,0,0,1.000,1.000,1.000,-90.00,180.00,-22.50,CLOSED,0
655403.002,0,0,0,1.000,1.000,1.000,-90.00,180.00,-22.50,CLOSED,0
655403.006,0,0,0,1.000,1.000,1.000,-90.00,180.00,-22.50,CLOSED,0
655403.010,0,0,0,1.000,1.000,1.000,-90.00,180.00,-22.50,CLOSED,0
655403.014,0,0,0,1.000,1.000,1.000,-90.00,180.00,-22.50,CLOSED,0
655403.017,0,0,0,1.000,1.000,1.000,-90.00,180.00,-22.50,CLOSED,0
655403.021,0,0,0,1.000,1.000,1.000,-90.00,180.00,-22.50,CLOSED,0
655403.025,0,0,0,1.000,1.000,1.000,-90.00,180.00,-22.50,CLOSED,0
655403.029,0,0,0,1.000,1.000,1.000,-90.00,180.00,-22.50,CLOSED,0
655403.033,0,0,0,1.000,1.000,1.000,-90.00,180.00,-22.50,CLOSED,0
655403.036,0,0,0,1.000,1.000,1.000,-90.00,180.00,-22.50,CLOSED,0
655403.041,0,0,0,1.000,1.000,1.000,-90.00,180.00,-22.50,CLOSED,0
655403.045,0,0,0,1.000,1.000,1.000,-90.00,180.00,-22.50,CLOSED,0
655403.048,0,0,0,1.000,1.000,1.000,-90.00,180.00,-22.50,CLOSED,0
655403.052,0,0,0,1.000,1.000,1.000,-90.00,180.00,-22.50,CLOSED,0
655403.057,0,0,0,1.000,1.000,1.000,-90.00,180.00,-22.50,CLOSED,0
655403.061,0,0,0,1.000,1.000,1.000,-90.00,180.00,-22.50,CLOSED,0
655403.066,0,0,0,1.000,1.000,1.000,-90.00,180.00,-22.50,CLOSED,0
655403.071,0,0,0,1.000,1.000,1.000,-90.00,180.00,-22.50,CLOSED,0
655403.075,0,0,0,1.000,1.000,1.000,-90.00,180.00,-22.50,CLOSED,0
655403.079,0,0,0,1.000,1.000,1.000,-90.00,180.00,-22.50,CLOSED,0
655403.083,0,0,0,1.000,1.000,1.000,-90.00,180.00,-22.50,CLOSED,0
655403.088,0,0,0,1.000,1.000,1.000,-90.00,180.00,-22.50,CLOSED,0
655403.092,0,0,0,1.000,1.000,1.000,-90.00,180.00,-22.50,CLOSED,0
655403.096,0,0,0,1.000,1.000,1.000,-90.00,180.00,-22.50,CLOSED,0
655403.099,0,0,0,1.000,1.000,1.000,-90.00,180.00,-22.50,CLOSED,0
655403.103,0,0,0,1.000,1.000,1.000,-90.00,180.00,-22.50,CLOSED,0
655403.107,0,0,0,1.000,1.000,1.000,-90.00,180.00,-22.50,CLOSED,0
655403.111,0,0,0,1.000,1.000,1.000,-90.00,180.00,-22.50,CLOSED,0
655403.115,0,0,0,1.000,1.000,1.000,-90.00,180.00,-22.50,CLOSED,0
655403.120,0,0,0,1.000,1.000,1.000,-90.00,180.00,-22.50,CLOSED,0
655403.125,0,0,0,1.000,1.000,1.000,-90.00,180.00,-22.50,CLOSED,0
655403.130,0,0,0,1.000,1.000,1.000,-90.00,180.00,-22.50,CLOSED,0
655403.134,0,0,0,1.000,1.000,1.000,-90.00,180.00,-22.50,CLOSED,0
655403.138,0,0,0,1.000,1.000,1.000,-90.00,180.00,-22.50,CLOSED,0
655403.142,0,0,0,1.000,1.000,1.000,-90.00,180.00,-22.50,CLOSED,0
655403.145,0,0,0,1.000,1.000,1.000,-90.00,180.00,-22.50,CLOSED,0
655403.149,0,0,0,1.000,1.000,1.000,-90.00,180.00,-22.50,CLOSED,0
655403.153,0,0,0,1.000,1.000,1.000,-90.00,180.00,-22.50,CLOSED,0
655403.156,0,0,0,1.000,1.000,1.000,-90.00,180.00,-22.50,CLOSED,0
655403.160,0,0,0,1.000,1.000,1.000,-90.00,180.00,-22.50,CLOSED,0
655403.163,0,0,0,1.000,1.000,1.000,-90.00,180.00,-22.50,CLOSED,0
655403.167,0,0,0,1.000,1.000,1.000,-90.00,180.00,-22.50,CLOSED,0
655403.171,0,0,0,1.000,1.000,1.000,-90.00,180.00,-22.50,CLOSED,0
655403.174,0,0,0,1.000,1.000,1.000,-90.00,180.00,-22.50,CLOSED,0
655403.178,0,0,0,1.000,1.000,1.000,-90.00,180.00,-22.50,CLOSED,0
655403.182,0,0,0,1.000,1.000,1.000,-90.00,180.00,-22.50,CLOSED,0
655403.186,0,0,0,1.000,1.000,1.000,-90.00,180.00,-22.50,CLOSED,0
655403.192,0,0,0,1.000,1.000,1.000,-90.00,180.00,-22.50,CLOSED,0
655403.196,0,0,0,1.000,1.000,1.000,-90.00,180.00,-22.50,CLOSED,0
655403.200,0,0,0,1.000,1.000,1.000,-90.00,180.00,-22.50,CLOSED,0
655403.204,0,0,0,1.000,1.000,1.000,-90.00,180.00,-22.50,CLOSED,0
655403.208,0,0,0,1.000,1.000,1.000,-90.00,180.00,-22.50,CLOSED,0
655403.211,0,0,0,1.000,1.000,1.000,-90.00,180.00,-22.50,CLOSED,0
655403.215,0,0,0,1.000,1.000,1.000,-90.00,180.00,-22.50,CLOSED,0
655403.219,0,0,0,1.000,1.000,1.000,-90.00,180.00,-22.50,CLOSED,0
655403.224,0,0,0,1.000,1.000,1.000,-90.00,180.00,-22.50,CLOSED,0
655403.229,0,0,0,1.000,1.000,1.000,-90.00,180.00,-22.50,CLOSED,0
655403.234,0,0,0,1.000,1.000,1.000,-90.00,180.00,-22.50,CLOSED,0
655403.239,0,0,0,1.000,1.000,1.000,-90.00,180.00,-22.50,CLOSED,0
655403.244,0,0,0,1.000,1.000,1.000,-90.00,180.00,-22.50,CLOSED,0
655403.249,0,0,0,1.000,1.000,1.000,-90.00,180.00,-22.50,CLOSED,0
655403.253,0,0,0,1.000,1.000,1.000,-90.00,180.00,-22.50,CLOSED,0
655403.258,0,0,0,1.000,1.000,1.000,-90.00,180.00,-22.50,CLOSED,0
655403.262,0,0,0,1.000,1.000,1.000,-90.00,180.00,-22.50,CLOSED,0
655403.266,0,0,0,1.000,1.000,1.000,-90.00,180.00,-22.50,CLOSED,0
655403.271,0,0,0,1.000,1.000,1.000,-90.00,180.00,-22.50,CLOSED,0
655403.275,0,0,0,1.000,1.000,1.000,-90.00,180.00,-22.50,CLOSED,0
655403.278,0,0,0,1.000,1.000,1.000,-90.00,180.00,-22.50,CLOSED,0
655403.282,0,0,0,1.000,1.000,1.000,-90.00,180.00,-22.50,CLOSED,0
655403.286,0,0,0,1.000,0.999,1.000,-90.00,180.00,-22.50,CLOSED,0
655403.289,0,0,0,1.000,0.998,1.000,-90.00,180.00,-22.50,CLOSED,0
655403.294,0,0,0,1.000,0.994,1.000,-90.00,180.00,-22.50,CLOSED,0
655403.298,0,0,0,1.000,0.973,1.000,-90.00,180.00,-22.50,CLOSED,0
655403.302,0,0,0,1.000,0.706,1.000,-90.00,180.00,-22.50,CLOSED,0
655403.306,0,0,0,1.000,0.835,1.000,-90.00,180.00,-22.50,CLOSED,0
655403.310,0,0,0,1.000,0.947,1.000,-90.00,180.00,-22.50,CLOSED,0
655403.314,0,0,0,1.000,0.962,1.000,-90.00,180.00,-22.50,CLOSED,0
655403.318,0,0,0,1.000,0.954,1.000,-90.00,180.00,-22.50,CLOSED,0
655403.323,0,0,0,1.000,0.886,1.000,-90.00,180.00,-22.50,CLOSED,0
655403.327,0,0,0,1.000,0.583,1.000,-90.00,180.00,-22.50,CLOSED,0
655403.331,0,0,0,1.000,0.745,1.000,-90.00,180.00,-22.50,CLOSED,0
655403.336,0,0,0,1.000,0.909,1.000,-90.00,180.00,-22.50,CLOSED,0
655403.340,0,0,0,1.000,0.961,0.999,-90.00,180.00,-22.50,CLOSED,0
655403.344,0,0,0,1.000,0.986,0.998,-90.00,180.00,-22.50,CLOSED,0
655403.348,0,0,0,1.000,0.994,0.997,-90.00,180.00,-22.50,CLOSED,0
655403.352,0,0,0,1.000,0.996,0.996,-90.00,180.00,-22.50,CLOSED,0
655403.356,0,0,0,1.000,0.997,0.995,-90.00,180.00,-22.50,CLOSED,0
655403.360,0,0,0,1.000,0.998,0.995,-90.00,180.00,-22.50,CLOSED,0
655403.363,0,0,0,1.000,0.998,0.994,-90.00,180.00,-22.50,CLOSED,0
655403.367,0,0,0,1.000,0.998,0.994,-90.00,180.00,-22.50,CLOSED,0
655403.371,0,0,0,1.000,0.999,0.992,-90.00,180.00,-22.50,CLOSED,0
655403.375,0,0,0,1.000,0.999,0.987,-90.00,180.00,-22.50,CLOSED,0
655403.378,0,0,0,1.000,0.999,0.979,-90.00,180.00,-22.50,CLOSED,0
655403.382,0,0,0,1.000,0.999,0.969,-90.00,180.00,-22.50,CLOSED,0
655403.387,0,0,0,1.000,1.000,0.968,-90.00,180.00,-22.50,CLOSED,0
655403.393,0,0,0,1.000,1.000,0.970,-90.00,180.00,-22.50,CLOSED,0
655403.400,0,0,0,1.000,1.000,0.976,-90.00,180.00,-22.50,CLOSED,0
655403.406,0,0,0,1.000,1.000,0.979,-90.00,180.00,-22.50,CLOSED,0
655403.411,0,0,0,1.000,0.999,0.980,-90.00,180.00,-22.50,CLOSED,0
655403.415,0,0,0,1.000,0.999,0.982,-90.00,180.00,-22.50,CLOSED,0
655403.420,0,0,0,1.000,0.998,0.983,-90.00,180.00,-22.50,CLOSED,0
655403.424,0,0,0,1.000,0.994,0.979,-90.00,180.00,-22.50,CLOSED,0
655403.428,0,0,0,1.000,0.980,0.973,-90.00,180.00,-22.50,CLOSED,0
655403.432,0,0,0,1.000,0.943,0.951,-90.00,180.00,-22.50,CLOSED,0
655403.435,0,0,0,1.000,0.888,0.924,-90.00,180.00,-22.50,CLOSED,0
655403.439,0,0,0,1.000,0.865,0.897,-90.00,180.00,-22.50,CLOSED,0
655403.443,0,0,0,1.000,0.869,0.887,-90.00,180.00,-22.50,CLOSED,0
655403.447,0,0,0,1.000,0.854,0.901,-90.00,180.00,-22.50,CLOSED,0
655403.452,0,0,0,1.000,0.831,0.929,-90.00,180.00,-22.50,CLOSED,0
655403.456,0,0,0,1.000,0.825,0.960,-90.00,180.00,-22.50,CLOSED,0
655403.460,0,0,0,1.000,0.859,0.977,-90.00,180.00,-22.50,CLOSED,0
655403.465,0,0,0,1.000,0.906,0.988,-90.00,180.00,-22.50,CLOSED,0
655403.469,0,0,0,1.000,0.942,0.992,-90.00,180.00,-22.50,CLOSED,0
655403.473,0,0,0,1.000,0.969,0.995,-90.00,180.00,-22.50,CLOSED,0
655403.477,0,0,0,1.000,0.981,0.997,-90.00,180.00,-22.50,CLOSED,0
655403.481,0,0,0,1.000,0.989,0.998,-90.00,180.00,-22.50,CLOSED,0
655403.485,0,0,0,1.000,0.992,0.998,-90.00,180.00,-22.50,CLOSED,0
655403.488,0,0,0,1.000,0.995,0.998,-90.00,180.00,-22.50,CLOSED,0
655403.492,0,0,0,1.000,0.996,0.998,-90.00,180.00,-22.50,CLOSED,0
655403.496,0,0,0,1.000,0.997,0.998,-90.00,180.00,-22.50,CLOSED,0
655403.500,0,0,0,1.000,0.996,0.997,-90.00,180.00,-22.50,CLOSED,0
655403.503,0,0,0,1.000,0.995,0.996,-90.00,180.00,-22.50,CLOSED,0
655403.507,0,0,0,1.000,0.989,0.994,-90.00,180.00,-22.50,CLOSED,0
655403.511,0,0,0,1.000,0.962,0.989,-90.00,180.00,-22.50,CLOSED,0
655403.516,0,0,0,1.000,0.843,0.982,-90.00,180.00,-22.50,CLOSED,0
655403.522,0,0,0,1.000,0.502,0.973,-90.00,180.00,-22.50,CLOSED,0
655403.526,0,0,0,1.000,0.804,0.970,-90.00,180.00,-22.50,CLOSED,0
655403.531,0,0,0,1.000,0.892,0.972,-90.00,180.00,-22.50,CLOSED,0
655403.535,0,0,0,1.000,0.892,0.979,-90.00,180.00,-22.50,CLOSED,0
655403.540,0,0,0,1.000,0.818,0.984,-90.00,180.00,-22.50,CLOSED,0
655403.543,0,0,0,1.000,0.657,0.989,-90.00,180.00,-22.50,CLOSED,0
655403.547,0,0,0,1.000,0.515,0.990,-90.00,180.00,-22.50,CLOSED,0
655403.551,0,0,0,1.000,0.650,0.990,-90.00,180.00,-22.50,CLOSED,0
655403.555,0,0,0,1.000,0.754,0.989,-90.00,180.00,-22.50,CLOSED,0
655403.559,0,0,0,1.000,0.770,0.988,-90.00,180.00,-22.50,CLOSED,0
655403.563,0,0,0,1.000,0.735,0.985,-90.00,180.00,-22.50,CLOSED,0
655403.566,0,0,0,1.000,0.698,0.983,-90.00,180.00,-22.50,CLOSED,0
655403.570,0,0,0,1.000,0.645,0.984,-90.00,180.00,-22.50,CLOSED,0
655403.574,0,0,0,1.000,0.608,0.985,-90.00,180.00,-22.50,CLOSED,0
655403.578,0,0,0,1.000,0.618,0.989,-90.00,180.00,-22.50,CLOSED,0
655403.583,0,0,0,1.000,0.718,0.990,-90.00,180.00,-22.50,CLOSED,0
655403.587,0,0,0,1.000,0.775,0.992,-90.00,180.00,-22.50,CLOSED,0
655403.592,0,0,0,1.000,0.844,0.990,-90.00,180.00,-22.50,CLOSED,0
655403.596,0,0,0,1.000,0.898,0.991,-90.00,180.00,-22.50,CLOSED,0
655403.600,0,0,0,1.000,0.915,0.989,-90.00,180.00,-22.50,CLOSED,0
655403.604,0,0,0,1.000,0.913,0.986,-90.00,180.00,-22.50,CLOSED,0
655403.608,0,0,0,1.000,0.908,0.983,-90.00,180.00,-22.50,CLOSED,0
655403.612,0,0,0,1.000,0.883,0.972,-90.00,180.00,-22.50,CLOSED,0
655403.616,0,0,0,1.000,0.875,0.955,-90.00,180.00,-22.50,CLOSED,0
655403.620,0,0,0,1.000,0.937,0.949,-90.00,180.00,-22.50,CLOSED,0
655403.624,0,0,0,1.000,0.978,0.950,-90.00,180.00,-22.50,CLOSED,0
655403.628,0,0,0,1.000,0.992,0.962,-90.00,180.00,-22.50,CLOSED,0
655403.632,0,0,0,1.000,0.996,0.970,-90.00,180.00,-22.50,CLOSED,0
655403.635,0,0,0,1.000,0.997,0.974,-90.00,180.00,-22.50,CLOSED,0
655403.640,0,0,0,1.000,0.998,0.978,-90.00,180.00,-22.50,CLOSED,0
655403.643,0,0,0,1.000,0.998,0.979,-90.00,180.00,-22.50,CLOSED,0
655403.648,0,0,0,1.000,0.997,0.977,-90.00,180.00,-22.50,CLOSED,0
655403.652,0,0,0,1.000,0.994,0.975,-90.00,180.00,-22.50,CLOSED,0
655403.656,0,0,0,1.000,0.987,0.974,-90.00,180.00,-22.50,CLOSED,0
655403.660,0,0,0,1.000,0.955,0.970,-90.00,180.00,-22.50,CLOSED,0
655403.664,0,0,0,1.000,0.852,0.962,-90.00,180.00,-22.50,CLOSED,0
655403.668,0,0,0,1.000,0.690,0.959,-90.00,180.00,-22.50,CLOSED,0
655403.672,0,0,0,1.000,0.531,0.957,-90.00,180.00,-22.50,CLOSED,0
655403.677,0,0,0,1.000,0.596,0.954,-90.00,180.00,-22.50,CLOSED,0
655403.681,0,0,0,1.000,0.509,0.960,-90.00,180.00,-22.50,CLOSED,0
655403.685,0,0,0,1.000,0.617,0.963,-90.00,180.00,-22.50,CLOSED,0
655403.690,0,0,0,1.000,0.725,0.964,-90.00,180.00,-22.50,CLOSED,0
655403.694,0,0,0,1.000,0.760,0.968,-90.00,180.00,-22.50,CLOSED,0
655403.699,0,0,0,1.000,0.755,0.971,-90.00,180.00,-22.50,CLOSED,0
655403.703,0,0,0,1.000,0.711,0.976,-90.00,180.00,-22.50,CLOSED,0
655403.707,0,0,0,1.000,0.637,0.980,-90.00,180.00,-22.50,CLOSED,0
655403.710,0,0,0,1.000,0.555,0.980,-90.00,180.00,-22.50,CLOSED,0
655403.714,0,0,0,1.000,0.519,0.983,-90.00,180.00,-22.50,CLOSED,0
655403.718,0,0,0,1.000,0.550,0.983,-90.00,180.00,-22.50,CLOSED,0
655403.722,0,0,0,1.000,0.720,0.981,-90.00,180.00,-22.50,CLOSED,0
655403.726,0,0,0,1.000,0.863,0.972,-90.00,180.00,-22.50,CLOSED,0
655403.730,0,0,0,1.000,0.956,0.953,-90.00,180.00,-22.50,CLOSED,0
655403.734,0,0,0,1.000,0.980,0.932,-90.00,180.00,-22.50,CLOSED,0
655403.738,0,0,0,1.000,0.987,0.903,-90.00,180.00,-22.50,CLOSED,0
655403.741,0,0,0,1.000,0.988,0.892,-90.00,180.00,-22.50,CLOSED,0
655403.746,0,0,0,1.000,0.986,0.895,-90.00,180.00,-22.50,CLOSED,0
655403.750,0,0,0,1.000,0.977,0.924,-90.00,180.00,-22.50,CLOSED,0
655403.754,0,0,0,1.000,0.950,0.968,-90.00,180.00,-22.50,CLOSED,0
655403.758,0,0,0,1.000,0.926,0.987,-90.00,180.00,-22.50,CLOSED,0
655403.762,0,0,0,1.000,0.941,0.996,-90.00,180.00,-22.50,CLOSED,0
655403.766,0,0,0,1.000,0.975,0.999,-90.00,180.00,-22.50,CLOSED,0
655403.771,0,0,0,1.000,0.987,0.999,-90.00,180.00,-22.50,CLOSED,0
655403.776,0,0,0,1.000,0.995,0.999,-90.00,180.00,-22.50,CLOSED,0
655403.780,0,0,0,1.000,0.999,0.999,-90.00,180.00,-22.50,CLOSED,0
655403.784,0,0,0,1.000,1.000,0.999,-90.00,180.00,-22.50,CLOSED,0
655403.788,0,0,0,1.000,1.000,0.999,-90.00,180.00,-22.50,CLOSED,0
655403.792,0,0,0,1.000,1.000,0.999,-90.00,180.00,-22.50,CLOSED,0
655403.796,0,0,0,1.000,1.000,1.000,-90.00,180.00,-22.50,CLOSED,0
655403.800,0,0,0,1.000,1.000,1.000,-90.00,180.00,-22.50,CLOSED,0
655403.804,0,0,0,1.000,1.000,1.000,-90.00,180.00,-22.50,CLOSED,0
655403.808,0,0,0,1.000,1.000,1.000,-90.00,180.00,-22.50,CLOSED,0
655403.812,0,0,0,1.000,0.998,1.000,-90.00,180.00,-22.50,CLOSED,0
655403.816,0,0,0,0.999,0.998,1.000,-90.00,180.00,-22.50,CLOSED,0
655403.820,0,0,0,0.999,0.998,1.000,-90.00,180.00,-22.50,CLOSED,0
655403.823,0,0,0,0.999,0.999,1.000,-90.00,180.00,-22.50,CLOSED,0
655403.827,0,0,0,1.000,1.000,1.000,-90.00,180.00,-22.50,CLOSED,0
655403.832,0,0,0,1.000,1.000,1.000,-90.00,180.00,-22.50,CLOSED,0
655403.838,0,0,0,1.000,1.000,1.000,-90.00,180.00,-22.50,CLOSED,0
655403.843,0,0,0,1.000,1.000,1.000,-90.00,180.00,-22.50,CLOSED,0
655403.847,0,0,0,1.000,1.000,1.000,-90.00,180.00,-22.50,CLOSED,0
655403.851,0,0,0,1.000,1.000,1.000,-90.00,180.00,-22.50,CLOSED,0
655403.856,0,0,0,1.000,1.000,1.000,-90.00,180.00,-22.50,CLOSED,0
655403.860,0,0,0,1.000,1.000,1.000,-90.00,180.00,-22.50,CLOSED,0
655403.864,0,0,0,1.000,1.000,1.000,-90.00,180.00,-22.50,CLOSED,0
655403.868,0,0,0,1.000,1.000,1.000,-90.00,180.00,-22.50,CLOSED,0
655403.872,0,0,0,1.000,1.000,1.000,-90.00,180.00,-22.50,CLOSED,0
655403.876,0,0,0,1.000,1.000,1.000,-90.00,180.00,-22.50,CLOSED,0
655403.881,0,0,0,1.000,1.000,1.000,-90.00,180.00,-22.50,CLOSED,0
655403.885,0,0,0,1.000,1.000,1.000,-90.00,180.00,-22.50,CLOSED,0
655403.889,0,0,0,1.000,1.000,1.000,-90.00,180.00,-22.50,CLOSED,0
655403.892,0,0,0,1.000,1.000,1.000,-90.00,180.00,-22.50,CLOSED,0
655403.897,0,0,0,1.000,1.000,1.000,-90.00,180.00,-22.50,CLOSED,0
655403.901,0,0,0,1.000,1.000,1.000,-90.00,180.00,-22.50,CLOSED,0
655403.906,0,0,0,1.000,1.000,1.000,-90.00,180.00,-22.50,CLOSED,0
655403.911,0,0,0,1.000,1.000,1.000,-90.00,180.00,-22.50,CLOSED,0
655403.915,0,0,0,1.000,1.000,1.000,-90.00,180.00,-22.50,CLOSED,0
655403.921,0,0,0,1.000,1.000,1.000,-90.00,180.00,-22.50,CLOSED,0
655403.925,0,0,0,1.000,1.000,1.000,-90.00,180.00,-22.50,CLOSED,0
655403.929,0,0,0,1.000,1.000,1.000,-90.00,180.00,-22.50,CLOSED,0
655403.933,0,0,0,1.000,1.000,1.000,-90.00,180.00,-22.50,CLOSED,0
655403.937,0,0,0,1.000,1.000,1.000,-90.00,180.00,-22.50,CLOSED,0
655403.941,0,0,0,1.000,1.000,1.000,-90.00,180.00,-22.50,CLOSED,0
655403.944,0,0,0,1.000,1.000,1.000,-90.00,180.00,-22.50,CLOSED,0
655403.948,0,0,0,1.000,1.000,1.000,-90.00,180.00,-22.50,CLOSED,0
655403.953,0,0,0,1.000,1.000,1.000,-90.00,180.00,-22.50,CLOSED,0
655403.958,0,0,0,1.000,1.000,1.000,-90.00,180.00,-22.50,CLOSED,0
655403.963,0,0,0,1.000,1.000,1.000,-90.00,180.00,-22.50,CLOSED,0
655403.967,0,0,0,1.000,1.000,1.000,-90.00,180.00,-22.50,CLOSED,0
655403.971,0,0,0,1.000,1.000,1.000,-90.00,180.00,-22.50,CLOSED,0
655403.976,0,0,0,1.000,1.000,1.000,-90.00,180.00,-22.50,CLOSED,0
655403.980,0,0,0,1.000,1.000,1.000,-90.00,180.00,-22.50,CLOSED,0
655403.984,0,0,0,1.000,1.000,1.000,-90.00,180.00,-22.50,CLOSED,0
655403.988,0,0,0,1.000,1.000,1.000,-90.00,180.00,-22.50,CLOSED,0
655403.992,0,0,0,1.000,1.000,1.000,-90.00,180.00,-22.50,CLOSED,0
655403.996,0,0,0,1.000,1.000,1.000,-90.00,180.00,-22.50,CLOSED,0
655404.000,0,0,0,1.000,1.000,1.000,-90.00,180.00,-22.50,CLOSED,0
655404.004,0,0,0,1.000,1.000,1.000,-90.00,180.00,-22.50,CLOSED,0
655404.008,0,0,0,1.000,1.000,1.000,-90.00,180.00,-22.50,CLOSED,0
655404.012,0,0,0,1.000,1.000,1.000,-90.00,180.00,-22.50,CLOSED,0
655404.017,0,0,0,1.000,1.000,1.000,-90.00,180.00,-22.50,CLOSED,0
655404.021,0,0,0,1.000,1.000,1.000,-90.00,180.00,-22.50,CLOSED,0
655404.025,0,0,0,1.000,1.000,1.000,-90.00,180.00,-22.50,CLOSED,0
655404.028,0,0,0,1.000,1.000,1.000,-90.00,180.00,-22.50,CLOSED,0
655404.032,0,0,0,1.000,1.000,1.000,-90.00,180.00,-22.50,CLOSED,0
655404.036,0,0,0,1.000,1.000,1.000,-90.00,180.00,-22.50,CLOSED,0
655404.040,0,0,0,1.000,1.000,1.000,-90.00,180.00,-22.50,CLOSED,0
655404.045,0,0,0,1.000,1.000,1.000,-90.00,180.00,-22.50,CLOSED,0
655404.049,0,0,0,1.000,1.000,1.000,-90.00,180.00,-22.50,CLOSED,0
655404.053,0,0,0,1.000,1.000,1.000,-90.00,180.00,-22.50,CLOSED,0
655404.056,0,0,0,1.000,1.000,1.000,-90.00,180.00,-22.50,CLOSED,0
655404.060,0,0,0,1.000,1.000,1.000,-90.00,180.00,-22.50,CLOSED,0
655404.064,0,0,0,1.000,1.000,1.000,-90.00,180.00,-22.50,CLOSED,0
655404.069,0,0,0,1.000,1.000,1.000,-90.00,180.00,-22.50,CLOSED,0
655404.073,0,0,0,1.000,1.000,1.000,-90.00,180.00,-22.50,CLOSED,0
655404.078,0,0,0,1.000,1.000,1.000,-90.00,180.00,-22.50,CLOSED,0
655404.082,0,0,0,1.000,1.000,1.000,-90.00,180.00,-22.50,CLOSED,0
655404.085,0,0,0,1.000,1.000,1.000,-90.00,180.00,-22.50,CLOSED,0
655404.090,0,0,0,1.000,1.000,1.000,-90.00,180.00,-22.50,CLOSED,0
655404.094,0,0,0,1.000,1.000,1.000,-90.00,180.00,-22.50,CLOSED,0
655404.098,0,0,0,1.000,1.000,1.000,-90.00,180.00,-22.50,CLOSED,0
655404.102,0,0,0,1.000,1.000,1.000,-90.00,180.00,-22.50,CLOSED,0
655404.107,0,0,0,1.000,1.000,1.000,-90.00,180.00,-22.50,CLOSED,0
655404.111,0,0,0,1.000,1.000,1.000,-90.00,180.00,-22.50,CLOSED,0
655404.115,0,0,0,1.000,1.000,1.000,-90.00,180.00,-22.50,CLOSED,0
655404.119,0,0,0,1.000,1.000,1.000,-90.00,180.00,-22.50,CLOSED,0
655404.123,0,0,0,1.000,1.000,1.000,-90.00,180.00,-22.50,CLOSED,0
655404.127,0,0,0,1.000,1.000,1.000,-90.00,180.00,-22.50,CLOSED,0
655404.130,0,0,0,1.000,1.000,1.000,-90.00,180.00,-22.50,CLOSED,0
655404.134,0,0,0,1.000,1.000,1.000,-90.00,180.00,-22.50,CLOSED,0
655404.138,0,0,0,1.000,1.000,1.000,-90.00,180.00,-22.50,CLOSED,0
655404.142,0,0,0,1.000,1.000,1.000,-90.00,180.00,-22.50,CLOSED,0
655404.147,0,0,0,1.000,1.000,1.000,-90.00,180.00,-22.50,CLOSED,0
655404.152,0,0,0,1.000,1.000,1.000,-90.00,180.00,-22.50,CLOSED,0
655404.157,0,0,0,1.000,1.000,1.000,-90.00,180.00,-22.50,CLOSED,0
655404.162,0,0,0,1.000,1.000,1.000,-90.00,180.00,-22.50,CLOSED,0
655404.167,0,0,0,1.000,1.000,1.000,-90.00,180.00,-22.50,CLOSED,0
655404.172,0,0,0,1.000,1.000,1.000,-90.00,180.00,-22.50,CLOSED,0
655404.176,0,0,0,1.000,1.000,1.000,-90.00,180.00,-22.50,CLOSED,0
655404.181,0,0,0,1.000,1.000,1.000,-90.00,180.00,-22.50,CLOSED,0
655404.185,0,0,0,1.000,1.000,1.000,-90.00,180.00,-22.50,CLOSED,0
655404.188,0,0,0,1.000,1.000,1.000,-90.00,180.00,-22.50,CLOSED,0
655404.192,0,0,0,1.000,1.000,1.000,-90.00,180.00,-22.50,CLOSED,0
655404.197,0,0,0,1.000,1.000,1.000,-90.00,180.00,-22.50,CLOSED,0
655404.201,0,0,0,1.000,1.000,1.000,-90.00,180.00,-22.50,CLOSED,0
655404.204,0,0,0,1.000,1.000,1.000,-90.00,180.00,-22.50,CLOSED,0
655404.208,0,0,0,1.000,1.000,1.000,-90.00,180.00,-22.50,CLOSED,0
655404.212,0,0,0,1.000,1.000,1.000,-90.00,180.00,-22.50,CLOSED,0
655404.216,0,0,0,1.000,1.000,1.000,-90.00,180.00,-22.50,CLOSED,0
655404.220,0,0,0,1.000,1.000,1.000,-90.00,180.00,-22.50,CLOSED,0
655404.224,0,0,0,1.000,1.000,1.000,-90.00,180.00,-22.50,CLOSED,0
655404.228,0,0,0,1.000,1.000,1.000,-90.00,180.00,-22.50,CLOSED,0
655404.232,0,0,0,1.000,1.000,1.000,-90.00,180.00,-22.50,CLOSED,0
655404.236,0,0,0,1.000,1.000,1.000,-90.00,180.00,-22.50,CLOSED,0
655404.240,0,0,0,1.000,1.000,1.000,-90.00,180.00,-22.50,CLOSED,0
655404.243,0,0,0,1.000,1.000,1.000,-90.00,180.00,-22.50,CLOSED,0
655404.247,0,0,0,1.000,1.000,1.000,-90.00,180.00,-22.50,CLOSED,0
655404.250,0,0,0,1.000,1.000,1.000,-90.00,180.00,-22.50,CLOSED,0
655404.254,0,0,0,1.000,1.000,1.000,-90.00,180.00,-22.50,CLOSED,0
655404.258,0,0,0,1.000,1.000,1.000,-90.00,180.00,-22.50,CLOSED,0
655404.262,0,0,0,1.000,1.000,1.000,-90.00,180.00,-22.50,CLOSED,0
655404.266,0,0,0,1.000,1.000,1.000,-90.00,180.00,-22.50,CLOSED,0
655404.270,0,0,0,1.000,1.000,1.000,-90.00,180.00,-22.50,CLOSED,0
655404.274,0,0,0,1.000,1.000,1.000,-90.00,180.00,-22.50,CLOSED,0
655404.278,0,0,0,1.000,1.000,1.000,-90.00,180.00,-22.50,CLOSED,0
655404.282,0,0,0,1.000,1.000,1.000,-90.00,180.00,-22.50,CLOSED,0
655404.286,0,0,0,1.000,1.000,1.000,-90.00,180.00,-22.50,CLOSED,0
655404.290,0,0,0,1.000,1.000,1.000,-90.00,180.00,-22.50,CLOSED,0
655404.294,0,0,0,1.000,1.000,1.000,-90.00,180.00,-22.50,CLOSED,0
655404.298,0,0,0,1.000,1.000,1.000,-90.00,180.00,-22.50,CLOSED,0
655404.303,0,0,0,1.000,1.000,1.000,-90.00,180.00,-22.50,CLOSED,0
655404.307,0,0,0,1.000,1.000,1.000,-90.00,180.00,-22.50,CLOSED,0
655404.312,0,0,0,1.000,1.000,1.000,-90.00,180.00,-22.50,CLOSED,0
655404.315,0,0,0,1.000,1.000,1.000,-90.00,180.00,-22.50,CLOSED,0
655404.319,0,0,0,1.000,1.000,1.000,-90.00,180.00,-22.50,CLOSED,0
655404.323,0,0,0,1.000,1.000,1.000,-90.00,180.00,-22.50,CLOSED,0
655404.327,0,0,0,1.000,1.000,1.000,-90.00,180.00,-22.50,CLOSED,0
655404.332,0,0,0,1.000,1.000,1.000,-90.00,180.00,-22.50,CLOSED,0
655404.336,0,0,0,1.000,1.000,1.000,-90.00,180.00,-22.50,CLOSED,0
655404.342,0,0,0,1.000,1.000,1.000,-90.00,180.00,-22.50,CLOSED,0
655404.346,0,0,0,1.000,1.000,1.000,-90.00,180.00,-22.50,CLOSED,0
655404.350,0,0,0,1.000,1.000,1.000,-90.00,180.00,-22.50,CLOSED,0
655404.355,0,0,0,1.000,1.000,1.000,-90.00,180.00,-22.50,CLOSED,0
655404.359,0,0,0,1.000,1.000,1.000,-90.00,180.00,-22.50,CLOSED,0
655404.363,0,0,0,1.000,1.000,1.000,-90.00,180.00,-22.50,CLOSED,0
655404.367,0,0,0,1.000,1.000,1.000,-90.00,180.00,-22.50,CLOSED,0
655404.371,0,0,0,1.000,1.000,1.000,-90.00,180.00,-22.50,CLOSED,0
655404.375,0,0,0,1.000,1.000,1.000,-90.00,180.00,-22.50,CLOSED,0
655404.378,0,0,0,1.000,1.000,1.000,-90.00,180.00,-22.50,CLOSED,0
655404.382,0,0,0,1.000,1.000,1.000,-90.00,180.00,-22.50,CLOSED,0
655404.386,0,0,0,1.000,1.000,1.000,-90.00,180.00,-22.50,CLOSED,0
655404.390,0,0,0,1.000,1.000,1.000,-90.00,180.00,-22.50,CLOSED,0
655404.394,0,0,0,1.000,1.000,1.000,-90.00,180.00,-22.50,CLOSED,0
655404.398,0,0,0,1.000,1.000,1.000,-90.00,180.00,-22.50,CLOSED,0
655404.403,0,0,0,1.000,1.000,1.000,-90.00,180.00,-22.50,CLOSED,0
655404.407,0,0,0,1.000,1.000,1.000,-90.00,180.00,-22.50,CLOSED,0
655404.412,0,0,0,0.999,1.000,1.000,-90.00,180.00,-22.50,CLOSED,0
655404.416,0,0,0,0.992,1.000,1.000,-90.00,180.00,-22.50,CLOSED,0
655404.421,0,0,0,0.991,1.000,1.000,-90.00,180.00,-22.50,CLOSED,0
655404.425,0,0,0,0.997,1.000,1.000,-90.00,180.00,-22.50,CLOSED,0
655404.429,0,0,0,0.992,1.000,1.000,-90.00,180.00,-22.50,CLOSED,0
655404.432,0,0,0,0.989,1.000,1.000,-90.00,180.00,-22.50,CLOSED,0
655404.436,0,0,0,0.995,1.000,1.000,-90.00,180.00,-22.50,CLOSED,0
655404.440,0,0,0,0.987,1.000,1.000,-90.00,180.00,-22.50,CLOSED,0
655404.444,0,0,0,0.986,1.000,1.000,-90.00,180.00,-22.50,CLOSED,0
655404.448,0,0,0,0.989,1.000,1.000,-90.00,180.00,-22.50,CLOSED,0
655404.452,0,0,0,0.998,0.999,1.000,-90.00,180.00,-22.50,CLOSED,0
655404.456,0,0,0,0.999,0.950,1.000,-90.00,180.00,-22.50,CLOSED,0
655404.460,0,0,0,0.999,0.765,1.000,-90.00,180.00,-22.50,CLOSED,0
655404.464,0,0,0,0.995,0.989,1.000,-90.00,180.00,-22.50,CLOSED,0
655404.468,0,0,0,0.985,0.999,1.000,-90.00,180.00,-22.50,CLOSED,0
655404.472,0,0,0,0.989,1.000,1.000,-90.00,180.00,-22.50,CLOSED,0
655404.476,0,0,0,0.994,1.000,1.000,-90.00,180.00,-22.50,CLOSED,0
655404.481,0,0,0,0.997,1.000,1.000,-90.00,180.00,-22.50,CLOSED,0
655404.485,0,0,0,0.999,1.000,1.000,-90.00,180.00,-22.50,CLOSED,0
655404.489,0,0,0,0.999,1.000,1.000,-90.00,180.00,-22.50,CLOSED,0
655404.494,0,0,0,0.996,1.000,1.000,-90.00,180.00,-22.50,CLOSED,0
655404.500,0,0,0,0.999,1.000,1.000,-90.00,180.00,-22.50,CLOSED,0
655404.505,0,0,0,1.000,1.000,1.000,-90.00,180.00,-22.50,CLOSED,0
655404.510,0,1,0,1.000,1.000,1.000,-90.00,90.00,-22.50,CLOSED,1
655404.515,0,1,0,1.000,1.000,0.999,-90.00,90.00,-22.50,CLOSED,0
655404.521,0,1,0,1.000,1.000,0.998,-90.00,90.00,-22.50,CLOSED,0
655404.525,0,1,0,1.000,1.000,0.996,-90.00,90.00,-22.50,CLOSED,0
655404.530,0,1,0,1.000,1.000,0.994,-90.00,90.00,-22.50,CLOSED,0
655404.534,0,1,0,1.000,1.000,0.993,-90.00,90.00,-22.50,CLOSED,0
655404.537,0,1,0,1.000,1.000,0.992,-90.00,90.00,-22.50,CLOSED,0
655404.541,0,1,0,1.000,1.000,0.990,-90.00,90.00,-22.50,CLOSED,0
655404.546,0,1,0,1.000,1.000,0.988,-90.00,90.00,-22.50,CLOSED,0
655404.549,0,1,0,1.000,1.000,0.987,-90.00,90.00,-22.50,CLOSED,0
655404.553,0,1,0,1.000,1.000,0.986,-90.00,90.00,-22.50,CLOSED,0
655404.558,0,1,0,1.000,1.000,0.986,-90.00,90.00,-22.50,CLOSED,0
655404.563,0,1,0,1.000,1.000,0.989,-90.00,90.00,-22.50,CLOSED,0
655404.569,0,1,0,1.000,1.000,0.991,-90.00,90.00,-22.50,CLOSED,0
655404.575,0,1,0,1.000,1.000,0.993,-90.00,90.00,-22.50,CLOSED,0
655404.581,0,1,0,1.000,0.999,0.994,-90.00,90.00,-22.50,CLOSED,0
655404.586,0,1,0,1.000,0.999,0.994,-90.00,90.00,-22.50,CLOSED,0
655404.591,0,1,0,1.000,0.999,0.994,-90.00,90.00,-22.50,CLOSED,0
655404.595,0,1,0,1.000,0.999,0.994,-90.00,90.00,-22.50,CLOSED,0
655404.599,0,1,0,1.000,0.999,0.993,-90.00,90.00,-22.50,CLOSED,0
655404.603,0,1,0,1.000,0.999,0.993,-90.00,90.00,-22.50,CLOSED,0
655404.607,0,1,0,1.000,0.999,0.991,-90.00,90.00,-22.50,CLOSED,0
655404.611,0,1,0,1.000,0.999,0.989,-90.00,90.00,-22.50,CLOSED,0
655404.615,0,1,0,1.000,1.000,0.989,-90.00,90.00,-22.50,CLOSED,0
655404.619,0,1,0,1.000,1.000,0.988,-90.00,90.00,-22.50,CLOSED,0
655404.622,0,1,0,1.000,1.000,0.991,-90.00,90.00,-22.50,CLOSED,0
655404.627,0,1,0,1.000,1.000,0.995,-90.00,90.00,-22.50,CLOSED,0
655404.633,0,1,0,1.000,1.000,0.997,-90.00,90.00,-22.50,CLOSED,0
655404.639,0,1,0,1.000,1.000,0.998,-90.00,90.00,-22.50,CLOSED,0
655404.645,0,1,0,1.000,1.000,0.999,-90.00,90.00,-22.50,CLOSED,0
655404.649,0,1,0,1.000,1.000,0.999,-90.00,90.00,-22.50,CLOSED,0
655404.655,0,1,0,1.000,1.000,0.999,-90.00,90.00,-22.50,CLOSED,0
655404.659,0,1,0,1.000,1.000,0.999,-90.00,90.00,-22.50,CLOSED,0
655404.664,0,1,0,1.000,1.000,0.999,-90.00,90.00,-22.50,CLOSED,0
655404.668,0,1,0,1.000,1.000,0.998,-90.00,90.00,-22.50,CLOSED,0
655404.672,0,1,0,1.000,1.000,0.997,-90.00,90.00,-22.50,CLOSED,0
655404.676,0,1,0,1.000,1.000,0.994,-90.00,90.00,-22.50,CLOSED,0
655404.680,0,1,0,1.000,0.999,0.988,-90.00,90.00,-22.50,CLOSED,0
655404.684,0,1,0,1.000,0.999,0.982,-90.00,90.00,-22.50,CLOSED,0
655404.688,0,1,0,1.000,0.998,0.985,-90.00,90.00,-22.50,CLOSED,0
655404.692,0,1,0,1.000,0.997,0.991,-90.00,90.00,-22.50,CLOSED,0
655404.696,0,1,0,1.000,0.997,0.995,-90.00,90.00,-22.50,CLOSED,0
655404.700,0,1,0,1.000,0.996,0.997,-90.00,90.00,-22.50,CLOSED,0
655404.704,0,1,0,1.000,0.995,0.998,-90.00,90.00,-22.50,CLOSED,0
655404.709,0,1,0,1.000,0.996,0.999,-90.00,90.00,-22.50,CLOSED,0
655404.713,0,1,0,1.000,0.997,0.998,-90.00,90.00,-22.50,CLOSED,0
655404.718,0,1,0,1.000,0.997,0.998,-90.00,90.00,-22.50,CLOSED,0
655404.722,0,1,0,1.000,0.998,0.997,-90.00,90.00,-22.50,CLOSED,0
655404.727,0,1,0,1.000,0.998,0.994,-90.00,90.00,-22.50,CLOSED,0
655404.731,0,1,0,1.000,0.999,0.988,-90.00,90.00,-22.50,CLOSED,0
655404.735,0,1,0,1.000,0.999,0.979,-90.00,90.00,-22.50,CLOSED,0
655404.739,0,1,0,1.000,0.999,0.976,-90.00,90.00,-22.50,CLOSED,0
655404.743,0,1,0,1.000,0.999,0.981,-90.00,90.00,-22.50,CLOSED,0
655404.746,0,1,0,1.000,0.999,0.984,-90.00,90.00,-22.50,CLOSED,0
655404.750,0,1,0,1.000,0.998,0.988,-90.00,90.00,-22.50,CLOSED,0
655404.754,0,1,0,1.000,0.998,0.993,-90.00,90.00,-22.50,CLOSED,0
655404.758,0,1,0,1.000,0.998,0.995,-90.00,90.00,-22.50,CLOSED,0
655404.762,0,1,0,1.000,0.998,0.997,-90.00,90.00,-22.50,CLOSED,0
655404.766,0,1,0,1.000,0.999,0.998,-90.00,90.00,-22.50,CLOSED,0
655404.771,0,1,0,1.000,0.999,0.998,-90.00,90.00,-22.50,CLOSED,0
655404.776,0,1,0,1.000,0.999,0.999,-90.00,90.00,-22.50,CLOSED,0
655404.781,0,1,0,1.000,0.999,0.999,-90.00,90.00,-22.50,CLOSED,0
655404.786,0,1,0,1.000,1.000,0.999,-90.00,90.00,-22.50,CLOSED,0
655404.791,0,1,0,1.000,1.000,0.998,-90.00,90.00,-22.50,CLOSED,0
655404.796,0,1,0,1.000,1.000,0.998,-90.00,90.00,-22.50,CLOSED,0
655404.801,0,1,0,1.000,1.000,0.998,-90.00,90.00,-22.50,CLOSED,0
655404.806,0,1,0,1.000,1.000,0.999,-90.00,90.00,-22.50,CLOSED,0
655404.810,0,1,0,1.000,1.000,0.999,-90.00,90.00,-22.50,CLOSED,0
655404.815,0,1,0,1.000,1.000,1.000,-90.00,90.00,-22.50,CLOSED,0
655404.819,0,1,0,1.000,1.000,1.000,-90.00,90.00,-22.50,CLOSED,0
655404.823,0,1,0,1.000,1.000,1.000,-90.00,90.00,-22.50,CLOSED,0
655404.827,0,1,0,1.000,1.000,1.000,-90.00,90.00,-22.50,CLOSED,0
655404.831,0,1,0,1.000,1.000,1.000,-90.00,90.00,-22.50,CLOSED,0
655404.835,0,1,0,1.000,1.000,1.000,-90.00,90.00,-22.50,CLOSED,0
655404.839,0,1,0,1.000,1.000,1.000,-90.00,90.00,-22.50,CLOSED,0
655404.842,0,1,0,1.000,1.000,1.000,-90.00,90.00,-22.50,CLOSED,0
655404.846,0,1,0,1.000,1.000,1.000,-90.00,90.00,-22.50,CLOSED,0
655404.850,0,1,0,1.000,1.000,1.000,-90.00,90.00,-22.50,CLOSED,0
655404.856,0,1,0,1.000,1.000,0.999,-90.00,90.00,-22.50,CLOSED,0
655404.860,0,1,0,1.000,1.000,0.999,-90.00,90.00,-22.50,CLOSED,0
655404.864,0,1,0,1.000,1.000,0.999,-90.00,90.00,-22.50,CLOSED,0
655404.868,0,1,0,1.000,1.000,0.999,-90.00,90.00,-22.50,CLOSED,0
655404.873,0,1,0,1.000,1.000,0.999,-90.00,90.00,-22.50,CLOSED,0
655404.878,0,1,0,1.000,1.000,0.999,-90.00,90.00,-22.50,CLOSED,0
655404.883,0,1,0,1.000,1.000,0.999,-90.00,90.00,-22.50,CLOSED,0
655404.887,0,1,0,1.000,1.000,0.999,-90.00,90.00,-22.50,CLOSED,0
655404.891,0,1,0,1.000,1.000,0.999,-90.00,90.00,-22.50,CLOSED,0
655404.895,0,1,0,1.000,1.000,0.999,-90.00,90.00,-22.50,CLOSED,0
655404.899,0,1,0,1.000,1.000,0.998,-90.00,90.00,-22.50,CLOSED,0
655404.903,0,1,0,1.000,1.000,0.996,-90.00,90.00,-22.50,CLOSED,0
655404.907,0,1,0,1.000,0.999,0.992,-90.00,90.00,-22.50,CLOSED,0
655404.911,0,1,0,1.000,0.998,0.985,-90.00,90.00,-22.50,CLOSED,0
655404.914,0,1,0,1.000,0.988,0.978,-90.00,90.00,-22.50,CLOSED,0
655404.918,0,1,0,1.000,0.924,0.974,-90.00,90.00,-22.50,CLOSED,0
655404.922,0,1,0,1.000,0.623,0.976,-90.00,90.00,-22.50,CLOSED,0
655404.926,0,1,0,1.000,0.959,0.989,-90.00,90.00,-22.50,CLOSED,0
655404.930,0,1,0,1.000,0.995,0.995,-90.00,90.00,-22.50,CLOSED,0
655404.934,0,1,0,1.000,0.999,0.996,-90.00,90.00,-22.50,CLOSED,0
655404.938,0,1,0,1.000,1.000,0.998,-90.00,90.00,-22.50,CLOSED,0
655404.942,0,1,0,1.000,1.000,0.998,-90.00,90.00,-22.50,CLOSED,0
655404.946,0,1,0,1.000,1.000,0.999,-90.00,90.00,-22.50,CLOSED,0
655404.949,0,1,0,1.000,1.000,0.999,-90.00,90.00,-22.50,CLOSED,0
655404.953,0,1,0,1.000,1.000,0.999,-90.00,90.00,-22.50,CLOSED,0
655404.957,0,1,0,1.000,0.999,1.000,-90.00,90.00,-22.50,CLOSED,0
655404.960,0,1,0,1.000,0.999,1.000,-90.00,90.00,-22.50,CLOSED,0
655404.964,0,0,0,1.000,0.998,1.000,-90.00,180.00,-22.50,CLOSED,1
655404.968,0,0,0,1.000,0.996,1.000,-90.00,180.00,-22.50,CLOSED,0
655404.971,0,0,0,0.999,0.994,1.000,-90.00,180.00,-22.50,CLOSED,0
655404.975,0,0,0,0.999,0.986,1.000,-90.00,180.00,-22.50,CLOSED,0
655404.980,0,0,0,0.999,0.981,1.000,-90.00,180.00,-22.50,CLOSED,0
655404.986,0,0,0,0.999,0.985,1.000,-90.00,180.00,-22.50,CLOSED,0
655404.992,0,0,0,0.999,0.996,1.000,-90.00,180.00,-22.50,CLOSED,0
655404.997,0,0,0,0.997,0.996,1.000,-90.00,180.00,-22.50,CLOSED,0
655405.001,0,0,0,0.997,1.000,1.000,-90.00,180.00,-22.50,CLOSED,0
655405.006,0,0,0,0.994,1.000,1.000,-90.00,180.00,-22.50,CLOSED,0
655405.011,0,0,0,0.998,1.000,1.000,-90.00,180.00,-22.50,CLOSED,0
655405.015,0,0,0,0.999,1.000,1.000,-90.00,180.00,-22.50,CLOSED,0
655405.020,0,0,0,1.000,1.000,1.000,-90.00,180.00,-22.50,CLOSED,0
655405.024,0,0,0,1.000,1.000,1.000,-90.00,180.00,-22.50,CLOSED,0
655405.029,0,0,0,1.000,1.000,1.000,-90.00,180.00,-22.50,CLOSED,0
655405.032,0,0,0,1.000,1.000,1.000,-90.00,180.00,-22.50,CLOSED,0
655405.036,0,0,0,0.999,1.000,1.000,-90.00,180.00,-22.50,CLOSED,0
655405.040,0,0,0,1.000,1.000,1.000,-90.00,180.00,-22.50,CLOSED,0
655405.044,0,0,0,1.000,1.000,1.000,-90.00,180.00,-22.50,CLOSED,0
655405.048,0,0,0,1.000,1.000,1.000,-90.00,180.00,-22.50,CLOSED,0
655405.052,0,0,0,1.000,1.000,1.000,-90.00,180.00,-22.50,CLOSED,0
655405.056,0,0,0,1.000,1.000,1.000,-90.00,180.00,-22.50,CLOSED,0
655405.060,0,0,0,1.000,1.000,1.000,-90.00,180.00,-22.50,CLOSED,0
655405.065,0,0,0,1.000,1.000,1.000,-90.00,180.00,-22.50,CLOSED,0
655405.069,0,0,0,1.000,1.000,1.000,-90.00,180.00,-22.50,CLOSED,0
655405.074,0,0,0,1.000,1.000,1.000,-90.00,180.00,-22.50,CLOSED,0
655405.078,0,0,0,1.000,1.000,1.000,-90.00,180.00,-22.50,CLOSED,0
655405.082,0,0,0,1.000,1.000,1.000,-90.00,180.00,-22.50,CLOSED,0
655405.085,0,0,0,1.000,1.000,1.000,-90.00,180.00,-22.50,CLOSED,0
655405.089,0,0,0,1.000,1.000,1.000,-90.00,180.00,-22.50,CLOSED,0
655405.093,0,0,0,1.000,1.000,1.000,-90.00,180.00,-22.50,CLOSED,0
655405.096,0,0,0,1.000,1.000,1.000,-90.00,180.00,-22.50,CLOSED,0
655405.100,0,0,0,1.000,1.000,1.000,-90.00,180.00,-22.50,CLOSED,0
655405.103,0,0,0,1.000,1.000,1.000,-90.00,180.00,-22.50,CLOSED,0
655405.107,0,0,0,1.000,1.000,1.000,-90.00,180.00,-22.50,CLOSED,0
655405.112,0,0,0,1.000,1.000,1.000,-90.00,180.00,-22.50,CLOSED,0
655405.115,0,0,0,1.000,1.000,1.000,-90.00,180.00,-22.50,CLOSED,0
655405.120,0,0,0,1.000,1.000,1.000,-90.00,180.00,-22.50,CLOSED,0
655405.123,0,0,0,1.000,1.000,1.000,-90.00,180.00,-22.50,CLOSED,0
655405.127,0,0,0,1.000,1.000,1.000,-90.00,180.00,-22.50,CLOSED,0
655405.131,0,0,0,1.000,1.000,1.000,-90.00,180.00,-22.50,CLOSED,0
655405.134,0,0,0,1.000,1.000,1.000,-90.00,180.00,-22.50,CLOSED,0
655405.138,0,0,0,1.000,1.000,1.000,-90.00,180.00,-22.50,CLOSED,0
655405.143,0,0,0,1.000,1.000,1.000,-90.00,180.00,-22.50,CLOSED,0
655405.148,0,0,0,1.000,1.000,1.000,-90.00,180.00,-22.50,CLOSED,0
655405.153,0,0,0,1.000,1.000,1.000,-90.00,180.00,-22.50,CLOSED,0
655405.158,0,0,0,1.000,1.000,1.000,-90.00,180.00,-22.50,CLOSED,0
655405.162,0,0,0,1.000,1.000,1.000,-90.00,180.00,-22.50,CLOSED,0
655405.167,0,0,0,1.000,1.000,1.000,-90.00,180.00,-22.50,CLOSED,0
655405.171,0,0,0,1.000,1.000,1.000,-90.00,180.00,-22.50,CLOSED,0
655405.175,0,0,0,1.000,1.000,1.000,-90.00,180.00,-22.50,CLOSED,0
655405.179,0,0,0,1.000,1.000,1.000,-90.00,180.00,-22.50,CLOSED,0
655405.182,0,0,0,1.000,1.000,1.000,-90.00,180.00,-22.50,CLOSED,0
655405.186,0,0,0,1.000,1.000,1.000,-90.00,180.00,-22.50,CLOSED,0
655405.190,0,0,0,1.000,1.000,1.000,-90.00,180.00,-22.50,CLOSED,0
655405.194,0,0,0,1.000,1.000,1.000,-90.00,180.00,-22.50,CLOSED,0
655405.199,0,0,0,1.000,1.000,1.000,-90.00,180.00,-22.50,CLOSED,0
655405.203,0,0,0,1.000,1.000,1.000,-90.00,180.00,-22.50,CLOSED,0
655405.207,0,0,0,1.000,1.000,1.000,-90.00,180.00,-22.50,CLOSED,0
655405.210,0,0,0,1.000,1.000,1.000,-90.00,180.00,-22.50,CLOSED,0
655405.215,0,0,0,1.000,1.000,1.000,-90.00,180.00,-22.50,CLOSED,0
655405.220,0,0,0,1.000,1.000,1.000,-90.00,180.00,-22.50,CLOSED,0
655405.224,0,0,0,1.000,1.000,1.000,-90.00,180.00,-22.50,CLOSED,0
655405.229,0,0,0,1.000,1.000,1.000,-90.00,180.00,-22.50,CLOSED,0
655405.234,0,0,0,1.000,1.000,1.000,-90.00,180.00,-22.50,CLOSED,0
655405.239,0,0,0,1.000,1.000,1.000,-90.00,180.00,-22.50,CLOSED,0
655405.243,0,0,0,1.000,1.000,1.000,-90.00,180.00,-22.50,CLOSED,0
655405.247,0,0,0,1.000,1.000,1.000,-90.00,180.00,-22.50,CLOSED,0
655405.251,0,0,0,1.000,1.000,1.000,-90.00,180.00,-22.50,CLOSED,0
655405.255,0,0,0,1.000,1.000,1.000,-90.00,180.00,-22.50,CLOSED,0
655405.259,0,0,0,1.000,1.000,1.000,-90.00,180.00,-22.50,CLOSED,0
655405.263,0,0,0,1.000,1.000,1.000,-90.00,180.00,-22.50,CLOSED,0
655405.268,0,0,0,1.000,1.000,1.000,-90.00,180.00,-22.50,CLOSED,0
655405.272,0,0,0,1.000,1.000,1.000,-90.00,180.00,-22.50,CLOSED,0
655405.276,0,0,0,1.000,1.000,1.000,-90.00,180.00,-22.50,CLOSED,0
655405.280,0,0,0,1.000,1.000,1.000,-90.00,180.00,-22.50,CLOSED,0
655405.285,0,0,0,1.000,1.000,1.000,-90.00,180.00,-22.50,CLOSED,0
655405.289,0,0,0,1.000,1.000,1.000,-90.00,180.00,-22.50,CLOSED,0
655405.293,0,0,0,1.000,1.000,1.000,-90.00,180.00,-22.50,CLOSED,0
655405.297,0,0,0,1.000,1.000,1.000,-90.00,180.00,-22.50,CLOSED,0
655405.301,0,0,0,1.000,1.000,1.000,-90.00,180.00,-22.50,CLOSED,0
655405.305,0,0,0,1.000,1.000,1.000,-90.00,180.00,-22.50,CLOSED,0
655405.309,0,0,0,1.000,1.000,1.000,-90.00,180.00,-22.50,CLOSED,0
655405.313,0,0,0,1.000,1.000,1.000,-90.00,180.00,-22.50,CLOSED,0
655405.317,0,0,0,1.000,1.000,1.000,-90.00,180.00,-22.50,CLOSED,0
655405.322,0,0,0,1.000,1.000,1.000,-90.00,180.00,-22.50,CLOSED,0
655405.326,0,0,0,1.000,1.000,1.000,-90.00,180.00,-22.50,CLOSED,0
655405.330,0,0,0,1.000,1.000,1.000,-90.00,180.00,-22.50,CLOSED,0
655405.334,0,0,0,1.000,1.000,1.000,-90.00,180.00,-22.50,CLOSED,0
655405.338,0,0,0,1.000,1.000,1.000,-90.00,180.00,-22.50,CLOSED,0
655405.341,0,0,0,1.000,1.000,1.000,-90.00,180.00,-22.50,CLOSED,0
655405.345,0,0,0,1.000,1.000,1.000,-90.00,180.00,-22.50,CLOSED,0
655405.349,0,0,0,1.000,1.000,1.000,-90.00,180.00,-22.50,CLOSED,0
655405.354,0,0,0,1.000,1.000,1.000,-90.00,180.00,-22.50,CLOSED,0
655405.359,0,0,0,1.000,1.000,1.000,-90.00,180.00,-22.50,CLOSED,0
655405.364,0,0,0,1.000,1.000,1.000,-90.00,180.00,-22.50,CLOSED,0
655405.369,0,0,0,1.000,1.000,1.000,-90.00,180.00,-22.50,CLOSED,0
655405.373,0,0,0,1.000,1.000,1.000,-90.00,180.00,-22.50,CLOSED,0
655405.378,0,0,0,1.000,1.000,1.000,-90.00,180.00,-22.50,CLOSED,0
655405.382,0,0,0,1.000,1.000,1.000,-90.00,180.00,-22.50,CLOSED,0
655405.386,0,0,0,1.000,1.000,1.000,-90.00,180.00,-22.50,CLOSED,0
655405.390,0,0,0,1.000,1.000,1.000,-90.00,180.00,-22.50,CLOSED,0
655405.394,0,0,0,1.000,1.000,1.000,-90.00,180.00,-22.50,CLOSED,0
655405.398,0,0,0,1.000,1.000,1.000,-90.00,180.00,-22.50,CLOSED,0
655405.401,0,0,0,1.000,1.000,1.000,-90.00,180.00,-22.50,CLOSED,0
655405.405,0,0,0,1.000,1.000,1.000,-90.00,180.00,-22.50,CLOSED,0
655405.409,0,0,0,1.000,1.000,1.000,-90.00,180.00,-22.50,CLOSED,0
655405.413,0,0,0,1.000,1.000,1.000,-90.00,180.00,-22.50,CLOSED,0
655405.418,0,0,0,1.000,1.000,1.000,-90.00,180.00,-22.50,CLOSED,0
655405.422,0,0,0,1.000,1.000,1.000,-90.00,180.00,-22.50,CLOSED,0
655405.426,0,0,0,1.000,1.000,1.000,-90.00,180.00,-22.50,CLOSED,0
655405.430,0,0,0,1.000,1.000,1.000,-90.00,180.00,-22.50,CLOSED,0
655405.435,0,0,0,1.000,1.000,1.000,-90.00,180.00,-22.50,CLOSED,0
655405.440,0,0,0,1.000,1.000,1.000,-90.00,180.00,-22.50,CLOSED,0
655405.445,0,0,0,1.000,1.000,1.000,-90.00,180.00,-22.50,CLOSED,0
655405.450,0,0,0,1.000,1.000,1.000,-90.00,180.00,-22.50,CLOSED,0
655405.455,0,0,0,1.000,1.000,1.000,-90.00,180.00,-22.50,CLOSED,0
655405.460,0,0,0,1.000,1.000,1.000,-90.00,180.00,-22.50,CLOSED,0
655405.464,0,0,0,1.000,1.000,1.000,-90.00,180.00,-22.50,CLOSED,0
655405.468,0,0,0,1.000,1.000,1.000,-90.00,180.00,-22.50,CLOSED,0
655405.472,0,0,0,1.000,1.000,1.000,-90.00,180.00,-22.50,CLOSED,0
655405.476,0,0,0,1.000,1.000,1.000,-90.00,180.00,-22.50,CLOSED,0
655405.479,0,0,0,1.000,1.000,1.000,-90.00,180.00,-22.50,CLOSED,0
655405.483,0,0,0,1.000,1.000,1.000,-90.00,180.00,-22.50,CLOSED,0
655405.487,0,0,0,1.000,1.000,1.000,-90.00,180.00,-22.50,CLOSED,0
655405.491,0,0,0,1.000,1.000,1.000,-90.00,180.00,-22.50,CLOSED,0
655405.495,0,0,0,1.000,1.000,1.000,-90.00,180.00,-22.50,CLOSED,0
655405.499,0,0,0,1.000,1.000,1.000,-90.00,180.00,-22.50,CLOSED,0
655405.504,0,0,0,1.000,1.000,1.000,-90.00,180.00,-22.50,CLOSED,0
655405.508,0,0,0,1.000,1.000,1.000,-90.00,180.00,-22.50,CLOSED,0
655405.512,0,0,0,1.000,1.000,1.000,-90.00,180.00,-22.50,CLOSED,0
655405.516,0,0,0,1.000,1.000,1.000,-90.00,180.00,-22.50,CLOSED,0
655405.520,0,0,0,1.000,1.000,1.000,-90.00,180.00,-22.50,CLOSED,0
655405.524,0,0,0,1.000,1.000,1.000,-90.00,180.00,-22.50,CLOSED,0
655405.528,0,0,0,1.000,1.000,1.000,-90.00,180.00,-22.50,CLOSED,0
655405.532,0,0,0,1.000,1.000,1.000,-90.00,180.00,-22.50,CLOSED,0
655405.536,0,0,0,0.999,1.000,1.000,-90.00,180.00,-22.50,CLOSED,0
655405.541,0,0,0,0.858,1.000,1.000,-90.00,180.00,-22.50,CLOSED,0
655405.544,0,0,0,0.484,1.000,1.000,-90.00,180.00,-22.50,CLOSED,0
655405.548,0,0,0,0.481,1.000,1.000,-90.00,180.00,-22.50,CLOSED,0
655405.552,0,0,0,0.604,1.000,1.000,-90.00,180.00,-22.50,CLOSED,0
655405.556,0,0,0,0.670,1.000,1.000,-90.00,180.00,-22.50,CLOSED,0
655405.561,0,0,0,0.776,1.000,1.000,-90.00,180.00,-22.50,CLOSED,0
655405.565,0,0,0,0.937,1.000,1.000,-90.00,180.00,-22.50,CLOSED,0
655405.569,0,0,0,0.997,1.000,1.000,-90.00,180.00,-22.50,CLOSED,0
655405.573,0,0,0,1.000,1.000,1.000,-90.00,180.00,-22.50,CLOSED,0
655405.577,0,0,0,1.000,1.000,1.000,-90.00,180.00,-22.50,CLOSED,0
655405.581,0,0,0,1.000,1.000,1.000,-90.00,180.00,-22.50,CLOSED,0
655405.584,0,0,0,1.000,1.000,1.000,-90.00,180.00,-22.50,CLOSED,0
655405.588,0,0,0,1.000,1.000,1.000,-90.00,180.00,-22.50,CLOSED,0
655405.592,0,0,0,1.000,1.000,1.000,-90.00,180.00,-22.50,CLOSED,0
655405.596,3,0,0,1.000,1.000,1.000,-90.00,180.00,-22.50,OPEN,0
655405.599,3,0,0,1.000,1.000,1.000,-90.00,180.00,-22.50,OPEN,0
655405.603,3,0,0,1.000,1.000,1.000,-90.00,180.00,-22.50,OPEN,0
655405.607,3,0,0,1.000,1.000,1.000,-90.00,180.00,-22.50,OPEN,0
655405.611,3,0,0,1.000,1.000,1.000,-90.00,180.00,-22.50,OPEN,0
655405.616,3,0,0,1.000,1.000,1.000,-90.00,180.00,-22.50,OPEN,0
655405.620,3,0,0,1.000,1.000,1.000,-90.00,180.00,-22.50,OPEN,0
655405.624,3,0,0,1.000,1.000,1.000,-90.00,180.00,-22.50,OPEN,0
655405.628,3,0,0,1.000,1.000,1.000,-90.00,180.00,-22.50,OPEN,0
655405.632,3,0,0,1.000,1.000,1.000,-90.00,180.00,-22.50,OPEN,0
655405.635,3,0,0,1.000,1.000,1.000,-90.00,180.00,-22.50,OPEN,0
655405.639,3,0,0,1.000,1.000,1.000,-90.00,180.00,-22.50,OPEN,0
655405.643,3,0,0,1.000,1.000,1.000,-90.00,180.00,-22.50,OPEN,0
655405.647,3,0,0,1.000,1.000,1.000,-90.00,180.00,-22.50,OPEN,0
655405.651,3,0,0,1.000,1.000,1.000,-90.00,180.00,-22.50,OPEN,0
655405.655,3,0,0,1.000,1.000,1.000,-90.00,180.00,-22.50,OPEN,0
655405.661,3,0,0,1.000,1.000,1.000,-90.00,180.00,-22.50,OPEN,0
655405.668,3,0,0,1.000,1.000,1.000,-90.00,180.00,-22.50,OPEN,0
655405.676,3,0,0,1.000,1.000,1.000,-90.00,180.00,-22.50,OPEN,0
655405.683,3,0,0,1.000,1.000,1.000,-90.00,180.00,-22.50,OPEN,0
655405.691,3,0,0,1.000,1.000,1.000,-90.00,180.00,-22.50,OPEN,0
655405.697,3,0,0,1.000,1.000,1.000,-90.00,180.00,-22.50,OPEN,0
655405.703,3,0,0,1.000,1.000,1.000,-90.00,180.00,-22.50,OPEN,0
655405.708,3,0,0,1.000,1.000,1.000,-90.00,180.00,-22.50,OPEN,0
655405.713,3,0,0,1.000,1.000,1.000,-90.00,180.00,-22.50,OPEN,0
655405.717,3,0,0,1.000,1.000,1.000,-90.00,180.00,-22.50,OPEN,0
655405.722,3,0,0,1.000,1.000,1.000,-90.00,180.00,-22.50,OPEN,0
655405.726,3,0,0,1.000,1.000,1.000,-90.00,180.00,-22.50,OPEN,0
655405.729,3,0,0,1.000,1.000,1.000,-90.00,180.00,-22.50,OPEN,0
655405.733,3,0,0,1.000,1.000,1.000,-90.00,180.00,-22.50,OPEN,0
655405.736,3,0,0,1.000,1.000,1.000,-90.00,180.00,-22.50,OPEN,0
655405.740,3,0,0,1.000,1.000,1.000,-90.00,180.00,-22.50,OPEN,0
655405.745,3,0,0,1.000,1.000,1.000,-90.00,180.00,-22.50,OPEN,0
655405.751,3,0,0,1.000,1.000,1.000,-90.00,180.00,-22.50,OPEN,0
655405.757,3,0,0,1.000,1.000,1.000,-90.00,180.00,-22.50,OPEN,0
655405.763,3,0,0,1.000,1.000,1.000,-90.00,180.00,-22.50,OPEN,0
655405.769,3,0,0,1.000,1.000,1.000,-90.00,180.00,-22.50,OPEN,0
655405.774,3,0,0,1.000,1.000,1.000,-90.00,180.00,-22.50,OPEN,0
655405.779,3,0,0,1.000,1.000,1.000,-90.00,180.00,-22.50,OPEN,0
655405.784,3,0,0,1.000,1.000,1.000,-90.00,180.00,-22.50,OPEN,0
655405.789,3,0,0,1.000,1.000,1.000,-90.00,180.00,-22.50,OPEN,0
655405.794,3,0,0,1.000,1.000,1.000,-90.00,180.00,-22.50,OPEN,0
655405.799,3,0,0,1.000,1.000,1.000,-90.00,180.00,-22.50,OPEN,0
655405.803,3,0,0,1.000,1.000,1.000,-90.00,180.00,-22.50,OPEN,0
655405.808,3,0,0,1.000,1.000,1.000,-90.00,180.00,-22.50,OPEN,0
655405.812,3,0,0,1.000,1.000,1.000,-90.00,180.00,-22.50,OPEN,0
655405.816,3,0,0,1.000,1.000,1.000,-90.00,180.00,-22.50,OPEN,0
655405.820,3,0,0,1.000,1.000,1.000,-90.00,180.00,-22.50,OPEN,0
655405.824,3,0,0,1.000,1.000,1.000,-90.00,180.00,-22.50,OPEN,0
655405.829,3,0,0,1.000,1.000,1.000,-90.00,180.00,-22.50,OPEN,0
655405.833,3,0,0,1.000,1.000,1.000,-90.00,180.00,-22.50,OPEN,0
655405.836,3,0,0,1.000,1.000,1.000,-90.00,180.00,-22.50,OPEN,0
655405.840,3,0,0,1.000,1.000,1.000,-90.00,180.00,-22.50,OPEN,0
655405.844,3,0,0,1.000,1.000,1.000,-90.00,180.00,-22.50,OPEN,0
655405.848,3,0,0,1.000,1.000,1.000,-90.00,180.00,-22.50,OPEN,0
655405.853,3,0,0,1.000,1.000,1.000,-90.00,180.00,-22.50,OPEN,0
655405.861,3,0,0,1.000,1.000,1.000,-90.00,180.00,-22.50,OPEN,0
655405.868,3,0,0,1.000,1.000,1.000,-90.00,180.00,-22.50,OPEN,0
655405.877,3,0,0,1.000,1.000,1.000,-90.00,180.00,-22.50,OPEN,0
655405.883,3,0,0,1.000,1.000,1.000,-90.00,180.00,-22.50,OPEN,0
655405.889,3,0,0,1.000,1.000,1.000,-90.00,180.00,-22.50,OPEN,0
655405.893,3,0,0,1.000,1.000,1.000,-90.00,180.00,-22.50,OPEN,0
655405.898,3,0,0,1.000,1.000,1.000,-90.00,180.00,-22.50,OPEN,0
655405.902,3,0,0,1.000,1.000,1.000,-90.00,180.00,-22.50,OPEN,0
655405.906,3,0,0,1.000,1.000,1.000,-90.00,180.00,-22.50,OPEN,0
655405.909,3,0,0,1.000,1.000,1.000,-90.00,180.00,-22.50,OPEN,0
655405.913,3,0,0,1.000,1.000,1.000,-90.00,180.00,-22.50,OPEN,0
655405.917,3,0,0,1.000,1.000,1.000,-90.00,180.00,-22.50,OPEN,0
655405.921,3,0,0,1.000,1.000,1.000,-90.00,180.00,-22.50,OPEN,0
655405.925,3,0,0,1.000,1.000,1.000,-90.00,180.00,-22.50,OPEN,0
655405.929,3,0,0,1.000,1.000,1.000,-90.00,180.00,-22.50,OPEN,0
655405.933,3,0,0,1.000,1.000,1.000,-90.00,180.00,-22.50,OPEN,0
655405.936,3,0,0,1.000,1.000,1.000,-90.00,180.00,-22.50,OPEN,0
655405.940,3,0,0,1.000,1.000,1.000,-90.00,180.00,-22.50,OPEN,0
655405.944,3,0,0,1.000,1.000,1.000,-90.00,180.00,-22.50,OPEN,0
655405.948,3,0,0,1.000,1.000,1.000,-90.00,180.00,-22.50,OPEN,0
655405.952,3,0,0,1.000,1.000,1.000,-90.00,180.00,-22.50,OPEN,0
655405.957,3,0,0,1.000,1.000,1.000,-90.00,180.00,-22.50,OPEN,0
655405.961,3,0,0,1.000,1.000,1.000,-90.00,180.00,-22.50,OPEN,0
655405.964,3,0,0,1.000,1.000,1.000,-90.00,180.00,-22.50,OPEN,0
655405.969,3,0,0,1.000,1.000,1.000,-90.00,180.00,-22.50,OPEN,0
655405.973,3,0,0,1.000,1.000,1.000,-90.00,180.00,-22.50,OPEN,0
655405.977,3,0,0,1.000,1.000,1.000,-90.00,180.00,-22.50,OPEN,0
655405.981,3,0,0,1.000,1.000,1.000,-90.00,180.00,-22.50,OPEN,0
655405.985,3,0,0,1.000,1.000,1.000,-90.00,180.00,-22.50,OPEN,0
655405.989,3,0,0,1.000,1.000,1.000,-90.00,180.00,-22.50,OPEN,0
655405.993,3,0,0,1.000,1.000,1.000,-90.00,180.00,-22.50,OPEN,0
655405.997,3,0,0,1.000,1.000,1.000,-90.00,180.00,-22.50,OPEN,0
655406.001,3,0,0,1.000,1.000,1.000,-90.00,180.00,-22.50,OPEN,0
655406.005,3,0,0,1.000,1.000,1.000,-90.00,180.00,-22.50,OPEN,0
655406.008,3,0,0,1.000,1.000,1.000,-90.00,180.00,-22.50,OPEN,0
655406.012,3,0,0,1.000,1.000,1.000,-90.00,180.00,-22.50,OPEN,0
655406.016,3,0,0,1.000,1.000,1.000,-90.00,180.00,-22.50,OPEN,0
655406.020,3,0,0,1.000,1.000,1.000,-90.00,180.00,-22.50,OPEN,0
655406.024,3,0,0,1.000,1.000,1.000,-90.00,180.00,-22.50,OPEN,0
655406.028,3,0,0,1.000,1.000,1.000,-90.00,180.00,-22.50,OPEN,0
655406.032,3,0,0,1.000,1.000,1.000,-90.00,180.00,-22.50,OPEN,0
655406.037,3,0,0,1.000,1.000,1.000,-90.00,180.00,-22.50,OPEN,0
655406.041,3,0,0,1.000,1.000,1.000,-90.00,180.00,-22.50,OPEN,0
655406.045,3,0,0,1.000,1.000,1.000,-90.00,180.00,-22.50,OPEN,0
655406.049,3,0,0,1.000,1.000,1.000,-90.00,180.00,-22.50,OPEN,0
655406.053,3,0,0,1.000,1.000,1.000,-90.00,180.00,-22.50,OPEN,0
655406.057,3,0,0,1.000,1.000,1.000,-90.00,180.00,-22.50,OPEN,0
655406.060,3,0,0,1.000,1.000,1.000,-90.00,180.00,-22.50,OPEN,0
655406.064,3,0,0,0.999,1.000,1.000,-90.00,180.00,-22.50,OPEN,0
655406.068,3,0,0,0.975,1.000,1.000,-90.00,180.00,-22.50,OPEN,0
655406.072,3,0,0,0.869,1.000,1.000,-90.00,180.00,-22.50,OPEN,0
655406.075,3,0,0,0.666,1.000,1.000,-90.00,180.00,-22.50,OPEN,0
655406.079,3,0,0,0.511,1.000,1.000,-90.00,180.00,-22.50,OPEN,0
655406.083,3,0,0,0.589,1.000,1.000,-90.00,180.00,-22.50,OPEN,0
655406.087,3,0,0,0.639,1.000,1.000,-90.00,180.00,-22.50,OPEN,0
655406.090,3,0,0,0.562,1.000,1.000,-90.00,180.00,-22.50,OPEN,0
655406.094,3,0,0,0.920,1.000,1.000,-90.00,180.00,-22.50,OPEN,0
655406.098,3,0,0,1.000,1.000,1.000,-90.00,180.00,-22.50,OPEN,0
655406.111,3,0,0,1.000,1.000,1.000,-90.00,180.00,-22.50,OPEN,0
655406.129,3,0,0,1.000,1.000,1.000,-90.00,180.00,-22.50,OPEN,0
655406.139,3,0,0,1.000,1.000,1.000,-90.00,180.00,-22.50,OPEN,0
655406.146,3,0,0,1.000,1.000,1.000,-90.00,180.00,-22.50,OPEN,0
655406.156,3,0,0,1.000,1.000,1.000,-90.00,180.00,-22.50,OPEN,0
655406.164,3,0,0,1.000,1.000,1.000,-90.00,180.00,-22.50,OPEN,0
655406.169,3,0,0,1.000,1.000,1.000,-90.00,180.00,-22.50,OPEN,0
655406.173,3,0,0,1.000,1.000,1.000,-90.00,180.00,-22.50,OPEN,0
655406.178,0,0,0,1.000,1.000,1.000,-90.00,180.00,-22.50,OPEN,0
655406.182,0,0,0,1.000,1.000,1.000,-90.00,180.00,-22.50,OPEN,0
655406.186,0,0,0,1.000,1.000,1.000,-90.00,180.00,-22.50,OPEN,0
655406.190,0,0,0,1.000,1.000,1.000,-90.00,180.00,-22.50,OPEN,0
655406.193,0,0,0,1.000,1.000,1.000,-90.00,180.00,-22.50,OPEN,0
655406.197,0,0,0,1.000,1.000,1.000,-90.00,180.00,-22.50,OPEN,0
655406.201,0,0,0,1.000,1.000,1.000,-90.00,180.00,-22.50,OPEN,0
655406.204,0,0,0,1.000,1.000,1.000,-90.00,180.00,-22.50,OPEN,0
655406.208,0,0,0,1.000,1.000,1.000,-90.00,180.00,-22.50,OPEN,0
655406.212,0,0,0,1.000,1.000,1.000,-90.00,180.00,-22.50,OPEN,0
655406.216,0,0,0,1.000,1.000,1.000,-90.00,180.00,-22.50,OPEN,0
655406.220,0,0,0,1.000,1.000,1.000,-90.00,180.00,-22.50,OPEN,0
655406.225,0,0,0,1.000,1.000,1.000,-90.00,180.00,-22.50,OPEN,0
655406.229,0,0,0,1.000,1.000,1.000,-90.00,180.00,-22.50,OPEN,0
655406.235,0,0,0,1.000,1.000,1.000,-90.00,180.00,-22.50,OPEN,0
655406.241,0,0,0,1.000,1.000,1.000,-90.00,180.00,-22.50,OPEN,0
655406.247,0,0,0,1.000,1.000,1.000,-90.00,180.00,-22.50,OPEN,0
655406.252,0,0,0,0.999,1.000,1.000,-90.00,180.00,-22.50,OPEN,0
655406.257,0,0,0,1.000,1.000,1.000,-90.00,180.00,-22.50,OPEN,0
655406.261,0,0,0,1.000,1.000,1.000,-90.00,180.00,-22.50,OPEN,0
655406.265,0,0,0,1.000,1.000,1.000,-90.00,180.00,-22.50,OPEN,0
655406.270,0,0,0,1.000,1.000,1.000,-90.00,180.00,-22.50,OPEN,0
655406.274,0,0,0,1.000,1.000,1.000,-90.00,180.00,-22.50,OPEN,0
655406.278,0,0,0,1.000,1.000,1.000,-90.00,180.00,-22.50,OPEN,0
655406.282,0,0,0,1.000,1.000,1.000,-90.00,180.00,-22.50,OPEN,0
655406.287,0,0,0,1.000,1.000,1.000,-90.00,180.00,-22.50,OPEN,0
655406.291,0,0,0,1.000,1.000,1.000,-90.00,180.00,-22.50,OPEN,0
655406.296,0,0,0,1.000,1.000,1.000,-90.00,180.00,-22.50,OPEN,0
655406.301,0,0,0,1.000,1.000,1.000,-90.00,180.00,-22.50,OPEN,0
655406.306,0,0,0,1.000,1.000,1.000,-90.00,180.00,-22.50,OPEN,0
655406.311,0,0,0,1.000,1.000,1.000,-90.00,180.00,-22.50,OPEN,0
655406.316,0,0,0,1.000,1.000,1.000,-90.00,180.00,-22.50,OPEN,0
655406.321,0,0,0,1.000,1.000,1.000,-90.00,180.00,-22.50,OPEN,0
655406.325,0,0,0,1.000,1.000,1.000,-90.00,180.00,-22.50,OPEN,0
655406.331,0,0,0,1.000,1.000,1.000,-90.00,180.00,-22.50,OPEN,0
655406.335,0,0,0,1.000,1.000,1.000,-90.00,180.00,-22.50,OPEN,0
655406.340,0,0,0,1.000,1.000,1.000,-90.00,180.00,-22.50,OPEN,0
655406.344,0,0,0,1.000,1.000,1.000,-90.00,180.00,-22.50,OPEN,0
655406.348,0,0,0,1.000,1.000,1.000,-90.00,180.00,-22.50,OPEN,0
655406.352,0,0,0,1.000,1.000,1.000,-90.00,180.00,-22.50,OPEN,0
655406.357,0,0,0,1.000,1.000,1.000,-90.00,180.00,-22.50,OPEN,0
655406.362,0,0,0,1.000,1.000,1.000,-90.00,180.00,-22.50,OPEN,0
655406.366,0,0,0,1.000,1.000,1.000,-90.00,180.00,-22.50,OPEN,0
655406.370,0,0,0,1.000,1.000,1.000,-90.00,180.00,-22.50,OPEN,0
655406.374,0,0,0,1.000,1.000,1.000,-90.00,180.00,-22.50,OPEN,0
655406.378,0,0,0,1.000,1.000,1.000,-90.00,180.00,-22.50,OPEN,0
655406.382,0,0,0,1.000,1.000,1.000,-90.00,180.00,-22.50,OPEN,0
655406.386,0,0,0,1.000,1.000,1.000,-90.00,180.00,-22.50,OPEN,0
655406.390,0,0,0,1.000,1.000,1.000,-90.00,180.00,-22.50,OPEN,0
655406.394,0,0,0,1.000,1.000,1.000,-90.00,180.00,-22.50,OPEN,0
655406.399,0,0,0,1.000,1.000,1.000,-90.00,180.00,-22.50,OPEN,0
655406.403,0,0,0,1.000,1.000,1.000,-90.00,180.00,-22.50,OPEN,0
655406.407,0,0,0,1.000,1.000,1.000,-90.00,180.00,-22.50,OPEN,0
655406.412,0,0,0,1.000,1.000,1.000,-90.00,180.00,-22.50,OPEN,0
655406.416,0,0,0,1.000,1.000,1.000,-90.00,180.00,-22.50,OPEN,0
655406.420,0,0,0,1.000,1.000,1.000,-90.00,180.00,-22.50,OPEN,0
655406.425,0,0,0,1.000,1.000,1.000,-90.00,180.00,-22.50,OPEN,0
655406.429,0,0,0,1.000,1.000,1.000,-90.00,180.00,-22.50,OPEN,0
655406.433,0,0,0,1.000,1.000,1.000,-90.00,180.00,-22.50,OPEN,0
655406.437,0,0,0,1.000,1.000,1.000,-90.00,180.00,-22.50,OPEN,0
655406.442,0,0,0,1.000,1.000,1.000,-90.00,180.00,-22.50,OPEN,0
655406.447,0,0,0,1.000,1.000,1.000,-90.00,180.00,-22.50,OPEN,0
655406.451,0,0,0,1.000,1.000,1.000,-90.00,180.00,-22.50,OPEN,0
655406.456,0,0,0,1.000,1.000,1.000,-90.00,180.00,-22.50,OPEN,0
655406.461,0,0,0,1.000,1.000,1.000,-90.00,180.00,-22.50,OPEN,0
655406.465,0,0,0,1.000,1.000,1.000,-90.00,180.00,-22.50,OPEN,0
655406.470,0,0,0,1.000,1.000,1.000,-90.00,180.00,-22.50,OPEN,0
655406.475,0,0,0,1.000,1.000,1.000,-90.00,180.00,-22.50,OPEN,0
655406.479,0,0,0,1.000,1.000,1.000,-90.00,180.00,-22.50,OPEN,0
655406.483,0,0,0,1.000,1.000,1.000,-90.00,180.00,-22.50,OPEN,0
655406.488,0,0,0,1.000,1.000,1.000,-90.00,180.00,-22.50,OPEN,0
655406.492,0,0,0,1.000,1.000,1.000,-90.00,180.00,-22.50,OPEN,0
655406.496,0,0,0,1.000,1.000,1.000,-90.00,180.00,-22.50,OPEN,0
655406.500,0,0,0,1.000,1.000,1.000,-90.00,180.00,-22.50,OPEN,0
655406.504,0,0,0,1.000,1.000,1.000,-90.00,180.00,-22.50,OPEN,0
655406.508,0,0,0,1.000,1.000,1.000,-90.00,180.00,-22.50,OPEN,0
655406.512,0,0,0,1.000,1.000,1.000,-90.00,180.00,-22.50,OPEN,0
655406.517,0,0,0,1.000,1.000,1.000,-90.00,180.00,-22.50,OPEN,0
655406.521,0,0,0,1.000,1.000,1.000,-90.00,180.00,-22.50,OPEN,0
655406.525,0,0,0,1.000,1.000,1.000,-90.00,180.00,-22.50,OPEN,0
655406.530,0,0,0,1.000,1.000,1.000,-90.00,180.00,-22.50,OPEN,0
655406.534,0,0,0,1.000,1.000,1.000,-90.00,180.00,-22.50,OPEN,0
655406.540,0,0,0,1.000,1.000,1.000,-90.00,180.00,-22.50,OPEN,0
655406.544,0,0,0,1.000,1.000,1.000,-90.00,180.00,-22.50,OPEN,0
655406.548,0,0,0,1.000,1.000,1.000,-90.00,180.00,-22.50,OPEN,0
655406.552,0,0,0,1.000,1.000,1.000,-90.00,180.00,-22.50,OPEN,0
655406.557,0,0,0,1.000,1.000,1.000,-90.00,180.00,-22.50,OPEN,0
655406.561,0,0,0,1.000,1.000,1.000,-90.00,180.00,-22.50,OPEN,0
655406.565,0,0,0,1.000,1.000,1.000,-90.00,180.00,-22.50,OPEN,0
655406.569,0,0,0,1.000,1.000,1.000,-90.00,180.00,-22.50,OPEN,0
655406.573,0,0,0,1.000,1.000,1.000,-90.00,180.00,-22.50,OPEN,0
655406.578,0,0,0,1.000,1.000,1.000,-90.00,180.00,-22.50,OPEN,0
655406.582,0,0,0,1.000,1.000,1.000,-90.00,180.00,-22.50,OPEN,0
655406.586,0,0,0,1.000,1.000,1.000,-90.00,180.00,-22.50,OPEN,0
655406.590,0,0,0,1.000,1.000,1.000,-90.00,180.00,-22.50,OPEN,0
655406.595,0,0,0,1.000,1.000,1.000,-90.00,180.00,-22.50,OPEN,0
655406.599,0,0,0,1.000,1.000,1.000,-90.00,180.00,-22.50,OPEN,0
655406.603,0,0,0,1.000,1.000,1.000,-90.00,180.00,-22.50,OPEN,0
655406.607,0,0,0,1.000,1.000,1.000,-90.00,180.00,-22.50,OPEN,0
655406.611,0,0,0,1.000,1.000,1.000,-90.00,180.00,-22.50,OPEN,0
655406.616,0,0,0,1.000,1.000,1.000,-90.00,180.00,-22.50,OPEN,0
655406.620,0,0,0,1.000,1.000,1.000,-90.00,180.00,-22.50,OPEN,0
655406.625,0,0,0,1.000,1.000,1.000,-90.00,180.00,-22.50,OPEN,0
655406.630,0,0,0,1.000,1.000,1.000,-90.00,180.00,-22.50,OPEN,0
655406.635,0,0,0,1.000,1.000,1.000,-90.00,180.00,-22.50,OPEN,0
655406.641,0,0,0,1.000,1.000,1.000,-90.00,180.00,-22.50,OPEN,0
655406.646,0,0,0,1.000,1.000,1.000,-90.00,180.00,-22.50,OPEN,0
655406.650,0,0,0,1.000,1.000,1.000,-90.00,180.00,-22.50,OPEN,0
655406.655,0,0,0,1.000,1.000,1.000,-90.00,180.00,-22.50,OPEN,0
655406.660,0,0,0,1.000,1.000,1.000,-90.00,180.00,-22.50,OPEN,0
655406.665,0,0,0,1.000,1.000,1.000,-90.00,180.00,-22.50,OPEN,0
655406.669,0,0,0,1.000,1.000,1.000,-90.00,180.00,-22.50,OPEN,0
655406.673,0,0,0,1.000,1.000,1.000,-90.00,180.00,-22.50,OPEN,0
655406.677,0,0,0,1.000,1.000,1.000,-90.00,180.00,-22.50,OPEN,0
655406.680,0,0,0,1.000,1.000,1.000,-90.00,180.00,-22.50,OPEN,0
655406.684,0,0,0,1.000,1.000,1.000,-90.00,180.00,-22.50,OPEN,0
655406.689,0,0,0,1.000,1.000,1.000,-90.00,180.00,-22.50,OPEN,0
655406.692,0,0,0,1.000,1.000,1.000,-90.00,180.00,-22.50,OPEN,0
655406.697,0,0,0,1.000,1.000,1.000,-90.00,180.00,-22.50,OPEN,0
655406.701,0,0,0,1.000,1.000,1.000,-90.00,180.00,-22.50,OPEN,0
655406.705,0,0,0,1.000,1.000,1.000,-90.00,180.00,-22.50,OPEN,0
655406.709,0,0,0,1.000,1.000,1.000,-90.00,180.00,-22.50,OPEN,0
655406.714,0,0,0,1.000,1.000,1.000,-90.00,180.00,-22.50,OPEN,0
655406.720,0,0,0,1.000,1.000,1.000,-90.00,180.00,-22.50,OPEN,0
655406.726,0,0,0,1.000,1.000,1.000,-90.00,180.00,-22.50,OPEN,0
655406.732,0,0,0,1.000,1.000,1.000,-90.00,180.00,-22.50,OPEN,0
655406.736,0,0,0,1.000,1.000,1.000,-90.00,180.00,-22.50,OPEN,0
655406.741,0,0,0,1.000,1.000,1.000,-90.00,180.00,-22.50,OPEN,0
655406.746,0,0,0,1.000,1.000,1.000,-90.00,180.00,-22.50,OPEN,0
655406.750,0,0,0,1.000,1.000,1.000,-90.00,180.00,-22.50,OPEN,0
655406.754,0,0,0,1.000,1.000,1.000,-90.00,180.00,-22.50,OPEN,0
655406.757,0,0,0,1.000,1.000,1.000,-90.00,180.00,-22.50,OPEN,0
655406.761,0,0,0,1.000,1.000,1.000,-90.00,180.00,-22.50,OPEN,0
655406.765,0,0,0,0.982,1.000,1.000,-90.00,180.00,-22.50,OPEN,0
655406.769,0,0,0,0.952,1.000,1.000,-90.00,180.00,-22.50,OPEN,0
655406.773,0,0,0,0.999,1.000,1.000,-90.00,180.00,-22.50,OPEN,0
655406.777,0,0,0,1.000,1.000,1.000,-90.00,180.00,-22.50,OPEN,0
655406.781,0,0,0,1.000,1.000,1.000,-90.00,180.00,-22.50,OPEN,0
655406.790,0,0,0,1.000,1.000,1.000,-90.00,180.00,-22.50,OPEN,0
655406.794,0,0,0,0.999,1.000,1.000,-90.00,180.00,-22.50,OPEN,0
655406.799,0,0,0,0.996,1.000,1.000,-90.00,180.00,-22.50,OPEN,0
655406.803,0,0,0,0.806,1.000,1.000,-90.00,180.00,-22.50,OPEN,0
655406.807,0,0,0,0.951,1.000,1.000,-90.00,180.00,-22.50,OPEN,0
655406.811,0,0,0,0.993,0.999,1.000,-90.00,180.00,-22.50,OPEN,0
655406.815,0,0,0,0.998,0.990,1.000,-90.00,180.00,-22.50,OPEN,0
655406.819,1,0,0,0.999,0.931,1.000,-90.00,180.00,-18.00,OPEN,1
655406.823,1,0,0,1.000,0.866,1.000,-90.00,180.00,-18.00,OPEN,0
655406.826,1,0,0,1.000,0.816,1.000,-90.00,180.00,-18.00,OPEN,0
655406.830,1,0,0,1.000,0.773,1.000,-90.00,180.00,-18.00,OPEN,0
655406.834,1,0,0,1.000,0.744,1.000,-90.00,180.00,-18.00,OPEN,0
655406.838,1,0,0,1.000,0.728,1.000,-90.00,180.00,-18.00,OPEN,0
655406.842,1,0,0,1.000,0.690,1.000,-90.00,180.00,-18.00,OPEN,0
655406.845,1,0,0,1.000,0.648,1.000,-90.00,180.00,-18.00,OPEN,0
655406.849,1,0,0,1.000,0.651,1.000,-90.00,180.00,-18.00,OPEN,0
655406.852,1,0,0,1.000,0.551,1.000,-90.00,180.00,-18.00,OPEN,0
655406.856,1,0,0,1.000,0.662,1.000,-90.00,180.00,-18.00,OPEN,0
655406.861,1,0,0,1.000,0.952,1.000,-90.00,180.00,-18.00,OPEN,0
655406.865,1,0,0,1.000,0.996,1.000,-90.00,180.00,-18.00,OPEN,0
655406.870,1,0,0,1.000,0.999,0.999,-90.00,180.00,-18.00,OPEN,0
655406.874,1,0,0,1.000,1.000,0.965,-90.00,180.00,-18.00,OPEN,0
655406.879,1,0,0,1.000,1.000,0.972,-90.00,180.00,-18.00,OPEN,0
655406.884,1,0,0,1.000,1.000,0.979,-90.00,180.00,-18.00,OPEN,0
655406.889,1,0,0,1.000,1.000,0.981,-90.00,180.00,-18.00,OPEN,0
655406.893,1,0,0,1.000,1.000,0.981,-90.00,180.00,-18.00,OPEN,0
655406.897,1,0,0,1.000,1.000,0.979,-90.00,180.00,-18.00,OPEN,0
655406.901,1,1,0,1.000,1.000,0.972,-90.00,90.00,-18.00,OPEN,0
655406.905,1,1,0,1.000,1.000,0.946,-90.00,90.00,-18.00,OPEN,0
655406.909,1,1,0,1.000,1.000,0.910,-90.00,90.00,-18.00,OPEN,0
655406.914,1,1,0,1.000,1.000,0.848,-90.00,90.00,-18.00,OPEN,0
655406.918,1,1,0,1.000,1.000,0.789,-90.00,90.00,-18.00,OPEN,0
655406.922,1,1,0,1.000,1.000,0.723,-90.00,90.00,-13.50,OPEN,1
655406.926,1,1,0,1.000,1.000,0.663,-90.00,90.00,-13.50,OPEN,0
655406.930,1,1,0,1.000,1.000,0.627,-90.00,90.00,-13.50,OPEN,0
655406.934,1,1,0,1.000,0.999,0.636,-90.00,90.00,-13.50,OPEN,0
655406.938,1,1,0,1.000,0.999,0.620,-90.00,90.00,-13.50,OPEN,0
655406.942,1,1,0,1.000,0.998,0.647,-90.00,90.00,-13.50,OPEN,0
655406.946,1,1,0,1.000,0.995,0.725,-90.00,90.00,-13.50,OPEN,0
655406.950,1,1,0,1.000,0.989,0.789,-90.00,90.00,-13.50,OPEN,0
655406.954,1,1,0,1.000,0.975,0.826,-90.00,90.00,-13.50,OPEN,0
655406.958,1,1,0,1.000,0.961,0.817,-90.00,90.00,-13.50,OPEN,0
655406.962,1,1,0,1.000,0.954,0.817,-90.00,90.00,-13.50,OPEN,0
655406.965,1,1,0,1.000,0.965,0.816,-90.00,90.00,-13.50,OPEN,0
655406.969,1,1,0,1.000,0.978,0.832,-90.00,90.00,-13.50,OPEN,0
655406.973,1,1,0,1.000,0.995,0.915,-90.00,90.00,-13.50,OPEN,0
655406.978,1,1,0,1.000,0.999,0.964,-90.00,90.00,-13.50,OPEN,0
655406.982,1,1,0,1.000,1.000,0.983,-90.00,90.00,-13.50,OPEN,0
655406.988,1,1,0,1.000,1.000,0.994,-90.00,90.00,-13.50,OPEN,0
655406.993,1,1,0,1.000,1.000,0.996,-90.00,90.00,-13.50,OPEN,0
655406.998,1,1,0,1.000,1.000,0.996,-90.00,90.00,-13.50,OPEN,0
655407.002,1,1,0,1.000,1.000,0.996,-90.00,90.00,-13.50,OPEN,0
655407.006,1,1,0,1.000,1.000,0.995,-90.00,90.00,-13.50,OPEN,0
655407.010,1,1,0,1.000,1.000,0.995,-90.00,90.00,-13.50,OPEN,0
655407.014,1,1,0,1.000,1.000,0.994,-90.00,90.00,-13.50,OPEN,0
655407.018,1,1,0,1.000,1.000,0.990,-90.00,90.00,-13.50,OPEN,0
655407.022,1,1,0,1.000,1.000,0.982,-90.00,90.00,-13.50,OPEN,0
655407.026,1,1,0,1.000,1.000,0.976,-90.00,90.00,-9.00,OPEN,1
655407.029,1,1,0,1.000,1.000,0.975,-90.00,90.00,-9.00,OPEN,0
655407.033,1,1,0,1.000,1.000,0.984,-90.00,90.00,-9.00,OPEN,0
655407.037,1,1,0,1.000,0.999,0.990,-90.00,90.00,-9.00,OPEN,0
655407.041,1,1,0,1.000,0.999,0.994,-90.00,90.00,-9.00,OPEN,0
655407.044,1,1,0,1.000,0.999,0.997,-90.00,90.00,-9.00,OPEN,0
655407.049,1,1,0,1.000,0.999,0.998,-90.00,90.00,-9.00,OPEN,0
655407.053,1,1,0,1.000,0.999,0.999,-90.00,90.00,-9.00,OPEN,0
655407.057,1,1,0,1.000,0.999,0.999,-90.00,90.00,-9.00,OPEN,0
655407.061,1,1,0,1.000,1.000,0.999,-90.00,90.00,-9.00,OPEN,0
655407.065,1,1,0,1.000,1.000,0.999,-90.00,90.00,-9.00,OPEN,0
655407.068,1,1,0,1.000,1.000,0.999,-90.00,90.00,-9.00,OPEN,0
655407.072,1,1,0,1.000,1.000,0.998,-90.00,90.00,-9.00,OPEN,0
655407.076,1,1,0,1.000,1.000,0.997,-90.00,90.00,-9.00,OPEN,0
655407.080,1,1,0,1.000,1.000,0.997,-90.00,90.00,-9.00,OPEN,0
655407.083,1,1,0,1.000,1.000,0.997,-90.00,90.00,-9.00,OPEN,0
655407.087,1,1,0,1.000,1.000,0.997,-90.00,90.00,-9.00,OPEN,0
655407.091,1,1,0,1.000,1.000,0.997,-90.00,90.00,-9.00,OPEN,0
655407.095,1,1,0,1.000,1.000,0.997,-90.00,90.00,-9.00,OPEN,0
655407.098,1,1,0,1.000,1.000,0.996,-90.00,90.00,-9.00,OPEN,0
655407.103,1,1,0,1.000,1.000,0.995,-90.00,90.00,-9.00,OPEN,0
655407.107,1,1,0,1.000,1.000,0.995,-90.00,90.00,-9.00,OPEN,0
655407.111,1,1,0,1.000,1.000,0.992,-90.00,90.00,-9.00,OPEN,0
655407.115,1,1,0,1.000,1.000,0.985,-90.00,90.00,-9.00,OPEN,0
655407.119,1,1,0,1.000,0.999,0.967,-90.00,90.00,-9.00,OPEN,0
655407.123,1,1,0,1.000,0.999,0.928,-90.00,90.00,-9.00,OPEN,0
655407.127,1,1,0,1.000,0.999,0.843,-90.00,90.00,-4.50,OPEN,1
655407.131,1,1,0,1.000,0.999,0.762,-90.00,90.00,-4.50,OPEN,0
655407.135,1,1,0,1.000,1.000,0.710,-90.00,90.00,-4.50,OPEN,0
655407.139,1,1,0,1.000,1.000,0.760,-90.00,90.00,-4.50,OPEN,0
655407.143,1,1,0,1.000,1.000,0.890,-90.00,90.00,-4.50,OPEN,0
655407.147,1,1,0,1.000,1.000,0.955,-90.00,90.00,-4.50,OPEN,0
655407.151,1,1,0,1.000,1.000,0.985,-90.00,90.00,-4.50,OPEN,0
655407.156,1,1,0,1.000,1.000,0.996,-90.00,90.00,-4.50,OPEN,0
655407.159,1,1,0,1.000,1.000,0.998,-90.00,90.00,-4.50,OPEN,0
655407.164,1,1,0,1.000,1.000,0.999,-90.00,90.00,-4.50,OPEN,0
655407.170,1,1,0,1.000,1.000,0.999,-90.00,90.00,-4.50,OPEN,0
655407.176,1,1,0,1.000,1.000,0.999,-90.00,90.00,-4.50,OPEN,0
655407.183,1,1,0,1.000,0.999,0.999,-90.00,90.00,-4.50,OPEN,0
655407.189,1,1,0,1.000,0.999,0.999,-90.00,90.00,-4.50,OPEN,0
655407.195,1,1,0,1.000,0.998,0.999,-90.00,90.00,-4.50,OPEN,0
655407.200,1,1,0,1.000,0.997,0.999,-90.00,90.00,-4.50,OPEN,0
655407.204,1,1,0,1.000,0.995,0.998,-90.00,90.00,-4.50,OPEN,0
655407.209,1,1,0,1.000,0.994,0.997,-90.00,90.00,-4.50,OPEN,0
655407.213,1,1,0,1.000,0.995,0.997,-90.00,90.00,-4.50,OPEN,0
655407.216,1,1,0,1.000,0.997,0.997,-90.00,90.00,-4.50,OPEN,0
655407.220,1,1,0,1.000,0.999,0.997,-90.00,90.00,-4.50,OPEN,0
655407.225,1,1,0,1.000,0.999,0.997,-90.00,90.00,-4.50,OPEN,0
655407.229,1,1,0,1.000,1.000,0.998,-90.00,90.00,0.00,OPEN,1
655407.232,1,1,0,1.000,1.000,0.997,-90.00,90.00,0.00,OPEN,0
655407.236,1,1,0,1.000,1.000,0.996,-90.00,90.00,0.00,OPEN,0
655407.240,1,1,0,1.000,1.000,0.994,-90.00,90.00,0.00,OPEN,0
655407.244,1,1,0,1.000,1.000,0.993,-90.00,90.00,0.00,OPEN,0
655407.248,1,1,0,1.000,1.000,0.990,-90.00,90.00,0.00,OPEN,0
655407.253,1,1,0,1.000,1.000,0.981,-90.00,90.00,0.00,OPEN,0
655407.257,1,1,0,1.000,0.999,0.976,-90.00,90.00,0.00,OPEN,0
655407.261,1,1,0,1.000,0.995,0.974,-90.00,90.00,0.00,OPEN,0
655407.265,1,1,0,1.000,0.947,0.979,-90.00,90.00,0.00,OPEN,0
655407.269,1,1,0,1.000,0.548,0.992,-90.00,90.00,0.00,OPEN,0
655407.273,1,1,0,1.000,0.891,0.997,-90.00,90.00,0.00,OPEN,0
655407.277,1,1,0,1.000,0.988,0.999,-90.00,90.00,0.00,OPEN,0
655407.281,1,1,0,0.997,0.998,1.000,-90.00,90.00,0.00,OPEN,0
655407.285,1,1,0,0.995,0.999,1.000,-90.00,90.00,0.00,OPEN,0
655407.289,1,1,0,0.916,1.000,1.000,-90.00,90.00,0.00,OPEN,0
655407.293,1,1,0,0.975,1.000,1.000,-90.00,90.00,0.00,OPEN,0
655407.298,1,1,0,1.000,1.000,1.000,-90.00,90.00,0.00,OPEN,0
655407.301,1,1,0,0.998,1.000,1.000,-90.00,90.00,0.00,OPEN,0
655407.305,1,1,0,0.998,1.000,1.000,-90.00,90.00,0.00,OPEN,0
655407.309,1,1,0,0.998,1.000,1.000,-90.00,90.00,0.00,OPEN,0
655407.313,1,0,0,0.997,1.000,1.000,-90.00,180.00,0.00,OPEN,0
655407.316,1,0,0,0.994,1.000,1.000,-90.00,180.00,0.00,OPEN,0
655407.320,1,0,0,0.991,1.000,1.000,-90.00,180.00,0.00,OPEN,0
655407.323,1,0,0,0.991,1.000,1.000,-90.00,180.00,0.00,OPEN,0
655407.328,1,0,0,0.765,0.996,1.000,-90.00,180.00,0.00,OPEN,0
655407.332,1,0,0,0.975,1.000,1.000,-90.00,180.00,4.50,OPEN,1
655407.337,1,0,0,0.637,1.000,1.000,-90.00,180.00,4.50,OPEN,0
655407.341,0,0,0,0.962,1.000,1.000,-90.00,180.00,4.50,OPEN,0
655407.346,0,0,0,0.935,1.000,1.000,-90.00,180.00,4.50,OPEN,0
655407.351,0,0,0,0.959,1.000,1.000,-90.00,180.00,4.50,OPEN,0
655407.354,0,0,0,0.817,1.000,1.000,-90.00,180.00,4.50,OPEN,0
655407.358,0,0,0,0.875,1.000,1.000,-90.00,180.00,4.50,OPEN,0
655407.362,0,0,0,0.834,1.000,1.000,-90.00,180.00,4.50,OPEN,0
655407.366,0,0,0,0.585,1.000,1.000,-90.00,180.00,4.50,OPEN,0
655407.370,0,0,0,0.861,1.000,1.000,-90.00,180.00,4.50,OPEN,0
655407.374,0,0,0,0.935,1.000,1.000,-90.00,180.00,4.50,OPEN,0
655407.378,0,0,0,0.961,1.000,1.000,-90.00,180.00,4.50,OPEN,0
655407.382,0,0,0,0.967,1.000,1.000,-90.00,180.00,4.50,OPEN,0
655407.386,0,0,0,0.969,1.000,1.000,-90.00,180.00,4.50,OPEN,0
655407.390,0,0,0,0.980,1.000,1.000,-90.00,180.00,4.50,OPEN,0
655407.394,0,0,0,0.989,1.000,1.000,-90.00,180.00,4.50,OPEN,0
655407.397,0,0,0,0.996,1.000,1.000,-90.00,180.00,4.50,OPEN,0
655407.401,0,0,0,1.000,1.000,1.000,-90.00,180.00,4.50,OPEN,0
655407.406,0,0,0,1.000,1.000,1.000,-90.00,180.00,4.50,OPEN,0
655407.409,0,0,0,1.000,1.000,1.000,-90.00,180.00,4.50,OPEN,0
655407.413,0,0,0,1.000,1.000,1.000,-90.00,180.00,4.50,OPEN,0
655407.417,0,0,0,1.000,1.000,1.000,-90.00,180.00,4.50,OPEN,0
655407.421,0,0,0,1.000,1.000,1.000,-90.00,180.00,4.50,OPEN,0
655407.425,0,0,0,1.000,1.000,1.000,-90.00,180.00,4.50,OPEN,0
655407.430,0,0,0,1.000,1.000,1.000,-90.00,180.00,4.50,OPEN,0
655407.434,0,0,0,1.000,1.000,1.000,-90.00,180.00,4.50,OPEN,0
655407.438,0,0,0,1.000,1.000,1.000,-90.00,180.00,4.50,OPEN,0
655407.441,0,0,0,1.000,1.000,1.000,-90.00,180.00,4.50,OPEN,0
655407.445,0,0,0,1.000,1.000,1.000,-90.00,180.00,4.50,OPEN,0
655407.449,0,0,0,1.000,1.000,1.000,-90.00,180.00,4.50,OPEN,0
655407.453,0,0,0,1.000,1.000,1.000,-90.00,180.00,4.50,OPEN,0
655407.456,0,0,0,1.000,1.000,1.000,-90.00,180.00,4.50,OPEN,0
655407.460,0,0,0,1.000,1.000,1.000,-90.00,180.00,4.50,OPEN,0
655407.464,0,0,0,1.000,1.000,1.000,-90.00,180.00,4.50,OPEN,0
655407.469,0,0,0,1.000,1.000,1.000,-90.00,180.00,4.50,OPEN,0
655407.474,0,0,0,1.000,1.000,1.000,-90.00,180.00,4.50,OPEN,0
655407.479,0,0,0,1.000,1.000,1.000,-90.00,180.00,4.50,OPEN,0
655407.483,0,0,0,1.000,1.000,1.000,-90.00,180.00,4.50,OPEN,0
655407.487,0,0,0,1.000,1.000,1.000,-90.00,180.00,4.50,OPEN,0
655407.491,0,0,0,1.000,1.000,1.000,-90.00,180.00,4.50,OPEN,0
655407.495,0,0,0,1.000,1.000,1.000,-90.00,180.00,4.50,OPEN,0
655407.500,0,0,0,1.000,1.000,1.000,-90.00,180.00,4.50,OPEN,0
655407.504,0,0,0,1.000,1.000,1.000,-90.00,180.00,4.50,OPEN,0
655407.508,0,0,0,1.000,1.000,1.000,-90.00,180.00,4.50,OPEN,0
655407.511,0,0,0,1.000,1.000,1.000,-90.00,180.00,4.50,OPEN,0
655407.515,0,0,0,1.000,1.000,1.000,-90.00,180.00,4.50,OPEN,0
655407.518,0,0,0,1.000,1.000,1.000,-90.00,180.00,4.50,OPEN,0
655407.523,0,0,0,1.000,1.000,1.000,-90.00,180.00,4.50,OPEN,0
655407.527,0,0,0,1.000,1.000,1.000,-90.00,180.00,4.50,OPEN,0
655407.531,0,0,0,1.000,1.000,1.000,-90.00,180.00,4.50,OPEN,0
655407.536,0,0,0,1.000,1.000,1.000,-90.00,180.00,4.50,OPEN,0
655407.540,0,0,0,1.000,1.000,1.000,-90.00,180.00,4.50,OPEN,0
655407.544,0,0,0,1.000,1.000,1.000,-90.00,180.00,4.50,OPEN,0
655407.549,0,0,0,1.000,1.000,1.000,-90.00,180.00,4.50,OPEN,0
655407.555,0,0,0,1.000,1.000,1.000,-90.00,180.00,4.50,OPEN,0
655407.559,0,0,0,1.000,1.000,1.000,-90.00,180.00,4.50,OPEN,0
655407.564,0,0,0,1.000,1.000,1.000,-90.00,180.00,4.50,OPEN,0
655407.567,0,0,0,1.000,1.000,1.000,-90.00,180.00,4.50,OPEN,0
655407.571,0,0,0,1.000,1.000,1.000,-90.00,180.00,4.50,OPEN,0
655407.575,0,0,0,1.000,1.000,1.000,-90.00,180.00,4.50,OPEN,0
655407.579,0,0,0,1.000,1.000,1.000,-90.00,180.00,4.50,OPEN,0
655407.583,0,0,0,1.000,1.000,1.000,-90.00,180.00,4.50,OPEN,0
655407.586,0,0,0,1.000,1.000,1.000,-90.00,180.00,4.50,OPEN,0
655407.591,0,0,0,1.000,1.000,1.000,-90.00,180.00,4.50,OPEN,0
655407.595,0,0,0,1.000,1.000,1.000,-90.00,180.00,4.50,OPEN,0
655407.599,0,0,0,1.000,1.000,1.000,-90.00,180.00,4.50,OPEN,0
655407.603,0,0,0,1.000,1.000,1.000,-90.00,180.00,4.50,OPEN,0
655407.607,0,0,0,1.000,1.000,1.000,-90.00,180.00,4.50,OPEN,0
655407.612,0,0,0,1.000,1.000,1.000,-90.00,180.00,4.50,OPEN,0
655407.616,0,0,0,1.000,1.000,1.000,-90.00,180.00,4.50,OPEN,0
655407.621,0,0,0,1.000,1.000,1.000,-90.00,180.00,4.50,OPEN,0
655407.625,0,0,0,1.000,1.000,1.000,-90.00,180.00,4.50,OPEN,0
655407.629,0,0,0,1.000,1.000,1.000,-90.00,180.00,4.50,OPEN,0
655407.633,0,0,0,1.000,1.000,1.000,-90.00,180.00,4.50,OPEN,0
655407.636,0,0,0,1.000,1.000,1.000,-90.00,180.00,4.50,OPEN,0
655407.640,0,0,0,1.000,1.000,1.000,-90.00,180.00,4.50,OPEN,0
655407.644,0,0,0,1.000,1.000,1.000,-90.00,180.00,4.50,OPEN,0
655407.648,0,0,0,1.000,1.000,1.000,-90.00,180.00,4.50,OPEN,0
655407.654,0,0,0,1.000,1.000,1.000,-90.00,180.00,4.50,OPEN,0
655407.658,0,0,0,1.000,1.000,1.000,-90.00,180.00,4.50,OPEN,0
655407.663,0,0,0,1.000,1.000,1.000,-90.00,180.00,4.50,OPEN,0
655407.667,0,0,0,1.000,1.000,1.000,-90.00,180.00,4.50,OPEN,0
655407.671,0,0,0,1.000,1.000,1.000,-90.00,180.00,4.50,OPEN,0
655407.675,0,0,0,1.000,1.000,1.000,-90.00,180.00,4.50,OPEN,0
655407.679,0,0,0,1.000,1.000,1.000,-90.00,180.00,4.50,OPEN,0
655407.682,0,0,0,1.000,1.000,1.000,-90.00,180.00,4.50,OPEN,0
655407.686,0,0,0,1.000,1.000,1.000,-90.00,180.00,4.50,OPEN,0
655407.690,0,0,0,1.000,1.000,1.000,-90.00,180.00,4.50,OPEN,0
655407.695,0,0,0,1.000,1.000,1.000,-90.00,180.00,4.50,OPEN,0
655407.698,0,0,0,1.000,1.000,1.000,-90.00,180.00,4.50,OPEN,0
655407.702,0,0,0,1.000,1.000,1.000,-90.00,180.00,4.50,OPEN,0
655407.706,0,0,0,1.000,1.000,1.000,-90.00,180.00,4.50,OPEN,0
655407.711,0,0,0,1.000,1.000,1.000,-90.00,180.00,4.50,OPEN,0
655407.715,0,0,0,1.000,1.000,1.000,-90.00,180.00,4.50,OPEN,0
655407.719,0,0,0,1.000,1.000,1.000,-90.00,180.00,4.50,OPEN,0
655407.723,0,0,0,1.000,1.000,1.000,-90.00,180.00,4.50,OPEN,0
655407.727,0,0,0,1.000,1.000,1.000,-90.00,180.00,4.50,OPEN,0
655407.731,0,0,0,1.000,1.000,1.000,-90.00,180.00,4.50,OPEN,0
655407.735,0,0,0,1.000,1.000,1.000,-90.00,180.00,4.50,OPEN,0
655407.739,0,0,0,1.000,1.000,1.000,-90.00,180.00,4.50,OPEN,0
655407.743,0,0,0,1.000,1.000,1.000,-90.00,180.00,4.50,OPEN,0
655407.747,0,0,0,1.000,1.000,1.000,-90.00,180.00,4.50,OPEN,0
655407.751,0,0,0,1.000,1.000,1.000,-90.00,180.00,4.50,OPEN,0
655407.756,0,0,0,1.000,1.000,1.000,-90.00,180.00,4.50,OPEN,0
655407.760,0,0,0,1.000,1.000,1.000,-90.00,180.00,4.50,OPEN,0
655407.764,0,0,0,1.000,1.000,1.000,-90.00,180.00,4.50,OPEN,0
655407.768,0,0,0,1.000,1.000,1.000,-90.00,180.00,4.50,OPEN,0
655407.773,0,0,0,1.000,1.000,1.000,-90.00,180.00,4.50,OPEN,0
655407.776,0,0,0,1.000,1.000,1.000,-90.00,180.00,4.50,OPEN,0
655407.780,0,0,0,1.000,1.000,1.000,-90.00,180.00,4.50,OPEN,0
655407.784,0,0,0,1.000,1.000,1.000,-90.00,180.00,4.50,OPEN,0
655407.788,0,0,0,1.000,1.000,1.000,-90.00,180.00,4.50,OPEN,0
655407.791,0,0,0,1.000,1.000,1.000,-90.00,180.00,4.50,OPEN,0
655407.795,0,0,0,1.000,1.000,1.000,-90.00,180.00,4.50,OPEN,0
655407.800,0,0,0,1.000,1.000,1.000,-90.00,180.00,4.50,OPEN,0
655407.805,0,0,0,1.000,1.000,1.000,-90.00,180.00,4.50,OPEN,0
655407.809,0,0,0,1.000,1.000,1.000,-90.00,180.00,4.50,OPEN,0
655407.814,0,0,0,1.000,1.000,1.000,-90.00,180.00,4.50,OPEN,0
655407.818,0,0,0,1.000,1.000,1.000,-90.00,180.00,4.50,OPEN,0
655407.822,0,0,0,1.000,1.000,1.000,-90.00,180.00,4.50,OPEN,0
655407.826,0,0,0,1.000,1.000,1.000,-90.00,180.00,4.50,OPEN,0
655407.830,0,0,0,1.000,1.000,1.000,-90.00,180.00,4.50,OPEN,0
655407.834,0,0,0,1.000,1.000,1.000,-90.00,180.00,4.50,OPEN,0
655407.838,0,0,0,1.000,1.000,1.000,-90.00,180.00,4.50,OPEN,0
655407.841,0,0,0,1.000,1.000,1.000,-90.00,180.00,4.50,OPEN,0
655407.845,0,0,0,1.000,1.000,1.000,-90.00,180.00,4.50,OPEN,0
655407.849,0,0,0,1.000,1.000,1.000,-90.00,180.00,4.50,OPEN,0
655407.853,0,0,0,1.000,1.000,1.000,-90.00,180.00,4.50,OPEN,0
655407.857,0,0,0,1.000,1.000,1.000,-90.00,180.00,4.50,OPEN,0
655407.862,0,0,0,0.999,1.000,1.000,-90.00,180.00,4.50,OPEN,0
655407.865,0,0,0,0.998,1.000,1.000,-90.00,180.00,4.50,OPEN,0
655407.870,0,0,0,0.994,1.000,1.000,-90.00,180.00,4.50,OPEN,0
655407.874,0,0,0,0.992,1.000,1.000,-90.00,180.00,4.50,OPEN,0
655407.878,0,0,0,0.980,1.000,1.000,-90.00,180.00,4.50,OPEN,0
655407.884,0,0,0,0.884,1.000,1.000,-90.00,180.00,4.50,OPEN,0
655407.889,0,0,0,0.625,1.000,1.000,-90.00,180.00,4.50,OPEN,0
655407.893,0,0,0,0.999,1.000,1.000,-90.00,180.00,4.50,OPEN,0
655407.897,0,0,0,1.000,1.000,1.000,-90.00,180.00,4.50,OPEN,0
655407.902,0,0,0,1.000,1.000,1.000,-90.00,180.00,4.50,OPEN,0
655407.907,0,0,0,1.000,1.000,1.000,-90.00,180.00,4.50,OPEN,0
655407.911,0,0,0,1.000,1.000,1.000,-90.00,180.00,4.50,OPEN,0
655407.915,0,0,0,1.000,1.000,1.000,-90.00,180.00,4.50,OPEN,0
655407.919,0,0,0,1.000,1.000,1.000,-90.00,180.00,4.50,OPEN,0
655407.923,0,0,0,1.000,1.000,1.000,-90.00,180.00,4.50,OPEN,0
655407.928,0,0,0,1.000,1.000,1.000,-90.00,180.00,4.50,OPEN,0
655407.933,0,0,0,1.000,1.000,1.000,-90.00,180.00,4.50,OPEN,0
655407.939,0,0,0,1.000,1.000,1.000,-90.00,180.00,4.50,OPEN,0
655407.944,1,0,0,1.000,1.000,1.000,-90.00,180.00,9.00,OPEN,1
655407.950,1,0,0,1.000,1.000,1.000,-90.00,180.00,9.00,OPEN,0
655407.955,1,0,0,1.000,1.000,1.000,-90.00,180.00,9.00,OPEN,0
655407.960,1,0,0,1.000,1.000,1.000,-90.00,180.00,9.00,OPEN,0
655407.964,1,0,0,1.000,1.000,1.000,-90.00,180.00,9.00,OPEN,0
655407.970,1,0,0,1.000,1.000,1.000,-90.00,180.00,9.00,OPEN,0
655407.974,1,0,0,1.000,1.000,1.000,-90.00,180.00,9.00,OPEN,0
655407.979,1,0,0,1.000,1.000,1.000,-90.00,180.00,9.00,OPEN,0
655407.982,1,0,0,1.000,1.000,1.000,-90.00,180.00,9.00,OPEN,0
655407.986,1,0,0,1.000,1.000,1.000,-90.00,180.00,9.00,OPEN,0
655407.991,1,0,0,1.000,1.000,1.000,-90.00,180.00,9.00,OPEN,0
655407.996,1,0,0,1.000,1.000,1.000,-90.00,180.00,9.00,OPEN,0
655407.999,1,0,0,1.000,1.000,1.000,-90.00,180.00,9.00,OPEN,0
655408.003,1,0,0,1.000,1.000,1.000,-90.00,180.00,9.00,OPEN,0
655408.007,1,0,0,1.000,1.000,1.000,-90.00,180.00,9.00,OPEN,0
655408.012,1,0,0,1.000,1.000,1.000,-90.00,180.00,9.00,OPEN,0
655408.019,1,0,0,1.000,1.000,1.000,-90.00,180.00,9.00,OPEN,0
655408.025,1,0,0,1.000,1.000,1.000,-90.00,180.00,9.00,OPEN,0
655408.030,1,0,0,1.000,1.000,1.000,-90.00,180.00,9.00,OPEN,0
655408.034,1,0,0,1.000,1.000,1.000,-90.00,180.00,9.00,OPEN,0
655408.039,1,0,0,1.000,1.000,1.000,-90.00,180.00,9.00,OPEN,0
655408.043,1,0,0,1.000,1.000,1.000,-90.00,180.00,9.00,OPEN,0
655408.047,1,0,0,1.000,1.000,1.000,-90.00,180.00,13.50,OPEN,1
655408.050,1,0,0,1.000,1.000,1.000,-90.00,180.00,13.50,OPEN,0
655408.054,1,0,0,1.000,1.000,1.000,-90.00,180.00,13.50,OPEN,0
655408.058,1,0,0,1.000,1.000,1.000,-90.00,180.00,13.50,OPEN,0
655408.062,1,0,0,1.000,1.000,1.000,-90.00,180.00,13.50,OPEN,0
655408.066,1,0,0,1.000,1.000,1.000,-90.00,180.00,13.50,OPEN,0
655408.070,1,0,0,1.000,1.000,1.000,-90.00,180.00,13.50,OPEN,0
655408.074,1,0,0,1.000,1.000,1.000,-90.00,180.00,13.50,OPEN,0
655408.078,1,0,0,1.000,1.000,1.000,-90.00,180.00,13.50,OPEN,0
655408.082,1,0,0,1.000,1.000,1.000,-90.00,180.00,13.50,OPEN,0
655408.086,1,0,0,1.000,1.000,1.000,-90.00,180.00,13.50,OPEN,0
655408.090,1,0,0,1.000,1.000,1.000,-90.00,180.00,13.50,OPEN,0
655408.094,1,0,0,1.000,1.000,1.000,-90.00,180.00,13.50,OPEN,0
655408.098,1,0,0,1.000,1.000,1.000,-90.00,180.00,13.50,OPEN,0
655408.101,1,0,0,1.000,1.000,1.000,-90.00,180.00,13.50,OPEN,0
655408.105,1,0,0,1.000,1.000,1.000,-90.00,180.00,13.50,OPEN,0
655408.109,1,0,0,1.000,1.000,1.000,-90.00,180.00,13.50,OPEN,0
655408.113,1,0,0,1.000,1.000,1.000,-90.00,180.00,13.50,OPEN,0
655408.118,1,0,0,1.000,1.000,1.000,-90.00,180.00,13.50,OPEN,0
655408.122,1,0,0,1.000,1.000,1.000,-90.00,180.00,13.50,OPEN,0
655408.125,1,0,0,1.000,1.000,1.000,-90.00,180.00,13.50,OPEN,0
655408.129,1,0,0,1.000,1.000,1.000,-90.00,180.00,13.50,OPEN,0
655408.133,1,0,0,1.000,1.000,1.000,-90.00,180.00,13.50,OPEN,0
655408.138,1,0,0,1.000,1.000,1.000,-90.00,180.00,13.50,OPEN,0
655408.142,1,0,0,1.000,1.000,1.000,-90.00,180.00,13.50,OPEN,0
655408.147,1,0,0,1.000,1.000,1.000,-90.00,180.00,18.00,OPEN,1
655408.151,1,0,0,1.000,1.000,1.000,-90.00,180.00,18.00,OPEN,0
655408.156,1,0,0,1.000,1.000,1.000,-90.00,180.00,18.00,OPEN,0
655408.160,1,0,0,1.000,1.000,1.000,-90.00,180.00,18.00,OPEN,0
655408.164,1,0,0,1.000,1.000,1.000,-90.00,180.00,18.00,OPEN,0
655408.168,1,0,0,1.000,1.000,1.000,-90.00,180.00,18.00,OPEN,0
655408.172,1,0,0,1.000,1.000,1.000,-90.00,180.00,18.00,OPEN,0
655408.176,1,0,0,1.000,1.000,1.000,-90.00,180.00,18.00,OPEN,0
655408.180,1,0,0,1.000,1.000,1.000,-90.00,180.00,18.00,OPEN,0
655408.183,1,0,0,1.000,1.000,1.000,-90.00,180.00,18.00,OPEN,0
655408.187,1,0,0,1.000,1.000,1.000,-90.00,180.00,18.00,OPEN,0
655408.191,1,0,0,1.000,1.000,1.000,-90.00,180.00,18.00,OPEN,0
655408.195,1,0,0,1.000,1.000,1.000,-90.00,180.00,18.00,OPEN,0
655408.199,1,0,0,1.000,1.000,1.000,-90.00,180.00,18.00,OPEN,0
655408.203,1,0,0,1.000,1.000,1.000,-90.00,180.00,18.00,OPEN,0
655408.207,1,0,0,1.000,1.000,1.000,-90.00,180.00,18.00,OPEN,0
655408.210,1,0,0,1.000,1.000,1.000,-90.00,180.00,18.00,OPEN,0
655408.214,1,0,0,1.000,1.000,1.000,-90.00,180.00,18.00,OPEN,0
655408.218,1,0,0,1.000,1.000,1.000,-90.00,180.00,18.00,OPEN,0
655408.223,1,0,0,1.000,1.000,1.000,-90.00,180.00,18.00,OPEN,0
655408.227,1,0,0,1.000,1.000,1.000,-90.00,180.00,18.00,OPEN,0
655408.232,1,0,0,1.000,1.000,1.000,-90.00,180.00,18.00,OPEN,0
655408.236,1,0,0,1.000,1.000,1.000,-90.00,180.00,18.00,OPEN,0
655408.240,1,0,0,1.000,1.000,1.000,-90.00,180.00,18.00,OPEN,0
655408.244,1,0,0,1.000,1.000,1.000,-90.00,180.00,18.00,OPEN,0
655408.249,1,0,0,1.000,1.000,1.000,-90.00,180.00,22.50,OPEN,1
655408.253,1,0,0,1.000,1.000,1.000,-90.00,180.00,22.50,OPEN,0
655408.258,1,0,0,1.000,1.000,1.000,-90.00,180.00,22.50,OPEN,0
655408.261,1,0,0,1.000,1.000,1.000,-90.00,180.00,22.50,OPEN,0
655408.265,1,0,0,1.000,1.000,1.000,-90.00,180.00,22.50,OPEN,0
655408.269,1,0,0,1.000,1.000,1.000,-90.00,180.00,22.50,OPEN,0
655408.272,1,0,0,1.000,1.000,1.000,-90.00,180.00,22.50,OPEN,0
655408.276,1,0,0,1.000,1.000,1.000,-90.00,180.00,22.50,OPEN,0
655408.280,1,0,0,1.000,1.000,1.000,-90.00,180.00,22.50,OPEN,0
655408.284,1,0,0,1.000,1.000,1.000,-90.00,180.00,22.50,OPEN,0
655408.289,1,0,0,1.000,1.000,1.000,-90.00,180.00,22.50,OPEN,0
655408.296,1,0,0,1.000,1.000,1.000,-90.00,180.00,22.50,OPEN,0
655408.302,1,0,0,1.000,1.000,1.000,-90.00,180.00,22.50,OPEN,0
655408.307,1,0,0,1.000,1.000,1.000,-90.00,180.00,22.50,OPEN,0
655408.312,1,0,0,1.000,1.000,1.000,-90.00,180.00,22.50,OPEN,0
655408.317,1,0,0,1.000,1.000,1.000,-90.00,180.00,22.50,OPEN,0
655408.321,1,0,0,1.000,1.000,1.000,-90.00,180.00,22.50,OPEN,0
655408.326,1,0,0,1.000,1.000,1.000,-90.00,180.00,22.50,OPEN,0
655408.330,1,0,0,1.000,1.000,1.000,-90.00,180.00,22.50,OPEN,0
655408.334,1,0,0,1.000,1.000,1.000,-90.00,180.00,22.50,OPEN,0
655408.339,1,0,0,1.000,1.000,1.000,-90.00,180.00,22.50,OPEN,0
655408.343,1,0,0,1.000,1.000,1.000,-90.00,180.00,22.50,OPEN,0
655408.346,1,0,0,1.000,1.000,1.000,-90.00,180.00,22.50,OPEN,0
655408.350,1,0,0,1.000,1.000,1.000,-90.00,180.00,27.00,OPEN,1
655408.354,1,0,0,1.000,1.000,1.000,-90.00,180.00,27.00,OPEN,0
655408.358,1,0,0,1.000,1.000,1.000,-90.00,180.00,27.00,OPEN,0
655408.362,1,0,0,1.000,1.000,1.000,-90.00,180.00,27.00,OPEN,0
655408.365,1,0,0,1.000,1.000,1.000,-90.00,180.00,27.00,OPEN,0
655408.369,1,0,0,1.000,1.000,1.000,-90.00,180.00,27.00,OPEN,0
655408.374,1,0,0,1.000,1.000,1.000,-90.00,180.00,27.00,OPEN,0
655408.377,1,0,0,1.000,1.000,1.000,-90.00,180.00,27.00,OPEN,0
655408.381,1,0,0,1.000,1.000,1.000,-90.00,180.00,27.00,OPEN,0
655408.384,1,0,0,1.000,1.000,1.000,-90.00,180.00,27.00,OPEN,0
655408.389,1,0,0,1.000,1.000,1.000,-90.00,180.00,27.00,OPEN,0
655408.392,1,0,0,1.000,1.000,1.000,-90.00,180.00,27.00,OPEN,0
655408.397,1,0,0,1.000,1.000,1.000,-90.00,180.00,27.00,OPEN,0
655408.400,1,0,0,1.000,1.000,1.000,-90.00,180.00,27.00,OPEN,0
655408.404,1,0,0,0.999,1.000,1.000,-90.00,180.00,27.00,OPEN,0
655408.409,1,0,0,0.935,1.000,1.000,-90.00,180.00,27.00,OPEN,0
655408.413,1,0,0,0.996,1.000,1.000,-90.00,180.00,27.00,OPEN,0
655408.417,1,0,0,0.998,1.000,1.000,-90.00,180.00,27.00,OPEN,0
655408.422,1,0,0,0.999,1.000,1.000,-90.00,180.00,27.00,OPEN,0
655408.426,1,0,0,1.000,1.000,1.000,-90.00,180.00,27.00,OPEN,0
655408.430,1,0,0,1.000,1.000,1.000,-90.00,180.00,27.00,OPEN,0
655408.434,1,0,0,1.000,1.000,1.000,-90.00,180.00,27.00,OPEN,0
655408.439,1,0,0,1.000,1.000,1.000,-90.00,180.00,27.00,OPEN,0
655408.445,1,0,0,1.000,1.000,1.000,-90.00,180.00,27.00,OPEN,0
655408.449,1,0,0,1.000,1.000,1.000,-90.00,180.00,27.00,OPEN,0
655408.453,1,0,0,1.000,1.000,1.000,-90.00,180.00,31.50,OPEN,1
655408.457,0,0,0,1.000,1.000,1.000,-90.00,180.00,31.50,OPEN,0
655408.461,0,0,0,1.000,1.000,1.000,-90.00,180.00,31.50,OPEN,0
655408.465,0,0,0,1.000,1.000,1.000,-90.00,180.00,31.50,OPEN,0
655408.469,0,0,0,1.000,1.000,1.000,-90.00,180.00,31.50,OPEN,0
655408.474,0,0,0,1.000,1.000,1.000,-90.00,180.00,31.50,OPEN,0
655408.478,0,0,0,1.000,1.000,1.000,-90.00,180.00,31.50,OPEN,0
655408.482,0,0,0,1.000,1.000,1.000,-90.00,180.00,31.50,OPEN,0
655408.486,0,0,0,1.000,1.000,1.000,-90.00,180.00,31.50,OPEN,0
655408.490,0,0,0,1.000,1.000,1.000,-90.00,180.00,31.50,OPEN,0
655408.494,0,0,0,1.000,1.000,1.000,-90.00,180.00,31.50,OPEN,0
655408.498,0,0,0,1.000,1.000,1.000,-90.00,180.00,31.50,OPEN,0
655408.501,0,0,0,1.000,1.000,1.000,-90.00,180.00,31.50,OPEN,0
655408.505,0,0,0,1.000,1.000,1.000,-90.00,180.00,31.50,OPEN,0
655408.509,0,0,0,1.000,1.000,1.000,-90.00,180.00,31.50,OPEN,0
655408.513,0,0,0,1.000,1.000,1.000,-90.00,180.00,31.50,OPEN,0
655408.517,0,0,0,1.000,1.000,1.000,-90.00,180.00,31.50,OPEN,0
655408.521,0,0,0,1.000,1.000,1.000,-90.00,180.00,31.50,OPEN,0
655408.525,0,0,0,1.000,1.000,1.000,-90.00,180.00,31.50,OPEN,0
655408.529,0,0,0,1.000,1.000,1.000,-90.00,180.00,31.50,OPEN,0
655408.533,0,0,0,1.000,1.000,1.000,-90.00,180.00,31.50,OPEN,0
655408.536,0,0,0,1.000,1.000,1.000,-90.00,180.00,31.50,OPEN,0
655408.542,0,0,0,1.000,1.000,1.000,-90.00,180.00,31.50,OPEN,0
655408.547,0,0,0,1.000,1.000,1.000,-90.00,180.00,31.50,OPEN,0
655408.553,0,0,0,1.000,1.000,1.000,-90.00,180.00,31.50,OPEN,0
655408.559,0,0,0,1.000,1.000,1.000,-90.00,180.00,31.50,OPEN,0
655408.564,0,0,0,1.000,1.000,1.000,-90.00,180.00,31.50,OPEN,0
655408.570,0,0,0,1.000,1.000,1.000,-90.00,180.00,31.50,OPEN,0
655408.575,0,0,0,1.000,1.000,1.000,-90.00,180.00,31.50,OPEN,0
655408.579,0,0,0,1.000,1.000,1.000,-90.00,180.00,31.50,OPEN,0
655408.583,0,0,0,1.000,1.000,1.000,-90.00,180.00,31.50,OPEN,0
655408.587,0,0,0,1.000,1.000,1.000,-90.00,180.00,31.50,OPEN,0
655408.591,0,0,0,1.000,1.000,1.000,-90.00,180.00,31.50,OPEN,0
655408.595,0,0,0,1.000,1.000,1.000,-90.00,180.00,31.50,OPEN,0
655408.599,0,0,0,1.000,1.000,1.000,-90.00,180.00,31.50,OPEN,0
655408.602,0,0,0,1.000,1.000,1.000,-90.00,180.00,31.50,OPEN,0
655408.606,0,0,0,1.000,1.000,1.000,-90.00,180.00,31.50,OPEN,0
655408.610,0,0,0,1.000,1.000,1.000,-90.00,180.00,31.50,OPEN,0
655408.614,0,0,0,1.000,1.000,1.000,-90.00,180.00,31.50,OPEN,0
655408.618,0,0,0,1.000,1.000,1.000,-90.00,180.00,31.50,OPEN,0
655408.623,0,0,0,1.000,1.000,1.000,-90.00,180.00,31.50,OPEN,0
655408.627,0,0,0,1.000,1.000,1.000,-90.00,180.00,31.50,OPEN,0
655408.631,0,0,0,1.000,1.000,1.000,-90.00,180.00,31.50,OPEN,0
655408.636,0,0,0,1.000,1.000,1.000,-90.00,180.00,31.50,OPEN,0
655408.641,0,0,0,1.000,1.000,1.000,-90.00,180.00,31.50,OPEN,0
655408.645,0,0,0,1.000,1.000,1.000,-90.00,180.00,31.50,OPEN,0
655408.649,0,0,0,1.000,1.000,1.000,-90.00,180.00,31.50,OPEN,0
655408.653,0,0,0,1.000,1.000,1.000,-90.00,180.00,31.50,OPEN,0
655408.657,0,0,0,1.000,1.000,1.000,-90.00,180.00,31.50,OPEN,0
655408.661,0,0,0,1.000,1.000,1.000,-90.00,180.00,31.50,OPEN,0
655408.665,0,0,0,1.000,1.000,1.000,-90.00,180.00,31.50,OPEN,0
655408.669,0,0,0,1.000,1.000,1.000,-90.00,180.00,31.50,OPEN,0
655408.674,0,0,0,1.000,1.000,1.000,-90.00,180.00,31.50,OPEN,0
655408.678,0,0,0,1.000,1.000,1.000,-90.00,180.00,31.50,OPEN,0
655408.682,0,0,0,1.000,1.000,1.000,-90.00,180.00,31.50,OPEN,0
655408.687,0,0,0,1.000,1.000,1.000,-90.00,180.00,31.50,OPEN,0
655408.691,0,0,0,1.000,1.000,1.000,-90.00,180.00,31.50,OPEN,0
655408.695,0,0,0,1.000,1.000,1.000,-90.00,180.00,31.50,OPEN,0
655408.700,0,0,0,1.000,1.000,1.000,-90.00,180.00,31.50,OPEN,0
655408.704,0,0,0,1.000,1.000,1.000,-90.00,180.00,31.50,OPEN,0
655408.708,0,0,0,1.000,1.000,1.000,-90.00,180.00,31.50,OPEN,0
655408.712,0,0,0,1.000,1.000,1.000,-90.00,180.00,31.50,OPEN,0
655408.716,0,0,0,1.000,1.000,1.000,-90.00,180.00,31.50,OPEN,0
655408.720,0,0,0,1.000,1.000,1.000,-90.00,180.00,31.50,OPEN,0
655408.724,0,0,0,1.000,1.000,1.000,-90.00,180.00,31.50,OPEN,0
655408.730,0,0,0,1.000,1.000,1.000,-90.00,180.00,31.50,OPEN,0
655408.734,0,0,0,1.000,1.000,1.000,-90.00,180.00,31.50,OPEN,0
655408.738,0,0,0,1.000,1.000,1.000,-90.00,180.00,31.50,OPEN,0
655408.742,0,0,0,1.000,1.000,1.000,-90.00,180.00,31.50,OPEN,0
655408.746,0,0,0,1.000,1.000,1.000,-90.00,180.00,31.50,OPEN,0
655408.750,0,0,0,1.000,1.000,1.000,-90.00,180.00,31.50,OPEN,0
655408.754,0,0,0,1.000,1.000,1.000,-90.00,180.00,31.50,OPEN,0
655408.758,0,0,0,1.000,1.000,1.000,-90.00,180.00,31.50,OPEN,0
655408.762,0,0,0,1.000,1.000,1.000,-90.00,180.00,31.50,OPEN,0
655408.766,0,0,0,1.000,1.000,1.000,-90.00,180.00,31.50,OPEN,0
655408.770,0,0,0,1.000,1.000,1.000,-90.00,180.00,31.50,OPEN,0
655408.773,0,0,0,1.000,1.000,1.000,-90.00,180.00,31.50,OPEN,0
655408.777,0,0,0,1.000,1.000,1.000,-90.00,180.00,31.50,OPEN,0
655408.781,0,0,0,1.000,1.000,1.000,-90.00,180.00,31.50,OPEN,0
655408.785,0,0,0,1.000,1.000,1.000,-90.00,180.00,31.50,OPEN,0
655408.789,0,0,0,1.000,1.000,1.000,-90.00,180.00,31.50,OPEN,0
655408.792,0,0,0,1.000,1.000,1.000,-90.00,180.00,31.50,OPEN,0
655408.797,0,0,0,1.000,1.000,1.000,-90.00,180.00,31.50,OPEN,0
655408.801,0,0,0,1.000,1.000,1.000,-90.00,180.00,31.50,OPEN,0
655408.804,0,0,0,1.000,1.000,1.000,-90.00,180.00,31.50,OPEN,0
655408.808,0,0,0,1.000,1.000,1.000,-90.00,180.00,31.50,OPEN,0
655408.813,0,0,0,1.000,1.000,1.000,-90.00,180.00,31.50,OPEN,0
655408.818,0,0,0,1.000,1.000,1.000,-90.00,180.00,31.50,OPEN,0
655408.824,0,0,0,1.000,1.000,1.000,-90.00,180.00,31.50,OPEN,0
655408.829,0,0,0,1.000,1.000,1.000,-90.00,180.00,31.50,OPEN,0
655408.833,0,0,0,1.000,1.000,1.000,-90.00,180.00,31.50,OPEN,0
655408.838,0,0,0,1.000,1.000,1.000,-90.00,180.00,31.50,OPEN,0
655408.843,0,0,0,1.000,1.000,1.000,-90.00,180.00,31.50,OPEN,0
655408.847,0,0,0,1.000,1.000,1.000,-90.00,180.00,31.50,OPEN,0
655408.851,0,0,0,1.000,1.000,1.000,-90.00,180.00,31.50,OPEN,0
655408.855,0,0,0,1.000,1.000,1.000,-90.00,180.00,31.50,OPEN,0
655408.859,0,0,0,1.000,1.000,1.000,-90.00,180.00,31.50,OPEN,0
655408.863,0,0,0,1.000,1.000,1.000,-90.00,180.00,31.50,OPEN,0
655408.867,0,0,0,1.000,1.000,1.000,-90.00,180.00,31.50,OPEN,0
655408.872,0,0,0,1.000,1.000,1.000,-90.00,180.00,31.50,OPEN,0
655408.877,0,0,0,1.000,1.000,1.000,-90.00,180.00,31.50,OPEN,0
655408.881,0,0,0,1.000,1.000,1.000,-90.00,180.00,31.50,OPEN,0
655408.885,0,0,0,1.000,1.000,1.000,-90.00,180.00,31.50,OPEN,0
655408.889,0,0,0,1.000,1.000,1.000,-90.00,180.00,31.50,OPEN,0
655408.893,0,0,0,1.000,1.000,1.000,-90.00,180.00,31.50,OPEN,0
655408.896,0,0,0,1.000,1.000,1.000,-90.00,180.00,31.50,OPEN,0
655408.900,0,0,0,1.000,1.000,1.000,-90.00,180.00,31.50,OPEN,0
655408.904,0,0,0,1.000,1.000,1.000,-90.00,180.00,31.50,OPEN,0
655408.908,0,0,0,1.000,1.000,1.000,-90.00,180.00,31.50,OPEN,0
655408.913,0,0,0,1.000,1.000,1.000,-90.00,180.00,31.50,OPEN,0
655408.917,0,0,0,1.000,1.000,1.000,-90.00,180.00,31.50,OPEN,0
655408.921,0,0,0,1.000,1.000,1.000,-90.00,180.00,31.50,OPEN,0
655408.925,0,0,0,1.000,1.000,1.000,-90.00,180.00,31.50,OPEN,0
655408.930,0,0,0,1.000,1.000,1.000,-90.00,180.00,31.50,OPEN,0
655408.933,0,0,0,1.000,1.000,1.000,-90.00,180.00,31.50,OPEN,0
655408.937,0,0,0,1.000,1.000,1.000,-90.00,180.00,31.50,OPEN,0
655408.941,0,0,0,1.000,1.000,1.000,-90.00,180.00,31.50,OPEN,0
655408.945,0,0,0,1.000,1.000,1.000,-90.00,180.00,31.50,OPEN,0
655408.949,0,0,0,1.000,1.000,1.000,-90.00,180.00,31.50,OPEN,0
655408.953,0,0,0,1.000,1.000,1.000,-90.00,180.00,31.50,OPEN,0
655408.957,0,0,0,1.000,1.000,1.000,-90.00,180.00,31.50,OPEN,0
655408.961,0,0,0,1.000,1.000,1.000,-90.00,180.00,31.50,OPEN,0
655408.965,0,0,0,1.000,1.000,1.000,-90.00,180.00,31.50,OPEN,0
655408.968,0,0,0,1.000,1.000,1.000,-90.00,180.00,31.50,OPEN,0
655408.973,0,0,0,1.000,1.000,1.000,-90.00,180.00,31.50,OPEN,0
655408.979,0,0,0,1.000,1.000,1.000,-90.00,180.00,31.50,OPEN,0
655408.987,0,0,0,1.000,1.000,1.000,-90.00,180.00,31.50,OPEN,0
655408.996,0,0,0,1.000,1.000,1.000,-90.00,180.00,31.50,OPEN,0
655409.003,0,0,0,1.000,1.000,1.000,-90.00,180.00,31.50,OPEN,0
655409.011,0,0,0,1.000,1.000,1.000,-90.00,180.00,31.50,OPEN,0
655409.017,0,0,0,1.000,1.000,1.000,-90.00,180.00,31.50,OPEN,0
655409.022,0,0,0,1.000,1.000,1.000,-90.00,180.00,31.50,OPEN,0
655409.028,0,0,0,1.000,1.000,1.000,-90.00,180.00,31.50,OPEN,0
655409.032,0,0,0,1.000,1.000,1.000,-90.00,180.00,31.50,OPEN,0
655409.037,0,0,0,1.000,1.000,1.000,-90.00,180.00,31.50,OPEN,0
655409.041,0,0,0,1.000,1.000,1.000,-90.00,180.00,31.50,OPEN,0
655409.044,0,0,0,1.000,1.000,1.000,-90.00,180.00,31.50,OPEN,0
655409.048,0,0,0,1.000,1.000,1.000,-90.00,180.00,31.50,OPEN,0
655409.052,0,0,0,1.000,1.000,1.000,-90.00,180.00,31.50,OPEN,0
655409.056,0,0,0,1.000,1.000,1.000,-90.00,180.00,31.50,OPEN,0
655409.060,0,0,0,1.000,1.000,1.000,-90.00,180.00,31.50,OPEN,0
655409.063,0,0,0,1.000,1.000,1.000,-90.00,180.00,31.50,OPEN,0
655409.067,0,0,0,1.000,1.000,1.000,-90.00,180.00,31.50,OPEN,0
655409.071,0,0,0,1.000,1.000,1.000,-90.00,180.00,31.50,OPEN,0
655409.075,0,0,0,1.000,1.000,1.000,-90.00,180.00,31.50,OPEN,0
655409.079,0,0,0,1.000,1.000,1.000,-90.00,180.00,31.50,OPEN,0
655409.083,0,0,0,1.000,1.000,1.000,-90.00,180.00,31.50,OPEN,0
655409.086,0,0,0,1.000,1.000,1.000,-90.00,180.00,31.50,OPEN,0
655409.090,0,0,0,1.000,1.000,1.000,-90.00,180.00,31.50,OPEN,0
655409.094,0,0,0,1.000,1.000,1.000,-90.00,180.00,31.50,OPEN,0
655409.098,0,0,0,1.000,1.000,1.000,-90.00,180.00,31.50,OPEN,0
655409.102,0,0,0,1.000,1.000,1.000,-90.00,180.00,31.50,OPEN,0
655409.106,0,0,0,1.000,1.000,1.000,-90.00,180.00,31.50,OPEN,0
655409.110,0,0,0,1.000,1.000,1.000,-90.00,180.00,31.50,OPEN,0
655409.114,0,0,0,1.000,1.000,1.000,-90.00,180.00,31.50,OPEN,0
655409.118,0,0,0,1.000,1.000,1.000,-90.00,180.00,31.50,OPEN,0
655409.123,0,0,0,1.000,1.000,1.000,-90.00,180.00,31.50,OPEN,0
655409.126,0,0,0,1.000,1.000,1.000,-90.00,180.00,31.50,OPEN,0
655409.130,0,0,0,1.000,1.000,1.000,-90.00,180.00,31.50,OPEN,0
655409.134,0,0,0,1.000,1.000,1.000,-90.00,180.00,31.50,OPEN,0
655409.138,0,0,0,1.000,1.000,1.000,-90.00,180.00,31.50,OPEN,0
655409.142,0,0,0,1.000,1.000,1.000,-90.00,180.00,31.50,OPEN,0
655409.146,0,0,0,1.000,1.000,1.000,-90.00,180.00,31.50,OPEN,0
655409.151,0,0,0,1.000,1.000,1.000,-90.00,180.00,31.50,OPEN,0
655409.156,0,0,0,1.000,1.000,1.000,-90.00,180.00,31.50,OPEN,0
655409.160,0,0,0,1.000,1.000,1.000,-90.00,180.00,31.50,OPEN,0
655409.165,0,0,0,1.000,1.000,1.000,-90.00,180.00,31.50,OPEN,0
655409.169,0,0,0,1.000,1.000,1.000,-90.00,180.00,31.50,OPEN,0
655409.173,0,0,0,1.000,1.000,1.000,-90.00,180.00,31.50,OPEN,0
655409.176,0,0,0,1.000,1.000,1.000,-90.00,180.00,31.50,OPEN,0
655409.180,0,0,0,1.000,1.000,1.000,-90.00,180.00,31.50,OPEN,0
655409.183,0,0,0,1.000,1.000,1.000,-90.00,180.00,31.50,OPEN,0
655409.188,0,0,0,1.000,1.000,1.000,-90.00,180.00,31.50,OPEN,0
655409.192,0,0,0,1.000,1.000,1.000,-90.00,180.00,31.50,OPEN,0
655409.196,0,0,0,1.000,1.000,1.000,-90.00,180.00,31.50,OPEN,0
655409.202,0,0,0,1.000,1.000,1.000,-90.00,180.00,31.50,OPEN,0
655409.207,0,0,0,1.000,1.000,1.000,-90.00,180.00,31.50,OPEN,0
655409.212,0,0,0,1.000,1.000,1.000,-90.00,180.00,31.50,OPEN,0
655409.216,0,0,0,1.000,1.000,1.000,-90.00,180.00,31.50,OPEN,0
655409.220,0,0,0,0.985,1.000,1.000,-90.00,180.00,31.50,OPEN,0
655409.224,0,0,0,0.799,1.000,1.000,-90.00,180.00,31.50,OPEN,0
655409.228,0,0,0,0.781,1.000,1.000,-90.00,180.00,31.50,OPEN,0
655409.232,0,0,0,0.983,1.000,1.000,-90.00,180.00,31.50,OPEN,0
655409.236,0,0,0,0.997,1.000,1.000,-90.00,180.00,31.50,OPEN,0
655409.241,0,0,0,1.000,1.000,1.000,-90.00,180.00,31.50,OPEN,0
655409.244,0,0,0,1.000,1.000,1.000,-90.00,180.00,31.50,OPEN,0
655409.248,0,0,0,1.000,1.000,1.000,-90.00,180.00,31.50,OPEN,0
655409.252,0,0,0,1.000,1.000,1.000,-90.00,180.00,31.50,OPEN,0
655409.256,0,0,0,1.000,1.000,1.000,-90.00,180.00,31.50,OPEN,0
655409.260,0,0,0,1.000,1.000,1.000,-90.00,180.00,31.50,OPEN,0
655409.264,0,0,0,1.000,1.000,1.000,-90.00,180.00,31.50,OPEN,0
655409.269,0,0,0,1.000,1.000,1.000,-90.00,180.00,31.50,OPEN,0
655409.273,2,0,0,1.000,1.000,1.000,-90.00,180.00,27.00,OPEN,1
655409.277,2,0,0,1.000,1.000,1.000,-90.00,180.00,27.00,OPEN,0
655409.281,2,0,0,1.000,1.000,1.000,-90.00,180.00,27.00,OPEN,0
655409.285,2,0,0,1.000,1.000,1.000,-90.00,180.00,27.00,OPEN,0
655409.289,2,0,0,1.000,1.000,1.000,-90.00,180.00,27.00,OPEN,0
655409.293,2,0,0,1.000,1.000,1.000,-90.00,180.00,27.00,OPEN,0
655409.297,2,0,0,1.000,1.000,1.000,-90.00,180.00,27.00,OPEN,0
655409.302,2,0,0,1.000,1.000,1.000,-90.00,180.00,27.00,OPEN,0
655409.306,2,0,0,1.000,1.000,1.000,-90.00,180.00,27.00,OPEN,0
655409.311,2,0,0,1.000,1.000,1.000,-90.00,180.00,27.00,OPEN,0
655409.316,2,0,0,1.000,1.000,1.000,-90.00,180.00,27.00,OPEN,0
655409.321,2,0,0,1.000,1.000,1.000,-90.00,180.00,27.00,OPEN,0
655409.325,2,0,0,1.000,1.000,1.000,-90.00,180.00,27.00,OPEN,0
655409.330,2,0,0,1.000,1.000,1.000,-90.00,180.00,27.00,OPEN,0
655409.334,2,0,0,1.000,1.000,1.000,-90.00,180.00,27.00,OPEN,0
655409.339,2,0,0,1.000,1.000,1.000,-90.00,180.00,27.00,OPEN,0
655409.342,2,0,0,1.000,1.000,1.000,-90.00,180.00,27.00,OPEN,0
655409.346,2,0,0,1.000,1.000,1.000,-90.00,180.00,27.00,OPEN,0
655409.350,2,0,0,1.000,1.000,1.000,-90.00,180.00,27.00,OPEN,0
655409.354,2,0,0,1.000,1.000,1.000,-90.00,180.00,27.00,OPEN,0
655409.358,2,0,0,1.000,1.000,1.000,-90.00,180.00,27.00,OPEN,0
655409.362,2,0,0,1.000,1.000,1.000,-90.00,180.00,27.00,OPEN,0
655409.366,2,0,0,1.000,1.000,1.000,-90.00,180.00,27.00,OPEN,0
655409.369,2,0,0,1.000,1.000,1.000,-90.00,180.00,27.00,OPEN,0
655409.374,2,0,0,1.000,1.000,1.000,-90.00,180.00,22.50,OPEN,1
655409.378,2,0,0,1.000,1.000,1.000,-90.00,180.00,22.50,OPEN,0
655409.381,2,0,0,1.000,1.000,1.000,-90.00,180.00,22.50,OPEN,0
655409.385,2,0,0,1.000,1.000,1.000,-90.00,180.00,22.50,OPEN,0
655409.389,2,0,0,1.000,1.000,1.000,-90.00,180.00,22.50,OPEN,0
655409.393,2,0,0,1.000,1.000,1.000,-90.00,180.00,22.50,OPEN,0
655409.397,2,0,0,1.000,1.000,1.000,-90.00,180.00,22.50,OPEN,0
655409.401,2,0,0,1.000,1.000,1.000,-90.00,180.00,22.50,OPEN,0
655409.405,2,0,0,1.000,1.000,1.000,-90.00,180.00,22.50,OPEN,0
655409.409,2,0,0,1.000,1.000,1.000,-90.00,180.00,22.50,OPEN,0
655409.412,2,0,0,1.000,1.000,1.000,-90.00,180.00,22.50,OPEN,0
655409.416,2,0,0,1.000,1.000,1.000,-90.00,180.00,22.50,OPEN,0
655409.420,2,0,0,1.000,1.000,1.000,-90.00,180.00,22.50,OPEN,0
655409.424,2,0,0,1.000,1.000,1.000,-90.00,180.00,22.50,OPEN,0
655409.428,2,0,0,1.000,1.000,1.000,-90.00,180.00,22.50,OPEN,0
655409.433,2,0,0,1.000,1.000,1.000,-90.00,180.00,22.50,OPEN,0
655409.437,2,0,0,1.000,1.000,1.000,-90.00,180.00,22.50,OPEN,0
655409.442,2,0,0,1.000,1.000,1.000,-90.00,180.00,22.50,OPEN,0
655409.447,2,0,0,1.000,1.000,1.000,-90.00,180.00,22.50,OPEN,0
655409.452,2,0,0,1.000,1.000,1.000,-90.00,180.00,22.50,OPEN,0
655409.457,2,0,0,1.000,1.000,1.000,-90.00,180.00,22.50,OPEN,0
655409.463,2,0,0,1.000,1.000,1.000,-90.00,180.00,22.50,OPEN,0
655409.468,2,0,0,1.000,1.000,1.000,-90.00,180.00,22.50,OPEN,0
655409.472,2,0,0,1.000,1.000,1.000,-90.00,180.00,22.50,OPEN,0
655409.477,2,0,0,1.000,1.000,1.000,-90.00,180.00,18.00,OPEN,1
655409.482,2,0,0,1.000,1.000,1.000,-90.00,180.00,18.00,OPEN,0
655409.486,2,0,0,1.000,1.000,1.000,-90.00,180.00,18.00,OPEN,0
655409.491,2,0,0,1.000,1.000,1.000,-90.00,180.00,18.00,OPEN,0
655409.494,2,0,0,1.000,1.000,1.000,-90.00,180.00,18.00,OPEN,0
655409.499,2,0,0,1.000,1.000,1.000,-90.00,180.00,18.00,OPEN,0
655409.502,2,0,0,1.000,1.000,1.000,-90.00,180.00,18.00,OPEN,0
655409.506,2,0,0,1.000,1.000,1.000,-90.00,180.00,18.00,OPEN,0
655409.510,2,0,0,1.000,1.000,1.000,-90.00,180.00,18.00,OPEN,0
655409.514,2,0,0,1.000,1.000,1.000,-90.00,180.00,18.00,OPEN,0
655409.518,2,0,0,1.000,1.000,1.000,-90.00,180.00,18.00,OPEN,0
655409.522,2,0,0,1.000,1.000,1.000,-90.00,180.00,18.00,OPEN,0
655409.527,2,0,0,1.000,1.000,1.000,-90.00,180.00,18.00,OPEN,0
655409.531,2,0,0,1.000,1.000,1.000,-90.00,180.00,18.00,OPEN,0
655409.536,2,0,0,1.000,1.000,1.000,-90.00,180.00,18.00,OPEN,0
655409.540,2,0,0,1.000,1.000,1.000,-90.00,180.00,18.00,OPEN,0
655409.545,2,0,0,1.000,1.000,1.000,-90.00,180.00,18.00,OPEN,0
655409.549,2,0,0,1.000,1.000,1.000,-90.00,180.00,18.00,OPEN,0
655409.553,2,0,0,1.000,1.000,1.000,-90.00,180.00,18.00,OPEN,0
655409.557,2,0,0,1.000,1.000,1.000,-90.00,180.00,18.00,OPEN,0
655409.561,2,0,0,1.000,1.000,1.000,-90.00,180.00,18.00,OPEN,0
655409.565,2,0,0,1.000,1.000,1.000,-90.00,180.00,18.00,OPEN,0
655409.570,2,0,0,1.000,1.000,1.000,-90.00,180.00,18.00,OPEN,0
655409.574,2,0,0,1.000,1.000,1.000,-90.00,180.00,18.00,OPEN,0
655409.578,2,0,0,1.000,1.000,1.000,-90.00,180.00,13.50,OPEN,1
655409.582,2,0,0,1.000,1.000,1.000,-90.00,180.00,13.50,OPEN,0
655409.586,2,0,0,1.000,1.000,1.000,-90.00,180.00,13.50,OPEN,0
655409.590,2,0,0,1.000,1.000,1.000,-90.00,180.00,13.50,OPEN,0
655409.593,2,0,0,1.000,1.000,1.000,-90.00,180.00,13.50,OPEN,0
655409.597,2,0,0,0.998,1.000,1.000,-90.00,180.00,13.50,OPEN,0
655409.603,2,0,0,0.970,1.000,1.000,-90.00,180.00,13.50,OPEN,0
655409.610,2,0,0,0.864,1.000,1.000,-90.00,180.00,13.50,OPEN,0
655409.615,2,0,0,0.713,1.000,1.000,-90.00,180.00,13.50,OPEN,0
655409.621,2,0,0,0.644,1.000,1.000,-90.00,180.00,13.50,OPEN,0
655409.626,2,0,0,0.909,1.000,1.000,-90.00,180.00,13.50,OPEN,0
655409.630,2,0,0,0.993,1.000,1.000,-90.00,180.00,13.50,OPEN,0
655409.635,2,0,0,0.999,1.000,1.000,-90.00,180.00,13.50,OPEN,0
655409.639,2,0,0,1.000,1.000,1.000,-90.00,180.00,13.50,OPEN,0
655409.643,2,0,0,1.000,1.000,1.000,-90.00,180.00,13.50,OPEN,0
655409.647,2,0,0,1.000,1.000,1.000,-90.00,180.00,13.50,OPEN,0
655409.650,2,0,0,1.000,1.000,1.000,-90.00,180.00,13.50,OPEN,0
655409.654,2,0,0,1.000,1.000,1.000,-90.00,180.00,13.50,OPEN,0
655409.658,2,0,0,1.000,1.000,1.000,-90.00,180.00,13.50,OPEN,0
655409.662,2,0,0,1.000,1.000,1.000,-90.00,180.00,13.50,OPEN,0
655409.666,0,0,0,1.000,1.000,1.000,-90.00,180.00,13.50,OPEN,0
655409.670,0,0,0,1.000,1.000,1.000,-90.00,180.00,13.50,OPEN,0
655409.674,0,0,0,1.000,1.000,1.000,-90.00,180.00,13.50,OPEN,0
655409.680,0,0,0,1.000,1.000,1.000,-90.00,180.00,13.50,OPEN,0
655409.685,0,0,0,1.000,1.000,1.000,-90.00,180.00,13.50,OPEN,0
655409.692,0,0,0,1.000,1.000,1.000,-90.00,180.00,13.50,OPEN,0
655409.698,0,0,0,1.000,1.000,1.000,-90.00,180.00,13.50,OPEN,0
655409.704,0,0,0,1.000,1.000,1.000,-90.00,180.00,13.50,OPEN,0
655409.710,0,0,0,1.000,1.000,1.000,-90.00,180.00,13.50,OPEN,0
655409.714,0,0,0,1.000,1.000,1.000,-90.00,180.00,13.50,OPEN,0
655409.718,0,0,0,1.000,1.000,1.000,-90.00,180.00,13.50,OPEN,0
655409.722,0,0,0,1.000,1.000,1.000,-90.00,180.00,13.50,OPEN,0
655409.726,0,0,0,1.000,1.000,1.000,-90.00,180.00,13.50,OPEN,0
655409.730,0,0,0,1.000,1.000,1.000,-90.00,180.00,13.50,OPEN,0
655409.734,0,0,0,1.000,1.000,1.000,-90.00,180.00,13.50,OPEN,0
655409.738,0,0,0,1.000,1.000,1.000,-90.00,180.00,13.50,OPEN,0
655409.742,0,0,0,1.000,1.000,1.000,-90.00,180.00,13.50,OPEN,0
655409.746,0,0,0,1.000,1.000,1.000,-90.00,180.00,13.50,OPEN,0
655409.751,0,0,0,1.000,1.000,1.000,-90.00,180.00,13.50,OPEN,0
655409.755,0,0,0,1.000,1.000,1.000,-90.00,180.00,13.50,OPEN,0
655409.759,0,0,0,1.000,1.000,1.000,-90.00,180.00,13.50,OPEN,0
655409.764,0,0,0,1.000,1.000,1.000,-90.00,180.00,13.50,OPEN,0
655409.768,0,0,0,1.000,1.000,1.000,-90.00,180.00,13.50,OPEN,0
655409.772,0,0,0,1.000,1.000,1.000,-90.00,180.00,13.50,OPEN,0
655409.776,0,0,0,1.000,1.000,1.000,-90.00,180.00,13.50,OPEN,0
655409.781,0,0,0,1.000,1.000,1.000,-90.00,180.00,13.50,OPEN,0
655409.786,0,0,0,1.000,1.000,1.000,-90.00,180.00,13.50,OPEN,0
655409.790,0,0,0,1.000,1.000,1.000,-90.00,180.00,13.50,OPEN,0
655409.794,0,0,0,1.000,1.000,1.000,-90.00,180.00,13.50,OPEN,0
655409.798,0,0,0,1.000,1.000,1.000,-90.00,180.00,13.50,OPEN,0
655409.803,0,0,0,1.000,1.000,1.000,-90.00,180.00,13.50,OPEN,0
655409.809,0,0,0,1.000,1.000,1.000,-90.00,180.00,13.50,OPEN,0
655409.813,0,0,0,1.000,1.000,1.000,-90.00,180.00,13.50,OPEN,0
655409.816,0,0,0,1.000,1.000,1.000,-90.00,180.00,13.50,OPEN,0
655409.820,0,0,0,1.000,1.000,1.000,-90.00,180.00,13.50,OPEN,0
655409.825,0,0,0,1.000,1.000,1.000,-90.00,180.00,13.50,OPEN,0
655409.830,0,0,0,1.000,1.000,1.000,-90.00,180.00,13.50,OPEN,0
655409.836,0,0,0,1.000,1.000,1.000,-90.00,180.00,13.50,OPEN,0
655409.842,0,0,0,1.000,1.000,1.000,-90.00,180.00,13.50,OPEN,0
655409.847,0,0,0,1.000,1.000,1.000,-90.00,180.00,13.50,OPEN,0
655409.852,0,0,0,1.000,1.000,1.000,-90.00,180.00,13.50,OPEN,0
655409.858,0,0,0,1.000,1.000,1.000,-90.00,180.00,13.50,OPEN,0
655409.863,0,0,0,1.000,1.000,1.000,-90.00,180.00,13.50,OPEN,0
655409.867,0,0,0,1.000,1.000,1.000,-90.00,180.00,13.50,OPEN,0
655409.871,0,0,0,1.000,1.000,1.000,-90.00,180.00,13.50,OPEN,0
655409.875,0,0,0,1.000,1.000,1.000,-90.00,180.00,13.50,OPEN,0
655409.879,0,0,0,1.000,1.000,1.000,-90.00,180.00,13.50,OPEN,0
655409.882,0,0,0,1.000,1.000,1.000,-90.00,180.00,13.50,OPEN,0
655409.886,0,0,0,1.000,1.000,1.000,-90.00,180.00,13.50,OPEN,0
655409.890,0,0,0,1.000,1.000,1.000,-90.00,180.00,13.50,OPEN,0
655409.895,0,0,0,1.000,1.000,1.000,-90.00,180.00,13.50,OPEN,0
655409.899,0,0,0,1.000,1.000,1.000,-90.00,180.00,13.50,OPEN,0
655409.903,0,0,0,1.000,1.000,1.000,-90.00,180.00,13.50,OPEN,0
655409.908,0,0,0,1.000,1.000,1.000,-90.00,180.00,13.50,OPEN,0
655409.912,0,0,0,1.000,1.000,1.000,-90.00,180.00,13.50,OPEN,0
655409.917,0,0,0,1.000,1.000,1.000,-90.00,180.00,13.50,OPEN,0
655409.921,0,0,0,1.000,1.000,1.000,-90.00,180.00,13.50,OPEN,0
655409.925,0,0,0,1.000,1.000,1.000,-90.00,180.00,13.50,OPEN,0
655409.930,0,0,0,1.000,1.000,1.000,-90.00,180.00,13.50,OPEN,0
655409.934,0,0,0,1.000,1.000,1.000,-90.00,180.00,13.50,OPEN,0
655409.938,0,0,0,1.000,1.000,1.000,-90.00,180.00,13.50,OPEN,0
655409.943,0,0,0,1.000,1.000,1.000,-90.00,180.00,13.50,OPEN,0
655409.948,0,0,0,1.000,1.000,1.000,-90.00,180.00,13.50,OPEN,0
655409.953,0,0,0,1.000,1.000,1.000,-90.00,180.00,13.50,OPEN,0
655409.957,0,0,0,1.000,1.000,1.000,-90.00,180.00,13.50,OPEN,0
655409.960,0,0,0,1.000,1.000,1.000,-90.00,180.00,13.50,OPEN,0
655409.964,0,0,0,1.000,1.000,1.000,-90.00,180.00,13.50,OPEN,0
655409.968,0,0,0,1.000,1.000,1.000,-90.00,180.00,13.50,OPEN,0
655409.972,0,0,0,1.000,1.000,1.000,-90.00,180.00,13.50,OPEN,0
655409.976,0,0,0,1.000,1.000,1.000,-90.00,180.00,13.50,OPEN,0
655409.980,0,0,0,1.000,1.000,1.000,-90.00,180.00,13.50,OPEN,0
655409.983,0,0,0,1.000,1.000,1.000,-90.00,180.00,13.50,OPEN,0
655409.987,0,0,0,1.000,1.000,1.000,-90.00,180.00,13.50,OPEN,0
655409.991,0,0,0,1.000,1.000,1.000,-90.00,180.00,13.50,OPEN,0
655409.998,0,0,0,1.000,1.000,1.000,-90.00,180.00,13.50,OPEN,0
655410.005,0,0,0,1.000,1.000,1.000,-90.00,180.00,13.50,OPEN,0
655410.012,0,0,0,1.000,1.000,1.000,-90.00,180.00,13.50,OPEN,0
655410.020,0,0,0,1.000,1.000,1.000,-90.00,180.00,13.50,OPEN,0
655410.026,0,0,0,1.000,1.000,1.000,-90.00,180.00,13.50,OPEN,0
655410.032,0,0,0,1.000,1.000,1.000,-90.00,180.00,13.50,OPEN,0
655410.037,0,0,0,1.000,1.000,1.000,-90.00,180.00,13.50,OPEN,0
655410.041,0,0,0,1.000,1.000,1.000,-90.00,180.00,13.50,OPEN,0
655410.046,0,0,0,1.000,1.000,1.000,-90.00,180.00,13.50,OPEN,0
655410.051,0,0,0,1.000,1.000,1.000,-90.00,180.00,13.50,OPEN,0
655410.056,0,0,0,1.000,1.000,1.000,-90.00,180.00,13.50,OPEN,0
655410.059,0,0,0,1.000,1.000,1.000,-90.00,180.00,13.50,OPEN,0
655410.063,0,0,0,1.000,1.000,1.000,-90.00,180.00,13.50,OPEN,0
655410.067,0,0,0,1.000,1.000,1.000,-90.00,180.00,13.50,OPEN,0
655410.071,0,0,0,1.000,1.000,1.000,-90.00,180.00,13.50,OPEN,0
655410.076,0,0,0,1.000,1.000,1.000,-90.00,180.00,13.50,OPEN,0
655410.080,0,0,0,1.000,1.000,1.000,-90.00,180.00,13.50,OPEN,0
655410.085,0,0,0,1.000,1.000,1.000,-90.00,180.00,13.50,OPEN,0
655410.089,0,0,0,1.000,1.000,1.000,-90.00,180.00,13.50,OPEN,0
655410.093,0,0,0,1.000,1.000,1.000,-90.00,180.00,13.50,OPEN,0
655410.098,0,0,0,1.000,1.000,1.000,-90.00,180.00,13.50,OPEN,0
655410.102,0,0,0,1.000,1.000,1.000,-90.00,180.00,13.50,OPEN,0
655410.105,0,0,0,1.000,1.000,1.000,-90.00,180.00,13.50,OPEN,0
655410.110,0,0,0,1.000,1.000,1.000,-90.00,180.00,13.50,OPEN,0
655410.114,0,0,0,1.000,1.000,1.000,-90.00,180.00,13.50,OPEN,0
655410.118,0,0,0,1.000,1.000,1.000,-90.00,180.00,13.50,OPEN,0
655410.123,0,0,0,1.000,1.000,1.000,-90.00,180.00,13.50,OPEN,0
655410.127,0,0,0,1.000,1.000,1.000,-90.00,180.00,13.50,OPEN,0
655410.132,0,0,0,1.000,1.000,1.000,-90.00,180.00,13.50,OPEN,0
655410.137,0,0,0,1.000,1.000,1.000,-90.00,180.00,13.50,OPEN,0
655410.141,0,0,0,1.000,1.000,1.000,-90.00,180.00,13.50,OPEN,0
655410.146,0,0,0,1.000,1.000,1.000,-90.00,180.00,13.50,OPEN,0
655410.150,0,0,0,1.000,1.000,1.000,-90.00,180.00,13.50,OPEN,0
655410.154,0,0,0,1.000,1.000,1.000,-90.00,180.00,13.50,OPEN,0
655410.157,0,0,0,1.000,1.000,1.000,-90.00,180.00,13.50,OPEN,0
655410.162,0,0,0,1.000,1.000,1.000,-90.00,180.00,13.50,OPEN,0
655410.166,0,0,0,1.000,1.000,1.000,-90.00,180.00,13.50,OPEN,0
655410.170,0,0,0,1.000,1.000,1.000,-90.00,180.00,13.50,OPEN,0
655410.174,0,0,0,1.000,1.000,1.000,-90.00,180.00,13.50,OPEN,0
655410.178,0,0,0,1.000,1.000,1.000,-90.00,180.00,13.50,OPEN,0
655410.182,0,0,0,1.000,1.000,1.000,-90.00,180.00,13.50,OPEN,0
655410.185,0,0,0,1.000,1.000,1.000,-90.00,180.00,13.50,OPEN,0
655410.189,0,0,0,1.000,1.000,1.000,-90.00,180.00,13.50,OPEN,0
655410.193,0,0,0,1.000,1.000,1.000,-90.00,180.00,13.50,OPEN,0
655410.197,0,0,0,1.000,1.000,1.000,-90.00,180.00,13.50,OPEN,0
655410.201,0,0,0,1.000,1.000,1.000,-90.00,180.00,13.50,OPEN,0
655410.206,0,0,0,1.000,1.000,1.000,-90.00,180.00,13.50,OPEN,0
655410.211,0,0,0,1.000,1.000,1.000,-90.00,180.00,13.50,OPEN,0
655410.215,0,0,0,1.000,1.000,1.000,-90.00,180.00,13.50,OPEN,0
655410.219,0,0,0,1.000,1.000,1.000,-90.00,180.00,13.50,OPEN,0
655410.223,0,0,0,1.000,1.000,1.000,-90.00,180.00,13.50,OPEN,0
655410.227,0,0,0,1.000,1.000,1.000,-90.00,180.00,13.50,OPEN,0
655410.232,0,0,0,1.000,1.000,1.000,-90.00,180.00,13.50,OPEN,0
655410.236,0,0,0,1.000,1.000,1.000,-90.00,180.00,13.50,OPEN,0
655410.240,0,0,0,1.000,1.000,1.000,-90.00,180.00,13.50,OPEN,0
655410.245,0,0,0,1.000,1.000,1.000,-90.00,180.00,13.50,OPEN,0
655410.249,0,0,0,1.000,1.000,1.000,-90.00,180.00,13.50,OPEN,0
655410.253,0,0,0,1.000,1.000,1.000,-90.00,180.00,13.50,OPEN,0
655410.257,0,0,0,1.000,1.000,1.000,-90.00,180.00,13.50,OPEN,0
655410.262,0,0,0,1.000,1.000,1.000,-90.00,180.00,13.50,OPEN,0
655410.267,0,0,0,0.999,1.000,1.000,-90.00,180.00,13.50,OPEN,0
655410.272,0,0,0,0.999,1.000,1.000,-90.00,180.00,13.50,OPEN,0
655410.276,0,0,0,0.999,1.000,1.000,-90.00,180.00,13.50,OPEN,0
655410.280,0,0,0,0.981,1.000,1.000,-90.00,180.00,13.50,OPEN,0
655410.284,0,0,0,0.708,1.000,1.000,-90.00,180.00,13.50,OPEN,0
655410.288,0,0,0,0.646,1.000,1.000,-90.00,180.00,13.50,OPEN,0
655410.293,0,0,0,0.869,1.000,1.000,-90.00,180.00,13.50,OPEN,0
655410.297,0,0,0,0.515,1.000,1.000,-90.00,180.00,13.50,OPEN,0
655410.301,0,0,0,0.846,1.000,1.000,-90.00,180.00,13.50,OPEN,0
655410.305,0,0,0,0.986,1.000,1.000,-90.00,180.00,13.50,OPEN,0
655410.309,0,0,0,0.996,1.000,1.000,-90.00,180.00,13.50,OPEN,0
655410.313,0,0,0,0.999,1.000,1.000,-90.00,180.00,13.50,OPEN,0
655410.317,0,0,0,0.999,1.000,1.000,-90.00,180.00,13.50,OPEN,0
655410.321,0,0,0,0.999,1.000,1.000,-90.00,180.00,13.50,OPEN,0
655410.325,0,0,0,0.999,1.000,1.000,-90.00,180.00,13.50,OPEN,0
655410.329,0,0,0,0.999,1.000,1.000,-90.00,180.00,13.50,OPEN,0
655410.333,0,0,0,0.998,1.000,1.000,-90.00,180.00,13.50,OPEN,0
655410.338,0,0,0,0.997,1.000,1.000,-90.00,180.00,13.50,OPEN,0
655410.342,3,0,0,0.996,1.000,1.000,-90.00,180.00,13.50,CLOSED,0
655410.346,3,0,0,0.993,1.000,1.000,-90.00,180.00,13.50,CLOSED,0
655410.350,3,0,0,0.992,1.000,1.000,-90.00,180.00,13.50,CLOSED,0
655410.356,3,0,0,0.990,1.000,1.000,-90.00,180.00,13.50,CLOSED,0
655410.360,3,0,0,0.990,1.000,1.000,-90.00,180.00,13.50,CLOSED,0
655410.364,3,0,0,0.994,1.000,1.000,-90.00,180.00,13.50,CLOSED,0
655410.369,3,0,0,0.997,1.000,1.000,-90.00,180.00,13.50,CLOSED,0
655410.373,3,0,0,0.999,1.000,1.000,-90.00,180.00,13.50,CLOSED,0
655410.378,3,0,0,0.999,1.000,1.000,-90.00,180.00,13.50,CLOSED,0
655410.383,3,0,0,1.000,1.000,1.000,-90.00,180.00,13.50,CLOSED,0
655410.387,3,0,0,1.000,1.000,1.000,-90.00,180.00,13.50,CLOSED,0
655410.391,3,0,0,1.000,1.000,1.000,-90.00,180.00,13.50,CLOSED,0
655410.395,3,0,0,1.000,1.000,1.000,-90.00,180.00,13.50,CLOSED,0
655410.398,3,0,0,1.000,1.000,1.000,-90.00,180.00,13.50,CLOSED,0
655410.402,3,0,0,1.000,1.000,1.000,-90.00,180.00,13.50,CLOSED,0
655410.406,3,0,0,1.000,1.000,1.000,-90.00,180.00,13.50,CLOSED,0
655410.411,3,0,0,1.000,1.000,1.000,-90.00,180.00,13.50,CLOSED,0
655410.415,3,0,0,1.000,1.000,1.000,-90.00,180.00,13.50,CLOSED,0
655410.419,3,0,0,1.000,1.000,1.000,-90.00,180.00,13.50,CLOSED,0
655410.424,3,0,0,1.000,1.000,1.000,-90.00,180.00,13.50,CLOSED,0
655410.428,3,0,0,1.000,1.000,1.000,-90.00,180.00,13.50,CLOSED,0
655410.432,3,0,0,1.000,1.000,1.000,-90.00,180.00,13.50,CLOSED,0
655410.436,3,0,0,1.000,1.000,1.000,-90.00,180.00,13.50,CLOSED,0
655410.441,3,0,0,1.000,1.000,1.000,-90.00,180.00,13.50,CLOSED,0
655410.445,3,0,0,1.000,1.000,1.000,-90.00,180.00,13.50,CLOSED,0
655410.448,3,0,0,1.000,1.000,1.000,-90.00,180.00,13.50,CLOSED,0
655410.452,3,0,0,1.000,1.000,1.000,-90.00,180.00,13.50,CLOSED,0
655410.456,3,0,0,1.000,1.000,1.000,-90.00,180.00,13.50,CLOSED,0
655410.460,3,0,0,1.000,1.000,1.000,-90.00,180.00,13.50,CLOSED,0
655410.464,3,0,0,1.000,1.000,1.000,-90.00,180.00,13.50,CLOSED,0
655410.469,3,0,0,1.000,1.000,1.000,-90.00,180.00,13.50,CLOSED,0
655410.472,3,0,0,1.000,1.000,1.000,-90.00,180.00,13.50,CLOSED,0
655410.476,3,0,0,1.000,1.000,1.000,-90.00,180.00,13.50,CLOSED,0
655410.480,3,0,0,1.000,1.000,1.000,-90.00,180.00,13.50,CLOSED,0
655410.484,3,0,0,1.000,1.000,1.000,-90.00,180.00,13.50,CLOSED,0
655410.488,3,0,0,1.000,1.000,1.000,-90.00,180.00,13.50,CLOSED,0
655410.492,3,0,0,1.000,1.000,1.000,-90.00,180.00,13.50,CLOSED,0
655410.495,3,0,0,1.000,1.000,1.000,-90.00,180.00,13.50,CLOSED,0
655410.499,3,0,0,1.000,1.000,1.000,-90.00,180.00,13.50,CLOSED,0
655410.504,3,0,0,1.000,1.000,1.000,-90.00,180.00,13.50,CLOSED,0
655410.508,3,0,0,1.000,1.000,1.000,-90.00,180.00,13.50,CLOSED,0
655410.512,3,0,0,1.000,1.000,1.000,-90.00,180.00,13.50,CLOSED,0
655410.515,3,0,0,1.000,1.000,1.000,-90.00,180.00,13.50,CLOSED,0
655410.519,3,0,0,1.000,1.000,1.000,-90.00,180.00,13.50,CLOSED,0
655410.523,3,0,0,1.000,1.000,1.000,-90.00,180.00,13.50,CLOSED,0
655410.527,3,0,0,1.000,1.000,1.000,-90.00,180.00,13.50,CLOSED,0
655410.531,3,0,0,1.000,1.000,1.000,-90.00,180.00,13.50,CLOSED,0
655410.535,3,0,0,1.000,1.000,1.000,-90.00,180.00,13.50,CLOSED,0
655410.539,3,0,0,1.000,1.000,1.000,-90.00,180.00,13.50,CLOSED,0
655410.543,3,0,0,1.000,1.000,1.000,-90.00,180.00,13.50,CLOSED,0
655410.546,3,0,0,1.000,1.000,1.000,-90.00,180.00,13.50,CLOSED,0
655410.551,3,0,0,1.000,1.000,1.000,-90.00,180.00,13.50,CLOSED,0
655410.556,3,0,0,1.000,1.000,1.000,-90.00,180.00,13.50,CLOSED,0
655410.560,3,0,0,1.000,1.000,1.000,-90.00,180.00,13.50,CLOSED,0
655410.564,3,0,0,1.000,1.000,1.000,-90.00,180.00,13.50,CLOSED,0
655410.568,3,0,0,1.000,1.000,1.000,-90.00,180.00,13.50,CLOSED,0
655410.572,3,0,0,1.000,1.000,1.000,-90.00,180.00,13.50,CLOSED,0
655410.576,3,0,0,1.000,1.000,1.000,-90.00,180.00,13.50,CLOSED,0
655410.581,3,0,0,1.000,1.000,1.000,-90.00,180.00,13.50,CLOSED,0
655410.585,3,0,0,1.000,1.000,1.000,-90.00,180.00,13.50,CLOSED,0
655410.589,3,0,0,1.000,1.000,1.000,-90.00,180.00,13.50,CLOSED,0
655410.593,3,0,0,1.000,1.000,1.000,-90.00,180.00,13.50,CLOSED,0
655410.597,3,0,0,1.000,1.000,1.000,-90.00,180.00,13.50,CLOSED,0
655410.601,3,0,0,1.000,1.000,1.000,-90.00,180.00,13.50,CLOSED,0
655410.604,3,0,0,1.000,1.000,1.000,-90.00,180.00,13.50,CLOSED,0
655410.608,3,0,0,1.000,1.000,1.000,-90.00,180.00,13.50,CLOSED,0
655410.612,3,0,0,1.000,1.000,1.000,-90.00,180.00,13.50,CLOSED,0
655410.615,3,0,0,1.000,1.000,1.000,-90.00,180.00,13.50,CLOSED,0
655410.619,3,0,0,1.000,1.000,1.000,-90.00,180.00,13.50,CLOSED,0
655410.624,3,0,0,1.000,1.000,1.000,-90.00,180.00,13.50,CLOSED,0
655410.628,3,0,0,1.000,1.000,1.000,-90.00,180.00,13.50,CLOSED,0
655410.633,3,0,0,1.000,1.000,1.000,-90.00,180.00,13.50,CLOSED,0
655410.638,3,0,0,1.000,1.000,1.000,-90.00,180.00,13.50,CLOSED,0
655410.643,3,0,0,1.000,1.000,1.000,-90.00,180.00,13.50,CLOSED,0
655410.647,3,0,0,1.000,1.000,1.000,-90.00,180.00,13.50,CLOSED,0
655410.651,3,0,0,1.000,1.000,1.000,-90.00,180.00,13.50,CLOSED,0
655410.655,3,0,0,1.000,1.000,1.000,-90.00,180.00,13.50,CLOSED,0
655410.659,3,0,0,1.000,1.000,1.000,-90.00,180.00,13.50,CLOSED,0
655410.664,3,0,0,1.000,1.000,1.000,-90.00,180.00,13.50,CLOSED,0
655410.668,3,0,0,1.000,1.000,1.000,-90.00,180.00,13.50,CLOSED,0
655410.672,3,0,0,1.000,1.000,1.000,-90.00,180.00,13.50,CLOSED,0
655410.676,3,0,0,1.000,1.000,1.000,-90.00,180.00,13.50,CLOSED,0
655410.680,3,0,0,1.000,1.000,1.000,-90.00,180.00,13.50,CLOSED,0
655410.685,3,0,0,1.000,1.000,1.000,-90.00,180.00,13.50,CLOSED,0
655410.690,3,0,0,1.000,1.000,1.000,-90.00,180.00,13.50,CLOSED,0
655410.695,3,0,0,1.000,1.000,1.000,-90.00,180.00,13.50,CLOSED,0
655410.700,3,0,0,1.000,1.000,1.000,-90.00,180.00,13.50,CLOSED,0
655410.705,3,0,0,1.000,1.000,1.000,-90.00,180.00,13.50,CLOSED,0
655410.710,3,0,0,1.000,1.000,1.000,-90.00,180.00,13.50,CLOSED,0
655410.714,3,0,0,1.000,1.000,1.000,-90.00,180.00,13.50,CLOSED,0
655410.718,3,0,0,1.000,1.000,1.000,-90.00,180.00,13.50,CLOSED,0
655410.723,3,0,0,1.000,1.000,1.000,-90.00,180.00,13.50,CLOSED,0
655410.727,3,0,0,1.000,1.000,1.000,-90.00,180.00,13.50,CLOSED,0
655410.731,3,0,0,1.000,1.000,1.000,-90.00,180.00,13.50,CLOSED,0
655410.734,3,0,0,1.000,1.000,1.000,-90.00,180.00,13.50,CLOSED,0
655410.738,3,0,0,1.000,1.000,1.000,-90.00,180.00,13.50,CLOSED,0
655410.742,3,0,0,1.000,1.000,1.000,-90.00,180.00,13.50,CLOSED,0
655410.746,3,0,0,1.000,1.000,1.000,-90.00,180.00,13.50,CLOSED,0
655410.750,3,0,0,1.000,1.000,1.000,-90.00,180.00,13.50,CLOSED,0
655410.754,3,0,0,0.999,1.000,1.000,-90.00,180.00,13.50,CLOSED,0
655410.757,3,0,0,0.997,1.000,1.000,-90.00,180.00,13.50,CLOSED,0
655410.761,3,0,0,0.986,1.000,1.000,-90.00,180.00,13.50,CLOSED,0
655410.766,3,0,0,0.584,1.000,1.000,-90.00,180.00,13.50,CLOSED,0
655410.769,3,0,0,0.989,1.000,1.000,-90.00,180.00,13.50,CLOSED,0
655410.773,3,0,0,0.999,1.000,1.000,-90.00,180.00,13.50,CLOSED,0
655410.777,3,0,0,1.000,1.000,1.000,-90.00,180.00,13.50,CLOSED,0
655410.781,3,0,0,1.000,1.000,1.000,-90.00,180.00,13.50,CLOSED,0
655410.784,3,0,0,0.999,1.000,1.000,-90.00,180.00,13.50,CLOSED,0
655410.788,3,0,0,1.000,1.000,1.000,-90.00,180.00,13.50,CLOSED,0
655410.792,3,0,0,1.000,1.000,1.000,-90.00,180.00,13.50,CLOSED,0
655410.796,3,0,0,1.000,1.000,1.000,-90.00,180.00,13.50,CLOSED,0
655410.801,3,0,0,1.000,1.000,1.000,-90.00,180.00,13.50,CLOSED,0
655410.807,3,0,0,1.000,1.000,1.000,-90.00,180.00,13.50,CLOSED,0
655410.812,0,0,0,1.000,1.000,1.000,-90.00,180.00,13.50,CLOSED,0
655410.816,0,0,0,1.000,1.000,1.000,-90.00,180.00,13.50,CLOSED,0
655410.821,0,0,0,1.000,1.000,1.000,-90.00,180.00,13.50,CLOSED,0
655410.826,0,0,0,1.000,1.000,1.000,-90.00,180.00,13.50,CLOSED,0
655410.830,0,0,0,1.000,1.000,1.000,-90.00,180.00,13.50,CLOSED,0
655410.833,0,0,0,1.000,1.000,1.000,-90.00,180.00,13.50,CLOSED,0
655410.837,0,0,0,1.000,1.000,1.000,-90.00,180.00,13.50,CLOSED,0
655410.841,0,0,0,1.000,1.000,1.000,-90.00,180.00,13.50,CLOSED,0
655410.845,0,0,0,1.000,1.000,1.000,-90.00,180.00,13.50,CLOSED,0
655410.849,0,0,0,1.000,1.000,1.000,-90.00,180.00,13.50,CLOSED,0
655410.853,0,0,0,1.000,1.000,1.000,-90.00,180.00,13.50,CLOSED,0
655410.857,0,0,0,1.000,1.000,1.000,-90.00,180.00,13.50,CLOSED,0
655410.860,0,0,0,1.000,1.000,1.000,-90.00,180.00,13.50,CLOSED,0
655410.864,0,0,0,1.000,1.000,1.000,-90.00,180.00,13.50,CLOSED,0
655410.868,0,0,0,1.000,1.000,1.000,-90.00,180.00,13.50,CLOSED,0
655410.872,0,0,0,1.000,1.000,1.000,-90.00,180.00,13.50,CLOSED,0
655410.876,0,0,0,1.000,1.000,1.000,-90.00,180.00,13.50,CLOSED,0
655410.880,0,0,0,1.000,1.000,1.000,-90.00,180.00,13.50,CLOSED,0
655410.883,0,0,0,1.000,1.000,1.000,-90.00,180.00,13.50,CLOSED,0
655410.887,0,0,0,1.000,1.000,1.000,-90.00,180.00,13.50,CLOSED,0
655410.892,0,0,0,1.000,1.000,1.000,-90.00,180.00,13.50,CLOSED,0
655410.895,0,0,0,1.000,1.000,1.000,-90.00,180.00,13.50,CLOSED,0
655410.900,0,0,0,1.000,1.000,1.000,-90.00,180.00,13.50,CLOSED,0
655410.904,0,0,0,1.000,1.000,1.000,-90.00,180.00,13.50,CLOSED,0
655410.909,0,0,0,1.000,1.000,1.000,-90.00,180.00,13.50,CLOSED,0
655410.915,0,0,0,1.000,1.000,1.000,-90.00,180.00,13.50,CLOSED,0
655410.919,0,0,0,1.000,1.000,1.000,-90.00,180.00,13.50,CLOSED,0
655410.924,0,0,0,1.000,1.000,1.000,-90.00,180.00,13.50,CLOSED,0
655410.928,0,0,0,1.000,1.000,1.000,-90.00,180.00,13.50,CLOSED,0
655410.932,0,0,0,1.000,1.000,1.000,-90.00,180.00,13.50,CLOSED,0
655410.936,0,0,0,1.000,1.000,1.000,-90.00,180.00,13.50,CLOSED,0
655410.942,0,0,0,1.000,1.000,1.000,-90.00,180.00,13.50,CLOSED,0
655410.947,0,0,0,1.000,1.000,1.000,-90.00,180.00,13.50,CLOSED,0
655410.953,0,0,0,1.000,1.000,1.000,-90.00,180.00,13.50,CLOSED,0
655410.958,0,0,0,1.000,1.000,1.000,-90.00,180.00,13.50,CLOSED,0
655410.963,0,0,0,1.000,1.000,1.000,-90.00,180.00,13.50,CLOSED,0
655410.968,0,0,0,1.000,1.000,1.000,-90.00,180.00,13.50,CLOSED,0
655410.973,0,0,0,1.000,1.000,1.000,-90.00,180.00,13.50,CLOSED,0
655410.978,0,0,0,1.000,1.000,1.000,-90.00,180.00,13.50,CLOSED,0
655410.983,0,0,0,1.000,1.000,1.000,-90.00,180.00,13.50,CLOSED,0
655410.987,0,0,0,1.000,1.000,1.000,-90.00,180.00,13.50,CLOSED,0
655410.992,0,0,0,1.000,1.000,1.000,-90.00,180.00,13.50,CLOSED,0
655410.995,0,0,0,1.000,1.000,1.000,-90.00,180.00,13.50,CLOSED,0
655410.999,0,0,0,1.000,1.000,1.000,-90.00,180.00,13.50,CLOSED,0
655411.003,0,0,0,1.000,1.000,1.000,-90.00,180.00,13.50,CLOSED,0
655411.007,0,0,0,1.000,1.000,1.000,-90.00,180.00,13.50,CLOSED,0
655411.010,0,0,0,1.000,1.000,1.000,-90.00,180.00,13.50,CLOSED,0
655411.014,0,0,0,1.000,1.000,1.000,-90.00,180.00,13.50,CLOSED,0
655411.018,0,0,0,1.000,1.000,1.000,-90.00,180.00,13.50,CLOSED,0
655411.024,0,0,0,1.000,1.000,1.000,-90.00,180.00,13.50,CLOSED,0
655411.028,0,0,0,1.000,1.000,1.000,-90.00,180.00,13.50,CLOSED,0
655411.032,0,0,0,1.000,1.000,1.000,-90.00,180.00,13.50,CLOSED,0
655411.036,0,0,0,1.000,1.000,1.000,-90.00,180.00,13.50,CLOSED,0
655411.041,0,0,0,1.000,1.000,1.000,-90.00,180.00,13.50,CLOSED,0
655411.046,0,0,0,1.000,1.000,1.000,-90.00,180.00,13.50,CLOSED,0
655411.050,0,0,0,1.000,1.000,1.000,-90.00,180.00,13.50,CLOSED,0
655411.054,0,0,0,1.000,1.000,1.000,-90.00,180.00,13.50,CLOSED,0
655411.058,0,0,0,1.000,1.000,1.000,-90.00,180.00,13.50,CLOSED,0
655411.062,0,0,0,1.000,1.000,1.000,-90.00,180.00,13.50,CLOSED,0
655411.065,0,0,0,1.000,1.000,1.000,-90.00,180.00,13.50,CLOSED,0
655411.069,0,0,0,1.000,1.000,1.000,-90.00,180.00,13.50,CLOSED,0
655411.073,0,0,0,1.000,1.000,1.000,-90.00,180.00,13.50,CLOSED,0
655411.077,0,0,0,1.000,1.000,1.000,-90.00,180.00,13.50,CLOSED,0
655411.080,0,0,0,1.000,1.000,1.000,-90.00,180.00,13.50,CLOSED,0
655411.084,0,0,0,1.000,1.000,1.000,-90.00,180.00,13.50,CLOSED,0
655411.088,0,0,0,1.000,1.000,1.000,-90.00,180.00,13.50,CLOSED,0
655411.093,0,0,0,1.000,1.000,1.000,-90.00,180.00,13.50,CLOSED,0
655411.097,0,0,0,1.000,1.000,1.000,-90.00,180.00,13.50,CLOSED,0
655411.101,0,0,0,1.000,1.000,1.000,-90.00,180.00,13.50,CLOSED,0
655411.105,0,0,0,1.000,1.000,1.000,-90.00,180.00,13.50,CLOSED,0
655411.109,0,0,0,1.000,1.000,1.000,-90.00,180.00,13.50,CLOSED,0
655411.113,0,0,0,1.000,1.000,1.000,-90.00,180.00,13.50,CLOSED,0
655411.117,0,0,0,1.000,1.000,1.000,-90.00,180.00,13.50,CLOSED,0
655411.121,0,0,0,1.000,1.000,1.000,-90.00,180.00,13.50,CLOSED,0
655411.125,0,0,0,1.000,1.000,1.000,-90.00,180.00,13.50,CLOSED,0
655411.129,0,0,0,1.000,1.000,1.000,-90.00,180.00,13.50,CLOSED,0
655411.133,0,0,0,1.000,1.000,1.000,-90.00,180.00,13.50,CLOSED,0
655411.137,0,0,0,1.000,1.000,1.000,-90.00,180.00,13.50,CLOSED,0
655411.141,0,0,0,1.000,1.000,1.000,-90.00,180.00,13.50,CLOSED,0
655411.145,0,0,0,1.000,1.000,1.000,-90.00,180.00,13.50,CLOSED,0
655411.149,0,0,0,1.000,1.000,1.000,-90.00,180.00,13.50,CLOSED,0
655411.153,0,0,0,1.000,1.000,1.000,-90.00,180.00,13.50,CLOSED,0
655411.157,0,0,0,1.000,1.000,1.000,-90.00,180.00,13.50,CLOSED,0
655411.161,0,0,0,1.000,1.000,1.000,-90.00,180.00,13.50,CLOSED,0
655411.164,0,0,0,1.000,1.000,1.000,-90.00,180.00,13.50,CLOSED,0
655411.168,0,0,0,1.000,1.000,1.000,-90.00,180.00,13.50,CLOSED,0
655411.172,0,0,0,1.000,1.000,1.000,-90.00,180.00,13.50,CLOSED,0
655411.176,0,0,0,1.000,1.000,1.000,-90.00,180.00,13.50,CLOSED,0
655411.181,0,0,0,1.000,1.000,1.000,-90.00,180.00,13.50,CLOSED,0
655411.185,0,0,0,1.000,1.000,1.000,-90.00,180.00,13.50,CLOSED,0
655411.190,0,0,0,1.000,1.000,1.000,-90.00,180.00,13.50,CLOSED,0
655411.194,0,0,0,1.000,1.000,1.000,-90.00,180.00,13.50,CLOSED,0
655411.198,0,0,0,1.000,1.000,1.000,-90.00,180.00,13.50,CLOSED,0
655411.202,0,0,0,1.000,1.000,1.000,-90.00,180.00,13.50,CLOSED,0
655411.206,0,0,0,1.000,1.000,1.000,-90.00,180.00,13.50,CLOSED,0
655411.210,0,0,0,1.000,1.000,1.000,-90.00,180.00,13.50,CLOSED,0
655411.214,0,0,0,1.000,1.000,1.000,-90.00,180.00,13.50,CLOSED,0
655411.217,0,0,0,1.000,1.000,1.000,-90.00,180.00,13.50,CLOSED,0
655411.221,0,0,0,1.000,1.000,1.000,-90.00,180.00,13.50,CLOSED,0
655411.225,0,0,0,1.000,1.000,1.000,-90.00,180.00,13.50,CLOSED,0
655411.229,0,0,0,1.000,1.000,1.000,-90.00,180.00,13.50,CLOSED,0
655411.233,0,0,0,1.000,1.000,1.000,-90.00,180.00,13.50,CLOSED,0
655411.237,0,0,0,1.000,1.000,1.000,-90.00,180.00,13.50,CLOSED,0
655411.241,0,0,0,1.000,1.000,1.000,-90.00,180.00,13.50,CLOSED,0
655411.246,0,0,0,1.000,1.000,1.000,-90.00,180.00,13.50,CLOSED,0
655411.250,0,0,0,1.000,1.000,1.000,-90.00,180.00,13.50,CLOSED,0
655411.254,0,0,0,1.000,1.000,1.000,-90.00,180.00,13.50,CLOSED,0
655411.260,0,0,0,1.000,1.000,1.000,-90.00,180.00,13.50,CLOSED,0
655411.265,0,0,0,1.000,1.000,1.000,-90.00,180.00,13.50,CLOSED,0
655411.270,0,0,0,1.000,1.000,1.000,-90.00,180.00,13.50,CLOSED,0
655411.275,0,0,0,1.000,1.000,1.000,-90.00,180.00,13.50,CLOSED,0
655411.279,0,0,0,1.000,1.000,1.000,-90.00,180.00,13.50,CLOSED,0
655411.283,0,0,0,1.000,1.000,1.000,-90.00,180.00,13.50,CLOSED,0
655411.288,0,0,0,1.000,1.000,1.000,-90.00,180.00,13.50,CLOSED,0
655411.292,0,0,0,1.000,1.000,1.000,-90.00,180.00,13.50,CLOSED,0
655411.296,0,0,0,1.000,1.000,1.000,-90.00,180.00,13.50,CLOSED,0
655411.300,0,0,0,1.000,1.000,1.000,-90.00,180.00,13.50,CLOSED,0
655411.304,0,0,0,1.000,1.000,1.000,-90.00,180.00,13.50,CLOSED,0
655411.308,0,0,0,1.000,1.000,1.000,-90.00,180.00,13.50,CLOSED,0
655411.312,0,0,0,1.000,1.000,1.000,-90.00,180.00,13.50,CLOSED,0
655411.316,0,0,0,1.000,1.000,1.000,-90.00,180.00,13.50,CLOSED,0
655411.320,0,0,0,1.000,1.000,1.000,-90.00,180.00,13.50,CLOSED,0
655411.324,0,0,0,1.000,1.000,1.000,-90.00,180.00,13.50,CLOSED,0
655411.328,0,0,0,1.000,1.000,1.000,-90.00,180.00,13.50,CLOSED,0
655411.333,0,0,0,1.000,1.000,1.000,-90.00,180.00,13.50,CLOSED,0
655411.339,0,0,0,1.000,1.000,1.000,-90.00,180.00,13.50,CLOSED,0
655411.344,0,0,0,1.000,1.000,1.000,-90.00,180.00,13.50,CLOSED,0
655411.349,0,0,0,1.000,1.000,1.000,-90.00,180.00,13.50,CLOSED,0
655411.354,0,0,0,1.000,1.000,1.000,-90.00,180.00,13.50,CLOSED,0
655411.360,0,0,0,1.000,1.000,1.000,-90.00,180.00,13.50,CLOSED,0
655411.364,0,0,0,1.000,1.000,1.000,-90.00,180.00,13.50,CLOSED,0
655411.368,0,0,0,1.000,1.000,1.000,-90.00,180.00,13.50,CLOSED,0
655411.372,0,0,0,1.000,1.000,1.000,-90.00,180.00,13.50,CLOSED,0
655411.376,0,0,0,0.994,1.000,1.000,-90.00,180.00,13.50,CLOSED,0
655411.381,0,0,0,0.980,1.000,1.000,-90.00,180.00,13.50,CLOSED,0
655411.385,0,0,0,0.993,1.000,1.000,-90.00,180.00,13.50,CLOSED,0
655411.389,0,0,0,1.000,1.000,1.000,-90.00,180.00,13.50,CLOSED,0
655411.394,0,0,0,1.000,1.000,1.000,-90.00,180.00,13.50,CLOSED,0
655411.398,0,0,0,1.000,1.000,1.000,-90.00,180.00,13.50,CLOSED,0
655411.402,0,0,0,1.000,1.000,1.000,-90.00,180.00,13.50,CLOSED,0
655411.405,0,0,0,1.000,1.000,1.000,-90.00,180.00,13.50,CLOSED,0
655411.410,0,0,0,1.000,1.000,1.000,-90.00,180.00,13.50,CLOSED,0
655411.415,0,0,0,1.000,1.000,1.000,-90.00,180.00,13.50,CLOSED,0
655411.420,0,0,0,1.000,1.000,1.000,-90.00,180.00,13.50,CLOSED,0
655411.425,0,0,0,1.000,1.000,1.000,-90.00,180.00,13.50,CLOSED,0
655411.430,0,0,0,1.000,1.000,1.000,-90.00,180.00,13.50,CLOSED,0
655411.435,0,0,0,1.000,1.000,1.000,-90.00,180.00,13.50,CLOSED,0
655411.439,0,0,0,1.000,1.000,1.000,-90.00,180.00,13.50,CLOSED,0
655411.444,0,0,0,1.000,1.000,1.000,-90.00,180.00,13.50,CLOSED,0
655411.448,0,0,0,1.000,1.000,1.000,-90.00,180.00,13.50,CLOSED,0
655411.452,0,0,0,1.000,1.000,1.000,-90.00,180.00,13.50,CLOSED,0
655411.456,0,0,0,1.000,1.000,1.000,-90.00,180.00,13.50,CLOSED,0
655411.460,0,0,0,1.000,1.000,1.000,-90.00,180.00,13.50,CLOSED,0
655411.465,0,0,0,1.000,1.000,1.000,-90.00,180.00,13.50,CLOSED,0
655411.468,0,0,0,1.000,1.000,1.000,-90.00,180.00,13.50,CLOSED,0
655411.472,0,0,0,1.000,1.000,1.000,-90.00,180.00,13.50,CLOSED,0
655411.476,0,0,0,1.000,1.000,1.000,-90.00,180.00,13.50,CLOSED,0
655411.480,0,0,0,1.000,1.000,1.000,-90.00,180.00,13.50,CLOSED,0
655411.484,0,0,0,1.000,1.000,1.000,-90.00,180.00,13.50,CLOSED,0
655411.489,0,0,0,1.000,1.000,1.000,-90.00,180.00,13.50,CLOSED,0
655411.494,0,0,0,1.000,1.000,1.000,-90.00,180.00,13.50,CLOSED,0
655411.498,0,0,0,1.000,1.000,1.000,-90.00,180.00,13.50,CLOSED,0
655411.502,0,0,0,1.000,1.000,1.000,-90.00,180.00,13.50,CLOSED,0
655411.507,0,0,0,1.000,1.000,1.000,-90.00,180.00,13.50,CLOSED,0
655411.512,0,0,0,1.000,1.000,1.000,-90.00,180.00,13.50,CLOSED,0
655411.517,0,0,0,1.000,1.000,1.000,-90.00,180.00,13.50,CLOSED,0
655411.521,0,0,0,1.000,1.000,1.000,-90.00,180.00,13.50,CLOSED,0
655411.526,0,0,0,1.000,1.000,1.000,-90.00,180.00,13.50,CLOSED,0
655411.530,0,0,0,1.000,1.000,1.000,-90.00,180.00,13.50,CLOSED,0
655411.534,0,0,0,1.000,1.000,1.000,-90.00,180.00,13.50,CLOSED,0
655411.537,0,0,0,1.000,1.000,1.000,-90.00,180.00,13.50,CLOSED,0
655411.541,0,0,0,1.000,1.000,1.000,-90.00,180.00,13.50,CLOSED,0
655411.546,0,0,0,1.000,1.000,1.000,-90.00,180.00,13.50,CLOSED,0
655411.549,0,0,0,1.000,1.000,1.000,-90.00,180.00,13.50,CLOSED,0
655411.553,0,0,0,1.000,1.000,1.000,-90.00,180.00,13.50,CLOSED,0
655411.557,0,0,0,1.000,1.000,1.000,-90.00,180.00,13.50,CLOSED,0
655411.561,0,0,0,1.000,1.000,1.000,-90.00,180.00,13.50,CLOSED,0
655411.565,0,0,0,1.000,1.000,1.000,-90.00,180.00,13.50,CLOSED,0
655411.569,0,0,0,1.000,1.000,1.000,-90.00,180.00,13.50,CLOSED,0
655411.573,0,0,0,1.000,1.000,1.000,-90.00,180.00,13.50,CLOSED,0
655411.577,0,0,0,1.000,1.000,1.000,-90.00,180.00,13.50,CLOSED,0
655411.583,0,0,0,1.000,1.000,1.000,-90.00,180.00,13.50,CLOSED,0
655411.587,0,0,0,1.000,1.000,1.000,-90.00,180.00,13.50,CLOSED,0
655411.591,0,0,0,1.000,1.000,1.000,-90.00,180.00,13.50,CLOSED,0
655411.595,0,0,0,1.000,1.000,1.000,-90.00,180.00,13.50,CLOSED,0
655411.600,0,0,0,1.000,1.000,1.000,-90.00,180.00,13.50,CLOSED,0
655411.603,0,0,0,1.000,1.000,1.000,-90.00,180.00,13.50,CLOSED,0
655411.607,0,0,0,1.000,1.000,1.000,-90.00,180.00,13.50,CLOSED,0
655411.612,0,0,0,1.000,1.000,1.000,-90.00,180.00,13.50,CLOSED,0
655411.616,0,0,0,1.000,1.000,1.000,-90.00,180.00,13.50,CLOSED,0
655411.620,0,0,0,1.000,1.000,1.000,-90.00,180.00,13.50,CLOSED,0
655411.624,0,0,0,1.000,1.000,1.000,-90.00,180.00,13.50,CLOSED,0
655411.627,0,0,0,1.000,1.000,1.000,-90.00,180.00,13.50,CLOSED,0
655411.631,0,0,0,1.000,1.000,1.000,-90.00,180.00,13.50,CLOSED,0
655411.636,0,0,0,1.000,1.000,1.000,-90.00,180.00,13.50,CLOSED,0
655411.642,0,0,0,1.000,1.000,1.000,-90.00,180.00,13.50,CLOSED,0
655411.647,0,0,0,1.000,1.000,1.000,-90.00,180.00,13.50,CLOSED,0
655411.651,0,0,0,1.000,1.000,1.000,-90.00,180.00,13.50,CLOSED,0
655411.656,0,0,0,1.000,1.000,1.000,-90.00,180.00,13.50,CLOSED,0
655411.661,0,0,0,1.000,1.000,1.000,-90.00,180.00,13.50,CLOSED,0
655411.666,0,0,0,1.000,1.000,1.000,-90.00,180.00,13.50,CLOSED,0
655411.670,0,0,0,1.000,1.000,1.000,-90.00,180.00,13.50,CLOSED,0
655411.674,0,0,0,1.000,1.000,1.000,-90.00,180.00,13.50,CLOSED,0
655411.678,0,0,0,1.000,1.000,1.000,-90.00,180.00,13.50,CLOSED,0
655411.685,0,0,0,1.000,1.000,1.000,-90.00,180.00,13.50,CLOSED,0
655411.696,0,0,0,1.000,1.000,1.000,-90.00,180.00,13.50,CLOSED,0
655411.707,0,0,0,1.000,1.000,1.000,-90.00,180.00,13.50,CLOSED,0
655411.721,0,0,0,1.000,1.000,1.000,-90.00,180.00,13.50,CLOSED,0
655411.729,0,0,0,1.000,1.000,1.000,-90.00,180.00,13.50,CLOSED,0
655411.741,0,0,0,1.000,1.000,1.000,-90.00,180.00,13.50,CLOSED,0
655411.747,0,0,0,1.000,1.000,1.000,-90.00,180.00,13.50,CLOSED,0
655411.753,0,0,0,1.000,1.000,1.000,-90.00,180.00,13.50,CLOSED,0
655411.758,0,0,0,1.000,1.000,1.000,-90.00,180.00,13.50,CLOSED,0
655411.763,0,0,0,1.000,1.000,1.000,-90.00,180.00,13.50,CLOSED,0
655411.767,0,0,0,1.000,1.000,1.000,-90.00,180.00,13.50,CLOSED,0
655411.772,0,0,0,1.000,1.000,1.000,-90.00,180.00,13.50,CLOSED,0
655411.777,0,0,0,1.000,1.000,1.000,-90.00,180.00,13.50,CLOSED,0
655411.781,0,0,0,1.000,1.000,1.000,-90.00,180.00,13.50,CLOSED,0
655411.785,0,0,0,1.000,1.000,1.000,-90.00,180.00,13.50,CLOSED,0
655411.789,0,0,0,1.000,1.000,1.000,-90.00,180.00,13.50,CLOSED,0
655411.793,0,0,0,1.000,1.000,1.000,-90.00,180.00,13.50,CLOSED,0
655411.797,0,0,0,1.000,1.000,1.000,-90.00,180.00,13.50,CLOSED,0
655411.800,0,0,0,1.000,1.000,1.000,-90.00,180.00,13.50,CLOSED,0
655411.805,0,0,0,1.000,1.000,1.000,-90.00,180.00,13.50,CLOSED,0
655411.809,0,0,0,1.000,1.000,1.000,-90.00,180.00,13.50,CLOSED,0
655411.813,0,0,0,1.000,1.000,1.000,-90.00,180.00,13.50,CLOSED,0
655411.817,0,0,0,1.000,1.000,1.000,-90.00,180.00,13.50,CLOSED,0
655411.822,0,0,0,1.000,1.000,1.000,-90.00,180.00,13.50,CLOSED,0
655411.826,0,0,0,1.000,1.000,1.000,-90.00,180.00,13.50,CLOSED,0
655411.830,0,0,0,1.000,1.000,1.000,-90.00,180.00,13.50,CLOSED,0
655411.835,0,0,0,1.000,1.000,1.000,-90.00,180.00,13.50,CLOSED,0
655411.839,0,0,0,1.000,1.000,1.000,-90.00,180.00,13.50,CLOSED,0
655411.843,0,0,0,1.000,1.000,1.000,-90.00,180.00,13.50,CLOSED,0
655411.847,0,0,0,1.000,1.000,1.000,-90.00,180.00,13.50,CLOSED,0
655411.851,0,0,0,1.000,1.000,1.000,-90.00,180.00,13.50,CLOSED,0
655411.855,0,0,0,1.000,1.000,1.000,-90.00,180.00,13.50,CLOSED,0
655411.859,0,0,0,1.000,1.000,1.000,-90.00,180.00,13.50,CLOSED,0
655411.862,0,0,0,1.000,1.000,1.000,-90.00,180.00,13.50,CLOSED,0
655411.866,0,0,0,1.000,1.000,1.000,-90.00,180.00,13.50,CLOSED,0
655411.870,0,0,0,1.000,1.000,1.000,-90.00,180.00,13.50,CLOSED,0
655411.874,0,0,0,1.000,1.000,1.000,-90.00,180.00,13.50,CLOSED,0
655411.878,0,0,0,1.000,1.000,1.000,-90.00,180.00,13.50,CLOSED,0
655411.882,0,0,0,1.000,1.000,1.000,-90.00,180.00,13.50,CLOSED,0
655411.886,0,0,0,1.000,1.000,1.000,-90.00,180.00,13.50,CLOSED,0
655411.889,0,0,0,1.000,1.000,1.000,-90.00,180.00,13.50,CLOSED,0
655411.893,0,0,0,1.000,1.000,1.000,-90.00,180.00,13.50,CLOSED,0
655411.897,0,0,0,1.000,1.000,1.000,-90.00,180.00,13.50,CLOSED,0
655411.901,0,0,0,1.000,1.000,1.000,-90.00,180.00,13.50,CLOSED,0
655411.906,0,0,0,1.000,1.000,1.000,-90.00,180.00,13.50,CLOSED,0
655411.911,0,0,0,1.000,1.000,1.000,-90.00,180.00,13.50,CLOSED,0
655411.916,0,0,0,1.000,1.000,1.000,-90.00,180.00,13.50,CLOSED,0
655411.921,0,0,0,1.000,1.000,1.000,-90.00,180.00,13.50,CLOSED,0
655411.926,0,0,0,1.000,1.000,1.000,-90.00,180.00,13.50,CLOSED,0
655411.932,0,0,0,1.000,1.000,1.000,-90.00,180.00,13.50,CLOSED,0
655411.936,0,0,0,1.000,1.000,1.000,-90.00,180.00,13.50,CLOSED,0
655411.941,0,0,0,1.000,1.000,1.000,-90.00,180.00,13.50,CLOSED,0
655411.944,0,0,0,1.000,1.000,1.000,-90.00,180.00,13.50,CLOSED,0
655411.948,0,0,0,1.000,1.000,1.000,-90.00,180.00,13.50,CLOSED,0
655411.952,0,0,0,1.000,1.000,1.000,-90.00,180.00,13.50,CLOSED,0
655411.956,0,0,0,1.000,1.000,1.000,-90.00,180.00,13.50,CLOSED,0
655411.962,0,0,0,1.000,1.000,1.000,-90.00,180.00,13.50,CLOSED,0
655411.967,0,0,0,1.000,1.000,1.000,-90.00,180.00,13.50,CLOSED,0
655411.973,0,0,0,1.000,1.000,1.000,-90.00,180.00,13.50,CLOSED,0
655411.978,0,0,0,1.000,1.000,1.000,-90.00,180.00,13.50,CLOSED,0
655411.982,0,0,0,1.000,1.000,1.000,-90.00,180.00,13.50,CLOSED,0
655411.988,0,0,0,1.000,1.000,1.000,-90.00,180.00,13.50,CLOSED,0
655411.992,0,0,0,1.000,1.000,1.000,-90.00,180.00,13.50,CLOSED,0
655411.996,0,0,0,1.000,1.000,1.000,-90.00,180.00,13.50,CLOSED,0
655412.001,0,0,0,1.000,1.000,1.000,-90.00,180.00,13.50,CLOSED,0
655412.005,0,0,0,1.000,1.000,1.000,-90.00,180.00,13.50,CLOSED,0
655412.009,0,0,0,1.000,1.000,1.000,-90.00,180.00,13.50,CLOSED,0
655412.014,0,0,0,1.000,1.000,1.000,-90.00,180.00,13.50,CLOSED,0
655412.018,0,0,0,1.000,1.000,1.000,-90.00,180.00,13.50,CLOSED,0
655412.022,0,0,0,1.000,1.000,1.000,-90.00,180.00,13.50,CLOSED,0
655412.026,0,0,0,1.000,1.000,1.000,-90.00,180.00,13.50,CLOSED,0
655412.030,0,0,0,1.000,1.000,1.000,-90.00,180.00,13.50,CLOSED,0
655412.034,0,0,0,1.000,1.000,1.000,-90.00,180.00,13.50,CLOSED,0
655412.038,0,0,0,1.000,1.000,1.000,-90.00,180.00,13.50,CLOSED,0
655412.042,0,0,0,1.000,1.000,1.000,-90.00,180.00,13.50,CLOSED,0
655412.047,0,0,0,1.000,1.000,1.000,-90.00,180.00,13.50,CLOSED,0
655412.052,0,0,0,1.000,1.000,1.000,-90.00,180.00,13.50,CLOSED,0
655412.058,0,0,0,1.000,1.000,1.000,-90.00,180.00,13.50,CLOSED,0
655412.065,0,0,0,1.000,1.000,1.000,-90.00,180.00,13.50,CLOSED,0
655412.071,0,0,0,1.000,1.000,1.000,-90.00,180.00,13.50,CLOSED,0
655412.076,0,0,0,1.000,1.000,1.000,-90.00,180.00,13.50,CLOSED,0
655412.082,0,0,0,1.000,1.000,1.000,-90.00,180.00,13.50,CLOSED,0
655412.088,0,0,0,1.000,1.000,1.000,-90.00,180.00,13.50,CLOSED,0
655412.093,0,0,0,1.000,1.000,1.000,-90.00,180.00,13.50,CLOSED,0
655412.098,0,0,0,1.000,1.000,1.000,-90.00,180.00,13.50,CLOSED,0
655412.102,0,0,0,1.000,1.000,1.000,-90.00,180.00,13.50,CLOSED,0
655412.106,0,0,0,1.000,1.000,1.000,-90.00,180.00,13.50,CLOSED,0
655412.111,0,0,0,1.000,1.000,1.000,-90.00,180.00,13.50,CLOSED,0
655412.115,0,0,0,1.000,1.000,1.000,-90.00,180.00,13.50,CLOSED,0
655412.119,0,0,0,1.000,1.000,1.000,-90.00,180.00,13.50,CLOSED,0
655412.122,0,0,0,1.000,1.000,1.000,-90.00,180.00,13.50,CLOSED,0
655412.126,0,0,0,1.000,1.000,1.000,-90.00,180.00,13.50,CLOSED,0
655412.130,0,0,0,1.000,1.000,1.000,-90.00,180.00,13.50,CLOSED,0
655412.134,0,0,0,1.000,1.000,1.000,-90.00,180.00,13.50,CLOSED,0
655412.138,0,0,0,1.000,1.000,1.000,-90.00,180.00,13.50,CLOSED,0
655412.141,0,0,0,1.000,1.000,1.000,-90.00,180.00,13.50,CLOSED,0
655412.145,0,0,0,1.000,1.000,1.000,-90.00,180.00,13.50,CLOSED,0
655412.149,0,0,0,1.000,1.000,1.000,-90.00,180.00,13.50,CLOSED,0
655412.153,0,0,0,1.000,1.000,1.000,-90.00,180.00,13.50,CLOSED,0
655412.157,0,0,0,1.000,1.000,1.000,-90.00,180.00,13.50,CLOSED,0
655412.162,0,0,0,1.000,1.000,1.000,-90.00,180.00,13.50,CLOSED,0
655412.166,0,0,0,1.000,1.000,1.000,-90.00,180.00,13.50,CLOSED,0
655412.170,0,0,0,1.000,1.000,1.000,-90.00,180.00,13.50,CLOSED,0
655412.175,0,0,0,1.000,1.000,1.000,-90.00,180.00,13.50,CLOSED,0
655412.179,0,0,0,1.000,1.000,1.000,-90.00,180.00,13.50,CLOSED,0
655412.183,0,0,0,1.000,1.000,1.000,-90.00,180.00,13.50,CLOSED,0
655412.188,0,0,0,1.000,1.000,1.000,-90.00,180.00,13.50,CLOSED,0
655412.193,0,0,0,1.000,1.000,1.000,-90.00,180.00,13.50,CLOSED,0
655412.197,0,0,0,1.000,1.000,1.000,-90.00,180.00,13.50,CLOSED,0
655412.201,0,0,0,1.000,1.000,1.000,-90.00,180.00,13.50,CLOSED,0
655412.205,0,0,0,1.000,1.000,1.000,-90.00,180.00,13.50,CLOSED,0
655412.209,0,0,0,1.000,1.000,1.000,-90.00,180.00,13.50,CLOSED,0
655412.213,0,0,0,1.000,1.000,1.000,-90.00,180.00,13.50,CLOSED,0
655412.217,0,0,0,1.000,1.000,1.000,-90.00,180.00,13.50,CLOSED,0
655412.221,0,0,0,1.000,1.000,1.000,-90.00,180.00,13.50,CLOSED,0
655412.225,0,0,0,1.000,1.000,1.000,-90.00,180.00,13.50,CLOSED,0
655412.229,0,0,0,1.000,1.000,1.000,-90.00,180.00,13.50,CLOSED,0
655412.233,0,0,0,1.000,1.000,1.000,-90.00,180.00,13.50,CLOSED,0
655412.238,0,0,0,1.000,1.000,1.000,-90.00,180.00,13.50,CLOSED,0
655412.242,0,0,0,1.000,1.000,1.000,-90.00,180.00,13.50,CLOSED,0
655412.247,0,0,0,1.000,1.000,1.000,-90.00,180.00,13.50,CLOSED,0
655412.252,0,0,0,1.000,1.000,1.000,-90.00,180.00,13.50,CLOSED,0
655412.256,0,0,0,1.000,1.000,1.000,-90.00,180.00,13.50,CLOSED,0
655412.260,0,0,0,1.000,1.000,1.000,-90.00,180.00,13.50,CLOSED,0
655412.264,0,0,0,1.000,1.000,1.000,-90.00,180.00,13.50,CLOSED,0
655412.268,0,0,0,1.000,1.000,1.000,-90.00,180.00,13.50,CLOSED,0
655412.272,0,0,0,1.000,1.000,1.000,-90.00,180.00,13.50,CLOSED,0
655412.276,0,0,0,1.000,1.000,1.000,-90.00,180.00,13.50,CLOSED,0
655412.279,0,0,0,1.000,1.000,1.000,-90.00,180.00,13.50,CLOSED,0
655412.283,0,0,0,1.000,1.000,1.000,-90.00,180.00,13.50,CLOSED,0
655412.287,0,0,0,1.000,1.000,1.000,-90.00,180.00,13.50,CLOSED,0
655412.292,0,0,0,1.000,1.000,1.000,-90.00,180.00,13.50,CLOSED,0
655412.296,0,0,0,1.000,1.000,1.000,-90.00,180.00,13.50,CLOSED,0
655412.300,0,0,0,1.000,1.000,1.000,-90.00,180.00,13.50,CLOSED,0
655412.304,0,0,0,1.000,1.000,1.000,-90.00,180.00,13.50,CLOSED,0
655412.308,0,0,0,1.000,1.000,1.000,-90.00,180.00,13.50,CLOSED,0
655412.313,0,0,0,1.000,1.000,1.000,-90.00,180.00,13.50,CLOSED,0
655412.317,0,0,0,1.000,1.000,1.000,-90.00,180.00,13.50,CLOSED,0
655412.320,0,0,0,1.000,1.000,1.000,-90.00,180.00,13.50,CLOSED,0
655412.325,0,0,0,1.000,1.000,1.000,-90.00,180.00,13.50,CLOSED,0
655412.329,0,0,0,1.000,1.000,1.000,-90.00,180.00,13.50,CLOSED,0
655412.332,0,0,0,1.000,1.000,1.000,-90.00,180.00,13.50,CLOSED,0
655412.336,0,0,0,1.000,1.000,1.000,-90.00,180.00,13.50,CLOSED,0
655412.340,0,0,0,1.000,1.000,1.000,-90.00,180.00,13.50,CLOSED,0
655412.344,0,0,0,1.000,1.000,1.000,-90.00,180.00,13.50,CLOSED,0
655412.348,0,0,0,1.000,1.000,1.000,-90.00,180.00,13.50,CLOSED,0
655412.351,0,0,0,1.000,1.000,1.000,-90.00,180.00,13.50,CLOSED,0
655412.356,0,0,0,1.000,1.000,1.000,-90.00,180.00,13.50,CLOSED,0
655412.360,0,0,0,1.000,1.000,1.000,-90.00,180.00,13.50,CLOSED,0
655412.364,0,0,0,1.000,1.000,1.000,-90.00,180.00,13.50,CLOSED,0
655412.368,0,0,0,1.000,1.000,1.000,-90.00,180.00,13.50,CLOSED,0
655412.373,0,0,0,1.000,1.000,1.000,-90.00,180.00,13.50,CLOSED,0
655412.378,0,0,0,1.000,1.000,1.000,-90.00,180.00,13.50,CLOSED,0
655412.382,0,0,0,1.000,1.000,1.000,-90.00,180.00,13.50,CLOSED,0
655412.387,0,0,0,1.000,1.000,1.000,-90.00,180.00,13.50,CLOSED,0
655412.392,0,0,0,1.000,1.000,1.000,-90.00,180.00,13.50,CLOSED,0
655412.397,0,0,0,1.000,1.000,1.000,-90.00,180.00,13.50,CLOSED,0
655412.401,0,0,0,1.000,1.000,1.000,-90.00,180.00,13.50,CLOSED,0
655412.405,0,0,0,1.000,1.000,1.000,-90.00,180.00,13.50,CLOSED,0
655412.409,0,0,0,1.000,1.000,1.000,-90.00,180.00,13.50,CLOSED,0
655412.413,0,0,0,1.000,1.000,1.000,-90.00,180.00,13.50,CLOSED,0
655412.418,0,0,0,1.000,1.000,1.000,-90.00,180.00,13.50,CLOSED,0
655412.422,0,0,0,1.000,1.000,1.000,-90.00,180.00,13.50,CLOSED,0
655412.427,0,0,0,1.000,1.000,1.000,-90.00,180.00,13.50,CLOSED,0
655412.431,0,0,0,1.000,1.000,1.000,-90.00,180.00,13.50,CLOSED,0
655412.436,0,0,0,1.000,1.000,1.000,-90.00,180.00,13.50,CLOSED,0
655412.440,0,0,0,1.000,1.000,1.000,-90.00,180.00,13.50,CLOSED,0
655412.444,0,0,0,1.000,1.000,1.000,-90.00,180.00,13.50,CLOSED,0
655412.448,0,0,0,1.000,1.000,1.000,-90.00,180.00,13.50,CLOSED,0
655412.452,0,0,0,1.000,1.000,1.000,-90.00,180.00,13.50,CLOSED,0
655412.456,0,0,0,1.000,1.000,1.000,-90.00,180.00,13.50,CLOSED,0
655412.459,0,0,0,1.000,1.000,1.000,-90.00,180.00,13.50,CLOSED,0
655412.463,0,0,0,1.000,1.000,1.000,-90.00,180.00,13.50,CLOSED,0
655412.467,0,0,0,1.000,1.000,1.000,-90.00,180.00,13.50,CLOSED,0
655412.471,0,0,0,1.000,1.000,1.000,-90.00,180.00,13.50,CLOSED,0
655412.475,0,0,0,1.000,1.000,1.000,-90.00,180.00,13.50,CLOSED,0
655412.479,0,0,0,1.000,1.000,1.000,-90.00,180.00,13.50,CLOSED,0
655412.482,0,0,0,1.000,1.000,1.000,-90.00,180.00,13.50,CLOSED,0
655412.486,0,0,0,1.000,1.000,1.000,-90.00,180.00,13.50,CLOSED,0
655412.491,0,0,0,1.000,1.000,1.000,-90.00,180.00,13.50,CLOSED,0
655412.495,0,0,0,1.000,1.000,1.000,-90.00,180.00,13.50,CLOSED,0
655412.500,0,0,0,1.000,1.000,1.000,-90.00,180.00,13.50,CLOSED,0
655412.505,0,0,0,1.000,1.000,1.000,-90.00,180.00,13.50,CLOSED,0
655412.509,0,0,0,1.000,1.000,1.000,-90.00,180.00,13.50,CLOSED,0
655412.514,0,0,0,1.000,1.000,1.000,-90.00,180.00,13.50,CLOSED,0
655412.518,0,0,0,1.000,1.000,1.000,-90.00,180.00,13.50,CLOSED,0
655412.523,0,0,0,1.000,1.000,1.000,-90.00,180.00,13.50,CLOSED,0
655412.527,0,0,0,1.000,1.000,1.000,-90.00,180.00,13.50,CLOSED,0
655412.532,0,0,0,1.000,1.000,1.000,-90.00,180.00,13.50,CLOSED,0
655412.536,0,0,0,1.000,1.000,1.000,-90.00,180.00,13.50,CLOSED,0
655412.540,0,0,0,1.000,1.000,1.000,-90.00,180.00,13.50,CLOSED,0
655412.544,0,0,0,1.000,1.000,1.000,-90.00,180.00,13.50,CLOSED,0
655412.548,0,0,0,1.000,1.000,1.000,-90.00,180.00,13.50,CLOSED,0
655412.552,0,0,0,1.000,1.000,1.000,-90.00,180.00,13.50,CLOSED,0
655412.556,0,0,0,1.000,1.000,1.000,-90.00,180.00,13.50,CLOSED,0
655412.560,0,0,0,1.000,1.000,1.000,-90.00,180.00,13.50,CLOSED,0
655412.564,0,0,0,0.999,1.000,1.000,-90.00,180.00,13.50,CLOSED,0
655412.569,0,0,0,0.994,1.000,1.000,-90.00,180.00,13.50,CLOSED,0
655412.573,0,0,0,1.000,1.000,1.000,-90.00,180.00,13.50,CLOSED,0
655412.576,0,0,0,1.000,1.000,1.000,-90.00,180.00,13.50,CLOSED,0
655412.581,0,0,0,1.000,1.000,1.000,-90.00,180.00,13.50,CLOSED,0
655412.585,0,0,0,1.000,0.994,1.000,-90.00,180.00,13.50,CLOSED,0
655412.589,0,0,0,1.000,0.937,1.000,-90.00,180.00,13.50,CLOSED,0
655412.594,0,0,0,1.000,0.961,1.000,-90.00,180.00,13.50,CLOSED,0
655412.599,0,0,0,1.000,0.900,1.000,-90.00,180.00,13.50,CLOSED,0
655412.603,0,0,0,0.999,1.000,1.000,-90.00,180.00,13.50,CLOSED,0
655412.607,0,0,0,0.996,1.000,1.000,-90.00,180.00,13.50,CLOSED,0
655412.610,0,0,0,0.991,1.000,1.000,-90.00,180.00,13.50,CLOSED,0
655412.614,0,0,0,0.962,1.000,1.000,-90.00,180.00,13.50,CLOSED,0
655412.618,0,0,0,0.815,1.000,1.000,-90.00,180.00,13.50,CLOSED,0
655412.622,0,0,0,0.530,1.000,1.000,-90.00,180.00,13.50,CLOSED,0
655412.626,0,0,0,0.560,1.000,1.000,-90.00,180.00,13.50,CLOSED,0
655412.630,0,0,0,0.630,1.000,1.000,-90.00,180.00,13.50,CLOSED,0
655412.633,0,0,0,0.765,1.000,1.000,-90.00,180.00,13.50,CLOSED,0
655412.637,0,0,0,0.821,1.000,1.000,-90.00,180.00,13.50,CLOSED,0
655412.641,0,0,0,0.826,1.000,1.000,-90.00,180.00,13.50,CLOSED,0
655412.645,0,0,0,0.786,1.000,1.000,-90.00,180.00,13.50,CLOSED,0
655412.649,0,0,0,0.626,1.000,1.000,-90.00,180.00,13.50,CLOSED,0
655412.653,0,0,0,0.659,1.000,1.000,-90.00,180.00,13.50,CLOSED,0
655412.657,0,0,0,0.939,1.000,1.000,-90.00,180.00,13.50,CLOSED,0
655412.662,0,0,0,0.991,1.000,1.000,-90.00,180.00,13.50,CLOSED,0
655412.665,0,0,0,0.999,1.000,1.000,-90.00,180.00,13.50,CLOSED,0
655412.669,0,0,0,1.000,1.000,1.000,-90.00,180.00,13.50,CLOSED,0
655412.673,0,0,0,1.000,0.984,1.000,-90.00,180.00,13.50,CLOSED,0
655412.677,0,0,0,1.000,0.983,0.942,-90.00,180.00,13.50,CLOSED,0
655412.681,0,0,0,1.000,0.909,0.881,-90.00,180.00,13.50,CLOSED,0
655412.685,0,0,0,1.000,0.657,0.733,-90.00,180.00,13.50,CLOSED,0
655412.690,0,0,0,1.000,0.589,0.563,-90.00,180.00,13.50,CLOSED,0
655412.694,0,0,0,1.000,0.758,0.571,-90.00,180.00,13.50,CLOSED,0
655412.698,0,0,0,1.000,0.809,0.665,-90.00,180.00,13.50,CLOSED,0
655412.702,0,0,0,1.000,0.825,0.663,-90.00,180.00,13.50,CLOSED,0
655412.706,0,0,0,1.000,0.802,0.583,-90.00,180.00,13.50,CLOSED,0
655412.710,0,0,0,1.000,0.704,0.531,-90.00,180.00,13.50,CLOSED,0
655412.714,0,0,0,1.000,0.621,0.698,-90.00,180.00,13.50,CLOSED,0
655412.719,0,0,0,1.000,0.523,0.845,-90.00,180.00,13.50,CLOSED,0
655412.723,0,0,0,1.000,0.642,0.908,-90.00,180.00,13.50,CLOSED,0
655412.728,0,0,0,1.000,0.710,0.939,-90.00,180.00,13.50,CLOSED,0
655412.732,0,0,0,1.000,0.692,0.951,-90.00,180.00,13.50,CLOSED,0
655412.736,0,0,0,1.000,0.702,0.954,-90.00,180.00,13.50,CLOSED,0
655412.740,0,0,0,1.000,0.704,0.954,-90.00,180.00,13.50,CLOSED,0
655412.744,0,0,0,1.000,0.669,0.950,-90.00,180.00,13.50,CLOSED,0
655412.748,0,0,0,1.000,0.600,0.944,-90.00,180.00,13.50,CLOSED,0
655412.752,0,0,0,1.000,0.608,0.934,-90.00,180.00,13.50,CLOSED,0
655412.757,0,0,0,1.000,0.601,0.923,-90.00,180.00,13.50,CLOSED,0
655412.761,0,0,0,1.000,0.640,0.910,-90.00,180.00,13.50,CLOSED,0
655412.765,0,0,0,1.000,0.715,0.892,-90.00,180.00,13.50,CLOSED,0
655412.769,0,0,0,1.000,0.833,0.871,-90.00,180.00,13.50,CLOSED,0
655412.773,0,0,0,1.000,0.884,0.832,-90.00,180.00,13.50,CLOSED,0
655412.777,0,0,0,1.000,0.902,0.782,-90.00,180.00,13.50,CLOSED,0
655412.781,0,1,0,1.000,0.901,0.759,-90.00,90.00,13.50,CLOSED,1
655412.785,0,1,0,1.000,0.884,0.776,-90.00,90.00,13.50,CLOSED,0
655412.789,0,1,0,1.000,0.813,0.763,-90.00,90.00,13.50,CLOSED,0
655412.793,0,1,0,1.000,0.700,0.756,-90.00,90.00,13.50,CLOSED,0
655412.797,0,1,0,1.000,0.599,0.743,-90.00,90.00,13.50,CLOSED,0
655412.801,0,1,0,1.000,0.519,0.714,-90.00,90.00,13.50,CLOSED,0
655412.805,0,1,0,1.000,0.542,0.697,-90.00,90.00,13.50,CLOSED,0
655412.810,0,1,0,1.000,0.503,0.706,-90.00,90.00,13.50,CLOSED,0
655412.814,0,1,0,1.000,0.609,0.751,-90.00,90.00,13.50,CLOSED,0
655412.818,0,1,0,1.000,0.790,0.841,-90.00,90.00,13.50,CLOSED,0
655412.822,0,1,0,1.000,0.871,0.914,-90.00,90.00,13.50,CLOSED,0
655412.826,0,1,0,1.000,0.909,0.947,-90.00,90.00,13.50,CLOSED,0
655412.829,0,1,0,1.000,0.918,0.971,-90.00,90.00,13.50,CLOSED,0
655412.833,0,1,0,1.000,0.915,0.977,-90.00,90.00,13.50,CLOSED,0
655412.837,0,1,0,1.000,0.859,0.975,-90.00,90.00,13.50,CLOSED,0
655412.841,0,1,0,1.000,0.672,0.967,-90.00,90.00,13.50,CLOSED,0
655412.845,0,1,0,1.000,0.555,0.958,-90.00,90.00,13.50,CLOSED,0
655412.848,0,1,0,1.000,0.721,0.935,-90.00,90.00,13.50,CLOSED,0
655412.852,0,1,0,1.000,0.827,0.896,-90.00,90.00,13.50,CLOSED,0
655412.857,0,1,0,1.000,0.858,0.877,-90.00,90.00,13.50,CLOSED,0
655412.861,0,1,0,1.000,0.848,0.855,-90.00,90.00,13.50,CLOSED,0
655412.865,0,1,0,1.000,0.843,0.840,-90.00,90.00,13.50,CLOSED,0
655412.869,0,1,0,1.000,0.837,0.873,-90.00,90.00,13.50,CLOSED,0
655412.873,0,1,0,1.000,0.823,0.914,-90.00,90.00,13.50,CLOSED,0
655412.877,0,1,0,1.000,0.851,0.958,-90.00,90.00,13.50,CLOSED,0
655412.881,0,1,0,1.000,0.849,0.975,-90.00,90.00,13.50,CLOSED,0
655412.885,0,1,0,1.000,0.859,0.980,-90.00,90.00,13.50,CLOSED,0
655412.889,0,0,0,1.000,0.885,0.983,-90.00,180.00,13.50,CLOSED,1
655412.893,0,0,0,1.000,0.899,0.982,-90.00,180.00,13.50,CLOSED,0
655412.897,0,0,0,1.000,0.895,0.978,-90.00,180.00,13.50,CLOSED,0
655412.901,0,0,0,1.000,0.870,0.968,-90.00,180.00,13.50,CLOSED,0
655412.905,0,0,0,1.000,0.859,0.938,-90.00,180.00,13.50,CLOSED,0
655412.909,0,0,0,1.000,0.815,0.893,-90.00,180.00,13.50,CLOSED,0
655412.913,0,0,0,1.000,0.734,0.830,-90.00,180.00,13.50,CLOSED,0
655412.917,0,0,0,1.000,0.687,0.804,-90.00,180.00,13.50,CLOSED,0
655412.921,0,0,0,1.000,0.527,0.859,-90.00,180.00,13.50,CLOSED,0
655412.926,0,0,0,1.000,0.740,0.923,-90.00,180.00,13.50,CLOSED,0
655412.931,0,0,0,1.000,0.880,0.964,-90.00,180.00,13.50,CLOSED,0
655412.935,0,0,0,1.000,0.944,0.982,-90.00,180.00,13.50,CLOSED,0
655412.939,0,0,0,1.000,0.971,0.986,-90.00,180.00,13.50,CLOSED,0
655412.944,0,0,0,1.000,0.977,0.989,-90.00,180.00,13.50,CLOSED,0
655412.949,0,0,0,1.000,0.980,0.989,-90.00,180.00,13.50,CLOSED,0
655412.955,0,0,0,1.000,0.986,0.989,-90.00,180.00,13.50,CLOSED,0
655412.960,0,0,0,1.000,0.990,0.987,-90.00,180.00,13.50,CLOSED,0
655412.966,0,0,0,1.000,0.991,0.979,-90.00,180.00,13.50,CLOSED,0
655412.971,0,0,0,1.000,0.993,0.941,-90.00,180.00,13.50,CLOSED,0
655412.976,0,0,0,1.000,0.988,0.796,-90.00,180.00,13.50,CLOSED,0
655412.980,0,0,0,1.000,0.962,0.590,-90.00,180.00,13.50,CLOSED,0
655412.985,0,0,0,1.000,0.822,0.541,-90.00,180.00,13.50,CLOSED,0
655412.989,0,0,0,1.000,0.578,0.581,-90.00,180.00,13.50,CLOSED,0
655412.993,0,0,0,1.000,0.660,0.626,-90.00,180.00,13.50,CLOSED,0
655412.997,0,0,0,1.000,0.817,0.702,-90.00,180.00,13.50,CLOSED,0
655413.001,0,0,0,1.000,0.889,0.824,-90.00,180.00,13.50,CLOSED,0
655413.005,0,0,0,1.000,0.905,0.893,-90.00,180.00,13.50,CLOSED,0
655413.009,0,0,0,1.000,0.864,0.933,-90.00,180.00,13.50,CLOSED,0
655413.014,0,0,0,1.000,0.836,0.955,-90.00,180.00,13.50,CLOSED,0
655413.019,0,0,0,1.000,0.708,0.965,-90.00,180.00,13.50,CLOSED,0
655413.023,0,0,0,1.000,0.563,0.955,-90.00,180.00,13.50,CLOSED,0
655413.027,0,0,0,1.000,0.799,0.918,-90.00,180.00,13.50,CLOSED,0
655413.031,0,0,0,1.000,0.999,0.999,-90.00,180.00,13.50,CLOSED,0
655413.035,0,0,0,1.000,0.982,1.000,-90.00,180.00,13.50,CLOSED,0
655413.039,0,0,0,1.000,0.890,1.000,-90.00,180.00,13.50,CLOSED,0
655413.043,0,0,0,1.000,0.571,1.000,-90.00,180.00,13.50,CLOSED,0
655413.047,0,0,0,1.000,0.711,1.000,-90.00,180.00,13.50,CLOSED,0
655413.050,0,0,0,1.000,0.871,0.999,-90.00,180.00,13.50,CLOSED,0
655413.054,0,0,0,1.000,0.980,0.998,-90.00,180.00,13.50,CLOSED,0
655413.058,0,0,0,1.000,0.997,0.996,-90.00,180.00,13.50,CLOSED,0
655413.063,0,0,0,1.000,1.000,0.988,-90.00,180.00,13.50,CLOSED,0
655413.068,0,0,0,1.000,1.000,0.976,-90.00,180.00,13.50,CLOSED,0
655413.073,0,0,0,1.000,1.000,0.969,-90.00,180.00,13.50,CLOSED,0
655413.077,0,0,0,1.000,1.000,0.973,-90.00,180.00,13.50,CLOSED,0
655413.083,0,0,0,1.000,1.000,0.983,-90.00,180.00,13.50,CLOSED,0
655413.089,0,0,0,0.999,1.000,0.989,-90.00,180.00,13.50,CLOSED,0
655413.094,0,0,0,0.997,1.000,0.996,-90.00,180.00,13.50,CLOSED,0
655413.099,0,0,0,0.998,1.000,0.999,-90.00,180.00,13.50,CLOSED,0
655413.104,0,0,0,0.990,1.000,1.000,-90.00,180.00,13.50,CLOSED,0
655413.108,0,0,0,0.977,1.000,1.000,-90.00,180.00,13.50,CLOSED,0
655413.113,0,0,0,0.984,1.000,1.000,-90.00,180.00,13.50,CLOSED,0
655413.117,0,0,0,0.993,1.000,1.000,-90.00,180.00,13.50,CLOSED,0
655413.121,0,0,0,0.990,1.000,1.000,-90.00,180.00,13.50,CLOSED,0
655413.125,0,0,0,0.998,1.000,1.000,-90.00,180.00,13.50,CLOSED,0
655413.129,0,0,0,0.999,1.000,1.000,-90.00,180.00,13.50,CLOSED,0
655413.133,0,0,0,1.000,1.000,1.000,-90.00,180.00,13.50,CLOSED,0
655413.137,0,0,0,1.000,1.000,1.000,-90.00,180.00,13.50,CLOSED,0
655413.142,0,0,0,1.000,1.000,1.000,-90.00,180.00,13.50,CLOSED,0
655413.147,0,0,0,1.000,1.000,1.000,-90.00,180.00,13.50,CLOSED,0
655413.151,0,0,0,1.000,1.000,1.000,-90.00,180.00,13.50,CLOSED,0
655413.156,0,0,0,1.000,1.000,1.000,-90.00,180.00,13.50,CLOSED,0
655413.160,0,0,0,1.000,1.000,1.000,-90.00,180.00,13.50,CLOSED,0
655413.164,0,0,0,1.000,1.000,1.000,-90.00,180.00,13.50,CLOSED,0
655413.168,0,0,0,1.000,1.000,1.000,-90.00,180.00,13.50,CLOSED,0
655413.173,0,0,0,1.000,1.000,1.000,-90.00,180.00,13.50,CLOSED,0
655413.177,0,0,0,1.000,1.000,1.000,-90.00,180.00,13.50,CLOSED,0
655413.182,0,0,0,1.000,1.000,1.000,-90.00,180.00,13.50,CLOSED,0
655413.186,0,0,0,1.000,1.000,1.000,-90.00,180.00,13.50,CLOSED,0
655413.190,0,0,0,1.000,1.000,1.000,-90.00,180.00,13.50,CLOSED,0
655413.194,0,0,0,1.000,1.000,1.000,-90.00,180.00,13.50,CLOSED,0
655413.199,0,0,0,1.000,1.000,1.000,-90.00,180.00,13.50,CLOSED,0
655413.204,0,0,0,1.000,1.000,1.000,-90.00,180.00,13.50,CLOSED,0
655413.208,0,0,0,1.000,1.000,1.000,-90.00,180.00,13.50,CLOSED,0
655413.213,0,0,0,1.000,1.000,1.000,-90.00,180.00,13.50,CLOSED,0
655413.217,0,0,0,1.000,1.000,1.000,-90.00,180.00,13.50,CLOSED,0
655413.222,0,0,0,1.000,1.000,1.000,-90.00,180.00,13.50,CLOSED,0
655413.229,0,0,0,1.000,1.000,1.000,-90.00,180.00,13.50,CLOSED,0
655413.236,0,0,0,1.000,1.000,1.000,-90.00,180.00,13.50,CLOSED,0
655413.242,0,0,0,1.000,1.000,1.000,-90.00,180.00,13.50,CLOSED,0
655413.248,0,0,0,1.000,1.000,1.000,-90.00,180.00,13.50,CLOSED,0
655413.253,0,0,0,1.000,1.000,1.000,-90.00,180.00,13.50,CLOSED,0
655413.258,0,0,0,1.000,1.000,1.000,-90.00,180.00,13.50,CLOSED,0
655413.263,0,0,0,1.000,1.000,1.000,-90.00,180.00,13.50,CLOSED,0
655413.267,0,0,0,1.000,1.000,1.000,-90.00,180.00,13.50,CLOSED,0
655413.272,0,0,0,1.000,1.000,1.000,-90.00,180.00,13.50,CLOSED,0
655413.276,0,0,0,1.000,1.000,1.000,-90.00,180.00,13.50,CLOSED,0
655413.280,0,0,0,1.000,1.000,1.000,-90.00,180.00,13.50,CLOSED,0
655413.284,0,0,0,1.000,1.000,1.000,-90.00,180.00,13.50,CLOSED,0
655413.289,0,0,0,1.000,1.000,1.000,-90.00,180.00,13.50,CLOSED,0
655413.294,0,0,0,1.000,1.000,1.000,-90.00,180.00,13.50,CLOSED,0
655413.298,0,0,0,1.000,1.000,1.000,-90.00,180.00,13.50,CLOSED,0
655413.303,0,0,0,1.000,1.000,1.000,-90.00,180.00,13.50,CLOSED,0
655413.307,0,0,0,1.000,1.000,1.000,-90.00,180.00,13.50,CLOSED,0
655413.311,0,0,0,1.000,1.000,1.000,-90.00,180.00,13.50,CLOSED,0
655413.314,0,0,0,1.000,1.000,1.000,-90.00,180.00,13.50,CLOSED,0
655413.319,0,0,0,1.000,1.000,1.000,-90.00,180.00,13.50,CLOSED,0
655413.323,0,0,0,1.000,1.000,1.000,-90.00,180.00,13.50,CLOSED,0
655413.327,0,0,0,1.000,1.000,1.000,-90.00,180.00,13.50,CLOSED,0
655413.331,0,0,0,1.000,1.000,1.000,-90.00,180.00,13.50,CLOSED,0
655413.335,0,0,0,1.000,1.000,1.000,-90.00,180.00,13.50,CLOSED,0
655413.340,0,0,0,1.000,1.000,1.000,-90.00,180.00,13.50,CLOSED,0
655413.344,0,0,0,1.000,1.000,1.000,-90.00,180.00,13.50,CLOSED,0
655413.348,0,0,0,1.000,1.000,1.000,-90.00,180.00,13.50,CLOSED,0
655413.352,0,0,0,1.000,1.000,1.000,-90.00,180.00,13.50,CLOSED,0
655413.357,0,0,0,1.000,1.000,1.000,-90.00,180.00,13.50,CLOSED,0
655413.361,0,0,0,1.000,1.000,1.000,-90.00,180.00,13.50,CLOSED,0
655413.364,0,0,0,1.000,1.000,1.000,-90.00,180.00,13.50,CLOSED,0
655413.368,0,0,0,1.000,1.000,1.000,-90.00,180.00,13.50,CLOSED,0
655413.373,0,0,0,1.000,1.000,1.000,-90.00,180.00,13.50,CLOSED,0
655413.377,0,0,0,1.000,1.000,1.000,-90.00,180.00,13.50,CLOSED,0
655413.381,0,0,0,1.000,1.000,1.000,-90.00,180.00,13.50,CLOSED,0
655413.385,0,0,0,1.000,1.000,1.000,-90.00,180.00,13.50,CLOSED,0
655413.389,0,0,0,1.000,1.000,1.000,-90.00,180.00,13.50,CLOSED,0
655413.393,0,0,0,1.000,1.000,1.000,-90.00,180.00,13.50,CLOSED,0
655413.398,0,0,0,1.000,1.000,1.000,-90.00,180.00,13.50,CLOSED,0
655413.402,0,0,0,1.000,1.000,1.000,-90.00,180.00,13.50,CLOSED,0
655413.406,0,0,0,1.000,1.000,1.000,-90.00,180.00,13.50,CLOSED,0
655413.410,0,0,0,1.000,1.000,1.000,-90.00,180.00,13.50,CLOSED,0
655413.414,0,0,0,1.000,1.000,1.000,-90.00,180.00,13.50,CLOSED,0
655413.418,0,0,0,1.000,1.000,1.000,-90.00,180.00,13.50,CLOSED,0
655413.422,0,0,0,1.000,1.000,1.000,-90.00,180.00,13.50,CLOSED,0
655413.426,0,0,0,1.000,1.000,1.000,-90.00,180.00,13.50,CLOSED,0
655413.430,0,0,0,1.000,1.000,1.000,-90.00,180.00,13.50,CLOSED,0
655413.433,0,0,0,1.000,1.000,1.000,-90.00,180.00,13.50,CLOSED,0
655413.437,0,0,0,1.000,1.000,1.000,-90.00,180.00,13.50,CLOSED,0
655413.441,0,0,0,1.000,1.000,1.000,-90.00,180.00,13.50,CLOSED,0
655413.445,0,0,0,1.000,1.000,1.000,-90.00,180.00,13.50,CLOSED,0
655413.450,0,0,0,1.000,1.000,1.000,-90.00,180.00,13.50,CLOSED,0
655413.454,0,0,0,1.000,1.000,1.000,-90.00,180.00,13.50,CLOSED,0
655413.459,0,0,0,1.000,1.000,1.000,-90.00,180.00,13.50,CLOSED,0
655413.462,0,0,0,1.000,1.000,1.000,-90.00,180.00,13.50,CLOSED,0
655413.467,0,0,0,1.000,1.000,1.000,-90.00,180.00,13.50,CLOSED,0
655413.470,0,0,0,1.000,1.000,1.000,-90.00,180.00,13.50,CLOSED,0
655413.474,0,0,0,1.000,1.000,1.000,-90.00,180.00,13.50,CLOSED,0
655413.478,0,0,0,1.000,1.000,1.000,-90.00,180.00,13.50,CLOSED,0
655413.483,0,0,0,1.000,1.000,1.000,-90.00,180.00,13.50,CLOSED,0
655413.487,0,0,0,1.000,1.000,1.000,-90.00,180.00,13.50,CLOSED,0
655413.491,0,0,0,1.000,1.000,1.000,-90.00,180.00,13.50,CLOSED,0
655413.496,0,0,0,1.000,1.000,1.000,-90.00,180.00,13.50,CLOSED,0
655413.500,0,0,0,1.000,1.000,1.000,-90.00,180.00,13.50,CLOSED,0
655413.504,0,0,0,1.000,1.000,1.000,-90.00,180.00,13.50,CLOSED,0
655413.508,0,0,0,1.000,1.000,1.000,-90.00,180.00,13.50,CLOSED,0
655413.512,0,0,0,1.000,1.000,1.000,-90.00,180.00,13.50,CLOSED,0
655413.516,0,0,0,1.000,1.000,1.000,-90.00,180.00,13.50,CLOSED,0
655413.520,0,0,0,1.000,1.000,1.000,-90.00,180.00,13.50,CLOSED,0
655413.526,0,0,0,1.000,1.000,1.000,-90.00,180.00,13.50,CLOSED,0
655413.531,0,0,0,1.000,1.000,1.000,-90.00,180.00,13.50,CLOSED,0
655413.535,0,0,0,1.000,1.000,1.000,-90.00,180.00,13.50,CLOSED,0
655413.539,0,0,0,1.000,1.000,1.000,-90.00,180.00,13.50,CLOSED,0
655413.543,0,0,0,1.000,1.000,1.000,-90.00,180.00,13.50,CLOSED,0
655413.547,0,0,0,1.000,1.000,1.000,-90.00,180.00,13.50,CLOSED,0
655413.551,0,0,0,1.000,1.000,1.000,-90.00,180.00,13.50,CLOSED,0
655413.555,0,0,0,1.000,1.000,1.000,-90.00,180.00,13.50,CLOSED,0
655413.559,0,0,0,1.000,1.000,1.000,-90.00,180.00,13.50,CLOSED,0
655413.563,0,0,0,1.000,1.000,1.000,-90.00,180.00,13.50,CLOSED,0
655413.567,0,0,0,1.000,1.000,1.000,-90.00,180.00,13.50,CLOSED,0
655413.572,0,0,0,1.000,1.000,1.000,-90.00,180.00,13.50,CLOSED,0
655413.577,0,0,0,1.000,1.000,1.000,-90.00,180.00,13.50,CLOSED,0
655413.581,0,0,0,1.000,1.000,1.000,-90.00,180.00,13.50,CLOSED,0
655413.586,0,0,0,1.000,1.000,1.000,-90.00,180.00,13.50,CLOSED,0
655413.591,0,0,0,1.000,1.000,1.000,-90.00,180.00,13.50,CLOSED,0
655413.595,0,0,0,1.000,1.000,1.000,-90.00,180.00,13.50,CLOSED,0
655413.600,0,0,0,1.000,1.000,1.000,-90.00,180.00,13.50,CLOSED,0
655413.605,0,0,0,1.000,1.000,1.000,-90.00,180.00,13.50,CLOSED,0
655413.609,0,0,0,1.000,1.000,1.000,-90.00,180.00,13.50,CLOSED,0
655413.613,0,0,0,1.000,1.000,1.000,-90.00,180.00,13.50,CLOSED,0
655413.617,0,0,0,1.000,1.000,1.000,-90.00,180.00,13.50,CLOSED,0
655413.621,0,0,0,1.000,1.000,1.000,-90.00,180.00,13.50,CLOSED,0
655413.625,0,0,0,1.000,1.000,1.000,-90.00,180.00,13.50,CLOSED,0
655413.629,0,0,0,1.000,1.000,1.000,-90.00,180.00,13.50,CLOSED,0
655413.633,0,0,0,1.000,1.000,1.000,-90.00,180.00,13.50,CLOSED,0
655413.637,0,0,0,1.000,1.000,1.000,-90.00,180.00,13.50,CLOSED,0
655413.641,0,0,0,1.000,1.000,1.000,-90.00,180.00,13.50,CLOSED,0
655413.645,0,0,0,1.000,1.000,1.000,-90.00,180.00,13.50,CLOSED,0
655413.649,0,0,0,1.000,1.000,1.000,-90.00,180.00,13.50,CLOSED,0
655413.653,0,0,0,1.000,1.000,1.000,-90.00,180.00,13.50,CLOSED,0
655413.657,0,0,0,1.000,1.000,1.000,-90.00,180.00,13.50,CLOSED,0
655413.661,0,0,0,1.000,1.000,1.000,-90.00,180.00,13.50,CLOSED,0
655413.665,0,0,0,1.000,1.000,1.000,-90.00,180.00,13.50,CLOSED,0
655413.669,0,0,0,1.000,1.000,1.000,-90.00,180.00,13.50,CLOSED,0
655413.673,0,0,0,1.000,1.000,1.000,-90.00,180.00,13.50,CLOSED,0
655413.677,0,0,0,1.000,1.000,1.000,-90.00,180.00,13.50,CLOSED,0
655413.681,0,0,0,1.000,1.000,1.000,-90.00,180.00,13.50,CLOSED,0
655413.685,0,0,0,1.000,1.000,1.000,-90.00,180.00,13.50,CLOSED,0
655413.689,0,0,0,1.000,1.000,1.000,-90.00,180.00,13.50,CLOSED,0
655413.694,0,0,0,1.000,1.000,1.000,-90.00,180.00,13.50,CLOSED,0
655413.699,0,0,0,1.000,1.000,1.000,-90.00,180.00,13.50,CLOSED,0
655413.703,0,0,0,1.000,1.000,1.000,-90.00,180.00,13.50,CLOSED,0
655413.707,0,0,0,1.000,1.000,1.000,-90.00,180.00,13.50,CLOSED,0
655413.711,0,0,0,1.000,1.000,1.000,-90.00,180.00,13.50,CLOSED,0
655413.715,0,0,0,1.000,1.000,1.000,-90.00,180.00,13.50,CLOSED,0
655413.719,0,0,0,1.000,1.000,1.000,-90.00,180.00,13.50,CLOSED,0
655413.723,0,0,0,1.000,1.000,1.000,-90.00,180.00,13.50,CLOSED,0
655413.728,0,0,0,1.000,1.000,1.000,-90.00,180.00,13.50,CLOSED,0
655413.732,0,0,0,1.000,1.000,1.000,-90.00,180.00,13.50,CLOSED,0
655413.736,0,0,0,1.000,1.000,1.000,-90.00,180.00,13.50,CLOSED,0
655413.740,0,0,0,1.000,1.000,1.000,-90.00,180.00,13.50,CLOSED,0
655413.745,0,0,0,0.999,1.000,1.000,-90.00,180.00,13.50,CLOSED,0
655413.751,0,0,0,1.000,1.000,1.000,-90.00,180.00,13.50,CLOSED,0
655413.756,0,0,0,1.000,1.000,1.000,-90.00,180.00,13.50,CLOSED,0
655413.761,0,0,0,1.000,1.000,1.000,-90.00,180.00,13.50,CLOSED,0
655413.766,0,0,0,1.000,1.000,1.000,-90.00,180.00,13.50,CLOSED,0
655413.770,0,0,0,1.000,1.000,1.000,-90.00,180.00,13.50,CLOSED,0
655413.775,0,0,0,1.000,0.999,1.000,-90.00,180.00,13.50,CLOSED,0
655413.779,0,0,0,1.000,0.993,1.000,-90.00,180.00,13.50,CLOSED,0
655413.783,0,0,0,1.000,0.944,1.000,-90.00,180.00,13.50,CLOSED,0
655413.788,0,0,0,1.000,0.554,1.000,-90.00,180.00,13.50,CLOSED,0
655413.792,0,0,0,1.000,0.937,0.999,-90.00,180.00,13.50,CLOSED,0
655413.797,0,0,0,1.000,0.995,0.999,-90.00,180.00,13.50,CLOSED,0
655413.801,0,0,0,1.000,0.999,0.998,-90.00,180.00,13.50,CLOSED,0
655413.806,0,0,0,1.000,1.000,0.998,-90.00,180.00,13.50,CLOSED,0
655413.810,0,0,0,1.000,0.999,0.997,-90.00,180.00,13.50,CLOSED,0
655413.815,0,0,0,1.000,0.999,0.995,-90.00,180.00,13.50,CLOSED,0
655413.820,0,0,0,1.000,0.995,0.988,-90.00,180.00,13.50,CLOSED,0
655413.824,0,0,0,1.000,0.895,0.916,-90.00,180.00,13.50,CLOSED,0
655413.828,0,0,0,1.000,0.600,0.781,-90.00,180.00,13.50,CLOSED,0
655413.832,0,0,0,1.000,0.842,0.606,-90.00,180.00,13.50,CLOSED,0
655413.837,0,0,0,1.000,0.938,0.501,-90.00,180.00,13.50,CLOSED,0
655413.841,0,1,0,1.000,0.966,0.530,-90.00,90.00,13.50,CLOSED,1
655413.846,0,1,0,1.000,0.974,0.539,-90.00,90.00,13.50,CLOSED,0
655413.850,0,1,0,1.000,0.978,0.571,-90.00,90.00,13.50,CLOSED,0
655413.854,0,1,0,1.000,0.982,0.539,-90.00,90.00,13.50,CLOSED,0
655413.859,0,1,0,1.000,0.983,0.510,-90.00,90.00,13.50,CLOSED,0
655413.863,0,1,0,1.000,0.984,0.532,-90.00,90.00,13.50,CLOSED,0
655413.867,0,1,0,1.000,0.984,0.579,-90.00,90.00,13.50,CLOSED,0
655413.872,0,1,0,1.000,0.978,0.613,-90.00,90.00,13.50,CLOSED,0
655413.876,0,0,0,1.000,0.947,0.627,-90.00,180.00,13.50,CLOSED,0
655413.880,0,0,0,1.000,0.871,0.649,-90.00,180.00,13.50,CLOSED,0
655413.884,0,0,0,1.000,0.685,0.651,-90.00,180.00,13.50,CLOSED,0
655413.889,0,0,0,1.000,0.615,0.687,-90.00,180.00,13.50,CLOSED,0
655413.893,0,0,0,1.000,0.866,0.726,-90.00,180.00,13.50,CLOSED,0
655413.898,0,0,0,1.000,0.949,0.799,-90.00,180.00,13.50,CLOSED,0
655413.904,0,0,0,1.000,0.977,0.857,-90.00,180.00,13.50,CLOSED,0
655413.910,0,0,0,1.000,0.985,0.864,-90.00,180.00,13.50,CLOSED,0
655413.914,0,0,0,1.000,0.984,0.907,-90.00,180.00,13.50,CLOSED,0
655413.919,0,0,0,1.000,0.985,0.912,-90.00,180.00,13.50,CLOSED,0
655413.923,0,0,0,1.000,0.976,0.936,-90.00,180.00,13.50,CLOSED,0
655413.928,0,0,0,1.000,0.973,0.953,-90.00,180.00,13.50,CLOSED,0
655413.933,0,0,0,1.000,0.966,0.964,-90.00,180.00,13.50,CLOSED,0
655413.937,0,0,0,1.000,0.941,0.971,-90.00,180.00,13.50,CLOSED,0
655413.942,0,0,0,1.000,0.900,0.974,-90.00,180.00,13.50,CLOSED,1
655413.947,0,0,0,1.000,0.848,0.970,-90.00,180.00,13.50,CLOSED,0
655413.951,0,0,0,1.000,0.823,0.964,-90.00,180.00,13.50,CLOSED,0
655413.956,0,0,0,1.000,0.781,0.959,-90.00,180.00,13.50,CLOSED,0
655413.960,0,0,0,1.000,0.816,0.939,-90.00,180.00,13.50,CLOSED,0
655413.964,0,0,0,1.000,0.879,0.892,-90.00,180.00,13.50,CLOSED,0
655413.968,0,0,0,1.000,0.916,0.787,-90.00,180.00,13.50,CLOSED,0
655413.973,0,0,0,1.000,0.901,0.666,-90.00,180.00,13.50,CLOSED,0
655413.977,0,0,0,1.000,0.895,0.519,-90.00,180.00,13.50,CLOSED,0
655413.982,0,0,0,1.000,0.871,0.590,-90.00,180.00,13.50,CLOSED,0
655413.986,0,0,0,1.000,0.827,0.660,-90.00,180.00,13.50,CLOSED,0
655413.992,0,0,0,1.000,0.794,0.718,-90.00,180.00,13.50,CLOSED,0
655413.996,0,0,0,1.000,0.791,0.702,-90.00,180.00,13.50,CLOSED,0
655414.000,0,0,0,1.000,0.748,0.616,-90.00,180.00,13.50,CLOSED,0
655414.005,0,0,0,1.000,0.760,0.533,-90.00,180.00,13.50,CLOSED,0
655414.010,0,0,0,1.000,0.807,0.644,-90.00,180.00,13.50,CLOSED,0
655414.014,0,0,0,1.000,0.840,0.762,-90.00,180.00,13.50,CLOSED,0
655414.020,0,0,0,1.000,0.862,0.838,-90.00,180.00,13.50,CLOSED,0
655414.025,0,0,0,1.000,0.853,0.881,-90.00,180.00,13.50,CLOSED,0
655414.030,0,0,0,1.000,0.833,0.896,-90.00,180.00,13.50,CLOSED,0
655414.035,0,0,0,1.000,0.759,0.903,-90.00,180.00,13.50,CLOSED,0
655414.039,0,0,0,1.000,0.753,0.896,-90.00,180.00,13.50,CLOSED,0
655414.044,0,0,0,1.000,0.724,0.883,-90.00,180.00,13.50,CLOSED,0
655414.049,0,0,0,1.000,0.749,0.868,-90.00,180.00,13.50,CLOSED,0
655414.053,0,0,0,1.000,0.769,0.873,-90.00,180.00,13.50,CLOSED,0
655414.057,0,0,0,1.000,0.803,0.898,-90.00,180.00,13.50,CLOSED,0
655414.061,0,0,0,1.000,0.819,0.913,-90.00,180.00,13.50,CLOSED,0
655414.065,0,0,0,1.000,0.796,0.940,-90.00,180.00,13.50,CLOSED,0
655414.070,0,0,0,1.000,0.765,0.953,-90.00,180.00,13.50,CLOSED,0
655414.074,0,0,0,1.000,0.728,0.955,-90.00,180.00,13.50,CLOSED,0
655414.079,0,0,0,1.000,0.636,0.953,-90.00,180.00,13.50,CLOSED,0
655414.083,0,0,0,1.000,0.605,0.939,-90.00,180.00,13.50,CLOSED,0
655414.087,0,0,0,1.000,0.609,0.898,-90.00,180.00,13.50,CLOSED,0
655414.091,0,0,0,1.000,0.531,0.844,-90.00,180.00,13.50,CLOSED,0
655414.096,0,0,0,1.000,0.643,0.760,-90.00,180.00,13.50,CLOSED,0
655414.100,0,0,0,1.000,0.737,0.762,-90.00,180.00,13.50,CLOSED,0
655414.104,0,0,0,1.000,0.824,0.809,-90.00,180.00,13.50,CLOSED,0
655414.109,0,0,0,1.000,0.888,0.838,-90.00,180.00,13.50,CLOSED,0
655414.114,0,0,0,1.000,0.940,0.877,-90.00,180.00,13.50,CLOSED,0
655414.119,0,0,0,1.000,0.967,0.923,-90.00,180.00,13.50,CLOSED,0
655414.123,0,0,0,1.000,0.986,0.926,-90.00,180.00,13.50,CLOSED,0
655414.127,0,0,0,1.000,0.992,0.909,-90.00,180.00,13.50,CLOSED,0
655414.131,0,0,0,1.000,0.992,0.887,-90.00,180.00,13.50,CLOSED,0
655414.135,0,0,0,1.000,0.994,0.804,-90.00,180.00,13.50,CLOSED,0
655414.140,0,0,0,1.000,0.992,0.700,-90.00,180.00,13.50,CLOSED,0
655414.145,0,0,0,1.000,0.993,0.559,-90.00,180.00,13.50,CLOSED,0
655414.149,0,0,0,1.000,0.990,0.648,-90.00,180.00,13.50,CLOSED,0
655414.154,0,0,0,1.000,0.978,0.798,-90.00,180.00,13.50,CLOSED,0
655414.158,0,0,0,1.000,0.946,0.861,-90.00,180.00,13.50,CLOSED,0
655414.164,0,0,0,1.000,0.899,0.900,-90.00,180.00,13.50,CLOSED,0
655414.168,0,0,0,1.000,0.851,0.880,-90.00,180.00,13.50,CLOSED,0
655414.172,0,0,0,1.000,0.862,0.855,-90.00,180.00,13.50,CLOSED,0
655414.176,0,0,0,1.000,0.868,0.804,-90.00,180.00,13.50,CLOSED,0
655414.180,0,0,0,1.000,0.925,0.691,-90.00,180.00,13.50,CLOSED,0
655414.184,0,0,0,1.000,0.939,0.588,-90.00,180.00,13.50,CLOSED,0
655414.189,0,0,0,1.000,0.971,0.533,-90.00,180.00,13.50,CLOSED,0
655414.193,0,0,0,1.000,0.982,0.669,-90.00,180.00,13.50,CLOSED,0
655414.197,0,0,0,1.000,0.987,0.739,-90.00,180.00,13.50,CLOSED,0
655414.202,0,0,0,1.000,0.990,0.792,-90.00,180.00,13.50,CLOSED,0
655414.206,0,0,0,1.000,0.990,0.843,-90.00,180.00,13.50,CLOSED,0
655414.212,0,0,0,1.000,0.991,0.833,-90.00,180.00,13.50,CLOSED,0
655414.216,0,0,1,1.000,0.989,0.873,0.00,180.00,13.50,CLOSED,1
655414.221,0,0,1,1.000,0.992,0.870,0.00,180.00,13.50,CLOSED,0
655414.225,0,0,1,1.000,0.991,0.862,0.00,180.00,13.50,CLOSED,0
655414.228,0,0,1,1.000,0.989,0.870,0.00,180.00,13.50,CLOSED,0
655414.232,0,0,1,1.000,0.983,0.882,0.00,180.00,13.50,CLOSED,0
655414.236,0,0,0,1.000,0.974,0.888,-90.00,180.00,13.50,CLOSED,0
655414.240,0,0,0,1.000,0.940,0.924,-90.00,180.00,13.50,CLOSED,0
655414.244,0,0,0,1.000,0.867,0.944,-90.00,180.00,13.50,CLOSED,0
655414.248,0,0,0,1.000,0.750,0.968,-90.00,180.00,13.50,CLOSED,0
655414.252,0,0,0,1.000,0.622,0.987,-90.00,180.00,13.50,CLOSED,0
655414.256,0,0,0,1.000,0.822,0.996,-90.00,180.00,13.50,CLOSED,0
655414.261,0,0,0,1.000,0.906,0.998,-90.00,180.00,13.50,CLOSED,0
655414.266,0,0,0,1.000,0.970,0.999,-90.00,180.00,13.50,CLOSED,0
655414.271,0,0,0,1.000,0.987,1.000,-90.00,180.00,13.50,CLOSED,0
655414.277,0,1,0,1.000,0.995,1.000,-90.00,90.00,13.50,CLOSED,0
655414.282,0,1,0,1.000,0.997,1.000,-90.00,90.00,13.50,CLOSED,0
655414.286,0,1,0,1.000,0.999,1.000,-90.00,90.00,13.50,CLOSED,0
655414.290,0,1,0,1.000,1.000,1.000,-90.00,90.00,13.50,CLOSED,0
655414.294,0,1,0,0.998,1.000,1.000,-90.00,90.00,13.50,CLOSED,0
655414.298,0,1,0,0.998,1.000,1.000,-90.00,90.00,13.50,CLOSED,0
655414.302,0,0,0,0.995,1.000,1.000,-90.00,180.00,13.50,CLOSED,0
655414.306,0,0,0,0.991,1.000,1.000,-90.00,180.00,13.50,CLOSED,0
655414.310,0,0,0,0.990,1.000,1.000,-90.00,180.00,13.50,CLOSED,0
655414.315,0,0,0,0.986,1.000,1.000,-90.00,180.00,13.50,CLOSED,0
655414.318,0,0,0,0.939,1.000,1.000,-90.00,180.00,13.50,CLOSED,1
655414.322,0,0,0,0.927,1.000,1.000,-90.00,180.00,13.50,CLOSED,0
655414.326,0,0,0,0.946,1.000,1.000,-90.00,180.00,13.50,CLOSED,0
655414.330,0,0,0,0.933,1.000,1.000,-90.00,180.00,13.50,CLOSED,0
655414.334,0,0,0,0.966,1.000,1.000,-90.00,180.00,13.50,CLOSED,0
655414.338,0,0,0,0.971,1.000,1.000,-90.00,180.00,13.50,CLOSED,0
655414.343,0,0,0,0.955,1.000,1.000,-90.00,180.00,13.50,CLOSED,0
655414.347,0,0,0,0.969,1.000,1.000,-90.00,180.00,13.50,CLOSED,0
655414.352,0,0,0,0.976,1.000,1.000,-90.00,180.00,13.50,CLOSED,0
655414.356,0,0,0,0.976,1.000,1.000,-90.00,180.00,13.50,CLOSED,0
655414.360,0,0,0,0.977,1.000,1.000,-90.00,180.00,13.50,CLOSED,0
655414.365,0,0,0,0.970,1.000,1.000,-90.00,180.00,13.50,CLOSED,0
655414.369,0,0,0,0.961,1.000,1.000,-90.00,180.00,13.50,CLOSED,0
655414.373,0,0,0,0.980,1.000,1.000,-90.00,180.00,13.50,CLOSED,0
655414.377,0,0,0,0.996,1.000,1.000,-90.00,180.00,13.50,CLOSED,0
655414.382,0,0,0,0.992,1.000,1.000,-90.00,180.00,13.50,CLOSED,0
655414.386,0,0,0,0.993,1.000,1.000,-90.00,180.00,13.50,CLOSED,0
655414.390,0,0,0,0.994,1.000,1.000,-90.00,180.00,13.50,CLOSED,0
655414.395,0,0,0,0.992,1.000,1.000,-90.00,180.00,13.50,CLOSED,0
655414.399,0,0,0,0.991,1.000,1.000,-90.00,180.00,13.50,CLOSED,0
655414.403,0,0,0,0.993,1.000,1.000,-90.00,180.00,13.50,CLOSED,0
655414.407,0,0,0,0.990,1.000,1.000,-90.00,180.00,13.50,CLOSED,0
655414.411,0,0,0,0.990,1.000,1.000,-90.00,180.00,13.50,CLOSED,0
655414.416,0,0,0,0.993,1.000,1.000,-90.00,180.00,13.50,CLOSED,0
655414.421,0,0,0,0.992,1.000,1.000,-90.00,180.00,13.50,CLOSED,0
655414.425,0,0,0,0.988,1.000,1.000,-90.00,180.00,13.50,CLOSED,0
655414.430,0,0,0,0.992,1.000,1.000,-90.00,180.00,13.50,CLOSED,0
655414.434,0,0,0,0.999,1.000,1.000,-90.00,180.00,13.50,CLOSED,0
655414.437,0,0,0,1.000,1.000,1.000,-90.00,180.00,13.50,CLOSED,0
655414.441,0,0,0,1.000,1.000,1.000,-90.00,180.00,13.50,CLOSED,0
655414.445,0,0,0,1.000,1.000,1.000,-90.00,180.00,13.50,CLOSED,0
655414.449,0,0,0,1.000,1.000,1.000,-90.00,180.00,13.50,CLOSED,0
655414.453,0,0,0,1.000,1.000,1.000,-90.00,180.00,13.50,CLOSED,0
655414.457,0,0,0,1.000,1.000,1.000,-90.00,180.00,13.50,CLOSED,0
655414.460,0,0,0,1.000,1.000,1.000,-90.00,180.00,13.50,CLOSED,0
655414.464,0,0,0,1.000,1.000,1.000,-90.00,180.00,13.50,CLOSED,0
655414.468,0,0,0,1.000,1.000,1.000,-90.00,180.00,13.50,CLOSED,0
655414.474,0,0,0,1.000,1.000,1.000,-90.00,180.00,13.50,CLOSED,0
655414.478,0,0,0,1.000,1.000,1.000,-90.00,180.00,13.50,CLOSED,0
655414.482,0,0,0,1.000,1.000,1.000,-90.00,180.00,13.50,CLOSED,0
655414.486,0,0,0,1.000,1.000,1.000,-90.00,180.00,13.50,CLOSED,0
655414.490,0,0,0,0.960,1.000,1.000,-90.00,180.00,13.50,CLOSED,0
655414.494,0,0,0,0.952,1.000,1.000,-90.00,180.00,13.50,CLOSED,0
655414.499,0,0,0,0.970,1.000,1.000,-90.00,180.00,13.50,CLOSED,0
655414.503,0,0,0,0.986,1.000,1.000,-90.00,180.00,13.50,CLOSED,0
655414.508,0,0,0,0.994,1.000,1.000,-90.00,180.00,13.50,CLOSED,0
655414.512,0,0,0,0.999,1.000,1.000,-90.00,180.00,13.50,CLOSED,0
655414.517,0,0,0,1.000,1.000,1.000,-90.00,180.00,13.50,CLOSED,0
655414.521,0,0,0,1.000,1.000,1.000,-90.00,180.00,13.50,CLOSED,0
655414.526,0,0,0,1.000,1.000,1.000,-90.00,180.00,13.50,CLOSED,0
655414.531,0,0,0,1.000,1.000,1.000,-90.00,180.00,13.50,CLOSED,0
655414.535,0,0,0,1.000,1.000,1.000,-90.00,180.00,13.50,CLOSED,0
655414.539,0,0,0,1.000,1.000,1.000,-90.00,180.00,13.50,CLOSED,0
655414.543,0,0,0,1.000,1.000,1.000,-90.00,180.00,13.50,CLOSED,0
655414.547,0,0,0,1.000,1.000,1.000,-90.00,180.00,13.50,CLOSED,0
655414.551,0,0,0,1.000,1.000,1.000,-90.00,180.00,13.50,CLOSED,0
655414.555,0,0,0,1.000,1.000,1.000,-90.00,180.00,13.50,CLOSED,0
655414.559,0,0,0,1.000,1.000,1.000,-90.00,180.00,13.50,CLOSED,0
655414.563,0,0,0,1.000,1.000,1.000,-90.00,180.00,13.50,CLOSED,0
655414.567,0,0,0,1.000,1.000,1.000,-90.00,180.00,13.50,CLOSED,0
655414.571,0,0,0,1.000,1.000,1.000,-90.00,180.00,13.50,CLOSED,0
655414.575,0,0,0,1.000,1.000,1.000,-90.00,180.00,13.50,CLOSED,0
655414.579,0,0,0,1.000,1.000,1.000,-90.00,180.00,13.50,CLOSED,0
655414.583,0,0,0,1.000,1.000,1.000,-90.00,180.00,13.50,CLOSED,0
655414.588,0,0,0,1.000,1.000,1.000,-90.00,180.00,13.50,CLOSED,0
655414.592,0,0,0,1.000,1.000,1.000,-90.00,180.00,13.50,CLOSED,0
655414.596,0,0,0,1.000,1.000,1.000,-90.00,180.00,13.50,CLOSED,0
655414.601,0,0,0,1.000,1.000,1.000,-90.00,180.00,13.50,CLOSED,0
655414.606,0,0,0,1.000,1.000,1.000,-90.00,180.00,13.50,CLOSED,0
655414.610,0,0,0,1.000,1.000,1.000,-90.00,180.00,13.50,CLOSED,0
655414.614,0,0,0,1.000,1.000,1.000,-90.00,180.00,13.50,CLOSED,0
655414.618,0,0,0,1.000,1.000,1.000,-90.00,180.00,13.50,CLOSED,0
655414.622,0,0,0,1.000,1.000,1.000,-90.00,180.00,13.50,CLOSED,0
655414.626,0,0,0,1.000,1.000,1.000,-90.00,180.00,13.50,CLOSED,0
655414.630,0,0,0,1.000,1.000,1.000,-90.00,180.00,13.50,CLOSED,0
655414.634,0,0,0,1.000,1.000,1.000,-90.00,180.00,13.50,CLOSED,0
655414.638,0,0,0,1.000,1.000,1.000,-90.00,180.00,13.50,CLOSED,0
655414.642,0,0,0,1.000,1.000,1.000,-90.00,180.00,13.50,CLOSED,0
655414.646,0,0,0,1.000,1.000,1.000,-90.00,180.00,13.50,CLOSED,0
655414.650,0,0,0,1.000,1.000,1.000,-90.00,180.00,13.50,CLOSED,0
655414.654,0,0,0,1.000,1.000,1.000,-90.00,180.00,13.50,CLOSED,0
655414.658,0,0,0,1.000,1.000,1.000,-90.00,180.00,13.50,CLOSED,0
655414.662,0,0,0,1.000,1.000,1.000,-90.00,180.00,13.50,CLOSED,0
655414.666,0,0,0,1.000,1.000,1.000,-90.00,180.00,13.50,CLOSED,0
655414.670,0,0,0,1.000,1.000,1.000,-90.00,180.00,13.50,CLOSED,0
655414.674,0,0,0,1.000,1.000,1.000,-90.00,180.00,13.50,CLOSED,0
655414.677,0,0,0,1.000,1.000,1.000,-90.00,180.00,13.50,CLOSED,0
655414.681,0,0,0,1.000,1.000,1.000,-90.00,180.00,13.50,CLOSED,0
655414.685,0,0,0,1.000,1.000,1.000,-90.00,180.00,13.50,CLOSED,0
655414.689,0,0,0,1.000,1.000,1.000,-90.00,180.00,13.50,CLOSED,0
655414.694,0,0,0,1.000,1.000,1.000,-90.00,180.00,13.50,CLOSED,0
655414.698,0,0,0,1.000,1.000,1.000,-90.00,180.00,13.50,CLOSED,0
655414.702,0,0,0,1.000,1.000,1.000,-90.00,180.00,13.50,CLOSED,0
655414.707,0,0,0,1.000,1.000,1.000,-90.00,180.00,13.50,CLOSED,0
655414.711,0,0,0,1.000,1.000,1.000,-90.00,180.00,13.50,CLOSED,0
655414.715,0,0,0,1.000,1.000,1.000,-90.00,180.00,13.50,CLOSED,0
655414.720,0,0,0,1.000,1.000,1.000,-90.00,180.00,13.50,CLOSED,0
655414.725,0,0,0,1.000,1.000,1.000,-90.00,180.00,13.50,CLOSED,0
655414.729,0,0,0,1.000,1.000,1.000,-90.00,180.00,13.50,CLOSED,0
655414.733,0,0,0,1.000,1.000,1.000,-90.00,180.00,13.50,CLOSED,0
655414.737,0,0,0,1.000,1.000,1.000,-90.00,180.00,13.50,CLOSED,0
655414.741,0,0,0,1.000,1.000,1.000,-90.00,180.00,13.50,CLOSED,0
655414.746,0,0,0,1.000,1.000,1.000,-90.00,180.00,13.50,CLOSED,0
655414.750,0,0,0,1.000,1.000,1.000,-90.00,180.00,13.50,CLOSED,0
655414.755,0,0,0,1.000,1.000,1.000,-90.00,180.00,13.50,CLOSED,0
655414.760,0,0,0,1.000,1.000,1.000,-90.00,180.00,13.50,CLOSED,0
655414.765,0,0,0,1.000,1.000,1.000,-90.00,180.00,13.50,CLOSED,0
655414.770,0,0,0,1.000,1.000,1.000,-90.00,180.00,13.50,CLOSED,0
655414.775,0,0,0,1.000,1.000,1.000,-90.00,180.00,13.50,CLOSED,0
655414.779,0,0,0,1.000,1.000,1.000,-90.00,180.00,13.50,CLOSED,0
655414.783,0,0,0,1.000,1.000,1.000,-90.00,180.00,13.50,CLOSED,0
655414.787,0,0,0,1.000,1.000,1.000,-90.00,180.00,13.50,CLOSED,0
655414.791,0,0,0,1.000,1.000,1.000,-90.00,180.00,13.50,CLOSED,0
655414.796,0,0,0,1.000,1.000,1.000,-90.00,180.00,13.50,CLOSED,0
655414.800,0,0,0,1.000,1.000,1.000,-90.00,180.00,13.50,CLOSED,0
655414.804,0,0,0,1.000,1.000,1.000,-90.00,180.00,13.50,CLOSED,0
655414.809,0,0,0,1.000,1.000,1.000,-90.00,180.00,13.50,CLOSED,0
655414.814,0,0,0,1.000,1.000,1.000,-90.00,180.00,13.50,CLOSED,0
655414.818,0,0,0,1.000,1.000,1.000,-90.00,180.00,13.50,CLOSED,0
655414.822,0,0,0,1.000,1.000,1.000,-90.00,180.00,13.50,CLOSED,0
655414.826,0,0,0,1.000,1.000,1.000,-90.00,180.00,13.50,CLOSED,0
655414.831,0,0,0,1.000,1.000,1.000,-90.00,180.00,13.50,CLOSED,0
655414.835,0,0,0,1.000,1.000,1.000,-90.00,180.00,13.50,CLOSED,0
655414.840,0,0,0,1.000,1.000,1.000,-90.00,180.00,13.50,CLOSED,0
655414.846,0,0,0,1.000,1.000,1.000,-90.00,180.00,13.50,CLOSED,0
655414.851,0,0,0,1.000,1.000,1.000,-90.00,180.00,13.50,CLOSED,0
655414.856,0,0,0,1.000,1.000,1.000,-90.00,180.00,13.50,CLOSED,0
655414.860,0,0,0,1.000,1.000,1.000,-90.00,180.00,13.50,CLOSED,0
655414.864,0,0,0,1.000,1.000,1.000,-90.00,180.00,13.50,CLOSED,0
655414.868,0,0,0,1.000,1.000,1.000,-90.00,180.00,13.50,CLOSED,0
655414.872,0,0,0,1.000,1.000,1.000,-90.00,180.00,13.50,CLOSED,0
655414.876,0,0,0,1.000,1.000,1.000,-90.00,180.00,13.50,CLOSED,0
655414.880,0,0,0,0.876,1.000,1.000,-90.00,180.00,13.50,CLOSED,0
655414.884,0,0,0,0.474,1.000,1.000,-90.00,180.00,13.50,CLOSED,0
655414.888,0,0,0,0.707,1.000,1.000,-90.00,180.00,13.50,CLOSED,0
655414.891,0,0,0,0.774,1.000,1.000,-90.00,180.00,13.50,CLOSED,0
655414.895,0,0,0,0.533,1.000,1.000,-90.00,180.00,13.50,CLOSED,0
655414.899,0,0,0,0.813,1.000,1.000,-90.00,180.00,13.50,CLOSED,0
655414.903,0,0,0,0.967,1.000,1.000,-90.00,180.00,13.50,CLOSED,0
655414.907,0,0,0,0.992,1.000,1.000,-90.00,180.00,13.50,CLOSED,0
655414.911,0,0,0,0.998,1.000,1.000,-90.00,180.00,13.50,CLOSED,0
655414.915,0,0,0,0.999,1.000,1.000,-90.00,180.00,13.50,CLOSED,0
655414.919,0,0,0,1.000,1.000,1.000,-90.00,180.00,13.50,CLOSED,0
655414.924,0,0,0,1.000,1.000,1.000,-90.00,180.00,13.50,CLOSED,0
655414.928,0,0,0,1.000,1.000,1.000,-90.00,180.00,13.50,CLOSED,0
655414.932,0,0,0,0.999,1.000,1.000,-90.00,180.00,13.50,CLOSED,0
655414.936,0,0,0,0.999,1.000,1.000,-90.00,180.00,13.50,CLOSED,0
655414.941,3,0,0,0.997,1.000,1.000,-90.00,180.00,13.50,OPEN,0
655414.946,3,0,0,0.995,1.000,1.000,-90.00,180.00,13.50,OPEN,0
655414.951,3,0,0,0.993,1.000,1.000,-90.00,180.00,13.50,OPEN,0
655414.955,3,0,0,0.991,1.000,1.000,-90.00,180.00,13.50,OPEN,0
655414.960,3,0,0,0.995,1.000,1.000,-90.00,180.00,13.50,OPEN,0
655414.965,3,0,0,0.998,1.000,1.000,-90.00,180.00,13.50,OPEN,0
655414.971,3,0,0,1.000,1.000,1.000,-90.00,180.00,13.50,OPEN,0
655414.976,3,0,0,1.000,1.000,1.000,-90.00,180.00,13.50,OPEN,0
655414.981,3,0,0,1.000,1.000,1.000,-90.00,180.00,13.50,OPEN,0
655414.986,3,0,0,1.000,1.000,1.000,-90.00,180.00,13.50,OPEN,0
655414.991,3,0,0,1.000,1.000,1.000,-90.00,180.00,13.50,OPEN,0
655414.995,3,0,0,1.000,1.000,1.000,-90.00,180.00,13.50,OPEN,0
655415.000,3,0,0,1.000,1.000,1.000,-90.00,180.00,13.50,OPEN,0
655415.004,3,0,0,1.000,1.000,1.000,-90.00,180.00,13.50,OPEN,0
655415.008,3,0,0,1.000,1.000,1.000,-90.00,180.00,13.50,OPEN,0
655415.011,3,0,0,1.000,1.000,1.000,-90.00,180.00,13.50,OPEN,0
655415.015,3,0,0,1.000,1.000,1.000,-90.00,180.00,13.50,OPEN,0
655415.019,3,0,0,1.000,1.000,1.000,-90.00,180.00,13.50,OPEN,0
655415.023,3,0,0,1.000,1.000,1.000,-90.00,180.00,13.50,OPEN,0
655415.027,3,0,0,1.000,1.000,1.000,-90.00,180.00,13.50,OPEN,0
655415.031,3,0,0,1.000,1.000,1.000,-90.00,180.00,13.50,OPEN,0
655415.035,3,0,0,1.000,1.000,1.000,-90.00,180.00,13.50,OPEN,0
655415.039,3,0,0,1.000,1.000,1.000,-90.00,180.00,13.50,OPEN,0
655415.043,3,0,0,1.000,1.000,1.000,-90.00,180.00,13.50,OPEN,0
655415.047,3,0,0,1.000,1.000,1.000,-90.00,180.00,13.50,OPEN,0
655415.051,3,0,0,1.000,1.000,1.000,-90.00,180.00,13.50,OPEN,0
655415.055,3,0,0,1.000,1.000,1.000,-90.00,180.00,13.50,OPEN,0
655415.058,3,0,0,1.000,1.000,1.000,-90.00,180.00,13.50,OPEN,0
655415.062,3,0,0,1.000,1.000,1.000,-90.00,180.00,13.50,OPEN,0
655415.067,3,0,0,1.000,1.000,1.000,-90.00,180.00,13.50,OPEN,0
655415.073,3,0,0,1.000,1.000,1.000,-90.00,180.00,13.50,OPEN,0
655415.079,3,0,0,1.000,1.000,1.000,-90.00,180.00,13.50,OPEN,0
655415.083,3,0,0,1.000,1.000,1.000,-90.00,180.00,13.50,OPEN,0
655415.088,3,0,0,1.000,1.000,1.000,-90.00,180.00,13.50,OPEN,0
655415.093,3,0,0,1.000,1.000,1.000,-90.00,180.00,13.50,OPEN,0
655415.098,3,0,0,1.000,1.000,1.000,-90.00,180.00,13.50,OPEN,0
655415.102,3,0,0,1.000,1.000,1.000,-90.00,180.00,13.50,OPEN,0
655415.106,3,0,0,1.000,1.000,1.000,-90.00,180.00,13.50,OPEN,0
655415.110,3,0,0,1.000,1.000,1.000,-90.00,180.00,13.50,OPEN,0
655415.114,3,0,0,1.000,1.000,1.000,-90.00,180.00,13.50,OPEN,0
655415.118,3,0,0,1.000,1.000,1.000,-90.00,180.00,13.50,OPEN,0
655415.122,3,0,0,1.000,1.000,1.000,-90.00,180.00,13.50,OPEN,0
655415.126,3,0,0,1.000,1.000,1.000,-90.00,180.00,13.50,OPEN,0
655415.130,3,0,0,1.000,1.000,1.000,-90.00,180.00,13.50,OPEN,0
655415.134,3,0,0,1.000,1.000,1.000,-90.00,180.00,13.50,OPEN,0
655415.138,3,0,0,1.000,1.000,1.000,-90.00,180.00,13.50,OPEN,0
655415.142,3,0,0,1.000,1.000,1.000,-90.00,180.00,13.50,OPEN,0
655415.146,3,0,0,1.000,1.000,1.000,-90.00,180.00,13.50,OPEN,0
655415.150,3,0,0,1.000,1.000,1.000,-90.00,180.00,13.50,OPEN,0
655415.156,3,0,0,1.000,1.000,1.000,-90.00,180.00,13.50,OPEN,0
655415.161,3,0,0,1.000,1.000,1.000,-90.00,180.00,13.50,OPEN,0
655415.165,3,0,0,1.000,1.000,1.000,-90.00,180.00,13.50,OPEN,0
655415.170,3,0,0,1.000,1.000,1.000,-90.00,180.00,13.50,OPEN,0
655415.175,3,0,0,1.000,1.000,1.000,-90.00,180.00,13.50,OPEN,0
655415.181,3,0,0,1.000,1.000,1.000,-90.00,180.00,13.50,OPEN,0
655415.185,3,0,0,1.000,1.000,1.000,-90.00,180.00,13.50,OPEN,0
655415.189,3,0,0,1.000,1.000,1.000,-90.00,180.00,13.50,OPEN,0
655415.193,3,0,0,1.000,1.000,1.000,-90.00,180.00,13.50,OPEN,0
655415.197,3,0,0,1.000,1.000,1.000,-90.00,180.00,13.50,OPEN,0
655415.202,3,0,0,1.000,1.000,1.000,-90.00,180.00,13.50,OPEN,0
655415.206,3,0,0,1.000,1.000,1.000,-90.00,180.00,13.50,OPEN,0
655415.209,3,0,0,1.000,1.000,1.000,-90.00,180.00,13.50,OPEN,0
655415.214,3,0,0,1.000,1.000,1.000,-90.00,180.00,13.50,OPEN,0
655415.218,3,0,0,1.000,1.000,1.000,-90.00,180.00,13.50,OPEN,0
655415.222,3,0,0,1.000,1.000,1.000,-90.00,180.00,13.50,OPEN,0
655415.226,3,0,0,1.000,1.000,1.000,-90.00,180.00,13.50,OPEN,0
655415.231,3,0,0,1.000,1.000,1.000,-90.00,180.00,13.50,OPEN,0
655415.235,3,0,0,1.000,1.000,1.000,-90.00,180.00,13.50,OPEN,0
655415.240,3,0,0,1.000,1.000,1.000,-90.00,180.00,13.50,OPEN,0
655415.244,3,0,0,1.000,1.000,1.000,-90.00,180.00,13.50,OPEN,0
655415.248,3,0,0,1.000,1.000,1.000,-90.00,180.00,13.50,OPEN,0
655415.252,3,0,0,1.000,1.000,1.000,-90.00,180.00,13.50,OPEN,0
655415.256,3,0,0,1.000,1.000,1.000,-90.00,180.00,13.50,OPEN,0
655415.260,3,0,0,1.000,1.000,1.000,-90.00,180.00,13.50,OPEN,0
655415.264,3,0,0,1.000,1.000,1.000,-90.00,180.00,13.50,OPEN,0
655415.268,3,0,0,1.000,1.000,1.000,-90.00,180.00,13.50,OPEN,0
655415.273,3,0,0,1.000,1.000,1.000,-90.00,180.00,13.50,OPEN,0
655415.277,3,0,0,1.000,1.000,1.000,-90.00,180.00,13.50,OPEN,0
655415.281,3,0,0,1.000,1.000,1.000,-90.00,180.00,13.50,OPEN,0
655415.285,3,0,0,1.000,1.000,1.000,-90.00,180.00,13.50,OPEN,0
655415.289,3,0,0,1.000,1.000,1.000,-90.00,180.00,13.50,OPEN,0
655415.294,3,0,0,1.000,1.000,1.000,-90.00,180.00,13.50,OPEN,0
655415.298,3,0,0,1.000,1.000,1.000,-90.00,180.00,13.50,OPEN,0
655415.304,3,0,0,1.000,1.000,1.000,-90.00,180.00,13.50,OPEN,0
655415.309,3,0,0,1.000,1.000,1.000,-90.00,180.00,13.50,OPEN,0
655415.313,3,0,0,1.000,1.000,1.000,-90.00,180.00,13.50,OPEN,0
655415.317,3,0,0,1.000,1.000,1.000,-90.00,180.00,13.50,OPEN,0
655415.321,3,0,0,1.000,1.000,1.000,-90.00,180.00,13.50,OPEN,0
655415.325,3,0,0,1.000,1.000,1.000,-90.00,180.00,13.50,OPEN,0
655415.329,3,0,0,1.000,1.000,1.000,-90.00,180.00,13.50,OPEN,0
655415.333,3,0,0,1.000,1.000,1.000,-90.00,180.00,13.50,OPEN,0
655415.337,3,0,0,1.000,1.000,1.000,-90.00,180.00,13.50,OPEN,0
655415.341,3,0,0,1.000,1.000,1.000,-90.00,180.00,13.50,OPEN,0
655415.345,3,0,0,1.000,1.000,1.000,-90.00,180.00,13.50,OPEN,0
655415.349,3,0,0,1.000,1.000,1.000,-90.00,180.00,13.50,OPEN,0
655415.353,3,0,0,1.000,1.000,1.000,-90.00,180.00,13.50,OPEN,0
655415.357,3,0,0,1.000,1.000,1.000,-90.00,180.00,13.50,OPEN,0
655415.361,3,0,0,1.000,1.000,1.000,-90.00,180.00,13.50,OPEN,0
655415.365,3,0,0,1.000,1.000,1.000,-90.00,180.00,13.50,OPEN,0
655415.369,3,0,0,1.000,1.000,1.000,-90.00,180.00,13.50,OPEN,0
655415.374,3,0,0,1.000,1.000,1.000,-90.00,180.00,13.50,OPEN,0
655415.377,3,0,0,1.000,1.000,1.000,-90.00,180.00,13.50,OPEN,0
655415.381,3,0,0,1.000,1.000,1.000,-90.00,180.00,13.50,OPEN,0
655415.385,3,0,0,1.000,1.000,1.000,-90.00,180.00,13.50,OPEN,0
655415.390,3,0,0,1.000,1.000,1.000,-90.00,180.00,13.50,OPEN,0
655415.394,3,0,0,1.000,1.000,1.000,-90.00,180.00,13.50,OPEN,0
655415.399,3,0,0,0.995,1.000,1.000,-90.00,180.00,13.50,OPEN,0
655415.403,3,0,0,0.935,1.000,1.000,-90.00,180.00,13.50,OPEN,0
655415.407,3,0,0,0.551,1.000,1.000,-90.00,180.00,13.50,OPEN,0
655415.411,3,0,0,0.605,1.000,1.000,-90.00,180.00,13.50,OPEN,0
655415.415,3,0,0,0.907,1.000,1.000,-90.00,180.00,13.50,OPEN,0
655415.419,3,0,0,0.998,1.000,1.000,-90.00,180.00,13.50,OPEN,0
655415.424,3,0,0,1.000,1.000,1.000,-90.00,180.00,13.50,OPEN,0
655415.429,3,0,0,1.000,1.000,1.000,-90.00,180.00,13.50,OPEN,0
655415.433,3,0,0,1.000,1.000,1.000,-90.00,180.00,13.50,OPEN,0
655415.438,3,0,0,1.000,1.000,1.000,-90.00,180.00,13.50,OPEN,0
655415.443,3,0,0,1.000,1.000,1.000,-90.00,180.00,13.50,OPEN,0
655415.448,3,0,0,1.000,1.000,1.000,-90.00,180.00,13.50,OPEN,0
655415.452,3,0,0,1.000,1.000,1.000,-90.00,180.00,13.50,OPEN,0
655415.456,3,0,0,1.000,1.000,1.000,-90.00,180.00,13.50,OPEN,0
655415.462,0,0,0,1.000,1.000,1.000,-90.00,180.00,13.50,OPEN,0
655415.466,0,0,0,1.000,1.000,1.000,-90.00,180.00,13.50,OPEN,0
655415.471,0,0,0,1.000,1.000,1.000,-90.00,180.00,13.50,OPEN,0
655415.476,0,0,0,1.000,1.000,1.000,-90.00,180.00,13.50,OPEN,0
655415.481,0,0,0,1.000,1.000,1.000,-90.00,180.00,13.50,OPEN,0
655415.486,0,0,0,1.000,1.000,1.000,-90.00,180.00,13.50,OPEN,0
655415.490,0,0,0,1.000,1.000,1.000,-90.00,180.00,13.50,OPEN,0
655415.495,0,0,0,1.000,1.000,1.000,-90.00,180.00,13.50,OPEN,0
655415.499,0,0,0,1.000,1.000,1.000,-90.00,180.00,13.50,OPEN,0
655415.504,0,0,0,1.000,1.000,1.000,-90.00,180.00,13.50,OPEN,0
655415.509,0,0,0,1.000,1.000,1.000,-90.00,180.00,13.50,OPEN,0
655415.513,0,0,0,1.000,1.000,1.000,-90.00,180.00,13.50,OPEN,0
655415.517,0,0,0,1.000,1.000,1.000,-90.00,180.00,13.50,OPEN,0
655415.521,0,0,0,1.000,1.000,1.000,-90.00,180.00,13.50,OPEN,0
655415.525,0,0,0,1.000,1.000,1.000,-90.00,180.00,13.50,OPEN,0
655415.529,0,0,0,1.000,1.000,1.000,-90.00,180.00,13.50,OPEN,0
655415.533,0,0,0,1.000,1.000,1.000,-90.00,180.00,13.50,OPEN,0
655415.537,0,0,0,1.000,1.000,1.000,-90.00,180.00,13.50,OPEN,0
655415.541,0,0,0,1.000,1.000,1.000,-90.00,180.00,13.50,OPEN,0
655415.545,0,0,0,1.000,1.000,1.000,-90.00,180.00,13.50,OPEN,0
655415.549,0,0,0,1.000,1.000,1.000,-90.00,180.00,13.50,OPEN,0
655415.552,0,0,0,1.000,1.000,1.000,-90.00,180.00,13.50,OPEN,0
655415.556,0,0,0,1.000,1.000,1.000,-90.00,180.00,13.50,OPEN,0
655415.560,0,0,0,1.000,1.000,1.000,-90.00,180.00,13.50,OPEN,0
655415.564,0,0,0,1.000,1.000,1.000,-90.00,180.00,13.50,OPEN,0
655415.568,0,0,0,1.000,1.000,1.000,-90.00,180.00,13.50,OPEN,0
655415.572,0,0,0,1.000,1.000,1.000,-90.00,180.00,13.50,OPEN,0
655415.576,0,0,0,1.000,1.000,1.000,-90.00,180.00,13.50,OPEN,0
655415.580,0,0,0,1.000,1.000,1.000,-90.00,180.00,13.50,OPEN,0
655415.584,0,0,0,1.000,1.000,1.000,-90.00,180.00,13.50,OPEN,0
655415.588,0,0,0,1.000,1.000,1.000,-90.00,180.00,13.50,OPEN,0
655415.592,0,0,0,1.000,1.000,1.000,-90.00,180.00,13.50,OPEN,0
655415.596,0,0,0,1.000,1.000,1.000,-90.00,180.00,13.50,OPEN,0
655415.600,0,0,0,1.000,1.000,1.000,-90.00,180.00,13.50,OPEN,0
655415.604,0,0,0,1.000,1.000,1.000,-90.00,180.00,13.50,OPEN,0
655415.608,0,0,0,1.000,1.000,1.000,-90.00,180.00,13.50,OPEN,0
655415.613,0,0,0,1.000,1.000,1.000,-90.00,180.00,13.50,OPEN,0
655415.618,0,0,0,1.000,1.000,1.000,-90.00,180.00,13.50,OPEN,0
655415.622,0,0,0,1.000,1.000,1.000,-90.00,180.00,13.50,OPEN,0
655415.626,0,0,0,1.000,1.000,1.000,-90.00,180.00,13.50,OPEN,0
655415.630,0,0,0,1.000,1.000,1.000,-90.00,180.00,13.50,OPEN,0
655415.634,0,0,0,1.000,1.000,1.000,-90.00,180.00,13.50,OPEN,0
655415.637,0,0,0,1.000,1.000,1.000,-90.00,180.00,13.50,OPEN,0
655415.642,0,0,0,1.000,1.000,1.000,-90.00,180.00,13.50,OPEN,0
655415.646,0,0,0,1.000,1.000,1.000,-90.00,180.00,13.50,OPEN,0
655415.650,0,0,0,1.000,1.000,1.000,-90.00,180.00,13.50,OPEN,0
655415.655,0,0,0,1.000,1.000,1.000,-90.00,180.00,13.50,OPEN,0
655415.659,0,0,0,1.000,1.000,1.000,-90.00,180.00,13.50,OPEN,0
655415.663,0,0,0,1.000,1.000,1.000,-90.00,180.00,13.50,OPEN,0
655415.667,0,0,0,1.000,1.000,1.000,-90.00,180.00,13.50,OPEN,0
655415.671,0,0,0,1.000,1.000,1.000,-90.00,180.00,13.50,OPEN,0
655415.675,0,0,0,1.000,1.000,1.000,-90.00,180.00,13.50,OPEN,0
655415.679,0,0,0,1.000,1.000,1.000,-90.00,180.00,13.50,OPEN,0
655415.683,0,0,0,1.000,1.000,1.000,-90.00,180.00,13.50,OPEN,0
655415.687,0,0,0,1.000,1.000,1.000,-90.00,180.00,13.50,OPEN,0
655415.691,0,0,0,1.000,1.000,1.000,-90.00,180.00,13.50,OPEN,0
655415.695,0,0,0,1.000,1.000,1.000,-90.00,180.00,13.50,OPEN,0
655415.699,0,0,0,1.000,1.000,1.000,-90.00,180.00,13.50,OPEN,0
655415.703,0,0,0,1.000,1.000,1.000,-90.00,180.00,13.50,OPEN,0
655415.708,0,0,0,1.000,1.000,1.000,-90.00,180.00,13.50,OPEN,0
655415.712,0,0,0,1.000,1.000,1.000,-90.00,180.00,13.50,OPEN,0
655415.717,0,0,0,1.000,1.000,1.000,-90.00,180.00,13.50,OPEN,0
655415.721,0,0,0,1.000,1.000,1.000,-90.00,180.00,13.50,OPEN,0
655415.726,0,0,0,1.000,1.000,1.000,-90.00,180.00,13.50,OPEN,0
655415.731,0,0,0,1.000,1.000,1.000,-90.00,180.00,13.50,OPEN,0
655415.735,0,0,0,1.000,1.000,1.000,-90.00,180.00,13.50,OPEN,0
655415.739,0,0,0,1.000,1.000,1.000,-90.00,180.00,13.50,OPEN,0
655415.743,0,0,0,1.000,1.000,1.000,-90.00,180.00,13.50,OPEN,0
655415.747,0,0,0,1.000,1.000,1.000,-90.00,180.00,13.50,OPEN,0
655415.751,0,0,0,1.000,1.000,1.000,-90.00,180.00,13.50,OPEN,0
655415.756,0,0,0,1.000,1.000,1.000,-90.00,180.00,13.50,OPEN,0
655415.760,0,0,0,1.000,1.000,1.000,-90.00,180.00,13.50,OPEN,0
655415.764,0,0,0,1.000,1.000,1.000,-90.00,180.00,13.50,OPEN,0
655415.767,0,0,0,1.000,1.000,1.000,-90.00,180.00,13.50,OPEN,0
655415.772,0,0,0,1.000,1.000,1.000,-90.00,180.00,13.50,OPEN,0
655415.775,0,0,0,1.000,1.000,1.000,-90.00,180.00,13.50,OPEN,0
655415.779,0,0,0,1.000,1.000,1.000,-90.00,180.00,13.50,OPEN,0
655415.783,0,0,0,1.000,1.000,1.000,-90.00,180.00,13.50,OPEN,0
655415.788,0,0,0,1.000,1.000,1.000,-90.00,180.00,13.50,OPEN,0
655415.793,0,0,0,1.000,1.000,1.000,-90.00,180.00,13.50,OPEN,0
655415.798,0,0,0,1.000,1.000,1.000,-90.00,180.00,13.50,OPEN,0
655415.803,0,0,0,1.000,1.000,1.000,-90.00,180.00,13.50,OPEN,0
655415.809,0,0,0,1.000,1.000,1.000,-90.00,180.00,13.50,OPEN,0
655415.813,0,0,0,1.000,1.000,1.000,-90.00,180.00,13.50,OPEN,0
655415.818,0,0,0,1.000,1.000,1.000,-90.00,180.00,13.50,OPEN,0
655415.823,0,0,0,1.000,1.000,1.000,-90.00,180.00,13.50,OPEN,0
655415.828,0,0,0,1.000,1.000,1.000,-90.00,180.00,13.50,OPEN,0
655415.833,0,0,0,1.000,1.000,1.000,-90.00,180.00,13.50,OPEN,0
655415.837,0,0,0,1.000,1.000,1.000,-90.00,180.00,13.50,OPEN,0
655415.841,0,0,0,1.000,1.000,1.000,-90.00,180.00,13.50,OPEN,0
655415.845,0,0,0,1.000,1.000,1.000,-90.00,180.00,13.50,OPEN,0
655415.849,0,0,0,1.000,1.000,1.000,-90.00,180.00,13.50,OPEN,0
655415.854,0,0,0,1.000,1.000,1.000,-90.00,180.00,13.50,OPEN,0
655415.859,0,0,0,1.000,1.000,1.000,-90.00,180.00,13.50,OPEN,0
655415.864,0,0,0,1.000,1.000,1.000,-90.00,180.00,13.50,OPEN,0
655415.868,0,0,0,1.000,1.000,1.000,-90.00,180.00,13.50,OPEN,0
655415.872,0,0,0,1.000,1.000,1.000,-90.00,180.00,13.50,OPEN,0
655415.876,0,0,0,1.000,1.000,1.000,-90.00,180.00,13.50,OPEN,0
655415.880,0,0,0,1.000,1.000,1.000,-90.00,180.00,13.50,OPEN,0
655415.884,0,0,0,1.000,1.000,1.000,-90.00,180.00,13.50,OPEN,0
655415.889,0,0,0,1.000,1.000,1.000,-90.00,180.00,13.50,OPEN,0
655415.892,0,0,0,1.000,1.000,1.000,-90.00,180.00,13.50,OPEN,0
655415.897,0,0,0,1.000,1.000,1.000,-90.00,180.00,13.50,OPEN,0
655415.900,0,0,0,1.000,1.000,1.000,-90.00,180.00,13.50,OPEN,0
655415.904,0,0,0,1.000,1.000,1.000,-90.00,180.00,13.50,OPEN,0
655415.908,0,0,0,1.000,1.000,1.000,-90.00,180.00,13.50,OPEN,0
655415.912,0,0,0,1.000,1.000,1.000,-90.00,180.00,13.50,OPEN,0
655415.915,0,0,0,1.000,1.000,1.000,-90.00,180.00,13.50,OPEN,0
655415.919,0,0,0,1.000,1.000,1.000,-90.00,180.00,13.50,OPEN,0
655415.924,0,0,0,1.000,1.000,1.000,-90.00,180.00,13.50,OPEN,0
655415.928,0,0,0,1.000,1.000,1.000,-90.00,180.00,13.50,OPEN,0
655415.932,0,0,0,1.000,1.000,1.000,-90.00,180.00,13.50,OPEN,0
655415.936,0,0,0,1.000,1.000,1.000,-90.00,180.00,13.50,OPEN,0
655415.941,0,0,0,1.000,1.000,1.000,-90.00,180.00,13.50,OPEN,0
655415.945,0,0,0,1.000,1.000,1.000,-90.00,180.00,13.50,OPEN,0
655415.948,0,0,0,1.000,1.000,1.000,-90.00,180.00,13.50,OPEN,0
655415.952,0,0,0,1.000,1.000,1.000,-90.00,180.00,13.50,OPEN,0
655415.956,0,0,0,1.000,1.000,1.000,-90.00,180.00,13.50,OPEN,0
655415.962,0,0,0,1.000,1.000,1.000,-90.00,180.00,13.50,OPEN,0
655415.966,0,0,0,1.000,1.000,1.000,-90.00,180.00,13.50,OPEN,0
655415.970,0,0,0,1.000,1.000,1.000,-90.00,180.00,13.50,OPEN,0
655415.974,0,0,0,1.000,1.000,1.000,-90.00,180.00,13.50,OPEN,0
655415.979,0,0,0,1.000,1.000,1.000,-90.00,180.00,13.50,OPEN,0
655415.983,0,0,0,1.000,1.000,1.000,-90.00,180.00,13.50,OPEN,0
655415.987,0,0,0,1.000,1.000,1.000,-90.00,180.00,13.50,OPEN,0
655415.991,0,0,0,1.000,1.000,1.000,-90.00,180.00,13.50,OPEN,0
655415.995,0,0,0,1.000,1.000,1.000,-90.00,180.00,13.50,OPEN,0
655416.000,0,0,0,1.000,1.000,1.000,-90.00,180.00,13.50,OPEN,0
655416.004,0,0,0,1.000,1.000,1.000,-90.00,180.00,13.50,OPEN,0
655416.008,0,0,0,1.000,1.000,1.000,-90.00,180.00,13.50,OPEN,0
655416.013,0,0,0,1.000,1.000,1.000,-90.00,180.00,13.50,OPEN,0
655416.018,0,0,0,1.000,1.000,1.000,-90.00,180.00,13.50,OPEN,0
655416.022,0,0,0,1.000,1.000,1.000,-90.00,180.00,13.50,OPEN,0
655416.026,0,0,0,1.000,1.000,1.000,-90.00,180.00,13.50,OPEN,0
655416.030,0,0,0,1.000,1.000,1.000,-90.00,180.00,13.50,OPEN,0
655416.035,0,0,0,1.000,1.000,1.000,-90.00,180.00,13.50,OPEN,0
655416.039,0,0,0,1.000,1.000,1.000,-90.00,180.00,13.50,OPEN,0
655416.043,0,0,0,0.998,1.000,1.000,-90.00,180.00,13.50,OPEN,0
655416.049,0,0,0,0.993,1.000,1.000,-90.00,180.00,13.50,OPEN,0
655416.054,0,0,0,0.671,1.000,1.000,-90.00,180.00,13.50,OPEN,0
655416.058,0,0,0,0.654,1.000,1.000,-90.00,180.00,13.50,OPEN,0
655416.063,0,0,0,0.988,1.000,1.000,-90.00,180.00,13.50,OPEN,0
655416.067,0,0,0,0.986,1.000,1.000,-90.00,180.00,13.50,OPEN,0
655416.072,0,0,0,0.806,1.000,1.000,-90.00,180.00,13.50,OPEN,0
655416.076,0,0,0,0.946,0.999,1.000,-90.00,180.00,13.50,OPEN,0
655416.080,0,0,0,0.996,0.998,1.000,-90.00,180.00,13.50,OPEN,0
655416.084,0,0,0,0.999,0.991,1.000,-90.00,180.00,13.50,OPEN,0
655416.088,0,0,0,1.000,0.983,1.000,-90.00,180.00,13.50,OPEN,0
655416.091,0,0,0,1.000,0.709,1.000,-90.00,180.00,13.50,OPEN,0
655416.095,0,0,0,1.000,0.885,1.000,-90.00,180.00,13.50,OPEN,0
655416.099,0,0,0,1.000,0.990,0.997,-90.00,180.00,13.50,OPEN,0
655416.104,0,0,0,1.000,0.999,0.959,-90.00,180.00,13.50,OPEN,0
655416.108,0,0,0,1.000,1.000,0.577,-90.00,180.00,13.50,OPEN,0
655416.112,0,0,0,1.000,1.000,0.834,-90.00,180.00,13.50,OPEN,0
655416.116,3,0,0,1.000,1.000,0.957,-90.00,180.00,13.50,CLOSED,0
655416.121,3,0,0,1.000,1.000,0.977,-90.00,180.00,13.50,CLOSED,0
655416.126,3,0,0,1.000,1.000,0.959,-90.00,180.00,13.50,CLOSED,0
655416.130,3,0,0,1.000,1.000,0.933,-90.00,180.00,13.50,CLOSED,0
655416.134,3,0,0,1.000,1.000,0.925,-90.00,180.00,13.50,CLOSED,0
655416.139,3,1,0,1.000,1.000,0.890,-90.00,90.00,13.50,CLOSED,1
655416.143,3,1,0,1.000,1.000,0.865,-90.00,90.00,13.50,CLOSED,0
655416.147,3,1,0,1.000,1.000,0.864,-90.00,90.00,13.50,CLOSED,0
655416.151,3,1,0,1.000,1.000,0.866,-90.00,90.00,13.50,CLOSED,0
655416.155,3,1,1,1.000,1.000,0.865,0.00,90.00,13.50,CLOSED,0
655416.158,3,1,1,1.000,1.000,0.856,0.00,90.00,13.50,CLOSED,0
655416.162,3,1,1,1.000,1.000,0.852,0.00,90.00,13.50,CLOSED,0
655416.166,3,1,1,1.000,1.000,0.863,0.00,90.00,13.50,CLOSED,0
655416.171,3,1,1,1.000,1.000,0.877,0.00,90.00,13.50,CLOSED,0
655416.176,3,1,1,1.000,1.000,0.871,0.00,90.00,13.50,CLOSED,0
655416.181,3,1,1,1.000,1.000,0.848,0.00,90.00,13.50,CLOSED,0
655416.186,3,1,1,1.000,1.000,0.852,0.00,90.00,13.50,CLOSED,0
655416.190,3,1,1,1.000,1.000,0.856,0.00,90.00,13.50,CLOSED,0
655416.195,3,1,1,1.000,1.000,0.842,0.00,90.00,13.50,CLOSED,0
655416.199,3,1,1,1.000,1.000,0.792,0.00,90.00,13.50,CLOSED,0
655416.203,3,1,1,1.000,1.000,0.757,0.00,90.00,13.50,CLOSED,0
655416.207,3,1,1,1.000,1.000,0.719,0.00,90.00,13.50,CLOSED,0
655416.212,3,1,1,1.000,0.999,0.722,0.00,90.00,13.50,CLOSED,0
655416.216,3,1,1,1.000,0.999,0.702,0.00,90.00,13.50,CLOSED,0
655416.221,3,1,1,1.000,0.999,0.750,0.00,90.00,13.50,CLOSED,0
655416.226,3,1,1,1.000,0.999,0.800,0.00,90.00,13.50,CLOSED,0
655416.230,3,1,1,1.000,0.999,0.813,0.00,90.00,13.50,CLOSED,0
655416.234,3,1,1,1.000,1.000,0.830,0.00,90.00,13.50,CLOSED,0
655416.239,3,1,1,1.000,1.000,0.849,0.00,90.00,13.50,CLOSED,0
655416.243,3,1,1,1.000,1.000,0.867,0.00,90.00,13.50,CLOSED,1
655416.248,3,1,1,1.000,1.000,0.864,0.00,90.00,13.50,CLOSED,0
655416.252,3,1,1,1.000,0.999,0.867,0.00,90.00,13.50,CLOSED,0
655416.256,3,1,1,1.000,0.998,0.864,0.00,90.00,13.50,CLOSED,0
655416.260,3,1,1,1.000,0.998,0.840,0.00,90.00,13.50,CLOSED,0
655416.264,3,1,1,1.000,0.997,0.814,0.00,90.00,13.50,CLOSED,0
655416.268,3,1,1,1.000,0.998,0.798,0.00,90.00,13.50,CLOSED,0
655416.274,3,1,1,1.000,0.997,0.724,0.00,90.00,13.50,CLOSED,0
655416.280,3,1,1,1.000,0.998,0.704,0.00,90.00,13.50,CLOSED,0
655416.286,3,1,1,1.000,0.999,0.722,0.00,90.00,13.50,CLOSED,0
655416.293,3,1,1,1.000,0.999,0.707,0.00,90.00,13.50,CLOSED,0
655416.299,3,1,1,1.000,1.000,0.729,0.00,90.00,13.50,CLOSED,0
655416.304,3,1,1,1.000,1.000,0.649,0.00,90.00,13.50,CLOSED,0
655416.310,3,1,1,1.000,1.000,0.588,0.00,90.00,13.50,CLOSED,0
655416.314,3,1,1,1.000,1.000,0.503,0.00,90.00,13.50,CLOSED,0
655416.318,3,1,1,1.000,1.000,0.515,0.00,90.00,13.50,CLOSED,0
655416.322,3,1,1,1.000,1.000,0.543,0.00,90.00,13.50,CLOSED,0
655416.326,3,1,1,1.000,1.000,0.502,0.00,90.00,13.50,CLOSED,0
655416.330,3,1,1,1.000,1.000,0.516,0.00,90.00,13.50,CLOSED,0
655416.334,3,1,1,1.000,1.000,0.518,0.00,90.00,13.50,CLOSED,0
655416.339,3,1,1,1.000,1.000,0.561,0.00,90.00,13.50,CLOSED,0
655416.344,3,1,1,1.000,1.000,0.599,0.00,90.00,13.50,CLOSED,0
655416.349,3,1,1,1.000,1.000,0.647,0.00,90.00,13.50,CLOSED,0
655416.353,3,1,1,1.000,1.000,0.695,0.00,90.00,13.50,CLOSED,0
655416.358,3,1,1,1.000,1.000,0.715,0.00,90.00,13.50,CLOSED,0
655416.362,3,1,1,1.000,1.000,0.711,0.00,90.00,13.50,CLOSED,0
655416.367,3,1,1,1.000,1.000,0.667,0.00,90.00,13.50,CLOSED,0
655416.373,3,1,1,1.000,1.000,0.579,0.00,90.00,13.50,CLOSED,0
655416.378,3,1,1,1.000,1.000,0.542,0.00,90.00,13.50,CLOSED,0
655416.382,3,1,1,1.000,1.000,0.532,0.00,90.00,13.50,CLOSED,0
655416.386,3,1,1,1.000,1.000,0.520,0.00,90.00,13.50,CLOSED,0
655416.391,3,1,1,1.000,1.000,0.603,0.00,90.00,13.50,CLOSED,0
655416.395,3,1,1,1.000,1.000,0.609,0.00,90.00,13.50,CLOSED,0
655416.398,3,1,1,1.000,1.000,0.613,0.00,90.00,13.50,CLOSED,0
655416.402,3,1,1,1.000,1.000,0.583,0.00,90.00,13.50,CLOSED,0
655416.406,3,1,1,1.000,1.000,0.539,0.00,90.00,13.50,CLOSED,0
655416.410,3,1,1,1.000,1.000,0.507,0.00,90.00,13.50,CLOSED,0
655416.416,3,1,1,1.000,1.000,0.573,0.00,90.00,13.50,CLOSED,0
655416.421,3,1,1,1.000,1.000,0.611,0.00,90.00,13.50,CLOSED,0
655416.426,3,1,1,1.000,1.000,0.655,0.00,90.00,13.50,CLOSED,0
655416.431,3,1,1,1.000,1.000,0.703,0.00,90.00,13.50,CLOSED,0
655416.436,3,1,1,1.000,1.000,0.698,0.00,90.00,13.50,CLOSED,0
655416.441,3,1,1,1.000,1.000,0.735,0.00,90.00,13.50,CLOSED,0
655416.446,3,1,1,1.000,0.999,0.701,0.00,90.00,13.50,CLOSED,0
655416.450,3,1,1,1.000,0.998,0.684,0.00,90.00,13.50,CLOSED,0
655416.455,3,1,1,1.000,0.997,0.665,0.00,90.00,13.50,CLOSED,0
655416.459,3,1,1,1.000,0.995,0.626,0.00,90.00,13.50,CLOSED,0
655416.463,3,1,1,1.000,0.996,0.536,0.00,90.00,13.50,CLOSED,0
655416.468,3,1,1,1.000,0.997,0.520,0.00,90.00,13.50,CLOSED,0
655416.473,3,1,1,1.000,0.998,0.513,0.00,90.00,13.50,CLOSED,0
655416.477,3,1,1,1.000,0.998,0.544,0.00,90.00,13.50,CLOSED,0
655416.481,3,1,1,1.000,0.998,0.607,0.00,90.00,13.50,CLOSED,0
655416.485,3,1,1,1.000,0.998,0.602,0.00,90.00,13.50,CLOSED,0
655416.488,3,1,1,1.000,0.997,0.628,0.00,90.00,13.50,CLOSED,0
655416.492,3,1,1,1.000,0.996,0.634,0.00,90.00,13.50,CLOSED,0
655416.496,3,1,1,1.000,0.992,0.632,0.00,90.00,13.50,CLOSED,0
655416.500,3,1,1,1.000,0.990,0.709,0.00,90.00,13.50,CLOSED,0
655416.505,3,1,1,1.000,0.991,0.774,0.00,90.00,13.50,CLOSED,0
655416.510,3,1,1,1.000,0.988,0.799,0.00,90.00,13.50,CLOSED,0
655416.514,3,1,1,1.000,0.989,0.850,0.00,90.00,13.50,CLOSED,0
655416.518,3,1,1,1.000,0.996,0.904,0.00,90.00,13.50,CLOSED,0
655416.524,3,1,1,1.000,0.996,0.911,0.00,90.00,13.50,CLOSED,0
655416.530,3,1,1,1.000,0.998,0.934,0.00,90.00,13.50,CLOSED,0
655416.535,3,1,1,1.000,0.999,0.941,0.00,90.00,13.50,CLOSED,0
655416.541,3,1,1,1.000,0.999,0.948,0.00,90.00,13.50,CLOSED,0
655416.546,3,1,1,1.000,0.999,0.938,0.00,90.00,13.50,CLOSED,0
655416.551,3,1,1,1.000,0.998,0.910,0.00,90.00,13.50,CLOSED,0
655416.556,3,1,1,1.000,0.997,0.848,0.00,90.00,13.50,CLOSED,0
655416.560,3,1,1,1.000,0.997,0.701,0.00,90.00,13.50,CLOSED,0
655416.564,3,1,1,1.000,0.994,0.530,0.00,90.00,13.50,CLOSED,0
655416.569,3,1,1,1.000,0.982,0.804,0.00,90.00,13.50,CLOSED,0
655416.573,3,1,1,1.000,0.973,0.899,0.00,90.00,13.50,CLOSED,0
655416.577,3,1,1,1.000,0.953,0.938,0.00,90.00,13.50,CLOSED,0
655416.581,3,1,1,1.000,0.892,0.967,0.00,90.00,13.50,CLOSED,0
655416.585,3,1,1,0.999,0.658,0.983,0.00,90.00,13.50,CLOSED,0
655416.589,3,1,1,0.998,0.969,0.977,0.00,90.00,13.50,CLOSED,0
655416.593,3,1,1,0.991,0.999,0.989,0.00,90.00,13.50,CLOSED,0
655416.598,3,1,1,0.961,1.000,0.992,0.00,90.00,13.50,CLOSED,0
655416.602,3,1,1,0.815,1.000,0.996,0.00,90.00,13.50,CLOSED,0
655416.607,3,1,1,0.521,1.000,0.997,0.00,90.00,13.50,CLOSED,0
655416.613,3,1,0,0.338,1.000,0.999,-90.00,90.00,13.50,CLOSED,1
655416.619,3,1,0,0.851,1.000,1.000,-90.00,90.00,13.50,CLOSED,0
655416.625,3,1,0,0.991,1.000,1.000,-90.00,90.00,13.50,CLOSED,0
655416.631,3,1,0,0.991,1.000,1.000,-90.00,90.00,13.50,CLOSED,0
655416.637,3,1,0,0.997,1.000,1.000,-90.00,90.00,13.50,CLOSED,0
655416.643,3,0,0,0.998,1.000,1.000,-90.00,180.00,13.50,CLOSED,0
655416.648,3,0,0,0.996,1.000,1.000,-90.00,180.00,13.50,CLOSED,0
655416.653,3,0,0,0.992,1.000,1.000,-90.00,180.00,13.50,CLOSED,0
655416.658,3,0,0,0.990,0.999,1.000,-90.00,180.00,13.50,CLOSED,0
655416.662,3,0,0,0.996,0.989,1.000,-90.00,180.00,13.50,CLOSED,0
655416.666,3,0,0,0.997,0.780,1.000,-90.00,180.00,13.50,CLOSED,0
655416.670,0,0,0,0.996,1.000,1.000,-90.00,180.00,13.50,CLOSED,0
655416.674,0,0,0,0.995,1.000,1.000,-90.00,180.00,13.50,CLOSED,0
655416.678,0,0,0,0.994,1.000,1.000,-90.00,180.00,13.50,CLOSED,0
655416.682,0,0,0,1.000,1.000,1.000,-90.00,180.00,13.50,CLOSED,0
655416.686,0,0,0,1.000,1.000,1.000,-90.00,180.00,13.50,CLOSED,0
655416.690,0,0,0,1.000,1.000,1.000,-90.00,180.00,13.50,CLOSED,0
655416.694,0,0,0,1.000,1.000,1.000,-90.00,180.00,13.50,CLOSED,0
655416.698,0,0,0,1.000,1.000,1.000,-90.00,180.00,13.50,CLOSED,0
655416.703,0,0,0,1.000,1.000,1.000,-90.00,180.00,13.50,CLOSED,0
655416.707,0,0,0,1.000,1.000,1.000,-90.00,180.00,13.50,CLOSED,0
655416.713,0,0,0,1.000,1.000,1.000,-90.00,180.00,13.50,CLOSED,1
655416.718,0,0,0,1.000,1.000,1.000,-90.00,180.00,13.50,CLOSED,0
655416.722,0,0,0,1.000,1.000,1.000,-90.00,180.00,13.50,CLOSED,0
655416.726,0,0,0,1.000,1.000,1.000,-90.00,180.00,13.50,CLOSED,0
655416.731,0,0,0,1.000,1.000,1.000,-90.00,180.00,13.50,CLOSED,0
655416.735,0,0,0,1.000,1.000,1.000,-90.00,180.00,13.50,CLOSED,0
655416.740,0,0,0,1.000,1.000,1.000,-90.00,180.00,13.50,CLOSED,0
655416.743,0,0,0,1.000,1.000,1.000,-90.00,180.00,13.50,CLOSED,0
655416.747,0,0,0,1.000,1.000,1.000,-90.00,180.00,13.50,CLOSED,0
655416.751,0,0,0,1.000,1.000,1.000,-90.00,180.00,13.50,CLOSED,0
655416.755,0,0,0,1.000,1.000,1.000,-90.00,180.00,13.50,CLOSED,0
655416.759,0,0,0,1.000,1.000,1.000,-90.00,180.00,13.50,CLOSED,0
655416.763,0,0,0,1.000,1.000,1.000,-90.00,180.00,13.50,CLOSED,0
655416.767,0,0,0,1.000,1.000,1.000,-90.00,180.00,13.50,CLOSED,0
655416.771,0,0,0,1.000,1.000,1.000,-90.00,180.00,13.50,CLOSED,0
655416.775,0,0,0,1.000,1.000,1.000,-90.00,180.00,13.50,CLOSED,0
655416.779,0,0,0,1.000,1.000,1.000,-90.00,180.00,13.50,CLOSED,0
655416.783,0,0,0,1.000,1.000,1.000,-90.00,180.00,13.50,CLOSED,0
655416.786,0,0,0,1.000,1.000,1.000,-90.00,180.00,13.50,CLOSED,0
655416.790,0,0,0,1.000,1.000,1.000,-90.00,180.00,13.50,CLOSED,0
655416.794,0,0,0,1.000,1.000,1.000,-90.00,180.00,13.50,CLOSED,0
655416.798,0,0,0,1.000,1.000,1.000,-90.00,180.00,13.50,CLOSED,0
655416.802,0,0,0,1.000,1.000,1.000,-90.00,180.00,13.50,CLOSED,0
655416.806,0,0,0,1.000,1.000,1.000,-90.00,180.00,13.50,CLOSED,0
655416.810,0,0,0,1.000,1.000,1.000,-90.00,180.00,13.50,CLOSED,0
655416.814,0,0,0,1.000,1.000,1.000,-90.00,180.00,13.50,CLOSED,0
655416.817,0,0,0,1.000,1.000,1.000,-90.00,180.00,13.50,CLOSED,0
655416.821,0,0,0,1.000,1.000,1.000,-90.00,180.00,13.50,CLOSED,0
655416.825,0,0,0,1.000,1.000,1.000,-90.00,180.00,13.50,CLOSED,0
655416.830,0,0,0,1.000,1.000,1.000,-90.00,180.00,13.50,CLOSED,0
655416.833,0,0,0,1.000,1.000,1.000,-90.00,180.00,13.50,CLOSED,0
655416.837,0,0,0,1.000,1.000,1.000,-90.00,180.00,13.50,CLOSED,0
655416.841,0,0,0,1.000,1.000,1.000,-90.00,180.00,13.50,CLOSED,0
655416.845,0,0,0,1.000,1.000,1.000,-90.00,180.00,13.50,CLOSED,0
655416.849,0,0,0,1.000,1.000,1.000,-90.00,180.00,13.50,CLOSED,0
655416.853,0,0,0,1.000,1.000,1.000,-90.00,180.00,13.50,CLOSED,0
655416.858,0,0,0,1.000,1.000,1.000,-90.00,180.00,13.50,CLOSED,0
655416.862,0,0,0,1.000,1.000,1.000,-90.00,180.00,13.50,CLOSED,0
655416.866,0,0,0,1.000,1.000,1.000,-90.00,180.00,13.50,CLOSED,0
655416.872,0,0,0,1.000,1.000,1.000,-90.00,180.00,13.50,CLOSED,0
655416.878,0,0,0,1.000,1.000,1.000,-90.00,180.00,13.50,CLOSED,0
655416.885,0,0,0,1.000,1.000,1.000,-90.00,180.00,13.50,CLOSED,0
655416.891,0,0,0,1.000,1.000,1.000,-90.00,180.00,13.50,CLOSED,0
655416.897,0,0,0,1.000,1.000,1.000,-90.00,180.00,13.50,CLOSED,0
655416.903,0,0,0,1.000,1.000,1.000,-90.00,180.00,13.50,CLOSED,0
655416.909,0,0,0,1.000,1.000,1.000,-90.00,180.00,13.50,CLOSED,0
655416.913,0,0,0,1.000,1.000,1.000,-90.00,180.00,13.50,CLOSED,0
655416.917,0,0,0,1.000,1.000,1.000,-90.00,180.00,13.50,CLOSED,0
655416.922,0,0,0,1.000,1.000,1.000,-90.00,180.00,13.50,CLOSED,0
655416.926,0,0,0,1.000,1.000,1.000,-90.00,180.00,13.50,CLOSED,0
655416.930,0,0,0,1.000,1.000,1.000,-90.00,180.00,13.50,CLOSED,0
655416.933,0,0,0,1.000,1.000,1.000,-90.00,180.00,13.50,CLOSED,0
655416.937,0,0,0,1.000,1.000,1.000,-90.00,180.00,13.50,CLOSED,0
655416.941,0,0,0,1.000,1.000,1.000,-90.00,180.00,13.50,CLOSED,0
655416.945,0,0,0,1.000,1.000,1.000,-90.00,180.00,13.50,CLOSED,0
655416.950,0,0,0,1.000,1.000,1.000,-90.00,180.00,13.50,CLOSED,0
655416.955,0,0,0,1.000,1.000,1.000,-90.00,180.00,13.50,CLOSED,0
655416.961,0,0,0,1.000,1.000,1.000,-90.00,180.00,13.50,CLOSED,0
655416.966,0,0,0,1.000,1.000,1.000,-90.00,180.00,13.50,CLOSED,0
655416.971,0,0,0,1.000,1.000,1.000,-90.00,180.00,13.50,CLOSED,0
655416.976,0,0,0,1.000,1.000,1.000,-90.00,180.00,13.50,CLOSED,0
655416.981,0,0,0,1.000,1.000,1.000,-90.00,180.00,13.50,CLOSED,0
655416.985,0,0,0,1.000,1.000,1.000,-90.00,180.00,13.50,CLOSED,0
655416.989,0,0,0,1.000,1.000,1.000,-90.00,180.00,13.50,CLOSED,0
655416.993,0,0,0,1.000,1.000,1.000,-90.00,180.00,13.50,CLOSED,0
655416.998,0,0,0,1.000,1.000,1.000,-90.00,180.00,13.50,CLOSED,0
655417.002,0,0,0,1.000,1.000,1.000,-90.00,180.00,13.50,CLOSED,0
655417.006,0,0,0,1.000,1.000,1.000,-90.00,180.00,13.50,CLOSED,0
655417.011,0,0,0,1.000,1.000,1.000,-90.00,180.00,13.50,CLOSED,0
655417.016,0,0,0,1.000,1.000,1.000,-90.00,180.00,13.50,CLOSED,0
655417.021,0,0,0,1.000,1.000,1.000,-90.00,180.00,13.50,CLOSED,0
655417.027,0,0,0,1.000,1.000,1.000,-90.00,180.00,13.50,CLOSED,0
655417.032,0,0,0,1.000,1.000,1.000,-90.00,180.00,13.50,CLOSED,0
655417.037,0,0,0,1.000,1.000,1.000,-90.00,180.00,13.50,CLOSED,0
655417.043,0,0,0,1.000,1.000,1.000,-90.00,180.00,13.50,CLOSED,0
655417.047,0,0,0,1.000,1.000,1.000,-90.00,180.00,13.50,CLOSED,0
655417.052,0,0,0,1.000,1.000,1.000,-90.00,180.00,13.50,CLOSED,0
655417.056,0,0,0,1.000,1.000,1.000,-90.00,180.00,13.50,CLOSED,0
655417.060,0,0,0,1.000,1.000,1.000,-90.00,180.00,13.50,CLOSED,0
655417.064,0,0,0,1.000,1.000,1.000,-90.00,180.00,13.50,CLOSED,0
655417.069,0,0,0,1.000,1.000,1.000,-90.00,180.00,13.50,CLOSED,0
655417.074,0,0,0,1.000,1.000,1.000,-90.00,180.00,13.50,CLOSED,0
655417.078,0,0,0,1.000,1.000,1.000,-90.00,180.00,13.50,CLOSED,0
655417.082,0,0,0,1.000,1.000,1.000,-90.00,180.00,13.50,CLOSED,0
655417.086,0,0,0,1.000,1.000,1.000,-90.00,180.00,13.50,CLOSED,0
655417.089,0,0,0,1.000,1.000,1.000,-90.00,180.00,13.50,CLOSED,0
655417.094,0,0,0,1.000,1.000,1.000,-90.00,180.00,13.50,CLOSED,0
655417.099,0,0,0,1.000,1.000,1.000,-90.00,180.00,13.50,CLOSED,0
655417.104,0,0,0,1.000,1.000,1.000,-90.00,180.00,13.50,CLOSED,0
655417.110,0,0,0,1.000,1.000,1.000,-90.00,180.00,13.50,CLOSED,0
655417.115,0,0,0,1.000,1.000,1.000,-90.00,180.00,13.50,CLOSED,0
655417.120,0,0,0,1.000,1.000,1.000,-90.00,180.00,13.50,CLOSED,0
655417.125,0,0,0,1.000,1.000,1.000,-90.00,180.00,13.50,CLOSED,0
655417.129,0,0,0,1.000,1.000,1.000,-90.00,180.00,13.50,CLOSED,0
655417.133,0,0,0,1.000,1.000,1.000,-90.00,180.00,13.50,CLOSED,0
655417.137,0,0,0,1.000,1.000,1.000,-90.00,180.00,13.50,CLOSED,0
655417.142,0,0,0,1.000,1.000,1.000,-90.00,180.00,13.50,CLOSED,0
655417.145,0,0,0,1.000,1.000,1.000,-90.00,180.00,13.50,CLOSED,0
655417.149,0,0,0,1.000,1.000,1.000,-90.00,180.00,13.50,CLOSED,0
655417.153,0,0,0,1.000,1.000,1.000,-90.00,180.00,13.50,CLOSED,0
655417.158,0,0,0,1.000,1.000,1.000,-90.00,180.00,13.50,CLOSED,0
655417.163,0,0,0,1.000,1.000,1.000,-90.00,180.00,13.50,CLOSED,0
655417.168,0,0,0,1.000,1.000,1.000,-90.00,180.00,13.50,CLOSED,0
655417.173,0,0,0,1.000,1.000,1.000,-90.00,180.00,13.50,CLOSED,0
655417.178,0,0,0,1.000,1.000,1.000,-90.00,180.00,13.50,CLOSED,0
655417.183,0,0,0,1.000,1.000,1.000,-90.00,180.00,13.50,CLOSED,0
655417.188,0,0,0,1.000,1.000,1.000,-90.00,180.00,13.50,CLOSED,0
655417.192,0,0,0,1.000,1.000,1.000,-90.00,180.00,13.50,CLOSED,0
655417.196,0,0,0,1.000,1.000,1.000,-90.00,180.00,13.50,CLOSED,0
655417.200,0,0,0,1.000,1.000,1.000,-90.00,180.00,13.50,CLOSED,0
655417.204,0,0,0,1.000,1.000,1.000,-90.00,180.00,13.50,CLOSED,0
655417.207,0,0,0,1.000,1.000,1.000,-90.00,180.00,13.50,CLOSED,0
655417.211,0,0,0,1.000,1.000,1.000,-90.00,180.00,13.50,CLOSED,0
655417.215,0,0,0,1.000,1.000,1.000,-90.00,180.00,13.50,CLOSED,0
655417.220,0,0,0,1.000,1.000,1.000,-90.00,180.00,13.50,CLOSED,0
655417.224,0,0,0,1.000,1.000,1.000,-90.00,180.00,13.50,CLOSED,0
655417.227,0,0,0,1.000,1.000,1.000,-90.00,180.00,13.50,CLOSED,0
655417.231,0,0,0,1.000,1.000,1.000,-90.00,180.00,13.50,CLOSED,0
655417.235,0,0,0,1.000,1.000,1.000,-90.00,180.00,13.50,CLOSED,0
655417.239,0,0,0,1.000,1.000,1.000,-90.00,180.00,13.50,CLOSED,0
655417.244,0,0,0,1.000,1.000,1.000,-90.00,180.00,13.50,CLOSED,0
655417.248,0,0,0,1.000,1.000,1.000,-90.00,180.00,13.50,CLOSED,0
655417.255,0,0,0,0.998,1.000,1.000,-90.00,180.00,13.50,CLOSED,0
655417.260,0,0,0,0.991,1.000,1.000,-90.00,180.00,13.50,CLOSED,0
655417.264,0,0,0,0.944,1.000,1.000,-90.00,180.00,13.50,CLOSED,0
655417.269,0,0,0,0.535,1.000,1.000,-90.00,180.00,13.50,CLOSED,0
655417.273,0,0,0,0.947,1.000,1.000,-90.00,180.00,13.50,CLOSED,0
655417.278,0,0,0,1.000,1.000,1.000,-90.00,180.00,13.50,CLOSED,0
655417.282,0,0,0,1.000,1.000,1.000,-90.00,180.00,13.50,CLOSED,0
655417.286,0,0,0,1.000,1.000,1.000,-90.00,180.00,13.50,CLOSED,0
655417.290,0,0,0,1.000,1.000,1.000,-90.00,180.00,13.50,CLOSED,0
655417.294,0,0,0,1.000,1.000,1.000,-90.00,180.00,13.50,CLOSED,0
655417.298,0,0,0,1.000,1.000,1.000,-90.00,180.00,13.50,CLOSED,0
655417.302,0,0,0,1.000,1.000,1.000,-90.00,180.00,13.50,CLOSED,0
655417.306,0,0,0,1.000,1.000,1.000,-90.00,180.00,13.50,CLOSED,0
655417.311,0,0,0,1.000,1.000,1.000,-90.00,180.00,13.50,CLOSED,0
655417.315,1,0,0,1.000,1.000,1.000,-90.00,180.00,18.00,CLOSED,1
655417.319,1,0,0,1.000,1.000,1.000,-90.00,180.00,18.00,CLOSED,0
655417.324,1,0,0,1.000,1.000,1.000,-90.00,180.00,18.00,CLOSED,0
655417.328,1,0,0,1.000,1.000,1.000,-90.00,180.00,18.00,CLOSED,0
655417.332,1,0,0,1.000,1.000,1.000,-90.00,180.00,18.00,CLOSED,0
655417.335,1,0,0,1.000,1.000,1.000,-90.00,180.00,18.00,CLOSED,0
655417.339,1,0,0,1.000,1.000,1.000,-90.00,180.00,18.00,CLOSED,0
655417.344,1,0,0,1.000,1.000,1.000,-90.00,180.00,18.00,CLOSED,0
655417.347,1,0,0,1.000,1.000,1.000,-90.00,180.00,18.00,CLOSED,0
655417.351,1,0,0,1.000,1.000,1.000,-90.00,180.00,18.00,CLOSED,0
655417.355,1,0,0,1.000,1.000,1.000,-90.00,180.00,18.00,CLOSED,0
655417.359,1,0,0,1.000,1.000,1.000,-90.00,180.00,18.00,CLOSED,0
655417.363,1,0,0,1.000,1.000,1.000,-90.00,180.00,18.00,CLOSED,0
655417.367,1,0,0,1.000,1.000,1.000,-90.00,180.00,18.00,CLOSED,0
655417.371,1,0,0,1.000,1.000,1.000,-90.00,180.00,18.00,CLOSED,0
655417.377,1,0,0,1.000,1.000,1.000,-90.00,180.00,18.00,CLOSED,0
655417.381,1,0,0,1.000,1.000,1.000,-90.00,180.00,18.00,CLOSED,0
655417.385,1,0,0,1.000,1.000,1.000,-90.00,180.00,18.00,CLOSED,0
655417.390,1,0,0,1.000,1.000,1.000,-90.00,180.00,18.00,CLOSED,0
655417.394,1,0,0,1.000,1.000,1.000,-90.00,180.00,18.00,CLOSED,0
655417.398,1,0,0,1.000,1.000,1.000,-90.00,180.00,18.00,CLOSED,0
655417.402,1,0,0,1.000,1.000,1.000,-90.00,180.00,18.00,CLOSED,0
655417.406,1,0,0,1.000,1.000,1.000,-90.00,180.00,18.00,CLOSED,0
655417.410,1,0,0,1.000,1.000,1.000,-90.00,180.00,18.00,CLOSED,0
655417.415,1,0,0,1.000,1.000,1.000,-90.00,180.00,18.00,CLOSED,0
655417.419,1,0,0,1.000,1.000,1.000,-90.00,180.00,22.50,CLOSED,1
655417.423,1,0,0,1.000,1.000,1.000,-90.00,180.00,22.50,CLOSED,0
655417.427,1,0,0,1.000,1.000,1.000,-90.00,180.00,22.50,CLOSED,0
655417.431,1,0,0,1.000,1.000,1.000,-90.00,180.00,22.50,CLOSED,0
655417.436,1,0,0,1.000,1.000,1.000,-90.00,180.00,22.50,CLOSED,0
655417.440,1,0,0,1.000,1.000,1.000,-90.00,180.00,22.50,CLOSED,0
655417.445,1,0,0,1.000,1.000,1.000,-90.00,180.00,22.50,CLOSED,0
655417.449,1,0,0,1.000,1.000,1.000,-90.00,180.00,22.50,CLOSED,0
655417.453,1,0,0,1.000,1.000,1.000,-90.00,180.00,22.50,CLOSED,0
655417.457,1,0,0,1.000,1.000,1.000,-90.00,180.00,22.50,CLOSED,0
655417.461,1,0,0,1.000,1.000,1.000,-90.00,180.00,22.50,CLOSED,0
655417.465,1,0,0,1.000,1.000,1.000,-90.00,180.00,22.50,CLOSED,0
655417.469,1,0,0,1.000,1.000,1.000,-90.00,180.00,22.50,CLOSED,0
655417.473,1,0,0,1.000,1.000,1.000,-90.00,180.00,22.50,CLOSED,0
655417.477,1,0,0,1.000,1.000,1.000,-90.00,180.00,22.50,CLOSED,0
655417.481,1,0,0,1.000,1.000,1.000,-90.00,180.00,22.50,CLOSED,0
655417.485,1,0,0,1.000,1.000,1.000,-90.00,180.00,22.50,CLOSED,0
655417.489,1,0,0,1.000,1.000,1.000,-90.00,180.00,22.50,CLOSED,0
655417.494,1,0,0,1.000,1.000,1.000,-90.00,180.00,22.50,CLOSED,0
655417.499,1,0,0,1.000,1.000,1.000,-90.00,180.00,22.50,CLOSED,0
655417.504,1,0,0,1.000,1.000,1.000,-90.00,180.00,22.50,CLOSED,0
655417.509,1,0,0,1.000,1.000,1.000,-90.00,180.00,22.50,CLOSED,0
655417.514,1,0,0,1.000,1.000,1.000,-90.00,180.00,22.50,CLOSED,0
655417.519,1,0,0,1.000,1.000,1.000,-90.00,180.00,27.00,CLOSED,1
655417.524,1,0,0,1.000,1.000,1.000,-90.00,180.00,27.00,CLOSED,0
655417.529,1,0,0,1.000,1.000,1.000,-90.00,180.00,27.00,CLOSED,0
655417.533,1,0,0,1.000,1.000,1.000,-90.00,180.00,27.00,CLOSED,0
655417.537,1,0,0,1.000,1.000,1.000,-90.00,180.00,27.00,CLOSED,0
655417.541,1,0,0,1.000,1.000,1.000,-90.00,180.00,27.00,CLOSED,0
655417.545,1,0,0,1.000,1.000,1.000,-90.00,180.00,27.00,CLOSED,0
655417.549,1,0,0,1.000,1.000,1.000,-90.00,180.00,27.00,CLOSED,0
655417.553,1,0,0,1.000,1.000,1.000,-90.00,180.00,27.00,CLOSED,0
655417.557,1,0,0,1.000,1.000,1.000,-90.00,180.00,27.00,CLOSED,0
655417.561,1,0,0,1.000,1.000,1.000,-90.00,180.00,27.00,CLOSED,0
655417.565,1,0,0,1.000,1.000,1.000,-90.00,180.00,27.00,CLOSED,0
655417.568,1,0,0,1.000,1.000,1.000,-90.00,180.00,27.00,CLOSED,0
655417.572,1,0,0,1.000,1.000,1.000,-90.00,180.00,27.00,CLOSED,0
655417.577,1,0,0,1.000,1.000,1.000,-90.00,180.00,27.00,CLOSED,0
655417.580,1,0,0,1.000,1.000,1.000,-90.00,180.00,27.00,CLOSED,0
655417.584,1,0,0,1.000,1.000,1.000,-90.00,180.00,27.00,CLOSED,0
655417.589,1,0,0,1.000,1.000,1.000,-90.00,180.00,27.00,CLOSED,0
655417.593,1,0,0,1.000,1.000,1.000,-90.00,180.00,27.00,CLOSED,0
655417.596,1,0,0,1.000,1.000,1.000,-90.00,180.00,27.00,CLOSED,0
655417.600,1,0,0,1.000,1.000,1.000,-90.00,180.00,27.00,CLOSED,0
655417.604,1,0,0,1.000,1.000,1.000,-90.00,180.00,27.00,CLOSED,0
655417.608,1,0,0,1.000,1.000,1.000,-90.00,180.00,27.00,CLOSED,0
655417.612,1,0,0,1.000,1.000,1.000,-90.00,180.00,27.00,CLOSED,0
655417.616,1,0,0,1.000,1.000,1.000,-90.00,180.00,27.00,CLOSED,0
655417.620,1,0,0,1.000,1.000,1.000,-90.00,180.00,31.50,CLOSED,1
655417.625,1,0,0,1.000,1.000,1.000,-90.00,180.00,31.50,CLOSED,0
655417.630,1,0,0,1.000,1.000,1.000,-90.00,180.00,31.50,CLOSED,0
655417.634,1,0,0,1.000,1.000,1.000,-90.00,180.00,31.50,CLOSED,0
655417.639,1,0,0,1.000,1.000,1.000,-90.00,180.00,31.50,CLOSED,0
655417.643,1,0,0,1.000,1.000,1.000,-90.00,180.00,31.50,CLOSED,0
655417.647,1,0,0,1.000,1.000,1.000,-90.00,180.00,31.50,CLOSED,0
655417.650,1,0,0,1.000,1.000,1.000,-90.00,180.00,31.50,CLOSED,0
655417.655,1,0,0,1.000,1.000,1.000,-90.00,180.00,31.50,CLOSED,0
655417.659,1,0,0,1.000,1.000,1.000,-90.00,180.00,31.50,CLOSED,0
655417.663,1,0,0,1.000,1.000,1.000,-90.00,180.00,31.50,CLOSED,0
655417.667,1,0,0,1.000,1.000,1.000,-90.00,180.00,31.50,CLOSED,0
655417.672,1,0,0,1.000,1.000,1.000,-90.00,180.00,31.50,CLOSED,0
655417.676,1,0,0,1.000,1.000,1.000,-90.00,180.00,31.50,CLOSED,0
655417.680,1,0,0,1.000,1.000,1.000,-90.00,180.00,31.50,CLOSED,0
655417.684,1,0,0,1.000,1.000,1.000,-90.00,180.00,31.50,CLOSED,0
655417.688,1,0,0,1.000,1.000,1.000,-90.00,180.00,31.50,CLOSED,0
655417.692,1,0,0,1.000,1.000,1.000,-90.00,180.00,31.50,CLOSED,0
655417.697,1,0,0,1.000,1.000,1.000,-90.00,180.00,31.50,CLOSED,0
655417.701,1,0,0,1.000,1.000,1.000,-90.00,180.00,31.50,CLOSED,0
655417.706,1,0,0,1.000,1.000,1.000,-90.00,180.00,31.50,CLOSED,0
655417.710,1,0,0,1.000,1.000,1.000,-90.00,180.00,31.50,CLOSED,0
655417.715,1,0,0,1.000,1.000,1.000,-90.00,180.00,31.50,CLOSED,0
655417.719,1,0,0,1.000,1.000,1.000,-90.00,180.00,31.50,CLOSED,0
655417.723,1,0,0,1.000,1.000,1.000,-90.00,180.00,36.00,CLOSED,1
655417.726,1,0,0,1.000,1.000,1.000,-90.00,180.00,36.00,CLOSED,0
655417.730,1,0,0,1.000,1.000,1.000,-90.00,180.00,36.00,CLOSED,0
655417.734,1,0,0,1.000,1.000,1.000,-90.00,180.00,36.00,CLOSED,0
655417.738,1,0,0,1.000,1.000,1.000,-90.00,180.00,36.00,CLOSED,0
655417.742,1,0,0,1.000,1.000,1.000,-90.00,180.00,36.00,CLOSED,0
655417.747,1,0,0,1.000,1.000,1.000,-90.00,180.00,36.00,CLOSED,0
655417.751,1,0,0,1.000,1.000,1.000,-90.00,180.00,36.00,CLOSED,0
655417.755,1,0,0,1.000,1.000,1.000,-90.00,180.00,36.00,CLOSED,0
655417.759,1,0,0,1.000,1.000,1.000,-90.00,180.00,36.00,CLOSED,0
655417.763,1,0,0,1.000,1.000,1.000,-90.00,180.00,36.00,CLOSED,0
655417.767,1,0,0,1.000,1.000,1.000,-90.00,180.00,36.00,CLOSED,0
655417.771,1,0,0,1.000,1.000,1.000,-90.00,180.00,36.00,CLOSED,0
655417.775,1,0,0,1.000,1.000,1.000,-90.00,180.00,36.00,CLOSED,0
655417.780,1,0,0,1.000,1.000,1.000,-90.00,180.00,36.00,CLOSED,0
655417.784,1,0,0,0.984,1.000,1.000,-90.00,180.00,36.00,CLOSED,0
655417.789,1,0,0,0.979,1.000,1.000,-90.00,180.00,36.00,CLOSED,0
655417.793,1,0,0,0.997,1.000,1.000,-90.00,180.00,36.00,CLOSED,0
655417.797,1,0,0,0.999,1.000,1.000,-90.00,180.00,36.00,CLOSED,0
655417.801,1,0,0,1.000,1.000,1.000,-90.00,180.00,36.00,CLOSED,0
655417.805,1,0,0,1.000,1.000,1.000,-90.00,180.00,36.00,CLOSED,0
655417.809,1,0,0,1.000,1.000,1.000,-90.00,180.00,36.00,CLOSED,0
655417.813,1,0,0,1.000,1.000,1.000,-90.00,180.00,36.00,CLOSED,0
655417.817,1,0,0,1.000,1.000,1.000,-90.00,180.00,36.00,CLOSED,0
655417.822,1,0,0,1.000,1.000,1.000,-90.00,180.00,36.00,CLOSED,0
655417.826,1,0,0,1.000,1.000,1.000,-90.00,180.00,40.50,CLOSED,1
655417.829,1,0,0,1.000,1.000,1.000,-90.00,180.00,40.50,CLOSED,0
655417.833,0,0,0,1.000,1.000,1.000,-90.00,180.00,40.50,CLOSED,0
655417.837,0,0,0,1.000,1.000,1.000,-90.00,180.00,40.50,CLOSED,0
655417.841,0,0,0,1.000,1.000,1.000,-90.00,180.00,40.50,CLOSED,0
655417.845,0,0,0,1.000,1.000,1.000,-90.00,180.00,40.50,CLOSED,0
655417.850,0,0,0,1.000,1.000,1.000,-90.00,180.00,40.50,CLOSED,0
655417.855,0,0,0,1.000,1.000,1.000,-90.00,180.00,40.50,CLOSED,0
655417.860,0,0,0,1.000,1.000,1.000,-90.00,180.00,40.50,CLOSED,0
655417.865,0,0,0,1.000,1.000,1.000,-90.00,180.00,40.50,CLOSED,0
655417.869,0,0,0,1.000,1.000,1.000,-90.00,180.00,40.50,CLOSED,0
655417.873,0,0,0,1.000,1.000,1.000,-90.00,180.00,40.50,CLOSED,0
655417.877,0,0,0,1.000,1.000,1.000,-90.00,180.00,40.50,CLOSED,0
655417.881,0,0,0,1.000,1.000,1.000,-90.00,180.00,40.50,CLOSED,0
655417.885,0,0,0,1.000,1.000,1.000,-90.00,180.00,40.50,CLOSED,0
655417.889,0,0,0,1.000,1.000,1.000,-90.00,180.00,40.50,CLOSED,0
655417.893,0,0,0,1.000,1.000,1.000,-90.00,180.00,40.50,CLOSED,0
655417.897,0,0,0,1.000,1.000,1.000,-90.00,180.00,40.50,CLOSED,0
655417.901,0,0,0,1.000,1.000,1.000,-90.00,180.00,40.50,CLOSED,0
655417.905,0,0,0,1.000,1.000,1.000,-90.00,180.00,40.50,CLOSED,0
655417.909,0,0,0,1.000,1.000,1.000,-90.00,180.00,40.50,CLOSED,0
655417.913,0,0,0,1.000,1.000,1.000,-90.00,180.00,40.50,CLOSED,0
655417.917,0,0,0,1.000,1.000,1.000,-90.00,180.00,40.50,CLOSED,0
655417.921,0,0,0,1.000,1.000,1.000,-90.00,180.00,40.50,CLOSED,0
655417.925,0,0,0,1.000,1.000,1.000,-90.00,180.00,40.50,CLOSED,0
655417.929,0,0,0,1.000,1.000,1.000,-90.00,180.00,40.50,CLOSED,0
655417.934,0,0,0,1.000,1.000,1.000,-90.00,180.00,40.50,CLOSED,0
655417.938,0,0,0,1.000,1.000,1.000,-90.00,180.00,40.50,CLOSED,0
655417.941,0,0,0,1.000,1.000,1.000,-90.00,180.00,40.50,CLOSED,0
655417.945,0,0,0,1.000,1.000,1.000,-90.00,180.00,40.50,CLOSED,0
655417.949,0,0,0,1.000,1.000,1.000,-90.00,180.00,40.50,CLOSED,0
655417.953,0,0,0,1.000,1.000,1.000,-90.00,180.00,40.50,CLOSED,0
655417.957,0,0,0,1.000,1.000,1.000,-90.00,180.00,40.50,CLOSED,0
655417.961,0,0,0,1.000,1.000,1.000,-90.00,180.00,40.50,CLOSED,0
655417.966,0,0,0,1.000,1.000,1.000,-90.00,180.00,40.50,CLOSED,0
655417.970,0,0,0,1.000,1.000,1.000,-90.00,180.00,40.50,CLOSED,0
655417.976,0,0,0,1.000,1.000,1.000,-90.00,180.00,40.50,CLOSED,0
655417.982,0,0,0,1.000,1.000,1.000,-90.00,180.00,40.50,CLOSED,0
655417.987,0,0,0,1.000,1.000,1.000,-90.00,180.00,40.50,CLOSED,0
655417.992,0,0,0,1.000,1.000,1.000,-90.00,180.00,40.50,CLOSED,0
655417.997,0,0,0,1.000,1.000,1.000,-90.00,180.00,40.50,CLOSED,0
655418.001,0,0,0,1.000,1.000,1.000,-90.00,180.00,40.50,CLOSED,0
655418.005,0,0,0,1.000,1.000,1.000,-90.00,180.00,40.50,CLOSED,0
655418.010,0,0,0,1.000,1.000,1.000,-90.00,180.00,40.50,CLOSED,0
655418.015,0,0,0,1.000,1.000,1.000,-90.00,180.00,40.50,CLOSED,0
655418.019,0,0,0,1.000,1.000,1.000,-90.00,180.00,40.50,CLOSED,0
655418.023,0,0,0,1.000,1.000,1.000,-90.00,180.00,40.50,CLOSED,0
655418.027,0,0,0,1.000,1.000,1.000,-90.00,180.00,40.50,CLOSED,0
655418.031,0,0,0,1.000,1.000,1.000,-90.00,180.00,40.50,CLOSED,0
655418.035,0,0,0,1.000,1.000,1.000,-90.00,180.00,40.50,CLOSED,0
655418.039,0,0,0,1.000,1.000,1.000,-90.00,180.00,40.50,CLOSED,0
655418.043,0,0,0,1.000,1.000,1.000,-90.00,180.00,40.50,CLOSED,0
655418.047,0,0,0,1.000,1.000,1.000,-90.00,180.00,40.50,CLOSED,0
655418.051,0,0,0,1.000,1.000,1.000,-90.00,180.00,40.50,CLOSED,0
655418.055,0,0,0,1.000,1.000,1.000,-90.00,180.00,40.50,CLOSED,0
655418.060,0,0,0,1.000,1.000,1.000,-90.00,180.00,40.50,CLOSED,0
655418.064,0,0,0,1.000,1.000,1.000,-90.00,180.00,40.50,CLOSED,0
655418.072,0,0,0,1.000,1.000,1.000,-90.00,180.00,40.50,CLOSED,0
655418.081,0,0,0,1.000,1.000,1.000,-90.00,180.00,40.50,CLOSED,0
655418.092,0,0,0,1.000,1.000,1.000,-90.00,180.00,40.50,CLOSED,0
655418.102,0,0,0,1.000,1.000,1.000,-90.00,180.00,40.50,CLOSED,0
655418.111,0,0,0,1.000,1.000,1.000,-90.00,180.00,40.50,CLOSED,0
655418.119,0,0,0,1.000,1.000,1.000,-90.00,180.00,40.50,CLOSED,0
655418.130,0,0,0,1.000,1.000,1.000,-90.00,180.00,40.50,CLOSED,0
655418.136,0,0,0,1.000,1.000,1.000,-90.00,180.00,40.50,CLOSED,0
655418.141,0,0,0,1.000,1.000,1.000,-90.00,180.00,40.50,CLOSED,0
655418.146,0,0,0,1.000,1.000,1.000,-90.00,180.00,40.50,CLOSED,0
655418.150,0,0,0,1.000,1.000,1.000,-90.00,180.00,40.50,CLOSED,0
655418.155,0,0,0,1.000,1.000,1.000,-90.00,180.00,40.50,CLOSED,0
655418.159,0,0,0,1.000,1.000,1.000,-90.00,180.00,40.50,CLOSED,0
655418.163,0,0,0,1.000,1.000,1.000,-90.00,180.00,40.50,CLOSED,0
655418.168,0,0,0,1.000,1.000,1.000,-90.00,180.00,40.50,CLOSED,0
655418.173,0,0,0,1.000,1.000,1.000,-90.00,180.00,40.50,CLOSED,0
655418.177,0,0,0,1.000,1.000,1.000,-90.00,180.00,40.50,CLOSED,0
655418.182,0,0,0,1.000,1.000,1.000,-90.00,180.00,40.50,CLOSED,0
655418.186,0,0,0,1.000,1.000,1.000,-90.00,180.00,40.50,CLOSED,0
655418.191,0,0,0,1.000,1.000,1.000,-90.00,180.00,40.50,CLOSED,0
655418.196,0,0,0,1.000,1.000,1.000,-90.00,180.00,40.50,CLOSED,0
655418.201,0,0,0,1.000,1.000,1.000,-90.00,180.00,40.50,CLOSED,0
655418.205,0,0,0,1.000,1.000,1.000,-90.00,180.00,40.50,CLOSED,0
655418.209,0,0,0,1.000,1.000,1.000,-90.00,180.00,40.50,CLOSED,0
655418.213,0,0,0,1.000,1.000,1.000,-90.00,180.00,40.50,CLOSED,0
655418.217,0,0,0,1.000,1.000,1.000,-90.00,180.00,40.50,CLOSED,0
655418.221,0,0,0,1.000,1.000,1.000,-90.00,180.00,40.50,CLOSED,0
655418.225,0,0,0,1.000,1.000,1.000,-90.00,180.00,40.50,CLOSED,0
655418.231,0,0,0,1.000,1.000,1.000,-90.00,180.00,40.50,CLOSED,0
655418.237,0,0,0,1.000,1.000,1.000,-90.00,180.00,40.50,CLOSED,0
655418.243,0,0,0,1.000,1.000,1.000,-90.00,180.00,40.50,CLOSED,0
655418.249,0,0,0,1.000,1.000,1.000,-90.00,180.00,40.50,CLOSED,0
655418.254,0,0,0,1.000,1.000,1.000,-90.00,180.00,40.50,CLOSED,0
655418.259,0,0,0,1.000,1.000,1.000,-90.00,180.00,40.50,CLOSED,0
655418.263,0,0,0,1.000,1.000,1.000,-90.00,180.00,40.50,CLOSED,0
655418.268,0,0,0,1.000,1.000,1.000,-90.00,180.00,40.50,CLOSED,0
655418.272,0,0,0,1.000,1.000,1.000,-90.00,180.00,40.50,CLOSED,0
655418.276,0,0,0,1.000,1.000,1.000,-90.00,180.00,40.50,CLOSED,0
655418.279,0,0,0,1.000,1.000,1.000,-90.00,180.00,40.50,CLOSED,0
655418.283,0,0,0,1.000,1.000,1.000,-90.00,180.00,40.50,CLOSED,0
655418.287,0,0,0,1.000,1.000,1.000,-90.00,180.00,40.50,CLOSED,0
655418.291,0,0,0,1.000,1.000,1.000,-90.00,180.00,40.50,CLOSED,0
655418.295,0,0,0,1.000,1.000,1.000,-90.00,180.00,40.50,CLOSED,0
655418.300,0,0,0,1.000,1.000,1.000,-90.00,180.00,40.50,CLOSED,0
655418.305,0,0,0,1.000,1.000,1.000,-90.00,180.00,40.50,CLOSED,0
655418.309,0,0,0,1.000,1.000,1.000,-90.00,180.00,40.50,CLOSED,0
655418.314,0,0,0,1.000,1.000,1.000,-90.00,180.00,40.50,CLOSED,0
655418.321,0,0,0,1.000,1.000,1.000,-90.00,180.00,40.50,CLOSED,0
655418.328,0,0,0,1.000,1.000,1.000,-90.00,180.00,40.50,CLOSED,0
655418.335,0,0,0,1.000,1.000,1.000,-90.00,180.00,40.50,CLOSED,0
655418.342,0,0,0,1.000,1.000,1.000,-90.00,180.00,40.50,CLOSED,0
655418.347,0,0,0,1.000,1.000,1.000,-90.00,180.00,40.50,CLOSED,0
655418.351,0,0,0,1.000,1.000,1.000,-90.00,180.00,40.50,CLOSED,0
655418.356,0,0,0,1.000,1.000,1.000,-90.00,180.00,40.50,CLOSED,0
655418.361,0,0,0,1.000,1.000,1.000,-90.00,180.00,40.50,CLOSED,0
655418.364,0,0,0,0.999,1.000,1.000,-90.00,180.00,40.50,CLOSED,0
655418.368,0,0,0,0.999,1.000,1.000,-90.00,180.00,40.50,CLOSED,0
655418.373,0,0,0,1.000,1.000,1.000,-90.00,180.00,40.50,CLOSED,0
655418.377,0,0,0,1.000,1.000,1.000,-90.00,180.00,40.50,CLOSED,0
655418.382,0,0,0,1.000,1.000,1.000,-90.00,180.00,40.50,CLOSED,0
655418.385,0,0,0,1.000,1.000,1.000,-90.00,180.00,40.50,CLOSED,0
655418.390,0,0,0,1.000,1.000,1.000,-90.00,180.00,40.50,CLOSED,0
655418.394,0,0,0,1.000,1.000,1.000,-90.00,180.00,40.50,CLOSED,0
655418.398,0,0,0,1.000,1.000,1.000,-90.00,180.00,40.50,CLOSED,0
655418.402,0,0,0,1.000,1.000,1.000,-90.00,180.00,40.50,CLOSED,0
655418.406,0,0,0,1.000,1.000,1.000,-90.00,180.00,40.50,CLOSED,0
655418.411,0,0,0,1.000,1.000,1.000,-90.00,180.00,40.50,CLOSED,0
655418.416,0,0,0,1.000,1.000,1.000,-90.00,180.00,40.50,CLOSED,0
655418.420,0,0,0,1.000,1.000,1.000,-90.00,180.00,40.50,CLOSED,0
655418.424,0,0,0,1.000,1.000,1.000,-90.00,180.00,40.50,CLOSED,0
655418.427,0,0,0,1.000,1.000,1.000,-90.00,180.00,40.50,CLOSED,0
655418.431,0,0,0,1.000,1.000,1.000,-90.00,180.00,40.50,CLOSED,0
655418.435,0,0,0,1.000,1.000,1.000,-90.00,180.00,40.50,CLOSED,0
655418.439,0,0,0,1.000,1.000,1.000,-90.00,180.00,40.50,CLOSED,0
655418.443,0,0,0,1.000,1.000,1.000,-90.00,180.00,40.50,CLOSED,0
655418.447,0,0,0,1.000,1.000,1.000,-90.00,180.00,40.50,CLOSED,0
655418.452,0,0,0,0.987,1.000,1.000,-90.00,180.00,40.50,CLOSED,0
655418.456,0,0,0,0.950,1.000,1.000,-90.00,180.00,40.50,CLOSED,0
655418.460,0,0,0,0.995,1.000,1.000,-90.00,180.00,40.50,CLOSED,0
655418.464,0,0,0,0.999,1.000,1.000,-90.00,180.00,40.50,CLOSED,0
655418.468,0,0,0,1.000,1.000,1.000,-90.00,180.00,40.50,CLOSED,0
655418.472,0,0,0,1.000,1.000,1.000,-90.00,180.00,40.50,CLOSED,0
655418.476,0,0,0,1.000,1.000,1.000,-90.00,180.00,40.50,CLOSED,0
655418.481,0,0,0,1.000,1.000,1.000,-90.00,180.00,40.50,CLOSED,0
655418.486,0,0,0,1.000,1.000,1.000,-90.00,180.00,40.50,CLOSED,0
655418.491,0,0,0,1.000,1.000,1.000,-90.00,180.00,40.50,CLOSED,0
655418.495,0,0,0,1.000,1.000,1.000,-90.00,180.00,40.50,CLOSED,0
655418.499,0,0,0,1.000,1.000,1.000,-90.00,180.00,40.50,CLOSED,0
655418.503,2,0,0,1.000,1.000,1.000,-90.00,180.00,36.00,CLOSED,1
655418.507,2,0,0,1.000,1.000,1.000,-90.00,180.00,36.00,CLOSED,0
655418.512,2,0,0,1.000,1.000,1.000,-90.00,180.00,36.00,CLOSED,0
655418.516,2,0,0,1.000,1.000,1.000,-90.00,180.00,36.00,CLOSED,0
655418.520,2,0,0,1.000,1.000,1.000,-90.00,180.00,36.00,CLOSED,0
655418.525,2,0,0,1.000,1.000,1.000,-90.00,180.00,36.00,CLOSED,0
655418.529,2,0,0,1.000,1.000,1.000,-90.00,180.00,36.00,CLOSED,0
655418.533,2,0,0,1.000,1.000,1.000,-90.00,180.00,36.00,CLOSED,0
655418.537,2,0,0,1.000,1.000,1.000,-90.00,180.00,36.00,CLOSED,0
655418.542,2,0,0,1.000,1.000,1.000,-90.00,180.00,36.00,CLOSED,0
655418.546,2,0,0,1.000,1.000,1.000,-90.00,180.00,36.00,CLOSED,0
655418.550,2,0,0,1.000,1.000,1.000,-90.00,180.00,36.00,CLOSED,0
655418.554,2,0,0,1.000,1.000,1.000,-90.00,180.00,36.00,CLOSED,0
655418.558,2,0,0,1.000,1.000,1.000,-90.00,180.00,36.00,CLOSED,0
655418.562,2,0,0,1.000,1.000,1.000,-90.00,180.00,36.00,CLOSED,0
655418.567,2,0,0,1.000,1.000,1.000,-90.00,180.00,36.00,CLOSED,0
655418.571,2,0,0,1.000,1.000,1.000,-90.00,180.00,36.00,CLOSED,0
655418.575,2,0,0,1.000,1.000,1.000,-90.00,180.00,36.00,CLOSED,0
655418.579,2,0,0,1.000,1.000,1.000,-90.00,180.00,36.00,CLOSED,0
655418.582,2,0,0,1.000,1.000,1.000,-90.00,180.00,36.00,CLOSED,0
655418.586,2,0,0,1.000,1.000,1.000,-90.00,180.00,36.00,CLOSED,0
655418.590,2,0,0,1.000,1.000,1.000,-90.00,180.00,36.00,CLOSED,0
655418.594,2,0,0,1.000,1.000,1.000,-90.00,180.00,36.00,CLOSED,0
655418.599,2,0,0,1.000,1.000,1.000,-90.00,180.00,36.00,CLOSED,0
655418.604,2,0,0,1.000,1.000,1.000,-90.00,180.00,31.50,CLOSED,1
655418.610,2,0,0,1.000,1.000,1.000,-90.00,180.00,31.50,CLOSED,0
655418.615,2,0,0,1.000,1.000,1.000,-90.00,180.00,31.50,CLOSED,0
655418.621,2,0,0,1.000,1.000,1.000,-90.00,180.00,31.50,CLOSED,0
655418.626,2,0,0,1.000,1.000,1.000,-90.00,180.00,31.50,CLOSED,0
655418.631,2,0,0,1.000,1.000,1.000,-90.00,180.00,31.50,CLOSED,0
655418.636,2,0,0,1.000,1.000,1.000,-90.00,180.00,31.50,CLOSED,0
655418.641,2,0,0,1.000,1.000,1.000,-90.00,180.00,31.50,CLOSED,0
655418.646,2,0,0,1.000,1.000,1.000,-90.00,180.00,31.50,CLOSED,0
655418.650,2,0,0,1.000,1.000,1.000,-90.00,180.00,31.50,CLOSED,0
655418.654,2,0,0,1.000,1.000,1.000,-90.00,180.00,31.50,CLOSED,0
655418.658,2,0,0,1.000,1.000,1.000,-90.00,180.00,31.50,CLOSED,0
655418.662,2,0,0,1.000,1.000,1.000,-90.00,180.00,31.50,CLOSED,0
655418.666,2,0,0,1.000,1.000,1.000,-90.00,180.00,31.50,CLOSED,0
655418.670,2,0,0,1.000,1.000,1.000,-90.00,180.00,31.50,CLOSED,0
655418.674,2,0,0,1.000,1.000,1.000,-90.00,180.00,31.50,CLOSED,0
655418.677,2,0,0,1.000,1.000,1.000,-90.00,180.00,31.50,CLOSED,0
655418.681,2,0,0,1.000,1.000,1.000,-90.00,180.00,31.50,CLOSED,0
655418.685,2,0,0,1.000,1.000,1.000,-90.00,180.00,31.50,CLOSED,0
655418.689,2,0,0,1.000,1.000,1.000,-90.00,180.00,31.50,CLOSED,0
655418.693,2,0,0,1.000,1.000,1.000,-90.00,180.00,31.50,CLOSED,0
655418.697,2,0,0,1.000,1.000,1.000,-90.00,180.00,31.50,CLOSED,0
655418.702,2,0,0,1.000,1.000,1.000,-90.00,180.00,31.50,CLOSED,0
655418.705,2,0,0,1.000,1.000,1.000,-90.00,180.00,27.00,CLOSED,1
655418.710,2,0,0,1.000,1.000,1.000,-90.00,180.00,27.00,CLOSED,0
655418.716,2,0,0,1.000,1.000,1.000,-90.00,180.00,27.00,CLOSED,0
655418.722,2,0,0,1.000,1.000,1.000,-90.00,180.00,27.00,CLOSED,0
655418.726,2,0,0,1.000,1.000,1.000,-90.00,180.00,27.00,CLOSED,0
655418.731,2,0,0,1.000,1.000,1.000,-90.00,180.00,27.00,CLOSED,0
655418.736,2,0,0,1.000,1.000,1.000,-90.00,180.00,27.00,CLOSED,0
655418.740,2,0,0,1.000,1.000,1.000,-90.00,180.00,27.00,CLOSED,0
655418.744,2,0,0,1.000,1.000,1.000,-90.00,180.00,27.00,CLOSED,0
655418.748,2,0,0,1.000,1.000,1.000,-90.00,180.00,27.00,CLOSED,0
655418.751,2,0,0,1.000,1.000,1.000,-90.00,180.00,27.00,CLOSED,0
655418.756,2,0,0,1.000,1.000,1.000,-90.00,180.00,27.00,CLOSED,0
655418.760,2,0,0,1.000,1.000,1.000,-90.00,180.00,27.00,CLOSED,0
655418.764,2,0,0,1.000,1.000,1.000,-90.00,180.00,27.00,CLOSED,0
655418.768,2,0,0,1.000,1.000,1.000,-90.00,180.00,27.00,CLOSED,0
655418.772,2,0,0,1.000,1.000,1.000,-90.00,180.00,27.00,CLOSED,0
655418.777,2,0,0,1.000,1.000,1.000,-90.00,180.00,27.00,CLOSED,0
655418.782,2,0,0,1.000,1.000,1.000,-90.00,180.00,27.00,CLOSED,0
655418.787,2,0,0,1.000,1.000,1.000,-90.00,180.00,27.00,CLOSED,0
655418.792,2,0,0,1.000,1.000,1.000,-90.00,180.00,27.00,CLOSED,0
655418.796,2,0,0,1.000,1.000,1.000,-90.00,180.00,27.00,CLOSED,0
655418.801,2,0,0,1.000,1.000,1.000,-90.00,180.00,27.00,CLOSED,0
655418.805,2,0,0,1.000,1.000,1.000,-90.00,180.00,27.00,CLOSED,0
655418.810,2,0,0,1.000,1.000,1.000,-90.00,180.00,22.50,CLOSED,1
655418.814,2,0,0,1.000,1.000,1.000,-90.00,180.00,22.50,CLOSED,0
655418.818,2,0,0,1.000,1.000,1.000,-90.00,180.00,22.50,CLOSED,0
655418.821,2,0,0,1.000,1.000,1.000,-90.00,180.00,22.50,CLOSED,0
655418.825,2,0,0,1.000,1.000,1.000,-90.00,180.00,22.50,CLOSED,0
655418.829,2,0,0,1.000,1.000,1.000,-90.00,180.00,22.50,CLOSED,0
655418.833,2,0,0,1.000,1.000,1.000,-90.00,180.00,22.50,CLOSED,0
655418.837,2,0,0,1.000,1.000,1.000,-90.00,180.00,22.50,CLOSED,0
655418.841,2,0,0,1.000,1.000,1.000,-90.00,180.00,22.50,CLOSED,0
655418.846,2,0,0,1.000,1.000,1.000,-90.00,180.00,22.50,CLOSED,0
655418.850,2,0,0,1.000,1.000,1.000,-90.00,180.00,22.50,CLOSED,0
655418.854,2,0,0,1.000,1.000,1.000,-90.00,180.00,22.50,CLOSED,0
655418.858,2,0,0,1.000,1.000,1.000,-90.00,180.00,22.50,CLOSED,0
655418.862,2,0,0,1.000,1.000,1.000,-90.00,180.00,22.50,CLOSED,0
655418.867,2,0,0,1.000,1.000,1.000,-90.00,180.00,22.50,CLOSED,0
655418.871,2,0,0,1.000,1.000,1.000,-90.00,180.00,22.50,CLOSED,0
655418.875,2,0,0,1.000,1.000,1.000,-90.00,180.00,22.50,CLOSED,0
655418.879,2,0,0,1.000,1.000,1.000,-90.00,180.00,22.50,CLOSED,0
655418.883,2,0,0,1.000,1.000,1.000,-90.00,180.00,22.50,CLOSED,0
655418.887,2,0,0,1.000,1.000,1.000,-90.00,180.00,22.50,CLOSED,0
655418.891,2,0,0,1.000,1.000,1.000,-90.00,180.00,22.50,CLOSED,0
655418.895,2,0,0,1.000,1.000,1.000,-90.00,180.00,22.50,CLOSED,0
655418.899,2,0,0,1.000,1.000,1.000,-90.00,180.00,22.50,CLOSED,0
655418.903,2,0,0,1.000,1.000,1.000,-90.00,180.00,22.50,CLOSED,0
655418.907,2,0,0,1.000,1.000,1.000,-90.00,180.00,22.50,CLOSED,0
655418.911,2,0,0,1.000,1.000,1.000,-90.00,180.00,18.00,CLOSED,1
655418.915,2,0,0,1.000,1.000,1.000,-90.00,180.00,18.00,CLOSED,0
655418.919,2,0,0,1.000,1.000,1.000,-90.00,180.00,18.00,CLOSED,0
655418.923,2,0,0,1.000,1.000,1.000,-90.00,180.00,18.00,CLOSED,0
655418.926,2,0,0,1.000,1.000,1.000,-90.00,180.00,18.00,CLOSED,0
655418.931,2,0,0,1.000,1.000,1.000,-90.00,180.00,18.00,CLOSED,0
655418.935,2,0,0,1.000,1.000,1.000,-90.00,180.00,18.00,CLOSED,0
655418.939,2,0,0,1.000,1.000,1.000,-90.00,180.00,18.00,CLOSED,0
655418.943,2,0,0,1.000,1.000,1.000,-90.00,180.00,18.00,CLOSED,0
655418.947,2,0,0,1.000,1.000,1.000,-90.00,180.00,18.00,CLOSED,0
655418.951,2,0,0,1.000,1.000,1.000,-90.00,180.00,18.00,CLOSED,0
655418.955,2,0,0,1.000,1.000,1.000,-90.00,180.00,18.00,CLOSED,0
655418.959,2,0,0,0.998,1.000,1.000,-90.00,180.00,18.00,CLOSED,0
655418.964,2,0,0,0.965,1.000,1.000,-90.00,180.00,18.00,CLOSED,0
655418.968,2,0,0,0.756,1.000,1.000,-90.00,180.00,18.00,CLOSED,0
655418.973,2,0,0,0.497,1.000,1.000,-90.00,180.00,18.00,CLOSED,0
655418.978,2,0,0,0.483,1.000,1.000,-90.00,180.00,18.00,CLOSED,0
655418.982,2,0,0,0.485,1.000,1.000,-90.00,180.00,18.00,CLOSED,0
655418.986,2,0,0,0.576,1.000,1.000,-90.00,180.00,18.00,CLOSED,0
655418.990,2,0,0,0.719,1.000,1.000,-90.00,180.00,18.00,CLOSED,0
655418.994,2,0,0,0.803,1.000,1.000,-90.00,180.00,18.00,CLOSED,0
655418.998,2,0,0,0.917,1.000,1.000,-90.00,180.00,18.00,CLOSED,0
655419.002,2,0,0,0.899,1.000,1.000,-90.00,180.00,18.00,CLOSED,0
655419.006,2,0,0,0.913,1.000,1.000,-90.00,180.00,18.00,CLOSED,0
655419.009,2,0,0,0.941,1.000,1.000,-90.00,180.00,18.00,CLOSED,0
655419.013,2,0,0,0.967,1.000,1.000,-90.00,180.00,13.50,CLOSED,1
655419.018,2,0,0,0.987,1.000,1.000,-90.00,180.00,13.50,CLOSED,0
655419.022,2,0,0,0.999,1.000,1.000,-90.00,180.00,13.50,CLOSED,0
655419.026,0,0,0,1.000,1.000,1.000,-90.00,180.00,13.50,CLOSED,0
655419.030,0,0,0,1.000,1.000,1.000,-90.00,180.00,13.50,CLOSED,0
655419.034,0,0,0,1.000,1.000,1.000,-90.00,180.00,13.50,CLOSED,0
655419.037,0,0,0,1.000,1.000,1.000,-90.00,180.00,13.50,CLOSED,0
655419.041,0,0,0,1.000,1.000,1.000,-90.00,180.00,13.50,CLOSED,0
655419.045,0,0,0,1.000,1.000,1.000,-90.00,180.00,13.50,CLOSED,0
655419.050,0,0,0,1.000,1.000,1.000,-90.00,180.00,13.50,CLOSED,0
655419.054,0,0,0,1.000,1.000,1.000,-90.00,180.00,13.50,CLOSED,0
655419.059,0,0,0,1.000,1.000,1.000,-90.00,180.00,13.50,CLOSED,0
655419.064,0,0,0,1.000,1.000,1.000,-90.00,180.00,13.50,CLOSED,0
655419.071,0,0,0,1.000,1.000,1.000,-90.00,180.00,13.50,CLOSED,0
655419.077,0,0,0,1.000,1.000,1.000,-90.00,180.00,13.50,CLOSED,0
655419.083,0,0,0,1.000,1.000,1.000,-90.00,180.00,13.50,CLOSED,0
655419.089,0,0,0,1.000,1.000,1.000,-90.00,180.00,13.50,CLOSED,0
655419.094,0,0,0,1.000,1.000,1.000,-90.00,180.00,13.50,CLOSED,0
655419.100,0,0,0,1.000,1.000,1.000,-90.00,180.00,13.50,CLOSED,0
655419.104,0,0,0,1.000,1.000,1.000,-90.00,180.00,13.50,CLOSED,0
655419.108,0,0,0,1.000,1.000,1.000,-90.00,180.00,13.50,CLOSED,0
655419.113,0,0,0,1.000,1.000,1.000,-90.00,180.00,13.50,CLOSED,0
655419.117,0,0,0,1.000,1.000,1.000,-90.00,180.00,13.50,CLOSED,0
655419.121,0,0,0,1.000,1.000,1.000,-90.00,180.00,13.50,CLOSED,0
655419.125,0,0,0,1.000,1.000,1.000,-90.00,180.00,13.50,CLOSED,0
655419.128,0,0,0,1.000,1.000,1.000,-90.00,180.00,13.50,CLOSED,0
655419.132,0,0,0,1.000,1.000,1.000,-90.00,180.00,13.50,CLOSED,0
655419.136,0,0,0,1.000,1.000,1.000,-90.00,180.00,13.50,CLOSED,0
655419.140,0,0,0,1.000,1.000,1.000,-90.00,180.00,13.50,CLOSED,0
655419.144,0,0,0,1.000,1.000,1.000,-90.00,180.00,13.50,CLOSED,0
655419.149,0,0,0,1.000,1.000,1.000,-90.00,180.00,13.50,CLOSED,0
655419.155,0,0,0,1.000,1.000,1.000,-90.00,180.00,13.50,CLOSED,0
655419.160,0,0,0,1.000,1.000,1.000,-90.00,180.00,13.50,CLOSED,0
655419.166,0,0,0,1.000,1.000,1.000,-90.00,180.00,13.50,CLOSED,0
655419.171,0,0,0,1.000,1.000,1.000,-90.00,180.00,13.50,CLOSED,0
655419.177,0,0,0,1.000,1.000,1.000,-90.00,180.00,13.50,CLOSED,0
655419.181,0,0,0,1.000,1.000,1.000,-90.00,180.00,13.50,CLOSED,0
655419.187,0,0,0,1.000,1.000,1.000,-90.00,180.00,13.50,CLOSED,0
655419.191,0,0,0,1.000,1.000,1.000,-90.00,180.00,13.50,CLOSED,0
655419.196,0,0,0,1.000,1.000,1.000,-90.00,180.00,13.50,CLOSED,0
655419.200,0,0,0,1.000,1.000,1.000,-90.00,180.00,13.50,CLOSED,0
655419.205,0,0,0,1.000,1.000,1.000,-90.00,180.00,13.50,CLOSED,0
655419.210,0,0,0,1.000,1.000,1.000,-90.00,180.00,13.50,CLOSED,0
655419.214,0,0,0,1.000,1.000,1.000,-90.00,180.00,13.50,CLOSED,0
655419.218,0,0,0,1.000,1.000,1.000,-90.00,180.00,13.50,CLOSED,0
655419.222,0,0,0,1.000,1.000,1.000,-90.00,180.00,13.50,CLOSED,0
655419.225,0,0,0,1.000,1.000,1.000,-90.00,180.00,13.50,CLOSED,0
655419.230,0,0,0,1.000,1.000,1.000,-90.00,180.00,13.50,CLOSED,0
655419.235,0,0,0,1.000,1.000,1.000,-90.00,180.00,13.50,CLOSED,0
655419.241,0,0,0,1.000,1.000,1.000,-90.00,180.00,13.50,CLOSED,0
655419.247,0,0,0,1.000,1.000,1.000,-90.00,180.00,13.50,CLOSED,0
655419.253,0,0,0,1.000,1.000,1.000,-90.00,180.00,13.50,CLOSED,0
655419.258,0,0,0,1.000,1.000,1.000,-90.00,180.00,13.50,CLOSED,0
655419.263,0,0,0,1.000,1.000,1.000,-90.00,180.00,13.50,CLOSED,0
655419.268,0,0,0,1.000,1.000,1.000,-90.00,180.00,13.50,CLOSED,0
655419.273,0,0,0,1.000,1.000,1.000,-90.00,180.00,13.50,CLOSED,0
655419.277,0,0,0,1.000,1.000,1.000,-90.00,180.00,13.50,CLOSED,0
655419.282,0,0,0,1.000,1.000,1.000,-90.00,180.00,13.50,CLOSED,0
655419.287,0,0,0,1.000,1.000,1.000,-90.00,180.00,13.50,CLOSED,0
655419.291,0,0,0,1.000,1.000,1.000,-90.00,180.00,13.50,CLOSED,0
655419.295,0,0,0,1.000,1.000,1.000,-90.00,180.00,13.50,CLOSED,0
655419.299,0,0,0,1.000,1.000,1.000,-90.00,180.00,13.50,CLOSED,0
655419.303,0,0,0,1.000,1.000,1.000,-90.00,180.00,13.50,CLOSED,0
655419.307,0,0,0,1.000,1.000,1.000,-90.00,180.00,13.50,CLOSED,0
655419.312,0,0,0,1.000,1.000,1.000,-90.00,180.00,13.50,CLOSED,0
655419.316,0,0,0,1.000,1.000,1.000,-90.00,180.00,13.50,CLOSED,0
655419.321,0,0,0,1.000,1.000,1.000,-90.00,180.00,13.50,CLOSED,0
655419.325,0,0,0,1.000,1.000,1.000,-90.00,180.00,13.50,CLOSED,0
655419.329,0,0,0,1.000,1.000,1.000,-90.00,180.00,13.50,CLOSED,0
655419.333,0,0,0,1.000,1.000,1.000,-90.00,180.00,13.50,CLOSED,0
655419.337,0,0,0,1.000,1.000,1.000,-90.00,180.00,13.50,CLOSED,0
655419.341,0,0,0,1.000,1.000,1.000,-90.00,180.00,13.50,CLOSED,0
655419.345,0,0,0,1.000,1.000,1.000,-90.00,180.00,13.50,CLOSED,0
655419.349,0,0,0,1.000,1.000,1.000,-90.00,180.00,13.50,CLOSED,0
655419.353,0,0,0,1.000,1.000,1.000,-90.00,180.00,13.50,CLOSED,0
655419.358,0,0,0,1.000,1.000,1.000,-90.00,180.00,13.50,CLOSED,0
655419.362,0,0,0,1.000,1.000,1.000,-90.00,180.00,13.50,CLOSED,0
655419.366,0,0,0,1.000,1.000,1.000,-90.00,180.00,13.50,CLOSED,0
655419.370,0,0,0,1.000,1.000,1.000,-90.00,180.00,13.50,CLOSED,0
655419.373,0,0,0,1.000,1.000,1.000,-90.00,180.00,13.50,CLOSED,0
655419.377,0,0,0,1.000,1.000,1.000,-90.00,180.00,13.50,CLOSED,0
655419.381,0,0,0,1.000,1.000,1.000,-90.00,180.00,13.50,CLOSED,0
655419.385,0,0,0,1.000,1.000,1.000,-90.00,180.00,13.50,CLOSED,0
655419.389,0,0,0,1.000,1.000,1.000,-90.00,180.00,13.50,CLOSED,0
655419.393,0,0,0,1.000,1.000,1.000,-90.00,180.00,13.50,CLOSED,0
655419.397,0,0,0,1.000,1.000,1.000,-90.00,180.00,13.50,CLOSED,0
655419.401,0,0,0,1.000,1.000,1.000,-90.00,180.00,13.50,CLOSED,0
655419.405,0,0,0,1.000,1.000,1.000,-90.00,180.00,13.50,CLOSED,0
655419.409,0,0,0,1.000,1.000,1.000,-90.00,180.00,13.50,CLOSED,0
655419.412,0,0,0,1.000,1.000,1.000,-90.00,180.00,13.50,CLOSED,0
655419.416,0,0,0,1.000,1.000,1.000,-90.00,180.00,13.50,CLOSED,0
655419.421,0,0,0,1.000,1.000,1.000,-90.00,180.00,13.50,CLOSED,0
655419.425,0,0,0,1.000,1.000,1.000,-90.00,180.00,13.50,CLOSED,0
655419.430,0,0,0,1.000,1.000,1.000,-90.00,180.00,13.50,CLOSED,0
655419.434,0,0,0,1.000,1.000,1.000,-90.00,180.00,13.50,CLOSED,0
655419.438,0,0,0,1.000,1.000,1.000,-90.00,180.00,13.50,CLOSED,0
655419.442,0,0,0,1.000,1.000,1.000,-90.00,180.00,13.50,CLOSED,0
655419.446,0,0,0,1.000,1.000,1.000,-90.00,180.00,13.50,CLOSED,0
655419.450,0,0,0,1.000,1.000,1.000,-90.00,180.00,13.50,CLOSED,0
655419.454,0,0,0,1.000,1.000,1.000,-90.00,180.00,13.50,CLOSED,0
655419.457,0,0,0,1.000,1.000,1.000,-90.00,180.00,13.50,CLOSED,0
655419.461,0,0,0,1.000,1.000,1.000,-90.00,180.00,13.50,CLOSED,0
655419.465,0,0,0,1.000,1.000,1.000,-90.00,180.00,13.50,CLOSED,0
655419.469,0,0,0,1.000,1.000,1.000,-90.00,180.00,13.50,CLOSED,0
655419.473,0,0,0,1.000,1.000,1.000,-90.00,180.00,13.50,CLOSED,0
655419.477,0,0,0,1.000,1.000,1.000,-90.00,180.00,13.50,CLOSED,0
655419.481,0,0,0,1.000,1.000,1.000,-90.00,180.00,13.50,CLOSED,0
655419.485,0,0,0,1.000,1.000,1.000,-90.00,180.00,13.50,CLOSED,0
655419.489,0,0,0,1.000,1.000,1.000,-90.00,180.00,13.50,CLOSED,0
655419.493,0,0,0,1.000,1.000,1.000,-90.00,180.00,13.50,CLOSED,0
655419.497,0,0,0,1.000,1.000,1.000,-90.00,180.00,13.50,CLOSED,0
655419.501,0,0,0,1.000,1.000,1.000,-90.00,180.00,13.50,CLOSED,0
655419.505,0,0,0,1.000,1.000,1.000,-90.00,180.00,13.50,CLOSED,0
655419.509,0,0,0,1.000,1.000,1.000,-90.00,180.00,13.50,CLOSED,0
655419.513,0,0,0,1.000,1.000,1.000,-90.00,180.00,13.50,CLOSED,0
655419.517,0,0,0,1.000,1.000,1.000,-90.00,180.00,13.50,CLOSED,0
655419.522,0,0,0,1.000,1.000,1.000,-90.00,180.00,13.50,CLOSED,0
655419.527,0,0,0,1.000,1.000,1.000,-90.00,180.00,13.50,CLOSED,0
655419.534,0,0,0,1.000,1.000,1.000,-90.00,180.00,13.50,CLOSED,0
655419.540,0,0,0,1.000,1.000,1.000,-90.00,180.00,13.50,CLOSED,0
655419.546,0,0,0,1.000,1.000,1.000,-90.00,180.00,13.50,CLOSED,0
655419.551,0,0,0,1.000,1.000,1.000,-90.00,180.00,13.50,CLOSED,0
655419.556,0,0,0,1.000,1.000,1.000,-90.00,180.00,13.50,CLOSED,0
655419.560,0,0,0,1.000,1.000,1.000,-90.00,180.00,13.50,CLOSED,0
655419.564,0,0,0,1.000,1.000,1.000,-90.00,180.00,13.50,CLOSED,0
655419.568,0,0,0,1.000,1.000,1.000,-90.00,180.00,13.50,CLOSED,0
655419.572,0,0,0,1.000,1.000,1.000,-90.00,180.00,13.50,CLOSED,0
655419.576,0,0,0,1.000,1.000,1.000,-90.00,180.00,13.50,CLOSED,0
655419.580,0,0,0,1.000,1.000,1.000,-90.00,180.00,13.50,CLOSED,0
655419.584,0,0,0,1.000,1.000,1.000,-90.00,180.00,13.50,CLOSED,0
655419.588,0,0,0,1.000,1.000,1.000,-90.00,180.00,13.50,CLOSED,0
655419.592,0,0,0,1.000,1.000,1.000,-90.00,180.00,13.50,CLOSED,0
655419.595,0,0,0,1.000,1.000,1.000,-90.00,180.00,13.50,CLOSED,0
655419.599,0,0,0,1.000,1.000,1.000,-90.00,180.00,13.50,CLOSED,0
655419.604,0,0,0,1.000,1.000,1.000,-90.00,180.00,13.50,CLOSED,0
655419.608,0,0,0,1.000,1.000,1.000,-90.00,180.00,13.50,CLOSED,0
655419.613,0,0,0,1.000,1.000,1.000,-90.00,180.00,13.50,CLOSED,0
655419.617,0,0,0,1.000,1.000,1.000,-90.00,180.00,13.50,CLOSED,0
655419.621,0,0,0,1.000,1.000,1.000,-90.00,180.00,13.50,CLOSED,0
655419.625,0,0,0,1.000,1.000,1.000,-90.00,180.00,13.50,CLOSED,0
655419.629,0,0,0,1.000,1.000,1.000,-90.00,180.00,13.50,CLOSED,0
655419.633,0,0,0,1.000,1.000,1.000,-90.00,180.00,13.50,CLOSED,0
655419.637,0,0,0,1.000,1.000,1.000,-90.00,180.00,13.50,CLOSED,0
655419.641,0,0,0,1.000,1.000,1.000,-90.00,180.00,13.50,CLOSED,0
655419.646,0,0,0,1.000,1.000,1.000,-90.00,180.00,13.50,CLOSED,0
655419.650,0,0,0,1.000,1.000,1.000,-90.00,180.00,13.50,CLOSED,0
655419.655,0,0,0,1.000,1.000,1.000,-90.00,180.00,13.50,CLOSED,0
655419.659,0,0,0,1.000,1.000,1.000,-90.00,180.00,13.50,CLOSED,0
655419.663,0,0,0,1.000,1.000,1.000,-90.00,180.00,13.50,CLOSED,0
655419.667,0,0,0,1.000,1.000,1.000,-90.00,180.00,13.50,CLOSED,0
655419.671,0,0,0,1.000,1.000,1.000,-90.00,180.00,13.50,CLOSED,0
655419.675,0,0,0,0.999,1.000,1.000,-90.00,180.00,13.50,CLOSED,0
655419.680,0,0,0,0.996,1.000,1.000,-90.00,180.00,13.50,CLOSED,0
655419.684,0,0,0,0.992,1.000,1.000,-90.00,180.00,13.50,CLOSED,0
655419.689,0,0,0,0.985,1.000,1.000,-90.00,180.00,13.50,CLOSED,0
655419.693,0,0,0,0.997,1.000,1.000,-90.00,180.00,13.50,CLOSED,0
655419.697,0,0,0,0.835,1.000,1.000,-90.00,180.00,13.50,CLOSED,0
655419.702,0,0,0,0.997,1.000,1.000,-90.00,180.00,13.50,CLOSED,0
655419.707,0,0,0,1.000,1.000,1.000,-90.00,180.00,13.50,CLOSED,0
655419.713,0,0,0,1.000,1.000,1.000,-90.00,180.00,13.50,CLOSED,0
655419.719,0,0,0,0.999,1.000,1.000,-90.00,180.00,13.50,CLOSED,0
655419.725,0,0,0,0.984,1.000,1.000,-90.00,180.00,13.50,CLOSED,0
655419.731,0,0,0,0.942,1.000,1.000,-90.00,180.00,13.50,CLOSED,0
655419.737,0,0,0,0.531,1.000,1.000,-90.00,180.00,13.50,CLOSED,0
655419.742,0,0,0,0.837,1.000,1.000,-90.00,180.00,13.50,CLOSED,0
655419.746,0,0,0,0.928,1.000,1.000,-90.00,180.00,13.50,CLOSED,0
655419.751,0,0,0,0.960,1.000,1.000,-90.00,180.00,13.50,CLOSED,0
655419.755,1,0,0,0.968,1.000,1.000,-90.00,180.00,18.00,CLOSED,1
655419.759,1,0,0,0.971,1.000,1.000,-90.00,180.00,18.00,CLOSED,0
655419.763,1,0,0,0.978,1.000,1.000,-90.00,180.00,18.00,CLOSED,0
655419.767,1,0,0,0.987,1.000,1.000,-90.00,180.00,18.00,CLOSED,0
655419.772,1,0,0,0.994,1.000,1.000,-90.00,180.00,18.00,CLOSED,0
655419.777,1,0,0,0.998,1.000,1.000,-90.00,180.00,18.00,CLOSED,0
655419.781,1,0,0,0.999,1.000,1.000,-90.00,180.00,18.00,CLOSED,0
655419.785,1,0,0,1.000,1.000,1.000,-90.00,180.00,18.00,CLOSED,0
655419.789,1,0,0,1.000,1.000,1.000,-90.00,180.00,18.00,CLOSED,0
655419.794,1,0,0,1.000,1.000,1.000,-90.00,180.00,18.00,CLOSED,0
655419.799,1,0,0,1.000,1.000,1.000,-90.00,180.00,18.00,CLOSED,0
655419.803,1,0,0,1.000,1.000,1.000,-90.00,180.00,18.00,CLOSED,0
655419.808,1,0,0,1.000,1.000,1.000,-90.00,180.00,18.00,CLOSED,0
655419.812,1,0,0,1.000,1.000,1.000,-90.00,180.00,18.00,CLOSED,0
655419.817,1,0,0,1.000,1.000,1.000,-90.00,180.00,18.00,CLOSED,0
655419.821,1,0,0,1.000,1.000,1.000,-90.00,180.00,18.00,CLOSED,0
655419.825,1,0,0,1.000,1.000,1.000,-90.00,180.00,18.00,CLOSED,0
655419.830,1,0,0,1.000,1.000,1.000,-90.00,180.00,18.00,CLOSED,0
655419.834,1,0,0,1.000,1.000,1.000,-90.00,180.00,18.00,CLOSED,0
655419.838,1,0,0,1.000,1.000,1.000,-90.00,180.00,18.00,CLOSED,0
655419.842,1,0,0,1.000,1.000,1.000,-90.00,180.00,18.00,CLOSED,0
655419.846,1,0,0,1.000,1.000,1.000,-90.00,180.00,18.00,CLOSED,0
655419.850,1,0,0,1.000,1.000,1.000,-90.00,180.00,18.00,CLOSED,0
655419.854,1,0,0,1.000,1.000,1.000,-90.00,180.00,18.00,CLOSED,0
655419.858,1,0,0,1.000,1.000,1.000,-90.00,180.00,22.50,CLOSED,1
655419.862,1,0,0,1.000,1.000,1.000,-90.00,180.00,22.50,CLOSED,0
655419.867,1,0,0,1.000,1.000,1.000,-90.00,180.00,22.50,CLOSED,0
655419.873,1,0,0,1.000,1.000,1.000,-90.00,180.00,22.50,CLOSED,0
655419.878,1,0,0,1.000,1.000,1.000,-90.00,180.00,22.50,CLOSED,0
655419.882,1,0,0,1.000,1.000,1.000,-90.00,180.00,22.50,CLOSED,0
655419.887,1,0,0,1.000,1.000,1.000,-90.00,180.00,22.50,CLOSED,0
655419.892,1,0,0,1.000,1.000,1.000,-90.00,180.00,22.50,CLOSED,0
655419.895,1,0,0,1.000,1.000,1.000,-90.00,180.00,22.50,CLOSED,0
655419.899,1,0,0,1.000,1.000,1.000,-90.00,180.00,22.50,CLOSED,0
655419.903,1,0,0,1.000,1.000,1.000,-90.00,180.00,22.50,CLOSED,0
655419.908,1,0,0,1.000,1.000,1.000,-90.00,180.00,22.50,CLOSED,0
655419.912,1,0,0,1.000,1.000,1.000,-90.00,180.00,22.50,CLOSED,0
655419.916,1,0,0,1.000,1.000,1.000,-90.00,180.00,22.50,CLOSED,0
655419.920,1,0,0,1.000,1.000,1.000,-90.00,180.00,22.50,CLOSED,0
655419.924,1,0,0,1.000,1.000,1.000,-90.00,180.00,22.50,CLOSED,0
655419.928,1,0,0,1.000,1.000,1.000,-90.00,180.00,22.50,CLOSED,0
655419.934,1,0,0,1.000,1.000,1.000,-90.00,180.00,22.50,CLOSED,0
655419.938,1,0,0,1.000,1.000,1.000,-90.00,180.00,22.50,CLOSED,0
655419.943,1,0,0,1.000,1.000,1.000,-90.00,180.00,22.50,CLOSED,0
655419.947,1,0,0,1.000,1.000,1.000,-90.00,180.00,22.50,CLOSED,0
655419.951,1,0,0,1.000,1.000,1.000,-90.00,180.00,22.50,CLOSED,0
655419.954,1,0,0,1.000,1.000,1.000,-90.00,180.00,22.50,CLOSED,0
655419.959,1,0,0,1.000,1.000,1.000,-90.00,180.00,27.00,CLOSED,1
655419.963,1,0,0,1.000,1.000,1.000,-90.00,180.00,27.00,CLOSED,0
655419.967,1,0,0,1.000,1.000,1.000,-90.00,180.00,27.00,CLOSED,0
655419.971,1,0,0,1.000,1.000,1.000,-90.00,180.00,27.00,CLOSED,0
655419.975,1,0,0,1.000,1.000,1.000,-90.00,180.00,27.00,CLOSED,0
655419.978,1,0,0,1.000,1.000,1.000,-90.00,180.00,27.00,CLOSED,0
655419.983,1,0,0,1.000,1.000,1.000,-90.00,180.00,27.00,CLOSED,0
655419.988,1,0,0,1.000,1.000,1.000,-90.00,180.00,27.00,CLOSED,0
655419.992,1,0,0,1.000,1.000,1.000,-90.00,180.00,27.00,CLOSED,0
655419.997,1,0,0,1.000,1.000,1.000,-90.00,180.00,27.00,CLOSED,0
655420.001,1,0,0,1.000,1.000,1.000,-90.00,180.00,27.00,CLOSED,0
655420.006,1,0,0,1.000,1.000,1.000,-90.00,180.00,27.00,CLOSED,0
655420.012,1,0,0,1.000,1.000,1.000,-90.00,180.00,27.00,CLOSED,0
655420.016,1,0,0,1.000,1.000,1.000,-90.00,180.00,27.00,CLOSED,0
655420.020,1,0,0,1.000,1.000,1.000,-90.00,180.00,27.00,CLOSED,0
655420.025,1,0,0,1.000,1.000,1.000,-90.00,180.00,27.00,CLOSED,0
655420.029,1,0,0,1.000,1.000,1.000,-90.00,180.00,27.00,CLOSED,0
655420.033,1,0,0,1.000,1.000,1.000,-90.00,180.00,27.00,CLOSED,0
655420.037,1,0,0,1.000,1.000,1.000,-90.00,180.00,27.00,CLOSED,0
655420.041,1,0,0,1.000,1.000,1.000,-90.00,180.00,27.00,CLOSED,0
655420.045,1,0,0,1.000,1.000,1.000,-90.00,180.00,27.00,CLOSED,0
655420.049,1,0,0,1.000,1.000,1.000,-90.00,180.00,27.00,CLOSED,0
655420.053,1,0,0,1.000,1.000,1.000,-90.00,180.00,27.00,CLOSED,0
655420.057,1,0,0,1.000,1.000,1.000,-90.00,180.00,27.00,CLOSED,0
655420.061,1,0,0,1.000,1.000,1.000,-90.00,180.00,31.50,CLOSED,1
655420.065,1,0,0,1.000,1.000,1.000,-90.00,180.00,31.50,CLOSED,0
655420.071,1,0,0,1.000,1.000,1.000,-90.00,180.00,31.50,CLOSED,0
655420.076,1,0,0,1.000,1.000,1.000,-90.00,180.00,31.50,CLOSED,0
655420.080,1,0,0,1.000,1.000,1.000,-90.00,180.00,31.50,CLOSED,0
655420.084,1,0,0,1.000,1.000,1.000,-90.00,180.00,31.50,CLOSED,0
655420.088,1,0,0,1.000,1.000,1.000,-90.00,180.00,31.50,CLOSED,0
655420.092,1,0,0,1.000,1.000,1.000,-90.00,180.00,31.50,CLOSED,0
655420.096,1,0,0,1.000,1.000,1.000,-90.00,180.00,31.50,CLOSED,0
655420.101,1,0,0,1.000,1.000,1.000,-90.00,180.00,31.50,CLOSED,0
655420.105,1,0,0,1.000,1.000,1.000,-90.00,180.00,31.50,CLOSED,0
655420.109,1,0,0,1.000,1.000,1.000,-90.00,180.00,31.50,CLOSED,0
655420.113,1,0,0,1.000,1.000,1.000,-90.00,180.00,31.50,CLOSED,0
655420.117,1,0,0,1.000,1.000,1.000,-90.00,180.00,31.50,CLOSED,0
655420.121,1,0,0,1.000,1.000,1.000,-90.00,180.00,31.50,CLOSED,0
655420.126,1,0,0,1.000,1.000,1.000,-90.00,180.00,31.50,CLOSED,0
655420.130,1,0,0,1.000,1.000,1.000,-90.00,180.00,31.50,CLOSED,0
655420.135,1,0,0,1.000,1.000,1.000,-90.00,180.00,31.50,CLOSED,0
655420.138,1,0,0,1.000,1.000,1.000,-90.00,180.00,31.50,CLOSED,0
655420.142,1,0,0,1.000,1.000,1.000,-90.00,180.00,31.50,CLOSED,0
655420.146,1,0,0,1.000,1.000,1.000,-90.00,180.00,31.50,CLOSED,0
655420.151,1,0,0,1.000,1.000,1.000,-90.00,180.00,31.50,CLOSED,0
655420.155,1,0,0,1.000,1.000,1.000,-90.00,180.00,31.50,CLOSED,0
655420.159,1,0,0,1.000,1.000,1.000,-90.00,180.00,31.50,CLOSED,0
655420.164,1,0,0,1.000,1.000,1.000,-90.00,180.00,36.00,CLOSED,1
655420.168,1,0,0,1.000,1.000,1.000,-90.00,180.00,36.00,CLOSED,0
655420.172,1,0,0,1.000,1.000,1.000,-90.00,180.00,36.00,CLOSED,0
655420.177,1,0,0,0.997,1.000,1.000,-90.00,180.00,36.00,CLOSED,0
655420.181,1,0,0,0.971,1.000,1.000,-90.00,180.00,36.00,CLOSED,0
655420.184,1,0,0,0.568,1.000,1.000,-90.00,180.00,36.00,CLOSED,0
655420.189,1,0,0,0.997,1.000,1.000,-90.00,180.00,36.00,CLOSED,0
655420.193,1,0,0,1.000,1.000,1.000,-90.00,180.00,36.00,CLOSED,0
655420.197,1,0,0,1.000,1.000,1.000,-90.00,180.00,36.00,CLOSED,0
655420.201,1,0,0,1.000,1.000,1.000,-90.00,180.00,36.00,CLOSED,0
655420.206,1,0,0,1.000,1.000,1.000,-90.00,180.00,36.00,CLOSED,0
655420.210,1,0,0,1.000,1.000,1.000,-90.00,180.00,36.00,CLOSED,0
655420.215,1,0,0,1.000,1.000,1.000,-90.00,180.00,36.00,CLOSED,0
655420.220,1,0,0,1.000,1.000,1.000,-90.00,180.00,36.00,CLOSED,0
655420.224,1,0,0,1.000,1.000,1.000,-90.00,180.00,36.00,CLOSED,0
655420.228,1,0,0,1.000,1.000,1.000,-90.00,180.00,36.00,CLOSED,0
655420.232,0,0,0,1.000,1.000,1.000,-90.00,180.00,36.00,CLOSED,0
655420.237,0,0,0,1.000,1.000,1.000,-90.00,180.00,36.00,CLOSED,0
655420.241,0,0,0,1.000,1.000,1.000,-90.00,180.00,36.00,CLOSED,0
655420.245,0,0,0,1.000,1.000,1.000,-90.00,180.00,36.00,CLOSED,0
655420.250,0,0,0,1.000,1.000,1.000,-90.00,180.00,36.00,CLOSED,0
655420.255,0,0,0,1.000,1.000,1.000,-90.00,180.00,36.00,CLOSED,0
655420.260,0,0,0,1.000,1.000,1.000,-90.00,180.00,36.00,CLOSED,0
655420.264,0,0,0,1.000,1.000,1.000,-90.00,180.00,36.00,CLOSED,0
655420.268,0,0,0,1.000,1.000,1.000,-90.00,180.00,36.00,CLOSED,0
655420.272,0,0,0,1.000,1.000,1.000,-90.00,180.00,36.00,CLOSED,0
655420.277,0,0,0,1.000,1.000,1.000,-90.00,180.00,36.00,CLOSED,0
655420.281,0,0,0,1.000,1.000,1.000,-90.00,180.00,36.00,CLOSED,0
655420.285,0,0,0,1.000,1.000,1.000,-90.00,180.00,36.00,CLOSED,0
655420.289,0,0,0,1.000,1.000,1.000,-90.00,180.00,36.00,CLOSED,0
655420.294,0,0,0,1.000,1.000,1.000,-90.00,180.00,36.00,CLOSED,0
655420.299,0,0,0,1.000,1.000,1.000,-90.00,180.00,36.00,CLOSED,0
655420.303,0,0,0,1.000,1.000,1.000,-90.00,180.00,36.00,CLOSED,0
655420.307,0,0,0,1.000,1.000,1.000,-90.00,180.00,36.00,CLOSED,0
655420.311,0,0,0,1.000,1.000,1.000,-90.00,180.00,36.00,CLOSED,0
655420.317,0,0,0,1.000,1.000,1.000,-90.00,180.00,36.00,CLOSED,0
655420.322,0,0,0,1.000,1.000,1.000,-90.00,180.00,36.00,CLOSED,0
655420.327,0,0,0,1.000,1.000,1.000,-90.00,180.00,36.00,CLOSED,0
655420.332,0,0,0,1.000,1.000,1.000,-90.00,180.00,36.00,CLOSED,0
655420.337,0,0,0,1.000,1.000,1.000,-90.00,180.00,36.00,CLOSED,0
655420.343,0,0,0,1.000,1.000,1.000,-90.00,180.00,36.00,CLOSED,0
655420.347,0,0,0,1.000,1.000,1.000,-90.00,180.00,36.00,CLOSED,0
655420.351,0,0,0,1.000,1.000,1.000,-90.00,180.00,36.00,CLOSED,0
655420.356,0,0,0,1.000,1.000,1.000,-90.00,180.00,36.00,CLOSED,0
655420.360,0,0,0,1.000,1.000,1.000,-90.00,180.00,36.00,CLOSED,0
655420.363,0,0,0,1.000,1.000,1.000,-90.00,180.00,36.00,CLOSED,0
655420.368,0,0,0,1.000,1.000,1.000,-90.00,180.00,36.00,CLOSED,0
655420.372,0,0,0,1.000,1.000,1.000,-90.00,180.00,36.00,CLOSED,0
655420.377,0,0,0,1.000,1.000,1.000,-90.00,180.00,36.00,CLOSED,0
655420.382,0,0,0,1.000,1.000,1.000,-90.00,180.00,36.00,CLOSED,0
655420.386,0,0,0,1.000,1.000,1.000,-90.00,180.00,36.00,CLOSED,0
655420.390,0,0,0,1.000,1.000,1.000,-90.00,180.00,36.00,CLOSED,0
655420.394,0,0,0,1.000,1.000,1.000,-90.00,180.00,36.00,CLOSED,0
655420.397,0,0,0,1.000,1.000,1.000,-90.00,180.00,36.00,CLOSED,0
655420.401,0,0,0,1.000,1.000,1.000,-90.00,180.00,36.00,CLOSED,0
655420.406,0,0,0,1.000,1.000,1.000,-90.00,180.00,36.00,CLOSED,0
655420.411,0,0,0,1.000,1.000,1.000,-90.00,180.00,36.00,CLOSED,0
655420.415,0,0,0,1.000,1.000,1.000,-90.00,180.00,36.00,CLOSED,0
655420.419,0,0,0,1.000,1.000,1.000,-90.00,180.00,36.00,CLOSED,0
655420.424,0,0,0,1.000,1.000,1.000,-90.00,180.00,36.00,CLOSED,0
655420.427,0,0,0,1.000,1.000,1.000,-90.00,180.00,36.00,CLOSED,0
655420.431,0,0,0,1.000,1.000,1.000,-90.00,180.00,36.00,CLOSED,0
655420.436,0,0,0,1.000,1.000,1.000,-90.00,180.00,36.00,CLOSED,0
655420.441,0,0,0,1.000,1.000,1.000,-90.00,180.00,36.00,CLOSED,0
655420.445,0,0,0,1.000,1.000,1.000,-90.00,180.00,36.00,CLOSED,0
655420.450,0,0,0,1.000,1.000,1.000,-90.00,180.00,36.00,CLOSED,0
655420.454,0,0,0,1.000,1.000,1.000,-90.00,180.00,36.00,CLOSED,0
655420.457,0,0,0,1.000,1.000,1.000,-90.00,180.00,36.00,CLOSED,0
655420.462,0,0,0,1.000,1.000,1.000,-90.00,180.00,36.00,CLOSED,0
655420.466,0,0,0,1.000,1.000,1.000,-90.00,180.00,36.00,CLOSED,0
655420.470,0,0,0,1.000,1.000,1.000,-90.00,180.00,36.00,CLOSED,0
655420.474,0,0,0,1.000,1.000,1.000,-90.00,180.00,36.00,CLOSED,0
655420.477,0,0,0,1.000,1.000,1.000,-90.00,180.00,36.00,CLOSED,0
655420.481,0,0,0,1.000,1.000,1.000,-90.00,180.00,36.00,CLOSED,0
655420.485,0,0,0,1.000,1.000,1.000,-90.00,180.00,36.00,CLOSED,0
655420.489,0,0,0,1.000,1.000,1.000,-90.00,180.00,36.00,CLOSED,0
655420.493,0,0,0,1.000,1.000,1.000,-90.00,180.00,36.00,CLOSED,0
655420.497,0,0,0,1.000,1.000,1.000,-90.00,180.00,36.00,CLOSED,0
655420.501,0,0,0,1.000,1.000,1.000,-90.00,180.00,36.00,CLOSED,0
655420.505,0,0,0,1.000,1.000,1.000,-90.00,180.00,36.00,CLOSED,0
655420.509,0,0,0,1.000,1.000,1.000,-90.00,180.00,36.00,CLOSED,0
655420.514,0,0,0,1.000,1.000,1.000,-90.00,180.00,36.00,CLOSED,0
655420.518,0,0,0,1.000,1.000,1.000,-90.00,180.00,36.00,CLOSED,0
655420.522,0,0,0,1.000,1.000,1.000,-90.00,180.00,36.00,CLOSED,0
655420.526,0,0,0,1.000,1.000,1.000,-90.00,180.00,36.00,CLOSED,0
655420.530,0,0,0,1.000,1.000,1.000,-90.00,180.00,36.00,CLOSED,0
655420.535,0,0,0,1.000,1.000,1.000,-90.00,180.00,36.00,CLOSED,0
655420.539,0,0,0,1.000,1.000,1.000,-90.00,180.00,36.00,CLOSED,0
655420.543,0,0,0,1.000,1.000,1.000,-90.00,180.00,36.00,CLOSED,0
655420.547,0,0,0,1.000,1.000,1.000,-90.00,180.00,36.00,CLOSED,0
655420.551,0,0,0,1.000,1.000,1.000,-90.00,180.00,36.00,CLOSED,0
655420.555,0,0,0,1.000,1.000,1.000,-90.00,180.00,36.00,CLOSED,0
655420.560,0,0,0,1.000,1.000,1.000,-90.00,180.00,36.00,CLOSED,0
655420.564,0,0,0,1.000,1.000,1.000,-90.00,180.00,36.00,CLOSED,0
655420.568,0,0,0,1.000,1.000,1.000,-90.00,180.00,36.00,CLOSED,0
655420.572,0,0,0,1.000,1.000,1.000,-90.00,180.00,36.00,CLOSED,0
655420.576,0,0,0,1.000,1.000,1.000,-90.00,180.00,36.00,CLOSED,0
655420.580,0,0,0,1.000,1.000,1.000,-90.00,180.00,36.00,CLOSED,0
655420.584,0,0,0,1.000,1.000,1.000,-90.00,180.00,36.00,CLOSED,0
655420.588,0,0,0,1.000,1.000,1.000,-90.00,180.00,36.00,CLOSED,0
655420.592,0,0,0,1.000,1.000,1.000,-90.00,180.00,36.00,CLOSED,0
655420.596,0,0,0,1.000,1.000,1.000,-90.00,180.00,36.00,CLOSED,0
655420.600,0,0,0,1.000,1.000,1.000,-90.00,180.00,36.00,CLOSED,0
655420.604,0,0,0,1.000,1.000,1.000,-90.00,180.00,36.00,CLOSED,0
655420.608,0,0,0,1.000,1.000,1.000,-90.00,180.00,36.00,CLOSED,0
655420.612,0,0,0,1.000,1.000,1.000,-90.00,180.00,36.00,CLOSED,0
655420.616,0,0,0,1.000,1.000,1.000,-90.00,180.00,36.00,CLOSED,0
655420.620,0,0,0,1.000,1.000,1.000,-90.00,180.00,36.00,CLOSED,0
655420.624,0,0,0,1.000,1.000,1.000,-90.00,180.00,36.00,CLOSED,0
655420.627,0,0,0,1.000,1.000,1.000,-90.00,180.00,36.00,CLOSED,0
655420.631,0,0,0,1.000,1.000,1.000,-90.00,180.00,36.00,CLOSED,0
655420.635,0,0,0,1.000,1.000,1.000,-90.00,180.00,36.00,CLOSED,0
655420.639,0,0,0,1.000,1.000,1.000,-90.00,180.00,36.00,CLOSED,0
655420.642,0,0,0,1.000,1.000,1.000,-90.00,180.00,36.00,CLOSED,0
655420.646,0,0,0,1.000,1.000,1.000,-90.00,180.00,36.00,CLOSED,0
655420.650,0,0,0,1.000,1.000,1.000,-90.00,180.00,36.00,CLOSED,0
655420.654,0,0,0,1.000,1.000,1.000,-90.00,180.00,36.00,CLOSED,0
655420.658,0,0,0,1.000,1.000,1.000,-90.00,180.00,36.00,CLOSED,0
655420.663,0,0,0,1.000,1.000,1.000,-90.00,180.00,36.00,CLOSED,0
655420.667,0,0,0,1.000,1.000,1.000,-90.00,180.00,36.00,CLOSED,0
655420.671,0,0,0,1.000,1.000,1.000,-90.00,180.00,36.00,CLOSED,0
655420.676,0,0,0,1.000,1.000,1.000,-90.00,180.00,36.00,CLOSED,0
655420.681,0,0,0,1.000,1.000,1.000,-90.00,180.00,36.00,CLOSED,0
655420.686,0,0,0,1.000,1.000,1.000,-90.00,180.00,36.00,CLOSED,0
655420.690,0,0,0,1.000,1.000,1.000,-90.00,180.00,36.00,CLOSED,0
655420.694,0,0,0,1.000,1.000,1.000,-90.00,180.00,36.00,CLOSED,0
655420.700,0,0,0,1.000,1.000,1.000,-90.00,180.00,36.00,CLOSED,0
655420.705,0,0,0,1.000,1.000,1.000,-90.00,180.00,36.00,CLOSED,0
655420.711,0,0,0,1.000,1.000,1.000,-90.00,180.00,36.00,CLOSED,0
655420.716,0,0,0,1.000,1.000,1.000,-90.00,180.00,36.00,CLOSED,0
655420.721,0,0,0,1.000,1.000,1.000,-90.00,180.00,36.00,CLOSED,0
655420.725,0,0,0,1.000,1.000,1.000,-90.00,180.00,36.00,CLOSED,0
655420.729,0,0,0,1.000,1.000,1.000,-90.00,180.00,36.00,CLOSED,0
655420.733,0,0,0,1.000,1.000,1.000,-90.00,180.00,36.00,CLOSED,0
655420.737,0,0,0,1.000,1.000,1.000,-90.00,180.00,36.00,CLOSED,0
655420.740,0,0,0,1.000,1.000,1.000,-90.00,180.00,36.00,CLOSED,0
655420.744,0,0,0,1.000,1.000,1.000,-90.00,180.00,36.00,CLOSED,0
655420.749,0,0,0,1.000,1.000,1.000,-90.00,180.00,36.00,CLOSED,0
655420.753,0,0,0,1.000,1.000,1.000,-90.00,180.00,36.00,CLOSED,0
655420.757,0,0,0,1.000,1.000,1.000,-90.00,180.00,36.00,CLOSED,0
655420.762,0,0,0,1.000,1.000,1.000,-90.00,180.00,36.00,CLOSED,0
655420.766,0,0,0,1.000,1.000,1.000,-90.00,180.00,36.00,CLOSED,0
655420.770,0,0,0,1.000,1.000,1.000,-90.00,180.00,36.00,CLOSED,0
655420.774,0,0,0,1.000,1.000,1.000,-90.00,180.00,36.00,CLOSED,0
655420.778,0,0,0,1.000,1.000,1.000,-90.00,180.00,36.00,CLOSED,0
655420.782,0,0,0,1.000,1.000,1.000,-90.00,180.00,36.00,CLOSED,0
655420.786,0,0,0,1.000,1.000,1.000,-90.00,180.00,36.00,CLOSED,0
655420.789,0,0,0,1.000,1.000,1.000,-90.00,180.00,36.00,CLOSED,0
655420.794,0,0,0,1.000,1.000,1.000,-90.00,180.00,36.00,CLOSED,0
655420.798,0,0,0,1.000,1.000,1.000,-90.00,180.00,36.00,CLOSED,0
655420.801,0,0,0,1.000,1.000,1.000,-90.00,180.00,36.00,CLOSED,0
655420.805,0,0,0,1.000,1.000,1.000,-90.00,180.00,36.00,CLOSED,0
655420.810,0,0,0,1.000,1.000,1.000,-90.00,180.00,36.00,CLOSED,0
655420.813,0,0,0,1.000,1.000,1.000,-90.00,180.00,36.00,CLOSED,0
655420.819,0,0,0,1.000,1.000,1.000,-90.00,180.00,36.00,CLOSED,0
655420.825,0,0,0,1.000,1.000,1.000,-90.00,180.00,36.00,CLOSED,0
655420.830,0,0,0,1.000,1.000,1.000,-90.00,180.00,36.00,CLOSED,0
655420.836,0,0,0,1.000,1.000,1.000,-90.00,180.00,36.00,CLOSED,0
655420.842,0,0,0,1.000,1.000,1.000,-90.00,180.00,36.00,CLOSED,0
655420.847,0,0,0,1.000,1.000,1.000,-90.00,180.00,36.00,CLOSED,0
655420.852,0,0,0,1.000,1.000,1.000,-90.00,180.00,36.00,CLOSED,0
655420.857,0,0,0,1.000,1.000,1.000,-90.00,180.00,36.00,CLOSED,0
655420.861,0,0,0,1.000,1.000,1.000,-90.00,180.00,36.00,CLOSED,0
655420.865,0,0,0,1.000,1.000,1.000,-90.00,180.00,36.00,CLOSED,0
655420.869,0,0,0,1.000,1.000,1.000,-90.00,180.00,36.00,CLOSED,0
655420.874,0,0,0,1.000,1.000,1.000,-90.00,180.00,36.00,CLOSED,0
655420.879,0,0,0,1.000,1.000,1.000,-90.00,180.00,36.00,CLOSED,0
655420.883,0,0,0,1.000,1.000,1.000,-90.00,180.00,36.00,CLOSED,0
655420.888,0,0,0,1.000,1.000,1.000,-90.00,180.00,36.00,CLOSED,0
655420.892,0,0,0,1.000,1.000,1.000,-90.00,180.00,36.00,CLOSED,0
655420.897,0,0,0,1.000,1.000,1.000,-90.00,180.00,36.00,CLOSED,0
655420.902,0,0,0,1.000,1.000,1.000,-90.00,180.00,36.00,CLOSED,0
655420.906,0,0,0,1.000,1.000,1.000,-90.00,180.00,36.00,CLOSED,0
655420.910,0,0,0,1.000,1.000,1.000,-90.00,180.00,36.00,CLOSED,0
655420.914,0,0,0,1.000,1.000,1.000,-90.00,180.00,36.00,CLOSED,0
655420.918,0,0,0,1.000,1.000,1.000,-90.00,180.00,36.00,CLOSED,0
655420.922,0,0,0,1.000,1.000,1.000,-90.00,180.00,36.00,CLOSED,0
655420.926,0,0,0,1.000,1.000,1.000,-90.00,180.00,36.00,CLOSED,0
655420.930,0,0,0,1.000,1.000,1.000,-90.00,180.00,36.00,CLOSED,0
655420.934,0,0,0,1.000,1.000,1.000,-90.00,180.00,36.00,CLOSED,0
655420.939,0,0,0,1.000,1.000,1.000,-90.00,180.00,36.00,CLOSED,0
655420.943,0,0,0,1.000,1.000,1.000,-90.00,180.00,36.00,CLOSED,0
655420.947,0,0,0,1.000,1.000,1.000,-90.00,180.00,36.00,CLOSED,0
655420.951,0,0,0,1.000,1.000,1.000,-90.00,180.00,36.00,CLOSED,0
655420.955,0,0,0,1.000,1.000,1.000,-90.00,180.00,36.00,CLOSED,0
655420.960,0,0,0,1.000,1.000,1.000,-90.00,180.00,36.00,CLOSED,0
655420.963,0,0,0,1.000,1.000,1.000,-90.00,180.00,36.00,CLOSED,0
655420.967,0,0,0,1.000,1.000,1.000,-90.00,180.00,36.00,CLOSED,0
655420.972,0,0,0,1.000,1.000,1.000,-90.00,180.00,36.00,CLOSED,0
655420.977,0,0,0,1.000,1.000,1.000,-90.00,180.00,36.00,CLOSED,0
655420.982,0,0,0,1.000,1.000,1.000,-90.00,180.00,36.00,CLOSED,0
655420.986,0,0,0,1.000,1.000,1.000,-90.00,180.00,36.00,CLOSED,0
655420.991,0,0,0,1.000,1.000,1.000,-90.00,180.00,36.00,CLOSED,0
655420.995,0,0,0,1.000,1.000,1.000,-90.00,180.00,36.00,CLOSED,0
655420.999,0,0,0,1.000,1.000,1.000,-90.00,180.00,36.00,CLOSED,0
655421.004,0,0,0,1.000,1.000,1.000,-90.00,180.00,36.00,CLOSED,0
655421.008,0,0,0,1.000,1.000,1.000,-90.00,180.00,36.00,CLOSED,0
655421.012,0,0,0,1.000,1.000,1.000,-90.00,180.00,36.00,CLOSED,0
655421.017,0,0,0,1.000,1.000,1.000,-90.00,180.00,36.00,CLOSED,0
655421.021,0,0,0,1.000,1.000,1.000,-90.00,180.00,36.00,CLOSED,0
655421.026,0,0,0,1.000,1.000,1.000,-90.00,180.00,36.00,CLOSED,0
655421.032,0,0,0,1.000,1.000,1.000,-90.00,180.00,36.00,CLOSED,0
655421.038,0,0,0,1.000,1.000,1.000,-90.00,180.00,36.00,CLOSED,0
655421.044,0,0,0,1.000,1.000,1.000,-90.00,180.00,36.00,CLOSED,0
655421.050,0,0,0,1.000,1.000,1.000,-90.00,180.00,36.00,CLOSED,0
655421.056,0,0,0,1.000,1.000,1.000,-90.00,180.00,36.00,CLOSED,0
655421.062,0,0,0,1.000,1.000,1.000,-90.00,180.00,36.00,CLOSED,0
655421.067,0,0,0,1.000,1.000,1.000,-90.00,180.00,36.00,CLOSED,0
655421.071,0,0,0,1.000,1.000,1.000,-90.00,180.00,36.00,CLOSED,0
655421.076,0,0,0,1.000,1.000,1.000,-90.00,180.00,36.00,CLOSED,0
655421.080,0,0,0,1.000,1.000,1.000,-90.00,180.00,36.00,CLOSED,0
655421.083,0,0,0,1.000,1.000,1.000,-90.00,180.00,36.00,CLOSED,0
655421.087,0,0,0,1.000,1.000,1.000,-90.00,180.00,36.00,CLOSED,0
655421.091,0,0,0,1.000,1.000,1.000,-90.00,180.00,36.00,CLOSED,0
655421.095,0,0,0,1.000,1.000,1.000,-90.00,180.00,36.00,CLOSED,0
655421.099,0,0,0,1.000,1.000,1.000,-90.00,180.00,36.00,CLOSED,0
655421.103,0,0,0,1.000,1.000,1.000,-90.00,180.00,36.00,CLOSED,0
655421.108,0,0,0,1.000,1.000,1.000,-90.00,180.00,36.00,CLOSED,0
655421.112,0,0,0,1.000,1.000,1.000,-90.00,180.00,36.00,CLOSED,0
655421.116,0,0,0,1.000,1.000,1.000,-90.00,180.00,36.00,CLOSED,0
655421.121,0,0,0,1.000,1.000,1.000,-90.00,180.00,36.00,CLOSED,0
655421.124,0,0,0,1.000,1.000,1.000,-90.00,180.00,36.00,CLOSED,0
655421.128,0,0,0,1.000,1.000,1.000,-90.00,180.00,36.00,CLOSED,0
655421.132,0,0,0,1.000,1.000,1.000,-90.00,180.00,36.00,CLOSED,0
655421.137,0,0,0,1.000,1.000,1.000,-90.00,180.00,36.00,CLOSED,0
655421.141,0,0,0,1.000,1.000,1.000,-90.00,180.00,36.00,CLOSED,0
655421.145,0,0,0,1.000,1.000,1.000,-90.00,180.00,36.00,CLOSED,0
655421.149,0,0,0,1.000,1.000,1.000,-90.00,180.00,36.00,CLOSED,0
655421.153,0,0,0,1.000,1.000,1.000,-90.00,180.00,36.00,CLOSED,0
655421.157,0,0,0,1.000,1.000,1.000,-90.00,180.00,36.00,CLOSED,0
655421.161,0,0,0,1.000,1.000,1.000,-90.00,180.00,36.00,CLOSED,0
655421.166,0,0,0,1.000,1.000,1.000,-90.00,180.00,36.00,CLOSED,0
655421.171,0,0,0,1.000,1.000,1.000,-90.00,180.00,36.00,CLOSED,0
655421.175,0,0,0,1.000,1.000,1.000,-90.00,180.00,36.00,CLOSED,0
655421.180,0,0,0,1.000,1.000,1.000,-90.00,180.00,36.00,CLOSED,0
655421.184,0,0,0,1.000,1.000,1.000,-90.00,180.00,36.00,CLOSED,0
655421.189,0,0,0,1.000,1.000,1.000,-90.00,180.00,36.00,CLOSED,0
655421.193,0,0,0,1.000,1.000,1.000,-90.00,180.00,36.00,CLOSED,0
655421.197,0,0,0,1.000,1.000,1.000,-90.00,180.00,36.00,CLOSED,0
655421.201,0,0,0,1.000,1.000,1.000,-90.00,180.00,36.00,CLOSED,0
655421.206,0,0,0,1.000,1.000,1.000,-90.00,180.00,36.00,CLOSED,0
655421.211,0,0,0,1.000,1.000,1.000,-90.00,180.00,36.00,CLOSED,0
655421.216,0,0,0,1.000,1.000,1.000,-90.00,180.00,36.00,CLOSED,0
655421.220,0,0,0,1.000,1.000,1.000,-90.00,180.00,36.00,CLOSED,0
655421.224,0,0,0,1.000,1.000,1.000,-90.00,180.00,36.00,CLOSED,0
655421.228,0,0,0,1.000,1.000,1.000,-90.00,180.00,36.00,CLOSED,0
655421.233,0,0,0,1.000,1.000,1.000,-90.00,180.00,36.00,CLOSED,0
655421.236,0,0,0,1.000,1.000,1.000,-90.00,180.00,36.00,CLOSED,0
655421.240,0,0,0,1.000,1.000,1.000,-90.00,180.00,36.00,CLOSED,0
655421.244,0,0,0,1.000,1.000,1.000,-90.00,180.00,36.00,CLOSED,0
655421.248,0,0,0,1.000,1.000,1.000,-90.00,180.00,36.00,CLOSED,0
655421.252,0,0,0,1.000,1.000,1.000,-90.00,180.00,36.00,CLOSED,0
655421.257,0,0,0,1.000,1.000,1.000,-90.00,180.00,36.00,CLOSED,0
655421.261,0,0,0,1.000,1.000,1.000,-90.00,180.00,36.00,CLOSED,0
655421.265,0,0,0,1.000,1.000,1.000,-90.00,180.00,36.00,CLOSED,0
655421.268,0,0,0,1.000,1.000,1.000,-90.00,180.00,36.00,CLOSED,0
655421.272,0,0,0,1.000,1.000,1.000,-90.00,180.00,36.00,CLOSED,0
655421.278,0,0,0,1.000,1.000,1.000,-90.00,180.00,36.00,CLOSED,0
655421.284,0,0,0,1.000,1.000,1.000,-90.00,180.00,36.00,CLOSED,0
655421.290,0,0,0,1.000,1.000,1.000,-90.00,180.00,36.00,CLOSED,0
655421.296,0,0,0,1.000,1.000,1.000,-90.00,180.00,36.00,CLOSED,0
655421.302,0,0,0,1.000,1.000,1.000,-90.00,180.00,36.00,CLOSED,0
655421.308,0,0,0,1.000,1.000,1.000,-90.00,180.00,36.00,CLOSED,0
655421.313,0,0,0,1.000,1.000,1.000,-90.00,180.00,36.00,CLOSED,0
655421.318,0,0,0,1.000,1.000,1.000,-90.00,180.00,36.00,CLOSED,0
655421.323,0,0,0,1.000,1.000,1.000,-90.00,180.00,36.00,CLOSED,0
655421.328,0,0,0,1.000,1.000,1.000,-90.00,180.00,36.00,CLOSED,0
655421.333,0,0,0,1.000,1.000,1.000,-90.00,180.00,36.00,CLOSED,0
655421.337,0,0,0,1.000,1.000,1.000,-90.00,180.00,36.00,CLOSED,0
655421.342,0,0,0,1.000,1.000,1.000,-90.00,180.00,36.00,CLOSED,0
655421.345,0,0,0,1.000,1.000,1.000,-90.00,180.00,36.00,CLOSED,0
655421.349,0,0,0,1.000,1.000,1.000,-90.00,180.00,36.00,CLOSED,0
655421.352,0,0,0,1.000,1.000,1.000,-90.00,180.00,36.00,CLOSED,0
655421.357,0,0,0,1.000,1.000,1.000,-90.00,180.00,36.00,CLOSED,0
655421.360,0,0,0,1.000,1.000,1.000,-90.00,180.00,36.00,CLOSED,0
655421.364,0,0,0,1.000,1.000,1.000,-90.00,180.00,36.00,CLOSED,0
655421.368,0,0,0,1.000,1.000,1.000,-90.00,180.00,36.00,CLOSED,0
655421.372,0,0,0,1.000,1.000,1.000,-90.00,180.00,36.00,CLOSED,0
655421.377,0,0,0,1.000,1.000,1.000,-90.00,180.00,36.00,CLOSED,0
655421.381,0,0,0,1.000,1.000,1.000,-90.00,180.00,36.00,CLOSED,0
655421.385,0,0,0,1.000,1.000,1.000,-90.00,180.00,36.00,CLOSED,0
655421.389,0,0,0,1.000,1.000,1.000,-90.00,180.00,36.00,CLOSED,0
655421.393,0,0,0,1.000,1.000,1.000,-90.00,180.00,36.00,CLOSED,0
655421.397,0,0,0,1.000,1.000,1.000,-90.00,180.00,36.00,CLOSED,0
655421.401,0,0,0,1.000,1.000,1.000,-90.00,180.00,36.00,CLOSED,0
655421.405,0,0,0,1.000,1.000,1.000,-90.00,180.00,36.00,CLOSED,0
655421.409,0,0,0,1.000,1.000,1.000,-90.00,180.00,36.00,CLOSED,0
655421.413,0,0,0,1.000,1.000,1.000,-90.00,180.00,36.00,CLOSED,0
655421.418,0,0,0,1.000,1.000,1.000,-90.00,180.00,36.00,CLOSED,0
655421.423,0,0,0,1.000,1.000,1.000,-90.00,180.00,36.00,CLOSED,0
655421.426,0,0,0,1.000,1.000,1.000,-90.00,180.00,36.00,CLOSED,0
655421.430,0,0,0,1.000,1.000,1.000,-90.00,180.00,36.00,CLOSED,0
655421.434,0,0,0,1.000,1.000,1.000,-90.00,180.00,36.00,CLOSED,0
655421.439,0,0,0,1.000,1.000,1.000,-90.00,180.00,36.00,CLOSED,0
655421.443,0,0,0,1.000,1.000,1.000,-90.00,180.00,36.00,CLOSED,0
655421.448,0,0,0,1.000,1.000,1.000,-90.00,180.00,36.00,CLOSED,0
655421.452,0,0,0,1.000,1.000,1.000,-90.00,180.00,36.00,CLOSED,0
655421.457,0,0,0,1.000,1.000,1.000,-90.00,180.00,36.00,CLOSED,0
655421.461,0,0,0,1.000,1.000,1.000,-90.00,180.00,36.00,CLOSED,0
655421.464,0,0,0,1.000,1.000,1.000,-90.00,180.00,36.00,CLOSED,0
655421.468,0,0,0,1.000,1.000,1.000,-90.00,180.00,36.00,CLOSED,0
655421.472,0,0,0,1.000,1.000,1.000,-90.00,180.00,36.00,CLOSED,0
655421.476,0,0,0,1.000,1.000,1.000,-90.00,180.00,36.00,CLOSED,0
655421.480,0,0,0,1.000,1.000,1.000,-90.00,180.00,36.00,CLOSED,0
655421.484,0,0,0,1.000,1.000,1.000,-90.00,180.00,36.00,CLOSED,0
655421.488,0,0,0,1.000,1.000,1.000,-90.00,180.00,36.00,CLOSED,0
655421.491,0,0,0,1.000,1.000,1.000,-90.00,180.00,36.00,CLOSED,0
655421.495,0,0,0,1.000,1.000,1.000,-90.00,180.00,36.00,CLOSED,0
655421.500,0,0,0,1.000,1.000,1.000,-90.00,180.00,36.00,CLOSED,0
655421.504,0,0,0,1.000,1.000,1.000,-90.00,180.00,36.00,CLOSED,0
655421.509,0,0,0,1.000,1.000,1.000,-90.00,180.00,36.00,CLOSED,0
655421.514,0,0,0,1.000,1.000,1.000,-90.00,180.00,36.00,CLOSED,0
655421.519,0,0,0,1.000,1.000,1.000,-90.00,180.00,36.00,CLOSED,0
655421.523,0,0,0,1.000,1.000,1.000,-90.00,180.00,36.00,CLOSED,0
655421.528,0,0,0,1.000,1.000,1.000,-90.00,180.00,36.00,CLOSED,0
655421.532,0,0,0,1.000,1.000,1.000,-90.00,180.00,36.00,CLOSED,0
655421.536,0,0,0,1.000,1.000,1.000,-90.00,180.00,36.00,CLOSED,0
655421.540,0,0,0,1.000,1.000,1.000,-90.00,180.00,36.00,CLOSED,0
655421.545,0,0,0,1.000,1.000,1.000,-90.00,180.00,36.00,CLOSED,0
655421.549,0,0,0,1.000,1.000,1.000,-90.00,180.00,36.00,CLOSED,0
655421.554,0,0,0,1.000,1.000,1.000,-90.00,180.00,36.00,CLOSED,0
655421.558,0,0,0,1.000,1.000,1.000,-90.00,180.00,36.00,CLOSED,0
655421.562,0,0,0,1.000,1.000,1.000,-90.00,180.00,36.00,CLOSED,0
655421.566,0,0,0,1.000,1.000,1.000,-90.00,180.00,36.00,CLOSED,0
655421.571,0,0,0,1.000,1.000,1.000,-90.00,180.00,36.00,CLOSED,0
655421.575,0,0,0,1.000,1.000,1.000,-90.00,180.00,36.00,CLOSED,0
655421.580,0,0,0,1.000,1.000,1.000,-90.00,180.00,36.00,CLOSED,0
655421.584,0,0,0,1.000,1.000,1.000,-90.00,180.00,36.00,CLOSED,0
655421.588,0,0,0,1.000,1.000,1.000,-90.00,180.00,36.00,CLOSED,0
655421.592,0,0,0,1.000,1.000,1.000,-90.00,180.00,36.00,CLOSED,0
655421.597,0,0,0,1.000,1.000,1.000,-90.00,180.00,36.00,CLOSED,0
655421.601,0,0,0,1.000,1.000,1.000,-90.00,180.00,36.00,CLOSED,0
655421.605,0,0,0,1.000,1.000,1.000,-90.00,180.00,36.00,CLOSED,0
655421.609,0,0,0,1.000,1.000,1.000,-90.00,180.00,36.00,CLOSED,0
655421.613,0,0,0,1.000,1.000,1.000,-90.00,180.00,36.00,CLOSED,0
655421.616,0,0,0,1.000,1.000,1.000,-90.00,180.00,36.00,CLOSED,0
655421.620,0,0,0,1.000,1.000,1.000,-90.00,180.00,36.00,CLOSED,0
655421.624,0,0,0,1.000,1.000,1.000,-90.00,180.00,36.00,CLOSED,0
655421.629,0,0,0,1.000,1.000,1.000,-90.00,180.00,36.00,CLOSED,0
655421.634,0,0,0,1.000,1.000,1.000,-90.00,180.00,36.00,CLOSED,0
655421.639,0,0,0,1.000,1.000,1.000,-90.00,180.00,36.00,CLOSED,0
655421.644,0,0,0,1.000,1.000,1.000,-90.00,180.00,36.00,CLOSED,0
655421.648,0,0,0,1.000,1.000,1.000,-90.00,180.00,36.00,CLOSED,0
655421.652,0,0,0,1.000,1.000,1.000,-90.00,180.00,36.00,CLOSED,0
655421.657,0,0,0,1.000,1.000,1.000,-90.00,180.00,36.00,CLOSED,0
655421.661,0,0,0,1.000,1.000,1.000,-90.00,180.00,36.00,CLOSED,0
655421.665,0,0,0,1.000,1.000,1.000,-90.00,180.00,36.00,CLOSED,0
655421.669,0,0,0,1.000,1.000,1.000,-90.00,180.00,36.00,CLOSED,0
655421.673,0,0,0,1.000,1.000,1.000,-90.00,180.00,36.00,CLOSED,0
655421.679,0,0,0,1.000,1.000,1.000,-90.00,180.00,36.00,CLOSED,0
655421.683,0,0,0,1.000,1.000,1.000,-90.00,180.00,36.00,CLOSED,0
655421.687,0,0,0,1.000,1.000,1.000,-90.00,180.00,36.00,CLOSED,0
655421.691,0,0,0,1.000,1.000,1.000,-90.00,180.00,36.00,CLOSED,0
655421.695,0,0,0,1.000,1.000,1.000,-90.00,180.00,36.00,CLOSED,0
655421.699,0,0,0,1.000,1.000,1.000,-90.00,180.00,36.00,CLOSED,0
655421.704,0,0,0,1.000,1.000,1.000,-90.00,180.00,36.00,CLOSED,0
655421.708,0,0,0,1.000,1.000,1.000,-90.00,180.00,36.00,CLOSED,0
655421.713,0,0,0,1.000,1.000,1.000,-90.00,180.00,36.00,CLOSED,0
655421.717,0,0,0,1.000,1.000,1.000,-90.00,180.00,36.00,CLOSED,0
655421.722,0,0,0,1.000,1.000,1.000,-90.00,180.00,36.00,CLOSED,0
655421.726,0,0,0,1.000,1.000,1.000,-90.00,180.00,36.00,CLOSED,0
655421.730,0,0,0,1.000,1.000,1.000,-90.00,180.00,36.00,CLOSED,0
655421.735,0,0,0,1.000,1.000,1.000,-90.00,180.00,36.00,CLOSED,0
655421.741,0,0,0,1.000,1.000,1.000,-90.00,180.00,36.00,CLOSED,0
655421.747,0,0,0,1.000,1.000,1.000,-90.00,180.00,36.00,CLOSED,0
655421.752,0,0,0,1.000,1.000,1.000,-90.00,180.00,36.00,CLOSED,0
655421.756,0,0,0,1.000,1.000,1.000,-90.00,180.00,36.00,CLOSED,0
655421.761,0,0,0,1.000,1.000,1.000,-90.00,180.00,36.00,CLOSED,0
655421.765,0,0,0,1.000,1.000,1.000,-90.00,180.00,36.00,CLOSED,0
655421.769,0,0,0,1.000,1.000,1.000,-90.00,180.00,36.00,CLOSED,0
655421.774,0,0,0,1.000,1.000,1.000,-90.00,180.00,36.00,CLOSED,0
655421.778,0,0,0,1.000,1.000,1.000,-90.00,180.00,36.00,CLOSED,0
655421.782,0,0,0,1.000,1.000,1.000,-90.00,180.00,36.00,CLOSED,0
655421.787,0,0,0,1.000,1.000,1.000,-90.00,180.00,36.00,CLOSED,0
655421.791,0,0,0,1.000,1.000,1.000,-90.00,180.00,36.00,CLOSED,0
655421.796,0,0,0,1.000,1.000,1.000,-90.00,180.00,36.00,CLOSED,0
655421.801,0,0,0,1.000,1.000,1.000,-90.00,180.00,36.00,CLOSED,0
655421.806,0,0,0,1.000,1.000,1.000,-90.00,180.00,36.00,CLOSED,0
655421.810,0,0,0,1.000,1.000,1.000,-90.00,180.00,36.00,CLOSED,0
655421.815,0,0,0,1.000,1.000,1.000,-90.00,180.00,36.00,CLOSED,0
655421.820,0,0,0,1.000,1.000,1.000,-90.00,180.00,36.00,CLOSED,0
655421.824,0,0,0,1.000,1.000,1.000,-90.00,180.00,36.00,CLOSED,0
655421.829,0,0,0,1.000,1.000,1.000,-90.00,180.00,36.00,CLOSED,0
655421.834,0,0,0,1.000,1.000,1.000,-90.00,180.00,36.00,CLOSED,0
655421.839,0,0,0,1.000,1.000,1.000,-90.00,180.00,36.00,CLOSED,0
655421.844,0,0,0,1.000,1.000,1.000,-90.00,180.00,36.00,CLOSED,0
655421.849,0,0,0,1.000,1.000,1.000,-90.00,180.00,36.00,CLOSED,0
655421.853,0,0,0,1.000,1.000,1.000,-90.00,180.00,36.00,CLOSED,0
655421.858,0,0,0,1.000,1.000,1.000,-90.00,180.00,36.00,CLOSED,0
655421.862,0,0,0,1.000,1.000,1.000,-90.00,180.00,36.00,CLOSED,0
655421.866,0,0,0,1.000,1.000,1.000,-90.00,180.00,36.00,CLOSED,0
655421.870,0,0,0,1.000,1.000,1.000,-90.00,180.00,36.00,CLOSED,0
655421.874,0,0,0,1.000,1.000,1.000,-90.00,180.00,36.00,CLOSED,0
655421.879,0,0,0,1.000,1.000,1.000,-90.00,180.00,36.00,CLOSED,0
655421.883,0,0,0,1.000,1.000,1.000,-90.00,180.00,36.00,CLOSED,0
655421.888,0,0,0,1.000,1.000,1.000,-90.00,180.00,36.00,CLOSED,0
655421.893,0,0,0,1.000,1.000,1.000,-90.00,180.00,36.00,CLOSED,0
655421.899,0,0,0,1.000,1.000,1.000,-90.00,180.00,36.00,CLOSED,0
655421.905,0,0,0,1.000,1.000,1.000,-90.00,180.00,36.00,CLOSED,0
655421.911,0,0,0,1.000,1.000,1.000,-90.00,180.00,36.00,CLOSED,0
655421.915,0,0,0,1.000,1.000,1.000,-90.00,180.00,36.00,CLOSED,0
655421.920,0,0,0,1.000,1.000,1.000,-90.00,180.00,36.00,CLOSED,0
655421.925,0,0,0,1.000,1.000,1.000,-90.00,180.00,36.00,CLOSED,0
655421.929,0,0,0,1.000,1.000,1.000,-90.00,180.00,36.00,CLOSED,0
655421.935,0,0,0,1.000,1.000,1.000,-90.00,180.00,36.00,CLOSED,0
655421.942,0,0,0,1.000,1.000,1.000,-90.00,180.00,36.00,CLOSED,0
655421.948,0,0,0,1.000,1.000,1.000,-90.00,180.00,36.00,CLOSED,0
655421.954,0,0,0,1.000,1.000,1.000,-90.00,180.00,36.00,CLOSED,0
655421.961,0,0,0,1.000,1.000,1.000,-90.00,180.00,36.00,CLOSED,0
655421.968,0,0,0,1.000,1.000,1.000,-90.00,180.00,36.00,CLOSED,0
655421.973,0,0,0,1.000,1.000,1.000,-90.00,180.00,36.00,CLOSED,0
655421.978,0,0,0,1.000,1.000,1.000,-90.00,180.00,36.00,CLOSED,0
655421.983,0,0,0,1.000,1.000,1.000,-90.00,180.00,36.00,CLOSED,0
655421.988,0,0,0,1.000,1.000,1.000,-90.00,180.00,36.00,CLOSED,0
655421.993,0,0,0,1.000,1.000,1.000,-90.00,180.00,36.00,CLOSED,0
655421.998,0,0,0,1.000,1.000,1.000,-90.00,180.00,36.00,CLOSED,0
655422.003,0,0,0,1.000,1.000,1.000,-90.00,180.00,36.00,CLOSED,0
655422.008,0,0,0,1.000,1.000,1.000,-90.00,180.00,36.00,CLOSED,0
655422.012,0,0,0,1.000,1.000,1.000,-90.00,180.00,36.00,CLOSED,0
655422.017,0,0,0,1.000,1.000,1.000,-90.00,180.00,36.00,CLOSED,0
655422.021,0,0,0,1.000,1.000,1.000,-90.00,180.00,36.00,CLOSED,0
655422.026,0,0,0,0.999,1.000,1.000,-90.00,180.00,36.00,CLOSED,0
655422.031,0,0,0,0.999,1.000,1.000,-90.00,180.00,36.00,CLOSED,0
655422.038,0,0,0,0.998,0.998,1.000,-90.00,180.00,36.00,CLOSED,0
655422.044,0,0,0,0.998,0.987,1.000,-90.00,180.00,36.00,CLOSED,0
655422.050,0,0,0,0.997,0.885,1.000,-90.00,180.00,36.00,CLOSED,0
655422.057,0,0,0,0.999,0.593,1.000,-90.00,180.00,36.00,CLOSED,0
655422.063,0,0,0,1.000,0.603,0.998,-90.00,180.00,36.00,CLOSED,0
655422.068,0,0,0,1.000,0.854,0.983,-90.00,180.00,36.00,CLOSED,0
655422.074,0,0,0,1.000,0.870,0.828,-90.00,180.00,36.00,CLOSED,0
655422.079,0,0,0,1.000,0.799,0.516,-90.00,180.00,36.00,CLOSED,0
655422.084,0,0,0,1.000,0.662,0.782,-90.00,180.00,36.00,CLOSED,0
655422.088,0,0,0,1.000,0.703,0.895,-90.00,180.00,36.00,CLOSED,0
655422.093,0,0,0,1.000,0.933,0.911,-90.00,180.00,36.00,CLOSED,0
655422.098,0,0,0,1.000,0.983,0.922,-90.00,180.00,36.00,CLOSED,0
655422.102,0,0,0,1.000,0.994,0.915,-90.00,180.00,36.00,CLOSED,0
655422.107,0,0,0,1.000,0.996,0.916,-90.00,180.00,36.00,CLOSED,0
655422.111,0,0,0,1.000,0.996,0.905,-90.00,180.00,36.00,CLOSED,0
655422.116,0,0,0,1.000,0.996,0.893,-90.00,180.00,36.00,CLOSED,0
655422.121,0,0,0,1.000,0.991,0.864,-90.00,180.00,36.00,CLOSED,0
655422.125,0,0,0,1.000,0.983,0.825,-90.00,180.00,36.00,CLOSED,0
655422.130,0,0,1,1.000,0.974,0.773,0.00,180.00,36.00,CLOSED,1
655422.135,0,0,1,1.000,0.975,0.713,0.00,180.00,36.00,CLOSED,0
655422.139,0,0,1,1.000,0.980,0.653,0.00,180.00,36.00,CLOSED,0
655422.144,0,0,1,1.000,0.988,0.631,0.00,180.00,36.00,CLOSED,0
655422.149,0,0,1,1.000,0.993,0.620,0.00,180.00,36.00,CLOSED,0
655422.154,0,0,1,1.000,0.994,0.622,0.00,180.00,36.00,CLOSED,0
655422.158,0,0,1,1.000,0.994,0.652,0.00,180.00,36.00,CLOSED,0
655422.162,0,0,1,1.000,0.995,0.712,0.00,180.00,36.00,CLOSED,0
655422.166,0,0,1,1.000,0.993,0.766,0.00,180.00,36.00,CLOSED,0
655422.170,0,0,1,1.000,0.991,0.825,0.00,180.00,36.00,CLOSED,0
655422.174,0,0,1,1.000,0.990,0.877,0.00,180.00,36.00,CLOSED,0
655422.178,0,0,1,1.000,0.988,0.913,0.00,180.00,36.00,CLOSED,0
655422.182,0,0,1,1.000,0.981,0.944,0.00,180.00,36.00,CLOSED,0
655422.187,0,0,1,1.000,0.973,0.968,0.00,180.00,36.00,CLOSED,0
655422.192,0,0,1,1.000,0.956,0.980,0.00,180.00,36.00,CLOSED,0
655422.196,0,0,1,1.000,0.928,0.987,0.00,180.00,36.00,CLOSED,0
655422.201,0,0,1,1.000,0.880,0.988,0.00,180.00,36.00,CLOSED,0
655422.205,0,0,1,1.000,0.802,0.986,0.00,180.00,36.00,CLOSED,0
655422.209,0,0,1,1.000,0.674,0.982,0.00,180.00,36.00,CLOSED,0
655422.214,0,0,1,1.000,0.518,0.977,0.00,180.00,36.00,CLOSED,0
655422.218,0,0,1,1.000,0.585,0.970,0.00,180.00,36.00,CLOSED,0
655422.222,0,0,1,1.000,0.537,0.960,0.00,180.00,36.00,CLOSED,0
655422.228,0,0,1,1.000,0.573,0.947,0.00,180.00,36.00,CLOSED,0
655422.234,0,0,1,1.000,0.750,0.937,0.00,180.00,36.00,CLOSED,0
655422.240,0,0,1,1.000,0.852,0.939,0.00,180.00,36.00,CLOSED,0
655422.246,0,0,1,1.000,0.910,0.933,0.00,180.00,36.00,CLOSED,0
655422.251,0,0,1,1.000,0.936,0.934,0.00,180.00,36.00,CLOSED,0
655422.257,0,0,1,1.000,0.948,0.936,0.00,180.00,36.00,CLOSED,0
655422.262,0,0,1,1.000,0.944,0.933,0.00,180.00,36.00,CLOSED,0
655422.266,0,0,1,1.000,0.933,0.927,0.00,180.00,36.00,CLOSED,0
655422.271,0,0,1,1.000,0.923,0.908,0.00,180.00,36.00,CLOSED,0
655422.275,0,0,1,1.000,0.931,0.858,0.00,180.00,36.00,CLOSED,0
655422.279,0,0,1,1.000,0.924,0.786,0.00,180.00,36.00,CLOSED,0
655422.283,0,0,1,1.000,0.948,0.681,0.00,180.00,36.00,CLOSED,0
655422.287,0,0,1,1.000,0.954,0.633,0.00,180.00,36.00,CLOSED,0
655422.291,0,0,1,1.000,0.962,0.584,0.00,180.00,36.00,CLOSED,0
655422.295,0,0,1,1.000,0.973,0.583,0.00,180.00,36.00,CLOSED,0
655422.299,0,0,1,1.000,0.979,0.591,0.00,180.00,36.00,CLOSED,0
655422.303,0,0,1,1.000,0.983,0.621,0.00,180.00,36.00,CLOSED,0
655422.307,0,0,1,1.000,0.982,0.689,0.00,180.00,36.00,CLOSED,0
655422.311,0,0,1,1.000,0.980,0.713,0.00,180.00,36.00,CLOSED,0
655422.315,0,0,1,1.000,0.974,0.741,0.00,180.00,36.00,CLOSED,0
655422.319,0,0,1,1.000,0.967,0.741,0.00,180.00,36.00,CLOSED,0
655422.324,0,0,1,1.000,0.943,0.732,0.00,180.00,36.00,CLOSED,0
655422.328,0,0,1,1.000,0.946,0.639,0.00,180.00,36.00,CLOSED,0
655422.332,0,0,1,1.000,0.958,0.512,0.00,180.00,36.00,CLOSED,0
655422.336,0,0,1,1.000,0.971,0.642,0.00,180.00,36.00,CLOSED,0
655422.341,0,0,1,1.000,0.985,0.747,0.00,180.00,36.00,CLOSED,0
655422.345,0,0,1,1.000,0.989,0.802,0.00,180.00,36.00,CLOSED,0
655422.350,0,0,1,1.000,0.992,0.811,0.00,180.00,36.00,CLOSED,0
655422.354,0,0,1,1.000,0.993,0.782,0.00,180.00,36.00,CLOSED,0
655422.358,0,0,1,1.000,0.992,0.748,0.00,180.00,36.00,CLOSED,0
655422.362,0,0,1,1.000,0.988,0.659,0.00,180.00,36.00,CLOSED,0
655422.366,0,0,1,1.000,0.976,0.514,0.00,180.00,36.00,CLOSED,0
655422.370,0,0,1,1.000,0.935,0.704,0.00,180.00,36.00,CLOSED,0
655422.374,0,0,1,1.000,0.815,0.858,0.00,180.00,36.00,CLOSED,0
655422.378,0,0,1,1.000,0.652,0.919,0.00,180.00,36.00,CLOSED,0
655422.382,0,0,1,1.000,0.593,0.930,0.00,180.00,36.00,CLOSED,0
655422.386,0,0,0,1.000,0.651,0.928,-90.00,180.00,36.00,CLOSED,1
655422.390,0,0,0,1.000,0.770,0.917,-90.00,180.00,36.00,CLOSED,0
655422.395,0,0,0,1.000,0.857,0.893,-90.00,180.00,36.00,CLOSED,0
655422.398,0,0,0,1.000,0.909,0.892,-90.00,180.00,36.00,CLOSED,0
655422.402,0,0,0,1.000,0.935,0.885,-90.00,180.00,36.00,CLOSED,0
655422.406,0,0,0,1.000,0.936,0.876,-90.00,180.00,36.00,CLOSED,0
655422.411,0,0,0,1.000,0.933,0.857,-90.00,180.00,36.00,CLOSED,0
655422.415,0,0,0,1.000,0.925,0.856,-90.00,180.00,36.00,CLOSED,0
655422.419,0,0,0,1.000,0.894,0.837,-90.00,180.00,36.00,CLOSED,0
655422.423,0,0,0,1.000,0.809,0.840,-90.00,180.00,36.00,CLOSED,0
655422.427,0,0,0,1.000,0.664,0.847,-90.00,180.00,36.00,CLOSED,0
655422.431,0,0,0,1.000,0.533,0.857,-90.00,180.00,36.00,CLOSED,0
655422.434,0,0,0,1.000,0.668,0.871,-90.00,180.00,36.00,CLOSED,0
655422.438,0,0,0,1.000,0.789,0.895,-90.00,180.00,36.00,CLOSED,0
655422.442,0,0,0,1.000,0.862,0.932,-90.00,180.00,36.00,CLOSED,0
655422.447,0,0,0,1.000,0.911,0.949,-90.00,180.00,36.00,CLOSED,0
655422.452,0,0,0,1.000,0.939,0.963,-90.00,180.00,36.00,CLOSED,0
655422.456,0,0,0,1.000,0.955,0.975,-90.00,180.00,36.00,CLOSED,0
655422.460,0,0,0,1.000,0.962,0.984,-90.00,180.00,36.00,CLOSED,0
655422.465,0,0,0,1.000,0.949,0.988,-90.00,180.00,36.00,CLOSED,0
655422.469,0,0,0,1.000,0.908,0.993,-90.00,180.00,36.00,CLOSED,0
655422.473,0,0,0,1.000,0.814,0.994,-90.00,180.00,36.00,CLOSED,0
655422.477,0,0,0,1.000,0.675,0.995,-90.00,180.00,36.00,CLOSED,0
655422.481,0,0,0,1.000,0.550,0.996,-90.00,180.00,36.00,CLOSED,0
655422.486,0,0,0,1.000,0.603,0.995,-90.00,180.00,36.00,CLOSED,0
655422.490,0,0,0,1.000,0.609,0.994,-90.00,180.00,36.00,CLOSED,0
655422.494,0,0,0,1.000,0.605,0.991,-90.00,180.00,36.00,CLOSED,0
655422.498,0,0,0,1.000,0.576,0.981,-90.00,180.00,36.00,CLOSED,0
655422.503,0,0,0,1.000,0.642,0.957,-90.00,180.00,36.00,CLOSED,0
655422.507,0,1,0,1.000,0.813,0.927,-90.00,90.00,36.00,CLOSED,1
655422.512,0,1,0,1.000,0.900,0.905,-90.00,90.00,36.00,CLOSED,0
655422.516,0,1,0,1.000,0.905,0.892,-90.00,90.00,36.00,CLOSED,0
655422.520,0,1,0,1.000,0.849,0.895,-90.00,90.00,36.00,CLOSED,0
655422.523,0,1,0,1.000,0.722,0.910,-90.00,90.00,36.00,CLOSED,0
655422.527,0,1,0,1.000,0.562,0.927,-90.00,90.00,36.00,CLOSED,0
655422.531,0,1,0,1.000,0.642,0.944,-90.00,90.00,36.00,CLOSED,0
655422.536,0,1,0,1.000,0.805,0.935,-90.00,90.00,36.00,CLOSED,0
655422.540,0,1,0,1.000,0.872,0.921,-90.00,90.00,36.00,CLOSED,0
655422.545,0,1,0,1.000,0.915,0.880,-90.00,90.00,36.00,CLOSED,0
655422.549,0,1,0,1.000,0.937,0.687,-90.00,90.00,36.00,CLOSED,0
655422.554,0,1,0,1.000,0.953,0.655,-90.00,90.00,36.00,CLOSED,0
655422.558,0,1,0,1.000,0.954,0.934,-90.00,90.00,36.00,CLOSED,0
655422.561,0,1,0,1.000,0.959,0.992,-90.00,90.00,36.00,CLOSED,0
655422.565,0,1,0,1.000,0.976,0.999,-90.00,90.00,36.00,CLOSED,0
655422.569,0,1,0,0.998,0.984,1.000,-90.00,90.00,36.00,CLOSED,0
655422.574,0,0,0,0.986,0.990,1.000,-90.00,180.00,36.00,CLOSED,0
655422.579,0,0,0,0.973,0.994,1.000,-90.00,180.00,36.00,CLOSED,0
655422.584,0,0,0,0.948,0.996,1.000,-90.00,180.00,36.00,CLOSED,0
655422.588,0,0,0,0.953,0.998,1.000,-90.00,180.00,36.00,CLOSED,0
655422.592,0,0,0,0.970,0.999,1.000,-90.00,180.00,36.00,CLOSED,0
655422.596,0,0,0,0.985,1.000,1.000,-90.00,180.00,36.00,CLOSED,0
655422.600,0,0,0,0.996,1.000,1.000,-90.00,180.00,36.00,CLOSED,0
655422.604,0,0,0,0.999,1.000,1.000,-90.00,180.00,36.00,CLOSED,0
655422.608,0,0,0,1.000,1.000,1.000,-90.00,180.00,36.00,CLOSED,1
655422.612,0,0,0,1.000,1.000,1.000,-90.00,180.00,36.00,CLOSED,0
655422.616,0,0,0,1.000,1.000,1.000,-90.00,180.00,36.00,CLOSED,0
655422.620,0,0,0,1.000,1.000,1.000,-90.00,180.00,36.00,CLOSED,0
655422.624,0,0,0,1.000,1.000,1.000,-90.00,180.00,36.00,CLOSED,0
655422.628,0,0,0,1.000,1.000,1.000,-90.00,180.00,36.00,CLOSED,0
655422.633,0,0,0,1.000,1.000,1.000,-90.00,180.00,36.00,CLOSED,0
655422.637,0,0,0,1.000,1.000,1.000,-90.00,180.00,36.00,CLOSED,0
655422.641,0,0,0,1.000,1.000,1.000,-90.00,180.00,36.00,CLOSED,0
655422.644,0,0,0,1.000,1.000,1.000,-90.00,180.00,36.00,CLOSED,0
655422.649,0,0,0,1.000,1.000,1.000,-90.00,180.00,36.00,CLOSED,0
655422.653,0,0,0,1.000,1.000,1.000,-90.00,180.00,36.00,CLOSED,0
655422.656,0,0,0,1.000,1.000,1.000,-90.00,180.00,36.00,CLOSED,0
655422.660,0,0,0,1.000,1.000,1.000,-90.00,180.00,36.00,CLOSED,0
655422.664,0,0,0,1.000,1.000,1.000,-90.00,180.00,36.00,CLOSED,0
655422.669,0,0,0,1.000,1.000,1.000,-90.00,180.00,36.00,CLOSED,0
655422.674,0,0,0,1.000,1.000,1.000,-90.00,180.00,36.00,CLOSED,0
655422.679,0,0,0,1.000,1.000,1.000,-90.00,180.00,36.00,CLOSED,0
655422.683,0,0,0,1.000,1.000,1.000,-90.00,180.00,36.00,CLOSED,0
655422.687,0,0,0,1.000,1.000,1.000,-90.00,180.00,36.00,CLOSED,0
655422.690,0,0,0,1.000,1.000,1.000,-90.00,180.00,36.00,CLOSED,0
655422.695,0,0,0,1.000,1.000,1.000,-90.00,180.00,36.00,CLOSED,0
655422.699,0,0,0,1.000,1.000,1.000,-90.00,180.00,36.00,CLOSED,0
655422.703,0,0,0,1.000,1.000,1.000,-90.00,180.00,36.00,CLOSED,0
655422.708,0,0,0,1.000,1.000,1.000,-90.00,180.00,36.00,CLOSED,0
655422.712,0,0,0,1.000,1.000,1.000,-90.00,180.00,36.00,CLOSED,0
655422.717,0,0,0,1.000,1.000,1.000,-90.00,180.00,36.00,CLOSED,0
655422.721,0,0,0,1.000,1.000,1.000,-90.00,180.00,36.00,CLOSED,0
655422.725,0,0,0,1.000,1.000,1.000,-90.00,180.00,36.00,CLOSED,0
655422.730,0,0,0,1.000,1.000,1.000,-90.00,180.00,36.00,CLOSED,0
655422.733,0,0,0,1.000,1.000,1.000,-90.00,180.00,36.00,CLOSED,0
655422.737,0,0,0,1.000,1.000,1.000,-90.00,180.00,36.00,CLOSED,0
655422.741,0,0,0,1.000,1.000,1.000,-90.00,180.00,36.00,CLOSED,0
655422.745,0,0,0,1.000,1.000,1.000,-90.00,180.00,36.00,CLOSED,0
655422.749,0,0,0,1.000,1.000,1.000,-90.00,180.00,36.00,CLOSED,0
655422.754,0,0,0,1.000,1.000,1.000,-90.00,180.00,36.00,CLOSED,0
655422.758,0,0,0,1.000,1.000,1.000,-90.00,180.00,36.00,CLOSED,0
655422.762,0,0,0,1.000,1.000,1.000,-90.00,180.00,36.00,CLOSED,0
655422.766,0,0,0,1.000,1.000,1.000,-90.00,180.00,36.00,CLOSED,0
655422.770,0,0,0,1.000,1.000,1.000,-90.00,180.00,36.00,CLOSED,0
655422.774,0,0,0,1.000,1.000,1.000,-90.00,180.00,36.00,CLOSED,0
655422.778,0,0,0,1.000,1.000,1.000,-90.00,180.00,36.00,CLOSED,0
655422.782,0,0,0,1.000,1.000,1.000,-90.00,180.00,36.00,CLOSED,0
655422.785,0,0,0,1.000,1.000,1.000,-90.00,180.00,36.00,CLOSED,0
655422.790,0,0,0,1.000,1.000,1.000,-90.00,180.00,36.00,CLOSED,0
655422.795,0,0,0,1.000,1.000,1.000,-90.00,180.00,36.00,CLOSED,0
655422.799,0,0,0,1.000,1.000,1.000,-90.00,180.00,36.00,CLOSED,0
655422.803,0,0,0,1.000,1.000,1.000,-90.00,180.00,36.00,CLOSED,0
655422.807,0,0,0,1.000,1.000,1.000,-90.00,180.00,36.00,CLOSED,0
655422.812,0,0,0,1.000,1.000,1.000,-90.00,180.00,36.00,CLOSED,0
655422.816,0,0,0,1.000,1.000,1.000,-90.00,180.00,36.00,CLOSED,0
655422.821,0,0,0,1.000,1.000,1.000,-90.00,180.00,36.00,CLOSED,0
655422.825,0,0,0,1.000,1.000,1.000,-90.00,180.00,36.00,CLOSED,0
655422.829,0,0,0,1.000,1.000,1.000,-90.00,180.00,36.00,CLOSED,0
655422.832,0,0,0,1.000,1.000,1.000,-90.00,180.00,36.00,CLOSED,0
655422.836,0,0,0,1.000,1.000,1.000,-90.00,180.00,36.00,CLOSED,0
655422.840,0,0,0,1.000,1.000,1.000,-90.00,180.00,36.00,CLOSED,0
655422.844,0,0,0,1.000,1.000,1.000,-90.00,180.00,36.00,CLOSED,0
655422.848,0,0,0,1.000,1.000,1.000,-90.00,180.00,36.00,CLOSED,0
655422.852,0,0,0,1.000,1.000,1.000,-90.00,180.00,36.00,CLOSED,0
655422.856,0,0,0,1.000,1.000,1.000,-90.00,180.00,36.00,CLOSED,0
655422.860,0,0,0,1.000,1.000,1.000,-90.00,180.00,36.00,CLOSED,0
655422.865,0,0,0,1.000,1.000,1.000,-90.00,180.00,36.00,CLOSED,0
655422.868,0,0,0,1.000,1.000,1.000,-90.00,180.00,36.00,CLOSED,0
655422.872,0,0,0,1.000,1.000,1.000,-90.00,180.00,36.00,CLOSED,0
655422.875,0,0,0,1.000,1.000,1.000,-90.00,180.00,36.00,CLOSED,0
655422.880,0,0,0,1.000,1.000,1.000,-90.00,180.00,36.00,CLOSED,0
655422.883,0,0,0,1.000,1.000,1.000,-90.00,180.00,36.00,CLOSED,0
655422.887,0,0,0,1.000,1.000,1.000,-90.00,180.00,36.00,CLOSED,0
655422.891,0,0,0,1.000,1.000,1.000,-90.00,180.00,36.00,CLOSED,0
655422.895,0,0,0,1.000,1.000,1.000,-90.00,180.00,36.00,CLOSED,0
655422.899,0,0,0,1.000,1.000,1.000,-90.00,180.00,36.00,CLOSED,0
655422.903,0,0,0,1.000,1.000,1.000,-90.00,180.00,36.00,CLOSED,0
655422.908,0,0,0,1.000,1.000,1.000,-90.00,180.00,36.00,CLOSED,0
655422.912,0,0,0,1.000,1.000,1.000,-90.00,180.00,36.00,CLOSED,0
655422.916,0,0,0,1.000,1.000,1.000,-90.00,180.00,36.00,CLOSED,0
655422.920,0,0,0,1.000,1.000,1.000,-90.00,180.00,36.00,CLOSED,0
655422.924,0,0,0,1.000,1.000,1.000,-90.00,180.00,36.00,CLOSED,0
655422.928,0,0,0,1.000,1.000,1.000,-90.00,180.00,36.00,CLOSED,0
655422.932,0,0,0,1.000,1.000,1.000,-90.00,180.00,36.00,CLOSED,0
655422.936,0,0,0,1.000,1.000,1.000,-90.00,180.00,36.00,CLOSED,0
655422.940,0,0,0,1.000,1.000,1.000,-90.00,180.00,36.00,CLOSED,0
655422.944,0,0,0,1.000,1.000,1.000,-90.00,180.00,36.00,CLOSED,0
655422.948,0,0,0,1.000,1.000,1.000,-90.00,180.00,36.00,CLOSED,0
655422.952,0,0,0,1.000,1.000,1.000,-90.00,180.00,36.00,CLOSED,0
655422.956,0,0,0,1.000,1.000,1.000,-90.00,180.00,36.00,CLOSED,0
655422.960,0,0,0,1.000,1.000,1.000,-90.00,180.00,36.00,CLOSED,0
655422.965,0,0,0,1.000,1.000,1.000,-90.00,180.00,36.00,CLOSED,0
655422.969,0,0,0,1.000,1.000,1.000,-90.00,180.00,36.00,CLOSED,0
655422.973,0,0,0,1.000,1.000,1.000,-90.00,180.00,36.00,CLOSED,0
655422.978,0,0,0,1.000,1.000,1.000,-90.00,180.00,36.00,CLOSED,0
655422.982,0,0,0,1.000,1.000,1.000,-90.00,180.00,36.00,CLOSED,0
655422.987,0,0,0,1.000,1.000,1.000,-90.00,180.00,36.00,CLOSED,0
655422.992,0,0,0,1.000,1.000,1.000,-90.00,180.00,36.00,CLOSED,0
655422.997,0,0,0,1.000,1.000,1.000,-90.00,180.00,36.00,CLOSED,0
655423.003,0,0,0,1.000,1.000,1.000,-90.00,180.00,36.00,CLOSED,0
655423.007,0,0,0,1.000,1.000,1.000,-90.00,180.00,36.00,CLOSED,0
655423.012,0,0,0,1.000,1.000,1.000,-90.00,180.00,36.00,CLOSED,0
655423.016,0,0,0,1.000,1.000,1.000,-90.00,180.00,36.00,CLOSED,0
655423.021,0,0,0,1.000,1.000,1.000,-90.00,180.00,36.00,CLOSED,0
655423.026,0,0,0,1.000,1.000,1.000,-90.00,180.00,36.00,CLOSED,0
655423.030,0,0,0,1.000,1.000,1.000,-90.00,180.00,36.00,CLOSED,0
655423.034,0,0,0,1.000,1.000,1.000,-90.00,180.00,36.00,CLOSED,0
655423.040,0,0,0,1.000,1.000,1.000,-90.00,180.00,36.00,CLOSED,0
655423.044,0,0,0,1.000,1.000,1.000,-90.00,180.00,36.00,CLOSED,0
655423.050,0,0,0,1.000,1.000,1.000,-90.00,180.00,36.00,CLOSED,0
655423.054,0,0,0,1.000,1.000,1.000,-90.00,180.00,36.00,CLOSED,0
655423.058,0,0,0,1.000,1.000,1.000,-90.00,180.00,36.00,CLOSED,0
655423.062,0,0,0,1.000,1.000,1.000,-90.00,180.00,36.00,CLOSED,0
655423.066,0,0,0,1.000,1.000,1.000,-90.00,180.00,36.00,CLOSED,0
655423.070,0,0,0,1.000,1.000,1.000,-90.00,180.00,36.00,CLOSED,0
655423.074,0,0,0,1.000,1.000,1.000,-90.00,180.00,36.00,CLOSED,0
655423.079,0,0,0,1.000,1.000,1.000,-90.00,180.00,36.00,CLOSED,0
655423.083,0,0,0,1.000,1.000,1.000,-90.00,180.00,36.00,CLOSED,0
655423.087,0,0,0,1.000,1.000,1.000,-90.00,180.00,36.00,CLOSED,0
655423.091,0,0,0,1.000,1.000,1.000,-90.00,180.00,36.00,CLOSED,0
655423.095,0,0,0,1.000,1.000,1.000,-90.00,180.00,36.00,CLOSED,0
655423.099,0,0,0,1.000,1.000,1.000,-90.00,180.00,36.00,CLOSED,0
655423.103,0,0,0,1.000,1.000,1.000,-90.00,180.00,36.00,CLOSED,0
655423.107,0,0,0,1.000,1.000,1.000,-90.00,180.00,36.00,CLOSED,0
655423.111,0,0,0,1.000,1.000,1.000,-90.00,180.00,36.00,CLOSED,0
655423.115,0,0,0,1.000,1.000,1.000,-90.00,180.00,36.00,CLOSED,0
655423.120,0,0,0,1.000,1.000,1.000,-90.00,180.00,36.00,CLOSED,0
655423.125,0,0,0,1.000,1.000,1.000,-90.00,180.00,36.00,CLOSED,0
655423.129,0,0,0,1.000,1.000,1.000,-90.00,180.00,36.00,CLOSED,0
655423.133,0,0,0,1.000,1.000,1.000,-90.00,180.00,36.00,CLOSED,0
655423.137,0,0,0,1.000,1.000,1.000,-90.00,180.00,36.00,CLOSED,0
655423.141,0,0,0,1.000,1.000,1.000,-90.00,180.00,36.00,CLOSED,0
655423.145,0,0,0,1.000,1.000,1.000,-90.00,180.00,36.00,CLOSED,0
655423.149,0,0,0,1.000,1.000,1.000,-90.00,180.00,36.00,CLOSED,0
655423.153,0,0,0,1.000,1.000,1.000,-90.00,180.00,36.00,CLOSED,0
655423.157,0,0,0,1.000,1.000,1.000,-90.00,180.00,36.00,CLOSED,0
655423.161,0,0,0,1.000,1.000,1.000,-90.00,180.00,36.00,CLOSED,0
655423.165,0,0,0,1.000,1.000,1.000,-90.00,180.00,36.00,CLOSED,0
655423.170,0,0,0,1.000,1.000,1.000,-90.00,180.00,36.00,CLOSED,0
655423.174,0,0,0,1.000,1.000,1.000,-90.00,180.00,36.00,CLOSED,0
655423.179,0,0,0,1.000,1.000,1.000,-90.00,180.00,36.00,CLOSED,0
655423.183,0,0,0,1.000,1.000,1.000,-90.00,180.00,36.00,CLOSED,0
655423.187,0,0,0,1.000,1.000,1.000,-90.00,180.00,36.00,CLOSED,0
655423.192,0,0,0,1.000,1.000,1.000,-90.00,180.00,36.00,CLOSED,0
655423.195,0,0,0,1.000,1.000,1.000,-90.00,180.00,36.00,CLOSED,0
655423.199,0,0,0,1.000,1.000,1.000,-90.00,180.00,36.00,CLOSED,0
655423.203,0,0,0,1.000,1.000,1.000,-90.00,180.00,36.00,CLOSED,0
655423.207,0,0,0,1.000,1.000,1.000,-90.00,180.00,36.00,CLOSED,0
655423.211,0,0,0,1.000,0.999,1.000,-90.00,180.00,36.00,CLOSED,0
655423.215,0,0,0,1.000,0.995,1.000,-90.00,180.00,36.00,CLOSED,0
655423.219,0,0,0,1.000,0.962,0.998,-90.00,180.00,36.00,CLOSED,0
655423.224,0,0,0,1.000,0.795,0.965,-90.00,180.00,36.00,CLOSED,0
655423.229,0,0,0,1.000,0.787,0.819,-90.00,180.00,36.00,CLOSED,0
655423.233,0,0,0,1.000,0.989,0.639,-90.00,180.00,36.00,CLOSED,0
655423.237,0,0,0,1.000,0.999,0.600,-90.00,180.00,36.00,CLOSED,0
655423.241,0,0,0,1.000,1.000,0.630,-90.00,180.00,36.00,CLOSED,0
655423.246,0,0,0,1.000,1.000,0.686,-90.00,180.00,36.00,CLOSED,0
655423.250,0,0,0,1.000,1.000,0.777,-90.00,180.00,36.00,CLOSED,0
655423.254,0,0,0,1.000,1.000,0.832,-90.00,180.00,36.00,CLOSED,0
655423.258,0,0,0,1.000,0.999,0.859,-90.00,180.00,36.00,CLOSED,0
655423.263,0,0,0,1.000,0.999,0.869,-90.00,180.00,36.00,CLOSED,0
655423.269,0,0,0,1.000,0.997,0.859,-90.00,180.00,36.00,CLOSED,0
655423.276,0,1,0,1.000,0.992,0.829,-90.00,90.00,36.00,CLOSED,1
655423.281,0,1,0,1.000,0.980,0.766,-90.00,90.00,36.00,CLOSED,0
655423.287,0,1,0,1.000,0.954,0.671,-90.00,90.00,36.00,CLOSED,0
655423.293,0,1,0,1.000,0.918,0.573,-90.00,90.00,36.00,CLOSED,0
655423.298,0,1,0,1.000,0.892,0.530,-90.00,90.00,36.00,CLOSED,0
655423.304,0,1,0,1.000,0.872,0.629,-90.00,90.00,36.00,CLOSED,0
655423.309,0,1,0,1.000,0.743,0.623,-90.00,90.00,36.00,CLOSED,0
655423.314,0,1,0,1.000,0.595,0.601,-90.00,90.00,36.00,CLOSED,0
655423.318,0,1,0,1.000,0.570,0.603,-90.00,90.00,36.00,CLOSED,0
655423.322,0,1,0,1.000,0.709,0.588,-90.00,90.00,36.00,CLOSED,0
655423.327,0,1,0,1.000,0.698,0.594,-90.00,90.00,36.00,CLOSED,0
655423.332,0,1,0,1.000,0.643,0.643,-90.00,90.00,36.00,CLOSED,0
655423.336,0,1,0,1.000,0.577,0.671,-90.00,90.00,36.00,CLOSED,0
655423.340,0,1,0,1.000,0.513,0.730,-90.00,90.00,36.00,CLOSED,0
655423.346,0,1,0,1.000,0.617,0.777,-90.00,90.00,36.00,CLOSED,0
655423.350,0,1,0,1.000,0.704,0.787,-90.00,90.00,36.00,CLOSED,0
655423.355,0,1,0,1.000,0.790,0.793,-90.00,90.00,36.00,CLOSED,0
655423.359,0,1,1,1.000,0.854,0.795,0.00,90.00,36.00,CLOSED,0
655423.363,0,1,1,1.000,0.908,0.730,0.00,90.00,36.00,CLOSED,0
655423.367,0,1,1,1.000,0.940,0.635,0.00,90.00,36.00,CLOSED,0
655423.371,0,1,1,1.000,0.949,0.560,0.00,90.00,36.00,CLOSED,0
655423.374,0,1,1,1.000,0.962,0.554,0.00,90.00,36.00,CLOSED,0
655423.379,0,1,1,1.000,0.977,0.647,0.00,90.00,36.00,CLOSED,1
655423.384,0,1,1,1.000,0.982,0.686,0.00,90.00,36.00,CLOSED,0
655423.388,0,1,1,1.000,0.988,0.713,0.00,90.00,36.00,CLOSED,0
655423.393,0,1,1,1.000,0.991,0.747,0.00,90.00,36.00,CLOSED,0
655423.397,0,1,1,1.000,0.993,0.714,0.00,90.00,36.00,CLOSED,0
655423.401,0,1,1,1.000,0.993,0.729,0.00,90.00,36.00,CLOSED,0
655423.405,0,1,1,1.000,0.995,0.650,0.00,90.00,36.00,CLOSED,0
655423.409,0,1,1,1.000,0.996,0.591,0.00,90.00,36.00,CLOSED,0
655423.413,0,1,1,1.000,0.998,0.522,0.00,90.00,36.00,CLOSED,0
655423.417,0,1,1,1.000,0.999,0.558,0.00,90.00,36.00,CLOSED,0
655423.421,0,1,1,1.000,0.999,0.617,0.00,90.00,36.00,CLOSED,0
655423.426,0,1,1,1.000,0.999,0.668,0.00,90.00,36.00,CLOSED,0
655423.431,0,1,1,1.000,1.000,0.673,0.00,90.00,36.00,CLOSED,0
655423.435,0,1,1,1.000,1.000,0.636,0.00,90.00,36.00,CLOSED,0
655423.440,0,1,1,1.000,1.000,0.637,0.00,90.00,36.00,CLOSED,0
655423.444,0,1,1,1.000,1.000,0.660,0.00,90.00,36.00,CLOSED,0
655423.448,0,1,1,1.000,0.999,0.685,0.00,90.00,36.00,CLOSED,0
655423.453,0,1,1,1.000,0.999,0.664,0.00,90.00,36.00,CLOSED,0
655423.458,0,1,1,1.000,0.996,0.675,0.00,90.00,36.00,CLOSED,0
655423.462,0,1,1,1.000,0.985,0.692,0.00,90.00,36.00,CLOSED,0
655423.466,0,1,1,1.000,0.954,0.742,0.00,90.00,36.00,CLOSED,0
655423.471,0,1,1,1.000,0.934,0.819,0.00,90.00,36.00,CLOSED,0
655423.475,0,1,1,1.000,0.946,0.890,0.00,90.00,36.00,CLOSED,0
655423.479,0,1,1,1.000,0.972,0.897,0.00,90.00,36.00,CLOSED,0
655423.483,0,1,1,1.000,0.985,0.877,0.00,90.00,36.00,CLOSED,0
655423.487,0,1,1,1.000,0.989,0.859,0.00,90.00,36.00,CLOSED,0
655423.492,0,1,1,1.000,0.992,0.831,0.00,90.00,36.00,CLOSED,0
655423.496,0,1,1,1.000,0.995,0.796,0.00,90.00,36.00,CLOSED,0
655423.500,0,1,1,1.000,0.996,0.760,0.00,90.00,36.00,CLOSED,0
655423.504,0,1,1,1.000,0.996,0.744,0.00,90.00,36.00,CLOSED,0
655423.508,0,1,1,1.000,0.994,0.730,0.00,90.00,36.00,CLOSED,0
655423.512,0,1,1,1.000,0.987,0.712,0.00,90.00,36.00,CLOSED,0
655423.517,0,1,1,1.000,0.975,0.686,0.00,90.00,36.00,CLOSED,0
655423.521,0,1,1,1.000,0.949,0.758,0.00,90.00,36.00,CLOSED,0
655423.525,0,1,1,1.000,0.888,0.804,0.00,90.00,36.00,CLOSED,0
655423.529,0,1,1,1.000,0.833,0.842,0.00,90.00,36.00,CLOSED,0
655423.533,0,1,1,1.000,0.770,0.859,0.00,90.00,36.00,CLOSED,0
655423.538,0,1,1,1.000,0.804,0.852,0.00,90.00,36.00,CLOSED,0
655423.542,0,1,1,1.000,0.817,0.818,0.00,90.00,36.00,CLOSED,0
655423.546,0,1,1,1.000,0.822,0.794,0.00,90.00,36.00,CLOSED,0
655423.550,0,1,1,1.000,0.857,0.775,0.00,90.00,36.00,CLOSED,0
655423.555,0,1,1,1.000,0.919,0.727,0.00,90.00,36.00,CLOSED,0
655423.559,0,1,1,1.000,0.952,0.701,0.00,90.00,36.00,CLOSED,0
655423.564,0,1,1,1.000,0.974,0.674,0.00,90.00,36.00,CLOSED,0
655423.568,0,1,1,1.000,0.987,0.608,0.00,90.00,36.00,CLOSED,0
655423.573,0,1,1,1.000,0.991,0.557,0.00,90.00,36.00,CLOSED,0
655423.577,0,1,1,1.000,0.991,0.593,0.00,90.00,36.00,CLOSED,0
655423.581,0,1,1,1.000,0.988,0.598,0.00,90.00,36.00,CLOSED,0
655423.585,0,1,1,1.000,0.983,0.592,0.00,90.00,36.00,CLOSED,0
655423.590,0,1,1,1.000,0.977,0.574,0.00,90.00,36.00,CLOSED,0
655423.594,0,1,1,1.000,0.959,0.551,0.00,90.00,36.00,CLOSED,0
655423.597,0,1,1,1.000,0.911,0.551,0.00,90.00,36.00,CLOSED,0
655423.601,0,1,1,1.000,0.835,0.681,0.00,90.00,36.00,CLOSED,0
655423.606,0,1,1,1.000,0.722,0.808,0.00,90.00,36.00,CLOSED,0
655423.610,0,1,1,1.000,0.635,0.865,0.00,90.00,36.00,CLOSED,0
655423.615,0,1,1,1.000,0.590,0.903,0.00,90.00,36.00,CLOSED,0
655423.619,0,1,1,1.000,0.683,0.917,0.00,90.00,36.00,CLOSED,0
655423.624,0,1,1,1.000,0.734,0.923,0.00,90.00,36.00,CLOSED,0
655423.628,0,1,1,1.000,0.802,0.928,0.00,90.00,36.00,CLOSED,0
655423.632,0,1,1,1.000,0.899,0.905,0.00,90.00,36.00,CLOSED,0
655423.637,0,1,1,1.000,0.941,0.848,0.00,90.00,36.00,CLOSED,0
655423.641,0,1,1,1.000,0.974,0.785,0.00,90.00,36.00,CLOSED,0
655423.646,0,1,1,1.000,0.986,0.704,0.00,90.00,36.00,CLOSED,0
655423.651,0,1,1,1.000,0.991,0.640,0.00,90.00,36.00,CLOSED,0
655423.655,0,1,1,1.000,0.994,0.642,0.00,90.00,36.00,CLOSED,0
655423.660,0,1,1,1.000,0.996,0.675,0.00,90.00,36.00,CLOSED,0
655423.667,0,1,1,1.000,0.996,0.737,0.00,90.00,36.00,CLOSED,0
655423.674,0,1,0,1.000,0.996,0.797,-90.00,90.00,36.00,CLOSED,1
655423.680,0,1,0,1.000,0.996,0.846,-90.00,90.00,36.00,CLOSED,0
655423.684,0,1,0,1.000,0.993,0.890,-90.00,90.00,36.00,CLOSED,0
655423.689,0,1,0,1.000,0.992,0.906,-90.00,90.00,36.00,CLOSED,0
655423.693,0,1,0,1.000,0.993,0.917,-90.00,90.00,36.00,CLOSED,0
655423.698,0,1,0,1.000,0.992,0.897,-90.00,90.00,36.00,CLOSED,0
655423.703,0,1,0,1.000,0.995,0.846,-90.00,90.00,36.00,CLOSED,0
655423.707,0,1,0,1.000,0.997,0.739,-90.00,90.00,36.00,CLOSED,0
655423.711,0,1,0,1.000,0.998,0.597,-90.00,90.00,36.00,CLOSED,0
655423.715,0,1,0,1.000,0.999,0.548,-90.00,90.00,36.00,CLOSED,0
655423.719,0,1,0,1.000,0.999,0.722,-90.00,90.00,36.00,CLOSED,0
655423.724,0,1,0,1.000,0.999,0.841,-90.00,90.00,36.00,CLOSED,0
655423.728,0,1,0,1.000,0.999,0.855,-90.00,90.00,36.00,CLOSED,0
655423.732,0,1,0,1.000,0.998,0.849,-90.00,90.00,36.00,CLOSED,0
655423.737,0,1,0,1.000,0.997,0.769,-90.00,90.00,36.00,CLOSED,0
655423.741,0,1,0,1.000,0.992,0.643,-90.00,90.00,36.00,CLOSED,0
655423.745,0,1,0,1.000,0.976,0.575,-90.00,90.00,36.00,CLOSED,0
655423.749,0,1,0,1.000,0.896,0.803,-90.00,90.00,36.00,CLOSED,0
655423.753,0,1,0,1.000,0.689,0.936,-90.00,90.00,36.00,CLOSED,0
655423.758,0,1,0,1.000,0.546,0.970,-90.00,90.00,36.00,CLOSED,0
655423.763,0,1,0,1.000,0.516,0.984,-90.00,90.00,36.00,CLOSED,0
655423.767,0,1,0,1.000,0.550,0.989,-90.00,90.00,36.00,CLOSED,0
655423.771,0,1,0,1.000,0.516,0.991,-90.00,90.00,36.00,CLOSED,0
655423.775,0,1,0,1.000,0.613,0.992,-90.00,90.00,36.00,CLOSED,0
655423.780,0,1,0,1.000,0.752,0.994,-90.00,90.00,36.00,CLOSED,0
655423.784,0,1,0,1.000,0.839,0.997,-90.00,90.00,36.00,CLOSED,0
655423.788,0,1,0,1.000,0.914,0.999,-90.00,90.00,36.00,CLOSED,0
655423.792,0,1,0,1.000,0.899,1.000,-90.00,90.00,36.00,CLOSED,0
655423.797,0,1,0,1.000,0.711,1.000,-90.00,90.00,36.00,CLOSED,0
655423.801,0,1,0,1.000,0.749,1.000,-90.00,90.00,36.00,CLOSED,0
655423.805,0,1,0,1.000,0.981,1.000,-90.00,90.00,36.00,CLOSED,0
655423.809,0,1,0,1.000,0.999,1.000,-90.00,90.00,36.00,CLOSED,0
655423.813,0,1,0,1.000,1.000,1.000,-90.00,90.00,36.00,CLOSED,0
655423.817,0,1,0,1.000,1.000,1.000,-90.00,90.00,36.00,CLOSED,0
655423.822,0,1,0,1.000,1.000,1.000,-90.00,90.00,36.00,CLOSED,0
655423.826,0,1,0,1.000,1.000,1.000,-90.00,90.00,36.00,CLOSED,0
655423.830,0,1,0,1.000,1.000,1.000,-90.00,90.00,36.00,CLOSED,0
655423.834,0,1,0,1.000,1.000,1.000,-90.00,90.00,36.00,CLOSED,0
655423.838,0,1,0,1.000,1.000,1.000,-90.00,90.00,36.00,CLOSED,0
655423.842,0,0,0,1.000,1.000,1.000,-90.00,180.00,36.00,CLOSED,1
655423.846,0,0,0,1.000,1.000,1.000,-90.00,180.00,36.00,CLOSED,0
655423.850,0,0,0,1.000,1.000,1.000,-90.00,180.00,36.00,CLOSED,0
655423.855,0,0,0,1.000,1.000,1.000,-90.00,180.00,36.00,CLOSED,0
655423.859,0,0,0,1.000,1.000,1.000,-90.00,180.00,36.00,CLOSED,0
655423.864,0,0,0,1.000,1.000,1.000,-90.00,180.00,36.00,CLOSED,0
655423.868,0,0,0,1.000,1.000,1.000,-90.00,180.00,36.00,CLOSED,0
655423.872,0,0,0,1.000,1.000,1.000,-90.00,180.00,36.00,CLOSED,0
655423.876,0,0,0,1.000,1.000,1.000,-90.00,180.00,36.00,CLOSED,0
655423.880,0,0,0,1.000,1.000,1.000,-90.00,180.00,36.00,CLOSED,0
655423.884,0,0,0,1.000,1.000,1.000,-90.00,180.00,36.00,CLOSED,0
655423.888,0,0,0,1.000,1.000,1.000,-90.00,180.00,36.00,CLOSED,0
655423.892,0,0,0,1.000,1.000,1.000,-90.00,180.00,36.00,CLOSED,0
655423.896,0,0,0,1.000,1.000,1.000,-90.00,180.00,36.00,CLOSED,0
655423.900,0,0,0,1.000,1.000,1.000,-90.00,180.00,36.00,CLOSED,0
655423.904,0,0,0,1.000,1.000,1.000,-90.00,180.00,36.00,CLOSED,0
655423.909,0,0,0,1.000,1.000,1.000,-90.00,180.00,36.00,CLOSED,0
655423.915,0,0,0,1.000,1.000,1.000,-90.00,180.00,36.00,CLOSED,0
655423.919,0,0,0,1.000,1.000,1.000,-90.00,180.00,36.00,CLOSED,0
655423.924,0,0,0,1.000,1.000,1.000,-90.00,180.00,36.00,CLOSED,0
655423.927,0,0,0,1.000,1.000,1.000,-90.00,180.00,36.00,CLOSED,0
655423.932,0,0,0,1.000,1.000,1.000,-90.00,180.00,36.00,CLOSED,0
655423.936,0,0,0,1.000,1.000,1.000,-90.00,180.00,36.00,CLOSED,0
655423.940,0,0,0,1.000,1.000,1.000,-90.00,180.00,36.00,CLOSED,0
655423.945,0,0,0,1.000,1.000,1.000,-90.00,180.00,36.00,CLOSED,0
655423.950,0,0,0,1.000,1.000,1.000,-90.00,180.00,36.00,CLOSED,0
655423.961,0,0,0,1.000,1.000,1.000,-90.00,180.00,36.00,CLOSED,0
655423.967,0,0,0,1.000,1.000,1.000,-90.00,180.00,36.00,CLOSED,0
655423.973,0,0,0,1.000,1.000,1.000,-90.00,180.00,36.00,CLOSED,0
655423.977,0,0,0,1.000,1.000,1.000,-90.00,180.00,36.00,CLOSED,0
655423.982,0,0,0,1.000,1.000,1.000,-90.00,180.00,36.00,CLOSED,0
655423.987,0,0,0,1.000,1.000,1.000,-90.00,180.00,36.00,CLOSED,0
655423.993,0,0,0,1.000,1.000,1.000,-90.00,180.00,36.00,CLOSED,0
655423.999,0,0,0,1.000,1.000,1.000,-90.00,180.00,36.00,CLOSED,0
655424.004,0,0,0,1.000,1.000,1.000,-90.00,180.00,36.00,CLOSED,0
655424.008,0,0,0,1.000,1.000,1.000,-90.00,180.00,36.00,CLOSED,0
655424.013,0,0,0,1.000,1.000,1.000,-90.00,180.00,36.00,CLOSED,0
655424.018,0,0,0,1.000,1.000,1.000,-90.00,180.00,36.00,CLOSED,0
655424.022,0,0,0,1.000,1.000,1.000,-90.00,180.00,36.00,CLOSED,0
655424.026,0,0,0,1.000,1.000,1.000,-90.00,180.00,36.00,CLOSED,0
655424.032,0,0,0,1.000,1.000,1.000,-90.00,180.00,36.00,CLOSED,0
655424.036,0,0,0,1.000,1.000,1.000,-90.00,180.00,36.00,CLOSED,0
655424.041,0,0,0,1.000,1.000,1.000,-90.00,180.00,36.00,CLOSED,0
655424.045,0,0,0,1.000,1.000,1.000,-90.00,180.00,36.00,CLOSED,0
655424.049,0,0,0,1.000,1.000,1.000,-90.00,180.00,36.00,CLOSED,0
655424.053,0,0,0,1.000,1.000,1.000,-90.00,180.00,36.00,CLOSED,0
655424.057,0,0,0,1.000,1.000,1.000,-90.00,180.00,36.00,CLOSED,0
655424.061,0,0,0,1.000,1.000,1.000,-90.00,180.00,36.00,CLOSED,0
655424.065,0,0,0,1.000,1.000,1.000,-90.00,180.00,36.00,CLOSED,0
655424.070,0,0,0,1.000,1.000,1.000,-90.00,180.00,36.00,CLOSED,0
655424.074,0,0,0,1.000,1.000,1.000,-90.00,180.00,36.00,CLOSED,0
655424.078,0,0,0,1.000,1.000,1.000,-90.00,180.00,36.00,CLOSED,0
655424.083,0,0,0,1.000,1.000,1.000,-90.00,180.00,36.00,CLOSED,0
655424.090,0,0,0,1.000,1.000,1.000,-90.00,180.00,36.00,CLOSED,0
655424.098,0,0,0,1.000,1.000,1.000,-90.00,180.00,36.00,CLOSED,0
655424.105,0,0,0,1.000,1.000,1.000,-90.00,180.00,36.00,CLOSED,0
655424.112,0,0,0,1.000,1.000,1.000,-90.00,180.00,36.00,CLOSED,0
655424.119,0,0,0,1.000,1.000,1.000,-90.00,180.00,36.00,CLOSED,0
655424.125,0,0,0,1.000,1.000,1.000,-90.00,180.00,36.00,CLOSED,0
655424.131,0,0,0,1.000,1.000,1.000,-90.00,180.00,36.00,CLOSED,0
655424.136,0,0,0,1.000,1.000,1.000,-90.00,180.00,36.00,CLOSED,0
655424.141,0,0,0,1.000,1.000,1.000,-90.00,180.00,36.00,CLOSED,0
655424.147,0,0,0,1.000,1.000,1.000,-90.00,180.00,36.00,CLOSED,0
655424.152,0,0,0,1.000,1.000,1.000,-90.00,180.00,36.00,CLOSED,0
655424.156,0,0,0,1.000,1.000,1.000,-90.00,180.00,36.00,CLOSED,0
655424.160,0,0,0,1.000,1.000,1.000,-90.00,180.00,36.00,CLOSED,0
655424.164,0,0,0,1.000,1.000,1.000,-90.00,180.00,36.00,CLOSED,0
655424.168,0,0,0,1.000,1.000,1.000,-90.00,180.00,36.00,CLOSED,0
655424.172,0,0,0,1.000,1.000,1.000,-90.00,180.00,36.00,CLOSED,0
655424.176,0,0,0,1.000,1.000,1.000,-90.00,180.00,36.00,CLOSED,0
655424.180,0,0,0,1.000,1.000,1.000,-90.00,180.00,36.00,CLOSED,0
655424.184,0,0,0,1.000,1.000,1.000,-90.00,180.00,36.00,CLOSED,0
655424.188,0,0,0,1.000,1.000,1.000,-90.00,180.00,36.00,CLOSED,0
655424.192,0,0,0,1.000,1.000,1.000,-90.00,180.00,36.00,CLOSED,0
655424.196,0,0,0,1.000,1.000,1.000,-90.00,180.00,36.00,CLOSED,0
655424.200,0,0,0,1.000,1.000,1.000,-90.00,180.00,36.00,CLOSED,0
655424.204,0,0,0,1.000,1.000,1.000,-90.00,180.00,36.00,CLOSED,0
655424.208,0,0,0,1.000,1.000,1.000,-90.00,180.00,36.00,CLOSED,0
655424.212,0,0,0,1.000,1.000,1.000,-90.00,180.00,36.00,CLOSED,0
655424.216,0,0,0,1.000,1.000,1.000,-90.00,180.00,36.00,CLOSED,0
655424.221,0,0,0,1.000,1.000,1.000,-90.00,180.00,36.00,CLOSED,0
655424.225,0,0,0,1.000,1.000,1.000,-90.00,180.00,36.00,CLOSED,0
655424.229,0,0,0,1.000,1.000,1.000,-90.00,180.00,36.00,CLOSED,0
655424.233,0,0,0,1.000,1.000,1.000,-90.00,180.00,36.00,CLOSED,0
655424.238,0,0,0,1.000,1.000,1.000,-90.00,180.00,36.00,CLOSED,0
655424.243,0,0,0,1.000,1.000,1.000,-90.00,180.00,36.00,CLOSED,0
655424.247,0,0,0,1.000,1.000,1.000,-90.00,180.00,36.00,CLOSED,0
655424.251,0,0,0,1.000,1.000,1.000,-90.00,180.00,36.00,CLOSED,0
655424.255,0,0,0,1.000,1.000,1.000,-90.00,180.00,36.00,CLOSED,0
655424.259,0,0,0,1.000,1.000,1.000,-90.00,180.00,36.00,CLOSED,0
655424.263,0,0,0,1.000,1.000,1.000,-90.00,180.00,36.00,CLOSED,0
655424.267,0,0,0,1.000,1.000,1.000,-90.00,180.00,36.00,CLOSED,0
655424.271,0,0,0,1.000,1.000,1.000,-90.00,180.00,36.00,CLOSED,0
655424.275,0,0,0,1.000,1.000,1.000,-90.00,180.00,36.00,CLOSED,0
655424.279,0,0,0,1.000,1.000,1.000,-90.00,180.00,36.00,CLOSED,0
655424.283,0,0,0,1.000,1.000,1.000,-90.00,180.00,36.00,CLOSED,0
655424.287,0,0,0,1.000,1.000,1.000,-90.00,180.00,36.00,CLOSED,0
655424.291,0,0,0,1.000,1.000,1.000,-90.00,180.00,36.00,CLOSED,0
655424.295,0,0,0,1.000,1.000,1.000,-90.00,180.00,36.00,CLOSED,0
655424.299,0,0,0,1.000,1.000,1.000,-90.00,180.00,36.00,CLOSED,0
655424.303,0,0,0,1.000,1.000,1.000,-90.00,180.00,36.00,CLOSED,0
655424.307,0,0,0,1.000,1.000,1.000,-90.00,180.00,36.00,CLOSED,0
655424.311,0,0,0,1.000,1.000,1.000,-90.00,180.00,36.00,CLOSED,0
655424.315,0,0,0,1.000,1.000,1.000,-90.00,180.00,36.00,CLOSED,0
655424.319,0,0,0,1.000,1.000,1.000,-90.00,180.00,36.00,CLOSED,0
655424.323,0,0,0,1.000,1.000,1.000,-90.00,180.00,36.00,CLOSED,0
655424.327,0,0,0,1.000,1.000,1.000,-90.00,180.00,36.00,CLOSED,0
655424.331,0,0,0,1.000,1.000,1.000,-90.00,180.00,36.00,CLOSED,0
655424.336,0,0,0,1.000,1.000,1.000,-90.00,180.00,36.00,CLOSED,0
655424.341,0,0,0,1.000,1.000,1.000,-90.00,180.00,36.00,CLOSED,0
655424.345,0,0,0,1.000,1.000,1.000,-90.00,180.00,36.00,CLOSED,0
655424.348,0,0,0,1.000,1.000,1.000,-90.00,180.00,36.00,CLOSED,0
655424.352,0,0,0,1.000,1.000,1.000,-90.00,180.00,36.00,CLOSED,0
655424.356,0,0,0,1.000,1.000,1.000,-90.00,180.00,36.00,CLOSED,0
655424.361,0,0,0,1.000,1.000,1.000,-90.00,180.00,36.00,CLOSED,0
655424.365,0,0,0,0.999,1.000,1.000,-90.00,180.00,36.00,CLOSED,0
655424.369,0,0,0,0.998,1.000,1.000,-90.00,180.00,36.00,CLOSED,0
655424.373,0,0,0,0.999,1.000,1.000,-90.00,180.00,36.00,CLOSED,0
655424.378,0,0,0,0.975,1.000,1.000,-90.00,180.00,36.00,CLOSED,0
655424.383,0,0,0,0.597,1.000,1.000,-90.00,180.00,36.00,CLOSED,0
655424.388,0,0,0,0.934,1.000,1.000,-90.00,180.00,36.00,CLOSED,0
655424.393,0,0,0,0.951,1.000,1.000,-90.00,180.00,36.00,CLOSED,0
655424.397,0,0,0,0.603,1.000,1.000,-90.00,180.00,36.00,CLOSED,0
655424.402,0,0,0,0.919,1.000,1.000,-90.00,180.00,36.00,CLOSED,0
655424.407,0,0,0,0.987,1.000,1.000,-90.00,180.00,36.00,CLOSED,0
655424.411,0,0,0,0.997,1.000,1.000,-90.00,180.00,36.00,CLOSED,0
655424.415,0,0,0,0.999,1.000,1.000,-90.00,180.00,36.00,CLOSED,0
655424.419,0,0,0,0.999,1.000,1.000,-90.00,180.00,36.00,CLOSED,0
655424.423,0,0,0,1.000,1.000,1.000,-90.00,180.00,36.00,CLOSED,0
655424.427,0,0,0,1.000,1.000,1.000,-90.00,180.00,36.00,CLOSED,0
655424.430,0,0,0,1.000,1.000,1.000,-90.00,180.00,36.00,CLOSED,0
655424.435,0,0,0,1.000,1.000,1.000,-90.00,180.00,36.00,CLOSED,0
655424.438,0,0,0,1.000,1.000,1.000,-90.00,180.00,36.00,CLOSED,0
655424.442,3,0,0,1.000,1.000,1.000,-90.00,180.00,36.00,OPEN,0
655424.446,3,0,0,1.000,1.000,1.000,-90.00,180.00,36.00,OPEN,0
655424.450,3,0,0,1.000,1.000,1.000,-90.00,180.00,36.00,OPEN,0
655424.454,3,0,0,1.000,1.000,1.000,-90.00,180.00,36.00,OPEN,0
655424.459,3,0,0,1.000,1.000,1.000,-90.00,180.00,36.00,OPEN,0
655424.463,3,0,0,1.000,1.000,1.000,-90.00,180.00,36.00,OPEN,0
655424.467,3,0,0,1.000,1.000,1.000,-90.00,180.00,36.00,OPEN,0
655424.472,3,0,0,1.000,1.000,1.000,-90.00,180.00,36.00,OPEN,0
655424.477,3,0,0,1.000,1.000,1.000,-90.00,180.00,36.00,OPEN,0
655424.482,3,0,0,1.000,1.000,1.000,-90.00,180.00,36.00,OPEN,0
655424.486,3,0,0,1.000,1.000,1.000,-90.00,180.00,36.00,OPEN,0
655424.490,3,0,0,1.000,1.000,1.000,-90.00,180.00,36.00,OPEN,0
655424.494,3,0,0,1.000,1.000,1.000,-90.00,180.00,36.00,OPEN,0
655424.499,3,0,0,1.000,1.000,1.000,-90.00,180.00,36.00,OPEN,0
655424.503,3,0,0,1.000,1.000,1.000,-90.00,180.00,36.00,OPEN,0
655424.506,3,0,0,1.000,1.000,1.000,-90.00,180.00,36.00,OPEN,0
655424.510,3,0,0,1.000,1.000,1.000,-90.00,180.00,36.00,OPEN,0
655424.515,3,0,0,1.000,1.000,1.000,-90.00,180.00,36.00,OPEN,0
655424.518,3,0,0,1.000,1.000,1.000,-90.00,180.00,36.00,OPEN,0
655424.522,3,0,0,1.000,1.000,1.000,-90.00,180.00,36.00,OPEN,0
655424.526,3,0,0,1.000,1.000,1.000,-90.00,180.00,36.00,OPEN,0
655424.530,3,0,0,1.000,1.000,1.000,-90.00,180.00,36.00,OPEN,0
655424.533,3,0,0,1.000,1.000,1.000,-90.00,180.00,36.00,OPEN,0
655424.538,3,0,0,1.000,1.000,1.000,-90.00,180.00,36.00,OPEN,0
655424.543,3,0,0,1.000,1.000,1.000,-90.00,180.00,36.00,OPEN,0
655424.547,3,0,0,1.000,1.000,1.000,-90.00,180.00,36.00,OPEN,0
655424.552,3,0,0,1.000,1.000,1.000,-90.00,180.00,36.00,OPEN,0
655424.557,3,0,0,1.000,1.000,1.000,-90.00,180.00,36.00,OPEN,0
655424.562,3,0,0,1.000,1.000,1.000,-90.00,180.00,36.00,OPEN,0
655424.566,3,0,0,1.000,1.000,1.000,-90.00,180.00,36.00,OPEN,0
655424.571,3,0,0,1.000,1.000,1.000,-90.00,180.00,36.00,OPEN,0
655424.575,3,0,0,1.000,1.000,1.000,-90.00,180.00,36.00,OPEN,0
655424.579,3,0,0,1.000,1.000,1.000,-90.00,180.00,36.00,OPEN,0
655424.584,3,0,0,1.000,1.000,1.000,-90.00,180.00,36.00,OPEN,0
655424.588,3,0,0,1.000,1.000,1.000,-90.00,180.00,36.00,OPEN,0
655424.592,3,0,0,1.000,1.000,1.000,-90.00,180.00,36.00,OPEN,0
655424.597,3,0,0,1.000,1.000,1.000,-90.00,180.00,36.00,OPEN,0
655424.602,3,0,0,1.000,1.000,1.000,-90.00,180.00,36.00,OPEN,0
655424.607,3,0,0,1.000,1.000,1.000,-90.00,180.00,36.00,OPEN,0
655424.611,3,0,0,1.000,1.000,1.000,-90.00,180.00,36.00,OPEN,0
655424.615,3,0,0,1.000,1.000,1.000,-90.00,180.00,36.00,OPEN,0
655424.619,3,0,0,1.000,1.000,1.000,-90.00,180.00,36.00,OPEN,0
655424.623,3,0,0,1.000,1.000,1.000,-90.00,180.00,36.00,OPEN,0
655424.627,3,0,0,1.000,1.000,1.000,-90.00,180.00,36.00,OPEN,0
655424.631,3,0,0,1.000,1.000,1.000,-90.00,180.00,36.00,OPEN,0
655424.635,3,0,0,1.000,1.000,1.000,-90.00,180.00,36.00,OPEN,0
655424.638,3,0,0,1.000,1.000,1.000,-90.00,180.00,36.00,OPEN,0
655424.642,3,0,0,1.000,1.000,1.000,-90.00,180.00,36.00,OPEN,0
655424.646,3,0,0,1.000,1.000,1.000,-90.00,180.00,36.00,OPEN,0
655424.650,3,0,0,1.000,1.000,1.000,-90.00,180.00,36.00,OPEN,0
655424.655,3,0,0,1.000,1.000,1.000,-90.00,180.00,36.00,OPEN,0
655424.661,3,0,0,1.000,1.000,1.000,-90.00,180.00,36.00,OPEN,0
655424.668,3,0,0,1.000,1.000,1.000,-90.00,180.00,36.00,OPEN,0
655424.676,3,0,0,1.000,1.000,1.000,-90.00,180.00,36.00,OPEN,0
655424.684,3,0,0,1.000,1.000,1.000,-90.00,180.00,36.00,OPEN,0
655424.691,3,0,0,1.000,1.000,1.000,-90.00,180.00,36.00,OPEN,0
655424.696,3,0,0,1.000,1.000,1.000,-90.00,180.00,36.00,OPEN,0
655424.701,3,0,0,1.000,1.000,1.000,-90.00,180.00,36.00,OPEN,0
655424.706,3,0,0,1.000,1.000,1.000,-90.00,180.00,36.00,OPEN,0
655424.710,3,0,0,1.000,1.000,1.000,-90.00,180.00,36.00,OPEN,0
655424.715,3,0,0,1.000,1.000,1.000,-90.00,180.00,36.00,OPEN,0
655424.720,3,0,0,1.000,1.000,1.000,-90.00,180.00,36.00,OPEN,0
655424.724,3,0,0,1.000,1.000,1.000,-90.00,180.00,36.00,OPEN,0
655424.728,3,0,0,1.000,1.000,1.000,-90.00,180.00,36.00,OPEN,0
655424.733,3,0,0,1.000,1.000,1.000,-90.00,180.00,36.00,OPEN,0
655424.738,3,0,0,1.000,1.000,1.000,-90.00,180.00,36.00,OPEN,0
655424.744,3,0,0,1.000,1.000,1.000,-90.00,180.00,36.00,OPEN,0
655424.750,3,0,0,1.000,1.000,1.000,-90.00,180.00,36.00,OPEN,0
655424.755,3,0,0,1.000,1.000,1.000,-90.00,180.00,36.00,OPEN,0
655424.760,3,0,0,1.000,1.000,1.000,-90.00,180.00,36.00,OPEN,0
655424.765,3,0,0,1.000,1.000,1.000,-90.00,180.00,36.00,OPEN,0
655424.770,3,0,0,1.000,1.000,1.000,-90.00,180.00,36.00,OPEN,0
655424.776,3,0,0,1.000,1.000,1.000,-90.00,180.00,36.00,OPEN,0
655424.780,3,0,0,1.000,1.000,1.000,-90.00,180.00,36.00,OPEN,0
655424.785,3,0,0,1.000,1.000,1.000,-90.00,180.00,36.00,OPEN,0
655424.789,3,0,0,1.000,1.000,1.000,-90.00,180.00,36.00,OPEN,0
655424.794,3,0,0,1.000,1.000,1.000,-90.00,180.00,36.00,OPEN,0
655424.799,3,0,0,1.000,1.000,1.000,-90.00,180.00,36.00,OPEN,0
655424.803,3,0,0,1.000,1.000,1.000,-90.00,180.00,36.00,OPEN,0
655424.807,3,0,0,1.000,1.000,1.000,-90.00,180.00,36.00,OPEN,0
655424.812,3,0,0,1.000,1.000,1.000,-90.00,180.00,36.00,OPEN,0
655424.816,3,0,0,1.000,1.000,1.000,-90.00,180.00,36.00,OPEN,0
655424.820,3,0,0,1.000,1.000,1.000,-90.00,180.00,36.00,OPEN,0
655424.824,3,0,0,1.000,1.000,1.000,-90.00,180.00,36.00,OPEN,0
655424.828,3,0,0,1.000,1.000,1.000,-90.00,180.00,36.00,OPEN,0
655424.833,3,0,0,1.000,1.000,1.000,-90.00,180.00,36.00,OPEN,0
655424.837,3,0,0,1.000,1.000,1.000,-90.00,180.00,36.00,OPEN,0
655424.842,3,0,0,1.000,1.000,1.000,-90.00,180.00,36.00,OPEN,0
