t,hand,elbow,shoulder,p_hand,p_elbow,p_shoulder,J2,J3,J6,grip_state,cmd_sent
672415.153,0,0,0,0.805,1.000,1.000,-90.00,180.00,0.00,OPEN,0
672415.169,0,0,0,0.711,1.000,1.000,-90.00,180.00,0.00,OPEN,0
672415.174,0,0,0,0.996,1.000,1.000,-90.00,180.00,0.00,OPEN,0
672415.180,0,0,0,1.000,1.000,1.000,-90.00,180.00,0.00,OPEN,0
672415.184,0,0,0,1.000,1.000,1.000,-90.00,180.00,0.00,OPEN,0
672415.188,0,0,0,1.000,1.000,1.000,-90.00,180.00,0.00,OPEN,0
672415.191,0,0,0,1.000,1.000,1.000,-90.00,180.00,0.00,OPEN,0
672415.194,0,0,0,1.000,1.000,1.000,-90.00,180.00,0.00,OPEN,0
672415.198,0,0,0,1.000,1.000,1.000,-90.00,180.00,0.00,OPEN,0
672415.202,0,0,0,1.000,1.000,1.000,-90.00,180.00,0.00,OPEN,0
672415.206,0,0,0,1.000,1.000,1.000,-90.00,180.00,0.00,OPEN,0
672415.211,0,0,0,1.000,1.000,1.000,-90.00,180.00,0.00,OPEN,0
672415.215,0,0,0,1.000,1.000,1.000,-90.00,180.00,0.00,OPEN,0
672415.219,0,0,0,1.000,1.000,1.000,-90.00,180.00,0.00,OPEN,0
672415.223,0,0,0,1.000,1.000,1.000,-90.00,180.00,0.00,OPEN,0
672415.227,0,0,0,1.000,1.000,1.000,-90.00,180.00,0.00,OPEN,0
672415.230,0,0,0,1.000,1.000,1.000,-90.00,180.00,0.00,OPEN,0
672415.234,0,0,0,1.000,1.000,1.000,-90.00,180.00,0.00,OPEN,0
672415.238,0,0,0,1.000,1.000,1.000,-90.00,180.00,0.00,OPEN,0
672415.242,0,0,0,1.000,1.000,1.000,-90.00,180.00,0.00,OPEN,0
672415.246,0,0,0,1.000,1.000,1.000,-90.00,180.00,0.00,OPEN,0
672415.250,0,0,0,1.000,1.000,1.000,-90.00,180.00,0.00,OPEN,0
672415.254,0,0,0,1.000,1.000,1.000,-90.00,180.00,0.00,OPEN,0
672415.258,0,0,0,1.000,1.000,1.000,-90.00,180.00,0.00,OPEN,0
672415.262,0,0,0,1.000,1.000,1.000,-90.00,180.00,0.00,OPEN,0
672415.265,0,0,0,1.000,1.000,1.000,-90.00,180.00,0.00,OPEN,0
672415.269,0,0,0,1.000,1.000,1.000,-90.00,180.00,0.00,OPEN,0
672415.272,0,0,0,1.000,1.000,1.000,-90.00,180.00,0.00,OPEN,0
672415.276,0,0,0,1.000,1.000,1.000,-90.00,180.00,0.00,OPEN,0
672415.281,0,0,0,1.000,1.000,1.000,-90.00,180.00,0.00,OPEN,0
672415.285,0,0,0,1.000,1.000,1.000,-90.00,180.00,0.00,OPEN,0
672415.288,0,0,0,1.000,1.000,1.000,-90.00,180.00,0.00,OPEN,0
672415.292,0,0,0,1.000,1.000,1.000,-90.00,180.00,0.00,OPEN,0
672415.296,0,0,0,1.000,1.000,1.000,-90.00,180.00,0.00,OPEN,0
672415.300,0,0,0,1.000,1.000,1.000,-90.00,180.00,0.00,OPEN,0
672415.304,0,0,0,1.000,1.000,1.000,-90.00,180.00,0.00,OPEN,0
672415.309,0,0,0,1.000,1.000,1.000,-90.00,180.00,0.00,OPEN,0
672415.313,0,0,0,1.000,1.000,1.000,-90.00,180.00,0.00,OPEN,0
672415.319,0,0,0,1.000,1.000,1.000,-90.00,180.00,0.00,OPEN,0
672415.325,0,0,0,1.000,1.000,1.000,-90.00,180.00,0.00,OPEN,0
672415.331,0,0,0,1.000,1.000,1.000,-90.00,180.00,0.00,OPEN,0
672415.336,0,0,0,1.000,1.000,1.000,-90.00,180.00,0.00,OPEN,0
672415.340,0,0,0,1.000,1.000,1.000,-90.00,180.00,0.00,OPEN,0
672415.345,0,0,0,1.000,1.000,1.000,-90.00,180.00,0.00,OPEN,0
672415.348,0,0,0,1.000,1.000,1.000,-90.00,180.00,0.00,OPEN,0
672415.352,0,0,0,1.000,1.000,1.000,-90.00,180.00,0.00,OPEN,0
672415.357,0,0,0,1.000,1.000,1.000,-90.00,180.00,0.00,OPEN,0
672415.360,0,0,0,1.000,1.000,1.000,-90.00,180.00,0.00,OPEN,0
672415.364,0,0,0,1.000,1.000,1.000,-90.00,180.00,0.00,OPEN,0
672415.367,0,0,0,1.000,1.000,1.000,-90.00,180.00,0.00,OPEN,0
672415.372,0,0,0,1.000,1.000,1.000,-90.00,180.00,0.00,OPEN,0
672415.375,0,0,0,1.000,1.000,1.000,-90.00,180.00,0.00,OPEN,0
672415.379,0,0,0,1.000,1.000,1.000,-90.00,180.00,0.00,OPEN,0
672415.384,0,0,0,1.000,1.000,1.000,-90.00,180.00,0.00,OPEN,0
672415.391,0,0,0,1.000,1.000,1.000,-90.00,180.00,0.00,OPEN,0
672415.398,0,0,0,1.000,1.000,1.000,-90.00,180.00,0.00,OPEN,0
672415.407,0,0,0,1.000,1.000,1.000,-90.00,180.00,0.00,OPEN,0
672415.414,0,0,0,1.000,1.000,1.000,-90.00,180.00,0.00,OPEN,0
672415.422,0,0,0,1.000,1.000,1.000,-90.00,180.00,0.00,OPEN,0
672415.428,0,0,0,1.000,1.000,1.000,-90.00,180.00,0.00,OPEN,0
672415.434,0,0,0,1.000,1.000,1.000,-90.00,180.00,0.00,OPEN,0
672415.439,0,0,0,1.000,1.000,1.000,-90.00,180.00,0.00,OPEN,0
672415.444,0,0,0,1.000,1.000,1.000,-90.00,180.00,0.00,OPEN,0
672415.448,0,0,0,1.000,1.000,1.000,-90.00,180.00,0.00,OPEN,0
672415.452,0,0,0,1.000,1.000,1.000,-90.00,180.00,0.00,OPEN,0
672415.456,0,0,0,1.000,1.000,1.000,-90.00,180.00,0.00,OPEN,0
672415.459,0,0,0,1.000,1.000,1.000,-90.00,180.00,0.00,OPEN,0
672415.463,0,0,0,1.000,1.000,1.000,-90.00,180.00,0.00,OPEN,0
672415.468,0,0,0,1.000,1.000,1.000,-90.00,180.00,0.00,OPEN,0
672415.477,0,0,0,1.000,1.000,1.000,-90.00,180.00,0.00,OPEN,0
672415.487,0,0,0,1.000,1.000,1.000,-90.00,180.00,0.00,OPEN,0
672415.501,0,0,0,1.000,1.000,1.000,-90.00,180.00,0.00,OPEN,0
672415.509,0,0,0,1.000,1.000,1.000,-90.00,180.00,0.00,OPEN,0
672415.518,0,0,0,1.000,1.000,1.000,-90.00,180.00,0.00,OPEN,0
672415.525,0,0,0,1.000,1.000,1.000,-90.00,180.00,0.00,OPEN,0
672415.531,0,0,0,1.000,1.000,1.000,-90.00,180.00,0.00,OPEN,0
672415.536,0,0,0,1.000,1.000,1.000,-90.00,180.00,0.00,OPEN,0
672415.542,0,0,0,1.000,1.000,1.000,-90.00,180.00,0.00,OPEN,0
672415.547,0,0,0,1.000,1.000,1.000,-90.00,180.00,0.00,OPEN,0
672415.552,0,0,0,1.000,1.000,1.000,-90.00,180.00,0.00,OPEN,0
672415.555,0,0,0,1.000,1.000,1.000,-90.00,180.00,0.00,OPEN,0
672415.559,0,0,0,1.000,1.000,1.000,-90.00,180.00,0.00,OPEN,0
672415.563,0,0,0,1.000,1.000,1.000,-90.00,180.00,0.00,OPEN,0
672415.567,0,0,0,1.000,1.000,1.000,-90.00,180.00,0.00,OPEN,0
672415.571,0,0,0,1.000,1.000,1.000,-90.00,180.00,0.00,OPEN,0
672415.576,0,0,0,1.000,1.000,1.000,-90.00,180.00,0.00,OPEN,0
672415.580,0,0,0,1.000,1.000,1.000,-90.00,180.00,0.00,OPEN,0
672415.585,0,0,0,1.000,1.000,1.000,-90.00,180.00,0.00,OPEN,0
672415.589,0,0,0,1.000,1.000,1.000,-90.00,180.00,0.00,OPEN,0
672415.593,0,0,0,1.000,1.000,1.000,-90.00,180.00,0.00,OPEN,0
672415.598,0,0,0,1.000,1.000,1.000,-90.00,180.00,0.00,OPEN,0
672415.601,0,0,0,1.000,1.000,1.000,-90.00,180.00,0.00,OPEN,0
672415.605,0,0,0,1.000,1.000,1.000,-90.00,180.00,0.00,OPEN,0
672415.609,0,0,0,1.000,1.000,1.000,-90.00,180.00,0.00,OPEN,0
672415.613,0,0,0,1.000,1.000,1.000,-90.00,180.00,0.00,OPEN,0
672415.616,0,0,0,1.000,1.000,1.000,-90.00,180.00,0.00,OPEN,0
672415.620,0,0,0,1.000,1.000,1.000,-90.00,180.00,0.00,OPEN,0
672415.624,0,0,0,1.000,1.000,1.000,-90.00,180.00,0.00,OPEN,0
672415.628,0,0,0,1.000,1.000,1.000,-90.00,180.00,0.00,OPEN,0
672415.631,0,0,0,1.000,1.000,1.000,-90.00,180.00,0.00,OPEN,0
672415.635,0,0,0,1.000,1.000,1.000,-90.00,180.00,0.00,OPEN,0
672415.639,0,0,0,1.000,1.000,1.000,-90.00,180.00,0.00,OPEN,0
672415.642,0,0,0,1.000,1.000,1.000,-90.00,180.00,0.00,OPEN,0
672415.646,0,0,0,1.000,1.000,1.000,-90.00,180.00,0.00,OPEN,0
672415.650,0,0,0,1.000,0.999,1.000,-90.00,180.00,0.00,OPEN,0
672415.654,0,0,0,1.000,0.997,1.000,-90.00,180.00,0.00,OPEN,0
672415.658,0,0,0,1.000,0.994,1.000,-90.00,180.00,0.00,OPEN,0
672415.663,0,0,0,1.000,0.998,1.000,-90.00,180.00,0.00,OPEN,0
672415.667,0,0,0,1.000,0.999,1.000,-90.00,180.00,0.00,OPEN,0
672415.671,0,0,0,1.000,1.000,1.000,-90.00,180.00,0.00,OPEN,0
672415.677,0,0,0,1.000,1.000,1.000,-90.00,180.00,0.00,OPEN,0
672415.683,0,0,0,1.000,1.000,1.000,-90.00,180.00,0.00,OPEN,0
672415.688,0,0,0,1.000,1.000,1.000,-90.00,180.00,0.00,OPEN,0
672415.693,0,0,0,1.000,1.000,1.000,-90.00,180.00,0.00,OPEN,0
672415.698,0,0,0,1.000,1.000,1.000,-90.00,180.00,0.00,OPEN,0
672415.702,0,0,0,1.000,1.000,1.000,-90.00,180.00,0.00,OPEN,0
672415.706,0,0,0,1.000,1.000,1.000,-90.00,180.00,0.00,OPEN,0
672415.710,0,0,0,1.000,1.000,1.000,-90.00,180.00,0.00,OPEN,0
672415.714,0,0,0,0.540,1.000,1.000,-90.00,180.00,0.00,OPEN,0
672415.719,0,0,0,0.866,1.000,1.000,-90.00,180.00,0.00,OPEN,0
672415.723,0,0,0,0.570,1.000,1.000,-90.00,180.00,0.00,OPEN,0
672415.727,0,0,0,0.697,1.000,1.000,-90.00,180.00,0.00,OPEN,0
672415.732,0,0,0,0.604,1.000,1.000,-90.00,180.00,0.00,OPEN,0
672415.736,0,0,0,0.676,1.000,1.000,-90.00,180.00,0.00,OPEN,0
672415.740,0,0,0,0.688,1.000,1.000,-90.00,180.00,0.00,OPEN,0
672415.744,0,0,0,0.960,1.000,1.000,-90.00,180.00,0.00,OPEN,0
672415.747,0,0,0,1.000,1.000,1.000,-90.00,180.00,0.00,OPEN,0
672415.752,0,0,0,1.000,1.000,1.000,-90.00,180.00,0.00,OPEN,0
672415.758,1,0,0,1.000,1.000,1.000,-90.00,180.00,4.50,OPEN,1
672415.765,0,0,0,1.000,1.000,1.000,-90.00,180.00,4.50,OPEN,0
672415.770,0,0,0,1.000,1.000,1.000,-90.00,180.00,4.50,OPEN,0
672415.775,0,0,0,1.000,1.000,1.000,-90.00,180.00,4.50,OPEN,0
672415.779,0,0,0,1.000,1.000,1.000,-90.00,180.00,4.50,OPEN,0
672415.783,0,0,0,1.000,1.000,1.000,-90.00,180.00,4.50,OPEN,0
672415.787,0,0,0,1.000,1.000,1.000,-90.00,180.00,4.50,OPEN,0
672415.791,0,0,0,1.000,1.000,1.000,-90.00,180.00,4.50,OPEN,0
672415.795,0,0,0,1.000,1.000,1.000,-90.00,180.00,4.50,OPEN,0
672415.798,0,0,0,1.000,1.000,1.000,-90.00,180.00,4.50,OPEN,0
672415.802,0,0,0,1.000,1.000,1.000,-90.00,180.00,4.50,OPEN,0
672415.806,0,0,0,1.000,1.000,1.000,-90.00,180.00,4.50,OPEN,0
672415.810,0,0,0,1.000,1.000,1.000,-90.00,180.00,4.50,OPEN,0
672415.813,0,0,0,1.000,1.000,1.000,-90.00,180.00,4.50,OPEN,0
672415.817,0,0,0,1.000,1.000,1.000,-90.00,180.00,4.50,OPEN,0
672415.821,0,0,0,1.000,1.000,1.000,-90.00,180.00,4.50,OPEN,0
672415.824,0,0,0,1.000,1.000,1.000,-90.00,180.00,4.50,OPEN,0
672415.828,0,0,0,1.000,1.000,1.000,-90.00,180.00,4.50,OPEN,0
672415.832,0,0,0,1.000,1.000,1.000,-90.00,180.00,4.50,OPEN,0
672415.836,0,0,0,1.000,1.000,1.000,-90.00,180.00,4.50,OPEN,0
672415.839,0,0,0,1.000,1.000,1.000,-90.00,180.00,4.50,OPEN,0
672415.843,0,0,0,1.000,1.000,1.000,-90.00,180.00,4.50,OPEN,0
672415.847,0,0,0,1.000,1.000,1.000,-90.00,180.00,4.50,OPEN,0
672415.851,0,0,0,1.000,1.000,1.000,-90.00,180.00,4.50,OPEN,0
672415.855,0,0,0,1.000,1.000,1.000,-90.00,180.00,4.50,OPEN,0
672415.860,0,0,0,0.999,1.000,1.000,-90.00,180.00,4.50,OPEN,0
672415.864,0,0,0,1.000,1.000,1.000,-90.00,180.00,4.50,OPEN,0
672415.868,0,0,0,1.000,1.000,1.000,-90.00,180.00,4.50,OPEN,0
672415.872,0,0,0,1.000,1.000,1.000,-90.00,180.00,4.50,OPEN,0
672415.876,0,0,0,1.000,1.000,1.000,-90.00,180.00,4.50,OPEN,0
672415.882,0,0,0,1.000,1.000,1.000,-90.00,180.00,4.50,OPEN,0
672415.886,0,0,0,1.000,1.000,1.000,-90.00,180.00,4.50,OPEN,0
672415.890,0,0,0,1.000,1.000,1.000,-90.00,180.00,4.50,OPEN,0
672415.894,0,0,0,1.000,1.000,1.000,-90.00,180.00,4.50,OPEN,0
672415.898,0,0,0,1.000,1.000,1.000,-90.00,180.00,4.50,OPEN,0
672415.903,0,0,0,1.000,1.000,1.000,-90.00,180.00,4.50,OPEN,0
672415.909,0,0,0,1.000,1.000,1.000,-90.00,180.00,4.50,OPEN,0
672415.914,0,0,0,1.000,1.000,1.000,-90.00,180.00,4.50,OPEN,0
672415.920,0,0,0,1.000,1.000,1.000,-90.00,180.00,4.50,OPEN,0
672415.925,0,0,0,1.000,1.000,1.000,-90.00,180.00,4.50,OPEN,0
672415.929,0,0,0,1.000,1.000,1.000,-90.00,180.00,4.50,OPEN,0
672415.934,0,0,0,1.000,1.000,1.000,-90.00,180.00,4.50,OPEN,0
672415.939,0,0,0,1.000,1.000,1.000,-90.00,180.00,4.50,OPEN,0
672415.943,0,0,0,1.000,1.000,1.000,-90.00,180.00,4.50,OPEN,0
672415.947,0,0,0,0.999,1.000,1.000,-90.00,180.00,4.50,OPEN,0
672415.951,0,0,0,1.000,1.000,1.000,-90.00,180.00,4.50,OPEN,0
672415.954,0,0,0,1.000,1.000,1.000,-90.00,180.00,4.50,OPEN,0
672415.958,0,0,0,1.000,1.000,1.000,-90.00,180.00,4.50,OPEN,0
672415.962,0,0,0,1.000,1.000,1.000,-90.00,180.00,4.50,OPEN,0
672415.967,0,0,0,1.000,1.000,1.000,-90.00,180.00,4.50,OPEN,0
672415.973,0,0,0,1.000,1.000,1.000,-90.00,180.00,4.50,OPEN,0
672415.979,0,0,0,1.000,1.000,1.000,-90.00,180.00,4.50,OPEN,0
672415.984,0,0,0,1.000,1.000,1.000,-90.00,180.00,4.50,OPEN,0
672415.990,0,0,0,1.000,1.000,1.000,-90.00,180.00,4.50,OPEN,0
672415.995,0,0,0,1.000,1.000,1.000,-90.00,180.00,4.50,OPEN,0
672415.999,0,0,0,1.000,1.000,1.000,-90.00,180.00,4.50,OPEN,0
672416.004,0,0,0,1.000,1.000,1.000,-90.00,180.00,4.50,OPEN,0
672416.008,0,0,0,1.000,1.000,1.000,-90.00,180.00,4.50,OPEN,0
672416.012,0,0,0,1.000,1.000,1.000,-90.00,180.00,4.50,OPEN,0
672416.016,0,0,0,0.999,1.000,1.000,-90.00,180.00,4.50,OPEN,0
672416.020,0,0,0,1.000,1.000,1.000,-90.00,180.00,4.50,OPEN,0
672416.024,0,0,0,1.000,1.000,1.000,-90.00,180.00,4.50,OPEN,0
672416.028,0,0,0,1.000,1.000,1.000,-90.00,180.00,4.50,OPEN,0
672416.032,0,0,0,1.000,1.000,1.000,-90.00,180.00,4.50,OPEN,0
672416.036,0,0,0,1.000,1.000,1.000,-90.00,180.00,4.50,OPEN,0
672416.040,0,0,0,1.000,1.000,1.000,-90.00,180.00,4.50,OPEN,0
672416.044,0,0,0,1.000,1.000,1.000,-90.00,180.00,4.50,OPEN,0
672416.049,0,0,0,1.000,1.000,1.000,-90.00,180.00,4.50,OPEN,0
672416.053,0,0,0,1.000,1.000,1.000,-90.00,180.00,4.50,OPEN,0
672416.057,0,0,0,1.000,1.000,1.000,-90.00,180.00,4.50,OPEN,0
672416.061,0,0,0,1.000,1.000,1.000,-90.00,180.00,4.50,OPEN,0
672416.065,0,0,0,1.000,1.000,1.000,-90.00,180.00,4.50,OPEN,0
672416.069,0,0,0,1.000,1.000,1.000,-90.00,180.00,4.50,OPEN,0
672416.073,0,0,0,1.000,1.000,1.000,-90.00,180.00,4.50,OPEN,0
672416.077,0,0,0,1.000,1.000,1.000,-90.00,180.00,4.50,OPEN,0
672416.081,0,0,0,1.000,1.000,1.000,-90.00,180.00,4.50,OPEN,0
672416.086,0,0,0,1.000,1.000,1.000,-90.00,180.00,4.50,OPEN,0
672416.090,0,0,0,1.000,1.000,1.000,-90.00,180.00,4.50,OPEN,0
672416.094,0,0,0,1.000,1.000,1.000,-90.00,180.00,4.50,OPEN,0
672416.099,0,0,0,1.000,1.000,1.000,-90.00,180.00,4.50,OPEN,0
672416.104,0,0,0,1.000,1.000,1.000,-90.00,180.00,4.50,OPEN,0
672416.108,0,0,0,1.000,1.000,1.000,-90.00,180.00,4.50,OPEN,0
672416.111,0,0,0,1.000,1.000,1.000,-90.00,180.00,4.50,OPEN,0
672416.115,0,0,0,1.000,1.000,1.000,-90.00,180.00,4.50,OPEN,0
672416.119,0,0,0,1.000,1.000,1.000,-90.00,180.00,4.50,OPEN,0
672416.122,0,0,0,1.000,1.000,1.000,-90.00,180.00,4.50,OPEN,0
672416.126,0,0,0,1.000,1.000,1.000,-90.00,180.00,4.50,OPEN,0
672416.131,0,0,0,1.000,1.000,1.000,-90.00,180.00,4.50,OPEN,0
672416.135,0,0,0,1.000,1.000,1.000,-90.00,180.00,4.50,OPEN,0
672416.139,0,0,0,1.000,1.000,1.000,-90.00,180.00,4.50,OPEN,0
672416.142,0,0,0,1.000,1.000,1.000,-90.00,180.00,4.50,OPEN,0
672416.146,0,0,0,1.000,1.000,1.000,-90.00,180.00,4.50,OPEN,0
672416.150,0,0,0,1.000,1.000,1.000,-90.00,180.00,4.50,OPEN,0
672416.155,0,0,0,1.000,1.000,1.000,-90.00,180.00,4.50,OPEN,0
672416.159,0,0,0,1.000,1.000,1.000,-90.00,180.00,4.50,OPEN,0
672416.163,0,0,0,1.000,1.000,1.000,-90.00,180.00,4.50,OPEN,0
672416.168,0,0,0,1.000,1.000,1.000,-90.00,180.00,4.50,OPEN,0
672416.172,0,0,0,1.000,1.000,1.000,-90.00,180.00,4.50,OPEN,0
672416.176,0,0,0,1.000,1.000,1.000,-90.00,180.00,4.50,OPEN,0
672416.181,0,0,0,1.000,1.000,1.000,-90.00,180.00,4.50,OPEN,0
672416.185,0,0,0,1.000,1.000,1.000,-90.00,180.00,4.50,OPEN,0
672416.189,0,0,0,1.000,1.000,1.000,-90.00,180.00,4.50,OPEN,0
672416.193,0,0,0,1.000,1.000,1.000,-90.00,180.00,4.50,OPEN,0
672416.197,0,0,0,1.000,1.000,1.000,-90.00,180.00,4.50,OPEN,0
672416.201,0,0,0,1.000,1.000,1.000,-90.00,180.00,4.50,OPEN,0
672416.206,0,0,0,1.000,1.000,1.000,-90.00,180.00,4.50,OPEN,0
672416.211,0,0,0,1.000,1.000,1.000,-90.00,180.00,4.50,OPEN,0
672416.215,0,0,0,1.000,1.000,1.000,-90.00,180.00,4.50,OPEN,0
672416.219,0,0,0,1.000,1.000,1.000,-90.00,180.00,4.50,OPEN,0
672416.223,0,0,0,1.000,1.000,1.000,-90.00,180.00,4.50,OPEN,0
672416.227,0,0,0,1.000,1.000,1.000,-90.00,180.00,4.50,OPEN,0
672416.230,0,0,0,1.000,1.000,1.000,-90.00,180.00,4.50,OPEN,0
672416.234,0,0,0,1.000,1.000,1.000,-90.00,180.00,4.50,OPEN,0
672416.238,0,0,0,1.000,1.000,1.000,-90.00,180.00,4.50,OPEN,0
672416.241,0,0,0,1.000,1.000,1.000,-90.00,180.00,4.50,OPEN,0
672416.245,0,0,0,1.000,1.000,1.000,-90.00,180.00,4.50,OPEN,0
672416.248,0,0,0,1.000,1.000,1.000,-90.00,180.00,4.50,OPEN,0
672416.252,0,0,0,1.000,1.000,1.000,-90.00,180.00,4.50,OPEN,0
672416.256,0,0,0,1.000,1.000,1.000,-90.00,180.00,4.50,OPEN,0
672416.260,0,0,0,1.000,1.000,1.000,-90.00,180.00,4.50,OPEN,0
672416.264,0,0,0,1.000,1.000,1.000,-90.00,180.00,4.50,OPEN,0
672416.267,0,0,0,1.000,1.000,1.000,-90.00,180.00,4.50,OPEN,0
672416.271,0,0,0,1.000,1.000,1.000,-90.00,180.00,4.50,OPEN,0
672416.275,0,0,0,1.000,1.000,1.000,-90.00,180.00,4.50,OPEN,0
672416.278,0,0,0,1.000,1.000,1.000,-90.00,180.00,4.50,OPEN,0
672416.282,0,0,0,1.000,1.000,1.000,-90.00,180.00,4.50,OPEN,0
672416.286,0,0,0,1.000,1.000,1.000,-90.00,180.00,4.50,OPEN,0
672416.290,0,0,0,1.000,1.000,1.000,-90.00,180.00,4.50,OPEN,0
672416.294,0,0,0,1.000,1.000,1.000,-90.00,180.00,4.50,OPEN,0
672416.298,0,0,0,1.000,1.000,1.000,-90.00,180.00,4.50,OPEN,0
672416.301,0,0,0,1.000,1.000,1.000,-90.00,180.00,4.50,OPEN,0
672416.305,0,0,0,1.000,1.000,1.000,-90.00,180.00,4.50,OPEN,0
672416.308,0,0,0,1.000,1.000,1.000,-90.00,180.00,4.50,OPEN,0
672416.313,0,0,0,1.000,1.000,1.000,-90.00,180.00,4.50,OPEN,0
672416.318,0,0,0,0.999,1.000,1.000,-90.00,180.00,4.50,OPEN,0
672416.323,0,0,0,0.866,1.000,1.000,-90.00,180.00,4.50,OPEN,0
672416.328,0,0,0,0.663,1.000,1.000,-90.00,180.00,4.50,OPEN,0
672416.333,0,0,0,0.938,1.000,1.000,-90.00,180.00,4.50,OPEN,0
672416.339,0,0,0,0.994,1.000,1.000,-90.00,180.00,4.50,OPEN,0
672416.343,0,0,0,0.999,1.000,1.000,-90.00,180.00,4.50,OPEN,0
672416.347,0,0,0,1.000,1.000,1.000,-90.00,180.00,4.50,OPEN,0
672416.351,0,0,0,1.000,1.000,1.000,-90.00,180.00,4.50,OPEN,0
672416.355,0,0,0,1.000,1.000,1.000,-90.00,180.00,4.50,OPEN,0
672416.359,0,0,0,1.000,1.000,1.000,-90.00,180.00,4.50,OPEN,0
672416.363,0,0,0,1.000,1.000,1.000,-90.00,180.00,4.50,OPEN,0
672416.367,2,0,0,1.000,1.000,1.000,-90.00,180.00,0.00,OPEN,1
672416.371,2,0,0,1.000,1.000,1.000,-90.00,180.00,0.00,OPEN,0
672416.375,2,0,0,1.000,1.000,1.000,-90.00,180.00,0.00,OPEN,0
672416.378,2,0,0,1.000,1.000,1.000,-90.00,180.00,0.00,OPEN,0
672416.381,2,0,0,1.000,1.000,1.000,-90.00,180.00,0.00,OPEN,0
672416.386,2,0,0,1.000,1.000,1.000,-90.00,180.00,0.00,OPEN,0
672416.390,2,0,0,1.000,1.000,1.000,-90.00,180.00,0.00,OPEN,0
672416.394,2,0,0,1.000,1.000,1.000,-90.00,180.00,0.00,OPEN,0
672416.399,2,0,0,1.000,1.000,1.000,-90.00,180.00,0.00,OPEN,0
672416.404,2,0,0,1.000,1.000,1.000,-90.00,180.00,0.00,OPEN,0
672416.409,2,0,0,1.000,1.000,1.000,-90.00,180.00,0.00,OPEN,0
672416.413,2,0,0,1.000,1.000,1.000,-90.00,180.00,0.00,OPEN,0
672416.418,2,0,0,1.000,1.000,1.000,-90.00,180.00,0.00,OPEN,0
672416.422,2,0,0,1.000,1.000,1.000,-90.00,180.00,0.00,OPEN,0
672416.426,2,0,0,1.000,1.000,1.000,-90.00,180.00,0.00,OPEN,0
672416.430,2,0,0,1.000,1.000,1.000,-90.00,180.00,0.00,OPEN,0
672416.434,2,0,0,1.000,1.000,1.000,-90.00,180.00,0.00,OPEN,0
672416.438,2,0,0,1.000,1.000,1.000,-90.00,180.00,0.00,OPEN,0
672416.441,2,0,0,1.000,1.000,1.000,-90.00,180.00,0.00,OPEN,0
672416.446,2,0,0,1.000,1.000,1.000,-90.00,180.00,0.00,OPEN,0
672416.450,2,0,0,1.000,1.000,1.000,-90.00,180.00,0.00,OPEN,0
672416.454,2,0,0,1.000,1.000,1.000,-90.00,180.00,0.00,OPEN,0
672416.457,2,0,0,1.000,1.000,1.000,-90.00,180.00,0.00,OPEN,0
672416.461,2,0,0,1.000,1.000,1.000,-90.00,180.00,0.00,OPEN,0
672416.465,2,0,0,1.000,1.000,1.000,-90.00,180.00,0.00,OPEN,0
672416.470,2,0,0,1.000,1.000,1.000,-90.00,180.00,-4.50,OPEN,1
672416.474,2,0,0,1.000,1.000,1.000,-90.00,180.00,-4.50,OPEN,0
672416.478,2,0,0,1.000,1.000,1.000,-90.00,180.00,-4.50,OPEN,0
672416.483,2,0,0,1.000,1.000,1.000,-90.00,180.00,-4.50,OPEN,0
672416.487,2,0,0,1.000,1.000,1.000,-90.00,180.00,-4.50,OPEN,0
672416.490,2,0,0,1.000,1.000,1.000,-90.00,180.00,-4.50,OPEN,0
672416.494,2,0,0,1.000,1.000,1.000,-90.00,180.00,-4.50,OPEN,0
672416.498,2,0,0,1.000,1.000,1.000,-90.00,180.00,-4.50,OPEN,0
672416.502,2,0,0,1.000,1.000,1.000,-90.00,180.00,-4.50,OPEN,0
672416.506,2,0,0,1.000,1.000,1.000,-90.00,180.00,-4.50,OPEN,0
672416.509,2,0,0,1.000,1.000,1.000,-90.00,180.00,-4.50,OPEN,0
672416.513,2,0,0,1.000,1.000,1.000,-90.00,180.00,-4.50,OPEN,0
672416.517,2,0,0,1.000,1.000,1.000,-90.00,180.00,-4.50,OPEN,0
672416.520,2,0,0,1.000,1.000,1.000,-90.00,180.00,-4.50,OPEN,0
672416.524,2,0,0,1.000,1.000,1.000,-90.00,180.00,-4.50,OPEN,0
672416.528,2,0,0,1.000,1.000,1.000,-90.00,180.00,-4.50,OPEN,0
672416.532,2,0,0,1.000,1.000,1.000,-90.00,180.00,-4.50,OPEN,0
672416.536,2,0,0,1.000,1.000,1.000,-90.00,180.00,-4.50,OPEN,0
672416.539,2,0,0,1.000,1.000,1.000,-90.00,180.00,-4.50,OPEN,0
672416.544,2,0,0,1.000,1.000,1.000,-90.00,180.00,-4.50,OPEN,0
672416.548,2,0,0,1.000,1.000,1.000,-90.00,180.00,-4.50,OPEN,0
672416.553,2,0,0,1.000,1.000,1.000,-90.00,180.00,-4.50,OPEN,0
672416.557,2,0,0,1.000,1.000,1.000,-90.00,180.00,-4.50,OPEN,0
672416.561,2,0,0,1.000,1.000,1.000,-90.00,180.00,-4.50,OPEN,0
672416.565,2,0,0,1.000,1.000,1.000,-90.00,180.00,-4.50,OPEN,0
672416.569,2,0,0,1.000,1.000,1.000,-90.00,180.00,-4.50,OPEN,0
672416.573,2,0,0,1.000,1.000,1.000,-90.00,180.00,-9.00,OPEN,1
672416.578,2,0,0,1.000,1.000,1.000,-90.00,180.00,-9.00,OPEN,0
672416.582,2,0,0,1.000,1.000,1.000,-90.00,180.00,-9.00,OPEN,0
672416.587,2,0,0,1.000,1.000,1.000,-90.00,180.00,-9.00,OPEN,0
672416.591,2,0,0,1.000,1.000,1.000,-90.00,180.00,-9.00,OPEN,0
672416.595,2,0,0,1.000,1.000,1.000,-90.00,180.00,-9.00,OPEN,0
672416.600,2,0,0,1.000,1.000,1.000,-90.00,180.00,-9.00,OPEN,0
672416.603,2,0,0,1.000,1.000,1.000,-90.00,180.00,-9.00,OPEN,0
672416.607,2,0,0,1.000,1.000,1.000,-90.00,180.00,-9.00,OPEN,0
672416.611,2,0,0,1.000,1.000,1.000,-90.00,180.00,-9.00,OPEN,0
672416.615,2,0,0,1.000,1.000,1.000,-90.00,180.00,-9.00,OPEN,0
672416.619,2,0,0,1.000,1.000,1.000,-90.00,180.00,-9.00,OPEN,0
672416.623,2,0,0,1.000,1.000,1.000,-90.00,180.00,-9.00,OPEN,0
672416.626,2,0,0,1.000,1.000,1.000,-90.00,180.00,-9.00,OPEN,0
672416.630,2,0,0,1.000,1.000,1.000,-90.00,180.00,-9.00,OPEN,0
672416.634,2,0,0,1.000,1.000,1.000,-90.00,180.00,-9.00,OPEN,0
672416.637,2,0,0,1.000,1.000,1.000,-90.00,180.00,-9.00,OPEN,0
672416.641,2,0,0,1.000,1.000,1.000,-90.00,180.00,-9.00,OPEN,0
672416.645,2,0,0,1.000,1.000,1.000,-90.00,180.00,-9.00,OPEN,0
672416.650,2,0,0,1.000,1.000,1.000,-90.00,180.00,-9.00,OPEN,0
672416.654,2,0,0,1.000,1.000,1.000,-90.00,180.00,-9.00,OPEN,0
672416.658,2,0,0,1.000,1.000,1.000,-90.00,180.00,-9.00,OPEN,0
672416.662,2,0,0,1.000,1.000,1.000,-90.00,180.00,-9.00,OPEN,0
672416.666,2,0,0,1.000,1.000,1.000,-90.00,180.00,-9.00,OPEN,0
672416.670,2,0,0,1.000,1.000,1.000,-90.00,180.00,-9.00,OPEN,0
672416.673,2,0,0,1.000,1.000,1.000,-90.00,180.00,-13.50,OPEN,1
672416.677,2,0,0,1.000,1.000,1.000,-90.00,180.00,-13.50,OPEN,0
672416.681,2,0,0,1.000,1.000,1.000,-90.00,180.00,-13.50,OPEN,0
672416.685,2,0,0,1.000,1.000,1.000,-90.00,180.00,-13.50,OPEN,0
672416.688,2,0,0,1.000,1.000,1.000,-90.00,180.00,-13.50,OPEN,0
672416.692,2,0,0,1.000,1.000,1.000,-90.00,180.00,-13.50,OPEN,0
672416.696,2,0,0,1.000,1.000,1.000,-90.00,180.00,-13.50,OPEN,0
672416.701,2,0,0,1.000,1.000,1.000,-90.00,180.00,-13.50,OPEN,0
672416.705,2,0,0,1.000,1.000,1.000,-90.00,180.00,-13.50,OPEN,0
672416.710,2,0,0,1.000,1.000,1.000,-90.00,180.00,-13.50,OPEN,0
672416.715,2,0,0,1.000,1.000,1.000,-90.00,180.00,-13.50,OPEN,0
672416.720,2,0,0,1.000,1.000,1.000,-90.00,180.00,-13.50,OPEN,0
672416.725,2,0,0,1.000,1.000,1.000,-90.00,180.00,-13.50,OPEN,0
672416.729,2,0,0,1.000,1.000,1.000,-90.00,180.00,-13.50,OPEN,0
672416.733,2,0,0,1.000,1.000,1.000,-90.00,180.00,-13.50,OPEN,0
672416.737,2,0,0,1.000,1.000,1.000,-90.00,180.00,-13.50,OPEN,0
672416.740,2,0,0,1.000,1.000,1.000,-90.00,180.00,-13.50,OPEN,0
672416.744,2,0,0,1.000,1.000,1.000,-90.00,180.00,-13.50,OPEN,0
672416.748,2,0,0,1.000,1.000,1.000,-90.00,180.00,-13.50,OPEN,0
672416.752,2,0,0,1.000,1.000,1.000,-90.00,180.00,-13.50,OPEN,0
672416.756,2,0,0,1.000,1.000,1.000,-90.00,180.00,-13.50,OPEN,0
672416.760,2,0,0,1.000,1.000,1.000,-90.00,180.00,-13.50,OPEN,0
672416.764,2,0,0,1.000,1.000,1.000,-90.00,180.00,-13.50,OPEN,0
672416.768,2,0,0,1.000,1.000,1.000,-90.00,180.00,-13.50,OPEN,0
672416.772,2,0,0,1.000,1.000,1.000,-90.00,180.00,-13.50,OPEN,0
672416.775,2,0,0,1.000,1.000,1.000,-90.00,180.00,-18.00,OPEN,1
672416.779,2,0,0,1.000,1.000,1.000,-90.00,180.00,-18.00,OPEN,0
672416.783,2,0,0,1.000,1.000,1.000,-90.00,180.00,-18.00,OPEN,0
672416.788,2,0,0,1.000,1.000,1.000,-90.00,180.00,-18.00,OPEN,0
672416.791,2,0,0,1.000,1.000,1.000,-90.00,180.00,-18.00,OPEN,0
672416.795,2,0,0,1.000,1.000,1.000,-90.00,180.00,-18.00,OPEN,0
672416.799,2,0,0,1.000,1.000,1.000,-90.00,180.00,-18.00,OPEN,0
672416.803,2,0,0,1.000,1.000,1.000,-90.00,180.00,-18.00,OPEN,0
672416.807,2,0,0,1.000,1.000,1.000,-90.00,180.00,-18.00,OPEN,0
672416.810,2,0,0,1.000,1.000,1.000,-90.00,180.00,-18.00,OPEN,0
672416.814,2,0,0,1.000,1.000,1.000,-90.00,180.00,-18.00,OPEN,0
672416.818,2,0,0,1.000,1.000,1.000,-90.00,180.00,-18.00,OPEN,0
672416.822,2,0,0,1.000,1.000,1.000,-90.00,180.00,-18.00,OPEN,0
672416.826,2,0,0,1.000,1.000,1.000,-90.00,180.00,-18.00,OPEN,0
672416.829,2,0,0,0.999,1.000,1.000,-90.00,180.00,-18.00,OPEN,0
672416.833,2,0,0,0.968,1.000,1.000,-90.00,180.00,-18.00,OPEN,0
672416.837,2,0,0,0.730,1.000,1.000,-90.00,180.00,-18.00,OPEN,0
672416.841,2,0,0,0.954,1.000,1.000,-90.00,180.00,-18.00,OPEN,0
672416.845,2,0,0,0.989,1.000,1.000,-90.00,180.00,-18.00,OPEN,0
672416.849,2,0,0,0.992,1.000,1.000,-90.00,180.00,-18.00,OPEN,0
672416.853,2,0,0,0.988,1.000,1.000,-90.00,180.00,-18.00,OPEN,0
672416.857,2,0,0,0.986,1.000,1.000,-90.00,180.00,-18.00,OPEN,0
672416.861,2,0,0,0.980,1.000,1.000,-90.00,180.00,-18.00,OPEN,0
672416.865,2,0,0,0.875,1.000,1.000,-90.00,180.00,-18.00,OPEN,0
672416.869,2,0,0,0.922,1.000,1.000,-90.00,180.00,-18.00,OPEN,0
672416.874,2,0,0,1.000,1.000,1.000,-90.00,180.00,-18.00,OPEN,0
672416.878,2,0,0,1.000,1.000,1.000,-90.00,180.00,-22.50,OPEN,1
672416.884,2,0,0,1.000,1.000,1.000,-90.00,180.00,-22.50,OPEN,0
672416.889,2,0,0,1.000,1.000,1.000,-90.00,180.00,-22.50,OPEN,0
672416.893,2,0,0,1.000,1.000,1.000,-90.00,180.00,-22.50,OPEN,0
672416.897,2,0,0,1.000,1.000,1.000,-90.00,180.00,-22.50,OPEN,0
672416.902,0,0,0,1.000,1.000,1.000,-90.00,180.00,-22.50,OPEN,0
672416.906,0,0,0,1.000,1.000,1.000,-90.00,180.00,-22.50,OPEN,0
672416.910,0,0,0,1.000,1.000,1.000,-90.00,180.00,-22.50,OPEN,0
672416.914,0,0,0,1.000,1.000,1.000,-90.00,180.00,-22.50,OPEN,0
672416.918,0,0,0,1.000,1.000,1.000,-90.00,180.00,-22.50,OPEN,0
672416.921,0,0,0,1.000,1.000,1.000,-90.00,180.00,-22.50,OPEN,0
672416.925,0,0,0,1.000,1.000,1.000,-90.00,180.00,-22.50,OPEN,0
672416.929,0,0,0,1.000,1.000,1.000,-90.00,180.00,-22.50,OPEN,0
672416.933,0,0,0,1.000,1.000,1.000,-90.00,180.00,-22.50,OPEN,0
672416.937,0,0,0,1.000,1.000,1.000,-90.00,180.00,-22.50,OPEN,0
672416.940,0,0,0,1.000,1.000,1.000,-90.00,180.00,-22.50,OPEN,0
672416.945,0,0,0,1.000,1.000,1.000,-90.00,180.00,-22.50,OPEN,0
672416.950,0,0,0,1.000,1.000,1.000,-90.00,180.00,-22.50,OPEN,0
672416.954,0,0,0,1.000,1.000,1.000,-90.00,180.00,-22.50,OPEN,0
672416.957,0,0,0,1.000,1.000,1.000,-90.00,180.00,-22.50,OPEN,0
672416.961,0,0,0,1.000,1.000,1.000,-90.00,180.00,-22.50,OPEN,0
672416.965,0,0,0,1.000,1.000,1.000,-90.00,180.00,-22.50,OPEN,0
672416.969,0,0,0,1.000,1.000,1.000,-90.00,180.00,-22.50,OPEN,0
672416.972,0,0,0,1.000,1.000,1.000,-90.00,180.00,-22.50,OPEN,0
672416.976,0,0,0,1.000,1.000,1.000,-90.00,180.00,-22.50,OPEN,0
672416.980,0,0,0,1.000,1.000,1.000,-90.00,180.00,-22.50,OPEN,0
672416.983,0,0,0,1.000,1.000,1.000,-90.00,180.00,-22.50,OPEN,0
672416.987,0,0,0,1.000,1.000,1.000,-90.00,180.00,-22.50,OPEN,0
672416.991,0,0,0,1.000,1.000,1.000,-90.00,180.00,-22.50,OPEN,0
672416.995,0,0,0,1.000,1.000,1.000,-90.00,180.00,-22.50,OPEN,0
672416.998,0,0,0,1.000,1.000,1.000,-90.00,180.00,-22.50,OPEN,0
672417.002,0,0,0,1.000,1.000,1.000,-90.00,180.00,-22.50,OPEN,0
672417.006,0,0,0,1.000,1.000,1.000,-90.00,180.00,-22.50,OPEN,0
672417.012,0,0,0,1.000,1.000,1.000,-90.00,180.00,-22.50,OPEN,0
672417.016,0,0,0,1.000,1.000,1.000,-90.00,180.00,-22.50,OPEN,0
672417.020,0,0,0,1.000,1.000,1.000,-90.00,180.00,-22.50,OPEN,0
672417.023,0,0,0,1.000,1.000,1.000,-90.00,180.00,-22.50,OPEN,0
672417.027,0,0,0,1.000,1.000,1.000,-90.00,180.00,-22.50,OPEN,0
672417.031,0,0,0,1.000,1.000,1.000,-90.00,180.00,-22.50,OPEN,0
672417.035,0,0,0,1.000,1.000,1.000,-90.00,180.00,-22.50,OPEN,0
672417.039,0,0,0,1.000,1.000,1.000,-90.00,180.00,-22.50,OPEN,0
672417.042,0,0,0,1.000,1.000,1.000,-90.00,180.00,-22.50,OPEN,0
672417.046,0,0,0,1.000,1.000,1.000,-90.00,180.00,-22.50,OPEN,0
672417.050,0,0,0,1.000,1.000,1.000,-90.00,180.00,-22.50,OPEN,0
672417.054,0,0,0,1.000,1.000,1.000,-90.00,180.00,-22.50,OPEN,0
672417.057,0,0,0,1.000,1.000,1.000,-90.00,180.00,-22.50,OPEN,0
672417.061,0,0,0,1.000,1.000,1.000,-90.00,180.00,-22.50,OPEN,0
672417.065,0,0,0,1.000,1.000,1.000,-90.00,180.00,-22.50,OPEN,0
672417.069,0,0,0,1.000,1.000,1.000,-90.00,180.00,-22.50,OPEN,0
672417.073,0,0,0,1.000,1.000,1.000,-90.00,180.00,-22.50,OPEN,0
672417.076,0,0,0,1.000,1.000,1.000,-90.00,180.00,-22.50,OPEN,0
672417.080,0,0,0,1.000,1.000,1.000,-90.00,180.00,-22.50,OPEN,0
672417.083,0,0,0,1.000,1.000,1.000,-90.00,180.00,-22.50,OPEN,0
672417.088,0,0,0,1.000,1.000,1.000,-90.00,180.00,-22.50,OPEN,0
672417.091,0,0,0,1.000,1.000,1.000,-90.00,180.00,-22.50,OPEN,0
672417.096,0,0,0,1.000,1.000,1.000,-90.00,180.00,-22.50,OPEN,0
672417.101,0,0,0,1.000,1.000,1.000,-90.00,180.00,-22.50,OPEN,0
672417.105,0,0,0,1.000,1.000,1.000,-90.00,180.00,-22.50,OPEN,0
672417.108,0,0,0,1.000,1.000,1.000,-90.00,180.00,-22.50,OPEN,0
672417.112,0,0,0,1.000,1.000,1.000,-90.00,180.00,-22.50,OPEN,0
672417.115,0,0,0,1.000,1.000,1.000,-90.00,180.00,-22.50,OPEN,0
672417.119,0,0,0,1.000,1.000,1.000,-90.00,180.00,-22.50,OPEN,0
672417.123,0,0,0,1.000,1.000,1.000,-90.00,180.00,-22.50,OPEN,0
672417.127,0,0,0,1.000,1.000,1.000,-90.00,180.00,-22.50,OPEN,0
672417.131,0,0,0,1.000,1.000,1.000,-90.00,180.00,-22.50,OPEN,0
672417.135,0,0,0,1.000,1.000,1.000,-90.00,180.00,-22.50,OPEN,0
672417.139,0,0,0,1.000,1.000,1.000,-90.00,180.00,-22.50,OPEN,0
672417.143,0,0,0,1.000,1.000,1.000,-90.00,180.00,-22.50,OPEN,0
672417.146,0,0,0,1.000,1.000,1.000,-90.00,180.00,-22.50,OPEN,0
672417.150,0,0,0,1.000,1.000,1.000,-90.00,180.00,-22.50,OPEN,0
672417.154,0,0,0,1.000,1.000,1.000,-90.00,180.00,-22.50,OPEN,0
672417.158,0,0,0,1.000,1.000,1.000,-90.00,180.00,-22.50,OPEN,0
672417.161,0,0,0,1.000,1.000,1.000,-90.00,180.00,-22.50,OPEN,0
672417.165,0,0,0,1.000,1.000,1.000,-90.00,180.00,-22.50,OPEN,0
672417.169,0,0,0,1.000,1.000,1.000,-90.00,180.00,-22.50,OPEN,0
672417.173,0,0,0,1.000,1.000,1.000,-90.00,180.00,-22.50,OPEN,0
672417.177,0,0,0,1.000,1.000,1.000,-90.00,180.00,-22.50,OPEN,0
672417.181,0,0,0,1.000,1.000,1.000,-90.00,180.00,-22.50,OPEN,0
672417.185,0,0,0,1.000,1.000,1.000,-90.00,180.00,-22.50,OPEN,0
672417.188,0,0,0,1.000,1.000,1.000,-90.00,180.00,-22.50,OPEN,0
672417.192,0,0,0,1.000,1.000,1.000,-90.00,180.00,-22.50,OPEN,0
672417.196,0,0,0,1.000,1.000,1.000,-90.00,180.00,-22.50,OPEN,0
672417.200,0,0,0,1.000,1.000,1.000,-90.00,180.00,-22.50,OPEN,0
672417.204,0,0,0,1.000,1.000,1.000,-90.00,180.00,-22.50,OPEN,0
672417.207,0,0,0,1.000,1.000,1.000,-90.00,180.00,-22.50,OPEN,0
672417.211,0,0,0,1.000,1.000,1.000,-90.00,180.00,-22.50,OPEN,0
672417.215,0,0,0,1.000,1.000,1.000,-90.00,180.00,-22.50,OPEN,0
672417.220,0,0,0,1.000,1.000,1.000,-90.00,180.00,-22.50,OPEN,0
672417.224,0,0,0,1.000,1.000,1.000,-90.00,180.00,-22.50,OPEN,0
672417.229,0,0,0,1.000,1.000,1.000,-90.00,180.00,-22.50,OPEN,0
672417.233,0,0,0,1.000,1.000,1.000,-90.00,180.00,-22.50,OPEN,0
672417.236,0,0,0,1.000,1.000,1.000,-90.00,180.00,-22.50,OPEN,0
672417.240,0,0,0,1.000,1.000,1.000,-90.00,180.00,-22.50,OPEN,0
672417.244,0,0,0,1.000,1.000,1.000,-90.00,180.00,-22.50,OPEN,0
672417.247,0,0,0,1.000,1.000,1.000,-90.00,180.00,-22.50,OPEN,0
672417.252,0,0,0,1.000,1.000,1.000,-90.00,180.00,-22.50,OPEN,0
672417.257,0,0,0,1.000,1.000,1.000,-90.00,180.00,-22.50,OPEN,0
672417.264,0,0,0,1.000,1.000,1.000,-90.00,180.00,-22.50,OPEN,0
672417.270,0,0,0,1.000,1.000,1.000,-90.00,180.00,-22.50,OPEN,0
672417.275,0,0,0,1.000,1.000,1.000,-90.00,180.00,-22.50,OPEN,0
672417.280,0,0,0,1.000,1.000,1.000,-90.00,180.00,-22.50,OPEN,0
672417.285,0,0,0,1.000,1.000,1.000,-90.00,180.00,-22.50,OPEN,0
672417.290,0,0,0,1.000,1.000,1.000,-90.00,180.00,-22.50,OPEN,0
672417.294,0,0,0,1.000,1.000,1.000,-90.00,180.00,-22.50,OPEN,0
672417.298,0,0,0,1.000,1.000,1.000,-90.00,180.00,-22.50,OPEN,0
672417.302,0,0,0,1.000,1.000,1.000,-90.00,180.00,-22.50,OPEN,0
672417.307,0,0,0,1.000,1.000,1.000,-90.00,180.00,-22.50,OPEN,0
672417.311,0,0,0,1.000,1.000,1.000,-90.00,180.00,-22.50,OPEN,0
672417.315,0,0,0,1.000,1.000,1.000,-90.00,180.00,-22.50,OPEN,0
672417.319,0,0,0,1.000,1.000,1.000,-90.00,180.00,-22.50,OPEN,0
672417.323,0,0,0,1.000,1.000,1.000,-90.00,180.00,-22.50,OPEN,0
672417.327,0,0,0,1.000,1.000,1.000,-90.00,180.00,-22.50,OPEN,0
672417.330,0,0,0,1.000,1.000,1.000,-90.00,180.00,-22.50,OPEN,0
672417.335,0,0,0,1.000,1.000,1.000,-90.00,180.00,-22.50,OPEN,0
672417.339,0,0,0,1.000,1.000,1.000,-90.00,180.00,-22.50,OPEN,0
672417.343,0,0,0,1.000,1.000,1.000,-90.00,180.00,-22.50,OPEN,0
672417.348,0,0,0,1.000,1.000,1.000,-90.00,180.00,-22.50,OPEN,0
672417.353,0,0,0,1.000,1.000,1.000,-90.00,180.00,-22.50,OPEN,0
672417.358,0,0,0,1.000,1.000,1.000,-90.00,180.00,-22.50,OPEN,0
672417.362,0,0,0,1.000,1.000,1.000,-90.00,180.00,-22.50,OPEN,0
672417.366,0,0,0,1.000,1.000,1.000,-90.00,180.00,-22.50,OPEN,0
672417.370,0,0,0,1.000,1.000,1.000,-90.00,180.00,-22.50,OPEN,0
672417.374,0,0,0,1.000,1.000,1.000,-90.00,180.00,-22.50,OPEN,0
672417.378,0,0,0,1.000,1.000,1.000,-90.00,180.00,-22.50,OPEN,0
672417.381,0,0,0,1.000,1.000,1.000,-90.00,180.00,-22.50,OPEN,0
672417.386,0,0,0,1.000,1.000,1.000,-90.00,180.00,-22.50,OPEN,0
672417.389,0,0,0,1.000,1.000,1.000,-90.00,180.00,-22.50,OPEN,0
672417.393,0,0,0,1.000,1.000,1.000,-90.00,180.00,-22.50,OPEN,0
672417.397,0,0,0,1.000,1.000,1.000,-90.00,180.00,-22.50,OPEN,0
672417.401,0,0,0,1.000,1.000,1.000,-90.00,180.00,-22.50,OPEN,0
672417.405,0,0,0,1.000,1.000,1.000,-90.00,180.00,-22.50,OPEN,0
672417.409,0,0,0,1.000,1.000,1.000,-90.00,180.00,-22.50,OPEN,0
672417.413,0,0,0,1.000,1.000,1.000,-90.00,180.00,-22.50,OPEN,0
672417.418,0,0,0,1.000,1.000,1.000,-90.00,180.00,-22.50,OPEN,0
672417.422,0,0,0,1.000,1.000,1.000,-90.00,180.00,-22.50,OPEN,0
672417.427,0,0,0,1.000,1.000,1.000,-90.00,180.00,-22.50,OPEN,0
672417.431,0,0,0,0.768,1.000,1.000,-90.00,180.00,-22.50,OPEN,0
672417.435,0,0,0,0.955,1.000,1.000,-90.00,180.00,-22.50,OPEN,0
672417.441,0,0,0,0.990,1.000,1.000,-90.00,180.00,-22.50,OPEN,0
672417.452,0,0,0,0.998,1.000,1.000,-90.00,180.00,-22.50,OPEN,0
672417.467,0,0,0,0.999,1.000,1.000,-90.00,180.00,-22.50,OPEN,0
672417.476,0,0,0,1.000,1.000,1.000,-90.00,180.00,-22.50,OPEN,0
672417.482,0,0,0,1.000,1.000,1.000,-90.00,180.00,-22.50,OPEN,0
672417.488,0,0,0,1.000,1.000,1.000,-90.00,180.00,-22.50,OPEN,0
672417.494,0,0,0,1.000,1.000,1.000,-90.00,180.00,-22.50,OPEN,0
672417.499,0,0,0,1.000,1.000,1.000,-90.00,180.00,-22.50,OPEN,0
672417.503,3,0,0,1.000,1.000,1.000,-90.00,180.00,-22.50,CLOSED,0
672417.507,3,0,0,1.000,1.000,1.000,-90.00,180.00,-22.50,CLOSED,0
672417.511,3,0,0,1.000,1.000,1.000,-90.00,180.00,-22.50,CLOSED,0
672417.514,3,0,0,1.000,1.000,1.000,-90.00,180.00,-22.50,CLOSED,0
672417.518,3,0,0,1.000,1.000,1.000,-90.00,180.00,-22.50,CLOSED,0
672417.521,3,0,0,1.000,1.000,1.000,-90.00,180.00,-22.50,CLOSED,0
672417.525,3,0,0,1.000,1.000,1.000,-90.00,180.00,-22.50,CLOSED,0
672417.529,3,0,0,1.000,1.000,1.000,-90.00,180.00,-22.50,CLOSED,0
672417.533,3,0,0,1.000,1.000,1.000,-90.00,180.00,-22.50,CLOSED,0
672417.538,3,0,0,1.000,1.000,1.000,-90.00,180.00,-22.50,CLOSED,0
672417.544,3,0,0,1.000,1.000,1.000,-90.00,180.00,-22.50,CLOSED,0
672417.549,3,0,0,1.000,1.000,1.000,-90.00,180.00,-22.50,CLOSED,0
672417.555,3,0,0,1.000,1.000,1.000,-90.00,180.00,-22.50,CLOSED,0
672417.561,3,0,0,1.000,1.000,1.000,-90.00,180.00,-22.50,CLOSED,0
672417.568,3,0,0,1.000,1.000,1.000,-90.00,180.00,-22.50,CLOSED,0
672417.574,3,0,0,1.000,1.000,1.000,-90.00,180.00,-22.50,CLOSED,0
672417.579,3,0,0,1.000,1.000,1.000,-90.00,180.00,-22.50,CLOSED,0
672417.583,3,0,0,1.000,1.000,1.000,-90.00,180.00,-22.50,CLOSED,0
672417.588,3,0,0,1.000,1.000,1.000,-90.00,180.00,-22.50,CLOSED,0
672417.591,3,0,0,1.000,1.000,1.000,-90.00,180.00,-22.50,CLOSED,0
672417.595,3,0,0,1.000,1.000,1.000,-90.00,180.00,-22.50,CLOSED,0
672417.598,3,0,0,1.000,1.000,1.000,-90.00,180.00,-22.50,CLOSED,0
672417.602,3,0,0,1.000,1.000,1.000,-90.00,180.00,-22.50,CLOSED,0
672417.606,3,0,0,1.000,1.000,1.000,-90.00,180.00,-22.50,CLOSED,0
672417.609,3,0,0,1.000,1.000,1.000,-90.00,180.00,-22.50,CLOSED,0
672417.613,3,0,0,1.000,1.000,1.000,-90.00,180.00,-22.50,CLOSED,0
672417.617,3,0,0,1.000,1.000,1.000,-90.00,180.00,-22.50,CLOSED,0
672417.621,3,0,0,1.000,1.000,1.000,-90.00,180.00,-22.50,CLOSED,0
672417.625,3,0,0,1.000,1.000,1.000,-90.00,180.00,-22.50,CLOSED,0
672417.629,3,0,0,1.000,1.000,1.000,-90.00,180.00,-22.50,CLOSED,0
672417.632,3,0,0,1.000,1.000,1.000,-90.00,180.00,-22.50,CLOSED,0
672417.636,3,0,0,1.000,1.000,1.000,-90.00,180.00,-22.50,CLOSED,0
672417.640,3,0,0,1.000,1.000,1.000,-90.00,180.00,-22.50,CLOSED,0
672417.644,3,0,0,1.000,1.000,1.000,-90.00,180.00,-22.50,CLOSED,0
672417.647,3,0,0,1.000,1.000,1.000,-90.00,180.00,-22.50,CLOSED,0
672417.652,3,0,0,1.000,1.000,1.000,-90.00,180.00,-22.50,CLOSED,0
672417.655,3,0,0,1.000,1.000,1.000,-90.00,180.00,-22.50,CLOSED,0
672417.659,3,0,0,1.000,1.000,1.000,-90.00,180.00,-22.50,CLOSED,0
672417.662,3,0,0,1.000,1.000,1.000,-90.00,180.00,-22.50,CLOSED,0
672417.666,3,0,0,1.000,1.000,1.000,-90.00,180.00,-22.50,CLOSED,0
672417.670,3,0,0,1.000,1.000,1.000,-90.00,180.00,-22.50,CLOSED,0
672417.674,3,0,0,1.000,1.000,1.000,-90.00,180.00,-22.50,CLOSED,0
672417.679,3,0,0,1.000,1.000,1.000,-90.00,180.00,-22.50,CLOSED,0
672417.684,3,0,0,1.000,1.000,1.000,-90.00,180.00,-22.50,CLOSED,0
672417.688,3,0,0,1.000,1.000,1.000,-90.00,180.00,-22.50,CLOSED,0
672417.692,3,0,0,1.000,1.000,1.000,-90.00,180.00,-22.50,CLOSED,0
672417.696,3,0,0,1.000,1.000,1.000,-90.00,180.00,-22.50,CLOSED,0
672417.700,3,0,0,1.000,1.000,1.000,-90.00,180.00,-22.50,CLOSED,0
672417.704,3,0,0,1.000,1.000,1.000,-90.00,180.00,-22.50,CLOSED,0
672417.707,3,0,0,1.000,1.000,1.000,-90.00,180.00,-22.50,CLOSED,0
672417.711,3,0,0,1.000,1.000,1.000,-90.00,180.00,-22.50,CLOSED,0
672417.715,3,0,0,1.000,1.000,1.000,-90.00,180.00,-22.50,CLOSED,0
672417.719,3,0,0,1.000,1.000,1.000,-90.00,180.00,-22.50,CLOSED,0
672417.723,3,0,0,1.000,1.000,1.000,-90.00,180.00,-22.50,CLOSED,0
672417.727,3,0,0,1.000,1.000,1.000,-90.00,180.00,-22.50,CLOSED,0
672417.731,3,0,0,1.000,1.000,1.000,-90.00,180.00,-22.50,CLOSED,0
672417.736,3,0,0,1.000,1.000,1.000,-90.00,180.00,-22.50,CLOSED,0
672417.740,3,0,0,1.000,1.000,1.000,-90.00,180.00,-22.50,CLOSED,0
672417.743,3,0,0,1.000,1.000,1.000,-90.00,180.00,-22.50,CLOSED,0
672417.747,3,0,0,1.000,1.000,1.000,-90.00,180.00,-22.50,CLOSED,0
672417.751,3,0,0,1.000,1.000,1.000,-90.00,180.00,-22.50,CLOSED,0
672417.755,3,0,0,1.000,1.000,1.000,-90.00,180.00,-22.50,CLOSED,0
672417.758,3,0,0,1.000,1.000,1.000,-90.00,180.00,-22.50,CLOSED,0
672417.762,3,0,0,1.000,1.000,1.000,-90.00,180.00,-22.50,CLOSED,0
672417.766,3,0,0,1.000,1.000,1.000,-90.00,180.00,-22.50,CLOSED,0
672417.769,3,0,0,1.000,1.000,1.000,-90.00,180.00,-22.50,CLOSED,0
672417.773,3,0,0,1.000,1.000,1.000,-90.00,180.00,-22.50,CLOSED,0
672417.777,3,0,0,1.000,1.000,1.000,-90.00,180.00,-22.50,CLOSED,0
672417.781,3,0,0,1.000,1.000,1.000,-90.00,180.00,-22.50,CLOSED,0
672417.785,3,0,0,1.000,1.000,1.000,-90.00,180.00,-22.50,CLOSED,0
672417.789,3,0,0,1.000,1.000,1.000,-90.00,180.00,-22.50,CLOSED,0
672417.793,3,0,0,1.000,1.000,1.000,-90.00,180.00,-22.50,CLOSED,0
672417.797,3,0,0,1.000,1.000,1.000,-90.00,180.00,-22.50,CLOSED,0
672417.802,3,0,0,1.000,1.000,1.000,-90.00,180.00,-22.50,CLOSED,0
672417.806,3,0,0,1.000,1.000,1.000,-90.00,180.00,-22.50,CLOSED,0
672417.810,3,0,0,1.000,1.000,1.000,-90.00,180.00,-22.50,CLOSED,0
672417.815,3,0,0,1.000,1.000,1.000,-90.00,180.00,-22.50,CLOSED,0
672417.819,3,0,0,1.000,1.000,1.000,-90.00,180.00,-22.50,CLOSED,0
672417.823,3,0,0,1.000,1.000,1.000,-90.00,180.00,-22.50,CLOSED,0
672417.827,3,0,0,1.000,1.000,1.000,-90.00,180.00,-22.50,CLOSED,0
672417.831,3,0,0,1.000,1.000,1.000,-90.00,180.00,-22.50,CLOSED,0
672417.835,3,0,0,1.000,1.000,1.000,-90.00,180.00,-22.50,CLOSED,0
672417.839,3,0,0,1.000,1.000,1.000,-90.00,180.00,-22.50,CLOSED,0
672417.843,3,0,0,1.000,1.000,1.000,-90.00,180.00,-22.50,CLOSED,0
672417.846,3,0,0,1.000,1.000,1.000,-90.00,180.00,-22.50,CLOSED,0
672417.850,3,0,0,1.000,1.000,1.000,-90.00,180.00,-22.50,CLOSED,0
672417.853,3,0,0,1.000,1.000,1.000,-90.00,180.00,-22.50,CLOSED,0
672417.857,3,0,0,1.000,1.000,1.000,-90.00,180.00,-22.50,CLOSED,0
672417.861,3,0,0,1.000,1.000,1.000,-90.00,180.00,-22.50,CLOSED,0
672417.864,3,0,0,1.000,1.000,1.000,-90.00,180.00,-22.50,CLOSED,0
672417.868,3,0,0,1.000,1.000,1.000,-90.00,180.00,-22.50,CLOSED,0
672417.872,3,0,0,1.000,1.000,1.000,-90.00,180.00,-22.50,CLOSED,0
672417.876,3,0,0,1.000,1.000,1.000,-90.00,180.00,-22.50,CLOSED,0
672417.879,3,0,0,1.000,1.000,1.000,-90.00,180.00,-22.50,CLOSED,0
672417.883,3,0,0,1.000,1.000,1.000,-90.00,180.00,-22.50,CLOSED,0
672417.887,3,0,0,1.000,1.000,1.000,-90.00,180.00,-22.50,CLOSED,0
672417.891,3,0,0,1.000,1.000,1.000,-90.00,180.00,-22.50,CLOSED,0
672417.894,3,0,0,1.000,1.000,1.000,-90.00,180.00,-22.50,CLOSED,0
672417.899,3,0,0,1.000,1.000,1.000,-90.00,180.00,-22.50,CLOSED,0
672417.904,3,0,0,1.000,1.000,1.000,-90.00,180.00,-22.50,CLOSED,0
672417.908,3,0,0,1.000,1.000,1.000,-90.00,180.00,-22.50,CLOSED,0
672417.913,3,0,0,1.000,1.000,1.000,-90.00,180.00,-22.50,CLOSED,0
672417.917,3,0,0,1.000,1.000,1.000,-90.00,180.00,-22.50,CLOSED,0
672417.921,3,0,0,1.000,1.000,1.000,-90.00,180.00,-22.50,CLOSED,0
672417.925,3,0,0,1.000,1.000,1.000,-90.00,180.00,-22.50,CLOSED,0
672417.929,3,0,0,1.000,1.000,1.000,-90.00,180.00,-22.50,CLOSED,0
672417.933,3,0,0,1.000,1.000,1.000,-90.00,180.00,-22.50,CLOSED,0
672417.937,3,0,0,1.000,1.000,1.000,-90.00,180.00,-22.50,CLOSED,0
672417.940,3,0,0,1.000,1.000,1.000,-90.00,180.00,-22.50,CLOSED,0
672417.944,3,0,0,1.000,1.000,1.000,-90.00,180.00,-22.50,CLOSED,0
672417.947,3,0,0,1.000,1.000,1.000,-90.00,180.00,-22.50,CLOSED,0
672417.951,3,0,0,1.000,1.000,1.000,-90.00,180.00,-22.50,CLOSED,0
672417.955,3,0,0,1.000,1.000,1.000,-90.00,180.00,-22.50,CLOSED,0
672417.959,3,0,0,1.000,1.000,1.000,-90.00,180.00,-22.50,CLOSED,0
672417.962,3,0,0,1.000,1.000,1.000,-90.00,180.00,-22.50,CLOSED,0
672417.967,3,0,0,0.998,1.000,1.000,-90.00,180.00,-22.50,CLOSED,0
672417.970,3,0,0,0.973,1.000,1.000,-90.00,180.00,-22.50,CLOSED,0
672417.974,3,0,0,0.588,1.000,1.000,-90.00,180.00,-22.50,CLOSED,0
672417.977,3,0,0,1.000,1.000,1.000,-90.00,180.00,-22.50,CLOSED,0
672417.981,3,0,0,1.000,1.000,1.000,-90.00,180.00,-22.50,CLOSED,0
672417.985,3,0,0,1.000,1.000,1.000,-90.00,180.00,-22.50,CLOSED,0
672417.989,3,0,0,1.000,1.000,1.000,-90.00,180.00,-22.50,CLOSED,0
672417.993,3,0,0,1.000,1.000,1.000,-90.00,180.00,-22.50,CLOSED,0
672417.996,3,0,0,1.000,1.000,1.000,-90.00,180.00,-22.50,CLOSED,0
672418.000,3,0,0,1.000,1.000,1.000,-90.00,180.00,-22.50,CLOSED,0
672418.005,0,0,0,1.000,1.000,1.000,-90.00,180.00,-22.50,CLOSED,0
672418.009,0,0,0,1.000,1.000,1.000,-90.00,180.00,-22.50,CLOSED,0
672418.014,0,0,0,1.000,1.000,1.000,-90.00,180.00,-22.50,CLOSED,0
672418.018,0,0,0,1.000,1.000,1.000,-90.00,180.00,-22.50,CLOSED,0
672418.021,0,0,0,1.000,1.000,1.000,-90.00,180.00,-22.50,CLOSED,0
672418.025,0,0,0,1.000,1.000,1.000,-90.00,180.00,-22.50,CLOSED,0
672418.029,0,0,0,1.000,1.000,1.000,-90.00,180.00,-22.50,CLOSED,0
672418.033,0,0,0,1.000,1.000,1.000,-90.00,180.00,-22.50,CLOSED,0
672418.037,0,0,0,1.000,1.000,1.000,-90.00,180.00,-22.50,CLOSED,0
672418.041,0,0,0,1.000,1.000,1.000,-90.00,180.00,-22.50,CLOSED,0
672418.045,0,0,0,1.000,1.000,1.000,-90.00,180.00,-22.50,CLOSED,0
672418.049,0,0,0,1.000,1.000,1.000,-90.00,180.00,-22.50,CLOSED,0
672418.053,0,0,0,1.000,1.000,1.000,-90.00,180.00,-22.50,CLOSED,0
672418.057,0,0,0,1.000,1.000,1.000,-90.00,180.00,-22.50,CLOSED,0
672418.061,0,0,0,1.000,1.000,1.000,-90.00,180.00,-22.50,CLOSED,0
672418.065,0,0,0,1.000,1.000,1.000,-90.00,180.00,-22.50,CLOSED,0
672418.069,0,0,0,1.000,1.000,1.000,-90.00,180.00,-22.50,CLOSED,0
672418.073,0,0,0,1.000,1.000,1.000,-90.00,180.00,-22.50,CLOSED,0
672418.077,0,0,0,1.000,1.000,1.000,-90.00,180.00,-22.50,CLOSED,0
672418.081,0,0,0,1.000,1.000,1.000,-90.00,180.00,-22.50,CLOSED,0
672418.084,0,0,0,1.000,1.000,1.000,-90.00,180.00,-22.50,CLOSED,0
672418.088,0,0,0,1.000,1.000,1.000,-90.00,180.00,-22.50,CLOSED,0
672418.092,0,0,0,1.000,1.000,1.000,-90.00,180.00,-22.50,CLOSED,0
672418.095,0,0,0,1.000,1.000,1.000,-90.00,180.00,-22.50,CLOSED,0
672418.099,0,0,0,1.000,1.000,1.000,-90.00,180.00,-22.50,CLOSED,0
672418.103,0,0,0,1.000,1.000,1.000,-90.00,180.00,-22.50,CLOSED,0
672418.107,0,0,0,1.000,1.000,1.000,-90.00,180.00,-22.50,CLOSED,0
672418.111,0,0,0,1.000,1.000,1.000,-90.00,180.00,-22.50,CLOSED,0
672418.116,0,0,0,1.000,1.000,1.000,-90.00,180.00,-22.50,CLOSED,0
672418.120,0,0,0,1.000,1.000,1.000,-90.00,180.00,-22.50,CLOSED,0
672418.124,0,0,0,1.000,1.000,1.000,-90.00,180.00,-22.50,CLOSED,0
672418.127,0,0,0,1.000,1.000,1.000,-90.00,180.00,-22.50,CLOSED,0
672418.131,0,0,0,1.000,1.000,1.000,-90.00,180.00,-22.50,CLOSED,0
672418.135,0,0,0,1.000,1.000,1.000,-90.00,180.00,-22.50,CLOSED,0
672418.139,0,0,0,1.000,1.000,1.000,-90.00,180.00,-22.50,CLOSED,0
672418.142,0,0,0,1.000,1.000,1.000,-90.00,180.00,-22.50,CLOSED,0
672418.147,0,0,0,1.000,1.000,1.000,-90.00,180.00,-22.50,CLOSED,0
672418.151,0,0,0,1.000,1.000,1.000,-90.00,180.00,-22.50,CLOSED,0
672418.155,0,0,0,1.000,1.000,1.000,-90.00,180.00,-22.50,CLOSED,0
672418.159,0,0,0,1.000,1.000,1.000,-90.00,180.00,-22.50,CLOSED,0
672418.163,0,0,0,1.000,1.000,1.000,-90.00,180.00,-22.50,CLOSED,0
672418.168,0,0,0,1.000,1.000,1.000,-90.00,180.00,-22.50,CLOSED,0
672418.171,0,0,0,1.000,1.000,1.000,-90.00,180.00,-22.50,CLOSED,0
672418.175,0,0,0,1.000,1.000,1.000,-90.00,180.00,-22.50,CLOSED,0
672418.179,0,0,0,1.000,1.000,1.000,-90.00,180.00,-22.50,CLOSED,0
672418.183,0,0,0,1.000,1.000,1.000,-90.00,180.00,-22.50,CLOSED,0
672418.187,0,0,0,1.000,1.000,1.000,-90.00,180.00,-22.50,CLOSED,0
672418.190,0,0,0,1.000,1.000,1.000,-90.00,180.00,-22.50,CLOSED,0
672418.194,0,0,0,1.000,1.000,1.000,-90.00,180.00,-22.50,CLOSED,0
672418.198,0,0,0,1.000,1.000,1.000,-90.00,180.00,-22.50,CLOSED,0
672418.202,0,0,0,1.000,1.000,1.000,-90.00,180.00,-22.50,CLOSED,0
672418.207,0,0,0,1.000,1.000,1.000,-90.00,180.00,-22.50,CLOSED,0
672418.211,0,0,0,1.000,1.000,1.000,-90.00,180.00,-22.50,CLOSED,0
672418.214,0,0,0,1.000,1.000,1.000,-90.00,180.00,-22.50,CLOSED,0
672418.218,0,0,0,1.000,1.000,1.000,-90.00,180.00,-22.50,CLOSED,0
672418.222,0,0,0,1.000,1.000,1.000,-90.00,180.00,-22.50,CLOSED,0
672418.226,0,0,0,1.000,1.000,1.000,-90.00,180.00,-22.50,CLOSED,0
672418.231,0,0,0,1.000,1.000,1.000,-90.00,180.00,-22.50,CLOSED,0
672418.235,0,0,0,1.000,1.000,1.000,-90.00,180.00,-22.50,CLOSED,0
672418.239,0,0,0,1.000,1.000,1.000,-90.00,180.00,-22.50,CLOSED,0
672418.243,0,0,0,1.000,1.000,1.000,-90.00,180.00,-22.50,CLOSED,0
672418.247,0,0,0,1.000,1.000,1.000,-90.00,180.00,-22.50,CLOSED,0
672418.251,0,0,0,1.000,1.000,1.000,-90.00,180.00,-22.50,CLOSED,0
672418.255,0,0,0,1.000,1.000,1.000,-90.00,180.00,-22.50,CLOSED,0
672418.258,0,0,0,1.000,1.000,1.000,-90.00,180.00,-22.50,CLOSED,0
672418.262,0,0,0,1.000,1.000,1.000,-90.00,180.00,-22.50,CLOSED,0
672418.266,0,0,0,1.000,1.000,1.000,-90.00,180.00,-22.50,CLOSED,0
672418.270,0,0,0,1.000,1.000,1.000,-90.00,180.00,-22.50,CLOSED,0
672418.273,0,0,0,1.000,1.000,1.000,-90.00,180.00,-22.50,CLOSED,0
672418.277,0,0,0,1.000,1.000,1.000,-90.00,180.00,-22.50,CLOSED,0
672418.281,0,0,0,1.000,1.000,1.000,-90.00,180.00,-22.50,CLOSED,0
672418.285,0,0,0,1.000,1.000,1.000,-90.00,180.00,-22.50,CLOSED,0
672418.289,0,0,0,1.000,1.000,1.000,-90.00,180.00,-22.50,CLOSED,0
672418.293,0,0,0,1.000,1.000,1.000,-90.00,180.00,-22.50,CLOSED,0
672418.297,0,0,0,1.000,1.000,1.000,-90.00,180.00,-22.50,CLOSED,0
672418.300,0,0,0,1.000,1.000,1.000,-90.00,180.00,-22.50,CLOSED,0
672418.304,0,0,0,1.000,1.000,1.000,-90.00,180.00,-22.50,CLOSED,0
672418.308,0,0,0,1.000,1.000,1.000,-90.00,180.00,-22.50,CLOSED,0
672418.312,0,0,0,1.000,1.000,1.000,-90.00,180.00,-22.50,CLOSED,0
672418.316,0,0,0,1.000,1.000,1.000,-90.00,180.00,-22.50,CLOSED,0
672418.319,0,0,0,1.000,1.000,1.000,-90.00,180.00,-22.50,CLOSED,0
672418.323,0,0,0,1.000,1.000,1.000,-90.00,180.00,-22.50,CLOSED,0
672418.327,0,0,0,1.000,1.000,1.000,-90.00,180.00,-22.50,CLOSED,0
672418.332,0,0,0,1.000,1.000,1.000,-90.00,180.00,-22.50,CLOSED,0
672418.337,0,0,0,1.000,1.000,1.000,-90.00,180.00,-22.50,CLOSED,0
672418.343,0,0,0,1.000,1.000,1.000,-90.00,180.00,-22.50,CLOSED,0
672418.349,0,0,0,1.000,1.000,1.000,-90.00,180.00,-22.50,CLOSED,0
672418.353,0,0,0,1.000,1.000,1.000,-90.00,180.00,-22.50,CLOSED,0
672418.357,0,0,0,1.000,1.000,1.000,-90.00,180.00,-22.50,CLOSED,0
672418.361,0,0,0,1.000,1.000,1.000,-90.00,180.00,-22.50,CLOSED,0
672418.365,0,0,0,1.000,1.000,1.000,-90.00,180.00,-22.50,CLOSED,0
672418.370,0,0,0,1.000,1.000,1.000,-90.00,180.00,-22.50,CLOSED,0
672418.373,0,0,0,1.000,1.000,1.000,-90.00,180.00,-22.50,CLOSED,0
672418.377,0,0,0,1.000,1.000,1.000,-90.00,180.00,-22.50,CLOSED,0
672418.381,0,0,0,1.000,1.000,1.000,-90.00,180.00,-22.50,CLOSED,0
672418.385,0,0,0,1.000,1.000,1.000,-90.00,180.00,-22.50,CLOSED,0
672418.389,0,0,0,1.000,1.000,1.000,-90.00,180.00,-22.50,CLOSED,0
672418.392,0,0,0,1.000,1.000,1.000,-90.00,180.00,-22.50,CLOSED,0
672418.397,0,0,0,1.000,1.000,1.000,-90.00,180.00,-22.50,CLOSED,0
672418.402,0,0,0,1.000,1.000,1.000,-90.00,180.00,-22.50,CLOSED,0
672418.407,0,0,0,1.000,1.000,1.000,-90.00,180.00,-22.50,CLOSED,0
672418.411,0,0,0,1.000,1.000,1.000,-90.00,180.00,-22.50,CLOSED,0
672418.416,0,0,0,1.000,1.000,1.000,-90.00,180.00,-22.50,CLOSED,0
672418.420,0,0,0,1.000,1.000,1.000,-90.00,180.00,-22.50,CLOSED,0
672418.424,0,0,0,1.000,1.000,1.000,-90.00,180.00,-22.50,CLOSED,0
672418.428,0,0,0,1.000,1.000,1.000,-90.00,180.00,-22.50,CLOSED,0
672418.431,0,0,0,1.000,1.000,1.000,-90.00,180.00,-22.50,CLOSED,0
672418.436,0,0,0,1.000,1.000,1.000,-90.00,180.00,-22.50,CLOSED,0
672418.440,0,0,0,1.000,1.000,1.000,-90.00,180.00,-22.50,CLOSED,0
672418.443,0,0,0,1.000,1.000,1.000,-90.00,180.00,-22.50,CLOSED,0
672418.447,0,0,0,1.000,1.000,1.000,-90.00,180.00,-22.50,CLOSED,0
672418.454,0,0,0,1.000,1.000,1.000,-90.00,180.00,-22.50,CLOSED,0
672418.459,0,0,0,1.000,1.000,1.000,-90.00,180.00,-22.50,CLOSED,0
672418.463,0,0,0,1.000,1.000,1.000,-90.00,180.00,-22.50,CLOSED,0
672418.467,0,0,0,1.000,1.000,1.000,-90.00,180.00,-22.50,CLOSED,0
672418.471,0,0,0,1.000,1.000,1.000,-90.00,180.00,-22.50,CLOSED,0
672418.475,0,0,0,1.000,1.000,1.000,-90.00,180.00,-22.50,CLOSED,0
672418.479,0,0,0,1.000,1.000,1.000,-90.00,180.00,-22.50,CLOSED,0
672418.482,0,0,0,1.000,1.000,1.000,-90.00,180.00,-22.50,CLOSED,0
672418.486,0,0,0,1.000,1.000,1.000,-90.00,180.00,-22.50,CLOSED,0
672418.490,0,0,0,1.000,1.000,1.000,-90.00,180.00,-22.50,CLOSED,0
672418.494,0,0,0,1.000,1.000,1.000,-90.00,180.00,-22.50,CLOSED,0
672418.497,0,0,0,1.000,1.000,1.000,-90.00,180.00,-22.50,CLOSED,0
672418.501,0,0,0,1.000,1.000,1.000,-90.00,180.00,-22.50,CLOSED,0
672418.505,0,0,0,1.000,1.000,1.000,-90.00,180.00,-22.50,CLOSED,0
672418.508,0,0,0,1.000,1.000,1.000,-90.00,180.00,-22.50,CLOSED,0
672418.512,0,0,0,1.000,1.000,1.000,-90.00,180.00,-22.50,CLOSED,0
672418.516,0,0,0,1.000,1.000,1.000,-90.00,180.00,-22.50,CLOSED,0
672418.520,0,0,0,1.000,1.000,1.000,-90.00,180.00,-22.50,CLOSED,0
672418.524,0,0,0,1.000,1.000,1.000,-90.00,180.00,-22.50,CLOSED,0
672418.528,0,0,0,1.000,1.000,1.000,-90.00,180.00,-22.50,CLOSED,0
672418.531,0,0,0,1.000,1.000,1.000,-90.00,180.00,-22.50,CLOSED,0
672418.535,0,0,0,1.000,1.000,1.000,-90.00,180.00,-22.50,CLOSED,0
672418.539,0,0,0,1.000,1.000,1.000,-90.00,180.00,-22.50,CLOSED,0
672418.543,0,0,0,1.000,1.000,1.000,-90.00,180.00,-22.50,CLOSED,0
672418.547,0,0,0,1.000,1.000,1.000,-90.00,180.00,-22.50,CLOSED,0
672418.551,0,0,0,0.998,1.000,1.000,-90.00,180.00,-22.50,CLOSED,0
672418.554,0,0,0,0.993,0.998,1.000,-90.00,180.00,-22.50,CLOSED,0
672418.558,0,0,0,0.980,0.978,1.000,-90.00,180.00,-22.50,CLOSED,0
672418.562,0,0,0,0.972,0.957,1.000,-90.00,180.00,-22.50,CLOSED,0
672418.566,0,0,0,0.958,1.000,1.000,-90.00,180.00,-22.50,CLOSED,0
672418.570,0,0,0,0.881,1.000,1.000,-90.00,180.00,-22.50,CLOSED,0
672418.574,0,0,0,0.600,1.000,1.000,-90.00,180.00,-22.50,CLOSED,0
672418.579,0,0,0,0.496,1.000,1.000,-90.00,180.00,-22.50,CLOSED,0
672418.583,0,0,0,0.629,1.000,1.000,-90.00,180.00,-22.50,CLOSED,0
672418.587,0,0,0,0.832,1.000,1.000,-90.00,180.00,-22.50,CLOSED,0
672418.591,0,0,0,0.889,1.000,1.000,-90.00,180.00,-22.50,CLOSED,0
672418.596,0,0,0,0.903,1.000,1.000,-90.00,180.00,-22.50,CLOSED,0
672418.600,0,0,0,0.939,1.000,1.000,-90.00,180.00,-22.50,CLOSED,0
672418.604,0,0,0,0.955,1.000,1.000,-90.00,180.00,-22.50,CLOSED,0
672418.608,0,0,0,0.949,1.000,1.000,-90.00,180.00,-22.50,CLOSED,0
672418.613,2,0,0,0.898,1.000,1.000,-90.00,180.00,-27.00,CLOSED,1
672418.617,2,0,0,0.730,1.000,1.000,-90.00,180.00,-27.00,CLOSED,0
672418.621,2,0,0,0.525,1.000,1.000,-90.00,180.00,-27.00,CLOSED,0
672418.625,2,0,0,0.780,1.000,1.000,-90.00,180.00,-27.00,CLOSED,0
672418.629,2,0,0,0.922,1.000,1.000,-90.00,180.00,-27.00,CLOSED,0
672418.633,2,0,0,0.972,1.000,1.000,-90.00,180.00,-27.00,CLOSED,0
672418.637,2,0,0,0.987,1.000,1.000,-90.00,180.00,-27.00,CLOSED,0
672418.641,2,0,0,0.993,1.000,1.000,-90.00,180.00,-27.00,CLOSED,0
672418.644,2,0,0,0.996,1.000,1.000,-90.00,180.00,-27.00,CLOSED,0
672418.648,2,0,0,0.997,1.000,1.000,-90.00,180.00,-27.00,CLOSED,0
672418.652,0,0,0,0.998,1.000,1.000,-90.00,180.00,-27.00,CLOSED,0
672418.655,0,0,0,0.998,1.000,1.000,-90.00,180.00,-27.00,CLOSED,0
672418.659,0,0,0,0.998,1.000,1.000,-90.00,180.00,-27.00,CLOSED,0
672418.663,0,0,0,0.998,1.000,1.000,-90.00,180.00,-27.00,CLOSED,0
672418.667,0,0,0,1.000,1.000,1.000,-90.00,180.00,-27.00,CLOSED,0
672418.672,0,0,0,1.000,1.000,1.000,-90.00,180.00,-27.00,CLOSED,0
672418.677,0,0,0,1.000,1.000,1.000,-90.00,180.00,-27.00,CLOSED,0
672418.682,0,0,0,1.000,1.000,1.000,-90.00,180.00,-27.00,CLOSED,0
672418.687,0,0,0,1.000,1.000,1.000,-90.00,180.00,-27.00,CLOSED,0
672418.691,0,0,0,1.000,1.000,1.000,-90.00,180.00,-27.00,CLOSED,0
672418.695,0,0,0,1.000,1.000,1.000,-90.00,180.00,-27.00,CLOSED,0
672418.699,0,0,0,1.000,1.000,1.000,-90.00,180.00,-27.00,CLOSED,0
672418.703,0,0,0,1.000,1.000,1.000,-90.00,180.00,-27.00,CLOSED,0
672418.707,0,0,0,1.000,1.000,1.000,-90.00,180.00,-27.00,CLOSED,0
672418.711,0,0,0,1.000,1.000,1.000,-90.00,180.00,-27.00,CLOSED,0
672418.714,0,0,0,1.000,1.000,1.000,-90.00,180.00,-27.00,CLOSED,0
672418.718,0,0,0,1.000,1.000,1.000,-90.00,180.00,-27.00,CLOSED,0
672418.722,0,0,0,1.000,1.000,1.000,-90.00,180.00,-27.00,CLOSED,0
672418.726,0,0,0,1.000,1.000,1.000,-90.00,180.00,-27.00,CLOSED,0
672418.731,0,0,0,1.000,1.000,1.000,-90.00,180.00,-27.00,CLOSED,0
672418.737,0,0,0,1.000,1.000,1.000,-90.00,180.00,-27.00,CLOSED,0
672418.748,0,0,0,1.000,1.000,1.000,-90.00,180.00,-27.00,CLOSED,0
672418.757,0,0,0,1.000,1.000,1.000,-90.00,180.00,-27.00,CLOSED,0
672418.766,0,0,0,1.000,1.000,1.000,-90.00,180.00,-27.00,CLOSED,0
672418.775,0,0,0,1.000,1.000,1.000,-90.00,180.00,-27.00,CLOSED,0
672418.781,0,0,0,1.000,1.000,1.000,-90.00,180.00,-27.00,CLOSED,0
672418.787,0,0,0,1.000,1.000,1.000,-90.00,180.00,-27.00,CLOSED,0
672418.792,0,0,0,1.000,1.000,1.000,-90.00,180.00,-27.00,CLOSED,0
672418.797,0,0,0,1.000,1.000,1.000,-90.00,180.00,-27.00,CLOSED,0
672418.804,0,0,0,1.000,1.000,1.000,-90.00,180.00,-27.00,CLOSED,0
672418.808,0,0,0,1.000,1.000,1.000,-90.00,180.00,-27.00,CLOSED,0
672418.811,0,0,0,1.000,1.000,1.000,-90.00,180.00,-27.00,CLOSED,0
672418.815,0,0,0,1.000,1.000,1.000,-90.00,180.00,-27.00,CLOSED,0
672418.819,0,0,0,1.000,1.000,1.000,-90.00,180.00,-27.00,CLOSED,0
672418.822,0,0,0,1.000,1.000,1.000,-90.00,180.00,-27.00,CLOSED,0
672418.827,0,0,0,1.000,1.000,1.000,-90.00,180.00,-27.00,CLOSED,0
672418.831,0,0,0,1.000,1.000,1.000,-90.00,180.00,-27.00,CLOSED,0
672418.836,0,0,0,1.000,1.000,1.000,-90.00,180.00,-27.00,CLOSED,0
672418.840,0,0,0,1.000,1.000,1.000,-90.00,180.00,-27.00,CLOSED,0
672418.845,0,0,0,1.000,1.000,1.000,-90.00,180.00,-27.00,CLOSED,0
672418.850,0,0,0,1.000,1.000,1.000,-90.00,180.00,-27.00,CLOSED,0
672418.854,0,0,0,1.000,1.000,1.000,-90.00,180.00,-27.00,CLOSED,0
672418.858,0,0,0,1.000,1.000,1.000,-90.00,180.00,-27.00,CLOSED,0
672418.862,0,0,0,1.000,1.000,1.000,-90.00,180.00,-27.00,CLOSED,0
672418.865,0,0,0,1.000,1.000,1.000,-90.00,180.00,-27.00,CLOSED,0
672418.869,0,0,0,1.000,1.000,1.000,-90.00,180.00,-27.00,CLOSED,0
672418.872,0,0,0,1.000,1.000,1.000,-90.00,180.00,-27.00,CLOSED,0
672418.876,0,0,0,1.000,1.000,1.000,-90.00,180.00,-27.00,CLOSED,0
672418.880,0,0,0,1.000,1.000,1.000,-90.00,180.00,-27.00,CLOSED,0
672418.884,0,0,0,1.000,1.000,1.000,-90.00,180.00,-27.00,CLOSED,0
672418.888,0,0,0,1.000,1.000,1.000,-90.00,180.00,-27.00,CLOSED,0
672418.892,0,0,0,1.000,1.000,1.000,-90.00,180.00,-27.00,CLOSED,0
672418.896,0,0,0,1.000,1.000,1.000,-90.00,180.00,-27.00,CLOSED,0
672418.900,0,0,0,1.000,1.000,1.000,-90.00,180.00,-27.00,CLOSED,0
672418.904,0,0,0,1.000,1.000,1.000,-90.00,180.00,-27.00,CLOSED,0
672418.908,0,0,0,1.000,1.000,1.000,-90.00,180.00,-27.00,CLOSED,0
672418.912,0,0,0,1.000,1.000,1.000,-90.00,180.00,-27.00,CLOSED,0
672418.916,0,0,0,1.000,1.000,1.000,-90.00,180.00,-27.00,CLOSED,0
672418.919,0,0,0,1.000,1.000,1.000,-90.00,180.00,-27.00,CLOSED,0
672418.923,0,0,0,1.000,1.000,1.000,-90.00,180.00,-27.00,CLOSED,0
672418.927,0,0,0,1.000,1.000,1.000,-90.00,180.00,-27.00,CLOSED,0
672418.931,0,0,0,1.000,1.000,1.000,-90.00,180.00,-27.00,CLOSED,0
672418.936,0,0,0,1.000,1.000,1.000,-90.00,180.00,-27.00,CLOSED,0
672418.940,0,0,0,1.000,1.000,1.000,-90.00,180.00,-27.00,CLOSED,0
672418.944,0,0,0,1.000,1.000,1.000,-90.00,180.00,-27.00,CLOSED,0
672418.948,0,0,0,1.000,1.000,1.000,-90.00,180.00,-27.00,CLOSED,0
672418.953,0,0,0,1.000,1.000,1.000,-90.00,180.00,-27.00,CLOSED,0
672418.957,0,0,0,1.000,1.000,1.000,-90.00,180.00,-27.00,CLOSED,0
672418.961,0,0,0,1.000,1.000,1.000,-90.00,180.00,-27.00,CLOSED,0
672418.965,0,0,0,1.000,1.000,1.000,-90.00,180.00,-27.00,CLOSED,0
672418.968,0,0,0,1.000,1.000,1.000,-90.00,180.00,-27.00,CLOSED,0
672418.972,0,0,0,1.000,1.000,1.000,-90.00,180.00,-27.00,CLOSED,0
672418.976,0,0,0,1.000,1.000,1.000,-90.00,180.00,-27.00,CLOSED,0
672418.980,0,0,0,1.000,1.000,1.000,-90.00,180.00,-27.00,CLOSED,0
672418.983,0,0,0,1.000,1.000,1.000,-90.00,180.00,-27.00,CLOSED,0
672418.987,0,0,0,1.000,1.000,1.000,-90.00,180.00,-27.00,CLOSED,0
672418.991,0,0,0,1.000,1.000,1.000,-90.00,180.00,-27.00,CLOSED,0
672418.994,0,0,0,1.000,1.000,1.000,-90.00,180.00,-27.00,CLOSED,0
672418.998,0,0,0,1.000,1.000,1.000,-90.00,180.00,-27.00,CLOSED,0
672419.002,0,0,0,1.000,1.000,1.000,-90.00,180.00,-27.00,CLOSED,0
672419.006,0,0,0,1.000,1.000,1.000,-90.00,180.00,-27.00,CLOSED,0
672419.011,0,0,0,1.000,1.000,1.000,-90.00,180.00,-27.00,CLOSED,0
672419.015,0,0,0,1.000,1.000,1.000,-90.00,180.00,-27.00,CLOSED,0
672419.020,0,0,0,1.000,1.000,1.000,-90.00,180.00,-27.00,CLOSED,0
672419.024,0,0,0,1.000,1.000,1.000,-90.00,180.00,-27.00,CLOSED,0
672419.027,0,0,0,1.000,1.000,1.000,-90.00,180.00,-27.00,CLOSED,0
672419.031,0,0,0,1.000,1.000,1.000,-90.00,180.00,-27.00,CLOSED,0
672419.036,0,0,0,1.000,1.000,1.000,-90.00,180.00,-27.00,CLOSED,0
672419.039,0,0,0,1.000,1.000,1.000,-90.00,180.00,-27.00,CLOSED,0
672419.043,0,0,0,1.000,1.000,1.000,-90.00,180.00,-27.00,CLOSED,0
672419.047,0,0,0,1.000,1.000,1.000,-90.00,180.00,-27.00,CLOSED,0
672419.050,0,0,0,1.000,1.000,1.000,-90.00,180.00,-27.00,CLOSED,0
672419.054,0,0,0,1.000,1.000,1.000,-90.00,180.00,-27.00,CLOSED,0
672419.058,0,0,0,1.000,1.000,1.000,-90.00,180.00,-27.00,CLOSED,0
672419.064,0,0,0,1.000,0.993,1.000,-90.00,180.00,-27.00,CLOSED,0
672419.070,0,0,0,1.000,0.947,1.000,-90.00,180.00,-27.00,CLOSED,0
672419.075,0,0,0,1.000,0.842,1.000,-90.00,180.00,-27.00,CLOSED,0
672419.080,0,0,0,1.000,0.684,1.000,-90.00,180.00,-27.00,CLOSED,0
672419.085,0,0,0,1.000,0.748,1.000,-90.00,180.00,-27.00,CLOSED,0
672419.089,0,0,0,1.000,0.994,1.000,-90.00,180.00,-27.00,CLOSED,0
672419.094,0,0,0,1.000,1.000,1.000,-90.00,180.00,-27.00,CLOSED,0
672419.099,0,1,0,1.000,1.000,1.000,-90.00,179.72,-27.00,CLOSED,0
672419.103,0,1,0,1.000,1.000,1.000,-90.00,179.46,-27.00,CLOSED,1
672419.107,0,1,0,1.000,1.000,1.000,-90.00,179.20,-27.00,CLOSED,0
672419.111,0,1,0,1.000,1.000,1.000,-90.00,178.97,-27.00,CLOSED,0
672419.115,0,1,0,1.000,1.000,1.000,-90.00,178.74,-27.00,CLOSED,0
672419.119,0,1,0,1.000,1.000,1.000,-90.00,178.51,-27.00,CLOSED,0
672419.123,0,1,0,1.000,1.000,1.000,-90.00,178.28,-27.00,CLOSED,0
672419.127,0,1,0,1.000,1.000,1.000,-90.00,178.05,-27.00,CLOSED,0
672419.130,0,1,0,1.000,1.000,1.000,-90.00,177.83,-27.00,CLOSED,0
672419.134,0,1,0,1.000,1.000,1.000,-90.00,177.59,-27.00,CLOSED,0
672419.139,0,1,0,1.000,1.000,1.000,-90.00,177.31,-27.00,CLOSED,0
672419.143,0,1,0,1.000,1.000,1.000,-90.00,177.05,-27.00,CLOSED,0
672419.147,0,1,0,1.000,1.000,1.000,-90.00,176.83,-27.00,CLOSED,0
672419.151,0,1,0,1.000,1.000,1.000,-90.00,176.61,-27.00,CLOSED,0
672419.154,0,1,0,1.000,1.000,1.000,-90.00,176.39,-27.00,CLOSED,0
672419.158,0,1,0,1.000,1.000,1.000,-90.00,176.18,-27.00,CLOSED,0
672419.162,0,1,0,1.000,1.000,1.000,-90.00,175.93,-27.00,CLOSED,0
672419.166,0,1,0,1.000,1.000,1.000,-90.00,175.70,-27.00,CLOSED,0
672419.170,0,1,0,1.000,1.000,1.000,-90.00,175.46,-27.00,CLOSED,0
672419.174,0,1,0,1.000,1.000,1.000,-90.00,175.23,-27.00,CLOSED,0
672419.178,0,1,0,1.000,1.000,1.000,-90.00,174.97,-27.00,CLOSED,0
672419.181,0,1,0,1.000,1.000,1.000,-90.00,174.76,-27.00,CLOSED,0
672419.185,0,1,0,1.000,1.000,1.000,-90.00,174.53,-27.00,CLOSED,0
672419.190,0,1,0,1.000,1.000,1.000,-90.00,174.27,-27.00,CLOSED,0
672419.195,0,1,0,1.000,1.000,1.000,-90.00,173.97,-27.00,CLOSED,0
672419.199,0,1,0,1.000,1.000,1.000,-90.00,173.73,-27.00,CLOSED,0
672419.203,0,1,0,1.000,1.000,1.000,-90.00,173.50,-27.00,CLOSED,0
672419.207,0,1,0,1.000,1.000,1.000,-90.00,173.25,-27.00,CLOSED,1
672419.210,0,1,0,1.000,1.000,1.000,-90.00,173.02,-27.00,CLOSED,0
672419.214,0,1,0,1.000,1.000,1.000,-90.00,172.79,-27.00,CLOSED,0
672419.219,0,1,0,1.000,1.000,1.000,-90.00,172.52,-27.00,CLOSED,0
672419.223,0,1,0,1.000,1.000,1.000,-90.00,172.29,-27.00,CLOSED,0
672419.226,0,1,0,1.000,1.000,1.000,-90.00,172.08,-27.00,CLOSED,0
672419.230,0,1,0,1.000,1.000,1.000,-90.00,171.86,-27.00,CLOSED,0
672419.235,0,1,0,1.000,1.000,1.000,-90.00,171.53,-27.00,CLOSED,0
672419.240,0,1,0,1.000,1.000,1.000,-90.00,171.27,-27.00,CLOSED,0
672419.244,0,1,0,1.000,1.000,1.000,-90.00,171.03,-27.00,CLOSED,0
672419.248,0,1,0,1.000,1.000,1.000,-90.00,170.78,-27.00,CLOSED,0
672419.252,0,1,0,1.000,1.000,1.000,-90.00,170.52,-27.00,CLOSED,0
672419.256,0,1,0,1.000,1.000,1.000,-90.00,170.28,-27.00,CLOSED,0
672419.260,0,1,0,1.000,1.000,1.000,-90.00,170.03,-27.00,CLOSED,0
672419.265,0,1,0,1.000,1.000,1.000,-90.00,169.77,-27.00,CLOSED,0
672419.269,0,1,0,1.000,1.000,1.000,-90.00,169.49,-27.00,CLOSED,0
672419.274,0,1,0,1.000,1.000,1.000,-90.00,169.19,-27.00,CLOSED,0
672419.278,0,1,0,1.000,1.000,1.000,-90.00,168.94,-27.00,CLOSED,0
672419.283,0,1,0,1.000,1.000,1.000,-90.00,168.69,-27.00,CLOSED,0
672419.287,0,1,0,1.000,1.000,1.000,-90.00,168.45,-27.00,CLOSED,0
672419.290,0,1,0,1.000,1.000,1.000,-90.00,168.24,-27.00,CLOSED,0
672419.294,0,1,0,1.000,1.000,1.000,-90.00,168.04,-27.00,CLOSED,0
672419.297,0,1,0,1.000,1.000,1.000,-90.00,167.82,-27.00,CLOSED,0
672419.301,0,1,0,1.000,1.000,1.000,-90.00,167.59,-27.00,CLOSED,0
672419.304,0,1,0,1.000,1.000,1.000,-90.00,167.39,-27.00,CLOSED,0
672419.308,0,1,0,1.000,1.000,1.000,-90.00,167.15,-27.00,CLOSED,1
672419.313,0,1,0,1.000,1.000,1.000,-90.00,166.90,-27.00,CLOSED,0
672419.318,0,1,0,1.000,1.000,1.000,-90.00,166.59,-27.00,CLOSED,0
672419.322,0,1,0,1.000,1.000,1.000,-90.00,166.31,-27.00,CLOSED,0
672419.327,0,1,0,1.000,1.000,1.000,-90.00,166.03,-27.00,CLOSED,0
672419.332,0,1,0,1.000,1.000,1.000,-90.00,165.71,-27.00,CLOSED,0
672419.337,0,1,0,1.000,1.000,1.000,-90.00,165.40,-27.00,CLOSED,0
672419.343,0,1,0,1.000,1.000,1.000,-90.00,165.09,-27.00,CLOSED,0
672419.348,0,1,0,1.000,1.000,1.000,-90.00,164.75,-27.00,CLOSED,0
672419.353,0,1,0,1.000,1.000,1.000,-90.00,164.46,-27.00,CLOSED,0
672419.357,0,1,0,1.000,1.000,1.000,-90.00,164.23,-27.00,CLOSED,0
672419.363,0,1,0,1.000,1.000,1.000,-90.00,163.88,-27.00,CLOSED,0
672419.367,0,1,0,1.000,1.000,1.000,-90.00,163.60,-27.00,CLOSED,0
672419.371,0,1,0,1.000,1.000,1.000,-90.00,163.37,-27.00,CLOSED,0
672419.375,0,1,0,1.000,1.000,1.000,-90.00,163.14,-27.00,CLOSED,0
672419.380,0,1,0,1.000,1.000,1.000,-90.00,162.87,-27.00,CLOSED,0
672419.385,0,1,0,1.000,1.000,1.000,-90.00,162.57,-27.00,CLOSED,0
672419.390,0,1,0,1.000,1.000,1.000,-90.00,162.27,-27.00,CLOSED,0
672419.395,0,1,0,1.000,1.000,1.000,-90.00,161.93,-27.00,CLOSED,0
672419.400,0,1,0,1.000,1.000,1.000,-90.00,161.62,-27.00,CLOSED,0
672419.405,0,1,0,1.000,1.000,1.000,-90.00,161.34,-27.00,CLOSED,0
672419.410,0,1,0,1.000,1.000,1.000,-90.00,161.07,-27.00,CLOSED,1
672419.414,0,1,0,1.000,1.000,1.000,-90.00,160.81,-27.00,CLOSED,0
672419.418,0,1,0,1.000,1.000,1.000,-90.00,160.58,-27.00,CLOSED,0
672419.422,0,1,0,1.000,1.000,1.000,-90.00,160.35,-27.00,CLOSED,0
672419.426,0,1,0,1.000,1.000,1.000,-90.00,160.11,-27.00,CLOSED,0
672419.429,0,1,0,1.000,1.000,1.000,-90.00,159.89,-27.00,CLOSED,0
672419.433,0,1,0,1.000,1.000,1.000,-90.00,159.67,-27.00,CLOSED,0
672419.437,0,1,0,1.000,1.000,1.000,-90.00,159.44,-27.00,CLOSED,0
672419.440,0,1,0,1.000,1.000,1.000,-90.00,159.23,-27.00,CLOSED,0
672419.445,0,1,0,1.000,1.000,1.000,-90.00,158.98,-27.00,CLOSED,0
672419.448,0,1,0,1.000,1.000,1.000,-90.00,158.75,-27.00,CLOSED,0
672419.453,0,1,0,1.000,1.000,1.000,-90.00,158.49,-27.00,CLOSED,0
672419.458,0,1,0,1.000,1.000,1.000,-90.00,158.15,-27.00,CLOSED,0
672419.463,0,1,0,1.000,1.000,1.000,-90.00,157.87,-27.00,CLOSED,0
672419.467,0,1,0,1.000,1.000,1.000,-90.00,157.62,-27.00,CLOSED,0
672419.472,0,1,0,1.000,1.000,1.000,-90.00,157.32,-27.00,CLOSED,0
672419.477,0,1,0,1.000,1.000,1.000,-90.00,157.06,-27.00,CLOSED,0
672419.481,0,1,0,1.000,1.000,1.000,-90.00,156.78,-27.00,CLOSED,0
672419.486,0,1,0,1.000,1.000,1.000,-90.00,156.50,-27.00,CLOSED,0
672419.490,0,1,0,1.000,1.000,1.000,-90.00,156.24,-27.00,CLOSED,0
672419.494,0,1,0,1.000,1.000,1.000,-90.00,155.99,-27.00,CLOSED,0
672419.499,0,1,0,1.000,1.000,1.000,-90.00,155.72,-27.00,CLOSED,0
672419.503,0,1,0,1.000,1.000,1.000,-90.00,155.49,-27.00,CLOSED,0
672419.506,0,1,0,1.000,1.000,1.000,-90.00,155.27,-27.00,CLOSED,0
672419.510,0,1,0,1.000,1.000,1.000,-90.00,155.03,-27.00,CLOSED,1
672419.514,0,1,0,1.000,1.000,1.000,-90.00,154.79,-27.00,CLOSED,0
672419.518,0,1,0,1.000,1.000,1.000,-90.00,154.55,-27.00,CLOSED,0
672419.522,0,1,0,1.000,1.000,1.000,-90.00,154.30,-27.00,CLOSED,0
672419.527,0,1,0,1.000,1.000,1.000,-90.00,154.05,-27.00,CLOSED,0
672419.531,0,1,0,1.000,1.000,1.000,-90.00,153.79,-27.00,CLOSED,0
672419.535,0,1,0,1.000,1.000,1.000,-90.00,153.53,-27.00,CLOSED,0
672419.540,0,1,0,1.000,1.000,1.000,-90.00,153.26,-27.00,CLOSED,0
672419.544,0,1,0,1.000,1.000,1.000,-90.00,153.00,-27.00,CLOSED,0
672419.548,0,1,0,1.000,1.000,1.000,-90.00,152.76,-27.00,CLOSED,0
672419.552,0,1,0,1.000,1.000,1.000,-90.00,152.53,-27.00,CLOSED,0
672419.556,0,1,0,1.000,1.000,1.000,-90.00,152.28,-27.00,CLOSED,0
672419.560,0,1,0,1.000,1.000,1.000,-90.00,152.07,-27.00,CLOSED,0
672419.563,0,1,0,1.000,1.000,1.000,-90.00,151.86,-27.00,CLOSED,0
672419.567,0,1,0,1.000,1.000,1.000,-90.00,151.62,-27.00,CLOSED,0
672419.571,0,1,0,1.000,1.000,1.000,-90.00,151.38,-27.00,CLOSED,0
672419.575,0,1,0,1.000,1.000,1.000,-90.00,151.17,-27.00,CLOSED,0
672419.578,0,1,0,1.000,1.000,1.000,-90.00,150.94,-27.00,CLOSED,0
672419.582,0,1,0,1.000,1.000,1.000,-90.00,150.72,-27.00,CLOSED,0
672419.588,0,1,0,1.000,1.000,1.000,-90.00,150.40,-27.00,CLOSED,0
672419.592,0,1,0,1.000,1.000,1.000,-90.00,150.10,-27.00,CLOSED,0
672419.599,0,1,0,1.000,1.000,1.000,-90.00,149.73,-27.00,CLOSED,0
672419.604,0,1,0,1.000,1.000,1.000,-90.00,149.41,-27.00,CLOSED,0
672419.608,0,1,0,1.000,1.000,1.000,-90.00,149.14,-27.00,CLOSED,0
672419.613,0,1,0,1.000,1.000,1.000,-90.00,148.88,-27.00,CLOSED,1
672419.617,0,1,0,1.000,1.000,1.000,-90.00,148.64,-27.00,CLOSED,0
672419.621,0,0,0,1.000,1.000,1.000,-90.00,148.88,-27.00,CLOSED,0
672419.629,0,0,0,1.000,1.000,1.000,-90.00,149.36,-27.00,CLOSED,0
672419.638,0,0,0,1.000,1.000,1.000,-90.00,149.92,-27.00,CLOSED,0
672419.646,0,0,0,1.000,1.000,1.000,-90.00,150.39,-27.00,CLOSED,0
672419.654,0,0,0,1.000,1.000,1.000,-90.00,150.86,-27.00,CLOSED,0
672419.660,0,0,0,1.000,1.000,1.000,-90.00,151.23,-27.00,CLOSED,0
672419.667,0,0,0,1.000,1.000,1.000,-90.00,151.64,-27.00,CLOSED,0
672419.674,0,0,0,1.000,1.000,1.000,-90.00,152.05,-27.00,CLOSED,0
672419.680,0,0,0,1.000,1.000,1.000,-90.00,152.40,-27.00,CLOSED,0
672419.685,0,0,0,1.000,1.000,1.000,-90.00,152.71,-27.00,CLOSED,0
672419.689,0,0,0,1.000,1.000,1.000,-90.00,152.97,-27.00,CLOSED,0
672419.693,0,0,0,1.000,1.000,1.000,-90.00,153.22,-27.00,CLOSED,0
672419.697,0,0,0,1.000,1.000,1.000,-90.00,153.47,-27.00,CLOSED,0
672419.701,0,0,0,1.000,1.000,1.000,-90.00,153.72,-27.00,CLOSED,0
672419.705,0,0,0,1.000,1.000,1.000,-90.00,153.95,-27.00,CLOSED,0
672419.709,0,0,0,1.000,1.000,1.000,-90.00,154.19,-27.00,CLOSED,0
672419.714,0,0,0,1.000,1.000,1.000,-90.00,154.50,-27.00,CLOSED,1
672419.719,0,0,0,1.000,1.000,1.000,-90.00,154.80,-27.00,CLOSED,0
672419.725,0,0,0,1.000,1.000,1.000,-90.00,155.12,-27.00,CLOSED,0
672419.729,0,0,0,1.000,1.000,1.000,-90.00,155.38,-27.00,CLOSED,0
672419.733,0,0,0,1.000,1.000,1.000,-90.00,155.61,-27.00,CLOSED,0
672419.737,0,0,0,1.000,1.000,1.000,-90.00,155.85,-27.00,CLOSED,0
672419.741,0,0,0,1.000,1.000,1.000,-90.00,156.09,-27.00,CLOSED,0
672419.745,0,0,0,1.000,1.000,1.000,-90.00,156.33,-27.00,CLOSED,0
672419.748,0,0,0,1.000,1.000,0.999,-90.00,156.54,-27.00,CLOSED,0
672419.752,0,0,0,0.999,1.000,0.990,-90.00,156.76,-27.00,CLOSED,0
672419.756,0,0,0,0.999,1.000,0.947,-90.00,157.00,-27.00,CLOSED,0
672419.760,0,0,0,1.000,0.997,0.840,-90.00,157.22,-27.00,CLOSED,0
672419.764,0,0,0,1.000,0.948,0.678,-90.00,157.46,-27.00,CLOSED,0
672419.770,0,0,0,1.000,0.754,0.528,-90.00,157.81,-27.00,CLOSED,0
672419.777,0,0,0,1.000,0.996,0.731,-90.00,158.23,-27.00,CLOSED,0
672419.783,0,0,0,0.999,1.000,0.896,-90.00,158.63,-27.00,CLOSED,0
672419.790,0,0,0,0.992,1.000,0.980,-90.00,159.01,-27.00,CLOSED,0
672419.796,0,0,0,0.981,1.000,0.996,-90.00,159.38,-27.00,CLOSED,0
672419.803,0,0,0,0.999,1.000,0.999,-90.00,159.80,-27.00,CLOSED,0
672419.809,0,0,0,1.000,1.000,1.000,-90.00,160.15,-27.00,CLOSED,0
672419.814,0,0,0,1.000,1.000,1.000,-90.00,160.45,-27.00,CLOSED,0
672419.818,0,0,0,1.000,1.000,1.000,-90.00,160.71,-27.00,CLOSED,1
672419.822,0,0,0,1.000,1.000,1.000,-90.00,160.97,-27.00,CLOSED,0
672419.826,0,0,0,1.000,1.000,1.000,-90.00,161.22,-27.00,CLOSED,0
672419.830,0,0,0,1.000,1.000,1.000,-90.00,161.43,-27.00,CLOSED,0
672419.833,0,0,0,1.000,1.000,1.000,-90.00,161.64,-27.00,CLOSED,0
672419.837,0,0,0,1.000,1.000,1.000,-90.00,161.86,-27.00,CLOSED,0
672419.841,0,0,0,1.000,1.000,1.000,-90.00,162.09,-27.00,CLOSED,0
672419.844,0,0,0,0.999,1.000,1.000,-90.00,162.29,-27.00,CLOSED,0
672419.848,0,0,0,0.995,1.000,1.000,-90.00,162.50,-27.00,CLOSED,0
672419.853,0,0,0,0.990,1.000,1.000,-90.00,162.80,-27.00,CLOSED,0
672419.859,0,0,0,1.000,0.969,1.000,-90.00,163.18,-27.00,CLOSED,0
672419.866,0,0,0,1.000,0.991,1.000,-90.00,163.60,-27.00,CLOSED,0
672419.873,0,0,0,1.000,1.000,1.000,-90.00,164.01,-27.00,CLOSED,0
672419.879,0,0,0,1.000,1.000,1.000,-90.00,164.40,-27.00,CLOSED,0
672419.886,0,0,0,1.000,1.000,1.000,-90.00,164.77,-27.00,CLOSED,0
672419.891,0,0,0,1.000,1.000,1.000,-90.00,165.11,-27.00,CLOSED,0
672419.897,0,0,0,1.000,1.000,1.000,-90.00,165.46,-27.00,CLOSED,0
672419.902,0,0,0,1.000,1.000,1.000,-90.00,165.77,-27.00,CLOSED,0
672419.907,0,0,0,1.000,1.000,1.000,-90.00,166.05,-27.00,CLOSED,0
672419.911,0,0,0,1.000,1.000,1.000,-90.00,166.30,-27.00,CLOSED,0
672419.915,0,0,0,1.000,1.000,1.000,-90.00,166.54,-27.00,CLOSED,0
672419.919,0,0,0,1.000,1.000,1.000,-90.00,166.77,-27.00,CLOSED,1
672419.923,0,0,0,1.000,1.000,1.000,-90.00,167.01,-27.00,CLOSED,0
672419.927,0,0,0,1.000,1.000,1.000,-90.00,167.23,-27.00,CLOSED,0
672419.931,0,0,0,1.000,1.000,1.000,-90.00,167.48,-27.00,CLOSED,0
672419.934,0,0,0,1.000,1.000,1.000,-90.00,167.70,-27.00,CLOSED,0
672419.938,0,0,0,1.000,1.000,1.000,-90.00,167.90,-27.00,CLOSED,0
672419.941,0,0,0,1.000,1.000,1.000,-90.00,168.11,-27.00,CLOSED,0
672419.945,0,0,0,1.000,1.000,1.000,-90.00,168.33,-27.00,CLOSED,0
672419.950,0,0,0,1.000,1.000,1.000,-90.00,168.60,-27.00,CLOSED,0
672419.954,0,0,0,1.000,0.999,1.000,-90.00,168.84,-27.00,CLOSED,0
672419.957,0,0,0,1.000,0.997,1.000,-90.00,169.08,-27.00,CLOSED,0
672419.962,0,0,0,1.000,0.996,1.000,-90.00,169.37,-27.00,CLOSED,0
672419.967,0,0,0,1.000,0.998,1.000,-90.00,169.67,-27.00,CLOSED,0
672419.972,0,0,0,1.000,0.999,1.000,-90.00,169.95,-27.00,CLOSED,0
672419.978,0,0,0,1.000,1.000,1.000,-90.00,170.32,-27.00,CLOSED,0
672419.982,0,0,0,1.000,1.000,1.000,-90.00,170.58,-27.00,CLOSED,0
672419.986,0,0,0,1.000,1.000,1.000,-90.00,170.82,-27.00,CLOSED,0
672419.990,0,0,0,1.000,1.000,1.000,-90.00,171.05,-27.00,CLOSED,0
672419.995,0,0,0,1.000,1.000,1.000,-90.00,171.32,-27.00,CLOSED,0
672419.999,0,0,0,1.000,1.000,1.000,-90.00,171.60,-27.00,CLOSED,0
672420.004,0,0,0,1.000,1.000,1.000,-90.00,171.87,-27.00,CLOSED,0
672420.009,0,0,0,1.000,1.000,1.000,-90.00,172.19,-27.00,CLOSED,0
672420.015,0,0,0,1.000,1.000,1.000,-90.00,172.51,-27.00,CLOSED,0
672420.020,0,0,0,1.000,1.000,1.000,-90.00,172.83,-27.00,CLOSED,1
672420.025,0,0,0,1.000,1.000,1.000,-90.00,173.11,-27.00,CLOSED,0
672420.030,0,0,0,1.000,1.000,1.000,-90.00,173.46,-27.00,CLOSED,0
672420.035,0,0,0,1.000,1.000,1.000,-90.00,173.76,-27.00,CLOSED,0
672420.039,0,0,0,1.000,1.000,1.000,-90.00,174.00,-27.00,CLOSED,0
672420.044,0,0,0,1.000,1.000,1.000,-90.00,174.25,-27.00,CLOSED,0
672420.048,0,0,0,1.000,1.000,1.000,-90.00,174.51,-27.00,CLOSED,0
672420.052,0,0,0,1.000,1.000,1.000,-90.00,174.76,-27.00,CLOSED,0
672420.056,0,0,0,1.000,1.000,1.000,-90.00,175.00,-27.00,CLOSED,0
672420.060,0,0,0,1.000,1.000,1.000,-90.00,175.24,-27.00,CLOSED,0
672420.064,0,0,0,1.000,1.000,1.000,-90.00,175.49,-27.00,CLOSED,0
672420.069,0,0,0,1.000,1.000,1.000,-90.00,175.74,-27.00,CLOSED,0
672420.073,0,0,0,1.000,1.000,1.000,-90.00,176.02,-27.00,CLOSED,0
672420.077,0,0,0,1.000,1.000,1.000,-90.00,176.28,-27.00,CLOSED,0
672420.082,0,0,0,1.000,1.000,1.000,-90.00,176.53,-27.00,CLOSED,0
672420.085,0,0,0,1.000,1.000,1.000,-90.00,176.76,-27.00,CLOSED,0
672420.089,0,0,0,1.000,1.000,1.000,-90.00,176.98,-27.00,CLOSED,0
672420.093,0,0,0,1.000,1.000,1.000,-90.00,177.22,-27.00,CLOSED,0
672420.097,0,0,0,1.000,1.000,1.000,-90.00,177.44,-27.00,CLOSED,0
672420.101,0,0,0,1.000,1.000,1.000,-90.00,177.67,-27.00,CLOSED,0
672420.104,0,0,0,1.000,1.000,1.000,-90.00,177.89,-27.00,CLOSED,0
672420.108,0,0,0,1.000,1.000,1.000,-90.00,178.12,-27.00,CLOSED,0
672420.112,0,0,0,1.000,1.000,1.000,-90.00,178.33,-27.00,CLOSED,0
672420.115,0,0,0,1.000,1.000,1.000,-90.00,178.54,-27.00,CLOSED,0
672420.119,0,0,0,1.000,1.000,1.000,-90.00,178.75,-27.00,CLOSED,0
672420.122,0,0,0,1.000,1.000,1.000,-90.00,178.97,-27.00,CLOSED,1
672420.127,0,0,0,1.000,1.000,1.000,-90.00,179.23,-27.00,CLOSED,0
672420.132,0,0,0,1.000,1.000,1.000,-90.00,179.57,-27.00,CLOSED,0
672420.138,0,0,0,1.000,1.000,1.000,-90.00,179.89,-27.00,CLOSED,0
672420.143,0,0,0,1.000,1.000,1.000,-90.00,180.00,-27.00,CLOSED,0
672420.149,0,0,0,1.000,1.000,1.000,-90.00,180.00,-27.00,CLOSED,0
672420.154,0,0,0,1.000,1.000,1.000,-90.00,180.00,-27.00,CLOSED,0
672420.158,0,0,0,1.000,1.000,1.000,-90.00,180.00,-27.00,CLOSED,0
672420.162,0,0,0,1.000,1.000,1.000,-90.00,180.00,-27.00,CLOSED,0
672420.166,0,0,0,1.000,1.000,1.000,-90.00,180.00,-27.00,CLOSED,0
672420.169,0,0,0,1.000,1.000,1.000,-90.00,180.00,-27.00,CLOSED,0
672420.173,0,0,0,1.000,1.000,1.000,-90.00,180.00,-27.00,CLOSED,0
672420.177,0,0,0,1.000,1.000,1.000,-90.00,180.00,-27.00,CLOSED,0
672420.182,0,0,0,1.000,1.000,1.000,-90.00,180.00,-27.00,CLOSED,0
672420.186,0,0,0,1.000,1.000,1.000,-90.00,180.00,-27.00,CLOSED,0
672420.190,0,0,0,1.000,1.000,1.000,-90.00,180.00,-27.00,CLOSED,0
672420.194,0,0,0,1.000,1.000,1.000,-90.00,180.00,-27.00,CLOSED,0
672420.197,0,0,0,1.000,1.000,1.000,-90.00,180.00,-27.00,CLOSED,0
672420.201,0,0,0,1.000,1.000,1.000,-90.00,180.00,-27.00,CLOSED,0
672420.205,0,0,0,1.000,1.000,1.000,-90.00,180.00,-27.00,CLOSED,0
672420.209,0,0,0,1.000,1.000,1.000,-90.00,180.00,-27.00,CLOSED,0
672420.212,0,0,0,1.000,1.000,1.000,-90.00,180.00,-27.00,CLOSED,0
672420.216,0,0,0,1.000,1.000,1.000,-90.00,180.00,-27.00,CLOSED,0
672420.220,0,0,0,1.000,1.000,1.000,-90.00,180.00,-27.00,CLOSED,0
672420.223,0,0,0,1.000,1.000,1.000,-90.00,180.00,-27.00,CLOSED,1
672420.228,0,0,0,1.000,1.000,1.000,-90.00,180.00,-27.00,CLOSED,0
672420.232,0,0,0,1.000,1.000,1.000,-90.00,180.00,-27.00,CLOSED,0
672420.236,0,0,0,1.000,1.000,1.000,-90.00,180.00,-27.00,CLOSED,0
672420.240,0,0,0,1.000,1.000,1.000,-90.00,180.00,-27.00,CLOSED,0
672420.243,0,0,0,1.000,1.000,1.000,-90.00,180.00,-27.00,CLOSED,0
672420.248,0,0,0,1.000,1.000,1.000,-90.00,180.00,-27.00,CLOSED,0
672420.253,0,0,0,1.000,1.000,1.000,-90.00,180.00,-27.00,CLOSED,0
672420.258,0,0,0,1.000,0.999,1.000,-90.00,180.00,-27.00,CLOSED,0
672420.262,0,0,0,1.000,0.995,1.000,-90.00,180.00,-27.00,CLOSED,0
672420.267,0,0,0,1.000,0.752,1.000,-90.00,180.00,-27.00,CLOSED,0
672420.272,0,0,0,1.000,1.000,1.000,-90.00,180.00,-27.00,CLOSED,0
672420.276,0,0,0,1.000,1.000,1.000,-90.00,180.00,-27.00,CLOSED,0
672420.280,0,0,0,0.998,1.000,1.000,-90.00,180.00,-27.00,CLOSED,0
672420.284,0,0,0,0.993,1.000,1.000,-90.00,180.00,-27.00,CLOSED,0
672420.288,0,0,0,0.993,1.000,1.000,-90.00,180.00,-27.00,CLOSED,0
672420.293,0,0,0,0.988,1.000,1.000,-90.00,180.00,-27.00,CLOSED,0
672420.297,0,0,0,0.978,1.000,1.000,-90.00,180.00,-27.00,CLOSED,0
672420.302,0,0,0,0.966,1.000,1.000,-90.00,180.00,-27.00,CLOSED,0
672420.307,0,0,0,0.957,1.000,1.000,-90.00,180.00,-27.00,CLOSED,0
672420.312,0,0,0,0.943,1.000,0.999,-90.00,180.00,-27.00,CLOSED,0
672420.317,0,0,0,0.899,1.000,0.996,-90.00,180.00,-27.00,CLOSED,0
672420.322,0,0,1,0.800,1.000,0.937,-89.73,180.00,-27.00,CLOSED,0
672420.326,0,0,1,0.792,1.000,0.895,-89.47,180.00,-27.00,CLOSED,1
672420.330,0,0,1,0.995,1.000,0.698,-89.23,180.00,-27.00,CLOSED,0
672420.333,0,0,1,1.000,1.000,0.554,-89.01,180.00,-27.00,CLOSED,0
672420.337,0,0,1,1.000,1.000,0.947,-88.78,180.00,-27.00,CLOSED,0
672420.341,0,0,1,1.000,1.000,0.993,-88.57,180.00,-27.00,CLOSED,0
672420.346,0,0,1,1.000,1.000,1.000,-88.28,180.00,-27.00,CLOSED,0
672420.350,0,0,1,1.000,1.000,1.000,-88.02,180.00,-27.00,CLOSED,0
672420.354,0,0,1,1.000,1.000,1.000,-87.80,180.00,-27.00,CLOSED,0
672420.358,0,0,1,1.000,1.000,1.000,-87.54,180.00,-27.00,CLOSED,0
672420.362,0,0,1,1.000,1.000,1.000,-87.27,180.00,-27.00,CLOSED,0
672420.367,0,0,1,1.000,0.999,1.000,-87.03,180.00,-27.00,CLOSED,0
672420.371,0,0,1,1.000,0.993,1.000,-86.77,180.00,-27.00,CLOSED,0
672420.375,0,0,1,1.000,0.939,1.000,-86.52,180.00,-27.00,CLOSED,0
672420.379,0,0,1,0.996,0.544,1.000,-86.30,180.00,-27.00,CLOSED,0
672420.382,0,0,1,0.997,0.868,1.000,-86.08,180.00,-27.00,CLOSED,0
672420.386,0,0,1,1.000,0.805,1.000,-85.87,180.00,-27.00,CLOSED,0
672420.389,0,0,1,1.000,0.776,1.000,-85.66,180.00,-27.00,CLOSED,0
672420.393,0,0,1,1.000,0.828,1.000,-85.44,180.00,-27.00,CLOSED,0
672420.397,0,0,1,1.000,0.966,1.000,-85.21,180.00,-27.00,CLOSED,0
672420.401,0,0,1,1.000,0.990,1.000,-84.98,180.00,-27.00,CLOSED,0
672420.405,0,0,1,1.000,0.997,1.000,-84.74,180.00,-27.00,CLOSED,0
672420.408,0,0,1,1.000,0.999,1.000,-84.51,180.00,-27.00,CLOSED,0
672420.413,0,0,1,1.000,1.000,1.000,-84.24,180.00,-27.00,CLOSED,0
672420.417,0,0,1,1.000,1.000,1.000,-84.03,180.00,-27.00,CLOSED,0
672420.421,0,0,1,1.000,1.000,1.000,-83.77,180.00,-27.00,CLOSED,0
672420.424,0,0,1,1.000,1.000,1.000,-83.57,180.00,-27.00,CLOSED,0
672420.428,0,0,1,1.000,1.000,1.000,-83.35,180.00,-27.00,CLOSED,1
672420.432,0,0,1,1.000,1.000,1.000,-83.08,180.00,-27.00,CLOSED,0
672420.436,0,0,1,1.000,1.000,1.000,-82.86,180.00,-27.00,CLOSED,0
672420.440,0,0,1,1.000,1.000,1.000,-82.63,180.00,-27.00,CLOSED,0
672420.443,0,0,1,1.000,1.000,1.000,-82.42,180.00,-27.00,CLOSED,0
672420.447,0,0,1,1.000,1.000,1.000,-82.20,180.00,-27.00,CLOSED,0
672420.451,0,0,1,1.000,1.000,1.000,-81.97,180.00,-27.00,CLOSED,0
672420.455,0,0,1,1.000,1.000,1.000,-81.74,180.00,-27.00,CLOSED,0
672420.458,0,0,1,1.000,1.000,1.000,-81.53,180.00,-27.00,CLOSED,0
672420.462,0,0,1,1.000,1.000,1.000,-81.28,180.00,-27.00,CLOSED,0
672420.466,0,0,1,1.000,1.000,1.000,-81.06,180.00,-27.00,CLOSED,0
672420.470,0,0,1,1.000,1.000,1.000,-80.80,180.00,-27.00,CLOSED,0
672420.475,0,0,1,1.000,1.000,1.000,-80.49,180.00,-27.00,CLOSED,0
672420.480,0,0,1,1.000,1.000,1.000,-80.24,180.00,-27.00,CLOSED,0
672420.484,0,0,1,1.000,1.000,1.000,-80.00,180.00,-27.00,CLOSED,0
672420.487,0,0,1,1.000,1.000,1.000,-79.78,180.00,-27.00,CLOSED,0
672420.491,0,0,1,1.000,1.000,1.000,-79.57,180.00,-27.00,CLOSED,0
672420.495,0,0,1,1.000,1.000,1.000,-79.35,180.00,-27.00,CLOSED,0
672420.498,0,0,1,1.000,1.000,1.000,-79.12,180.00,-27.00,CLOSED,0
672420.502,0,0,1,1.000,1.000,1.000,-78.88,180.00,-27.00,CLOSED,0
672420.506,0,0,1,1.000,1.000,1.000,-78.65,180.00,-27.00,CLOSED,0
672420.510,0,0,1,1.000,1.000,1.000,-78.41,180.00,-27.00,CLOSED,0
672420.514,0,0,1,1.000,1.000,1.000,-78.16,180.00,-27.00,CLOSED,0
672420.518,0,0,1,1.000,1.000,1.000,-77.94,180.00,-27.00,CLOSED,0
672420.522,0,0,1,1.000,1.000,1.000,-77.70,180.00,-27.00,CLOSED,0
672420.526,0,0,1,1.000,1.000,1.000,-77.49,180.00,-27.00,CLOSED,0
672420.529,0,0,1,1.000,1.000,1.000,-77.27,180.00,-27.00,CLOSED,1
672420.533,0,0,1,1.000,1.000,1.000,-77.06,180.00,-27.00,CLOSED,0
672420.536,0,0,1,1.000,1.000,1.000,-76.84,180.00,-27.00,CLOSED,0
672420.540,0,0,1,1.000,1.000,1.000,-76.60,180.00,-27.00,CLOSED,0
672420.544,0,0,1,1.000,1.000,1.000,-76.38,180.00,-27.00,CLOSED,0
672420.548,0,0,1,1.000,1.000,1.000,-76.16,180.00,-27.00,CLOSED,0
672420.551,0,0,1,1.000,1.000,1.000,-75.94,180.00,-27.00,CLOSED,0
672420.555,0,0,1,1.000,1.000,1.000,-75.69,180.00,-27.00,CLOSED,0
672420.560,0,0,1,1.000,1.000,1.000,-75.44,180.00,-27.00,CLOSED,0
672420.564,0,0,1,1.000,1.000,1.000,-75.19,180.00,-27.00,CLOSED,0
672420.569,0,0,1,1.000,1.000,1.000,-74.91,180.00,-27.00,CLOSED,0
672420.573,0,0,1,1.000,1.000,1.000,-74.66,180.00,-27.00,CLOSED,0
672420.577,0,0,1,1.000,1.000,1.000,-74.42,180.00,-27.00,CLOSED,0
672420.581,0,0,1,1.000,1.000,1.000,-74.15,180.00,-27.00,CLOSED,0
672420.586,0,0,1,1.000,1.000,1.000,-73.84,180.00,-27.00,CLOSED,0
672420.592,0,0,1,1.000,1.000,1.000,-73.51,180.00,-27.00,CLOSED,0
672420.597,0,0,1,1.000,1.000,1.000,-73.20,180.00,-27.00,CLOSED,0
672420.601,0,0,1,1.000,1.000,1.000,-72.93,180.00,-27.00,CLOSED,0
672420.606,0,0,1,1.000,1.000,1.000,-72.66,180.00,-27.00,CLOSED,0
672420.610,0,0,1,1.000,1.000,1.000,-72.43,180.00,-27.00,CLOSED,0
672420.614,0,0,1,1.000,1.000,1.000,-72.19,180.00,-27.00,CLOSED,0
672420.618,0,0,1,1.000,1.000,1.000,-71.96,180.00,-27.00,CLOSED,0
672420.622,0,0,1,1.000,1.000,1.000,-71.73,180.00,-27.00,CLOSED,0
672420.626,0,0,1,1.000,1.000,1.000,-71.49,180.00,-27.00,CLOSED,0
672420.629,0,0,1,1.000,1.000,1.000,-71.27,180.00,-27.00,CLOSED,1
672420.633,0,0,1,1.000,1.000,1.000,-71.05,180.00,-27.00,CLOSED,0
672420.637,0,0,1,1.000,1.000,1.000,-70.82,180.00,-27.00,CLOSED,0
672420.640,0,0,1,1.000,1.000,1.000,-70.61,180.00,-27.00,CLOSED,0
672420.644,0,0,1,1.000,1.000,1.000,-70.38,180.00,-27.00,CLOSED,0
672420.647,0,0,1,1.000,1.000,1.000,-70.17,180.00,-27.00,CLOSED,0
672420.651,0,0,1,1.000,1.000,1.000,-69.96,180.00,-27.00,CLOSED,0
672420.655,0,0,1,1.000,1.000,1.000,-69.72,180.00,-27.00,CLOSED,0
672420.659,0,0,1,1.000,1.000,1.000,-69.51,180.00,-27.00,CLOSED,0
672420.662,0,0,1,1.000,1.000,1.000,-69.27,180.00,-27.00,CLOSED,0
672420.667,0,0,1,1.000,1.000,1.000,-69.02,180.00,-27.00,CLOSED,0
672420.670,0,0,1,1.000,1.000,1.000,-68.80,180.00,-27.00,CLOSED,0
672420.674,0,0,1,1.000,1.000,1.000,-68.58,180.00,-27.00,CLOSED,0
672420.678,0,0,1,1.000,1.000,1.000,-68.33,180.00,-27.00,CLOSED,0
672420.683,0,0,1,1.000,1.000,1.000,-68.01,180.00,-27.00,CLOSED,0
672420.688,0,0,1,1.000,1.000,1.000,-67.72,180.00,-27.00,CLOSED,0
672420.693,0,0,1,1.000,1.000,1.000,-67.43,180.00,-27.00,CLOSED,0
672420.699,0,0,1,1.000,1.000,1.000,-67.07,180.00,-27.00,CLOSED,0
672420.704,0,0,1,1.000,1.000,1.000,-66.79,180.00,-27.00,CLOSED,0
672420.708,0,0,1,1.000,1.000,1.000,-66.55,180.00,-27.00,CLOSED,0
672420.712,0,0,1,1.000,1.000,1.000,-66.31,180.00,-27.00,CLOSED,0
672420.716,0,0,1,1.000,1.000,1.000,-66.07,180.00,-27.00,CLOSED,0
672420.720,0,0,1,1.000,1.000,1.000,-65.84,180.00,-27.00,CLOSED,0
672420.723,0,0,1,1.000,1.000,1.000,-65.62,180.00,-27.00,CLOSED,0
672420.727,0,0,1,1.000,1.000,1.000,-65.41,180.00,-27.00,CLOSED,0
672420.730,0,0,1,1.000,1.000,1.000,-65.19,180.00,-27.00,CLOSED,1
672420.734,0,0,1,1.000,1.000,1.000,-64.97,180.00,-27.00,CLOSED,0
672420.738,0,0,1,1.000,1.000,1.000,-64.75,180.00,-27.00,CLOSED,0
672420.741,0,0,1,1.000,1.000,1.000,-64.53,180.00,-27.00,CLOSED,0
672420.745,0,0,1,1.000,1.000,1.000,-64.31,180.00,-27.00,CLOSED,0
672420.749,0,0,1,1.000,1.000,1.000,-64.06,180.00,-27.00,CLOSED,0
672420.753,0,0,1,1.000,1.000,1.000,-63.83,180.00,-27.00,CLOSED,0
672420.757,0,0,1,1.000,1.000,1.000,-63.60,180.00,-27.00,CLOSED,0
672420.761,0,0,1,1.000,1.000,1.000,-63.37,180.00,-27.00,CLOSED,0
672420.765,0,0,1,1.000,1.000,1.000,-63.14,180.00,-27.00,CLOSED,0
672420.768,0,0,1,1.000,1.000,1.000,-62.92,180.00,-27.00,CLOSED,0
672420.773,0,0,1,1.000,1.000,1.000,-62.64,180.00,-27.00,CLOSED,0
672420.778,0,0,1,1.000,1.000,1.000,-62.37,180.00,-27.00,CLOSED,0
672420.783,0,0,1,1.000,1.000,1.000,-62.04,180.00,-27.00,CLOSED,0
672420.789,0,0,1,1.000,1.000,1.000,-61.70,180.00,-27.00,CLOSED,0
672420.794,0,0,1,1.000,1.000,1.000,-61.35,180.00,-27.00,CLOSED,0
672420.800,0,0,1,1.000,1.000,1.000,-61.01,180.00,-27.00,CLOSED,0
672420.805,0,0,1,1.000,1.000,1.000,-60.69,180.00,-27.00,CLOSED,0
672420.811,0,0,1,1.000,1.000,1.000,-60.38,180.00,-27.00,CLOSED,0
672420.816,0,0,1,1.000,1.000,1.000,-60.07,180.00,-27.00,CLOSED,0
672420.822,0,0,1,1.000,1.000,1.000,-59.70,180.00,-27.00,CLOSED,0
672420.827,0,0,1,1.000,1.000,1.000,-59.40,180.00,-27.00,CLOSED,0
672420.831,0,0,1,1.000,1.000,1.000,-59.15,180.00,-27.00,CLOSED,1
672420.835,0,0,1,1.000,1.000,1.000,-58.91,180.00,-27.00,CLOSED,0
672420.839,0,0,1,1.000,1.000,1.000,-58.69,180.00,-27.00,CLOSED,0
672420.842,0,0,1,1.000,1.000,1.000,-58.47,180.00,-27.00,CLOSED,0
672420.846,0,0,1,1.000,1.000,1.000,-58.25,180.00,-27.00,CLOSED,0
672420.850,0,0,1,1.000,1.000,1.000,-58.04,180.00,-27.00,CLOSED,0
672420.853,0,0,1,1.000,1.000,1.000,-57.82,180.00,-27.00,CLOSED,0
672420.857,0,0,1,1.000,1.000,1.000,-57.60,180.00,-27.00,CLOSED,0
672420.861,0,0,1,1.000,1.000,1.000,-57.37,180.00,-27.00,CLOSED,0
672420.865,0,0,1,1.000,1.000,1.000,-57.13,180.00,-27.00,CLOSED,0
672420.869,0,0,0,1.000,1.000,1.000,-57.39,180.00,-27.00,CLOSED,0
672420.873,0,0,0,1.000,1.000,1.000,-57.62,180.00,-27.00,CLOSED,0
672420.876,0,0,0,1.000,1.000,1.000,-57.83,180.00,-27.00,CLOSED,0
672420.880,0,0,0,1.000,1.000,1.000,-58.04,180.00,-27.00,CLOSED,0
672420.883,0,0,0,1.000,1.000,1.000,-58.26,180.00,-27.00,CLOSED,0
672420.887,0,0,0,0.999,1.000,1.000,-58.47,180.00,-27.00,CLOSED,0
672420.891,0,0,0,1.000,1.000,1.000,-58.68,180.00,-27.00,CLOSED,0
672420.895,0,0,0,0.999,0.985,1.000,-58.94,180.00,-27.00,CLOSED,0
672420.900,0,0,0,1.000,0.997,0.988,-59.24,180.00,-27.00,CLOSED,0
672420.905,0,0,0,0.997,1.000,0.522,-59.55,180.00,-27.00,CLOSED,0
672420.910,0,0,0,0.988,1.000,0.916,-59.84,180.00,-27.00,CLOSED,0
672420.916,0,0,0,0.988,1.000,0.968,-60.21,180.00,-27.00,CLOSED,0
672420.921,0,0,0,0.984,1.000,0.974,-60.52,180.00,-27.00,CLOSED,0
672420.926,0,0,0,0.990,1.000,0.974,-60.82,180.00,-27.00,CLOSED,0
672420.931,0,0,0,0.993,1.000,0.976,-61.08,180.00,-27.00,CLOSED,0
672420.935,0,0,0,0.994,1.000,0.962,-61.35,180.00,-27.00,CLOSED,1
672420.939,0,0,0,0.996,1.000,0.967,-61.61,180.00,-27.00,CLOSED,0
672420.944,0,0,0,1.000,1.000,0.968,-61.89,180.00,-27.00,CLOSED,0
672420.948,0,0,0,1.000,1.000,0.942,-62.14,180.00,-27.00,CLOSED,0
672420.952,0,0,0,1.000,1.000,0.924,-62.37,180.00,-27.00,CLOSED,0
672420.956,0,0,0,1.000,1.000,0.954,-62.59,180.00,-27.00,CLOSED,0
672420.959,0,0,0,1.000,1.000,0.982,-62.81,180.00,-27.00,CLOSED,0
672420.963,0,0,0,1.000,1.000,0.996,-63.02,180.00,-27.00,CLOSED,0
672420.966,0,0,0,1.000,1.000,1.000,-63.23,180.00,-27.00,CLOSED,0
672420.970,0,0,0,1.000,1.000,1.000,-63.45,180.00,-27.00,CLOSED,0
672420.974,0,0,0,1.000,1.000,1.000,-63.67,180.00,-27.00,CLOSED,0
672420.977,0,0,0,1.000,1.000,1.000,-63.89,180.00,-27.00,CLOSED,0
672420.981,0,0,0,1.000,1.000,1.000,-64.12,180.00,-27.00,CLOSED,0
672420.985,0,0,0,1.000,1.000,1.000,-64.35,180.00,-27.00,CLOSED,0
672420.989,0,0,0,1.000,1.000,1.000,-64.57,180.00,-27.00,CLOSED,0
672420.993,0,0,0,1.000,0.999,1.000,-64.81,180.00,-27.00,CLOSED,0
672420.996,0,0,0,1.000,0.991,1.000,-65.04,180.00,-27.00,CLOSED,0
672421.001,0,0,0,1.000,0.974,1.000,-65.28,180.00,-27.00,CLOSED,0
672421.004,0,0,0,1.000,0.942,1.000,-65.52,180.00,-27.00,CLOSED,0
672421.008,0,0,0,1.000,0.925,1.000,-65.75,180.00,-27.00,CLOSED,0
672421.013,0,0,0,1.000,0.880,1.000,-66.00,180.00,-27.00,CLOSED,0
672421.016,0,0,0,1.000,0.821,1.000,-66.22,180.00,-27.00,CLOSED,0
672421.020,0,0,0,1.000,0.805,1.000,-66.43,180.00,-27.00,CLOSED,0
672421.023,0,0,0,0.999,0.958,1.000,-66.64,180.00,-27.00,CLOSED,0
672421.027,0,0,0,0.999,0.995,1.000,-66.87,180.00,-27.00,CLOSED,0
672421.031,0,0,0,0.999,0.999,1.000,-67.09,180.00,-27.00,CLOSED,0
672421.036,0,0,0,0.998,1.000,1.000,-67.39,180.00,-27.00,CLOSED,1
672421.041,0,0,0,1.000,1.000,1.000,-67.70,180.00,-27.00,CLOSED,0
672421.045,0,0,0,1.000,1.000,1.000,-67.95,180.00,-27.00,CLOSED,0
672421.050,0,0,0,1.000,1.000,1.000,-68.23,180.00,-27.00,CLOSED,0
672421.055,0,0,0,1.000,1.000,1.000,-68.53,180.00,-27.00,CLOSED,0
672421.059,0,0,0,1.000,1.000,1.000,-68.80,180.00,-27.00,CLOSED,0
672421.064,0,0,0,1.000,1.000,1.000,-69.07,180.00,-27.00,CLOSED,0
672421.068,0,0,0,1.000,1.000,1.000,-69.32,180.00,-27.00,CLOSED,0
672421.072,0,0,0,1.000,1.000,1.000,-69.57,180.00,-27.00,CLOSED,0
672421.076,0,0,0,1.000,1.000,1.000,-69.82,180.00,-27.00,CLOSED,0
672421.080,0,0,0,1.000,1.000,1.000,-70.07,180.00,-27.00,CLOSED,0
672421.085,0,0,0,1.000,1.000,1.000,-70.33,180.00,-27.00,CLOSED,0
672421.089,0,0,0,1.000,1.000,1.000,-70.58,180.00,-27.00,CLOSED,0
672421.093,0,0,0,1.000,1.000,1.000,-70.85,180.00,-27.00,CLOSED,0
672421.098,0,0,0,1.000,1.000,1.000,-71.15,180.00,-27.00,CLOSED,0
672421.103,0,0,0,1.000,1.000,1.000,-71.41,180.00,-27.00,CLOSED,0
672421.107,0,0,0,1.000,1.000,1.000,-71.65,180.00,-27.00,CLOSED,0
672421.110,0,0,0,1.000,1.000,1.000,-71.88,180.00,-27.00,CLOSED,0
672421.114,0,0,0,1.000,1.000,1.000,-72.10,180.00,-27.00,CLOSED,0
672421.118,0,0,0,1.000,1.000,1.000,-72.33,180.00,-27.00,CLOSED,0
672421.122,0,0,0,1.000,1.000,1.000,-72.54,180.00,-27.00,CLOSED,0
672421.125,0,0,0,1.000,1.000,1.000,-72.77,180.00,-27.00,CLOSED,0
672421.129,0,0,0,1.000,1.000,1.000,-72.98,180.00,-27.00,CLOSED,0
672421.132,0,0,0,1.000,1.000,1.000,-73.19,180.00,-27.00,CLOSED,0
672421.136,0,0,0,1.000,1.000,1.000,-73.43,180.00,-27.00,CLOSED,1
672421.140,0,0,0,1.000,1.000,1.000,-73.68,180.00,-27.00,CLOSED,0
672421.145,0,0,0,1.000,1.000,1.000,-73.97,180.00,-27.00,CLOSED,0
672421.151,0,0,0,1.000,1.000,1.000,-74.30,180.00,-27.00,CLOSED,0
672421.156,0,0,0,1.000,1.000,1.000,-74.63,180.00,-27.00,CLOSED,0
672421.162,0,0,0,1.000,1.000,1.000,-74.95,180.00,-27.00,CLOSED,0
672421.168,0,0,0,1.000,1.000,1.000,-75.34,180.00,-27.00,CLOSED,0
672421.173,0,0,0,1.000,1.000,1.000,-75.61,180.00,-27.00,CLOSED,0
672421.178,0,0,0,1.000,1.000,1.000,-75.90,180.00,-27.00,CLOSED,0
672421.183,0,0,0,1.000,1.000,1.000,-76.23,180.00,-27.00,CLOSED,0
672421.188,0,0,0,1.000,1.000,1.000,-76.51,180.00,-27.00,CLOSED,0
672421.192,0,0,0,1.000,1.000,1.000,-76.74,180.00,-27.00,CLOSED,0
672421.195,0,0,0,1.000,1.000,1.000,-76.98,180.00,-27.00,CLOSED,0
672421.199,0,0,0,1.000,1.000,1.000,-77.19,180.00,-27.00,CLOSED,0
672421.203,0,0,0,1.000,1.000,1.000,-77.41,180.00,-27.00,CLOSED,0
672421.206,0,0,0,1.000,1.000,1.000,-77.63,180.00,-27.00,CLOSED,0
672421.210,0,0,0,1.000,1.000,1.000,-77.84,180.00,-27.00,CLOSED,0
672421.214,0,0,0,1.000,1.000,1.000,-78.07,180.00,-27.00,CLOSED,0
672421.217,0,0,0,1.000,1.000,1.000,-78.30,180.00,-27.00,CLOSED,0
672421.221,0,0,0,1.000,1.000,1.000,-78.53,180.00,-27.00,CLOSED,0
672421.225,0,0,0,1.000,1.000,1.000,-78.75,180.00,-27.00,CLOSED,0
672421.229,0,0,0,1.000,1.000,1.000,-78.99,180.00,-27.00,CLOSED,0
672421.233,0,0,0,1.000,1.000,1.000,-79.22,180.00,-27.00,CLOSED,0
672421.237,0,0,0,1.000,1.000,1.000,-79.44,180.00,-27.00,CLOSED,1
672421.240,0,0,0,1.000,1.000,1.000,-79.68,180.00,-27.00,CLOSED,0
672421.244,0,0,0,1.000,1.000,1.000,-79.92,180.00,-27.00,CLOSED,0
672421.248,0,0,0,1.000,1.000,1.000,-80.15,180.00,-27.00,CLOSED,0
672421.252,0,0,0,1.000,1.000,1.000,-80.38,180.00,-27.00,CLOSED,0
672421.256,0,0,0,1.000,1.000,1.000,-80.64,180.00,-27.00,CLOSED,0
672421.261,0,0,0,1.000,1.000,1.000,-80.88,180.00,-27.00,CLOSED,0
672421.264,0,0,0,1.000,1.000,1.000,-81.11,180.00,-27.00,CLOSED,0
672421.268,0,0,0,1.000,1.000,1.000,-81.34,180.00,-27.00,CLOSED,0
672421.272,0,0,0,1.000,1.000,1.000,-81.57,180.00,-27.00,CLOSED,0
672421.276,0,0,0,1.000,1.000,1.000,-81.79,180.00,-27.00,CLOSED,0
672421.279,0,0,0,1.000,1.000,1.000,-82.01,180.00,-27.00,CLOSED,0
672421.283,0,0,0,1.000,1.000,1.000,-82.24,180.00,-27.00,CLOSED,0
672421.287,0,0,0,1.000,1.000,1.000,-82.47,180.00,-27.00,CLOSED,0
672421.291,0,0,0,1.000,1.000,1.000,-82.72,180.00,-27.00,CLOSED,0
672421.296,0,0,0,1.000,1.000,1.000,-82.99,180.00,-27.00,CLOSED,0
672421.300,0,0,0,1.000,1.000,1.000,-83.26,180.00,-27.00,CLOSED,0
672421.304,0,0,0,1.000,1.000,1.000,-83.52,180.00,-27.00,CLOSED,0
672421.308,0,0,0,1.000,1.000,1.000,-83.74,180.00,-27.00,CLOSED,0
672421.312,0,0,0,1.000,1.000,1.000,-83.95,180.00,-27.00,CLOSED,0
672421.316,0,0,0,1.000,1.000,1.000,-84.18,180.00,-27.00,CLOSED,0
672421.319,0,0,0,1.000,1.000,1.000,-84.40,180.00,-27.00,CLOSED,0
672421.323,0,0,0,1.000,1.000,1.000,-84.64,180.00,-27.00,CLOSED,0
672421.327,0,0,0,1.000,1.000,1.000,-84.90,180.00,-27.00,CLOSED,0
672421.332,0,0,0,1.000,1.000,1.000,-85.18,180.00,-27.00,CLOSED,0
672421.337,0,0,0,1.000,1.000,1.000,-85.48,180.00,-27.00,CLOSED,1
672421.342,0,0,0,1.000,1.000,1.000,-85.78,180.00,-27.00,CLOSED,0
672421.347,0,0,0,1.000,1.000,1.000,-86.08,180.00,-27.00,CLOSED,0
672421.352,0,0,0,1.000,1.000,1.000,-86.36,180.00,-27.00,CLOSED,0
672421.356,0,0,0,1.000,1.000,1.000,-86.63,180.00,-27.00,CLOSED,0
672421.361,0,0,0,1.000,1.000,1.000,-86.89,180.00,-27.00,CLOSED,0
672421.367,0,0,0,1.000,1.000,1.000,-87.26,180.00,-27.00,CLOSED,0
672421.372,0,0,0,1.000,1.000,1.000,-87.58,180.00,-27.00,CLOSED,0
672421.376,0,0,0,1.000,1.000,1.000,-87.82,180.00,-27.00,CLOSED,0
672421.380,0,0,0,1.000,1.000,1.000,-88.06,180.00,-27.00,CLOSED,0
672421.384,0,0,0,1.000,1.000,1.000,-88.31,180.00,-27.00,CLOSED,0
672421.389,0,0,0,1.000,1.000,1.000,-88.57,180.00,-27.00,CLOSED,0
672421.393,0,0,0,1.000,1.000,1.000,-88.80,180.00,-27.00,CLOSED,0
672421.396,0,0,0,1.000,1.000,1.000,-89.02,180.00,-27.00,CLOSED,0
672421.400,0,0,0,1.000,1.000,1.000,-89.23,180.00,-27.00,CLOSED,0
672421.403,0,0,0,1.000,1.000,1.000,-89.45,180.00,-27.00,CLOSED,0
672421.407,0,0,0,1.000,1.000,1.000,-89.66,180.00,-27.00,CLOSED,0
672421.411,0,0,0,1.000,1.000,1.000,-89.89,180.00,-27.00,CLOSED,0
672421.415,0,0,0,1.000,1.000,1.000,-90.00,180.00,-27.00,CLOSED,0
672421.420,0,0,0,1.000,1.000,1.000,-90.00,180.00,-27.00,CLOSED,0
672421.424,0,0,0,1.000,1.000,1.000,-90.00,180.00,-27.00,CLOSED,0
672421.428,0,0,0,1.000,1.000,1.000,-90.00,180.00,-27.00,CLOSED,0
672421.433,0,0,0,1.000,0.999,1.000,-90.00,180.00,-27.00,CLOSED,0
672421.436,0,1,0,1.000,0.995,1.000,-90.00,179.76,-27.00,CLOSED,0
672421.440,0,1,0,1.000,0.975,1.000,-90.00,179.52,-27.00,CLOSED,1
672421.444,0,1,1,1.000,0.857,0.999,-89.77,179.29,-27.00,CLOSED,0
672421.448,0,1,1,1.000,0.741,0.998,-89.53,179.05,-27.00,CLOSED,0
672421.452,0,1,1,1.000,0.639,0.992,-89.30,178.83,-27.00,CLOSED,0
672421.456,0,1,1,0.999,0.914,0.968,-89.04,178.56,-27.00,CLOSED,0
672421.462,0,1,1,0.999,0.976,0.877,-88.69,178.21,-27.00,CLOSED,0
672421.468,0,1,1,0.999,0.990,0.686,-88.34,177.86,-27.00,CLOSED,0
672421.474,0,1,1,0.998,0.996,0.554,-88.00,177.52,-27.00,CLOSED,0
672421.480,0,1,1,0.999,0.992,0.619,-87.63,177.15,-27.00,CLOSED,0
672421.485,0,1,1,0.999,0.995,0.804,-87.32,176.85,-27.00,CLOSED,0
672421.489,0,1,1,0.999,1.000,0.941,-87.07,176.60,-27.00,CLOSED,0
672421.493,0,1,1,1.000,1.000,0.996,-86.83,176.36,-27.00,CLOSED,0
672421.497,0,1,1,1.000,1.000,0.996,-86.60,176.13,-27.00,CLOSED,0
672421.501,0,1,1,1.000,1.000,0.999,-86.38,175.90,-27.00,CLOSED,0
672421.505,0,1,1,1.000,1.000,0.999,-86.15,175.67,-27.00,CLOSED,0
672421.508,0,1,1,1.000,1.000,0.998,-85.93,175.46,-27.00,CLOSED,0
672421.512,0,1,1,1.000,1.000,0.998,-85.72,175.24,-27.00,CLOSED,0
672421.516,0,1,1,1.000,1.000,0.995,-85.49,175.01,-27.00,CLOSED,0
672421.519,0,1,1,1.000,1.000,0.988,-85.27,174.79,-27.00,CLOSED,0
672421.523,0,1,1,1.000,1.000,0.554,-85.05,174.57,-27.00,CLOSED,0
672421.527,0,1,1,1.000,0.998,0.952,-84.83,174.36,-27.00,CLOSED,0
672421.531,0,1,1,1.000,0.994,0.942,-84.60,174.12,-27.00,CLOSED,0
672421.535,0,1,1,1.000,0.986,0.952,-84.31,173.83,-27.00,CLOSED,0
672421.540,0,1,1,1.000,0.926,0.977,-84.04,173.56,-27.00,CLOSED,0
672421.545,0,1,1,1.000,0.668,0.982,-83.72,173.25,-27.00,CLOSED,1
672421.550,0,1,1,1.000,0.990,0.994,-83.43,172.96,-27.00,CLOSED,0
672421.554,0,1,1,1.000,1.000,0.994,-83.16,172.68,-27.00,CLOSED,0
672421.559,0,1,1,1.000,1.000,0.995,-82.89,172.41,-27.00,CLOSED,0
672421.563,0,1,1,1.000,1.000,0.979,-82.65,172.17,-27.00,CLOSED,0
672421.567,0,1,1,1.000,1.000,0.965,-82.39,171.91,-27.00,CLOSED,0
672421.571,0,1,1,1.000,1.000,0.951,-82.18,171.70,-27.00,CLOSED,0
672421.575,0,1,1,1.000,0.998,0.823,-81.93,171.45,-27.00,CLOSED,0
672421.579,0,1,1,1.000,0.991,0.642,-81.69,171.21,-27.00,CLOSED,0
672421.583,0,1,1,1.000,0.915,0.775,-81.45,170.97,-27.00,CLOSED,0
672421.589,0,1,1,1.000,0.762,0.873,-81.10,170.62,-27.00,CLOSED,0
672421.593,0,1,1,1.000,0.502,0.918,-80.88,170.40,-27.00,CLOSED,0
672421.597,0,1,1,1.000,0.719,0.947,-80.63,170.16,-27.00,CLOSED,0
672421.601,0,1,1,1.000,0.862,0.970,-80.37,169.89,-27.00,CLOSED,0
672421.606,0,1,1,1.000,0.974,0.993,-80.09,169.61,-27.00,CLOSED,0
672421.610,0,1,1,1.000,0.996,0.998,-79.82,169.34,-27.00,CLOSED,0
672421.615,0,1,1,1.000,0.999,0.999,-79.55,169.07,-27.00,CLOSED,0
672421.619,0,1,1,1.000,1.000,1.000,-79.29,168.81,-27.00,CLOSED,0
672421.623,0,1,1,1.000,1.000,1.000,-79.04,168.56,-27.00,CLOSED,0
672421.627,0,1,1,1.000,1.000,1.000,-78.80,168.32,-27.00,CLOSED,0
672421.631,0,1,1,1.000,1.000,1.000,-78.56,168.08,-27.00,CLOSED,0
672421.636,0,1,1,1.000,1.000,1.000,-78.29,167.81,-27.00,CLOSED,0
672421.640,0,1,1,1.000,1.000,1.000,-78.04,167.56,-27.00,CLOSED,0
672421.644,0,1,1,1.000,1.000,1.000,-77.78,167.30,-27.00,CLOSED,0
672421.648,0,1,1,1.000,1.000,1.000,-77.54,167.07,-27.00,CLOSED,1
672421.652,0,1,1,1.000,1.000,1.000,-77.33,166.85,-27.00,CLOSED,0
672421.655,0,1,1,1.000,1.000,1.000,-77.11,166.63,-27.00,CLOSED,0
672421.659,0,1,1,1.000,1.000,1.000,-76.88,166.40,-27.00,CLOSED,0
672421.664,0,1,1,1.000,1.000,1.000,-76.62,166.14,-27.00,CLOSED,0
672421.668,0,1,1,1.000,1.000,1.000,-76.34,165.86,-27.00,CLOSED,0
672421.673,0,1,1,1.000,1.000,1.000,-76.08,165.60,-27.00,CLOSED,0
672421.677,0,1,1,1.000,1.000,1.000,-75.80,165.32,-27.00,CLOSED,0
672421.682,0,1,1,1.000,1.000,1.000,-75.50,165.03,-27.00,CLOSED,0
672421.686,0,1,1,1.000,1.000,1.000,-75.25,164.77,-27.00,CLOSED,0
672421.690,0,1,1,1.000,1.000,1.000,-75.00,164.52,-27.00,CLOSED,0
672421.695,0,1,1,1.000,1.000,1.000,-74.75,164.28,-27.00,CLOSED,0
672421.699,0,1,1,1.000,1.000,1.000,-74.51,164.03,-27.00,CLOSED,0
672421.703,0,1,1,1.000,1.000,1.000,-74.26,163.78,-27.00,CLOSED,0
672421.710,0,1,1,1.000,1.000,1.000,-73.83,163.35,-27.00,CLOSED,0
672421.722,0,1,1,1.000,1.000,1.000,-73.13,162.65,-27.00,CLOSED,0
672421.734,0,1,1,1.000,1.000,1.000,-72.38,161.90,-27.00,CLOSED,0
672421.744,0,1,1,1.000,1.000,1.000,-71.77,161.29,-27.00,CLOSED,0
672421.750,0,1,1,1.000,1.000,1.000,-71.41,160.93,-27.00,CLOSED,1
672421.758,0,1,1,1.000,1.000,1.000,-70.95,160.48,-27.00,CLOSED,0
672421.764,0,1,1,1.000,1.000,1.000,-70.59,160.11,-27.00,CLOSED,0
672421.769,0,1,1,1.000,1.000,1.000,-70.28,159.81,-27.00,CLOSED,0
672421.774,0,1,1,1.000,1.000,1.000,-69.99,159.51,-27.00,CLOSED,0
672421.778,0,1,1,1.000,1.000,1.000,-69.72,159.24,-27.00,CLOSED,0
672421.783,0,1,1,1.000,1.000,1.000,-69.45,158.97,-27.00,CLOSED,0
672421.788,0,1,1,1.000,1.000,1.000,-69.14,158.66,-27.00,CLOSED,0
672421.793,0,1,1,1.000,1.000,1.000,-68.83,158.35,-27.00,CLOSED,0
672421.798,0,1,1,1.000,1.000,1.000,-68.56,158.09,-27.00,CLOSED,0
672421.802,0,1,1,1.000,1.000,1.000,-68.30,157.83,-27.00,CLOSED,0
672421.806,0,1,1,1.000,1.000,1.000,-68.06,157.58,-27.00,CLOSED,0
672421.810,0,1,1,1.000,1.000,1.000,-67.81,157.34,-27.00,CLOSED,0
672421.815,0,1,1,1.000,1.000,1.000,-67.51,157.03,-27.00,CLOSED,0
672421.820,0,1,1,1.000,1.000,1.000,-67.25,156.78,-27.00,CLOSED,0
672421.824,0,1,1,1.000,1.000,1.000,-66.98,156.50,-27.00,CLOSED,0
672421.829,0,1,1,1.000,1.000,1.000,-66.69,156.22,-27.00,CLOSED,0
672421.834,0,1,1,1.000,1.000,1.000,-66.41,155.93,-27.00,CLOSED,0
672421.838,0,1,1,1.000,1.000,1.000,-66.14,155.67,-27.00,CLOSED,0
672421.843,0,1,1,1.000,1.000,1.000,-65.87,155.40,-27.00,CLOSED,0
672421.847,0,1,1,1.000,1.000,1.000,-65.62,155.14,-27.00,CLOSED,0
672421.851,0,1,1,1.000,1.000,1.000,-65.36,154.89,-27.00,CLOSED,1
672421.855,0,1,1,1.000,1.000,1.000,-65.11,154.63,-27.00,CLOSED,0
672421.860,0,1,1,1.000,1.000,1.000,-64.85,154.37,-27.00,CLOSED,0
672421.864,0,1,1,1.000,1.000,1.000,-64.60,154.12,-27.00,CLOSED,0
672421.868,0,1,1,1.000,1.000,1.000,-64.34,153.87,-27.00,CLOSED,0
672421.872,0,1,1,1.000,1.000,1.000,-64.09,153.61,-27.00,CLOSED,0
672421.876,0,1,1,1.000,1.000,1.000,-63.87,153.39,-27.00,CLOSED,0
672421.880,0,1,1,1.000,1.000,1.000,-63.65,153.17,-27.00,CLOSED,0
672421.883,0,1,1,1.000,1.000,1.000,-63.44,152.96,-27.00,CLOSED,0
672421.887,0,1,1,1.000,1.000,1.000,-63.20,152.72,-27.00,CLOSED,0
672421.891,0,1,1,1.000,1.000,1.000,-62.99,152.51,-27.00,CLOSED,0
672421.895,0,1,1,1.000,1.000,1.000,-62.70,152.23,-27.00,CLOSED,0
672421.902,0,1,1,1.000,1.000,1.000,-62.29,151.82,-27.00,CLOSED,0
672421.909,0,1,1,1.000,1.000,1.000,-61.86,151.39,-27.00,CLOSED,0
672421.917,0,1,1,1.000,1.000,1.000,-61.44,150.96,-27.00,CLOSED,0
672421.923,0,1,1,1.000,1.000,1.000,-61.06,150.59,-27.00,CLOSED,0
672421.928,0,1,1,1.000,1.000,1.000,-60.74,150.26,-27.00,CLOSED,0
672421.935,0,1,1,1.000,1.000,1.000,-60.34,149.86,-27.00,CLOSED,0
672421.940,0,1,1,1.000,1.000,1.000,-60.05,149.57,-27.00,CLOSED,0
672421.944,0,1,1,1.000,1.000,1.000,-59.79,149.31,-27.00,CLOSED,0
672421.948,0,1,1,1.000,1.000,1.000,-59.54,149.07,-27.00,CLOSED,0
672421.952,0,1,1,1.000,1.000,1.000,-59.28,148.81,-27.00,CLOSED,1
672421.956,0,1,1,1.000,1.000,1.000,-59.04,148.57,-27.00,CLOSED,0
672421.960,0,1,1,1.000,1.000,1.000,-58.81,148.33,-27.00,CLOSED,0
672421.965,0,1,1,1.000,1.000,1.000,-58.55,148.07,-27.00,CLOSED,0
672421.969,0,1,1,1.000,1.000,1.000,-58.31,147.83,-27.00,CLOSED,0
672421.973,0,1,1,1.000,1.000,1.000,-58.07,147.59,-27.00,CLOSED,0
672421.976,0,1,1,1.000,1.000,1.000,-57.86,147.38,-27.00,CLOSED,0
672421.980,0,1,1,1.000,1.000,1.000,-57.65,147.17,-27.00,CLOSED,0
672421.983,0,1,1,1.000,1.000,1.000,-57.42,146.94,-27.00,CLOSED,0
672421.987,0,1,1,1.000,1.000,1.000,-57.21,146.73,-27.00,CLOSED,0
672421.990,0,1,1,1.000,1.000,1.000,-57.01,146.53,-27.00,CLOSED,0
672421.994,0,0,1,1.000,1.000,1.000,-56.77,146.77,-27.00,CLOSED,0
672421.999,0,0,1,1.000,1.000,1.000,-56.50,147.04,-27.00,CLOSED,0
672422.003,0,0,1,1.000,1.000,1.000,-56.22,147.32,-27.00,CLOSED,0
672422.008,0,0,1,1.000,1.000,1.000,-55.97,147.58,-27.00,CLOSED,0
672422.012,0,0,0,1.000,1.000,1.000,-56.26,147.86,-27.00,CLOSED,0
672422.017,0,0,0,1.000,1.000,1.000,-56.52,148.13,-27.00,CLOSED,0
672422.022,0,0,0,1.000,1.000,1.000,-56.82,148.42,-27.00,CLOSED,0
672422.027,0,0,0,1.000,1.000,1.000,-57.10,148.71,-27.00,CLOSED,0
672422.031,0,0,0,1.000,1.000,1.000,-57.36,148.97,-27.00,CLOSED,0
672422.035,0,0,0,1.000,1.000,1.000,-57.61,149.21,-27.00,CLOSED,0
672422.038,0,0,0,1.000,1.000,1.000,-57.82,149.43,-27.00,CLOSED,0
672422.042,0,0,0,1.000,1.000,1.000,-58.04,149.65,-27.00,CLOSED,0
672422.046,0,0,0,1.000,1.000,1.000,-58.26,149.87,-27.00,CLOSED,0
672422.050,0,0,0,1.000,1.000,1.000,-58.49,150.09,-27.00,CLOSED,0
672422.053,0,0,0,1.000,1.000,1.000,-58.72,150.33,-27.00,CLOSED,1
672422.057,0,0,0,1.000,1.000,1.000,-58.95,150.56,-27.00,CLOSED,0
672422.061,0,0,0,1.000,1.000,1.000,-59.16,150.77,-27.00,CLOSED,0
672422.064,0,0,0,0.990,1.000,1.000,-59.38,150.98,-27.00,CLOSED,0
672422.068,0,0,0,0.988,1.000,1.000,-59.61,151.21,-27.00,CLOSED,0
672422.072,0,0,0,0.564,1.000,1.000,-59.84,151.45,-27.00,CLOSED,0
672422.076,0,0,0,0.740,1.000,1.000,-60.08,151.69,-27.00,CLOSED,0
672422.080,0,0,0,0.765,1.000,1.000,-60.33,151.94,-27.00,CLOSED,0
672422.085,0,0,0,0.770,1.000,1.000,-60.58,152.19,-27.00,CLOSED,0
672422.089,0,0,0,0.847,1.000,1.000,-60.83,152.44,-27.00,CLOSED,0
672422.093,0,0,0,0.610,1.000,1.000,-61.10,152.71,-27.00,CLOSED,0
672422.097,0,0,0,0.876,1.000,1.000,-61.33,152.93,-27.00,CLOSED,0
672422.101,0,0,0,0.973,1.000,1.000,-61.56,153.16,-27.00,CLOSED,0
672422.105,0,0,0,0.999,1.000,1.000,-61.80,153.40,-27.00,CLOSED,0
672422.108,3,0,0,1.000,1.000,1.000,-62.01,153.62,-27.00,OPEN,0
672422.112,3,0,0,1.000,1.000,1.000,-62.23,153.84,-27.00,OPEN,0
672422.116,3,0,0,1.000,1.000,1.000,-62.45,154.05,-27.00,OPEN,0
672422.120,3,0,0,1.000,1.000,1.000,-62.71,154.32,-27.00,OPEN,0
672422.124,3,0,0,1.000,1.000,1.000,-62.97,154.58,-27.00,OPEN,0
672422.129,3,0,0,1.000,1.000,1.000,-63.24,154.85,-27.00,OPEN,0
672422.134,3,0,0,1.000,0.993,1.000,-63.54,155.15,-27.00,OPEN,0
672422.139,3,0,0,1.000,1.000,1.000,-63.83,155.44,-27.00,OPEN,0
672422.144,3,0,0,1.000,1.000,1.000,-64.12,155.73,-27.00,OPEN,0
672422.149,3,0,0,1.000,1.000,1.000,-64.47,156.07,-27.00,OPEN,0
672422.155,3,0,0,1.000,1.000,1.000,-64.78,156.39,-27.00,OPEN,1
672422.158,3,0,0,1.000,1.000,1.000,-65.02,156.62,-27.00,OPEN,0
672422.162,3,0,0,1.000,1.000,1.000,-65.24,156.85,-27.00,OPEN,0
672422.166,3,0,0,1.000,1.000,1.000,-65.50,157.11,-27.00,OPEN,0
672422.171,3,0,0,1.000,1.000,1.000,-65.75,157.36,-27.00,OPEN,0
672422.175,3,0,0,1.000,1.000,1.000,-66.00,157.61,-27.00,OPEN,0
672422.181,3,0,0,1.000,1.000,1.000,-66.35,157.96,-27.00,OPEN,0
672422.186,3,0,0,1.000,1.000,1.000,-66.64,158.25,-27.00,OPEN,0
672422.190,3,0,0,1.000,1.000,1.000,-66.90,158.51,-27.00,OPEN,0
672422.194,3,0,0,1.000,1.000,1.000,-67.18,158.78,-27.00,OPEN,0
672422.199,3,0,0,1.000,1.000,1.000,-67.46,159.06,-27.00,OPEN,0
672422.204,3,0,0,1.000,1.000,1.000,-67.74,159.34,-27.00,OPEN,0
672422.208,3,0,0,1.000,1.000,1.000,-68.01,159.62,-27.00,OPEN,0
672422.213,3,0,0,1.000,1.000,1.000,-68.28,159.89,-27.00,OPEN,0
672422.218,3,0,0,1.000,1.000,1.000,-68.57,160.18,-27.00,OPEN,0
672422.222,3,0,0,1.000,1.000,1.000,-68.84,160.45,-27.00,OPEN,0
672422.227,3,0,0,1.000,1.000,1.000,-69.11,160.71,-27.00,OPEN,0
672422.231,3,0,0,1.000,1.000,1.000,-69.37,160.98,-27.00,OPEN,0
672422.235,3,0,0,1.000,1.000,1.000,-69.63,161.24,-27.00,OPEN,0
672422.240,3,0,0,1.000,1.000,1.000,-69.89,161.50,-27.00,OPEN,0
672422.244,3,0,0,1.000,1.000,1.000,-70.15,161.75,-27.00,OPEN,0
672422.248,3,0,0,1.000,1.000,1.000,-70.40,162.01,-27.00,OPEN,0
672422.252,3,0,0,1.000,1.000,1.000,-70.66,162.26,-27.00,OPEN,0
672422.257,3,0,0,1.000,1.000,1.000,-70.90,162.51,-27.00,OPEN,1
672422.262,3,0,0,1.000,1.000,1.000,-71.22,162.83,-27.00,OPEN,0
672422.267,3,0,0,1.000,1.000,1.000,-71.53,163.13,-27.00,OPEN,0
672422.271,3,0,0,1.000,1.000,1.000,-71.78,163.39,-27.00,OPEN,0
672422.275,3,0,0,1.000,1.000,1.000,-72.00,163.61,-27.00,OPEN,0
672422.279,3,0,0,1.000,1.000,1.000,-72.22,163.83,-27.00,OPEN,0
672422.282,3,0,0,1.000,1.000,1.000,-72.44,164.05,-27.00,OPEN,0
672422.286,3,0,0,1.000,1.000,1.000,-72.66,164.26,-27.00,OPEN,0
672422.289,3,0,0,1.000,1.000,1.000,-72.87,164.48,-27.00,OPEN,0
672422.293,3,0,0,1.000,1.000,1.000,-73.09,164.70,-27.00,OPEN,0
672422.297,3,0,0,1.000,1.000,1.000,-73.33,164.94,-27.00,OPEN,0
672422.301,3,0,0,1.000,1.000,1.000,-73.57,165.17,-27.00,OPEN,0
672422.305,3,0,0,1.000,1.000,1.000,-73.79,165.40,-27.00,OPEN,0
672422.308,3,0,0,1.000,1.000,1.000,-74.02,165.62,-27.00,OPEN,0
672422.312,3,0,0,1.000,1.000,1.000,-74.24,165.85,-27.00,OPEN,0
672422.316,3,0,0,1.000,1.000,1.000,-74.47,166.08,-27.00,OPEN,0
672422.320,3,0,0,1.000,1.000,1.000,-74.71,166.32,-27.00,OPEN,0
672422.324,3,0,0,1.000,1.000,1.000,-74.97,166.58,-27.00,OPEN,0
672422.329,3,0,0,1.000,1.000,1.000,-75.24,166.85,-27.00,OPEN,0
672422.333,3,0,0,1.000,1.000,1.000,-75.49,167.09,-27.00,OPEN,0
672422.337,3,0,0,1.000,1.000,1.000,-75.72,167.33,-27.00,OPEN,0
672422.341,3,0,0,1.000,1.000,1.000,-75.95,167.56,-27.00,OPEN,0
672422.345,3,0,0,1.000,1.000,1.000,-76.18,167.79,-27.00,OPEN,0
672422.348,3,0,0,1.000,1.000,1.000,-76.41,168.01,-27.00,OPEN,0
672422.352,3,0,0,1.000,1.000,1.000,-76.64,168.25,-27.00,OPEN,0
672422.357,3,0,0,1.000,1.000,1.000,-76.90,168.51,-27.00,OPEN,0
672422.361,3,0,0,1.000,1.000,1.000,-77.15,168.76,-27.00,OPEN,1
672422.365,3,0,0,1.000,1.000,1.000,-77.42,169.03,-27.00,OPEN,0
672422.370,3,0,0,1.000,1.000,1.000,-77.73,169.34,-27.00,OPEN,0
672422.375,3,0,0,1.000,1.000,1.000,-78.00,169.60,-27.00,OPEN,0
672422.378,3,0,0,1.000,1.000,1.000,-78.21,169.82,-27.00,OPEN,0
672422.382,3,0,0,1.000,1.000,1.000,-78.43,170.03,-27.00,OPEN,0
672422.385,3,0,0,1.000,1.000,1.000,-78.64,170.25,-27.00,OPEN,0
672422.389,3,0,0,1.000,1.000,1.000,-78.87,170.48,-27.00,OPEN,0
672422.393,3,0,0,1.000,1.000,1.000,-79.10,170.71,-27.00,OPEN,0
672422.398,3,0,0,1.000,1.000,1.000,-79.39,171.00,-27.00,OPEN,0
672422.405,3,0,0,1.000,1.000,1.000,-79.81,171.42,-27.00,OPEN,0
672422.411,3,0,0,1.000,1.000,1.000,-80.16,171.77,-27.00,OPEN,0
672422.416,3,0,0,1.000,1.000,1.000,-80.46,172.07,-27.00,OPEN,0
672422.421,3,0,0,1.000,1.000,1.000,-80.77,172.38,-27.00,OPEN,0
672422.425,3,0,0,1.000,1.000,1.000,-81.04,172.64,-27.00,OPEN,0
672422.430,3,0,0,1.000,1.000,1.000,-81.29,172.90,-27.00,OPEN,0
672422.434,3,0,0,1.000,1.000,1.000,-81.54,173.15,-27.00,OPEN,0
672422.438,3,0,0,1.000,1.000,1.000,-81.81,173.41,-27.00,OPEN,0
672422.442,3,0,0,1.000,1.000,1.000,-82.04,173.65,-27.00,OPEN,0
672422.446,3,0,0,1.000,1.000,1.000,-82.27,173.88,-27.00,OPEN,0
672422.450,3,0,0,1.000,1.000,1.000,-82.49,174.10,-27.00,OPEN,0
672422.454,3,0,0,1.000,1.000,1.000,-82.72,174.33,-27.00,OPEN,0
672422.457,3,0,0,1.000,1.000,1.000,-82.95,174.56,-27.00,OPEN,0
672422.461,3,0,0,1.000,1.000,1.000,-83.19,174.80,-27.00,OPEN,1
672422.465,3,0,0,1.000,1.000,1.000,-83.42,175.02,-27.00,OPEN,0
672422.469,3,0,0,1.000,1.000,1.000,-83.66,175.27,-27.00,OPEN,0
672422.473,3,0,0,1.000,1.000,1.000,-83.89,175.50,-27.00,OPEN,0
672422.477,3,0,0,1.000,1.000,1.000,-84.11,175.72,-27.00,OPEN,0
672422.481,3,0,0,1.000,1.000,1.000,-84.34,175.95,-27.00,OPEN,0
672422.485,3,0,0,1.000,1.000,1.000,-84.59,176.19,-27.00,OPEN,0
672422.489,3,0,0,1.000,1.000,1.000,-84.85,176.46,-27.00,OPEN,0
672422.493,3,0,0,1.000,1.000,1.000,-85.08,176.69,-27.00,OPEN,0
672422.497,3,0,0,1.000,1.000,1.000,-85.32,176.93,-27.00,OPEN,0
672422.501,3,0,0,1.000,1.000,1.000,-85.57,177.17,-27.00,OPEN,0
672422.505,3,0,0,1.000,1.000,1.000,-85.83,177.44,-27.00,OPEN,0
672422.510,3,0,0,1.000,1.000,1.000,-86.11,177.72,-27.00,OPEN,0
672422.515,3,0,0,1.000,1.000,1.000,-86.42,178.03,-27.00,OPEN,0
672422.520,3,0,0,1.000,1.000,1.000,-86.71,178.32,-27.00,OPEN,0
672422.525,3,0,0,1.000,1.000,1.000,-86.99,178.60,-27.00,OPEN,0
672422.530,3,0,0,1.000,1.000,1.000,-87.28,178.89,-27.00,OPEN,0
672422.534,3,0,0,1.000,1.000,1.000,-87.55,179.16,-27.00,OPEN,0
672422.538,3,0,0,1.000,1.000,1.000,-87.81,179.42,-27.00,OPEN,0
672422.543,3,0,0,1.000,1.000,1.000,-88.10,179.70,-27.00,OPEN,0
672422.547,3,0,0,1.000,1.000,1.000,-88.33,179.94,-27.00,OPEN,0
672422.551,3,0,0,1.000,1.000,1.000,-88.55,180.00,-27.00,OPEN,0
672422.554,3,0,0,1.000,1.000,1.000,-88.76,180.00,-27.00,OPEN,0
672422.558,3,0,0,1.000,1.000,1.000,-88.98,180.00,-27.00,OPEN,0
672422.562,3,0,0,1.000,1.000,1.000,-89.21,180.00,-27.00,OPEN,1
672422.565,3,0,0,1.000,1.000,1.000,-89.44,180.00,-27.00,OPEN,0
672422.569,3,0,0,1.000,1.000,1.000,-89.66,180.00,-27.00,OPEN,0
672422.573,3,0,0,1.000,1.000,1.000,-89.89,180.00,-27.00,OPEN,0
672422.577,3,0,0,1.000,1.000,1.000,-90.00,180.00,-27.00,OPEN,0
672422.580,3,0,0,1.000,1.000,1.000,-90.00,180.00,-27.00,OPEN,0
672422.584,3,0,0,1.000,1.000,1.000,-90.00,180.00,-27.00,OPEN,0
672422.588,3,0,0,1.000,1.000,1.000,-90.00,180.00,-27.00,OPEN,0
672422.592,3,0,0,1.000,1.000,1.000,-90.00,180.00,-27.00,OPEN,0
672422.596,3,0,0,1.000,1.000,1.000,-90.00,180.00,-27.00,OPEN,0
672422.601,3,0,0,1.000,1.000,1.000,-90.00,180.00,-27.00,OPEN,0
672422.606,3,0,0,1.000,1.000,1.000,-90.00,180.00,-27.00,OPEN,0
672422.610,3,0,0,1.000,1.000,1.000,-90.00,180.00,-27.00,OPEN,0
672422.614,3,0,0,1.000,1.000,1.000,-90.00,180.00,-27.00,OPEN,0
672422.617,3,0,0,1.000,1.000,1.000,-90.00,180.00,-27.00,OPEN,0
672422.621,3,0,0,0.999,0.999,1.000,-90.00,180.00,-27.00,OPEN,0
672422.625,3,0,0,0.998,0.986,1.000,-90.00,180.00,-27.00,OPEN,0
672422.629,3,0,0,0.987,0.544,1.000,-90.00,180.00,-27.00,OPEN,0
672422.634,3,0,0,0.807,0.859,1.000,-90.00,180.00,-27.00,OPEN,0
672422.638,3,0,0,0.489,0.987,1.000,-90.00,180.00,-27.00,OPEN,0
672422.643,3,0,0,0.795,0.994,1.000,-90.00,180.00,-27.00,OPEN,0
672422.648,3,0,0,0.951,1.000,1.000,-90.00,180.00,-27.00,OPEN,0
672422.652,3,0,0,0.999,1.000,1.000,-90.00,180.00,-27.00,OPEN,0
672422.656,3,0,0,0.999,1.000,1.000,-90.00,180.00,-27.00,OPEN,0
672422.660,3,0,0,1.000,1.000,1.000,-90.00,180.00,-27.00,OPEN,0
672422.664,3,0,0,1.000,1.000,1.000,-90.00,180.00,-27.00,OPEN,1
672422.667,3,0,0,1.000,1.000,1.000,-90.00,180.00,-27.00,OPEN,0
672422.671,0,0,0,1.000,1.000,1.000,-90.00,180.00,-27.00,OPEN,0
672422.674,0,0,0,1.000,1.000,1.000,-90.00,180.00,-27.00,OPEN,0
672422.678,0,0,0,1.000,1.000,1.000,-90.00,180.00,-27.00,OPEN,0
672422.682,0,0,0,1.000,1.000,1.000,-90.00,180.00,-27.00,OPEN,0
672422.685,0,0,0,1.000,1.000,1.000,-90.00,180.00,-27.00,OPEN,0
672422.689,0,0,0,1.000,1.000,1.000,-90.00,180.00,-27.00,OPEN,0
672422.694,0,0,0,1.000,1.000,1.000,-90.00,180.00,-27.00,OPEN,0
672422.700,0,0,0,1.000,1.000,1.000,-90.00,180.00,-27.00,OPEN,0
672422.706,0,0,0,1.000,1.000,1.000,-90.00,180.00,-27.00,OPEN,0
672422.711,0,0,0,1.000,1.000,1.000,-90.00,180.00,-27.00,OPEN,0
672422.716,0,0,0,1.000,1.000,1.000,-90.00,180.00,-27.00,OPEN,0
672422.721,0,0,0,1.000,1.000,1.000,-90.00,180.00,-27.00,OPEN,0
672422.726,0,0,0,1.000,1.000,1.000,-90.00,180.00,-27.00,OPEN,0
672422.731,0,0,0,1.000,1.000,1.000,-90.00,180.00,-27.00,OPEN,0
672422.736,0,0,0,1.000,1.000,1.000,-90.00,180.00,-27.00,OPEN,0
672422.740,0,0,0,1.000,1.000,1.000,-90.00,180.00,-27.00,OPEN,0
672422.744,0,0,0,1.000,1.000,1.000,-90.00,180.00,-27.00,OPEN,0
672422.749,0,0,0,1.000,1.000,1.000,-90.00,180.00,-27.00,OPEN,0
672422.753,0,0,0,1.000,1.000,1.000,-90.00,180.00,-27.00,OPEN,0
672422.757,0,0,0,1.000,1.000,1.000,-90.00,180.00,-27.00,OPEN,0
672422.761,0,0,0,1.000,1.000,1.000,-90.00,180.00,-27.00,OPEN,0
672422.765,0,0,0,1.000,1.000,1.000,-90.00,180.00,-27.00,OPEN,0
672422.769,0,0,0,1.000,1.000,1.000,-90.00,180.00,-27.00,OPEN,0
672422.773,0,0,0,1.000,1.000,1.000,-90.00,180.00,-27.00,OPEN,0
672422.776,0,0,0,1.000,1.000,1.000,-90.00,180.00,-27.00,OPEN,0
672422.780,0,0,0,1.000,1.000,1.000,-90.00,180.00,-27.00,OPEN,0
672422.783,0,0,0,1.000,1.000,1.000,-90.00,180.00,-27.00,OPEN,0
672422.787,0,0,0,1.000,1.000,1.000,-90.00,180.00,-27.00,OPEN,0
672422.792,0,0,0,1.000,1.000,1.000,-90.00,180.00,-27.00,OPEN,0
672422.796,0,0,0,1.000,1.000,1.000,-90.00,180.00,-27.00,OPEN,0
672422.800,0,0,0,1.000,1.000,1.000,-90.00,180.00,-27.00,OPEN,0
672422.804,0,0,0,1.000,1.000,1.000,-90.00,180.00,-27.00,OPEN,0
672422.808,0,0,0,1.000,1.000,1.000,-90.00,180.00,-27.00,OPEN,0
672422.812,0,0,0,1.000,1.000,1.000,-90.00,180.00,-27.00,OPEN,0
672422.816,0,0,0,1.000,1.000,1.000,-90.00,180.00,-27.00,OPEN,0
672422.820,0,0,0,1.000,1.000,1.000,-90.00,180.00,-27.00,OPEN,0
672422.825,0,0,0,1.000,1.000,1.000,-90.00,180.00,-27.00,OPEN,0
672422.830,0,0,0,1.000,1.000,1.000,-90.00,180.00,-27.00,OPEN,0
672422.833,0,0,0,1.000,1.000,1.000,-90.00,180.00,-27.00,OPEN,0
672422.837,0,0,0,1.000,1.000,1.000,-90.00,180.00,-27.00,OPEN,0
672422.840,0,0,0,1.000,1.000,1.000,-90.00,180.00,-27.00,OPEN,0
672422.844,0,0,0,1.000,1.000,1.000,-90.00,180.00,-27.00,OPEN,0
672422.848,0,0,0,1.000,1.000,1.000,-90.00,180.00,-27.00,OPEN,0
672422.853,0,0,0,1.000,1.000,1.000,-90.00,180.00,-27.00,OPEN,0
672422.858,0,0,0,1.000,1.000,1.000,-90.00,180.00,-27.00,OPEN,0
672422.864,0,0,0,1.000,1.000,1.000,-90.00,180.00,-27.00,OPEN,0
672422.871,0,0,0,1.000,1.000,1.000,-90.00,180.00,-27.00,OPEN,0
672422.877,0,0,0,1.000,1.000,1.000,-90.00,180.00,-27.00,OPEN,0
672422.882,0,0,0,1.000,1.000,1.000,-90.00,180.00,-27.00,OPEN,0
672422.887,0,0,0,1.000,1.000,1.000,-90.00,180.00,-27.00,OPEN,0
672422.891,0,0,0,1.000,1.000,1.000,-90.00,180.00,-27.00,OPEN,0
672422.895,0,0,0,1.000,1.000,1.000,-90.00,180.00,-27.00,OPEN,0
672422.898,0,0,0,1.000,1.000,1.000,-90.00,180.00,-27.00,OPEN,0
672422.902,0,0,0,1.000,1.000,1.000,-90.00,180.00,-27.00,OPEN,0
672422.906,0,0,0,1.000,1.000,1.000,-90.00,180.00,-27.00,OPEN,0
672422.910,0,0,0,1.000,1.000,1.000,-90.00,180.00,-27.00,OPEN,0
672422.914,0,0,0,1.000,1.000,1.000,-90.00,180.00,-27.00,OPEN,0
672422.917,0,0,0,1.000,1.000,1.000,-90.00,180.00,-27.00,OPEN,0
672422.921,0,0,0,1.000,1.000,1.000,-90.00,180.00,-27.00,OPEN,0
672422.926,0,0,0,1.000,1.000,1.000,-90.00,180.00,-27.00,OPEN,0
672422.929,0,0,0,1.000,1.000,1.000,-90.00,180.00,-27.00,OPEN,0
672422.934,0,0,0,1.000,1.000,1.000,-90.00,180.00,-27.00,OPEN,0
672422.938,0,0,0,1.000,1.000,1.000,-90.00,180.00,-27.00,OPEN,0
672422.942,0,0,0,1.000,1.000,1.000,-90.00,180.00,-27.00,OPEN,0
672422.946,0,0,0,1.000,1.000,1.000,-90.00,180.00,-27.00,OPEN,0
672422.949,0,0,0,1.000,1.000,1.000,-90.00,180.00,-27.00,OPEN,0
672422.953,0,0,0,1.000,1.000,1.000,-90.00,180.00,-27.00,OPEN,0
672422.957,0,0,0,1.000,1.000,1.000,-90.00,180.00,-27.00,OPEN,0
672422.961,0,0,0,1.000,1.000,1.000,-90.00,180.00,-27.00,OPEN,0
672422.964,0,0,0,1.000,1.000,1.000,-90.00,180.00,-27.00,OPEN,0
672422.968,0,0,0,1.000,1.000,1.000,-90.00,180.00,-27.00,OPEN,0
672422.972,0,0,0,1.000,1.000,1.000,-90.00,180.00,-27.00,OPEN,0
672422.976,0,0,0,1.000,1.000,1.000,-90.00,180.00,-27.00,OPEN,0
672422.980,0,0,0,1.000,1.000,1.000,-90.00,180.00,-27.00,OPEN,0
672422.984,0,0,0,1.000,1.000,1.000,-90.00,180.00,-27.00,OPEN,0
672422.989,0,0,0,1.000,1.000,1.000,-90.00,180.00,-27.00,OPEN,0
672422.993,0,0,0,1.000,1.000,1.000,-90.00,180.00,-27.00,OPEN,0
672422.997,0,0,0,1.000,1.000,1.000,-90.00,180.00,-27.00,OPEN,0
672423.001,0,0,0,1.000,1.000,1.000,-90.00,180.00,-27.00,OPEN,0
672423.005,0,0,0,1.000,1.000,1.000,-90.00,180.00,-27.00,OPEN,0
672423.008,0,0,0,1.000,1.000,1.000,-90.00,180.00,-27.00,OPEN,0
672423.012,0,0,0,1.000,1.000,1.000,-90.00,180.00,-27.00,OPEN,0
672423.017,0,0,0,1.000,1.000,1.000,-90.00,180.00,-27.00,OPEN,0
672423.023,0,0,0,1.000,1.000,1.000,-90.00,180.00,-27.00,OPEN,0
672423.027,0,0,0,1.000,1.000,1.000,-90.00,180.00,-27.00,OPEN,0
672423.031,0,0,0,1.000,1.000,1.000,-90.00,180.00,-27.00,OPEN,0
672423.035,0,0,0,1.000,1.000,1.000,-90.00,180.00,-27.00,OPEN,0
672423.039,0,0,0,1.000,1.000,1.000,-90.00,180.00,-27.00,OPEN,0
672423.044,0,0,0,1.000,1.000,1.000,-90.00,180.00,-27.00,OPEN,0
672423.050,0,0,0,1.000,1.000,1.000,-90.00,180.00,-27.00,OPEN,0
672423.055,0,0,0,1.000,1.000,1.000,-90.00,180.00,-27.00,OPEN,0
672423.060,0,0,0,1.000,1.000,1.000,-90.00,180.00,-27.00,OPEN,0
672423.064,0,0,0,1.000,1.000,1.000,-90.00,180.00,-27.00,OPEN,0
672423.068,0,0,0,1.000,1.000,1.000,-90.00,180.00,-27.00,OPEN,0
672423.072,0,0,0,1.000,1.000,1.000,-90.00,180.00,-27.00,OPEN,0
672423.076,0,0,0,1.000,1.000,1.000,-90.00,180.00,-27.00,OPEN,0
672423.080,0,0,0,1.000,1.000,1.000,-90.00,180.00,-27.00,OPEN,0
672423.083,0,0,0,1.000,1.000,1.000,-90.00,180.00,-27.00,OPEN,0
672423.087,0,0,0,1.000,1.000,1.000,-90.00,180.00,-27.00,OPEN,0
672423.091,0,0,0,1.000,1.000,1.000,-90.00,180.00,-27.00,OPEN,0
672423.094,0,0,0,1.000,1.000,1.000,-90.00,180.00,-27.00,OPEN,0
672423.098,0,0,0,1.000,1.000,1.000,-90.00,180.00,-27.00,OPEN,0
672423.102,0,0,0,1.000,1.000,1.000,-90.00,180.00,-27.00,OPEN,0
672423.106,0,0,0,1.000,1.000,1.000,-90.00,180.00,-27.00,OPEN,0
672423.111,0,0,0,1.000,1.000,1.000,-90.00,180.00,-27.00,OPEN,0
672423.115,0,0,0,1.000,1.000,1.000,-90.00,180.00,-27.00,OPEN,0
672423.118,0,0,0,1.000,1.000,1.000,-90.00,180.00,-27.00,OPEN,0
672423.122,0,0,0,1.000,1.000,1.000,-90.00,180.00,-27.00,OPEN,0
672423.126,0,0,0,1.000,1.000,1.000,-90.00,180.00,-27.00,OPEN,0
672423.130,0,0,0,1.000,1.000,1.000,-90.00,180.00,-27.00,OPEN,0
672423.134,0,0,0,1.000,1.000,1.000,-90.00,180.00,-27.00,OPEN,0
672423.139,0,0,0,1.000,1.000,1.000,-90.00,180.00,-27.00,OPEN,0
672423.143,0,0,0,1.000,1.000,1.000,-90.00,180.00,-27.00,OPEN,0
672423.147,0,0,0,1.000,1.000,1.000,-90.00,180.00,-27.00,OPEN,0
672423.151,0,0,0,1.000,1.000,1.000,-90.00,180.00,-27.00,OPEN,0
672423.155,0,0,0,1.000,1.000,1.000,-90.00,180.00,-27.00,OPEN,0
672423.159,0,0,0,1.000,1.000,1.000,-90.00,180.00,-27.00,OPEN,0
672423.163,0,0,0,1.000,1.000,1.000,-90.00,180.00,-27.00,OPEN,0
672423.167,0,0,0,1.000,1.000,1.000,-90.00,180.00,-27.00,OPEN,0
672423.172,0,0,0,1.000,1.000,1.000,-90.00,180.00,-27.00,OPEN,0
672423.176,0,0,0,1.000,1.000,1.000,-90.00,180.00,-27.00,OPEN,0
672423.180,0,0,0,1.000,1.000,1.000,-90.00,180.00,-27.00,OPEN,0
672423.184,0,0,0,1.000,1.000,1.000,-90.00,180.00,-27.00,OPEN,0
672423.188,0,0,0,0.998,1.000,1.000,-90.00,180.00,-27.00,OPEN,0
672423.192,0,0,0,0.959,1.000,1.000,-90.00,180.00,-27.00,OPEN,0
672423.197,0,0,0,0.823,1.000,1.000,-90.00,180.00,-27.00,OPEN,0
672423.201,0,0,0,0.739,1.000,1.000,-90.00,180.00,-27.00,OPEN,0
672423.204,0,0,0,0.466,1.000,1.000,-90.00,180.00,-27.00,OPEN,0
672423.208,0,0,0,0.552,1.000,1.000,-90.00,180.00,-27.00,OPEN,0
672423.212,0,0,0,0.704,0.556,1.000,-90.00,180.00,-27.00,OPEN,0
672423.216,0,0,0,0.512,1.000,1.000,-90.00,180.00,-27.00,OPEN,0
672423.221,0,0,0,0.946,1.000,1.000,-90.00,180.00,-27.00,OPEN,0
672423.225,0,0,0,0.999,1.000,1.000,-90.00,180.00,-27.00,OPEN,0
672423.230,0,0,0,1.000,1.000,1.000,-90.00,180.00,-27.00,OPEN,0
672423.236,0,0,0,1.000,1.000,1.000,-90.00,180.00,-27.00,OPEN,0
672423.241,0,0,0,1.000,1.000,1.000,-90.00,180.00,-27.00,OPEN,0
672423.245,0,0,0,1.000,1.000,1.000,-90.00,180.00,-27.00,OPEN,0
672423.249,0,0,0,1.000,1.000,1.000,-90.00,180.00,-27.00,OPEN,0
672423.253,0,0,0,1.000,1.000,1.000,-90.00,180.00,-27.00,OPEN,0
672423.257,0,0,0,1.000,1.000,0.999,-90.00,180.00,-27.00,OPEN,0
672423.261,0,0,0,1.000,1.000,0.998,-90.00,180.00,-27.00,OPEN,0
672423.265,0,0,0,1.000,1.000,0.997,-90.00,180.00,-27.00,OPEN,0
672423.269,0,0,0,1.000,1.000,0.991,-90.00,180.00,-27.00,OPEN,0
672423.274,3,0,0,1.000,1.000,0.985,-90.00,180.00,-27.00,CLOSED,0
672423.279,3,0,0,1.000,1.000,0.970,-90.00,180.00,-27.00,CLOSED,0
672423.284,3,0,0,1.000,1.000,0.909,-90.00,180.00,-27.00,CLOSED,0
672423.289,3,0,0,1.000,1.000,0.574,-90.00,180.00,-27.00,CLOSED,0
672423.294,3,0,0,1.000,1.000,0.932,-90.00,180.00,-27.00,CLOSED,0
672423.298,3,0,0,1.000,1.000,0.996,-90.00,180.00,-27.00,CLOSED,0
672423.303,3,0,0,1.000,1.000,1.000,-90.00,180.00,-27.00,CLOSED,0
672423.307,3,0,0,1.000,1.000,1.000,-90.00,180.00,-27.00,CLOSED,0
672423.311,3,0,0,1.000,1.000,1.000,-90.00,180.00,-27.00,CLOSED,0
672423.315,3,0,0,1.000,1.000,1.000,-90.00,180.00,-27.00,CLOSED,0
672423.319,3,0,0,1.000,1.000,1.000,-90.00,180.00,-27.00,CLOSED,0
672423.323,3,0,0,1.000,1.000,1.000,-90.00,180.00,-27.00,CLOSED,0
672423.327,3,0,0,1.000,1.000,1.000,-90.00,180.00,-27.00,CLOSED,0
672423.330,3,0,0,1.000,1.000,1.000,-90.00,180.00,-27.00,CLOSED,0
672423.334,3,0,0,1.000,1.000,1.000,-90.00,180.00,-27.00,CLOSED,0
672423.338,3,0,0,1.000,1.000,1.000,-90.00,180.00,-27.00,CLOSED,0
672423.342,3,0,0,1.000,0.998,1.000,-90.00,180.00,-27.00,CLOSED,0
672423.346,3,0,0,1.000,1.000,1.000,-90.00,180.00,-27.00,CLOSED,0
672423.350,3,0,0,1.000,1.000,1.000,-90.00,180.00,-27.00,CLOSED,0
672423.354,3,0,0,1.000,1.000,1.000,-90.00,180.00,-27.00,CLOSED,0
672423.358,3,0,0,1.000,1.000,1.000,-90.00,180.00,-27.00,CLOSED,0
672423.362,3,0,0,1.000,1.000,1.000,-90.00,180.00,-27.00,CLOSED,0
672423.366,3,0,0,1.000,1.000,1.000,-90.00,180.00,-27.00,CLOSED,0
672423.371,3,0,0,1.000,1.000,1.000,-90.00,180.00,-27.00,CLOSED,0
672423.376,3,0,0,1.000,1.000,1.000,-90.00,180.00,-27.00,CLOSED,0
672423.380,3,0,0,1.000,1.000,1.000,-90.00,180.00,-27.00,CLOSED,0
672423.384,3,0,0,1.000,1.000,1.000,-90.00,180.00,-27.00,CLOSED,0
672423.388,3,0,0,1.000,1.000,1.000,-90.00,180.00,-27.00,CLOSED,0
672423.394,3,0,0,1.000,1.000,1.000,-90.00,180.00,-27.00,CLOSED,0
672423.399,3,0,0,1.000,1.000,1.000,-90.00,180.00,-27.00,CLOSED,0
672423.404,3,0,0,1.000,1.000,1.000,-90.00,180.00,-27.00,CLOSED,0
672423.408,3,0,0,1.000,1.000,1.000,-90.00,180.00,-27.00,CLOSED,0
672423.412,3,0,0,1.000,1.000,1.000,-90.00,180.00,-27.00,CLOSED,0
672423.416,3,0,0,1.000,1.000,1.000,-90.00,180.00,-27.00,CLOSED,0
672423.420,3,0,0,1.000,1.000,1.000,-90.00,180.00,-27.00,CLOSED,0
672423.424,3,0,0,1.000,1.000,1.000,-90.00,180.00,-27.00,CLOSED,0
672423.428,3,0,0,1.000,1.000,1.000,-90.00,180.00,-27.00,CLOSED,0
672423.431,3,0,0,1.000,0.651,1.000,-90.00,180.00,-27.00,CLOSED,0
672423.435,3,0,0,1.000,0.999,1.000,-90.00,180.00,-27.00,CLOSED,0
672423.439,3,0,0,1.000,1.000,1.000,-90.00,180.00,-27.00,CLOSED,0
672423.443,3,0,0,1.000,1.000,1.000,-90.00,180.00,-27.00,CLOSED,0
672423.447,3,0,0,1.000,1.000,1.000,-90.00,180.00,-27.00,CLOSED,0
672423.452,3,0,0,1.000,1.000,1.000,-90.00,180.00,-27.00,CLOSED,0
672423.457,3,0,0,1.000,1.000,1.000,-90.00,180.00,-27.00,CLOSED,0
672423.461,3,0,0,1.000,1.000,1.000,-90.00,180.00,-27.00,CLOSED,0
672423.466,3,0,0,1.000,1.000,1.000,-90.00,180.00,-27.00,CLOSED,0
672423.470,3,0,0,1.000,1.000,1.000,-90.00,180.00,-27.00,CLOSED,0
672423.474,3,0,0,1.000,1.000,1.000,-90.00,180.00,-27.00,CLOSED,0
672423.478,3,0,0,1.000,1.000,1.000,-90.00,180.00,-27.00,CLOSED,0
672423.481,3,0,0,1.000,1.000,1.000,-90.00,180.00,-27.00,CLOSED,0
672423.485,3,0,0,1.000,1.000,1.000,-90.00,180.00,-27.00,CLOSED,0
672423.489,3,0,0,1.000,1.000,1.000,-90.00,180.00,-27.00,CLOSED,0
672423.492,3,0,0,1.000,1.000,1.000,-90.00,180.00,-27.00,CLOSED,0
672423.497,3,0,0,1.000,1.000,1.000,-90.00,180.00,-27.00,CLOSED,0
672423.502,3,0,0,1.000,1.000,1.000,-90.00,180.00,-27.00,CLOSED,0
672423.506,3,0,0,1.000,1.000,1.000,-90.00,180.00,-27.00,CLOSED,0
672423.510,3,0,0,1.000,1.000,1.000,-90.00,180.00,-27.00,CLOSED,0
672423.514,3,0,0,1.000,1.000,1.000,-90.00,180.00,-27.00,CLOSED,0
672423.519,3,0,0,1.000,1.000,1.000,-90.00,180.00,-27.00,CLOSED,0
672423.523,3,0,0,1.000,1.000,1.000,-90.00,180.00,-27.00,CLOSED,0
672423.528,3,0,0,1.000,1.000,1.000,-90.00,180.00,-27.00,CLOSED,0
672423.533,3,0,0,1.000,1.000,1.000,-90.00,180.00,-27.00,CLOSED,0
672423.537,3,0,0,1.000,1.000,1.000,-90.00,180.00,-27.00,CLOSED,0
672423.541,3,0,0,1.000,1.000,1.000,-90.00,180.00,-27.00,CLOSED,0
672423.545,3,0,0,1.000,1.000,1.000,-90.00,180.00,-27.00,CLOSED,0
672423.549,3,0,0,1.000,1.000,1.000,-90.00,180.00,-27.00,CLOSED,0
672423.553,3,0,0,1.000,1.000,1.000,-90.00,180.00,-27.00,CLOSED,0
672423.556,3,0,0,1.000,1.000,1.000,-90.00,180.00,-27.00,CLOSED,0
672423.560,3,0,0,1.000,1.000,1.000,-90.00,180.00,-27.00,CLOSED,0
672423.564,3,0,0,1.000,1.000,1.000,-90.00,180.00,-27.00,CLOSED,0
672423.568,3,0,0,1.000,1.000,1.000,-90.00,180.00,-27.00,CLOSED,0
672423.572,3,0,0,1.000,1.000,1.000,-90.00,180.00,-27.00,CLOSED,0
672423.576,3,0,0,1.000,1.000,1.000,-90.00,180.00,-27.00,CLOSED,0
672423.580,3,0,0,1.000,1.000,1.000,-90.00,180.00,-27.00,CLOSED,0
672423.584,3,0,0,1.000,1.000,1.000,-90.00,180.00,-27.00,CLOSED,0
672423.588,3,0,0,1.000,1.000,1.000,-90.00,180.00,-27.00,CLOSED,0
672423.592,3,0,0,1.000,1.000,1.000,-90.00,180.00,-27.00,CLOSED,0
672423.596,3,0,0,1.000,1.000,1.000,-90.00,180.00,-27.00,CLOSED,0
672423.603,3,0,0,1.000,1.000,1.000,-90.00,180.00,-27.00,CLOSED,0
672423.614,3,0,0,1.000,1.000,1.000,-90.00,180.00,-27.00,CLOSED,0
672423.629,3,0,0,1.000,1.000,1.000,-90.00,180.00,-27.00,CLOSED,0
672423.638,3,0,0,1.000,1.000,1.000,-90.00,180.00,-27.00,CLOSED,0
672423.647,3,0,0,1.000,1.000,1.000,-90.00,180.00,-27.00,CLOSED,0
672423.654,3,0,0,1.000,1.000,1.000,-90.00,180.00,-27.00,CLOSED,0
672423.663,3,0,0,1.000,1.000,1.000,-90.00,180.00,-27.00,CLOSED,0
672423.668,3,0,0,1.000,1.000,1.000,-90.00,180.00,-27.00,CLOSED,0
672423.673,3,0,0,1.000,1.000,1.000,-90.00,180.00,-27.00,CLOSED,0
672423.678,3,0,0,1.000,1.000,1.000,-90.00,180.00,-27.00,CLOSED,0
672423.682,3,0,0,1.000,1.000,1.000,-90.00,180.00,-27.00,CLOSED,0
672423.686,3,0,0,1.000,1.000,1.000,-90.00,180.00,-27.00,CLOSED,0
672423.690,3,0,0,1.000,1.000,1.000,-90.00,180.00,-27.00,CLOSED,0
672423.693,3,0,0,1.000,0.999,1.000,-90.00,180.00,-27.00,CLOSED,0
672423.697,3,0,0,1.000,0.998,1.000,-90.00,180.00,-27.00,CLOSED,0
672423.700,3,0,0,1.000,0.997,1.000,-90.00,180.00,-27.00,CLOSED,0
672423.705,3,0,0,1.000,0.996,1.000,-90.00,180.00,-27.00,CLOSED,0
672423.708,3,0,0,1.000,0.986,1.000,-90.00,180.00,-27.00,CLOSED,0
672423.712,3,0,0,1.000,0.988,1.000,-90.00,180.00,-27.00,CLOSED,0
672423.717,3,0,0,1.000,0.987,1.000,-90.00,180.00,-27.00,CLOSED,0
672423.722,3,0,0,1.000,0.990,1.000,-90.00,180.00,-27.00,CLOSED,0
672423.726,3,0,0,1.000,0.994,1.000,-90.00,180.00,-27.00,CLOSED,0
672423.730,3,0,0,1.000,0.997,1.000,-90.00,180.00,-27.00,CLOSED,0
672423.734,3,0,0,1.000,0.998,1.000,-90.00,180.00,-27.00,CLOSED,0
672423.739,3,0,0,1.000,0.999,1.000,-90.00,180.00,-27.00,CLOSED,0
672423.743,3,0,0,1.000,1.000,1.000,-90.00,180.00,-27.00,CLOSED,0
672423.747,3,0,0,1.000,1.000,1.000,-90.00,180.00,-27.00,CLOSED,0
672423.751,3,1,0,1.000,1.000,1.000,-90.00,179.76,-27.00,CLOSED,0
672423.755,3,1,0,1.000,1.000,1.000,-90.00,179.52,-27.00,CLOSED,0
672423.758,3,1,0,1.000,1.000,1.000,-90.00,179.30,-27.00,CLOSED,1
672423.762,3,1,0,1.000,1.000,1.000,-90.00,179.09,-27.00,CLOSED,0
672423.766,3,1,0,1.000,1.000,1.000,-90.00,178.85,-27.00,CLOSED,0
672423.771,3,1,0,1.000,1.000,1.000,-90.00,178.57,-27.00,CLOSED,0
672423.775,3,1,0,1.000,1.000,1.000,-90.00,178.31,-27.00,CLOSED,0
672423.779,3,1,0,1.000,1.000,1.000,-90.00,178.05,-27.00,CLOSED,0
672423.785,3,1,0,1.000,1.000,1.000,-90.00,177.71,-27.00,CLOSED,0
672423.789,3,1,0,1.000,1.000,1.000,-90.00,177.48,-27.00,CLOSED,0
672423.792,3,1,0,0.999,0.999,1.000,-90.00,177.25,-27.00,CLOSED,0
672423.796,3,1,0,0.997,0.999,1.000,-90.00,177.04,-27.00,CLOSED,0
672423.800,3,1,0,0.988,0.998,1.000,-90.00,176.80,-27.00,CLOSED,0
672423.804,3,1,0,0.965,0.996,1.000,-90.00,176.58,-27.00,CLOSED,0
672423.807,3,1,0,0.874,0.995,1.000,-90.00,176.36,-27.00,CLOSED,0
672423.811,3,1,0,0.683,0.996,1.000,-90.00,176.14,-27.00,CLOSED,0
672423.815,3,1,0,0.722,0.998,1.000,-90.00,175.91,-27.00,CLOSED,0
672423.819,3,1,0,0.939,0.999,1.000,-90.00,175.68,-27.00,CLOSED,0
672423.823,3,1,0,0.988,1.000,1.000,-90.00,175.45,-27.00,CLOSED,0
672423.827,3,1,1,0.989,1.000,1.000,-89.73,175.18,-27.00,CLOSED,0
672423.831,3,1,1,0.989,1.000,1.000,-89.50,174.95,-27.00,CLOSED,0
672423.835,3,1,1,0.992,1.000,1.000,-89.27,174.72,-27.00,CLOSED,0
672423.838,3,1,1,0.989,1.000,1.000,-89.06,174.51,-27.00,CLOSED,0
672423.842,0,1,1,0.989,1.000,1.000,-88.83,174.28,-27.00,CLOSED,0
672423.846,0,1,1,0.989,1.000,1.000,-88.62,174.07,-27.00,CLOSED,0
672423.849,0,1,1,0.985,1.000,1.000,-88.41,173.86,-27.00,CLOSED,0
672423.853,0,1,1,0.981,1.000,1.000,-88.18,173.63,-27.00,CLOSED,0
672423.857,0,1,1,0.986,1.000,1.000,-87.92,173.37,-27.00,CLOSED,0
672423.861,0,1,1,0.987,1.000,1.000,-87.66,173.11,-27.00,CLOSED,1
672423.866,0,1,1,0.994,1.000,0.988,-87.41,172.86,-27.00,CLOSED,0
672423.869,0,1,1,0.999,1.000,0.645,-87.19,172.64,-27.00,CLOSED,0
672423.873,0,1,1,1.000,0.997,0.993,-86.98,172.43,-27.00,CLOSED,0
672423.877,0,1,1,1.000,0.984,1.000,-86.74,172.19,-27.00,CLOSED,0
672423.880,0,1,1,1.000,0.962,1.000,-86.53,171.98,-27.00,CLOSED,0
672423.884,0,1,1,1.000,0.930,1.000,-86.31,171.76,-27.00,CLOSED,0
672423.888,0,1,1,1.000,0.780,1.000,-86.08,171.54,-27.00,CLOSED,0
672423.892,0,1,1,1.000,0.613,1.000,-85.85,171.30,-27.00,CLOSED,0
672423.896,0,1,1,1.000,0.799,1.000,-85.62,171.07,-27.00,CLOSED,0
672423.899,0,1,1,1.000,0.897,1.000,-85.40,170.86,-27.00,CLOSED,0
672423.903,0,1,1,1.000,0.986,1.000,-85.18,170.63,-27.00,CLOSED,0
672423.907,0,1,1,1.000,0.996,1.000,-84.95,170.40,-27.00,CLOSED,0
672423.910,0,1,1,1.000,0.995,1.000,-84.74,170.19,-27.00,CLOSED,0
672423.914,0,1,1,1.000,0.992,1.000,-84.49,169.94,-27.00,CLOSED,0
672423.919,0,1,1,1.000,0.986,1.000,-84.20,169.65,-27.00,CLOSED,0
672423.923,0,1,1,1.000,0.986,1.000,-83.96,169.41,-27.00,CLOSED,0
672423.927,0,1,1,1.000,0.995,1.000,-83.72,169.18,-27.00,CLOSED,0
672423.931,0,1,1,1.000,1.000,1.000,-83.50,168.95,-27.00,CLOSED,0
672423.936,0,1,1,1.000,1.000,1.000,-83.18,168.63,-27.00,CLOSED,0
672423.940,0,1,1,1.000,1.000,1.000,-82.94,168.39,-27.00,CLOSED,0
672423.944,0,1,1,1.000,1.000,1.000,-82.71,168.16,-27.00,CLOSED,0
672423.948,0,1,1,1.000,1.000,1.000,-82.48,167.93,-27.00,CLOSED,0
672423.952,0,1,1,1.000,1.000,1.000,-82.26,167.71,-27.00,CLOSED,0
672423.955,0,1,1,1.000,1.000,1.000,-82.03,167.48,-27.00,CLOSED,0
672423.959,0,1,1,1.000,1.000,1.000,-81.80,167.25,-27.00,CLOSED,0
672423.963,0,1,1,1.000,1.000,1.000,-81.58,167.03,-27.00,CLOSED,1
672423.967,0,1,1,1.000,1.000,1.000,-81.35,166.80,-27.00,CLOSED,0
672423.971,0,1,1,1.000,1.000,1.000,-81.11,166.56,-27.00,CLOSED,0
672423.974,0,1,1,1.000,1.000,1.000,-80.88,166.34,-27.00,CLOSED,0
672423.978,0,1,1,1.000,1.000,1.000,-80.65,166.10,-27.00,CLOSED,0
672423.982,0,1,1,1.000,1.000,1.000,-80.42,165.87,-27.00,CLOSED,0
672423.986,0,1,1,1.000,1.000,1.000,-80.20,165.65,-27.00,CLOSED,0
672423.990,0,1,1,1.000,1.000,1.000,-79.98,165.43,-27.00,CLOSED,0
672423.993,0,1,1,1.000,1.000,1.000,-79.77,165.22,-27.00,CLOSED,0
672423.997,0,1,1,1.000,1.000,1.000,-79.55,165.01,-27.00,CLOSED,0
672424.000,0,1,1,1.000,1.000,1.000,-79.34,164.80,-27.00,CLOSED,0
672424.004,0,1,1,1.000,1.000,1.000,-79.13,164.58,-27.00,CLOSED,0
672424.007,0,1,1,1.000,1.000,1.000,-78.92,164.38,-27.00,CLOSED,0
672424.011,0,1,1,1.000,1.000,1.000,-78.72,164.17,-27.00,CLOSED,0
672424.014,0,1,1,1.000,1.000,1.000,-78.50,163.95,-27.00,CLOSED,0
672424.018,0,1,1,1.000,1.000,1.000,-78.26,163.71,-27.00,CLOSED,0
672424.022,0,1,1,1.000,1.000,1.000,-78.02,163.47,-27.00,CLOSED,0
672424.026,0,1,1,1.000,1.000,1.000,-77.80,163.25,-27.00,CLOSED,0
672424.030,0,1,1,1.000,1.000,1.000,-77.58,163.03,-27.00,CLOSED,0
672424.034,0,1,1,1.000,1.000,1.000,-77.34,162.79,-27.00,CLOSED,0
672424.037,0,1,1,1.000,1.000,1.000,-77.11,162.56,-27.00,CLOSED,0
672424.041,0,1,1,1.000,1.000,1.000,-76.87,162.32,-27.00,CLOSED,0
672424.045,0,1,1,1.000,1.000,1.000,-76.62,162.07,-27.00,CLOSED,0
672424.049,0,1,1,1.000,1.000,1.000,-76.38,161.83,-27.00,CLOSED,0
672424.053,0,1,1,1.000,1.000,1.000,-76.15,161.60,-27.00,CLOSED,0
672424.058,0,1,1,1.000,1.000,1.000,-75.90,161.35,-27.00,CLOSED,0
672424.063,0,1,1,1.000,1.000,1.000,-75.60,161.05,-27.00,CLOSED,0
672424.066,0,1,1,1.000,1.000,1.000,-75.36,160.81,-27.00,CLOSED,1
672424.071,0,1,1,1.000,1.000,1.000,-75.11,160.56,-27.00,CLOSED,0
672424.075,0,1,1,1.000,1.000,1.000,-74.85,160.30,-27.00,CLOSED,0
672424.079,0,1,1,1.000,1.000,1.000,-74.60,160.05,-27.00,CLOSED,0
672424.083,0,1,1,1.000,1.000,1.000,-74.37,159.82,-27.00,CLOSED,0
672424.087,0,1,1,1.000,1.000,1.000,-74.13,159.58,-27.00,CLOSED,0
672424.091,0,1,1,1.000,1.000,1.000,-73.90,159.35,-27.00,CLOSED,0
672424.095,0,1,1,1.000,1.000,1.000,-73.67,159.12,-27.00,CLOSED,0
672424.099,0,1,1,1.000,1.000,1.000,-73.43,158.88,-27.00,CLOSED,0
672424.103,0,1,1,1.000,1.000,1.000,-73.20,158.65,-27.00,CLOSED,0
672424.106,0,1,1,1.000,1.000,1.000,-72.98,158.43,-27.00,CLOSED,0
672424.110,0,1,1,1.000,1.000,1.000,-72.76,158.21,-27.00,CLOSED,0
672424.115,0,1,1,1.000,1.000,1.000,-72.48,157.93,-27.00,CLOSED,0
672424.118,0,1,1,1.000,1.000,1.000,-72.26,157.71,-27.00,CLOSED,0
672424.123,0,1,1,1.000,1.000,1.000,-72.00,157.45,-27.00,CLOSED,0
672424.127,0,1,1,1.000,1.000,1.000,-71.76,157.21,-27.00,CLOSED,0
672424.131,0,1,1,1.000,1.000,1.000,-71.51,156.96,-27.00,CLOSED,0
672424.135,0,1,1,1.000,1.000,1.000,-71.25,156.70,-27.00,CLOSED,0
672424.140,0,1,1,1.000,1.000,1.000,-70.97,156.42,-27.00,CLOSED,0
672424.144,0,1,1,1.000,1.000,1.000,-70.71,156.16,-27.00,CLOSED,0
672424.148,0,1,1,1.000,1.000,1.000,-70.48,155.93,-27.00,CLOSED,0
672424.152,0,1,1,1.000,1.000,1.000,-70.22,155.68,-27.00,CLOSED,0
672424.156,0,1,1,1.000,1.000,1.000,-69.99,155.44,-27.00,CLOSED,0
672424.160,0,1,1,1.000,1.000,1.000,-69.72,155.18,-27.00,CLOSED,0
672424.165,0,1,1,1.000,1.000,1.000,-69.45,154.90,-27.00,CLOSED,0
672424.169,0,1,1,1.000,1.000,1.000,-69.20,154.65,-27.00,CLOSED,1
672424.173,0,1,1,1.000,1.000,1.000,-68.95,154.40,-27.00,CLOSED,0
672424.178,0,1,1,1.000,1.000,1.000,-68.68,154.13,-27.00,CLOSED,0
672424.182,0,1,1,1.000,1.000,1.000,-68.44,153.89,-27.00,CLOSED,0
672424.186,0,1,1,1.000,1.000,1.000,-68.19,153.64,-27.00,CLOSED,0
672424.190,0,1,1,1.000,1.000,1.000,-67.94,153.40,-27.00,CLOSED,0
672424.194,0,1,1,1.000,1.000,1.000,-67.70,153.15,-27.00,CLOSED,0
672424.198,0,1,1,1.000,1.000,1.000,-67.45,152.90,-27.00,CLOSED,0
672424.202,0,1,1,0.999,1.000,1.000,-67.20,152.65,-27.00,CLOSED,0
672424.207,0,1,1,0.999,1.000,1.000,-66.96,152.41,-27.00,CLOSED,0
672424.210,0,1,1,0.999,1.000,1.000,-66.73,152.18,-27.00,CLOSED,0
672424.214,0,1,1,0.999,1.000,1.000,-66.49,151.94,-27.00,CLOSED,0
672424.219,0,1,1,1.000,1.000,1.000,-66.23,151.68,-27.00,CLOSED,0
672424.223,0,1,1,1.000,1.000,1.000,-66.00,151.45,-27.00,CLOSED,0
672424.227,0,1,1,1.000,1.000,1.000,-65.75,151.20,-27.00,CLOSED,0
672424.231,0,1,1,1.000,1.000,1.000,-65.47,150.92,-27.00,CLOSED,0
672424.235,0,1,1,1.000,1.000,1.000,-65.25,150.70,-27.00,CLOSED,0
672424.239,0,1,1,1.000,1.000,1.000,-65.01,150.46,-27.00,CLOSED,0
672424.243,0,1,1,1.000,1.000,1.000,-64.77,150.22,-27.00,CLOSED,0
672424.247,0,1,1,1.000,1.000,1.000,-64.52,149.97,-27.00,CLOSED,0
672424.252,0,1,1,1.000,1.000,1.000,-64.25,149.70,-27.00,CLOSED,0
672424.256,0,1,1,1.000,1.000,1.000,-64.00,149.45,-27.00,CLOSED,0
672424.260,0,1,1,1.000,1.000,1.000,-63.77,149.22,-27.00,CLOSED,0
672424.263,0,1,1,1.000,1.000,1.000,-63.54,149.00,-27.00,CLOSED,0
672424.267,0,1,1,1.000,1.000,1.000,-63.32,148.77,-27.00,CLOSED,0
672424.271,0,1,1,1.000,1.000,1.000,-63.07,148.52,-27.00,CLOSED,1
672424.275,0,1,1,1.000,1.000,1.000,-62.85,148.30,-27.00,CLOSED,0
672424.279,0,1,1,1.000,1.000,1.000,-62.62,148.07,-27.00,CLOSED,0
672424.283,0,1,1,1.000,1.000,1.000,-62.39,147.84,-27.00,CLOSED,0
672424.287,0,1,1,1.000,1.000,1.000,-62.16,147.61,-27.00,CLOSED,0
672424.290,0,1,1,1.000,1.000,1.000,-61.93,147.38,-27.00,CLOSED,0
672424.295,0,1,1,1.000,1.000,1.000,-61.65,147.10,-27.00,CLOSED,0
672424.299,0,1,1,1.000,1.000,1.000,-61.41,146.86,-27.00,CLOSED,0
672424.303,0,1,1,1.000,1.000,1.000,-61.15,146.60,-27.00,CLOSED,0
672424.307,0,1,1,1.000,1.000,1.000,-60.92,146.37,-27.00,CLOSED,0
672424.311,0,1,1,1.000,1.000,1.000,-60.69,146.14,-27.00,CLOSED,0
672424.315,0,1,1,1.000,1.000,1.000,-60.46,145.91,-27.00,CLOSED,0
672424.319,0,1,1,1.000,1.000,1.000,-60.22,145.67,-27.00,CLOSED,0
672424.323,0,1,1,0.999,1.000,1.000,-60.00,145.45,-27.00,CLOSED,0
672424.326,0,1,1,0.991,1.000,1.000,-59.79,145.24,-27.00,CLOSED,0
672424.330,0,1,1,0.975,1.000,1.000,-59.56,145.01,-27.00,CLOSED,0
672424.334,0,1,1,0.902,1.000,1.000,-59.30,144.75,-27.00,CLOSED,0
672424.338,0,1,1,0.669,1.000,1.000,-59.09,144.54,-27.00,CLOSED,0
672424.341,0,1,1,0.974,1.000,1.000,-58.87,144.32,-27.00,CLOSED,0
672424.346,0,1,1,0.993,1.000,1.000,-58.61,144.06,-27.00,CLOSED,0
672424.350,0,1,1,0.997,1.000,1.000,-58.38,143.83,-27.00,CLOSED,0
672424.354,0,1,1,0.995,1.000,1.000,-58.13,143.58,-27.00,CLOSED,0
672424.358,0,1,1,0.990,1.000,1.000,-57.87,143.32,-27.00,CLOSED,0
672424.362,0,1,1,0.982,1.000,1.000,-57.61,143.06,-27.00,CLOSED,0
672424.367,0,1,1,0.970,1.000,1.000,-57.32,142.77,-27.00,CLOSED,0
672424.372,0,1,1,0.999,1.000,1.000,-57.05,142.50,-27.00,CLOSED,1
672424.376,0,1,1,1.000,1.000,1.000,-56.81,142.27,-27.00,CLOSED,0
672424.380,0,1,1,1.000,1.000,1.000,-56.55,142.00,-27.00,CLOSED,0
672424.384,0,1,1,1.000,1.000,1.000,-56.31,141.76,-27.00,CLOSED,0
672424.389,0,1,1,1.000,1.000,1.000,-56.02,141.47,-27.00,CLOSED,0
672424.394,0,1,1,1.000,1.000,1.000,-55.74,141.19,-27.00,CLOSED,0
672424.398,0,1,1,1.000,1.000,1.000,-55.50,140.95,-27.00,CLOSED,0
672424.402,0,1,0,1.000,1.000,1.000,-55.79,140.65,-27.00,CLOSED,0
672424.406,0,1,0,1.000,1.000,1.000,-56.02,140.42,-27.00,CLOSED,0
672424.410,0,1,0,1.000,1.000,1.000,-56.25,140.20,-27.00,CLOSED,0
672424.414,0,1,0,1.000,1.000,1.000,-56.48,139.97,-27.00,CLOSED,0
672424.418,0,1,0,1.000,1.000,1.000,-56.72,139.73,-27.00,CLOSED,0
672424.422,0,1,0,1.000,1.000,1.000,-56.94,139.51,-27.00,CLOSED,0
672424.425,0,0,0,1.000,1.000,1.000,-57.17,139.74,-27.00,CLOSED,0
672424.429,0,0,0,1.000,1.000,1.000,-57.39,139.96,-27.00,CLOSED,0
672424.433,0,0,0,1.000,1.000,1.000,-57.60,140.17,-27.00,CLOSED,0
672424.436,0,0,0,1.000,1.000,1.000,-57.83,140.40,-27.00,CLOSED,0
672424.440,0,0,0,1.000,1.000,1.000,-58.03,140.61,-27.00,CLOSED,0
672424.444,1,0,0,1.000,1.000,1.000,-58.30,140.87,-22.50,CLOSED,0
672424.448,1,0,0,1.000,1.000,1.000,-58.54,141.11,-22.50,CLOSED,0
672424.453,1,0,0,1.000,1.000,1.000,-58.82,141.39,-22.50,CLOSED,0
672424.457,1,0,0,1.000,1.000,1.000,-59.08,141.65,-22.50,CLOSED,0
672424.461,1,0,0,1.000,1.000,1.000,-59.32,141.90,-22.50,CLOSED,0
672424.466,1,0,0,1.000,1.000,1.000,-59.58,142.15,-22.50,CLOSED,0
672424.470,1,0,0,1.000,1.000,1.000,-59.82,142.39,-22.50,CLOSED,0
672424.474,1,0,0,1.000,1.000,1.000,-60.11,142.68,-22.50,CLOSED,1
672424.478,1,0,0,1.000,1.000,1.000,-60.33,142.90,-22.50,CLOSED,0
672424.482,1,0,0,1.000,1.000,1.000,-60.54,143.11,-22.50,CLOSED,0
672424.485,1,0,0,1.000,1.000,1.000,-60.76,143.33,-22.50,CLOSED,0
672424.490,1,0,0,1.000,1.000,1.000,-61.02,143.59,-22.50,CLOSED,0
672424.493,1,0,0,1.000,1.000,1.000,-61.24,143.81,-22.50,CLOSED,0
672424.497,1,0,0,1.000,1.000,1.000,-61.48,144.05,-22.50,CLOSED,0
672424.503,1,0,0,1.000,1.000,1.000,-61.82,144.39,-22.50,CLOSED,0
672424.508,1,0,0,1.000,1.000,1.000,-62.11,144.68,-22.50,CLOSED,0
672424.513,1,0,0,1.000,1.000,1.000,-62.42,144.99,-22.50,CLOSED,0
672424.518,1,0,0,1.000,1.000,1.000,-62.72,145.29,-22.50,CLOSED,0
672424.523,1,0,0,1.000,1.000,1.000,-63.00,145.57,-22.50,CLOSED,0
672424.528,1,0,0,1.000,1.000,1.000,-63.33,145.90,-22.50,CLOSED,0
672424.533,1,0,0,1.000,1.000,1.000,-63.60,146.17,-22.50,CLOSED,0
672424.537,1,0,0,1.000,1.000,1.000,-63.84,146.42,-22.50,CLOSED,0
672424.540,1,0,0,1.000,1.000,1.000,-64.05,146.63,-22.50,CLOSED,0
672424.544,1,0,0,1.000,1.000,1.000,-64.27,146.84,-22.50,CLOSED,0
672424.547,1,0,0,1.000,1.000,1.000,-64.49,147.06,-18.00,CLOSED,0
672424.551,1,0,0,1.000,1.000,1.000,-64.73,147.30,-18.00,CLOSED,0
672424.555,1,0,0,1.000,1.000,1.000,-64.96,147.53,-18.00,CLOSED,0
672424.559,1,0,0,1.000,1.000,1.000,-65.18,147.75,-18.00,CLOSED,0
672424.562,1,0,0,1.000,1.000,1.000,-65.39,147.97,-18.00,CLOSED,0
672424.566,1,0,0,1.000,1.000,1.000,-65.62,148.20,-18.00,CLOSED,0
672424.570,1,0,0,1.000,1.000,1.000,-65.84,148.41,-18.00,CLOSED,0
672424.574,1,0,0,1.000,1.000,1.000,-66.06,148.64,-18.00,CLOSED,0
672424.577,1,0,0,1.000,1.000,1.000,-66.29,148.87,-18.00,CLOSED,1
672424.582,1,0,0,1.000,1.000,1.000,-66.54,149.11,-18.00,CLOSED,0
672424.586,1,0,0,1.000,1.000,1.000,-66.80,149.37,-18.00,CLOSED,0
672424.590,1,0,0,1.000,1.000,1.000,-67.03,149.60,-18.00,CLOSED,0
672424.593,1,0,0,1.000,1.000,1.000,-67.25,149.83,-18.00,CLOSED,0
672424.597,1,0,0,1.000,1.000,1.000,-67.48,150.05,-18.00,CLOSED,0
672424.601,1,0,0,1.000,1.000,1.000,-67.71,150.28,-18.00,CLOSED,0
672424.605,1,0,0,1.000,1.000,1.000,-67.95,150.52,-18.00,CLOSED,0
672424.609,1,0,0,1.000,1.000,1.000,-68.17,150.74,-18.00,CLOSED,0
672424.612,1,0,0,1.000,1.000,1.000,-68.39,150.96,-18.00,CLOSED,0
672424.616,1,0,0,1.000,1.000,1.000,-68.61,151.18,-18.00,CLOSED,0
672424.620,1,0,0,1.000,1.000,1.000,-68.82,151.39,-18.00,CLOSED,0
672424.623,1,0,0,1.000,1.000,1.000,-69.05,151.62,-18.00,CLOSED,0
672424.627,1,0,0,1.000,1.000,1.000,-69.28,151.85,-18.00,CLOSED,0
672424.632,1,0,0,1.000,1.000,1.000,-69.56,152.13,-18.00,CLOSED,0
672424.636,1,0,0,1.000,1.000,1.000,-69.78,152.35,-18.00,CLOSED,0
672424.639,1,0,0,1.000,1.000,1.000,-70.01,152.58,-18.00,CLOSED,0
672424.643,1,0,0,1.000,1.000,1.000,-70.21,152.79,-18.00,CLOSED,0
672424.647,1,0,0,1.000,1.000,1.000,-70.47,153.04,-18.00,CLOSED,0
672424.651,1,0,0,1.000,1.000,1.000,-70.71,153.28,-13.50,CLOSED,0
672424.655,1,0,0,1.000,1.000,1.000,-70.93,153.50,-13.50,CLOSED,0
672424.658,1,0,0,1.000,1.000,1.000,-71.13,153.70,-13.50,CLOSED,0
672424.662,1,0,0,1.000,1.000,1.000,-71.37,153.95,-13.50,CLOSED,0
672424.666,1,0,0,1.000,1.000,1.000,-71.59,154.16,-13.50,CLOSED,0
672424.669,1,0,0,1.000,1.000,1.000,-71.80,154.37,-13.50,CLOSED,0
672424.673,1,0,0,1.000,1.000,1.000,-72.01,154.58,-13.50,CLOSED,0
672424.677,1,0,0,1.000,1.000,1.000,-72.28,154.85,-13.50,CLOSED,0
672424.681,1,0,0,1.000,1.000,1.000,-72.49,155.07,-13.50,CLOSED,1
672424.684,1,0,0,1.000,1.000,1.000,-72.71,155.28,-13.50,CLOSED,0
672424.688,1,0,0,1.000,1.000,1.000,-72.92,155.49,-13.50,CLOSED,0
672424.691,1,0,0,1.000,1.000,1.000,-73.13,155.71,-13.50,CLOSED,0
672424.695,1,0,0,1.000,1.000,1.000,-73.36,155.93,-13.50,CLOSED,0
672424.700,1,0,0,1.000,1.000,1.000,-73.65,156.22,-13.50,CLOSED,0
672424.705,1,0,0,1.000,1.000,1.000,-73.95,156.52,-13.50,CLOSED,0
672424.711,1,0,0,1.000,1.000,1.000,-74.33,156.90,-13.50,CLOSED,0
672424.718,1,0,0,1.000,1.000,1.000,-74.73,157.30,-13.50,CLOSED,0
672424.724,1,0,0,1.000,1.000,1.000,-75.11,157.68,-13.50,CLOSED,0
672424.730,1,0,0,1.000,1.000,1.000,-75.46,158.03,-13.50,CLOSED,0
672424.736,1,0,0,1.000,1.000,1.000,-75.79,158.36,-13.50,CLOSED,0
672424.742,1,0,0,1.000,1.000,1.000,-76.17,158.75,-13.50,CLOSED,0
672424.747,1,0,0,1.000,1.000,1.000,-76.46,159.03,-13.50,CLOSED,0
672424.751,1,0,0,1.000,1.000,1.000,-76.73,159.30,-9.00,CLOSED,0
672424.756,1,0,0,1.000,1.000,1.000,-77.01,159.58,-9.00,CLOSED,0
672424.760,1,0,0,1.000,1.000,1.000,-77.27,159.84,-9.00,CLOSED,0
672424.765,1,0,0,1.000,1.000,1.000,-77.53,160.11,-9.00,CLOSED,0
672424.769,1,0,0,1.000,1.000,1.000,-77.78,160.35,-9.00,CLOSED,0
672424.773,1,0,0,1.000,1.000,1.000,-78.01,160.58,-9.00,CLOSED,0
672424.776,1,0,0,1.000,1.000,1.000,-78.22,160.79,-9.00,CLOSED,0
672424.780,1,0,0,1.000,1.000,1.000,-78.43,161.00,-9.00,CLOSED,0
672424.784,1,0,0,1.000,1.000,1.000,-78.66,161.23,-9.00,CLOSED,1
672424.788,1,0,0,1.000,1.000,1.000,-78.91,161.48,-9.00,CLOSED,0
672424.792,1,0,0,1.000,1.000,1.000,-79.14,161.71,-9.00,CLOSED,0
672424.795,1,0,0,1.000,1.000,1.000,-79.36,161.93,-9.00,CLOSED,0
672424.799,1,0,0,1.000,1.000,1.000,-79.58,162.15,-9.00,CLOSED,0
672424.802,1,0,0,1.000,1.000,1.000,-79.79,162.36,-9.00,CLOSED,0
672424.807,1,0,0,1.000,1.000,1.000,-80.07,162.64,-9.00,CLOSED,0
672424.811,1,0,0,1.000,1.000,1.000,-80.29,162.86,-9.00,CLOSED,0
672424.814,1,0,0,1.000,1.000,1.000,-80.51,163.08,-9.00,CLOSED,0
672424.818,1,0,0,1.000,1.000,1.000,-80.74,163.31,-9.00,CLOSED,0
672424.823,1,0,0,1.000,1.000,1.000,-81.03,163.60,-9.00,CLOSED,0
672424.828,1,0,0,1.000,1.000,1.000,-81.34,163.91,-9.00,CLOSED,0
672424.835,1,0,0,1.000,1.000,1.000,-81.75,164.32,-9.00,CLOSED,0
672424.840,1,0,0,1.000,1.000,1.000,-82.07,164.64,-9.00,CLOSED,0
672424.846,1,0,0,1.000,1.000,1.000,-82.42,165.00,-9.00,CLOSED,0
672424.853,1,0,0,1.000,1.000,1.000,-82.82,165.39,-4.50,CLOSED,0
672424.859,1,0,0,1.000,1.000,1.000,-83.19,165.76,-4.50,CLOSED,0
672424.865,1,0,0,1.000,1.000,1.000,-83.56,166.13,-4.50,CLOSED,0
672424.872,1,0,0,0.965,1.000,1.000,-83.94,166.51,-4.50,CLOSED,0
672424.877,1,0,0,0.898,1.000,1.000,-84.25,166.82,-4.50,CLOSED,0
672424.881,1,0,0,0.673,1.000,1.000,-84.53,167.10,-4.50,CLOSED,0
672424.886,1,0,0,0.753,1.000,1.000,-84.82,167.39,-4.50,CLOSED,1
672424.890,1,0,0,0.941,1.000,1.000,-85.06,167.64,-4.50,CLOSED,0
672424.894,1,0,0,0.979,1.000,1.000,-85.30,167.87,-4.50,CLOSED,0
672424.898,1,0,0,0.998,1.000,1.000,-85.54,168.12,-4.50,CLOSED,0
672424.903,1,0,0,1.000,1.000,1.000,-85.80,168.37,-4.50,CLOSED,0
672424.906,1,0,0,1.000,1.000,1.000,-86.03,168.60,-4.50,CLOSED,0
672424.910,0,0,0,1.000,1.000,1.000,-86.26,168.83,-4.50,CLOSED,0
672424.915,0,0,0,1.000,1.000,1.000,-86.52,169.09,-4.50,CLOSED,0
672424.919,0,0,0,1.000,1.000,1.000,-86.80,169.37,-4.50,CLOSED,0
672424.924,0,0,0,1.000,1.000,1.000,-87.09,169.66,-4.50,CLOSED,0
672424.929,0,0,0,1.000,1.000,1.000,-87.38,169.95,-4.50,CLOSED,0
672424.933,0,0,0,1.000,1.000,1.000,-87.65,170.23,-4.50,CLOSED,0
672424.938,0,0,0,1.000,1.000,1.000,-87.90,170.47,-4.50,CLOSED,0
672424.942,0,0,0,1.000,1.000,1.000,-88.16,170.73,-4.50,CLOSED,0
672424.946,0,0,0,1.000,1.000,1.000,-88.40,170.98,-4.50,CLOSED,0
672424.950,0,0,0,1.000,1.000,1.000,-88.66,171.23,-4.50,CLOSED,0
672424.954,0,0,0,1.000,1.000,1.000,-88.91,171.48,-4.50,CLOSED,0
672424.959,0,0,0,1.000,1.000,1.000,-89.19,171.76,-4.50,CLOSED,0
672424.964,0,0,0,1.000,1.000,1.000,-89.49,172.06,-4.50,CLOSED,0
672424.969,0,0,0,1.000,1.000,1.000,-89.76,172.33,-4.50,CLOSED,0
672424.973,0,0,0,1.000,1.000,1.000,-90.00,172.61,-4.50,CLOSED,0
672424.978,0,0,0,1.000,1.000,1.000,-90.00,172.90,-4.50,CLOSED,0
672424.983,0,0,0,1.000,1.000,1.000,-90.00,173.20,-4.50,CLOSED,0
672424.988,0,0,0,1.000,1.000,1.000,-90.00,173.51,-4.50,CLOSED,1
672424.993,0,0,0,1.000,1.000,1.000,-90.00,173.79,-4.50,CLOSED,0
672424.997,0,0,0,1.000,1.000,1.000,-90.00,174.04,-4.50,CLOSED,0
672425.001,0,0,0,1.000,1.000,1.000,-90.00,174.29,-4.50,CLOSED,0
672425.005,0,0,0,1.000,1.000,1.000,-90.00,174.51,-4.50,CLOSED,0
672425.010,0,0,0,1.000,1.000,1.000,-90.00,174.80,-4.50,CLOSED,0
672425.013,0,0,0,1.000,1.000,1.000,-90.00,175.02,-4.50,CLOSED,0
672425.017,0,0,0,1.000,1.000,1.000,-90.00,175.25,-4.50,CLOSED,0
672425.021,0,0,0,1.000,1.000,1.000,-90.00,175.46,-4.50,CLOSED,0
672425.024,0,0,0,1.000,1.000,1.000,-90.00,175.66,-4.50,CLOSED,0
672425.027,0,0,0,0.999,1.000,1.000,-90.00,175.86,-4.50,CLOSED,0
672425.031,0,0,0,0.993,1.000,1.000,-90.00,176.07,-4.50,CLOSED,0
672425.035,0,0,0,0.986,1.000,1.000,-90.00,176.29,-4.50,CLOSED,0
672425.038,0,0,0,0.982,1.000,1.000,-90.00,176.51,-4.50,CLOSED,0
672425.043,0,0,0,0.984,1.000,1.000,-90.00,176.83,-4.50,CLOSED,0
672425.048,0,0,0,0.987,1.000,1.000,-90.00,177.12,-4.50,CLOSED,0
672425.055,0,0,0,0.982,1.000,1.000,-90.00,177.49,-4.50,CLOSED,0
672425.059,0,0,0,0.993,1.000,1.000,-90.00,177.77,-4.50,CLOSED,0
672425.064,0,0,0,0.996,1.000,1.000,-90.00,178.03,-4.50,CLOSED,0
672425.068,0,0,0,0.998,1.000,1.000,-90.00,178.29,-4.50,CLOSED,0
672425.072,0,0,0,0.999,1.000,1.000,-90.00,178.56,-4.50,CLOSED,0
672425.077,0,0,0,0.999,1.000,1.000,-90.00,178.82,-4.50,CLOSED,0
672425.081,0,0,0,1.000,1.000,1.000,-90.00,179.06,-4.50,CLOSED,0
672425.085,0,0,0,1.000,1.000,1.000,-90.00,179.29,-4.50,CLOSED,0
672425.089,0,0,0,1.000,1.000,1.000,-90.00,179.53,-4.50,CLOSED,1
672425.092,0,0,0,1.000,1.000,1.000,-90.00,179.75,-4.50,CLOSED,0
672425.096,0,0,0,1.000,1.000,1.000,-90.00,179.98,-4.50,CLOSED,0
672425.100,0,0,0,1.000,1.000,1.000,-90.00,180.00,-4.50,CLOSED,0
672425.104,0,0,0,1.000,1.000,1.000,-90.00,180.00,-4.50,CLOSED,0
672425.107,0,0,0,1.000,1.000,1.000,-90.00,180.00,-4.50,CLOSED,0
672425.111,0,0,0,1.000,1.000,1.000,-90.00,180.00,-4.50,CLOSED,0
672425.115,0,0,0,1.000,1.000,1.000,-90.00,180.00,-4.50,CLOSED,0
672425.119,0,0,0,1.000,1.000,1.000,-90.00,180.00,-4.50,CLOSED,0
672425.124,0,0,0,1.000,1.000,1.000,-90.00,180.00,-4.50,CLOSED,0
672425.128,0,0,0,0.999,1.000,1.000,-90.00,180.00,-4.50,CLOSED,0
672425.133,0,0,0,1.000,1.000,1.000,-90.00,180.00,-4.50,CLOSED,0
672425.137,0,0,0,1.000,1.000,1.000,-90.00,180.00,-4.50,CLOSED,0
672425.142,0,0,0,1.000,1.000,1.000,-90.00,180.00,-4.50,CLOSED,0
672425.147,0,0,0,1.000,1.000,1.000,-90.00,180.00,-4.50,CLOSED,0
672425.151,0,0,0,1.000,1.000,1.000,-90.00,180.00,-4.50,CLOSED,0
672425.156,0,0,0,1.000,1.000,1.000,-90.00,180.00,-4.50,CLOSED,0
672425.160,0,0,0,1.000,1.000,1.000,-90.00,180.00,-4.50,CLOSED,0
672425.164,0,0,0,1.000,1.000,1.000,-90.00,180.00,-4.50,CLOSED,0
672425.168,0,0,0,1.000,1.000,1.000,-90.00,180.00,-4.50,CLOSED,0
672425.172,0,0,0,1.000,1.000,1.000,-90.00,180.00,-4.50,CLOSED,0
672425.177,0,0,0,1.000,1.000,1.000,-90.00,180.00,-4.50,CLOSED,0
672425.182,0,0,0,1.000,1.000,1.000,-90.00,180.00,-4.50,CLOSED,0
672425.186,0,0,0,1.000,1.000,1.000,-90.00,180.00,-4.50,CLOSED,0
672425.189,0,0,0,1.000,1.000,1.000,-90.00,180.00,-4.50,CLOSED,0
672425.193,0,0,0,1.000,1.000,1.000,-90.00,180.00,-4.50,CLOSED,0
672425.196,0,0,0,1.000,1.000,1.000,-90.00,180.00,-4.50,CLOSED,0
672425.200,0,0,0,1.000,1.000,1.000,-90.00,180.00,-4.50,CLOSED,0
672425.204,0,0,0,1.000,1.000,1.000,-90.00,180.00,-4.50,CLOSED,0
672425.208,0,0,0,1.000,1.000,1.000,-90.00,180.00,-4.50,CLOSED,0
672425.211,0,0,0,1.000,1.000,1.000,-90.00,180.00,-4.50,CLOSED,0
672425.215,0,0,0,1.000,1.000,1.000,-90.00,180.00,-4.50,CLOSED,0
672425.219,0,0,0,1.000,1.000,1.000,-90.00,180.00,-4.50,CLOSED,0
672425.223,0,0,0,1.000,1.000,1.000,-90.00,180.00,-4.50,CLOSED,0
672425.226,0,0,0,1.000,1.000,1.000,-90.00,180.00,-4.50,CLOSED,0
672425.229,0,0,0,1.000,1.000,1.000,-90.00,180.00,-4.50,CLOSED,0
672425.233,0,0,0,1.000,1.000,1.000,-90.00,180.00,-4.50,CLOSED,0
672425.236,0,0,0,1.000,1.000,1.000,-90.00,180.00,-4.50,CLOSED,0
672425.241,0,0,0,1.000,1.000,1.000,-90.00,180.00,-4.50,CLOSED,0
672425.244,0,0,0,1.000,1.000,1.000,-90.00,180.00,-4.50,CLOSED,0
672425.248,0,0,0,1.000,1.000,1.000,-90.00,180.00,-4.50,CLOSED,0
672425.252,0,0,0,1.000,1.000,1.000,-90.00,180.00,-4.50,CLOSED,0
672425.256,0,0,0,1.000,1.000,1.000,-90.00,180.00,-4.50,CLOSED,0
672425.259,0,0,0,1.000,1.000,1.000,-90.00,180.00,-4.50,CLOSED,0
672425.263,0,0,0,1.000,1.000,1.000,-90.00,180.00,-4.50,CLOSED,0
672425.267,0,0,0,1.000,1.000,1.000,-90.00,180.00,-4.50,CLOSED,0
672425.271,0,0,0,1.000,1.000,1.000,-90.00,180.00,-4.50,CLOSED,0
672425.275,0,0,0,1.000,1.000,1.000,-90.00,180.00,-4.50,CLOSED,0
672425.279,0,0,0,1.000,1.000,1.000,-90.00,180.00,-4.50,CLOSED,0
672425.284,0,0,0,1.000,1.000,1.000,-90.00,180.00,-4.50,CLOSED,0
672425.288,0,0,0,1.000,1.000,1.000,-90.00,180.00,-4.50,CLOSED,0
672425.292,0,0,0,1.000,1.000,1.000,-90.00,180.00,-4.50,CLOSED,0
672425.296,0,0,0,1.000,1.000,1.000,-90.00,180.00,-4.50,CLOSED,0
672425.300,0,0,0,1.000,1.000,1.000,-90.00,180.00,-4.50,CLOSED,0
672425.304,0,0,0,1.000,1.000,1.000,-90.00,180.00,-4.50,CLOSED,0
672425.307,0,0,0,1.000,1.000,1.000,-90.00,180.00,-4.50,CLOSED,0
672425.311,0,0,0,1.000,1.000,1.000,-90.00,180.00,-4.50,CLOSED,0
672425.315,0,0,0,1.000,1.000,1.000,-90.00,180.00,-4.50,CLOSED,0
672425.318,0,0,0,1.000,1.000,1.000,-90.00,180.00,-4.50,CLOSED,0
672425.322,0,0,0,1.000,1.000,1.000,-90.00,180.00,-4.50,CLOSED,0
672425.326,0,0,0,1.000,1.000,1.000,-90.00,180.00,-4.50,CLOSED,0
672425.330,0,0,0,1.000,1.000,1.000,-90.00,180.00,-4.50,CLOSED,0
672425.334,0,0,0,1.000,1.000,1.000,-90.00,180.00,-4.50,CLOSED,0
672425.337,0,0,0,1.000,1.000,1.000,-90.00,180.00,-4.50,CLOSED,0
672425.341,0,0,0,1.000,1.000,1.000,-90.00,180.00,-4.50,CLOSED,0
672425.345,0,0,0,1.000,1.000,1.000,-90.00,180.00,-4.50,CLOSED,0
672425.349,0,0,0,1.000,1.000,1.000,-90.00,180.00,-4.50,CLOSED,0
672425.353,0,0,0,1.000,1.000,1.000,-90.00,180.00,-4.50,CLOSED,0
672425.357,0,0,0,1.000,1.000,1.000,-90.00,180.00,-4.50,CLOSED,0
672425.360,0,0,0,1.000,1.000,1.000,-90.00,180.00,-4.50,CLOSED,0
672425.364,0,0,0,1.000,1.000,1.000,-90.00,180.00,-4.50,CLOSED,0
672425.368,0,0,0,1.000,1.000,1.000,-90.00,180.00,-4.50,CLOSED,0
672425.371,0,0,0,1.000,1.000,1.000,-90.00,180.00,-4.50,CLOSED,0
672425.375,0,0,0,1.000,1.000,1.000,-90.00,180.00,-4.50,CLOSED,0
672425.380,0,0,0,1.000,1.000,1.000,-90.00,180.00,-4.50,CLOSED,0
672425.385,0,0,0,1.000,1.000,1.000,-90.00,180.00,-4.50,CLOSED,0
672425.389,0,0,0,1.000,1.000,1.000,-90.00,180.00,-4.50,CLOSED,0
672425.394,0,0,0,1.000,1.000,1.000,-90.00,180.00,-4.50,CLOSED,0
672425.398,0,0,0,1.000,1.000,1.000,-90.00,180.00,-4.50,CLOSED,0
672425.402,0,0,0,1.000,1.000,1.000,-90.00,180.00,-4.50,CLOSED,0
672425.406,0,0,0,1.000,1.000,1.000,-90.00,180.00,-4.50,CLOSED,0
672425.410,0,0,0,1.000,1.000,1.000,-90.00,180.00,-4.50,CLOSED,0
672425.414,0,0,0,1.000,1.000,1.000,-90.00,180.00,-4.50,CLOSED,0
672425.417,0,0,0,1.000,1.000,1.000,-90.00,180.00,-4.50,CLOSED,0
672425.421,0,0,0,1.000,1.000,1.000,-90.00,180.00,-4.50,CLOSED,0
672425.425,0,0,0,1.000,1.000,1.000,-90.00,180.00,-4.50,CLOSED,0
672425.429,0,0,0,1.000,1.000,1.000,-90.00,180.00,-4.50,CLOSED,0
672425.432,0,0,0,1.000,1.000,1.000,-90.00,180.00,-4.50,CLOSED,0
672425.436,0,0,0,1.000,1.000,1.000,-90.00,180.00,-4.50,CLOSED,0
672425.441,0,0,0,1.000,1.000,1.000,-90.00,180.00,-4.50,CLOSED,0
672425.445,0,0,0,1.000,1.000,1.000,-90.00,180.00,-4.50,CLOSED,0
672425.449,0,0,0,0.998,1.000,1.000,-90.00,180.00,-4.50,CLOSED,0
672425.453,0,0,0,0.973,1.000,1.000,-90.00,180.00,-4.50,CLOSED,0
672425.457,0,0,0,0.614,1.000,1.000,-90.00,180.00,-4.50,CLOSED,0
672425.460,0,0,0,0.977,1.000,1.000,-90.00,180.00,-4.50,CLOSED,0
672425.464,0,0,0,0.999,1.000,1.000,-90.00,180.00,-4.50,CLOSED,0
672425.469,0,0,0,1.000,1.000,1.000,-90.00,180.00,-4.50,CLOSED,0
672425.472,0,0,0,1.000,1.000,1.000,-90.00,180.00,-4.50,CLOSED,0
672425.476,0,0,0,1.000,1.000,1.000,-90.00,180.00,-4.50,CLOSED,0
672425.479,0,0,0,1.000,1.000,1.000,-90.00,180.00,-4.50,CLOSED,0
672425.484,0,0,0,1.000,1.000,1.000,-90.00,180.00,-4.50,CLOSED,0
672425.489,0,0,0,1.000,1.000,1.000,-90.00,180.00,-4.50,CLOSED,0
672425.494,0,0,0,1.000,1.000,1.000,-90.00,180.00,-4.50,CLOSED,0
672425.498,0,0,0,1.000,1.000,1.000,-90.00,180.00,-4.50,CLOSED,0
672425.501,0,0,0,1.000,1.000,1.000,-90.00,180.00,-4.50,CLOSED,0
672425.505,0,0,0,1.000,1.000,1.000,-90.00,180.00,-4.50,CLOSED,0
672425.509,0,0,0,1.000,1.000,1.000,-90.00,180.00,-4.50,CLOSED,0
672425.513,2,0,0,1.000,1.000,1.000,-90.00,180.00,-9.00,CLOSED,1
672425.518,2,0,0,1.000,1.000,1.000,-90.00,180.00,-9.00,CLOSED,0
672425.522,2,0,0,1.000,1.000,1.000,-90.00,180.00,-9.00,CLOSED,0
672425.527,2,0,0,1.000,1.000,1.000,-90.00,180.00,-9.00,CLOSED,0
672425.532,2,0,0,1.000,1.000,1.000,-90.00,180.00,-9.00,CLOSED,0
672425.536,2,0,0,1.000,1.000,1.000,-90.00,180.00,-9.00,CLOSED,0
672425.540,2,0,0,1.000,1.000,1.000,-90.00,180.00,-9.00,CLOSED,0
672425.544,2,0,0,1.000,1.000,1.000,-90.00,180.00,-9.00,CLOSED,0
672425.548,2,0,0,1.000,1.000,1.000,-90.00,180.00,-9.00,CLOSED,0
672425.552,2,0,0,1.000,1.000,1.000,-90.00,180.00,-9.00,CLOSED,0
672425.556,2,0,0,1.000,1.000,1.000,-90.00,180.00,-9.00,CLOSED,0
672425.560,2,0,0,1.000,1.000,1.000,-90.00,180.00,-9.00,CLOSED,0
672425.563,2,0,0,1.000,1.000,1.000,-90.00,180.00,-9.00,CLOSED,0
672425.567,2,0,0,1.000,1.000,1.000,-90.00,180.00,-9.00,CLOSED,0
672425.571,2,0,0,1.000,1.000,1.000,-90.00,180.00,-9.00,CLOSED,0
672425.575,2,0,0,1.000,1.000,1.000,-90.00,180.00,-9.00,CLOSED,0
672425.580,2,0,0,1.000,1.000,1.000,-90.00,180.00,-9.00,CLOSED,0
672425.584,2,0,0,1.000,1.000,1.000,-90.00,180.00,-9.00,CLOSED,0
672425.589,2,0,0,1.000,1.000,1.000,-90.00,180.00,-9.00,CLOSED,0
672425.594,2,0,0,1.000,1.000,1.000,-90.00,180.00,-9.00,CLOSED,0
672425.598,2,0,0,1.000,1.000,1.000,-90.00,180.00,-9.00,CLOSED,0
672425.602,2,0,0,1.000,1.000,1.000,-90.00,180.00,-9.00,CLOSED,0
672425.606,2,0,0,1.000,1.000,1.000,-90.00,180.00,-9.00,CLOSED,0
672425.610,2,0,0,1.000,1.000,1.000,-90.00,180.00,-9.00,CLOSED,0
672425.614,2,0,0,1.000,1.000,1.000,-90.00,180.00,-13.50,CLOSED,1
672425.617,2,0,0,1.000,1.000,1.000,-90.00,180.00,-13.50,CLOSED,0
672425.621,2,0,0,1.000,1.000,1.000,-90.00,180.00,-13.50,CLOSED,0
672425.624,2,0,0,1.000,1.000,1.000,-90.00,180.00,-13.50,CLOSED,0
672425.628,2,0,0,1.000,1.000,1.000,-90.00,180.00,-13.50,CLOSED,0
672425.632,2,0,0,1.000,1.000,1.000,-90.00,180.00,-13.50,CLOSED,0
672425.636,2,0,0,1.000,1.000,1.000,-90.00,180.00,-13.50,CLOSED,0
672425.640,2,0,0,1.000,1.000,1.000,-90.00,180.00,-13.50,CLOSED,0
672425.643,2,0,0,1.000,1.000,1.000,-90.00,180.00,-13.50,CLOSED,0
672425.648,2,0,0,1.000,1.000,1.000,-90.00,180.00,-13.50,CLOSED,0
672425.651,2,0,0,1.000,1.000,1.000,-90.00,180.00,-13.50,CLOSED,0
672425.655,2,0,0,1.000,1.000,1.000,-90.00,180.00,-13.50,CLOSED,0
672425.659,2,0,0,1.000,1.000,1.000,-90.00,180.00,-13.50,CLOSED,0
672425.663,2,0,0,1.000,1.000,1.000,-90.00,180.00,-13.50,CLOSED,0
672425.667,2,0,0,1.000,1.000,1.000,-90.00,180.00,-13.50,CLOSED,0
672425.671,2,0,0,1.000,1.000,1.000,-90.00,180.00,-13.50,CLOSED,0
672425.675,2,0,0,1.000,1.000,1.000,-90.00,180.00,-13.50,CLOSED,0
672425.679,2,0,0,1.000,1.000,1.000,-90.00,180.00,-13.50,CLOSED,0
672425.682,2,0,0,1.000,1.000,1.000,-90.00,180.00,-13.50,CLOSED,0
672425.686,2,0,0,1.000,1.000,1.000,-90.00,180.00,-13.50,CLOSED,0
672425.690,2,0,0,1.000,1.000,1.000,-90.00,180.00,-13.50,CLOSED,0
672425.693,2,0,0,1.000,1.000,1.000,-90.00,180.00,-13.50,CLOSED,0
672425.697,2,0,0,1.000,1.000,1.000,-90.00,180.00,-13.50,CLOSED,0
672425.701,2,0,0,1.000,1.000,1.000,-90.00,180.00,-13.50,CLOSED,0
672425.705,2,0,0,1.000,1.000,1.000,-90.00,180.00,-13.50,CLOSED,0
672425.708,2,0,0,1.000,1.000,1.000,-90.00,180.00,-13.50,CLOSED,0
672425.713,2,0,0,1.000,1.000,1.000,-90.00,180.00,-13.50,CLOSED,0
672425.717,2,0,0,1.000,1.000,1.000,-90.00,180.00,-18.00,CLOSED,1
672425.720,2,0,0,1.000,1.000,1.000,-90.00,180.00,-18.00,CLOSED,0
672425.724,2,0,0,1.000,1.000,1.000,-90.00,180.00,-18.00,CLOSED,0
672425.730,2,0,0,1.000,1.000,1.000,-90.00,180.00,-18.00,CLOSED,0
672425.733,2,0,0,1.000,1.000,1.000,-90.00,180.00,-18.00,CLOSED,0
672425.738,2,0,0,1.000,1.000,1.000,-90.00,180.00,-18.00,CLOSED,0
672425.743,2,0,0,1.000,1.000,1.000,-90.00,180.00,-18.00,CLOSED,0
672425.746,2,0,0,1.000,1.000,1.000,-90.00,180.00,-18.00,CLOSED,0
672425.750,2,0,0,1.000,1.000,1.000,-90.00,180.00,-18.00,CLOSED,0
672425.754,2,0,0,1.000,1.000,1.000,-90.00,180.00,-18.00,CLOSED,0
672425.758,2,0,0,1.000,1.000,1.000,-90.00,180.00,-18.00,CLOSED,0
672425.764,2,0,0,1.000,1.000,1.000,-90.00,180.00,-18.00,CLOSED,0
672425.776,2,0,0,1.000,1.000,1.000,-90.00,180.00,-18.00,CLOSED,0
672425.794,2,0,0,1.000,1.000,1.000,-90.00,180.00,-18.00,CLOSED,0
672425.805,2,0,0,1.000,1.000,1.000,-90.00,180.00,-18.00,CLOSED,0
672425.813,2,0,0,1.000,1.000,1.000,-90.00,180.00,-18.00,CLOSED,0
672425.821,2,0,0,1.000,1.000,1.000,-90.00,180.00,-22.50,CLOSED,1
672425.827,2,0,0,1.000,1.000,1.000,-90.00,180.00,-22.50,CLOSED,0
672425.831,2,0,0,1.000,1.000,1.000,-90.00,180.00,-22.50,CLOSED,0
672425.835,2,0,0,1.000,1.000,1.000,-90.00,180.00,-22.50,CLOSED,0
672425.839,2,0,0,1.000,1.000,1.000,-90.00,180.00,-22.50,CLOSED,0
672425.843,2,0,0,1.000,1.000,1.000,-90.00,180.00,-22.50,CLOSED,0
672425.848,2,0,0,1.000,1.000,1.000,-90.00,180.00,-22.50,CLOSED,0
672425.852,2,0,0,1.000,1.000,1.000,-90.00,180.00,-22.50,CLOSED,0
672425.856,2,0,0,1.000,1.000,1.000,-90.00,180.00,-22.50,CLOSED,0
672425.860,2,0,0,1.000,1.000,1.000,-90.00,180.00,-22.50,CLOSED,0
672425.863,2,0,0,1.000,1.000,1.000,-90.00,180.00,-22.50,CLOSED,0
672425.867,2,0,0,1.000,1.000,1.000,-90.00,180.00,-22.50,CLOSED,0
672425.871,2,0,0,1.000,1.000,1.000,-90.00,180.00,-22.50,CLOSED,0
672425.874,2,0,0,1.000,1.000,1.000,-90.00,180.00,-22.50,CLOSED,0
672425.879,2,0,0,1.000,1.000,1.000,-90.00,180.00,-22.50,CLOSED,0
672425.885,2,0,0,1.000,1.000,1.000,-90.00,180.00,-22.50,CLOSED,0
672425.890,2,0,0,1.000,1.000,1.000,-90.00,180.00,-22.50,CLOSED,0
672425.895,2,0,0,1.000,1.000,1.000,-90.00,180.00,-22.50,CLOSED,0
672425.900,2,0,0,1.000,1.000,1.000,-90.00,180.00,-22.50,CLOSED,0
672425.904,2,0,0,1.000,1.000,1.000,-90.00,180.00,-22.50,CLOSED,0
672425.908,2,0,0,1.000,1.000,1.000,-90.00,180.00,-22.50,CLOSED,0
672425.913,2,0,0,1.000,1.000,1.000,-90.00,180.00,-22.50,CLOSED,0
672425.917,2,0,0,1.000,1.000,1.000,-90.00,180.00,-22.50,CLOSED,0
672425.921,2,0,0,1.000,1.000,1.000,-90.00,180.00,-27.00,CLOSED,1
672425.925,2,0,0,1.000,1.000,1.000,-90.00,180.00,-27.00,CLOSED,0
672425.928,2,0,0,1.000,1.000,1.000,-90.00,180.00,-27.00,CLOSED,0
672425.933,2,0,0,1.000,1.000,1.000,-90.00,180.00,-27.00,CLOSED,0
672425.939,2,0,0,1.000,1.000,1.000,-90.00,180.00,-27.00,CLOSED,0
672425.945,2,0,0,1.000,1.000,1.000,-90.00,180.00,-27.00,CLOSED,0
672425.950,2,0,0,1.000,1.000,1.000,-90.00,180.00,-27.00,CLOSED,0
672425.955,2,0,0,1.000,1.000,1.000,-90.00,180.00,-27.00,CLOSED,0
672425.960,2,0,0,1.000,1.000,1.000,-90.00,180.00,-27.00,CLOSED,0
672425.967,2,0,0,1.000,1.000,1.000,-90.00,180.00,-27.00,CLOSED,0
672425.972,2,0,0,1.000,1.000,1.000,-90.00,180.00,-27.00,CLOSED,0
672425.977,2,0,0,1.000,1.000,1.000,-90.00,180.00,-27.00,CLOSED,0
672425.981,2,0,0,1.000,1.000,1.000,-90.00,180.00,-27.00,CLOSED,0
672425.985,2,0,0,1.000,1.000,1.000,-90.00,180.00,-27.00,CLOSED,0
672425.989,2,0,0,1.000,1.000,1.000,-90.00,180.00,-27.00,CLOSED,0
672425.993,2,0,0,1.000,1.000,1.000,-90.00,180.00,-27.00,CLOSED,0
672425.997,2,0,0,1.000,1.000,1.000,-90.00,180.00,-27.00,CLOSED,0
672426.001,2,0,0,1.000,1.000,1.000,-90.00,180.00,-27.00,CLOSED,0
672426.004,2,0,0,1.000,1.000,1.000,-90.00,180.00,-27.00,CLOSED,0
672426.008,2,0,0,1.000,1.000,1.000,-90.00,180.00,-27.00,CLOSED,0
672426.012,2,0,0,1.000,1.000,1.000,-90.00,180.00,-27.00,CLOSED,0
672426.016,2,0,0,1.000,1.000,1.000,-90.00,180.00,-27.00,CLOSED,0
672426.020,2,0,0,1.000,1.000,1.000,-90.00,180.00,-27.00,CLOSED,0
672426.024,2,0,0,0.993,1.000,1.000,-90.00,180.00,-31.50,CLOSED,1
672426.028,2,0,0,0.869,1.000,1.000,-90.00,180.00,-31.50,CLOSED,0
672426.032,2,0,0,0.738,1.000,1.000,-90.00,180.00,-31.50,CLOSED,0
672426.036,2,0,0,0.635,1.000,1.000,-90.00,180.00,-31.50,CLOSED,0
672426.040,2,0,0,0.576,1.000,1.000,-90.00,180.00,-31.50,CLOSED,0
672426.044,2,0,0,0.641,1.000,1.000,-90.00,180.00,-31.50,CLOSED,0
672426.048,2,0,0,0.765,1.000,1.000,-90.00,180.00,-31.50,CLOSED,0
672426.052,2,0,0,0.884,1.000,1.000,-90.00,180.00,-31.50,CLOSED,0
672426.056,2,0,0,0.938,1.000,1.000,-90.00,180.00,-31.50,CLOSED,0
672426.060,2,0,0,0.518,1.000,1.000,-90.00,180.00,-31.50,CLOSED,0
672426.065,2,0,0,0.898,1.000,1.000,-90.00,180.00,-31.50,CLOSED,0
672426.069,2,0,0,0.865,1.000,1.000,-90.00,180.00,-31.50,CLOSED,0
672426.073,2,0,0,0.914,1.000,1.000,-90.00,180.00,-31.50,CLOSED,0
672426.078,2,0,0,0.982,1.000,1.000,-90.00,180.00,-31.50,CLOSED,0
672426.082,2,0,0,0.994,1.000,1.000,-90.00,180.00,-31.50,CLOSED,0
672426.087,2,0,0,1.000,1.000,1.000,-90.00,180.00,-31.50,CLOSED,0
672426.091,2,0,0,1.000,1.000,1.000,-90.00,180.00,-31.50,CLOSED,0
672426.094,0,0,0,1.000,1.000,1.000,-90.00,180.00,-31.50,CLOSED,0
672426.098,0,0,0,1.000,1.000,1.000,-90.00,180.00,-31.50,CLOSED,0
672426.102,0,0,0,1.000,1.000,1.000,-90.00,180.00,-31.50,CLOSED,0
672426.106,0,0,0,1.000,1.000,1.000,-90.00,180.00,-31.50,CLOSED,0
672426.110,0,0,0,1.000,1.000,1.000,-90.00,180.00,-31.50,CLOSED,0
672426.113,0,0,0,1.000,1.000,1.000,-90.00,180.00,-31.50,CLOSED,0
672426.118,0,0,0,1.000,1.000,1.000,-90.00,180.00,-31.50,CLOSED,0
672426.121,0,0,0,1.000,1.000,1.000,-90.00,180.00,-31.50,CLOSED,0
672426.125,0,0,0,1.000,1.000,1.000,-90.00,180.00,-31.50,CLOSED,0
672426.129,0,0,0,1.000,1.000,1.000,-90.00,180.00,-31.50,CLOSED,0
672426.134,0,0,0,1.000,1.000,1.000,-90.00,180.00,-31.50,CLOSED,0
672426.138,0,0,0,1.000,1.000,1.000,-90.00,180.00,-31.50,CLOSED,0
672426.142,0,0,0,1.000,1.000,1.000,-90.00,180.00,-31.50,CLOSED,0
672426.147,0,0,0,1.000,1.000,1.000,-90.00,180.00,-31.50,CLOSED,0
672426.151,0,0,0,1.000,1.000,1.000,-90.00,180.00,-31.50,CLOSED,0
672426.155,0,0,0,1.000,1.000,1.000,-90.00,180.00,-31.50,CLOSED,0
672426.159,0,0,0,1.000,1.000,1.000,-90.00,180.00,-31.50,CLOSED,0
672426.163,0,0,0,1.000,1.000,1.000,-90.00,180.00,-31.50,CLOSED,0
672426.167,0,0,0,1.000,1.000,1.000,-90.00,180.00,-31.50,CLOSED,0
672426.172,0,0,0,1.000,1.000,1.000,-90.00,180.00,-31.50,CLOSED,0
672426.176,0,0,0,1.000,1.000,1.000,-90.00,180.00,-31.50,CLOSED,0
672426.180,0,0,0,1.000,1.000,1.000,-90.00,180.00,-31.50,CLOSED,0
672426.184,0,0,0,1.000,1.000,1.000,-90.00,180.00,-31.50,CLOSED,0
672426.188,0,0,0,1.000,1.000,1.000,-90.00,180.00,-31.50,CLOSED,0
672426.193,0,0,0,1.000,1.000,1.000,-90.00,180.00,-31.50,CLOSED,0
672426.197,0,0,0,1.000,1.000,1.000,-90.00,180.00,-31.50,CLOSED,0
672426.201,0,0,0,1.000,1.000,1.000,-90.00,180.00,-31.50,CLOSED,0
672426.205,0,0,0,1.000,1.000,1.000,-90.00,180.00,-31.50,CLOSED,0
672426.208,0,0,0,1.000,1.000,1.000,-90.00,180.00,-31.50,CLOSED,0
672426.212,0,0,0,1.000,1.000,1.000,-90.00,180.00,-31.50,CLOSED,0
672426.216,0,0,0,1.000,1.000,1.000,-90.00,180.00,-31.50,CLOSED,0
672426.220,0,0,0,1.000,1.000,1.000,-90.00,180.00,-31.50,CLOSED,0
672426.224,0,0,0,1.000,1.000,1.000,-90.00,180.00,-31.50,CLOSED,0
672426.228,0,0,0,1.000,1.000,1.000,-90.00,180.00,-31.50,CLOSED,0
672426.233,0,0,0,1.000,1.000,1.000,-90.00,180.00,-31.50,CLOSED,0
672426.237,0,0,0,1.000,1.000,1.000,-90.00,180.00,-31.50,CLOSED,0
672426.242,0,0,0,1.000,1.000,1.000,-90.00,180.00,-31.50,CLOSED,0
672426.246,0,0,0,1.000,1.000,1.000,-90.00,180.00,-31.50,CLOSED,0
672426.250,0,0,0,1.000,1.000,1.000,-90.00,180.00,-31.50,CLOSED,0
672426.254,0,0,0,1.000,1.000,1.000,-90.00,180.00,-31.50,CLOSED,0
672426.259,0,0,0,1.000,1.000,1.000,-90.00,180.00,-31.50,CLOSED,0
672426.263,0,0,0,1.000,1.000,1.000,-90.00,180.00,-31.50,CLOSED,0
672426.267,0,0,0,1.000,1.000,1.000,-90.00,180.00,-31.50,CLOSED,0
672426.271,0,0,0,1.000,1.000,1.000,-90.00,180.00,-31.50,CLOSED,0
672426.276,0,0,0,1.000,1.000,1.000,-90.00,180.00,-31.50,CLOSED,0
672426.280,0,0,0,1.000,1.000,1.000,-90.00,180.00,-31.50,CLOSED,0
672426.285,0,0,0,1.000,1.000,1.000,-90.00,180.00,-31.50,CLOSED,0
672426.290,0,0,0,1.000,1.000,1.000,-90.00,180.00,-31.50,CLOSED,0
672426.294,0,0,0,1.000,1.000,1.000,-90.00,180.00,-31.50,CLOSED,0
672426.298,0,0,0,1.000,1.000,1.000,-90.00,180.00,-31.50,CLOSED,0
672426.302,0,0,0,1.000,1.000,1.000,-90.00,180.00,-31.50,CLOSED,0
672426.306,0,0,0,1.000,1.000,1.000,-90.00,180.00,-31.50,CLOSED,0
672426.310,0,0,0,1.000,1.000,1.000,-90.00,180.00,-31.50,CLOSED,0
672426.314,0,0,0,1.000,1.000,1.000,-90.00,180.00,-31.50,CLOSED,0
672426.317,0,0,0,1.000,1.000,1.000,-90.00,180.00,-31.50,CLOSED,0
672426.321,0,0,0,1.000,1.000,1.000,-90.00,180.00,-31.50,CLOSED,0
672426.325,0,0,0,1.000,1.000,1.000,-90.00,180.00,-31.50,CLOSED,0
672426.328,0,0,0,1.000,1.000,1.000,-90.00,180.00,-31.50,CLOSED,0
672426.332,0,0,0,1.000,1.000,1.000,-90.00,180.00,-31.50,CLOSED,0
672426.336,0,0,0,1.000,1.000,1.000,-90.00,180.00,-31.50,CLOSED,0
672426.340,0,0,0,1.000,1.000,1.000,-90.00,180.00,-31.50,CLOSED,0
672426.344,0,0,0,1.000,1.000,1.000,-90.00,180.00,-31.50,CLOSED,0
672426.348,0,0,0,1.000,1.000,1.000,-90.00,180.00,-31.50,CLOSED,0
672426.352,0,0,0,1.000,1.000,1.000,-90.00,180.00,-31.50,CLOSED,0
672426.355,0,0,0,1.000,1.000,1.000,-90.00,180.00,-31.50,CLOSED,0
672426.359,0,0,0,1.000,1.000,1.000,-90.00,180.00,-31.50,CLOSED,0
672426.363,0,0,0,1.000,1.000,1.000,-90.00,180.00,-31.50,CLOSED,0
672426.367,0,0,0,1.000,1.000,1.000,-90.00,180.00,-31.50,CLOSED,0
672426.371,0,0,0,1.000,1.000,1.000,-90.00,180.00,-31.50,CLOSED,0
672426.375,0,0,0,1.000,1.000,1.000,-90.00,180.00,-31.50,CLOSED,0
672426.379,0,0,0,1.000,1.000,1.000,-90.00,180.00,-31.50,CLOSED,0
672426.383,0,0,0,1.000,1.000,1.000,-90.00,180.00,-31.50,CLOSED,0
672426.388,0,0,0,1.000,1.000,1.000,-90.00,180.00,-31.50,CLOSED,0
672426.392,0,0,0,1.000,1.000,1.000,-90.00,180.00,-31.50,CLOSED,0
672426.396,0,0,0,1.000,1.000,1.000,-90.00,180.00,-31.50,CLOSED,0
672426.400,0,0,0,1.000,1.000,1.000,-90.00,180.00,-31.50,CLOSED,0
672426.404,0,0,0,1.000,1.000,1.000,-90.00,180.00,-31.50,CLOSED,0
672426.408,0,0,0,1.000,1.000,1.000,-90.00,180.00,-31.50,CLOSED,0
672426.413,0,0,0,1.000,1.000,1.000,-90.00,180.00,-31.50,CLOSED,0
672426.418,0,0,0,1.000,1.000,1.000,-90.00,180.00,-31.50,CLOSED,0
672426.422,0,0,0,1.000,1.000,1.000,-90.00,180.00,-31.50,CLOSED,0
672426.426,0,0,0,1.000,1.000,1.000,-90.00,180.00,-31.50,CLOSED,0
672426.430,0,0,0,1.000,1.000,1.000,-90.00,180.00,-31.50,CLOSED,0
672426.435,0,0,0,1.000,1.000,1.000,-90.00,180.00,-31.50,CLOSED,0
672426.439,0,0,0,1.000,1.000,1.000,-90.00,180.00,-31.50,CLOSED,0
672426.443,0,0,0,1.000,1.000,1.000,-90.00,180.00,-31.50,CLOSED,0
672426.447,0,0,0,1.000,1.000,1.000,-90.00,180.00,-31.50,CLOSED,0
672426.451,0,0,0,1.000,1.000,1.000,-90.00,180.00,-31.50,CLOSED,0
672426.456,0,0,0,1.000,1.000,1.000,-90.00,180.00,-31.50,CLOSED,0
672426.460,0,0,0,1.000,1.000,1.000,-90.00,180.00,-31.50,CLOSED,0
672426.464,0,0,0,1.000,1.000,1.000,-90.00,180.00,-31.50,CLOSED,0
672426.469,0,0,0,1.000,1.000,1.000,-90.00,180.00,-31.50,CLOSED,0
672426.473,0,0,0,1.000,1.000,1.000,-90.00,180.00,-31.50,CLOSED,0
672426.478,0,0,0,1.000,1.000,1.000,-90.00,180.00,-31.50,CLOSED,0
672426.482,0,0,0,1.000,1.000,1.000,-90.00,180.00,-31.50,CLOSED,0
672426.487,0,0,0,1.000,1.000,1.000,-90.00,180.00,-31.50,CLOSED,0
672426.491,0,0,0,1.000,1.000,1.000,-90.00,180.00,-31.50,CLOSED,0
672426.496,0,0,0,1.000,1.000,1.000,-90.00,180.00,-31.50,CLOSED,0
672426.499,0,0,0,1.000,1.000,1.000,-90.00,180.00,-31.50,CLOSED,0
672426.504,0,0,0,1.000,1.000,1.000,-90.00,180.00,-31.50,CLOSED,0
672426.508,0,0,0,1.000,1.000,1.000,-90.00,180.00,-31.50,CLOSED,0
672426.512,0,0,0,1.000,1.000,1.000,-90.00,180.00,-31.50,CLOSED,0
672426.516,0,0,0,1.000,1.000,1.000,-90.00,180.00,-31.50,CLOSED,0
672426.520,0,0,0,1.000,1.000,1.000,-90.00,180.00,-31.50,CLOSED,0
672426.523,0,0,0,1.000,1.000,1.000,-90.00,180.00,-31.50,CLOSED,0
672426.527,0,0,0,1.000,1.000,1.000,-90.00,180.00,-31.50,CLOSED,0
672426.531,0,0,0,1.000,1.000,1.000,-90.00,180.00,-31.50,CLOSED,0
672426.535,0,0,0,1.000,1.000,1.000,-90.00,180.00,-31.50,CLOSED,0
672426.538,0,0,0,1.000,1.000,1.000,-90.00,180.00,-31.50,CLOSED,0
672426.542,0,0,0,1.000,1.000,1.000,-90.00,180.00,-31.50,CLOSED,0
672426.546,0,0,0,1.000,1.000,1.000,-90.00,180.00,-31.50,CLOSED,0
672426.549,0,0,0,1.000,1.000,1.000,-90.00,180.00,-31.50,CLOSED,0
672426.553,0,0,0,1.000,1.000,1.000,-90.00,180.00,-31.50,CLOSED,0
672426.557,0,0,0,1.000,1.000,1.000,-90.00,180.00,-31.50,CLOSED,0
672426.561,0,0,0,1.000,1.000,1.000,-90.00,180.00,-31.50,CLOSED,0
672426.565,0,0,0,1.000,1.000,1.000,-90.00,180.00,-31.50,CLOSED,0
672426.569,0,0,0,1.000,1.000,1.000,-90.00,180.00,-31.50,CLOSED,0
672426.573,0,0,0,1.000,1.000,1.000,-90.00,180.00,-31.50,CLOSED,0
672426.577,0,0,0,1.000,1.000,1.000,-90.00,180.00,-31.50,CLOSED,0
672426.581,0,0,0,1.000,1.000,1.000,-90.00,180.00,-31.50,CLOSED,0
672426.584,0,0,0,1.000,1.000,1.000,-90.00,180.00,-31.50,CLOSED,0
672426.588,0,0,0,1.000,1.000,1.000,-90.00,180.00,-31.50,CLOSED,0
672426.592,0,0,0,1.000,1.000,1.000,-90.00,180.00,-31.50,CLOSED,0
672426.595,0,0,0,1.000,1.000,1.000,-90.00,180.00,-31.50,CLOSED,0
672426.599,0,0,0,1.000,1.000,1.000,-90.00,180.00,-31.50,CLOSED,0
672426.603,0,0,0,1.000,1.000,1.000,-90.00,180.00,-31.50,CLOSED,0
672426.607,0,0,0,1.000,1.000,1.000,-90.00,180.00,-31.50,CLOSED,0
672426.611,0,0,0,1.000,1.000,1.000,-90.00,180.00,-31.50,CLOSED,0
672426.615,0,0,0,1.000,1.000,1.000,-90.00,180.00,-31.50,CLOSED,0
672426.619,0,0,0,0.991,1.000,1.000,-90.00,180.00,-31.50,CLOSED,0
672426.623,0,0,0,0.509,1.000,1.000,-90.00,180.00,-31.50,CLOSED,0
672426.627,0,0,0,0.813,1.000,1.000,-90.00,180.00,-31.50,CLOSED,0
672426.631,0,0,0,0.872,1.000,1.000,-90.00,180.00,-31.50,CLOSED,0
672426.636,0,0,0,0.874,1.000,1.000,-90.00,180.00,-31.50,CLOSED,0
672426.640,0,0,0,0.897,1.000,1.000,-90.00,180.00,-31.50,CLOSED,0
672426.644,0,0,0,0.895,1.000,1.000,-90.00,180.00,-31.50,CLOSED,0
672426.648,0,0,0,0.779,1.000,1.000,-90.00,180.00,-31.50,CLOSED,0
672426.652,0,0,0,0.676,1.000,1.000,-90.00,180.00,-31.50,CLOSED,0
672426.657,0,0,0,0.684,1.000,1.000,-90.00,180.00,-31.50,CLOSED,0
672426.660,0,0,0,0.885,1.000,1.000,-90.00,180.00,-31.50,CLOSED,0
672426.665,0,0,0,0.976,1.000,1.000,-90.00,180.00,-31.50,CLOSED,0
672426.670,0,0,0,0.997,1.000,1.000,-90.00,180.00,-31.50,CLOSED,0
672426.673,0,0,0,1.000,1.000,1.000,-90.00,180.00,-31.50,CLOSED,0
672426.677,0,0,0,1.000,1.000,1.000,-90.00,180.00,-31.50,CLOSED,0
672426.682,0,0,0,1.000,1.000,1.000,-90.00,180.00,-31.50,CLOSED,0
672426.687,0,0,0,1.000,1.000,1.000,-90.00,180.00,-31.50,CLOSED,0
672426.691,0,0,0,1.000,1.000,1.000,-90.00,180.00,-31.50,CLOSED,0
672426.694,3,0,0,1.000,1.000,1.000,-90.00,180.00,-31.50,OPEN,0
672426.698,3,0,0,1.000,1.000,1.000,-90.00,180.00,-31.50,OPEN,0
672426.703,3,0,0,1.000,1.000,1.000,-90.00,180.00,-31.50,OPEN,0
672426.706,3,0,0,1.000,1.000,1.000,-90.00,180.00,-31.50,OPEN,0
672426.710,3,0,0,1.000,1.000,1.000,-90.00,180.00,-31.50,OPEN,0
672426.714,3,0,0,1.000,1.000,1.000,-90.00,180.00,-31.50,OPEN,0
672426.718,3,0,0,1.000,1.000,1.000,-90.00,180.00,-31.50,OPEN,0
672426.722,3,0,0,1.000,1.000,1.000,-90.00,180.00,-31.50,OPEN,0
672426.726,3,0,0,1.000,1.000,1.000,-90.00,180.00,-31.50,OPEN,0
672426.729,3,0,0,1.000,1.000,1.000,-90.00,180.00,-31.50,OPEN,0
672426.733,3,0,0,1.000,1.000,1.000,-90.00,180.00,-31.50,OPEN,0
672426.737,3,0,0,1.000,1.000,1.000,-90.00,180.00,-31.50,OPEN,0
672426.741,3,0,0,1.000,1.000,1.000,-90.00,180.00,-31.50,OPEN,0
672426.744,3,0,0,1.000,1.000,1.000,-90.00,180.00,-31.50,OPEN,0
672426.748,3,0,0,1.000,1.000,1.000,-90.00,180.00,-31.50,OPEN,0
672426.753,3,0,0,1.000,1.000,1.000,-90.00,180.00,-31.50,OPEN,0
672426.757,3,0,0,1.000,1.000,1.000,-90.00,180.00,-31.50,OPEN,0
672426.763,3,0,0,0.999,1.000,1.000,-90.00,180.00,-31.50,OPEN,0
672426.768,3,0,0,0.999,1.000,1.000,-90.00,180.00,-31.50,OPEN,0
672426.772,3,0,0,0.999,1.000,1.000,-90.00,180.00,-31.50,OPEN,0
672426.776,3,0,0,0.999,1.000,1.000,-90.00,180.00,-31.50,OPEN,0
672426.781,3,0,0,0.999,1.000,1.000,-90.00,180.00,-31.50,OPEN,0
672426.784,3,0,0,1.000,1.000,1.000,-90.00,180.00,-31.50,OPEN,0
672426.788,3,0,0,1.000,1.000,1.000,-90.00,180.00,-31.50,OPEN,0
672426.792,3,0,0,1.000,1.000,1.000,-90.00,180.00,-31.50,OPEN,0
672426.795,3,0,0,1.000,1.000,1.000,-90.00,180.00,-31.50,OPEN,0
672426.800,3,0,0,1.000,1.000,1.000,-90.00,180.00,-31.50,OPEN,0
672426.804,3,0,0,1.000,1.000,1.000,-90.00,180.00,-31.50,OPEN,0
672426.808,3,0,0,1.000,1.000,1.000,-90.00,180.00,-31.50,OPEN,0
672426.812,3,0,0,1.000,1.000,1.000,-90.00,180.00,-31.50,OPEN,0
672426.816,3,0,0,1.000,1.000,1.000,-90.00,180.00,-31.50,OPEN,0
672426.820,3,0,0,1.000,1.000,1.000,-90.00,180.00,-31.50,OPEN,0
672426.823,3,0,0,1.000,1.000,1.000,-90.00,180.00,-31.50,OPEN,0
672426.827,3,0,0,1.000,1.000,1.000,-90.00,180.00,-31.50,OPEN,0
672426.831,3,0,0,1.000,1.000,1.000,-90.00,180.00,-31.50,OPEN,0
672426.835,3,0,0,1.000,1.000,1.000,-90.00,180.00,-31.50,OPEN,0
672426.840,3,0,0,1.000,1.000,1.000,-90.00,180.00,-31.50,OPEN,0
672426.845,3,0,0,1.000,1.000,1.000,-90.00,180.00,-31.50,OPEN,0
672426.850,3,0,0,1.000,1.000,1.000,-90.00,180.00,-31.50,OPEN,0
672426.855,3,0,0,1.000,1.000,1.000,-90.00,180.00,-31.50,OPEN,0
672426.860,3,0,0,1.000,1.000,1.000,-90.00,180.00,-31.50,OPEN,0
672426.864,3,0,0,1.000,1.000,1.000,-90.00,180.00,-31.50,OPEN,0
672426.868,3,0,0,1.000,1.000,1.000,-90.00,180.00,-31.50,OPEN,0
672426.872,3,0,0,1.000,1.000,1.000,-90.00,180.00,-31.50,OPEN,0
672426.876,3,0,0,1.000,1.000,1.000,-90.00,180.00,-31.50,OPEN,0
672426.880,3,0,0,1.000,1.000,1.000,-90.00,180.00,-31.50,OPEN,0
672426.883,3,0,0,1.000,1.000,1.000,-90.00,180.00,-31.50,OPEN,0
672426.887,3,0,0,1.000,1.000,1.000,-90.00,180.00,-31.50,OPEN,0
672426.891,3,0,0,1.000,1.000,1.000,-90.00,180.00,-31.50,OPEN,0
672426.895,3,0,0,1.000,1.000,1.000,-90.00,180.00,-31.50,OPEN,0
672426.898,3,0,0,1.000,1.000,1.000,-90.00,180.00,-31.50,OPEN,0
672426.902,3,0,0,1.000,1.000,1.000,-90.00,180.00,-31.50,OPEN,0
672426.906,3,0,0,1.000,1.000,1.000,-90.00,180.00,-31.50,OPEN,0
672426.910,3,0,0,1.000,1.000,1.000,-90.00,180.00,-31.50,OPEN,0
672426.913,3,0,0,1.000,1.000,1.000,-90.00,180.00,-31.50,OPEN,0
672426.917,3,0,0,1.000,1.000,1.000,-90.00,180.00,-31.50,OPEN,0
672426.921,3,0,0,1.000,1.000,1.000,-90.00,180.00,-31.50,OPEN,0
672426.925,3,0,0,1.000,1.000,1.000,-90.00,180.00,-31.50,OPEN,0
672426.929,3,0,0,1.000,1.000,1.000,-90.00,180.00,-31.50,OPEN,0
672426.933,3,0,0,1.000,1.000,1.000,-90.00,180.00,-31.50,OPEN,0
672426.937,3,0,0,1.000,1.000,1.000,-90.00,180.00,-31.50,OPEN,0
672426.941,3,0,0,1.000,1.000,1.000,-90.00,180.00,-31.50,OPEN,0
672426.945,3,0,0,1.000,1.000,1.000,-90.00,180.00,-31.50,OPEN,0
672426.948,3,0,0,1.000,1.000,1.000,-90.00,180.00,-31.50,OPEN,0
672426.953,3,0,0,1.000,1.000,1.000,-90.00,180.00,-31.50,OPEN,0
672426.956,3,0,0,1.000,1.000,1.000,-90.00,180.00,-31.50,OPEN,0
672426.960,3,0,0,1.000,1.000,1.000,-90.00,180.00,-31.50,OPEN,0
672426.966,3,0,0,1.000,1.000,1.000,-90.00,180.00,-31.50,OPEN,0
672426.970,3,0,0,1.000,1.000,1.000,-90.00,180.00,-31.50,OPEN,0
672426.974,3,0,0,1.000,1.000,1.000,-90.00,180.00,-31.50,OPEN,0
672426.978,3,0,0,1.000,1.000,1.000,-90.00,180.00,-31.50,OPEN,0
672426.982,3,0,0,1.000,1.000,1.000,-90.00,180.00,-31.50,OPEN,0
672426.986,3,0,0,1.000,1.000,1.000,-90.00,180.00,-31.50,OPEN,0
672426.990,3,0,0,1.000,1.000,1.000,-90.00,180.00,-31.50,OPEN,0
672426.994,3,0,0,1.000,1.000,1.000,-90.00,180.00,-31.50,OPEN,0
672426.998,3,0,0,1.000,1.000,1.000,-90.00,180.00,-31.50,OPEN,0
672427.002,3,0,0,1.000,1.000,1.000,-90.00,180.00,-31.50,OPEN,0
672427.006,3,0,0,1.000,1.000,1.000,-90.00,180.00,-31.50,OPEN,0
672427.010,3,0,0,1.000,1.000,1.000,-90.00,180.00,-31.50,OPEN,0
672427.014,3,0,0,1.000,1.000,1.000,-90.00,180.00,-31.50,OPEN,0
672427.018,3,0,0,1.000,1.000,1.000,-90.00,180.00,-31.50,OPEN,0
672427.022,3,0,0,1.000,1.000,1.000,-90.00,180.00,-31.50,OPEN,0
672427.026,3,0,0,1.000,1.000,1.000,-90.00,180.00,-31.50,OPEN,0
672427.030,3,0,0,1.000,1.000,1.000,-90.00,180.00,-31.50,OPEN,0
672427.034,3,0,0,1.000,1.000,1.000,-90.00,180.00,-31.50,OPEN,0
672427.038,3,0,0,1.000,1.000,1.000,-90.00,180.00,-31.50,OPEN,0
672427.042,3,0,0,1.000,1.000,1.000,-90.00,180.00,-31.50,OPEN,0
672427.046,3,0,0,1.000,1.000,1.000,-90.00,180.00,-31.50,OPEN,0
672427.050,3,0,0,1.000,1.000,1.000,-90.00,180.00,-31.50,OPEN,0
672427.054,3,0,0,1.000,1.000,1.000,-90.00,180.00,-31.50,OPEN,0
672427.058,3,0,0,1.000,1.000,1.000,-90.00,180.00,-31.50,OPEN,0
672427.062,3,0,0,1.000,1.000,1.000,-90.00,180.00,-31.50,OPEN,0
672427.066,3,0,0,1.000,1.000,1.000,-90.00,180.00,-31.50,OPEN,0
672427.070,3,0,0,1.000,1.000,1.000,-90.00,180.00,-31.50,OPEN,0
672427.074,3,0,0,1.000,1.000,1.000,-90.00,180.00,-31.50,OPEN,0
672427.078,3,0,0,1.000,1.000,1.000,-90.00,180.00,-31.50,OPEN,0
672427.082,3,0,0,1.000,1.000,1.000,-90.00,180.00,-31.50,OPEN,0
672427.086,3,0,0,1.000,1.000,1.000,-90.00,180.00,-31.50,OPEN,0
672427.090,3,0,0,1.000,1.000,1.000,-90.00,180.00,-31.50,OPEN,0
672427.094,3,0,0,1.000,1.000,1.000,-90.00,180.00,-31.50,OPEN,0
672427.098,3,0,0,1.000,1.000,1.000,-90.00,180.00,-31.50,OPEN,0
672427.102,3,0,0,0.999,1.000,1.000,-90.00,180.00,-31.50,OPEN,0
672427.106,3,0,0,0.990,1.000,1.000,-90.00,180.00,-31.50,OPEN,0
672427.110,3,0,0,0.974,1.000,1.000,-90.00,180.00,-31.50,OPEN,0
672427.115,3,0,0,0.957,1.000,1.000,-90.00,180.00,-31.50,OPEN,0
672427.119,3,0,0,0.925,1.000,1.000,-90.00,180.00,-31.50,OPEN,0
672427.124,3,0,0,0.902,1.000,1.000,-90.00,180.00,-31.50,OPEN,0
672427.128,3,0,0,0.632,1.000,1.000,-90.00,180.00,-31.50,OPEN,0
672427.132,3,0,0,0.606,1.000,1.000,-90.00,180.00,-31.50,OPEN,0
672427.136,3,0,0,0.968,1.000,1.000,-90.00,180.00,-31.50,OPEN,0
672427.140,3,0,0,0.988,1.000,1.000,-90.00,180.00,-31.50,OPEN,0
672427.144,3,0,0,1.000,1.000,1.000,-90.00,180.00,-31.50,OPEN,0
672427.148,3,0,0,1.000,1.000,1.000,-90.00,180.00,-31.50,OPEN,0
672427.153,3,0,0,1.000,1.000,1.000,-90.00,180.00,-31.50,OPEN,0
672427.157,3,0,0,1.000,1.000,1.000,-90.00,180.00,-31.50,OPEN,0
672427.161,3,0,0,1.000,1.000,1.000,-90.00,180.00,-31.50,OPEN,0
672427.164,0,0,0,1.000,1.000,1.000,-90.00,180.00,-31.50,OPEN,0
672427.168,0,0,0,1.000,1.000,1.000,-90.00,180.00,-31.50,OPEN,0
672427.173,0,0,0,1.000,1.000,1.000,-90.00,180.00,-31.50,OPEN,0
672427.177,0,0,0,1.000,1.000,1.000,-90.00,180.00,-31.50,OPEN,0
672427.183,0,0,0,1.000,1.000,1.000,-90.00,180.00,-31.50,OPEN,0
672427.187,0,0,0,1.000,1.000,1.000,-90.00,180.00,-31.50,OPEN,0
672427.191,0,0,0,1.000,1.000,1.000,-90.00,180.00,-31.50,OPEN,0
672427.195,0,0,0,1.000,1.000,1.000,-90.00,180.00,-31.50,OPEN,0
672427.199,0,0,0,1.000,1.000,1.000,-90.00,180.00,-31.50,OPEN,0
672427.203,0,0,0,1.000,1.000,1.000,-90.00,180.00,-31.50,OPEN,0
672427.206,0,0,0,1.000,1.000,1.000,-90.00,180.00,-31.50,OPEN,0
672427.210,0,0,0,1.000,1.000,1.000,-90.00,180.00,-31.50,OPEN,0
672427.214,0,0,0,1.000,1.000,1.000,-90.00,180.00,-31.50,OPEN,0
672427.218,0,0,0,1.000,1.000,1.000,-90.00,180.00,-31.50,OPEN,0
672427.222,0,0,0,1.000,1.000,1.000,-90.00,180.00,-31.50,OPEN,0
672427.226,0,0,0,1.000,1.000,1.000,-90.00,180.00,-31.50,OPEN,0
672427.230,0,0,0,1.000,1.000,1.000,-90.00,180.00,-31.50,OPEN,0
672427.234,0,0,0,1.000,1.000,1.000,-90.00,180.00,-31.50,OPEN,0
672427.238,0,0,0,1.000,1.000,1.000,-90.00,180.00,-31.50,OPEN,0
672427.242,0,0,0,1.000,1.000,1.000,-90.00,180.00,-31.50,OPEN,0
672427.245,0,0,0,1.000,1.000,1.000,-90.00,180.00,-31.50,OPEN,0
672427.249,0,0,0,1.000,1.000,1.000,-90.00,180.00,-31.50,OPEN,0
672427.252,0,0,0,1.000,1.000,1.000,-90.00,180.00,-31.50,OPEN,0
672427.256,0,0,0,1.000,1.000,1.000,-90.00,180.00,-31.50,OPEN,0
672427.260,0,0,0,1.000,1.000,1.000,-90.00,180.00,-31.50,OPEN,0
672427.264,0,0,0,1.000,1.000,1.000,-90.00,180.00,-31.50,OPEN,0
672427.268,0,0,0,1.000,1.000,1.000,-90.00,180.00,-31.50,OPEN,0
672427.271,0,0,0,1.000,1.000,1.000,-90.00,180.00,-31.50,OPEN,0
672427.276,0,0,0,1.000,1.000,1.000,-90.00,180.00,-31.50,OPEN,0
672427.281,0,0,0,1.000,1.000,1.000,-90.00,180.00,-31.50,OPEN,0
672427.287,0,0,0,1.000,1.000,1.000,-90.00,180.00,-31.50,OPEN,0
672427.293,0,0,0,1.000,1.000,1.000,-90.00,180.00,-31.50,OPEN,0
672427.302,0,0,0,1.000,1.000,1.000,-90.00,180.00,-31.50,OPEN,0
672427.307,0,0,0,1.000,1.000,1.000,-90.00,180.00,-31.50,OPEN,0
672427.312,0,0,0,1.000,1.000,1.000,-90.00,180.00,-31.50,OPEN,0
672427.317,0,0,0,1.000,1.000,1.000,-90.00,180.00,-31.50,OPEN,0
672427.322,0,0,0,1.000,1.000,1.000,-90.00,180.00,-31.50,OPEN,0
672427.326,0,0,0,1.000,1.000,1.000,-90.00,180.00,-31.50,OPEN,0
672427.330,0,0,0,1.000,1.000,1.000,-90.00,180.00,-31.50,OPEN,0
672427.335,0,0,0,1.000,1.000,1.000,-90.00,180.00,-31.50,OPEN,0
672427.339,0,0,0,1.000,1.000,1.000,-90.00,180.00,-31.50,OPEN,0
672427.343,0,0,0,1.000,1.000,1.000,-90.00,180.00,-31.50,OPEN,0
672427.347,0,0,0,1.000,1.000,1.000,-90.00,180.00,-31.50,OPEN,0
672427.352,0,0,0,1.000,1.000,1.000,-90.00,180.00,-31.50,OPEN,0
672427.356,0,0,0,1.000,1.000,1.000,-90.00,180.00,-31.50,OPEN,0
672427.359,0,0,0,1.000,1.000,1.000,-90.00,180.00,-31.50,OPEN,0
672427.363,0,0,0,1.000,1.000,1.000,-90.00,180.00,-31.50,OPEN,0
672427.367,0,0,0,1.000,1.000,1.000,-90.00,180.00,-31.50,OPEN,0
672427.370,0,0,0,1.000,1.000,1.000,-90.00,180.00,-31.50,OPEN,0
672427.374,0,0,0,1.000,1.000,1.000,-90.00,180.00,-31.50,OPEN,0
672427.378,0,0,0,1.000,1.000,1.000,-90.00,180.00,-31.50,OPEN,0
672427.382,0,0,0,1.000,1.000,1.000,-90.00,180.00,-31.50,OPEN,0
672427.386,0,0,0,1.000,1.000,1.000,-90.00,180.00,-31.50,OPEN,0
672427.390,0,0,0,1.000,1.000,1.000,-90.00,180.00,-31.50,OPEN,0
672427.395,0,0,0,1.000,1.000,1.000,-90.00,180.00,-31.50,OPEN,0
672427.399,0,0,0,1.000,1.000,1.000,-90.00,180.00,-31.50,OPEN,0
672427.410,0,0,0,1.000,1.000,1.000,-90.00,180.00,-31.50,OPEN,0
672427.419,0,0,0,1.000,1.000,1.000,-90.00,180.00,-31.50,OPEN,0
672427.426,0,0,0,1.000,1.000,1.000,-90.00,180.00,-31.50,OPEN,0
672427.433,0,0,0,1.000,1.000,1.000,-90.00,180.00,-31.50,OPEN,0
672427.439,0,0,0,1.000,1.000,1.000,-90.00,180.00,-31.50,OPEN,0
672427.445,0,0,0,1.000,1.000,1.000,-90.00,180.00,-31.50,OPEN,0
672427.453,0,0,0,1.000,1.000,1.000,-90.00,180.00,-31.50,OPEN,0
672427.457,0,0,0,1.000,1.000,1.000,-90.00,180.00,-31.50,OPEN,0
672427.462,0,0,0,1.000,1.000,1.000,-90.00,180.00,-31.50,OPEN,0
672427.466,0,0,0,1.000,1.000,1.000,-90.00,180.00,-31.50,OPEN,0
672427.471,0,0,0,1.000,1.000,1.000,-90.00,180.00,-31.50,OPEN,0
672427.475,0,0,0,1.000,1.000,1.000,-90.00,180.00,-31.50,OPEN,0
672427.480,0,0,0,1.000,1.000,1.000,-90.00,180.00,-31.50,OPEN,0
672427.485,0,0,0,1.000,1.000,1.000,-90.00,180.00,-31.50,OPEN,0
672427.489,0,0,0,1.000,1.000,1.000,-90.00,180.00,-31.50,OPEN,0
672427.494,0,0,0,1.000,1.000,1.000,-90.00,180.00,-31.50,OPEN,0
672427.498,0,0,0,1.000,1.000,1.000,-90.00,180.00,-31.50,OPEN,0
672427.504,0,0,0,1.000,1.000,1.000,-90.00,180.00,-31.50,OPEN,0
672427.508,0,0,0,1.000,1.000,1.000,-90.00,180.00,-31.50,OPEN,0
672427.513,0,0,0,1.000,1.000,1.000,-90.00,180.00,-31.50,OPEN,0
672427.518,0,0,0,1.000,1.000,1.000,-90.00,180.00,-31.50,OPEN,0
672427.523,0,0,0,1.000,1.000,1.000,-90.00,180.00,-31.50,OPEN,0
672427.527,0,0,0,1.000,1.000,1.000,-90.00,180.00,-31.50,OPEN,0
672427.532,0,0,0,1.000,1.000,1.000,-90.00,180.00,-31.50,OPEN,0
672427.536,0,0,0,1.000,1.000,1.000,-90.00,180.00,-31.50,OPEN,0
672427.540,0,0,0,1.000,1.000,1.000,-90.00,180.00,-31.50,OPEN,0
672427.544,0,0,0,1.000,1.000,1.000,-90.00,180.00,-31.50,OPEN,0
672427.547,0,0,0,1.000,1.000,1.000,-90.00,180.00,-31.50,OPEN,0
672427.551,0,0,0,1.000,1.000,1.000,-90.00,180.00,-31.50,OPEN,0
672427.555,0,0,0,1.000,1.000,1.000,-90.00,180.00,-31.50,OPEN,0
672427.559,0,0,0,1.000,1.000,1.000,-90.00,180.00,-31.50,OPEN,0
672427.563,0,0,0,1.000,1.000,1.000,-90.00,180.00,-31.50,OPEN,0
672427.570,0,0,0,1.000,1.000,1.000,-90.00,180.00,-31.50,OPEN,0
672427.579,0,0,0,1.000,1.000,1.000,-90.00,180.00,-31.50,OPEN,0
672427.587,0,0,0,1.000,1.000,1.000,-90.00,180.00,-31.50,OPEN,0
672427.595,0,0,0,1.000,1.000,1.000,-90.00,180.00,-31.50,OPEN,0
672427.602,0,0,0,1.000,1.000,1.000,-90.00,180.00,-31.50,OPEN,0
672427.609,0,0,0,1.000,1.000,1.000,-90.00,180.00,-31.50,OPEN,0
672427.614,0,0,0,1.000,1.000,1.000,-90.00,180.00,-31.50,OPEN,0
672427.620,0,0,0,1.000,1.000,1.000,-90.00,180.00,-31.50,OPEN,0
672427.625,0,0,0,1.000,1.000,1.000,-90.00,180.00,-31.50,OPEN,0
672427.630,0,0,0,1.000,1.000,1.000,-90.00,180.00,-31.50,OPEN,0
672427.636,0,0,0,1.000,1.000,1.000,-90.00,180.00,-31.50,OPEN,0
672427.640,0,0,0,1.000,1.000,1.000,-90.00,180.00,-31.50,OPEN,0
672427.644,0,0,0,1.000,1.000,1.000,-90.00,180.00,-31.50,OPEN,0
672427.648,0,0,0,1.000,1.000,1.000,-90.00,180.00,-31.50,OPEN,0
672427.652,0,0,0,1.000,1.000,1.000,-90.00,180.00,-31.50,OPEN,0
672427.655,0,0,0,1.000,1.000,1.000,-90.00,180.00,-31.50,OPEN,0
672427.659,0,0,0,1.000,1.000,1.000,-90.00,180.00,-31.50,OPEN,0
672427.662,0,0,0,1.000,1.000,1.000,-90.00,180.00,-31.50,OPEN,0
672427.666,0,0,0,1.000,1.000,1.000,-90.00,180.00,-31.50,OPEN,0
672427.670,0,0,0,1.000,1.000,1.000,-90.00,180.00,-31.50,OPEN,0
672427.673,0,0,0,1.000,1.000,1.000,-90.00,180.00,-31.50,OPEN,0
672427.677,0,0,0,1.000,1.000,1.000,-90.00,180.00,-31.50,OPEN,0
672427.681,0,0,0,1.000,1.000,1.000,-90.00,180.00,-31.50,OPEN,0
672427.685,0,0,0,1.000,1.000,1.000,-90.00,180.00,-31.50,OPEN,0
672427.688,0,0,0,1.000,1.000,1.000,-90.00,180.00,-31.50,OPEN,0
672427.692,0,0,0,1.000,1.000,1.000,-90.00,180.00,-31.50,OPEN,0
672427.696,0,0,0,1.000,1.000,1.000,-90.00,180.00,-31.50,OPEN,0
672427.700,0,0,0,1.000,1.000,1.000,-90.00,180.00,-31.50,OPEN,0
672427.704,0,0,0,1.000,1.000,1.000,-90.00,180.00,-31.50,OPEN,0
672427.708,0,0,0,1.000,1.000,1.000,-90.00,180.00,-31.50,OPEN,0
672427.712,0,0,0,1.000,1.000,1.000,-90.00,180.00,-31.50,OPEN,0
672427.716,0,0,0,1.000,1.000,1.000,-90.00,180.00,-31.50,OPEN,0
672427.720,0,0,0,1.000,1.000,1.000,-90.00,180.00,-31.50,OPEN,0
672427.724,0,0,0,1.000,1.000,1.000,-90.00,180.00,-31.50,OPEN,0
672427.727,0,0,0,1.000,1.000,1.000,-90.00,180.00,-31.50,OPEN,0
672427.731,0,0,0,1.000,1.000,1.000,-90.00,180.00,-31.50,OPEN,0
672427.736,0,0,0,1.000,1.000,1.000,-90.00,180.00,-31.50,OPEN,0
672427.741,0,0,0,1.000,1.000,1.000,-90.00,180.00,-31.50,OPEN,0
672427.747,0,0,0,1.000,1.000,1.000,-90.00,180.00,-31.50,OPEN,0
672427.752,0,0,0,1.000,1.000,1.000,-90.00,180.00,-31.50,OPEN,0
672427.758,0,0,0,1.000,1.000,1.000,-90.00,180.00,-31.50,OPEN,0
672427.764,0,0,0,1.000,1.000,1.000,-90.00,180.00,-31.50,OPEN,0
672427.769,0,0,0,1.000,1.000,1.000,-90.00,180.00,-31.50,OPEN,0
672427.774,0,0,0,1.000,1.000,1.000,-90.00,180.00,-31.50,OPEN,0
672427.778,0,0,0,1.000,1.000,1.000,-90.00,180.00,-31.50,OPEN,0
672427.782,0,0,0,1.000,1.000,1.000,-90.00,180.00,-31.50,OPEN,0
672427.786,0,0,0,1.000,1.000,1.000,-90.00,180.00,-31.50,OPEN,0
672427.790,0,0,0,1.000,1.000,1.000,-90.00,180.00,-31.50,OPEN,0
672427.794,0,0,0,1.000,0.978,0.999,-90.00,180.00,-31.50,OPEN,0
672427.799,0,0,0,1.000,0.931,1.000,-90.00,180.00,-31.50,OPEN,0
672427.802,0,0,0,1.000,1.000,1.000,-90.00,180.00,-31.50,OPEN,0
672427.806,0,0,0,0.992,1.000,1.000,-90.00,180.00,-31.50,OPEN,0
672427.810,0,0,0,0.882,1.000,1.000,-90.00,180.00,-31.50,OPEN,0
672427.813,0,0,0,0.600,1.000,1.000,-90.00,180.00,-31.50,OPEN,0
672427.817,0,0,0,0.533,1.000,1.000,-90.00,180.00,-31.50,OPEN,0
672427.821,0,0,0,0.603,1.000,1.000,-90.00,180.00,-31.50,OPEN,0
672427.825,0,0,0,0.744,1.000,1.000,-90.00,180.00,-31.50,OPEN,0
672427.828,0,0,0,0.783,1.000,1.000,-90.00,180.00,-31.50,OPEN,0
672427.832,0,0,0,0.792,1.000,1.000,-90.00,180.00,-31.50,OPEN,0
672427.836,0,0,0,0.800,1.000,1.000,-90.00,180.00,-31.50,OPEN,0
672427.841,0,0,0,0.528,1.000,1.000,-90.00,180.00,-31.50,OPEN,0
672427.846,0,0,0,0.899,1.000,1.000,-90.00,180.00,-31.50,OPEN,0
672427.852,0,0,0,0.999,1.000,1.000,-90.00,180.00,-31.50,OPEN,0
672427.857,0,0,0,1.000,1.000,1.000,-90.00,180.00,-31.50,OPEN,0
672427.863,0,0,0,1.000,1.000,1.000,-90.00,180.00,-31.50,OPEN,0
672427.868,0,0,0,1.000,1.000,1.000,-90.00,180.00,-31.50,OPEN,0
672427.874,0,0,0,1.000,1.000,1.000,-90.00,180.00,-31.50,OPEN,0
672427.878,0,0,0,1.000,1.000,1.000,-90.00,180.00,-31.50,OPEN,0
672427.882,0,0,0,1.000,1.000,1.000,-90.00,180.00,-31.50,OPEN,0
672427.887,0,0,0,1.000,1.000,1.000,-90.00,180.00,-31.50,OPEN,0
672427.891,0,0,0,1.000,1.000,1.000,-90.00,180.00,-31.50,OPEN,0
672427.895,0,0,0,1.000,1.000,1.000,-90.00,180.00,-31.50,OPEN,0
672427.899,0,0,0,1.000,1.000,1.000,-90.00,180.00,-31.50,OPEN,0
672427.902,0,0,0,1.000,1.000,1.000,-90.00,180.00,-31.50,OPEN,0
672427.906,0,0,0,1.000,1.000,1.000,-90.00,180.00,-31.50,OPEN,0
672427.910,0,0,0,1.000,1.000,1.000,-90.00,180.00,-31.50,OPEN,0
672427.913,0,0,0,1.000,1.000,1.000,-90.00,180.00,-31.50,OPEN,0
672427.917,0,0,0,1.000,1.000,1.000,-90.00,180.00,-31.50,OPEN,0
672427.921,0,0,0,1.000,1.000,1.000,-90.00,180.00,-31.50,OPEN,0
672427.925,0,0,0,1.000,1.000,1.000,-90.00,180.00,-31.50,OPEN,0
672427.929,0,0,0,1.000,1.000,1.000,-90.00,180.00,-31.50,OPEN,0
672427.934,0,0,0,1.000,1.000,1.000,-90.00,180.00,-31.50,OPEN,0
672427.938,0,0,0,1.000,1.000,1.000,-90.00,180.00,-31.50,OPEN,0
672427.943,0,0,0,1.000,1.000,1.000,-90.00,180.00,-31.50,OPEN,0
672427.948,0,0,0,1.000,1.000,1.000,-90.00,180.00,-31.50,OPEN,0
672427.952,0,0,0,1.000,1.000,1.000,-90.00,180.00,-31.50,OPEN,0
672427.957,0,0,0,1.000,1.000,1.000,-90.00,180.00,-31.50,OPEN,0
672427.962,0,0,0,1.000,1.000,1.000,-90.00,180.00,-31.50,OPEN,0
672427.967,0,0,0,1.000,1.000,1.000,-90.00,180.00,-31.50,OPEN,0
672427.971,0,0,0,1.000,1.000,1.000,-90.00,180.00,-31.50,OPEN,0
672427.975,0,0,0,1.000,1.000,1.000,-90.00,180.00,-31.50,OPEN,0
672427.979,0,0,0,1.000,1.000,1.000,-90.00,180.00,-31.50,OPEN,0
672427.983,0,0,0,1.000,1.000,1.000,-90.00,180.00,-31.50,OPEN,0
672427.987,0,0,0,1.000,1.000,1.000,-90.00,180.00,-31.50,OPEN,0
672427.991,0,0,0,1.000,1.000,1.000,-90.00,180.00,-31.50,OPEN,0
672427.996,0,0,0,1.000,1.000,1.000,-90.00,180.00,-31.50,OPEN,0
672428.001,0,0,0,1.000,1.000,1.000,-90.00,180.00,-31.50,OPEN,0
672428.007,0,0,0,1.000,1.000,1.000,-90.00,180.00,-31.50,OPEN,0
672428.012,0,0,0,1.000,1.000,1.000,-90.00,180.00,-31.50,OPEN,0
672428.018,0,0,0,1.000,1.000,1.000,-90.00,180.00,-31.50,OPEN,0
672428.023,0,0,0,1.000,1.000,1.000,-90.00,180.00,-31.50,OPEN,0
672428.028,0,0,0,1.000,1.000,1.000,-90.00,180.00,-31.50,OPEN,0
672428.032,0,0,0,1.000,1.000,1.000,-90.00,180.00,-31.50,OPEN,0
672428.037,0,0,0,1.000,1.000,1.000,-90.00,180.00,-31.50,OPEN,0
672428.041,0,0,0,1.000,1.000,1.000,-90.00,180.00,-31.50,OPEN,0
672428.045,0,0,0,1.000,1.000,1.000,-90.00,180.00,-31.50,OPEN,0
672428.049,0,0,0,1.000,1.000,1.000,-90.00,180.00,-31.50,OPEN,0
672428.053,0,0,0,1.000,1.000,1.000,-90.00,180.00,-31.50,OPEN,0
672428.057,0,0,0,1.000,1.000,1.000,-90.00,180.00,-31.50,OPEN,0
672428.061,0,0,0,1.000,1.000,1.000,-90.00,180.00,-31.50,OPEN,0
672428.064,0,0,0,1.000,1.000,1.000,-90.00,180.00,-31.50,OPEN,0
672428.068,0,0,0,1.000,1.000,1.000,-90.00,180.00,-31.50,OPEN,0
672428.072,0,0,0,1.000,1.000,1.000,-90.00,180.00,-31.50,OPEN,0
672428.075,0,0,0,1.000,1.000,1.000,-90.00,180.00,-31.50,OPEN,0
672428.079,0,0,0,1.000,1.000,1.000,-90.00,180.00,-31.50,OPEN,0
672428.082,0,0,0,1.000,1.000,1.000,-90.00,180.00,-31.50,OPEN,0
672428.086,0,0,0,1.000,1.000,1.000,-90.00,180.00,-31.50,OPEN,0
672428.091,0,0,0,1.000,1.000,1.000,-90.00,180.00,-31.50,OPEN,0
672428.097,0,0,0,1.000,1.000,1.000,-90.00,180.00,-31.50,OPEN,0
672428.103,0,0,0,1.000,1.000,1.000,-90.00,180.00,-31.50,OPEN,0
672428.107,0,0,0,1.000,1.000,1.000,-90.00,180.00,-31.50,OPEN,0
672428.112,0,0,0,1.000,1.000,1.000,-90.00,180.00,-31.50,OPEN,0
672428.117,0,0,0,1.000,1.000,1.000,-90.00,180.00,-31.50,OPEN,0
672428.121,0,0,0,1.000,1.000,1.000,-90.00,180.00,-31.50,OPEN,0
672428.126,0,0,0,1.000,1.000,1.000,-90.00,180.00,-31.50,OPEN,0
672428.130,0,0,0,1.000,1.000,1.000,-90.00,180.00,-31.50,OPEN,0
672428.134,0,0,0,1.000,1.000,1.000,-90.00,180.00,-31.50,OPEN,0
672428.138,0,0,0,1.000,1.000,1.000,-90.00,180.00,-31.50,OPEN,0
672428.141,0,0,0,1.000,1.000,1.000,-90.00,180.00,-31.50,OPEN,0
672428.146,0,0,0,1.000,1.000,1.000,-90.00,180.00,-31.50,OPEN,0
672428.150,0,0,0,1.000,1.000,1.000,-90.00,180.00,-31.50,OPEN,0
672428.155,0,0,0,1.000,1.000,1.000,-90.00,180.00,-31.50,OPEN,0
672428.159,0,0,0,1.000,1.000,1.000,-90.00,180.00,-31.50,OPEN,0
672428.165,0,0,0,1.000,1.000,1.000,-90.00,180.00,-31.50,OPEN,0
672428.169,0,0,0,1.000,1.000,1.000,-90.00,180.00,-31.50,OPEN,0
672428.173,0,0,0,1.000,1.000,1.000,-90.00,180.00,-31.50,OPEN,0
672428.178,0,0,0,1.000,1.000,1.000,-90.00,180.00,-31.50,OPEN,0
672428.182,0,0,0,1.000,1.000,1.000,-90.00,180.00,-31.50,OPEN,0
672428.186,0,0,0,1.000,1.000,1.000,-90.00,180.00,-31.50,OPEN,0
672428.190,0,0,0,1.000,1.000,1.000,-90.00,180.00,-31.50,OPEN,0
672428.195,0,0,0,1.000,1.000,1.000,-90.00,180.00,-31.50,OPEN,0
672428.200,0,0,0,1.000,1.000,1.000,-90.00,180.00,-31.50,OPEN,0
672428.204,0,0,0,1.000,1.000,1.000,-90.00,180.00,-31.50,OPEN,0
672428.208,0,0,0,1.000,1.000,1.000,-90.00,180.00,-31.50,OPEN,0
672428.212,0,0,0,1.000,1.000,1.000,-90.00,180.00,-31.50,OPEN,0
672428.216,0,0,0,1.000,1.000,1.000,-90.00,180.00,-31.50,OPEN,0
672428.220,0,0,0,1.000,1.000,1.000,-90.00,180.00,-31.50,OPEN,0
672428.224,0,0,0,1.000,1.000,1.000,-90.00,180.00,-31.50,OPEN,0
672428.227,0,0,0,1.000,1.000,1.000,-90.00,180.00,-31.50,OPEN,0
672428.232,0,0,0,1.000,1.000,1.000,-90.00,180.00,-31.50,OPEN,0
672428.236,0,0,0,1.000,1.000,1.000,-90.00,180.00,-31.50,OPEN,0
672428.240,0,0,0,1.000,1.000,1.000,-90.00,180.00,-31.50,OPEN,0
672428.244,0,0,0,1.000,1.000,1.000,-90.00,180.00,-31.50,OPEN,0
672428.248,0,0,0,1.000,1.000,1.000,-90.00,180.00,-31.50,OPEN,0
672428.252,0,0,0,1.000,1.000,1.000,-90.00,180.00,-31.50,OPEN,0
672428.256,0,0,0,1.000,1.000,1.000,-90.00,180.00,-31.50,OPEN,0
672428.259,0,0,0,1.000,1.000,1.000,-90.00,180.00,-31.50,OPEN,0
672428.263,0,0,0,1.000,1.000,1.000,-90.00,180.00,-31.50,OPEN,0
672428.267,0,0,0,1.000,1.000,1.000,-90.00,180.00,-31.50,OPEN,0
672428.270,0,0,0,1.000,1.000,1.000,-90.00,180.00,-31.50,OPEN,0
672428.274,0,0,0,1.000,1.000,1.000,-90.00,180.00,-31.50,OPEN,0
672428.278,0,0,0,1.000,1.000,1.000,-90.00,180.00,-31.50,OPEN,0
672428.282,0,0,0,1.000,1.000,1.000,-90.00,180.00,-31.50,OPEN,0
672428.286,0,0,0,1.000,1.000,1.000,-90.00,180.00,-31.50,OPEN,0
672428.289,0,0,0,1.000,1.000,1.000,-90.00,180.00,-31.50,OPEN,0
672428.294,0,0,0,1.000,1.000,1.000,-90.00,180.00,-31.50,OPEN,0
672428.298,0,0,0,1.000,1.000,1.000,-90.00,180.00,-31.50,OPEN,0
672428.303,0,0,0,1.000,1.000,1.000,-90.00,180.00,-31.50,OPEN,0
672428.309,0,0,0,1.000,1.000,1.000,-90.00,180.00,-31.50,OPEN,0
672428.315,0,0,0,1.000,1.000,1.000,-90.00,180.00,-31.50,OPEN,0
672428.320,0,0,0,1.000,1.000,1.000,-90.00,180.00,-31.50,OPEN,0
672428.324,0,0,0,1.000,1.000,1.000,-90.00,180.00,-31.50,OPEN,0
672428.329,0,1,0,1.000,0.994,1.000,-90.00,179.74,-31.50,OPEN,0
672428.333,0,1,0,1.000,0.847,1.000,-90.00,179.47,-31.50,OPEN,1
672428.338,0,1,0,1.000,0.733,1.000,-90.00,179.21,-31.50,OPEN,0
672428.342,0,1,0,1.000,0.937,1.000,-90.00,178.94,-31.50,OPEN,0
672428.347,0,1,0,1.000,0.924,1.000,-90.00,178.67,-31.50,OPEN,0
672428.351,0,1,0,1.000,0.945,1.000,-90.00,178.44,-31.50,OPEN,0
672428.354,0,1,0,1.000,0.951,1.000,-90.00,178.21,-31.50,OPEN,0
672428.358,0,1,0,1.000,0.982,1.000,-90.00,177.97,-31.50,OPEN,0
672428.363,0,1,0,1.000,0.997,1.000,-90.00,177.71,-31.50,OPEN,0
672428.368,0,1,0,1.000,1.000,1.000,-90.00,177.39,-31.50,OPEN,0
672428.372,0,1,0,1.000,1.000,1.000,-90.00,177.15,-31.50,OPEN,0
672428.376,0,1,0,1.000,1.000,1.000,-90.00,176.94,-31.50,OPEN,0
672428.380,0,1,0,1.000,1.000,1.000,-90.00,176.67,-31.50,OPEN,0
672428.385,0,1,0,1.000,1.000,1.000,-90.00,176.35,-31.50,OPEN,0
672428.390,0,1,0,1.000,0.999,1.000,-90.00,176.07,-31.50,OPEN,0
672428.394,0,1,0,1.000,0.997,1.000,-90.00,175.81,-31.50,OPEN,0
672428.399,0,1,0,1.000,0.992,1.000,-90.00,175.55,-31.50,OPEN,0
672428.403,0,1,0,1.000,0.943,1.000,-90.00,175.27,-31.50,OPEN,0
672428.408,0,1,0,1.000,0.813,1.000,-90.00,174.99,-31.50,OPEN,0
672428.412,0,1,0,1.000,0.698,1.000,-90.00,174.72,-31.50,OPEN,0
672428.417,0,1,0,1.000,0.539,1.000,-90.00,174.47,-31.50,OPEN,0
672428.421,0,1,0,1.000,0.567,1.000,-90.00,174.20,-31.50,OPEN,0
672428.425,0,1,0,1.000,0.825,1.000,-90.00,173.94,-31.50,OPEN,0
672428.430,0,1,0,1.000,0.990,1.000,-90.00,173.66,-31.50,OPEN,0
672428.434,0,1,0,1.000,0.999,1.000,-90.00,173.42,-31.50,OPEN,1
672428.438,0,1,0,1.000,1.000,1.000,-90.00,173.19,-31.50,OPEN,0
672428.442,0,1,0,1.000,1.000,1.000,-90.00,172.96,-31.50,OPEN,0
672428.445,0,1,0,1.000,1.000,1.000,-90.00,172.74,-31.50,OPEN,0
672428.450,0,1,0,1.000,1.000,1.000,-90.00,172.48,-31.50,OPEN,0
672428.454,0,1,0,1.000,1.000,1.000,-90.00,172.20,-31.50,OPEN,0
672428.459,0,1,0,1.000,1.000,1.000,-90.00,171.95,-31.50,OPEN,0
672428.463,0,1,0,1.000,1.000,1.000,-90.00,171.71,-31.50,OPEN,0
672428.467,0,1,0,1.000,1.000,1.000,-90.00,171.48,-31.50,OPEN,0
672428.471,0,1,0,1.000,1.000,1.000,-90.00,171.24,-31.50,OPEN,0
672428.474,0,1,0,1.000,1.000,1.000,-90.00,171.00,-31.50,OPEN,0
672428.478,0,1,0,1.000,1.000,1.000,-90.00,170.76,-31.50,OPEN,0
672428.483,0,1,0,1.000,1.000,1.000,-90.00,170.52,-31.50,OPEN,0
672428.487,0,1,0,1.000,1.000,1.000,-90.00,170.27,-31.50,OPEN,0
672428.491,0,1,0,1.000,1.000,1.000,-90.00,170.02,-31.50,OPEN,0
672428.496,0,1,0,1.000,1.000,1.000,-90.00,169.72,-31.50,OPEN,0
672428.501,0,1,0,1.000,1.000,1.000,-90.00,169.42,-31.50,OPEN,0
672428.505,0,1,0,1.000,1.000,1.000,-90.00,169.18,-31.50,OPEN,0
672428.509,0,1,0,1.000,1.000,1.000,-90.00,168.96,-31.50,OPEN,0
672428.512,0,1,0,1.000,1.000,1.000,-90.00,168.73,-31.50,OPEN,0
672428.517,0,1,0,1.000,1.000,1.000,-90.00,168.48,-31.50,OPEN,0
672428.521,0,1,0,1.000,1.000,1.000,-90.00,168.22,-31.50,OPEN,0
672428.525,0,1,0,1.000,1.000,1.000,-90.00,167.97,-31.50,OPEN,0
672428.530,0,1,0,1.000,1.000,1.000,-90.00,167.69,-31.50,OPEN,0
672428.534,0,1,0,1.000,1.000,1.000,-90.00,167.42,-31.50,OPEN,0
672428.538,0,1,0,1.000,1.000,1.000,-90.00,167.19,-31.50,OPEN,1
672428.542,0,1,0,1.000,1.000,1.000,-90.00,166.96,-31.50,OPEN,0
672428.546,0,1,0,1.000,1.000,1.000,-90.00,166.73,-31.50,OPEN,0
672428.549,0,1,0,1.000,1.000,1.000,-90.00,166.50,-31.50,OPEN,0
672428.554,0,1,0,1.000,1.000,1.000,-90.00,166.25,-31.50,OPEN,0
672428.558,0,1,0,1.000,1.000,1.000,-90.00,165.98,-31.50,OPEN,0
672428.563,0,1,0,1.000,1.000,1.000,-90.00,165.68,-31.50,OPEN,0
672428.568,0,1,0,1.000,1.000,1.000,-90.00,165.40,-31.50,OPEN,0
672428.572,0,1,0,1.000,1.000,1.000,-90.00,165.12,-31.50,OPEN,0
672428.577,0,1,0,1.000,1.000,1.000,-90.00,164.84,-31.50,OPEN,0
672428.582,0,1,0,1.000,1.000,1.000,-90.00,164.56,-31.50,OPEN,0
672428.586,0,1,0,1.000,1.000,1.000,-90.00,164.28,-31.50,OPEN,0
672428.591,0,1,0,1.000,1.000,1.000,-90.00,164.02,-31.50,OPEN,0
672428.595,0,1,0,1.000,1.000,1.000,-90.00,163.75,-31.50,OPEN,0
672428.600,0,1,0,1.000,1.000,1.000,-90.00,163.49,-31.50,OPEN,0
672428.604,0,1,0,1.000,1.000,1.000,-90.00,163.23,-31.50,OPEN,0
672428.608,0,1,0,1.000,1.000,1.000,-90.00,162.98,-31.50,OPEN,0
672428.613,0,1,0,1.000,1.000,1.000,-90.00,162.69,-31.50,OPEN,0
672428.617,0,1,0,1.000,1.000,1.000,-90.00,162.46,-31.50,OPEN,0
672428.621,0,1,0,1.000,1.000,1.000,-90.00,162.24,-31.50,OPEN,0
672428.624,0,1,0,1.000,1.000,1.000,-90.00,162.02,-31.50,OPEN,0
672428.628,0,1,0,1.000,1.000,1.000,-90.00,161.80,-31.50,OPEN,0
672428.632,0,1,0,1.000,1.000,1.000,-90.00,161.56,-31.50,OPEN,0
672428.637,0,1,0,1.000,1.000,1.000,-90.00,161.27,-31.50,OPEN,0
672428.641,0,1,0,1.000,1.000,1.000,-90.00,161.04,-31.50,OPEN,1
672428.644,0,1,0,1.000,1.000,1.000,-90.00,160.81,-31.50,OPEN,0
672428.648,0,1,0,1.000,1.000,1.000,-90.00,160.60,-31.50,OPEN,0
672428.652,0,1,0,1.000,1.000,1.000,-90.00,160.37,-31.50,OPEN,0
672428.656,0,1,0,1.000,1.000,1.000,-90.00,160.13,-31.50,OPEN,0
672428.659,0,1,0,1.000,1.000,1.000,-90.00,159.90,-31.50,OPEN,0
672428.664,0,1,0,1.000,1.000,1.000,-90.00,159.61,-31.50,OPEN,0
672428.670,0,1,0,1.000,1.000,1.000,-90.00,159.29,-31.50,OPEN,0
672428.675,0,1,0,1.000,1.000,1.000,-90.00,158.96,-31.50,OPEN,0
672428.681,0,1,0,1.000,1.000,1.000,-90.00,158.63,-31.50,OPEN,0
672428.686,0,1,0,1.000,1.000,1.000,-90.00,158.30,-31.50,OPEN,0
672428.692,0,1,0,1.000,1.000,1.000,-90.00,157.98,-31.50,OPEN,0
672428.697,0,1,0,1.000,1.000,1.000,-90.00,157.67,-31.50,OPEN,0
672428.702,0,1,0,1.000,1.000,1.000,-90.00,157.36,-31.50,OPEN,0
672428.707,0,1,0,1.000,1.000,1.000,-90.00,157.05,-31.50,OPEN,0
672428.711,0,1,0,1.000,1.000,1.000,-90.00,156.79,-31.50,OPEN,0
672428.715,0,1,0,1.000,1.000,1.000,-90.00,156.55,-31.50,OPEN,0
672428.719,0,1,0,1.000,1.000,1.000,-90.00,156.30,-31.50,OPEN,0
672428.723,0,1,0,1.000,1.000,1.000,-90.00,156.07,-31.50,OPEN,0
672428.727,0,1,0,1.000,1.000,1.000,-90.00,155.85,-31.50,OPEN,0
672428.731,0,1,0,1.000,1.000,1.000,-90.00,155.62,-31.50,OPEN,0
672428.734,0,1,0,1.000,1.000,1.000,-90.00,155.41,-31.50,OPEN,0
672428.739,0,1,0,1.000,1.000,1.000,-90.00,155.16,-31.50,OPEN,0
672428.742,0,1,0,1.000,1.000,1.000,-90.00,154.94,-31.50,OPEN,1
672428.746,0,1,0,1.000,1.000,1.000,-90.00,154.72,-31.50,OPEN,0
672428.750,0,1,0,1.000,1.000,1.000,-90.00,154.50,-31.50,OPEN,0
672428.754,0,1,0,1.000,1.000,1.000,-90.00,154.24,-31.50,OPEN,0
672428.758,0,1,0,1.000,1.000,1.000,-90.00,154.01,-31.50,OPEN,0
672428.763,0,1,0,1.000,1.000,1.000,-90.00,153.69,-31.50,OPEN,0
672428.767,0,1,0,1.000,1.000,1.000,-90.00,153.43,-31.50,OPEN,0
672428.771,0,1,0,1.000,1.000,1.000,-90.00,153.21,-31.50,OPEN,0
672428.775,0,1,0,1.000,1.000,1.000,-90.00,152.98,-31.50,OPEN,0
672428.779,0,1,0,1.000,1.000,1.000,-90.00,152.76,-31.50,OPEN,0
672428.783,0,1,0,1.000,1.000,1.000,-90.00,152.49,-31.50,OPEN,0
672428.788,0,1,0,1.000,1.000,1.000,-90.00,152.21,-31.50,OPEN,0
672428.792,0,1,0,1.000,1.000,1.000,-90.00,151.97,-31.50,OPEN,0
672428.796,0,1,0,1.000,1.000,1.000,-90.00,151.73,-31.50,OPEN,0
672428.799,0,1,0,1.000,1.000,1.000,-90.00,151.50,-31.50,OPEN,0
672428.804,0,1,0,1.000,1.000,1.000,-90.00,151.26,-31.50,OPEN,0
672428.808,0,1,0,1.000,1.000,1.000,-90.00,151.01,-31.50,OPEN,0
672428.812,0,1,0,1.000,1.000,1.000,-90.00,150.77,-31.50,OPEN,0
672428.816,0,1,0,1.000,1.000,1.000,-90.00,150.54,-31.50,OPEN,0
672428.819,0,1,0,1.000,1.000,1.000,-90.00,150.30,-31.50,OPEN,0
672428.823,0,1,0,1.000,1.000,1.000,-90.00,150.06,-31.50,OPEN,0
672428.827,0,1,0,1.000,1.000,1.000,-90.00,149.82,-31.50,OPEN,0
672428.832,0,1,0,1.000,1.000,1.000,-90.00,149.57,-31.50,OPEN,0
672428.836,0,1,0,1.000,1.000,1.000,-90.00,149.28,-31.50,OPEN,0
672428.840,0,1,0,1.000,1.000,1.000,-90.00,149.05,-31.50,OPEN,0
672428.845,0,1,0,1.000,1.000,1.000,-90.00,148.80,-31.50,OPEN,1
672428.848,0,1,0,1.000,1.000,1.000,-90.00,148.57,-31.50,OPEN,0
672428.853,0,1,0,1.000,1.000,1.000,-90.00,148.31,-31.50,OPEN,0
672428.857,0,1,0,1.000,1.000,1.000,-90.00,148.04,-31.50,OPEN,0
672428.861,0,1,0,1.000,1.000,1.000,-90.00,147.78,-31.50,OPEN,0
672428.866,0,1,0,1.000,1.000,1.000,-90.00,147.50,-31.50,OPEN,0
672428.871,0,1,0,1.000,1.000,1.000,-90.00,147.19,-31.50,OPEN,0
672428.877,0,0,0,1.000,1.000,1.000,-90.00,147.52,-31.50,OPEN,0
672428.882,0,0,0,1.000,1.000,1.000,-90.00,147.82,-31.50,OPEN,0
672428.887,0,0,0,1.000,1.000,1.000,-90.00,148.13,-31.50,OPEN,0
672428.892,0,0,0,1.000,1.000,1.000,-90.00,148.44,-31.50,OPEN,0
672428.897,0,0,0,1.000,1.000,1.000,-90.00,148.70,-31.50,OPEN,0
672428.901,0,0,0,1.000,1.000,1.000,-90.00,148.96,-31.50,OPEN,0
672428.905,0,0,0,1.000,1.000,1.000,-90.00,149.20,-31.50,OPEN,0
672428.909,0,0,0,1.000,1.000,1.000,-90.00,149.44,-31.50,OPEN,0
672428.913,0,0,0,1.000,1.000,1.000,-90.00,149.67,-31.50,OPEN,0
672428.916,0,0,0,1.000,1.000,1.000,-90.00,149.88,-31.50,OPEN,0
672428.920,0,0,0,1.000,1.000,1.000,-90.00,150.10,-31.50,OPEN,0
672428.924,0,0,0,1.000,1.000,1.000,-90.00,150.37,-31.50,OPEN,0
672428.929,0,0,0,1.000,1.000,1.000,-90.00,150.66,-31.50,OPEN,0
672428.934,0,0,0,1.000,1.000,1.000,-90.00,150.95,-31.50,OPEN,0
672428.938,0,0,0,1.000,1.000,1.000,-90.00,151.22,-31.50,OPEN,0
672428.943,0,0,0,1.000,1.000,1.000,-90.00,151.48,-31.50,OPEN,0
672428.947,0,0,0,1.000,1.000,1.000,-90.00,151.75,-31.50,OPEN,1
672428.951,0,0,0,1.000,1.000,1.000,-90.00,152.00,-31.50,OPEN,0
672428.956,0,0,0,1.000,1.000,1.000,-90.00,152.25,-31.50,OPEN,0
672428.960,0,0,0,1.000,1.000,1.000,-90.00,152.49,-31.50,OPEN,0
672428.964,0,0,0,1.000,0.970,0.997,-90.00,152.75,-31.50,OPEN,0
672428.968,0,0,0,1.000,1.000,0.813,-90.00,152.97,-31.50,OPEN,0
672428.972,0,0,0,1.000,1.000,0.944,-90.00,153.25,-31.50,OPEN,0
672428.976,0,0,0,1.000,1.000,0.997,-90.00,153.48,-31.50,OPEN,0
672428.981,0,0,0,1.000,1.000,1.000,-90.00,153.76,-31.50,OPEN,0
672428.986,0,0,0,1.000,1.000,1.000,-90.00,154.08,-31.50,OPEN,0
672428.990,0,0,0,1.000,1.000,1.000,-90.00,154.32,-31.50,OPEN,0
672428.994,0,0,0,1.000,1.000,1.000,-90.00,154.55,-31.50,OPEN,0
672428.998,0,0,0,1.000,1.000,1.000,-90.00,154.76,-31.50,OPEN,0
672429.002,0,0,0,1.000,1.000,1.000,-90.00,155.00,-31.50,OPEN,0
672429.006,0,0,0,1.000,1.000,1.000,-90.00,155.24,-31.50,OPEN,0
672429.010,0,0,0,1.000,1.000,1.000,-90.00,155.50,-31.50,OPEN,0
672429.013,0,0,0,1.000,1.000,1.000,-90.00,155.71,-31.50,OPEN,0
672429.017,0,0,0,1.000,0.993,1.000,-90.00,155.93,-31.50,OPEN,0
672429.021,0,0,0,1.000,0.669,1.000,-90.00,156.16,-31.50,OPEN,0
672429.025,0,0,0,1.000,0.996,1.000,-90.00,156.40,-31.50,OPEN,0
672429.029,0,0,0,1.000,1.000,1.000,-90.00,156.63,-31.50,OPEN,0
672429.033,0,0,0,1.000,1.000,1.000,-90.00,156.87,-31.50,OPEN,0
672429.037,0,0,0,1.000,1.000,1.000,-90.00,157.12,-31.50,OPEN,0
672429.041,0,0,0,1.000,1.000,1.000,-90.00,157.35,-31.50,OPEN,0
672429.045,0,0,0,1.000,1.000,1.000,-90.00,157.59,-31.50,OPEN,0
672429.049,0,0,0,1.000,1.000,1.000,-90.00,157.83,-31.50,OPEN,1
672429.053,0,0,0,1.000,1.000,1.000,-90.00,158.08,-31.50,OPEN,0
672429.057,0,0,0,1.000,1.000,1.000,-90.00,158.32,-31.50,OPEN,0
672429.061,0,0,0,1.000,1.000,1.000,-90.00,158.57,-31.50,OPEN,0
672429.065,0,0,0,1.000,1.000,1.000,-90.00,158.82,-31.50,OPEN,0
672429.069,0,0,0,1.000,1.000,1.000,-90.00,159.08,-31.50,OPEN,0
672429.073,0,0,0,1.000,1.000,1.000,-90.00,159.31,-31.50,OPEN,0
672429.077,0,0,0,1.000,1.000,1.000,-90.00,159.54,-31.50,OPEN,0
672429.082,0,0,0,1.000,1.000,1.000,-90.00,159.80,-31.50,OPEN,0
672429.086,0,0,0,1.000,1.000,1.000,-90.00,160.05,-31.50,OPEN,0
672429.090,0,0,0,1.000,1.000,1.000,-90.00,160.32,-31.50,OPEN,0
672429.095,0,0,0,1.000,1.000,1.000,-90.00,160.60,-31.50,OPEN,0
672429.099,0,0,0,1.000,1.000,1.000,-90.00,160.83,-31.50,OPEN,0
672429.103,0,0,0,1.000,1.000,1.000,-90.00,161.11,-31.50,OPEN,0
672429.108,0,0,0,1.000,1.000,1.000,-90.00,161.39,-31.50,OPEN,0
672429.114,0,0,0,1.000,0.999,1.000,-90.00,161.73,-31.50,OPEN,0
672429.119,0,0,0,1.000,0.999,1.000,-90.00,162.04,-31.50,OPEN,0
672429.124,0,0,0,1.000,0.998,1.000,-90.00,162.34,-31.50,OPEN,0
672429.129,0,0,0,1.000,0.998,1.000,-90.00,162.63,-31.50,OPEN,0
672429.134,0,0,0,1.000,0.998,1.000,-90.00,162.92,-31.50,OPEN,0
672429.138,0,0,0,1.000,0.998,1.000,-90.00,163.18,-31.50,OPEN,0
672429.142,0,0,0,1.000,0.996,1.000,-90.00,163.45,-31.50,OPEN,0
672429.147,0,0,0,1.000,0.993,1.000,-90.00,163.70,-31.50,OPEN,0
672429.150,0,0,0,1.000,0.986,1.000,-90.00,163.94,-31.50,OPEN,1
672429.154,0,0,0,1.000,0.978,1.000,-90.00,164.16,-31.50,OPEN,0
672429.158,0,0,0,1.000,0.975,1.000,-90.00,164.39,-31.50,OPEN,0
672429.163,0,0,0,1.000,0.979,1.000,-90.00,164.70,-31.50,OPEN,0
672429.167,0,0,0,1.000,0.985,1.000,-90.00,164.96,-31.50,OPEN,0
672429.172,0,0,0,1.000,0.991,1.000,-90.00,165.21,-31.50,OPEN,0
672429.176,0,0,0,1.000,0.994,1.000,-90.00,165.47,-31.50,OPEN,0
672429.180,0,0,0,1.000,0.997,1.000,-90.00,165.70,-31.50,OPEN,0
672429.184,0,0,0,1.000,0.999,1.000,-90.00,165.95,-31.50,OPEN,0
672429.188,0,0,0,1.000,1.000,1.000,-90.00,166.22,-31.50,OPEN,0
672429.193,0,0,0,1.000,1.000,1.000,-90.00,166.47,-31.50,OPEN,0
672429.197,0,0,0,1.000,1.000,1.000,-90.00,166.73,-31.50,OPEN,0
672429.202,0,0,0,1.000,1.000,1.000,-90.00,167.01,-31.50,OPEN,0
672429.207,0,0,0,1.000,1.000,1.000,-90.00,167.32,-31.50,OPEN,0
672429.211,0,0,0,1.000,1.000,1.000,-90.00,167.59,-31.50,OPEN,0
672429.216,0,0,0,1.000,1.000,1.000,-90.00,167.85,-31.50,OPEN,0
672429.220,0,0,0,1.000,1.000,1.000,-90.00,168.10,-31.50,OPEN,0
672429.224,0,0,0,1.000,1.000,1.000,-90.00,168.34,-31.50,OPEN,0
672429.228,0,0,0,1.000,1.000,1.000,-90.00,168.58,-31.50,OPEN,0
672429.232,0,0,0,1.000,1.000,1.000,-90.00,168.84,-31.50,OPEN,0
672429.236,0,0,0,1.000,1.000,1.000,-90.00,169.10,-31.50,OPEN,0
672429.241,0,0,0,1.000,1.000,1.000,-90.00,169.37,-31.50,OPEN,0
672429.246,0,0,0,1.000,1.000,1.000,-90.00,169.64,-31.50,OPEN,0
672429.250,0,0,0,1.000,1.000,1.000,-90.00,169.91,-31.50,OPEN,0
672429.255,0,0,0,1.000,1.000,1.000,-90.00,170.21,-31.50,OPEN,1
672429.259,0,0,0,1.000,1.000,1.000,-90.00,170.45,-31.50,OPEN,0
672429.263,0,0,0,1.000,1.000,1.000,-90.00,170.71,-31.50,OPEN,0
672429.268,0,0,0,1.000,1.000,1.000,-90.00,170.96,-31.50,OPEN,0
672429.272,0,0,0,1.000,1.000,1.000,-90.00,171.22,-31.50,OPEN,0
672429.276,0,0,0,1.000,1.000,1.000,-90.00,171.47,-31.50,OPEN,0
672429.280,0,0,0,1.000,1.000,1.000,-90.00,171.69,-31.50,OPEN,0
672429.284,0,0,0,1.000,1.000,1.000,-90.00,171.93,-31.50,OPEN,0
672429.287,0,0,0,1.000,1.000,1.000,-90.00,172.15,-31.50,OPEN,0
672429.291,0,0,0,1.000,1.000,1.000,-90.00,172.38,-31.50,OPEN,0
672429.295,0,0,0,1.000,1.000,1.000,-90.00,172.60,-31.50,OPEN,0
672429.298,0,0,0,1.000,1.000,1.000,-90.00,172.81,-31.50,OPEN,0
672429.302,0,0,0,1.000,1.000,1.000,-90.00,173.02,-31.50,OPEN,0
672429.306,0,0,0,1.000,1.000,1.000,-90.00,173.25,-31.50,OPEN,0
672429.310,0,0,0,1.000,1.000,1.000,-90.00,173.53,-31.50,OPEN,0
672429.317,0,0,0,1.000,1.000,1.000,-90.00,173.95,-31.50,OPEN,0
672429.323,0,0,0,1.000,1.000,1.000,-90.00,174.29,-31.50,OPEN,0
672429.328,0,0,0,1.000,1.000,1.000,-90.00,174.61,-31.50,OPEN,0
672429.334,0,0,0,1.000,1.000,1.000,-90.00,174.93,-31.50,OPEN,0
672429.339,0,0,0,1.000,1.000,1.000,-90.00,175.27,-31.50,OPEN,0
672429.344,0,0,0,1.000,1.000,1.000,-90.00,175.55,-31.50,OPEN,0
672429.348,0,0,0,1.000,1.000,1.000,-90.00,175.80,-31.50,OPEN,0
672429.352,0,0,0,1.000,1.000,1.000,-90.00,176.05,-31.50,OPEN,0
672429.356,0,0,0,1.000,1.000,1.000,-90.00,176.29,-31.50,OPEN,1
672429.360,0,0,0,1.000,1.000,1.000,-90.00,176.53,-31.50,OPEN,0
672429.364,0,0,0,1.000,1.000,1.000,-90.00,176.75,-31.50,OPEN,0
672429.368,0,0,0,1.000,1.000,1.000,-90.00,176.99,-31.50,OPEN,0
672429.372,0,0,0,1.000,1.000,1.000,-90.00,177.25,-31.50,OPEN,0
672429.376,0,0,0,1.000,1.000,1.000,-90.00,177.48,-31.50,OPEN,0
672429.380,0,0,0,1.000,1.000,1.000,-90.00,177.72,-31.50,OPEN,0
672429.384,0,0,0,0.999,1.000,1.000,-90.00,177.93,-31.50,OPEN,0
672429.387,0,0,0,1.000,1.000,1.000,-90.00,178.13,-31.50,OPEN,0
672429.391,0,0,0,1.000,1.000,1.000,-90.00,178.35,-31.50,OPEN,0
672429.395,0,0,0,1.000,1.000,1.000,-90.00,178.59,-31.50,OPEN,0
672429.400,0,0,0,1.000,1.000,1.000,-90.00,178.89,-31.50,OPEN,0
672429.405,0,0,0,1.000,1.000,1.000,-90.00,179.20,-31.50,OPEN,0
672429.410,0,0,0,1.000,1.000,1.000,-90.00,179.51,-31.50,OPEN,0
672429.416,0,0,0,1.000,1.000,1.000,-90.00,179.88,-31.50,OPEN,0
672429.421,0,0,0,1.000,1.000,1.000,-90.00,180.00,-31.50,OPEN,0
672429.431,0,0,0,1.000,1.000,1.000,-90.00,180.00,-31.50,OPEN,0
672429.443,0,0,0,1.000,1.000,1.000,-90.00,180.00,-31.50,OPEN,0
672429.449,0,0,0,1.000,1.000,1.000,-90.00,180.00,-31.50,OPEN,0
672429.455,0,0,0,1.000,1.000,1.000,-90.00,180.00,-31.50,OPEN,0
672429.462,0,0,0,1.000,1.000,1.000,-90.00,180.00,-31.50,OPEN,1
672429.467,0,0,0,1.000,1.000,1.000,-90.00,180.00,-31.50,OPEN,0
672429.473,0,0,0,1.000,1.000,1.000,-90.00,180.00,-31.50,OPEN,0
672429.479,0,0,0,1.000,1.000,1.000,-90.00,180.00,-31.50,OPEN,0
672429.483,0,0,0,1.000,1.000,1.000,-90.00,180.00,-31.50,OPEN,0
672429.487,0,0,0,1.000,0.998,1.000,-90.00,180.00,-31.50,OPEN,0
672429.491,0,0,0,1.000,0.926,1.000,-90.00,180.00,-31.50,OPEN,0
672429.495,0,0,0,1.000,0.562,1.000,-90.00,180.00,-31.50,OPEN,0
672429.499,0,0,0,1.000,0.554,1.000,-90.00,180.00,-31.50,OPEN,0
672429.503,0,0,1,1.000,0.803,1.000,-89.77,180.00,-31.50,OPEN,0
672429.506,0,0,1,1.000,0.949,1.000,-89.56,180.00,-31.50,OPEN,0
672429.510,0,0,1,1.000,0.992,1.000,-89.35,180.00,-31.50,OPEN,0
672429.513,0,0,1,1.000,0.998,1.000,-89.15,180.00,-31.50,OPEN,0
672429.517,0,0,1,1.000,1.000,1.000,-88.92,180.00,-31.50,OPEN,0
672429.520,0,0,1,1.000,1.000,1.000,-88.72,180.00,-31.50,OPEN,0
672429.524,0,0,1,1.000,1.000,1.000,-88.49,180.00,-31.50,OPEN,0
672429.528,0,0,1,1.000,1.000,1.000,-88.22,180.00,-31.50,OPEN,0
672429.535,0,0,1,1.000,1.000,1.000,-87.85,180.00,-31.50,OPEN,0
672429.540,0,0,1,1.000,1.000,1.000,-87.54,180.00,-31.50,OPEN,0
672429.544,0,0,1,0.999,0.994,1.000,-87.26,180.00,-31.50,OPEN,0
672429.549,0,0,1,0.999,0.734,1.000,-86.98,180.00,-31.50,OPEN,0
672429.553,0,0,1,0.998,0.974,1.000,-86.73,180.00,-31.50,OPEN,0
672429.557,0,0,1,0.997,0.999,1.000,-86.48,180.00,-31.50,OPEN,0
672429.562,0,0,1,0.996,1.000,1.000,-86.23,180.00,-31.50,OPEN,0
672429.565,0,0,1,0.997,1.000,0.999,-86.00,180.00,-31.50,OPEN,1
672429.569,0,0,1,0.997,1.000,0.998,-85.76,180.00,-31.50,OPEN,0
672429.573,0,0,1,0.995,1.000,0.997,-85.54,180.00,-31.50,OPEN,0
672429.577,0,0,1,0.995,1.000,0.996,-85.30,180.00,-31.50,OPEN,0
672429.582,0,0,1,0.998,1.000,0.984,-85.03,180.00,-31.50,OPEN,0
672429.587,0,0,1,0.998,1.000,0.705,-84.72,180.00,-31.50,OPEN,0
672429.592,0,0,1,0.999,0.999,0.774,-84.41,180.00,-31.50,OPEN,0
672429.596,0,0,1,1.000,0.994,0.958,-84.14,180.00,-31.50,OPEN,0
672429.601,0,0,1,0.999,0.967,0.993,-83.86,180.00,-31.50,OPEN,0
672429.605,0,0,1,0.998,0.825,0.998,-83.62,180.00,-31.50,OPEN,0
672429.609,0,0,1,1.000,0.551,1.000,-83.39,180.00,-31.50,OPEN,0
672429.613,0,0,1,1.000,0.924,1.000,-83.15,180.00,-31.50,OPEN,0
672429.616,0,0,1,1.000,0.998,1.000,-82.93,180.00,-31.50,OPEN,0
672429.620,0,0,1,1.000,1.000,1.000,-82.71,180.00,-31.50,OPEN,0
672429.624,0,0,1,1.000,1.000,1.000,-82.49,180.00,-31.50,OPEN,0
672429.628,0,0,1,1.000,1.000,1.000,-82.27,180.00,-31.50,OPEN,0
672429.632,0,0,1,1.000,1.000,1.000,-82.02,180.00,-31.50,OPEN,0
672429.636,0,0,1,1.000,1.000,1.000,-81.78,180.00,-31.50,OPEN,0
672429.640,0,0,1,1.000,1.000,1.000,-81.53,180.00,-31.50,OPEN,0
672429.644,0,0,1,1.000,1.000,1.000,-81.31,180.00,-31.50,OPEN,0
672429.647,0,0,1,1.000,1.000,1.000,-81.08,180.00,-31.50,OPEN,0
672429.651,0,0,1,1.000,1.000,1.000,-80.86,180.00,-31.50,OPEN,0
672429.656,0,0,1,1.000,1.000,1.000,-80.59,180.00,-31.50,OPEN,0
672429.660,0,0,1,1.000,1.000,1.000,-80.31,180.00,-31.50,OPEN,0
672429.664,0,0,1,1.000,1.000,1.000,-80.08,180.00,-31.50,OPEN,0
672429.668,0,0,1,1.000,1.000,1.000,-79.83,180.00,-31.50,OPEN,1
672429.673,0,0,1,0.999,1.000,1.000,-79.57,180.00,-31.50,OPEN,0
672429.677,0,0,1,0.999,1.000,1.000,-79.33,180.00,-31.50,OPEN,0
672429.680,0,0,1,1.000,1.000,1.000,-79.10,180.00,-31.50,OPEN,0
672429.684,0,0,1,1.000,1.000,1.000,-78.87,180.00,-31.50,OPEN,0
672429.688,0,0,1,1.000,1.000,1.000,-78.63,180.00,-31.50,OPEN,0
672429.693,0,0,1,1.000,1.000,1.000,-78.37,180.00,-31.50,OPEN,0
672429.697,0,0,1,1.000,1.000,1.000,-78.13,180.00,-31.50,OPEN,0
672429.701,0,0,1,1.000,1.000,1.000,-77.86,180.00,-31.50,OPEN,0
672429.705,0,0,1,1.000,1.000,1.000,-77.63,180.00,-31.50,OPEN,0
672429.709,0,0,1,1.000,1.000,1.000,-77.40,180.00,-31.50,OPEN,0
672429.714,0,0,1,1.000,1.000,1.000,-77.10,180.00,-31.50,OPEN,0
672429.718,0,0,1,1.000,1.000,1.000,-76.87,180.00,-31.50,OPEN,0
672429.721,0,0,1,1.000,1.000,1.000,-76.66,180.00,-31.50,OPEN,0
672429.725,0,0,1,1.000,1.000,1.000,-76.45,180.00,-31.50,OPEN,0
672429.729,0,0,1,1.000,1.000,1.000,-76.21,180.00,-31.50,OPEN,0
672429.732,0,0,1,1.000,1.000,1.000,-75.98,180.00,-31.50,OPEN,0
672429.736,0,0,1,1.000,1.000,1.000,-75.76,180.00,-31.50,OPEN,0
672429.740,0,0,1,1.000,1.000,1.000,-75.50,180.00,-31.50,OPEN,0
672429.745,0,0,1,1.000,1.000,1.000,-75.21,180.00,-31.50,OPEN,0
672429.750,0,0,1,1.000,1.000,1.000,-74.95,180.00,-31.50,OPEN,0
672429.754,0,0,1,1.000,1.000,1.000,-74.69,180.00,-31.50,OPEN,0
672429.758,0,0,1,1.000,1.000,1.000,-74.45,180.00,-31.50,OPEN,0
672429.762,0,0,1,1.000,1.000,1.000,-74.21,180.00,-31.50,OPEN,0
672429.766,0,0,1,1.000,1.000,1.000,-73.96,180.00,-31.50,OPEN,0
672429.770,0,0,1,1.000,1.000,1.000,-73.73,180.00,-31.50,OPEN,1
672429.774,0,0,1,1.000,1.000,1.000,-73.50,180.00,-31.50,OPEN,0
672429.777,0,0,1,1.000,1.000,1.000,-73.28,180.00,-31.50,OPEN,0
672429.782,0,0,1,1.000,1.000,1.000,-72.99,180.00,-31.50,OPEN,0
672429.786,0,0,1,1.000,1.000,1.000,-72.75,180.00,-31.50,OPEN,0
672429.790,0,0,1,1.000,1.000,1.000,-72.51,180.00,-31.50,OPEN,0
672429.795,0,0,1,1.000,1.000,1.000,-72.20,180.00,-31.50,OPEN,0
672429.799,0,0,1,1.000,1.000,1.000,-71.96,180.00,-31.50,OPEN,0
672429.804,0,0,1,1.000,1.000,1.000,-71.70,180.00,-31.50,OPEN,0
672429.808,0,0,1,1.000,1.000,1.000,-71.46,180.00,-31.50,OPEN,0
672429.812,0,0,1,1.000,1.000,1.000,-71.20,180.00,-31.50,OPEN,0
672429.816,0,0,1,1.000,1.000,1.000,-70.97,180.00,-31.50,OPEN,0
672429.821,0,0,1,1.000,1.000,1.000,-70.69,180.00,-31.50,OPEN,0
672429.824,0,0,1,1.000,1.000,1.000,-70.47,180.00,-31.50,OPEN,0
672429.828,0,0,1,1.000,1.000,1.000,-70.24,180.00,-31.50,OPEN,0
672429.832,0,0,1,1.000,1.000,1.000,-70.01,180.00,-31.50,OPEN,0
672429.836,0,0,1,1.000,1.000,1.000,-69.75,180.00,-31.50,OPEN,0
672429.840,0,0,1,1.000,1.000,1.000,-69.52,180.00,-31.50,OPEN,0
672429.844,0,0,1,1.000,1.000,1.000,-69.31,180.00,-31.50,OPEN,0
672429.849,0,0,1,1.000,1.000,1.000,-69.00,180.00,-31.50,OPEN,0
672429.855,0,0,1,1.000,1.000,1.000,-68.64,180.00,-31.50,OPEN,0
672429.861,0,0,1,1.000,1.000,1.000,-68.26,180.00,-31.50,OPEN,0
672429.869,0,0,1,1.000,1.000,1.000,-67.80,180.00,-31.50,OPEN,0
672429.875,0,0,1,1.000,1.000,1.000,-67.42,180.00,-31.50,OPEN,1
672429.881,0,0,1,1.000,1.000,1.000,-67.08,180.00,-31.50,OPEN,0
672429.886,0,0,1,1.000,1.000,1.000,-66.74,180.00,-31.50,OPEN,0
672429.891,0,0,1,1.000,1.000,1.000,-66.46,180.00,-31.50,OPEN,0
672429.896,0,0,1,1.000,1.000,1.000,-66.17,180.00,-31.50,OPEN,0
672429.900,0,0,1,1.000,1.000,1.000,-65.91,180.00,-31.50,OPEN,0
672429.904,0,0,1,1.000,1.000,1.000,-65.67,180.00,-31.50,OPEN,0
672429.908,0,0,1,1.000,1.000,1.000,-65.45,180.00,-31.50,OPEN,0
672429.912,0,0,1,1.000,1.000,1.000,-65.22,180.00,-31.50,OPEN,0
672429.915,0,0,1,1.000,1.000,1.000,-65.00,180.00,-31.50,OPEN,0
672429.919,0,0,1,1.000,1.000,1.000,-64.77,180.00,-31.50,OPEN,0
672429.923,0,0,1,1.000,1.000,1.000,-64.54,180.00,-31.50,OPEN,0
672429.927,0,0,1,1.000,1.000,1.000,-64.30,180.00,-31.50,OPEN,0
672429.931,0,0,1,1.000,1.000,1.000,-64.08,180.00,-31.50,OPEN,0
672429.935,0,0,1,1.000,1.000,1.000,-63.83,180.00,-31.50,OPEN,0
672429.939,0,0,1,1.000,1.000,1.000,-63.61,180.00,-31.50,OPEN,0
672429.942,0,0,1,1.000,1.000,1.000,-63.39,180.00,-31.50,OPEN,0
672429.946,0,0,1,1.000,1.000,1.000,-63.17,180.00,-31.50,OPEN,0
672429.950,0,0,1,1.000,1.000,1.000,-62.94,180.00,-31.50,OPEN,0
672429.954,0,0,1,1.000,1.000,1.000,-62.71,180.00,-31.50,OPEN,0
672429.957,0,0,1,1.000,1.000,1.000,-62.49,180.00,-31.50,OPEN,0
672429.961,0,0,1,1.000,1.000,1.000,-62.28,180.00,-31.50,OPEN,0
672429.965,0,0,1,1.000,1.000,1.000,-62.05,180.00,-31.50,OPEN,0
672429.968,0,0,1,1.000,1.000,1.000,-61.83,180.00,-31.50,OPEN,0
672429.972,0,0,1,1.000,1.000,1.000,-61.60,180.00,-31.50,OPEN,0
672429.976,0,0,1,1.000,1.000,1.000,-61.37,180.00,-31.50,OPEN,1
672429.980,0,0,1,1.000,1.000,1.000,-61.12,180.00,-31.50,OPEN,0
672429.988,0,0,1,1.000,1.000,1.000,-60.66,180.00,-31.50,OPEN,0
672429.995,0,0,1,1.000,1.000,1.000,-60.21,180.00,-31.50,OPEN,0
672429.999,0,0,1,1.000,1.000,1.000,-59.97,180.00,-31.50,OPEN,0
672430.003,0,0,1,1.000,1.000,1.000,-59.73,180.00,-31.50,OPEN,0
672430.007,0,0,1,1.000,1.000,1.000,-59.51,180.00,-31.50,OPEN,0
672430.011,0,0,1,1.000,1.000,1.000,-59.27,180.00,-31.50,OPEN,0
672430.015,0,0,1,1.000,1.000,1.000,-59.04,180.00,-31.50,OPEN,0
672430.019,0,0,1,1.000,1.000,1.000,-58.78,180.00,-31.50,OPEN,0
672430.023,0,0,1,1.000,1.000,1.000,-58.52,180.00,-31.50,OPEN,0
672430.028,0,0,1,1.000,1.000,1.000,-58.26,180.00,-31.50,OPEN,0
672430.032,0,0,1,1.000,1.000,1.000,-57.99,180.00,-31.50,OPEN,0
672430.036,0,0,1,1.000,1.000,1.000,-57.74,180.00,-31.50,OPEN,0
672430.041,0,0,1,1.000,1.000,1.000,-57.49,180.00,-31.50,OPEN,0
672430.045,0,0,1,1.000,1.000,1.000,-57.23,180.00,-31.50,OPEN,0
672430.049,0,0,1,1.000,1.000,1.000,-56.98,180.00,-31.50,OPEN,0
672430.053,0,0,1,1.000,1.000,1.000,-56.74,180.00,-31.50,OPEN,0
672430.057,0,0,1,1.000,1.000,1.000,-56.50,180.00,-31.50,OPEN,0
672430.061,0,0,1,1.000,1.000,1.000,-56.26,180.00,-31.50,OPEN,0
672430.065,0,0,1,1.000,1.000,1.000,-56.03,180.00,-31.50,OPEN,0
672430.069,0,0,1,1.000,1.000,1.000,-55.79,180.00,-31.50,OPEN,0
672430.073,0,0,1,1.000,1.000,1.000,-55.56,180.00,-31.50,OPEN,0
672430.077,0,0,1,1.000,1.000,1.000,-55.32,180.00,-31.50,OPEN,1
672430.081,0,0,1,1.000,1.000,1.000,-55.08,180.00,-31.50,OPEN,0
672430.085,0,0,1,1.000,1.000,1.000,-54.84,180.00,-31.50,OPEN,0
672430.089,0,0,1,1.000,1.000,1.000,-54.61,180.00,-31.50,OPEN,0
672430.093,0,0,1,1.000,1.000,1.000,-54.37,180.00,-31.50,OPEN,0
672430.096,0,0,1,1.000,1.000,1.000,-54.15,180.00,-31.50,OPEN,0
672430.102,0,0,1,1.000,1.000,1.000,-53.82,180.00,-31.50,OPEN,0
672430.106,0,0,1,1.000,1.000,1.000,-53.57,180.00,-31.50,OPEN,0
672430.110,0,0,1,1.000,1.000,1.000,-53.35,180.00,-31.50,OPEN,0
672430.113,0,0,1,1.000,1.000,1.000,-53.12,180.00,-31.50,OPEN,0
672430.118,0,0,1,1.000,1.000,1.000,-52.87,180.00,-31.50,OPEN,0
672430.121,0,0,0,1.000,0.980,1.000,-53.10,180.00,-31.50,OPEN,0
672430.125,0,0,0,1.000,0.726,1.000,-53.34,180.00,-31.50,OPEN,0
672430.130,0,0,0,0.999,0.966,0.990,-53.61,180.00,-31.50,OPEN,0
672430.134,0,0,0,0.999,0.993,0.942,-53.84,180.00,-31.50,OPEN,0
672430.137,0,0,0,0.994,0.996,0.844,-54.07,180.00,-31.50,OPEN,0
672430.141,0,0,0,0.997,0.998,0.749,-54.29,180.00,-31.50,OPEN,0
672430.145,0,0,0,0.996,1.000,0.768,-54.54,180.00,-31.50,OPEN,0
672430.149,0,0,0,0.976,1.000,0.967,-54.79,180.00,-31.50,OPEN,0
672430.154,0,0,0,0.968,1.000,0.998,-55.09,180.00,-31.50,OPEN,0
672430.159,0,0,0,0.959,1.000,1.000,-55.36,180.00,-31.50,OPEN,0
672430.164,0,0,0,0.945,1.000,1.000,-55.64,180.00,-31.50,OPEN,0
672430.168,0,0,0,0.963,1.000,1.000,-55.90,180.00,-31.50,OPEN,0
672430.172,0,0,0,0.987,1.000,1.000,-56.14,180.00,-31.50,OPEN,0
672430.176,0,0,0,0.977,1.000,1.000,-56.36,180.00,-31.50,OPEN,0
672430.179,0,0,0,0.978,1.000,1.000,-56.59,180.00,-31.50,OPEN,1
672430.183,0,0,0,0.991,1.000,1.000,-56.82,180.00,-31.50,OPEN,0
672430.187,0,0,0,0.996,1.000,1.000,-57.06,180.00,-31.50,OPEN,0
672430.191,0,0,0,0.997,1.000,1.000,-57.27,180.00,-31.50,OPEN,0
672430.195,0,0,0,0.998,1.000,1.000,-57.50,180.00,-31.50,OPEN,0
672430.198,0,0,0,0.998,1.000,1.000,-57.72,180.00,-31.50,OPEN,0
672430.202,0,0,0,0.998,1.000,1.000,-57.95,180.00,-31.50,OPEN,0
672430.206,0,0,0,0.999,1.000,1.000,-58.17,180.00,-31.50,OPEN,0
672430.210,0,0,0,1.000,1.000,1.000,-58.44,180.00,-31.50,OPEN,0
672430.215,0,0,0,1.000,1.000,1.000,-58.70,180.00,-31.50,OPEN,0
672430.219,0,0,0,0.999,1.000,1.000,-58.94,180.00,-31.50,OPEN,0
672430.222,0,0,0,0.985,1.000,1.000,-59.16,180.00,-31.50,OPEN,0
672430.226,0,0,0,0.980,1.000,1.000,-59.38,180.00,-31.50,OPEN,0
672430.229,0,0,0,0.968,1.000,1.000,-59.59,180.00,-31.50,OPEN,0
672430.233,0,0,0,0.961,1.000,1.000,-59.82,180.00,-31.50,OPEN,0
672430.237,0,0,0,0.959,1.000,1.000,-60.04,180.00,-31.50,OPEN,0
672430.241,0,0,0,0.975,1.000,1.000,-60.26,180.00,-31.50,OPEN,0
672430.246,0,0,0,0.941,1.000,1.000,-60.56,180.00,-31.50,OPEN,0
672430.251,0,0,0,0.968,1.000,1.000,-60.91,180.00,-31.50,OPEN,0
672430.259,0,0,0,0.982,1.000,1.000,-61.37,180.00,-31.50,OPEN,0
672430.267,0,0,0,0.988,1.000,1.000,-61.83,180.00,-31.50,OPEN,0
672430.274,0,0,0,0.993,1.000,1.000,-62.28,180.00,-31.50,OPEN,0
672430.281,0,0,0,0.994,1.000,1.000,-62.69,180.00,-31.50,OPEN,1
672430.288,0,0,0,0.996,1.000,1.000,-63.10,180.00,-31.50,OPEN,0
672430.294,0,0,0,0.998,1.000,1.000,-63.48,180.00,-31.50,OPEN,0
672430.301,0,0,0,0.995,1.000,1.000,-63.87,180.00,-31.50,OPEN,0
672430.307,0,0,0,0.994,1.000,1.000,-64.24,180.00,-31.50,OPEN,0
672430.311,0,0,0,0.992,1.000,1.000,-64.51,180.00,-31.50,OPEN,0
672430.315,0,0,0,0.995,1.000,1.000,-64.75,180.00,-31.50,OPEN,0
672430.319,0,0,0,1.000,1.000,1.000,-64.98,180.00,-31.50,OPEN,0
672430.323,0,0,0,1.000,1.000,1.000,-65.20,180.00,-31.50,OPEN,0
672430.327,0,0,0,1.000,1.000,1.000,-65.44,180.00,-31.50,OPEN,0
672430.332,0,0,0,1.000,1.000,1.000,-65.75,180.00,-31.50,OPEN,0
672430.336,0,0,0,1.000,1.000,1.000,-65.97,180.00,-31.50,OPEN,0
672430.340,0,0,0,1.000,1.000,1.000,-66.20,180.00,-31.50,OPEN,0
672430.344,0,0,0,1.000,1.000,1.000,-66.45,180.00,-31.50,OPEN,0
672430.349,0,0,0,1.000,1.000,1.000,-66.75,180.00,-31.50,OPEN,0
672430.355,0,0,0,1.000,1.000,1.000,-67.11,180.00,-31.50,OPEN,0
672430.360,0,0,0,1.000,1.000,1.000,-67.45,180.00,-31.50,OPEN,0
672430.366,0,0,0,1.000,1.000,1.000,-67.76,180.00,-31.50,OPEN,0
672430.371,0,0,0,1.000,1.000,1.000,-68.07,180.00,-31.50,OPEN,0
672430.376,0,0,0,1.000,1.000,1.000,-68.38,180.00,-31.50,OPEN,0
672430.381,0,0,0,1.000,1.000,1.000,-68.67,180.00,-31.50,OPEN,0
672430.386,0,0,0,1.000,1.000,1.000,-68.97,180.00,-31.50,OPEN,1
672430.391,0,0,0,1.000,1.000,1.000,-69.29,180.00,-31.50,OPEN,0
672430.395,0,0,0,1.000,1.000,1.000,-69.53,180.00,-31.50,OPEN,0
672430.399,0,0,0,1.000,1.000,1.000,-69.77,180.00,-31.50,OPEN,0
672430.403,0,0,0,1.000,1.000,1.000,-70.00,180.00,-31.50,OPEN,0
672430.407,0,0,0,1.000,1.000,1.000,-70.22,180.00,-31.50,OPEN,0
672430.410,0,0,0,1.000,1.000,1.000,-70.44,180.00,-31.50,OPEN,0
672430.414,0,0,0,1.000,1.000,1.000,-70.66,180.00,-31.50,OPEN,0
672430.418,0,0,0,1.000,1.000,1.000,-70.89,180.00,-31.50,OPEN,0
672430.421,0,0,0,1.000,1.000,1.000,-71.10,180.00,-31.50,OPEN,0
672430.425,0,0,0,1.000,1.000,1.000,-71.32,180.00,-31.50,OPEN,0
672430.429,0,0,0,1.000,1.000,1.000,-71.55,180.00,-31.50,OPEN,0
672430.433,0,0,0,1.000,1.000,1.000,-71.78,180.00,-31.50,OPEN,0
672430.437,0,0,0,1.000,1.000,1.000,-72.03,180.00,-31.50,OPEN,0
672430.441,0,0,0,1.000,1.000,1.000,-72.28,180.00,-31.50,OPEN,0
672430.446,0,0,0,1.000,1.000,1.000,-72.56,180.00,-31.50,OPEN,0
672430.452,0,0,0,1.000,1.000,1.000,-72.92,180.00,-31.50,OPEN,0
672430.456,0,0,0,1.000,1.000,1.000,-73.17,180.00,-31.50,OPEN,0
672430.460,0,0,0,1.000,1.000,1.000,-73.41,180.00,-31.50,OPEN,0
672430.464,0,0,0,1.000,1.000,1.000,-73.65,180.00,-31.50,OPEN,0
672430.468,0,0,0,1.000,1.000,1.000,-73.88,180.00,-31.50,OPEN,0
672430.471,0,0,0,1.000,1.000,1.000,-74.09,180.00,-31.50,OPEN,0
672430.475,0,0,0,1.000,1.000,1.000,-74.31,180.00,-31.50,OPEN,0
672430.479,0,0,0,1.000,1.000,1.000,-74.55,180.00,-31.50,OPEN,0
672430.483,0,0,0,1.000,1.000,1.000,-74.79,180.00,-31.50,OPEN,0
672430.486,0,0,0,1.000,1.000,1.000,-75.00,180.00,-31.50,OPEN,1
672430.490,0,0,0,1.000,1.000,1.000,-75.22,180.00,-31.50,OPEN,0
672430.494,0,0,0,1.000,1.000,1.000,-75.43,180.00,-31.50,OPEN,0
672430.497,0,0,0,1.000,1.000,1.000,-75.67,180.00,-31.50,OPEN,0
672430.502,0,0,0,1.000,1.000,1.000,-75.94,180.00,-31.50,OPEN,0
672430.506,0,0,0,1.000,1.000,1.000,-76.18,180.00,-31.50,OPEN,0
672430.511,0,0,0,1.000,1.000,1.000,-76.47,180.00,-31.50,OPEN,0
672430.516,0,0,0,1.000,1.000,1.000,-76.77,180.00,-31.50,OPEN,0
672430.521,0,0,0,1.000,1.000,1.000,-77.10,180.00,-31.50,OPEN,0
672430.527,0,0,0,1.000,1.000,1.000,-77.42,180.00,-31.50,OPEN,0
672430.532,0,0,0,1.000,1.000,1.000,-77.74,180.00,-31.50,OPEN,0
672430.537,0,0,0,1.000,1.000,1.000,-78.04,180.00,-31.50,OPEN,0
672430.543,0,0,0,1.000,1.000,1.000,-78.38,180.00,-31.50,OPEN,0
672430.548,0,0,0,1.000,1.000,1.000,-78.69,180.00,-31.50,OPEN,0
672430.552,0,0,0,1.000,1.000,1.000,-78.97,180.00,-31.50,OPEN,0
672430.557,0,0,0,1.000,1.000,1.000,-79.22,180.00,-31.50,OPEN,0
672430.561,0,0,0,1.000,1.000,1.000,-79.46,180.00,-31.50,OPEN,0
672430.565,0,0,0,1.000,1.000,1.000,-79.74,180.00,-31.50,OPEN,0
672430.570,0,0,0,1.000,1.000,1.000,-80.01,180.00,-31.50,OPEN,0
672430.573,0,0,0,1.000,1.000,1.000,-80.23,180.00,-31.50,OPEN,0
672430.577,0,0,0,1.000,1.000,1.000,-80.45,180.00,-31.50,OPEN,0
672430.581,0,0,0,1.000,1.000,1.000,-80.67,180.00,-31.50,OPEN,0
672430.584,0,0,0,1.000,1.000,1.000,-80.89,180.00,-31.50,OPEN,0
672430.588,0,0,0,1.000,1.000,1.000,-81.11,180.00,-31.50,OPEN,1
672430.592,0,0,0,1.000,1.000,1.000,-81.35,180.00,-31.50,OPEN,0
672430.596,0,0,0,1.000,1.000,1.000,-81.58,180.00,-31.50,OPEN,0
672430.600,0,0,0,1.000,1.000,1.000,-81.82,180.00,-31.50,OPEN,0
672430.604,0,0,0,0.999,1.000,1.000,-82.06,180.00,-31.50,OPEN,0
672430.608,0,0,0,0.999,1.000,1.000,-82.30,180.00,-31.50,OPEN,0
672430.612,0,0,0,0.998,1.000,1.000,-82.54,180.00,-31.50,OPEN,0
672430.616,0,0,0,1.000,1.000,1.000,-82.78,180.00,-31.50,OPEN,0
672430.620,0,0,0,1.000,1.000,1.000,-83.03,180.00,-31.50,OPEN,0
672430.624,0,0,0,1.000,1.000,1.000,-83.25,180.00,-31.50,OPEN,0
672430.627,0,0,0,1.000,1.000,1.000,-83.47,180.00,-31.50,OPEN,0
672430.631,0,0,0,1.000,1.000,1.000,-83.69,180.00,-31.50,OPEN,0
672430.635,0,0,0,1.000,1.000,1.000,-83.90,180.00,-31.50,OPEN,0
672430.638,0,0,0,1.000,1.000,1.000,-84.13,180.00,-31.50,OPEN,0
672430.643,0,0,0,1.000,1.000,1.000,-84.38,180.00,-31.50,OPEN,0
672430.646,0,0,0,1.000,1.000,1.000,-84.59,180.00,-31.50,OPEN,0
672430.650,0,0,0,1.000,1.000,1.000,-84.81,180.00,-31.50,OPEN,0
672430.654,0,0,0,1.000,1.000,1.000,-85.05,180.00,-31.50,OPEN,0
672430.658,0,0,0,1.000,1.000,1.000,-85.29,180.00,-31.50,OPEN,0
672430.662,0,1,0,1.000,1.000,1.000,-85.55,179.74,-31.50,OPEN,0
672430.668,0,1,0,1.000,1.000,1.000,-85.90,179.39,-31.50,OPEN,0
672430.672,0,1,0,1.000,1.000,1.000,-86.14,179.14,-31.50,OPEN,0
672430.676,0,1,1,1.000,1.000,1.000,-85.91,178.90,-31.50,OPEN,0
672430.680,0,1,1,1.000,1.000,1.000,-85.69,178.68,-31.50,OPEN,0
672430.684,0,1,1,1.000,1.000,1.000,-85.45,178.45,-31.50,OPEN,0
672430.687,0,1,1,1.000,1.000,1.000,-85.22,178.22,-31.50,OPEN,0
672430.691,0,1,1,1.000,1.000,1.000,-85.00,178.00,-31.50,OPEN,1
672430.695,0,1,1,1.000,1.000,1.000,-84.74,177.74,-31.50,OPEN,0
672430.700,0,1,1,1.000,1.000,1.000,-84.48,177.48,-31.50,OPEN,0
672430.705,0,1,1,1.000,1.000,1.000,-84.18,177.18,-31.50,OPEN,0
672430.710,0,1,1,1.000,1.000,1.000,-83.87,176.87,-31.50,OPEN,0
672430.714,0,1,1,1.000,1.000,1.000,-83.61,176.61,-31.50,OPEN,0
672430.719,0,1,1,1.000,1.000,1.000,-83.32,176.32,-31.50,OPEN,0
672430.723,0,1,1,0.998,1.000,1.000,-83.09,176.09,-31.50,OPEN,0
672430.727,0,1,1,0.991,1.000,1.000,-82.86,175.86,-31.50,OPEN,0
672430.731,0,1,1,0.943,1.000,1.000,-82.63,175.63,-31.50,OPEN,0
672430.734,0,1,1,0.929,0.999,1.000,-82.41,175.41,-31.50,OPEN,0
672430.738,0,1,1,0.912,0.999,0.998,-82.18,175.18,-31.50,OPEN,0
672430.742,0,1,1,0.870,0.999,0.997,-81.96,174.96,-31.50,OPEN,0
672430.746,0,1,1,0.809,0.999,0.997,-81.73,174.73,-31.50,OPEN,0
672430.750,0,1,1,0.775,0.998,0.996,-81.49,174.48,-31.50,OPEN,0
672430.754,0,1,1,0.779,0.997,0.995,-81.25,174.25,-31.50,OPEN,0
672430.757,0,1,1,0.781,0.997,0.994,-81.03,174.03,-31.50,OPEN,0
672430.761,0,1,1,0.784,0.994,0.992,-80.81,173.81,-31.50,OPEN,0
672430.765,0,1,1,0.854,0.985,0.981,-80.57,173.57,-31.50,OPEN,0
672430.769,0,1,1,0.920,0.913,0.898,-80.33,173.33,-31.50,OPEN,0
672430.774,0,1,1,0.985,0.545,0.860,-80.03,173.03,-31.50,OPEN,0
672430.778,0,1,1,1.000,0.695,0.984,-79.77,172.77,-31.50,OPEN,0
672430.782,0,1,1,1.000,0.901,0.995,-79.53,172.53,-31.50,OPEN,0
672430.786,0,1,1,1.000,0.973,0.998,-79.30,172.29,-31.50,OPEN,0
672430.790,0,1,1,1.000,0.983,0.999,-79.04,172.04,-31.50,OPEN,0
672430.794,0,1,1,1.000,0.997,1.000,-78.80,171.80,-31.50,OPEN,1
672430.798,0,1,1,1.000,1.000,1.000,-78.59,171.58,-31.50,OPEN,0
672430.802,0,1,1,1.000,1.000,1.000,-78.37,171.37,-31.50,OPEN,0
672430.805,0,1,1,1.000,1.000,1.000,-78.15,171.15,-31.50,OPEN,0
672430.809,0,1,1,1.000,1.000,1.000,-77.91,170.91,-31.50,OPEN,0
672430.813,0,1,1,1.000,1.000,1.000,-77.67,170.67,-31.50,OPEN,0
672430.817,0,1,1,1.000,1.000,1.000,-77.44,170.44,-31.50,OPEN,0
672430.821,0,1,1,1.000,1.000,1.000,-77.21,170.21,-31.50,OPEN,0
672430.825,0,1,1,1.000,1.000,1.000,-76.98,169.98,-31.50,OPEN,0
672430.829,0,1,1,1.000,1.000,1.000,-76.75,169.75,-31.50,OPEN,0
672430.832,0,1,1,1.000,1.000,1.000,-76.53,169.52,-31.50,OPEN,0
672430.836,0,1,1,1.000,1.000,1.000,-76.31,169.31,-31.50,OPEN,0
672430.840,0,1,1,1.000,1.000,1.000,-76.08,169.07,-31.50,OPEN,0
672430.844,0,1,1,1.000,1.000,1.000,-75.85,168.85,-31.50,OPEN,0
672430.848,0,1,1,1.000,1.000,1.000,-75.60,168.60,-31.50,OPEN,0
672430.852,0,1,1,1.000,1.000,1.000,-75.35,168.35,-31.50,OPEN,0
672430.857,0,1,1,1.000,1.000,1.000,-75.06,168.06,-31.50,OPEN,0
672430.861,0,1,1,1.000,1.000,1.000,-74.82,167.82,-31.50,OPEN,0
672430.865,0,1,1,1.000,1.000,1.000,-74.59,167.59,-31.50,OPEN,0
672430.868,0,1,1,1.000,1.000,1.000,-74.36,167.36,-31.50,OPEN,0
672430.873,0,1,1,1.000,1.000,1.000,-74.09,167.09,-31.50,OPEN,0
672430.877,0,1,1,1.000,1.000,1.000,-73.86,166.86,-31.50,OPEN,0
672430.881,0,1,1,1.000,1.000,1.000,-73.61,166.61,-31.50,OPEN,0
672430.886,0,1,1,1.000,1.000,1.000,-73.30,166.30,-31.50,OPEN,0
672430.890,0,1,1,1.000,1.000,1.000,-73.06,166.06,-31.50,OPEN,0
672430.894,0,1,1,1.000,1.000,1.000,-72.83,165.83,-31.50,OPEN,0
672430.898,0,1,1,1.000,1.000,1.000,-72.59,165.59,-31.50,OPEN,1
672430.903,0,1,1,1.000,1.000,1.000,-72.30,165.30,-31.50,OPEN,0
672430.907,0,1,1,1.000,1.000,1.000,-72.06,165.06,-31.50,OPEN,0
672430.911,0,1,1,1.000,1.000,1.000,-71.82,164.82,-31.50,OPEN,0
672430.916,0,1,1,1.000,1.000,1.000,-71.52,164.52,-31.50,OPEN,0
672430.920,0,1,1,1.000,1.000,1.000,-71.26,164.26,-31.50,OPEN,0
672430.924,0,1,1,1.000,1.000,1.000,-71.03,164.03,-31.50,OPEN,0
672430.928,0,1,1,1.000,1.000,1.000,-70.81,163.81,-31.50,OPEN,0
672430.931,0,1,1,1.000,1.000,1.000,-70.58,163.58,-31.50,OPEN,0
672430.935,0,1,1,1.000,1.000,1.000,-70.34,163.34,-31.50,OPEN,0
672430.939,0,1,1,1.000,1.000,1.000,-70.11,163.11,-31.50,OPEN,0
672430.943,0,1,1,1.000,1.000,1.000,-69.87,162.87,-31.50,OPEN,0
672430.947,0,1,1,1.000,1.000,1.000,-69.64,162.64,-31.50,OPEN,0
672430.951,0,1,1,1.000,1.000,1.000,-69.41,162.41,-31.50,OPEN,0
672430.955,0,1,1,1.000,1.000,1.000,-69.17,162.17,-31.50,OPEN,0
672430.959,0,1,1,1.000,1.000,1.000,-68.94,161.94,-31.50,OPEN,0
672430.963,0,1,1,1.000,1.000,1.000,-68.71,161.71,-31.50,OPEN,0
672430.967,0,1,1,1.000,1.000,1.000,-68.47,161.47,-31.50,OPEN,0
672430.971,0,1,1,1.000,1.000,1.000,-68.23,161.23,-31.50,OPEN,0
672430.975,0,1,1,1.000,1.000,1.000,-67.98,160.98,-31.50,OPEN,0
672430.979,0,1,1,1.000,1.000,1.000,-67.75,160.75,-31.50,OPEN,0
672430.983,0,1,1,1.000,1.000,1.000,-67.48,160.48,-31.50,OPEN,0
672430.987,0,1,1,1.000,1.000,1.000,-67.22,160.22,-31.50,OPEN,0
672430.991,0,1,1,1.000,1.000,1.000,-66.98,159.98,-31.50,OPEN,0
672430.997,0,1,1,1.000,1.000,1.000,-66.66,159.66,-31.50,OPEN,0
672431.000,0,1,1,1.000,1.000,1.000,-66.44,159.44,-31.50,OPEN,1
672431.004,0,1,1,1.000,1.000,1.000,-66.20,159.20,-31.50,OPEN,0
672431.008,0,1,1,1.000,1.000,1.000,-65.98,158.98,-31.50,OPEN,0
672431.012,0,1,1,1.000,1.000,1.000,-65.75,158.75,-31.50,OPEN,0
672431.016,0,1,1,1.000,1.000,1.000,-65.51,158.51,-31.50,OPEN,0
672431.019,0,1,1,1.000,1.000,1.000,-65.30,158.30,-31.50,OPEN,0
672431.024,0,1,1,1.000,1.000,1.000,-65.05,158.04,-31.50,OPEN,0
672431.028,0,1,1,1.000,1.000,1.000,-64.78,157.77,-31.50,OPEN,0
672431.033,0,1,1,1.000,1.000,1.000,-64.50,157.50,-31.50,OPEN,0
672431.037,0,1,1,1.000,1.000,1.000,-64.22,157.22,-31.50,OPEN,0
672431.042,0,1,1,1.000,1.000,1.000,-63.93,156.93,-31.50,OPEN,0
672431.047,0,1,1,1.000,1.000,1.000,-63.64,156.64,-31.50,OPEN,0
672431.052,0,1,1,1.000,1.000,1.000,-63.35,156.35,-31.50,OPEN,0
672431.056,0,1,1,1.000,1.000,1.000,-63.08,156.08,-31.50,OPEN,0
672431.061,0,1,1,1.000,1.000,1.000,-62.80,155.80,-31.50,OPEN,0
672431.065,0,1,1,1.000,1.000,1.000,-62.55,155.55,-31.50,OPEN,0
672431.069,0,1,1,1.000,1.000,1.000,-62.30,155.30,-31.50,OPEN,0
672431.073,0,1,1,1.000,1.000,1.000,-62.08,155.07,-31.50,OPEN,0
672431.078,0,1,1,1.000,1.000,1.000,-61.82,154.81,-31.50,OPEN,0
672431.081,0,1,1,1.000,1.000,1.000,-61.60,154.60,-31.50,OPEN,0
672431.085,0,1,1,1.000,1.000,1.000,-61.35,154.35,-31.50,OPEN,0
672431.090,0,1,1,1.000,1.000,1.000,-61.08,154.07,-31.50,OPEN,0
672431.094,0,1,1,1.000,1.000,1.000,-60.80,153.80,-31.50,OPEN,0
672431.099,0,1,1,1.000,1.000,1.000,-60.54,153.54,-31.50,OPEN,0
672431.105,0,1,1,1.000,1.000,1.000,-60.18,153.18,-31.50,OPEN,1
672431.109,0,1,1,1.000,1.000,1.000,-59.92,152.92,-31.50,OPEN,0
672431.113,0,1,1,1.000,1.000,1.000,-59.67,152.67,-31.50,OPEN,0
672431.117,0,1,1,1.000,1.000,1.000,-59.43,152.43,-31.50,OPEN,0
672431.122,0,1,1,1.000,1.000,1.000,-59.17,152.17,-31.50,OPEN,0
672431.125,0,1,1,1.000,1.000,1.000,-58.94,151.94,-31.50,OPEN,0
672431.129,0,1,1,1.000,1.000,1.000,-58.72,151.72,-31.50,OPEN,0
672431.133,0,1,1,1.000,1.000,1.000,-58.49,151.49,-31.50,OPEN,0
672431.137,0,1,1,1.000,1.000,1.000,-58.25,151.25,-31.50,OPEN,0
672431.141,0,1,1,1.000,1.000,1.000,-58.03,151.03,-31.50,OPEN,0
672431.144,0,1,1,1.000,1.000,1.000,-57.81,150.81,-31.50,OPEN,0
672431.148,0,1,1,1.000,1.000,1.000,-57.58,150.58,-31.50,OPEN,0
672431.153,0,1,1,1.000,1.000,1.000,-57.30,150.30,-31.50,OPEN,0
672431.158,0,1,1,1.000,1.000,1.000,-57.01,150.01,-31.50,OPEN,0
672431.163,0,1,1,1.000,1.000,1.000,-56.68,149.68,-31.50,OPEN,0
672431.168,0,1,1,1.000,1.000,1.000,-56.39,149.39,-31.50,OPEN,0
672431.172,0,1,1,1.000,1.000,1.000,-56.12,149.12,-31.50,OPEN,0
672431.176,0,1,1,1.000,1.000,1.000,-55.88,148.88,-31.50,OPEN,0
672431.181,0,1,1,1.000,1.000,1.000,-55.63,148.63,-31.50,OPEN,0
672431.186,0,1,1,1.000,1.000,1.000,-55.29,148.28,-31.50,OPEN,0
672431.191,0,1,1,1.000,1.000,1.000,-55.03,148.03,-31.50,OPEN,0
672431.195,0,1,1,1.000,1.000,1.000,-54.78,147.78,-31.50,OPEN,0
672431.199,0,1,1,1.000,1.000,1.000,-54.53,147.53,-31.50,OPEN,0
672431.203,0,1,1,1.000,1.000,1.000,-54.26,147.26,-31.50,OPEN,0
672431.209,0,1,1,1.000,1.000,1.000,-53.94,146.94,-31.50,OPEN,1
672431.214,0,1,1,1.000,1.000,1.000,-53.65,146.65,-31.50,OPEN,0
672431.217,0,1,1,1.000,1.000,1.000,-53.43,146.42,-31.50,OPEN,0
672431.221,0,1,1,1.000,1.000,1.000,-53.21,146.21,-31.50,OPEN,0
672431.225,0,1,1,1.000,1.000,1.000,-52.98,145.98,-31.50,OPEN,0
672431.228,0,1,1,1.000,1.000,1.000,-52.76,145.76,-31.50,OPEN,0
672431.232,0,1,1,1.000,1.000,1.000,-52.54,145.53,-31.50,OPEN,0
672431.236,0,1,1,1.000,1.000,1.000,-52.30,145.30,-31.50,OPEN,0
672431.240,0,1,1,1.000,1.000,1.000,-52.05,145.05,-31.50,OPEN,0
672431.244,0,1,1,1.000,1.000,1.000,-51.83,144.83,-31.50,OPEN,0
672431.248,0,1,1,1.000,1.000,1.000,-51.56,144.56,-31.50,OPEN,0
672431.253,0,1,1,1.000,1.000,1.000,-51.27,144.26,-31.50,OPEN,0
672431.257,0,1,1,1.000,1.000,1.000,-51.03,144.03,-31.50,OPEN,0
672431.261,0,1,1,1.000,1.000,1.000,-50.79,143.79,-31.50,OPEN,0
672431.265,0,1,1,1.000,1.000,1.000,-50.56,143.56,-31.50,OPEN,0
672431.269,0,1,1,1.000,1.000,1.000,-50.35,143.35,-31.50,OPEN,0
672431.272,0,1,1,1.000,1.000,1.000,-50.14,143.13,-31.50,OPEN,0
672431.276,0,1,1,1.000,1.000,1.000,-49.92,142.91,-31.50,OPEN,0
672431.279,0,1,1,0.996,1.000,1.000,-49.71,142.71,-31.50,OPEN,0
672431.283,0,1,1,0.563,1.000,1.000,-49.49,142.49,-31.50,OPEN,0
672431.287,0,1,1,0.511,1.000,1.000,-49.27,142.26,-31.50,OPEN,0
672431.290,0,1,1,0.801,1.000,1.000,-49.04,142.04,-31.50,OPEN,0
672431.294,0,1,1,0.919,0.950,1.000,-48.82,141.81,-31.50,OPEN,0
672431.298,0,1,1,0.991,0.999,1.000,-48.57,141.57,-31.50,OPEN,0
672431.303,0,1,1,0.999,1.000,1.000,-48.29,141.29,-31.50,OPEN,0
672431.308,0,0,0,1.000,1.000,1.000,-48.59,141.59,-31.50,OPEN,0
672431.313,0,0,0,1.000,1.000,1.000,-48.88,141.88,-31.50,OPEN,1
672431.318,0,0,0,1.000,1.000,1.000,-49.18,142.17,-31.50,OPEN,0
672431.323,3,0,0,1.000,1.000,1.000,-49.47,142.47,-31.50,CLOSED,0
672431.327,3,0,0,1.000,1.000,1.000,-49.74,142.74,-31.50,CLOSED,0
672431.338,3,0,0,1.000,1.000,1.000,-50.39,143.39,-31.50,CLOSED,0
672431.348,3,0,0,1.000,1.000,1.000,-50.98,143.98,-31.50,CLOSED,0
672431.361,3,0,0,1.000,1.000,1.000,-51.75,144.75,-31.50,CLOSED,0
672431.366,3,0,0,1.000,1.000,1.000,-52.09,145.09,-31.50,CLOSED,0
672431.372,3,0,0,1.000,1.000,1.000,-52.46,145.46,-31.50,CLOSED,0
672431.381,3,0,0,1.000,1.000,1.000,-52.99,145.99,-31.50,CLOSED,0
672431.386,3,0,0,1.000,1.000,1.000,-53.29,146.29,-31.50,CLOSED,0
672431.391,3,0,0,1.000,1.000,1.000,-53.57,146.56,-31.50,CLOSED,0
672431.395,3,0,0,1.000,1.000,1.000,-53.84,146.84,-31.50,CLOSED,0
672431.400,3,0,0,1.000,1.000,1.000,-54.09,147.09,-31.50,CLOSED,0
672431.404,3,0,0,1.000,1.000,1.000,-54.33,147.33,-31.50,CLOSED,0
672431.407,3,0,0,1.000,1.000,1.000,-54.56,147.56,-31.50,CLOSED,0
672431.411,3,0,0,1.000,1.000,1.000,-54.77,147.77,-31.50,CLOSED,0
672431.414,3,0,0,1.000,1.000,1.000,-54.98,147.98,-31.50,CLOSED,1
672431.418,3,0,0,1.000,1.000,1.000,-55.21,148.21,-31.50,CLOSED,0
672431.422,3,0,0,1.000,1.000,1.000,-55.43,148.43,-31.50,CLOSED,0
672431.425,3,0,0,1.000,1.000,1.000,-55.64,148.64,-31.50,CLOSED,0
672431.429,3,0,0,1.000,1.000,1.000,-55.85,148.85,-31.50,CLOSED,0
672431.432,3,0,0,1.000,1.000,1.000,-56.06,149.06,-31.50,CLOSED,0
672431.437,3,0,0,1.000,1.000,1.000,-56.33,149.32,-31.50,CLOSED,0
672431.442,3,0,0,1.000,1.000,1.000,-56.65,149.65,-31.50,CLOSED,0
672431.448,3,0,0,1.000,1.000,1.000,-56.99,149.99,-31.50,CLOSED,0
672431.453,3,0,0,1.000,1.000,1.000,-57.28,150.28,-31.50,CLOSED,0
672431.457,3,0,0,1.000,1.000,1.000,-57.55,150.55,-31.50,CLOSED,0
672431.462,3,0,0,1.000,1.000,1.000,-57.82,150.82,-31.50,CLOSED,0
672431.466,3,0,0,1.000,1.000,1.000,-58.09,151.09,-31.50,CLOSED,0
672431.470,3,0,0,1.000,1.000,1.000,-58.32,151.32,-31.50,CLOSED,0
672431.474,3,0,0,1.000,1.000,1.000,-58.56,151.55,-31.50,CLOSED,0
672431.478,3,0,0,1.000,1.000,1.000,-58.78,151.78,-31.50,CLOSED,0
672431.482,3,0,0,1.000,1.000,1.000,-59.04,152.04,-31.50,CLOSED,0
672431.486,3,0,0,1.000,1.000,1.000,-59.29,152.29,-31.50,CLOSED,0
672431.491,3,0,0,1.000,1.000,1.000,-59.57,152.57,-31.50,CLOSED,0
672431.495,3,0,0,1.000,1.000,1.000,-59.81,152.81,-31.50,CLOSED,0
672431.498,3,0,0,1.000,1.000,1.000,-60.03,153.02,-31.50,CLOSED,0
672431.502,3,0,0,1.000,1.000,1.000,-60.24,153.24,-31.50,CLOSED,0
672431.506,3,0,0,1.000,1.000,1.000,-60.47,153.47,-31.50,CLOSED,0
672431.510,3,0,0,1.000,1.000,1.000,-60.71,153.71,-31.50,CLOSED,0
672431.514,3,0,0,1.000,1.000,1.000,-60.93,153.93,-31.50,CLOSED,0
672431.518,3,0,0,1.000,1.000,1.000,-61.19,154.18,-31.50,CLOSED,1
672431.523,3,0,0,1.000,1.000,1.000,-61.47,154.47,-31.50,CLOSED,0
672431.527,3,0,0,1.000,1.000,1.000,-61.72,154.72,-31.50,CLOSED,0
672431.530,3,0,0,1.000,1.000,1.000,-61.93,154.93,-31.50,CLOSED,0
672431.534,3,0,0,1.000,1.000,1.000,-62.15,155.15,-31.50,CLOSED,0
672431.538,3,0,0,1.000,1.000,1.000,-62.38,155.38,-31.50,CLOSED,0
672431.542,3,0,0,1.000,1.000,1.000,-62.63,155.63,-31.50,CLOSED,0
672431.546,3,0,0,1.000,1.000,1.000,-62.88,155.88,-31.50,CLOSED,0
672431.552,3,0,0,1.000,1.000,1.000,-63.22,156.22,-31.50,CLOSED,0
672431.557,3,0,0,1.000,1.000,1.000,-63.51,156.51,-31.50,CLOSED,0
672431.560,3,0,0,1.000,1.000,1.000,-63.74,156.74,-31.50,CLOSED,0
672431.565,3,0,0,1.000,1.000,1.000,-63.99,156.99,-31.50,CLOSED,0
672431.569,3,0,0,1.000,1.000,1.000,-64.26,157.25,-31.50,CLOSED,0
672431.573,3,0,0,1.000,1.000,1.000,-64.50,157.50,-31.50,CLOSED,0
672431.577,3,0,0,1.000,1.000,1.000,-64.74,157.74,-31.50,CLOSED,0
672431.581,3,0,0,1.000,1.000,1.000,-64.98,157.98,-31.50,CLOSED,0
672431.585,3,0,0,1.000,1.000,1.000,-65.23,158.23,-31.50,CLOSED,0
672431.589,3,0,0,1.000,1.000,1.000,-65.48,158.48,-31.50,CLOSED,0
672431.593,3,0,0,1.000,1.000,1.000,-65.72,158.72,-31.50,CLOSED,0
672431.597,3,0,0,1.000,1.000,1.000,-65.96,158.96,-31.50,CLOSED,0
672431.601,3,0,0,1.000,1.000,1.000,-66.19,159.18,-31.50,CLOSED,0
672431.605,3,0,0,1.000,1.000,1.000,-66.40,159.40,-31.50,CLOSED,0
672431.608,3,0,0,1.000,1.000,1.000,-66.62,159.62,-31.50,CLOSED,0
672431.613,3,0,0,1.000,1.000,1.000,-66.90,159.90,-31.50,CLOSED,0
672431.618,3,0,0,1.000,1.000,1.000,-67.18,160.18,-31.50,CLOSED,0
672431.622,3,0,0,1.000,1.000,1.000,-67.46,160.46,-31.50,CLOSED,1
672431.627,3,0,0,1.000,1.000,1.000,-67.72,160.72,-31.50,CLOSED,0
672431.631,3,0,0,1.000,1.000,1.000,-67.99,160.99,-31.50,CLOSED,0
672431.636,3,0,0,1.000,1.000,1.000,-68.26,161.25,-31.50,CLOSED,0
672431.640,3,0,0,1.000,1.000,1.000,-68.50,161.49,-31.50,CLOSED,0
672431.643,3,0,0,1.000,1.000,1.000,-68.72,161.72,-31.50,CLOSED,0
672431.647,3,0,0,1.000,1.000,1.000,-68.95,161.95,-31.50,CLOSED,0
672431.651,3,0,0,1.000,1.000,1.000,-69.16,162.16,-31.50,CLOSED,0
672431.654,3,0,0,1.000,1.000,1.000,-69.38,162.38,-31.50,CLOSED,0
672431.658,3,0,0,1.000,1.000,1.000,-69.60,162.60,-31.50,CLOSED,0
672431.662,3,0,0,1.000,1.000,1.000,-69.81,162.81,-31.50,CLOSED,0
672431.665,3,0,0,1.000,1.000,1.000,-70.04,163.04,-31.50,CLOSED,0
672431.669,3,0,0,1.000,1.000,1.000,-70.26,163.26,-31.50,CLOSED,0
672431.674,3,0,0,1.000,1.000,1.000,-70.58,163.58,-31.50,CLOSED,0
672431.680,3,0,0,1.000,1.000,1.000,-70.90,163.90,-31.50,CLOSED,0
672431.685,3,0,0,1.000,1.000,1.000,-71.19,164.19,-31.50,CLOSED,0
672431.689,3,0,0,1.000,1.000,1.000,-71.48,164.48,-31.50,CLOSED,0
672431.694,3,0,0,1.000,1.000,1.000,-71.76,164.76,-31.50,CLOSED,0
672431.699,3,0,0,1.000,1.000,1.000,-72.03,165.03,-31.50,CLOSED,0
672431.703,3,0,0,1.000,1.000,1.000,-72.30,165.30,-31.50,CLOSED,0
672431.707,3,0,0,1.000,1.000,1.000,-72.56,165.56,-31.50,CLOSED,0
672431.711,3,0,0,1.000,1.000,1.000,-72.80,165.80,-31.50,CLOSED,0
672431.715,3,0,0,1.000,1.000,1.000,-73.04,166.04,-31.50,CLOSED,0
672431.719,3,0,0,1.000,1.000,1.000,-73.28,166.27,-31.50,CLOSED,0
672431.723,3,0,0,1.000,1.000,1.000,-73.50,166.50,-31.50,CLOSED,1
672431.727,3,0,0,1.000,1.000,1.000,-73.74,166.74,-31.50,CLOSED,0
672431.731,3,0,0,1.000,1.000,1.000,-73.97,166.97,-31.50,CLOSED,0
672431.734,3,0,0,1.000,1.000,1.000,-74.18,167.18,-31.50,CLOSED,0
672431.738,3,0,0,1.000,1.000,1.000,-74.41,167.41,-31.50,CLOSED,0
672431.742,3,0,0,1.000,1.000,1.000,-74.64,167.64,-31.50,CLOSED,0
672431.746,3,0,0,1.000,1.000,1.000,-74.87,167.87,-31.50,CLOSED,0
672431.750,3,0,0,1.000,1.000,1.000,-75.10,168.10,-31.50,CLOSED,0
672431.754,3,0,0,1.000,1.000,1.000,-75.33,168.33,-31.50,CLOSED,0
672431.757,3,0,0,1.000,1.000,1.000,-75.55,168.55,-31.50,CLOSED,0
672431.761,3,0,0,1.000,1.000,1.000,-75.79,168.78,-31.50,CLOSED,0
672431.765,3,0,0,1.000,1.000,1.000,-76.02,169.02,-31.50,CLOSED,0
672431.769,3,0,0,1.000,1.000,1.000,-76.24,169.24,-31.50,CLOSED,0
672431.772,3,0,0,1.000,1.000,1.000,-76.45,169.45,-31.50,CLOSED,0
672431.777,3,0,0,1.000,1.000,1.000,-76.71,169.71,-31.50,CLOSED,0
672431.781,3,0,0,1.000,1.000,1.000,-76.95,169.95,-31.50,CLOSED,0
672431.785,3,0,0,1.000,1.000,1.000,-77.24,170.24,-31.50,CLOSED,0
672431.790,3,0,0,1.000,1.000,1.000,-77.50,170.50,-31.50,CLOSED,0
672431.794,3,0,0,1.000,1.000,1.000,-77.73,170.73,-31.50,CLOSED,0
672431.798,3,0,0,0.998,1.000,1.000,-77.97,170.97,-31.50,CLOSED,0
672431.801,3,0,0,0.919,1.000,1.000,-78.20,171.20,-31.50,CLOSED,0
672431.805,3,0,0,0.422,1.000,1.000,-78.43,171.43,-31.50,CLOSED,0
672431.809,3,0,0,0.760,1.000,1.000,-78.65,171.65,-31.50,CLOSED,0
672431.813,3,0,0,0.895,1.000,1.000,-78.88,171.87,-31.50,CLOSED,0
672431.816,3,0,0,0.970,1.000,1.000,-79.08,172.08,-31.50,CLOSED,0
672431.820,3,0,0,0.934,1.000,1.000,-79.31,172.31,-31.50,CLOSED,0
672431.824,3,0,0,0.965,0.990,1.000,-79.53,172.53,-31.50,CLOSED,1
672431.827,3,0,0,0.963,0.952,1.000,-79.76,172.76,-31.50,CLOSED,0
672431.832,3,0,0,0.998,1.000,1.000,-80.01,173.01,-31.50,CLOSED,0
672431.836,0,0,0,1.000,1.000,1.000,-80.28,173.28,-31.50,CLOSED,0
672431.840,0,1,0,1.000,1.000,1.000,-80.52,173.04,-31.50,CLOSED,0
672431.844,0,1,0,1.000,1.000,1.000,-80.76,172.80,-31.50,CLOSED,0
672431.848,0,1,0,1.000,1.000,1.000,-81.01,172.56,-31.50,CLOSED,0
672431.853,0,1,0,1.000,1.000,1.000,-81.27,172.29,-31.50,CLOSED,0
672431.857,0,1,0,1.000,1.000,1.000,-81.51,172.05,-31.50,CLOSED,0
672431.860,0,1,0,1.000,1.000,1.000,-81.74,171.82,-31.50,CLOSED,0
672431.864,0,1,0,1.000,1.000,1.000,-81.97,171.60,-31.50,CLOSED,0
672431.868,0,1,0,1.000,1.000,1.000,-82.18,171.38,-31.50,CLOSED,0
672431.872,0,1,0,1.000,1.000,1.000,-82.45,171.11,-31.50,CLOSED,0
672431.876,0,1,0,1.000,1.000,1.000,-82.67,170.90,-31.50,CLOSED,0
672431.881,0,1,0,1.000,1.000,1.000,-82.96,170.60,-31.50,CLOSED,0
672431.885,0,1,0,1.000,1.000,1.000,-83.24,170.32,-31.50,CLOSED,0
672431.889,0,1,0,1.000,1.000,1.000,-83.48,170.09,-31.50,CLOSED,0
672431.894,0,1,0,1.000,1.000,1.000,-83.75,169.81,-31.50,CLOSED,0
672431.898,0,1,0,1.000,1.000,1.000,-83.98,169.59,-31.50,CLOSED,0
672431.902,0,1,0,1.000,1.000,1.000,-84.22,169.35,-31.50,CLOSED,0
672431.905,0,1,0,1.000,1.000,1.000,-84.44,169.12,-31.50,CLOSED,0
672431.909,0,1,0,1.000,1.000,1.000,-84.67,168.89,-31.50,CLOSED,0
672431.913,0,1,0,1.000,1.000,1.000,-84.91,168.66,-31.50,CLOSED,0
672431.917,0,1,0,1.000,1.000,1.000,-85.14,168.42,-31.50,CLOSED,0
672431.921,0,1,0,1.000,1.000,1.000,-85.38,168.19,-31.50,CLOSED,0
672431.925,0,1,0,1.000,1.000,1.000,-85.61,167.96,-31.50,CLOSED,1
672431.929,0,1,0,1.000,1.000,1.000,-85.88,167.69,-31.50,CLOSED,0
672431.934,0,1,0,1.000,1.000,1.000,-86.13,167.43,-31.50,CLOSED,0
672431.937,0,1,0,1.000,1.000,1.000,-86.35,167.22,-31.50,CLOSED,0
672431.941,0,1,0,1.000,1.000,1.000,-86.56,167.00,-31.50,CLOSED,0
672431.944,0,1,0,1.000,1.000,1.000,-86.78,166.78,-31.50,CLOSED,0
672431.948,0,1,0,1.000,1.000,1.000,-87.02,166.54,-31.50,CLOSED,0
672431.952,0,1,0,1.000,1.000,1.000,-87.24,166.32,-31.50,CLOSED,0
672431.956,0,1,0,1.000,1.000,1.000,-87.46,166.10,-31.50,CLOSED,0
672431.959,0,1,0,1.000,1.000,1.000,-87.68,165.88,-31.50,CLOSED,0
672431.964,0,1,0,1.000,1.000,1.000,-87.93,165.64,-31.50,CLOSED,0
672431.967,0,1,0,1.000,1.000,1.000,-88.14,165.42,-31.50,CLOSED,0
672431.971,0,1,0,1.000,1.000,1.000,-88.36,165.20,-31.50,CLOSED,0
672431.975,0,1,0,1.000,1.000,1.000,-88.59,164.97,-31.50,CLOSED,0
672431.979,0,1,0,1.000,1.000,1.000,-88.84,164.73,-31.50,CLOSED,0
672431.983,0,1,0,1.000,1.000,1.000,-89.07,164.49,-31.50,CLOSED,0
672431.986,0,1,0,1.000,1.000,1.000,-89.30,164.26,-31.50,CLOSED,0
672431.990,0,1,0,1.000,1.000,1.000,-89.54,164.03,-31.50,CLOSED,0
672431.994,0,1,0,1.000,1.000,1.000,-89.78,163.79,-31.50,CLOSED,0
672431.998,0,1,0,1.000,1.000,1.000,-90.00,163.57,-31.50,CLOSED,0
672432.002,0,1,0,1.000,1.000,1.000,-90.00,163.34,-31.50,CLOSED,0
672432.007,0,1,0,1.000,1.000,1.000,-90.00,163.02,-31.50,CLOSED,0
672432.012,0,1,0,1.000,1.000,1.000,-90.00,162.73,-31.50,CLOSED,0
672432.016,0,1,0,1.000,1.000,1.000,-90.00,162.51,-31.50,CLOSED,0
672432.020,0,1,0,1.000,1.000,1.000,-90.00,162.27,-31.50,CLOSED,0
672432.023,0,1,0,1.000,1.000,1.000,-90.00,162.05,-31.50,CLOSED,0
672432.027,0,1,0,1.000,1.000,1.000,-90.00,161.81,-31.50,CLOSED,1
672432.031,0,1,0,1.000,1.000,1.000,-90.00,161.58,-31.50,CLOSED,0
672432.035,0,1,0,1.000,1.000,1.000,-90.00,161.33,-31.50,CLOSED,0
672432.039,0,1,0,1.000,1.000,1.000,-90.00,161.10,-31.50,CLOSED,0
672432.043,0,1,0,1.000,1.000,1.000,-90.00,160.89,-31.50,CLOSED,0
672432.046,0,1,0,1.000,1.000,1.000,-90.00,160.68,-31.50,CLOSED,0
672432.050,0,1,0,1.000,1.000,1.000,-90.00,160.47,-31.50,CLOSED,0
672432.053,0,1,0,1.000,1.000,1.000,-90.00,160.25,-31.50,CLOSED,0
672432.057,0,1,0,1.000,1.000,1.000,-90.00,160.04,-31.50,CLOSED,0
672432.061,0,1,0,1.000,1.000,1.000,-90.00,159.80,-31.50,CLOSED,0
672432.064,0,1,0,1.000,1.000,1.000,-90.00,159.58,-31.50,CLOSED,0
672432.068,0,1,0,1.000,1.000,1.000,-90.00,159.35,-31.50,CLOSED,0
672432.073,0,1,0,1.000,1.000,1.000,-90.00,159.06,-31.50,CLOSED,0
672432.077,0,1,0,1.000,1.000,1.000,-90.00,158.83,-31.50,CLOSED,0
672432.081,0,1,0,1.000,1.000,1.000,-90.00,158.60,-31.50,CLOSED,0
672432.085,0,1,0,1.000,1.000,1.000,-90.00,158.35,-31.50,CLOSED,0
672432.089,0,1,0,1.000,1.000,1.000,-90.00,158.11,-31.50,CLOSED,0
672432.093,0,1,0,1.000,1.000,1.000,-90.00,157.85,-31.50,CLOSED,0
672432.097,0,1,0,1.000,1.000,1.000,-90.00,157.60,-31.50,CLOSED,0
672432.103,0,1,0,1.000,1.000,1.000,-90.00,157.28,-31.50,CLOSED,0
672432.107,0,1,0,1.000,1.000,1.000,-90.00,157.04,-31.50,CLOSED,0
672432.111,0,1,0,1.000,1.000,1.000,-90.00,156.78,-31.50,CLOSED,0
672432.115,0,1,0,1.000,1.000,1.000,-90.00,156.52,-31.50,CLOSED,0
672432.120,0,1,0,1.000,1.000,1.000,-90.00,156.22,-31.50,CLOSED,0
672432.125,0,1,0,1.000,1.000,1.000,-90.00,155.97,-31.50,CLOSED,0
672432.130,0,1,0,1.000,1.000,1.000,-90.00,155.68,-31.50,CLOSED,1
672432.135,0,1,0,1.000,1.000,1.000,-90.00,155.37,-31.50,CLOSED,0
672432.139,0,1,0,1.000,1.000,1.000,-90.00,155.13,-31.50,CLOSED,0
672432.142,0,1,0,1.000,1.000,1.000,-90.00,154.90,-31.50,CLOSED,0
672432.146,0,1,0,1.000,1.000,1.000,-90.00,154.67,-31.50,CLOSED,0
672432.150,0,1,0,1.000,1.000,1.000,-90.00,154.42,-31.50,CLOSED,0
672432.154,0,1,0,1.000,1.000,1.000,-90.00,154.19,-31.50,CLOSED,0
672432.158,0,1,0,1.000,1.000,1.000,-90.00,153.96,-31.50,CLOSED,0
672432.162,0,1,0,1.000,1.000,1.000,-90.00,153.72,-31.50,CLOSED,0
672432.166,0,1,0,1.000,1.000,1.000,-90.00,153.48,-31.50,CLOSED,0
672432.170,0,1,0,1.000,1.000,1.000,-90.00,153.26,-31.50,CLOSED,0
672432.174,0,1,0,1.000,1.000,1.000,-90.00,153.01,-31.50,CLOSED,0
672432.178,0,1,0,1.000,1.000,1.000,-90.00,152.79,-31.50,CLOSED,0
672432.181,0,1,0,1.000,1.000,1.000,-90.00,152.57,-31.50,CLOSED,0
672432.185,0,1,0,1.000,1.000,1.000,-90.00,152.35,-31.50,CLOSED,0
672432.189,0,1,0,1.000,1.000,1.000,-90.00,152.13,-31.50,CLOSED,0
672432.192,0,1,0,1.000,1.000,1.000,-90.00,151.91,-31.50,CLOSED,0
672432.197,0,1,0,1.000,1.000,1.000,-90.00,151.65,-31.50,CLOSED,0
672432.201,0,1,0,1.000,1.000,1.000,-90.00,151.41,-31.50,CLOSED,0
672432.205,0,1,0,1.000,1.000,1.000,-90.00,151.15,-31.50,CLOSED,0
672432.209,0,1,0,1.000,1.000,1.000,-90.00,150.89,-31.50,CLOSED,0
672432.214,0,1,0,1.000,1.000,1.000,-90.00,150.59,-31.50,CLOSED,0
672432.221,0,1,0,1.000,1.000,1.000,-90.00,150.21,-31.50,CLOSED,0
672432.225,0,1,0,1.000,1.000,1.000,-90.00,149.95,-31.50,CLOSED,0
672432.229,0,1,0,1.000,1.000,1.000,-90.00,149.69,-31.50,CLOSED,0
672432.234,0,1,0,1.000,1.000,1.000,-90.00,149.43,-31.50,CLOSED,1
672432.238,0,1,0,1.000,1.000,1.000,-90.00,149.19,-31.50,CLOSED,0
672432.241,0,1,0,1.000,1.000,1.000,-90.00,148.97,-31.50,CLOSED,0
672432.245,0,1,0,1.000,1.000,1.000,-90.00,148.73,-31.50,CLOSED,0
672432.249,0,1,0,1.000,1.000,1.000,-90.00,148.51,-31.50,CLOSED,0
672432.253,0,1,0,1.000,1.000,1.000,-90.00,148.28,-31.50,CLOSED,0
672432.257,0,1,0,1.000,1.000,1.000,-90.00,148.05,-31.50,CLOSED,0
672432.260,0,1,0,1.000,1.000,1.000,-90.00,147.82,-31.50,CLOSED,0
672432.264,0,1,0,1.000,1.000,1.000,-90.00,147.59,-31.50,CLOSED,0
672432.268,0,1,0,1.000,1.000,1.000,-90.00,147.35,-31.50,CLOSED,0
672432.272,0,1,0,1.000,1.000,1.000,-90.00,147.10,-31.50,CLOSED,0
672432.277,0,1,0,1.000,1.000,1.000,-90.00,146.81,-31.50,CLOSED,0
672432.281,0,1,0,1.000,1.000,1.000,-90.00,146.56,-31.50,CLOSED,0
672432.285,0,1,0,1.000,1.000,1.000,-90.00,146.32,-31.50,CLOSED,0
672432.289,0,1,0,1.000,1.000,1.000,-90.00,146.08,-31.50,CLOSED,0
672432.294,0,1,0,1.000,1.000,1.000,-90.00,145.83,-31.50,CLOSED,0
672432.298,0,1,0,1.000,1.000,1.000,-90.00,145.58,-31.50,CLOSED,0
672432.302,0,1,0,1.000,1.000,1.000,-90.00,145.35,-31.50,CLOSED,0
672432.306,0,1,0,1.000,1.000,1.000,-90.00,145.08,-31.50,CLOSED,0
672432.310,0,1,0,1.000,1.000,1.000,-90.00,144.86,-31.50,CLOSED,0
672432.313,0,1,0,1.000,1.000,1.000,-90.00,144.64,-31.50,CLOSED,0
672432.317,0,1,0,1.000,1.000,1.000,-90.00,144.42,-31.50,CLOSED,0
672432.321,0,1,0,1.000,1.000,1.000,-90.00,144.18,-31.50,CLOSED,0
672432.325,0,1,0,1.000,1.000,1.000,-90.00,143.94,-31.50,CLOSED,0
672432.330,0,1,0,1.000,1.000,1.000,-90.00,143.67,-31.50,CLOSED,0
672432.335,0,1,0,1.000,1.000,1.000,-90.00,143.35,-31.50,CLOSED,1
672432.339,0,1,0,1.000,1.000,1.000,-90.00,143.10,-31.50,CLOSED,0
672432.343,0,1,0,1.000,1.000,1.000,-90.00,142.87,-31.50,CLOSED,0
672432.347,0,1,0,1.000,1.000,1.000,-90.00,142.65,-31.50,CLOSED,0
672432.351,0,1,0,1.000,1.000,1.000,-90.00,142.38,-31.50,CLOSED,0
672432.355,0,1,0,1.000,1.000,1.000,-90.00,142.17,-31.50,CLOSED,0
672432.358,0,1,0,1.000,1.000,1.000,-90.00,141.95,-31.50,CLOSED,0
672432.362,0,0,0,1.000,1.000,1.000,-90.00,142.18,-31.50,CLOSED,0
672432.366,0,0,0,1.000,1.000,1.000,-90.00,142.41,-31.50,CLOSED,0
672432.370,0,0,0,1.000,1.000,1.000,-90.00,142.64,-31.50,CLOSED,0
672432.374,0,0,0,1.000,1.000,1.000,-90.00,142.88,-31.50,CLOSED,0
672432.377,0,0,0,0.999,1.000,1.000,-90.00,143.10,-31.50,CLOSED,0
672432.381,0,0,0,0.999,1.000,1.000,-90.00,143.33,-31.50,CLOSED,0
672432.385,0,0,0,0.996,1.000,1.000,-90.00,143.56,-31.50,CLOSED,0
672432.389,0,0,0,0.995,1.000,1.000,-90.00,143.80,-31.50,CLOSED,0
672432.393,0,0,0,0.980,1.000,1.000,-90.00,144.04,-31.50,CLOSED,0
672432.397,0,0,0,0.961,1.000,1.000,-90.00,144.28,-31.50,CLOSED,0
672432.401,0,0,0,0.868,1.000,1.000,-90.00,144.54,-31.50,CLOSED,0
672432.405,0,0,0,0.999,0.971,1.000,-90.00,144.78,-31.50,CLOSED,0
672432.409,0,0,0,1.000,1.000,1.000,-90.00,145.01,-31.50,CLOSED,0
672432.413,0,0,0,1.000,1.000,1.000,-90.00,145.24,-31.50,CLOSED,0
672432.417,0,0,0,1.000,1.000,1.000,-90.00,145.49,-31.50,CLOSED,0
672432.421,0,0,0,1.000,1.000,1.000,-90.00,145.70,-31.50,CLOSED,0
672432.424,0,0,0,1.000,1.000,1.000,-90.00,145.92,-31.50,CLOSED,0
672432.428,0,0,0,1.000,1.000,1.000,-90.00,146.15,-31.50,CLOSED,0
672432.432,0,0,0,1.000,1.000,0.999,-90.00,146.38,-31.50,CLOSED,0
672432.436,0,0,0,1.000,1.000,0.995,-90.00,146.61,-31.50,CLOSED,1
672432.440,3,0,0,1.000,1.000,0.981,-90.00,146.86,-31.50,OPEN,0
672432.446,3,0,0,1.000,1.000,0.923,-90.00,147.22,-31.50,OPEN,0
672432.453,3,0,0,1.000,1.000,0.884,-90.00,147.65,-31.50,OPEN,0
672432.461,3,0,0,1.000,1.000,0.828,-90.00,148.11,-31.50,OPEN,0
672432.469,3,0,0,1.000,1.000,0.755,-90.00,148.58,-31.50,OPEN,0
672432.475,3,0,0,1.000,1.000,0.731,-90.00,148.98,-31.50,OPEN,0
672432.481,3,0,0,1.000,1.000,1.000,-90.00,149.34,-31.50,OPEN,0
672432.487,3,0,0,1.000,1.000,1.000,-90.00,149.65,-31.50,OPEN,0
672432.492,3,0,0,1.000,1.000,1.000,-90.00,149.95,-31.50,OPEN,0
672432.496,3,0,0,1.000,1.000,1.000,-90.00,150.20,-31.50,OPEN,0
672432.500,3,0,0,1.000,1.000,1.000,-90.00,150.43,-31.50,OPEN,0
672432.504,3,0,0,1.000,1.000,1.000,-90.00,150.69,-31.50,OPEN,0
672432.508,3,0,0,1.000,1.000,1.000,-90.00,150.92,-31.50,OPEN,0
672432.511,3,0,0,1.000,1.000,1.000,-90.00,151.14,-31.50,OPEN,0
672432.515,3,0,0,1.000,1.000,1.000,-90.00,151.35,-31.50,OPEN,0
672432.519,3,0,0,1.000,1.000,1.000,-90.00,151.58,-31.50,OPEN,0
672432.522,3,0,0,1.000,1.000,1.000,-90.00,151.79,-31.50,OPEN,0
672432.526,3,0,0,1.000,1.000,1.000,-90.00,152.03,-31.50,OPEN,0
672432.530,3,0,0,1.000,1.000,1.000,-90.00,152.26,-31.50,OPEN,0
672432.534,3,0,0,1.000,1.000,1.000,-90.00,152.49,-31.50,OPEN,0
672432.538,3,0,0,1.000,1.000,1.000,-90.00,152.72,-31.50,OPEN,1
672432.542,3,0,0,1.000,1.000,1.000,-90.00,152.97,-31.50,OPEN,0
672432.546,3,0,0,1.000,1.000,1.000,-90.00,153.19,-31.50,OPEN,0
672432.549,3,0,0,1.000,1.000,1.000,-90.00,153.40,-31.50,OPEN,0
672432.553,3,0,0,1.000,1.000,1.000,-90.00,153.62,-31.50,OPEN,0
672432.556,3,0,0,1.000,1.000,1.000,-90.00,153.84,-31.50,OPEN,0
672432.560,3,0,0,1.000,1.000,1.000,-90.00,154.06,-31.50,OPEN,0
672432.564,3,0,0,1.000,1.000,1.000,-90.00,154.30,-31.50,OPEN,0
672432.570,3,0,0,1.000,1.000,1.000,-90.00,154.63,-31.50,OPEN,0
672432.574,3,0,0,1.000,1.000,1.000,-90.00,154.88,-31.50,OPEN,0
672432.578,3,0,0,1.000,1.000,1.000,-90.00,155.10,-31.50,OPEN,0
672432.581,3,0,0,1.000,1.000,1.000,-90.00,155.32,-31.50,OPEN,0
672432.585,3,0,0,1.000,1.000,1.000,-90.00,155.55,-31.50,OPEN,0
672432.589,3,0,0,1.000,1.000,1.000,-90.00,155.78,-31.50,OPEN,0
672432.592,3,0,0,1.000,1.000,1.000,-90.00,155.99,-31.50,OPEN,0
672432.596,3,0,0,1.000,1.000,1.000,-90.00,156.24,-31.50,OPEN,0
672432.601,3,0,0,1.000,1.000,1.000,-90.00,156.50,-31.50,OPEN,0
672432.605,3,0,0,1.000,1.000,1.000,-90.00,156.78,-31.50,OPEN,0
672432.610,3,0,0,1.000,1.000,1.000,-90.00,157.03,-31.50,OPEN,0
672432.613,3,0,0,1.000,1.000,1.000,-90.00,157.25,-31.50,OPEN,0
672432.617,3,0,0,1.000,1.000,1.000,-90.00,157.48,-31.50,OPEN,0
672432.622,3,0,0,1.000,0.999,1.000,-90.00,157.76,-31.50,OPEN,0
672432.625,3,0,0,1.000,0.998,1.000,-90.00,157.96,-31.50,OPEN,0
672432.629,3,0,0,1.000,0.999,1.000,-90.00,158.18,-31.50,OPEN,0
672432.633,3,0,0,1.000,0.999,1.000,-90.00,158.43,-31.50,OPEN,0
672432.638,3,0,0,1.000,0.999,1.000,-90.00,158.71,-31.50,OPEN,0
672432.643,3,0,0,1.000,0.999,1.000,-90.00,159.01,-31.50,OPEN,1
672432.647,3,0,0,1.000,1.000,1.000,-90.00,159.27,-31.50,OPEN,0
672432.651,3,0,0,1.000,1.000,1.000,-90.00,159.54,-31.50,OPEN,0
672432.656,3,0,0,1.000,1.000,1.000,-90.00,159.80,-31.50,OPEN,0
672432.660,3,0,0,1.000,1.000,1.000,-90.00,160.04,-31.50,OPEN,0
672432.664,3,0,0,1.000,1.000,1.000,-90.00,160.27,-31.50,OPEN,0
672432.668,3,0,0,1.000,1.000,1.000,-90.00,160.52,-31.50,OPEN,0
672432.672,3,0,0,1.000,1.000,1.000,-90.00,160.77,-31.50,OPEN,0
672432.677,3,0,0,1.000,1.000,1.000,-90.00,161.09,-31.50,OPEN,0
672432.682,3,0,0,1.000,1.000,1.000,-90.00,161.38,-31.50,OPEN,0
672432.686,3,0,0,1.000,1.000,1.000,-90.00,161.59,-31.50,OPEN,0
672432.689,3,0,0,1.000,1.000,1.000,-90.00,161.82,-31.50,OPEN,0
672432.693,3,0,0,1.000,1.000,1.000,-90.00,162.05,-31.50,OPEN,0
672432.697,3,0,0,1.000,1.000,1.000,-90.00,162.30,-31.50,OPEN,0
672432.701,3,0,0,1.000,1.000,1.000,-90.00,162.53,-31.50,OPEN,0
672432.705,3,0,0,1.000,1.000,1.000,-90.00,162.77,-31.50,OPEN,0
672432.709,3,0,0,1.000,1.000,1.000,-90.00,163.01,-31.50,OPEN,0
672432.714,3,0,0,1.000,1.000,1.000,-90.00,163.26,-31.50,OPEN,0
672432.717,3,0,0,1.000,1.000,1.000,-90.00,163.49,-31.50,OPEN,0
672432.721,3,0,0,1.000,1.000,1.000,-90.00,163.71,-31.50,OPEN,0
672432.725,3,0,0,1.000,1.000,1.000,-90.00,163.93,-31.50,OPEN,0
672432.729,3,0,0,1.000,1.000,1.000,-90.00,164.18,-31.50,OPEN,0
672432.733,3,0,0,1.000,1.000,1.000,-90.00,164.43,-31.50,OPEN,0
672432.737,3,0,0,1.000,1.000,1.000,-90.00,164.69,-31.50,OPEN,0
672432.742,3,0,0,1.000,1.000,1.000,-90.00,164.99,-31.50,OPEN,0
672432.746,3,0,0,1.000,1.000,1.000,-90.00,165.23,-31.50,OPEN,1
672432.750,3,0,0,1.000,1.000,1.000,-90.00,165.48,-31.50,OPEN,0
672432.754,3,0,0,1.000,1.000,1.000,-90.00,165.72,-31.50,OPEN,0
672432.759,3,0,0,1.000,1.000,1.000,-90.00,165.96,-31.50,OPEN,0
672432.763,3,0,0,1.000,1.000,1.000,-90.00,166.23,-31.50,OPEN,0
672432.767,3,0,0,1.000,1.000,1.000,-90.00,166.50,-31.50,OPEN,0
672432.772,3,0,0,1.000,1.000,1.000,-90.00,166.75,-31.50,OPEN,0
672432.776,3,0,0,1.000,1.000,1.000,-90.00,167.01,-31.50,OPEN,0
672432.780,3,0,0,1.000,1.000,1.000,-90.00,167.23,-31.50,OPEN,0
672432.783,3,0,0,1.000,1.000,1.000,-90.00,167.45,-31.50,OPEN,0
672432.787,3,0,0,1.000,1.000,1.000,-90.00,167.69,-31.50,OPEN,0
672432.791,3,0,0,1.000,1.000,1.000,-90.00,167.93,-31.50,OPEN,0
672432.796,3,0,0,1.000,1.000,1.000,-90.00,168.21,-31.50,OPEN,0
672432.800,3,0,0,1.000,1.000,1.000,-90.00,168.46,-31.50,OPEN,0
672432.804,3,0,0,1.000,1.000,1.000,-90.00,168.69,-31.50,OPEN,0
672432.809,3,0,0,1.000,1.000,1.000,-90.00,168.97,-31.50,OPEN,0
672432.814,3,0,0,1.000,1.000,1.000,-90.00,169.28,-31.50,OPEN,0
672432.819,3,0,0,1.000,1.000,1.000,-90.00,169.57,-31.50,OPEN,0
672432.824,3,0,0,1.000,1.000,1.000,-90.00,169.88,-31.50,OPEN,0
672432.828,3,0,0,1.000,1.000,1.000,-90.00,170.14,-31.50,OPEN,0
672432.833,3,0,0,1.000,1.000,1.000,-90.00,170.41,-31.50,OPEN,0
672432.837,3,0,0,1.000,1.000,1.000,-90.00,170.68,-31.50,OPEN,0
672432.842,3,0,0,1.000,1.000,1.000,-90.00,170.95,-31.50,OPEN,0
672432.846,3,0,0,1.000,1.000,1.000,-90.00,171.22,-31.50,OPEN,0
672432.850,3,0,0,1.000,1.000,1.000,-90.00,171.46,-31.50,OPEN,1
672432.854,3,0,0,1.000,1.000,1.000,-90.00,171.71,-31.50,OPEN,0
672432.858,3,0,0,1.000,1.000,1.000,-90.00,171.94,-31.50,OPEN,0
672432.862,3,0,0,1.000,1.000,1.000,-90.00,172.16,-31.50,OPEN,0
672432.866,3,0,0,1.000,1.000,1.000,-90.00,172.41,-31.50,OPEN,0
672432.870,3,0,0,1.000,1.000,1.000,-90.00,172.64,-31.50,OPEN,0
672432.874,3,0,0,1.000,1.000,1.000,-90.00,172.87,-31.50,OPEN,0
672432.878,3,0,0,1.000,1.000,1.000,-90.00,173.13,-31.50,OPEN,0
672432.883,3,0,0,1.000,1.000,1.000,-90.00,173.46,-31.50,OPEN,0
672432.888,3,0,0,1.000,1.000,1.000,-90.00,173.74,-31.50,OPEN,0
672432.893,3,0,0,1.000,1.000,1.000,-90.00,174.01,-31.50,OPEN,0
672432.897,3,0,0,1.000,1.000,1.000,-90.00,174.29,-31.50,OPEN,0
672432.902,3,0,0,1.000,1.000,1.000,-90.00,174.59,-31.50,OPEN,0
672432.907,3,0,0,1.000,1.000,1.000,-90.00,174.86,-31.50,OPEN,0
672432.911,3,0,0,1.000,1.000,1.000,-90.00,175.12,-31.50,OPEN,0
672432.915,3,0,0,1.000,1.000,1.000,-90.00,175.37,-31.50,OPEN,0
672432.919,3,0,0,1.000,1.000,1.000,-90.00,175.61,-31.50,OPEN,0
672432.923,3,0,0,1.000,1.000,1.000,-90.00,175.86,-31.50,OPEN,0
672432.927,3,0,0,1.000,1.000,1.000,-90.00,176.09,-31.50,OPEN,0
672432.931,3,0,0,1.000,1.000,1.000,-90.00,176.31,-31.50,OPEN,0
672432.935,3,0,0,1.000,1.000,1.000,-90.00,176.53,-31.50,OPEN,0
672432.938,3,1,0,0.999,1.000,1.000,-90.00,176.31,-31.50,OPEN,0
672432.943,3,1,0,0.995,1.000,1.000,-90.00,176.06,-31.50,OPEN,0
672432.947,3,1,0,0.927,1.000,1.000,-90.00,175.79,-31.50,OPEN,0
672432.953,3,1,0,0.907,1.000,1.000,-90.00,175.46,-31.50,OPEN,1
672432.958,3,1,0,0.996,1.000,1.000,-90.00,175.16,-31.50,OPEN,0
672432.963,3,1,0,1.000,1.000,1.000,-90.00,174.86,-31.50,OPEN,0
672432.967,3,1,0,1.000,1.000,1.000,-90.00,174.61,-31.50,OPEN,0
672432.971,3,1,0,1.000,1.000,0.999,-90.00,174.39,-31.50,OPEN,0
672432.974,3,1,0,0.999,1.000,0.999,-90.00,174.16,-31.50,OPEN,0
672432.978,3,1,0,0.999,1.000,0.999,-90.00,173.96,-31.50,OPEN,0
672432.981,3,1,0,0.997,1.000,0.999,-90.00,173.75,-31.50,OPEN,0
672432.985,0,1,0,0.994,1.000,0.999,-90.00,173.53,-31.50,OPEN,0
672432.989,0,1,0,0.987,1.000,0.999,-90.00,173.30,-31.50,OPEN,0
672432.992,0,1,0,0.973,1.000,0.999,-90.00,173.07,-31.50,OPEN,0
672432.996,0,1,0,0.941,1.000,0.999,-90.00,172.84,-31.50,OPEN,0
672433.001,0,1,0,0.925,1.000,0.999,-90.00,172.58,-31.50,OPEN,0
672433.006,0,1,0,0.907,1.000,0.999,-90.00,172.24,-31.50,OPEN,0
672433.011,0,1,0,0.908,1.000,0.999,-90.00,171.95,-31.50,OPEN,0
672433.016,0,1,1,0.945,1.000,0.999,-89.72,171.67,-31.50,OPEN,0
672433.020,0,1,1,0.945,1.000,0.998,-89.46,171.41,-31.50,OPEN,0
672433.025,0,1,1,0.977,1.000,0.997,-89.16,171.12,-31.50,OPEN,0
672433.029,0,1,1,0.995,0.999,0.993,-88.90,170.85,-31.50,OPEN,0
672433.034,0,1,1,1.000,0.948,0.975,-88.64,170.59,-31.50,OPEN,0
672433.038,0,1,1,1.000,0.822,0.952,-88.40,170.35,-31.50,OPEN,0
672433.041,0,1,1,1.000,0.953,0.944,-88.18,170.13,-31.50,OPEN,0
672433.045,0,1,1,1.000,0.999,0.936,-87.95,169.90,-31.50,OPEN,0
672433.049,0,1,1,1.000,1.000,0.989,-87.73,169.68,-31.50,OPEN,0
672433.052,0,1,1,1.000,1.000,0.999,-87.52,169.47,-31.50,OPEN,0
672433.056,0,1,1,1.000,1.000,0.998,-87.30,169.25,-31.50,OPEN,1
672433.060,0,1,1,1.000,1.000,0.998,-87.07,169.02,-31.50,OPEN,0
672433.064,0,1,1,1.000,1.000,0.996,-86.84,168.80,-31.50,OPEN,0
672433.068,0,1,1,1.000,0.999,0.991,-86.61,168.56,-31.50,OPEN,0
672433.072,0,1,1,1.000,0.996,0.976,-86.37,168.32,-31.50,OPEN,0
672433.076,0,1,1,1.000,0.910,0.838,-86.13,168.08,-31.50,OPEN,0
672433.080,0,1,1,1.000,0.688,0.733,-85.89,167.84,-31.50,OPEN,0
672433.083,0,1,1,1.000,0.936,0.967,-85.67,167.62,-31.50,OPEN,0
672433.087,0,1,1,1.000,0.982,0.990,-85.44,167.39,-31.50,OPEN,0
672433.091,0,1,1,1.000,0.991,0.995,-85.22,167.17,-31.50,OPEN,0
672433.094,0,1,1,1.000,0.994,0.997,-85.01,166.96,-31.50,OPEN,0
672433.098,0,1,1,1.000,0.996,0.998,-84.78,166.74,-31.50,OPEN,0
672433.102,0,1,1,1.000,0.998,0.998,-84.54,166.49,-31.50,OPEN,0
672433.106,0,1,1,1.000,0.999,0.999,-84.31,166.26,-31.50,OPEN,0
672433.110,0,1,1,1.000,1.000,1.000,-84.07,166.02,-31.50,OPEN,0
672433.114,0,1,1,1.000,1.000,1.000,-83.81,165.76,-31.50,OPEN,0
672433.119,0,1,1,1.000,1.000,1.000,-83.55,165.50,-31.50,OPEN,0
672433.122,0,1,1,1.000,1.000,1.000,-83.32,165.27,-31.50,OPEN,0
672433.126,0,1,1,1.000,1.000,1.000,-83.09,165.04,-31.50,OPEN,0
672433.131,0,1,1,1.000,1.000,1.000,-82.80,164.75,-31.50,OPEN,0
672433.135,0,1,1,1.000,1.000,1.000,-82.54,164.49,-31.50,OPEN,0
672433.139,0,1,1,1.000,1.000,1.000,-82.30,164.25,-31.50,OPEN,0
672433.143,0,1,1,1.000,1.000,1.000,-82.07,164.02,-31.50,OPEN,0
672433.147,0,1,1,1.000,1.000,1.000,-81.83,163.78,-31.50,OPEN,0
672433.151,0,1,1,1.000,1.000,1.000,-81.60,163.55,-31.50,OPEN,0
672433.155,0,1,1,1.000,1.000,1.000,-81.37,163.32,-31.50,OPEN,0
672433.159,0,1,1,1.000,1.000,1.000,-81.12,163.07,-31.50,OPEN,1
672433.164,0,1,1,1.000,1.000,1.000,-80.82,162.77,-31.50,OPEN,0
672433.169,0,1,1,1.000,1.000,1.000,-80.55,162.50,-31.50,OPEN,0
672433.174,0,1,1,1.000,1.000,1.000,-80.23,162.18,-31.50,OPEN,0
672433.178,0,1,1,1.000,1.000,1.000,-79.99,161.95,-31.50,OPEN,0
672433.182,0,1,1,1.000,1.000,1.000,-79.75,161.70,-31.50,OPEN,0
672433.186,0,1,1,1.000,1.000,1.000,-79.51,161.46,-31.50,OPEN,0
672433.190,0,1,1,1.000,1.000,1.000,-79.26,161.21,-31.50,OPEN,0
672433.194,0,1,1,1.000,1.000,1.000,-79.04,160.99,-31.50,OPEN,0
672433.198,0,1,1,1.000,1.000,1.000,-78.80,160.75,-31.50,OPEN,0
672433.202,0,1,1,1.000,1.000,1.000,-78.58,160.53,-31.50,OPEN,0
672433.205,0,1,1,1.000,1.000,1.000,-78.36,160.31,-31.50,OPEN,0
672433.209,0,1,1,1.000,1.000,1.000,-78.14,160.09,-31.50,OPEN,0
672433.212,0,1,1,1.000,1.000,1.000,-77.92,159.87,-31.50,OPEN,0
672433.216,0,1,1,1.000,1.000,1.000,-77.69,159.64,-31.50,OPEN,0
672433.221,0,1,1,1.000,1.000,1.000,-77.43,159.38,-31.50,OPEN,0
672433.226,0,1,1,1.000,1.000,1.000,-77.12,159.07,-31.50,OPEN,0
672433.230,0,1,1,1.000,1.000,1.000,-76.88,158.83,-31.50,OPEN,0
672433.234,0,1,1,1.000,1.000,1.000,-76.62,158.58,-31.50,OPEN,0
672433.238,0,1,1,1.000,1.000,1.000,-76.40,158.35,-31.50,OPEN,0
672433.243,0,1,1,1.000,1.000,1.000,-76.10,158.05,-31.50,OPEN,0
672433.248,0,1,1,1.000,1.000,1.000,-75.79,157.74,-31.50,OPEN,0
672433.254,0,1,1,1.000,1.000,1.000,-75.44,157.39,-31.50,OPEN,0
672433.259,0,1,1,1.000,1.000,1.000,-75.12,157.07,-31.50,OPEN,1
672433.265,0,1,1,1.000,1.000,1.000,-74.78,156.73,-31.50,OPEN,0
672433.270,0,1,1,1.000,1.000,1.000,-74.48,156.43,-31.50,OPEN,0
672433.275,0,1,1,1.000,1.000,1.000,-74.18,156.13,-31.50,OPEN,0
672433.280,0,1,1,1.000,1.000,1.000,-73.90,155.85,-31.50,OPEN,0
672433.284,0,1,1,1.000,1.000,1.000,-73.62,155.57,-31.50,OPEN,0
672433.288,0,1,1,1.000,1.000,1.000,-73.37,155.32,-31.50,OPEN,0
672433.293,0,1,1,1.000,1.000,1.000,-73.11,155.06,-31.50,OPEN,0
672433.296,0,1,1,1.000,1.000,1.000,-72.89,154.84,-31.50,OPEN,0
672433.300,0,1,1,1.000,1.000,1.000,-72.65,154.60,-31.50,OPEN,0
672433.304,0,1,1,1.000,1.000,1.000,-72.42,154.37,-31.50,OPEN,0
672433.308,0,1,1,1.000,1.000,1.000,-72.19,154.14,-31.50,OPEN,0
672433.312,0,1,1,1.000,1.000,1.000,-71.98,153.93,-31.50,OPEN,0
672433.315,0,1,1,1.000,1.000,1.000,-71.75,153.70,-31.50,OPEN,0
672433.319,0,1,1,1.000,1.000,1.000,-71.54,153.49,-31.50,OPEN,0
672433.323,0,1,1,1.000,1.000,1.000,-71.29,153.24,-31.50,OPEN,0
672433.327,0,1,1,1.000,1.000,1.000,-71.07,153.02,-31.50,OPEN,0
672433.330,0,1,1,1.000,1.000,1.000,-70.87,152.82,-31.50,OPEN,0
672433.334,0,1,1,1.000,1.000,1.000,-70.60,152.55,-31.50,OPEN,0
672433.339,0,1,1,1.000,1.000,1.000,-70.31,152.27,-31.50,OPEN,0
672433.344,0,1,1,1.000,1.000,1.000,-70.04,151.99,-31.50,OPEN,0
672433.348,0,1,1,1.000,1.000,1.000,-69.76,151.72,-31.50,OPEN,0
672433.353,0,1,1,1.000,1.000,1.000,-69.50,151.45,-31.50,OPEN,0
672433.357,0,1,1,1.000,1.000,1.000,-69.24,151.19,-31.50,OPEN,0
672433.363,0,1,1,1.000,1.000,1.000,-68.91,150.86,-31.50,OPEN,1
672433.367,0,1,1,1.000,1.000,1.000,-68.63,150.58,-31.50,OPEN,0
672433.371,0,1,1,1.000,1.000,1.000,-68.39,150.34,-31.50,OPEN,0
672433.375,0,1,1,1.000,1.000,1.000,-68.16,150.12,-31.50,OPEN,0
672433.379,0,1,1,1.000,1.000,1.000,-67.94,149.89,-31.50,OPEN,0
672433.383,0,1,1,1.000,1.000,1.000,-67.70,149.65,-31.50,OPEN,0
672433.387,0,1,1,1.000,1.000,1.000,-67.46,149.41,-31.50,OPEN,0
672433.391,0,1,1,1.000,1.000,1.000,-67.21,149.16,-31.50,OPEN,0
672433.396,0,1,1,1.000,1.000,1.000,-66.93,148.88,-31.50,OPEN,0
672433.401,0,1,1,1.000,1.000,1.000,-66.61,148.56,-31.50,OPEN,0
672433.406,0,1,1,1.000,1.000,1.000,-66.32,148.28,-31.50,OPEN,0
672433.410,0,1,1,1.000,1.000,1.000,-66.07,148.02,-31.50,OPEN,0
672433.414,0,1,1,1.000,1.000,1.000,-65.82,147.78,-31.50,OPEN,0
672433.418,0,1,1,1.000,1.000,1.000,-65.59,147.54,-31.50,OPEN,0
672433.422,0,1,1,1.000,1.000,1.000,-65.35,147.30,-31.50,OPEN,0
672433.426,0,1,1,1.000,1.000,1.000,-65.13,147.08,-31.50,OPEN,0
672433.430,0,1,1,1.000,1.000,1.000,-64.89,146.84,-31.50,OPEN,0
672433.434,0,1,1,1.000,1.000,1.000,-64.64,146.59,-31.50,OPEN,0
672433.437,0,1,1,1.000,1.000,1.000,-64.42,146.37,-31.50,OPEN,0
672433.441,0,1,1,1.000,1.000,1.000,-64.21,146.16,-31.50,OPEN,0
672433.445,0,1,1,1.000,1.000,1.000,-63.98,145.93,-31.50,OPEN,0
672433.449,0,1,1,1.000,1.000,1.000,-63.72,145.67,-31.50,OPEN,0
672433.453,0,1,1,1.000,1.000,1.000,-63.48,145.43,-31.50,OPEN,0
672433.464,0,1,1,1.000,1.000,1.000,-62.85,144.80,-31.50,OPEN,1
672433.469,0,1,1,1.000,1.000,1.000,-62.51,144.46,-31.50,OPEN,0
672433.478,0,1,1,1.000,1.000,1.000,-62.00,143.95,-31.50,OPEN,0
672433.488,0,1,1,1.000,1.000,1.000,-61.38,143.33,-31.50,OPEN,0
672433.498,0,1,1,1.000,1.000,1.000,-60.80,142.75,-31.50,OPEN,0
672433.507,0,1,1,1.000,1.000,1.000,-60.25,142.20,-31.50,OPEN,0
672433.514,0,1,1,1.000,1.000,1.000,-59.82,141.77,-31.50,OPEN,0
672433.525,0,1,1,1.000,1.000,1.000,-59.15,141.10,-31.50,OPEN,0
672433.530,0,1,1,1.000,1.000,1.000,-58.85,140.80,-31.50,OPEN,0
672433.535,0,1,1,1.000,1.000,1.000,-58.58,140.54,-31.50,OPEN,0
672433.539,0,1,1,1.000,1.000,1.000,-58.33,140.29,-31.50,OPEN,0
672433.543,0,1,1,1.000,1.000,1.000,-58.08,140.03,-31.50,OPEN,0
672433.547,0,1,1,1.000,1.000,1.000,-57.83,139.78,-31.50,OPEN,0
672433.551,0,1,1,1.000,1.000,1.000,-57.58,139.53,-31.50,OPEN,0
672433.555,0,1,1,1.000,1.000,1.000,-57.36,139.32,-31.50,OPEN,0
672433.559,0,1,1,1.000,1.000,1.000,-57.11,139.06,-31.50,OPEN,0
672433.563,0,1,1,1.000,1.000,1.000,-56.86,138.82,-31.50,OPEN,0
672433.567,0,1,1,1.000,1.000,1.000,-56.63,138.58,-31.50,OPEN,1
672433.573,0,1,1,1.000,1.000,1.000,-56.30,138.26,-31.50,OPEN,0
672433.577,0,1,1,1.000,1.000,1.000,-56.05,138.00,-31.50,OPEN,0
672433.581,0,1,1,0.998,1.000,1.000,-55.80,137.75,-31.50,OPEN,0
672433.585,0,1,1,0.962,1.000,1.000,-55.57,137.52,-31.50,OPEN,0
672433.589,0,1,1,0.659,1.000,1.000,-55.33,137.28,-31.50,OPEN,0
672433.593,0,1,1,0.560,1.000,1.000,-55.10,137.05,-31.50,OPEN,0
672433.597,0,1,1,0.924,1.000,1.000,-54.86,136.81,-31.50,OPEN,0
672433.601,0,1,1,0.997,1.000,1.000,-54.62,136.57,-31.50,OPEN,0
672433.605,0,1,1,0.999,1.000,1.000,-54.38,136.34,-31.50,OPEN,0
672433.609,0,1,1,1.000,1.000,1.000,-54.14,136.09,-31.50,OPEN,0
672433.613,0,0,0,1.000,1.000,1.000,-54.38,136.33,-31.50,OPEN,0
672433.617,0,0,0,1.000,1.000,1.000,-54.61,136.57,-31.50,OPEN,0
672433.621,0,0,0,1.000,1.000,1.000,-54.85,136.81,-31.50,OPEN,0
672433.625,1,0,0,1.000,1.000,1.000,-55.12,137.07,-27.00,OPEN,0
672433.629,1,0,0,1.000,1.000,1.000,-55.38,137.33,-27.00,OPEN,0
672433.634,1,0,0,1.000,1.000,1.000,-55.62,137.58,-27.00,OPEN,0
672433.637,1,0,0,1.000,1.000,1.000,-55.86,137.81,-27.00,OPEN,0
672433.641,1,0,0,1.000,1.000,1.000,-56.10,138.05,-27.00,OPEN,0
672433.646,1,0,0,1.000,1.000,1.000,-56.35,138.30,-27.00,OPEN,0
672433.649,1,0,0,1.000,1.000,1.000,-56.58,138.53,-27.00,OPEN,0
672433.653,1,0,0,1.000,1.000,1.000,-56.82,138.77,-27.00,OPEN,0
672433.657,1,0,0,1.000,1.000,1.000,-57.05,139.00,-27.00,OPEN,0
672433.661,1,0,0,1.000,1.000,1.000,-57.26,139.21,-27.00,OPEN,0
672433.664,1,0,0,1.000,1.000,1.000,-57.48,139.43,-27.00,OPEN,0
672433.669,1,0,0,1.000,1.000,1.000,-57.73,139.68,-27.00,OPEN,1
672433.673,1,0,0,1.000,1.000,1.000,-57.99,139.95,-27.00,OPEN,0
672433.678,1,0,0,1.000,1.000,1.000,-58.26,140.22,-27.00,OPEN,0
672433.682,1,0,0,1.000,1.000,1.000,-58.56,140.51,-27.00,OPEN,0
672433.687,1,0,0,1.000,1.000,1.000,-58.82,140.77,-27.00,OPEN,0
672433.691,1,0,0,1.000,1.000,1.000,-59.10,141.05,-27.00,OPEN,0
672433.697,1,0,0,1.000,1.000,1.000,-59.43,141.38,-27.00,OPEN,0
672433.701,1,0,0,1.000,1.000,1.000,-59.67,141.62,-27.00,OPEN,0
672433.705,1,0,0,1.000,1.000,1.000,-59.90,141.85,-27.00,OPEN,0
672433.708,1,0,0,1.000,1.000,1.000,-60.12,142.07,-27.00,OPEN,0
672433.713,1,0,0,1.000,1.000,1.000,-60.38,142.33,-27.00,OPEN,0
672433.717,1,0,0,1.000,1.000,1.000,-60.63,142.58,-27.00,OPEN,0
672433.721,1,0,0,1.000,1.000,1.000,-60.86,142.81,-27.00,OPEN,0
672433.725,1,0,0,1.000,1.000,1.000,-61.09,143.05,-27.00,OPEN,0
672433.729,1,0,0,1.000,1.000,1.000,-61.36,143.31,-22.50,OPEN,0
672433.733,1,0,0,1.000,1.000,1.000,-61.58,143.53,-22.50,OPEN,0
672433.737,1,0,0,1.000,1.000,1.000,-61.81,143.76,-22.50,OPEN,0
672433.740,1,0,0,1.000,1.000,1.000,-62.03,143.98,-22.50,OPEN,0
672433.744,1,0,0,1.000,1.000,1.000,-62.28,144.23,-22.50,OPEN,0
672433.748,1,0,0,1.000,1.000,1.000,-62.51,144.46,-22.50,OPEN,0
672433.752,1,0,0,1.000,1.000,1.000,-62.75,144.70,-22.50,OPEN,0
672433.756,1,0,0,1.000,1.000,1.000,-62.98,144.93,-22.50,OPEN,0
672433.760,1,0,0,1.000,1.000,1.000,-63.22,145.17,-22.50,OPEN,0
672433.764,1,0,0,1.000,1.000,1.000,-63.47,145.42,-22.50,OPEN,0
672433.769,1,0,0,1.000,1.000,1.000,-63.74,145.69,-22.50,OPEN,1
672433.772,1,0,0,1.000,1.000,1.000,-63.96,145.91,-22.50,OPEN,0
672433.777,1,0,0,1.000,1.000,1.000,-64.23,146.18,-22.50,OPEN,0
672433.781,1,0,0,1.000,1.000,1.000,-64.45,146.40,-22.50,OPEN,0
672433.786,1,0,0,1.000,1.000,1.000,-64.75,146.70,-22.50,OPEN,0
672433.790,1,0,0,1.000,1.000,1.000,-65.03,146.98,-22.50,OPEN,0
672433.794,1,0,0,1.000,1.000,1.000,-65.27,147.22,-22.50,OPEN,0
672433.799,1,0,0,1.000,1.000,1.000,-65.54,147.49,-22.50,OPEN,0
672433.804,1,0,0,1.000,1.000,1.000,-65.83,147.78,-22.50,OPEN,0
672433.808,1,0,0,1.000,1.000,1.000,-66.11,148.06,-22.50,OPEN,0
672433.813,1,0,0,1.000,1.000,1.000,-66.36,148.32,-22.50,OPEN,0
672433.817,1,0,0,1.000,1.000,1.000,-66.62,148.57,-22.50,OPEN,0
672433.821,1,0,0,1.000,1.000,1.000,-66.86,148.81,-22.50,OPEN,0
672433.825,1,0,0,1.000,1.000,1.000,-67.12,149.07,-22.50,OPEN,0
672433.829,1,0,0,1.000,1.000,1.000,-67.36,149.31,-18.00,OPEN,0
672433.833,1,0,0,1.000,1.000,1.000,-67.58,149.53,-18.00,OPEN,0
672433.836,1,0,0,1.000,1.000,1.000,-67.80,149.75,-18.00,OPEN,0
672433.841,1,0,0,1.000,1.000,1.000,-68.05,150.00,-18.00,OPEN,0
672433.844,1,0,0,1.000,1.000,1.000,-68.27,150.22,-18.00,OPEN,0
672433.848,1,0,0,1.000,1.000,1.000,-68.50,150.45,-18.00,OPEN,0
672433.852,1,0,0,1.000,1.000,1.000,-68.71,150.67,-18.00,OPEN,0
672433.856,1,0,0,1.000,1.000,1.000,-68.95,150.90,-18.00,OPEN,0
672433.859,1,0,0,1.000,1.000,1.000,-69.16,151.11,-18.00,OPEN,0
672433.863,1,0,0,1.000,1.000,1.000,-69.39,151.34,-18.00,OPEN,0
672433.866,1,0,0,1.000,1.000,1.000,-69.60,151.55,-18.00,OPEN,0
672433.870,1,0,0,1.000,1.000,1.000,-69.81,151.76,-18.00,OPEN,1
672433.874,1,0,0,1.000,1.000,1.000,-70.05,152.00,-18.00,OPEN,0
672433.879,1,0,0,1.000,1.000,1.000,-70.38,152.33,-18.00,OPEN,0
672433.884,1,0,0,1.000,1.000,1.000,-70.68,152.63,-18.00,OPEN,0
672433.889,1,0,0,1.000,1.000,1.000,-70.95,152.90,-18.00,OPEN,0
672433.894,1,0,0,1.000,1.000,1.000,-71.23,153.18,-18.00,OPEN,0
672433.898,1,0,0,1.000,1.000,1.000,-71.51,153.46,-18.00,OPEN,0
672433.903,1,0,0,1.000,1.000,1.000,-71.81,153.76,-18.00,OPEN,0
672433.908,1,0,0,1.000,1.000,1.000,-72.09,154.04,-18.00,OPEN,0
672433.913,1,0,0,1.000,1.000,1.000,-72.39,154.34,-18.00,OPEN,0
672433.918,1,0,0,1.000,1.000,1.000,-72.66,154.62,-18.00,OPEN,0
672433.922,1,0,0,1.000,1.000,1.000,-72.93,154.88,-18.00,OPEN,0
672433.926,1,0,0,1.000,1.000,1.000,-73.20,155.15,-18.00,OPEN,0
672433.931,1,0,0,1.000,1.000,1.000,-73.47,155.42,-13.50,OPEN,0
672433.935,1,0,0,1.000,1.000,1.000,-73.71,155.66,-13.50,OPEN,0
672433.939,1,0,0,1.000,1.000,1.000,-73.93,155.88,-13.50,OPEN,0
672433.942,1,0,0,1.000,1.000,1.000,-74.15,156.10,-13.50,OPEN,0
672433.946,1,0,0,1.000,1.000,1.000,-74.37,156.32,-13.50,OPEN,0
672433.950,1,0,0,1.000,1.000,1.000,-74.59,156.54,-13.50,OPEN,0
672433.953,1,0,0,1.000,1.000,1.000,-74.81,156.76,-13.50,OPEN,0
672433.958,1,0,0,1.000,1.000,1.000,-75.09,157.04,-13.50,OPEN,0
672433.962,1,0,0,1.000,1.000,1.000,-75.36,157.31,-13.50,OPEN,0
672433.966,1,0,0,1.000,1.000,1.000,-75.59,157.54,-13.50,OPEN,0
672433.970,1,0,0,1.000,1.000,1.000,-75.82,157.77,-13.50,OPEN,1
672433.974,1,0,0,1.000,1.000,1.000,-76.05,158.00,-13.50,OPEN,0
672433.978,1,0,0,1.000,1.000,1.000,-76.27,158.22,-13.50,OPEN,0
672433.982,1,0,0,1.000,1.000,1.000,-76.51,158.46,-13.50,OPEN,0
672433.985,1,0,0,1.000,1.000,1.000,-76.74,158.69,-13.50,OPEN,0
672433.989,1,0,0,1.000,1.000,1.000,-76.97,158.92,-13.50,OPEN,0
672433.993,1,0,0,1.000,1.000,1.000,-77.22,159.17,-13.50,OPEN,0
672433.997,1,0,0,1.000,1.000,1.000,-77.45,159.40,-13.50,OPEN,0
672434.001,1,0,0,1.000,1.000,1.000,-77.68,159.63,-13.50,OPEN,0
672434.005,1,0,0,1.000,1.000,1.000,-77.90,159.85,-13.50,OPEN,0
672434.009,1,0,0,1.000,1.000,1.000,-78.16,160.11,-13.50,OPEN,0
672434.013,1,0,0,1.000,1.000,1.000,-78.41,160.36,-13.50,OPEN,0
672434.017,1,0,0,1.000,1.000,1.000,-78.65,160.60,-13.50,OPEN,0
672434.022,1,0,0,1.000,1.000,1.000,-78.92,160.87,-13.50,OPEN,0
672434.026,1,0,0,1.000,1.000,1.000,-79.20,161.15,-13.50,OPEN,0
672434.030,1,0,0,1.000,1.000,1.000,-79.43,161.38,-13.50,OPEN,0
672434.034,1,0,0,1.000,1.000,1.000,-79.65,161.60,-9.00,OPEN,0
672434.038,1,0,0,1.000,1.000,1.000,-79.88,161.83,-9.00,OPEN,0
672434.042,1,0,0,1.000,1.000,1.000,-80.13,162.08,-9.00,OPEN,0
672434.046,1,0,0,1.000,1.000,1.000,-80.36,162.31,-9.00,OPEN,0
672434.049,1,0,0,1.000,1.000,1.000,-80.58,162.53,-9.00,OPEN,0
672434.053,1,0,0,1.000,1.000,1.000,-80.80,162.75,-9.00,OPEN,0
672434.057,1,0,0,1.000,1.000,1.000,-81.03,162.98,-9.00,OPEN,0
672434.061,1,0,0,1.000,1.000,1.000,-81.26,163.21,-9.00,OPEN,0
672434.065,1,0,0,1.000,1.000,1.000,-81.51,163.46,-9.00,OPEN,0
672434.069,1,0,0,1.000,1.000,1.000,-81.73,163.68,-9.00,OPEN,0
672434.072,1,0,0,1.000,1.000,1.000,-81.95,163.90,-9.00,OPEN,1
672434.076,1,0,0,1.000,1.000,1.000,-82.19,164.14,-9.00,OPEN,0
672434.080,1,0,0,0.997,1.000,1.000,-82.41,164.37,-9.00,OPEN,0
672434.084,1,0,0,0.895,1.000,1.000,-82.65,164.60,-9.00,OPEN,0
672434.088,1,0,0,0.950,1.000,1.000,-82.87,164.83,-9.00,OPEN,0
672434.092,1,0,0,1.000,1.000,1.000,-83.12,165.07,-9.00,OPEN,0
672434.096,1,0,0,1.000,1.000,1.000,-83.36,165.31,-9.00,OPEN,0
672434.100,1,0,0,1.000,1.000,1.000,-83.59,165.54,-9.00,OPEN,0
672434.104,1,0,0,1.000,1.000,1.000,-83.83,165.78,-9.00,OPEN,0
672434.108,1,0,0,1.000,1.000,1.000,-84.07,166.02,-9.00,OPEN,0
672434.112,0,0,0,1.000,1.000,1.000,-84.31,166.26,-9.00,OPEN,0
672434.116,0,0,0,1.000,1.000,1.000,-84.59,166.54,-9.00,OPEN,0
672434.120,0,0,0,1.000,1.000,1.000,-84.84,166.79,-9.00,OPEN,0
672434.124,0,0,0,1.000,1.000,1.000,-85.08,167.03,-9.00,OPEN,0
672434.129,0,0,0,1.000,1.000,1.000,-85.37,167.32,-9.00,OPEN,0
672434.134,0,0,0,1.000,1.000,1.000,-85.66,167.61,-9.00,OPEN,0
672434.138,0,0,0,1.000,1.000,1.000,-85.89,167.84,-9.00,OPEN,0
672434.142,0,0,0,1.000,1.000,1.000,-86.14,168.09,-9.00,OPEN,0
672434.146,0,0,0,1.000,1.000,1.000,-86.38,168.33,-9.00,OPEN,0
672434.150,0,0,0,1.000,1.000,1.000,-86.62,168.57,-9.00,OPEN,0
672434.154,0,0,0,1.000,1.000,1.000,-86.87,168.82,-9.00,OPEN,0
672434.158,0,0,0,1.000,1.000,1.000,-87.10,169.05,-9.00,OPEN,0
672434.163,0,0,0,1.000,1.000,1.000,-87.39,169.34,-9.00,OPEN,0
672434.167,0,0,0,1.000,1.000,1.000,-87.65,169.60,-9.00,OPEN,0
672434.171,0,0,0,1.000,1.000,1.000,-87.87,169.82,-9.00,OPEN,0
672434.175,0,0,0,1.000,1.000,1.000,-88.10,170.05,-9.00,OPEN,1
672434.179,0,0,0,1.000,1.000,1.000,-88.35,170.30,-9.00,OPEN,0
672434.183,0,0,0,1.000,1.000,1.000,-88.60,170.55,-9.00,OPEN,0
672434.187,0,0,0,1.000,1.000,1.000,-88.85,170.80,-9.00,OPEN,0
672434.191,0,0,0,1.000,1.000,1.000,-89.10,171.05,-9.00,OPEN,0
672434.196,0,0,0,1.000,1.000,1.000,-89.36,171.31,-9.00,OPEN,0
672434.200,0,0,0,1.000,1.000,1.000,-89.60,171.55,-9.00,OPEN,0
672434.204,0,0,0,1.000,1.000,1.000,-89.84,171.79,-9.00,OPEN,0
672434.207,0,0,0,1.000,1.000,1.000,-90.00,172.01,-9.00,OPEN,0
672434.211,0,0,0,1.000,1.000,1.000,-90.00,172.24,-9.00,OPEN,0
672434.215,0,0,0,1.000,1.000,1.000,-90.00,172.46,-9.00,OPEN,0
672434.219,0,0,0,1.000,1.000,1.000,-90.00,172.69,-9.00,OPEN,0
672434.223,0,0,0,1.000,1.000,1.000,-90.00,172.92,-9.00,OPEN,0
672434.226,0,0,0,1.000,1.000,1.000,-90.00,173.15,-9.00,OPEN,0
672434.231,0,0,0,1.000,1.000,1.000,-90.00,173.40,-9.00,OPEN,0
672434.235,0,0,0,1.000,1.000,1.000,-90.00,173.65,-9.00,OPEN,0
672434.240,0,0,0,1.000,1.000,1.000,-90.00,173.97,-9.00,OPEN,0
672434.244,0,0,0,1.000,1.000,1.000,-90.00,174.23,-9.00,OPEN,0
672434.249,0,0,0,1.000,1.000,1.000,-90.00,174.48,-9.00,OPEN,0
672434.253,0,0,0,1.000,1.000,1.000,-90.00,174.72,-9.00,OPEN,0
672434.256,0,0,0,1.000,1.000,1.000,-90.00,174.95,-9.00,OPEN,0
672434.261,0,0,0,1.000,1.000,1.000,-90.00,175.21,-9.00,OPEN,0
672434.265,0,0,0,1.000,1.000,1.000,-90.00,175.46,-9.00,OPEN,0
672434.269,0,0,0,1.000,1.000,1.000,-90.00,175.73,-9.00,OPEN,0
672434.274,0,0,0,1.000,1.000,1.000,-90.00,176.01,-9.00,OPEN,0
672434.278,0,0,0,1.000,1.000,1.000,-90.00,176.27,-9.00,OPEN,1
672434.283,0,0,0,1.000,1.000,1.000,-90.00,176.52,-9.00,OPEN,0
672434.287,0,0,0,1.000,1.000,1.000,-90.00,176.78,-9.00,OPEN,0
672434.291,0,0,0,1.000,1.000,1.000,-90.00,177.05,-9.00,OPEN,0
672434.296,0,0,0,1.000,1.000,1.000,-90.00,177.31,-9.00,OPEN,0
672434.300,0,0,0,1.000,1.000,1.000,-90.00,177.57,-9.00,OPEN,0
672434.304,0,0,0,1.000,1.000,1.000,-90.00,177.83,-9.00,OPEN,0
672434.309,0,0,0,1.000,1.000,1.000,-90.00,178.09,-9.00,OPEN,0
672434.313,0,0,0,1.000,1.000,1.000,-90.00,178.34,-9.00,OPEN,0
672434.317,0,0,0,1.000,1.000,1.000,-90.00,178.60,-9.00,OPEN,0
672434.321,0,0,0,1.000,1.000,1.000,-90.00,178.85,-9.00,OPEN,0
672434.326,0,0,0,1.000,1.000,1.000,-90.00,179.10,-9.00,OPEN,0
672434.329,0,0,0,1.000,1.000,1.000,-90.00,179.33,-9.00,OPEN,0
672434.333,0,0,0,1.000,1.000,1.000,-90.00,179.56,-9.00,OPEN,0
672434.337,0,0,0,1.000,1.000,1.000,-90.00,179.80,-9.00,OPEN,0
672434.341,0,0,0,1.000,1.000,1.000,-90.00,180.00,-9.00,OPEN,0
672434.345,0,0,0,1.000,1.000,1.000,-90.00,180.00,-9.00,OPEN,0
672434.348,0,0,0,1.000,1.000,1.000,-90.00,180.00,-9.00,OPEN,0
672434.352,0,0,0,1.000,1.000,1.000,-90.00,180.00,-9.00,OPEN,0
672434.356,0,0,0,1.000,1.000,1.000,-90.00,180.00,-9.00,OPEN,0
672434.360,0,0,0,1.000,1.000,1.000,-90.00,180.00,-9.00,OPEN,0
672434.366,0,0,0,1.000,1.000,1.000,-90.00,180.00,-9.00,OPEN,0
672434.372,0,0,0,1.000,1.000,1.000,-90.00,180.00,-9.00,OPEN,0
672434.376,0,0,0,1.000,1.000,1.000,-90.00,180.00,-9.00,OPEN,0
672434.380,0,0,0,1.000,1.000,1.000,-90.00,180.00,-9.00,OPEN,1
672434.385,0,0,0,1.000,1.000,1.000,-90.00,180.00,-9.00,OPEN,0
672434.389,0,0,0,1.000,1.000,1.000,-90.00,180.00,-9.00,OPEN,0
672434.393,0,0,0,1.000,1.000,1.000,-90.00,180.00,-9.00,OPEN,0
672434.396,0,0,0,1.000,1.000,1.000,-90.00,180.00,-9.00,OPEN,0
672434.401,0,0,0,1.000,1.000,1.000,-90.00,180.00,-9.00,OPEN,0
672434.405,0,0,0,1.000,1.000,1.000,-90.00,180.00,-9.00,OPEN,0
672434.408,0,0,0,1.000,1.000,1.000,-90.00,180.00,-9.00,OPEN,0
672434.412,0,0,0,1.000,1.000,1.000,-90.00,180.00,-9.00,OPEN,0
672434.416,0,0,0,1.000,1.000,1.000,-90.00,180.00,-9.00,OPEN,0
672434.420,0,0,0,1.000,1.000,1.000,-90.00,180.00,-9.00,OPEN,0
672434.424,0,0,0,1.000,1.000,1.000,-90.00,180.00,-9.00,OPEN,0
672434.428,0,0,0,1.000,1.000,1.000,-90.00,180.00,-9.00,OPEN,0
672434.432,0,0,0,1.000,1.000,1.000,-90.00,180.00,-9.00,OPEN,0
672434.436,0,0,0,1.000,1.000,1.000,-90.00,180.00,-9.00,OPEN,0
672434.439,0,0,0,1.000,1.000,1.000,-90.00,180.00,-9.00,OPEN,0
672434.443,0,0,0,1.000,1.000,1.000,-90.00,180.00,-9.00,OPEN,0
672434.447,0,0,0,1.000,1.000,1.000,-90.00,180.00,-9.00,OPEN,0
672434.451,0,0,0,1.000,1.000,1.000,-90.00,180.00,-9.00,OPEN,0
672434.456,0,0,0,1.000,1.000,1.000,-90.00,180.00,-9.00,OPEN,0
672434.461,0,0,0,1.000,1.000,1.000,-90.00,180.00,-9.00,OPEN,0
672434.465,0,0,0,1.000,1.000,1.000,-90.00,180.00,-9.00,OPEN,0
672434.469,0,0,0,1.000,1.000,1.000,-90.00,180.00,-9.00,OPEN,0
672434.473,0,0,0,1.000,1.000,1.000,-90.00,180.00,-9.00,OPEN,0
672434.477,0,0,0,1.000,1.000,1.000,-90.00,180.00,-9.00,OPEN,0
672434.481,0,0,0,1.000,1.000,1.000,-90.00,180.00,-9.00,OPEN,0
672434.485,0,0,0,1.000,1.000,1.000,-90.00,180.00,-9.00,OPEN,0
672434.489,0,0,0,1.000,1.000,1.000,-90.00,180.00,-9.00,OPEN,0
672434.493,0,0,0,1.000,1.000,1.000,-90.00,180.00,-9.00,OPEN,0
672434.497,0,0,0,1.000,1.000,1.000,-90.00,180.00,-9.00,OPEN,0
672434.500,0,0,0,1.000,1.000,1.000,-90.00,180.00,-9.00,OPEN,0
672434.504,0,0,0,1.000,1.000,1.000,-90.00,180.00,-9.00,OPEN,0
672434.508,0,0,0,1.000,1.000,1.000,-90.00,180.00,-9.00,OPEN,0
672434.512,0,0,0,1.000,1.000,1.000,-90.00,180.00,-9.00,OPEN,0
672434.516,0,0,0,1.000,1.000,1.000,-90.00,180.00,-9.00,OPEN,0
672434.520,0,0,0,1.000,1.000,1.000,-90.00,180.00,-9.00,OPEN,0
672434.524,0,0,0,1.000,1.000,1.000,-90.00,180.00,-9.00,OPEN,0
672434.528,0,0,0,1.000,1.000,1.000,-90.00,180.00,-9.00,OPEN,0
672434.532,0,0,0,1.000,1.000,1.000,-90.00,180.00,-9.00,OPEN,0
672434.536,0,0,0,1.000,1.000,1.000,-90.00,180.00,-9.00,OPEN,0
672434.540,0,0,0,1.000,1.000,1.000,-90.00,180.00,-9.00,OPEN,0
672434.544,0,0,0,1.000,1.000,1.000,-90.00,180.00,-9.00,OPEN,0
672434.548,0,0,0,1.000,1.000,1.000,-90.00,180.00,-9.00,OPEN,0
672434.552,0,0,0,1.000,1.000,1.000,-90.00,180.00,-9.00,OPEN,0
672434.556,0,0,0,1.000,1.000,1.000,-90.00,180.00,-9.00,OPEN,0
672434.560,0,0,0,1.000,1.000,1.000,-90.00,180.00,-9.00,OPEN,0
672434.564,0,0,0,1.000,1.000,1.000,-90.00,180.00,-9.00,OPEN,0
672434.571,0,0,0,1.000,1.000,1.000,-90.00,180.00,-9.00,OPEN,0
672434.577,0,0,0,1.000,1.000,1.000,-90.00,180.00,-9.00,OPEN,0
672434.583,0,0,0,1.000,1.000,1.000,-90.00,180.00,-9.00,OPEN,0
672434.591,0,0,0,1.000,1.000,1.000,-90.00,180.00,-9.00,OPEN,0
672434.596,0,0,0,1.000,1.000,1.000,-90.00,180.00,-9.00,OPEN,0
672434.602,0,0,0,1.000,1.000,1.000,-90.00,180.00,-9.00,OPEN,0
672434.607,0,0,0,1.000,1.000,1.000,-90.00,180.00,-9.00,OPEN,0
672434.612,0,0,0,1.000,1.000,1.000,-90.00,180.00,-9.00,OPEN,0
672434.616,0,0,0,1.000,1.000,1.000,-90.00,180.00,-9.00,OPEN,0
672434.620,0,0,0,1.000,1.000,1.000,-90.00,180.00,-9.00,OPEN,0
672434.624,0,0,0,1.000,1.000,1.000,-90.00,180.00,-9.00,OPEN,0
672434.628,0,0,0,1.000,1.000,1.000,-90.00,180.00,-9.00,OPEN,0
672434.631,0,0,0,1.000,1.000,1.000,-90.00,180.00,-9.00,OPEN,0
672434.636,0,0,0,1.000,1.000,1.000,-90.00,180.00,-9.00,OPEN,0
672434.640,0,0,0,1.000,1.000,1.000,-90.00,180.00,-9.00,OPEN,0
672434.644,0,0,0,1.000,1.000,1.000,-90.00,180.00,-9.00,OPEN,0
672434.648,0,0,0,1.000,1.000,1.000,-90.00,180.00,-9.00,OPEN,0
672434.651,0,0,0,1.000,1.000,1.000,-90.00,180.00,-9.00,OPEN,0
672434.655,0,0,0,1.000,1.000,1.000,-90.00,180.00,-9.00,OPEN,0
672434.660,0,0,0,1.000,1.000,1.000,-90.00,180.00,-9.00,OPEN,0
672434.664,0,0,0,1.000,1.000,1.000,-90.00,180.00,-9.00,OPEN,0
672434.668,0,0,0,1.000,1.000,1.000,-90.00,180.00,-9.00,OPEN,0
672434.673,0,0,0,1.000,1.000,1.000,-90.00,180.00,-9.00,OPEN,0
672434.677,0,0,0,1.000,1.000,1.000,-90.00,180.00,-9.00,OPEN,0
672434.681,0,0,0,1.000,1.000,1.000,-90.00,180.00,-9.00,OPEN,0
672434.685,0,0,0,1.000,1.000,1.000,-90.00,180.00,-9.00,OPEN,0
672434.690,0,0,0,1.000,1.000,1.000,-90.00,180.00,-9.00,OPEN,0
672434.696,0,0,0,1.000,1.000,1.000,-90.00,180.00,-9.00,OPEN,0
672434.700,0,0,0,1.000,1.000,1.000,-90.00,180.00,-9.00,OPEN,0
672434.704,0,0,0,0.998,1.000,1.000,-90.00,180.00,-9.00,OPEN,0
672434.707,0,0,0,0.796,1.000,1.000,-90.00,180.00,-9.00,OPEN,0
672434.711,0,0,0,0.942,1.000,1.000,-90.00,180.00,-9.00,OPEN,0
672434.715,0,0,0,0.995,1.000,1.000,-90.00,180.00,-9.00,OPEN,0
672434.719,0,0,0,1.000,1.000,1.000,-90.00,180.00,-9.00,OPEN,0
672434.722,0,0,0,1.000,1.000,1.000,-90.00,180.00,-9.00,OPEN,0
672434.726,0,0,0,1.000,1.000,1.000,-90.00,180.00,-9.00,OPEN,0
672434.730,0,0,0,1.000,1.000,1.000,-90.00,180.00,-9.00,OPEN,0
672434.734,0,0,0,1.000,1.000,1.000,-90.00,180.00,-9.00,OPEN,0
672434.738,2,0,0,1.000,1.000,1.000,-90.00,180.00,-13.50,OPEN,1
672434.742,2,0,0,1.000,1.000,1.000,-90.00,180.00,-13.50,OPEN,0
672434.746,2,0,0,1.000,1.000,1.000,-90.00,180.00,-13.50,OPEN,0
672434.750,2,0,0,1.000,1.000,1.000,-90.00,180.00,-13.50,OPEN,0
672434.754,2,0,0,1.000,1.000,1.000,-90.00,180.00,-13.50,OPEN,0
672434.758,2,0,0,1.000,1.000,1.000,-90.00,180.00,-13.50,OPEN,0
672434.762,2,0,0,1.000,1.000,1.000,-90.00,180.00,-13.50,OPEN,0
672434.766,2,0,0,1.000,1.000,1.000,-90.00,180.00,-13.50,OPEN,0
672434.770,2,0,0,1.000,1.000,1.000,-90.00,180.00,-13.50,OPEN,0
672434.774,2,0,0,1.000,1.000,1.000,-90.00,180.00,-13.50,OPEN,0
672434.778,2,0,0,1.000,1.000,1.000,-90.00,180.00,-13.50,OPEN,0
672434.782,2,0,0,1.000,1.000,1.000,-90.00,180.00,-13.50,OPEN,0
672434.786,2,0,0,1.000,1.000,1.000,-90.00,180.00,-13.50,OPEN,0
672434.790,2,0,0,1.000,1.000,1.000,-90.00,180.00,-13.50,OPEN,0
672434.794,2,0,0,1.000,1.000,1.000,-90.00,180.00,-13.50,OPEN,0
672434.798,2,0,0,1.000,1.000,1.000,-90.00,180.00,-13.50,OPEN,0
672434.803,2,0,0,1.000,1.000,1.000,-90.00,180.00,-13.50,OPEN,0
672434.808,2,0,0,1.000,1.000,1.000,-90.00,180.00,-13.50,OPEN,0
672434.811,2,0,0,1.000,1.000,1.000,-90.00,180.00,-13.50,OPEN,0
672434.816,2,0,0,1.000,1.000,1.000,-90.00,180.00,-13.50,OPEN,0
672434.820,2,0,0,1.000,1.000,1.000,-90.00,180.00,-13.50,OPEN,0
672434.824,2,0,0,1.000,1.000,1.000,-90.00,180.00,-13.50,OPEN,0
672434.829,2,0,0,1.000,1.000,1.000,-90.00,180.00,-13.50,OPEN,0
672434.834,2,0,0,1.000,1.000,1.000,-90.00,180.00,-13.50,OPEN,0
672434.839,2,0,0,1.000,1.000,1.000,-90.00,180.00,-18.00,OPEN,1
672434.844,2,0,0,1.000,1.000,1.000,-90.00,180.00,-18.00,OPEN,0
672434.848,2,0,0,1.000,1.000,1.000,-90.00,180.00,-18.00,OPEN,0
672434.852,2,0,0,1.000,1.000,1.000,-90.00,180.00,-18.00,OPEN,0
672434.857,2,0,0,1.000,1.000,1.000,-90.00,180.00,-18.00,OPEN,0
672434.860,2,0,0,1.000,1.000,1.000,-90.00,180.00,-18.00,OPEN,0
672434.865,2,0,0,1.000,1.000,1.000,-90.00,180.00,-18.00,OPEN,0
672434.869,2,0,0,1.000,1.000,1.000,-90.00,180.00,-18.00,OPEN,0
672434.872,2,0,0,1.000,1.000,1.000,-90.00,180.00,-18.00,OPEN,0
672434.876,2,0,0,1.000,1.000,1.000,-90.00,180.00,-18.00,OPEN,0
672434.880,2,0,0,1.000,1.000,1.000,-90.00,180.00,-18.00,OPEN,0
672434.885,2,0,0,1.000,1.000,1.000,-90.00,180.00,-18.00,OPEN,0
672434.889,2,0,0,1.000,1.000,1.000,-90.00,180.00,-18.00,OPEN,0
672434.892,2,0,0,1.000,1.000,1.000,-90.00,180.00,-18.00,OPEN,0
672434.896,2,0,0,1.000,1.000,1.000,-90.00,180.00,-18.00,OPEN,0
672434.900,2,0,0,1.000,1.000,1.000,-90.00,180.00,-18.00,OPEN,0
672434.904,2,0,0,1.000,1.000,1.000,-90.00,180.00,-18.00,OPEN,0
672434.908,2,0,0,1.000,1.000,1.000,-90.00,180.00,-18.00,OPEN,0
672434.912,2,0,0,1.000,1.000,1.000,-90.00,180.00,-18.00,OPEN,0
672434.915,2,0,0,1.000,1.000,1.000,-90.00,180.00,-18.00,OPEN,0
672434.920,2,0,0,1.000,1.000,1.000,-90.00,180.00,-18.00,OPEN,0
672434.924,2,0,0,1.000,1.000,1.000,-90.00,180.00,-18.00,OPEN,0
672434.930,2,0,0,1.000,1.000,1.000,-90.00,180.00,-18.00,OPEN,0
672434.934,2,0,0,1.000,1.000,1.000,-90.00,180.00,-18.00,OPEN,0
672434.938,2,0,0,1.000,1.000,1.000,-90.00,180.00,-18.00,OPEN,0
672434.942,2,0,0,1.000,1.000,1.000,-90.00,180.00,-22.50,OPEN,1
672434.947,2,0,0,1.000,1.000,1.000,-90.00,180.00,-22.50,OPEN,0
672434.951,2,0,0,1.000,1.000,1.000,-90.00,180.00,-22.50,OPEN,0
672434.955,2,0,0,1.000,1.000,1.000,-90.00,180.00,-22.50,OPEN,0
672434.960,2,0,0,1.000,1.000,1.000,-90.00,180.00,-22.50,OPEN,0
672434.964,2,0,0,1.000,1.000,1.000,-90.00,180.00,-22.50,OPEN,0
672434.969,2,0,0,1.000,1.000,1.000,-90.00,180.00,-22.50,OPEN,0
672434.973,2,0,0,1.000,1.000,1.000,-90.00,180.00,-22.50,OPEN,0
672434.977,2,0,0,1.000,1.000,1.000,-90.00,180.00,-22.50,OPEN,0
672434.982,2,0,0,1.000,1.000,1.000,-90.00,180.00,-22.50,OPEN,0
672434.986,2,0,0,1.000,1.000,1.000,-90.00,180.00,-22.50,OPEN,0
672434.990,2,0,0,1.000,1.000,1.000,-90.00,180.00,-22.50,OPEN,0
672434.994,2,0,0,1.000,1.000,1.000,-90.00,180.00,-22.50,OPEN,0
672434.999,2,0,0,1.000,1.000,1.000,-90.00,180.00,-22.50,OPEN,0
672435.003,2,0,0,1.000,1.000,1.000,-90.00,180.00,-22.50,OPEN,0
672435.008,2,0,0,1.000,1.000,1.000,-90.00,180.00,-22.50,OPEN,0
672435.012,2,0,0,1.000,1.000,1.000,-90.00,180.00,-22.50,OPEN,0
672435.017,2,0,0,1.000,1.000,1.000,-90.00,180.00,-22.50,OPEN,0
672435.022,2,0,0,1.000,1.000,1.000,-90.00,180.00,-22.50,OPEN,0
672435.027,2,0,0,1.000,1.000,1.000,-90.00,180.00,-22.50,OPEN,0
672435.031,2,0,0,1.000,1.000,1.000,-90.00,180.00,-22.50,OPEN,0
672435.035,2,0,0,1.000,1.000,1.000,-90.00,180.00,-22.50,OPEN,0
672435.038,2,0,0,1.000,1.000,1.000,-90.00,180.00,-22.50,OPEN,0
672435.042,2,0,0,1.000,1.000,1.000,-90.00,180.00,-22.50,OPEN,0
672435.045,2,0,0,1.000,1.000,1.000,-90.00,180.00,-27.00,OPEN,1
672435.049,2,0,0,1.000,1.000,1.000,-90.00,180.00,-27.00,OPEN,0
672435.053,2,0,0,1.000,1.000,1.000,-90.00,180.00,-27.00,OPEN,0
672435.057,2,0,0,1.000,1.000,1.000,-90.00,180.00,-27.00,OPEN,0
672435.061,2,0,0,1.000,1.000,1.000,-90.00,180.00,-27.00,OPEN,0
672435.065,2,0,0,1.000,1.000,1.000,-90.00,180.00,-27.00,OPEN,0
672435.069,2,0,0,1.000,1.000,1.000,-90.00,180.00,-27.00,OPEN,0
672435.073,2,0,0,1.000,1.000,1.000,-90.00,180.00,-27.00,OPEN,0
672435.077,2,0,0,1.000,1.000,1.000,-90.00,180.00,-27.00,OPEN,0
672435.081,2,0,0,1.000,1.000,1.000,-90.00,180.00,-27.00,OPEN,0
672435.085,2,0,0,1.000,1.000,1.000,-90.00,180.00,-27.00,OPEN,0
672435.090,2,0,0,1.000,1.000,1.000,-90.00,180.00,-27.00,OPEN,0
672435.095,2,0,0,1.000,1.000,1.000,-90.00,180.00,-27.00,OPEN,0
672435.099,2,0,0,1.000,1.000,1.000,-90.00,180.00,-27.00,OPEN,0
672435.103,2,0,0,1.000,1.000,1.000,-90.00,180.00,-27.00,OPEN,0
672435.106,2,0,0,1.000,1.000,1.000,-90.00,180.00,-27.00,OPEN,0
672435.110,2,0,0,1.000,1.000,1.000,-90.00,180.00,-27.00,OPEN,0
672435.114,2,0,0,1.000,1.000,1.000,-90.00,180.00,-27.00,OPEN,0
672435.117,2,0,0,1.000,1.000,1.000,-90.00,180.00,-27.00,OPEN,0
672435.121,2,0,0,1.000,1.000,1.000,-90.00,180.00,-27.00,OPEN,0
672435.125,2,0,0,1.000,1.000,1.000,-90.00,180.00,-27.00,OPEN,0
672435.129,2,0,0,1.000,1.000,1.000,-90.00,180.00,-27.00,OPEN,0
672435.132,2,0,0,1.000,1.000,1.000,-90.00,180.00,-27.00,OPEN,0
672435.136,2,0,0,1.000,1.000,1.000,-90.00,180.00,-27.00,OPEN,0
672435.140,2,0,0,1.000,1.000,1.000,-90.00,180.00,-27.00,OPEN,0
672435.145,2,0,0,1.000,1.000,1.000,-90.00,180.00,-27.00,OPEN,0
672435.150,2,0,0,1.000,1.000,1.000,-90.00,180.00,-31.50,OPEN,1
672435.154,2,0,0,1.000,1.000,1.000,-90.00,180.00,-31.50,OPEN,0
672435.158,2,0,0,1.000,1.000,1.000,-90.00,180.00,-31.50,OPEN,0
672435.163,2,0,0,1.000,1.000,1.000,-90.00,180.00,-31.50,OPEN,0
672435.168,2,0,0,1.000,1.000,1.000,-90.00,180.00,-31.50,OPEN,0
672435.172,2,0,0,1.000,1.000,1.000,-90.00,180.00,-31.50,OPEN,0
672435.177,2,0,0,1.000,1.000,1.000,-90.00,180.00,-31.50,OPEN,0
672435.183,2,0,0,1.000,1.000,1.000,-90.00,180.00,-31.50,OPEN,0
672435.187,2,0,0,1.000,1.000,1.000,-90.00,180.00,-31.50,OPEN,0
672435.191,2,0,0,1.000,1.000,1.000,-90.00,180.00,-31.50,OPEN,0
672435.195,2,0,0,1.000,1.000,1.000,-90.00,180.00,-31.50,OPEN,0
672435.199,2,0,0,1.000,1.000,1.000,-90.00,180.00,-31.50,OPEN,0
672435.203,2,0,0,1.000,1.000,1.000,-90.00,180.00,-31.50,OPEN,0
672435.207,2,0,0,1.000,1.000,1.000,-90.00,180.00,-31.50,OPEN,0
672435.211,2,0,0,1.000,1.000,1.000,-90.00,180.00,-31.50,OPEN,0
672435.215,2,0,0,1.000,1.000,1.000,-90.00,180.00,-31.50,OPEN,0
672435.219,2,0,0,1.000,1.000,1.000,-90.00,180.00,-31.50,OPEN,0
672435.223,2,0,0,0.998,1.000,1.000,-90.00,180.00,-31.50,OPEN,0
672435.228,2,0,0,0.972,1.000,1.000,-90.00,180.00,-31.50,OPEN,0
672435.232,2,0,0,0.864,1.000,1.000,-90.00,180.00,-31.50,OPEN,0
672435.237,2,0,0,0.589,1.000,1.000,-90.00,180.00,-31.50,OPEN,0
672435.241,2,0,0,0.649,1.000,1.000,-90.00,180.00,-31.50,OPEN,0
672435.246,2,0,0,0.770,1.000,1.000,-90.00,180.00,-31.50,OPEN,0
672435.250,2,0,0,0.784,1.000,1.000,-90.00,180.00,-36.00,OPEN,1
672435.256,2,0,0,0.769,1.000,1.000,-90.00,180.00,-36.00,OPEN,0
672435.260,2,0,0,0.931,1.000,1.000,-90.00,180.00,-36.00,OPEN,0
672435.264,2,0,0,0.999,1.000,1.000,-90.00,180.00,-36.00,OPEN,0
672435.269,2,0,0,1.000,1.000,1.000,-90.00,180.00,-36.00,OPEN,0
672435.272,2,0,0,1.000,1.000,1.000,-90.00,180.00,-36.00,OPEN,0
672435.276,2,0,0,1.000,1.000,1.000,-90.00,180.00,-36.00,OPEN,0
672435.280,2,0,0,1.000,1.000,1.000,-90.00,180.00,-36.00,OPEN,0
672435.284,2,0,0,1.000,1.000,1.000,-90.00,180.00,-36.00,OPEN,0
672435.288,0,0,0,1.000,1.000,1.000,-90.00,180.00,-36.00,OPEN,0
672435.293,0,0,0,1.000,1.000,1.000,-90.00,180.00,-36.00,OPEN,0
672435.297,0,0,0,1.000,1.000,1.000,-90.00,180.00,-36.00,OPEN,0
672435.301,0,0,0,1.000,1.000,1.000,-90.00,180.00,-36.00,OPEN,0
672435.306,0,0,0,1.000,1.000,1.000,-90.00,180.00,-36.00,OPEN,0
672435.310,0,0,0,1.000,1.000,1.000,-90.00,180.00,-36.00,OPEN,0
672435.315,0,0,0,1.000,1.000,1.000,-90.00,180.00,-36.00,OPEN,0
672435.319,0,0,0,1.000,1.000,1.000,-90.00,180.00,-36.00,OPEN,0
672435.323,0,0,0,1.000,1.000,1.000,-90.00,180.00,-36.00,OPEN,0
672435.327,0,0,0,1.000,1.000,1.000,-90.00,180.00,-36.00,OPEN,0
672435.331,0,0,0,1.000,1.000,1.000,-90.00,180.00,-36.00,OPEN,0
672435.335,0,0,0,1.000,1.000,1.000,-90.00,180.00,-36.00,OPEN,0
672435.339,0,0,0,1.000,1.000,1.000,-90.00,180.00,-36.00,OPEN,0
672435.343,0,0,0,1.000,1.000,1.000,-90.00,180.00,-36.00,OPEN,0
672435.348,0,0,0,1.000,1.000,1.000,-90.00,180.00,-36.00,OPEN,0
672435.352,0,0,0,1.000,1.000,1.000,-90.00,180.00,-36.00,OPEN,0
672435.357,0,0,0,1.000,1.000,1.000,-90.00,180.00,-36.00,OPEN,0
672435.361,0,0,0,1.000,1.000,1.000,-90.00,180.00,-36.00,OPEN,0
672435.366,0,0,0,1.000,1.000,1.000,-90.00,180.00,-36.00,OPEN,0
672435.371,0,0,0,1.000,1.000,1.000,-90.00,180.00,-36.00,OPEN,0
672435.375,0,0,0,1.000,1.000,1.000,-90.00,180.00,-36.00,OPEN,0
672435.379,0,0,0,1.000,1.000,1.000,-90.00,180.00,-36.00,OPEN,0
672435.383,0,0,0,1.000,1.000,1.000,-90.00,180.00,-36.00,OPEN,0
672435.387,0,0,0,1.000,1.000,1.000,-90.00,180.00,-36.00,OPEN,0
672435.391,0,0,0,1.000,1.000,1.000,-90.00,180.00,-36.00,OPEN,0
672435.395,0,0,0,1.000,1.000,1.000,-90.00,180.00,-36.00,OPEN,0
672435.398,0,0,0,1.000,1.000,1.000,-90.00,180.00,-36.00,OPEN,0
672435.402,0,0,0,1.000,1.000,1.000,-90.00,180.00,-36.00,OPEN,0
672435.406,0,0,0,1.000,1.000,1.000,-90.00,180.00,-36.00,OPEN,0
672435.410,0,0,0,1.000,1.000,1.000,-90.00,180.00,-36.00,OPEN,0
672435.414,0,0,0,1.000,1.000,1.000,-90.00,180.00,-36.00,OPEN,0
672435.418,0,0,0,1.000,1.000,1.000,-90.00,180.00,-36.00,OPEN,0
672435.422,0,0,0,1.000,1.000,1.000,-90.00,180.00,-36.00,OPEN,0
672435.426,0,0,0,1.000,1.000,1.000,-90.00,180.00,-36.00,OPEN,0
672435.429,0,0,0,1.000,1.000,1.000,-90.00,180.00,-36.00,OPEN,0
672435.434,0,0,0,1.000,1.000,1.000,-90.00,180.00,-36.00,OPEN,0
672435.438,0,0,0,1.000,1.000,1.000,-90.00,180.00,-36.00,OPEN,0
672435.441,0,0,0,1.000,1.000,1.000,-90.00,180.00,-36.00,OPEN,0
672435.445,0,0,0,1.000,1.000,1.000,-90.00,180.00,-36.00,OPEN,0
672435.448,0,0,0,1.000,1.000,1.000,-90.00,180.00,-36.00,OPEN,0
672435.453,0,0,0,1.000,1.000,1.000,-90.00,180.00,-36.00,OPEN,0
672435.458,0,0,0,1.000,1.000,1.000,-90.00,180.00,-36.00,OPEN,0
672435.464,0,0,0,1.000,1.000,1.000,-90.00,180.00,-36.00,OPEN,0
672435.469,0,0,0,1.000,1.000,1.000,-90.00,180.00,-36.00,OPEN,0
672435.475,0,0,0,1.000,1.000,1.000,-90.00,180.00,-36.00,OPEN,0
672435.481,0,0,0,1.000,1.000,1.000,-90.00,180.00,-36.00,OPEN,0
672435.487,0,0,0,1.000,1.000,1.000,-90.00,180.00,-36.00,OPEN,0
672435.491,0,0,0,1.000,1.000,1.000,-90.00,180.00,-36.00,OPEN,0
672435.495,0,0,0,1.000,1.000,1.000,-90.00,180.00,-36.00,OPEN,0
672435.499,0,0,0,1.000,1.000,1.000,-90.00,180.00,-36.00,OPEN,0
672435.503,0,0,0,1.000,1.000,1.000,-90.00,180.00,-36.00,OPEN,0
672435.507,0,0,0,1.000,1.000,1.000,-90.00,180.00,-36.00,OPEN,0
672435.511,0,0,0,1.000,1.000,1.000,-90.00,180.00,-36.00,OPEN,0
672435.515,0,0,0,1.000,1.000,1.000,-90.00,180.00,-36.00,OPEN,0
672435.519,0,0,0,1.000,1.000,1.000,-90.00,180.00,-36.00,OPEN,0
672435.523,0,0,0,1.000,1.000,1.000,-90.00,180.00,-36.00,OPEN,0
672435.527,0,0,0,1.000,1.000,1.000,-90.00,180.00,-36.00,OPEN,0
672435.531,0,0,0,1.000,1.000,1.000,-90.00,180.00,-36.00,OPEN,0
672435.535,0,0,0,1.000,1.000,1.000,-90.00,180.00,-36.00,OPEN,0
672435.540,0,0,0,1.000,1.000,1.000,-90.00,180.00,-36.00,OPEN,0
672435.544,0,0,0,1.000,1.000,1.000,-90.00,180.00,-36.00,OPEN,0
672435.547,0,0,0,1.000,1.000,1.000,-90.00,180.00,-36.00,OPEN,0
672435.551,0,0,0,1.000,1.000,1.000,-90.00,180.00,-36.00,OPEN,0
672435.555,0,0,0,1.000,1.000,1.000,-90.00,180.00,-36.00,OPEN,0
672435.559,0,0,0,1.000,1.000,1.000,-90.00,180.00,-36.00,OPEN,0
672435.564,0,0,0,1.000,1.000,1.000,-90.00,180.00,-36.00,OPEN,0
672435.569,0,0,0,1.000,1.000,1.000,-90.00,180.00,-36.00,OPEN,0
672435.573,0,0,0,1.000,1.000,1.000,-90.00,180.00,-36.00,OPEN,0
672435.577,0,0,0,1.000,1.000,1.000,-90.00,180.00,-36.00,OPEN,0
672435.586,0,0,0,1.000,1.000,1.000,-90.00,180.00,-36.00,OPEN,0
672435.598,0,0,0,1.000,1.000,1.000,-90.00,180.00,-36.00,OPEN,0
672435.608,0,0,0,1.000,1.000,1.000,-90.00,180.00,-36.00,OPEN,0
672435.619,0,0,0,1.000,1.000,1.000,-90.00,180.00,-36.00,OPEN,0
672435.625,0,0,0,1.000,1.000,1.000,-90.00,180.00,-36.00,OPEN,0
672435.631,0,0,0,1.000,1.000,1.000,-90.00,180.00,-36.00,OPEN,0
672435.639,0,0,0,1.000,1.000,1.000,-90.00,180.00,-36.00,OPEN,0
672435.644,0,0,0,1.000,1.000,1.000,-90.00,180.00,-36.00,OPEN,0
672435.648,0,0,0,1.000,1.000,1.000,-90.00,180.00,-36.00,OPEN,0
672435.653,0,0,0,1.000,1.000,1.000,-90.00,180.00,-36.00,OPEN,0
672435.657,0,0,0,1.000,1.000,1.000,-90.00,180.00,-36.00,OPEN,0
672435.661,0,0,0,1.000,1.000,1.000,-90.00,180.00,-36.00,OPEN,0
672435.665,0,0,0,1.000,1.000,1.000,-90.00,180.00,-36.00,OPEN,0
672435.668,0,0,0,1.000,1.000,1.000,-90.00,180.00,-36.00,OPEN,0
672435.672,0,0,0,1.000,1.000,1.000,-90.00,180.00,-36.00,OPEN,0
672435.675,0,0,0,1.000,1.000,1.000,-90.00,180.00,-36.00,OPEN,0
672435.679,0,0,0,1.000,1.000,1.000,-90.00,180.00,-36.00,OPEN,0
672435.683,0,0,0,1.000,1.000,1.000,-90.00,180.00,-36.00,OPEN,0
672435.687,0,0,0,1.000,1.000,1.000,-90.00,180.00,-36.00,OPEN,0
672435.695,0,0,0,1.000,1.000,1.000,-90.00,180.00,-36.00,OPEN,0
672435.701,0,0,0,1.000,1.000,1.000,-90.00,180.00,-36.00,OPEN,0
672435.706,0,0,0,1.000,1.000,1.000,-90.00,180.00,-36.00,OPEN,0
672435.712,0,0,0,1.000,1.000,1.000,-90.00,180.00,-36.00,OPEN,0
672435.716,0,0,0,1.000,1.000,1.000,-90.00,180.00,-36.00,OPEN,0
672435.721,0,0,0,1.000,1.000,1.000,-90.00,180.00,-36.00,OPEN,0
672435.725,0,0,0,1.000,1.000,1.000,-90.00,180.00,-36.00,OPEN,0
672435.730,0,0,0,1.000,1.000,1.000,-90.00,180.00,-36.00,OPEN,0
672435.734,0,0,0,1.000,1.000,1.000,-90.00,180.00,-36.00,OPEN,0
672435.737,0,0,0,1.000,1.000,1.000,-90.00,180.00,-36.00,OPEN,0
672435.742,0,0,0,1.000,1.000,1.000,-90.00,180.00,-36.00,OPEN,0
672435.746,0,0,0,1.000,1.000,1.000,-90.00,180.00,-36.00,OPEN,0
672435.750,0,0,0,1.000,1.000,1.000,-90.00,180.00,-36.00,OPEN,0
672435.754,0,0,0,1.000,1.000,1.000,-90.00,180.00,-36.00,OPEN,0
672435.760,0,0,0,1.000,1.000,1.000,-90.00,180.00,-36.00,OPEN,0
672435.765,0,0,0,1.000,1.000,1.000,-90.00,180.00,-36.00,OPEN,0
672435.770,0,0,0,1.000,1.000,1.000,-90.00,180.00,-36.00,OPEN,0
672435.775,0,0,0,1.000,1.000,1.000,-90.00,180.00,-36.00,OPEN,0
672435.780,0,0,0,1.000,1.000,1.000,-90.00,180.00,-36.00,OPEN,0
672435.785,0,0,0,1.000,1.000,1.000,-90.00,180.00,-36.00,OPEN,0
672435.791,0,0,0,1.000,1.000,1.000,-90.00,180.00,-36.00,OPEN,0
672435.796,0,0,0,1.000,1.000,1.000,-90.00,180.00,-36.00,OPEN,0
672435.800,0,0,0,1.000,1.000,1.000,-90.00,180.00,-36.00,OPEN,0
672435.804,0,0,0,1.000,1.000,1.000,-90.00,180.00,-36.00,OPEN,0
672435.808,0,0,0,1.000,1.000,1.000,-90.00,180.00,-36.00,OPEN,0
672435.812,0,0,0,1.000,1.000,1.000,-90.00,180.00,-36.00,OPEN,0
672435.817,0,0,0,1.000,1.000,1.000,-90.00,180.00,-36.00,OPEN,0
672435.822,0,0,0,1.000,1.000,1.000,-90.00,180.00,-36.00,OPEN,0
672435.826,0,0,0,1.000,1.000,1.000,-90.00,180.00,-36.00,OPEN,0
672435.830,0,0,0,1.000,1.000,1.000,-90.00,180.00,-36.00,OPEN,0
672435.834,0,0,0,1.000,1.000,1.000,-90.00,180.00,-36.00,OPEN,0
672435.838,0,0,0,1.000,1.000,1.000,-90.00,180.00,-36.00,OPEN,0
672435.843,0,0,0,1.000,1.000,1.000,-90.00,180.00,-36.00,OPEN,0
672435.848,0,0,0,1.000,1.000,1.000,-90.00,180.00,-36.00,OPEN,0
672435.853,0,0,0,1.000,1.000,1.000,-90.00,180.00,-36.00,OPEN,0
672435.859,0,0,0,1.000,1.000,1.000,-90.00,180.00,-36.00,OPEN,0
672435.863,0,0,0,0.999,1.000,1.000,-90.00,180.00,-36.00,OPEN,0
672435.867,0,0,0,0.997,1.000,1.000,-90.00,180.00,-36.00,OPEN,0
672435.872,0,0,0,0.957,1.000,1.000,-90.00,180.00,-36.00,OPEN,0
672435.876,0,0,0,0.839,1.000,1.000,-90.00,180.00,-36.00,OPEN,0
672435.880,0,0,0,0.761,1.000,1.000,-90.00,180.00,-36.00,OPEN,0
672435.884,0,0,0,0.932,1.000,1.000,-90.00,180.00,-36.00,OPEN,0
672435.888,0,0,0,0.938,1.000,1.000,-90.00,180.00,-36.00,OPEN,0
672435.893,0,0,0,0.904,1.000,1.000,-90.00,180.00,-36.00,OPEN,0
672435.897,0,0,0,0.869,1.000,1.000,-90.00,180.00,-36.00,OPEN,0
672435.902,0,0,0,0.896,1.000,1.000,-90.00,180.00,-36.00,OPEN,0
672435.906,0,0,0,0.931,1.000,1.000,-90.00,180.00,-36.00,OPEN,0
672435.911,0,0,0,0.961,1.000,1.000,-90.00,180.00,-36.00,OPEN,0
672435.914,3,0,0,0.988,1.000,1.000,-90.00,180.00,-36.00,CLOSED,0
672435.918,3,0,0,0.994,1.000,1.000,-90.00,180.00,-36.00,CLOSED,0
672435.923,3,0,0,0.997,1.000,1.000,-90.00,180.00,-36.00,CLOSED,0
672435.927,3,0,0,0.998,1.000,1.000,-90.00,180.00,-36.00,CLOSED,0
672435.930,3,0,0,0.999,1.000,1.000,-90.00,180.00,-36.00,CLOSED,0
672435.934,3,0,0,0.999,1.000,1.000,-90.00,180.00,-36.00,CLOSED,0
672435.938,3,0,0,0.999,1.000,1.000,-90.00,180.00,-36.00,CLOSED,0
672435.942,3,0,0,1.000,1.000,1.000,-90.00,180.00,-36.00,CLOSED,0
672435.946,3,0,0,1.000,1.000,1.000,-90.00,180.00,-36.00,CLOSED,0
672435.949,3,0,0,1.000,1.000,1.000,-90.00,180.00,-36.00,CLOSED,0
672435.953,3,0,0,1.000,1.000,1.000,-90.00,180.00,-36.00,CLOSED,0
672435.958,3,0,0,1.000,1.000,1.000,-90.00,180.00,-36.00,CLOSED,0
672435.962,3,0,0,1.000,1.000,1.000,-90.00,180.00,-36.00,CLOSED,0
672435.966,3,0,0,1.000,1.000,1.000,-90.00,180.00,-36.00,CLOSED,0
672435.970,3,0,0,1.000,1.000,1.000,-90.00,180.00,-36.00,CLOSED,0
672435.974,3,0,0,1.000,1.000,1.000,-90.00,180.00,-36.00,CLOSED,0
672435.979,3,0,0,1.000,1.000,1.000,-90.00,180.00,-36.00,CLOSED,0
672435.983,3,0,0,1.000,1.000,1.000,-90.00,180.00,-36.00,CLOSED,0
672435.987,3,0,0,1.000,1.000,1.000,-90.00,180.00,-36.00,CLOSED,0
672435.990,3,0,0,1.000,1.000,1.000,-90.00,180.00,-36.00,CLOSED,0
672435.994,3,0,0,1.000,1.000,1.000,-90.00,180.00,-36.00,CLOSED,0
672435.998,3,0,0,1.000,1.000,1.000,-90.00,180.00,-36.00,CLOSED,0
672436.002,3,0,0,1.000,1.000,1.000,-90.00,180.00,-36.00,CLOSED,0
672436.006,3,0,0,1.000,1.000,1.000,-90.00,180.00,-36.00,CLOSED,0
672436.010,3,0,0,1.000,1.000,1.000,-90.00,180.00,-36.00,CLOSED,0
672436.014,3,0,0,1.000,1.000,1.000,-90.00,180.00,-36.00,CLOSED,0
672436.018,3,0,0,1.000,1.000,1.000,-90.00,180.00,-36.00,CLOSED,0
672436.023,3,0,0,1.000,1.000,1.000,-90.00,180.00,-36.00,CLOSED,0
672436.028,3,0,0,1.000,1.000,1.000,-90.00,180.00,-36.00,CLOSED,0
672436.034,3,0,0,1.000,1.000,1.000,-90.00,180.00,-36.00,CLOSED,0
672436.038,3,0,0,1.000,1.000,1.000,-90.00,180.00,-36.00,CLOSED,0
672436.044,3,0,0,1.000,1.000,1.000,-90.00,180.00,-36.00,CLOSED,0
672436.049,3,0,0,1.000,1.000,1.000,-90.00,180.00,-36.00,CLOSED,0
672436.054,3,0,0,1.000,1.000,1.000,-90.00,180.00,-36.00,CLOSED,0
672436.058,3,0,0,1.000,1.000,1.000,-90.00,180.00,-36.00,CLOSED,0
672436.062,3,0,0,1.000,1.000,1.000,-90.00,180.00,-36.00,CLOSED,0
672436.066,3,0,0,1.000,1.000,1.000,-90.00,180.00,-36.00,CLOSED,0
672436.071,3,0,0,1.000,1.000,1.000,-90.00,180.00,-36.00,CLOSED,0
672436.075,3,0,0,1.000,1.000,1.000,-90.00,180.00,-36.00,CLOSED,0
672436.079,3,0,0,1.000,1.000,1.000,-90.00,180.00,-36.00,CLOSED,0
672436.083,3,0,0,1.000,1.000,1.000,-90.00,180.00,-36.00,CLOSED,0
672436.087,3,0,0,1.000,1.000,1.000,-90.00,180.00,-36.00,CLOSED,0
672436.091,3,0,0,1.000,1.000,1.000,-90.00,180.00,-36.00,CLOSED,0
672436.094,3,0,0,1.000,1.000,1.000,-90.00,180.00,-36.00,CLOSED,0
672436.098,3,0,0,1.000,1.000,1.000,-90.00,180.00,-36.00,CLOSED,0
672436.102,3,0,0,1.000,1.000,1.000,-90.00,180.00,-36.00,CLOSED,0
672436.106,3,0,0,1.000,1.000,1.000,-90.00,180.00,-36.00,CLOSED,0
672436.110,3,0,0,1.000,1.000,1.000,-90.00,180.00,-36.00,CLOSED,0
672436.114,3,0,0,1.000,1.000,1.000,-90.00,180.00,-36.00,CLOSED,0
672436.118,3,0,0,1.000,1.000,1.000,-90.00,180.00,-36.00,CLOSED,0
672436.123,3,0,0,1.000,1.000,1.000,-90.00,180.00,-36.00,CLOSED,0
672436.128,3,0,0,1.000,1.000,1.000,-90.00,180.00,-36.00,CLOSED,0
672436.132,3,0,0,1.000,1.000,1.000,-90.00,180.00,-36.00,CLOSED,0
672436.137,3,0,0,1.000,1.000,1.000,-90.00,180.00,-36.00,CLOSED,0
672436.141,3,0,0,1.000,1.000,1.000,-90.00,180.00,-36.00,CLOSED,0
672436.145,3,0,0,1.000,1.000,1.000,-90.00,180.00,-36.00,CLOSED,0
672436.149,3,0,0,1.000,1.000,1.000,-90.00,180.00,-36.00,CLOSED,0
672436.153,3,0,0,1.000,1.000,1.000,-90.00,180.00,-36.00,CLOSED,0
672436.156,3,0,0,1.000,1.000,1.000,-90.00,180.00,-36.00,CLOSED,0
672436.161,3,0,0,1.000,1.000,1.000,-90.00,180.00,-36.00,CLOSED,0
672436.165,3,0,0,1.000,1.000,1.000,-90.00,180.00,-36.00,CLOSED,0
672436.169,3,0,0,1.000,1.000,1.000,-90.00,180.00,-36.00,CLOSED,0
672436.174,3,0,0,1.000,1.000,1.000,-90.00,180.00,-36.00,CLOSED,0
672436.180,3,0,0,1.000,1.000,1.000,-90.00,180.00,-36.00,CLOSED,0
672436.185,3,0,0,1.000,1.000,1.000,-90.00,180.00,-36.00,CLOSED,0
672436.189,3,0,0,1.000,1.000,1.000,-90.00,180.00,-36.00,CLOSED,0
672436.194,3,0,0,1.000,1.000,1.000,-90.00,180.00,-36.00,CLOSED,0
672436.198,3,0,0,1.000,1.000,1.000,-90.00,180.00,-36.00,CLOSED,0
672436.203,3,0,0,1.000,1.000,1.000,-90.00,180.00,-36.00,CLOSED,0
672436.207,3,0,0,1.000,1.000,1.000,-90.00,180.00,-36.00,CLOSED,0
672436.211,3,0,0,1.000,1.000,1.000,-90.00,180.00,-36.00,CLOSED,0
672436.215,3,0,0,1.000,1.000,1.000,-90.00,180.00,-36.00,CLOSED,0
672436.219,3,0,0,1.000,1.000,1.000,-90.00,180.00,-36.00,CLOSED,0
672436.223,3,0,0,1.000,1.000,1.000,-90.00,180.00,-36.00,CLOSED,0
672436.227,3,0,0,1.000,1.000,1.000,-90.00,180.00,-36.00,CLOSED,0
672436.232,3,0,0,1.000,1.000,1.000,-90.00,180.00,-36.00,CLOSED,0
672436.236,3,0,0,1.000,1.000,1.000,-90.00,180.00,-36.00,CLOSED,0
672436.240,3,0,0,1.000,1.000,1.000,-90.00,180.00,-36.00,CLOSED,0
672436.245,3,0,0,1.000,1.000,1.000,-90.00,180.00,-36.00,CLOSED,0
672436.250,3,0,0,1.000,1.000,1.000,-90.00,180.00,-36.00,CLOSED,0
672436.255,3,0,0,1.000,1.000,1.000,-90.00,180.00,-36.00,CLOSED,0
672436.260,3,0,0,1.000,1.000,1.000,-90.00,180.00,-36.00,CLOSED,0
672436.264,3,0,0,1.000,1.000,1.000,-90.00,180.00,-36.00,CLOSED,0
672436.268,3,0,0,1.000,1.000,1.000,-90.00,180.00,-36.00,CLOSED,0
672436.272,3,0,0,1.000,1.000,1.000,-90.00,180.00,-36.00,CLOSED,0
672436.276,3,0,0,1.000,1.000,1.000,-90.00,180.00,-36.00,CLOSED,0
672436.281,3,0,0,1.000,1.000,1.000,-90.00,180.00,-36.00,CLOSED,0
672436.286,3,0,0,1.000,1.000,1.000,-90.00,180.00,-36.00,CLOSED,0
672436.291,3,0,0,1.000,1.000,1.000,-90.00,180.00,-36.00,CLOSED,0
672436.296,3,0,0,1.000,1.000,1.000,-90.00,180.00,-36.00,CLOSED,0
672436.302,3,0,0,1.000,1.000,1.000,-90.00,180.00,-36.00,CLOSED,0
672436.307,3,0,0,1.000,1.000,1.000,-90.00,180.00,-36.00,CLOSED,0
672436.311,3,0,0,1.000,1.000,1.000,-90.00,180.00,-36.00,CLOSED,0
672436.315,3,0,0,1.000,1.000,1.000,-90.00,180.00,-36.00,CLOSED,0
672436.318,3,0,0,1.000,1.000,1.000,-90.00,180.00,-36.00,CLOSED,0
672436.322,3,0,0,1.000,1.000,1.000,-90.00,180.00,-36.00,CLOSED,0
672436.326,3,0,0,1.000,1.000,1.000,-90.00,180.00,-36.00,CLOSED,0
672436.330,3,0,0,1.000,1.000,1.000,-90.00,180.00,-36.00,CLOSED,0
672436.333,3,0,0,1.000,1.000,1.000,-90.00,180.00,-36.00,CLOSED,0
672436.338,3,0,0,1.000,1.000,1.000,-90.00,180.00,-36.00,CLOSED,0
672436.341,3,0,0,1.000,1.000,1.000,-90.00,180.00,-36.00,CLOSED,0
672436.345,3,0,0,1.000,1.000,1.000,-90.00,180.00,-36.00,CLOSED,0
672436.349,3,0,0,1.000,1.000,1.000,-90.00,180.00,-36.00,CLOSED,0
672436.354,3,0,0,1.000,1.000,1.000,-90.00,180.00,-36.00,CLOSED,0
672436.357,3,0,0,1.000,1.000,1.000,-90.00,180.00,-36.00,CLOSED,0
672436.362,3,0,0,1.000,1.000,1.000,-90.00,180.00,-36.00,CLOSED,0
672436.366,3,0,0,1.000,1.000,1.000,-90.00,180.00,-36.00,CLOSED,0
672436.370,3,0,0,1.000,1.000,1.000,-90.00,180.00,-36.00,CLOSED,0
672436.374,3,0,0,1.000,1.000,1.000,-90.00,180.00,-36.00,CLOSED,0
672436.379,3,0,0,1.000,1.000,1.000,-90.00,180.00,-36.00,CLOSED,0
672436.386,3,0,0,1.000,1.000,1.000,-90.00,180.00,-36.00,CLOSED,0
672436.391,3,0,0,1.000,1.000,1.000,-90.00,180.00,-36.00,CLOSED,0
672436.397,3,0,0,1.000,1.000,1.000,-90.00,180.00,-36.00,CLOSED,0
672436.403,3,0,0,1.000,1.000,1.000,-90.00,180.00,-36.00,CLOSED,0
672436.407,3,0,0,1.000,1.000,1.000,-90.00,180.00,-36.00,CLOSED,0
672436.411,3,0,0,1.000,1.000,1.000,-90.00,180.00,-36.00,CLOSED,0
672436.416,3,0,0,1.000,1.000,1.000,-90.00,180.00,-36.00,CLOSED,0
672436.420,3,0,0,1.000,1.000,1.000,-90.00,180.00,-36.00,CLOSED,0
672436.424,3,0,0,1.000,1.000,1.000,-90.00,180.00,-36.00,CLOSED,0
672436.427,3,0,0,0.998,1.000,1.000,-90.00,180.00,-36.00,CLOSED,0
672436.431,3,0,0,0.842,1.000,1.000,-90.00,180.00,-36.00,CLOSED,0
672436.435,3,0,0,1.000,1.000,1.000,-90.00,180.00,-36.00,CLOSED,0
672436.439,3,0,0,1.000,1.000,1.000,-90.00,180.00,-36.00,CLOSED,0
672436.442,3,0,0,1.000,1.000,1.000,-90.00,180.00,-36.00,CLOSED,0
672436.446,3,0,0,1.000,1.000,1.000,-90.00,180.00,-36.00,CLOSED,0
672436.450,3,0,0,1.000,1.000,1.000,-90.00,180.00,-36.00,CLOSED,0
672436.454,3,0,0,1.000,1.000,1.000,-90.00,180.00,-36.00,CLOSED,0
672436.459,3,0,0,1.000,1.000,1.000,-90.00,180.00,-36.00,CLOSED,0
672436.463,0,0,0,1.000,1.000,1.000,-90.00,180.00,-36.00,CLOSED,0
672436.466,0,0,0,1.000,1.000,1.000,-90.00,180.00,-36.00,CLOSED,0
672436.470,0,0,0,1.000,1.000,1.000,-90.00,180.00,-36.00,CLOSED,0
672436.475,0,0,0,1.000,1.000,1.000,-90.00,180.00,-36.00,CLOSED,0
672436.479,0,0,0,1.000,1.000,1.000,-90.00,180.00,-36.00,CLOSED,0
672436.484,0,0,0,1.000,1.000,1.000,-90.00,180.00,-36.00,CLOSED,0
672436.488,0,0,0,1.000,1.000,1.000,-90.00,180.00,-36.00,CLOSED,0
672436.493,0,0,0,1.000,1.000,1.000,-90.00,180.00,-36.00,CLOSED,0
672436.498,0,0,0,1.000,1.000,1.000,-90.00,180.00,-36.00,CLOSED,0
672436.504,0,0,0,1.000,1.000,1.000,-90.00,180.00,-36.00,CLOSED,0
672436.509,0,0,0,1.000,1.000,1.000,-90.00,180.00,-36.00,CLOSED,0
672436.514,0,0,0,1.000,1.000,1.000,-90.00,180.00,-36.00,CLOSED,0
672436.519,0,0,0,1.000,1.000,1.000,-90.00,180.00,-36.00,CLOSED,0
672436.525,0,0,0,1.000,1.000,1.000,-90.00,180.00,-36.00,CLOSED,0
672436.528,0,0,0,1.000,1.000,1.000,-90.00,180.00,-36.00,CLOSED,0
672436.532,0,0,0,1.000,1.000,1.000,-90.00,180.00,-36.00,CLOSED,0
672436.536,0,0,0,1.000,1.000,1.000,-90.00,180.00,-36.00,CLOSED,0
672436.541,0,0,0,1.000,1.000,1.000,-90.00,180.00,-36.00,CLOSED,0
672436.544,0,0,0,1.000,1.000,1.000,-90.00,180.00,-36.00,CLOSED,0
672436.548,0,0,0,1.000,1.000,1.000,-90.00,180.00,-36.00,CLOSED,0
672436.551,0,0,0,1.000,1.000,1.000,-90.00,180.00,-36.00,CLOSED,0
672436.555,0,0,0,1.000,1.000,1.000,-90.00,180.00,-36.00,CLOSED,0
672436.559,0,0,0,1.000,1.000,1.000,-90.00,180.00,-36.00,CLOSED,0
672436.563,0,0,0,1.000,1.000,1.000,-90.00,180.00,-36.00,CLOSED,0
672436.567,0,0,0,1.000,1.000,1.000,-90.00,180.00,-36.00,CLOSED,0
672436.571,0,0,0,1.000,1.000,1.000,-90.00,180.00,-36.00,CLOSED,0
672436.575,0,0,0,1.000,1.000,1.000,-90.00,180.00,-36.00,CLOSED,0
672436.579,0,0,0,1.000,1.000,1.000,-90.00,180.00,-36.00,CLOSED,0
672436.583,0,0,0,1.000,1.000,1.000,-90.00,180.00,-36.00,CLOSED,0
672436.588,0,0,0,1.000,1.000,1.000,-90.00,180.00,-36.00,CLOSED,0
672436.592,0,0,0,1.000,1.000,1.000,-90.00,180.00,-36.00,CLOSED,0
672436.596,0,0,0,1.000,1.000,1.000,-90.00,180.00,-36.00,CLOSED,0
672436.601,0,0,0,1.000,1.000,1.000,-90.00,180.00,-36.00,CLOSED,0
672436.605,0,0,0,1.000,1.000,1.000,-90.00,180.00,-36.00,CLOSED,0
672436.609,0,0,0,1.000,1.000,1.000,-90.00,180.00,-36.00,CLOSED,0
672436.613,0,0,0,1.000,1.000,1.000,-90.00,180.00,-36.00,CLOSED,0
672436.616,0,0,0,1.000,1.000,1.000,-90.00,180.00,-36.00,CLOSED,0
672436.620,0,0,0,1.000,1.000,1.000,-90.00,180.00,-36.00,CLOSED,0
672436.624,0,0,0,1.000,1.000,1.000,-90.00,180.00,-36.00,CLOSED,0
672436.628,0,0,0,1.000,1.000,1.000,-90.00,180.00,-36.00,CLOSED,0
672436.632,0,0,0,1.000,1.000,1.000,-90.00,180.00,-36.00,CLOSED,0
672436.636,0,0,0,1.000,1.000,1.000,-90.00,180.00,-36.00,CLOSED,0
672436.639,0,0,0,1.000,1.000,1.000,-90.00,180.00,-36.00,CLOSED,0
672436.644,0,0,0,1.000,1.000,1.000,-90.00,180.00,-36.00,CLOSED,0
672436.647,0,0,0,1.000,1.000,1.000,-90.00,180.00,-36.00,CLOSED,0
672436.651,0,0,0,1.000,1.000,1.000,-90.00,180.00,-36.00,CLOSED,0
672436.655,0,0,0,1.000,1.000,1.000,-90.00,180.00,-36.00,CLOSED,0
672436.659,0,0,0,1.000,1.000,1.000,-90.00,180.00,-36.00,CLOSED,0
672436.662,0,0,0,1.000,1.000,1.000,-90.00,180.00,-36.00,CLOSED,0
672436.668,0,0,0,1.000,1.000,1.000,-90.00,180.00,-36.00,CLOSED,0
672436.671,0,0,0,1.000,1.000,1.000,-90.00,180.00,-36.00,CLOSED,0
672436.675,0,0,0,1.000,1.000,1.000,-90.00,180.00,-36.00,CLOSED,0
672436.678,0,0,0,1.000,1.000,1.000,-90.00,180.00,-36.00,CLOSED,0
672436.683,0,0,0,1.000,1.000,1.000,-90.00,180.00,-36.00,CLOSED,0
672436.686,0,0,0,1.000,1.000,1.000,-90.00,180.00,-36.00,CLOSED,0
672436.690,0,0,0,1.000,1.000,1.000,-90.00,180.00,-36.00,CLOSED,0
672436.695,0,0,0,1.000,1.000,1.000,-90.00,180.00,-36.00,CLOSED,0
672436.699,0,0,0,1.000,1.000,1.000,-90.00,180.00,-36.00,CLOSED,0
672436.704,0,0,0,1.000,1.000,1.000,-90.00,180.00,-36.00,CLOSED,0
672436.709,0,0,0,1.000,1.000,1.000,-90.00,180.00,-36.00,CLOSED,0
672436.714,0,0,0,1.000,1.000,1.000,-90.00,180.00,-36.00,CLOSED,0
672436.718,0,0,0,1.000,1.000,1.000,-90.00,180.00,-36.00,CLOSED,0
672436.722,0,0,0,1.000,1.000,1.000,-90.00,180.00,-36.00,CLOSED,0
672436.726,0,0,0,1.000,1.000,1.000,-90.00,180.00,-36.00,CLOSED,0
672436.730,0,0,0,1.000,1.000,1.000,-90.00,180.00,-36.00,CLOSED,0
672436.734,0,0,0,1.000,1.000,1.000,-90.00,180.00,-36.00,CLOSED,0
672436.739,0,0,0,1.000,1.000,1.000,-90.00,180.00,-36.00,CLOSED,0
672436.744,0,0,0,1.000,1.000,1.000,-90.00,180.00,-36.00,CLOSED,0
672436.749,0,0,0,1.000,1.000,1.000,-90.00,180.00,-36.00,CLOSED,0
672436.753,0,0,0,1.000,1.000,1.000,-90.00,180.00,-36.00,CLOSED,0
672436.759,0,0,0,1.000,1.000,1.000,-90.00,180.00,-36.00,CLOSED,0
672436.762,0,0,0,1.000,1.000,1.000,-90.00,180.00,-36.00,CLOSED,0
672436.766,0,0,0,1.000,1.000,1.000,-90.00,180.00,-36.00,CLOSED,0
672436.770,0,0,0,1.000,1.000,1.000,-90.00,180.00,-36.00,CLOSED,0
672436.774,0,0,0,1.000,1.000,1.000,-90.00,180.00,-36.00,CLOSED,0
672436.777,0,0,0,1.000,1.000,1.000,-90.00,180.00,-36.00,CLOSED,0
672436.781,0,0,0,1.000,1.000,1.000,-90.00,180.00,-36.00,CLOSED,0
672436.785,0,0,0,1.000,1.000,1.000,-90.00,180.00,-36.00,CLOSED,0
672436.788,0,0,0,1.000,1.000,1.000,-90.00,180.00,-36.00,CLOSED,0
672436.792,0,0,0,1.000,1.000,1.000,-90.00,180.00,-36.00,CLOSED,0
672436.796,0,0,0,1.000,1.000,1.000,-90.00,180.00,-36.00,CLOSED,0
672436.800,0,0,0,1.000,1.000,1.000,-90.00,180.00,-36.00,CLOSED,0
672436.803,0,0,0,1.000,1.000,1.000,-90.00,180.00,-36.00,CLOSED,0
672436.807,0,0,0,1.000,1.000,1.000,-90.00,180.00,-36.00,CLOSED,0
672436.811,0,0,0,1.000,1.000,1.000,-90.00,180.00,-36.00,CLOSED,0
672436.817,0,0,0,1.000,1.000,1.000,-90.00,180.00,-36.00,CLOSED,0
672436.824,0,0,0,1.000,1.000,1.000,-90.00,180.00,-36.00,CLOSED,0
672436.829,0,0,0,1.000,1.000,1.000,-90.00,180.00,-36.00,CLOSED,0
672436.835,0,0,0,1.000,1.000,1.000,-90.00,180.00,-36.00,CLOSED,0
672436.840,0,0,0,1.000,1.000,1.000,-90.00,180.00,-36.00,CLOSED,0
672436.845,0,0,0,1.000,1.000,1.000,-90.00,180.00,-36.00,CLOSED,0
672436.850,0,0,0,1.000,1.000,1.000,-90.00,180.00,-36.00,CLOSED,0
672436.856,0,0,0,1.000,1.000,1.000,-90.00,180.00,-36.00,CLOSED,0
672436.860,0,0,0,1.000,1.000,1.000,-90.00,180.00,-36.00,CLOSED,0
672436.864,0,0,0,1.000,1.000,1.000,-90.00,180.00,-36.00,CLOSED,0
672436.869,0,0,0,1.000,1.000,1.000,-90.00,180.00,-36.00,CLOSED,0
672436.873,0,0,0,1.000,1.000,1.000,-90.00,180.00,-36.00,CLOSED,0
672436.876,0,0,0,1.000,1.000,1.000,-90.00,180.00,-36.00,CLOSED,0
672436.880,0,0,0,1.000,1.000,1.000,-90.00,180.00,-36.00,CLOSED,0
672436.884,0,0,0,1.000,1.000,1.000,-90.00,180.00,-36.00,CLOSED,0
672436.888,0,0,0,1.000,1.000,1.000,-90.00,180.00,-36.00,CLOSED,0
672436.891,0,0,0,1.000,1.000,1.000,-90.00,180.00,-36.00,CLOSED,0
672436.895,0,0,0,1.000,1.000,1.000,-90.00,180.00,-36.00,CLOSED,0
672436.900,0,0,0,1.000,1.000,1.000,-90.00,180.00,-36.00,CLOSED,0
672436.904,0,0,0,1.000,1.000,1.000,-90.00,180.00,-36.00,CLOSED,0
672436.908,0,0,0,1.000,1.000,1.000,-90.00,180.00,-36.00,CLOSED,0
672436.913,0,0,0,1.000,1.000,1.000,-90.00,180.00,-36.00,CLOSED,0
672436.918,0,0,0,1.000,1.000,1.000,-90.00,180.00,-36.00,CLOSED,0
672436.922,0,0,0,1.000,1.000,1.000,-90.00,180.00,-36.00,CLOSED,0
672436.926,0,0,0,1.000,1.000,1.000,-90.00,180.00,-36.00,CLOSED,0
672436.931,0,0,0,1.000,1.000,1.000,-90.00,180.00,-36.00,CLOSED,0
672436.935,0,0,0,1.000,1.000,1.000,-90.00,180.00,-36.00,CLOSED,0
672436.939,0,0,0,1.000,1.000,1.000,-90.00,180.00,-36.00,CLOSED,0
672436.944,0,0,0,1.000,1.000,1.000,-90.00,180.00,-36.00,CLOSED,0
672436.948,0,0,0,1.000,1.000,1.000,-90.00,180.00,-36.00,CLOSED,0
672436.952,0,0,0,1.000,1.000,1.000,-90.00,180.00,-36.00,CLOSED,0
672436.957,0,0,0,1.000,1.000,1.000,-90.00,180.00,-36.00,CLOSED,0
672436.962,0,0,0,1.000,1.000,1.000,-90.00,180.00,-36.00,CLOSED,0
672436.966,0,0,0,1.000,1.000,1.000,-90.00,180.00,-36.00,CLOSED,0
672436.970,0,0,0,1.000,1.000,1.000,-90.00,180.00,-36.00,CLOSED,0
672436.974,0,0,0,1.000,1.000,1.000,-90.00,180.00,-36.00,CLOSED,0
672436.978,0,0,0,1.000,1.000,1.000,-90.00,180.00,-36.00,CLOSED,0
672436.982,0,0,0,1.000,1.000,1.000,-90.00,180.00,-36.00,CLOSED,0
672436.986,0,0,0,1.000,1.000,1.000,-90.00,180.00,-36.00,CLOSED,0
672436.990,0,0,0,1.000,1.000,1.000,-90.00,180.00,-36.00,CLOSED,0
672436.994,0,0,0,1.000,1.000,1.000,-90.00,180.00,-36.00,CLOSED,0
672436.998,0,0,0,1.000,1.000,1.000,-90.00,180.00,-36.00,CLOSED,0
672437.002,0,0,0,1.000,1.000,1.000,-90.00,180.00,-36.00,CLOSED,0
672437.007,0,0,0,1.000,1.000,1.000,-90.00,180.00,-36.00,CLOSED,0
672437.011,0,0,0,1.000,1.000,1.000,-90.00,180.00,-36.00,CLOSED,0
672437.015,0,0,0,1.000,1.000,1.000,-90.00,180.00,-36.00,CLOSED,0
672437.019,0,0,0,1.000,1.000,1.000,-90.00,180.00,-36.00,CLOSED,0
672437.025,0,0,0,1.000,1.000,1.000,-90.00,180.00,-36.00,CLOSED,0
672437.029,0,0,0,1.000,1.000,1.000,-90.00,180.00,-36.00,CLOSED,0
672437.032,0,0,0,1.000,1.000,1.000,-90.00,180.00,-36.00,CLOSED,0
672437.036,0,0,0,1.000,1.000,1.000,-90.00,180.00,-36.00,CLOSED,0
672437.040,0,0,0,1.000,1.000,1.000,-90.00,180.00,-36.00,CLOSED,0
672437.046,0,0,0,0.999,1.000,1.000,-90.00,180.00,-36.00,CLOSED,0
672437.051,0,0,0,0.998,1.000,1.000,-90.00,180.00,-36.00,CLOSED,0
672437.054,0,0,0,0.997,1.000,1.000,-90.00,180.00,-36.00,CLOSED,0
672437.058,0,0,0,0.994,1.000,1.000,-90.00,180.00,-36.00,CLOSED,0
672437.062,0,0,0,0.984,0.994,1.000,-90.00,180.00,-36.00,CLOSED,0
672437.066,0,0,0,0.962,0.975,1.000,-90.00,180.00,-36.00,CLOSED,0
672437.070,0,0,0,0.922,1.000,1.000,-90.00,180.00,-36.00,CLOSED,0
672437.074,0,0,0,0.915,1.000,1.000,-90.00,180.00,-36.00,CLOSED,0
672437.079,0,0,0,0.904,1.000,1.000,-90.00,180.00,-36.00,CLOSED,0
672437.082,0,0,0,0.750,1.000,1.000,-90.00,180.00,-36.00,CLOSED,0
672437.087,0,0,0,0.566,1.000,1.000,-90.00,180.00,-36.00,CLOSED,0
672437.090,0,0,0,0.533,1.000,1.000,-90.00,180.00,-36.00,CLOSED,0
672437.094,0,0,0,0.539,1.000,1.000,-90.00,180.00,-36.00,CLOSED,0
672437.098,0,0,0,0.711,1.000,1.000,-90.00,180.00,-36.00,CLOSED,0
672437.102,0,0,0,0.855,1.000,1.000,-90.00,180.00,-36.00,CLOSED,0
672437.106,0,0,0,0.932,1.000,1.000,-90.00,180.00,-36.00,CLOSED,0
672437.109,0,0,0,0.970,1.000,1.000,-90.00,180.00,-36.00,CLOSED,0
672437.113,0,0,0,0.982,1.000,1.000,-90.00,180.00,-36.00,CLOSED,0
672437.118,0,0,0,0.991,1.000,1.000,-90.00,180.00,-36.00,CLOSED,0
672437.122,0,0,0,0.998,1.000,1.000,-90.00,180.00,-36.00,CLOSED,0
672437.127,0,0,0,0.999,1.000,1.000,-90.00,180.00,-36.00,CLOSED,0
672437.131,0,0,0,1.000,1.000,1.000,-90.00,180.00,-36.00,CLOSED,0
672437.135,0,0,0,1.000,1.000,1.000,-90.00,180.00,-36.00,CLOSED,0
672437.139,0,0,0,1.000,1.000,1.000,-90.00,180.00,-36.00,CLOSED,0
672437.143,0,0,0,1.000,1.000,1.000,-90.00,180.00,-36.00,CLOSED,0
672437.147,0,0,0,1.000,1.000,1.000,-90.00,180.00,-36.00,CLOSED,0
672437.151,0,0,0,1.000,1.000,1.000,-90.00,180.00,-36.00,CLOSED,0
672437.155,0,0,0,1.000,1.000,1.000,-90.00,180.00,-36.00,CLOSED,0
672437.159,0,0,0,1.000,1.000,1.000,-90.00,180.00,-36.00,CLOSED,0
672437.163,0,0,0,1.000,1.000,1.000,-90.00,180.00,-36.00,CLOSED,0
672437.167,0,0,0,1.000,1.000,1.000,-90.00,180.00,-36.00,CLOSED,0
672437.171,0,0,0,1.000,1.000,1.000,-90.00,180.00,-36.00,CLOSED,0
672437.177,0,0,0,1.000,1.000,1.000,-90.00,180.00,-36.00,CLOSED,0
672437.181,0,0,0,1.000,1.000,1.000,-90.00,180.00,-36.00,CLOSED,0
672437.186,0,0,0,1.000,1.000,1.000,-90.00,180.00,-36.00,CLOSED,0
672437.190,0,0,0,1.000,1.000,1.000,-90.00,180.00,-36.00,CLOSED,0
672437.194,0,0,0,1.000,1.000,1.000,-90.00,180.00,-36.00,CLOSED,0
672437.198,0,0,0,1.000,1.000,1.000,-90.00,180.00,-36.00,CLOSED,0
672437.202,0,0,0,1.000,1.000,1.000,-90.00,180.00,-36.00,CLOSED,0
672437.206,0,0,0,1.000,1.000,1.000,-90.00,180.00,-36.00,CLOSED,0
672437.210,0,0,0,1.000,1.000,1.000,-90.00,180.00,-36.00,CLOSED,0
672437.214,0,0,0,1.000,1.000,1.000,-90.00,180.00,-36.00,CLOSED,0
672437.218,0,0,0,1.000,1.000,1.000,-90.00,180.00,-36.00,CLOSED,0
672437.222,0,0,0,1.000,1.000,1.000,-90.00,180.00,-36.00,CLOSED,0
672437.226,0,0,0,1.000,1.000,1.000,-90.00,180.00,-36.00,CLOSED,0
672437.229,0,0,0,1.000,1.000,1.000,-90.00,180.00,-36.00,CLOSED,0
672437.233,0,0,0,1.000,1.000,1.000,-90.00,180.00,-36.00,CLOSED,0
672437.237,0,0,0,1.000,1.000,1.000,-90.00,180.00,-36.00,CLOSED,0
672437.241,0,0,0,1.000,1.000,1.000,-90.00,180.00,-36.00,CLOSED,0
672437.246,0,0,0,1.000,1.000,1.000,-90.00,180.00,-36.00,CLOSED,0
672437.250,0,0,0,1.000,1.000,1.000,-90.00,180.00,-36.00,CLOSED,0
672437.254,0,0,0,1.000,1.000,1.000,-90.00,180.00,-36.00,CLOSED,0
672437.259,0,0,0,1.000,1.000,1.000,-90.00,180.00,-36.00,CLOSED,0
672437.263,0,0,0,1.000,1.000,1.000,-90.00,180.00,-36.00,CLOSED,0
672437.267,0,0,0,1.000,1.000,1.000,-90.00,180.00,-36.00,CLOSED,0
672437.272,0,0,0,1.000,1.000,1.000,-90.00,180.00,-36.00,CLOSED,0
672437.276,0,0,0,1.000,1.000,1.000,-90.00,180.00,-36.00,CLOSED,0
672437.280,0,0,0,1.000,1.000,1.000,-90.00,180.00,-36.00,CLOSED,0
672437.284,0,0,0,1.000,1.000,1.000,-90.00,180.00,-36.00,CLOSED,0
672437.288,0,0,0,1.000,1.000,1.000,-90.00,180.00,-36.00,CLOSED,0
672437.293,0,0,0,1.000,1.000,1.000,-90.00,180.00,-36.00,CLOSED,0
672437.298,0,0,0,1.000,1.000,1.000,-90.00,180.00,-36.00,CLOSED,0
672437.302,0,0,0,1.000,1.000,1.000,-90.00,180.00,-36.00,CLOSED,0
672437.306,0,0,0,1.000,1.000,1.000,-90.00,180.00,-36.00,CLOSED,0
672437.310,0,0,0,1.000,1.000,1.000,-90.00,180.00,-36.00,CLOSED,0
672437.315,0,0,0,1.000,1.000,1.000,-90.00,180.00,-36.00,CLOSED,0
672437.320,0,0,0,1.000,1.000,1.000,-90.00,180.00,-36.00,CLOSED,0
672437.325,0,0,0,1.000,1.000,1.000,-90.00,180.00,-36.00,CLOSED,0
672437.330,0,0,0,1.000,1.000,1.000,-90.00,180.00,-36.00,CLOSED,0
672437.335,0,0,0,1.000,1.000,1.000,-90.00,180.00,-36.00,CLOSED,0
672437.340,0,0,0,1.000,1.000,1.000,-90.00,180.00,-36.00,CLOSED,0
672437.344,0,0,0,1.000,1.000,1.000,-90.00,180.00,-36.00,CLOSED,0
672437.348,0,0,0,1.000,1.000,1.000,-90.00,180.00,-36.00,CLOSED,0
672437.351,0,0,0,1.000,1.000,1.000,-90.00,180.00,-36.00,CLOSED,0
672437.355,0,0,0,1.000,1.000,1.000,-90.00,180.00,-36.00,CLOSED,0
672437.358,0,0,0,1.000,1.000,1.000,-90.00,180.00,-36.00,CLOSED,0
672437.362,0,0,0,1.000,1.000,1.000,-90.00,180.00,-36.00,CLOSED,0
672437.365,0,0,0,1.000,1.000,1.000,-90.00,180.00,-36.00,CLOSED,0
672437.370,0,0,0,1.000,1.000,1.000,-90.00,180.00,-36.00,CLOSED,0
672437.374,0,0,0,1.000,1.000,1.000,-90.00,180.00,-36.00,CLOSED,0
672437.378,0,0,0,1.000,1.000,1.000,-90.00,180.00,-36.00,CLOSED,0
672437.383,0,0,0,1.000,1.000,1.000,-90.00,180.00,-36.00,CLOSED,0
672437.387,0,0,0,1.000,1.000,1.000,-90.00,180.00,-36.00,CLOSED,0
672437.392,0,0,0,1.000,1.000,1.000,-90.00,180.00,-36.00,CLOSED,0
672437.396,0,0,0,1.000,1.000,1.000,-90.00,180.00,-36.00,CLOSED,0
672437.400,0,0,0,1.000,1.000,1.000,-90.00,180.00,-36.00,CLOSED,0
672437.404,0,0,0,1.000,1.000,1.000,-90.00,180.00,-36.00,CLOSED,0
672437.409,0,0,0,1.000,1.000,1.000,-90.00,180.00,-36.00,CLOSED,0
672437.413,0,0,0,1.000,1.000,1.000,-90.00,180.00,-36.00,CLOSED,0
672437.417,0,0,0,1.000,1.000,1.000,-90.00,180.00,-36.00,CLOSED,0
672437.421,0,0,0,1.000,1.000,1.000,-90.00,180.00,-36.00,CLOSED,0
672437.425,0,0,0,1.000,1.000,1.000,-90.00,180.00,-36.00,CLOSED,0
672437.429,0,0,0,1.000,1.000,1.000,-90.00,180.00,-36.00,CLOSED,0
672437.433,0,0,0,1.000,1.000,1.000,-90.00,180.00,-36.00,CLOSED,0
672437.437,0,0,0,1.000,1.000,1.000,-90.00,180.00,-36.00,CLOSED,0
672437.441,0,0,0,1.000,1.000,1.000,-90.00,180.00,-36.00,CLOSED,0
672437.445,0,0,0,1.000,1.000,1.000,-90.00,180.00,-36.00,CLOSED,0
672437.448,0,0,0,1.000,1.000,1.000,-90.00,180.00,-36.00,CLOSED,0
672437.452,0,0,0,1.000,1.000,1.000,-90.00,180.00,-36.00,CLOSED,0
672437.456,0,0,0,1.000,1.000,1.000,-90.00,180.00,-36.00,CLOSED,0
672437.460,0,0,0,1.000,1.000,1.000,-90.00,180.00,-36.00,CLOSED,0
672437.465,0,0,0,1.000,1.000,1.000,-90.00,180.00,-36.00,CLOSED,0
672437.469,0,0,0,1.000,1.000,1.000,-90.00,180.00,-36.00,CLOSED,0
672437.473,0,0,0,1.000,1.000,1.000,-90.00,180.00,-36.00,CLOSED,0
672437.477,0,0,0,1.000,1.000,1.000,-90.00,180.00,-36.00,CLOSED,0
672437.481,0,0,0,1.000,1.000,1.000,-90.00,180.00,-36.00,CLOSED,0
672437.485,0,0,0,1.000,1.000,1.000,-90.00,180.00,-36.00,CLOSED,0
672437.490,0,0,0,1.000,1.000,1.000,-90.00,180.00,-36.00,CLOSED,0
672437.495,0,0,0,1.000,1.000,1.000,-90.00,180.00,-36.00,CLOSED,0
672437.499,0,0,0,1.000,1.000,1.000,-90.00,180.00,-36.00,CLOSED,0
672437.503,0,0,0,1.000,1.000,1.000,-90.00,180.00,-36.00,CLOSED,0
672437.507,0,0,0,1.000,1.000,1.000,-90.00,180.00,-36.00,CLOSED,0
672437.510,0,0,0,1.000,1.000,1.000,-90.00,180.00,-36.00,CLOSED,0
672437.514,0,0,0,1.000,1.000,1.000,-90.00,180.00,-36.00,CLOSED,0
672437.518,0,0,0,1.000,1.000,1.000,-90.00,180.00,-36.00,CLOSED,0
672437.522,0,0,0,1.000,1.000,1.000,-90.00,180.00,-36.00,CLOSED,0
672437.526,0,0,0,1.000,1.000,1.000,-90.00,180.00,-36.00,CLOSED,0
672437.529,0,0,0,1.000,1.000,1.000,-90.00,180.00,-36.00,CLOSED,0
672437.534,0,0,0,1.000,1.000,1.000,-90.00,180.00,-36.00,CLOSED,0
672437.539,0,0,0,1.000,1.000,1.000,-90.00,180.00,-36.00,CLOSED,0
672437.544,0,0,0,1.000,1.000,1.000,-90.00,180.00,-36.00,CLOSED,0
672437.548,0,0,0,1.000,1.000,1.000,-90.00,180.00,-36.00,CLOSED,0
672437.552,0,0,0,1.000,1.000,1.000,-90.00,180.00,-36.00,CLOSED,0
672437.557,0,0,0,1.000,1.000,1.000,-90.00,180.00,-36.00,CLOSED,0
672437.561,0,0,0,1.000,1.000,1.000,-90.00,180.00,-36.00,CLOSED,0
672437.564,0,0,0,1.000,1.000,1.000,-90.00,180.00,-36.00,CLOSED,0
672437.568,0,0,0,1.000,0.986,1.000,-90.00,180.00,-36.00,CLOSED,0
672437.572,0,0,0,1.000,0.814,1.000,-90.00,180.00,-36.00,CLOSED,0
672437.576,0,0,0,1.000,0.999,0.999,-90.00,180.00,-36.00,CLOSED,0
672437.579,0,0,0,1.000,1.000,0.999,-90.00,180.00,-36.00,CLOSED,0
672437.582,0,0,0,1.000,1.000,1.000,-90.00,180.00,-36.00,CLOSED,0
672437.587,0,0,0,1.000,1.000,1.000,-90.00,180.00,-36.00,CLOSED,0
672437.590,0,0,0,1.000,1.000,1.000,-90.00,180.00,-36.00,CLOSED,0
672437.594,0,0,0,1.000,1.000,1.000,-90.00,180.00,-36.00,CLOSED,0
672437.598,0,1,0,1.000,1.000,1.000,-90.00,179.75,-36.00,CLOSED,0
672437.604,0,1,0,1.000,1.000,1.000,-90.00,179.44,-36.00,CLOSED,1
672437.609,0,1,0,1.000,1.000,1.000,-90.00,179.14,-36.00,CLOSED,0
672437.615,0,1,0,1.000,1.000,1.000,-90.00,178.76,-36.00,CLOSED,0
672437.620,0,1,0,1.000,1.000,1.000,-90.00,178.46,-36.00,CLOSED,0
672437.624,0,1,0,1.000,1.000,1.000,-90.00,178.19,-36.00,CLOSED,0
672437.629,0,1,0,1.000,1.000,1.000,-90.00,177.94,-36.00,CLOSED,0
672437.633,0,1,0,1.000,1.000,1.000,-90.00,177.70,-36.00,CLOSED,0
672437.637,0,1,0,1.000,1.000,1.000,-90.00,177.47,-36.00,CLOSED,0
672437.641,0,1,0,1.000,1.000,1.000,-90.00,177.23,-36.00,CLOSED,0
672437.645,0,1,0,1.000,1.000,1.000,-90.00,176.95,-36.00,CLOSED,0
672437.650,0,1,0,1.000,1.000,1.000,-90.00,176.66,-36.00,CLOSED,0
672437.655,0,1,0,1.000,1.000,1.000,-90.00,176.35,-36.00,CLOSED,0
672437.660,0,1,0,1.000,1.000,1.000,-90.00,176.05,-36.00,CLOSED,0
672437.665,0,1,0,1.000,1.000,1.000,-90.00,175.77,-36.00,CLOSED,0
672437.669,0,1,0,1.000,1.000,1.000,-90.00,175.52,-36.00,CLOSED,0
672437.673,0,1,0,1.000,1.000,1.000,-90.00,175.28,-36.00,CLOSED,0
672437.677,0,1,0,1.000,1.000,1.000,-90.00,175.04,-36.00,CLOSED,0
672437.681,0,1,0,1.000,1.000,1.000,-90.00,174.80,-36.00,CLOSED,0
672437.685,0,1,0,1.000,1.000,1.000,-90.00,174.55,-36.00,CLOSED,0
672437.689,0,1,0,1.000,1.000,1.000,-90.00,174.33,-36.00,CLOSED,0
672437.693,0,1,0,1.000,1.000,1.000,-90.00,174.09,-36.00,CLOSED,0
672437.699,0,1,0,1.000,1.000,1.000,-90.00,173.73,-36.00,CLOSED,0
672437.706,0,1,0,1.000,1.000,1.000,-90.00,173.28,-36.00,CLOSED,1
672437.721,0,1,0,1.000,1.000,1.000,-90.00,172.41,-36.00,CLOSED,0
672437.728,0,1,0,1.000,1.000,1.000,-90.00,171.97,-36.00,CLOSED,0
672437.736,0,1,0,1.000,1.000,1.000,-90.00,171.50,-36.00,CLOSED,0
672437.743,0,1,0,1.000,1.000,1.000,-90.00,171.08,-36.00,CLOSED,0
672437.750,0,1,0,1.000,1.000,1.000,-90.00,170.68,-36.00,CLOSED,0
672437.756,0,1,0,1.000,1.000,1.000,-90.00,170.29,-36.00,CLOSED,0
672437.761,0,1,0,1.000,1.000,1.000,-90.00,169.97,-36.00,CLOSED,0
672437.766,0,1,0,1.000,1.000,1.000,-90.00,169.69,-36.00,CLOSED,0
672437.771,0,1,0,1.000,1.000,1.000,-90.00,169.42,-36.00,CLOSED,0
672437.775,0,1,0,1.000,1.000,1.000,-90.00,169.16,-36.00,CLOSED,0
672437.779,0,1,0,1.000,1.000,1.000,-90.00,168.92,-36.00,CLOSED,0
672437.783,0,1,0,1.000,1.000,1.000,-90.00,168.67,-36.00,CLOSED,0
672437.788,0,1,0,1.000,1.000,1.000,-90.00,168.39,-36.00,CLOSED,0
672437.793,0,1,0,1.000,1.000,1.000,-90.00,168.07,-36.00,CLOSED,0
672437.799,0,1,0,1.000,1.000,1.000,-90.00,167.71,-36.00,CLOSED,0
672437.805,0,1,0,1.000,1.000,1.000,-90.00,167.33,-36.00,CLOSED,0
672437.812,0,1,0,1.000,1.000,1.000,-90.00,166.97,-36.00,CLOSED,1
672437.817,0,1,0,1.000,1.000,1.000,-90.00,166.61,-36.00,CLOSED,0
672437.823,0,1,0,1.000,1.000,1.000,-90.00,166.27,-36.00,CLOSED,0
672437.828,0,1,0,1.000,1.000,1.000,-90.00,165.96,-36.00,CLOSED,0
672437.836,0,1,0,1.000,1.000,1.000,-90.00,165.51,-36.00,CLOSED,0
672437.841,0,1,0,1.000,1.000,1.000,-90.00,165.19,-36.00,CLOSED,0
672437.845,0,1,0,1.000,1.000,1.000,-90.00,164.93,-36.00,CLOSED,0
672437.849,0,1,0,1.000,1.000,1.000,-90.00,164.69,-36.00,CLOSED,0
672437.853,0,1,0,1.000,1.000,1.000,-90.00,164.47,-36.00,CLOSED,0
672437.857,0,1,0,1.000,1.000,1.000,-90.00,164.25,-36.00,CLOSED,0
672437.860,0,1,0,1.000,1.000,1.000,-90.00,164.04,-36.00,CLOSED,0
672437.864,0,1,0,1.000,1.000,1.000,-90.00,163.83,-36.00,CLOSED,0
672437.868,0,1,0,1.000,1.000,1.000,-90.00,163.61,-36.00,CLOSED,0
672437.871,0,1,0,1.000,1.000,1.000,-90.00,163.40,-36.00,CLOSED,0
672437.875,0,1,0,1.000,1.000,1.000,-90.00,163.17,-36.00,CLOSED,0
672437.878,0,1,0,1.000,1.000,1.000,-90.00,162.95,-36.00,CLOSED,0
672437.882,0,1,0,1.000,1.000,1.000,-90.00,162.72,-36.00,CLOSED,0
672437.886,0,1,0,1.000,1.000,1.000,-90.00,162.49,-36.00,CLOSED,0
672437.890,0,1,0,1.000,1.000,1.000,-90.00,162.27,-36.00,CLOSED,0
672437.894,0,1,0,1.000,1.000,1.000,-90.00,162.04,-36.00,CLOSED,0
672437.898,0,1,0,1.000,1.000,1.000,-90.00,161.80,-36.00,CLOSED,0
672437.901,0,1,0,1.000,1.000,1.000,-90.00,161.58,-36.00,CLOSED,0
672437.905,0,1,0,1.000,1.000,1.000,-90.00,161.34,-36.00,CLOSED,0
672437.909,0,1,0,1.000,1.000,1.000,-90.00,161.11,-36.00,CLOSED,0
672437.913,0,1,0,1.000,1.000,1.000,-90.00,160.87,-36.00,CLOSED,1
672437.917,0,1,0,1.000,1.000,1.000,-90.00,160.65,-36.00,CLOSED,0
672437.921,0,1,0,1.000,1.000,1.000,-90.00,160.42,-36.00,CLOSED,0
672437.924,0,1,0,1.000,1.000,1.000,-90.00,160.19,-36.00,CLOSED,0
672437.928,0,1,0,1.000,1.000,1.000,-90.00,159.95,-36.00,CLOSED,0
672437.932,0,1,0,1.000,1.000,1.000,-90.00,159.73,-36.00,CLOSED,0
672437.936,0,1,0,1.000,1.000,1.000,-90.00,159.49,-36.00,CLOSED,0
672437.941,0,1,0,1.000,1.000,1.000,-90.00,159.21,-36.00,CLOSED,0
672437.946,0,1,0,1.000,1.000,1.000,-90.00,158.92,-36.00,CLOSED,0
672437.950,0,1,0,1.000,1.000,1.000,-90.00,158.63,-36.00,CLOSED,0
672437.955,0,1,0,1.000,1.000,1.000,-90.00,158.35,-36.00,CLOSED,0
672437.960,0,1,0,1.000,1.000,1.000,-90.00,158.03,-36.00,CLOSED,0
672437.965,0,1,0,1.000,1.000,1.000,-90.00,157.74,-36.00,CLOSED,0
672437.970,0,1,0,1.000,1.000,1.000,-90.00,157.44,-36.00,CLOSED,0
672437.974,0,1,0,1.000,1.000,1.000,-90.00,157.20,-36.00,CLOSED,0
672437.978,0,1,0,1.000,1.000,1.000,-90.00,156.95,-36.00,CLOSED,0
672437.982,0,1,0,1.000,1.000,1.000,-90.00,156.71,-36.00,CLOSED,0
672437.986,0,1,0,1.000,1.000,1.000,-90.00,156.47,-36.00,CLOSED,0
672437.991,0,1,0,1.000,1.000,1.000,-90.00,156.18,-36.00,CLOSED,0
672437.995,0,1,0,1.000,1.000,1.000,-90.00,155.95,-36.00,CLOSED,0
672437.999,0,1,0,1.000,1.000,1.000,-90.00,155.73,-36.00,CLOSED,0
672438.003,0,1,0,1.000,1.000,1.000,-90.00,155.50,-36.00,CLOSED,0
672438.007,0,1,0,1.000,1.000,1.000,-90.00,155.26,-36.00,CLOSED,0
672438.010,0,1,0,1.000,1.000,1.000,-90.00,155.04,-36.00,CLOSED,0
672438.014,0,1,0,1.000,1.000,1.000,-90.00,154.80,-36.00,CLOSED,1
672438.018,0,1,0,1.000,1.000,1.000,-90.00,154.55,-36.00,CLOSED,0
672438.022,0,1,0,1.000,1.000,1.000,-90.00,154.33,-36.00,CLOSED,0
672438.026,0,1,0,1.000,1.000,1.000,-90.00,154.08,-36.00,CLOSED,0
672438.030,0,1,0,1.000,1.000,1.000,-90.00,153.86,-36.00,CLOSED,0
672438.034,0,1,0,1.000,1.000,1.000,-90.00,153.63,-36.00,CLOSED,0
672438.037,0,1,0,1.000,1.000,1.000,-90.00,153.42,-36.00,CLOSED,0
672438.041,0,1,0,1.000,1.000,1.000,-90.00,153.18,-36.00,CLOSED,0
672438.045,0,1,0,1.000,1.000,1.000,-90.00,152.98,-36.00,CLOSED,0
672438.048,0,1,0,1.000,1.000,1.000,-90.00,152.76,-36.00,CLOSED,0
672438.052,0,1,0,1.000,1.000,1.000,-90.00,152.52,-36.00,CLOSED,0
672438.057,0,1,0,1.000,1.000,1.000,-90.00,152.24,-36.00,CLOSED,0
672438.063,0,1,0,1.000,1.000,1.000,-90.00,151.90,-36.00,CLOSED,0
672438.068,0,1,0,1.000,1.000,1.000,-90.00,151.60,-36.00,CLOSED,0
672438.073,0,1,0,1.000,1.000,1.000,-90.00,151.29,-36.00,CLOSED,0
672438.077,0,1,0,1.000,1.000,1.000,-90.00,151.04,-36.00,CLOSED,0
672438.081,0,1,0,1.000,1.000,1.000,-90.00,150.78,-36.00,CLOSED,0
672438.086,0,1,0,1.000,1.000,1.000,-90.00,150.50,-36.00,CLOSED,0
672438.090,0,1,0,1.000,1.000,1.000,-90.00,150.24,-36.00,CLOSED,0
672438.095,0,1,0,1.000,1.000,1.000,-90.00,149.98,-36.00,CLOSED,0
672438.099,0,1,0,1.000,1.000,1.000,-90.00,149.72,-36.00,CLOSED,0
672438.103,0,1,0,1.000,1.000,0.999,-90.00,149.48,-36.00,CLOSED,0
672438.107,0,0,0,1.000,0.903,0.618,-90.00,149.70,-36.00,CLOSED,0
672438.110,0,0,0,0.999,1.000,0.992,-90.00,149.92,-36.00,CLOSED,0
672438.114,0,0,0,0.998,1.000,0.998,-90.00,150.13,-36.00,CLOSED,0
672438.118,0,0,0,0.998,1.000,0.998,-90.00,150.39,-36.00,CLOSED,1
672438.122,0,0,0,0.998,1.000,0.999,-90.00,150.61,-36.00,CLOSED,0
672438.126,0,0,0,0.999,1.000,0.999,-90.00,150.84,-36.00,CLOSED,0
672438.130,0,0,0,1.000,1.000,0.999,-90.00,151.07,-36.00,CLOSED,0
672438.134,0,0,0,0.999,1.000,1.000,-90.00,151.33,-36.00,CLOSED,0
672438.138,0,0,0,0.999,1.000,1.000,-90.00,151.57,-36.00,CLOSED,0
672438.142,0,0,0,0.998,1.000,1.000,-90.00,151.83,-36.00,CLOSED,0
672438.146,0,0,0,0.996,1.000,1.000,-90.00,152.05,-36.00,CLOSED,0
672438.150,0,0,0,0.994,1.000,1.000,-90.00,152.29,-36.00,CLOSED,0
672438.154,0,0,0,0.993,1.000,1.000,-90.00,152.56,-36.00,CLOSED,0
672438.159,0,0,0,0.996,1.000,1.000,-90.00,152.83,-36.00,CLOSED,0
672438.163,0,0,0,0.998,1.000,1.000,-90.00,153.06,-36.00,CLOSED,0
672438.167,0,0,0,0.999,0.999,1.000,-90.00,153.33,-36.00,CLOSED,0
672438.171,0,0,0,0.998,0.999,1.000,-90.00,153.55,-36.00,CLOSED,0
672438.175,0,0,0,0.999,0.998,1.000,-90.00,153.78,-36.00,CLOSED,0
672438.179,0,0,0,0.999,0.990,1.000,-90.00,154.02,-36.00,CLOSED,0
672438.183,0,0,0,1.000,0.975,1.000,-90.00,154.26,-36.00,CLOSED,0
672438.187,0,0,0,1.000,0.956,1.000,-90.00,154.54,-36.00,CLOSED,0
672438.191,0,0,0,1.000,0.950,1.000,-90.00,154.77,-36.00,CLOSED,0
672438.195,0,0,0,1.000,0.930,1.000,-90.00,155.01,-36.00,CLOSED,0
672438.199,0,0,0,1.000,0.885,1.000,-90.00,155.25,-36.00,CLOSED,0
672438.203,0,0,0,1.000,0.777,1.000,-90.00,155.48,-36.00,CLOSED,0
672438.207,0,0,0,1.000,0.535,1.000,-90.00,155.71,-36.00,CLOSED,0
672438.211,0,0,0,1.000,0.815,1.000,-90.00,155.96,-36.00,CLOSED,0
672438.215,0,0,0,1.000,0.958,1.000,-90.00,156.21,-36.00,CLOSED,0
672438.219,0,0,0,1.000,0.973,1.000,-90.00,156.46,-36.00,CLOSED,1
672438.225,0,0,0,0.999,0.982,1.000,-90.00,156.79,-36.00,CLOSED,0
672438.229,0,0,0,0.999,0.936,1.000,-90.00,157.07,-36.00,CLOSED,0
672438.234,0,0,0,1.000,0.874,1.000,-90.00,157.33,-36.00,CLOSED,0
672438.238,0,0,0,1.000,0.939,1.000,-90.00,157.60,-36.00,CLOSED,0
672438.243,0,0,0,1.000,0.946,1.000,-90.00,157.90,-36.00,CLOSED,0
672438.248,0,0,0,1.000,0.961,1.000,-90.00,158.19,-36.00,CLOSED,0
672438.253,0,0,0,1.000,0.995,1.000,-90.00,158.50,-36.00,CLOSED,0
672438.258,0,0,0,1.000,0.999,1.000,-90.00,158.80,-36.00,CLOSED,0
672438.263,0,0,0,1.000,1.000,1.000,-90.00,159.09,-36.00,CLOSED,0
672438.268,0,0,0,1.000,1.000,1.000,-90.00,159.36,-36.00,CLOSED,0
672438.272,0,0,0,1.000,1.000,1.000,-90.00,159.62,-36.00,CLOSED,0
672438.277,0,0,0,1.000,1.000,1.000,-90.00,159.89,-36.00,CLOSED,0
672438.282,0,0,0,1.000,1.000,1.000,-90.00,160.21,-36.00,CLOSED,0
672438.286,0,0,0,1.000,1.000,1.000,-90.00,160.46,-36.00,CLOSED,0
672438.290,0,0,0,1.000,1.000,1.000,-90.00,160.72,-36.00,CLOSED,0
672438.295,0,0,0,1.000,1.000,1.000,-90.00,160.98,-36.00,CLOSED,0
672438.299,0,0,0,1.000,0.999,1.000,-90.00,161.24,-36.00,CLOSED,0
672438.304,0,0,0,1.000,0.996,1.000,-90.00,161.52,-36.00,CLOSED,0
672438.308,0,0,0,1.000,0.996,1.000,-90.00,161.75,-36.00,CLOSED,0
672438.312,0,0,0,1.000,0.999,1.000,-90.00,161.99,-36.00,CLOSED,0
672438.315,0,0,0,1.000,1.000,1.000,-90.00,162.22,-36.00,CLOSED,0
672438.319,0,0,0,1.000,1.000,1.000,-90.00,162.43,-36.00,CLOSED,0
672438.323,0,0,0,1.000,1.000,1.000,-90.00,162.70,-36.00,CLOSED,1
672438.328,0,0,0,1.000,1.000,1.000,-90.00,162.95,-36.00,CLOSED,0
672438.332,0,0,0,1.000,1.000,1.000,-90.00,163.20,-36.00,CLOSED,0
672438.336,0,0,0,1.000,1.000,1.000,-90.00,163.46,-36.00,CLOSED,0
672438.340,0,0,0,1.000,1.000,1.000,-90.00,163.70,-36.00,CLOSED,0
672438.344,0,0,0,1.000,1.000,1.000,-90.00,163.93,-36.00,CLOSED,0
672438.348,0,0,0,1.000,1.000,1.000,-90.00,164.16,-36.00,CLOSED,0
672438.352,0,0,0,1.000,1.000,1.000,-90.00,164.43,-36.00,CLOSED,0
672438.356,0,0,0,1.000,1.000,1.000,-90.00,164.64,-36.00,CLOSED,0
672438.360,0,0,0,1.000,0.999,1.000,-90.00,164.87,-36.00,CLOSED,0
672438.363,0,0,0,1.000,0.991,1.000,-90.00,165.09,-36.00,CLOSED,0
672438.367,0,0,0,1.000,0.980,1.000,-90.00,165.34,-36.00,CLOSED,0
672438.371,0,0,0,1.000,0.951,1.000,-90.00,165.57,-36.00,CLOSED,0
672438.375,0,0,0,1.000,0.993,1.000,-90.00,165.79,-36.00,CLOSED,0
672438.379,0,0,0,1.000,0.999,1.000,-90.00,166.03,-36.00,CLOSED,0
672438.383,0,0,0,1.000,1.000,1.000,-90.00,166.25,-36.00,CLOSED,0
672438.386,0,0,0,1.000,1.000,1.000,-90.00,166.47,-36.00,CLOSED,0
672438.390,0,0,0,1.000,1.000,1.000,-90.00,166.70,-36.00,CLOSED,0
672438.394,0,0,0,1.000,1.000,1.000,-90.00,166.94,-36.00,CLOSED,0
672438.398,0,0,0,1.000,1.000,1.000,-90.00,167.18,-36.00,CLOSED,0
672438.402,0,0,0,1.000,1.000,1.000,-90.00,167.41,-36.00,CLOSED,0
672438.407,0,0,0,1.000,1.000,1.000,-90.00,167.69,-36.00,CLOSED,0
672438.410,0,0,0,1.000,1.000,1.000,-90.00,167.92,-36.00,CLOSED,0
672438.415,0,0,0,1.000,1.000,1.000,-90.00,168.17,-36.00,CLOSED,0
672438.418,0,0,0,1.000,1.000,1.000,-90.00,168.40,-36.00,CLOSED,0
672438.422,0,0,0,1.000,1.000,1.000,-90.00,168.64,-36.00,CLOSED,0
672438.426,0,0,0,1.000,1.000,1.000,-90.00,168.86,-36.00,CLOSED,1
672438.430,0,0,0,1.000,1.000,1.000,-90.00,169.09,-36.00,CLOSED,0
672438.434,0,0,0,1.000,1.000,1.000,-90.00,169.33,-36.00,CLOSED,0
672438.437,0,0,0,1.000,1.000,1.000,-90.00,169.55,-36.00,CLOSED,0
672438.441,0,0,0,1.000,1.000,1.000,-90.00,169.77,-36.00,CLOSED,0
672438.445,0,0,0,1.000,1.000,1.000,-90.00,170.00,-36.00,CLOSED,0
672438.449,0,0,0,1.000,1.000,1.000,-90.00,170.23,-36.00,CLOSED,0
672438.453,0,0,0,1.000,1.000,1.000,-90.00,170.46,-36.00,CLOSED,0
672438.457,0,0,0,1.000,1.000,1.000,-90.00,170.69,-36.00,CLOSED,0
672438.461,0,0,0,1.000,1.000,1.000,-90.00,170.93,-36.00,CLOSED,0
672438.464,0,0,0,1.000,1.000,1.000,-90.00,171.16,-36.00,CLOSED,0
672438.469,0,0,0,1.000,1.000,1.000,-90.00,171.41,-36.00,CLOSED,0
672438.473,0,0,0,1.000,1.000,1.000,-90.00,171.68,-36.00,CLOSED,0
672438.477,0,0,0,1.000,1.000,1.000,-90.00,171.93,-36.00,CLOSED,0
672438.481,0,0,0,1.000,1.000,1.000,-90.00,172.16,-36.00,CLOSED,0
672438.485,0,0,0,1.000,1.000,1.000,-90.00,172.41,-36.00,CLOSED,0
672438.490,0,0,0,1.000,1.000,1.000,-90.00,172.70,-36.00,CLOSED,0
672438.494,0,0,0,1.000,1.000,1.000,-90.00,172.94,-36.00,CLOSED,0
672438.498,0,0,0,1.000,1.000,1.000,-90.00,173.16,-36.00,CLOSED,0
672438.502,0,0,0,1.000,1.000,1.000,-90.00,173.42,-36.00,CLOSED,0
672438.506,0,0,0,1.000,1.000,1.000,-90.00,173.64,-36.00,CLOSED,0
672438.509,0,0,0,1.000,1.000,1.000,-90.00,173.86,-36.00,CLOSED,0
672438.513,0,0,0,1.000,1.000,1.000,-90.00,174.09,-36.00,CLOSED,0
672438.517,0,0,0,1.000,1.000,1.000,-90.00,174.31,-36.00,CLOSED,0
672438.521,0,0,0,1.000,1.000,1.000,-90.00,174.54,-36.00,CLOSED,0
672438.525,0,0,0,1.000,1.000,1.000,-90.00,174.78,-36.00,CLOSED,0
672438.528,0,0,0,1.000,1.000,1.000,-90.00,174.99,-36.00,CLOSED,1
672438.532,0,0,0,1.000,1.000,1.000,-90.00,175.24,-36.00,CLOSED,0
672438.536,0,0,0,1.000,1.000,1.000,-90.00,175.48,-36.00,CLOSED,0
672438.541,0,0,0,1.000,1.000,1.000,-90.00,175.73,-36.00,CLOSED,0
672438.545,0,0,0,1.000,1.000,1.000,-90.00,175.97,-36.00,CLOSED,0
672438.548,0,0,0,1.000,1.000,1.000,-90.00,176.19,-36.00,CLOSED,0
672438.552,0,0,0,1.000,1.000,1.000,-90.00,176.42,-36.00,CLOSED,0
672438.556,0,0,0,1.000,1.000,1.000,-90.00,176.65,-36.00,CLOSED,0
672438.559,0,0,0,1.000,1.000,1.000,-90.00,176.87,-36.00,CLOSED,0
672438.564,0,0,0,1.000,1.000,1.000,-90.00,177.11,-36.00,CLOSED,0
672438.567,0,0,0,1.000,1.000,1.000,-90.00,177.34,-36.00,CLOSED,0
672438.571,0,0,0,1.000,1.000,1.000,-90.00,177.56,-36.00,CLOSED,0
672438.575,0,0,0,1.000,1.000,1.000,-90.00,177.80,-36.00,CLOSED,0
672438.579,0,0,0,1.000,1.000,1.000,-90.00,178.03,-36.00,CLOSED,0
672438.583,0,0,0,1.000,1.000,1.000,-90.00,178.26,-36.00,CLOSED,0
672438.587,0,0,0,1.000,1.000,1.000,-90.00,178.51,-36.00,CLOSED,0
672438.591,0,0,0,1.000,1.000,1.000,-90.00,178.74,-36.00,CLOSED,0
672438.595,0,0,0,1.000,1.000,1.000,-90.00,178.98,-36.00,CLOSED,0
672438.599,0,0,0,1.000,1.000,1.000,-90.00,179.21,-36.00,CLOSED,0
672438.603,0,0,0,1.000,1.000,1.000,-90.00,179.46,-36.00,CLOSED,0
672438.607,0,0,0,1.000,1.000,1.000,-90.00,179.69,-36.00,CLOSED,0
672438.610,0,0,0,1.000,1.000,1.000,-90.00,179.92,-36.00,CLOSED,0
672438.614,0,0,0,1.000,1.000,1.000,-90.00,180.00,-36.00,CLOSED,0
672438.619,0,0,0,1.000,1.000,1.000,-90.00,180.00,-36.00,CLOSED,0
672438.622,0,0,0,1.000,1.000,1.000,-90.00,180.00,-36.00,CLOSED,0
672438.626,0,0,0,1.000,1.000,1.000,-90.00,180.00,-36.00,CLOSED,0
672438.630,0,0,0,1.000,1.000,1.000,-90.00,180.00,-36.00,CLOSED,1
672438.634,0,0,0,1.000,1.000,1.000,-90.00,180.00,-36.00,CLOSED,0
672438.637,0,0,0,1.000,1.000,1.000,-90.00,180.00,-36.00,CLOSED,0
672438.641,0,0,1,1.000,1.000,1.000,-89.79,180.00,-36.00,CLOSED,0
672438.645,0,0,1,1.000,0.999,1.000,-89.54,180.00,-36.00,CLOSED,0
672438.649,0,0,1,1.000,0.999,1.000,-89.30,180.00,-36.00,CLOSED,0
672438.653,0,0,1,1.000,1.000,1.000,-89.07,180.00,-36.00,CLOSED,0
672438.657,0,0,1,1.000,1.000,1.000,-88.84,180.00,-36.00,CLOSED,0
672438.660,0,0,1,1.000,1.000,1.000,-88.61,180.00,-36.00,CLOSED,0
672438.665,0,0,1,1.000,1.000,1.000,-88.35,180.00,-36.00,CLOSED,0
672438.668,0,0,1,1.000,1.000,1.000,-88.13,180.00,-36.00,CLOSED,0
672438.672,0,0,1,1.000,1.000,1.000,-87.92,180.00,-36.00,CLOSED,0
672438.676,0,0,1,1.000,1.000,1.000,-87.70,180.00,-36.00,CLOSED,0
672438.679,0,0,1,1.000,1.000,1.000,-87.47,180.00,-36.00,CLOSED,0
672438.683,0,0,1,1.000,1.000,1.000,-87.25,180.00,-36.00,CLOSED,0
672438.687,0,0,1,1.000,0.999,1.000,-87.03,180.00,-36.00,CLOSED,0
672438.691,0,0,1,1.000,0.998,1.000,-86.80,180.00,-36.00,CLOSED,0
672438.696,0,0,1,1.000,0.995,1.000,-86.49,180.00,-36.00,CLOSED,0
672438.700,0,0,1,1.000,0.978,1.000,-86.25,180.00,-36.00,CLOSED,0
672438.704,0,0,1,1.000,0.930,1.000,-86.00,180.00,-36.00,CLOSED,0
672438.708,0,0,1,1.000,0.948,1.000,-85.78,180.00,-36.00,CLOSED,0
672438.712,0,0,1,1.000,0.983,1.000,-85.53,180.00,-36.00,CLOSED,0
672438.716,0,0,1,1.000,0.981,1.000,-85.30,180.00,-36.00,CLOSED,0
672438.721,0,0,1,1.000,0.992,1.000,-84.96,180.00,-36.00,CLOSED,0
672438.726,0,0,1,1.000,0.999,0.999,-84.66,180.00,-36.00,CLOSED,0
672438.730,0,0,1,1.000,1.000,0.999,-84.42,180.00,-36.00,CLOSED,1
672438.734,0,0,1,1.000,1.000,0.999,-84.18,180.00,-36.00,CLOSED,0
672438.738,0,0,1,1.000,1.000,0.999,-83.94,180.00,-36.00,CLOSED,0
672438.742,0,0,1,1.000,1.000,0.999,-83.70,180.00,-36.00,CLOSED,0
672438.746,0,0,1,1.000,0.999,0.999,-83.46,180.00,-36.00,CLOSED,0
672438.750,0,0,1,0.999,0.675,0.994,-83.22,180.00,-36.00,CLOSED,0
672438.754,0,0,1,0.998,0.966,0.972,-82.98,180.00,-36.00,CLOSED,0
672438.758,0,0,1,0.998,0.999,0.909,-82.74,180.00,-36.00,CLOSED,0
672438.762,0,0,1,0.998,1.000,0.708,-82.48,180.00,-36.00,CLOSED,0
672438.766,0,0,1,0.999,1.000,0.694,-82.26,180.00,-36.00,CLOSED,0
672438.770,0,0,1,0.999,1.000,0.629,-82.01,180.00,-36.00,CLOSED,0
672438.774,0,0,1,0.999,1.000,0.508,-81.78,180.00,-36.00,CLOSED,0
672438.778,0,0,1,0.999,1.000,0.609,-81.56,180.00,-36.00,CLOSED,0
672438.782,0,0,1,0.997,1.000,0.700,-81.33,180.00,-36.00,CLOSED,0
672438.786,0,0,1,0.994,1.000,0.769,-81.10,180.00,-36.00,CLOSED,0
672438.790,0,0,1,0.994,1.000,0.882,-80.85,180.00,-36.00,CLOSED,0
672438.793,0,0,1,0.999,1.000,0.922,-80.63,180.00,-36.00,CLOSED,0
672438.797,0,0,1,1.000,1.000,0.936,-80.40,180.00,-36.00,CLOSED,0
672438.801,0,0,1,1.000,0.999,0.961,-80.16,180.00,-36.00,CLOSED,0
672438.806,0,0,1,1.000,0.958,0.950,-79.90,180.00,-36.00,CLOSED,0
672438.809,0,0,1,1.000,0.942,0.764,-79.67,180.00,-36.00,CLOSED,0
672438.814,0,0,1,1.000,0.999,0.541,-79.37,180.00,-36.00,CLOSED,0
672438.819,0,0,1,1.000,1.000,0.648,-79.07,180.00,-36.00,CLOSED,0
672438.824,0,0,1,1.000,1.000,0.635,-78.82,180.00,-36.00,CLOSED,0
672438.827,0,0,1,1.000,1.000,0.619,-78.60,180.00,-36.00,CLOSED,0
672438.831,0,0,1,1.000,1.000,0.512,-78.38,180.00,-36.00,CLOSED,1
672438.835,0,0,1,1.000,1.000,0.641,-78.11,180.00,-36.00,CLOSED,0
672438.839,0,0,1,1.000,1.000,0.831,-77.88,180.00,-36.00,CLOSED,0
672438.845,0,0,1,1.000,1.000,0.898,-77.53,180.00,-36.00,CLOSED,0
672438.851,0,0,1,1.000,0.998,0.943,-77.20,180.00,-36.00,CLOSED,0
672438.855,0,0,1,1.000,0.978,0.971,-76.93,180.00,-36.00,CLOSED,0
672438.859,0,0,1,1.000,0.841,0.987,-76.68,180.00,-36.00,CLOSED,0
672438.864,0,0,1,1.000,0.710,0.994,-76.40,180.00,-36.00,CLOSED,0
672438.868,0,0,1,1.000,0.939,0.997,-76.15,180.00,-36.00,CLOSED,0
672438.873,0,0,1,1.000,0.983,0.998,-75.88,180.00,-36.00,CLOSED,0
672438.877,0,0,1,1.000,0.956,0.993,-75.62,180.00,-36.00,CLOSED,0
672438.881,0,0,1,1.000,0.757,0.965,-75.36,180.00,-36.00,CLOSED,0
672438.886,0,0,1,1.000,0.583,0.893,-75.09,180.00,-36.00,CLOSED,0
672438.890,0,0,1,1.000,0.887,0.674,-74.85,180.00,-36.00,CLOSED,0
672438.894,0,0,1,1.000,0.969,0.679,-74.61,180.00,-36.00,CLOSED,0
672438.897,0,0,1,1.000,0.981,0.854,-74.38,180.00,-36.00,CLOSED,0
672438.902,0,0,1,1.000,0.987,0.925,-74.12,180.00,-36.00,CLOSED,0
672438.907,0,0,1,1.000,0.991,0.972,-73.82,180.00,-36.00,CLOSED,0
672438.913,0,0,1,1.000,0.988,0.989,-73.47,180.00,-36.00,CLOSED,0
672438.919,0,0,1,1.000,0.960,0.994,-73.10,180.00,-36.00,CLOSED,0
672438.924,0,0,1,1.000,0.957,0.997,-72.79,180.00,-36.00,CLOSED,0
672438.929,0,0,1,1.000,0.970,0.998,-72.49,180.00,-36.00,CLOSED,0
672438.934,0,0,1,1.000,0.977,0.999,-72.21,180.00,-36.00,CLOSED,1
672438.938,0,0,1,1.000,0.994,0.999,-71.93,180.00,-36.00,CLOSED,0
672438.943,0,0,1,1.000,0.998,1.000,-71.67,180.00,-36.00,CLOSED,0
672438.947,0,0,1,1.000,1.000,1.000,-71.43,180.00,-36.00,CLOSED,0
672438.951,0,0,1,1.000,1.000,1.000,-71.15,180.00,-36.00,CLOSED,0
672438.956,0,0,1,1.000,1.000,1.000,-70.89,180.00,-36.00,CLOSED,0
672438.960,0,0,1,1.000,1.000,1.000,-70.65,180.00,-36.00,CLOSED,0
672438.964,0,0,1,1.000,1.000,1.000,-70.42,180.00,-36.00,CLOSED,0
672438.967,0,0,1,1.000,1.000,1.000,-70.20,180.00,-36.00,CLOSED,0
672438.971,0,0,1,1.000,1.000,1.000,-69.98,180.00,-36.00,CLOSED,0
672438.975,0,0,1,1.000,1.000,1.000,-69.75,180.00,-36.00,CLOSED,0
672438.978,0,0,1,1.000,1.000,1.000,-69.52,180.00,-36.00,CLOSED,0
672438.982,0,0,1,1.000,1.000,1.000,-69.29,180.00,-36.00,CLOSED,0
672438.986,0,0,1,1.000,1.000,1.000,-69.07,180.00,-36.00,CLOSED,0
672438.992,0,0,1,1.000,1.000,1.000,-68.71,180.00,-36.00,CLOSED,0
672439.000,0,0,1,1.000,1.000,1.000,-68.25,180.00,-36.00,CLOSED,0
672439.008,0,0,1,1.000,1.000,1.000,-67.74,180.00,-36.00,CLOSED,0
672439.016,0,0,1,1.000,1.000,1.000,-67.30,180.00,-36.00,CLOSED,0
672439.022,0,0,1,1.000,1.000,1.000,-66.92,180.00,-36.00,CLOSED,0
672439.027,0,0,1,1.000,1.000,1.000,-66.59,180.00,-36.00,CLOSED,0
672439.032,0,0,1,1.000,1.000,1.000,-66.29,180.00,-36.00,CLOSED,0
672439.037,0,0,1,1.000,1.000,1.000,-66.02,180.00,-36.00,CLOSED,1
672439.041,0,0,1,1.000,1.000,1.000,-65.75,180.00,-36.00,CLOSED,0
672439.045,0,0,1,1.000,1.000,1.000,-65.51,180.00,-36.00,CLOSED,0
672439.049,0,0,1,1.000,1.000,1.000,-65.28,180.00,-36.00,CLOSED,0
672439.054,0,0,1,1.000,1.000,1.000,-65.02,180.00,-36.00,CLOSED,0
672439.057,0,0,1,1.000,1.000,1.000,-64.80,180.00,-36.00,CLOSED,0
672439.061,0,0,1,1.000,1.000,1.000,-64.59,180.00,-36.00,CLOSED,0
672439.064,0,0,1,1.000,1.000,1.000,-64.37,180.00,-36.00,CLOSED,0
672439.068,0,0,1,1.000,1.000,1.000,-64.13,180.00,-36.00,CLOSED,0
672439.072,0,0,1,1.000,1.000,1.000,-63.92,180.00,-36.00,CLOSED,0
672439.076,0,0,1,1.000,1.000,1.000,-63.70,180.00,-36.00,CLOSED,0
672439.079,0,0,1,1.000,1.000,1.000,-63.48,180.00,-36.00,CLOSED,0
672439.084,0,0,1,1.000,1.000,1.000,-63.22,180.00,-36.00,CLOSED,0
672439.087,0,0,1,1.000,1.000,1.000,-63.00,180.00,-36.00,CLOSED,0
672439.091,0,0,1,1.000,1.000,1.000,-62.79,180.00,-36.00,CLOSED,0
672439.094,0,0,1,1.000,1.000,1.000,-62.56,180.00,-36.00,CLOSED,0
672439.099,0,0,1,1.000,1.000,1.000,-62.32,180.00,-36.00,CLOSED,0
672439.102,0,0,1,1.000,1.000,1.000,-62.09,180.00,-36.00,CLOSED,0
672439.106,0,0,1,1.000,1.000,1.000,-61.88,180.00,-36.00,CLOSED,0
672439.110,0,0,1,1.000,1.000,1.000,-61.65,180.00,-36.00,CLOSED,0
672439.114,0,0,1,1.000,1.000,1.000,-61.41,180.00,-36.00,CLOSED,0
672439.118,0,0,1,1.000,1.000,1.000,-61.17,180.00,-36.00,CLOSED,0
672439.121,0,0,1,1.000,1.000,1.000,-60.95,180.00,-36.00,CLOSED,0
672439.125,0,0,1,1.000,1.000,1.000,-60.71,180.00,-36.00,CLOSED,0
672439.129,0,0,1,1.000,1.000,1.000,-60.48,180.00,-36.00,CLOSED,0
672439.133,0,0,1,1.000,1.000,1.000,-60.23,180.00,-36.00,CLOSED,0
672439.137,0,0,1,1.000,1.000,1.000,-59.99,180.00,-36.00,CLOSED,1
672439.141,0,0,1,1.000,1.000,1.000,-59.76,180.00,-36.00,CLOSED,0
672439.146,0,0,1,1.000,1.000,1.000,-59.50,180.00,-36.00,CLOSED,0
672439.150,0,0,1,1.000,1.000,1.000,-59.26,180.00,-36.00,CLOSED,0
672439.155,0,0,1,1.000,1.000,1.000,-58.95,180.00,-36.00,CLOSED,0
672439.159,0,0,1,1.000,1.000,1.000,-58.69,180.00,-36.00,CLOSED,0
672439.163,0,0,1,1.000,1.000,1.000,-58.43,180.00,-36.00,CLOSED,0
672439.168,0,0,1,1.000,1.000,1.000,-58.18,180.00,-36.00,CLOSED,0
672439.172,0,0,1,1.000,1.000,1.000,-57.93,180.00,-36.00,CLOSED,0
672439.176,0,0,1,1.000,1.000,1.000,-57.69,180.00,-36.00,CLOSED,0
672439.180,0,0,1,1.000,1.000,1.000,-57.46,180.00,-36.00,CLOSED,0
672439.183,0,0,1,1.000,1.000,1.000,-57.23,180.00,-36.00,CLOSED,0
672439.187,0,0,1,1.000,1.000,1.000,-57.00,180.00,-36.00,CLOSED,0
672439.191,0,0,1,1.000,1.000,1.000,-56.76,180.00,-36.00,CLOSED,0
672439.196,0,0,1,1.000,1.000,1.000,-56.50,180.00,-36.00,CLOSED,0
672439.199,0,0,1,1.000,1.000,1.000,-56.27,180.00,-36.00,CLOSED,0
672439.203,0,0,1,1.000,1.000,1.000,-56.04,180.00,-36.00,CLOSED,0
672439.207,0,0,1,1.000,1.000,1.000,-55.80,180.00,-36.00,CLOSED,0
672439.211,0,0,1,1.000,1.000,1.000,-55.57,180.00,-36.00,CLOSED,0
672439.215,0,0,1,1.000,1.000,1.000,-55.34,180.00,-36.00,CLOSED,0
672439.219,0,0,1,1.000,1.000,1.000,-55.12,180.00,-36.00,CLOSED,0
672439.222,0,0,1,1.000,1.000,1.000,-54.88,180.00,-36.00,CLOSED,0
672439.226,0,0,1,1.000,1.000,1.000,-54.66,180.00,-36.00,CLOSED,0
672439.230,0,0,1,1.000,1.000,1.000,-54.43,180.00,-36.00,CLOSED,0
672439.234,0,0,1,1.000,1.000,1.000,-54.19,180.00,-36.00,CLOSED,0
672439.238,0,0,1,1.000,1.000,1.000,-53.96,180.00,-36.00,CLOSED,1
672439.242,0,0,1,1.000,1.000,1.000,-53.73,180.00,-36.00,CLOSED,0
672439.246,0,0,1,1.000,1.000,1.000,-53.49,180.00,-36.00,CLOSED,0
672439.250,0,0,1,1.000,1.000,1.000,-53.25,180.00,-36.00,CLOSED,0
672439.254,0,0,1,1.000,1.000,1.000,-53.01,180.00,-36.00,CLOSED,0
672439.257,0,0,1,1.000,1.000,1.000,-52.79,180.00,-36.00,CLOSED,0
672439.261,0,0,1,1.000,1.000,1.000,-52.56,180.00,-36.00,CLOSED,0
672439.265,0,0,1,1.000,1.000,1.000,-52.34,180.00,-36.00,CLOSED,0
672439.269,0,0,1,1.000,1.000,1.000,-52.11,180.00,-36.00,CLOSED,0
672439.273,0,0,1,1.000,1.000,1.000,-51.88,180.00,-36.00,CLOSED,0
672439.276,0,0,1,1.000,1.000,1.000,-51.65,180.00,-36.00,CLOSED,0
672439.280,0,0,1,1.000,1.000,1.000,-51.41,180.00,-36.00,CLOSED,0
672439.286,0,0,1,1.000,1.000,1.000,-51.07,180.00,-36.00,CLOSED,0
672439.291,0,0,1,1.000,1.000,1.000,-50.80,180.00,-36.00,CLOSED,0
672439.295,0,0,1,1.000,1.000,1.000,-50.55,180.00,-36.00,CLOSED,0
672439.299,0,0,1,1.000,1.000,1.000,-50.28,180.00,-36.00,CLOSED,0
672439.304,0,0,1,1.000,1.000,1.000,-50.00,180.00,-36.00,CLOSED,0
672439.308,0,0,1,1.000,1.000,1.000,-49.75,180.00,-36.00,CLOSED,0
672439.312,0,0,0,1.000,1.000,1.000,-49.99,180.00,-36.00,CLOSED,0
672439.316,0,0,0,1.000,1.000,1.000,-50.22,180.00,-36.00,CLOSED,0
672439.320,0,0,0,1.000,1.000,1.000,-50.46,180.00,-36.00,CLOSED,0
672439.324,0,0,0,1.000,1.000,1.000,-50.68,180.00,-36.00,CLOSED,0
672439.327,0,0,0,1.000,1.000,1.000,-50.91,180.00,-36.00,CLOSED,0
672439.331,0,0,0,1.000,1.000,1.000,-51.14,180.00,-36.00,CLOSED,0
672439.336,0,0,0,1.000,1.000,1.000,-51.41,180.00,-36.00,CLOSED,0
672439.340,0,0,0,1.000,1.000,1.000,-51.65,180.00,-36.00,CLOSED,1
672439.343,0,0,0,1.000,1.000,1.000,-51.88,180.00,-36.00,CLOSED,0
672439.347,0,0,0,0.999,1.000,1.000,-52.09,180.00,-36.00,CLOSED,0
672439.351,0,0,0,0.999,1.000,1.000,-52.35,180.00,-36.00,CLOSED,0
672439.356,0,0,0,0.999,1.000,1.000,-52.60,180.00,-36.00,CLOSED,0
672439.360,0,0,0,0.999,1.000,1.000,-52.85,180.00,-36.00,CLOSED,0
672439.364,0,0,0,0.999,1.000,1.000,-53.08,180.00,-36.00,CLOSED,0
672439.367,0,0,0,0.997,1.000,1.000,-53.32,180.00,-36.00,CLOSED,0
672439.371,0,0,0,0.999,1.000,1.000,-53.55,180.00,-36.00,CLOSED,0
672439.375,0,0,0,0.999,0.759,0.991,-53.78,180.00,-36.00,CLOSED,0
672439.379,0,0,0,0.995,0.991,0.626,-54.02,180.00,-36.00,CLOSED,0
672439.383,0,0,0,0.993,0.999,0.902,-54.27,180.00,-36.00,CLOSED,0
672439.387,0,0,0,0.998,1.000,0.988,-54.50,180.00,-36.00,CLOSED,0
672439.392,0,0,0,0.998,1.000,1.000,-54.77,180.00,-36.00,CLOSED,0
672439.397,0,0,0,0.997,0.999,1.000,-55.07,180.00,-36.00,CLOSED,0
672439.401,0,0,0,0.999,0.999,1.000,-55.31,180.00,-36.00,CLOSED,0
672439.404,0,0,0,1.000,1.000,1.000,-55.53,180.00,-36.00,CLOSED,0
672439.408,0,0,0,1.000,1.000,1.000,-55.75,180.00,-36.00,CLOSED,0
672439.412,0,0,0,1.000,1.000,1.000,-55.98,180.00,-36.00,CLOSED,0
672439.416,0,0,0,1.000,1.000,1.000,-56.21,180.00,-36.00,CLOSED,0
672439.420,0,0,0,1.000,1.000,1.000,-56.45,180.00,-36.00,CLOSED,0
672439.425,0,0,0,1.000,1.000,1.000,-56.75,180.00,-36.00,CLOSED,0
672439.429,0,0,0,1.000,1.000,1.000,-57.01,180.00,-36.00,CLOSED,0
672439.434,0,0,0,1.000,1.000,1.000,-57.28,180.00,-36.00,CLOSED,0
672439.438,0,0,0,1.000,1.000,1.000,-57.55,180.00,-36.00,CLOSED,0
672439.442,0,0,0,1.000,1.000,1.000,-57.80,180.00,-36.00,CLOSED,1
672439.447,0,0,0,1.000,1.000,1.000,-58.10,180.00,-36.00,CLOSED,0
672439.452,0,0,0,1.000,1.000,1.000,-58.39,180.00,-36.00,CLOSED,0
672439.456,0,0,0,1.000,1.000,1.000,-58.62,180.00,-36.00,CLOSED,0
672439.460,0,0,0,1.000,1.000,1.000,-58.86,180.00,-36.00,CLOSED,0
672439.464,0,0,0,1.000,1.000,1.000,-59.08,180.00,-36.00,CLOSED,0
672439.467,0,0,0,1.000,1.000,1.000,-59.30,180.00,-36.00,CLOSED,0
672439.471,0,0,0,1.000,1.000,1.000,-59.52,180.00,-36.00,CLOSED,0
672439.475,0,0,0,1.000,1.000,1.000,-59.76,180.00,-36.00,CLOSED,0
672439.479,0,0,0,1.000,1.000,1.000,-59.99,180.00,-36.00,CLOSED,0
672439.483,0,0,0,1.000,1.000,1.000,-60.22,180.00,-36.00,CLOSED,0
672439.487,0,0,0,1.000,0.978,1.000,-60.46,180.00,-36.00,CLOSED,0
672439.491,0,0,0,1.000,0.998,1.000,-60.70,180.00,-36.00,CLOSED,0
672439.495,0,0,0,1.000,1.000,1.000,-60.97,180.00,-36.00,CLOSED,0
672439.499,0,0,0,1.000,1.000,1.000,-61.24,180.00,-36.00,CLOSED,0
672439.505,0,0,0,1.000,1.000,1.000,-61.55,180.00,-36.00,CLOSED,0
672439.509,0,0,0,1.000,1.000,1.000,-61.81,180.00,-36.00,CLOSED,0
672439.513,0,0,0,1.000,1.000,1.000,-62.03,180.00,-36.00,CLOSED,0
672439.516,0,0,0,1.000,0.999,1.000,-62.24,180.00,-36.00,CLOSED,0
672439.520,0,0,0,1.000,0.999,1.000,-62.48,180.00,-36.00,CLOSED,0
672439.524,0,0,0,1.000,0.998,1.000,-62.71,180.00,-36.00,CLOSED,0
672439.528,0,0,0,1.000,0.998,1.000,-62.93,180.00,-36.00,CLOSED,0
672439.532,0,0,0,1.000,0.999,1.000,-63.21,180.00,-36.00,CLOSED,0
672439.537,0,0,0,1.000,1.000,1.000,-63.52,180.00,-36.00,CLOSED,0
672439.543,0,0,0,1.000,1.000,1.000,-63.86,180.00,-36.00,CLOSED,1
672439.549,0,0,0,1.000,1.000,1.000,-64.20,180.00,-36.00,CLOSED,0
672439.555,0,0,0,1.000,1.000,1.000,-64.58,180.00,-36.00,CLOSED,0
672439.560,0,0,0,1.000,1.000,1.000,-64.87,180.00,-36.00,CLOSED,0
672439.565,0,0,0,1.000,1.000,1.000,-65.14,180.00,-36.00,CLOSED,0
672439.569,0,0,0,1.000,1.000,1.000,-65.41,180.00,-36.00,CLOSED,0
672439.573,0,0,0,1.000,1.000,1.000,-65.65,180.00,-36.00,CLOSED,0
672439.577,0,0,0,1.000,1.000,1.000,-65.88,180.00,-36.00,CLOSED,0
672439.581,0,0,0,1.000,1.000,1.000,-66.11,180.00,-36.00,CLOSED,0
672439.585,0,0,0,1.000,1.000,1.000,-66.34,180.00,-36.00,CLOSED,0
672439.588,0,0,0,1.000,1.000,1.000,-66.57,180.00,-36.00,CLOSED,0
672439.592,0,0,0,1.000,1.000,1.000,-66.80,180.00,-36.00,CLOSED,0
672439.596,0,0,0,1.000,1.000,1.000,-67.04,180.00,-36.00,CLOSED,0
672439.600,0,0,0,1.000,1.000,1.000,-67.28,180.00,-36.00,CLOSED,0
672439.604,0,0,0,1.000,1.000,1.000,-67.50,180.00,-36.00,CLOSED,0
672439.607,0,0,0,1.000,1.000,1.000,-67.72,180.00,-36.00,CLOSED,0
672439.611,0,0,0,1.000,1.000,1.000,-67.95,180.00,-36.00,CLOSED,0
672439.615,0,0,0,1.000,1.000,1.000,-68.19,180.00,-36.00,CLOSED,0
672439.619,0,0,0,1.000,1.000,1.000,-68.43,180.00,-36.00,CLOSED,0
672439.623,0,0,0,1.000,1.000,1.000,-68.64,180.00,-36.00,CLOSED,0
672439.626,0,0,0,1.000,1.000,1.000,-68.86,180.00,-36.00,CLOSED,0
672439.631,0,0,0,1.000,1.000,1.000,-69.10,180.00,-36.00,CLOSED,0
672439.635,0,0,0,1.000,1.000,1.000,-69.35,180.00,-36.00,CLOSED,0
672439.638,0,0,0,1.000,1.000,1.000,-69.57,180.00,-36.00,CLOSED,0
672439.642,0,0,0,1.000,1.000,1.000,-69.79,180.00,-36.00,CLOSED,0
672439.646,0,0,0,1.000,1.000,1.000,-70.01,180.00,-36.00,CLOSED,1
672439.649,0,0,0,1.000,1.000,1.000,-70.22,180.00,-36.00,CLOSED,0
672439.654,0,0,0,1.000,1.000,1.000,-70.49,180.00,-36.00,CLOSED,0
672439.657,0,0,0,1.000,1.000,1.000,-70.71,180.00,-36.00,CLOSED,0
672439.662,0,0,0,1.000,1.000,1.000,-70.97,180.00,-36.00,CLOSED,0
672439.666,0,0,0,1.000,1.000,1.000,-71.21,180.00,-36.00,CLOSED,0
672439.670,0,0,0,1.000,1.000,1.000,-71.45,180.00,-36.00,CLOSED,0
672439.674,0,0,0,1.000,1.000,1.000,-71.68,180.00,-36.00,CLOSED,0
672439.677,0,0,0,1.000,1.000,1.000,-71.91,180.00,-36.00,CLOSED,0
672439.681,0,0,0,1.000,1.000,1.000,-72.13,180.00,-36.00,CLOSED,0
672439.685,0,0,0,1.000,1.000,1.000,-72.36,180.00,-36.00,CLOSED,0
672439.689,0,0,0,1.000,1.000,1.000,-72.59,180.00,-36.00,CLOSED,0
672439.693,0,0,0,1.000,1.000,1.000,-72.86,180.00,-36.00,CLOSED,0
672439.697,0,0,0,1.000,1.000,1.000,-73.09,180.00,-36.00,CLOSED,0
672439.701,0,0,0,1.000,1.000,1.000,-73.34,180.00,-36.00,CLOSED,0
672439.705,0,0,0,1.000,1.000,1.000,-73.58,180.00,-36.00,CLOSED,0
672439.710,0,0,0,1.000,1.000,1.000,-73.88,180.00,-36.00,CLOSED,0
672439.715,0,0,0,1.000,1.000,1.000,-74.14,180.00,-36.00,CLOSED,0
672439.719,0,0,0,1.000,1.000,1.000,-74.38,180.00,-36.00,CLOSED,0
672439.723,0,0,0,1.000,1.000,1.000,-74.64,180.00,-36.00,CLOSED,0
672439.727,0,0,0,1.000,1.000,1.000,-74.92,180.00,-36.00,CLOSED,0
672439.732,0,0,0,1.000,1.000,1.000,-75.22,180.00,-36.00,CLOSED,0
672439.736,0,0,0,1.000,1.000,1.000,-75.45,180.00,-36.00,CLOSED,0
672439.741,0,0,0,1.000,1.000,1.000,-75.72,180.00,-36.00,CLOSED,0
672439.746,0,0,0,1.000,1.000,1.000,-76.00,180.00,-36.00,CLOSED,0
672439.751,0,0,0,1.000,1.000,1.000,-76.30,180.00,-36.00,CLOSED,1
672439.756,0,0,0,1.000,1.000,1.000,-76.61,180.00,-36.00,CLOSED,0
672439.761,0,0,0,1.000,1.000,1.000,-76.91,180.00,-36.00,CLOSED,0
672439.766,0,0,0,1.000,1.000,1.000,-77.20,180.00,-36.00,CLOSED,0
672439.770,0,0,0,1.000,1.000,1.000,-77.49,180.00,-36.00,CLOSED,0
672439.775,0,0,0,1.000,1.000,1.000,-77.78,180.00,-36.00,CLOSED,0
672439.780,0,0,0,1.000,1.000,1.000,-78.06,180.00,-36.00,CLOSED,0
672439.784,0,0,0,1.000,1.000,1.000,-78.34,180.00,-36.00,CLOSED,0
672439.789,0,0,0,1.000,1.000,1.000,-78.60,180.00,-36.00,CLOSED,0
672439.793,0,0,0,1.000,1.000,1.000,-78.87,180.00,-36.00,CLOSED,0
672439.798,0,0,0,1.000,1.000,1.000,-79.14,180.00,-36.00,CLOSED,0
672439.803,0,0,0,1.000,1.000,1.000,-79.43,180.00,-36.00,CLOSED,0
672439.807,0,0,0,1.000,1.000,1.000,-79.68,180.00,-36.00,CLOSED,0
672439.811,0,0,0,1.000,1.000,1.000,-79.94,180.00,-36.00,CLOSED,0
672439.816,0,0,0,1.000,1.000,1.000,-80.21,180.00,-36.00,CLOSED,0
672439.820,0,0,0,1.000,1.000,1.000,-80.46,180.00,-36.00,CLOSED,0
672439.824,0,0,0,1.000,1.000,1.000,-80.72,180.00,-36.00,CLOSED,0
672439.828,0,0,0,1.000,1.000,1.000,-80.97,180.00,-36.00,CLOSED,0
672439.833,0,0,0,1.000,1.000,1.000,-81.24,180.00,-36.00,CLOSED,0
672439.837,0,0,0,1.000,1.000,1.000,-81.48,180.00,-36.00,CLOSED,0
672439.840,0,0,0,1.000,1.000,1.000,-81.70,180.00,-36.00,CLOSED,0
672439.844,0,0,0,1.000,1.000,1.000,-81.93,180.00,-36.00,CLOSED,0
672439.849,0,0,0,1.000,1.000,1.000,-82.18,180.00,-36.00,CLOSED,0
672439.853,0,0,0,1.000,1.000,1.000,-82.44,180.00,-36.00,CLOSED,1
672439.858,0,0,0,1.000,1.000,1.000,-82.73,180.00,-36.00,CLOSED,0
672439.862,0,0,0,1.000,1.000,1.000,-82.96,180.00,-36.00,CLOSED,0
672439.866,0,0,0,1.000,1.000,1.000,-83.20,180.00,-36.00,CLOSED,0
672439.869,0,0,0,1.000,1.000,1.000,-83.42,180.00,-36.00,CLOSED,0
672439.873,0,0,0,1.000,1.000,1.000,-83.63,180.00,-36.00,CLOSED,0
672439.876,0,0,0,1.000,1.000,1.000,-83.83,180.00,-36.00,CLOSED,0
672439.880,0,0,0,1.000,1.000,1.000,-84.08,180.00,-36.00,CLOSED,0
672439.884,0,0,0,1.000,1.000,1.000,-84.31,180.00,-36.00,CLOSED,0
672439.888,0,0,0,0.999,1.000,1.000,-84.53,180.00,-36.00,CLOSED,0
672439.891,0,0,0,0.999,0.995,0.999,-84.76,180.00,-36.00,CLOSED,0
672439.896,0,0,0,0.999,0.869,0.997,-85.01,180.00,-36.00,CLOSED,0
672439.900,0,0,0,0.999,0.839,0.979,-85.25,180.00,-36.00,CLOSED,0
672439.905,0,0,0,0.999,0.981,0.938,-85.57,180.00,-36.00,CLOSED,0
672439.910,0,1,0,0.999,0.996,0.809,-85.84,179.73,-36.00,CLOSED,0
672439.914,0,1,1,0.998,0.999,0.554,-85.59,179.48,-36.00,CLOSED,0
672439.918,0,1,1,0.995,0.999,0.749,-85.33,179.22,-36.00,CLOSED,0
672439.922,0,1,1,0.976,1.000,0.945,-85.11,179.00,-36.00,CLOSED,0
672439.926,0,1,1,0.946,1.000,0.996,-84.84,178.73,-36.00,CLOSED,0
672439.930,0,1,1,0.904,1.000,1.000,-84.61,178.50,-36.00,CLOSED,0
672439.934,0,1,1,0.866,1.000,1.000,-84.37,178.26,-36.00,CLOSED,0
672439.938,0,1,1,0.823,1.000,1.000,-84.12,178.01,-36.00,CLOSED,0
672439.943,0,1,1,0.832,1.000,1.000,-83.86,177.75,-36.00,CLOSED,0
672439.947,0,1,1,0.635,1.000,1.000,-83.61,177.50,-36.00,CLOSED,0
672439.951,0,1,1,0.727,1.000,1.000,-83.33,177.22,-36.00,CLOSED,0
672439.957,0,1,1,0.637,1.000,1.000,-82.96,176.85,-36.00,CLOSED,1
672439.963,0,1,1,0.997,1.000,1.000,-82.63,176.52,-36.00,CLOSED,0
672439.969,0,1,1,0.970,1.000,1.000,-82.29,176.18,-36.00,CLOSED,0
672439.974,0,1,1,0.985,1.000,1.000,-81.97,175.86,-36.00,CLOSED,0
672439.979,0,1,1,0.995,1.000,1.000,-81.65,175.54,-36.00,CLOSED,0
672439.985,0,1,1,0.998,1.000,1.000,-81.34,175.23,-36.00,CLOSED,0
672439.990,0,1,1,0.996,1.000,1.000,-81.04,174.93,-36.00,CLOSED,0
672439.994,0,1,1,0.960,1.000,1.000,-80.74,174.63,-36.00,CLOSED,0
672439.999,2,1,1,0.947,1.000,1.000,-80.46,174.35,-40.50,CLOSED,0
672440.004,2,1,1,0.922,1.000,1.000,-80.16,174.05,-40.50,CLOSED,0
672440.009,2,1,1,0.871,1.000,1.000,-79.88,173.77,-40.50,CLOSED,0
672440.013,2,1,1,0.966,1.000,1.000,-79.62,173.50,-40.50,CLOSED,0
672440.018,2,1,1,0.970,1.000,1.000,-79.36,173.25,-40.50,CLOSED,0
672440.022,2,1,1,0.945,1.000,1.000,-79.10,172.99,-40.50,CLOSED,0
672440.026,2,1,1,0.959,1.000,1.000,-78.85,172.74,-40.50,CLOSED,0
672440.035,2,1,1,0.626,1.000,1.000,-78.32,172.21,-40.50,CLOSED,0
672440.046,2,1,1,1.000,1.000,1.000,-77.68,171.57,-40.50,CLOSED,0
672440.054,2,1,1,1.000,0.999,0.988,-77.18,171.07,-40.50,CLOSED,0
672440.060,2,1,1,1.000,0.951,0.932,-76.80,170.69,-40.50,CLOSED,1
672440.067,2,1,1,1.000,0.619,0.532,-76.40,170.29,-40.50,CLOSED,0
672440.072,2,1,1,1.000,0.541,0.936,-76.07,169.96,-40.50,CLOSED,0
672440.079,2,1,1,1.000,0.854,0.996,-75.70,169.59,-40.50,CLOSED,0
672440.084,2,1,1,1.000,0.994,1.000,-75.37,169.26,-40.50,CLOSED,0
672440.089,0,1,1,1.000,1.000,1.000,-75.09,168.98,-40.50,CLOSED,0
672440.093,0,1,1,1.000,1.000,1.000,-74.84,168.73,-40.50,CLOSED,0
672440.097,0,1,1,1.000,1.000,1.000,-74.61,168.50,-40.50,CLOSED,0
672440.101,0,1,1,1.000,1.000,1.000,-74.38,168.27,-40.50,CLOSED,0
672440.105,0,1,1,1.000,1.000,1.000,-74.13,168.02,-40.50,CLOSED,0
672440.108,0,1,1,1.000,1.000,1.000,-73.92,167.81,-40.50,CLOSED,0
672440.112,0,1,1,1.000,1.000,1.000,-73.69,167.58,-40.50,CLOSED,0
672440.116,0,1,1,1.000,1.000,1.000,-73.45,167.34,-40.50,CLOSED,0
672440.120,0,1,1,1.000,1.000,1.000,-73.21,167.10,-40.50,CLOSED,0
672440.124,0,1,1,1.000,1.000,1.000,-72.99,166.88,-40.50,CLOSED,0
672440.127,0,1,1,1.000,1.000,1.000,-72.77,166.66,-40.50,CLOSED,0
672440.131,0,1,1,1.000,1.000,1.000,-72.53,166.42,-40.50,CLOSED,0
672440.136,0,1,1,1.000,1.000,1.000,-72.28,166.17,-40.50,CLOSED,0
672440.140,0,1,1,1.000,1.000,1.000,-72.04,165.93,-40.50,CLOSED,0
672440.144,0,1,1,1.000,1.000,1.000,-71.77,165.66,-40.50,CLOSED,0
672440.149,0,1,1,1.000,1.000,1.000,-71.47,165.36,-40.50,CLOSED,0
672440.154,0,1,1,1.000,1.000,1.000,-71.15,165.04,-40.50,CLOSED,0
672440.161,0,1,1,1.000,1.000,1.000,-70.75,164.64,-40.50,CLOSED,1
672440.167,0,1,1,1.000,1.000,1.000,-70.37,164.26,-40.50,CLOSED,0
672440.173,0,1,1,1.000,1.000,1.000,-70.01,163.90,-40.50,CLOSED,0
672440.179,0,1,1,1.000,1.000,1.000,-69.67,163.56,-40.50,CLOSED,0
672440.184,0,1,1,1.000,1.000,1.000,-69.35,163.23,-40.50,CLOSED,0
672440.190,0,1,1,1.000,1.000,1.000,-68.99,162.88,-40.50,CLOSED,0
672440.196,0,1,1,1.000,1.000,1.000,-68.65,162.54,-40.50,CLOSED,0
672440.200,0,1,1,1.000,1.000,1.000,-68.40,162.29,-40.50,CLOSED,0
672440.204,0,1,1,1.000,1.000,1.000,-68.15,162.04,-40.50,CLOSED,0
672440.209,0,1,1,1.000,1.000,1.000,-67.90,161.79,-40.50,CLOSED,0
672440.213,0,1,1,1.000,1.000,1.000,-67.64,161.53,-40.50,CLOSED,0
672440.217,0,1,1,1.000,1.000,1.000,-67.38,161.27,-40.50,CLOSED,0
672440.221,0,1,1,1.000,1.000,1.000,-67.13,161.02,-40.50,CLOSED,0
672440.225,0,1,1,1.000,1.000,1.000,-66.90,160.79,-40.50,CLOSED,0
672440.229,0,1,1,1.000,1.000,1.000,-66.66,160.55,-40.50,CLOSED,0
672440.233,0,1,1,1.000,1.000,1.000,-66.44,160.32,-40.50,CLOSED,0
672440.237,0,1,1,1.000,1.000,1.000,-66.21,160.10,-40.50,CLOSED,0
672440.241,0,1,1,1.000,1.000,1.000,-65.98,159.87,-40.50,CLOSED,0
672440.245,0,1,1,1.000,1.000,1.000,-65.73,159.62,-40.50,CLOSED,0
672440.249,0,1,1,1.000,1.000,1.000,-65.47,159.36,-40.50,CLOSED,0
672440.254,0,1,1,1.000,1.000,1.000,-65.18,159.07,-40.50,CLOSED,0
672440.259,0,1,1,1.000,1.000,1.000,-64.90,158.79,-40.50,CLOSED,0
672440.263,0,1,1,1.000,1.000,1.000,-64.62,158.51,-40.50,CLOSED,1
672440.268,0,1,1,1.000,1.000,1.000,-64.35,158.24,-40.50,CLOSED,0
672440.272,0,1,1,1.000,1.000,1.000,-64.08,157.96,-40.50,CLOSED,0
672440.276,0,1,1,1.000,1.000,1.000,-63.84,157.73,-40.50,CLOSED,0
672440.280,0,1,1,1.000,1.000,1.000,-63.61,157.50,-40.50,CLOSED,0
672440.284,0,1,1,1.000,1.000,1.000,-63.38,157.27,-40.50,CLOSED,0
672440.288,0,1,1,1.000,1.000,1.000,-63.15,157.04,-40.50,CLOSED,0
672440.292,0,1,1,1.000,1.000,1.000,-62.92,156.81,-40.50,CLOSED,0
672440.297,0,1,1,1.000,1.000,1.000,-62.61,156.50,-40.50,CLOSED,0
672440.301,0,1,1,1.000,1.000,1.000,-62.35,156.24,-40.50,CLOSED,0
672440.305,0,1,1,1.000,1.000,1.000,-62.13,156.02,-40.50,CLOSED,0
672440.308,0,1,1,1.000,1.000,1.000,-61.91,155.80,-40.50,CLOSED,0
672440.312,0,1,1,1.000,1.000,1.000,-61.69,155.58,-40.50,CLOSED,0
672440.316,0,1,1,1.000,1.000,1.000,-61.47,155.36,-40.50,CLOSED,0
672440.319,0,1,1,1.000,1.000,1.000,-61.25,155.14,-40.50,CLOSED,0
672440.323,0,1,1,1.000,1.000,1.000,-61.03,154.91,-40.50,CLOSED,0
672440.327,0,1,1,1.000,1.000,1.000,-60.80,154.69,-40.50,CLOSED,0
672440.331,0,1,1,1.000,1.000,1.000,-60.57,154.46,-40.50,CLOSED,0
672440.335,0,1,1,1.000,1.000,1.000,-60.33,154.22,-40.50,CLOSED,0
672440.339,0,1,1,1.000,1.000,1.000,-60.10,153.99,-40.50,CLOSED,0
672440.342,0,1,1,1.000,1.000,1.000,-59.86,153.75,-40.50,CLOSED,0
672440.346,0,1,1,1.000,1.000,1.000,-59.64,153.53,-40.50,CLOSED,0
672440.350,0,1,1,1.000,1.000,1.000,-59.41,153.30,-40.50,CLOSED,0
672440.354,0,1,1,1.000,1.000,1.000,-59.15,153.04,-40.50,CLOSED,0
672440.360,0,1,1,1.000,1.000,1.000,-58.84,152.73,-40.50,CLOSED,0
672440.365,0,1,1,1.000,1.000,1.000,-58.50,152.39,-40.50,CLOSED,1
672440.371,0,1,1,1.000,1.000,1.000,-58.16,152.05,-40.50,CLOSED,0
672440.377,0,1,1,1.000,1.000,1.000,-57.80,151.69,-40.50,CLOSED,0
672440.383,0,1,1,1.000,1.000,1.000,-57.46,151.35,-40.50,CLOSED,0
672440.387,0,1,1,1.000,1.000,1.000,-57.17,151.06,-40.50,CLOSED,0
672440.392,0,1,1,1.000,1.000,1.000,-56.88,150.77,-40.50,CLOSED,0
672440.397,0,1,1,1.000,1.000,1.000,-56.61,150.50,-40.50,CLOSED,0
672440.401,0,1,1,1.000,1.000,1.000,-56.37,150.26,-40.50,CLOSED,0
672440.405,0,1,1,1.000,1.000,1.000,-56.12,150.01,-40.50,CLOSED,0
672440.410,0,1,1,1.000,1.000,1.000,-55.80,149.69,-40.50,CLOSED,0
672440.414,0,1,1,1.000,1.000,1.000,-55.56,149.44,-40.50,CLOSED,0
672440.418,0,1,1,1.000,1.000,1.000,-55.32,149.21,-40.50,CLOSED,0
672440.422,0,1,1,1.000,1.000,1.000,-55.10,148.98,-40.50,CLOSED,0
672440.426,0,1,1,1.000,1.000,1.000,-54.88,148.77,-40.50,CLOSED,0
672440.429,0,1,1,1.000,1.000,1.000,-54.66,148.55,-40.50,CLOSED,0
672440.433,0,1,1,1.000,1.000,1.000,-54.43,148.32,-40.50,CLOSED,0
672440.437,0,0,1,1.000,1.000,1.000,-54.20,148.56,-40.50,CLOSED,0
672440.441,0,0,1,1.000,1.000,1.000,-53.96,148.80,-40.50,CLOSED,0
672440.445,0,0,1,1.000,1.000,1.000,-53.72,149.04,-40.50,CLOSED,0
672440.449,0,0,0,1.000,1.000,1.000,-53.95,149.27,-40.50,CLOSED,0
672440.453,0,0,0,1.000,1.000,1.000,-54.19,149.50,-40.50,CLOSED,0
672440.457,0,0,0,1.000,1.000,1.000,-54.44,149.75,-40.50,CLOSED,0
672440.461,0,0,0,1.000,1.000,1.000,-54.68,150.00,-40.50,CLOSED,0
672440.465,0,0,0,1.000,1.000,1.000,-54.90,150.22,-40.50,CLOSED,0
672440.468,0,0,0,1.000,1.000,1.000,-55.12,150.44,-40.50,CLOSED,1
672440.472,0,0,0,1.000,1.000,1.000,-55.36,150.68,-40.50,CLOSED,0
672440.476,0,0,0,1.000,1.000,1.000,-55.58,150.90,-40.50,CLOSED,0
672440.480,0,0,0,1.000,1.000,1.000,-55.81,151.12,-40.50,CLOSED,0
672440.483,0,0,0,1.000,1.000,1.000,-56.03,151.34,-40.50,CLOSED,0
672440.487,0,0,0,1.000,1.000,1.000,-56.27,151.58,-40.50,CLOSED,0
672440.491,0,0,0,1.000,1.000,1.000,-56.50,151.81,-40.50,CLOSED,0
672440.495,0,0,0,1.000,1.000,1.000,-56.71,152.02,-40.50,CLOSED,0
672440.498,0,0,0,1.000,1.000,1.000,-56.93,152.25,-40.50,CLOSED,0
672440.502,0,0,0,1.000,1.000,1.000,-57.17,152.49,-40.50,CLOSED,0
672440.507,0,0,0,0.997,1.000,1.000,-57.42,152.74,-40.50,CLOSED,0
672440.511,0,0,0,0.874,1.000,1.000,-57.70,153.01,-40.50,CLOSED,0
672440.516,0,0,0,0.476,1.000,1.000,-58.01,153.32,-40.50,CLOSED,0
672440.521,0,0,0,0.680,1.000,1.000,-58.29,153.60,-40.50,CLOSED,0
672440.525,0,0,0,0.994,0.984,1.000,-58.51,153.82,-40.50,CLOSED,0
672440.528,0,0,0,1.000,0.884,1.000,-58.73,154.04,-40.50,CLOSED,0
672440.532,0,0,0,1.000,1.000,1.000,-58.96,154.28,-40.50,CLOSED,0
672440.536,0,0,0,1.000,1.000,1.000,-59.20,154.51,-40.50,CLOSED,0
672440.540,0,0,0,1.000,1.000,1.000,-59.42,154.74,-40.50,CLOSED,0
672440.544,0,0,0,1.000,1.000,1.000,-59.66,154.98,-40.50,CLOSED,0
672440.548,0,0,0,1.000,1.000,1.000,-59.89,155.20,-40.50,CLOSED,0
672440.551,0,0,0,1.000,1.000,1.000,-60.12,155.43,-40.50,CLOSED,0
672440.555,0,0,0,1.000,1.000,1.000,-60.35,155.67,-40.50,CLOSED,0
672440.559,0,0,0,1.000,1.000,1.000,-60.58,155.89,-40.50,CLOSED,0
672440.563,0,0,0,1.000,1.000,1.000,-60.82,156.14,-40.50,CLOSED,0
672440.567,0,0,0,1.000,1.000,1.000,-61.06,156.38,-40.50,CLOSED,0
672440.571,0,0,0,1.000,1.000,1.000,-61.29,156.60,-40.50,CLOSED,1
672440.575,0,0,0,1.000,1.000,1.000,-61.51,156.82,-40.50,CLOSED,0
672440.578,0,0,0,1.000,1.000,1.000,-61.73,157.04,-40.50,CLOSED,0
672440.582,0,0,0,1.000,1.000,1.000,-61.98,157.30,-40.50,CLOSED,0
672440.586,0,0,0,1.000,1.000,1.000,-62.20,157.51,-40.50,CLOSED,0
672440.590,0,0,0,1.000,1.000,1.000,-62.42,157.73,-40.50,CLOSED,0
672440.594,0,0,0,1.000,1.000,1.000,-62.65,157.96,-40.50,CLOSED,0
672440.597,0,0,0,1.000,1.000,1.000,-62.88,158.19,-40.50,CLOSED,0
672440.601,0,0,0,1.000,1.000,1.000,-63.11,158.43,-40.50,CLOSED,0
672440.605,0,0,0,1.000,1.000,1.000,-63.35,158.66,-40.50,CLOSED,0
672440.609,0,0,0,1.000,1.000,1.000,-63.58,158.90,-40.50,CLOSED,0
672440.613,0,0,0,1.000,1.000,1.000,-63.82,159.13,-40.50,CLOSED,0
672440.617,0,0,0,1.000,1.000,1.000,-64.07,159.38,-40.50,CLOSED,0
672440.622,0,0,0,1.000,1.000,1.000,-64.32,159.64,-40.50,CLOSED,0
672440.627,0,0,0,1.000,1.000,1.000,-64.63,159.94,-40.50,CLOSED,0
672440.631,0,0,0,1.000,1.000,1.000,-64.87,160.19,-40.50,CLOSED,0
672440.635,0,0,0,1.000,1.000,1.000,-65.11,160.42,-40.50,CLOSED,0
672440.638,0,0,0,1.000,1.000,1.000,-65.34,160.65,-40.50,CLOSED,0
672440.643,0,0,0,1.000,1.000,1.000,-65.59,160.90,-40.50,CLOSED,0
672440.648,0,0,0,1.000,1.000,1.000,-65.91,161.23,-40.50,CLOSED,0
672440.652,0,0,0,1.000,1.000,1.000,-66.14,161.45,-40.50,CLOSED,0
672440.655,0,0,0,1.000,1.000,1.000,-66.35,161.67,-40.50,CLOSED,0
672440.659,0,0,0,1.000,1.000,1.000,-66.59,161.91,-40.50,CLOSED,0
672440.664,0,0,0,1.000,1.000,1.000,-66.85,162.17,-40.50,CLOSED,0
672440.669,0,0,0,1.000,1.000,1.000,-67.18,162.49,-40.50,CLOSED,0
672440.674,0,0,0,1.000,1.000,1.000,-67.47,162.79,-40.50,CLOSED,1
672440.678,0,0,0,1.000,1.000,1.000,-67.73,163.05,-40.50,CLOSED,0
672440.683,0,0,0,1.000,1.000,1.000,-68.00,163.32,-40.50,CLOSED,0
672440.687,0,0,0,1.000,1.000,1.000,-68.25,163.56,-40.50,CLOSED,0
672440.691,3,0,0,1.000,1.000,1.000,-68.48,163.80,-40.50,OPEN,0
672440.695,3,0,0,1.000,1.000,1.000,-68.71,164.03,-40.50,OPEN,0
672440.698,3,0,0,1.000,1.000,1.000,-68.94,164.25,-40.50,OPEN,0
672440.702,3,0,0,1.000,1.000,1.000,-69.17,164.49,-40.50,OPEN,0
672440.706,3,0,0,1.000,1.000,1.000,-69.41,164.73,-40.50,OPEN,0
672440.710,3,0,0,1.000,1.000,1.000,-69.62,164.94,-40.50,OPEN,0
672440.714,3,0,0,1.000,1.000,1.000,-69.85,165.17,-40.50,OPEN,0
672440.718,3,0,0,1.000,1.000,1.000,-70.08,165.40,-40.50,OPEN,0
672440.722,3,0,0,1.000,1.000,1.000,-70.35,165.66,-40.50,OPEN,0
672440.726,3,0,0,1.000,1.000,1.000,-70.60,165.92,-40.50,OPEN,0
672440.732,3,0,0,1.000,1.000,1.000,-70.94,166.26,-40.50,OPEN,0
672440.736,3,0,0,1.000,1.000,1.000,-71.22,166.53,-40.50,OPEN,0
672440.740,3,0,0,1.000,1.000,1.000,-71.45,166.77,-40.50,OPEN,0
672440.744,3,0,0,1.000,1.000,1.000,-71.68,167.00,-40.50,OPEN,0
672440.748,3,0,0,1.000,1.000,1.000,-71.90,167.21,-40.50,OPEN,0
672440.752,3,0,0,1.000,1.000,1.000,-72.12,167.44,-40.50,OPEN,0
672440.756,3,0,0,1.000,1.000,1.000,-72.36,167.68,-40.50,OPEN,0
672440.760,3,0,0,1.000,1.000,1.000,-72.60,167.92,-40.50,OPEN,0
672440.764,3,0,0,1.000,1.000,1.000,-72.85,168.17,-40.50,OPEN,0
672440.768,3,0,0,1.000,1.000,1.000,-73.12,168.43,-40.50,OPEN,0
672440.772,3,0,0,1.000,1.000,1.000,-73.37,168.69,-40.50,OPEN,0
672440.776,3,0,0,1.000,1.000,1.000,-73.62,168.93,-40.50,OPEN,1
672440.781,3,0,0,1.000,1.000,1.000,-73.88,169.20,-40.50,OPEN,0
672440.785,3,0,0,1.000,1.000,1.000,-74.14,169.45,-40.50,OPEN,0
672440.789,3,0,0,1.000,1.000,1.000,-74.38,169.70,-40.50,OPEN,0
672440.793,3,0,0,1.000,1.000,1.000,-74.62,169.93,-40.50,OPEN,0
672440.797,3,0,0,1.000,1.000,1.000,-74.84,170.16,-40.50,OPEN,0
672440.801,3,0,0,1.000,1.000,1.000,-75.07,170.39,-40.50,OPEN,0
672440.805,3,0,0,1.000,1.000,1.000,-75.32,170.64,-40.50,OPEN,0
672440.809,3,0,0,1.000,1.000,1.000,-75.54,170.86,-40.50,OPEN,0
672440.812,3,0,0,1.000,1.000,1.000,-75.77,171.09,-40.50,OPEN,0
672440.816,3,0,0,1.000,1.000,1.000,-75.99,171.31,-40.50,OPEN,0
672440.820,3,0,0,1.000,1.000,1.000,-76.21,171.52,-40.50,OPEN,0
672440.823,3,0,0,1.000,1.000,1.000,-76.44,171.75,-40.50,OPEN,0
672440.828,3,0,0,1.000,1.000,1.000,-76.69,172.01,-40.50,OPEN,0
672440.832,3,0,0,1.000,1.000,1.000,-76.94,172.26,-40.50,OPEN,0
672440.836,3,0,0,1.000,1.000,1.000,-77.18,172.49,-40.50,OPEN,0
672440.840,3,0,0,1.000,1.000,1.000,-77.42,172.74,-40.50,OPEN,0
672440.844,3,0,0,1.000,1.000,1.000,-77.67,172.99,-40.50,OPEN,0
672440.848,3,0,0,1.000,1.000,1.000,-77.92,173.24,-40.50,OPEN,0
672440.853,3,0,0,1.000,1.000,1.000,-78.19,173.51,-40.50,OPEN,0
672440.858,3,0,0,1.000,1.000,1.000,-78.49,173.80,-40.50,OPEN,0
672440.862,3,0,0,1.000,1.000,1.000,-78.76,174.08,-40.50,OPEN,0
672440.866,3,0,0,1.000,1.000,1.000,-78.99,174.30,-40.50,OPEN,0
672440.870,3,0,0,1.000,1.000,1.000,-79.25,174.56,-40.50,OPEN,0
672440.875,3,0,0,1.000,1.000,1.000,-79.56,174.87,-40.50,OPEN,0
672440.879,3,0,0,1.000,1.000,1.000,-79.80,175.11,-40.50,OPEN,1
672440.884,3,0,0,1.000,1.000,1.000,-80.10,175.41,-40.50,OPEN,0
672440.890,3,0,0,1.000,1.000,1.000,-80.43,175.74,-40.50,OPEN,0
672440.896,3,0,0,1.000,1.000,1.000,-80.77,176.09,-40.50,OPEN,0
672440.901,3,0,0,1.000,1.000,1.000,-81.12,176.44,-40.50,OPEN,0
672440.907,3,0,0,1.000,1.000,1.000,-81.46,176.77,-40.50,OPEN,0
672440.913,3,0,0,1.000,1.000,1.000,-81.80,177.12,-40.50,OPEN,0
672440.918,3,0,0,1.000,1.000,1.000,-82.08,177.40,-40.50,OPEN,0
672440.922,3,0,0,1.000,1.000,1.000,-82.36,177.68,-40.50,OPEN,0
672440.926,3,0,0,1.000,1.000,1.000,-82.60,177.91,-40.50,OPEN,0
672440.930,3,0,0,1.000,1.000,1.000,-82.83,178.15,-40.50,OPEN,0
672440.934,3,0,0,1.000,1.000,1.000,-83.06,178.37,-40.50,OPEN,0
672440.938,3,0,0,1.000,1.000,1.000,-83.28,178.60,-40.50,OPEN,0
672440.941,3,0,0,1.000,1.000,1.000,-83.51,178.83,-40.50,OPEN,0
672440.945,3,0,0,1.000,1.000,1.000,-83.74,179.05,-40.50,OPEN,0
672440.949,3,0,0,1.000,1.000,1.000,-83.97,179.29,-40.50,OPEN,0
672440.953,3,0,0,1.000,1.000,1.000,-84.23,179.54,-40.50,OPEN,0
672440.957,3,0,0,1.000,1.000,1.000,-84.46,179.77,-40.50,OPEN,0
672440.961,3,0,0,1.000,1.000,1.000,-84.70,180.00,-40.50,OPEN,0
672440.966,3,0,0,1.000,1.000,1.000,-85.01,180.00,-40.50,OPEN,0
672440.970,3,0,0,1.000,1.000,1.000,-85.25,180.00,-40.50,OPEN,0
672440.974,3,0,0,1.000,1.000,1.000,-85.47,180.00,-40.50,OPEN,0
672440.978,3,0,0,1.000,1.000,1.000,-85.69,180.00,-40.50,OPEN,0
672440.982,3,0,0,1.000,1.000,1.000,-85.93,180.00,-40.50,OPEN,1
672440.986,3,0,0,1.000,1.000,1.000,-86.21,180.00,-40.50,OPEN,0
672440.990,3,0,0,1.000,1.000,1.000,-86.45,180.00,-40.50,OPEN,0
672440.995,3,0,0,1.000,1.000,1.000,-86.70,180.00,-40.50,OPEN,0
672440.999,3,0,0,1.000,1.000,1.000,-86.96,180.00,-40.50,OPEN,0
672441.004,3,0,0,1.000,1.000,1.000,-87.26,180.00,-40.50,OPEN,0
672441.008,3,0,0,1.000,1.000,1.000,-87.51,180.00,-40.50,OPEN,0
672441.012,3,0,0,1.000,1.000,1.000,-87.75,180.00,-40.50,OPEN,0
672441.016,3,0,0,1.000,1.000,1.000,-88.00,180.00,-40.50,OPEN,0
672441.021,3,0,0,1.000,1.000,1.000,-88.26,180.00,-40.50,OPEN,0
672441.024,3,0,0,0.995,1.000,1.000,-88.48,180.00,-40.50,OPEN,0
672441.028,3,0,0,0.598,1.000,1.000,-88.71,180.00,-40.50,OPEN,0
672441.032,3,0,0,1.000,1.000,1.000,-88.95,180.00,-40.50,OPEN,0
672441.036,3,0,0,1.000,0.999,1.000,-89.18,180.00,-40.50,OPEN,0
672441.039,3,0,0,1.000,0.997,1.000,-89.39,180.00,-40.50,OPEN,0
672441.043,3,0,0,1.000,0.921,1.000,-89.60,180.00,-40.50,OPEN,0
672441.047,3,0,0,1.000,0.874,1.000,-89.88,180.00,-40.50,OPEN,0
672441.053,3,0,0,1.000,1.000,1.000,-90.00,180.00,-40.50,OPEN,0
672441.059,3,0,0,1.000,1.000,1.000,-90.00,180.00,-40.50,OPEN,0
672441.065,0,1,0,1.000,1.000,1.000,-90.00,179.60,-40.50,OPEN,0
672441.071,0,1,0,1.000,1.000,1.000,-90.00,179.25,-40.50,OPEN,0
672441.078,0,1,0,1.000,1.000,1.000,-90.00,178.85,-40.50,OPEN,0
672441.083,0,1,0,1.000,1.000,1.000,-90.00,178.52,-40.50,OPEN,1
672441.088,0,1,0,1.000,1.000,1.000,-90.00,178.23,-40.50,OPEN,0
672441.093,0,1,0,1.000,1.000,1.000,-90.00,177.94,-40.50,OPEN,0
672441.097,0,1,0,1.000,1.000,1.000,-90.00,177.67,-40.50,OPEN,0
672441.102,0,1,0,1.000,1.000,1.000,-90.00,177.40,-40.50,OPEN,0
672441.106,0,1,0,1.000,1.000,1.000,-90.00,177.14,-40.50,OPEN,0
672441.111,0,1,0,1.000,1.000,1.000,-90.00,176.88,-40.50,OPEN,0
672441.115,0,1,0,1.000,1.000,1.000,-90.00,176.62,-40.50,OPEN,0
672441.119,0,1,0,1.000,1.000,1.000,-90.00,176.37,-40.50,OPEN,0
672441.124,0,1,0,1.000,1.000,1.000,-90.00,176.11,-40.50,OPEN,0
672441.127,0,1,0,1.000,1.000,1.000,-90.00,175.88,-40.50,OPEN,0
672441.131,0,1,0,1.000,1.000,1.000,-90.00,175.65,-40.50,OPEN,0
672441.135,0,1,0,1.000,1.000,1.000,-90.00,175.42,-40.50,OPEN,0
672441.139,0,1,0,1.000,1.000,1.000,-90.00,175.18,-40.50,OPEN,0
672441.143,0,1,0,1.000,1.000,1.000,-90.00,174.94,-40.50,OPEN,0
672441.147,0,1,0,1.000,1.000,1.000,-90.00,174.73,-40.50,OPEN,0
672441.150,0,1,0,1.000,1.000,1.000,-90.00,174.50,-40.50,OPEN,0
672441.155,0,1,0,1.000,1.000,1.000,-90.00,174.23,-40.50,OPEN,0
672441.159,0,1,0,1.000,1.000,1.000,-90.00,173.97,-40.50,OPEN,0
672441.164,0,1,0,1.000,1.000,1.000,-90.00,173.70,-40.50,OPEN,0
672441.169,0,1,0,1.000,1.000,1.000,-90.00,173.38,-40.50,OPEN,0
672441.173,0,1,0,1.000,1.000,1.000,-90.00,173.11,-40.50,OPEN,0
672441.178,0,1,0,1.000,1.000,1.000,-90.00,172.87,-40.50,OPEN,0
672441.182,0,1,0,1.000,1.000,1.000,-90.00,172.61,-40.50,OPEN,0
672441.186,0,1,0,1.000,1.000,1.000,-90.00,172.36,-40.50,OPEN,1
672441.191,0,1,0,1.000,1.000,1.000,-90.00,172.07,-40.50,OPEN,0
672441.195,0,1,0,1.000,1.000,1.000,-90.00,171.82,-40.50,OPEN,0
672441.199,0,1,0,1.000,1.000,1.000,-90.00,171.58,-40.50,OPEN,0
672441.203,0,1,0,1.000,1.000,1.000,-90.00,171.32,-40.50,OPEN,0
672441.208,0,1,0,1.000,1.000,1.000,-90.00,171.07,-40.50,OPEN,0
672441.211,0,1,0,1.000,1.000,1.000,-90.00,170.84,-40.50,OPEN,0
672441.215,0,1,0,1.000,1.000,1.000,-90.00,170.60,-40.50,OPEN,0
672441.219,0,1,0,1.000,1.000,1.000,-90.00,170.36,-40.50,OPEN,0
672441.223,0,1,0,1.000,1.000,1.000,-90.00,170.13,-40.50,OPEN,0
672441.227,0,1,0,1.000,1.000,1.000,-90.00,169.91,-40.50,OPEN,0
672441.231,0,1,0,1.000,1.000,1.000,-90.00,169.69,-40.50,OPEN,0
672441.235,0,1,0,1.000,1.000,1.000,-90.00,169.43,-40.50,OPEN,0
672441.239,0,1,0,1.000,1.000,1.000,-90.00,169.20,-40.50,OPEN,0
672441.243,0,1,0,1.000,1.000,1.000,-90.00,168.95,-40.50,OPEN,0
672441.247,0,1,0,1.000,1.000,1.000,-90.00,168.71,-40.50,OPEN,0
672441.252,0,1,0,1.000,1.000,1.000,-90.00,168.42,-40.50,OPEN,0
672441.256,0,1,0,1.000,1.000,1.000,-90.00,168.15,-40.50,OPEN,0
672441.260,0,1,0,1.000,1.000,1.000,-90.00,167.91,-40.50,OPEN,0
672441.264,0,1,0,1.000,1.000,1.000,-90.00,167.69,-40.50,OPEN,0
672441.268,0,1,0,1.000,1.000,1.000,-90.00,167.47,-40.50,OPEN,0
672441.271,0,1,0,1.000,1.000,1.000,-90.00,167.24,-40.50,OPEN,0
672441.275,0,1,0,1.000,1.000,1.000,-90.00,167.00,-40.50,OPEN,0
672441.280,0,1,0,1.000,1.000,1.000,-90.00,166.75,-40.50,OPEN,0
672441.283,0,1,0,1.000,1.000,1.000,-90.00,166.52,-40.50,OPEN,0
672441.287,0,1,0,1.000,1.000,1.000,-90.00,166.29,-40.50,OPEN,1
672441.292,0,1,0,1.000,1.000,1.000,-90.00,165.98,-40.50,OPEN,0
672441.296,0,1,0,1.000,1.000,1.000,-90.00,165.73,-40.50,OPEN,0
672441.301,0,1,0,1.000,1.000,1.000,-90.00,165.45,-40.50,OPEN,0
672441.307,0,1,0,1.000,1.000,1.000,-90.00,165.10,-40.50,OPEN,0
672441.314,0,1,0,1.000,1.000,1.000,-90.00,164.68,-40.50,OPEN,0
672441.320,0,1,0,1.000,1.000,1.000,-90.00,164.33,-40.50,OPEN,0
672441.325,0,1,0,1.000,1.000,1.000,-90.00,164.03,-40.50,OPEN,0
672441.330,0,1,0,1.000,1.000,1.000,-90.00,163.74,-40.50,OPEN,0
672441.334,0,1,0,1.000,1.000,1.000,-90.00,163.47,-40.50,OPEN,0
672441.338,0,1,0,1.000,1.000,1.000,-90.00,163.22,-40.50,OPEN,0
672441.343,0,1,0,1.000,1.000,1.000,-90.00,162.97,-40.50,OPEN,0
672441.346,0,1,0,1.000,1.000,1.000,-90.00,162.73,-40.50,OPEN,0
672441.350,0,1,0,1.000,1.000,1.000,-90.00,162.50,-40.50,OPEN,0
672441.354,0,1,0,1.000,1.000,1.000,-90.00,162.27,-40.50,OPEN,0
672441.358,0,1,0,1.000,1.000,1.000,-90.00,162.02,-40.50,OPEN,0
672441.362,0,1,0,1.000,1.000,1.000,-90.00,161.79,-40.50,OPEN,0
672441.366,0,1,0,1.000,1.000,1.000,-90.00,161.57,-40.50,OPEN,0
672441.369,0,1,0,1.000,1.000,1.000,-90.00,161.36,-40.50,OPEN,0
672441.374,0,1,0,1.000,1.000,1.000,-90.00,161.10,-40.50,OPEN,0
672441.378,0,1,0,1.000,1.000,1.000,-90.00,160.87,-40.50,OPEN,0
672441.382,0,1,0,1.000,1.000,1.000,-90.00,160.57,-40.50,OPEN,0
672441.388,0,1,0,1.000,1.000,1.000,-90.00,160.26,-40.50,OPEN,1
672441.394,0,1,0,1.000,1.000,1.000,-90.00,159.90,-40.50,OPEN,0
672441.399,0,1,0,1.000,1.000,1.000,-90.00,159.56,-40.50,OPEN,0
672441.406,0,1,0,1.000,1.000,1.000,-90.00,159.19,-40.50,OPEN,0
672441.411,0,1,0,1.000,1.000,1.000,-90.00,158.87,-40.50,OPEN,0
672441.418,0,1,0,1.000,1.000,1.000,-90.00,158.45,-40.50,OPEN,0
672441.423,0,1,0,1.000,1.000,1.000,-90.00,158.17,-40.50,OPEN,0
672441.427,0,1,0,1.000,1.000,1.000,-90.00,157.93,-40.50,OPEN,0
672441.430,0,1,0,1.000,1.000,1.000,-90.00,157.69,-40.50,OPEN,0
672441.435,0,1,0,1.000,1.000,1.000,-90.00,157.45,-40.50,OPEN,0
672441.438,0,1,0,1.000,1.000,1.000,-90.00,157.22,-40.50,OPEN,0
672441.442,0,1,0,1.000,1.000,1.000,-90.00,156.98,-40.50,OPEN,0
672441.446,0,1,0,1.000,1.000,1.000,-90.00,156.74,-40.50,OPEN,0
672441.451,0,1,0,1.000,1.000,1.000,-90.00,156.49,-40.50,OPEN,0
672441.455,0,1,0,1.000,1.000,1.000,-90.00,156.25,-40.50,OPEN,0
672441.459,0,1,0,1.000,1.000,1.000,-90.00,156.00,-40.50,OPEN,0
672441.464,0,1,0,1.000,1.000,1.000,-90.00,155.69,-40.50,OPEN,0
672441.468,0,1,0,1.000,1.000,1.000,-90.00,155.43,-40.50,OPEN,0
672441.473,0,1,0,1.000,1.000,1.000,-90.00,155.16,-40.50,OPEN,0
672441.477,0,1,0,1.000,1.000,1.000,-90.00,154.89,-40.50,OPEN,0
672441.481,0,1,0,1.000,1.000,1.000,-90.00,154.64,-40.50,OPEN,0
672441.486,0,1,0,1.000,1.000,1.000,-90.00,154.38,-40.50,OPEN,0
672441.490,0,1,0,1.000,1.000,1.000,-90.00,154.12,-40.50,OPEN,1
672441.495,0,1,0,1.000,1.000,1.000,-90.00,153.83,-40.50,OPEN,0
672441.499,0,1,0,1.000,1.000,1.000,-90.00,153.59,-40.50,OPEN,0
672441.503,0,1,0,1.000,1.000,1.000,-90.00,153.36,-40.50,OPEN,0
672441.506,0,1,0,1.000,1.000,1.000,-90.00,153.15,-40.50,OPEN,0
672441.510,0,1,0,1.000,1.000,1.000,-90.00,152.91,-40.50,OPEN,0
672441.516,0,1,0,1.000,1.000,1.000,-90.00,152.56,-40.50,OPEN,0
672441.524,0,1,0,1.000,1.000,1.000,-90.00,152.10,-40.50,OPEN,0
672441.529,0,1,0,1.000,1.000,1.000,-90.00,151.78,-40.50,OPEN,0
672441.534,0,1,0,1.000,1.000,1.000,-90.00,151.51,-40.50,OPEN,0
672441.538,0,1,0,1.000,1.000,1.000,-90.00,151.25,-40.50,OPEN,0
672441.542,0,1,0,1.000,1.000,1.000,-90.00,151.00,-40.50,OPEN,0
672441.546,0,1,0,1.000,1.000,1.000,-90.00,150.76,-40.50,OPEN,0
672441.550,0,1,0,1.000,1.000,1.000,-90.00,150.54,-40.50,OPEN,0
672441.554,0,1,0,1.000,1.000,1.000,-90.00,150.29,-40.50,OPEN,0
672441.558,0,1,0,1.000,1.000,1.000,-90.00,150.07,-40.50,OPEN,0
672441.561,0,1,0,1.000,1.000,1.000,-90.00,149.85,-40.50,OPEN,0
672441.565,0,1,0,1.000,1.000,1.000,-90.00,149.62,-40.50,OPEN,0
672441.569,0,1,0,1.000,1.000,1.000,-90.00,149.37,-40.50,OPEN,0
672441.574,0,1,0,1.000,1.000,1.000,-90.00,149.11,-40.50,OPEN,0
672441.578,0,1,0,1.000,1.000,1.000,-90.00,148.86,-40.50,OPEN,0
672441.582,0,1,0,1.000,1.000,1.000,-90.00,148.60,-40.50,OPEN,0
672441.587,0,1,0,1.000,1.000,1.000,-90.00,148.33,-40.50,OPEN,0
672441.591,0,1,0,1.000,1.000,1.000,-90.00,148.08,-40.50,OPEN,1
672441.595,0,0,0,1.000,1.000,1.000,-90.00,148.34,-40.50,OPEN,0
672441.599,0,0,0,1.000,1.000,1.000,-90.00,148.59,-40.50,OPEN,0
672441.604,0,0,0,1.000,1.000,1.000,-90.00,148.87,-40.50,OPEN,0
672441.608,0,0,0,1.000,1.000,1.000,-90.00,149.12,-40.50,OPEN,0
672441.612,0,0,0,1.000,1.000,1.000,-90.00,149.38,-40.50,OPEN,0
672441.617,0,0,0,1.000,1.000,1.000,-90.00,149.64,-40.50,OPEN,0
672441.621,0,0,0,1.000,1.000,1.000,-90.00,149.90,-40.50,OPEN,0
672441.626,0,0,0,1.000,1.000,1.000,-90.00,150.17,-40.50,OPEN,0
672441.631,0,0,0,1.000,1.000,1.000,-90.00,150.50,-40.50,OPEN,0
672441.636,0,0,0,1.000,1.000,1.000,-90.00,150.81,-40.50,OPEN,0
672441.640,0,0,0,1.000,1.000,1.000,-90.00,151.05,-40.50,OPEN,0
672441.644,0,0,0,0.999,1.000,1.000,-90.00,151.30,-40.50,OPEN,0
672441.648,0,0,0,0.990,1.000,1.000,-90.00,151.54,-40.50,OPEN,0
672441.653,0,0,0,0.933,1.000,1.000,-90.00,151.82,-40.50,OPEN,0
672441.657,0,0,0,0.848,1.000,1.000,-90.00,152.06,-40.50,OPEN,0
672441.661,0,0,0,0.869,1.000,1.000,-90.00,152.30,-40.50,OPEN,0
672441.665,0,0,0,0.831,0.999,1.000,-90.00,152.52,-40.50,OPEN,0
672441.668,0,0,0,0.642,0.741,1.000,-90.00,152.74,-40.50,OPEN,0
672441.672,0,0,0,0.771,0.988,1.000,-90.00,152.97,-40.50,OPEN,0
672441.676,0,0,0,0.775,1.000,1.000,-90.00,153.19,-40.50,OPEN,0
672441.680,0,0,0,0.624,1.000,1.000,-90.00,153.43,-40.50,OPEN,0
672441.684,0,0,0,0.626,1.000,1.000,-90.00,153.67,-40.50,OPEN,0
672441.688,0,0,0,0.819,1.000,1.000,-90.00,153.92,-40.50,OPEN,0
672441.693,0,0,0,0.910,1.000,1.000,-90.00,154.21,-40.50,OPEN,1
672441.698,0,0,0,0.978,1.000,1.000,-90.00,154.50,-40.50,OPEN,0
672441.702,0,0,0,0.995,1.000,1.000,-90.00,154.78,-40.50,OPEN,0
672441.707,0,0,0,1.000,1.000,1.000,-90.00,155.06,-40.50,OPEN,0
672441.711,0,0,0,1.000,1.000,0.998,-90.00,155.32,-40.50,OPEN,0
672441.716,0,0,0,1.000,1.000,0.994,-90.00,155.59,-40.50,OPEN,0
672441.721,3,0,0,1.000,1.000,0.982,-90.00,155.88,-40.50,CLOSED,0
672441.725,3,0,0,1.000,1.000,0.958,-90.00,156.12,-40.50,CLOSED,0
672441.729,3,0,0,1.000,1.000,0.934,-90.00,156.37,-40.50,CLOSED,0
672441.733,3,0,0,1.000,1.000,0.709,-90.00,156.60,-40.50,CLOSED,0
672441.737,3,0,0,1.000,1.000,0.893,-90.00,156.83,-40.50,CLOSED,0
672441.740,3,0,0,1.000,1.000,0.994,-90.00,157.04,-40.50,CLOSED,0
672441.744,3,0,0,1.000,1.000,1.000,-90.00,157.29,-40.50,CLOSED,0
672441.749,3,0,0,1.000,1.000,1.000,-90.00,157.55,-40.50,CLOSED,0
672441.754,3,0,0,1.000,1.000,1.000,-90.00,157.89,-40.50,CLOSED,0
672441.759,3,0,0,1.000,1.000,1.000,-90.00,158.17,-40.50,CLOSED,0
672441.764,3,0,0,1.000,1.000,1.000,-90.00,158.46,-40.50,CLOSED,0
672441.769,3,0,0,1.000,1.000,1.000,-90.00,158.75,-40.50,CLOSED,0
672441.773,3,0,0,1.000,1.000,1.000,-90.00,158.99,-40.50,CLOSED,0
672441.777,3,0,0,1.000,1.000,1.000,-90.00,159.23,-40.50,CLOSED,0
672441.780,3,0,0,1.000,1.000,1.000,-90.00,159.46,-40.50,CLOSED,0
672441.784,3,0,0,1.000,1.000,1.000,-90.00,159.70,-40.50,CLOSED,0
672441.788,3,0,0,1.000,1.000,1.000,-90.00,159.93,-40.50,CLOSED,0
672441.792,3,0,0,1.000,1.000,1.000,-90.00,160.15,-40.50,CLOSED,0
672441.796,3,0,0,1.000,1.000,1.000,-90.00,160.38,-40.50,CLOSED,1
672441.799,3,0,0,1.000,1.000,1.000,-90.00,160.59,-40.50,CLOSED,0
672441.803,3,0,0,1.000,1.000,1.000,-90.00,160.82,-40.50,CLOSED,0
672441.807,3,0,0,1.000,1.000,1.000,-90.00,161.05,-40.50,CLOSED,0
672441.810,3,0,0,1.000,1.000,1.000,-90.00,161.25,-40.50,CLOSED,0
672441.814,3,0,0,1.000,1.000,1.000,-90.00,161.46,-40.50,CLOSED,0
672441.817,3,0,0,1.000,1.000,1.000,-90.00,161.68,-40.50,CLOSED,0
672441.822,3,0,0,1.000,1.000,1.000,-90.00,161.95,-40.50,CLOSED,0
672441.826,3,0,0,1.000,1.000,1.000,-90.00,162.21,-40.50,CLOSED,0
672441.831,3,0,0,1.000,1.000,1.000,-90.00,162.47,-40.50,CLOSED,0
672441.836,3,0,0,1.000,1.000,1.000,-90.00,162.77,-40.50,CLOSED,0
672441.841,3,0,0,1.000,1.000,1.000,-90.00,163.10,-40.50,CLOSED,0
672441.846,3,0,0,1.000,1.000,1.000,-90.00,163.37,-40.50,CLOSED,0
672441.850,3,0,0,1.000,1.000,1.000,-90.00,163.63,-40.50,CLOSED,0
672441.855,3,0,0,1.000,1.000,1.000,-90.00,163.91,-40.50,CLOSED,0
672441.858,3,0,0,1.000,1.000,1.000,-90.00,164.13,-40.50,CLOSED,0
672441.862,3,0,0,1.000,1.000,1.000,-90.00,164.37,-40.50,CLOSED,0
672441.866,3,0,0,1.000,1.000,1.000,-90.00,164.59,-40.50,CLOSED,0
672441.870,3,0,0,1.000,1.000,1.000,-90.00,164.81,-40.50,CLOSED,0
672441.874,3,0,0,1.000,1.000,1.000,-90.00,165.05,-40.50,CLOSED,0
672441.878,3,0,0,1.000,1.000,1.000,-90.00,165.33,-40.50,CLOSED,0
672441.883,3,0,0,1.000,1.000,1.000,-90.00,165.62,-40.50,CLOSED,0
672441.887,3,0,0,1.000,1.000,1.000,-90.00,165.87,-40.50,CLOSED,0
672441.891,3,0,0,1.000,1.000,1.000,-90.00,166.12,-40.50,CLOSED,0
672441.896,3,0,0,1.000,1.000,1.000,-90.00,166.37,-40.50,CLOSED,0
672441.900,3,0,0,1.000,1.000,1.000,-90.00,166.61,-40.50,CLOSED,1
672441.904,3,0,0,1.000,1.000,1.000,-90.00,166.89,-40.50,CLOSED,0
672441.909,3,0,0,1.000,1.000,1.000,-90.00,167.16,-40.50,CLOSED,0
672441.913,3,0,0,1.000,1.000,1.000,-90.00,167.42,-40.50,CLOSED,0
672441.917,3,0,0,1.000,1.000,1.000,-90.00,167.67,-40.50,CLOSED,0
672441.921,3,0,0,1.000,1.000,1.000,-90.00,167.89,-40.50,CLOSED,0
672441.925,3,0,0,1.000,1.000,1.000,-90.00,168.12,-40.50,CLOSED,0
672441.928,3,0,0,1.000,1.000,1.000,-90.00,168.34,-40.50,CLOSED,0
672441.932,3,0,0,1.000,1.000,1.000,-90.00,168.57,-40.50,CLOSED,0
672441.936,3,0,0,1.000,1.000,1.000,-90.00,168.81,-40.50,CLOSED,0
672441.941,3,0,0,1.000,1.000,1.000,-90.00,169.11,-40.50,CLOSED,0
672441.948,3,0,0,1.000,1.000,1.000,-90.00,169.49,-40.50,CLOSED,0
672441.952,3,0,0,1.000,1.000,1.000,-90.00,169.78,-40.50,CLOSED,0
672441.957,3,0,0,1.000,1.000,1.000,-90.00,170.05,-40.50,CLOSED,0
672441.961,3,0,0,1.000,1.000,1.000,-90.00,170.32,-40.50,CLOSED,0
672441.966,3,0,0,1.000,1.000,1.000,-90.00,170.58,-40.50,CLOSED,0
672441.971,3,0,0,1.000,1.000,1.000,-90.00,170.88,-40.50,CLOSED,0
672441.976,3,0,0,1.000,1.000,1.000,-90.00,171.20,-40.50,CLOSED,0
672441.980,3,0,0,1.000,1.000,1.000,-90.00,171.44,-40.50,CLOSED,0
672441.984,3,0,0,1.000,1.000,1.000,-90.00,171.67,-40.50,CLOSED,0
672441.988,3,0,0,1.000,1.000,1.000,-90.00,171.89,-40.50,CLOSED,0
672441.991,3,0,0,1.000,1.000,1.000,-90.00,172.12,-40.50,CLOSED,0
672441.995,3,0,0,1.000,1.000,1.000,-90.00,172.35,-40.50,CLOSED,0
672441.999,3,0,0,1.000,1.000,1.000,-90.00,172.58,-40.50,CLOSED,0
672442.004,3,0,0,1.000,1.000,1.000,-90.00,172.85,-40.50,CLOSED,1
672442.008,3,0,0,1.000,1.000,1.000,-90.00,173.11,-40.50,CLOSED,0
672442.012,3,0,0,1.000,1.000,1.000,-90.00,173.35,-40.50,CLOSED,0
672442.016,3,0,0,1.000,1.000,1.000,-90.00,173.59,-40.50,CLOSED,0
672442.020,3,0,0,1.000,1.000,1.000,-90.00,173.82,-40.50,CLOSED,0
672442.024,3,0,0,1.000,1.000,1.000,-90.00,174.06,-40.50,CLOSED,0
672442.028,3,0,0,1.000,1.000,1.000,-90.00,174.30,-40.50,CLOSED,0
672442.032,3,0,0,1.000,1.000,1.000,-90.00,174.58,-40.50,CLOSED,0
672442.037,3,0,0,1.000,1.000,1.000,-90.00,174.83,-40.50,CLOSED,0
672442.041,3,0,0,1.000,1.000,1.000,-90.00,175.07,-40.50,CLOSED,0
672442.044,3,0,0,1.000,1.000,1.000,-90.00,175.30,-40.50,CLOSED,0
672442.048,3,0,0,1.000,1.000,1.000,-90.00,175.52,-40.50,CLOSED,0
672442.052,3,0,0,1.000,1.000,1.000,-90.00,175.78,-40.50,CLOSED,0
672442.056,3,0,0,1.000,1.000,1.000,-90.00,176.00,-40.50,CLOSED,0
672442.060,3,0,0,1.000,1.000,1.000,-90.00,176.21,-40.50,CLOSED,0
672442.064,3,0,0,1.000,1.000,1.000,-90.00,176.46,-40.50,CLOSED,0
672442.067,3,0,0,1.000,1.000,1.000,-90.00,176.67,-40.50,CLOSED,0
672442.071,3,0,0,1.000,1.000,1.000,-90.00,176.92,-40.50,CLOSED,0
672442.076,3,0,0,1.000,1.000,1.000,-90.00,177.18,-40.50,CLOSED,0
672442.081,3,0,0,1.000,1.000,1.000,-90.00,177.49,-40.50,CLOSED,0
672442.086,3,0,0,1.000,1.000,1.000,-90.00,177.81,-40.50,CLOSED,0
672442.091,3,0,0,1.000,1.000,1.000,-90.00,178.10,-40.50,CLOSED,0
672442.097,3,0,0,1.000,1.000,1.000,-90.00,178.43,-40.50,CLOSED,0
672442.102,3,0,0,1.000,1.000,1.000,-90.00,178.76,-40.50,CLOSED,0
672442.106,3,0,0,1.000,1.000,1.000,-90.00,179.01,-40.50,CLOSED,1
672442.110,3,0,0,1.000,1.000,1.000,-90.00,179.26,-40.50,CLOSED,0
672442.115,3,0,0,1.000,1.000,1.000,-90.00,179.52,-40.50,CLOSED,0
672442.119,3,0,0,1.000,1.000,1.000,-90.00,179.76,-40.50,CLOSED,0
672442.123,3,0,0,1.000,1.000,1.000,-90.00,180.00,-40.50,CLOSED,0
672442.127,3,0,0,1.000,1.000,1.000,-90.00,180.00,-40.50,CLOSED,0
672442.131,3,0,0,1.000,1.000,1.000,-90.00,180.00,-40.50,CLOSED,0
672442.135,3,0,0,1.000,1.000,1.000,-90.00,180.00,-40.50,CLOSED,0
672442.139,3,0,0,1.000,1.000,1.000,-90.00,180.00,-40.50,CLOSED,0
672442.143,3,0,0,1.000,1.000,1.000,-90.00,180.00,-40.50,CLOSED,0
672442.151,3,0,0,1.000,1.000,1.000,-90.00,180.00,-40.50,CLOSED,0
672442.162,3,0,0,1.000,1.000,1.000,-90.00,180.00,-40.50,CLOSED,0
672442.177,3,0,0,1.000,1.000,1.000,-90.00,180.00,-40.50,CLOSED,0
672442.188,3,0,0,1.000,1.000,1.000,-90.00,180.00,-40.50,CLOSED,0
672442.197,3,0,0,1.000,1.000,1.000,-90.00,180.00,-40.50,CLOSED,0
672442.205,3,1,0,0.999,1.000,1.000,-90.00,179.53,-40.50,CLOSED,0
672442.212,3,1,0,0.998,1.000,1.000,-90.00,179.10,-40.50,CLOSED,0
672442.219,3,1,0,0.986,1.000,1.000,-90.00,178.70,-40.50,CLOSED,0
672442.224,3,1,0,0.952,1.000,1.000,-90.00,178.39,-40.50,CLOSED,1
672442.228,3,1,0,0.694,1.000,1.000,-90.00,178.11,-40.50,CLOSED,0
672442.233,3,1,0,0.990,1.000,1.000,-90.00,177.83,-40.50,CLOSED,0
672442.238,3,1,0,0.986,1.000,1.000,-90.00,177.56,-40.50,CLOSED,0
672442.242,3,1,0,0.982,1.000,1.000,-90.00,177.28,-40.50,CLOSED,0
672442.247,3,1,0,0.995,1.000,1.000,-90.00,177.03,-40.50,CLOSED,0
672442.251,3,1,0,0.998,0.996,1.000,-90.00,176.79,-40.50,CLOSED,0
672442.255,3,1,0,0.999,0.576,1.000,-90.00,176.54,-40.50,CLOSED,0
672442.258,3,1,0,0.999,0.994,0.998,-90.00,176.32,-40.50,CLOSED,0
672442.262,0,1,0,1.000,1.000,0.990,-90.00,176.11,-40.50,CLOSED,0
672442.266,0,1,0,1.000,1.000,0.982,-90.00,175.88,-40.50,CLOSED,0
672442.269,0,1,1,1.000,1.000,0.984,-89.78,175.66,-40.50,CLOSED,0
672442.273,0,1,1,1.000,1.000,0.973,-89.56,175.44,-40.50,CLOSED,0
672442.277,0,1,1,0.999,1.000,0.967,-89.33,175.21,-40.50,CLOSED,0
672442.281,0,1,1,0.999,1.000,0.725,-89.09,174.97,-40.50,CLOSED,0
672442.285,0,1,1,0.615,1.000,1.000,-88.84,174.73,-40.50,CLOSED,0
672442.289,0,1,1,0.518,1.000,1.000,-88.57,174.46,-40.50,CLOSED,0
672442.293,0,1,1,0.981,1.000,1.000,-88.35,174.24,-40.50,CLOSED,0
672442.297,0,1,1,0.999,1.000,1.000,-88.12,174.00,-40.50,CLOSED,0
672442.302,0,1,1,1.000,1.000,1.000,-87.80,173.69,-40.50,CLOSED,0
672442.306,0,1,1,1.000,1.000,1.000,-87.56,173.45,-40.50,CLOSED,0
672442.310,0,1,1,1.000,1.000,1.000,-87.33,173.22,-40.50,CLOSED,0
672442.314,0,1,1,1.000,1.000,1.000,-87.11,173.00,-40.50,CLOSED,0
672442.318,0,1,1,1.000,1.000,1.000,-86.88,172.77,-40.50,CLOSED,0
672442.321,0,1,1,0.999,1.000,1.000,-86.66,172.54,-40.50,CLOSED,0
672442.325,0,1,1,0.998,1.000,1.000,-86.42,172.31,-40.50,CLOSED,1
672442.329,0,1,1,0.997,1.000,1.000,-86.20,172.09,-40.50,CLOSED,0
672442.332,0,1,1,0.997,1.000,1.000,-85.99,171.87,-40.50,CLOSED,0
672442.336,0,1,1,0.995,1.000,1.000,-85.78,171.66,-40.50,CLOSED,0
672442.340,0,1,1,1.000,1.000,1.000,-85.55,171.43,-40.50,CLOSED,0
672442.344,0,1,1,0.996,1.000,1.000,-85.30,171.19,-40.50,CLOSED,0
672442.348,0,1,1,1.000,1.000,1.000,-85.08,170.96,-40.50,CLOSED,0
672442.352,0,1,1,0.957,1.000,1.000,-84.83,170.71,-40.50,CLOSED,0
672442.356,0,1,1,0.951,1.000,1.000,-84.60,170.49,-40.50,CLOSED,0
672442.359,0,1,1,1.000,0.818,0.850,-84.37,170.26,-40.50,CLOSED,0
672442.363,0,1,1,1.000,0.999,0.998,-84.13,170.01,-40.50,CLOSED,0
672442.368,0,1,1,1.000,1.000,0.999,-83.86,169.75,-40.50,CLOSED,0
672442.372,0,1,1,1.000,0.999,1.000,-83.59,169.47,-40.50,CLOSED,0
672442.377,0,1,1,1.000,0.997,1.000,-83.34,169.22,-40.50,CLOSED,0
672442.381,0,1,1,1.000,0.981,1.000,-83.09,168.97,-40.50,CLOSED,0
672442.385,0,1,1,1.000,0.900,1.000,-82.84,168.73,-40.50,CLOSED,0
672442.389,0,1,1,1.000,0.804,1.000,-82.62,168.50,-40.50,CLOSED,0
672442.393,0,1,1,1.000,0.768,1.000,-82.38,168.26,-40.50,CLOSED,0
672442.397,0,1,1,1.000,0.522,1.000,-82.13,168.02,-40.50,CLOSED,0
672442.400,0,1,1,1.000,0.724,0.998,-81.91,167.79,-40.50,CLOSED,0
672442.404,0,1,1,1.000,0.775,0.988,-81.67,167.56,-40.50,CLOSED,0
672442.408,0,1,1,1.000,0.887,0.919,-81.43,167.31,-40.50,CLOSED,0
672442.413,0,1,1,1.000,0.880,0.625,-81.13,167.02,-40.50,CLOSED,0
672442.417,0,1,1,1.000,0.988,0.969,-80.90,166.79,-40.50,CLOSED,0
672442.421,0,1,1,1.000,0.999,0.996,-80.66,166.55,-40.50,CLOSED,0
672442.426,0,1,1,1.000,1.000,0.999,-80.40,166.29,-40.50,CLOSED,1
672442.430,0,1,1,1.000,1.000,1.000,-80.13,166.02,-40.50,CLOSED,0
672442.434,0,1,1,1.000,1.000,1.000,-79.87,165.76,-40.50,CLOSED,0
672442.438,0,1,1,1.000,1.000,1.000,-79.63,165.51,-40.50,CLOSED,0
672442.442,0,1,1,1.000,1.000,1.000,-79.40,165.29,-40.50,CLOSED,0
672442.446,0,1,1,1.000,1.000,1.000,-79.16,165.05,-40.50,CLOSED,0
672442.450,0,1,1,1.000,1.000,1.000,-78.94,164.82,-40.50,CLOSED,0
672442.454,0,1,1,1.000,1.000,1.000,-78.71,164.59,-40.50,CLOSED,0
672442.458,0,1,1,1.000,1.000,0.998,-78.46,164.35,-40.50,CLOSED,0
672442.462,0,1,1,1.000,1.000,0.995,-78.24,164.12,-40.50,CLOSED,0
672442.466,0,1,1,1.000,1.000,0.991,-78.00,163.89,-40.50,CLOSED,0
672442.469,0,1,1,1.000,1.000,0.995,-77.78,163.66,-40.50,CLOSED,0
672442.473,0,1,1,1.000,1.000,0.999,-77.55,163.44,-40.50,CLOSED,0
672442.478,0,1,1,1.000,1.000,1.000,-77.26,163.14,-40.50,CLOSED,0
672442.482,0,1,1,1.000,1.000,1.000,-77.02,162.90,-40.50,CLOSED,0
672442.486,0,1,1,1.000,1.000,1.000,-76.78,162.67,-40.50,CLOSED,0
672442.490,0,1,1,1.000,1.000,1.000,-76.53,162.42,-40.50,CLOSED,0
672442.494,0,1,1,1.000,1.000,1.000,-76.29,162.18,-40.50,CLOSED,0
672442.498,0,1,1,1.000,1.000,1.000,-76.08,161.96,-40.50,CLOSED,0
672442.502,0,1,1,1.000,1.000,1.000,-75.84,161.72,-40.50,CLOSED,0
672442.506,0,1,1,1.000,1.000,1.000,-75.60,161.48,-40.50,CLOSED,0
672442.509,0,1,1,1.000,1.000,1.000,-75.38,161.26,-40.50,CLOSED,0
672442.513,0,1,1,1.000,1.000,1.000,-75.16,161.05,-40.50,CLOSED,0
672442.516,0,1,1,1.000,1.000,1.000,-74.95,160.84,-40.50,CLOSED,0
672442.520,0,1,1,1.000,1.000,1.000,-74.74,160.62,-40.50,CLOSED,0
672442.524,0,1,1,1.000,1.000,1.000,-74.49,160.38,-40.50,CLOSED,0
672442.528,0,1,1,1.000,1.000,1.000,-74.24,160.12,-40.50,CLOSED,1
672442.533,0,1,1,1.000,1.000,1.000,-73.95,159.84,-40.50,CLOSED,0
672442.538,0,1,1,1.000,1.000,1.000,-73.66,159.54,-40.50,CLOSED,0
672442.543,0,1,1,1.000,1.000,1.000,-73.37,159.25,-40.50,CLOSED,0
672442.548,0,1,1,1.000,1.000,1.000,-73.04,158.92,-40.50,CLOSED,0
672442.553,0,1,1,1.000,1.000,1.000,-72.74,158.62,-40.50,CLOSED,0
672442.557,0,1,1,1.000,1.000,1.000,-72.49,158.38,-40.50,CLOSED,0
672442.561,0,1,1,1.000,1.000,1.000,-72.25,158.13,-40.50,CLOSED,0
672442.565,0,1,1,1.000,1.000,1.000,-72.01,157.89,-40.50,CLOSED,0
672442.570,0,1,1,1.000,1.000,1.000,-71.76,157.65,-40.50,CLOSED,0
672442.573,0,1,1,1.000,1.000,1.000,-71.55,157.43,-40.50,CLOSED,0
672442.577,0,1,1,1.000,1.000,1.000,-71.33,157.22,-40.50,CLOSED,0
672442.581,0,1,1,1.000,1.000,1.000,-71.10,156.98,-40.50,CLOSED,0
672442.585,0,1,1,1.000,1.000,1.000,-70.85,156.73,-40.50,CLOSED,0
672442.589,0,1,1,1.000,1.000,1.000,-70.61,156.49,-40.50,CLOSED,0
672442.592,0,1,1,1.000,1.000,1.000,-70.39,156.27,-40.50,CLOSED,0
672442.596,0,1,1,1.000,1.000,1.000,-70.17,156.06,-40.50,CLOSED,0
672442.600,0,1,1,1.000,1.000,1.000,-69.94,155.82,-40.50,CLOSED,0
672442.603,0,1,1,1.000,1.000,1.000,-69.73,155.61,-40.50,CLOSED,0
672442.607,0,1,1,1.000,1.000,1.000,-69.49,155.38,-40.50,CLOSED,0
672442.612,0,1,1,1.000,1.000,1.000,-69.23,155.12,-40.50,CLOSED,0
672442.616,0,1,1,1.000,1.000,1.000,-68.96,154.84,-40.50,CLOSED,0
672442.621,0,1,1,1.000,1.000,1.000,-68.70,154.58,-40.50,CLOSED,0
672442.625,0,1,1,1.000,1.000,1.000,-68.44,154.32,-40.50,CLOSED,0
672442.629,0,1,1,1.000,1.000,1.000,-68.19,154.07,-40.50,CLOSED,1
672442.634,0,1,1,1.000,1.000,1.000,-67.92,153.80,-40.50,CLOSED,0
672442.637,0,1,1,1.000,1.000,1.000,-67.69,153.57,-40.50,CLOSED,0
672442.642,0,1,1,1.000,1.000,1.000,-67.44,153.33,-40.50,CLOSED,0
672442.647,0,1,1,1.000,1.000,1.000,-67.13,153.01,-40.50,CLOSED,0
672442.650,0,1,1,1.000,1.000,1.000,-66.91,152.79,-40.50,CLOSED,0
672442.654,0,1,1,1.000,1.000,1.000,-66.68,152.57,-40.50,CLOSED,0
672442.658,0,1,1,1.000,1.000,1.000,-66.44,152.33,-40.50,CLOSED,0
672442.663,0,1,1,1.000,1.000,1.000,-66.17,152.05,-40.50,CLOSED,0
672442.667,0,1,1,1.000,1.000,1.000,-65.91,151.80,-40.50,CLOSED,0
672442.671,0,1,1,1.000,1.000,1.000,-65.66,151.55,-40.50,CLOSED,0
672442.675,0,1,1,1.000,1.000,1.000,-65.42,151.31,-40.50,CLOSED,0
672442.679,0,1,1,1.000,1.000,1.000,-65.18,151.06,-40.50,CLOSED,0
672442.683,0,1,1,1.000,1.000,1.000,-64.93,150.82,-40.50,CLOSED,0
672442.687,0,1,1,1.000,1.000,1.000,-64.72,150.60,-40.50,CLOSED,0
672442.690,0,1,1,1.000,1.000,1.000,-64.51,150.39,-40.50,CLOSED,0
672442.694,0,1,1,1.000,1.000,1.000,-64.27,150.16,-40.50,CLOSED,0
672442.698,0,1,1,1.000,1.000,1.000,-64.05,149.93,-40.50,CLOSED,0
672442.702,0,1,1,1.000,1.000,1.000,-63.80,149.69,-40.50,CLOSED,0
672442.706,0,1,1,1.000,1.000,1.000,-63.58,149.46,-40.50,CLOSED,0
672442.710,0,1,1,1.000,1.000,1.000,-63.35,149.23,-40.50,CLOSED,0
672442.713,0,1,1,1.000,1.000,1.000,-63.14,149.03,-40.50,CLOSED,0
672442.717,0,1,1,1.000,1.000,1.000,-62.93,148.82,-40.50,CLOSED,0
672442.720,0,1,1,1.000,1.000,1.000,-62.73,148.61,-40.50,CLOSED,0
672442.724,0,1,1,1.000,1.000,1.000,-62.51,148.40,-40.50,CLOSED,0
672442.728,0,1,1,1.000,1.000,1.000,-62.27,148.16,-40.50,CLOSED,0
672442.733,0,1,1,1.000,1.000,1.000,-61.95,147.84,-40.50,CLOSED,1
672442.739,0,1,1,1.000,1.000,1.000,-61.58,147.46,-40.50,CLOSED,0
672442.745,0,1,1,1.000,1.000,1.000,-61.21,147.10,-40.50,CLOSED,0
672442.751,0,1,1,1.000,1.000,1.000,-60.85,146.73,-40.50,CLOSED,0
672442.758,0,1,1,1.000,1.000,1.000,-60.48,146.37,-40.50,CLOSED,0
672442.764,0,1,1,1.000,1.000,1.000,-60.12,146.00,-40.50,CLOSED,0
672442.769,0,1,1,1.000,1.000,1.000,-59.78,145.67,-40.50,CLOSED,0
672442.775,0,1,1,1.000,1.000,1.000,-59.45,145.33,-40.50,CLOSED,0
672442.779,0,1,1,1.000,1.000,1.000,-59.18,145.07,-40.50,CLOSED,0
672442.783,0,1,1,1.000,1.000,1.000,-58.94,144.82,-40.50,CLOSED,0
672442.787,0,0,1,1.000,1.000,1.000,-58.69,145.07,-40.50,CLOSED,0
672442.793,0,0,1,1.000,1.000,1.000,-58.36,145.39,-40.50,CLOSED,0
672442.797,0,0,1,1.000,1.000,1.000,-58.11,145.64,-40.50,CLOSED,0
672442.801,0,0,1,1.000,1.000,1.000,-57.87,145.89,-40.50,CLOSED,0
672442.805,0,0,1,1.000,1.000,1.000,-57.65,146.11,-40.50,CLOSED,0
672442.809,0,0,1,1.000,1.000,1.000,-57.42,146.33,-40.50,CLOSED,0
672442.812,0,0,1,1.000,1.000,1.000,-57.19,146.57,-40.50,CLOSED,0
672442.817,0,0,0,1.000,1.000,1.000,-57.44,146.81,-40.50,CLOSED,0
672442.821,0,0,0,1.000,1.000,1.000,-57.68,147.05,-40.50,CLOSED,0
672442.824,0,0,0,1.000,1.000,1.000,-57.91,147.28,-40.50,CLOSED,0
672442.828,0,0,0,1.000,1.000,1.000,-58.14,147.52,-40.50,CLOSED,0
672442.833,0,0,0,0.997,1.000,1.000,-58.44,147.82,-40.50,CLOSED,1
672442.837,0,0,0,0.951,1.000,1.000,-58.68,148.05,-40.50,CLOSED,0
672442.841,0,0,0,0.970,1.000,1.000,-58.91,148.28,-40.50,CLOSED,0
672442.845,0,0,0,0.594,1.000,1.000,-59.12,148.50,-40.50,CLOSED,0
672442.849,0,0,0,0.787,1.000,1.000,-59.36,148.73,-40.50,CLOSED,0
672442.852,0,0,0,0.926,1.000,1.000,-59.58,148.95,-40.50,CLOSED,0
672442.856,0,0,0,0.991,1.000,1.000,-59.80,149.17,-40.50,CLOSED,0
672442.861,0,0,0,0.993,1.000,1.000,-60.09,149.46,-40.50,CLOSED,0
672442.865,0,0,0,0.998,1.000,1.000,-60.36,149.74,-40.50,CLOSED,0
672442.869,0,0,0,0.997,1.000,1.000,-60.58,149.96,-40.50,CLOSED,0
672442.873,0,0,0,0.998,1.000,1.000,-60.80,150.17,-40.50,CLOSED,0
672442.876,1,0,0,0.994,1.000,1.000,-61.01,150.39,-36.00,CLOSED,0
672442.881,1,0,0,0.997,1.000,1.000,-61.31,150.68,-36.00,CLOSED,0
672442.886,1,0,0,1.000,1.000,1.000,-61.61,150.98,-36.00,CLOSED,0
672442.891,1,0,0,1.000,1.000,1.000,-61.92,151.30,-36.00,CLOSED,0
672442.897,1,0,0,1.000,1.000,1.000,-62.24,151.62,-36.00,CLOSED,0
672442.902,1,0,0,1.000,1.000,1.000,-62.54,151.92,-36.00,CLOSED,0
672442.906,1,0,0,1.000,1.000,1.000,-62.82,152.19,-36.00,CLOSED,0
672442.911,1,0,0,1.000,1.000,1.000,-63.11,152.49,-36.00,CLOSED,0
672442.916,1,0,0,1.000,1.000,1.000,-63.38,152.76,-36.00,CLOSED,0
672442.920,1,0,0,1.000,1.000,1.000,-63.64,153.02,-36.00,CLOSED,0
672442.924,1,0,0,1.000,1.000,1.000,-63.89,153.27,-36.00,CLOSED,0
672442.928,1,0,0,1.000,1.000,1.000,-64.13,153.51,-36.00,CLOSED,0
672442.932,1,0,0,1.000,1.000,1.000,-64.37,153.75,-36.00,CLOSED,0
672442.936,1,0,0,1.000,1.000,1.000,-64.61,153.99,-36.00,CLOSED,1
672442.940,1,0,0,1.000,1.000,1.000,-64.83,154.21,-36.00,CLOSED,0
672442.944,1,0,0,1.000,1.000,1.000,-65.06,154.43,-36.00,CLOSED,0
672442.947,1,0,0,1.000,1.000,1.000,-65.27,154.65,-36.00,CLOSED,0
672442.951,1,0,0,1.000,1.000,1.000,-65.49,154.87,-36.00,CLOSED,0
672442.954,1,0,0,1.000,1.000,1.000,-65.70,155.08,-36.00,CLOSED,0
672442.958,1,0,0,1.000,1.000,1.000,-65.93,155.30,-36.00,CLOSED,0
672442.962,1,0,0,1.000,1.000,1.000,-66.15,155.53,-36.00,CLOSED,0
672442.966,1,0,0,1.000,1.000,1.000,-66.41,155.78,-36.00,CLOSED,0
672442.970,1,0,0,1.000,1.000,1.000,-66.63,156.00,-36.00,CLOSED,0
672442.973,1,0,0,1.000,1.000,1.000,-66.84,156.21,-36.00,CLOSED,0
672442.977,1,0,0,1.000,1.000,1.000,-67.05,156.43,-31.50,CLOSED,0
672442.980,1,0,0,1.000,1.000,1.000,-67.28,156.65,-31.50,CLOSED,0
672442.986,1,0,0,1.000,1.000,1.000,-67.60,156.98,-31.50,CLOSED,0
672442.990,1,0,0,1.000,1.000,1.000,-67.87,157.25,-31.50,CLOSED,0
672442.994,1,0,0,1.000,1.000,1.000,-68.08,157.46,-31.50,CLOSED,0
672442.998,1,0,0,1.000,1.000,1.000,-68.32,157.69,-31.50,CLOSED,0
672443.002,1,0,0,1.000,1.000,1.000,-68.59,157.96,-31.50,CLOSED,0
672443.007,1,0,0,1.000,1.000,1.000,-68.87,158.25,-31.50,CLOSED,0
672443.012,1,0,0,1.000,1.000,1.000,-69.16,158.54,-31.50,CLOSED,0
672443.017,1,0,0,1.000,1.000,1.000,-69.44,158.82,-31.50,CLOSED,0
672443.021,1,0,0,1.000,1.000,1.000,-69.73,159.10,-31.50,CLOSED,0
672443.026,1,0,0,1.000,1.000,1.000,-70.01,159.38,-31.50,CLOSED,0
672443.030,1,0,0,1.000,1.000,1.000,-70.27,159.65,-31.50,CLOSED,0
672443.034,1,0,0,1.000,1.000,1.000,-70.52,159.89,-31.50,CLOSED,0
672443.038,1,0,0,1.000,1.000,1.000,-70.75,160.13,-31.50,CLOSED,1
672443.042,1,0,0,1.000,1.000,1.000,-70.99,160.37,-31.50,CLOSED,0
672443.046,1,0,0,1.000,1.000,1.000,-71.22,160.60,-31.50,CLOSED,0
672443.050,1,0,0,1.000,1.000,1.000,-71.46,160.84,-31.50,CLOSED,0
672443.055,1,0,0,1.000,1.000,1.000,-71.72,161.09,-31.50,CLOSED,0
672443.059,1,0,0,1.000,1.000,1.000,-71.97,161.34,-31.50,CLOSED,0
672443.064,1,0,0,1.000,1.000,1.000,-72.29,161.67,-31.50,CLOSED,0
672443.069,1,0,0,1.000,1.000,1.000,-72.58,161.95,-31.50,CLOSED,0
672443.073,1,0,0,1.000,1.000,1.000,-72.82,162.20,-31.50,CLOSED,0
672443.077,1,0,0,1.000,1.000,1.000,-73.05,162.42,-31.50,CLOSED,0
672443.080,1,0,0,1.000,1.000,1.000,-73.27,162.65,-27.00,CLOSED,0
672443.084,1,0,0,1.000,1.000,1.000,-73.50,162.88,-27.00,CLOSED,0
672443.088,1,0,0,1.000,1.000,1.000,-73.74,163.11,-27.00,CLOSED,0
672443.093,1,0,0,1.000,1.000,1.000,-74.01,163.39,-27.00,CLOSED,0
672443.098,1,0,0,1.000,1.000,1.000,-74.33,163.70,-27.00,CLOSED,0
672443.103,1,0,0,1.000,1.000,1.000,-74.61,163.98,-27.00,CLOSED,0
672443.107,1,0,0,1.000,1.000,1.000,-74.87,164.25,-27.00,CLOSED,0
672443.111,1,0,0,1.000,1.000,1.000,-75.13,164.51,-27.00,CLOSED,0
672443.115,1,0,0,1.000,1.000,1.000,-75.37,164.75,-27.00,CLOSED,0
672443.119,1,0,0,1.000,1.000,1.000,-75.61,164.99,-27.00,CLOSED,0
672443.123,1,0,0,1.000,1.000,1.000,-75.85,165.23,-27.00,CLOSED,0
672443.128,1,0,0,1.000,1.000,1.000,-76.10,165.47,-27.00,CLOSED,0
672443.132,1,0,0,1.000,1.000,1.000,-76.34,165.72,-27.00,CLOSED,0
672443.135,1,0,0,1.000,1.000,1.000,-76.55,165.93,-27.00,CLOSED,0
672443.139,1,0,0,1.000,1.000,1.000,-76.77,166.14,-27.00,CLOSED,1
672443.143,1,0,0,1.000,1.000,1.000,-77.00,166.38,-27.00,CLOSED,0
672443.146,1,0,0,1.000,1.000,1.000,-77.23,166.61,-27.00,CLOSED,0
672443.150,1,0,0,1.000,1.000,1.000,-77.44,166.82,-27.00,CLOSED,0
672443.154,1,0,0,1.000,1.000,1.000,-77.66,167.04,-27.00,CLOSED,0
672443.158,1,0,0,1.000,1.000,1.000,-77.91,167.28,-27.00,CLOSED,0
672443.163,1,0,0,1.000,1.000,1.000,-78.25,167.63,-27.00,CLOSED,0
672443.168,1,0,0,1.000,1.000,1.000,-78.55,167.92,-27.00,CLOSED,0
672443.172,1,0,0,1.000,1.000,1.000,-78.78,168.15,-27.00,CLOSED,0
672443.176,1,0,0,1.000,1.000,1.000,-79.03,168.41,-27.00,CLOSED,0
672443.181,1,0,0,1.000,1.000,1.000,-79.31,168.68,-22.50,CLOSED,0
672443.185,1,0,0,1.000,1.000,1.000,-79.57,168.95,-22.50,CLOSED,0
672443.189,1,0,0,1.000,1.000,1.000,-79.80,169.17,-22.50,CLOSED,0
672443.193,1,0,0,1.000,1.000,1.000,-80.02,169.39,-22.50,CLOSED,0
672443.196,1,0,0,1.000,1.000,1.000,-80.24,169.61,-22.50,CLOSED,0
672443.201,1,0,0,1.000,1.000,1.000,-80.48,169.86,-22.50,CLOSED,0
672443.206,1,0,0,1.000,1.000,1.000,-80.78,170.16,-22.50,CLOSED,0
672443.210,1,0,0,1.000,1.000,1.000,-81.03,170.41,-22.50,CLOSED,0
672443.214,1,0,0,1.000,1.000,1.000,-81.27,170.64,-22.50,CLOSED,0
672443.217,1,0,0,1.000,1.000,1.000,-81.49,170.87,-22.50,CLOSED,0
672443.221,1,0,0,1.000,1.000,1.000,-81.71,171.09,-22.50,CLOSED,0
672443.225,1,0,0,1.000,1.000,1.000,-81.93,171.31,-22.50,CLOSED,0
672443.228,1,0,0,1.000,1.000,1.000,-82.15,171.53,-22.50,CLOSED,0
672443.232,1,0,0,1.000,1.000,1.000,-82.38,171.75,-22.50,CLOSED,0
672443.236,1,0,0,1.000,1.000,1.000,-82.61,171.99,-22.50,CLOSED,0
672443.240,1,0,0,1.000,1.000,1.000,-82.86,172.23,-22.50,CLOSED,1
672443.246,1,0,0,1.000,1.000,1.000,-83.20,172.57,-22.50,CLOSED,0
672443.252,1,0,0,1.000,1.000,1.000,-83.54,172.92,-22.50,CLOSED,0
672443.257,1,0,0,1.000,1.000,1.000,-83.87,173.25,-22.50,CLOSED,0
672443.262,1,0,0,1.000,1.000,1.000,-84.16,173.54,-22.50,CLOSED,0
672443.267,1,0,0,1.000,1.000,1.000,-84.44,173.82,-22.50,CLOSED,0
672443.271,1,0,0,1.000,1.000,1.000,-84.72,174.10,-22.50,CLOSED,0
672443.275,1,0,0,1.000,1.000,1.000,-84.96,174.33,-22.50,CLOSED,0
672443.279,1,0,0,1.000,1.000,1.000,-85.18,174.55,-22.50,CLOSED,0
672443.283,1,0,0,1.000,1.000,1.000,-85.40,174.77,-18.00,CLOSED,0
672443.287,1,0,0,1.000,1.000,1.000,-85.64,175.02,-18.00,CLOSED,0
672443.290,1,0,0,1.000,1.000,1.000,-85.87,175.25,-18.00,CLOSED,0
672443.294,1,0,0,1.000,1.000,1.000,-86.11,175.48,-18.00,CLOSED,0
672443.298,1,0,0,1.000,1.000,1.000,-86.35,175.73,-18.00,CLOSED,0
672443.303,1,0,0,1.000,1.000,1.000,-86.62,175.99,-18.00,CLOSED,0
672443.307,1,0,0,1.000,1.000,1.000,-86.86,176.23,-18.00,CLOSED,0
672443.311,1,0,0,1.000,1.000,1.000,-87.12,176.49,-18.00,CLOSED,0
672443.316,1,0,0,1.000,1.000,1.000,-87.42,176.79,-18.00,CLOSED,0
672443.320,1,0,0,1.000,1.000,1.000,-87.65,177.02,-18.00,CLOSED,0
672443.324,1,0,0,1.000,1.000,1.000,-87.87,177.25,-18.00,CLOSED,0
672443.328,1,0,0,1.000,1.000,1.000,-88.12,177.50,-18.00,CLOSED,0
672443.332,1,0,0,1.000,1.000,1.000,-88.36,177.73,-18.00,CLOSED,0
672443.336,1,0,0,1.000,1.000,1.000,-88.59,177.96,-18.00,CLOSED,0
672443.339,1,0,0,0.676,1.000,1.000,-88.80,178.17,-18.00,CLOSED,0
672443.343,1,0,0,0.982,1.000,1.000,-89.01,178.38,-18.00,CLOSED,1
672443.346,1,0,0,0.979,1.000,1.000,-89.22,178.59,-18.00,CLOSED,0
672443.350,1,0,0,0.992,1.000,1.000,-89.44,178.81,-18.00,CLOSED,0
672443.354,1,0,0,0.996,1.000,1.000,-89.68,179.05,-18.00,CLOSED,0
672443.358,1,0,0,0.997,1.000,1.000,-89.92,179.30,-18.00,CLOSED,0
672443.362,1,0,0,0.998,1.000,1.000,-90.00,179.54,-18.00,CLOSED,0
672443.366,1,0,0,0.998,1.000,1.000,-90.00,179.78,-18.00,CLOSED,0
672443.370,0,0,0,0.997,1.000,1.000,-90.00,180.00,-18.00,CLOSED,0
672443.374,0,0,0,0.999,1.000,1.000,-90.00,180.00,-18.00,CLOSED,0
672443.378,0,0,0,1.000,1.000,1.000,-90.00,180.00,-18.00,CLOSED,0
672443.382,0,0,0,0.995,1.000,1.000,-90.00,180.00,-18.00,CLOSED,0
672443.386,0,0,0,1.000,1.000,1.000,-90.00,180.00,-18.00,CLOSED,0
672443.390,0,0,0,1.000,1.000,1.000,-90.00,180.00,-18.00,CLOSED,0
672443.395,0,0,0,0.999,1.000,1.000,-90.00,180.00,-18.00,CLOSED,0
672443.399,0,0,0,0.999,1.000,1.000,-90.00,180.00,-18.00,CLOSED,0
672443.402,0,0,0,1.000,1.000,1.000,-90.00,180.00,-18.00,CLOSED,0
672443.406,0,0,0,1.000,1.000,1.000,-90.00,180.00,-18.00,CLOSED,0
672443.410,0,0,0,1.000,1.000,1.000,-90.00,180.00,-18.00,CLOSED,0
672443.414,0,0,0,1.000,1.000,1.000,-90.00,180.00,-18.00,CLOSED,0
672443.418,0,0,0,1.000,1.000,1.000,-90.00,180.00,-18.00,CLOSED,0
672443.421,0,0,0,1.000,1.000,1.000,-90.00,180.00,-18.00,CLOSED,0
672443.425,0,0,0,1.000,1.000,1.000,-90.00,180.00,-18.00,CLOSED,0
672443.430,0,0,0,1.000,1.000,1.000,-90.00,180.00,-18.00,CLOSED,0
672443.434,0,0,0,1.000,1.000,1.000,-90.00,180.00,-18.00,CLOSED,0
672443.438,0,0,0,1.000,1.000,1.000,-90.00,180.00,-18.00,CLOSED,0
672443.443,0,0,0,1.000,1.000,1.000,-90.00,180.00,-18.00,CLOSED,0
672443.447,0,0,0,1.000,1.000,1.000,-90.00,180.00,-18.00,CLOSED,1
672443.450,0,0,0,1.000,1.000,1.000,-90.00,180.00,-18.00,CLOSED,0
672443.454,0,0,0,1.000,1.000,1.000,-90.00,180.00,-18.00,CLOSED,0
672443.459,0,0,0,1.000,1.000,1.000,-90.00,180.00,-18.00,CLOSED,0
672443.463,0,0,0,1.000,1.000,1.000,-90.00,180.00,-18.00,CLOSED,0
672443.468,0,0,0,1.000,1.000,1.000,-90.00,180.00,-18.00,CLOSED,0
672443.473,0,0,0,1.000,1.000,1.000,-90.00,180.00,-18.00,CLOSED,0
672443.479,0,0,0,1.000,1.000,1.000,-90.00,180.00,-18.00,CLOSED,0
672443.484,0,0,0,1.000,1.000,1.000,-90.00,180.00,-18.00,CLOSED,0
672443.489,0,0,0,1.000,1.000,1.000,-90.00,180.00,-18.00,CLOSED,0
672443.494,0,0,0,1.000,1.000,1.000,-90.00,180.00,-18.00,CLOSED,0
672443.499,0,0,0,1.000,1.000,1.000,-90.00,180.00,-18.00,CLOSED,0
672443.504,0,0,0,1.000,1.000,1.000,-90.00,180.00,-18.00,CLOSED,0
672443.508,0,0,0,1.000,1.000,1.000,-90.00,180.00,-18.00,CLOSED,0
672443.512,0,0,0,1.000,1.000,1.000,-90.00,180.00,-18.00,CLOSED,0
672443.516,0,0,0,1.000,1.000,1.000,-90.00,180.00,-18.00,CLOSED,0
672443.520,0,0,0,1.000,1.000,1.000,-90.00,180.00,-18.00,CLOSED,0
672443.524,0,0,0,1.000,1.000,1.000,-90.00,180.00,-18.00,CLOSED,0
672443.528,0,0,0,1.000,1.000,1.000,-90.00,180.00,-18.00,CLOSED,0
672443.531,0,0,0,1.000,1.000,1.000,-90.00,180.00,-18.00,CLOSED,0
672443.535,0,0,0,1.000,1.000,1.000,-90.00,180.00,-18.00,CLOSED,0
672443.539,0,0,0,1.000,1.000,1.000,-90.00,180.00,-18.00,CLOSED,0
672443.543,0,0,0,1.000,1.000,1.000,-90.00,180.00,-18.00,CLOSED,0
672443.547,0,0,0,1.000,1.000,1.000,-90.00,180.00,-18.00,CLOSED,0
672443.552,0,0,0,1.000,1.000,1.000,-90.00,180.00,-18.00,CLOSED,0
672443.555,0,0,0,1.000,1.000,1.000,-90.00,180.00,-18.00,CLOSED,0
672443.559,0,0,0,1.000,1.000,1.000,-90.00,180.00,-18.00,CLOSED,0
672443.563,0,0,0,1.000,1.000,1.000,-90.00,180.00,-18.00,CLOSED,0
672443.567,0,0,0,1.000,1.000,1.000,-90.00,180.00,-18.00,CLOSED,0
672443.571,0,0,0,1.000,1.000,1.000,-90.00,180.00,-18.00,CLOSED,0
672443.575,0,0,0,1.000,1.000,1.000,-90.00,180.00,-18.00,CLOSED,0
672443.579,0,0,0,1.000,1.000,1.000,-90.00,180.00,-18.00,CLOSED,0
672443.583,0,0,0,1.000,1.000,1.000,-90.00,180.00,-18.00,CLOSED,0
672443.587,0,0,0,1.000,1.000,1.000,-90.00,180.00,-18.00,CLOSED,0
672443.591,0,0,0,1.000,1.000,1.000,-90.00,180.00,-18.00,CLOSED,0
672443.595,0,0,0,1.000,1.000,1.000,-90.00,180.00,-18.00,CLOSED,0
672443.598,0,0,0,1.000,1.000,1.000,-90.00,180.00,-18.00,CLOSED,0
672443.602,0,0,0,1.000,1.000,1.000,-90.00,180.00,-18.00,CLOSED,0
672443.606,0,0,0,1.000,1.000,1.000,-90.00,180.00,-18.00,CLOSED,0
672443.610,0,0,0,1.000,1.000,1.000,-90.00,180.00,-18.00,CLOSED,0
672443.614,0,0,0,1.000,1.000,1.000,-90.00,180.00,-18.00,CLOSED,0
672443.618,0,0,0,1.000,1.000,1.000,-90.00,180.00,-18.00,CLOSED,0
672443.622,0,0,0,1.000,1.000,1.000,-90.00,180.00,-18.00,CLOSED,0
672443.625,0,0,0,1.000,1.000,1.000,-90.00,180.00,-18.00,CLOSED,0
672443.629,0,0,0,1.000,1.000,1.000,-90.00,180.00,-18.00,CLOSED,0
672443.634,0,0,0,1.000,1.000,1.000,-90.00,180.00,-18.00,CLOSED,0
672443.639,0,0,0,1.000,1.000,1.000,-90.00,180.00,-18.00,CLOSED,0
672443.643,0,0,0,1.000,1.000,1.000,-90.00,180.00,-18.00,CLOSED,0
672443.647,0,0,0,1.000,1.000,1.000,-90.00,180.00,-18.00,CLOSED,0
672443.651,0,0,0,1.000,1.000,1.000,-90.00,180.00,-18.00,CLOSED,0
672443.654,0,0,0,1.000,1.000,1.000,-90.00,180.00,-18.00,CLOSED,0
672443.658,0,0,0,1.000,1.000,1.000,-90.00,180.00,-18.00,CLOSED,0
672443.662,0,0,0,1.000,1.000,1.000,-90.00,180.00,-18.00,CLOSED,0
672443.667,0,0,0,1.000,1.000,1.000,-90.00,180.00,-18.00,CLOSED,0
672443.671,0,0,0,1.000,1.000,1.000,-90.00,180.00,-18.00,CLOSED,0
672443.675,0,0,0,1.000,1.000,1.000,-90.00,180.00,-18.00,CLOSED,0
672443.679,0,0,0,1.000,1.000,1.000,-90.00,180.00,-18.00,CLOSED,0
672443.683,0,0,0,1.000,1.000,1.000,-90.00,180.00,-18.00,CLOSED,0
672443.687,0,0,0,1.000,1.000,1.000,-90.00,180.00,-18.00,CLOSED,0
672443.691,0,0,0,1.000,1.000,1.000,-90.00,180.00,-18.00,CLOSED,0
672443.695,0,0,0,1.000,1.000,1.000,-90.00,180.00,-18.00,CLOSED,0
672443.699,0,0,0,1.000,1.000,1.000,-90.00,180.00,-18.00,CLOSED,0
672443.704,0,0,0,1.000,1.000,1.000,-90.00,180.00,-18.00,CLOSED,0
672443.708,0,0,0,1.000,1.000,1.000,-90.00,180.00,-18.00,CLOSED,0
672443.713,0,0,0,1.000,1.000,1.000,-90.00,180.00,-18.00,CLOSED,0
672443.716,0,0,0,1.000,1.000,1.000,-90.00,180.00,-18.00,CLOSED,0
672443.720,0,0,0,1.000,1.000,1.000,-90.00,180.00,-18.00,CLOSED,0
672443.724,0,0,0,1.000,1.000,1.000,-90.00,180.00,-18.00,CLOSED,0
672443.728,0,0,0,1.000,1.000,1.000,-90.00,180.00,-18.00,CLOSED,0
672443.731,0,0,0,1.000,1.000,1.000,-90.00,180.00,-18.00,CLOSED,0
672443.735,0,0,0,1.000,1.000,1.000,-90.00,180.00,-18.00,CLOSED,0
672443.740,0,0,0,1.000,1.000,1.000,-90.00,180.00,-18.00,CLOSED,0
672443.745,0,0,0,1.000,1.000,1.000,-90.00,180.00,-18.00,CLOSED,0
672443.751,0,0,0,1.000,1.000,1.000,-90.00,180.00,-18.00,CLOSED,0
672443.756,0,0,0,1.000,1.000,1.000,-90.00,180.00,-18.00,CLOSED,0
672443.760,0,0,0,1.000,1.000,1.000,-90.00,180.00,-18.00,CLOSED,0
672443.765,0,0,0,1.000,1.000,1.000,-90.00,180.00,-18.00,CLOSED,0
672443.769,0,0,0,1.000,1.000,1.000,-90.00,180.00,-18.00,CLOSED,0
672443.773,0,0,0,1.000,1.000,1.000,-90.00,180.00,-18.00,CLOSED,0
672443.778,0,0,0,1.000,1.000,1.000,-90.00,180.00,-18.00,CLOSED,0
672443.782,0,0,0,1.000,1.000,1.000,-90.00,180.00,-18.00,CLOSED,0
672443.786,0,0,0,1.000,1.000,1.000,-90.00,180.00,-18.00,CLOSED,0
672443.790,0,0,0,1.000,1.000,1.000,-90.00,180.00,-18.00,CLOSED,0
672443.794,0,0,0,1.000,1.000,1.000,-90.00,180.00,-18.00,CLOSED,0
672443.798,0,0,0,1.000,1.000,1.000,-90.00,180.00,-18.00,CLOSED,0
672443.802,0,0,0,1.000,1.000,1.000,-90.00,180.00,-18.00,CLOSED,0
672443.805,0,0,0,1.000,1.000,1.000,-90.00,180.00,-18.00,CLOSED,0
672443.809,0,0,0,1.000,1.000,1.000,-90.00,180.00,-18.00,CLOSED,0
672443.813,0,0,0,1.000,1.000,1.000,-90.00,180.00,-18.00,CLOSED,0
672443.817,0,0,0,1.000,1.000,1.000,-90.00,180.00,-18.00,CLOSED,0
672443.820,0,0,0,1.000,1.000,1.000,-90.00,180.00,-18.00,CLOSED,0
672443.824,0,0,0,1.000,1.000,1.000,-90.00,180.00,-18.00,CLOSED,0
672443.828,0,0,0,1.000,1.000,1.000,-90.00,180.00,-18.00,CLOSED,0
672443.831,0,0,0,1.000,1.000,1.000,-90.00,180.00,-18.00,CLOSED,0
672443.835,0,0,0,1.000,1.000,1.000,-90.00,180.00,-18.00,CLOSED,0
672443.840,0,0,0,1.000,1.000,1.000,-90.00,180.00,-18.00,CLOSED,0
672443.844,0,0,0,1.000,1.000,1.000,-90.00,180.00,-18.00,CLOSED,0
672443.848,0,0,0,1.000,1.000,1.000,-90.00,180.00,-18.00,CLOSED,0
672443.853,0,0,0,1.000,1.000,1.000,-90.00,180.00,-18.00,CLOSED,0
672443.857,0,0,0,1.000,1.000,1.000,-90.00,180.00,-18.00,CLOSED,0
672443.861,0,0,0,1.000,1.000,1.000,-90.00,180.00,-18.00,CLOSED,0
672443.865,0,0,0,1.000,1.000,1.000,-90.00,180.00,-18.00,CLOSED,0
672443.869,0,0,0,1.000,1.000,1.000,-90.00,180.00,-18.00,CLOSED,0
672443.874,0,0,0,1.000,1.000,1.000,-90.00,180.00,-18.00,CLOSED,0
672443.878,0,0,0,1.000,1.000,1.000,-90.00,180.00,-18.00,CLOSED,0
672443.882,0,0,0,1.000,1.000,1.000,-90.00,180.00,-18.00,CLOSED,0
672443.886,0,0,0,1.000,1.000,1.000,-90.00,180.00,-18.00,CLOSED,0
672443.890,0,0,0,1.000,1.000,1.000,-90.00,180.00,-18.00,CLOSED,0
672443.893,0,0,0,1.000,1.000,1.000,-90.00,180.00,-18.00,CLOSED,0
672443.897,0,0,0,1.000,1.000,1.000,-90.00,180.00,-18.00,CLOSED,0
672443.901,0,0,0,1.000,1.000,1.000,-90.00,180.00,-18.00,CLOSED,0
672443.905,0,0,0,1.000,1.000,1.000,-90.00,180.00,-18.00,CLOSED,0
672443.908,0,0,0,1.000,1.000,1.000,-90.00,180.00,-18.00,CLOSED,0
672443.912,0,0,0,1.000,1.000,1.000,-90.00,180.00,-18.00,CLOSED,0
672443.915,0,0,0,1.000,1.000,1.000,-90.00,180.00,-18.00,CLOSED,0
672443.919,0,0,0,1.000,1.000,1.000,-90.00,180.00,-18.00,CLOSED,0
672443.923,0,0,0,1.000,1.000,1.000,-90.00,180.00,-18.00,CLOSED,0
672443.927,0,0,0,1.000,1.000,1.000,-90.00,180.00,-18.00,CLOSED,0
672443.931,0,0,0,0.994,1.000,1.000,-90.00,180.00,-18.00,CLOSED,0
672443.934,0,0,0,0.608,1.000,1.000,-90.00,180.00,-18.00,CLOSED,0
672443.938,0,0,0,0.933,1.000,1.000,-90.00,180.00,-18.00,CLOSED,0
672443.943,0,0,0,0.992,1.000,1.000,-90.00,180.00,-18.00,CLOSED,0
672443.948,0,0,0,0.998,1.000,1.000,-90.00,180.00,-18.00,CLOSED,0
672443.953,0,0,0,1.000,1.000,1.000,-90.00,180.00,-18.00,CLOSED,0
672443.958,0,0,0,1.000,1.000,1.000,-90.00,180.00,-18.00,CLOSED,0
672443.963,0,0,0,1.000,1.000,1.000,-90.00,180.00,-18.00,CLOSED,0
672443.967,0,0,0,1.000,1.000,1.000,-90.00,180.00,-18.00,CLOSED,0
672443.971,2,0,0,1.000,1.000,1.000,-90.00,180.00,-22.50,CLOSED,1
672443.976,2,0,0,1.000,1.000,1.000,-90.00,180.00,-22.50,CLOSED,0
672443.980,2,0,0,1.000,1.000,1.000,-90.00,180.00,-22.50,CLOSED,0
672443.984,2,0,0,1.000,1.000,1.000,-90.00,180.00,-22.50,CLOSED,0
672443.988,2,0,0,1.000,1.000,1.000,-90.00,180.00,-22.50,CLOSED,0
672443.992,2,0,0,1.000,1.000,1.000,-90.00,180.00,-22.50,CLOSED,0
672443.997,2,0,0,1.000,1.000,1.000,-90.00,180.00,-22.50,CLOSED,0
672444.001,2,0,0,1.000,1.000,1.000,-90.00,180.00,-22.50,CLOSED,0
672444.004,2,0,0,1.000,1.000,1.000,-90.00,180.00,-22.50,CLOSED,0
672444.008,2,0,0,1.000,1.000,1.000,-90.00,180.00,-22.50,CLOSED,0
672444.012,2,0,0,1.000,1.000,1.000,-90.00,180.00,-22.50,CLOSED,0
672444.016,2,0,0,1.000,1.000,1.000,-90.00,180.00,-22.50,CLOSED,0
672444.020,2,0,0,1.000,1.000,1.000,-90.00,180.00,-22.50,CLOSED,0
672444.024,2,0,0,1.000,1.000,1.000,-90.00,180.00,-22.50,CLOSED,0
672444.028,2,0,0,1.000,1.000,1.000,-90.00,180.00,-22.50,CLOSED,0
672444.032,2,0,0,1.000,1.000,1.000,-90.00,180.00,-22.50,CLOSED,0
672444.035,2,0,0,1.000,1.000,1.000,-90.00,180.00,-22.50,CLOSED,0
672444.039,2,0,0,1.000,1.000,1.000,-90.00,180.00,-22.50,CLOSED,0
672444.043,2,0,0,1.000,1.000,1.000,-90.00,180.00,-22.50,CLOSED,0
672444.047,2,0,0,1.000,1.000,1.000,-90.00,180.00,-22.50,CLOSED,0
672444.052,2,0,0,1.000,1.000,1.000,-90.00,180.00,-22.50,CLOSED,0
672444.056,2,0,0,1.000,1.000,1.000,-90.00,180.00,-22.50,CLOSED,0
672444.060,2,0,0,1.000,1.000,1.000,-90.00,180.00,-22.50,CLOSED,0
672444.064,2,0,0,1.000,1.000,1.000,-90.00,180.00,-22.50,CLOSED,0
672444.068,2,0,0,1.000,1.000,1.000,-90.00,180.00,-22.50,CLOSED,0
672444.072,2,0,0,1.000,1.000,1.000,-90.00,180.00,-27.00,CLOSED,1
672444.076,2,0,0,1.000,1.000,1.000,-90.00,180.00,-27.00,CLOSED,0
672444.080,2,0,0,1.000,1.000,1.000,-90.00,180.00,-27.00,CLOSED,0
672444.084,2,0,0,1.000,1.000,1.000,-90.00,180.00,-27.00,CLOSED,0
672444.088,2,0,0,1.000,1.000,1.000,-90.00,180.00,-27.00,CLOSED,0
672444.093,2,0,0,1.000,1.000,1.000,-90.00,180.00,-27.00,CLOSED,0
672444.098,2,0,0,1.000,1.000,1.000,-90.00,180.00,-27.00,CLOSED,0
672444.102,2,0,0,1.000,1.000,1.000,-90.00,180.00,-27.00,CLOSED,0
672444.106,2,0,0,1.000,1.000,1.000,-90.00,180.00,-27.00,CLOSED,0
672444.110,2,0,0,1.000,1.000,1.000,-90.00,180.00,-27.00,CLOSED,0
672444.114,2,0,0,1.000,1.000,1.000,-90.00,180.00,-27.00,CLOSED,0
672444.118,2,0,0,1.000,1.000,1.000,-90.00,180.00,-27.00,CLOSED,0
672444.122,2,0,0,1.000,1.000,1.000,-90.00,180.00,-27.00,CLOSED,0
672444.126,2,0,0,1.000,1.000,1.000,-90.00,180.00,-27.00,CLOSED,0
672444.130,2,0,0,1.000,1.000,1.000,-90.00,180.00,-27.00,CLOSED,0
672444.133,2,0,0,1.000,1.000,1.000,-90.00,180.00,-27.00,CLOSED,0
672444.137,2,0,0,1.000,1.000,1.000,-90.00,180.00,-27.00,CLOSED,0
672444.140,2,0,0,1.000,1.000,1.000,-90.00,180.00,-27.00,CLOSED,0
672444.144,2,0,0,1.000,1.000,1.000,-90.00,180.00,-27.00,CLOSED,0
672444.148,2,0,0,1.000,1.000,1.000,-90.00,180.00,-27.00,CLOSED,0
672444.152,2,0,0,1.000,1.000,1.000,-90.00,180.00,-27.00,CLOSED,0
672444.157,2,0,0,1.000,1.000,1.000,-90.00,180.00,-27.00,CLOSED,0
672444.162,2,0,0,1.000,1.000,1.000,-90.00,180.00,-27.00,CLOSED,0
672444.166,2,0,0,1.000,1.000,1.000,-90.00,180.00,-27.00,CLOSED,0
672444.170,2,0,0,1.000,1.000,1.000,-90.00,180.00,-27.00,CLOSED,0
672444.174,2,0,0,1.000,1.000,1.000,-90.00,180.00,-31.50,CLOSED,1
672444.178,2,0,0,1.000,1.000,1.000,-90.00,180.00,-31.50,CLOSED,0
672444.183,2,0,0,1.000,1.000,1.000,-90.00,180.00,-31.50,CLOSED,0
672444.186,2,0,0,1.000,1.000,1.000,-90.00,180.00,-31.50,CLOSED,0
672444.190,2,0,0,1.000,1.000,1.000,-90.00,180.00,-31.50,CLOSED,0
672444.194,2,0,0,1.000,1.000,1.000,-90.00,180.00,-31.50,CLOSED,0
672444.198,2,0,0,1.000,1.000,1.000,-90.00,180.00,-31.50,CLOSED,0
672444.204,2,0,0,1.000,1.000,1.000,-90.00,180.00,-31.50,CLOSED,0
672444.212,2,0,0,1.000,1.000,1.000,-90.00,180.00,-31.50,CLOSED,0
672444.230,2,0,0,1.000,1.000,1.000,-90.00,180.00,-31.50,CLOSED,0
672444.240,2,0,0,1.000,1.000,1.000,-90.00,180.00,-31.50,CLOSED,0
672444.249,2,0,0,1.000,1.000,1.000,-90.00,180.00,-31.50,CLOSED,0
672444.256,2,0,0,1.000,1.000,1.000,-90.00,180.00,-31.50,CLOSED,0
672444.263,2,0,0,1.000,1.000,1.000,-90.00,180.00,-31.50,CLOSED,0
672444.269,2,0,0,1.000,1.000,1.000,-90.00,180.00,-31.50,CLOSED,0
672444.274,2,0,0,1.000,1.000,1.000,-90.00,180.00,-31.50,CLOSED,0
672444.278,2,0,0,1.000,1.000,1.000,-90.00,180.00,-36.00,CLOSED,1
672444.283,2,0,0,1.000,1.000,1.000,-90.00,180.00,-36.00,CLOSED,0
672444.287,2,0,0,1.000,1.000,1.000,-90.00,180.00,-36.00,CLOSED,0
672444.291,2,0,0,1.000,1.000,1.000,-90.00,180.00,-36.00,CLOSED,0
672444.296,2,0,0,1.000,1.000,1.000,-90.00,180.00,-36.00,CLOSED,0
672444.301,2,0,0,1.000,1.000,1.000,-90.00,180.00,-36.00,CLOSED,0
672444.307,2,0,0,1.000,1.000,1.000,-90.00,180.00,-36.00,CLOSED,0
672444.312,2,0,0,1.000,1.000,1.000,-90.00,180.00,-36.00,CLOSED,0
672444.317,2,0,0,1.000,1.000,1.000,-90.00,180.00,-36.00,CLOSED,0
672444.321,2,0,0,1.000,1.000,1.000,-90.00,180.00,-36.00,CLOSED,0
672444.326,2,0,0,1.000,1.000,1.000,-90.00,180.00,-36.00,CLOSED,0
672444.331,2,0,0,1.000,1.000,1.000,-90.00,180.00,-36.00,CLOSED,0
672444.335,2,0,0,1.000,1.000,1.000,-90.00,180.00,-36.00,CLOSED,0
672444.339,2,0,0,1.000,1.000,1.000,-90.00,180.00,-36.00,CLOSED,0
672444.343,2,0,0,1.000,1.000,1.000,-90.00,180.00,-36.00,CLOSED,0
672444.347,2,0,0,1.000,1.000,1.000,-90.00,180.00,-36.00,CLOSED,0
672444.351,2,0,0,1.000,1.000,1.000,-90.00,180.00,-36.00,CLOSED,0
672444.354,2,0,0,1.000,1.000,1.000,-90.00,180.00,-36.00,CLOSED,0
672444.358,2,0,0,1.000,1.000,1.000,-90.00,180.00,-36.00,CLOSED,0
672444.362,2,0,0,1.000,1.000,1.000,-90.00,180.00,-36.00,CLOSED,0
672444.366,2,0,0,1.000,1.000,1.000,-90.00,180.00,-36.00,CLOSED,0
672444.369,2,0,0,1.000,1.000,1.000,-90.00,180.00,-36.00,CLOSED,0
672444.373,2,0,0,1.000,1.000,1.000,-90.00,180.00,-36.00,CLOSED,0
672444.377,2,0,0,1.000,1.000,1.000,-90.00,180.00,-36.00,CLOSED,0
672444.381,2,0,0,1.000,1.000,1.000,-90.00,180.00,-40.50,CLOSED,1
672444.385,2,0,0,1.000,1.000,1.000,-90.00,180.00,-40.50,CLOSED,0
672444.389,2,0,0,1.000,1.000,1.000,-90.00,180.00,-40.50,CLOSED,0
672444.394,2,0,0,1.000,1.000,1.000,-90.00,180.00,-40.50,CLOSED,0
672444.398,2,0,0,1.000,1.000,1.000,-90.00,180.00,-40.50,CLOSED,0
672444.402,2,0,0,1.000,1.000,1.000,-90.00,180.00,-40.50,CLOSED,0
672444.406,2,0,0,1.000,1.000,1.000,-90.00,180.00,-40.50,CLOSED,0
672444.411,2,0,0,1.000,1.000,1.000,-90.00,180.00,-40.50,CLOSED,0
672444.415,2,0,0,1.000,1.000,1.000,-90.00,180.00,-40.50,CLOSED,0
672444.418,2,0,0,1.000,1.000,1.000,-90.00,180.00,-40.50,CLOSED,0
672444.422,2,0,0,1.000,1.000,1.000,-90.00,180.00,-40.50,CLOSED,0
672444.426,2,0,0,1.000,1.000,1.000,-90.00,180.00,-40.50,CLOSED,0
672444.430,2,0,0,1.000,1.000,1.000,-90.00,180.00,-40.50,CLOSED,0
672444.434,2,0,0,1.000,1.000,1.000,-90.00,180.00,-40.50,CLOSED,0
672444.439,2,0,0,1.000,1.000,1.000,-90.00,180.00,-40.50,CLOSED,0
672444.443,2,0,0,1.000,1.000,1.000,-90.00,180.00,-40.50,CLOSED,0
672444.447,2,0,0,1.000,1.000,1.000,-90.00,180.00,-40.50,CLOSED,0
672444.451,2,0,0,1.000,1.000,1.000,-90.00,180.00,-40.50,CLOSED,0
672444.454,2,0,0,1.000,1.000,1.000,-90.00,180.00,-40.50,CLOSED,0
672444.458,2,0,0,1.000,1.000,1.000,-90.00,180.00,-40.50,CLOSED,0
672444.462,2,0,0,1.000,1.000,1.000,-90.00,180.00,-40.50,CLOSED,0
672444.466,2,0,0,1.000,1.000,1.000,-90.00,180.00,-40.50,CLOSED,0
672444.471,2,0,0,1.000,1.000,1.000,-90.00,180.00,-40.50,CLOSED,0
672444.475,2,0,0,1.000,1.000,1.000,-90.00,180.00,-40.50,CLOSED,0
672444.479,2,0,0,1.000,1.000,1.000,-90.00,180.00,-40.50,CLOSED,0
672444.483,2,0,0,1.000,1.000,1.000,-90.00,180.00,-45.00,CLOSED,1
672444.488,2,0,0,1.000,1.000,1.000,-90.00,180.00,-45.00,CLOSED,0
672444.492,2,0,0,0.994,1.000,1.000,-90.00,180.00,-45.00,CLOSED,0
672444.496,2,0,0,0.940,1.000,1.000,-90.00,180.00,-45.00,CLOSED,0
672444.500,2,0,0,0.630,1.000,1.000,-90.00,180.00,-45.00,CLOSED,0
672444.503,2,0,0,0.846,1.000,1.000,-90.00,180.00,-45.00,CLOSED,0
672444.507,2,0,0,0.921,1.000,1.000,-90.00,180.00,-45.00,CLOSED,0
672444.511,2,0,0,0.960,1.000,1.000,-90.00,180.00,-45.00,CLOSED,0
672444.515,2,0,0,0.976,1.000,1.000,-90.00,180.00,-45.00,CLOSED,0
672444.519,2,0,0,0.969,1.000,1.000,-90.00,180.00,-45.00,CLOSED,0
672444.523,2,0,0,0.963,1.000,1.000,-90.00,180.00,-45.00,CLOSED,0
672444.527,2,0,0,0.968,1.000,1.000,-90.00,180.00,-45.00,CLOSED,0
672444.530,0,0,0,0.974,1.000,1.000,-90.00,180.00,-45.00,CLOSED,0
672444.534,0,0,0,0.999,1.000,1.000,-90.00,180.00,-45.00,CLOSED,0
672444.538,0,0,0,1.000,1.000,1.000,-90.00,180.00,-45.00,CLOSED,0
672444.541,0,0,0,1.000,1.000,1.000,-90.00,180.00,-45.00,CLOSED,0
672444.545,0,0,0,1.000,1.000,1.000,-90.00,180.00,-45.00,CLOSED,0
672444.551,0,0,0,1.000,1.000,1.000,-90.00,180.00,-45.00,CLOSED,0
672444.555,0,0,0,1.000,1.000,1.000,-90.00,180.00,-45.00,CLOSED,0
672444.559,0,0,0,1.000,1.000,1.000,-90.00,180.00,-45.00,CLOSED,0
672444.562,0,0,0,1.000,1.000,1.000,-90.00,180.00,-45.00,CLOSED,0
672444.566,0,0,0,1.000,1.000,1.000,-90.00,180.00,-45.00,CLOSED,0
672444.570,0,0,0,1.000,1.000,1.000,-90.00,180.00,-45.00,CLOSED,0
672444.574,0,0,0,1.000,1.000,1.000,-90.00,180.00,-45.00,CLOSED,0
672444.578,0,0,0,1.000,1.000,1.000,-90.00,180.00,-45.00,CLOSED,0
672444.582,0,0,0,1.000,1.000,1.000,-90.00,180.00,-45.00,CLOSED,0
672444.586,0,0,0,1.000,1.000,1.000,-90.00,180.00,-45.00,CLOSED,0
672444.590,0,0,0,1.000,1.000,1.000,-90.00,180.00,-45.00,CLOSED,0
672444.594,0,0,0,1.000,1.000,1.000,-90.00,180.00,-45.00,CLOSED,0
672444.597,0,0,0,1.000,1.000,1.000,-90.00,180.00,-45.00,CLOSED,0
672444.601,0,0,0,1.000,1.000,1.000,-90.00,180.00,-45.00,CLOSED,0
672444.605,0,0,0,1.000,1.000,1.000,-90.00,180.00,-45.00,CLOSED,0
672444.609,0,0,0,1.000,1.000,1.000,-90.00,180.00,-45.00,CLOSED,0
672444.612,0,0,0,1.000,1.000,1.000,-90.00,180.00,-45.00,CLOSED,0
672444.616,0,0,0,1.000,1.000,1.000,-90.00,180.00,-45.00,CLOSED,0
672444.620,0,0,0,1.000,1.000,1.000,-90.00,180.00,-45.00,CLOSED,0
672444.624,0,0,0,1.000,1.000,1.000,-90.00,180.00,-45.00,CLOSED,0
672444.627,0,0,0,1.000,1.000,1.000,-90.00,180.00,-45.00,CLOSED,0
672444.631,0,0,0,1.000,1.000,1.000,-90.00,180.00,-45.00,CLOSED,0
672444.635,0,0,0,1.000,1.000,1.000,-90.00,180.00,-45.00,CLOSED,0
672444.639,0,0,0,1.000,1.000,1.000,-90.00,180.00,-45.00,CLOSED,0
672444.643,0,0,0,1.000,1.000,1.000,-90.00,180.00,-45.00,CLOSED,0
672444.647,0,0,0,1.000,1.000,1.000,-90.00,180.00,-45.00,CLOSED,0
672444.652,0,0,0,1.000,1.000,1.000,-90.00,180.00,-45.00,CLOSED,0
672444.657,0,0,0,1.000,1.000,1.000,-90.00,180.00,-45.00,CLOSED,0
672444.662,0,0,0,1.000,1.000,1.000,-90.00,180.00,-45.00,CLOSED,0
672444.666,0,0,0,1.000,1.000,1.000,-90.00,180.00,-45.00,CLOSED,0
672444.670,0,0,0,1.000,1.000,1.000,-90.00,180.00,-45.00,CLOSED,0
672444.674,0,0,0,1.000,1.000,1.000,-90.00,180.00,-45.00,CLOSED,0
672444.678,0,0,0,1.000,1.000,1.000,-90.00,180.00,-45.00,CLOSED,0
672444.681,0,0,0,1.000,1.000,1.000,-90.00,180.00,-45.00,CLOSED,0
672444.685,0,0,0,1.000,1.000,1.000,-90.00,180.00,-45.00,CLOSED,0
672444.689,0,0,0,1.000,1.000,1.000,-90.00,180.00,-45.00,CLOSED,0
672444.695,0,0,0,1.000,1.000,1.000,-90.00,180.00,-45.00,CLOSED,0
672444.699,0,0,0,1.000,1.000,1.000,-90.00,180.00,-45.00,CLOSED,0
672444.704,0,0,0,1.000,1.000,1.000,-90.00,180.00,-45.00,CLOSED,0
672444.709,0,0,0,1.000,1.000,1.000,-90.00,180.00,-45.00,CLOSED,0
672444.715,0,0,0,1.000,1.000,1.000,-90.00,180.00,-45.00,CLOSED,0
672444.719,0,0,0,1.000,1.000,1.000,-90.00,180.00,-45.00,CLOSED,0
672444.724,0,0,0,1.000,1.000,1.000,-90.00,180.00,-45.00,CLOSED,0
672444.728,0,0,0,1.000,1.000,1.000,-90.00,180.00,-45.00,CLOSED,0
672444.732,0,0,0,1.000,1.000,1.000,-90.00,180.00,-45.00,CLOSED,0
672444.736,0,0,0,1.000,1.000,1.000,-90.00,180.00,-45.00,CLOSED,0
672444.740,0,0,0,1.000,1.000,1.000,-90.00,180.00,-45.00,CLOSED,0
672444.743,0,0,0,1.000,1.000,1.000,-90.00,180.00,-45.00,CLOSED,0
672444.747,0,0,0,1.000,1.000,1.000,-90.00,180.00,-45.00,CLOSED,0
672444.751,0,0,0,1.000,1.000,1.000,-90.00,180.00,-45.00,CLOSED,0
672444.756,0,0,0,1.000,1.000,1.000,-90.00,180.00,-45.00,CLOSED,0
672444.760,0,0,0,1.000,1.000,1.000,-90.00,180.00,-45.00,CLOSED,0
672444.764,0,0,0,1.000,1.000,1.000,-90.00,180.00,-45.00,CLOSED,0
672444.768,0,0,0,1.000,1.000,1.000,-90.00,180.00,-45.00,CLOSED,0
672444.772,0,0,0,1.000,1.000,1.000,-90.00,180.00,-45.00,CLOSED,0
672444.777,0,0,0,1.000,1.000,1.000,-90.00,180.00,-45.00,CLOSED,0
672444.782,0,0,0,1.000,1.000,1.000,-90.00,180.00,-45.00,CLOSED,0
672444.786,0,0,0,1.000,1.000,1.000,-90.00,180.00,-45.00,CLOSED,0
672444.790,0,0,0,1.000,1.000,1.000,-90.00,180.00,-45.00,CLOSED,0
672444.794,0,0,0,1.000,1.000,1.000,-90.00,180.00,-45.00,CLOSED,0
672444.798,0,0,0,1.000,1.000,1.000,-90.00,180.00,-45.00,CLOSED,0
672444.802,0,0,0,1.000,1.000,1.000,-90.00,180.00,-45.00,CLOSED,0
672444.806,0,0,0,1.000,1.000,1.000,-90.00,180.00,-45.00,CLOSED,0
672444.809,0,0,0,1.000,1.000,1.000,-90.00,180.00,-45.00,CLOSED,0
672444.813,0,0,0,1.000,1.000,1.000,-90.00,180.00,-45.00,CLOSED,0
672444.818,0,0,0,1.000,1.000,1.000,-90.00,180.00,-45.00,CLOSED,0
672444.822,0,0,0,1.000,1.000,1.000,-90.00,180.00,-45.00,CLOSED,0
672444.826,0,0,0,1.000,1.000,1.000,-90.00,180.00,-45.00,CLOSED,0
672444.830,0,0,0,1.000,1.000,1.000,-90.00,180.00,-45.00,CLOSED,0
672444.834,0,0,0,1.000,1.000,1.000,-90.00,180.00,-45.00,CLOSED,0
672444.838,0,0,0,1.000,1.000,1.000,-90.00,180.00,-45.00,CLOSED,0
672444.842,0,0,0,1.000,1.000,1.000,-90.00,180.00,-45.00,CLOSED,0
672444.846,0,0,0,1.000,1.000,1.000,-90.00,180.00,-45.00,CLOSED,0
672444.850,0,0,0,1.000,1.000,1.000,-90.00,180.00,-45.00,CLOSED,0
672444.854,0,0,0,1.000,1.000,1.000,-90.00,180.00,-45.00,CLOSED,0
672444.857,0,0,0,1.000,1.000,1.000,-90.00,180.00,-45.00,CLOSED,0
672444.861,0,0,0,1.000,1.000,1.000,-90.00,180.00,-45.00,CLOSED,0
672444.865,0,0,0,1.000,1.000,1.000,-90.00,180.00,-45.00,CLOSED,0
672444.869,0,0,0,1.000,1.000,1.000,-90.00,180.00,-45.00,CLOSED,0
672444.875,0,0,0,1.000,1.000,1.000,-90.00,180.00,-45.00,CLOSED,0
672444.881,0,0,0,1.000,1.000,1.000,-90.00,180.00,-45.00,CLOSED,0
672444.886,0,0,0,1.000,1.000,1.000,-90.00,180.00,-45.00,CLOSED,0
672444.890,0,0,0,1.000,1.000,1.000,-90.00,180.00,-45.00,CLOSED,0
672444.896,0,0,0,1.000,1.000,1.000,-90.00,180.00,-45.00,CLOSED,0
672444.901,0,0,0,1.000,1.000,1.000,-90.00,180.00,-45.00,CLOSED,0
672444.905,0,0,0,1.000,1.000,1.000,-90.00,180.00,-45.00,CLOSED,0
672444.909,0,0,0,1.000,1.000,1.000,-90.00,180.00,-45.00,CLOSED,0
672444.913,0,0,0,1.000,1.000,1.000,-90.00,180.00,-45.00,CLOSED,0
672444.917,0,0,0,1.000,1.000,1.000,-90.00,180.00,-45.00,CLOSED,0
672444.920,0,0,0,1.000,1.000,1.000,-90.00,180.00,-45.00,CLOSED,0
672444.924,0,0,0,1.000,1.000,1.000,-90.00,180.00,-45.00,CLOSED,0
672444.928,0,0,0,1.000,1.000,1.000,-90.00,180.00,-45.00,CLOSED,0
672444.932,0,0,0,1.000,1.000,1.000,-90.00,180.00,-45.00,CLOSED,0
672444.936,0,0,0,1.000,1.000,1.000,-90.00,180.00,-45.00,CLOSED,0
672444.939,0,0,0,1.000,1.000,1.000,-90.00,180.00,-45.00,CLOSED,0
672444.944,0,0,0,1.000,1.000,1.000,-90.00,180.00,-45.00,CLOSED,0
672444.947,0,0,0,1.000,1.000,1.000,-90.00,180.00,-45.00,CLOSED,0
672444.951,0,0,0,1.000,1.000,1.000,-90.00,180.00,-45.00,CLOSED,0
672444.955,0,0,0,1.000,1.000,1.000,-90.00,180.00,-45.00,CLOSED,0
672444.958,0,0,0,1.000,1.000,1.000,-90.00,180.00,-45.00,CLOSED,0
672444.963,0,0,0,1.000,1.000,1.000,-90.00,180.00,-45.00,CLOSED,0
672444.967,0,0,0,1.000,1.000,1.000,-90.00,180.00,-45.00,CLOSED,0
672444.971,0,0,0,1.000,1.000,1.000,-90.00,180.00,-45.00,CLOSED,0
672444.975,0,0,0,1.000,1.000,1.000,-90.00,180.00,-45.00,CLOSED,0
672444.980,0,0,0,1.000,1.000,1.000,-90.00,180.00,-45.00,CLOSED,0
672444.985,0,0,0,1.000,1.000,1.000,-90.00,180.00,-45.00,CLOSED,0
672444.989,0,0,0,1.000,1.000,1.000,-90.00,180.00,-45.00,CLOSED,0
672444.993,0,0,0,1.000,1.000,1.000,-90.00,180.00,-45.00,CLOSED,0
672444.998,0,0,0,1.000,1.000,1.000,-90.00,180.00,-45.00,CLOSED,0
672445.004,0,0,0,1.000,1.000,1.000,-90.00,180.00,-45.00,CLOSED,0
672445.008,0,0,0,1.000,1.000,1.000,-90.00,180.00,-45.00,CLOSED,0
672445.012,0,0,0,1.000,1.000,1.000,-90.00,180.00,-45.00,CLOSED,0
672445.017,0,0,0,1.000,1.000,1.000,-90.00,180.00,-45.00,CLOSED,0
672445.021,0,0,0,1.000,1.000,1.000,-90.00,180.00,-45.00,CLOSED,0
672445.025,0,0,0,1.000,1.000,1.000,-90.00,180.00,-45.00,CLOSED,0
672445.029,0,0,0,1.000,1.000,1.000,-90.00,180.00,-45.00,CLOSED,0
672445.033,0,0,0,1.000,1.000,1.000,-90.00,180.00,-45.00,CLOSED,0
672445.037,0,0,0,1.000,1.000,1.000,-90.00,180.00,-45.00,CLOSED,0
672445.041,0,0,0,1.000,1.000,1.000,-90.00,180.00,-45.00,CLOSED,0
672445.046,0,0,0,1.000,1.000,1.000,-90.00,180.00,-45.00,CLOSED,0
672445.052,0,0,0,1.000,1.000,1.000,-90.00,180.00,-45.00,CLOSED,0
672445.057,0,0,0,1.000,1.000,1.000,-90.00,180.00,-45.00,CLOSED,0
672445.062,0,0,0,1.000,1.000,1.000,-90.00,180.00,-45.00,CLOSED,0
672445.067,0,0,0,1.000,1.000,1.000,-90.00,180.00,-45.00,CLOSED,0
672445.073,0,0,0,1.000,1.000,1.000,-90.00,180.00,-45.00,CLOSED,0
672445.077,0,0,0,1.000,1.000,1.000,-90.00,180.00,-45.00,CLOSED,0
672445.081,0,0,0,1.000,1.000,1.000,-90.00,180.00,-45.00,CLOSED,0
672445.085,0,0,0,1.000,1.000,1.000,-90.00,180.00,-45.00,CLOSED,0
672445.089,0,0,0,1.000,1.000,1.000,-90.00,180.00,-45.00,CLOSED,0
672445.095,0,0,0,1.000,1.000,1.000,-90.00,180.00,-45.00,CLOSED,0
672445.099,0,0,0,1.000,1.000,1.000,-90.00,180.00,-45.00,CLOSED,0
672445.103,0,0,0,0.998,1.000,1.000,-90.00,180.00,-45.00,CLOSED,0
672445.107,0,0,0,0.923,1.000,1.000,-90.00,180.00,-45.00,CLOSED,0
672445.112,0,0,0,0.993,1.000,1.000,-90.00,180.00,-45.00,CLOSED,0
672445.116,0,0,0,0.998,1.000,1.000,-90.00,180.00,-45.00,CLOSED,0
672445.120,0,0,0,0.999,1.000,1.000,-90.00,180.00,-45.00,CLOSED,0
672445.124,0,0,0,0.998,1.000,1.000,-90.00,180.00,-45.00,CLOSED,0
672445.128,0,0,0,0.998,1.000,1.000,-90.00,180.00,-45.00,CLOSED,0
672445.132,0,0,0,0.998,1.000,1.000,-90.00,180.00,-45.00,CLOSED,0
672445.135,0,0,0,0.998,1.000,1.000,-90.00,180.00,-45.00,CLOSED,0
672445.139,3,0,0,0.998,1.000,1.000,-90.00,180.00,-45.00,OPEN,0
672445.143,3,0,0,1.000,1.000,1.000,-90.00,180.00,-45.00,OPEN,0
672445.147,3,0,0,1.000,1.000,1.000,-90.00,180.00,-45.00,OPEN,0
672445.151,3,0,0,1.000,1.000,1.000,-90.00,180.00,-45.00,OPEN,0
672445.155,3,0,0,1.000,1.000,1.000,-90.00,180.00,-45.00,OPEN,0
672445.160,3,0,0,1.000,1.000,1.000,-90.00,180.00,-45.00,OPEN,0
672445.165,3,0,0,1.000,1.000,1.000,-90.00,180.00,-45.00,OPEN,0
672445.169,3,0,0,1.000,1.000,1.000,-90.00,180.00,-45.00,OPEN,0
672445.175,3,0,0,1.000,1.000,1.000,-90.00,180.00,-45.00,OPEN,0
672445.179,3,0,0,1.000,1.000,1.000,-90.00,180.00,-45.00,OPEN,0
672445.183,3,0,0,1.000,1.000,1.000,-90.00,180.00,-45.00,OPEN,0
672445.187,3,0,0,1.000,1.000,1.000,-90.00,180.00,-45.00,OPEN,0
672445.191,3,0,0,1.000,1.000,1.000,-90.00,180.00,-45.00,OPEN,0
672445.195,3,0,0,1.000,1.000,1.000,-90.00,180.00,-45.00,OPEN,0
672445.200,3,0,0,1.000,1.000,1.000,-90.00,180.00,-45.00,OPEN,0
672445.204,3,0,0,1.000,1.000,1.000,-90.00,180.00,-45.00,OPEN,0
672445.209,3,0,0,1.000,1.000,1.000,-90.00,180.00,-45.00,OPEN,0
672445.213,3,0,0,1.000,1.000,1.000,-90.00,180.00,-45.00,OPEN,0
672445.218,3,0,0,1.000,1.000,1.000,-90.00,180.00,-45.00,OPEN,0
672445.222,3,0,0,1.000,1.000,1.000,-90.00,180.00,-45.00,OPEN,0
672445.227,3,0,0,1.000,1.000,1.000,-90.00,180.00,-45.00,OPEN,0
672445.231,3,0,0,1.000,1.000,1.000,-90.00,180.00,-45.00,OPEN,0
672445.235,3,0,0,1.000,1.000,1.000,-90.00,180.00,-45.00,OPEN,0
672445.239,3,0,0,1.000,1.000,1.000,-90.00,180.00,-45.00,OPEN,0
672445.243,3,0,0,1.000,1.000,1.000,-90.00,180.00,-45.00,OPEN,0
672445.247,3,0,0,1.000,1.000,1.000,-90.00,180.00,-45.00,OPEN,0
672445.250,3,0,0,1.000,1.000,1.000,-90.00,180.00,-45.00,OPEN,0
672445.254,3,0,0,1.000,1.000,1.000,-90.00,180.00,-45.00,OPEN,0
672445.258,3,0,0,1.000,1.000,1.000,-90.00,180.00,-45.00,OPEN,0
672445.262,3,0,0,1.000,1.000,1.000,-90.00,180.00,-45.00,OPEN,0
672445.266,3,0,0,1.000,1.000,1.000,-90.00,180.00,-45.00,OPEN,0
672445.270,3,0,0,1.000,1.000,1.000,-90.00,180.00,-45.00,OPEN,0
672445.274,3,0,0,1.000,1.000,1.000,-90.00,180.00,-45.00,OPEN,0
672445.277,3,0,0,1.000,1.000,1.000,-90.00,180.00,-45.00,OPEN,0
672445.281,3,0,0,1.000,1.000,1.000,-90.00,180.00,-45.00,OPEN,0
672445.285,3,0,0,1.000,1.000,1.000,-90.00,180.00,-45.00,OPEN,0
672445.289,3,0,0,1.000,1.000,1.000,-90.00,180.00,-45.00,OPEN,0
672445.292,3,0,0,1.000,1.000,1.000,-90.00,180.00,-45.00,OPEN,0
672445.296,3,0,0,1.000,1.000,1.000,-90.00,180.00,-45.00,OPEN,0
672445.300,3,0,0,1.000,1.000,1.000,-90.00,180.00,-45.00,OPEN,0
672445.304,3,0,0,1.000,1.000,1.000,-90.00,180.00,-45.00,OPEN,0
672445.308,3,0,0,1.000,1.000,1.000,-90.00,180.00,-45.00,OPEN,0
672445.312,3,0,0,1.000,1.000,1.000,-90.00,180.00,-45.00,OPEN,0
672445.316,3,0,0,1.000,1.000,1.000,-90.00,180.00,-45.00,OPEN,0
672445.319,3,0,0,1.000,1.000,1.000,-90.00,180.00,-45.00,OPEN,0
672445.324,3,0,0,1.000,1.000,1.000,-90.00,180.00,-45.00,OPEN,0
672445.328,3,0,0,1.000,1.000,1.000,-90.00,180.00,-45.00,OPEN,0
672445.332,3,0,0,1.000,1.000,1.000,-90.00,180.00,-45.00,OPEN,0
672445.336,3,0,0,1.000,1.000,1.000,-90.00,180.00,-45.00,OPEN,0
672445.341,3,0,0,1.000,1.000,1.000,-90.00,180.00,-45.00,OPEN,0
672445.347,3,0,0,1.000,1.000,1.000,-90.00,180.00,-45.00,OPEN,0
672445.351,3,0,0,1.000,1.000,1.000,-90.00,180.00,-45.00,OPEN,0
672445.355,3,0,0,1.000,1.000,1.000,-90.00,180.00,-45.00,OPEN,0
672445.359,3,0,0,1.000,1.000,1.000,-90.00,180.00,-45.00,OPEN,0
672445.363,3,0,0,1.000,1.000,1.000,-90.00,180.00,-45.00,OPEN,0
672445.367,3,0,0,1.000,1.000,1.000,-90.00,180.00,-45.00,OPEN,0
672445.371,3,0,0,1.000,1.000,1.000,-90.00,180.00,-45.00,OPEN,0
672445.375,3,0,0,1.000,1.000,1.000,-90.00,180.00,-45.00,OPEN,0
672445.379,3,0,0,1.000,1.000,1.000,-90.00,180.00,-45.00,OPEN,0
672445.382,3,0,0,1.000,1.000,1.000,-90.00,180.00,-45.00,OPEN,0
672445.386,3,0,0,1.000,1.000,1.000,-90.00,180.00,-45.00,OPEN,0
672445.390,3,0,0,1.000,1.000,1.000,-90.00,180.00,-45.00,OPEN,0
672445.394,3,0,0,1.000,1.000,1.000,-90.00,180.00,-45.00,OPEN,0
672445.397,3,0,0,1.000,1.000,1.000,-90.00,180.00,-45.00,OPEN,0
672445.401,3,0,0,1.000,1.000,1.000,-90.00,180.00,-45.00,OPEN,0
672445.405,3,0,0,1.000,1.000,1.000,-90.00,180.00,-45.00,OPEN,0
672445.408,3,0,0,1.000,1.000,1.000,-90.00,180.00,-45.00,OPEN,0
672445.412,3,0,0,1.000,1.000,1.000,-90.00,180.00,-45.00,OPEN,0
672445.416,3,0,0,1.000,1.000,1.000,-90.00,180.00,-45.00,OPEN,0
672445.420,3,0,0,1.000,1.000,1.000,-90.00,180.00,-45.00,OPEN,0
672445.425,3,0,0,1.000,1.000,1.000,-90.00,180.00,-45.00,OPEN,0
672445.429,3,0,0,1.000,1.000,1.000,-90.00,180.00,-45.00,OPEN,0
672445.434,3,0,0,1.000,1.000,1.000,-90.00,180.00,-45.00,OPEN,0
672445.439,3,0,0,1.000,1.000,1.000,-90.00,180.00,-45.00,OPEN,0
672445.443,3,0,0,1.000,1.000,1.000,-90.00,180.00,-45.00,OPEN,0
672445.447,3,0,0,1.000,1.000,1.000,-90.00,180.00,-45.00,OPEN,0
672445.452,3,0,0,1.000,1.000,1.000,-90.00,180.00,-45.00,OPEN,0
672445.455,3,0,0,1.000,1.000,1.000,-90.00,180.00,-45.00,OPEN,0
672445.459,3,0,0,1.000,1.000,1.000,-90.00,180.00,-45.00,OPEN,0
672445.463,3,0,0,1.000,1.000,1.000,-90.00,180.00,-45.00,OPEN,0
672445.466,3,0,0,1.000,1.000,1.000,-90.00,180.00,-45.00,OPEN,0
672445.470,3,0,0,1.000,1.000,1.000,-90.00,180.00,-45.00,OPEN,0
672445.474,3,0,0,1.000,1.000,1.000,-90.00,180.00,-45.00,OPEN,0
672445.478,3,0,0,1.000,1.000,1.000,-90.00,180.00,-45.00,OPEN,0
672445.482,3,0,0,1.000,1.000,1.000,-90.00,180.00,-45.00,OPEN,0
672445.486,3,0,0,1.000,1.000,1.000,-90.00,180.00,-45.00,OPEN,0
672445.490,3,0,0,1.000,1.000,1.000,-90.00,180.00,-45.00,OPEN,0
672445.494,3,0,0,1.000,1.000,1.000,-90.00,180.00,-45.00,OPEN,0
672445.499,3,0,0,1.000,1.000,1.000,-90.00,180.00,-45.00,OPEN,0
672445.504,3,0,0,1.000,1.000,1.000,-90.00,180.00,-45.00,OPEN,0
672445.508,3,0,0,1.000,1.000,1.000,-90.00,180.00,-45.00,OPEN,0
672445.513,3,0,0,1.000,1.000,1.000,-90.00,180.00,-45.00,OPEN,0
672445.517,3,0,0,1.000,1.000,1.000,-90.00,180.00,-45.00,OPEN,0
672445.521,3,0,0,1.000,1.000,1.000,-90.00,180.00,-45.00,OPEN,0
672445.526,3,0,0,1.000,1.000,1.000,-90.00,180.00,-45.00,OPEN,0
672445.530,3,0,0,1.000,1.000,1.000,-90.00,180.00,-45.00,OPEN,0
672445.535,3,0,0,1.000,1.000,1.000,-90.00,180.00,-45.00,OPEN,0
672445.539,3,0,0,1.000,1.000,1.000,-90.00,180.00,-45.00,OPEN,0
672445.543,3,0,0,1.000,1.000,1.000,-90.00,180.00,-45.00,OPEN,0
672445.547,3,0,0,1.000,1.000,1.000,-90.00,180.00,-45.00,OPEN,0
672445.551,3,0,0,1.000,1.000,1.000,-90.00,180.00,-45.00,OPEN,0
672445.555,3,0,0,1.000,1.000,1.000,-90.00,180.00,-45.00,OPEN,0
672445.559,3,0,0,1.000,1.000,1.000,-90.00,180.00,-45.00,OPEN,0
672445.564,3,0,0,1.000,1.000,1.000,-90.00,180.00,-45.00,OPEN,0
672445.568,3,0,0,1.000,1.000,1.000,-90.00,180.00,-45.00,OPEN,0
672445.571,3,0,0,1.000,1.000,1.000,-90.00,180.00,-45.00,OPEN,0
672445.575,3,0,0,1.000,1.000,1.000,-90.00,180.00,-45.00,OPEN,0
672445.579,3,0,0,1.000,1.000,1.000,-90.00,180.00,-45.00,OPEN,0
672445.583,3,0,0,1.000,1.000,1.000,-90.00,180.00,-45.00,OPEN,0
672445.587,3,0,0,1.000,1.000,1.000,-90.00,180.00,-45.00,OPEN,0
672445.590,3,0,0,1.000,1.000,1.000,-90.00,180.00,-45.00,OPEN,0
672445.594,3,0,0,1.000,1.000,1.000,-90.00,180.00,-45.00,OPEN,0
672445.598,3,0,0,1.000,1.000,1.000,-90.00,180.00,-45.00,OPEN,0
672445.602,3,0,0,1.000,1.000,1.000,-90.00,180.00,-45.00,OPEN,0
672445.605,3,0,0,1.000,1.000,1.000,-90.00,180.00,-45.00,OPEN,0
672445.609,3,0,0,1.000,1.000,1.000,-90.00,180.00,-45.00,OPEN,0
672445.613,3,0,0,1.000,1.000,1.000,-90.00,180.00,-45.00,OPEN,0
672445.617,3,0,0,1.000,1.000,1.000,-90.00,180.00,-45.00,OPEN,0
672445.621,3,0,0,1.000,1.000,1.000,-90.00,180.00,-45.00,OPEN,0
672445.625,3,0,0,1.000,1.000,1.000,-90.00,180.00,-45.00,OPEN,0
672445.628,3,0,0,1.000,1.000,1.000,-90.00,180.00,-45.00,OPEN,0
672445.632,3,0,0,1.000,1.000,1.000,-90.00,180.00,-45.00,OPEN,0
672445.636,3,0,0,1.000,1.000,1.000,-90.00,180.00,-45.00,OPEN,0
672445.641,3,0,0,0.987,1.000,1.000,-90.00,180.00,-45.00,OPEN,0
672445.645,3,0,0,0.696,1.000,1.000,-90.00,180.00,-45.00,OPEN,0
672445.649,3,0,0,0.997,1.000,1.000,-90.00,180.00,-45.00,OPEN,0
672445.654,3,0,0,0.999,1.000,1.000,-90.00,180.00,-45.00,OPEN,0
672445.660,3,0,0,1.000,1.000,1.000,-90.00,180.00,-45.00,OPEN,0
672445.665,3,0,0,1.000,1.000,1.000,-90.00,180.00,-45.00,OPEN,0
672445.670,3,0,0,1.000,1.000,1.000,-90.00,180.00,-45.00,OPEN,0
672445.677,3,0,0,1.000,1.000,1.000,-90.00,180.00,-45.00,OPEN,0
672445.681,3,0,0,1.000,1.000,1.000,-90.00,180.00,-45.00,OPEN,0
672445.686,0,0,0,1.000,1.000,1.000,-90.00,180.00,-45.00,OPEN,0
672445.690,0,0,0,1.000,1.000,1.000,-90.00,180.00,-45.00,OPEN,0
672445.695,0,0,0,1.000,1.000,1.000,-90.00,180.00,-45.00,OPEN,0
672445.700,0,0,0,1.000,1.000,1.000,-90.00,180.00,-45.00,OPEN,0
672445.704,0,0,0,1.000,1.000,1.000,-90.00,180.00,-45.00,OPEN,0
672445.708,0,0,0,1.000,1.000,1.000,-90.00,180.00,-45.00,OPEN,0
672445.712,0,0,0,1.000,1.000,1.000,-90.00,180.00,-45.00,OPEN,0
672445.716,0,0,0,1.000,1.000,1.000,-90.00,180.00,-45.00,OPEN,0
672445.720,0,0,0,1.000,1.000,1.000,-90.00,180.00,-45.00,OPEN,0
672445.724,0,0,0,1.000,1.000,1.000,-90.00,180.00,-45.00,OPEN,0
672445.728,0,0,0,1.000,1.000,1.000,-90.00,180.00,-45.00,OPEN,0
672445.733,0,0,0,1.000,1.000,1.000,-90.00,180.00,-45.00,OPEN,0
672445.738,0,0,0,1.000,1.000,1.000,-90.00,180.00,-45.00,OPEN,0
672445.742,0,0,0,1.000,1.000,1.000,-90.00,180.00,-45.00,OPEN,0
672445.746,0,0,0,1.000,1.000,1.000,-90.00,180.00,-45.00,OPEN,0
672445.750,0,0,0,1.000,1.000,1.000,-90.00,180.00,-45.00,OPEN,0
672445.754,0,0,0,1.000,1.000,1.000,-90.00,180.00,-45.00,OPEN,0
672445.758,0,0,0,1.000,1.000,1.000,-90.00,180.00,-45.00,OPEN,0
672445.762,0,0,0,1.000,1.000,1.000,-90.00,180.00,-45.00,OPEN,0
672445.766,0,0,0,1.000,1.000,1.000,-90.00,180.00,-45.00,OPEN,0
672445.769,0,0,0,1.000,1.000,1.000,-90.00,180.00,-45.00,OPEN,0
672445.773,0,0,0,1.000,1.000,1.000,-90.00,180.00,-45.00,OPEN,0
672445.777,0,0,0,1.000,1.000,1.000,-90.00,180.00,-45.00,OPEN,0
672445.783,0,0,0,1.000,1.000,1.000,-90.00,180.00,-45.00,OPEN,0
672445.789,0,0,0,1.000,1.000,1.000,-90.00,180.00,-45.00,OPEN,0
672445.795,0,0,0,1.000,1.000,1.000,-90.00,180.00,-45.00,OPEN,0
672445.801,0,0,0,1.000,1.000,1.000,-90.00,180.00,-45.00,OPEN,0
672445.806,0,0,0,1.000,1.000,1.000,-90.00,180.00,-45.00,OPEN,0
672445.810,0,0,0,1.000,1.000,1.000,-90.00,180.00,-45.00,OPEN,0
672445.815,0,0,0,1.000,1.000,1.000,-90.00,180.00,-45.00,OPEN,0
672445.820,0,0,0,1.000,1.000,1.000,-90.00,180.00,-45.00,OPEN,0
672445.824,0,0,0,1.000,1.000,1.000,-90.00,180.00,-45.00,OPEN,0
672445.829,0,0,0,1.000,1.000,1.000,-90.00,180.00,-45.00,OPEN,0
672445.833,0,0,0,1.000,1.000,1.000,-90.00,180.00,-45.00,OPEN,0
672445.836,0,0,0,1.000,1.000,1.000,-90.00,180.00,-45.00,OPEN,0
672445.840,0,0,0,1.000,1.000,1.000,-90.00,180.00,-45.00,OPEN,0
672445.843,0,0,0,1.000,1.000,1.000,-90.00,180.00,-45.00,OPEN,0
672445.847,0,0,0,1.000,1.000,1.000,-90.00,180.00,-45.00,OPEN,0
672445.851,0,0,0,1.000,1.000,1.000,-90.00,180.00,-45.00,OPEN,0
672445.855,0,0,0,1.000,1.000,1.000,-90.00,180.00,-45.00,OPEN,0
672445.859,0,0,0,1.000,1.000,1.000,-90.00,180.00,-45.00,OPEN,0
672445.863,0,0,0,1.000,1.000,1.000,-90.00,180.00,-45.00,OPEN,0
672445.867,0,0,0,1.000,1.000,1.000,-90.00,180.00,-45.00,OPEN,0
672445.870,0,0,0,1.000,1.000,1.000,-90.00,180.00,-45.00,OPEN,0
672445.874,0,0,0,1.000,1.000,1.000,-90.00,180.00,-45.00,OPEN,0
672445.879,0,0,0,1.000,1.000,1.000,-90.00,180.00,-45.00,OPEN,0
672445.883,0,0,0,1.000,1.000,1.000,-90.00,180.00,-45.00,OPEN,0
672445.887,0,0,0,1.000,1.000,1.000,-90.00,180.00,-45.00,OPEN,0
672445.892,0,0,0,1.000,1.000,1.000,-90.00,180.00,-45.00,OPEN,0
672445.896,0,0,0,1.000,1.000,1.000,-90.00,180.00,-45.00,OPEN,0
672445.899,0,0,0,1.000,1.000,1.000,-90.00,180.00,-45.00,OPEN,0
672445.903,0,0,0,1.000,1.000,1.000,-90.00,180.00,-45.00,OPEN,0
672445.907,0,0,0,1.000,1.000,1.000,-90.00,180.00,-45.00,OPEN,0
672445.911,0,0,0,1.000,1.000,1.000,-90.00,180.00,-45.00,OPEN,0
672445.915,0,0,0,1.000,1.000,1.000,-90.00,180.00,-45.00,OPEN,0
672445.919,0,0,0,1.000,1.000,1.000,-90.00,180.00,-45.00,OPEN,0
672445.923,0,0,0,1.000,1.000,1.000,-90.00,180.00,-45.00,OPEN,0
672445.928,0,0,0,1.000,1.000,1.000,-90.00,180.00,-45.00,OPEN,0
672445.932,0,0,0,1.000,1.000,1.000,-90.00,180.00,-45.00,OPEN,0
672445.936,0,0,0,1.000,1.000,1.000,-90.00,180.00,-45.00,OPEN,0
672445.941,0,0,0,1.000,1.000,1.000,-90.00,180.00,-45.00,OPEN,0
672445.945,0,0,0,1.000,1.000,1.000,-90.00,180.00,-45.00,OPEN,0
672445.949,0,0,0,1.000,1.000,1.000,-90.00,180.00,-45.00,OPEN,0
672445.953,0,0,0,1.000,1.000,1.000,-90.00,180.00,-45.00,OPEN,0
672445.957,0,0,0,1.000,1.000,1.000,-90.00,180.00,-45.00,OPEN,0
672445.961,0,0,0,1.000,1.000,1.000,-90.00,180.00,-45.00,OPEN,0
672445.965,0,0,0,1.000,1.000,1.000,-90.00,180.00,-45.00,OPEN,0
672445.969,0,0,0,1.000,1.000,1.000,-90.00,180.00,-45.00,OPEN,0
672445.973,0,0,0,1.000,1.000,1.000,-90.00,180.00,-45.00,OPEN,0
672445.977,0,0,0,1.000,1.000,1.000,-90.00,180.00,-45.00,OPEN,0
672445.981,0,0,0,1.000,1.000,1.000,-90.00,180.00,-45.00,OPEN,0
672445.985,0,0,0,1.000,1.000,1.000,-90.00,180.00,-45.00,OPEN,0
672445.989,0,0,0,1.000,1.000,1.000,-90.00,180.00,-45.00,OPEN,0
672445.993,0,0,0,1.000,1.000,1.000,-90.00,180.00,-45.00,OPEN,0
672445.996,0,0,0,1.000,1.000,1.000,-90.00,180.00,-45.00,OPEN,0
672446.000,0,0,0,1.000,1.000,1.000,-90.00,180.00,-45.00,OPEN,0
672446.005,0,0,0,1.000,1.000,1.000,-90.00,180.00,-45.00,OPEN,0
672446.009,0,0,0,1.000,1.000,1.000,-90.00,180.00,-45.00,OPEN,0
672446.014,0,0,0,1.000,1.000,1.000,-90.00,180.00,-45.00,OPEN,0
672446.020,0,0,0,1.000,1.000,1.000,-90.00,180.00,-45.00,OPEN,0
672446.024,0,0,0,1.000,1.000,1.000,-90.00,180.00,-45.00,OPEN,0
672446.029,0,0,0,1.000,1.000,1.000,-90.00,180.00,-45.00,OPEN,0
672446.033,0,0,0,1.000,1.000,1.000,-90.00,180.00,-45.00,OPEN,0
672446.037,0,0,0,1.000,1.000,1.000,-90.00,180.00,-45.00,OPEN,0
672446.042,0,0,0,1.000,1.000,1.000,-90.00,180.00,-45.00,OPEN,0
672446.046,0,0,0,1.000,1.000,1.000,-90.00,180.00,-45.00,OPEN,0
672446.050,0,0,0,1.000,1.000,1.000,-90.00,180.00,-45.00,OPEN,0
672446.054,0,0,0,1.000,1.000,1.000,-90.00,180.00,-45.00,OPEN,0
672446.057,0,0,0,1.000,1.000,1.000,-90.00,180.00,-45.00,OPEN,0
672446.061,0,0,0,1.000,1.000,1.000,-90.00,180.00,-45.00,OPEN,0
672446.065,0,0,0,1.000,1.000,1.000,-90.00,180.00,-45.00,OPEN,0
672446.069,0,0,0,1.000,1.000,1.000,-90.00,180.00,-45.00,OPEN,0
672446.073,0,0,0,1.000,1.000,1.000,-90.00,180.00,-45.00,OPEN,0
672446.078,0,0,0,1.000,1.000,1.000,-90.00,180.00,-45.00,OPEN,0
672446.084,0,0,0,1.000,1.000,1.000,-90.00,180.00,-45.00,OPEN,0
672446.089,0,0,0,1.000,1.000,1.000,-90.00,180.00,-45.00,OPEN,0
672446.093,0,0,0,1.000,1.000,1.000,-90.00,180.00,-45.00,OPEN,0
672446.098,0,0,0,1.000,1.000,1.000,-90.00,180.00,-45.00,OPEN,0
672446.102,0,0,0,1.000,1.000,1.000,-90.00,180.00,-45.00,OPEN,0
672446.107,0,0,0,1.000,1.000,1.000,-90.00,180.00,-45.00,OPEN,0
672446.112,0,0,0,1.000,1.000,1.000,-90.00,180.00,-45.00,OPEN,0
672446.116,0,0,0,1.000,1.000,1.000,-90.00,180.00,-45.00,OPEN,0
672446.120,0,0,0,1.000,1.000,1.000,-90.00,180.00,-45.00,OPEN,0
672446.124,0,0,0,1.000,1.000,1.000,-90.00,180.00,-45.00,OPEN,0
672446.129,0,0,0,1.000,1.000,1.000,-90.00,180.00,-45.00,OPEN,0
672446.134,0,0,0,1.000,1.000,1.000,-90.00,180.00,-45.00,OPEN,0
672446.138,0,0,0,1.000,1.000,1.000,-90.00,180.00,-45.00,OPEN,0
672446.143,0,0,0,1.000,1.000,1.000,-90.00,180.00,-45.00,OPEN,0
672446.148,0,0,0,1.000,1.000,1.000,-90.00,180.00,-45.00,OPEN,0
672446.152,0,0,0,1.000,1.000,1.000,-90.00,180.00,-45.00,OPEN,0
672446.156,0,0,0,1.000,1.000,1.000,-90.00,180.00,-45.00,OPEN,0
672446.160,0,0,0,1.000,1.000,1.000,-90.00,180.00,-45.00,OPEN,0
672446.165,0,0,0,1.000,1.000,1.000,-90.00,180.00,-45.00,OPEN,0
672446.169,0,0,0,1.000,1.000,1.000,-90.00,180.00,-45.00,OPEN,0
672446.175,0,0,0,1.000,1.000,1.000,-90.00,180.00,-45.00,OPEN,0
672446.179,0,0,0,1.000,1.000,1.000,-90.00,180.00,-45.00,OPEN,0
672446.183,0,0,0,1.000,1.000,1.000,-90.00,180.00,-45.00,OPEN,0
672446.187,0,0,0,1.000,1.000,1.000,-90.00,180.00,-45.00,OPEN,0
672446.191,0,0,0,1.000,1.000,1.000,-90.00,180.00,-45.00,OPEN,0
672446.195,0,0,0,1.000,1.000,1.000,-90.00,180.00,-45.00,OPEN,0
672446.198,0,0,0,1.000,1.000,1.000,-90.00,180.00,-45.00,OPEN,0
672446.202,0,0,0,1.000,1.000,1.000,-90.00,180.00,-45.00,OPEN,0
672446.206,0,0,0,1.000,1.000,1.000,-90.00,180.00,-45.00,OPEN,0
672446.210,0,0,0,1.000,1.000,1.000,-90.00,180.00,-45.00,OPEN,0
672446.214,0,0,0,1.000,1.000,1.000,-90.00,180.00,-45.00,OPEN,0
672446.218,0,0,0,1.000,1.000,1.000,-90.00,180.00,-45.00,OPEN,0
672446.223,0,0,0,1.000,1.000,1.000,-90.00,180.00,-45.00,OPEN,0
672446.228,0,0,0,1.000,1.000,1.000,-90.00,180.00,-45.00,OPEN,0
672446.240,0,0,0,1.000,1.000,1.000,-90.00,180.00,-45.00,OPEN,0
672446.251,0,0,0,1.000,1.000,1.000,-90.00,180.00,-45.00,OPEN,0
672446.261,0,0,0,1.000,1.000,1.000,-90.00,180.00,-45.00,OPEN,0
672446.269,0,0,0,1.000,1.000,1.000,-90.00,180.00,-45.00,OPEN,0
672446.275,0,0,0,1.000,1.000,1.000,-90.00,180.00,-45.00,OPEN,0
672446.280,0,0,0,1.000,0.994,0.999,-90.00,180.00,-45.00,OPEN,0
672446.286,0,0,0,1.000,0.764,0.999,-90.00,180.00,-45.00,OPEN,0
672446.290,0,0,0,1.000,0.936,0.999,-90.00,180.00,-45.00,OPEN,0
672446.294,0,0,0,1.000,0.996,1.000,-90.00,180.00,-45.00,OPEN,0
672446.298,0,0,0,1.000,1.000,1.000,-90.00,180.00,-45.00,OPEN,0
672446.302,0,0,0,1.000,1.000,1.000,-90.00,180.00,-45.00,OPEN,0
672446.306,0,0,0,1.000,1.000,1.000,-90.00,180.00,-45.00,OPEN,0
672446.310,0,0,0,0.999,1.000,1.000,-90.00,180.00,-45.00,OPEN,0
672446.314,0,0,0,0.995,1.000,1.000,-90.00,180.00,-45.00,OPEN,0
672446.318,0,0,0,0.995,1.000,1.000,-90.00,180.00,-45.00,OPEN,0
672446.322,0,0,0,0.994,1.000,1.000,-90.00,180.00,-45.00,OPEN,0
672446.326,0,0,0,1.000,1.000,1.000,-90.00,180.00,-45.00,OPEN,0
672446.331,0,0,0,1.000,1.000,1.000,-90.00,180.00,-45.00,OPEN,0
672446.336,0,0,0,1.000,1.000,1.000,-90.00,180.00,-45.00,OPEN,0
672446.340,0,0,0,1.000,1.000,1.000,-90.00,180.00,-45.00,OPEN,0
672446.344,0,0,0,1.000,1.000,1.000,-90.00,180.00,-45.00,OPEN,0
672446.348,0,0,0,1.000,1.000,1.000,-90.00,180.00,-45.00,OPEN,0
672446.351,0,0,0,1.000,1.000,1.000,-90.00,180.00,-45.00,OPEN,0
672446.355,0,0,0,1.000,1.000,1.000,-90.00,180.00,-45.00,OPEN,0
672446.359,0,0,0,1.000,1.000,1.000,-90.00,180.00,-45.00,OPEN,0
672446.363,0,0,0,1.000,1.000,1.000,-90.00,180.00,-45.00,OPEN,0
672446.367,0,0,0,1.000,1.000,1.000,-90.00,180.00,-45.00,OPEN,0
672446.370,0,0,0,1.000,1.000,1.000,-90.00,180.00,-45.00,OPEN,0
672446.374,0,0,0,1.000,1.000,1.000,-90.00,180.00,-45.00,OPEN,0
672446.378,0,0,0,1.000,1.000,1.000,-90.00,180.00,-45.00,OPEN,0
672446.381,0,0,0,1.000,1.000,1.000,-90.00,180.00,-45.00,OPEN,0
672446.385,0,0,0,1.000,1.000,1.000,-90.00,180.00,-45.00,OPEN,0
672446.388,0,0,0,1.000,1.000,1.000,-90.00,180.00,-45.00,OPEN,0
672446.392,0,0,0,1.000,1.000,1.000,-90.00,180.00,-45.00,OPEN,0
672446.396,0,0,0,1.000,1.000,1.000,-90.00,180.00,-45.00,OPEN,0
672446.400,0,0,0,1.000,1.000,1.000,-90.00,180.00,-45.00,OPEN,0
672446.404,0,0,0,1.000,1.000,1.000,-90.00,180.00,-45.00,OPEN,0
672446.408,0,0,0,1.000,1.000,1.000,-90.00,180.00,-45.00,OPEN,0
672446.412,0,0,0,1.000,1.000,1.000,-90.00,180.00,-45.00,OPEN,0
672446.416,0,0,0,1.000,1.000,1.000,-90.00,180.00,-45.00,OPEN,0
672446.420,0,0,0,1.000,1.000,1.000,-90.00,180.00,-45.00,OPEN,0
672446.424,0,0,0,1.000,1.000,1.000,-90.00,180.00,-45.00,OPEN,0
672446.428,0,0,0,1.000,1.000,1.000,-90.00,180.00,-45.00,OPEN,0
672446.432,0,0,0,1.000,1.000,1.000,-90.00,180.00,-45.00,OPEN,0
672446.436,0,0,0,1.000,1.000,1.000,-90.00,180.00,-45.00,OPEN,0
672446.440,0,0,0,1.000,1.000,1.000,-90.00,180.00,-45.00,OPEN,0
672446.444,0,0,0,1.000,1.000,1.000,-90.00,180.00,-45.00,OPEN,0
672446.448,0,0,0,1.000,1.000,1.000,-90.00,180.00,-45.00,OPEN,0
672446.453,0,0,0,1.000,1.000,1.000,-90.00,180.00,-45.00,OPEN,0
672446.458,0,0,0,1.000,1.000,1.000,-90.00,180.00,-45.00,OPEN,0
672446.462,0,0,0,1.000,1.000,1.000,-90.00,180.00,-45.00,OPEN,0
672446.466,0,0,0,1.000,1.000,1.000,-90.00,180.00,-45.00,OPEN,0
672446.470,0,0,0,1.000,1.000,1.000,-90.00,180.00,-45.00,OPEN,0
672446.474,0,0,0,1.000,1.000,1.000,-90.00,180.00,-45.00,OPEN,0
672446.477,0,0,0,1.000,1.000,1.000,-90.00,180.00,-45.00,OPEN,0
672446.481,0,0,0,1.000,1.000,1.000,-90.00,180.00,-45.00,OPEN,0
672446.486,0,0,0,1.000,1.000,1.000,-90.00,180.00,-45.00,OPEN,0
672446.490,0,0,0,1.000,1.000,1.000,-90.00,180.00,-45.00,OPEN,0
672446.495,0,0,0,1.000,1.000,1.000,-90.00,180.00,-45.00,OPEN,0
672446.499,0,0,0,1.000,1.000,1.000,-90.00,180.00,-45.00,OPEN,0
672446.503,0,0,0,1.000,1.000,1.000,-90.00,180.00,-45.00,OPEN,0
672446.507,0,0,0,1.000,1.000,1.000,-90.00,180.00,-45.00,OPEN,0
672446.511,0,0,0,1.000,1.000,1.000,-90.00,180.00,-45.00,OPEN,0
672446.514,0,0,0,1.000,1.000,1.000,-90.00,180.00,-45.00,OPEN,0
672446.518,0,0,0,1.000,1.000,1.000,-90.00,180.00,-45.00,OPEN,0
672446.522,0,0,0,1.000,1.000,1.000,-90.00,180.00,-45.00,OPEN,0
672446.526,0,0,0,1.000,1.000,1.000,-90.00,180.00,-45.00,OPEN,0
672446.531,0,0,0,1.000,1.000,1.000,-90.00,180.00,-45.00,OPEN,0
672446.536,0,0,0,1.000,1.000,1.000,-90.00,180.00,-45.00,OPEN,0
672446.540,0,0,0,1.000,1.000,1.000,-90.00,180.00,-45.00,OPEN,0
672446.545,0,0,0,1.000,1.000,1.000,-90.00,180.00,-45.00,OPEN,0
672446.550,0,0,0,1.000,1.000,1.000,-90.00,180.00,-45.00,OPEN,0
672446.555,0,0,0,1.000,1.000,1.000,-90.00,180.00,-45.00,OPEN,0
672446.560,0,0,0,1.000,1.000,1.000,-90.00,180.00,-45.00,OPEN,0
672446.565,0,0,0,1.000,1.000,1.000,-90.00,180.00,-45.00,OPEN,0
672446.570,0,0,0,1.000,1.000,1.000,-90.00,180.00,-45.00,OPEN,0
672446.574,0,0,0,1.000,1.000,1.000,-90.00,180.00,-45.00,OPEN,0
672446.578,0,0,0,1.000,1.000,1.000,-90.00,180.00,-45.00,OPEN,0
672446.582,0,0,0,1.000,1.000,1.000,-90.00,180.00,-45.00,OPEN,0
672446.585,0,0,0,1.000,1.000,1.000,-90.00,180.00,-45.00,OPEN,0
672446.589,0,0,0,1.000,1.000,1.000,-90.00,180.00,-45.00,OPEN,0
672446.593,0,0,0,1.000,1.000,1.000,-90.00,180.00,-45.00,OPEN,0
672446.596,0,0,0,1.000,1.000,1.000,-90.00,180.00,-45.00,OPEN,0
672446.600,0,0,0,1.000,1.000,1.000,-90.00,180.00,-45.00,OPEN,0
672446.604,0,0,0,1.000,1.000,1.000,-90.00,180.00,-45.00,OPEN,0
672446.608,0,0,0,1.000,1.000,1.000,-90.00,180.00,-45.00,OPEN,0
672446.612,0,0,0,1.000,1.000,1.000,-90.00,180.00,-45.00,OPEN,0
672446.617,0,0,0,1.000,1.000,1.000,-90.00,180.00,-45.00,OPEN,0
672446.621,0,0,0,1.000,1.000,1.000,-90.00,180.00,-45.00,OPEN,0
672446.625,0,0,0,1.000,1.000,1.000,-90.00,180.00,-45.00,OPEN,0
672446.629,0,0,0,1.000,1.000,1.000,-90.00,180.00,-45.00,OPEN,0
672446.633,0,0,0,1.000,1.000,1.000,-90.00,180.00,-45.00,OPEN,0
672446.638,0,0,0,1.000,1.000,1.000,-90.00,180.00,-45.00,OPEN,0
672446.642,0,0,0,1.000,1.000,1.000,-90.00,180.00,-45.00,OPEN,0
672446.646,0,0,0,1.000,1.000,1.000,-90.00,180.00,-45.00,OPEN,0
672446.650,0,0,0,1.000,1.000,1.000,-90.00,180.00,-45.00,OPEN,0
672446.654,0,0,0,1.000,1.000,1.000,-90.00,180.00,-45.00,OPEN,0
672446.657,0,0,0,1.000,1.000,1.000,-90.00,180.00,-45.00,OPEN,0
672446.661,0,0,0,1.000,1.000,1.000,-90.00,180.00,-45.00,OPEN,0
672446.666,0,0,0,1.000,1.000,1.000,-90.00,180.00,-45.00,OPEN,0
672446.670,0,0,0,1.000,1.000,1.000,-90.00,180.00,-45.00,OPEN,0
672446.674,0,0,0,1.000,1.000,1.000,-90.00,180.00,-45.00,OPEN,0
672446.679,0,0,0,1.000,1.000,1.000,-90.00,180.00,-45.00,OPEN,0
672446.683,0,0,0,1.000,1.000,1.000,-90.00,180.00,-45.00,OPEN,0
672446.687,0,0,0,1.000,1.000,1.000,-90.00,180.00,-45.00,OPEN,0
672446.692,0,0,0,1.000,1.000,1.000,-90.00,180.00,-45.00,OPEN,0
672446.696,0,0,0,1.000,1.000,1.000,-90.00,180.00,-45.00,OPEN,0
672446.700,0,0,0,1.000,1.000,1.000,-90.00,180.00,-45.00,OPEN,0
672446.704,0,0,0,1.000,1.000,1.000,-90.00,180.00,-45.00,OPEN,0
672446.708,0,0,0,1.000,1.000,1.000,-90.00,180.00,-45.00,OPEN,0
672446.712,0,0,0,1.000,1.000,1.000,-90.00,180.00,-45.00,OPEN,0
672446.716,0,0,0,1.000,1.000,1.000,-90.00,180.00,-45.00,OPEN,0
672446.721,0,0,0,1.000,0.999,1.000,-90.00,180.00,-45.00,OPEN,0
672446.725,0,0,0,1.000,0.994,1.000,-90.00,180.00,-45.00,OPEN,0
672446.728,0,0,0,1.000,0.968,1.000,-90.00,180.00,-45.00,OPEN,0
672446.732,0,0,0,1.000,0.880,1.000,-90.00,180.00,-45.00,OPEN,0
672446.736,0,0,0,1.000,0.711,1.000,-90.00,180.00,-45.00,OPEN,0
672446.740,0,0,0,1.000,0.547,1.000,-90.00,180.00,-45.00,OPEN,0
672446.745,0,0,0,1.000,0.613,1.000,-90.00,180.00,-45.00,OPEN,0
672446.749,0,0,0,1.000,0.757,1.000,-90.00,180.00,-45.00,OPEN,0
672446.753,0,0,0,1.000,0.850,1.000,-90.00,180.00,-45.00,OPEN,0
672446.758,0,0,0,1.000,0.906,1.000,-90.00,180.00,-45.00,OPEN,0
672446.763,0,0,0,1.000,0.954,1.000,-90.00,180.00,-45.00,OPEN,0
672446.767,0,0,0,1.000,0.981,1.000,-90.00,180.00,-45.00,OPEN,0
672446.771,0,0,0,1.000,0.992,1.000,-90.00,180.00,-45.00,OPEN,0
672446.776,0,0,0,1.000,0.998,1.000,-90.00,180.00,-45.00,OPEN,0
672446.780,0,0,0,1.000,1.000,1.000,-90.00,180.00,-45.00,OPEN,0
672446.784,0,0,0,1.000,1.000,1.000,-90.00,180.00,-45.00,OPEN,0
672446.789,0,0,0,1.000,1.000,1.000,-90.00,180.00,-45.00,OPEN,0
672446.793,0,0,0,1.000,1.000,1.000,-90.00,180.00,-45.00,OPEN,0
672446.798,0,0,0,1.000,1.000,1.000,-90.00,180.00,-45.00,OPEN,0
672446.803,0,0,0,1.000,1.000,1.000,-90.00,180.00,-45.00,OPEN,0
672446.807,0,0,0,1.000,1.000,1.000,-90.00,180.00,-45.00,OPEN,0
672446.810,0,0,0,1.000,1.000,1.000,-90.00,180.00,-45.00,OPEN,0
672446.814,0,0,0,1.000,1.000,1.000,-90.00,180.00,-45.00,OPEN,0
672446.818,0,0,0,1.000,1.000,1.000,-90.00,180.00,-45.00,OPEN,0
672446.822,0,0,0,1.000,1.000,1.000,-90.00,180.00,-45.00,OPEN,0
672446.826,0,0,0,1.000,1.000,1.000,-90.00,180.00,-45.00,OPEN,0
672446.830,0,0,0,1.000,1.000,1.000,-90.00,180.00,-45.00,OPEN,0
672446.834,0,0,0,1.000,1.000,1.000,-90.00,180.00,-45.00,OPEN,0
672446.839,0,0,0,1.000,1.000,1.000,-90.00,180.00,-45.00,OPEN,0
672446.842,0,0,0,1.000,1.000,1.000,-90.00,180.00,-45.00,OPEN,0
672446.846,0,0,0,1.000,1.000,1.000,-90.00,180.00,-45.00,OPEN,0
672446.850,0,0,0,1.000,1.000,1.000,-90.00,180.00,-45.00,OPEN,0
672446.854,0,0,0,1.000,0.998,1.000,-90.00,180.00,-45.00,OPEN,0
672446.858,0,0,0,1.000,0.997,1.000,-90.00,180.00,-45.00,OPEN,0
672446.862,0,0,0,1.000,0.999,1.000,-90.00,180.00,-45.00,OPEN,0
672446.866,0,0,0,1.000,0.999,1.000,-90.00,180.00,-45.00,OPEN,0
672446.870,0,0,0,1.000,1.000,1.000,-90.00,180.00,-45.00,OPEN,0
672446.874,0,0,0,1.000,1.000,1.000,-90.00,180.00,-45.00,OPEN,0
672446.878,0,0,0,1.000,1.000,1.000,-90.00,180.00,-45.00,OPEN,0
672446.883,0,0,0,1.000,1.000,1.000,-90.00,180.00,-45.00,OPEN,0
672446.887,0,0,0,1.000,1.000,1.000,-90.00,180.00,-45.00,OPEN,0
672446.892,0,0,0,1.000,1.000,1.000,-90.00,180.00,-45.00,OPEN,0
672446.896,0,0,0,1.000,1.000,1.000,-90.00,180.00,-45.00,OPEN,0
672446.900,0,0,0,1.000,1.000,1.000,-90.00,180.00,-45.00,OPEN,0
672446.904,0,0,0,1.000,1.000,1.000,-90.00,180.00,-45.00,OPEN,0
672446.908,0,0,0,1.000,1.000,1.000,-90.00,180.00,-45.00,OPEN,0
672446.913,0,0,0,1.000,1.000,1.000,-90.00,180.00,-45.00,OPEN,0
672446.917,0,0,0,1.000,1.000,1.000,-90.00,180.00,-45.00,OPEN,0
672446.921,0,0,0,1.000,1.000,1.000,-90.00,180.00,-45.00,OPEN,0
672446.925,0,0,0,1.000,1.000,1.000,-90.00,180.00,-45.00,OPEN,0
672446.929,0,0,0,1.000,1.000,1.000,-90.00,180.00,-45.00,OPEN,0
672446.933,0,0,0,1.000,1.000,1.000,-90.00,180.00,-45.00,OPEN,0
672446.937,0,0,0,1.000,1.000,1.000,-90.00,180.00,-45.00,OPEN,0
672446.941,0,0,0,1.000,1.000,1.000,-90.00,180.00,-45.00,OPEN,0
672446.945,0,0,0,1.000,1.000,1.000,-90.00,180.00,-45.00,OPEN,0
672446.950,0,0,0,1.000,1.000,1.000,-90.00,180.00,-45.00,OPEN,0
672446.954,0,0,0,1.000,1.000,1.000,-90.00,180.00,-45.00,OPEN,0
672446.959,0,0,0,1.000,1.000,1.000,-90.00,180.00,-45.00,OPEN,0
672446.963,0,0,0,1.000,1.000,1.000,-90.00,180.00,-45.00,OPEN,0
672446.967,0,0,0,1.000,1.000,1.000,-90.00,180.00,-45.00,OPEN,0
672446.971,0,0,0,1.000,1.000,1.000,-90.00,180.00,-45.00,OPEN,0
672446.975,0,0,0,1.000,1.000,1.000,-90.00,180.00,-45.00,OPEN,0
672446.978,0,0,0,1.000,1.000,1.000,-90.00,180.00,-45.00,OPEN,0
672446.982,0,0,0,1.000,1.000,1.000,-90.00,180.00,-45.00,OPEN,0
672446.986,0,0,0,1.000,1.000,1.000,-90.00,180.00,-45.00,OPEN,0
672446.989,0,0,0,1.000,1.000,1.000,-90.00,180.00,-45.00,OPEN,0
672446.993,0,0,0,1.000,1.000,1.000,-90.00,180.00,-45.00,OPEN,0
672446.997,0,0,0,1.000,1.000,1.000,-90.00,180.00,-45.00,OPEN,0
672447.001,0,0,0,1.000,1.000,1.000,-90.00,180.00,-45.00,OPEN,0
672447.004,0,0,0,1.000,1.000,1.000,-90.00,180.00,-45.00,OPEN,0
672447.008,0,0,0,1.000,1.000,1.000,-90.00,180.00,-45.00,OPEN,0
672447.012,0,0,0,1.000,1.000,1.000,-90.00,180.00,-45.00,OPEN,0
672447.017,0,0,0,1.000,1.000,1.000,-90.00,180.00,-45.00,OPEN,0
672447.022,0,0,0,1.000,1.000,1.000,-90.00,180.00,-45.00,OPEN,0
672447.025,0,0,0,1.000,1.000,1.000,-90.00,180.00,-45.00,OPEN,0
672447.029,0,0,0,1.000,1.000,1.000,-90.00,180.00,-45.00,OPEN,0
672447.034,0,0,0,1.000,1.000,1.000,-90.00,180.00,-45.00,OPEN,0
672447.039,0,0,0,1.000,1.000,1.000,-90.00,180.00,-45.00,OPEN,0
672447.043,0,0,0,1.000,1.000,1.000,-90.00,180.00,-45.00,OPEN,0
672447.048,0,0,0,1.000,1.000,1.000,-90.00,180.00,-45.00,OPEN,0
672447.052,0,0,0,1.000,1.000,1.000,-90.00,180.00,-45.00,OPEN,0
672447.057,0,0,0,1.000,1.000,1.000,-90.00,180.00,-45.00,OPEN,0
672447.062,0,0,0,1.000,1.000,1.000,-90.00,180.00,-45.00,OPEN,0
672447.066,0,0,0,1.000,1.000,1.000,-90.00,180.00,-45.00,OPEN,0
672447.070,0,0,0,1.000,1.000,1.000,-90.00,180.00,-45.00,OPEN,0
672447.073,0,0,0,1.000,1.000,1.000,-90.00,180.00,-45.00,OPEN,0
672447.077,0,0,0,1.000,1.000,1.000,-90.00,180.00,-45.00,OPEN,0
672447.081,0,0,0,1.000,1.000,1.000,-90.00,180.00,-45.00,OPEN,0
672447.084,0,0,0,1.000,1.000,1.000,-90.00,180.00,-45.00,OPEN,0
672447.088,0,0,0,1.000,1.000,1.000,-90.00,180.00,-45.00,OPEN,0
672447.092,0,0,0,1.000,1.000,1.000,-90.00,180.00,-45.00,OPEN,0
672447.096,0,0,0,1.000,1.000,1.000,-90.00,180.00,-45.00,OPEN,0
672447.100,0,0,0,1.000,1.000,1.000,-90.00,180.00,-45.00,OPEN,0
672447.104,0,0,0,1.000,1.000,1.000,-90.00,180.00,-45.00,OPEN,0
672447.108,0,0,0,1.000,1.000,1.000,-90.00,180.00,-45.00,OPEN,0
672447.112,0,0,0,1.000,1.000,1.000,-90.00,180.00,-45.00,OPEN,0
672447.116,0,0,0,1.000,1.000,1.000,-90.00,180.00,-45.00,OPEN,0
672447.120,0,0,0,1.000,1.000,1.000,-90.00,180.00,-45.00,OPEN,0
672447.126,0,0,0,1.000,1.000,1.000,-90.00,180.00,-45.00,OPEN,0
672447.130,0,0,0,1.000,1.000,1.000,-90.00,180.00,-45.00,OPEN,0
672447.134,0,0,0,1.000,1.000,1.000,-90.00,180.00,-45.00,OPEN,0
672447.138,0,0,0,1.000,1.000,1.000,-90.00,180.00,-45.00,OPEN,0
672447.142,0,0,0,1.000,1.000,1.000,-90.00,180.00,-45.00,OPEN,0
672447.147,0,0,0,1.000,1.000,1.000,-90.00,180.00,-45.00,OPEN,0
672447.151,0,0,0,1.000,1.000,1.000,-90.00,180.00,-45.00,OPEN,0
672447.156,0,0,0,1.000,1.000,1.000,-90.00,180.00,-45.00,OPEN,0
672447.160,0,0,0,1.000,1.000,1.000,-90.00,180.00,-45.00,OPEN,0
672447.164,0,0,0,1.000,1.000,1.000,-90.00,180.00,-45.00,OPEN,0
672447.167,0,0,0,1.000,1.000,1.000,-90.00,180.00,-45.00,OPEN,0
672447.172,0,0,0,1.000,1.000,1.000,-90.00,180.00,-45.00,OPEN,0
672447.176,0,0,0,1.000,1.000,1.000,-90.00,180.00,-45.00,OPEN,0
672447.180,0,0,0,1.000,1.000,1.000,-90.00,180.00,-45.00,OPEN,0
672447.185,0,0,0,1.000,1.000,1.000,-90.00,180.00,-45.00,OPEN,0
672447.189,0,0,0,1.000,1.000,1.000,-90.00,180.00,-45.00,OPEN,0
672447.193,0,0,0,1.000,1.000,1.000,-90.00,180.00,-45.00,OPEN,0
672447.197,0,0,0,1.000,1.000,1.000,-90.00,180.00,-45.00,OPEN,0
672447.201,0,0,0,1.000,1.000,1.000,-90.00,180.00,-45.00,OPEN,0
672447.205,0,0,0,1.000,1.000,1.000,-90.00,180.00,-45.00,OPEN,0
672447.209,0,0,0,1.000,1.000,1.000,-90.00,180.00,-45.00,OPEN,0
672447.213,0,0,0,1.000,1.000,1.000,-90.00,180.00,-45.00,OPEN,0
672447.217,0,0,0,1.000,1.000,1.000,-90.00,180.00,-45.00,OPEN,0
672447.221,0,0,0,1.000,1.000,1.000,-90.00,180.00,-45.00,OPEN,0
672447.225,0,0,0,1.000,1.000,1.000,-90.00,180.00,-45.00,OPEN,0
672447.228,0,0,0,1.000,1.000,1.000,-90.00,180.00,-45.00,OPEN,0
672447.232,0,0,0,1.000,1.000,1.000,-90.00,180.00,-45.00,OPEN,0
672447.236,0,0,0,1.000,1.000,1.000,-90.00,180.00,-45.00,OPEN,0
672447.240,0,0,0,1.000,1.000,1.000,-90.00,180.00,-45.00,OPEN,0
672447.246,0,0,0,1.000,1.000,1.000,-90.00,180.00,-45.00,OPEN,0
672447.250,0,0,0,1.000,1.000,1.000,-90.00,180.00,-45.00,OPEN,0
672447.254,0,0,0,1.000,1.000,1.000,-90.00,180.00,-45.00,OPEN,0
672447.258,0,0,0,1.000,1.000,1.000,-90.00,180.00,-45.00,OPEN,0
672447.262,0,0,0,1.000,1.000,1.000,-90.00,180.00,-45.00,OPEN,0
672447.265,0,0,0,1.000,1.000,1.000,-90.00,180.00,-45.00,OPEN,0
672447.269,0,0,0,1.000,1.000,1.000,-90.00,180.00,-45.00,OPEN,0
672447.273,0,0,0,1.000,1.000,1.000,-90.00,180.00,-45.00,OPEN,0
672447.277,0,0,0,1.000,1.000,1.000,-90.00,180.00,-45.00,OPEN,0
672447.281,0,0,0,1.000,1.000,1.000,-90.00,180.00,-45.00,OPEN,0
672447.285,0,0,0,1.000,1.000,1.000,-90.00,180.00,-45.00,OPEN,0
672447.289,0,0,0,1.000,1.000,1.000,-90.00,180.00,-45.00,OPEN,0
672447.293,0,0,0,1.000,1.000,1.000,-90.00,180.00,-45.00,OPEN,0
672447.296,0,0,0,1.000,1.000,1.000,-90.00,180.00,-45.00,OPEN,0
672447.301,0,0,0,1.000,1.000,1.000,-90.00,180.00,-45.00,OPEN,0
672447.305,0,0,0,1.000,1.000,1.000,-90.00,180.00,-45.00,OPEN,0
672447.308,0,0,0,1.000,1.000,1.000,-90.00,180.00,-45.00,OPEN,0
672447.312,0,0,0,1.000,1.000,1.000,-90.00,180.00,-45.00,OPEN,0
672447.316,0,0,0,1.000,1.000,1.000,-90.00,180.00,-45.00,OPEN,0
672447.320,0,0,0,1.000,1.000,1.000,-90.00,180.00,-45.00,OPEN,0
672447.326,0,0,0,1.000,1.000,1.000,-90.00,180.00,-45.00,OPEN,0
672447.331,0,0,0,1.000,1.000,1.000,-90.00,180.00,-45.00,OPEN,0
672447.335,0,0,0,1.000,1.000,1.000,-90.00,180.00,-45.00,OPEN,0
672447.339,0,0,0,1.000,1.000,1.000,-90.00,180.00,-45.00,OPEN,0
672447.343,0,0,0,1.000,1.000,1.000,-90.00,180.00,-45.00,OPEN,0
672447.347,0,0,0,1.000,1.000,1.000,-90.00,180.00,-45.00,OPEN,0
672447.351,0,0,0,1.000,1.000,1.000,-90.00,180.00,-45.00,OPEN,0
672447.355,0,0,0,1.000,1.000,1.000,-90.00,180.00,-45.00,OPEN,0
672447.360,0,0,0,1.000,1.000,1.000,-90.00,180.00,-45.00,OPEN,0
672447.364,0,0,0,1.000,1.000,1.000,-90.00,180.00,-45.00,OPEN,0
672447.368,0,0,0,1.000,1.000,1.000,-90.00,180.00,-45.00,OPEN,0
672447.372,0,0,0,1.000,1.000,1.000,-90.00,180.00,-45.00,OPEN,0
672447.375,0,0,0,1.000,1.000,1.000,-90.00,180.00,-45.00,OPEN,0
672447.379,0,0,0,1.000,1.000,1.000,-90.00,180.00,-45.00,OPEN,0
672447.383,0,0,0,1.000,1.000,1.000,-90.00,180.00,-45.00,OPEN,0
672447.387,0,0,0,1.000,1.000,1.000,-90.00,180.00,-45.00,OPEN,0
672447.391,0,0,0,1.000,1.000,1.000,-90.00,180.00,-45.00,OPEN,0
672447.395,0,0,0,1.000,1.000,1.000,-90.00,180.00,-45.00,OPEN,0
672447.398,0,0,0,1.000,0.592,1.000,-90.00,180.00,-45.00,OPEN,0
672447.402,0,0,0,1.000,0.999,0.999,-90.00,180.00,-45.00,OPEN,0
672447.406,0,0,0,1.000,1.000,0.995,-90.00,180.00,-45.00,OPEN,0
672447.411,0,0,0,1.000,1.000,0.987,-90.00,180.00,-45.00,OPEN,0
672447.415,0,0,0,1.000,1.000,0.967,-90.00,180.00,-45.00,OPEN,0
672447.418,0,0,0,1.000,1.000,0.893,-90.00,180.00,-45.00,OPEN,0
672447.422,0,0,0,1.000,1.000,0.604,-90.00,180.00,-45.00,OPEN,0
672447.426,0,0,0,1.000,0.999,0.785,-90.00,180.00,-45.00,OPEN,0
672447.430,0,0,0,1.000,0.983,0.960,-90.00,180.00,-45.00,OPEN,0
672447.434,0,0,0,1.000,0.749,0.996,-90.00,180.00,-45.00,OPEN,0
672447.437,0,0,0,1.000,0.897,0.999,-90.00,180.00,-45.00,OPEN,0
672447.441,0,0,0,1.000,0.990,1.000,-90.00,180.00,-45.00,OPEN,0
672447.445,0,0,0,1.000,0.999,1.000,-90.00,180.00,-45.00,OPEN,0
672447.450,0,0,0,1.000,1.000,1.000,-90.00,180.00,-45.00,OPEN,0
672447.455,0,0,0,1.000,1.000,1.000,-90.00,180.00,-45.00,OPEN,0
672447.459,0,0,0,0.999,1.000,1.000,-90.00,180.00,-45.00,OPEN,0
672447.463,0,0,0,0.539,1.000,1.000,-90.00,180.00,-45.00,OPEN,0
672447.467,0,0,0,0.882,1.000,1.000,-90.00,180.00,-45.00,OPEN,0
672447.471,0,0,0,1.000,1.000,1.000,-90.00,180.00,-45.00,OPEN,0
672447.475,0,0,0,1.000,1.000,1.000,-90.00,180.00,-45.00,OPEN,0
672447.479,0,0,0,1.000,1.000,1.000,-90.00,180.00,-45.00,OPEN,0
672447.483,0,0,0,1.000,1.000,1.000,-90.00,180.00,-45.00,OPEN,0
672447.487,0,0,0,0.996,1.000,1.000,-90.00,180.00,-45.00,OPEN,0
672447.491,0,0,0,0.790,1.000,1.000,-90.00,180.00,-45.00,OPEN,0
672447.495,2,0,0,0.996,1.000,1.000,-90.00,180.00,-49.50,OPEN,1
672447.499,2,0,0,0.997,1.000,1.000,-90.00,180.00,-49.50,OPEN,0
672447.503,2,0,0,0.995,1.000,1.000,-90.00,180.00,-49.50,OPEN,0
672447.506,2,0,0,0.996,1.000,1.000,-90.00,180.00,-49.50,OPEN,0
672447.511,2,0,0,1.000,1.000,1.000,-90.00,180.00,-49.50,OPEN,0
672447.516,2,0,0,1.000,1.000,1.000,-90.00,180.00,-49.50,OPEN,0
672447.521,2,0,0,1.000,1.000,1.000,-90.00,180.00,-49.50,OPEN,0
672447.527,2,0,0,0.999,1.000,1.000,-90.00,180.00,-49.50,OPEN,0
672447.532,2,0,0,0.999,1.000,1.000,-90.00,180.00,-49.50,OPEN,0
672447.537,2,0,0,0.959,1.000,1.000,-90.00,180.00,-49.50,OPEN,0
672447.542,2,0,0,0.960,1.000,1.000,-90.00,180.00,-49.50,OPEN,0
672447.546,2,0,0,0.906,1.000,1.000,-90.00,180.00,-49.50,OPEN,0
672447.550,2,0,0,0.996,1.000,1.000,-90.00,180.00,-49.50,OPEN,0
672447.554,2,0,0,1.000,1.000,1.000,-90.00,180.00,-49.50,OPEN,0
672447.558,2,0,0,1.000,1.000,1.000,-90.00,180.00,-49.50,OPEN,0
672447.562,2,0,0,1.000,1.000,1.000,-90.00,180.00,-49.50,OPEN,0
672447.566,2,0,0,1.000,1.000,1.000,-90.00,180.00,-49.50,OPEN,0
672447.570,2,0,0,1.000,1.000,1.000,-90.00,180.00,-49.50,OPEN,0
672447.574,2,0,0,1.000,1.000,1.000,-90.00,180.00,-49.50,OPEN,0
672447.577,0,0,0,1.000,1.000,1.000,-90.00,180.00,-49.50,OPEN,0
672447.581,0,0,0,1.000,1.000,1.000,-90.00,180.00,-49.50,OPEN,0
672447.585,0,0,0,1.000,1.000,1.000,-90.00,180.00,-49.50,OPEN,0
672447.591,0,0,0,1.000,1.000,1.000,-90.00,180.00,-49.50,OPEN,0
672447.595,0,0,0,1.000,0.999,1.000,-90.00,180.00,-49.50,OPEN,0
672447.598,0,0,0,1.000,1.000,1.000,-90.00,180.00,-49.50,OPEN,0
672447.603,0,0,0,1.000,0.999,1.000,-90.00,180.00,-49.50,OPEN,0
672447.608,0,0,0,1.000,1.000,1.000,-90.00,180.00,-49.50,OPEN,0
672447.612,0,0,0,1.000,1.000,1.000,-90.00,180.00,-49.50,OPEN,0
672447.615,0,0,0,1.000,1.000,1.000,-90.00,180.00,-49.50,OPEN,0
672447.619,0,0,0,1.000,1.000,1.000,-90.00,180.00,-49.50,OPEN,0
672447.624,0,0,0,1.000,1.000,1.000,-90.00,180.00,-49.50,OPEN,0
672447.628,0,0,0,1.000,1.000,1.000,-90.00,180.00,-49.50,OPEN,0
672447.632,0,0,0,1.000,1.000,1.000,-90.00,180.00,-49.50,OPEN,0
672447.637,0,0,0,1.000,1.000,1.000,-90.00,180.00,-49.50,OPEN,0
672447.641,0,0,0,1.000,1.000,1.000,-90.00,180.00,-49.50,OPEN,0
672447.645,0,0,0,1.000,1.000,1.000,-90.00,180.00,-49.50,OPEN,0
672447.649,0,0,0,1.000,1.000,1.000,-90.00,180.00,-49.50,OPEN,0
672447.653,0,0,0,1.000,1.000,1.000,-90.00,180.00,-49.50,OPEN,0
672447.657,0,0,0,1.000,1.000,1.000,-90.00,180.00,-49.50,OPEN,0
672447.661,0,0,0,1.000,1.000,1.000,-90.00,180.00,-49.50,OPEN,0
672447.665,0,0,0,1.000,1.000,1.000,-90.00,180.00,-49.50,OPEN,0
672447.669,0,0,0,1.000,1.000,1.000,-90.00,180.00,-49.50,OPEN,0
672447.672,0,0,0,1.000,1.000,1.000,-90.00,180.00,-49.50,OPEN,0
672447.677,0,0,0,1.000,1.000,1.000,-90.00,180.00,-49.50,OPEN,0
672447.682,0,0,0,1.000,1.000,1.000,-90.00,180.00,-49.50,OPEN,0
672447.689,0,0,0,1.000,1.000,1.000,-90.00,180.00,-49.50,OPEN,0
672447.695,0,0,0,1.000,1.000,1.000,-90.00,180.00,-49.50,OPEN,0
672447.701,0,0,0,1.000,1.000,1.000,-90.00,180.00,-49.50,OPEN,0
672447.706,0,0,0,1.000,1.000,1.000,-90.00,180.00,-49.50,OPEN,0
672447.711,0,0,0,1.000,1.000,1.000,-90.00,180.00,-49.50,OPEN,0
672447.716,0,0,0,1.000,1.000,1.000,-90.00,180.00,-49.50,OPEN,0
672447.720,0,0,0,1.000,1.000,1.000,-90.00,180.00,-49.50,OPEN,0
672447.724,0,0,0,1.000,1.000,1.000,-90.00,180.00,-49.50,OPEN,0
672447.729,0,0,0,1.000,1.000,1.000,-90.00,180.00,-49.50,OPEN,0
672447.733,0,0,0,1.000,1.000,1.000,-90.00,180.00,-49.50,OPEN,0
672447.737,0,0,0,1.000,1.000,1.000,-90.00,180.00,-49.50,OPEN,0
672447.741,0,0,0,1.000,1.000,1.000,-90.00,180.00,-49.50,OPEN,0
672447.746,0,0,0,1.000,1.000,1.000,-90.00,180.00,-49.50,OPEN,0
672447.750,0,0,0,1.000,1.000,1.000,-90.00,180.00,-49.50,OPEN,0
672447.755,0,0,0,1.000,1.000,1.000,-90.00,180.00,-49.50,OPEN,0
672447.759,0,0,0,1.000,1.000,1.000,-90.00,180.00,-49.50,OPEN,0
672447.764,0,0,0,1.000,1.000,1.000,-90.00,180.00,-49.50,OPEN,0
672447.768,0,0,0,1.000,1.000,1.000,-90.00,180.00,-49.50,OPEN,0
672447.773,0,0,0,1.000,1.000,1.000,-90.00,180.00,-49.50,OPEN,0
672447.777,0,0,0,1.000,1.000,1.000,-90.00,180.00,-49.50,OPEN,0
672447.781,0,0,0,1.000,1.000,1.000,-90.00,180.00,-49.50,OPEN,0
672447.786,0,0,0,1.000,1.000,1.000,-90.00,180.00,-49.50,OPEN,0
672447.790,0,0,0,1.000,1.000,1.000,-90.00,180.00,-49.50,OPEN,0
672447.794,0,0,0,1.000,1.000,1.000,-90.00,180.00,-49.50,OPEN,0
672447.799,0,0,0,1.000,1.000,1.000,-90.00,180.00,-49.50,OPEN,0
672447.804,0,0,0,1.000,1.000,1.000,-90.00,180.00,-49.50,OPEN,0
672447.808,0,0,0,1.000,1.000,1.000,-90.00,180.00,-49.50,OPEN,0
672447.812,0,0,0,1.000,1.000,1.000,-90.00,180.00,-49.50,OPEN,0
672447.816,0,0,0,1.000,1.000,1.000,-90.00,180.00,-49.50,OPEN,0
672447.820,0,0,0,1.000,1.000,1.000,-90.00,180.00,-49.50,OPEN,0
672447.824,0,0,0,1.000,1.000,1.000,-90.00,180.00,-49.50,OPEN,0
672447.828,0,0,0,1.000,1.000,1.000,-90.00,180.00,-49.50,OPEN,0
672447.832,0,0,0,1.000,1.000,1.000,-90.00,180.00,-49.50,OPEN,0
672447.836,0,0,0,1.000,1.000,1.000,-90.00,180.00,-49.50,OPEN,0
672447.840,0,0,0,1.000,1.000,1.000,-90.00,180.00,-49.50,OPEN,0
672447.844,0,0,0,1.000,1.000,1.000,-90.00,180.00,-49.50,OPEN,0
672447.848,0,0,0,1.000,1.000,1.000,-90.00,180.00,-49.50,OPEN,0
672447.852,0,0,0,1.000,1.000,1.000,-90.00,180.00,-49.50,OPEN,0
672447.856,0,0,0,1.000,1.000,1.000,-90.00,180.00,-49.50,OPEN,0
672447.860,0,0,0,1.000,1.000,1.000,-90.00,180.00,-49.50,OPEN,0
672447.863,0,0,0,1.000,1.000,1.000,-90.00,180.00,-49.50,OPEN,0
672447.868,0,0,0,1.000,1.000,1.000,-90.00,180.00,-49.50,OPEN,0
672447.873,0,0,0,1.000,1.000,1.000,-90.00,180.00,-49.50,OPEN,0
672447.879,0,0,0,1.000,1.000,1.000,-90.00,180.00,-49.50,OPEN,0
672447.885,0,0,0,1.000,1.000,1.000,-90.00,180.00,-49.50,OPEN,0
672447.890,0,0,0,1.000,1.000,1.000,-90.00,180.00,-49.50,OPEN,0
672447.895,0,0,0,1.000,1.000,1.000,-90.00,180.00,-49.50,OPEN,0
672447.900,0,0,0,1.000,1.000,1.000,-90.00,180.00,-49.50,OPEN,0
672447.904,0,0,0,1.000,1.000,1.000,-90.00,180.00,-49.50,OPEN,0
672447.908,0,0,0,1.000,1.000,1.000,-90.00,180.00,-49.50,OPEN,0
672447.913,0,0,0,1.000,1.000,1.000,-90.00,180.00,-49.50,OPEN,0
672447.916,0,0,0,1.000,0.999,1.000,-90.00,180.00,-49.50,OPEN,0
672447.920,0,0,0,1.000,0.991,1.000,-90.00,180.00,-49.50,OPEN,0
672447.924,0,0,0,1.000,0.883,1.000,-90.00,180.00,-49.50,OPEN,0
672447.928,0,0,0,1.000,0.517,1.000,-90.00,180.00,-49.50,OPEN,0
672447.932,0,0,0,1.000,0.830,1.000,-90.00,180.00,-49.50,OPEN,0
672447.939,0,0,0,1.000,0.963,1.000,-90.00,180.00,-49.50,OPEN,0
672447.947,0,0,0,0.999,0.974,1.000,-90.00,180.00,-49.50,OPEN,0
672447.955,0,0,0,0.997,0.992,1.000,-90.00,180.00,-49.50,OPEN,0
672447.963,0,0,0,0.947,1.000,0.864,-90.00,180.00,-49.50,OPEN,0
672447.971,0,0,0,0.619,1.000,1.000,-90.00,180.00,-49.50,OPEN,0
672447.978,0,0,0,0.954,1.000,1.000,-90.00,180.00,-49.50,OPEN,0
672447.984,0,0,0,0.896,1.000,1.000,-90.00,180.00,-49.50,OPEN,0
672447.989,0,0,0,0.971,1.000,1.000,-90.00,180.00,-49.50,OPEN,0
672447.994,0,0,0,1.000,1.000,1.000,-90.00,180.00,-49.50,OPEN,0
672447.999,0,0,0,1.000,1.000,1.000,-90.00,180.00,-49.50,OPEN,0
672448.004,0,0,0,1.000,1.000,1.000,-90.00,180.00,-49.50,OPEN,0
672448.008,0,0,0,0.998,1.000,1.000,-90.00,180.00,-49.50,OPEN,0
672448.013,0,0,0,0.892,1.000,1.000,-90.00,180.00,-49.50,OPEN,0
672448.017,0,0,0,0.604,1.000,1.000,-90.00,180.00,-49.50,OPEN,0
672448.021,0,0,0,0.624,1.000,1.000,-90.00,180.00,-49.50,OPEN,0
672448.025,0,0,0,0.632,1.000,1.000,-90.00,180.00,-49.50,OPEN,0
672448.029,0,0,0,0.605,1.000,1.000,-90.00,180.00,-49.50,OPEN,0
672448.035,0,0,0,0.526,1.000,1.000,-90.00,180.00,-49.50,OPEN,0
672448.039,0,0,0,0.661,1.000,1.000,-90.00,180.00,-49.50,OPEN,0
672448.042,0,0,0,0.964,1.000,1.000,-90.00,180.00,-49.50,OPEN,0
672448.046,0,0,0,0.944,1.000,1.000,-90.00,180.00,-49.50,OPEN,0
672448.050,0,0,0,0.886,1.000,1.000,-90.00,180.00,-49.50,OPEN,0
672448.053,0,0,0,0.510,1.000,1.000,-90.00,180.00,-49.50,OPEN,0
672448.057,0,0,0,0.865,1.000,1.000,-90.00,180.00,-49.50,OPEN,0
672448.061,0,0,0,1.000,0.983,0.967,-90.00,180.00,-49.50,OPEN,0
672448.066,0,0,0,1.000,0.976,0.999,-90.00,180.00,-49.50,OPEN,0
672448.070,0,0,0,1.000,0.944,1.000,-90.00,180.00,-49.50,OPEN,0
672448.074,0,0,0,1.000,0.787,1.000,-90.00,180.00,-49.50,OPEN,0
672448.078,0,0,0,1.000,0.580,1.000,-90.00,180.00,-49.50,OPEN,0
672448.083,0,0,0,1.000,0.620,1.000,-90.00,180.00,-49.50,OPEN,0
672448.086,0,0,0,1.000,0.756,1.000,-90.00,180.00,-49.50,OPEN,0
672448.090,0,0,0,1.000,0.839,1.000,-90.00,180.00,-49.50,OPEN,0
672448.094,0,0,0,1.000,0.958,1.000,-90.00,180.00,-49.50,OPEN,0
672448.098,0,0,0,1.000,0.971,1.000,-90.00,180.00,-49.50,OPEN,0
672448.102,0,0,0,1.000,0.972,1.000,-90.00,180.00,-49.50,OPEN,0
672448.106,0,0,0,1.000,0.986,1.000,-90.00,180.00,-49.50,OPEN,0
672448.110,0,0,0,1.000,0.994,1.000,-90.00,180.00,-49.50,OPEN,0
672448.114,0,0,0,1.000,0.993,1.000,-90.00,180.00,-49.50,OPEN,0
672448.118,0,0,0,1.000,0.994,1.000,-90.00,180.00,-49.50,OPEN,0
672448.123,0,0,0,1.000,0.997,1.000,-90.00,180.00,-49.50,OPEN,0
672448.129,0,0,0,1.000,0.997,1.000,-90.00,180.00,-49.50,OPEN,0
672448.133,0,0,0,1.000,0.997,1.000,-90.00,180.00,-49.50,OPEN,0
672448.137,0,0,0,1.000,0.998,1.000,-90.00,180.00,-49.50,OPEN,0
672448.141,0,0,0,1.000,0.999,0.999,-90.00,180.00,-49.50,OPEN,0
672448.145,0,0,0,1.000,0.998,0.997,-90.00,180.00,-49.50,OPEN,0
672448.149,0,0,0,1.000,0.998,0.990,-90.00,180.00,-49.50,OPEN,0
672448.152,0,0,0,1.000,0.994,0.950,-90.00,180.00,-49.50,OPEN,0
672448.156,0,0,0,1.000,0.984,0.817,-90.00,180.00,-49.50,OPEN,0
672448.160,0,0,0,1.000,0.947,0.590,-90.00,180.00,-49.50,OPEN,0
672448.164,0,0,0,1.000,0.904,0.754,-90.00,180.00,-49.50,OPEN,0
672448.168,0,0,0,1.000,0.827,0.889,-90.00,180.00,-49.50,OPEN,0
672448.171,0,0,0,1.000,0.755,0.957,-90.00,180.00,-49.50,OPEN,0
672448.176,0,0,0,1.000,0.667,0.988,-90.00,180.00,-49.50,OPEN,0
672448.180,0,0,0,1.000,0.550,0.997,-90.00,180.00,-49.50,OPEN,0
672448.185,0,0,0,1.000,0.558,0.999,-90.00,180.00,-49.50,OPEN,0
672448.189,0,0,0,1.000,0.798,1.000,-90.00,180.00,-49.50,OPEN,0
672448.193,0,0,0,1.000,0.980,1.000,-90.00,180.00,-49.50,OPEN,0
672448.196,0,0,0,1.000,0.999,1.000,-90.00,180.00,-49.50,OPEN,0
672448.200,0,0,0,1.000,1.000,1.000,-90.00,180.00,-49.50,OPEN,0
672448.204,0,0,0,1.000,1.000,1.000,-90.00,180.00,-49.50,OPEN,0
672448.208,0,0,0,1.000,1.000,1.000,-90.00,180.00,-49.50,OPEN,0
672448.212,0,0,0,1.000,1.000,1.000,-90.00,180.00,-49.50,OPEN,0
672448.215,0,0,0,1.000,1.000,1.000,-90.00,180.00,-49.50,OPEN,0
672448.219,0,0,0,1.000,1.000,1.000,-90.00,180.00,-49.50,OPEN,0
672448.223,0,0,0,1.000,1.000,1.000,-90.00,180.00,-49.50,OPEN,0
672448.227,0,0,0,1.000,1.000,1.000,-90.00,180.00,-49.50,OPEN,0
672448.231,0,0,0,1.000,1.000,1.000,-90.00,180.00,-49.50,OPEN,0
672448.234,0,0,0,1.000,1.000,1.000,-90.00,180.00,-49.50,OPEN,0
672448.238,0,0,0,1.000,1.000,1.000,-90.00,180.00,-49.50,OPEN,0
672448.242,0,0,0,1.000,1.000,1.000,-90.00,180.00,-49.50,OPEN,0
672448.247,0,0,0,1.000,1.000,1.000,-90.00,180.00,-49.50,OPEN,0
672448.252,0,0,0,1.000,1.000,1.000,-90.00,180.00,-49.50,OPEN,0
672448.256,0,0,0,1.000,1.000,1.000,-90.00,180.00,-49.50,OPEN,0
672448.261,0,0,0,1.000,1.000,1.000,-90.00,180.00,-49.50,OPEN,0
672448.266,0,0,0,1.000,1.000,1.000,-90.00,180.00,-49.50,OPEN,0
672448.271,0,0,0,1.000,1.000,1.000,-90.00,180.00,-49.50,OPEN,0
672448.276,0,0,0,1.000,1.000,1.000,-90.00,180.00,-49.50,OPEN,0
672448.281,0,0,0,1.000,1.000,1.000,-90.00,180.00,-49.50,OPEN,0
672448.285,0,0,0,1.000,1.000,1.000,-90.00,180.00,-49.50,OPEN,0
672448.291,0,0,0,1.000,1.000,1.000,-90.00,180.00,-49.50,OPEN,0
672448.297,0,0,0,1.000,1.000,1.000,-90.00,180.00,-49.50,OPEN,0
672448.306,0,0,0,1.000,1.000,1.000,-90.00,180.00,-49.50,OPEN,0
672448.312,0,0,0,1.000,1.000,1.000,-90.00,180.00,-49.50,OPEN,0
672448.320,0,0,0,1.000,1.000,1.000,-90.00,180.00,-49.50,OPEN,0
672448.326,0,0,0,1.000,1.000,1.000,-90.00,180.00,-49.50,OPEN,0
672448.336,0,0,0,1.000,1.000,1.000,-90.00,180.00,-49.50,OPEN,0
672448.342,0,0,0,1.000,1.000,1.000,-90.00,180.00,-49.50,OPEN,0
672448.347,0,0,0,1.000,1.000,1.000,-90.00,180.00,-49.50,OPEN,0
672448.352,0,0,0,1.000,1.000,1.000,-90.00,180.00,-49.50,OPEN,0
672448.357,0,0,0,1.000,1.000,1.000,-90.00,180.00,-49.50,OPEN,0
672448.361,0,0,0,1.000,1.000,1.000,-90.00,180.00,-49.50,OPEN,0
672448.365,0,0,0,1.000,1.000,1.000,-90.00,180.00,-49.50,OPEN,0
672448.369,0,0,0,1.000,1.000,1.000,-90.00,180.00,-49.50,OPEN,0
672448.373,0,0,0,1.000,1.000,1.000,-90.00,180.00,-49.50,OPEN,0
672448.377,0,0,0,1.000,1.000,1.000,-90.00,180.00,-49.50,OPEN,0
672448.380,0,0,0,1.000,1.000,1.000,-90.00,180.00,-49.50,OPEN,0
672448.384,0,0,0,1.000,1.000,1.000,-90.00,180.00,-49.50,OPEN,0
672448.388,0,0,0,1.000,1.000,1.000,-90.00,180.00,-49.50,OPEN,0
672448.392,0,0,0,1.000,1.000,1.000,-90.00,180.00,-49.50,OPEN,0
672448.396,0,0,0,1.000,1.000,1.000,-90.00,180.00,-49.50,OPEN,0
672448.401,0,0,0,1.000,1.000,1.000,-90.00,180.00,-49.50,OPEN,0
672448.406,0,0,0,1.000,1.000,1.000,-90.00,180.00,-49.50,OPEN,0
672448.412,0,0,0,1.000,1.000,1.000,-90.00,180.00,-49.50,OPEN,0
672448.417,0,0,0,1.000,1.000,1.000,-90.00,180.00,-49.50,OPEN,0
672448.422,0,0,0,1.000,1.000,1.000,-90.00,180.00,-49.50,OPEN,0
672448.428,0,0,0,1.000,1.000,1.000,-90.00,180.00,-49.50,OPEN,0
672448.433,0,0,0,1.000,1.000,1.000,-90.00,180.00,-49.50,OPEN,0
672448.438,0,0,0,1.000,1.000,1.000,-90.00,180.00,-49.50,OPEN,0
672448.443,0,0,0,1.000,1.000,1.000,-90.00,180.00,-49.50,OPEN,0
672448.447,0,0,0,1.000,1.000,1.000,-90.00,180.00,-49.50,OPEN,0
672448.451,0,0,0,1.000,1.000,1.000,-90.00,180.00,-49.50,OPEN,0
672448.455,0,0,0,1.000,1.000,1.000,-90.00,180.00,-49.50,OPEN,0
672448.459,0,0,0,1.000,1.000,1.000,-90.00,180.00,-49.50,OPEN,0
672448.463,0,0,0,1.000,1.000,1.000,-90.00,180.00,-49.50,OPEN,0
672448.468,0,0,0,1.000,1.000,1.000,-90.00,180.00,-49.50,OPEN,0
672448.473,0,0,0,1.000,1.000,1.000,-90.00,180.00,-49.50,OPEN,0
672448.478,0,0,0,1.000,1.000,1.000,-90.00,180.00,-49.50,OPEN,0
672448.483,0,0,0,1.000,1.000,1.000,-90.00,180.00,-49.50,OPEN,0
672448.488,0,0,0,1.000,1.000,1.000,-90.00,180.00,-49.50,OPEN,0
672448.492,0,0,0,1.000,1.000,1.000,-90.00,180.00,-49.50,OPEN,0
672448.496,0,0,0,1.000,1.000,1.000,-90.00,180.00,-49.50,OPEN,0
672448.500,0,0,0,1.000,1.000,1.000,-90.00,180.00,-49.50,OPEN,0
672448.504,0,0,0,1.000,1.000,1.000,-90.00,180.00,-49.50,OPEN,0
672448.508,0,0,0,1.000,1.000,1.000,-90.00,180.00,-49.50,OPEN,0
672448.511,0,0,0,1.000,1.000,1.000,-90.00,180.00,-49.50,OPEN,0
672448.515,0,0,0,1.000,1.000,1.000,-90.00,180.00,-49.50,OPEN,0
672448.519,0,0,0,1.000,1.000,1.000,-90.00,180.00,-49.50,OPEN,0
672448.523,0,0,0,1.000,1.000,1.000,-90.00,180.00,-49.50,OPEN,0
672448.526,0,0,0,1.000,1.000,1.000,-90.00,180.00,-49.50,OPEN,0
672448.530,0,0,0,1.000,1.000,1.000,-90.00,180.00,-49.50,OPEN,0
672448.534,0,0,0,1.000,1.000,1.000,-90.00,180.00,-49.50,OPEN,0
672448.538,0,0,0,1.000,1.000,1.000,-90.00,180.00,-49.50,OPEN,0
672448.542,0,0,0,1.000,1.000,1.000,-90.00,180.00,-49.50,OPEN,0
672448.547,0,0,0,1.000,1.000,1.000,-90.00,180.00,-49.50,OPEN,0
672448.552,0,0,0,1.000,1.000,1.000,-90.00,180.00,-49.50,OPEN,0
672448.557,0,0,0,1.000,1.000,1.000,-90.00,180.00,-49.50,OPEN,0
672448.561,0,0,0,1.000,1.000,1.000,-90.00,180.00,-49.50,OPEN,0
672448.565,0,0,0,1.000,1.000,1.000,-90.00,180.00,-49.50,OPEN,0
672448.569,0,0,0,1.000,1.000,1.000,-90.00,180.00,-49.50,OPEN,0
672448.573,0,0,0,1.000,1.000,1.000,-90.00,180.00,-49.50,OPEN,0
672448.577,0,0,0,1.000,1.000,1.000,-90.00,180.00,-49.50,OPEN,0
672448.580,0,0,0,1.000,0.939,1.000,-90.00,180.00,-49.50,OPEN,0
672448.584,0,0,0,1.000,0.994,1.000,-90.00,180.00,-49.50,OPEN,0
672448.588,0,0,0,0.998,1.000,1.000,-90.00,180.00,-49.50,OPEN,0
672448.592,0,0,0,0.997,1.000,1.000,-90.00,180.00,-49.50,OPEN,0
672448.597,0,0,0,0.999,1.000,1.000,-90.00,180.00,-49.50,OPEN,0
672448.603,0,0,0,0.998,1.000,1.000,-90.00,180.00,-49.50,OPEN,0
672448.608,0,0,0,0.998,1.000,1.000,-90.00,180.00,-49.50,OPEN,0
672448.613,0,0,0,0.999,1.000,1.000,-90.00,180.00,-49.50,OPEN,0
672448.618,0,0,0,1.000,1.000,0.998,-90.00,180.00,-49.50,OPEN,0
672448.623,0,0,0,1.000,1.000,0.988,-90.00,180.00,-49.50,OPEN,0
672448.628,0,0,0,1.000,1.000,0.943,-90.00,180.00,-49.50,OPEN,0
672448.632,0,0,0,1.000,1.000,0.757,-90.00,180.00,-49.50,OPEN,0
672448.636,0,0,0,1.000,1.000,0.504,-90.00,180.00,-49.50,OPEN,0
672448.640,0,0,0,1.000,1.000,0.691,-90.00,180.00,-49.50,OPEN,0
672448.644,0,0,0,1.000,1.000,0.834,-90.00,180.00,-49.50,OPEN,0
672448.647,0,0,0,1.000,1.000,0.808,-90.00,180.00,-49.50,OPEN,0
672448.651,0,0,0,1.000,1.000,0.817,-90.00,180.00,-49.50,OPEN,0
672448.654,0,0,0,1.000,1.000,0.876,-90.00,180.00,-49.50,OPEN,0
672448.658,0,0,0,1.000,1.000,0.969,-90.00,180.00,-49.50,OPEN,0
672448.662,0,0,0,1.000,1.000,1.000,-90.00,180.00,-49.50,OPEN,0
672448.666,0,0,0,1.000,1.000,1.000,-90.00,180.00,-49.50,OPEN,0
672448.670,0,0,0,1.000,1.000,1.000,-90.00,180.00,-49.50,OPEN,0
672448.675,0,0,0,1.000,1.000,1.000,-90.00,180.00,-49.50,OPEN,0
672448.680,0,0,0,1.000,1.000,1.000,-90.00,180.00,-49.50,OPEN,0
672448.684,0,0,0,1.000,1.000,1.000,-90.00,180.00,-49.50,OPEN,0
672448.690,0,0,0,1.000,1.000,1.000,-90.00,180.00,-49.50,OPEN,0
672448.694,0,0,0,1.000,1.000,1.000,-90.00,180.00,-49.50,OPEN,0
672448.698,0,0,0,1.000,1.000,1.000,-90.00,180.00,-49.50,OPEN,0
672448.702,0,0,0,1.000,1.000,1.000,-90.00,180.00,-49.50,OPEN,0
672448.705,0,0,0,1.000,1.000,1.000,-90.00,180.00,-49.50,OPEN,0
672448.709,0,0,0,1.000,1.000,1.000,-90.00,180.00,-49.50,OPEN,0
672448.714,0,0,0,1.000,1.000,1.000,-90.00,180.00,-49.50,OPEN,0
672448.717,0,0,0,1.000,1.000,1.000,-90.00,180.00,-49.50,OPEN,0
672448.722,0,0,0,1.000,1.000,1.000,-90.00,180.00,-49.50,OPEN,0
672448.726,0,0,0,1.000,1.000,1.000,-90.00,180.00,-49.50,OPEN,0
672448.730,0,0,0,1.000,1.000,1.000,-90.00,180.00,-49.50,OPEN,0
672448.733,0,0,0,1.000,1.000,1.000,-90.00,180.00,-49.50,OPEN,0
672448.737,0,0,0,1.000,1.000,1.000,-90.00,180.00,-49.50,OPEN,0
672448.741,0,0,0,1.000,1.000,1.000,-90.00,180.00,-49.50,OPEN,0
672448.746,0,0,0,1.000,1.000,1.000,-90.00,180.00,-49.50,OPEN,0
672448.751,0,0,0,1.000,1.000,1.000,-90.00,180.00,-49.50,OPEN,0
672448.757,0,0,0,1.000,1.000,1.000,-90.00,180.00,-49.50,OPEN,0
672448.763,0,0,0,1.000,1.000,1.000,-90.00,180.00,-49.50,OPEN,0
672448.768,0,0,0,1.000,1.000,1.000,-90.00,180.00,-49.50,OPEN,0
672448.772,0,0,0,1.000,1.000,1.000,-90.00,180.00,-49.50,OPEN,0
672448.776,0,0,0,1.000,1.000,1.000,-90.00,180.00,-49.50,OPEN,0
672448.780,0,0,0,1.000,1.000,1.000,-90.00,180.00,-49.50,OPEN,0
672448.784,0,0,0,1.000,1.000,1.000,-90.00,180.00,-49.50,OPEN,0
672448.788,0,0,0,1.000,1.000,1.000,-90.00,180.00,-49.50,OPEN,0
672448.792,0,0,0,1.000,1.000,1.000,-90.00,180.00,-49.50,OPEN,0
672448.795,0,0,0,1.000,1.000,1.000,-90.00,180.00,-49.50,OPEN,0
672448.800,0,0,0,1.000,1.000,1.000,-90.00,180.00,-49.50,OPEN,0
672448.804,0,0,0,1.000,1.000,1.000,-90.00,180.00,-49.50,OPEN,0
672448.809,0,0,0,1.000,1.000,1.000,-90.00,180.00,-49.50,OPEN,0
672448.814,0,0,0,1.000,1.000,1.000,-90.00,180.00,-49.50,OPEN,0
672448.818,0,0,0,1.000,1.000,1.000,-90.00,180.00,-49.50,OPEN,0
672448.822,0,0,0,1.000,1.000,1.000,-90.00,180.00,-49.50,OPEN,0
672448.825,0,0,0,1.000,1.000,1.000,-90.00,180.00,-49.50,OPEN,0
672448.829,0,0,0,1.000,1.000,1.000,-90.00,180.00,-49.50,OPEN,0
672448.834,0,0,0,1.000,1.000,1.000,-90.00,180.00,-49.50,OPEN,0
672448.837,0,0,0,1.000,1.000,1.000,-90.00,180.00,-49.50,OPEN,0
672448.841,0,0,0,1.000,1.000,1.000,-90.00,180.00,-49.50,OPEN,0
672448.846,0,0,0,1.000,1.000,1.000,-90.00,180.00,-49.50,OPEN,0
672448.850,0,0,0,1.000,1.000,1.000,-90.00,180.00,-49.50,OPEN,0
672448.854,0,0,0,1.000,1.000,1.000,-90.00,180.00,-49.50,OPEN,0
672448.857,0,0,0,1.000,1.000,1.000,-90.00,180.00,-49.50,OPEN,0
672448.862,0,0,0,1.000,1.000,1.000,-90.00,180.00,-49.50,OPEN,0
672448.867,0,0,0,1.000,1.000,1.000,-90.00,180.00,-49.50,OPEN,0
672448.871,0,0,0,1.000,1.000,1.000,-90.00,180.00,-49.50,OPEN,0
672448.875,0,0,0,1.000,1.000,1.000,-90.00,180.00,-49.50,OPEN,0
672448.879,0,0,0,1.000,1.000,1.000,-90.00,180.00,-49.50,OPEN,0
672448.883,0,0,0,1.000,1.000,1.000,-90.00,180.00,-49.50,OPEN,0
672448.886,0,0,0,1.000,1.000,1.000,-90.00,180.00,-49.50,OPEN,0
672448.890,0,0,0,1.000,1.000,1.000,-90.00,180.00,-49.50,OPEN,0
672448.894,0,0,0,1.000,1.000,1.000,-90.00,180.00,-49.50,OPEN,0
672448.897,0,0,0,1.000,1.000,1.000,-90.00,180.00,-49.50,OPEN,0
672448.901,0,0,0,1.000,1.000,1.000,-90.00,180.00,-49.50,OPEN,0
672448.905,0,0,0,1.000,1.000,1.000,-90.00,180.00,-49.50,OPEN,0
672448.909,0,0,0,1.000,1.000,1.000,-90.00,180.00,-49.50,OPEN,0
672448.914,0,0,0,1.000,1.000,1.000,-90.00,180.00,-49.50,OPEN,0
672448.918,0,0,0,1.000,1.000,1.000,-90.00,180.00,-49.50,OPEN,0
672448.923,0,0,0,1.000,1.000,1.000,-90.00,180.00,-49.50,OPEN,0
672448.927,0,0,0,1.000,1.000,1.000,-90.00,180.00,-49.50,OPEN,0
672448.931,0,0,0,1.000,1.000,1.000,-90.00,180.00,-49.50,OPEN,0
672448.935,0,0,0,1.000,1.000,1.000,-90.00,180.00,-49.50,OPEN,0
672448.939,0,0,0,1.000,1.000,1.000,-90.00,180.00,-49.50,OPEN,0
672448.943,0,0,0,1.000,1.000,1.000,-90.00,180.00,-49.50,OPEN,0
672448.947,0,0,0,1.000,1.000,1.000,-90.00,180.00,-49.50,OPEN,0
672448.951,0,0,0,1.000,1.000,1.000,-90.00,180.00,-49.50,OPEN,0
672448.955,0,0,0,1.000,1.000,1.000,-90.00,180.00,-49.50,OPEN,0
672448.960,0,0,0,1.000,1.000,1.000,-90.00,180.00,-49.50,OPEN,0
672448.964,0,0,0,1.000,1.000,1.000,-90.00,180.00,-49.50,OPEN,0
672448.969,0,0,0,1.000,1.000,1.000,-90.00,180.00,-49.50,OPEN,0
672448.973,0,0,0,1.000,1.000,1.000,-90.00,180.00,-49.50,OPEN,0
672448.976,0,0,0,1.000,1.000,1.000,-90.00,180.00,-49.50,OPEN,0
672448.980,0,0,0,1.000,1.000,1.000,-90.00,180.00,-49.50,OPEN,0
672448.984,0,0,0,1.000,1.000,1.000,-90.00,180.00,-49.50,OPEN,0
672448.988,0,0,0,1.000,1.000,1.000,-90.00,180.00,-49.50,OPEN,0
672448.991,0,0,0,1.000,1.000,1.000,-90.00,180.00,-49.50,OPEN,0
672448.995,0,0,0,1.000,1.000,1.000,-90.00,180.00,-49.50,OPEN,0
672448.999,0,0,0,1.000,1.000,1.000,-90.00,180.00,-49.50,OPEN,0
672449.003,0,0,0,1.000,1.000,1.000,-90.00,180.00,-49.50,OPEN,0
672449.007,0,0,0,1.000,1.000,1.000,-90.00,180.00,-49.50,OPEN,0
672449.010,0,0,0,1.000,1.000,1.000,-90.00,180.00,-49.50,OPEN,0
672449.014,0,0,0,1.000,1.000,1.000,-90.00,180.00,-49.50,OPEN,0
672449.018,0,0,0,1.000,1.000,1.000,-90.00,180.00,-49.50,OPEN,0
672449.023,0,0,0,1.000,1.000,1.000,-90.00,180.00,-49.50,OPEN,0
672449.027,0,0,0,1.000,1.000,1.000,-90.00,180.00,-49.50,OPEN,0
672449.031,0,0,0,1.000,1.000,1.000,-90.00,180.00,-49.50,OPEN,0
672449.035,0,0,0,1.000,1.000,1.000,-90.00,180.00,-49.50,OPEN,0
672449.040,0,0,0,1.000,1.000,1.000,-90.00,180.00,-49.50,OPEN,0
672449.044,0,0,0,1.000,1.000,1.000,-90.00,180.00,-49.50,OPEN,0
672449.048,0,0,0,1.000,1.000,1.000,-90.00,180.00,-49.50,OPEN,0
672449.052,0,0,0,1.000,1.000,1.000,-90.00,180.00,-49.50,OPEN,0
672449.055,0,0,0,1.000,1.000,1.000,-90.00,180.00,-49.50,OPEN,0
672449.059,0,0,0,1.000,1.000,1.000,-90.00,180.00,-49.50,OPEN,0
672449.063,0,0,0,1.000,1.000,1.000,-90.00,180.00,-49.50,OPEN,0
672449.067,0,0,0,1.000,1.000,1.000,-90.00,180.00,-49.50,OPEN,0
672449.070,0,0,0,1.000,1.000,1.000,-90.00,180.00,-49.50,OPEN,0
672449.074,0,0,0,1.000,1.000,1.000,-90.00,180.00,-49.50,OPEN,0
672449.078,0,0,0,1.000,1.000,1.000,-90.00,180.00,-49.50,OPEN,0
672449.082,0,0,0,1.000,1.000,1.000,-90.00,180.00,-49.50,OPEN,0
672449.086,0,0,0,1.000,1.000,1.000,-90.00,180.00,-49.50,OPEN,0
672449.090,0,0,0,1.000,1.000,1.000,-90.00,180.00,-49.50,OPEN,0
672449.094,0,0,0,1.000,1.000,1.000,-90.00,180.00,-49.50,OPEN,0
672449.098,0,0,0,1.000,1.000,0.999,-90.00,180.00,-49.50,OPEN,0
672449.101,0,0,0,1.000,0.999,0.996,-90.00,180.00,-49.50,OPEN,0
672449.105,0,0,0,1.000,0.998,0.994,-90.00,180.00,-49.50,OPEN,0
672449.108,0,0,0,1.000,0.998,0.993,-90.00,180.00,-49.50,OPEN,0
672449.112,0,0,0,1.000,0.998,0.991,-90.00,180.00,-49.50,OPEN,0
672449.116,0,0,0,0.999,0.995,0.993,-90.00,180.00,-49.50,OPEN,0
672449.120,0,1,0,1.000,0.999,0.957,-90.00,179.72,-49.50,OPEN,0
672449.124,0,1,0,0.998,1.000,0.780,-90.00,179.50,-49.50,OPEN,1
672449.128,0,1,0,0.998,1.000,0.787,-90.00,179.24,-49.50,OPEN,0
672449.133,0,1,0,0.996,1.000,0.986,-90.00,178.98,-49.50,OPEN,0
672449.138,0,1,0,0.995,1.000,0.989,-90.00,178.66,-49.50,OPEN,0
672449.143,0,1,0,0.993,1.000,0.928,-90.00,178.35,-49.50,OPEN,0
672449.147,0,1,0,0.991,1.000,0.918,-90.00,178.12,-49.50,OPEN,0
672449.152,0,1,0,0.999,1.000,0.934,-90.00,177.85,-49.50,OPEN,0
672449.155,0,1,0,1.000,1.000,0.942,-90.00,177.62,-49.50,OPEN,0
672449.160,0,1,0,1.000,1.000,0.936,-90.00,177.34,-49.50,OPEN,0
672449.165,0,1,0,1.000,1.000,0.979,-90.00,177.04,-49.50,OPEN,0
672449.169,0,1,0,1.000,1.000,0.982,-90.00,176.81,-49.50,OPEN,0
672449.173,0,1,0,1.000,1.000,0.966,-90.00,176.56,-49.50,OPEN,0
672449.178,0,1,0,1.000,0.820,0.975,-90.00,176.26,-49.50,OPEN,0
672449.183,0,1,0,1.000,0.995,0.973,-90.00,175.95,-49.50,OPEN,0
672449.188,0,1,0,1.000,1.000,0.962,-90.00,175.67,-49.50,OPEN,0
672449.192,0,1,0,1.000,1.000,0.957,-90.00,175.41,-49.50,OPEN,0
672449.196,0,1,0,1.000,1.000,0.956,-90.00,175.17,-49.50,OPEN,0
672449.200,0,1,0,1.000,1.000,0.937,-90.00,174.93,-49.50,OPEN,0
672449.205,0,1,0,1.000,1.000,0.875,-90.00,174.67,-49.50,OPEN,0
672449.209,0,1,0,1.000,0.672,0.529,-90.00,174.43,-49.50,OPEN,0
672449.212,0,1,0,1.000,0.998,0.945,-90.00,174.21,-49.50,OPEN,0
672449.216,0,1,0,1.000,1.000,0.995,-90.00,173.98,-49.50,OPEN,0
672449.220,0,1,0,1.000,1.000,0.996,-90.00,173.75,-49.50,OPEN,0
672449.224,0,1,0,1.000,1.000,0.997,-90.00,173.52,-49.50,OPEN,0
672449.228,0,1,0,1.000,1.000,0.995,-90.00,173.29,-49.50,OPEN,1
672449.231,0,1,0,1.000,1.000,0.994,-90.00,173.06,-49.50,OPEN,0
672449.236,0,1,0,1.000,1.000,0.992,-90.00,172.79,-49.50,OPEN,0
672449.240,0,1,0,1.000,0.999,0.990,-90.00,172.53,-49.50,OPEN,0
672449.244,0,1,0,1.000,0.980,0.977,-90.00,172.31,-49.50,OPEN,0
672449.247,0,1,0,1.000,0.819,0.917,-90.00,172.10,-49.50,OPEN,0
672449.251,0,1,0,1.000,0.998,0.786,-90.00,171.87,-49.50,OPEN,0
672449.255,0,1,0,1.000,1.000,0.675,-90.00,171.64,-49.50,OPEN,0
672449.261,0,1,0,1.000,1.000,0.618,-90.00,171.31,-49.50,OPEN,0
672449.267,0,1,0,1.000,1.000,0.884,-90.00,170.94,-49.50,OPEN,0
672449.272,0,1,0,1.000,1.000,0.976,-90.00,170.63,-49.50,OPEN,0
672449.276,0,1,0,1.000,1.000,0.996,-90.00,170.36,-49.50,OPEN,0
672449.281,0,1,0,1.000,1.000,0.999,-90.00,170.10,-49.50,OPEN,0
672449.285,0,1,0,1.000,1.000,0.999,-90.00,169.82,-49.50,OPEN,0
672449.290,0,1,0,1.000,1.000,1.000,-90.00,169.57,-49.50,OPEN,0
672449.294,0,1,0,1.000,1.000,1.000,-90.00,169.33,-49.50,OPEN,0
672449.298,0,1,0,1.000,1.000,1.000,-90.00,169.09,-49.50,OPEN,0
672449.302,0,1,0,1.000,1.000,1.000,-90.00,168.85,-49.50,OPEN,0
672449.305,0,1,0,1.000,1.000,1.000,-90.00,168.62,-49.50,OPEN,0
672449.309,0,1,0,1.000,1.000,1.000,-90.00,168.40,-49.50,OPEN,0
672449.313,0,1,0,1.000,1.000,1.000,-90.00,168.15,-49.50,OPEN,0
672449.317,0,1,0,1.000,1.000,1.000,-90.00,167.94,-49.50,OPEN,0
672449.320,0,1,0,1.000,1.000,1.000,-90.00,167.72,-49.50,OPEN,0
672449.324,0,1,0,1.000,1.000,1.000,-90.00,167.48,-49.50,OPEN,0
672449.329,0,1,0,1.000,1.000,1.000,-90.00,167.23,-49.50,OPEN,1
672449.333,0,1,0,1.000,1.000,1.000,-90.00,166.98,-49.50,OPEN,0
672449.337,0,1,0,1.000,1.000,1.000,-90.00,166.75,-49.50,OPEN,0
672449.340,0,1,0,1.000,1.000,1.000,-90.00,166.52,-49.50,OPEN,0
672449.345,0,1,0,1.000,1.000,1.000,-90.00,166.27,-49.50,OPEN,0
672449.349,0,1,0,1.000,1.000,1.000,-90.00,166.04,-49.50,OPEN,0
672449.353,0,1,0,1.000,1.000,1.000,-90.00,165.79,-49.50,OPEN,0
672449.357,0,1,0,1.000,1.000,1.000,-90.00,165.50,-49.50,OPEN,0
672449.362,0,1,0,1.000,1.000,1.000,-90.00,165.24,-49.50,OPEN,0
672449.366,0,1,0,1.000,1.000,1.000,-90.00,165.00,-49.50,OPEN,0
672449.370,0,1,0,1.000,1.000,1.000,-90.00,164.74,-49.50,OPEN,0
672449.374,0,1,0,1.000,1.000,1.000,-90.00,164.49,-49.50,OPEN,0
672449.378,0,1,0,1.000,1.000,1.000,-90.00,164.26,-49.50,OPEN,0
672449.382,0,1,0,1.000,1.000,1.000,-90.00,164.03,-49.50,OPEN,0
672449.386,0,1,0,1.000,1.000,1.000,-90.00,163.77,-49.50,OPEN,0
672449.390,0,1,0,1.000,1.000,1.000,-90.00,163.53,-49.50,OPEN,0
672449.394,0,1,0,1.000,1.000,1.000,-90.00,163.30,-49.50,OPEN,0
672449.398,0,1,0,1.000,1.000,1.000,-90.00,163.06,-49.50,OPEN,0
672449.402,0,1,0,1.000,1.000,1.000,-90.00,162.82,-49.50,OPEN,0
672449.406,0,1,0,1.000,1.000,1.000,-90.00,162.57,-49.50,OPEN,0
672449.410,0,1,0,1.000,1.000,1.000,-90.00,162.34,-49.50,OPEN,0
672449.414,0,1,0,1.000,1.000,1.000,-90.00,162.12,-49.50,OPEN,0
672449.417,0,1,0,1.000,1.000,1.000,-90.00,161.91,-49.50,OPEN,0
672449.421,0,1,0,1.000,1.000,1.000,-90.00,161.67,-49.50,OPEN,0
672449.425,0,1,0,1.000,1.000,1.000,-90.00,161.45,-49.50,OPEN,0
672449.428,0,1,0,1.000,1.000,1.000,-90.00,161.24,-49.50,OPEN,0
672449.432,0,1,0,1.000,1.000,1.000,-90.00,161.01,-49.50,OPEN,1
672449.436,0,1,0,1.000,1.000,1.000,-90.00,160.77,-49.50,OPEN,0
672449.440,0,1,0,1.000,1.000,1.000,-90.00,160.56,-49.50,OPEN,0
672449.443,0,1,0,1.000,1.000,1.000,-90.00,160.34,-49.50,OPEN,0
672449.447,0,1,0,1.000,1.000,1.000,-90.00,160.13,-49.50,OPEN,0
672449.451,0,1,0,1.000,1.000,1.000,-90.00,159.90,-49.50,OPEN,0
672449.454,0,1,0,1.000,1.000,1.000,-90.00,159.68,-49.50,OPEN,0
672449.458,0,1,0,1.000,1.000,1.000,-90.00,159.44,-49.50,OPEN,0
672449.462,0,1,0,1.000,1.000,1.000,-90.00,159.21,-49.50,OPEN,0
672449.466,0,1,0,1.000,1.000,1.000,-90.00,158.99,-49.50,OPEN,0
672449.470,0,1,0,1.000,1.000,1.000,-90.00,158.74,-49.50,OPEN,0
672449.474,0,1,0,1.000,1.000,1.000,-90.00,158.51,-49.50,OPEN,0
672449.479,0,1,0,1.000,1.000,1.000,-90.00,158.20,-49.50,OPEN,0
672449.484,0,1,0,1.000,1.000,1.000,-90.00,157.91,-49.50,OPEN,0
672449.488,0,1,0,1.000,1.000,1.000,-90.00,157.68,-49.50,OPEN,0
672449.492,0,1,0,1.000,1.000,1.000,-90.00,157.43,-49.50,OPEN,0
672449.496,0,1,0,1.000,1.000,1.000,-90.00,157.20,-49.50,OPEN,0
672449.500,0,1,0,1.000,1.000,1.000,-90.00,156.93,-49.50,OPEN,0
672449.504,0,1,0,1.000,1.000,1.000,-90.00,156.68,-49.50,OPEN,0
672449.508,0,1,0,1.000,1.000,1.000,-90.00,156.44,-49.50,OPEN,0
672449.513,0,1,0,1.000,1.000,1.000,-90.00,156.19,-49.50,OPEN,0
672449.517,0,1,0,1.000,1.000,1.000,-90.00,155.90,-49.50,OPEN,0
672449.523,0,1,0,1.000,1.000,1.000,-90.00,155.59,-49.50,OPEN,0
672449.527,0,1,0,1.000,1.000,1.000,-90.00,155.35,-49.50,OPEN,0
672449.531,0,1,0,1.000,1.000,1.000,-90.00,155.10,-49.50,OPEN,0
672449.535,0,1,0,1.000,1.000,1.000,-90.00,154.86,-49.50,OPEN,1
672449.539,0,1,0,1.000,1.000,1.000,-90.00,154.62,-49.50,OPEN,0
672449.543,0,1,0,1.000,1.000,1.000,-90.00,154.39,-49.50,OPEN,0
672449.547,0,1,0,1.000,1.000,1.000,-90.00,154.15,-49.50,OPEN,0
672449.551,0,1,0,1.000,1.000,1.000,-90.00,153.91,-49.50,OPEN,0
672449.555,0,1,0,1.000,1.000,1.000,-90.00,153.67,-49.50,OPEN,0
672449.558,0,1,0,1.000,1.000,1.000,-90.00,153.45,-49.50,OPEN,0
672449.562,0,1,0,1.000,1.000,1.000,-90.00,153.22,-49.50,OPEN,0
672449.566,0,1,0,1.000,1.000,1.000,-90.00,152.99,-49.50,OPEN,0
672449.570,0,1,0,1.000,1.000,1.000,-90.00,152.76,-49.50,OPEN,0
672449.574,0,1,0,1.000,1.000,1.000,-90.00,152.52,-49.50,OPEN,0
672449.578,0,1,0,1.000,1.000,1.000,-90.00,152.28,-49.50,OPEN,0
672449.581,0,1,0,1.000,1.000,1.000,-90.00,152.06,-49.50,OPEN,0
672449.586,0,1,0,1.000,1.000,1.000,-90.00,151.80,-49.50,OPEN,0
672449.591,0,1,0,1.000,1.000,1.000,-90.00,151.51,-49.50,OPEN,0
672449.595,0,1,0,1.000,1.000,1.000,-90.00,151.25,-49.50,OPEN,0
672449.599,0,1,0,1.000,1.000,1.000,-90.00,150.98,-49.50,OPEN,0
672449.604,0,1,0,1.000,1.000,1.000,-90.00,150.72,-49.50,OPEN,0
672449.608,0,1,0,1.000,1.000,1.000,-90.00,150.47,-49.50,OPEN,0
672449.612,0,1,0,1.000,1.000,1.000,-90.00,150.24,-49.50,OPEN,0
672449.615,0,1,0,1.000,1.000,1.000,-90.00,150.02,-49.50,OPEN,0
672449.619,0,1,0,1.000,1.000,1.000,-90.00,149.80,-49.50,OPEN,0
672449.623,0,1,0,1.000,1.000,1.000,-90.00,149.55,-49.50,OPEN,0
672449.627,0,1,0,1.000,1.000,1.000,-90.00,149.33,-49.50,OPEN,0
672449.631,0,1,0,1.000,1.000,1.000,-90.00,149.10,-49.50,OPEN,0
672449.635,0,1,0,1.000,1.000,1.000,-90.00,148.85,-49.50,OPEN,1
672449.640,0,1,0,1.000,1.000,1.000,-90.00,148.57,-49.50,OPEN,0
672449.644,0,1,0,1.000,1.000,1.000,-90.00,148.32,-49.50,OPEN,0
672449.647,0,1,0,1.000,1.000,1.000,-90.00,148.10,-49.50,OPEN,0
672449.652,0,1,0,1.000,1.000,1.000,-90.00,147.84,-49.50,OPEN,0
672449.656,0,1,0,1.000,1.000,1.000,-90.00,147.62,-49.50,OPEN,0
672449.659,0,1,0,1.000,1.000,1.000,-90.00,147.39,-49.50,OPEN,0
672449.663,0,1,0,1.000,1.000,1.000,-90.00,147.17,-49.50,OPEN,0
672449.666,0,1,0,1.000,1.000,1.000,-90.00,146.97,-49.50,OPEN,0
672449.670,0,1,0,1.000,1.000,1.000,-90.00,146.76,-49.50,OPEN,0
672449.674,0,1,0,1.000,1.000,1.000,-90.00,146.52,-49.50,OPEN,0
672449.678,0,1,0,1.000,1.000,1.000,-90.00,146.28,-49.50,OPEN,0
672449.681,0,1,0,1.000,1.000,1.000,-90.00,146.06,-49.50,OPEN,0
672449.685,0,1,0,1.000,1.000,1.000,-90.00,145.82,-49.50,OPEN,0
672449.689,0,1,0,1.000,1.000,1.000,-90.00,145.58,-49.50,OPEN,0
672449.693,0,1,0,0.999,1.000,1.000,-90.00,145.34,-49.50,OPEN,0
672449.699,0,1,0,0.990,1.000,1.000,-90.00,145.01,-49.50,OPEN,0
672449.704,0,1,0,0.641,1.000,1.000,-90.00,144.70,-49.50,OPEN,0
672449.709,0,1,0,0.601,1.000,1.000,-90.00,144.41,-49.50,OPEN,0
672449.713,0,0,0,0.829,0.977,1.000,-90.00,144.66,-49.50,OPEN,0
672449.718,0,0,0,0.930,1.000,1.000,-90.00,144.93,-49.50,OPEN,0
672449.722,0,0,0,0.981,1.000,1.000,-90.00,145.17,-49.50,OPEN,0
672449.725,0,0,0,0.998,1.000,1.000,-90.00,145.39,-49.50,OPEN,0
672449.729,0,0,0,1.000,1.000,1.000,-90.00,145.61,-49.50,OPEN,0
672449.733,0,0,0,1.000,1.000,1.000,-90.00,145.84,-49.50,OPEN,0
672449.737,0,0,0,1.000,1.000,1.000,-90.00,146.09,-49.50,OPEN,1
672449.741,3,0,0,1.000,1.000,1.000,-90.00,146.32,-49.50,CLOSED,0
672449.745,3,0,0,1.000,1.000,1.000,-90.00,146.56,-49.50,CLOSED,0
672449.749,3,0,0,0.999,1.000,1.000,-90.00,146.82,-49.50,CLOSED,0
672449.753,3,0,0,1.000,1.000,1.000,-90.00,147.05,-49.50,CLOSED,0
672449.757,3,0,0,1.000,1.000,1.000,-90.00,147.31,-49.50,CLOSED,0
672449.764,3,0,0,1.000,1.000,1.000,-90.00,147.71,-49.50,CLOSED,0
672449.770,3,0,0,1.000,1.000,1.000,-90.00,148.06,-49.50,CLOSED,0
672449.776,3,0,0,1.000,1.000,1.000,-90.00,148.43,-49.50,CLOSED,0
672449.782,3,0,0,1.000,1.000,1.000,-90.00,148.80,-49.50,CLOSED,0
672449.788,3,0,0,1.000,1.000,1.000,-90.00,149.16,-49.50,CLOSED,0
672449.794,3,0,0,1.000,1.000,1.000,-90.00,149.51,-49.50,CLOSED,0
672449.799,3,0,0,1.000,1.000,1.000,-90.00,149.81,-49.50,CLOSED,0
672449.804,3,0,0,1.000,1.000,1.000,-90.00,150.09,-49.50,CLOSED,0
672449.808,3,0,0,1.000,1.000,1.000,-90.00,150.36,-49.50,CLOSED,0
672449.812,3,0,0,1.000,1.000,1.000,-90.00,150.62,-49.50,CLOSED,0
672449.816,3,0,0,1.000,1.000,1.000,-90.00,150.87,-49.50,CLOSED,0
672449.821,3,0,0,1.000,1.000,1.000,-90.00,151.15,-49.50,CLOSED,0
672449.826,3,0,0,1.000,1.000,1.000,-90.00,151.41,-49.50,CLOSED,0
672449.829,3,0,0,1.000,1.000,1.000,-90.00,151.63,-49.50,CLOSED,0
672449.833,3,0,0,1.000,1.000,1.000,-90.00,151.86,-49.50,CLOSED,0
672449.837,3,0,0,1.000,1.000,1.000,-90.00,152.12,-49.50,CLOSED,1
672449.842,3,0,0,1.000,1.000,1.000,-90.00,152.38,-49.50,CLOSED,0
672449.845,3,0,0,1.000,1.000,1.000,-90.00,152.60,-49.50,CLOSED,0
672449.849,3,0,0,1.000,1.000,1.000,-90.00,152.84,-49.50,CLOSED,0
672449.853,3,0,0,1.000,1.000,1.000,-90.00,153.07,-49.50,CLOSED,0
672449.857,3,0,0,1.000,1.000,1.000,-90.00,153.29,-49.50,CLOSED,0
672449.861,3,0,0,1.000,1.000,1.000,-90.00,153.52,-49.50,CLOSED,0
672449.864,3,0,0,1.000,1.000,1.000,-90.00,153.73,-49.50,CLOSED,0
672449.868,3,0,0,1.000,1.000,1.000,-90.00,153.95,-49.50,CLOSED,0
672449.872,3,0,0,1.000,1.000,1.000,-90.00,154.18,-49.50,CLOSED,0
672449.875,3,0,0,1.000,1.000,1.000,-90.00,154.40,-49.50,CLOSED,0
672449.879,3,0,0,1.000,1.000,1.000,-90.00,154.65,-49.50,CLOSED,0
672449.884,3,0,0,1.000,1.000,1.000,-90.00,154.93,-49.50,CLOSED,0
672449.890,3,0,0,1.000,1.000,1.000,-90.00,155.28,-49.50,CLOSED,0
672449.895,3,0,0,1.000,1.000,1.000,-90.00,155.60,-49.50,CLOSED,0
672449.900,3,0,0,1.000,1.000,1.000,-90.00,155.90,-49.50,CLOSED,0
672449.905,3,0,0,1.000,1.000,1.000,-90.00,156.18,-49.50,CLOSED,0
672449.909,3,0,0,1.000,1.000,1.000,-90.00,156.44,-49.50,CLOSED,0
672449.913,3,0,0,1.000,1.000,1.000,-90.00,156.68,-49.50,CLOSED,0
672449.919,3,0,0,1.000,1.000,1.000,-90.00,157.00,-49.50,CLOSED,0
672449.923,3,0,0,1.000,1.000,1.000,-90.00,157.23,-49.50,CLOSED,0
672449.926,3,0,0,1.000,1.000,1.000,-90.00,157.46,-49.50,CLOSED,0
672449.930,3,0,0,1.000,1.000,1.000,-90.00,157.68,-49.50,CLOSED,0
672449.934,3,0,0,1.000,1.000,1.000,-90.00,157.93,-49.50,CLOSED,0
672449.938,3,0,0,1.000,1.000,1.000,-90.00,158.16,-49.50,CLOSED,1
672449.942,3,0,0,1.000,1.000,1.000,-90.00,158.40,-49.50,CLOSED,0
672449.946,3,0,0,1.000,1.000,1.000,-90.00,158.63,-49.50,CLOSED,0
672449.950,3,0,0,1.000,1.000,1.000,-90.00,158.87,-49.50,CLOSED,0
672449.954,3,0,0,1.000,1.000,1.000,-90.00,159.10,-49.50,CLOSED,0
672449.957,3,0,0,1.000,1.000,1.000,-90.00,159.32,-49.50,CLOSED,0
672449.961,3,0,0,1.000,1.000,1.000,-90.00,159.55,-49.50,CLOSED,0
672449.965,3,0,0,1.000,1.000,1.000,-90.00,159.81,-49.50,CLOSED,0
672449.969,3,0,0,1.000,1.000,1.000,-90.00,160.03,-49.50,CLOSED,0
672449.973,3,0,0,1.000,1.000,1.000,-90.00,160.25,-49.50,CLOSED,0
672449.977,3,0,0,1.000,1.000,1.000,-90.00,160.48,-49.50,CLOSED,0
672449.980,3,0,0,1.000,1.000,1.000,-90.00,160.70,-49.50,CLOSED,0
672449.984,3,0,0,1.000,1.000,1.000,-90.00,160.94,-49.50,CLOSED,0
672449.988,3,0,0,1.000,1.000,1.000,-90.00,161.15,-49.50,CLOSED,0
672449.991,3,0,0,1.000,1.000,1.000,-90.00,161.36,-49.50,CLOSED,0
672449.995,3,0,0,1.000,1.000,1.000,-90.00,161.58,-49.50,CLOSED,0
672450.000,3,0,0,1.000,1.000,1.000,-90.00,161.85,-49.50,CLOSED,0
672450.005,3,0,0,1.000,1.000,1.000,-90.00,162.17,-49.50,CLOSED,0
672450.010,3,0,0,1.000,1.000,1.000,-90.00,162.47,-49.50,CLOSED,0
672450.015,3,0,0,1.000,1.000,1.000,-90.00,162.79,-49.50,CLOSED,0
672450.020,3,0,0,1.000,1.000,1.000,-90.00,163.07,-49.50,CLOSED,0
672450.025,3,0,0,1.000,1.000,1.000,-90.00,163.36,-49.50,CLOSED,0
672450.030,3,0,0,1.000,1.000,1.000,-90.00,163.65,-49.50,CLOSED,0
672450.034,3,0,0,1.000,1.000,1.000,-90.00,163.92,-49.50,CLOSED,0
672450.038,3,0,0,1.000,1.000,1.000,-90.00,164.17,-49.50,CLOSED,1
672450.044,3,0,0,1.000,1.000,1.000,-90.00,164.50,-49.50,CLOSED,0
672450.047,3,0,0,1.000,1.000,1.000,-90.00,164.72,-49.50,CLOSED,0
672450.051,3,0,0,1.000,1.000,1.000,-90.00,164.96,-49.50,CLOSED,0
672450.055,3,0,0,1.000,1.000,1.000,-90.00,165.19,-49.50,CLOSED,0
672450.059,3,0,0,1.000,1.000,1.000,-90.00,165.43,-49.50,CLOSED,0
672450.063,3,0,0,1.000,1.000,1.000,-90.00,165.69,-49.50,CLOSED,0
672450.068,3,0,0,1.000,1.000,1.000,-90.00,165.94,-49.50,CLOSED,0
672450.071,3,0,0,1.000,1.000,1.000,-90.00,166.16,-49.50,CLOSED,0
672450.075,3,0,0,1.000,1.000,1.000,-90.00,166.39,-49.50,CLOSED,0
672450.079,3,0,0,1.000,1.000,1.000,-90.00,166.63,-49.50,CLOSED,0
672450.083,3,0,0,1.000,1.000,1.000,-90.00,166.88,-49.50,CLOSED,0
672450.087,3,0,0,1.000,1.000,1.000,-90.00,167.12,-49.50,CLOSED,0
672450.092,3,0,0,1.000,1.000,1.000,-90.00,167.41,-49.50,CLOSED,0
672450.096,3,0,0,1.000,1.000,1.000,-90.00,167.66,-49.50,CLOSED,0
672450.100,3,0,0,1.000,1.000,1.000,-90.00,167.90,-49.50,CLOSED,0
672450.104,3,0,0,1.000,1.000,1.000,-90.00,168.14,-49.50,CLOSED,0
672450.108,3,0,0,1.000,1.000,1.000,-90.00,168.38,-49.50,CLOSED,0
672450.112,3,0,0,1.000,1.000,1.000,-90.00,168.62,-49.50,CLOSED,0
672450.116,3,0,0,1.000,1.000,1.000,-90.00,168.86,-49.50,CLOSED,0
672450.120,3,0,0,1.000,1.000,1.000,-90.00,169.10,-49.50,CLOSED,0
672450.125,3,0,0,1.000,1.000,1.000,-90.00,169.35,-49.50,CLOSED,0
672450.129,3,0,0,1.000,1.000,1.000,-90.00,169.60,-49.50,CLOSED,0
672450.134,3,0,0,1.000,1.000,1.000,-90.00,169.90,-49.50,CLOSED,0
672450.139,3,0,0,1.000,1.000,1.000,-90.00,170.22,-49.50,CLOSED,1
672450.143,3,0,0,1.000,1.000,1.000,-90.00,170.47,-49.50,CLOSED,0
672450.147,3,0,0,1.000,1.000,1.000,-90.00,170.71,-49.50,CLOSED,0
672450.152,3,0,0,1.000,1.000,1.000,-90.00,171.00,-49.50,CLOSED,0
672450.156,3,0,0,1.000,1.000,1.000,-90.00,171.23,-49.50,CLOSED,0
672450.164,3,0,0,1.000,1.000,1.000,-90.00,171.75,-49.50,CLOSED,0
672450.172,3,0,0,1.000,1.000,1.000,-90.00,172.17,-49.50,CLOSED,0
672450.183,3,0,0,1.000,1.000,1.000,-90.00,172.83,-49.50,CLOSED,0
672450.190,3,0,0,1.000,1.000,1.000,-90.00,173.28,-49.50,CLOSED,0
672450.198,3,0,0,1.000,1.000,1.000,-90.00,173.76,-49.50,CLOSED,0
672450.205,3,0,0,1.000,1.000,1.000,-90.00,174.17,-49.50,CLOSED,0
672450.211,3,0,0,1.000,1.000,1.000,-90.00,174.56,-49.50,CLOSED,0
672450.217,3,0,0,1.000,1.000,1.000,-90.00,174.89,-49.50,CLOSED,0
672450.222,3,0,0,1.000,1.000,1.000,-90.00,175.19,-49.50,CLOSED,0
672450.226,3,0,0,1.000,1.000,1.000,-90.00,175.45,-49.50,CLOSED,0
672450.231,3,0,0,0.999,1.000,1.000,-90.00,175.71,-49.50,CLOSED,0
672450.235,3,0,0,0.991,1.000,1.000,-90.00,175.96,-49.50,CLOSED,0
672450.239,3,0,0,0.745,1.000,1.000,-90.00,176.21,-49.50,CLOSED,0
672450.243,3,0,0,0.933,1.000,1.000,-90.00,176.44,-49.50,CLOSED,1
672450.247,3,1,0,0.993,1.000,1.000,-90.00,176.21,-49.50,CLOSED,0
672450.250,3,1,0,0.998,1.000,1.000,-90.00,175.98,-49.50,CLOSED,0
672450.254,3,1,0,0.997,1.000,1.000,-90.00,175.76,-49.50,CLOSED,0
672450.259,3,1,0,0.995,1.000,1.000,-90.00,175.46,-49.50,CLOSED,0
672450.265,3,1,0,0.970,1.000,1.000,-90.00,175.11,-49.50,CLOSED,0
672450.271,3,1,0,0.933,1.000,1.000,-90.00,174.77,-49.50,CLOSED,0
672450.277,3,1,0,0.499,1.000,1.000,-90.00,174.42,-49.50,CLOSED,0
672450.281,3,1,0,0.843,1.000,1.000,-90.00,174.13,-49.50,CLOSED,0
672450.286,3,1,0,0.987,1.000,1.000,-90.00,173.85,-49.50,CLOSED,0
672450.290,3,1,0,0.984,1.000,1.000,-90.00,173.59,-49.50,CLOSED,0
672450.294,3,1,0,0.889,0.997,1.000,-90.00,173.34,-49.50,CLOSED,0
672450.298,3,1,0,0.750,0.881,1.000,-90.00,173.10,-49.50,CLOSED,0
672450.302,3,1,0,0.587,0.870,1.000,-90.00,172.86,-49.50,CLOSED,0
672450.306,3,1,0,0.600,0.998,1.000,-90.00,172.65,-49.50,CLOSED,0
672450.310,3,1,0,0.820,1.000,1.000,-90.00,172.42,-49.50,CLOSED,0
672450.314,3,1,0,0.567,1.000,0.999,-90.00,172.16,-49.50,CLOSED,0
672450.318,3,1,0,0.956,1.000,0.999,-90.00,171.92,-49.50,CLOSED,0
672450.322,0,1,0,1.000,1.000,0.999,-90.00,171.68,-49.50,CLOSED,0
672450.326,0,1,0,1.000,1.000,0.999,-90.00,171.45,-49.50,CLOSED,0
672450.330,0,1,0,0.999,1.000,1.000,-90.00,171.23,-49.50,CLOSED,0
672450.334,0,1,0,1.000,1.000,1.000,-90.00,170.99,-49.50,CLOSED,0
672450.337,0,1,0,1.000,1.000,1.000,-90.00,170.77,-49.50,CLOSED,0
672450.341,0,1,0,1.000,1.000,1.000,-90.00,170.54,-49.50,CLOSED,0
672450.345,0,1,0,1.000,1.000,1.000,-90.00,170.31,-49.50,CLOSED,1
672450.349,0,1,0,1.000,1.000,1.000,-90.00,170.07,-49.50,CLOSED,0
672450.353,0,1,0,1.000,1.000,1.000,-90.00,169.84,-49.50,CLOSED,0
672450.356,0,1,0,1.000,1.000,1.000,-90.00,169.63,-49.50,CLOSED,0
672450.361,0,1,0,1.000,1.000,1.000,-90.00,169.37,-49.50,CLOSED,0
672450.365,0,1,0,1.000,1.000,1.000,-90.00,169.12,-49.50,CLOSED,0
672450.370,0,1,0,1.000,1.000,1.000,-90.00,168.80,-49.50,CLOSED,0
672450.375,0,1,0,1.000,1.000,1.000,-90.00,168.48,-49.50,CLOSED,0
672450.379,0,1,0,1.000,1.000,1.000,-90.00,168.25,-49.50,CLOSED,0
672450.384,0,1,0,1.000,1.000,1.000,-90.00,167.99,-49.50,CLOSED,0
672450.388,0,1,0,1.000,1.000,1.000,-90.00,167.75,-49.50,CLOSED,0
672450.391,0,1,0,1.000,1.000,1.000,-90.00,167.53,-49.50,CLOSED,0
672450.395,0,1,0,1.000,1.000,1.000,-90.00,167.31,-49.50,CLOSED,0
672450.399,0,1,0,1.000,1.000,1.000,-90.00,167.06,-49.50,CLOSED,0
672450.403,0,1,0,1.000,1.000,1.000,-90.00,166.80,-49.50,CLOSED,0
672450.408,0,1,0,1.000,1.000,1.000,-90.00,166.53,-49.50,CLOSED,0
672450.412,0,1,0,1.000,1.000,1.000,-90.00,166.27,-49.50,CLOSED,0
672450.417,0,1,0,1.000,1.000,1.000,-90.00,166.01,-49.50,CLOSED,0
672450.421,0,1,0,1.000,1.000,1.000,-90.00,165.76,-49.50,CLOSED,0
672450.425,0,1,0,1.000,1.000,1.000,-90.00,165.48,-49.50,CLOSED,0
672450.429,0,1,0,1.000,1.000,1.000,-90.00,165.25,-49.50,CLOSED,0
672450.433,0,1,0,1.000,1.000,1.000,-90.00,165.00,-49.50,CLOSED,0
672450.438,0,1,0,1.000,1.000,1.000,-90.00,164.76,-49.50,CLOSED,0
672450.442,0,1,0,1.000,1.000,1.000,-90.00,164.52,-49.50,CLOSED,0
672450.446,0,1,0,1.000,1.000,1.000,-90.00,164.23,-49.50,CLOSED,1
672450.450,0,1,0,1.000,1.000,1.000,-90.00,163.99,-49.50,CLOSED,0
672450.454,0,1,0,1.000,1.000,1.000,-90.00,163.74,-49.50,CLOSED,0
672450.458,0,1,0,1.000,1.000,1.000,-90.00,163.52,-49.50,CLOSED,0
672450.462,0,1,0,1.000,1.000,1.000,-90.00,163.29,-49.50,CLOSED,0
672450.466,0,1,0,1.000,1.000,1.000,-90.00,163.05,-49.50,CLOSED,0
672450.470,0,1,0,1.000,1.000,1.000,-90.00,162.80,-49.50,CLOSED,0
672450.474,0,1,0,1.000,1.000,1.000,-90.00,162.57,-49.50,CLOSED,0
672450.478,0,1,0,1.000,1.000,1.000,-90.00,162.31,-49.50,CLOSED,0
672450.484,0,1,0,1.000,1.000,1.000,-90.00,161.98,-49.50,CLOSED,0
672450.488,0,1,0,1.000,1.000,1.000,-90.00,161.76,-49.50,CLOSED,0
672450.492,0,1,0,1.000,1.000,1.000,-90.00,161.48,-49.50,CLOSED,0
672450.498,0,1,0,1.000,1.000,1.000,-90.00,161.14,-49.50,CLOSED,0
672450.504,0,1,0,1.000,1.000,1.000,-90.00,160.78,-49.50,CLOSED,0
672450.510,0,1,0,1.000,1.000,1.000,-90.00,160.43,-49.50,CLOSED,0
672450.515,0,1,0,1.000,1.000,1.000,-90.00,160.09,-49.50,CLOSED,0
672450.520,0,1,0,1.000,1.000,1.000,-90.00,159.79,-49.50,CLOSED,0
672450.525,0,1,0,1.000,1.000,1.000,-90.00,159.49,-49.50,CLOSED,0
672450.531,0,1,0,1.000,1.000,1.000,-90.00,159.15,-49.50,CLOSED,0
672450.535,0,1,0,1.000,1.000,1.000,-90.00,158.88,-49.50,CLOSED,0
672450.540,0,1,0,1.000,1.000,1.000,-90.00,158.59,-49.50,CLOSED,0
672450.545,0,1,0,1.000,1.000,1.000,-90.00,158.33,-49.50,CLOSED,0
672450.549,0,1,0,1.000,1.000,1.000,-90.00,158.09,-49.50,CLOSED,1
672450.552,0,1,0,1.000,1.000,1.000,-90.00,157.87,-49.50,CLOSED,0
672450.556,0,1,0,1.000,1.000,1.000,-90.00,157.66,-49.50,CLOSED,0
672450.559,0,1,0,1.000,1.000,1.000,-90.00,157.44,-49.50,CLOSED,0
672450.564,0,1,0,1.000,1.000,1.000,-90.00,157.19,-49.50,CLOSED,0
672450.568,0,1,0,1.000,1.000,1.000,-90.00,156.92,-49.50,CLOSED,0
672450.572,0,1,0,1.000,1.000,1.000,-90.00,156.70,-49.50,CLOSED,0
672450.575,0,1,0,1.000,1.000,1.000,-90.00,156.49,-49.50,CLOSED,0
672450.579,0,1,0,1.000,1.000,1.000,-90.00,156.25,-49.50,CLOSED,0
672450.583,0,1,0,1.000,1.000,1.000,-90.00,156.01,-49.50,CLOSED,0
672450.589,0,1,0,1.000,1.000,1.000,-90.00,155.68,-49.50,CLOSED,0
672450.593,0,1,0,1.000,1.000,1.000,-90.00,155.40,-49.50,CLOSED,0
672450.598,0,1,0,1.000,1.000,1.000,-90.00,155.12,-49.50,CLOSED,0
672450.604,0,1,0,1.000,1.000,1.000,-90.00,154.78,-49.50,CLOSED,0
672450.610,0,1,0,1.000,1.000,1.000,-90.00,154.40,-49.50,CLOSED,0
672450.615,0,1,0,1.000,1.000,1.000,-90.00,154.12,-49.50,CLOSED,0
672450.619,0,1,0,1.000,1.000,1.000,-90.00,153.85,-49.50,CLOSED,0
672450.624,0,1,0,1.000,1.000,1.000,-90.00,153.58,-49.50,CLOSED,0
672450.628,0,1,0,1.000,1.000,1.000,-90.00,153.32,-49.50,CLOSED,0
672450.633,0,1,0,1.000,1.000,1.000,-90.00,153.06,-49.50,CLOSED,0
672450.637,0,1,0,1.000,1.000,1.000,-90.00,152.81,-49.50,CLOSED,0
672450.640,0,1,0,1.000,1.000,1.000,-90.00,152.58,-49.50,CLOSED,0
672450.644,0,1,0,1.000,1.000,1.000,-90.00,152.35,-49.50,CLOSED,0
672450.648,0,1,0,1.000,1.000,1.000,-90.00,152.13,-49.50,CLOSED,0
672450.652,0,1,0,1.000,1.000,1.000,-90.00,151.89,-49.50,CLOSED,1
672450.656,0,1,0,1.000,1.000,1.000,-90.00,151.65,-49.50,CLOSED,0
672450.660,0,1,0,1.000,1.000,1.000,-90.00,151.43,-49.50,CLOSED,0
672450.663,0,1,0,1.000,1.000,1.000,-90.00,151.20,-49.50,CLOSED,0
672450.667,0,1,0,1.000,1.000,1.000,-90.00,150.98,-49.50,CLOSED,0
672450.671,0,1,0,1.000,1.000,1.000,-90.00,150.77,-49.50,CLOSED,0
672450.675,0,1,0,1.000,1.000,1.000,-90.00,150.53,-49.50,CLOSED,0
672450.678,0,1,0,1.000,1.000,1.000,-90.00,150.30,-49.50,CLOSED,0
672450.682,0,1,0,1.000,1.000,1.000,-90.00,150.07,-49.50,CLOSED,0
672450.687,0,1,0,1.000,1.000,1.000,-90.00,149.82,-49.50,CLOSED,0
672450.690,0,1,0,1.000,1.000,1.000,-90.00,149.58,-49.50,CLOSED,0
672450.695,0,1,0,1.000,1.000,1.000,-90.00,149.32,-49.50,CLOSED,0
672450.700,0,1,0,1.000,1.000,1.000,-90.00,149.04,-49.50,CLOSED,0
672450.704,0,1,0,1.000,1.000,1.000,-90.00,148.77,-49.50,CLOSED,0
672450.708,0,1,0,1.000,1.000,1.000,-90.00,148.54,-49.50,CLOSED,0
672450.712,0,1,0,1.000,1.000,1.000,-90.00,148.29,-49.50,CLOSED,0
672450.716,0,1,0,1.000,1.000,1.000,-90.00,148.05,-49.50,CLOSED,0
672450.720,0,1,0,1.000,1.000,1.000,-90.00,147.79,-49.50,CLOSED,0
672450.724,0,1,0,1.000,1.000,1.000,-90.00,147.55,-49.50,CLOSED,0
672450.728,0,1,0,1.000,1.000,1.000,-90.00,147.33,-49.50,CLOSED,0
672450.732,0,1,0,1.000,1.000,1.000,-90.00,147.10,-49.50,CLOSED,0
672450.736,0,1,0,1.000,1.000,1.000,-90.00,146.87,-49.50,CLOSED,0
672450.740,0,1,0,1.000,1.000,1.000,-90.00,146.62,-49.50,CLOSED,0
672450.744,0,1,0,1.000,1.000,1.000,-90.00,146.40,-49.50,CLOSED,0
672450.747,0,1,0,1.000,1.000,1.000,-90.00,146.18,-49.50,CLOSED,0
672450.752,0,1,0,1.000,1.000,1.000,-90.00,145.90,-49.50,CLOSED,0
672450.756,0,1,0,1.000,1.000,1.000,-90.00,145.66,-49.50,CLOSED,1
672450.760,0,1,0,1.000,1.000,1.000,-90.00,145.43,-49.50,CLOSED,0
672450.764,0,1,0,1.000,1.000,1.000,-90.00,145.16,-49.50,CLOSED,0
672450.768,0,1,0,1.000,1.000,1.000,-90.00,144.91,-49.50,CLOSED,0
672450.772,0,1,0,1.000,1.000,1.000,-90.00,144.66,-49.50,CLOSED,0
672450.776,0,1,0,1.000,1.000,1.000,-90.00,144.44,-49.50,CLOSED,0
672450.780,0,1,0,1.000,1.000,1.000,-90.00,144.21,-49.50,CLOSED,0
672450.784,0,1,0,1.000,1.000,1.000,-90.00,143.98,-49.50,CLOSED,0
672450.787,0,1,0,1.000,1.000,1.000,-90.00,143.77,-49.50,CLOSED,0
672450.791,0,1,0,1.000,1.000,1.000,-90.00,143.55,-49.50,CLOSED,0
672450.795,0,1,0,1.000,1.000,1.000,-90.00,143.33,-49.50,CLOSED,0
672450.799,0,1,0,1.000,1.000,1.000,-90.00,143.06,-49.50,CLOSED,0
672450.803,0,1,0,1.000,1.000,1.000,-90.00,142.82,-49.50,CLOSED,0
672450.807,0,1,0,1.000,1.000,1.000,-90.00,142.58,-49.50,CLOSED,0
672450.811,0,1,0,1.000,1.000,1.000,-90.00,142.35,-49.50,CLOSED,0
672450.815,0,1,0,1.000,1.000,1.000,-90.00,142.10,-49.50,CLOSED,0
672450.820,0,1,0,1.000,1.000,1.000,-90.00,141.82,-49.50,CLOSED,0
672450.826,0,1,0,1.000,1.000,1.000,-90.00,141.48,-49.50,CLOSED,0
672450.830,0,1,0,1.000,1.000,1.000,-90.00,141.20,-49.50,CLOSED,0
672450.835,0,0,0,1.000,1.000,1.000,-90.00,141.47,-49.50,CLOSED,0
672450.838,0,0,0,1.000,1.000,1.000,-90.00,141.68,-49.50,CLOSED,0
672450.842,0,0,0,1.000,1.000,1.000,-90.00,141.91,-49.50,CLOSED,0
672450.846,0,0,0,1.000,1.000,1.000,-90.00,142.15,-49.50,CLOSED,0
672450.850,0,0,0,1.000,1.000,1.000,-90.00,142.37,-49.50,CLOSED,0
672450.853,0,0,0,1.000,1.000,1.000,-90.00,142.59,-49.50,CLOSED,0
672450.857,0,0,0,1.000,1.000,1.000,-90.00,142.82,-49.50,CLOSED,1
672450.861,0,0,0,0.999,1.000,1.000,-90.00,143.05,-49.50,CLOSED,0
672450.865,0,0,0,0.999,1.000,1.000,-90.00,143.30,-49.50,CLOSED,0
672450.869,0,0,0,0.998,1.000,1.000,-90.00,143.55,-49.50,CLOSED,0
672450.874,0,0,0,0.829,1.000,1.000,-90.00,143.81,-49.50,CLOSED,0
672450.878,0,0,0,0.485,0.995,1.000,-90.00,144.06,-49.50,CLOSED,0
672450.882,0,0,0,0.699,1.000,1.000,-90.00,144.31,-49.50,CLOSED,0
672450.886,0,0,0,0.575,1.000,1.000,-90.00,144.54,-49.50,CLOSED,0
672450.889,0,0,0,0.925,1.000,1.000,-90.00,144.76,-49.50,CLOSED,0
672450.893,0,0,0,0.997,1.000,1.000,-90.00,145.00,-49.50,CLOSED,0
672450.897,0,0,0,1.000,1.000,1.000,-90.00,145.23,-49.50,CLOSED,0
672450.901,0,0,0,1.000,1.000,1.000,-90.00,145.45,-49.50,CLOSED,0
672450.905,0,0,0,1.000,1.000,1.000,-90.00,145.67,-49.50,CLOSED,0
672450.909,0,0,0,1.000,1.000,1.000,-90.00,145.91,-49.50,CLOSED,0
672450.913,0,0,0,1.000,1.000,1.000,-90.00,146.17,-49.50,CLOSED,0
672450.917,0,0,0,1.000,1.000,1.000,-90.00,146.41,-49.50,CLOSED,0
672450.920,0,0,0,1.000,1.000,1.000,-90.00,146.62,-49.50,CLOSED,0
672450.925,3,0,0,1.000,1.000,1.000,-90.00,146.87,-49.50,OPEN,0
672450.929,3,0,0,1.000,1.000,0.999,-90.00,147.15,-49.50,OPEN,0
672450.936,3,0,0,1.000,1.000,0.999,-90.00,147.55,-49.50,OPEN,0
672450.941,3,0,0,1.000,1.000,0.998,-90.00,147.84,-49.50,OPEN,0
672450.945,3,0,0,1.000,1.000,0.996,-90.00,148.11,-49.50,OPEN,0
672450.950,3,0,0,1.000,1.000,0.994,-90.00,148.38,-49.50,OPEN,0
672450.954,3,0,0,1.000,1.000,0.987,-90.00,148.65,-49.50,OPEN,0
672450.958,3,0,0,1.000,1.000,1.000,-90.00,148.90,-49.50,OPEN,1
672450.962,3,0,0,1.000,1.000,1.000,-90.00,149.13,-49.50,OPEN,0
672450.966,3,0,0,1.000,1.000,1.000,-90.00,149.36,-49.50,OPEN,0
672450.970,3,0,0,1.000,1.000,1.000,-90.00,149.60,-49.50,OPEN,0
672450.974,3,0,0,1.000,1.000,1.000,-90.00,149.83,-49.50,OPEN,0
672450.978,3,0,0,1.000,1.000,1.000,-90.00,150.06,-49.50,OPEN,0
672450.982,3,0,0,1.000,1.000,1.000,-90.00,150.31,-49.50,OPEN,0
672450.987,3,0,0,1.000,1.000,1.000,-90.00,150.60,-49.50,OPEN,0
672450.992,3,0,0,1.000,1.000,1.000,-90.00,150.89,-49.50,OPEN,0
672450.997,3,0,0,1.000,1.000,1.000,-90.00,151.24,-49.50,OPEN,0
672451.002,3,0,0,1.000,1.000,1.000,-90.00,151.53,-49.50,OPEN,0
672451.006,3,0,0,1.000,1.000,1.000,-90.00,151.76,-49.50,OPEN,0
672451.010,3,0,0,1.000,1.000,1.000,-90.00,152.01,-49.50,OPEN,0
672451.014,3,0,0,1.000,1.000,1.000,-90.00,152.24,-49.50,OPEN,0
672451.018,3,0,0,1.000,1.000,1.000,-90.00,152.47,-49.50,OPEN,0
672451.022,3,0,0,1.000,1.000,1.000,-90.00,152.71,-49.50,OPEN,0
672451.025,3,0,0,1.000,1.000,1.000,-90.00,152.92,-49.50,OPEN,0
672451.029,3,0,0,1.000,1.000,1.000,-90.00,153.15,-49.50,OPEN,0
672451.033,3,0,0,1.000,1.000,1.000,-90.00,153.39,-49.50,OPEN,0
672451.037,3,0,0,1.000,1.000,1.000,-90.00,153.62,-49.50,OPEN,0
672451.042,3,0,0,1.000,1.000,1.000,-90.00,153.94,-49.50,OPEN,0
672451.046,3,0,0,1.000,1.000,1.000,-90.00,154.18,-49.50,OPEN,0
672451.050,3,0,0,1.000,1.000,1.000,-90.00,154.41,-49.50,OPEN,0
672451.054,3,0,0,1.000,1.000,1.000,-90.00,154.66,-49.50,OPEN,0
672451.058,3,0,0,1.000,1.000,1.000,-90.00,154.89,-49.50,OPEN,0
672451.062,3,0,0,1.000,1.000,1.000,-90.00,155.12,-49.50,OPEN,1
672451.066,3,0,0,1.000,1.000,1.000,-90.00,155.37,-49.50,OPEN,0
672451.070,3,0,0,1.000,1.000,1.000,-90.00,155.59,-49.50,OPEN,0
672451.074,3,0,0,1.000,1.000,1.000,-90.00,155.82,-49.50,OPEN,0
672451.078,3,0,0,1.000,1.000,1.000,-90.00,156.05,-49.50,OPEN,0
672451.081,3,0,0,1.000,1.000,1.000,-90.00,156.27,-49.50,OPEN,0
672451.085,3,0,0,1.000,1.000,1.000,-90.00,156.50,-49.50,OPEN,0
672451.089,3,0,0,1.000,1.000,1.000,-90.00,156.75,-49.50,OPEN,0
672451.094,3,0,0,1.000,1.000,1.000,-90.00,157.02,-49.50,OPEN,0
672451.098,3,0,0,1.000,1.000,1.000,-90.00,157.28,-49.50,OPEN,0
672451.102,3,0,0,1.000,1.000,1.000,-90.00,157.54,-49.50,OPEN,0
672451.106,3,0,0,1.000,1.000,1.000,-90.00,157.78,-49.50,OPEN,0
672451.111,3,0,0,1.000,1.000,1.000,-90.00,158.03,-49.50,OPEN,0
672451.115,3,0,0,1.000,1.000,1.000,-90.00,158.27,-49.50,OPEN,0
672451.118,3,0,0,1.000,1.000,1.000,-90.00,158.50,-49.50,OPEN,0
672451.122,3,0,0,1.000,1.000,1.000,-90.00,158.72,-49.50,OPEN,0
672451.127,3,0,0,1.000,1.000,1.000,-90.00,159.00,-49.50,OPEN,0
672451.134,3,0,0,1.000,1.000,1.000,-90.00,159.41,-49.50,OPEN,0
672451.139,3,0,0,1.000,1.000,1.000,-90.00,159.75,-49.50,OPEN,0
672451.145,3,0,0,1.000,1.000,1.000,-90.00,160.08,-49.50,OPEN,0
672451.150,3,0,0,1.000,1.000,1.000,-90.00,160.41,-49.50,OPEN,0
672451.156,3,0,0,1.000,1.000,1.000,-90.00,160.76,-49.50,OPEN,0
672451.161,3,0,0,1.000,1.000,1.000,-90.00,161.06,-49.50,OPEN,0
672451.166,3,0,0,1.000,1.000,1.000,-90.00,161.36,-49.50,OPEN,1
672451.172,3,0,0,1.000,1.000,1.000,-90.00,161.72,-49.50,OPEN,0
672451.176,3,0,0,1.000,1.000,1.000,-90.00,161.98,-49.50,OPEN,0
672451.181,3,0,0,1.000,1.000,1.000,-90.00,162.24,-49.50,OPEN,0
672451.185,3,0,0,1.000,1.000,1.000,-90.00,162.49,-49.50,OPEN,0
672451.189,3,0,0,1.000,1.000,1.000,-90.00,162.75,-49.50,OPEN,0
672451.193,3,0,0,1.000,1.000,1.000,-90.00,162.98,-49.50,OPEN,0
672451.197,3,0,0,1.000,1.000,1.000,-90.00,163.20,-49.50,OPEN,0
672451.201,3,0,0,1.000,1.000,1.000,-90.00,163.43,-49.50,OPEN,0
672451.204,3,0,0,1.000,1.000,1.000,-90.00,163.66,-49.50,OPEN,0
672451.208,3,0,0,1.000,1.000,1.000,-90.00,163.89,-49.50,OPEN,0
672451.212,3,0,0,1.000,1.000,1.000,-90.00,164.12,-49.50,OPEN,0
672451.216,3,0,0,1.000,1.000,1.000,-90.00,164.35,-49.50,OPEN,0
672451.220,3,0,0,1.000,1.000,1.000,-90.00,164.59,-49.50,OPEN,0
672451.224,3,0,0,1.000,1.000,1.000,-90.00,164.82,-49.50,OPEN,0
672451.228,3,0,0,1.000,1.000,1.000,-90.00,165.05,-49.50,OPEN,0
672451.232,3,0,0,1.000,1.000,1.000,-90.00,165.29,-49.50,OPEN,0
672451.236,3,0,0,1.000,1.000,1.000,-90.00,165.56,-49.50,OPEN,0
672451.240,3,0,0,1.000,1.000,1.000,-90.00,165.79,-49.50,OPEN,0
672451.243,3,0,0,1.000,1.000,1.000,-90.00,166.00,-49.50,OPEN,0
672451.247,3,0,0,1.000,1.000,1.000,-90.00,166.21,-49.50,OPEN,0
672451.251,3,0,0,1.000,1.000,1.000,-90.00,166.45,-49.50,OPEN,0
672451.255,3,0,0,1.000,1.000,1.000,-90.00,166.67,-49.50,OPEN,0
672451.259,3,0,0,1.000,1.000,1.000,-90.00,166.94,-49.50,OPEN,0
672451.263,3,0,0,1.000,1.000,1.000,-90.00,167.20,-49.50,OPEN,0
672451.268,3,0,0,1.000,1.000,1.000,-90.00,167.46,-49.50,OPEN,1
672451.273,3,0,0,1.000,1.000,1.000,-90.00,167.78,-49.50,OPEN,0
672451.278,3,0,0,1.000,1.000,1.000,-90.00,168.07,-49.50,OPEN,0
672451.282,3,0,0,1.000,1.000,1.000,-90.00,168.34,-49.50,OPEN,0
672451.287,3,0,0,1.000,1.000,1.000,-90.00,168.59,-49.50,OPEN,0
672451.291,3,0,0,1.000,1.000,1.000,-90.00,168.87,-49.50,OPEN,0
672451.296,3,0,0,1.000,1.000,1.000,-90.00,169.18,-49.50,OPEN,0
672451.301,3,0,0,1.000,1.000,1.000,-90.00,169.47,-49.50,OPEN,0
672451.306,3,0,0,1.000,1.000,1.000,-90.00,169.74,-49.50,OPEN,0
672451.310,3,0,0,1.000,1.000,1.000,-90.00,169.99,-49.50,OPEN,0
672451.314,3,0,0,1.000,1.000,1.000,-90.00,170.24,-49.50,OPEN,0
672451.318,3,0,0,1.000,1.000,1.000,-90.00,170.47,-49.50,OPEN,0
672451.322,3,0,0,1.000,1.000,1.000,-90.00,170.70,-49.50,OPEN,0
672451.326,3,0,0,1.000,1.000,1.000,-90.00,170.93,-49.50,OPEN,0
672451.329,3,0,0,1.000,1.000,1.000,-90.00,171.16,-49.50,OPEN,0
672451.333,3,0,0,1.000,1.000,1.000,-90.00,171.39,-49.50,OPEN,0
672451.337,3,0,0,1.000,1.000,1.000,-90.00,171.62,-49.50,OPEN,0
672451.341,3,0,0,1.000,1.000,1.000,-90.00,171.86,-49.50,OPEN,0
672451.345,3,0,0,1.000,1.000,1.000,-90.00,172.10,-49.50,OPEN,0
672451.349,3,0,0,1.000,1.000,1.000,-90.00,172.34,-49.50,OPEN,0
672451.353,3,0,0,1.000,1.000,1.000,-90.00,172.59,-49.50,OPEN,0
672451.357,3,0,0,1.000,1.000,1.000,-90.00,172.83,-49.50,OPEN,0
672451.361,3,0,0,1.000,1.000,1.000,-90.00,173.06,-49.50,OPEN,0
672451.365,3,0,0,1.000,1.000,1.000,-90.00,173.31,-49.50,OPEN,0
672451.369,3,0,0,1.000,1.000,1.000,-90.00,173.54,-49.50,OPEN,1
672451.373,3,0,0,1.000,1.000,1.000,-90.00,173.79,-49.50,OPEN,0
672451.379,3,0,0,1.000,1.000,1.000,-90.00,174.14,-49.50,OPEN,0
672451.384,3,0,0,1.000,1.000,1.000,-90.00,174.41,-49.50,OPEN,0
672451.387,3,0,0,1.000,1.000,1.000,-90.00,174.63,-49.50,OPEN,0
672451.391,3,0,0,1.000,1.000,1.000,-90.00,174.87,-49.50,OPEN,0
672451.396,3,0,0,1.000,1.000,1.000,-90.00,175.16,-49.50,OPEN,0
672451.401,3,0,0,1.000,1.000,1.000,-90.00,175.44,-49.50,OPEN,0
672451.406,3,0,0,1.000,1.000,1.000,-90.00,175.75,-49.50,OPEN,0
672451.411,3,1,0,0.999,1.000,1.000,-90.00,175.46,-49.50,OPEN,0
672451.415,3,1,0,0.999,1.000,1.000,-90.00,175.17,-49.50,OPEN,0
672451.420,3,1,0,0.997,1.000,1.000,-90.00,174.87,-49.50,OPEN,0
672451.425,3,1,0,0.867,1.000,1.000,-90.00,174.59,-49.50,OPEN,0
672451.430,3,1,0,0.499,1.000,1.000,-90.00,174.33,-49.50,OPEN,0
672451.434,3,1,0,0.993,1.000,1.000,-90.00,174.07,-49.50,OPEN,0
672451.438,3,1,0,0.999,1.000,1.000,-90.00,173.82,-49.50,OPEN,0
672451.442,3,1,0,0.998,1.000,1.000,-90.00,173.55,-49.50,OPEN,0
672451.448,3,1,0,0.998,1.000,1.000,-90.00,173.25,-49.50,OPEN,0
672451.452,3,1,0,0.997,1.000,1.000,-90.00,173.01,-49.50,OPEN,0
672451.456,3,1,0,0.994,1.000,1.000,-90.00,172.77,-49.50,OPEN,0
672451.459,3,1,0,0.992,1.000,1.000,-90.00,172.55,-49.50,OPEN,0
672451.463,0,1,0,0.990,0.999,1.000,-90.00,172.32,-49.50,OPEN,0
672451.467,0,1,0,0.989,0.999,1.000,-90.00,172.09,-49.50,OPEN,0
672451.471,0,1,0,0.978,0.998,1.000,-90.00,171.83,-49.50,OPEN,1
672451.475,0,1,0,0.977,0.996,1.000,-90.00,171.61,-49.50,OPEN,0
672451.479,0,1,0,0.986,0.990,1.000,-90.00,171.37,-49.50,OPEN,0
672451.483,0,1,0,0.996,0.964,1.000,-90.00,171.14,-49.50,OPEN,0
672451.487,0,1,1,0.999,0.870,1.000,-89.75,170.89,-49.50,OPEN,0
672451.491,0,1,1,1.000,0.657,1.000,-89.52,170.67,-49.50,OPEN,0
672451.494,0,1,1,1.000,0.880,0.999,-89.29,170.44,-49.50,OPEN,0
672451.498,0,1,1,1.000,0.976,0.997,-89.07,170.21,-49.50,OPEN,0
672451.502,0,1,1,1.000,0.998,0.989,-88.84,169.98,-49.50,OPEN,0
672451.506,0,1,1,1.000,1.000,0.963,-88.60,169.74,-49.50,OPEN,0
672451.511,0,1,1,1.000,1.000,0.907,-88.30,169.44,-49.50,OPEN,0
672451.515,0,1,1,1.000,1.000,0.867,-88.04,169.19,-49.50,OPEN,0
672451.519,0,1,1,1.000,1.000,0.863,-87.80,168.94,-49.50,OPEN,0
672451.523,0,1,1,1.000,0.963,0.856,-87.57,168.71,-49.50,OPEN,0
672451.527,0,1,1,1.000,0.962,0.936,-87.34,168.49,-49.50,OPEN,0
672451.531,0,1,1,1.000,1.000,0.998,-87.11,168.25,-49.50,OPEN,0
672451.535,0,1,1,1.000,1.000,0.999,-86.85,168.00,-49.50,OPEN,0
672451.539,0,1,1,1.000,1.000,0.999,-86.61,167.75,-49.50,OPEN,0
672451.543,0,1,1,1.000,1.000,1.000,-86.35,167.49,-49.50,OPEN,0
672451.548,0,1,1,1.000,1.000,0.999,-86.10,167.24,-49.50,OPEN,0
672451.552,0,1,1,1.000,1.000,0.999,-85.84,166.99,-49.50,OPEN,0
672451.556,0,1,1,1.000,1.000,0.999,-85.60,166.74,-49.50,OPEN,0
672451.560,0,1,1,1.000,1.000,0.999,-85.36,166.51,-49.50,OPEN,0
672451.564,0,1,1,1.000,0.999,0.996,-85.12,166.26,-49.50,OPEN,0
672451.568,0,1,1,1.000,0.862,0.978,-84.88,166.02,-49.50,OPEN,0
672451.572,0,1,1,1.000,0.978,0.822,-84.65,165.79,-49.50,OPEN,1
672451.576,0,1,1,1.000,0.999,0.654,-84.41,165.55,-49.50,OPEN,0
672451.582,0,1,1,1.000,1.000,0.820,-84.05,165.19,-49.50,OPEN,0
672451.586,0,1,1,1.000,0.999,0.942,-83.80,164.95,-49.50,OPEN,0
672451.590,0,1,1,1.000,1.000,0.981,-83.57,164.71,-49.50,OPEN,0
672451.596,0,1,1,1.000,1.000,0.992,-83.20,164.34,-49.50,OPEN,0
672451.600,0,1,1,1.000,1.000,0.998,-82.93,164.07,-49.50,OPEN,0
672451.604,0,1,1,1.000,1.000,1.000,-82.69,163.83,-49.50,OPEN,0
672451.608,0,1,1,1.000,1.000,1.000,-82.46,163.60,-49.50,OPEN,0
672451.612,0,1,1,1.000,1.000,1.000,-82.21,163.35,-49.50,OPEN,0
672451.616,0,1,1,1.000,1.000,1.000,-81.97,163.11,-49.50,OPEN,0
672451.620,0,1,1,1.000,1.000,1.000,-81.74,162.88,-49.50,OPEN,0
672451.624,0,1,1,1.000,1.000,1.000,-81.50,162.65,-49.50,OPEN,0
672451.628,0,1,1,1.000,1.000,1.000,-81.27,162.42,-49.50,OPEN,0
672451.632,0,1,1,1.000,1.000,1.000,-81.03,162.18,-49.50,OPEN,0
672451.636,0,1,1,1.000,1.000,1.000,-80.80,161.94,-49.50,OPEN,0
672451.640,0,1,1,1.000,1.000,1.000,-80.55,161.70,-49.50,OPEN,0
672451.644,0,1,1,1.000,1.000,1.000,-80.32,161.46,-49.50,OPEN,0
672451.648,0,1,1,1.000,1.000,1.000,-80.09,161.23,-49.50,OPEN,0
672451.651,0,1,1,1.000,1.000,1.000,-79.87,161.02,-49.50,OPEN,0
672451.655,0,1,1,1.000,1.000,1.000,-79.65,160.79,-49.50,OPEN,0
672451.659,0,1,1,1.000,1.000,1.000,-79.42,160.56,-49.50,OPEN,0
672451.663,0,1,1,1.000,1.000,1.000,-79.18,160.32,-49.50,OPEN,0
672451.667,0,1,1,1.000,1.000,1.000,-78.94,160.08,-49.50,OPEN,0
672451.671,0,1,1,1.000,1.000,1.000,-78.67,159.81,-49.50,OPEN,0
672451.675,0,1,1,1.000,1.000,1.000,-78.44,159.58,-49.50,OPEN,1
672451.679,0,1,1,1.000,1.000,1.000,-78.21,159.35,-49.50,OPEN,0
672451.683,0,1,1,1.000,1.000,1.000,-77.99,159.13,-49.50,OPEN,0
672451.687,0,1,1,1.000,1.000,1.000,-77.75,158.89,-49.50,OPEN,0
672451.690,0,1,1,1.000,1.000,1.000,-77.54,158.68,-49.50,OPEN,0
672451.694,0,1,1,1.000,1.000,1.000,-77.30,158.45,-49.50,OPEN,0
672451.698,0,1,1,1.000,1.000,1.000,-77.08,158.23,-49.50,OPEN,0
672451.702,0,1,1,1.000,1.000,1.000,-76.85,157.99,-49.50,OPEN,0
672451.706,0,1,1,1.000,1.000,1.000,-76.62,157.76,-49.50,OPEN,0
672451.709,0,1,1,1.000,1.000,1.000,-76.39,157.54,-49.50,OPEN,0
672451.715,0,1,1,1.000,1.000,1.000,-76.08,157.22,-49.50,OPEN,0
672451.719,0,1,1,1.000,1.000,1.000,-75.83,156.97,-49.50,OPEN,0
672451.723,0,1,1,1.000,1.000,1.000,-75.58,156.72,-49.50,OPEN,0
672451.728,0,1,1,1.000,1.000,1.000,-75.30,156.45,-49.50,OPEN,0
672451.732,0,1,1,1.000,1.000,1.000,-75.03,156.18,-49.50,OPEN,0
672451.737,0,1,1,1.000,1.000,1.000,-74.75,155.89,-49.50,OPEN,0
672451.741,0,1,1,1.000,1.000,1.000,-74.50,155.64,-49.50,OPEN,0
672451.745,0,1,1,1.000,1.000,1.000,-74.25,155.39,-49.50,OPEN,0
672451.749,0,1,1,1.000,1.000,1.000,-74.00,155.14,-49.50,OPEN,0
672451.753,0,1,1,1.000,1.000,1.000,-73.75,154.89,-49.50,OPEN,0
672451.757,0,1,1,1.000,1.000,1.000,-73.51,154.65,-49.50,OPEN,0
672451.761,0,1,1,1.000,1.000,1.000,-73.27,154.41,-49.50,OPEN,0
672451.766,0,1,1,1.000,1.000,1.000,-73.02,154.16,-49.50,OPEN,0
672451.770,0,1,1,1.000,1.000,1.000,-72.77,153.92,-49.50,OPEN,0
672451.774,0,1,1,1.000,1.000,1.000,-72.54,153.68,-49.50,OPEN,0
672451.777,0,1,1,1.000,1.000,1.000,-72.31,153.46,-49.50,OPEN,1
672451.782,0,1,1,1.000,1.000,1.000,-72.03,153.17,-49.50,OPEN,0
672451.786,0,1,1,1.000,1.000,1.000,-71.78,152.92,-49.50,OPEN,0
672451.790,0,1,1,1.000,1.000,1.000,-71.55,152.69,-49.50,OPEN,0
672451.794,0,1,1,1.000,1.000,1.000,-71.32,152.46,-49.50,OPEN,0
672451.798,0,1,1,1.000,1.000,1.000,-71.09,152.23,-49.50,OPEN,0
672451.802,0,1,1,1.000,1.000,1.000,-70.86,152.01,-49.50,OPEN,0
672451.806,0,1,1,1.000,1.000,1.000,-70.62,151.77,-49.50,OPEN,0
672451.809,0,1,1,1.000,1.000,1.000,-70.39,151.53,-49.50,OPEN,0
672451.814,0,1,1,1.000,1.000,1.000,-70.12,151.26,-49.50,OPEN,0
672451.818,0,1,1,1.000,1.000,1.000,-69.88,151.02,-49.50,OPEN,0
672451.822,0,1,1,1.000,1.000,1.000,-69.65,150.79,-49.50,OPEN,0
672451.826,0,1,1,1.000,1.000,1.000,-69.41,150.55,-49.50,OPEN,0
672451.830,0,1,1,1.000,1.000,1.000,-69.13,150.27,-49.50,OPEN,0
672451.835,0,1,1,1.000,1.000,1.000,-68.87,150.01,-49.50,OPEN,0
672451.840,0,1,1,1.000,1.000,1.000,-68.56,149.70,-49.50,OPEN,0
672451.845,0,1,1,1.000,1.000,1.000,-68.28,149.42,-49.50,OPEN,0
672451.849,0,1,1,1.000,1.000,1.000,-68.04,149.18,-49.50,OPEN,0
672451.853,0,1,1,1.000,1.000,1.000,-67.78,148.92,-49.50,OPEN,0
672451.857,0,1,1,1.000,1.000,1.000,-67.54,148.68,-49.50,OPEN,0
672451.861,0,1,1,1.000,1.000,1.000,-67.30,148.44,-49.50,OPEN,0
672451.865,0,1,1,1.000,1.000,1.000,-67.04,148.18,-49.50,OPEN,0
672451.870,0,1,1,1.000,1.000,1.000,-66.76,147.90,-49.50,OPEN,0
672451.875,0,1,1,1.000,1.000,1.000,-66.48,147.62,-49.50,OPEN,0
672451.879,0,1,1,1.000,1.000,1.000,-66.20,147.35,-49.50,OPEN,1
672451.884,0,1,1,1.000,1.000,1.000,-65.94,147.09,-49.50,OPEN,0
672451.888,0,1,1,1.000,1.000,1.000,-65.70,146.84,-49.50,OPEN,0
672451.892,0,1,1,1.000,1.000,1.000,-65.44,146.58,-49.50,OPEN,0
672451.896,0,1,1,1.000,1.000,1.000,-65.22,146.36,-49.50,OPEN,0
672451.899,0,1,1,1.000,1.000,1.000,-65.00,146.15,-49.50,OPEN,0
672451.903,0,1,1,1.000,1.000,1.000,-64.78,145.92,-49.50,OPEN,0
672451.907,0,1,1,1.000,1.000,1.000,-64.55,145.69,-49.50,OPEN,0
672451.911,0,1,1,1.000,1.000,1.000,-64.32,145.46,-49.50,OPEN,0
672451.914,0,1,1,1.000,1.000,1.000,-64.10,145.24,-49.50,OPEN,0
672451.918,0,1,1,1.000,1.000,1.000,-63.88,145.02,-49.50,OPEN,0
672451.922,0,1,1,1.000,1.000,1.000,-63.64,144.78,-49.50,OPEN,0
672451.926,0,1,1,1.000,1.000,1.000,-63.38,144.53,-49.50,OPEN,0
672451.930,0,1,1,1.000,1.000,1.000,-63.14,144.29,-49.50,OPEN,0
672451.934,0,1,1,1.000,1.000,1.000,-62.89,144.04,-49.50,OPEN,0
672451.938,0,1,1,1.000,1.000,1.000,-62.65,143.80,-49.50,OPEN,0
672451.942,0,1,1,1.000,1.000,1.000,-62.42,143.56,-49.50,OPEN,0
672451.947,0,1,1,1.000,1.000,1.000,-62.12,143.26,-49.50,OPEN,0
672451.952,0,1,1,1.000,1.000,1.000,-61.86,143.00,-49.50,OPEN,0
672451.956,0,1,1,1.000,1.000,1.000,-61.62,142.77,-49.50,OPEN,0
672451.959,0,1,1,1.000,1.000,1.000,-61.39,142.53,-49.50,OPEN,0
672451.964,0,1,1,1.000,1.000,1.000,-61.14,142.28,-49.50,OPEN,0
672451.968,0,1,1,1.000,1.000,1.000,-60.87,142.01,-49.50,OPEN,0
672451.973,0,1,1,1.000,1.000,1.000,-60.59,141.73,-49.50,OPEN,0
672451.977,0,1,1,1.000,1.000,1.000,-60.33,141.48,-49.50,OPEN,0
672451.981,0,1,1,0.998,1.000,1.000,-60.09,141.23,-49.50,OPEN,1
672451.986,0,1,1,0.959,1.000,1.000,-59.78,140.93,-49.50,OPEN,0
672451.990,0,1,1,0.888,1.000,1.000,-59.55,140.70,-49.50,OPEN,0
672451.994,0,1,1,0.362,1.000,1.000,-59.33,140.47,-49.50,OPEN,0
672451.998,0,1,1,0.679,1.000,1.000,-59.10,140.24,-49.50,OPEN,0
672452.002,0,1,1,0.943,1.000,1.000,-58.83,139.98,-49.50,OPEN,0
672452.006,0,1,1,0.996,1.000,1.000,-58.57,139.71,-49.50,OPEN,0
672452.011,0,1,1,1.000,1.000,1.000,-58.33,139.47,-49.50,OPEN,0
672452.015,0,1,1,1.000,1.000,1.000,-58.08,139.23,-49.50,OPEN,0
672452.019,0,1,1,1.000,1.000,1.000,-57.84,138.98,-49.50,OPEN,0
672452.023,0,1,1,1.000,1.000,1.000,-57.60,138.74,-49.50,OPEN,0
672452.027,0,0,1,1.000,1.000,1.000,-57.35,138.99,-49.50,OPEN,0
672452.032,0,0,1,1.000,1.000,1.000,-57.06,139.28,-49.50,OPEN,0
672452.036,0,0,1,1.000,1.000,1.000,-56.80,139.55,-49.50,OPEN,0
672452.040,0,0,1,1.000,1.000,1.000,-56.55,139.79,-49.50,OPEN,0
672452.044,0,0,1,1.000,1.000,1.000,-56.32,140.03,-49.50,OPEN,0
672452.048,0,0,1,1.000,1.000,1.000,-56.07,140.28,-49.50,OPEN,0
672452.052,0,0,1,1.000,1.000,1.000,-55.83,140.52,-49.50,OPEN,0
672452.056,0,0,1,1.000,1.000,1.000,-55.59,140.75,-49.50,OPEN,0
672452.061,0,0,1,1.000,1.000,1.000,-55.31,141.03,-49.50,OPEN,0
672452.065,1,0,1,1.000,1.000,1.000,-55.06,141.29,-45.00,OPEN,0
672452.069,1,0,1,1.000,1.000,1.000,-54.80,141.55,-45.00,OPEN,0
672452.073,1,0,1,1.000,1.000,1.000,-54.56,141.78,-45.00,OPEN,0
672452.077,1,0,1,1.000,1.000,1.000,-54.32,142.03,-45.00,OPEN,0
672452.082,1,0,1,1.000,1.000,1.000,-54.05,142.29,-45.00,OPEN,1
672452.086,1,0,1,1.000,1.000,1.000,-53.78,142.56,-45.00,OPEN,0
672452.090,1,0,1,1.000,1.000,1.000,-53.54,142.81,-45.00,OPEN,0
672452.095,1,0,1,1.000,1.000,1.000,-53.27,143.07,-45.00,OPEN,0
672452.099,1,0,1,1.000,1.000,1.000,-53.05,143.30,-45.00,OPEN,0
672452.102,1,0,1,1.000,1.000,1.000,-52.81,143.53,-45.00,OPEN,0
672452.106,1,0,1,1.000,1.000,1.000,-52.60,143.75,-45.00,OPEN,0
672452.110,1,0,1,1.000,1.000,1.000,-52.38,143.97,-45.00,OPEN,0
672452.114,1,0,0,1.000,1.000,1.000,-52.62,144.22,-45.00,OPEN,0
672452.118,1,0,0,1.000,1.000,1.000,-52.85,144.44,-45.00,OPEN,0
672452.121,1,0,0,1.000,1.000,1.000,-53.06,144.66,-45.00,OPEN,0
672452.125,1,0,0,1.000,1.000,1.000,-53.28,144.87,-45.00,OPEN,0
672452.129,1,0,0,1.000,1.000,1.000,-53.52,145.11,-45.00,OPEN,0
672452.133,1,0,0,1.000,1.000,1.000,-53.76,145.35,-45.00,OPEN,0
672452.136,1,0,0,1.000,1.000,1.000,-53.98,145.57,-45.00,OPEN,0
672452.140,1,0,0,1.000,1.000,1.000,-54.21,145.80,-45.00,OPEN,0
672452.144,1,0,0,1.000,1.000,1.000,-54.46,146.05,-45.00,OPEN,0
672452.148,1,0,0,1.000,1.000,1.000,-54.69,146.28,-45.00,OPEN,0
672452.152,1,0,0,1.000,1.000,1.000,-54.94,146.54,-45.00,OPEN,0
672452.156,1,0,0,1.000,1.000,1.000,-55.17,146.76,-45.00,OPEN,0
672452.160,1,0,0,1.000,1.000,1.000,-55.42,147.02,-45.00,OPEN,0
672452.164,1,0,0,1.000,1.000,1.000,-55.67,147.26,-45.00,OPEN,0
672452.170,1,0,0,1.000,1.000,1.000,-55.98,147.57,-40.50,OPEN,0
672452.175,1,0,0,1.000,1.000,1.000,-56.28,147.87,-40.50,OPEN,0
672452.179,1,0,0,1.000,1.000,1.000,-56.51,148.11,-40.50,OPEN,0
672452.183,1,0,0,1.000,1.000,1.000,-56.76,148.35,-40.50,OPEN,1
672452.187,1,0,0,1.000,1.000,1.000,-57.02,148.62,-40.50,OPEN,0
672452.193,1,0,0,1.000,1.000,1.000,-57.36,148.95,-40.50,OPEN,0
672452.198,1,0,0,1.000,1.000,1.000,-57.67,149.26,-40.50,OPEN,0
672452.202,1,0,0,1.000,1.000,1.000,-57.94,149.53,-40.50,OPEN,0
672452.207,1,0,0,1.000,1.000,1.000,-58.22,149.81,-40.50,OPEN,0
672452.212,1,0,0,1.000,1.000,1.000,-58.54,150.13,-40.50,OPEN,0
672452.217,1,0,0,1.000,1.000,1.000,-58.82,150.41,-40.50,OPEN,0
672452.222,1,0,0,1.000,1.000,1.000,-59.11,150.70,-40.50,OPEN,0
672452.226,1,0,0,1.000,1.000,1.000,-59.35,150.94,-40.50,OPEN,0
672452.230,1,0,0,1.000,1.000,1.000,-59.59,151.18,-40.50,OPEN,0
672452.234,1,0,0,1.000,1.000,1.000,-59.83,151.42,-40.50,OPEN,0
672452.238,1,0,0,1.000,1.000,1.000,-60.06,151.66,-40.50,OPEN,0
672452.242,1,0,0,1.000,1.000,1.000,-60.30,151.89,-40.50,OPEN,0
672452.246,1,0,0,1.000,1.000,1.000,-60.55,152.14,-40.50,OPEN,0
672452.250,1,0,0,1.000,1.000,1.000,-60.82,152.41,-40.50,OPEN,0
672452.255,1,0,0,1.000,1.000,1.000,-61.09,152.68,-40.50,OPEN,0
672452.260,1,0,0,1.000,1.000,1.000,-61.37,152.96,-40.50,OPEN,0
672452.264,1,0,0,1.000,1.000,1.000,-61.64,153.23,-40.50,OPEN,0
672452.269,1,0,0,1.000,1.000,1.000,-61.93,153.53,-40.50,OPEN,0
672452.273,1,0,0,1.000,1.000,1.000,-62.20,153.79,-36.00,OPEN,0
672452.284,1,0,0,1.000,1.000,1.000,-62.85,154.44,-36.00,OPEN,1
672452.290,1,0,0,1.000,1.000,1.000,-63.20,154.80,-36.00,OPEN,0
672452.301,1,0,0,1.000,1.000,1.000,-63.86,155.46,-36.00,OPEN,0
672452.310,1,0,0,1.000,1.000,1.000,-64.39,155.98,-36.00,OPEN,0
672452.316,1,0,0,1.000,1.000,1.000,-64.74,156.33,-36.00,OPEN,0
672452.325,1,0,0,1.000,1.000,1.000,-65.28,156.88,-36.00,OPEN,0
672452.330,1,0,0,1.000,1.000,1.000,-65.57,157.17,-36.00,OPEN,0
672452.334,1,0,0,1.000,1.000,1.000,-65.83,157.43,-36.00,OPEN,0
672452.338,1,0,0,1.000,1.000,1.000,-66.07,157.67,-36.00,OPEN,0
672452.342,1,0,0,1.000,1.000,1.000,-66.31,157.90,-36.00,OPEN,0
672452.346,1,0,0,1.000,1.000,1.000,-66.56,158.16,-36.00,OPEN,0
672452.350,1,0,0,1.000,1.000,1.000,-66.79,158.38,-36.00,OPEN,0
672452.354,1,0,0,1.000,1.000,1.000,-67.02,158.61,-36.00,OPEN,0
672452.357,1,0,0,1.000,1.000,1.000,-67.24,158.83,-36.00,OPEN,0
672452.361,1,0,0,1.000,1.000,1.000,-67.48,159.08,-36.00,OPEN,0
672452.365,1,0,0,1.000,1.000,1.000,-67.71,159.30,-36.00,OPEN,0
672452.369,1,0,0,1.000,1.000,1.000,-67.92,159.51,-36.00,OPEN,0
672452.372,1,0,0,1.000,1.000,1.000,-68.14,159.73,-36.00,OPEN,0
672452.376,1,0,0,1.000,1.000,1.000,-68.37,159.96,-31.50,OPEN,0
672452.380,1,0,0,1.000,1.000,1.000,-68.62,160.21,-31.50,OPEN,0
672452.385,1,0,0,1.000,1.000,1.000,-68.88,160.47,-31.50,OPEN,1
672452.391,1,0,0,1.000,1.000,1.000,-69.23,160.82,-31.50,OPEN,0
672452.395,1,0,0,1.000,1.000,1.000,-69.50,161.09,-31.50,OPEN,0
672452.399,1,0,0,1.000,1.000,1.000,-69.73,161.33,-31.50,OPEN,0
672452.403,1,0,0,1.000,1.000,1.000,-69.98,161.58,-31.50,OPEN,0
672452.409,1,0,0,1.000,1.000,1.000,-70.32,161.91,-31.50,OPEN,0
672452.413,1,0,0,1.000,1.000,1.000,-70.55,162.14,-31.50,OPEN,0
672452.416,1,0,0,1.000,1.000,1.000,-70.78,162.37,-31.50,OPEN,0
672452.420,1,0,0,1.000,1.000,1.000,-71.02,162.61,-31.50,OPEN,0
672452.424,1,0,0,1.000,1.000,1.000,-71.27,162.86,-31.50,OPEN,0
672452.429,1,0,0,1.000,1.000,1.000,-71.51,163.10,-31.50,OPEN,0
672452.433,1,0,0,1.000,1.000,1.000,-71.75,163.35,-31.50,OPEN,0
672452.437,1,0,0,1.000,1.000,1.000,-72.02,163.61,-31.50,OPEN,0
672452.441,1,0,0,1.000,1.000,1.000,-72.27,163.86,-31.50,OPEN,0
672452.446,1,0,0,1.000,1.000,1.000,-72.53,164.12,-31.50,OPEN,0
672452.450,1,0,0,1.000,1.000,1.000,-72.77,164.36,-31.50,OPEN,0
672452.454,1,0,0,1.000,1.000,1.000,-73.04,164.63,-31.50,OPEN,0
672452.458,1,0,0,1.000,1.000,1.000,-73.27,164.86,-31.50,OPEN,0
672452.462,1,0,0,1.000,1.000,1.000,-73.51,165.10,-31.50,OPEN,0
672452.466,1,0,0,1.000,1.000,1.000,-73.74,165.34,-31.50,OPEN,0
672452.470,1,0,0,1.000,1.000,1.000,-73.98,165.57,-31.50,OPEN,0
672452.473,1,0,0,1.000,1.000,1.000,-74.20,165.80,-31.50,OPEN,0
672452.477,1,0,0,1.000,1.000,1.000,-74.42,166.01,-27.00,OPEN,0
672452.481,1,0,0,1.000,1.000,1.000,-74.64,166.23,-27.00,OPEN,0
672452.485,1,0,0,1.000,1.000,1.000,-74.91,166.50,-27.00,OPEN,1
672452.490,1,0,0,1.000,1.000,1.000,-75.17,166.76,-27.00,OPEN,0
672452.494,1,0,0,1.000,1.000,1.000,-75.46,167.05,-27.00,OPEN,0
672452.500,1,0,0,1.000,1.000,1.000,-75.80,167.39,-27.00,OPEN,0
672452.504,1,0,0,1.000,1.000,1.000,-76.06,167.65,-27.00,OPEN,0
672452.508,1,0,0,1.000,1.000,1.000,-76.28,167.87,-27.00,OPEN,0
672452.512,1,0,0,1.000,1.000,1.000,-76.52,168.11,-27.00,OPEN,0
672452.516,1,0,0,1.000,1.000,1.000,-76.77,168.37,-27.00,OPEN,0
672452.520,1,0,0,1.000,1.000,1.000,-77.01,168.61,-27.00,OPEN,0
672452.524,1,0,0,1.000,1.000,1.000,-77.23,168.82,-27.00,OPEN,0
672452.528,1,0,0,1.000,1.000,1.000,-77.46,169.05,-27.00,OPEN,0
672452.532,1,0,0,1.000,1.000,1.000,-77.72,169.32,-27.00,OPEN,0
672452.537,1,0,0,1.000,1.000,1.000,-78.00,169.59,-27.00,OPEN,0
672452.541,1,0,0,1.000,1.000,1.000,-78.28,169.87,-27.00,OPEN,0
672452.546,1,0,0,1.000,1.000,1.000,-78.54,170.13,-27.00,OPEN,0
672452.551,1,0,0,1.000,1.000,1.000,-78.85,170.44,-27.00,OPEN,0
672452.555,1,0,0,0.843,1.000,1.000,-79.12,170.71,-27.00,OPEN,0
672452.559,1,0,0,0.883,1.000,1.000,-79.36,170.95,-27.00,OPEN,0
672452.564,1,0,0,0.695,1.000,1.000,-79.61,171.20,-27.00,OPEN,0
672452.567,1,0,0,0.791,1.000,1.000,-79.84,171.43,-27.00,OPEN,0
672452.571,1,0,0,0.951,1.000,1.000,-80.07,171.66,-27.00,OPEN,0
672452.575,1,0,0,0.987,1.000,1.000,-80.31,171.91,-27.00,OPEN,0
672452.579,1,0,0,0.999,1.000,1.000,-80.56,172.15,-22.50,OPEN,0
672452.583,1,0,0,1.000,1.000,1.000,-80.79,172.38,-22.50,OPEN,0
672452.587,1,0,0,1.000,1.000,1.000,-81.00,172.59,-22.50,OPEN,1
672452.590,1,0,0,1.000,1.000,1.000,-81.22,172.81,-22.50,OPEN,0
672452.594,0,0,0,1.000,1.000,1.000,-81.46,173.05,-22.50,OPEN,0
672452.598,0,0,0,1.000,1.000,1.000,-81.67,173.27,-22.50,OPEN,0
672452.602,0,0,0,1.000,1.000,1.000,-81.91,173.50,-22.50,OPEN,0
672452.606,0,0,0,1.000,1.000,1.000,-82.16,173.75,-22.50,OPEN,0
672452.610,0,0,0,1.000,1.000,1.000,-82.40,173.99,-22.50,OPEN,0
672452.614,0,0,0,1.000,1.000,1.000,-82.63,174.22,-22.50,OPEN,0
672452.618,0,0,0,1.000,1.000,1.000,-82.89,174.49,-22.50,OPEN,0
672452.623,0,0,0,1.000,1.000,1.000,-83.18,174.77,-22.50,OPEN,0
672452.627,0,0,0,1.000,1.000,1.000,-83.41,175.00,-22.50,OPEN,0
672452.631,0,0,0,1.000,1.000,1.000,-83.64,175.24,-22.50,OPEN,0
672452.635,0,0,0,1.000,1.000,1.000,-83.87,175.46,-22.50,OPEN,0
672452.638,0,0,0,1.000,1.000,1.000,-84.10,175.70,-22.50,OPEN,0
672452.643,0,0,0,1.000,1.000,1.000,-84.37,175.96,-22.50,OPEN,0
672452.647,0,0,0,1.000,1.000,1.000,-84.63,176.22,-22.50,OPEN,0
672452.651,0,0,0,1.000,1.000,1.000,-84.88,176.47,-22.50,OPEN,0
672452.655,0,0,0,1.000,1.000,1.000,-85.11,176.71,-22.50,OPEN,0
672452.659,0,0,0,1.000,1.000,1.000,-85.36,176.95,-22.50,OPEN,0
672452.664,0,0,0,1.000,1.000,1.000,-85.62,177.21,-22.50,OPEN,0
672452.668,0,0,0,1.000,1.000,1.000,-85.87,177.46,-22.50,OPEN,0
672452.672,0,0,0,1.000,1.000,1.000,-86.11,177.70,-22.50,OPEN,0
672452.676,0,0,0,1.000,1.000,1.000,-86.35,177.94,-22.50,OPEN,0
672452.680,0,0,0,1.000,1.000,1.000,-86.60,178.19,-22.50,OPEN,0
672452.684,0,0,0,1.000,1.000,1.000,-86.83,178.43,-22.50,OPEN,0
672452.688,0,0,0,1.000,1.000,1.000,-87.08,178.67,-22.50,OPEN,1
672452.692,0,0,0,1.000,1.000,1.000,-87.34,178.93,-22.50,OPEN,0
672452.697,0,0,0,1.000,1.000,1.000,-87.60,179.19,-22.50,OPEN,0
672452.701,0,0,0,1.000,1.000,1.000,-87.87,179.46,-22.50,OPEN,0
672452.706,0,0,0,1.000,1.000,1.000,-88.16,179.75,-22.50,OPEN,0
672452.710,0,0,0,1.000,1.000,1.000,-88.41,180.00,-22.50,OPEN,0
672452.714,0,0,0,1.000,1.000,1.000,-88.66,180.00,-22.50,OPEN,0
672452.719,0,0,0,1.000,1.000,1.000,-88.94,180.00,-22.50,OPEN,0
672452.724,0,0,0,1.000,1.000,1.000,-89.23,180.00,-22.50,OPEN,0
672452.728,0,0,0,1.000,1.000,1.000,-89.49,180.00,-22.50,OPEN,0
672452.733,0,0,0,1.000,1.000,1.000,-89.79,180.00,-22.50,OPEN,0
672452.738,0,0,0,1.000,1.000,1.000,-90.00,180.00,-22.50,OPEN,0
672452.742,0,0,0,1.000,1.000,1.000,-90.00,180.00,-22.50,OPEN,0
672452.746,0,0,0,1.000,1.000,1.000,-90.00,180.00,-22.50,OPEN,0
672452.751,0,0,0,1.000,1.000,1.000,-90.00,180.00,-22.50,OPEN,0
672452.755,0,0,0,1.000,1.000,1.000,-90.00,180.00,-22.50,OPEN,0
672452.759,0,0,0,1.000,1.000,1.000,-90.00,180.00,-22.50,OPEN,0
672452.764,0,0,0,1.000,1.000,1.000,-90.00,180.00,-22.50,OPEN,0
672452.768,0,0,0,1.000,1.000,1.000,-90.00,180.00,-22.50,OPEN,0
672452.772,0,0,0,1.000,1.000,1.000,-90.00,180.00,-22.50,OPEN,0
672452.776,0,0,0,1.000,1.000,1.000,-90.00,180.00,-22.50,OPEN,0
672452.781,0,0,0,1.000,1.000,1.000,-90.00,180.00,-22.50,OPEN,0
672452.785,0,0,0,1.000,1.000,1.000,-90.00,180.00,-22.50,OPEN,0
672452.789,0,0,0,1.000,1.000,1.000,-90.00,180.00,-22.50,OPEN,1
672452.794,0,0,0,1.000,1.000,1.000,-90.00,180.00,-22.50,OPEN,0
672452.798,0,0,0,1.000,1.000,1.000,-90.00,180.00,-22.50,OPEN,0
672452.802,0,0,0,1.000,1.000,1.000,-90.00,180.00,-22.50,OPEN,0
672452.807,0,0,0,1.000,1.000,1.000,-90.00,180.00,-22.50,OPEN,0
672452.812,0,0,0,1.000,1.000,1.000,-90.00,180.00,-22.50,OPEN,0
672452.816,0,0,0,1.000,1.000,1.000,-90.00,180.00,-22.50,OPEN,0
672452.820,0,0,0,1.000,1.000,1.000,-90.00,180.00,-22.50,OPEN,0
672452.825,0,0,0,1.000,1.000,1.000,-90.00,180.00,-22.50,OPEN,0
672452.831,0,0,0,1.000,1.000,1.000,-90.00,180.00,-22.50,OPEN,0
672452.836,0,0,0,1.000,1.000,1.000,-90.00,180.00,-22.50,OPEN,0
672452.841,0,0,0,1.000,1.000,1.000,-90.00,180.00,-22.50,OPEN,0
672452.847,0,0,0,1.000,1.000,1.000,-90.00,180.00,-22.50,OPEN,0
672452.852,0,0,0,1.000,1.000,1.000,-90.00,180.00,-22.50,OPEN,0
672452.856,0,0,0,1.000,1.000,1.000,-90.00,180.00,-22.50,OPEN,0
672452.860,0,0,0,1.000,1.000,1.000,-90.00,180.00,-22.50,OPEN,0
672452.864,0,0,0,1.000,1.000,1.000,-90.00,180.00,-22.50,OPEN,0
672452.869,0,0,0,1.000,1.000,1.000,-90.00,180.00,-22.50,OPEN,0
672452.874,0,0,0,1.000,1.000,1.000,-90.00,180.00,-22.50,OPEN,0
672452.877,0,0,0,1.000,1.000,1.000,-90.00,180.00,-22.50,OPEN,0
672452.881,0,0,0,1.000,1.000,1.000,-90.00,180.00,-22.50,OPEN,0
672452.885,0,0,0,1.000,1.000,1.000,-90.00,180.00,-22.50,OPEN,0
672452.889,0,0,0,1.000,1.000,1.000,-90.00,180.00,-22.50,OPEN,0
672452.894,0,0,0,1.000,1.000,1.000,-90.00,180.00,-22.50,OPEN,0
672452.898,0,0,0,1.000,1.000,1.000,-90.00,180.00,-22.50,OPEN,0
672452.903,0,0,0,1.000,1.000,1.000,-90.00,180.00,-22.50,OPEN,0
672452.906,0,0,0,1.000,1.000,1.000,-90.00,180.00,-22.50,OPEN,0
672452.911,0,0,0,1.000,1.000,1.000,-90.00,180.00,-22.50,OPEN,0
672452.915,0,0,0,1.000,1.000,1.000,-90.00,180.00,-22.50,OPEN,0
672452.919,0,0,0,1.000,1.000,1.000,-90.00,180.00,-22.50,OPEN,0
672452.923,0,0,0,1.000,1.000,1.000,-90.00,180.00,-22.50,OPEN,0
672452.927,0,0,0,1.000,1.000,1.000,-90.00,180.00,-22.50,OPEN,0
672452.931,0,0,0,1.000,1.000,1.000,-90.00,180.00,-22.50,OPEN,0
672452.936,0,0,0,1.000,1.000,1.000,-90.00,180.00,-22.50,OPEN,0
672452.942,0,0,0,1.000,1.000,1.000,-90.00,180.00,-22.50,OPEN,0
672452.947,0,0,0,1.000,1.000,1.000,-90.00,180.00,-22.50,OPEN,0
672452.953,0,0,0,1.000,1.000,1.000,-90.00,180.00,-22.50,OPEN,0
672452.957,0,0,0,1.000,1.000,1.000,-90.00,180.00,-22.50,OPEN,0
672452.961,0,0,0,1.000,1.000,1.000,-90.00,180.00,-22.50,OPEN,0
672452.965,0,0,0,1.000,1.000,1.000,-90.00,180.00,-22.50,OPEN,0
672452.969,0,0,0,1.000,1.000,1.000,-90.00,180.00,-22.50,OPEN,0
672452.973,0,0,0,1.000,1.000,1.000,-90.00,180.00,-22.50,OPEN,0
672452.976,0,0,0,1.000,1.000,1.000,-90.00,180.00,-22.50,OPEN,0
672452.980,0,0,0,1.000,1.000,1.000,-90.00,180.00,-22.50,OPEN,0
672452.985,0,0,0,1.000,1.000,1.000,-90.00,180.00,-22.50,OPEN,0
672452.990,0,0,0,1.000,1.000,1.000,-90.00,180.00,-22.50,OPEN,0
672452.994,0,0,0,1.000,1.000,1.000,-90.00,180.00,-22.50,OPEN,0
672452.999,0,0,0,1.000,1.000,1.000,-90.00,180.00,-22.50,OPEN,0
672453.004,0,0,0,1.000,1.000,1.000,-90.00,180.00,-22.50,OPEN,0
672453.008,0,0,0,1.000,1.000,1.000,-90.00,180.00,-22.50,OPEN,0
672453.011,0,0,0,1.000,1.000,1.000,-90.00,180.00,-22.50,OPEN,0
672453.015,0,0,0,1.000,1.000,1.000,-90.00,180.00,-22.50,OPEN,0
672453.020,0,0,0,1.000,1.000,1.000,-90.00,180.00,-22.50,OPEN,0
672453.023,0,0,0,1.000,1.000,1.000,-90.00,180.00,-22.50,OPEN,0
672453.027,0,0,0,1.000,1.000,1.000,-90.00,180.00,-22.50,OPEN,0
672453.032,0,0,0,1.000,1.000,1.000,-90.00,180.00,-22.50,OPEN,0
672453.038,0,0,0,1.000,1.000,1.000,-90.00,180.00,-22.50,OPEN,0
672453.043,0,0,0,1.000,1.000,1.000,-90.00,180.00,-22.50,OPEN,0
672453.049,0,0,0,1.000,1.000,1.000,-90.00,180.00,-22.50,OPEN,0
672453.054,0,0,0,1.000,1.000,1.000,-90.00,180.00,-22.50,OPEN,0
672453.059,0,0,0,1.000,1.000,1.000,-90.00,180.00,-22.50,OPEN,0
672453.063,0,0,0,1.000,1.000,1.000,-90.00,180.00,-22.50,OPEN,0
672453.068,0,0,0,1.000,1.000,1.000,-90.00,180.00,-22.50,OPEN,0
672453.072,0,0,0,1.000,1.000,1.000,-90.00,180.00,-22.50,OPEN,0
672453.076,0,0,0,1.000,1.000,1.000,-90.00,180.00,-22.50,OPEN,0
672453.080,0,0,0,1.000,1.000,1.000,-90.00,180.00,-22.50,OPEN,0
672453.083,0,0,0,1.000,1.000,1.000,-90.00,180.00,-22.50,OPEN,0
672453.087,0,0,0,1.000,1.000,1.000,-90.00,180.00,-22.50,OPEN,0
672453.090,0,0,0,1.000,1.000,1.000,-90.00,180.00,-22.50,OPEN,0
672453.094,0,0,0,1.000,1.000,1.000,-90.00,180.00,-22.50,OPEN,0
672453.098,0,0,0,1.000,1.000,1.000,-90.00,180.00,-22.50,OPEN,0
672453.101,0,0,0,1.000,1.000,1.000,-90.00,180.00,-22.50,OPEN,0
672453.106,0,0,0,1.000,1.000,1.000,-90.00,180.00,-22.50,OPEN,0
672453.110,0,0,0,1.000,1.000,1.000,-90.00,180.00,-22.50,OPEN,0
672453.114,0,0,0,1.000,1.000,1.000,-90.00,180.00,-22.50,OPEN,0
672453.119,0,0,0,1.000,1.000,1.000,-90.00,180.00,-22.50,OPEN,0
672453.124,0,0,0,1.000,1.000,1.000,-90.00,180.00,-22.50,OPEN,0
672453.128,0,0,0,1.000,1.000,1.000,-90.00,180.00,-22.50,OPEN,0
672453.133,0,0,0,1.000,1.000,1.000,-90.00,180.00,-22.50,OPEN,0
672453.137,0,0,0,1.000,1.000,1.000,-90.00,180.00,-22.50,OPEN,0
672453.142,0,0,0,1.000,1.000,1.000,-90.00,180.00,-22.50,OPEN,0
672453.146,0,0,0,1.000,1.000,1.000,-90.00,180.00,-22.50,OPEN,0
672453.150,0,0,0,1.000,1.000,1.000,-90.00,180.00,-22.50,OPEN,0
672453.154,0,0,0,1.000,1.000,1.000,-90.00,180.00,-22.50,OPEN,0
672453.159,0,0,0,1.000,1.000,1.000,-90.00,180.00,-22.50,OPEN,0
672453.163,0,0,0,1.000,1.000,1.000,-90.00,180.00,-22.50,OPEN,0
672453.167,0,0,0,1.000,1.000,1.000,-90.00,180.00,-22.50,OPEN,0
672453.173,0,0,0,1.000,1.000,1.000,-90.00,180.00,-22.50,OPEN,0
672453.177,0,0,0,1.000,1.000,1.000,-90.00,180.00,-22.50,OPEN,0
672453.181,0,0,0,0.986,1.000,1.000,-90.00,180.00,-22.50,OPEN,0
672453.185,0,0,0,0.644,1.000,1.000,-90.00,180.00,-22.50,OPEN,0
672453.188,0,0,0,0.627,1.000,1.000,-90.00,180.00,-22.50,OPEN,0
672453.193,0,0,0,0.794,1.000,1.000,-90.00,180.00,-22.50,OPEN,0
672453.198,0,0,0,0.929,1.000,1.000,-90.00,180.00,-22.50,OPEN,0
672453.201,0,0,0,0.940,1.000,1.000,-90.00,180.00,-22.50,OPEN,0
672453.206,0,0,0,0.995,1.000,1.000,-90.00,180.00,-22.50,OPEN,0
672453.210,0,0,0,0.999,1.000,1.000,-90.00,180.00,-22.50,OPEN,0
672453.215,0,0,0,1.000,1.000,1.000,-90.00,180.00,-22.50,OPEN,0
672453.219,0,0,0,1.000,1.000,1.000,-90.00,180.00,-22.50,OPEN,0
672453.225,2,0,0,1.000,1.000,1.000,-90.00,180.00,-27.00,OPEN,1
672453.230,2,0,0,1.000,1.000,1.000,-90.00,180.00,-27.00,OPEN,0
672453.235,2,0,0,1.000,1.000,1.000,-90.00,180.00,-27.00,OPEN,0
672453.240,2,0,0,1.000,1.000,1.000,-90.00,180.00,-27.00,OPEN,0
672453.245,2,0,0,1.000,1.000,1.000,-90.00,180.00,-27.00,OPEN,0
672453.250,2,0,0,1.000,1.000,1.000,-90.00,180.00,-27.00,OPEN,0
672453.254,2,0,0,1.000,1.000,1.000,-90.00,180.00,-27.00,OPEN,0
672453.259,2,0,0,1.000,1.000,1.000,-90.00,180.00,-27.00,OPEN,0
672453.263,2,0,0,1.000,1.000,1.000,-90.00,180.00,-27.00,OPEN,0
672453.266,2,0,0,1.000,1.000,1.000,-90.00,180.00,-27.00,OPEN,0
672453.270,2,0,0,1.000,1.000,1.000,-90.00,180.00,-27.00,OPEN,0
672453.274,2,0,0,1.000,1.000,1.000,-90.00,180.00,-27.00,OPEN,0
672453.278,2,0,0,1.000,1.000,1.000,-90.00,180.00,-27.00,OPEN,0
672453.285,2,0,0,1.000,1.000,1.000,-90.00,180.00,-27.00,OPEN,0
672453.291,2,0,0,1.000,1.000,1.000,-90.00,180.00,-27.00,OPEN,0
672453.297,2,0,0,1.000,1.000,1.000,-90.00,180.00,-27.00,OPEN,0
672453.303,2,0,0,1.000,1.000,1.000,-90.00,180.00,-27.00,OPEN,0
672453.309,2,0,0,1.000,1.000,1.000,-90.00,180.00,-27.00,OPEN,0
672453.314,2,0,0,1.000,1.000,1.000,-90.00,180.00,-27.00,OPEN,0
672453.320,2,0,0,1.000,1.000,1.000,-90.00,180.00,-27.00,OPEN,0
672453.326,2,0,0,1.000,1.000,1.000,-90.00,180.00,-31.50,OPEN,1
672453.331,2,0,0,1.000,1.000,1.000,-90.00,180.00,-31.50,OPEN,0
672453.335,2,0,0,1.000,1.000,1.000,-90.00,180.00,-31.50,OPEN,0
672453.340,2,0,0,1.000,1.000,1.000,-90.00,180.00,-31.50,OPEN,0
672453.344,2,0,0,1.000,1.000,1.000,-90.00,180.00,-31.50,OPEN,0
672453.348,2,0,0,1.000,1.000,1.000,-90.00,180.00,-31.50,OPEN,0
672453.354,2,0,0,1.000,1.000,1.000,-90.00,180.00,-31.50,OPEN,0
672453.358,2,0,0,1.000,1.000,1.000,-90.00,180.00,-31.50,OPEN,0
672453.361,2,0,0,1.000,1.000,1.000,-90.00,180.00,-31.50,OPEN,0
672453.365,2,0,0,1.000,1.000,1.000,-90.00,180.00,-31.50,OPEN,0
672453.369,2,0,0,1.000,1.000,1.000,-90.00,180.00,-31.50,OPEN,0
672453.374,2,0,0,1.000,1.000,1.000,-90.00,180.00,-31.50,OPEN,0
672453.378,2,0,0,1.000,1.000,1.000,-90.00,180.00,-31.50,OPEN,0
672453.382,2,0,0,1.000,1.000,1.000,-90.00,180.00,-31.50,OPEN,0
672453.386,2,0,0,1.000,1.000,1.000,-90.00,180.00,-31.50,OPEN,0
672453.390,2,0,0,1.000,1.000,1.000,-90.00,180.00,-31.50,OPEN,0
672453.395,2,0,0,1.000,1.000,1.000,-90.00,180.00,-31.50,OPEN,0
672453.399,2,0,0,1.000,1.000,1.000,-90.00,180.00,-31.50,OPEN,0
672453.403,2,0,0,1.000,1.000,1.000,-90.00,180.00,-31.50,OPEN,0
672453.407,2,0,0,1.000,1.000,1.000,-90.00,180.00,-31.50,OPEN,0
672453.412,2,0,0,1.000,1.000,1.000,-90.00,180.00,-31.50,OPEN,0
672453.416,2,0,0,1.000,1.000,1.000,-90.00,180.00,-31.50,OPEN,0
672453.420,2,0,0,1.000,1.000,1.000,-90.00,180.00,-31.50,OPEN,0
672453.424,2,0,0,1.000,1.000,1.000,-90.00,180.00,-31.50,OPEN,0
672453.428,2,0,0,1.000,1.000,1.000,-90.00,180.00,-36.00,OPEN,1
672453.432,2,0,0,1.000,1.000,1.000,-90.00,180.00,-36.00,OPEN,0
672453.437,2,0,0,1.000,1.000,1.000,-90.00,180.00,-36.00,OPEN,0
672453.442,2,0,0,1.000,1.000,1.000,-90.00,180.00,-36.00,OPEN,0
672453.446,2,0,0,1.000,1.000,1.000,-90.00,180.00,-36.00,OPEN,0
672453.451,2,0,0,1.000,1.000,1.000,-90.00,180.00,-36.00,OPEN,0
672453.455,2,0,0,1.000,1.000,1.000,-90.00,180.00,-36.00,OPEN,0
672453.460,2,0,0,1.000,1.000,1.000,-90.00,180.00,-36.00,OPEN,0
672453.464,2,0,0,1.000,1.000,1.000,-90.00,180.00,-36.00,OPEN,0
672453.467,2,0,0,1.000,1.000,1.000,-90.00,180.00,-36.00,OPEN,0
672453.472,2,0,0,1.000,1.000,1.000,-90.00,180.00,-36.00,OPEN,0
672453.476,2,0,0,1.000,1.000,1.000,-90.00,180.00,-36.00,OPEN,0
672453.480,2,0,0,1.000,1.000,1.000,-90.00,180.00,-36.00,OPEN,0
672453.483,2,0,0,1.000,1.000,1.000,-90.00,180.00,-36.00,OPEN,0
672453.487,2,0,0,1.000,1.000,1.000,-90.00,180.00,-36.00,OPEN,0
672453.491,2,0,0,1.000,1.000,1.000,-90.00,180.00,-36.00,OPEN,0
672453.494,2,0,0,1.000,1.000,1.000,-90.00,180.00,-36.00,OPEN,0
672453.499,2,0,0,1.000,1.000,1.000,-90.00,180.00,-36.00,OPEN,0
672453.503,2,0,0,1.000,1.000,1.000,-90.00,180.00,-36.00,OPEN,0
672453.508,2,0,0,1.000,1.000,1.000,-90.00,180.00,-36.00,OPEN,0
672453.514,2,0,0,1.000,1.000,1.000,-90.00,180.00,-36.00,OPEN,0
672453.520,2,0,0,1.000,1.000,1.000,-90.00,180.00,-36.00,OPEN,0
672453.524,2,0,0,1.000,1.000,1.000,-90.00,180.00,-36.00,OPEN,0
672453.529,2,0,0,1.000,1.000,1.000,-90.00,180.00,-40.50,OPEN,1
672453.534,2,0,0,1.000,1.000,1.000,-90.00,180.00,-40.50,OPEN,0
672453.539,2,0,0,1.000,1.000,1.000,-90.00,180.00,-40.50,OPEN,0
672453.543,2,0,0,1.000,1.000,1.000,-90.00,180.00,-40.50,OPEN,0
672453.547,2,0,0,1.000,1.000,1.000,-90.00,180.00,-40.50,OPEN,0
672453.552,2,0,0,1.000,1.000,1.000,-90.00,180.00,-40.50,OPEN,0
672453.557,2,0,0,1.000,1.000,1.000,-90.00,180.00,-40.50,OPEN,0
672453.562,2,0,0,1.000,1.000,1.000,-90.00,180.00,-40.50,OPEN,0
672453.566,2,0,0,1.000,1.000,1.000,-90.00,180.00,-40.50,OPEN,0
672453.569,2,0,0,1.000,1.000,1.000,-90.00,180.00,-40.50,OPEN,0
672453.574,2,0,0,1.000,1.000,1.000,-90.00,180.00,-40.50,OPEN,0
672453.577,2,0,0,1.000,1.000,1.000,-90.00,180.00,-40.50,OPEN,0
672453.581,2,0,0,1.000,1.000,1.000,-90.00,180.00,-40.50,OPEN,0
672453.585,2,0,0,1.000,1.000,1.000,-90.00,180.00,-40.50,OPEN,0
672453.589,2,0,0,1.000,1.000,1.000,-90.00,180.00,-40.50,OPEN,0
672453.593,2,0,0,1.000,1.000,1.000,-90.00,180.00,-40.50,OPEN,0
672453.596,2,0,0,1.000,1.000,1.000,-90.00,180.00,-40.50,OPEN,0
672453.600,2,0,0,1.000,1.000,1.000,-90.00,180.00,-40.50,OPEN,0
672453.604,2,0,0,1.000,1.000,1.000,-90.00,180.00,-40.50,OPEN,0
672453.608,2,0,0,1.000,1.000,1.000,-90.00,180.00,-40.50,OPEN,0
672453.613,2,0,0,1.000,1.000,1.000,-90.00,180.00,-40.50,OPEN,0
672453.617,2,0,0,1.000,1.000,1.000,-90.00,180.00,-40.50,OPEN,0
672453.621,2,0,0,1.000,1.000,1.000,-90.00,180.00,-40.50,OPEN,0
672453.625,2,0,0,1.000,1.000,1.000,-90.00,180.00,-40.50,OPEN,0
672453.629,2,0,0,1.000,1.000,1.000,-90.00,180.00,-40.50,OPEN,0
672453.632,2,0,0,1.000,1.000,1.000,-90.00,180.00,-45.00,OPEN,1
672453.636,2,0,0,1.000,1.000,1.000,-90.00,180.00,-45.00,OPEN,0
672453.640,2,0,0,1.000,1.000,1.000,-90.00,180.00,-45.00,OPEN,0
672453.644,2,0,0,1.000,1.000,1.000,-90.00,180.00,-45.00,OPEN,0
672453.648,2,0,0,1.000,1.000,1.000,-90.00,180.00,-45.00,OPEN,0
672453.652,2,0,0,1.000,1.000,1.000,-90.00,180.00,-45.00,OPEN,0
672453.655,2,0,0,1.000,1.000,1.000,-90.00,180.00,-45.00,OPEN,0
672453.659,2,0,0,1.000,1.000,1.000,-90.00,180.00,-45.00,OPEN,0
672453.664,2,0,0,1.000,1.000,1.000,-90.00,180.00,-45.00,OPEN,0
672453.667,2,0,0,1.000,1.000,1.000,-90.00,180.00,-45.00,OPEN,0
672453.671,2,0,0,1.000,1.000,1.000,-90.00,180.00,-45.00,OPEN,0
672453.675,2,0,0,1.000,1.000,1.000,-90.00,180.00,-45.00,OPEN,0
672453.679,2,0,0,1.000,1.000,1.000,-90.00,180.00,-45.00,OPEN,0
672453.683,2,0,0,1.000,1.000,1.000,-90.00,180.00,-45.00,OPEN,0
672453.686,2,0,0,1.000,1.000,1.000,-90.00,180.00,-45.00,OPEN,0
672453.690,2,0,0,1.000,1.000,1.000,-90.00,180.00,-45.00,OPEN,0
672453.694,2,0,0,1.000,1.000,1.000,-90.00,180.00,-45.00,OPEN,0
672453.697,2,0,0,1.000,1.000,1.000,-90.00,180.00,-45.00,OPEN,0
672453.701,2,0,0,1.000,1.000,1.000,-90.00,180.00,-45.00,OPEN,0
672453.706,2,0,0,1.000,1.000,1.000,-90.00,180.00,-45.00,OPEN,0
672453.710,2,0,0,0.998,1.000,1.000,-90.00,180.00,-45.00,OPEN,0
672453.714,2,0,0,0.954,1.000,1.000,-90.00,180.00,-45.00,OPEN,0
672453.718,2,0,0,0.797,1.000,1.000,-90.00,180.00,-45.00,OPEN,0
672453.723,2,0,0,0.503,1.000,1.000,-90.00,180.00,-45.00,OPEN,0
672453.726,2,0,0,0.600,1.000,1.000,-90.00,180.00,-45.00,OPEN,0
672453.730,2,0,0,0.705,1.000,1.000,-90.00,180.00,-45.00,OPEN,0
672453.735,2,0,0,0.691,1.000,1.000,-90.00,180.00,-49.50,OPEN,1
672453.739,2,0,0,0.997,1.000,1.000,-90.00,180.00,-49.50,OPEN,0
672453.743,2,0,0,1.000,1.000,1.000,-90.00,180.00,-49.50,OPEN,0
672453.748,2,0,0,1.000,1.000,1.000,-90.00,180.00,-49.50,OPEN,0
672453.753,2,0,0,1.000,1.000,1.000,-90.00,180.00,-49.50,OPEN,0
672453.757,2,0,0,1.000,1.000,1.000,-90.00,180.00,-49.50,OPEN,0
672453.761,2,0,0,1.000,1.000,1.000,-90.00,180.00,-49.50,OPEN,0
672453.765,2,0,0,1.000,1.000,1.000,-90.00,180.00,-49.50,OPEN,0
672453.770,0,0,0,1.000,1.000,1.000,-90.00,180.00,-49.50,OPEN,0
672453.775,0,0,0,1.000,1.000,1.000,-90.00,180.00,-49.50,OPEN,0
672453.779,0,0,0,1.000,1.000,1.000,-90.00,180.00,-49.50,OPEN,0
672453.783,0,0,0,1.000,1.000,1.000,-90.00,180.00,-49.50,OPEN,0
672453.787,0,0,0,1.000,1.000,1.000,-90.00,180.00,-49.50,OPEN,0
672453.791,0,0,0,1.000,1.000,1.000,-90.00,180.00,-49.50,OPEN,0
672453.794,0,0,0,1.000,1.000,1.000,-90.00,180.00,-49.50,OPEN,0
672453.798,0,0,0,1.000,1.000,1.000,-90.00,180.00,-49.50,OPEN,0
672453.802,0,0,0,1.000,1.000,1.000,-90.00,180.00,-49.50,OPEN,0
672453.806,0,0,0,1.000,1.000,1.000,-90.00,180.00,-49.50,OPEN,0
672453.809,0,0,0,1.000,1.000,1.000,-90.00,180.00,-49.50,OPEN,0
672453.813,0,0,0,1.000,1.000,1.000,-90.00,180.00,-49.50,OPEN,0
672453.817,0,0,0,1.000,1.000,1.000,-90.00,180.00,-49.50,OPEN,0
672453.821,0,0,0,1.000,1.000,1.000,-90.00,180.00,-49.50,OPEN,0
672453.825,0,0,0,1.000,1.000,1.000,-90.00,180.00,-49.50,OPEN,0
672453.829,0,0,0,1.000,1.000,1.000,-90.00,180.00,-49.50,OPEN,0
672453.833,0,0,0,1.000,1.000,1.000,-90.00,180.00,-49.50,OPEN,0
672453.836,0,0,0,1.000,1.000,1.000,-90.00,180.00,-49.50,OPEN,0
672453.841,0,0,0,1.000,1.000,1.000,-90.00,180.00,-49.50,OPEN,0
672453.845,0,0,0,1.000,1.000,1.000,-90.00,180.00,-49.50,OPEN,0
672453.850,0,0,0,1.000,1.000,1.000,-90.00,180.00,-49.50,OPEN,0
672453.854,0,0,0,1.000,1.000,1.000,-90.00,180.00,-49.50,OPEN,0
672453.858,0,0,0,1.000,1.000,1.000,-90.00,180.00,-49.50,OPEN,0
672453.861,0,0,0,1.000,1.000,1.000,-90.00,180.00,-49.50,OPEN,0
672453.865,0,0,0,1.000,1.000,1.000,-90.00,180.00,-49.50,OPEN,0
672453.869,0,0,0,1.000,1.000,1.000,-90.00,180.00,-49.50,OPEN,0
672453.873,0,0,0,1.000,1.000,1.000,-90.00,180.00,-49.50,OPEN,0
672453.877,0,0,0,1.000,1.000,1.000,-90.00,180.00,-49.50,OPEN,0
672453.881,0,0,0,1.000,1.000,1.000,-90.00,180.00,-49.50,OPEN,0
672453.885,0,0,0,1.000,1.000,1.000,-90.00,180.00,-49.50,OPEN,0
672453.889,0,0,0,1.000,1.000,1.000,-90.00,180.00,-49.50,OPEN,0
672453.893,0,0,0,1.000,1.000,1.000,-90.00,180.00,-49.50,OPEN,0
672453.897,0,0,0,1.000,1.000,1.000,-90.00,180.00,-49.50,OPEN,0
672453.901,0,0,0,1.000,1.000,1.000,-90.00,180.00,-49.50,OPEN,0
672453.905,0,0,0,1.000,1.000,1.000,-90.00,180.00,-49.50,OPEN,0
672453.910,0,0,0,1.000,1.000,1.000,-90.00,180.00,-49.50,OPEN,0
672453.914,0,0,0,1.000,1.000,1.000,-90.00,180.00,-49.50,OPEN,0
672453.918,0,0,0,1.000,1.000,1.000,-90.00,180.00,-49.50,OPEN,0
672453.922,0,0,0,1.000,1.000,1.000,-90.00,180.00,-49.50,OPEN,0
672453.926,0,0,0,1.000,1.000,1.000,-90.00,180.00,-49.50,OPEN,0
672453.930,0,0,0,1.000,1.000,1.000,-90.00,180.00,-49.50,OPEN,0
672453.933,0,0,0,1.000,1.000,1.000,-90.00,180.00,-49.50,OPEN,0
672453.937,0,0,0,1.000,1.000,1.000,-90.00,180.00,-49.50,OPEN,0
672453.941,0,0,0,1.000,1.000,1.000,-90.00,180.00,-49.50,OPEN,0
672453.945,0,0,0,1.000,1.000,1.000,-90.00,180.00,-49.50,OPEN,0
672453.949,0,0,0,1.000,1.000,1.000,-90.00,180.00,-49.50,OPEN,0
672453.954,0,0,0,1.000,1.000,1.000,-90.00,180.00,-49.50,OPEN,0
672453.959,0,0,0,1.000,1.000,1.000,-90.00,180.00,-49.50,OPEN,0
672453.963,0,0,0,1.000,1.000,1.000,-90.00,180.00,-49.50,OPEN,0
672453.967,0,0,0,1.000,1.000,1.000,-90.00,180.00,-49.50,OPEN,0
672453.970,0,0,0,1.000,1.000,1.000,-90.00,180.00,-49.50,OPEN,0
672453.974,0,0,0,1.000,1.000,1.000,-90.00,180.00,-49.50,OPEN,0
672453.978,0,0,0,1.000,1.000,1.000,-90.00,180.00,-49.50,OPEN,0
672453.982,0,0,0,1.000,1.000,1.000,-90.00,180.00,-49.50,OPEN,0
672453.987,0,0,0,1.000,1.000,1.000,-90.00,180.00,-49.50,OPEN,0
672453.991,0,0,0,1.000,1.000,1.000,-90.00,180.00,-49.50,OPEN,0
672453.996,0,0,0,1.000,1.000,1.000,-90.00,180.00,-49.50,OPEN,0
672454.000,0,0,0,1.000,1.000,1.000,-90.00,180.00,-49.50,OPEN,0
672454.005,0,0,0,1.000,1.000,1.000,-90.00,180.00,-49.50,OPEN,0
672454.010,0,0,0,1.000,1.000,1.000,-90.00,180.00,-49.50,OPEN,0
672454.015,0,0,0,1.000,1.000,1.000,-90.00,180.00,-49.50,OPEN,0
672454.022,0,0,0,1.000,1.000,1.000,-90.00,180.00,-49.50,OPEN,0
672454.026,0,0,0,1.000,1.000,1.000,-90.00,180.00,-49.50,OPEN,0
672454.030,0,0,0,1.000,1.000,1.000,-90.00,180.00,-49.50,OPEN,0
672454.034,0,0,0,1.000,1.000,1.000,-90.00,180.00,-49.50,OPEN,0
672454.038,0,0,0,1.000,1.000,1.000,-90.00,180.00,-49.50,OPEN,0
672454.042,0,0,0,1.000,1.000,1.000,-90.00,180.00,-49.50,OPEN,0
672454.046,0,0,0,1.000,1.000,1.000,-90.00,180.00,-49.50,OPEN,0
672454.050,0,0,0,1.000,1.000,1.000,-90.00,180.00,-49.50,OPEN,0
672454.054,0,0,0,1.000,1.000,1.000,-90.00,180.00,-49.50,OPEN,0
672454.058,0,0,0,1.000,1.000,1.000,-90.00,180.00,-49.50,OPEN,0
672454.062,0,0,0,1.000,1.000,1.000,-90.00,180.00,-49.50,OPEN,0
672454.067,0,0,0,1.000,1.000,1.000,-90.00,180.00,-49.50,OPEN,0
672454.071,0,0,0,1.000,1.000,1.000,-90.00,180.00,-49.50,OPEN,0
672454.075,0,0,0,1.000,1.000,1.000,-90.00,180.00,-49.50,OPEN,0
672454.079,0,0,0,1.000,1.000,1.000,-90.00,180.00,-49.50,OPEN,0
672454.083,0,0,0,1.000,1.000,1.000,-90.00,180.00,-49.50,OPEN,0
672454.087,0,0,0,1.000,1.000,1.000,-90.00,180.00,-49.50,OPEN,0
672454.091,0,0,0,1.000,1.000,1.000,-90.00,180.00,-49.50,OPEN,0
672454.095,0,0,0,1.000,1.000,1.000,-90.00,180.00,-49.50,OPEN,0
672454.099,0,0,0,1.000,1.000,1.000,-90.00,180.00,-49.50,OPEN,0
672454.104,0,0,0,1.000,1.000,1.000,-90.00,180.00,-49.50,OPEN,0
672454.108,0,0,0,1.000,1.000,1.000,-90.00,180.00,-49.50,OPEN,0
672454.112,0,0,0,1.000,1.000,1.000,-90.00,180.00,-49.50,OPEN,0
672454.116,0,0,0,1.000,1.000,1.000,-90.00,180.00,-49.50,OPEN,0
672454.120,0,0,0,1.000,1.000,1.000,-90.00,180.00,-49.50,OPEN,0
672454.124,0,0,0,1.000,1.000,1.000,-90.00,180.00,-49.50,OPEN,0
672454.129,0,0,0,1.000,1.000,1.000,-90.00,180.00,-49.50,OPEN,0
672454.133,0,0,0,1.000,1.000,1.000,-90.00,180.00,-49.50,OPEN,0
672454.137,0,0,0,1.000,1.000,1.000,-90.00,180.00,-49.50,OPEN,0
672454.141,0,0,0,1.000,1.000,1.000,-90.00,180.00,-49.50,OPEN,0
672454.145,0,0,0,1.000,1.000,1.000,-90.00,180.00,-49.50,OPEN,0
672454.149,0,0,0,1.000,1.000,1.000,-90.00,180.00,-49.50,OPEN,0
672454.152,0,0,0,1.000,1.000,1.000,-90.00,180.00,-49.50,OPEN,0
672454.156,0,0,0,1.000,1.000,1.000,-90.00,180.00,-49.50,OPEN,0
672454.160,0,0,0,1.000,1.000,1.000,-90.00,180.00,-49.50,OPEN,0
672454.165,0,0,0,1.000,1.000,1.000,-90.00,180.00,-49.50,OPEN,0
672454.169,0,0,0,1.000,1.000,1.000,-90.00,180.00,-49.50,OPEN,0
672454.175,0,0,0,1.000,1.000,1.000,-90.00,180.00,-49.50,OPEN,0
672454.180,0,0,0,1.000,1.000,1.000,-90.00,180.00,-49.50,OPEN,0
672454.185,0,0,0,1.000,1.000,1.000,-90.00,180.00,-49.50,OPEN,0
672454.189,0,0,0,1.000,1.000,1.000,-90.00,180.00,-49.50,OPEN,0
672454.194,0,0,0,1.000,1.000,1.000,-90.00,180.00,-49.50,OPEN,0
672454.200,0,0,0,1.000,1.000,1.000,-90.00,180.00,-49.50,OPEN,0
672454.204,0,0,0,1.000,1.000,1.000,-90.00,180.00,-49.50,OPEN,0
672454.208,0,0,0,1.000,1.000,1.000,-90.00,180.00,-49.50,OPEN,0
672454.212,0,0,0,1.000,1.000,1.000,-90.00,180.00,-49.50,OPEN,0
672454.216,0,0,0,1.000,1.000,1.000,-90.00,180.00,-49.50,OPEN,0
672454.220,0,0,0,1.000,1.000,1.000,-90.00,180.00,-49.50,OPEN,0
672454.224,0,0,0,1.000,1.000,1.000,-90.00,180.00,-49.50,OPEN,0
672454.228,0,0,0,1.000,1.000,1.000,-90.00,180.00,-49.50,OPEN,0
672454.232,0,0,0,1.000,1.000,1.000,-90.00,180.00,-49.50,OPEN,0
672454.236,0,0,0,1.000,1.000,1.000,-90.00,180.00,-49.50,OPEN,0
672454.240,0,0,0,1.000,1.000,1.000,-90.00,180.00,-49.50,OPEN,0
672454.244,0,0,0,1.000,1.000,1.000,-90.00,180.00,-49.50,OPEN,0
672454.248,0,0,0,1.000,1.000,1.000,-90.00,180.00,-49.50,OPEN,0
672454.252,0,0,0,1.000,1.000,1.000,-90.00,180.00,-49.50,OPEN,0
672454.256,0,0,0,1.000,1.000,1.000,-90.00,180.00,-49.50,OPEN,0
672454.260,0,0,0,1.000,1.000,1.000,-90.00,180.00,-49.50,OPEN,0
672454.264,0,0,0,1.000,1.000,1.000,-90.00,180.00,-49.50,OPEN,0
672454.268,0,0,0,1.000,1.000,1.000,-90.00,180.00,-49.50,OPEN,0
672454.272,0,0,0,1.000,1.000,1.000,-90.00,180.00,-49.50,OPEN,0
672454.276,0,0,0,1.000,1.000,1.000,-90.00,180.00,-49.50,OPEN,0
672454.280,0,0,0,1.000,1.000,1.000,-90.00,180.00,-49.50,OPEN,0
672454.284,0,0,0,1.000,1.000,1.000,-90.00,180.00,-49.50,OPEN,0
672454.289,0,0,0,1.000,1.000,1.000,-90.00,180.00,-49.50,OPEN,0
672454.292,0,0,0,1.000,1.000,1.000,-90.00,180.00,-49.50,OPEN,0
672454.297,0,0,0,1.000,1.000,1.000,-90.00,180.00,-49.50,OPEN,0
672454.302,0,0,0,1.000,1.000,1.000,-90.00,180.00,-49.50,OPEN,0
672454.306,0,0,0,1.000,1.000,1.000,-90.00,180.00,-49.50,OPEN,0
672454.310,0,0,0,1.000,1.000,1.000,-90.00,180.00,-49.50,OPEN,0
672454.314,0,0,0,1.000,1.000,1.000,-90.00,180.00,-49.50,OPEN,0
672454.319,0,0,0,1.000,1.000,1.000,-90.00,180.00,-49.50,OPEN,0
672454.324,0,0,0,1.000,1.000,1.000,-90.00,180.00,-49.50,OPEN,0
672454.329,0,0,0,1.000,1.000,1.000,-90.00,180.00,-49.50,OPEN,0
672454.333,0,0,0,0.987,1.000,1.000,-90.00,180.00,-49.50,OPEN,0
672454.337,0,0,0,0.852,1.000,1.000,-90.00,180.00,-49.50,OPEN,0
672454.340,0,0,0,0.620,1.000,1.000,-90.00,180.00,-49.50,OPEN,0
672454.344,0,0,0,0.847,1.000,1.000,-90.00,180.00,-49.50,OPEN,0
672454.348,0,0,0,0.931,1.000,1.000,-90.00,180.00,-49.50,OPEN,0
672454.352,0,0,0,0.976,1.000,1.000,-90.00,180.00,-49.50,OPEN,0
672454.356,0,0,0,0.994,1.000,1.000,-90.00,180.00,-49.50,OPEN,0
672454.360,0,0,0,0.998,1.000,1.000,-90.00,180.00,-49.50,OPEN,0
672454.363,0,0,0,1.000,1.000,1.000,-90.00,180.00,-49.50,OPEN,0
672454.368,0,0,0,1.000,1.000,1.000,-90.00,180.00,-49.50,OPEN,0
672454.372,3,0,0,1.000,1.000,1.000,-90.00,180.00,-49.50,CLOSED,0
672454.375,3,0,0,1.000,1.000,1.000,-90.00,180.00,-49.50,CLOSED,0
672454.379,3,0,0,1.000,1.000,1.000,-90.00,180.00,-49.50,CLOSED,0
672454.384,3,0,0,1.000,1.000,1.000,-90.00,180.00,-49.50,CLOSED,0
672454.387,3,0,0,1.000,1.000,1.000,-90.00,180.00,-49.50,CLOSED,0
672454.391,3,0,0,1.000,1.000,1.000,-90.00,180.00,-49.50,CLOSED,0
672454.395,3,0,0,1.000,1.000,1.000,-90.00,180.00,-49.50,CLOSED,0
672454.399,3,0,0,1.000,1.000,1.000,-90.00,180.00,-49.50,CLOSED,0
672454.403,3,0,0,1.000,1.000,1.000,-90.00,180.00,-49.50,CLOSED,0
672454.408,3,0,0,1.000,1.000,1.000,-90.00,180.00,-49.50,CLOSED,0
672454.413,3,0,0,1.000,1.000,1.000,-90.00,180.00,-49.50,CLOSED,0
672454.417,3,0,0,1.000,1.000,1.000,-90.00,180.00,-49.50,CLOSED,0
672454.421,3,0,0,1.000,1.000,1.000,-90.00,180.00,-49.50,CLOSED,0
672454.425,3,0,0,1.000,1.000,1.000,-90.00,180.00,-49.50,CLOSED,0
672454.429,3,0,0,1.000,1.000,1.000,-90.00,180.00,-49.50,CLOSED,0
672454.432,3,0,0,1.000,1.000,1.000,-90.00,180.00,-49.50,CLOSED,0
672454.436,3,0,0,1.000,1.000,1.000,-90.00,180.00,-49.50,CLOSED,0
672454.439,3,0,0,1.000,1.000,1.000,-90.00,180.00,-49.50,CLOSED,0
672454.443,3,0,0,1.000,1.000,1.000,-90.00,180.00,-49.50,CLOSED,0
672454.447,3,0,0,1.000,1.000,1.000,-90.00,180.00,-49.50,CLOSED,0
672454.451,3,0,0,1.000,1.000,1.000,-90.00,180.00,-49.50,CLOSED,0
672454.455,3,0,0,1.000,1.000,1.000,-90.00,180.00,-49.50,CLOSED,0
672454.459,3,0,0,1.000,1.000,1.000,-90.00,180.00,-49.50,CLOSED,0
672454.463,3,0,0,1.000,1.000,1.000,-90.00,180.00,-49.50,CLOSED,0
672454.467,3,0,0,1.000,1.000,1.000,-90.00,180.00,-49.50,CLOSED,0
672454.471,3,0,0,1.000,1.000,1.000,-90.00,180.00,-49.50,CLOSED,0
672454.475,3,0,0,1.000,1.000,1.000,-90.00,180.00,-49.50,CLOSED,0
672454.479,3,0,0,1.000,1.000,1.000,-90.00,180.00,-49.50,CLOSED,0
672454.483,3,0,0,1.000,1.000,1.000,-90.00,180.00,-49.50,CLOSED,0
672454.487,3,0,0,1.000,1.000,1.000,-90.00,180.00,-49.50,CLOSED,0
672454.491,3,0,0,1.000,1.000,1.000,-90.00,180.00,-49.50,CLOSED,0
672454.495,3,0,0,1.000,1.000,1.000,-90.00,180.00,-49.50,CLOSED,0
672454.499,3,0,0,1.000,1.000,1.000,-90.00,180.00,-49.50,CLOSED,0
672454.503,3,0,0,1.000,1.000,1.000,-90.00,180.00,-49.50,CLOSED,0
672454.507,3,0,0,1.000,1.000,1.000,-90.00,180.00,-49.50,CLOSED,0
672454.511,3,0,0,1.000,1.000,1.000,-90.00,180.00,-49.50,CLOSED,0
672454.516,3,0,0,1.000,1.000,1.000,-90.00,180.00,-49.50,CLOSED,0
672454.522,3,0,0,1.000,1.000,1.000,-90.00,180.00,-49.50,CLOSED,0
672454.525,3,0,0,1.000,1.000,1.000,-90.00,180.00,-49.50,CLOSED,0
672454.529,3,0,0,1.000,1.000,1.000,-90.00,180.00,-49.50,CLOSED,0
672454.533,3,0,0,1.000,1.000,1.000,-90.00,180.00,-49.50,CLOSED,0
672454.536,3,0,0,1.000,1.000,1.000,-90.00,180.00,-49.50,CLOSED,0
672454.540,3,0,0,1.000,1.000,1.000,-90.00,180.00,-49.50,CLOSED,0
672454.545,3,0,0,1.000,1.000,1.000,-90.00,180.00,-49.50,CLOSED,0
672454.550,3,0,0,1.000,1.000,1.000,-90.00,180.00,-49.50,CLOSED,0
672454.555,3,0,0,1.000,1.000,1.000,-90.00,180.00,-49.50,CLOSED,0
672454.559,3,0,0,1.000,1.000,1.000,-90.00,180.00,-49.50,CLOSED,0
672454.564,3,0,0,1.000,1.000,1.000,-90.00,180.00,-49.50,CLOSED,0
672454.568,3,0,0,1.000,1.000,1.000,-90.00,180.00,-49.50,CLOSED,0
672454.572,3,0,0,1.000,1.000,1.000,-90.00,180.00,-49.50,CLOSED,0
672454.576,3,0,0,1.000,1.000,1.000,-90.00,180.00,-49.50,CLOSED,0
672454.580,3,0,0,1.000,1.000,1.000,-90.00,180.00,-49.50,CLOSED,0
672454.584,3,0,0,1.000,1.000,1.000,-90.00,180.00,-49.50,CLOSED,0
672454.588,3,0,0,1.000,1.000,1.000,-90.00,180.00,-49.50,CLOSED,0
672454.592,3,0,0,1.000,1.000,1.000,-90.00,180.00,-49.50,CLOSED,0
672454.596,3,0,0,1.000,1.000,1.000,-90.00,180.00,-49.50,CLOSED,0
672454.600,3,0,0,1.000,1.000,1.000,-90.00,180.00,-49.50,CLOSED,0
672454.604,3,0,0,1.000,1.000,1.000,-90.00,180.00,-49.50,CLOSED,0
672454.608,3,0,0,1.000,1.000,1.000,-90.00,180.00,-49.50,CLOSED,0
672454.611,3,0,0,1.000,1.000,1.000,-90.00,180.00,-49.50,CLOSED,0
672454.615,3,0,0,1.000,1.000,1.000,-90.00,180.00,-49.50,CLOSED,0
672454.619,3,0,0,1.000,1.000,1.000,-90.00,180.00,-49.50,CLOSED,0
672454.627,3,0,0,1.000,1.000,1.000,-90.00,180.00,-49.50,CLOSED,0
672454.640,3,0,0,1.000,1.000,1.000,-90.00,180.00,-49.50,CLOSED,0
672454.656,3,0,0,1.000,1.000,1.000,-90.00,180.00,-49.50,CLOSED,0
672454.667,3,0,0,1.000,1.000,1.000,-90.00,180.00,-49.50,CLOSED,0
672454.675,3,0,0,1.000,1.000,1.000,-90.00,180.00,-49.50,CLOSED,0
672454.682,3,0,0,1.000,1.000,1.000,-90.00,180.00,-49.50,CLOSED,0
672454.689,3,0,0,1.000,1.000,1.000,-90.00,180.00,-49.50,CLOSED,0
672454.694,3,0,0,1.000,1.000,1.000,-90.00,180.00,-49.50,CLOSED,0
672454.699,3,0,0,1.000,1.000,1.000,-90.00,180.00,-49.50,CLOSED,0
672454.704,3,0,0,1.000,1.000,1.000,-90.00,180.00,-49.50,CLOSED,0
672454.708,3,0,0,1.000,1.000,1.000,-90.00,180.00,-49.50,CLOSED,0
672454.712,3,0,0,1.000,1.000,1.000,-90.00,180.00,-49.50,CLOSED,0
672454.715,3,0,0,1.000,1.000,1.000,-90.00,180.00,-49.50,CLOSED,0
672454.719,3,0,0,1.000,1.000,1.000,-90.00,180.00,-49.50,CLOSED,0
672454.723,3,0,0,1.000,1.000,1.000,-90.00,180.00,-49.50,CLOSED,0
672454.727,3,0,0,1.000,1.000,1.000,-90.00,180.00,-49.50,CLOSED,0
672454.731,3,0,0,1.000,1.000,1.000,-90.00,180.00,-49.50,CLOSED,0
672454.734,3,0,0,1.000,1.000,1.000,-90.00,180.00,-49.50,CLOSED,0
672454.738,3,0,0,1.000,1.000,1.000,-90.00,180.00,-49.50,CLOSED,0
672454.742,3,0,0,1.000,1.000,1.000,-90.00,180.00,-49.50,CLOSED,0
672454.745,3,0,0,1.000,1.000,1.000,-90.00,180.00,-49.50,CLOSED,0
672454.750,3,0,0,1.000,1.000,1.000,-90.00,180.00,-49.50,CLOSED,0
672454.755,3,0,0,1.000,1.000,1.000,-90.00,180.00,-49.50,CLOSED,0
672454.759,3,0,0,1.000,1.000,1.000,-90.00,180.00,-49.50,CLOSED,0
672454.764,3,0,0,1.000,1.000,1.000,-90.00,180.00,-49.50,CLOSED,0
672454.769,3,0,0,1.000,1.000,1.000,-90.00,180.00,-49.50,CLOSED,0
672454.774,3,0,0,1.000,1.000,1.000,-90.00,180.00,-49.50,CLOSED,0
672454.779,3,0,0,1.000,1.000,1.000,-90.00,180.00,-49.50,CLOSED,0
672454.784,3,0,0,1.000,1.000,1.000,-90.00,180.00,-49.50,CLOSED,0
672454.788,3,0,0,1.000,1.000,1.000,-90.00,180.00,-49.50,CLOSED,0
672454.793,3,0,0,1.000,1.000,1.000,-90.00,180.00,-49.50,CLOSED,0
672454.796,3,0,0,1.000,1.000,1.000,-90.00,180.00,-49.50,CLOSED,0
672454.800,3,0,0,1.000,1.000,1.000,-90.00,180.00,-49.50,CLOSED,0
672454.804,3,0,0,1.000,1.000,1.000,-90.00,180.00,-49.50,CLOSED,0
672454.808,3,0,0,1.000,1.000,1.000,-90.00,180.00,-49.50,CLOSED,0
672454.812,3,0,0,1.000,1.000,1.000,-90.00,180.00,-49.50,CLOSED,0
672454.816,3,0,0,1.000,1.000,1.000,-90.00,180.00,-49.50,CLOSED,0
672454.820,3,0,0,1.000,1.000,1.000,-90.00,180.00,-49.50,CLOSED,0
672454.824,3,0,0,1.000,1.000,1.000,-90.00,180.00,-49.50,CLOSED,0
672454.828,3,0,0,1.000,1.000,1.000,-90.00,180.00,-49.50,CLOSED,0
672454.832,3,0,0,1.000,1.000,1.000,-90.00,180.00,-49.50,CLOSED,0
672454.837,3,0,0,1.000,1.000,1.000,-90.00,180.00,-49.50,CLOSED,0
672454.841,3,0,0,1.000,1.000,1.000,-90.00,180.00,-49.50,CLOSED,0
672454.846,3,0,0,1.000,1.000,1.000,-90.00,180.00,-49.50,CLOSED,0
672454.850,3,0,0,1.000,1.000,1.000,-90.00,180.00,-49.50,CLOSED,0
672454.854,3,0,0,1.000,1.000,1.000,-90.00,180.00,-49.50,CLOSED,0
672454.858,3,0,0,1.000,1.000,1.000,-90.00,180.00,-49.50,CLOSED,0
672454.862,3,0,0,1.000,1.000,1.000,-90.00,180.00,-49.50,CLOSED,0
672454.866,3,0,0,1.000,1.000,1.000,-90.00,180.00,-49.50,CLOSED,0
672454.871,3,0,0,1.000,1.000,1.000,-90.00,180.00,-49.50,CLOSED,0
672454.875,3,0,0,1.000,1.000,1.000,-90.00,180.00,-49.50,CLOSED,0
672454.879,3,0,0,1.000,1.000,1.000,-90.00,180.00,-49.50,CLOSED,0
672454.883,3,0,0,1.000,1.000,1.000,-90.00,180.00,-49.50,CLOSED,0
672454.887,3,0,0,1.000,1.000,1.000,-90.00,180.00,-49.50,CLOSED,0
672454.890,3,0,0,1.000,1.000,1.000,-90.00,180.00,-49.50,CLOSED,0
672454.894,3,0,0,1.000,1.000,1.000,-90.00,180.00,-49.50,CLOSED,0
672454.898,3,0,0,0.998,1.000,1.000,-90.00,180.00,-49.50,CLOSED,0
672454.902,3,0,0,0.589,1.000,1.000,-90.00,180.00,-49.50,CLOSED,0
672454.906,3,0,0,1.000,1.000,1.000,-90.00,180.00,-49.50,CLOSED,0
672454.910,3,0,0,1.000,1.000,1.000,-90.00,180.00,-49.50,CLOSED,0
672454.914,3,0,0,1.000,1.000,1.000,-90.00,180.00,-49.50,CLOSED,0
672454.918,3,0,0,1.000,1.000,1.000,-90.00,180.00,-49.50,CLOSED,0
672454.922,3,0,0,1.000,1.000,1.000,-90.00,180.00,-49.50,CLOSED,0
672454.927,3,0,0,1.000,1.000,1.000,-90.00,180.00,-49.50,CLOSED,0
672454.931,3,0,0,1.000,1.000,1.000,-90.00,180.00,-49.50,CLOSED,0
672454.935,0,0,0,1.000,1.000,1.000,-90.00,180.00,-49.50,CLOSED,0
672454.939,0,0,0,1.000,1.000,1.000,-90.00,180.00,-49.50,CLOSED,0
672454.944,0,0,0,1.000,1.000,1.000,-90.00,180.00,-49.50,CLOSED,0
672454.947,0,0,0,1.000,1.000,1.000,-90.00,180.00,-49.50,CLOSED,0
672454.951,0,0,0,1.000,1.000,1.000,-90.00,180.00,-49.50,CLOSED,0
672454.955,0,0,0,1.000,1.000,1.000,-90.00,180.00,-49.50,CLOSED,0
672454.959,0,0,0,1.000,1.000,1.000,-90.00,180.00,-49.50,CLOSED,0
672454.963,0,0,0,1.000,1.000,1.000,-90.00,180.00,-49.50,CLOSED,0
672454.967,0,0,0,1.000,1.000,1.000,-90.00,180.00,-49.50,CLOSED,0
672454.972,0,0,0,1.000,1.000,1.000,-90.00,180.00,-49.50,CLOSED,0
672454.977,0,0,0,1.000,1.000,1.000,-90.00,180.00,-49.50,CLOSED,0
672454.981,0,0,0,1.000,1.000,1.000,-90.00,180.00,-49.50,CLOSED,0
672454.985,0,0,0,1.000,1.000,1.000,-90.00,180.00,-49.50,CLOSED,0
672454.988,0,0,0,1.000,1.000,1.000,-90.00,180.00,-49.50,CLOSED,0
672454.992,0,0,0,0.999,1.000,1.000,-90.00,180.00,-49.50,CLOSED,0
672454.996,0,0,0,1.000,1.000,1.000,-90.00,180.00,-49.50,CLOSED,0
672455.000,0,0,0,1.000,1.000,1.000,-90.00,180.00,-49.50,CLOSED,0
672455.004,0,0,0,1.000,1.000,1.000,-90.00,180.00,-49.50,CLOSED,0
672455.007,0,0,0,1.000,1.000,1.000,-90.00,180.00,-49.50,CLOSED,0
672455.012,0,0,0,1.000,1.000,1.000,-90.00,180.00,-49.50,CLOSED,0
672455.016,0,0,0,1.000,1.000,1.000,-90.00,180.00,-49.50,CLOSED,0
672455.020,0,0,0,1.000,1.000,1.000,-90.00,180.00,-49.50,CLOSED,0
672455.025,0,0,0,1.000,1.000,1.000,-90.00,180.00,-49.50,CLOSED,0
672455.029,0,0,0,1.000,1.000,1.000,-90.00,180.00,-49.50,CLOSED,0
672455.033,0,0,0,1.000,1.000,1.000,-90.00,180.00,-49.50,CLOSED,0
672455.038,0,0,0,1.000,1.000,1.000,-90.00,180.00,-49.50,CLOSED,0
672455.042,0,0,0,1.000,1.000,1.000,-90.00,180.00,-49.50,CLOSED,0
672455.047,0,0,0,1.000,1.000,1.000,-90.00,180.00,-49.50,CLOSED,0
672455.052,0,0,0,1.000,1.000,1.000,-90.00,180.00,-49.50,CLOSED,0
672455.057,0,0,0,1.000,1.000,1.000,-90.00,180.00,-49.50,CLOSED,0
672455.062,0,0,0,1.000,1.000,1.000,-90.00,180.00,-49.50,CLOSED,0
672455.069,0,0,0,1.000,1.000,1.000,-90.00,180.00,-49.50,CLOSED,0
672455.074,0,0,0,1.000,1.000,1.000,-90.00,180.00,-49.50,CLOSED,0
672455.077,0,0,0,1.000,1.000,1.000,-90.00,180.00,-49.50,CLOSED,0
672455.081,0,0,0,1.000,1.000,1.000,-90.00,180.00,-49.50,CLOSED,0
672455.085,0,0,0,1.000,1.000,1.000,-90.00,180.00,-49.50,CLOSED,0
672455.089,0,0,0,1.000,1.000,1.000,-90.00,180.00,-49.50,CLOSED,0
672455.092,0,0,0,1.000,1.000,1.000,-90.00,180.00,-49.50,CLOSED,0
672455.097,0,0,0,1.000,1.000,1.000,-90.00,180.00,-49.50,CLOSED,0
672455.100,0,0,0,1.000,1.000,1.000,-90.00,180.00,-49.50,CLOSED,0
672455.105,0,0,0,1.000,1.000,1.000,-90.00,180.00,-49.50,CLOSED,0
672455.110,0,0,0,1.000,1.000,1.000,-90.00,180.00,-49.50,CLOSED,0
672455.116,0,0,0,1.000,1.000,1.000,-90.00,180.00,-49.50,CLOSED,0
672455.122,0,0,0,1.000,1.000,1.000,-90.00,180.00,-49.50,CLOSED,0
672455.127,0,0,0,1.000,1.000,1.000,-90.00,180.00,-49.50,CLOSED,0
672455.132,0,0,0,1.000,1.000,1.000,-90.00,180.00,-49.50,CLOSED,0
672455.137,0,0,0,1.000,1.000,1.000,-90.00,180.00,-49.50,CLOSED,0
672455.141,0,0,0,1.000,1.000,1.000,-90.00,180.00,-49.50,CLOSED,0
672455.146,0,0,0,1.000,1.000,1.000,-90.00,180.00,-49.50,CLOSED,0
672455.150,0,0,0,1.000,1.000,1.000,-90.00,180.00,-49.50,CLOSED,0
672455.154,0,0,0,1.000,1.000,1.000,-90.00,180.00,-49.50,CLOSED,0
672455.157,0,0,0,1.000,1.000,1.000,-90.00,180.00,-49.50,CLOSED,0
672455.161,0,0,0,1.000,1.000,1.000,-90.00,180.00,-49.50,CLOSED,0
672455.165,0,0,0,1.000,1.000,1.000,-90.00,180.00,-49.50,CLOSED,0
672455.169,0,0,0,1.000,1.000,1.000,-90.00,180.00,-49.50,CLOSED,0
672455.174,0,0,0,1.000,1.000,1.000,-90.00,180.00,-49.50,CLOSED,0
672455.178,0,0,0,1.000,1.000,1.000,-90.00,180.00,-49.50,CLOSED,0
672455.183,0,0,0,1.000,1.000,1.000,-90.00,180.00,-49.50,CLOSED,0
672455.190,0,0,0,1.000,1.000,1.000,-90.00,180.00,-49.50,CLOSED,0
672455.200,0,0,0,1.000,1.000,1.000,-90.00,180.00,-49.50,CLOSED,0
672455.209,0,0,0,1.000,1.000,1.000,-90.00,180.00,-49.50,CLOSED,0
672455.216,0,0,0,1.000,1.000,1.000,-90.00,180.00,-49.50,CLOSED,0
672455.222,0,0,0,1.000,1.000,1.000,-90.00,180.00,-49.50,CLOSED,0
672455.227,0,0,0,1.000,1.000,1.000,-90.00,180.00,-49.50,CLOSED,0
672455.232,0,0,0,1.000,1.000,1.000,-90.00,180.00,-49.50,CLOSED,0
672455.237,0,0,0,1.000,1.000,1.000,-90.00,180.00,-49.50,CLOSED,0
672455.242,0,0,0,1.000,1.000,1.000,-90.00,180.00,-49.50,CLOSED,0
672455.247,0,0,0,1.000,1.000,1.000,-90.00,180.00,-49.50,CLOSED,0
672455.251,0,0,0,1.000,1.000,1.000,-90.00,180.00,-49.50,CLOSED,0
672455.255,0,0,0,1.000,1.000,1.000,-90.00,180.00,-49.50,CLOSED,0
672455.259,0,0,0,1.000,1.000,1.000,-90.00,180.00,-49.50,CLOSED,0
672455.263,0,0,0,1.000,1.000,1.000,-90.00,180.00,-49.50,CLOSED,0
672455.266,0,0,0,1.000,1.000,1.000,-90.00,180.00,-49.50,CLOSED,0
672455.270,0,0,0,1.000,1.000,1.000,-90.00,180.00,-49.50,CLOSED,0
672455.274,0,0,0,1.000,1.000,1.000,-90.00,180.00,-49.50,CLOSED,0
672455.278,0,0,0,1.000,1.000,1.000,-90.00,180.00,-49.50,CLOSED,0
672455.281,0,0,0,1.000,1.000,1.000,-90.00,180.00,-49.50,CLOSED,0
672455.285,0,0,0,1.000,1.000,1.000,-90.00,180.00,-49.50,CLOSED,0
672455.290,0,0,0,1.000,1.000,1.000,-90.00,180.00,-49.50,CLOSED,0
672455.294,0,0,0,1.000,1.000,1.000,-90.00,180.00,-49.50,CLOSED,0
672455.298,0,0,0,1.000,1.000,1.000,-90.00,180.00,-49.50,CLOSED,0
672455.303,0,0,0,1.000,1.000,1.000,-90.00,180.00,-49.50,CLOSED,0
672455.307,0,0,0,1.000,1.000,1.000,-90.00,180.00,-49.50,CLOSED,0
672455.311,0,0,0,1.000,1.000,1.000,-90.00,180.00,-49.50,CLOSED,0
672455.315,0,0,0,1.000,1.000,1.000,-90.00,180.00,-49.50,CLOSED,0
672455.321,0,0,0,1.000,1.000,1.000,-90.00,180.00,-49.50,CLOSED,0
672455.325,0,0,0,1.000,1.000,1.000,-90.00,180.00,-49.50,CLOSED,0
672455.329,0,0,0,1.000,1.000,1.000,-90.00,180.00,-49.50,CLOSED,0
672455.334,0,0,0,1.000,1.000,1.000,-90.00,180.00,-49.50,CLOSED,0
672455.338,0,0,0,1.000,1.000,1.000,-90.00,180.00,-49.50,CLOSED,0
672455.342,0,0,0,1.000,1.000,1.000,-90.00,180.00,-49.50,CLOSED,0
672455.346,0,0,0,1.000,1.000,1.000,-90.00,180.00,-49.50,CLOSED,0
672455.350,0,0,0,1.000,1.000,1.000,-90.00,180.00,-49.50,CLOSED,0
672455.354,0,0,0,1.000,1.000,1.000,-90.00,180.00,-49.50,CLOSED,0
672455.358,0,0,0,1.000,1.000,1.000,-90.00,180.00,-49.50,CLOSED,0
672455.362,0,0,0,1.000,1.000,1.000,-90.00,180.00,-49.50,CLOSED,0
672455.366,0,0,0,1.000,1.000,1.000,-90.00,180.00,-49.50,CLOSED,0
672455.369,0,0,0,1.000,1.000,1.000,-90.00,180.00,-49.50,CLOSED,0
672455.373,0,0,0,1.000,1.000,1.000,-90.00,180.00,-49.50,CLOSED,0
672455.377,0,0,0,1.000,1.000,1.000,-90.00,180.00,-49.50,CLOSED,0
672455.380,0,0,0,1.000,1.000,1.000,-90.00,180.00,-49.50,CLOSED,0
672455.384,0,0,0,1.000,1.000,1.000,-90.00,180.00,-49.50,CLOSED,0
672455.388,0,0,0,1.000,1.000,1.000,-90.00,180.00,-49.50,CLOSED,0
672455.392,0,0,0,1.000,1.000,1.000,-90.00,180.00,-49.50,CLOSED,0
672455.396,0,0,0,1.000,1.000,1.000,-90.00,180.00,-49.50,CLOSED,0
672455.400,0,0,0,1.000,1.000,1.000,-90.00,180.00,-49.50,CLOSED,0
672455.406,0,0,0,1.000,1.000,1.000,-90.00,180.00,-49.50,CLOSED,0
672455.410,0,0,0,1.000,1.000,1.000,-90.00,180.00,-49.50,CLOSED,0
672455.414,0,0,0,1.000,1.000,1.000,-90.00,180.00,-49.50,CLOSED,0
672455.418,0,0,0,1.000,1.000,1.000,-90.00,180.00,-49.50,CLOSED,0
672455.421,0,0,0,1.000,1.000,1.000,-90.00,180.00,-49.50,CLOSED,0
672455.425,0,0,0,1.000,1.000,1.000,-90.00,180.00,-49.50,CLOSED,0
672455.429,0,0,0,1.000,1.000,1.000,-90.00,180.00,-49.50,CLOSED,0
672455.434,0,0,0,1.000,1.000,1.000,-90.00,180.00,-49.50,CLOSED,0
672455.439,0,0,0,1.000,1.000,1.000,-90.00,180.00,-49.50,CLOSED,0
672455.444,0,0,0,1.000,1.000,1.000,-90.00,180.00,-49.50,CLOSED,0
672455.448,0,0,0,1.000,1.000,1.000,-90.00,180.00,-49.50,CLOSED,0
672455.452,0,0,0,1.000,1.000,1.000,-90.00,180.00,-49.50,CLOSED,0
672455.456,0,0,0,1.000,1.000,1.000,-90.00,180.00,-49.50,CLOSED,0
672455.460,0,0,0,1.000,1.000,1.000,-90.00,180.00,-49.50,CLOSED,0
672455.464,0,0,0,1.000,1.000,1.000,-90.00,180.00,-49.50,CLOSED,0
672455.468,0,0,0,1.000,1.000,1.000,-90.00,180.00,-49.50,CLOSED,0
672455.472,0,0,0,1.000,1.000,1.000,-90.00,180.00,-49.50,CLOSED,0
672455.476,0,0,0,1.000,1.000,1.000,-90.00,180.00,-49.50,CLOSED,0
672455.480,0,0,0,1.000,1.000,1.000,-90.00,180.00,-49.50,CLOSED,0
672455.483,0,0,0,1.000,1.000,1.000,-90.00,180.00,-49.50,CLOSED,0
672455.487,0,0,0,1.000,1.000,1.000,-90.00,180.00,-49.50,CLOSED,0
672455.491,0,0,0,1.000,1.000,1.000,-90.00,180.00,-49.50,CLOSED,0
672455.495,0,0,0,1.000,1.000,1.000,-90.00,180.00,-49.50,CLOSED,0
672455.499,0,0,0,1.000,1.000,1.000,-90.00,180.00,-49.50,CLOSED,0
672455.503,0,0,0,1.000,1.000,1.000,-90.00,180.00,-49.50,CLOSED,0
672455.507,0,0,0,1.000,1.000,1.000,-90.00,180.00,-49.50,CLOSED,0
672455.510,0,0,0,1.000,1.000,1.000,-90.00,180.00,-49.50,CLOSED,0
672455.514,0,0,0,1.000,1.000,1.000,-90.00,180.00,-49.50,CLOSED,0
672455.519,0,0,0,1.000,1.000,1.000,-90.00,180.00,-49.50,CLOSED,0
672455.523,0,0,0,1.000,0.998,1.000,-90.00,180.00,-49.50,CLOSED,0
672455.527,0,0,0,1.000,0.516,1.000,-90.00,180.00,-49.50,CLOSED,0
672455.532,0,0,0,0.998,0.998,1.000,-90.00,180.00,-49.50,CLOSED,0
672455.536,0,0,0,0.999,1.000,1.000,-90.00,180.00,-49.50,CLOSED,0
672455.540,0,0,0,1.000,1.000,1.000,-90.00,180.00,-49.50,CLOSED,0
672455.544,0,0,0,0.999,1.000,1.000,-90.00,180.00,-49.50,CLOSED,0
672455.549,0,0,0,0.998,1.000,1.000,-90.00,180.00,-49.50,CLOSED,0
672455.553,0,0,0,0.998,1.000,1.000,-90.00,180.00,-49.50,CLOSED,0
672455.558,0,0,0,0.999,1.000,1.000,-90.00,180.00,-49.50,CLOSED,0
672455.562,0,0,0,0.999,1.000,1.000,-90.00,180.00,-49.50,CLOSED,0
672455.566,0,0,0,1.000,1.000,1.000,-90.00,180.00,-49.50,CLOSED,0
672455.570,0,0,0,1.000,1.000,1.000,-90.00,180.00,-49.50,CLOSED,0
672455.574,0,0,0,1.000,1.000,1.000,-90.00,180.00,-49.50,CLOSED,0
672455.578,0,0,0,1.000,1.000,1.000,-90.00,180.00,-49.50,CLOSED,0
672455.583,0,0,0,1.000,1.000,1.000,-90.00,180.00,-49.50,CLOSED,0
672455.587,0,0,0,1.000,1.000,1.000,-90.00,180.00,-49.50,CLOSED,0
672455.591,0,0,0,1.000,1.000,1.000,-90.00,180.00,-49.50,CLOSED,0
672455.594,0,0,0,1.000,1.000,1.000,-90.00,180.00,-49.50,CLOSED,0
672455.598,0,0,0,1.000,1.000,1.000,-90.00,180.00,-49.50,CLOSED,0
672455.602,0,0,0,1.000,1.000,1.000,-90.00,180.00,-49.50,CLOSED,0
672455.607,0,0,0,1.000,1.000,1.000,-90.00,180.00,-49.50,CLOSED,0
672455.610,0,0,0,1.000,1.000,1.000,-90.00,180.00,-49.50,CLOSED,0
672455.615,0,0,0,1.000,1.000,1.000,-90.00,180.00,-49.50,CLOSED,0
672455.619,0,0,0,1.000,1.000,1.000,-90.00,180.00,-49.50,CLOSED,0
672455.623,0,0,0,1.000,1.000,1.000,-90.00,180.00,-49.50,CLOSED,0
672455.628,0,0,0,1.000,1.000,1.000,-90.00,180.00,-49.50,CLOSED,0
672455.632,0,0,0,1.000,1.000,1.000,-90.00,180.00,-49.50,CLOSED,0
672455.636,0,0,0,1.000,1.000,1.000,-90.00,180.00,-49.50,CLOSED,0
672455.640,0,0,0,1.000,1.000,1.000,-90.00,180.00,-49.50,CLOSED,0
672455.646,0,0,0,1.000,1.000,1.000,-90.00,180.00,-49.50,CLOSED,0
672455.650,0,0,0,1.000,1.000,1.000,-90.00,180.00,-49.50,CLOSED,0
672455.654,0,0,0,1.000,1.000,1.000,-90.00,180.00,-49.50,CLOSED,0
672455.658,0,0,0,1.000,1.000,1.000,-90.00,180.00,-49.50,CLOSED,0
672455.662,0,0,0,1.000,1.000,1.000,-90.00,180.00,-49.50,CLOSED,0
672455.666,0,0,0,1.000,1.000,1.000,-90.00,180.00,-49.50,CLOSED,0
672455.670,0,0,0,1.000,1.000,1.000,-90.00,180.00,-49.50,CLOSED,0
672455.674,0,0,0,1.000,1.000,1.000,-90.00,180.00,-49.50,CLOSED,0
672455.678,0,0,0,1.000,1.000,1.000,-90.00,180.00,-49.50,CLOSED,0
672455.682,0,0,0,1.000,1.000,1.000,-90.00,180.00,-49.50,CLOSED,0
672455.686,0,0,0,1.000,1.000,1.000,-90.00,180.00,-49.50,CLOSED,0
672455.689,0,0,0,1.000,1.000,1.000,-90.00,180.00,-49.50,CLOSED,0
672455.693,0,0,0,1.000,1.000,1.000,-90.00,180.00,-49.50,CLOSED,0
672455.697,0,0,0,1.000,1.000,1.000,-90.00,180.00,-49.50,CLOSED,0
672455.701,0,0,0,1.000,1.000,1.000,-90.00,180.00,-49.50,CLOSED,0
672455.704,0,0,0,1.000,1.000,1.000,-90.00,180.00,-49.50,CLOSED,0
672455.708,0,0,0,1.000,1.000,1.000,-90.00,180.00,-49.50,CLOSED,0
672455.713,0,0,0,1.000,1.000,1.000,-90.00,180.00,-49.50,CLOSED,0
672455.717,0,0,0,1.000,1.000,1.000,-90.00,180.00,-49.50,CLOSED,0
672455.722,0,0,0,1.000,1.000,1.000,-90.00,180.00,-49.50,CLOSED,0
672455.726,0,0,0,1.000,1.000,1.000,-90.00,180.00,-49.50,CLOSED,0
672455.730,0,0,0,1.000,1.000,1.000,-90.00,180.00,-49.50,CLOSED,0
672455.734,0,0,0,1.000,1.000,1.000,-90.00,180.00,-49.50,CLOSED,0
672455.738,0,0,0,1.000,1.000,1.000,-90.00,180.00,-49.50,CLOSED,0
672455.742,0,0,0,1.000,1.000,1.000,-90.00,180.00,-49.50,CLOSED,0
672455.747,0,0,0,1.000,1.000,1.000,-90.00,180.00,-49.50,CLOSED,0
672455.753,0,0,0,1.000,1.000,1.000,-90.00,180.00,-49.50,CLOSED,0
672455.756,0,0,0,1.000,1.000,1.000,-90.00,180.00,-49.50,CLOSED,0
672455.760,0,0,0,1.000,1.000,1.000,-90.00,180.00,-49.50,CLOSED,0
672455.765,0,0,0,1.000,1.000,1.000,-90.00,180.00,-49.50,CLOSED,0
672455.770,0,0,0,1.000,1.000,1.000,-90.00,180.00,-49.50,CLOSED,0
672455.774,0,0,0,1.000,1.000,1.000,-90.00,180.00,-49.50,CLOSED,0
672455.778,0,0,0,1.000,1.000,1.000,-90.00,180.00,-49.50,CLOSED,0
672455.782,0,0,0,1.000,1.000,1.000,-90.00,180.00,-49.50,CLOSED,0
672455.786,0,0,0,1.000,1.000,1.000,-90.00,180.00,-49.50,CLOSED,0
672455.790,0,0,0,1.000,1.000,1.000,-90.00,180.00,-49.50,CLOSED,0
672455.794,0,0,0,1.000,1.000,1.000,-90.00,180.00,-49.50,CLOSED,0
672455.798,0,0,0,1.000,1.000,1.000,-90.00,180.00,-49.50,CLOSED,0
672455.802,0,0,0,1.000,1.000,1.000,-90.00,180.00,-49.50,CLOSED,0
672455.806,0,0,0,1.000,1.000,1.000,-90.00,180.00,-49.50,CLOSED,0
672455.810,0,0,0,1.000,1.000,1.000,-90.00,180.00,-49.50,CLOSED,0
672455.814,0,0,0,1.000,1.000,1.000,-90.00,180.00,-49.50,CLOSED,0
672455.818,0,0,0,1.000,1.000,1.000,-90.00,180.00,-49.50,CLOSED,0
672455.822,0,0,0,1.000,1.000,1.000,-90.00,180.00,-49.50,CLOSED,0
672455.825,0,0,0,1.000,1.000,1.000,-90.00,180.00,-49.50,CLOSED,0
672455.829,0,0,0,1.000,1.000,1.000,-90.00,180.00,-49.50,CLOSED,0
672455.834,0,0,0,1.000,1.000,1.000,-90.00,180.00,-49.50,CLOSED,0
672455.838,0,0,0,1.000,1.000,1.000,-90.00,180.00,-49.50,CLOSED,0
672455.843,0,0,0,1.000,1.000,1.000,-90.00,180.00,-49.50,CLOSED,0
672455.848,0,0,0,1.000,1.000,1.000,-90.00,180.00,-49.50,CLOSED,0
672455.853,0,0,0,1.000,1.000,1.000,-90.00,180.00,-49.50,CLOSED,0
672455.858,0,0,0,1.000,1.000,1.000,-90.00,180.00,-49.50,CLOSED,0
672455.863,0,0,0,1.000,1.000,1.000,-90.00,180.00,-49.50,CLOSED,0
672455.867,0,0,0,1.000,1.000,1.000,-90.00,180.00,-49.50,CLOSED,0
672455.872,0,0,0,1.000,1.000,1.000,-90.00,180.00,-49.50,CLOSED,0
672455.876,0,0,0,1.000,1.000,1.000,-90.00,180.00,-49.50,CLOSED,0
672455.880,0,0,0,1.000,1.000,1.000,-90.00,180.00,-49.50,CLOSED,0
672455.884,0,0,0,1.000,1.000,1.000,-90.00,180.00,-49.50,CLOSED,0
672455.888,0,0,0,1.000,1.000,1.000,-90.00,180.00,-49.50,CLOSED,0
672455.891,0,0,0,1.000,1.000,1.000,-90.00,180.00,-49.50,CLOSED,0
672455.895,0,0,0,1.000,1.000,1.000,-90.00,180.00,-49.50,CLOSED,0
672455.899,0,0,0,1.000,1.000,1.000,-90.00,180.00,-49.50,CLOSED,0
672455.903,0,0,0,1.000,1.000,1.000,-90.00,180.00,-49.50,CLOSED,0
672455.907,0,0,0,1.000,1.000,1.000,-90.00,180.00,-49.50,CLOSED,0
672455.911,0,0,0,1.000,1.000,1.000,-90.00,180.00,-49.50,CLOSED,0
672455.915,0,0,0,1.000,1.000,1.000,-90.00,180.00,-49.50,CLOSED,0
672455.919,0,0,0,1.000,1.000,1.000,-90.00,180.00,-49.50,CLOSED,0
672455.924,0,0,0,1.000,1.000,1.000,-90.00,180.00,-49.50,CLOSED,0
672455.928,0,0,0,1.000,1.000,1.000,-90.00,180.00,-49.50,CLOSED,0
672455.932,0,0,0,1.000,1.000,1.000,-90.00,180.00,-49.50,CLOSED,0
672455.936,0,0,0,1.000,1.000,1.000,-90.00,180.00,-49.50,CLOSED,0
672455.940,0,0,0,1.000,1.000,1.000,-90.00,180.00,-49.50,CLOSED,0
672455.943,0,0,0,1.000,1.000,1.000,-90.00,180.00,-49.50,CLOSED,0
672455.947,0,0,0,1.000,1.000,1.000,-90.00,180.00,-49.50,CLOSED,0
672455.951,0,0,0,1.000,1.000,1.000,-90.00,180.00,-49.50,CLOSED,0
672455.956,0,0,0,1.000,1.000,1.000,-90.00,180.00,-49.50,CLOSED,0
672455.960,0,0,0,1.000,1.000,1.000,-90.00,180.00,-49.50,CLOSED,0
672455.965,0,0,0,1.000,1.000,1.000,-90.00,180.00,-49.50,CLOSED,0
672455.970,0,0,0,1.000,1.000,1.000,-90.00,180.00,-49.50,CLOSED,0
672455.975,0,0,0,1.000,1.000,1.000,-90.00,180.00,-49.50,CLOSED,0
672455.978,0,0,0,1.000,1.000,1.000,-90.00,180.00,-49.50,CLOSED,0
672455.982,0,0,0,1.000,1.000,1.000,-90.00,180.00,-49.50,CLOSED,0
672455.986,0,0,0,1.000,1.000,1.000,-90.00,180.00,-49.50,CLOSED,0
672455.991,0,0,0,1.000,1.000,1.000,-90.00,180.00,-49.50,CLOSED,0
672455.995,0,0,0,1.000,1.000,1.000,-90.00,180.00,-49.50,CLOSED,0
672455.999,0,0,0,1.000,1.000,1.000,-90.00,180.00,-49.50,CLOSED,0
672456.002,0,0,0,1.000,1.000,1.000,-90.00,180.00,-49.50,CLOSED,0
672456.007,0,0,0,1.000,1.000,1.000,-90.00,180.00,-49.50,CLOSED,0
672456.010,0,0,0,1.000,1.000,1.000,-90.00,180.00,-49.50,CLOSED,0
672456.014,0,0,0,1.000,1.000,1.000,-90.00,180.00,-49.50,CLOSED,0
672456.019,0,0,0,1.000,1.000,1.000,-90.00,180.00,-49.50,CLOSED,0
672456.023,0,0,0,1.000,1.000,1.000,-90.00,180.00,-49.50,CLOSED,0
672456.027,0,0,0,1.000,1.000,1.000,-90.00,180.00,-49.50,CLOSED,0
672456.032,0,0,0,1.000,1.000,1.000,-90.00,180.00,-49.50,CLOSED,0
672456.036,0,0,0,1.000,0.997,1.000,-90.00,180.00,-49.50,CLOSED,0
672456.040,0,0,0,1.000,0.965,1.000,-90.00,180.00,-49.50,CLOSED,0
672456.044,0,0,0,1.000,0.999,1.000,-90.00,180.00,-49.50,CLOSED,0
672456.049,0,0,0,1.000,1.000,1.000,-90.00,180.00,-49.50,CLOSED,0
672456.053,0,0,0,1.000,1.000,1.000,-90.00,180.00,-49.50,CLOSED,0
672456.057,0,0,0,1.000,1.000,1.000,-90.00,180.00,-49.50,CLOSED,0
672456.060,0,0,0,1.000,1.000,1.000,-90.00,180.00,-49.50,CLOSED,0
672456.065,0,1,0,1.000,1.000,1.000,-90.00,179.75,-49.50,CLOSED,0
672456.069,0,1,0,1.000,1.000,1.000,-90.00,179.51,-49.50,CLOSED,0
672456.073,0,1,0,1.000,1.000,1.000,-90.00,179.24,-49.50,CLOSED,1
672456.078,0,1,0,1.000,1.000,1.000,-90.00,178.94,-49.50,CLOSED,0
672456.083,0,1,0,1.000,1.000,1.000,-90.00,178.68,-49.50,CLOSED,0
672456.087,0,1,0,1.000,1.000,1.000,-90.00,178.44,-49.50,CLOSED,0
672456.090,0,1,0,1.000,1.000,1.000,-90.00,178.23,-49.50,CLOSED,0
672456.094,0,1,0,1.000,1.000,1.000,-90.00,178.01,-49.50,CLOSED,0
672456.097,0,1,0,1.000,1.000,1.000,-90.00,177.80,-49.50,CLOSED,0
672456.101,0,1,0,1.000,1.000,1.000,-90.00,177.57,-49.50,CLOSED,0
672456.105,0,1,0,1.000,1.000,1.000,-90.00,177.33,-49.50,CLOSED,0
672456.109,0,1,0,1.000,1.000,1.000,-90.00,177.10,-49.50,CLOSED,0
672456.113,0,1,0,1.000,1.000,1.000,-90.00,176.85,-49.50,CLOSED,0
672456.117,0,1,0,1.000,1.000,1.000,-90.00,176.61,-49.50,CLOSED,0
672456.121,0,1,0,1.000,1.000,1.000,-90.00,176.35,-49.50,CLOSED,0
672456.125,0,1,0,1.000,1.000,1.000,-90.00,176.11,-49.50,CLOSED,0
672456.130,0,1,0,1.000,1.000,1.000,-90.00,175.85,-49.50,CLOSED,0
672456.134,0,1,0,1.000,1.000,1.000,-90.00,175.60,-49.50,CLOSED,0
672456.138,0,1,0,1.000,1.000,1.000,-90.00,175.37,-49.50,CLOSED,0
672456.142,0,1,0,1.000,1.000,1.000,-90.00,175.13,-49.50,CLOSED,0
672456.146,0,1,0,1.000,1.000,1.000,-90.00,174.88,-49.50,CLOSED,0
672456.150,0,1,0,1.000,1.000,1.000,-90.00,174.65,-49.50,CLOSED,0
672456.154,0,1,0,1.000,1.000,1.000,-90.00,174.40,-49.50,CLOSED,0
672456.158,0,1,0,1.000,1.000,1.000,-90.00,174.16,-49.50,CLOSED,0
672456.162,0,1,0,1.000,1.000,1.000,-90.00,173.93,-49.50,CLOSED,0
672456.166,0,1,0,1.000,1.000,1.000,-90.00,173.67,-49.50,CLOSED,0
672456.170,0,1,0,1.000,1.000,1.000,-90.00,173.41,-49.50,CLOSED,0
672456.175,0,1,0,1.000,1.000,1.000,-90.00,173.12,-49.50,CLOSED,1
672456.181,0,1,0,1.000,1.000,1.000,-90.00,172.79,-49.50,CLOSED,0
672456.186,0,1,0,1.000,1.000,1.000,-90.00,172.50,-49.50,CLOSED,0
672456.190,0,1,0,1.000,1.000,1.000,-90.00,172.25,-49.50,CLOSED,0
672456.194,0,1,0,1.000,1.000,1.000,-90.00,171.98,-49.50,CLOSED,0
672456.198,0,1,0,1.000,1.000,1.000,-90.00,171.74,-49.50,CLOSED,0
672456.202,0,1,0,1.000,1.000,1.000,-90.00,171.51,-49.50,CLOSED,0
672456.206,0,1,0,1.000,1.000,1.000,-90.00,171.28,-49.50,CLOSED,0
672456.211,0,1,0,1.000,1.000,1.000,-90.00,170.96,-49.50,CLOSED,0
672456.216,0,1,0,1.000,1.000,1.000,-90.00,170.68,-49.50,CLOSED,0
672456.220,0,1,0,1.000,1.000,1.000,-90.00,170.43,-49.50,CLOSED,0
672456.224,0,1,0,1.000,1.000,1.000,-90.00,170.19,-49.50,CLOSED,0
672456.228,0,1,0,1.000,1.000,1.000,-90.00,169.95,-49.50,CLOSED,0
672456.232,0,1,0,1.000,1.000,1.000,-90.00,169.72,-49.50,CLOSED,0
672456.236,0,1,0,1.000,1.000,1.000,-90.00,169.49,-49.50,CLOSED,0
672456.240,0,1,0,1.000,1.000,1.000,-90.00,169.23,-49.50,CLOSED,0
672456.246,0,1,0,1.000,1.000,1.000,-90.00,168.85,-49.50,CLOSED,0
672456.251,0,1,0,1.000,1.000,1.000,-90.00,168.57,-49.50,CLOSED,0
672456.256,0,1,0,1.000,1.000,1.000,-90.00,168.27,-49.50,CLOSED,0
672456.262,0,1,0,1.000,1.000,1.000,-90.00,167.92,-49.50,CLOSED,0
672456.267,0,1,0,1.000,1.000,1.000,-90.00,167.62,-49.50,CLOSED,0
672456.272,0,1,0,1.000,1.000,1.000,-90.00,167.34,-49.50,CLOSED,0
672456.276,0,1,0,1.000,1.000,1.000,-90.00,167.07,-49.50,CLOSED,1
672456.280,0,1,0,1.000,1.000,1.000,-90.00,166.81,-49.50,CLOSED,0
672456.284,0,1,0,1.000,1.000,1.000,-90.00,166.57,-49.50,CLOSED,0
672456.289,0,1,0,1.000,1.000,1.000,-90.00,166.31,-49.50,CLOSED,0
672456.293,0,1,0,1.000,1.000,1.000,-90.00,166.05,-49.50,CLOSED,0
672456.297,0,1,0,1.000,1.000,1.000,-90.00,165.81,-49.50,CLOSED,0
672456.301,0,1,0,1.000,1.000,1.000,-90.00,165.57,-49.50,CLOSED,0
672456.305,0,1,0,1.000,1.000,1.000,-90.00,165.33,-49.50,CLOSED,0
672456.309,0,1,0,1.000,1.000,1.000,-90.00,165.10,-49.50,CLOSED,0
672456.314,0,1,0,1.000,1.000,1.000,-90.00,164.80,-49.50,CLOSED,0
672456.318,0,1,0,1.000,1.000,1.000,-90.00,164.55,-49.50,CLOSED,0
672456.322,0,1,0,1.000,1.000,1.000,-90.00,164.32,-49.50,CLOSED,0
672456.325,0,1,0,1.000,1.000,1.000,-90.00,164.11,-49.50,CLOSED,0
672456.329,0,1,0,1.000,1.000,1.000,-90.00,163.88,-49.50,CLOSED,0
672456.334,0,1,0,1.000,1.000,1.000,-90.00,163.62,-49.50,CLOSED,0
672456.337,0,1,0,1.000,1.000,1.000,-90.00,163.38,-49.50,CLOSED,0
672456.341,0,1,0,1.000,1.000,1.000,-90.00,163.15,-49.50,CLOSED,0
672456.346,0,1,0,1.000,1.000,1.000,-90.00,162.89,-49.50,CLOSED,0
672456.350,0,1,0,1.000,1.000,1.000,-90.00,162.64,-49.50,CLOSED,0
672456.354,0,1,0,1.000,1.000,1.000,-90.00,162.40,-49.50,CLOSED,0
672456.358,0,1,0,1.000,1.000,1.000,-90.00,162.17,-49.50,CLOSED,0
672456.361,0,1,0,1.000,1.000,1.000,-90.00,161.94,-49.50,CLOSED,0
672456.365,0,1,0,1.000,1.000,1.000,-90.00,161.72,-49.50,CLOSED,0
672456.369,0,1,0,1.000,1.000,1.000,-90.00,161.49,-49.50,CLOSED,0
672456.373,0,1,0,1.000,1.000,1.000,-90.00,161.26,-49.50,CLOSED,0
672456.377,0,1,0,1.000,1.000,1.000,-90.00,161.03,-49.50,CLOSED,1
672456.381,0,1,0,1.000,1.000,1.000,-90.00,160.78,-49.50,CLOSED,0
672456.385,0,1,0,1.000,1.000,1.000,-90.00,160.53,-49.50,CLOSED,0
672456.389,0,1,0,1.000,1.000,1.000,-90.00,160.30,-49.50,CLOSED,0
672456.393,0,1,0,1.000,1.000,1.000,-90.00,160.07,-49.50,CLOSED,0
672456.397,0,1,0,1.000,1.000,1.000,-90.00,159.84,-49.50,CLOSED,0
672456.401,0,1,0,1.000,1.000,1.000,-90.00,159.60,-49.50,CLOSED,0
672456.404,0,1,0,1.000,1.000,1.000,-90.00,159.37,-49.50,CLOSED,0
672456.408,0,1,0,1.000,1.000,1.000,-90.00,159.15,-49.50,CLOSED,0
672456.412,0,1,0,1.000,1.000,1.000,-90.00,158.91,-49.50,CLOSED,0
672456.416,0,1,0,1.000,1.000,1.000,-90.00,158.69,-49.50,CLOSED,0
672456.420,0,1,0,1.000,1.000,1.000,-90.00,158.43,-49.50,CLOSED,0
672456.426,0,1,0,1.000,1.000,1.000,-90.00,158.08,-49.50,CLOSED,0
672456.431,0,1,0,1.000,1.000,1.000,-90.00,157.79,-49.50,CLOSED,0
672456.435,0,1,0,1.000,1.000,1.000,-90.00,157.50,-49.50,CLOSED,0
672456.440,0,1,0,1.000,1.000,1.000,-90.00,157.23,-49.50,CLOSED,0
672456.444,0,1,0,1.000,1.000,1.000,-90.00,156.96,-49.50,CLOSED,0
672456.449,0,1,0,1.000,1.000,1.000,-90.00,156.70,-49.50,CLOSED,0
672456.455,0,1,0,1.000,1.000,1.000,-90.00,156.34,-49.50,CLOSED,0
672456.459,0,1,0,1.000,1.000,1.000,-90.00,156.06,-49.50,CLOSED,0
672456.464,0,1,0,1.000,1.000,1.000,-90.00,155.81,-49.50,CLOSED,0
672456.468,0,1,0,1.000,1.000,1.000,-90.00,155.57,-49.50,CLOSED,0
672456.472,0,1,0,1.000,1.000,1.000,-90.00,155.31,-49.50,CLOSED,0
672456.476,0,1,0,1.000,1.000,1.000,-90.00,155.06,-49.50,CLOSED,0
672456.481,0,1,0,1.000,1.000,1.000,-90.00,154.79,-49.50,CLOSED,1
672456.486,0,1,0,1.000,1.000,1.000,-90.00,154.49,-49.50,CLOSED,0
672456.490,0,1,0,1.000,1.000,1.000,-90.00,154.24,-49.50,CLOSED,0
672456.494,0,1,0,1.000,1.000,1.000,-90.00,154.00,-49.50,CLOSED,0
672456.498,0,1,0,1.000,1.000,1.000,-90.00,153.77,-49.50,CLOSED,0
672456.502,0,1,0,1.000,1.000,1.000,-90.00,153.53,-49.50,CLOSED,0
672456.505,0,1,0,1.000,1.000,1.000,-90.00,153.31,-49.50,CLOSED,0
672456.509,0,1,0,1.000,1.000,1.000,-90.00,153.08,-49.50,CLOSED,0
672456.513,0,1,0,1.000,1.000,1.000,-90.00,152.85,-49.50,CLOSED,0
672456.517,0,1,0,1.000,1.000,1.000,-90.00,152.61,-49.50,CLOSED,0
672456.521,0,1,0,1.000,1.000,1.000,-90.00,152.37,-49.50,CLOSED,0
672456.525,0,1,0,1.000,1.000,1.000,-90.00,152.12,-49.50,CLOSED,0
672456.534,0,1,0,1.000,1.000,1.000,-90.00,151.58,-49.50,CLOSED,0
672456.552,0,1,0,1.000,1.000,1.000,-90.00,150.51,-49.50,CLOSED,0
672456.565,0,1,0,1.000,1.000,1.000,-90.00,149.75,-49.50,CLOSED,0
672456.576,0,0,0,1.000,1.000,1.000,-90.00,150.42,-49.50,CLOSED,0
672456.587,0,0,0,1.000,1.000,1.000,-90.00,151.09,-49.50,CLOSED,1
672456.595,0,0,0,1.000,1.000,1.000,-90.00,151.55,-49.50,CLOSED,0
672456.602,0,0,0,1.000,1.000,1.000,-90.00,151.98,-49.50,CLOSED,0
672456.607,0,0,0,1.000,1.000,1.000,-90.00,152.32,-49.50,CLOSED,0
672456.612,0,0,0,1.000,1.000,1.000,-90.00,152.62,-49.50,CLOSED,0
672456.617,0,0,0,1.000,1.000,1.000,-90.00,152.89,-49.50,CLOSED,0
672456.621,0,0,0,1.000,1.000,1.000,-90.00,153.14,-49.50,CLOSED,0
672456.625,0,0,0,1.000,1.000,1.000,-90.00,153.38,-49.50,CLOSED,0
672456.629,0,0,0,1.000,1.000,1.000,-90.00,153.63,-49.50,CLOSED,0
672456.633,0,0,0,1.000,1.000,1.000,-90.00,153.86,-49.50,CLOSED,0
672456.637,0,0,0,1.000,1.000,1.000,-90.00,154.07,-49.50,CLOSED,0
672456.641,0,0,0,1.000,1.000,1.000,-90.00,154.35,-49.50,CLOSED,0
672456.646,0,0,0,1.000,1.000,1.000,-90.00,154.64,-49.50,CLOSED,0
672456.650,0,0,0,1.000,1.000,1.000,-90.00,154.88,-49.50,CLOSED,0
672456.654,0,0,0,1.000,1.000,1.000,-90.00,155.11,-49.50,CLOSED,0
672456.658,0,0,0,1.000,1.000,1.000,-90.00,155.33,-49.50,CLOSED,0
672456.662,0,0,0,1.000,1.000,1.000,-90.00,155.56,-49.50,CLOSED,0
672456.665,0,0,0,1.000,1.000,1.000,-90.00,155.80,-49.50,CLOSED,0
672456.669,0,0,0,1.000,1.000,1.000,-90.00,156.04,-49.50,CLOSED,0
672456.673,0,0,0,1.000,1.000,1.000,-90.00,156.26,-49.50,CLOSED,0
672456.677,0,0,0,1.000,1.000,1.000,-90.00,156.50,-49.50,CLOSED,0
672456.681,0,0,0,1.000,1.000,1.000,-90.00,156.74,-49.50,CLOSED,0
672456.685,0,0,0,1.000,1.000,1.000,-90.00,156.97,-49.50,CLOSED,0
672456.689,0,0,0,1.000,1.000,1.000,-90.00,157.24,-49.50,CLOSED,1
672456.694,0,0,0,1.000,1.000,1.000,-90.00,157.51,-49.50,CLOSED,0
672456.698,0,0,0,1.000,1.000,1.000,-90.00,157.76,-49.50,CLOSED,0
672456.702,0,0,0,1.000,0.996,1.000,-90.00,158.00,-49.50,CLOSED,0
672456.706,0,0,0,1.000,1.000,1.000,-90.00,158.24,-49.50,CLOSED,0
672456.710,0,0,0,1.000,1.000,1.000,-90.00,158.48,-49.50,CLOSED,0
672456.714,0,0,0,0.989,1.000,1.000,-90.00,158.72,-49.50,CLOSED,0
672456.718,0,0,0,0.994,1.000,1.000,-90.00,158.95,-49.50,CLOSED,0
672456.722,0,0,0,0.999,1.000,1.000,-90.00,159.21,-49.50,CLOSED,0
672456.727,0,0,0,1.000,1.000,0.999,-90.00,159.49,-49.50,CLOSED,0
672456.732,0,0,0,1.000,1.000,0.999,-90.00,159.78,-49.50,CLOSED,0
672456.737,0,0,0,1.000,1.000,0.994,-90.00,160.09,-49.50,CLOSED,0
672456.741,0,0,0,1.000,1.000,0.907,-90.00,160.36,-49.50,CLOSED,0
672456.746,0,0,0,1.000,1.000,0.900,-90.00,160.61,-49.50,CLOSED,0
672456.750,0,0,0,1.000,1.000,0.998,-90.00,160.86,-49.50,CLOSED,0
672456.754,0,0,0,1.000,1.000,1.000,-90.00,161.11,-49.50,CLOSED,0
672456.758,0,0,0,1.000,1.000,1.000,-90.00,161.34,-49.50,CLOSED,0
672456.762,0,0,0,1.000,0.999,1.000,-90.00,161.56,-49.50,CLOSED,0
672456.766,0,0,0,1.000,0.993,1.000,-90.00,161.85,-49.50,CLOSED,0
672456.771,0,0,0,1.000,0.909,1.000,-90.00,162.11,-49.50,CLOSED,0
672456.774,0,0,0,1.000,0.854,1.000,-90.00,162.32,-49.50,CLOSED,0
672456.778,0,0,0,1.000,0.994,1.000,-90.00,162.57,-49.50,CLOSED,0
672456.784,0,0,0,1.000,1.000,1.000,-90.00,162.90,-49.50,CLOSED,0
672456.789,0,0,0,1.000,1.000,1.000,-90.00,163.21,-49.50,CLOSED,0
672456.794,0,0,0,1.000,1.000,1.000,-90.00,163.50,-49.50,CLOSED,1
672456.799,0,0,0,1.000,1.000,1.000,-90.00,163.78,-49.50,CLOSED,0
672456.803,0,0,0,1.000,1.000,1.000,-90.00,164.07,-49.50,CLOSED,0
672456.808,0,0,0,1.000,1.000,1.000,-90.00,164.32,-49.50,CLOSED,0
672456.812,0,0,0,1.000,1.000,1.000,-90.00,164.57,-49.50,CLOSED,0
672456.816,0,0,0,1.000,1.000,1.000,-90.00,164.82,-49.50,CLOSED,0
672456.820,0,0,0,1.000,1.000,1.000,-90.00,165.05,-49.50,CLOSED,0
672456.824,0,0,0,1.000,1.000,1.000,-90.00,165.30,-49.50,CLOSED,0
672456.828,0,0,0,1.000,1.000,1.000,-90.00,165.53,-49.50,CLOSED,0
672456.832,0,0,0,1.000,1.000,1.000,-90.00,165.80,-49.50,CLOSED,0
672456.836,0,0,0,1.000,1.000,1.000,-90.00,166.02,-49.50,CLOSED,0
672456.840,0,0,0,1.000,1.000,1.000,-90.00,166.24,-49.50,CLOSED,0
672456.843,0,0,0,1.000,1.000,1.000,-90.00,166.47,-49.50,CLOSED,0
672456.847,0,0,0,1.000,1.000,1.000,-90.00,166.72,-49.50,CLOSED,0
672456.851,0,0,0,1.000,1.000,1.000,-90.00,166.95,-49.50,CLOSED,0
672456.856,0,0,0,1.000,1.000,1.000,-90.00,167.21,-49.50,CLOSED,0
672456.860,0,0,0,1.000,1.000,1.000,-90.00,167.49,-49.50,CLOSED,0
672456.865,0,0,0,1.000,1.000,1.000,-90.00,167.75,-49.50,CLOSED,0
672456.869,0,0,0,1.000,1.000,1.000,-90.00,167.99,-49.50,CLOSED,0
672456.873,0,0,0,1.000,1.000,1.000,-90.00,168.27,-49.50,CLOSED,0
672456.878,0,0,0,1.000,1.000,1.000,-90.00,168.57,-49.50,CLOSED,0
672456.882,0,0,0,1.000,1.000,1.000,-90.00,168.82,-49.50,CLOSED,0
672456.887,0,0,0,1.000,1.000,1.000,-90.00,169.06,-49.50,CLOSED,0
672456.891,0,0,0,1.000,1.000,1.000,-90.00,169.31,-49.50,CLOSED,0
672456.895,0,0,0,1.000,1.000,1.000,-90.00,169.55,-49.50,CLOSED,1
672456.899,0,0,0,1.000,1.000,1.000,-90.00,169.79,-49.50,CLOSED,0
672456.903,0,0,0,1.000,1.000,1.000,-90.00,170.04,-49.50,CLOSED,0
672456.907,0,0,0,1.000,1.000,1.000,-90.00,170.28,-49.50,CLOSED,0
672456.911,0,0,0,1.000,1.000,1.000,-90.00,170.54,-49.50,CLOSED,0
672456.915,0,0,0,1.000,1.000,1.000,-90.00,170.78,-49.50,CLOSED,0
672456.919,0,0,0,1.000,1.000,1.000,-90.00,171.01,-49.50,CLOSED,0
672456.923,0,0,0,1.000,1.000,1.000,-90.00,171.24,-49.50,CLOSED,0
672456.927,0,0,0,1.000,1.000,1.000,-90.00,171.46,-49.50,CLOSED,0
672456.930,0,0,0,1.000,1.000,1.000,-90.00,171.68,-49.50,CLOSED,0
672456.934,0,0,0,1.000,1.000,1.000,-90.00,171.92,-49.50,CLOSED,0
672456.938,0,0,0,1.000,1.000,1.000,-90.00,172.14,-49.50,CLOSED,0
672456.942,0,0,0,1.000,1.000,1.000,-90.00,172.39,-49.50,CLOSED,0
672456.946,0,0,0,1.000,1.000,1.000,-90.00,172.61,-49.50,CLOSED,0
672456.949,0,0,0,1.000,1.000,1.000,-90.00,172.82,-49.50,CLOSED,0
672456.953,0,0,0,1.000,1.000,1.000,-90.00,173.05,-49.50,CLOSED,0
672456.957,0,0,0,1.000,1.000,1.000,-90.00,173.28,-49.50,CLOSED,0
672456.960,0,0,0,1.000,1.000,1.000,-90.00,173.50,-49.50,CLOSED,0
672456.964,0,0,0,1.000,1.000,1.000,-90.00,173.72,-49.50,CLOSED,0
672456.968,0,0,0,1.000,1.000,1.000,-90.00,173.96,-49.50,CLOSED,0
672456.972,0,0,0,1.000,1.000,1.000,-90.00,174.22,-49.50,CLOSED,0
672456.976,0,0,0,1.000,1.000,1.000,-90.00,174.44,-49.50,CLOSED,0
672456.980,0,0,0,1.000,1.000,1.000,-90.00,174.67,-49.50,CLOSED,0
672456.985,0,0,0,1.000,1.000,1.000,-90.00,174.98,-49.50,CLOSED,0
672456.990,0,0,0,1.000,1.000,1.000,-90.00,175.25,-49.50,CLOSED,0
672456.994,0,0,0,1.000,1.000,1.000,-90.00,175.48,-49.50,CLOSED,0
672456.997,0,0,0,1.000,1.000,1.000,-90.00,175.72,-49.50,CLOSED,1
672457.002,0,0,0,1.000,1.000,1.000,-90.00,175.96,-49.50,CLOSED,0
672457.005,0,0,0,1.000,1.000,1.000,-90.00,176.19,-49.50,CLOSED,0
672457.010,0,0,0,1.000,1.000,1.000,-90.00,176.45,-49.50,CLOSED,0
672457.014,0,0,0,1.000,1.000,1.000,-90.00,176.68,-49.50,CLOSED,0
672457.018,0,0,0,1.000,1.000,1.000,-90.00,176.93,-49.50,CLOSED,0
672457.022,0,0,0,1.000,1.000,1.000,-90.00,177.21,-49.50,CLOSED,0
672457.027,0,0,0,1.000,1.000,1.000,-90.00,177.47,-49.50,CLOSED,0
672457.031,0,0,0,1.000,1.000,1.000,-90.00,177.71,-49.50,CLOSED,0
672457.035,0,0,0,1.000,1.000,1.000,-90.00,177.96,-49.50,CLOSED,0
672457.039,0,0,0,1.000,1.000,1.000,-90.00,178.21,-49.50,CLOSED,0
672457.043,0,0,0,1.000,1.000,1.000,-90.00,178.45,-49.50,CLOSED,0
672457.047,0,0,0,1.000,1.000,1.000,-90.00,178.71,-49.50,CLOSED,0
672457.051,0,0,0,1.000,1.000,1.000,-90.00,178.96,-49.50,CLOSED,0
672457.055,0,0,0,1.000,1.000,1.000,-90.00,179.19,-49.50,CLOSED,0
672457.059,0,0,0,1.000,1.000,1.000,-90.00,179.44,-49.50,CLOSED,0
672457.065,0,0,0,1.000,1.000,1.000,-90.00,179.76,-49.50,CLOSED,0
672457.069,0,0,0,1.000,1.000,1.000,-90.00,180.00,-49.50,CLOSED,0
672457.073,0,0,0,1.000,1.000,1.000,-90.00,180.00,-49.50,CLOSED,0
672457.077,0,0,0,1.000,1.000,1.000,-90.00,180.00,-49.50,CLOSED,0
672457.081,0,0,0,1.000,1.000,1.000,-90.00,180.00,-49.50,CLOSED,0
672457.085,0,0,0,1.000,1.000,1.000,-90.00,180.00,-49.50,CLOSED,0
672457.089,0,0,0,1.000,1.000,1.000,-90.00,180.00,-49.50,CLOSED,0
672457.093,0,0,0,1.000,1.000,1.000,-90.00,180.00,-49.50,CLOSED,0
672457.099,0,0,0,1.000,1.000,1.000,-90.00,180.00,-49.50,CLOSED,1
672457.104,0,0,0,1.000,1.000,1.000,-90.00,180.00,-49.50,CLOSED,0
672457.108,0,0,0,1.000,1.000,1.000,-90.00,180.00,-49.50,CLOSED,0
672457.112,0,0,0,1.000,1.000,1.000,-90.00,180.00,-49.50,CLOSED,0
672457.116,0,0,0,1.000,1.000,1.000,-90.00,180.00,-49.50,CLOSED,0
672457.120,0,0,0,1.000,1.000,1.000,-90.00,180.00,-49.50,CLOSED,0
672457.124,0,0,0,1.000,1.000,1.000,-90.00,180.00,-49.50,CLOSED,0
672457.128,0,0,0,1.000,1.000,1.000,-90.00,180.00,-49.50,CLOSED,0
672457.132,0,0,0,1.000,1.000,1.000,-90.00,180.00,-49.50,CLOSED,0
672457.136,0,0,0,1.000,1.000,1.000,-90.00,180.00,-49.50,CLOSED,0
672457.140,0,0,0,1.000,1.000,1.000,-90.00,180.00,-49.50,CLOSED,0
672457.144,0,0,0,1.000,1.000,1.000,-90.00,180.00,-49.50,CLOSED,0
672457.148,0,0,0,1.000,1.000,1.000,-90.00,180.00,-49.50,CLOSED,0
672457.152,0,0,0,1.000,1.000,1.000,-90.00,180.00,-49.50,CLOSED,0
672457.156,0,0,0,1.000,1.000,1.000,-90.00,180.00,-49.50,CLOSED,0
672457.159,0,0,0,1.000,1.000,1.000,-90.00,180.00,-49.50,CLOSED,0
672457.163,0,0,0,1.000,1.000,1.000,-90.00,180.00,-49.50,CLOSED,0
672457.168,0,0,0,1.000,1.000,1.000,-90.00,180.00,-49.50,CLOSED,0
672457.173,0,0,0,1.000,1.000,1.000,-90.00,180.00,-49.50,CLOSED,0
672457.178,0,0,0,1.000,1.000,1.000,-90.00,180.00,-49.50,CLOSED,0
672457.182,0,0,0,1.000,1.000,1.000,-90.00,180.00,-49.50,CLOSED,0
672457.187,0,0,0,1.000,1.000,1.000,-90.00,180.00,-49.50,CLOSED,0
672457.191,0,0,0,1.000,1.000,1.000,-90.00,180.00,-49.50,CLOSED,0
672457.197,0,0,0,1.000,1.000,1.000,-90.00,180.00,-49.50,CLOSED,0
672457.201,0,0,0,1.000,1.000,1.000,-90.00,180.00,-49.50,CLOSED,0
672457.206,0,0,0,1.000,1.000,1.000,-90.00,180.00,-49.50,CLOSED,0
672457.210,0,0,0,1.000,1.000,1.000,-90.00,180.00,-49.50,CLOSED,0
672457.214,0,0,0,1.000,0.999,1.000,-90.00,180.00,-49.50,CLOSED,0
672457.218,0,0,0,1.000,0.996,1.000,-90.00,180.00,-49.50,CLOSED,0
672457.223,0,0,0,1.000,0.994,1.000,-90.00,180.00,-49.50,CLOSED,0
672457.227,0,0,0,1.000,0.984,1.000,-90.00,180.00,-49.50,CLOSED,0
672457.231,0,0,0,0.999,0.977,1.000,-90.00,180.00,-49.50,CLOSED,0
672457.236,0,0,0,0.998,0.944,1.000,-90.00,180.00,-49.50,CLOSED,0
672457.240,0,0,0,0.999,0.908,1.000,-90.00,180.00,-49.50,CLOSED,0
672457.244,0,0,0,0.997,0.568,1.000,-90.00,180.00,-49.50,CLOSED,0
672457.249,0,0,0,0.992,0.525,1.000,-90.00,180.00,-49.50,CLOSED,0
672457.253,0,0,0,0.994,0.679,1.000,-90.00,180.00,-49.50,CLOSED,0
672457.257,0,0,0,0.994,0.929,1.000,-90.00,180.00,-49.50,CLOSED,0
672457.261,0,0,0,0.993,0.997,1.000,-90.00,180.00,-49.50,CLOSED,0
672457.265,0,0,0,0.994,1.000,1.000,-90.00,180.00,-49.50,CLOSED,0
672457.268,0,0,0,0.989,1.000,1.000,-90.00,180.00,-49.50,CLOSED,0
672457.272,0,0,0,0.982,1.000,1.000,-90.00,180.00,-49.50,CLOSED,0
672457.276,0,0,0,0.987,1.000,1.000,-90.00,180.00,-49.50,CLOSED,0
672457.280,0,0,1,0.990,1.000,1.000,-89.75,180.00,-49.50,CLOSED,0
672457.285,0,0,1,0.989,1.000,1.000,-89.45,180.00,-49.50,CLOSED,1
672457.290,0,0,1,0.990,1.000,1.000,-89.19,180.00,-49.50,CLOSED,0
672457.294,0,0,1,0.990,1.000,1.000,-88.95,180.00,-49.50,CLOSED,0
672457.298,0,0,1,0.990,1.000,0.999,-88.72,180.00,-49.50,CLOSED,0
672457.301,0,0,1,0.994,1.000,0.998,-88.49,180.00,-49.50,CLOSED,0
672457.306,0,0,1,0.996,1.000,0.985,-88.24,180.00,-49.50,CLOSED,0
672457.311,0,0,1,0.996,1.000,0.814,-87.93,180.00,-49.50,CLOSED,0
672457.315,0,0,1,0.996,1.000,0.686,-87.66,180.00,-49.50,CLOSED,0
672457.319,0,0,1,0.997,0.992,0.917,-87.40,180.00,-49.50,CLOSED,0
672457.324,0,0,1,0.994,0.912,0.965,-87.15,180.00,-49.50,CLOSED,0
672457.328,0,0,1,0.994,0.598,0.964,-86.86,180.00,-49.50,CLOSED,0
672457.333,0,0,1,0.998,0.920,0.952,-86.61,180.00,-49.50,CLOSED,0
672457.337,0,0,1,0.999,0.989,0.955,-86.36,180.00,-49.50,CLOSED,0
672457.341,0,0,1,0.999,0.998,0.947,-86.12,180.00,-49.50,CLOSED,0
672457.345,0,0,1,0.999,0.999,0.945,-85.86,180.00,-49.50,CLOSED,0
672457.349,0,0,1,1.000,0.999,0.954,-85.63,180.00,-49.50,CLOSED,0
672457.353,0,0,1,1.000,0.999,0.965,-85.40,180.00,-49.50,CLOSED,0
672457.357,0,0,1,1.000,0.993,0.969,-85.15,180.00,-49.50,CLOSED,0
672457.362,0,0,1,1.000,0.626,0.984,-84.88,180.00,-49.50,CLOSED,0
672457.366,0,0,1,1.000,0.975,0.990,-84.64,180.00,-49.50,CLOSED,0
672457.370,0,0,1,1.000,0.999,0.990,-84.39,180.00,-49.50,CLOSED,0
672457.374,0,0,1,1.000,1.000,0.989,-84.15,180.00,-49.50,CLOSED,0
672457.378,0,0,1,1.000,1.000,0.986,-83.90,180.00,-49.50,CLOSED,0
672457.382,0,0,1,1.000,1.000,0.989,-83.67,180.00,-49.50,CLOSED,0
672457.386,0,0,1,1.000,1.000,0.990,-83.44,180.00,-49.50,CLOSED,1
672457.389,0,0,1,1.000,1.000,0.993,-83.21,180.00,-49.50,CLOSED,0
672457.393,0,0,1,1.000,0.999,0.995,-82.96,180.00,-49.50,CLOSED,0
672457.397,0,0,1,1.000,0.987,0.999,-82.75,180.00,-49.50,CLOSED,0
672457.401,0,0,1,1.000,0.764,1.000,-82.52,180.00,-49.50,CLOSED,0
672457.405,0,0,1,1.000,0.687,1.000,-82.30,180.00,-49.50,CLOSED,0
672457.409,0,0,1,1.000,0.860,1.000,-82.06,180.00,-49.50,CLOSED,0
672457.412,0,0,1,1.000,0.923,1.000,-81.83,180.00,-49.50,CLOSED,0
672457.416,0,0,1,1.000,0.940,1.000,-81.59,180.00,-49.50,CLOSED,0
672457.421,0,0,1,1.000,0.963,1.000,-81.33,180.00,-49.50,CLOSED,0
672457.426,0,0,1,1.000,0.984,1.000,-81.04,180.00,-49.50,CLOSED,0
672457.430,0,0,1,1.000,0.991,1.000,-80.77,180.00,-49.50,CLOSED,0
672457.436,0,0,1,1.000,0.988,1.000,-80.43,180.00,-49.50,CLOSED,0
672457.440,0,0,1,1.000,0.989,1.000,-80.15,180.00,-49.50,CLOSED,0
672457.444,0,0,1,1.000,0.989,1.000,-79.90,180.00,-49.50,CLOSED,0
672457.448,0,0,1,1.000,0.991,1.000,-79.67,180.00,-49.50,CLOSED,0
672457.452,0,0,1,1.000,0.997,1.000,-79.42,180.00,-49.50,CLOSED,0
672457.456,0,0,1,1.000,0.999,1.000,-79.19,180.00,-49.50,CLOSED,0
672457.460,0,0,1,1.000,1.000,1.000,-78.97,180.00,-49.50,CLOSED,0
672457.464,0,0,1,1.000,1.000,1.000,-78.76,180.00,-49.50,CLOSED,0
672457.467,0,0,1,1.000,1.000,1.000,-78.52,180.00,-49.50,CLOSED,0
672457.471,0,0,1,1.000,1.000,1.000,-78.29,180.00,-49.50,CLOSED,0
672457.475,0,0,1,1.000,1.000,1.000,-78.05,180.00,-49.50,CLOSED,0
672457.480,0,0,1,1.000,1.000,1.000,-77.79,180.00,-49.50,CLOSED,0
672457.484,0,0,1,1.000,1.000,1.000,-77.51,180.00,-49.50,CLOSED,0
672457.489,0,0,1,1.000,1.000,1.000,-77.21,180.00,-49.50,CLOSED,1
672457.494,0,0,1,1.000,1.000,1.000,-76.96,180.00,-49.50,CLOSED,0
672457.498,0,0,1,1.000,1.000,1.000,-76.69,180.00,-49.50,CLOSED,0
672457.502,0,0,1,1.000,1.000,1.000,-76.44,180.00,-49.50,CLOSED,0
672457.506,0,0,1,1.000,1.000,1.000,-76.21,180.00,-49.50,CLOSED,0
672457.510,0,0,1,1.000,1.000,1.000,-75.96,180.00,-49.50,CLOSED,0
672457.514,0,0,1,1.000,1.000,1.000,-75.73,180.00,-49.50,CLOSED,0
672457.518,0,0,1,1.000,1.000,1.000,-75.49,180.00,-49.50,CLOSED,0
672457.522,0,0,1,1.000,1.000,1.000,-75.25,180.00,-49.50,CLOSED,0
672457.526,0,0,1,1.000,1.000,1.000,-74.99,180.00,-49.50,CLOSED,0
672457.530,0,0,1,1.000,1.000,1.000,-74.76,180.00,-49.50,CLOSED,0
672457.534,0,0,1,1.000,1.000,1.000,-74.51,180.00,-49.50,CLOSED,0
672457.539,0,0,1,1.000,1.000,1.000,-74.25,180.00,-49.50,CLOSED,0
672457.543,0,0,1,1.000,1.000,1.000,-73.98,180.00,-49.50,CLOSED,0
672457.547,0,0,1,1.000,1.000,1.000,-73.76,180.00,-49.50,CLOSED,0
672457.550,0,0,1,1.000,1.000,1.000,-73.54,180.00,-49.50,CLOSED,0
672457.554,0,0,1,1.000,1.000,1.000,-73.31,180.00,-49.50,CLOSED,0
672457.560,0,0,1,1.000,1.000,1.000,-73.00,180.00,-49.50,CLOSED,0
672457.566,0,0,1,1.000,1.000,1.000,-72.64,180.00,-49.50,CLOSED,0
672457.572,0,0,1,1.000,1.000,1.000,-72.27,180.00,-49.50,CLOSED,0
672457.577,0,0,1,1.000,1.000,1.000,-71.93,180.00,-49.50,CLOSED,0
672457.583,0,0,1,1.000,1.000,1.000,-71.58,180.00,-49.50,CLOSED,0
672457.588,0,0,1,1.000,1.000,1.000,-71.29,180.00,-49.50,CLOSED,0
672457.593,0,0,1,1.000,1.000,1.000,-71.02,180.00,-49.50,CLOSED,1
672457.597,0,0,1,1.000,1.000,1.000,-70.76,180.00,-49.50,CLOSED,0
672457.601,0,0,1,1.000,1.000,1.000,-70.51,180.00,-49.50,CLOSED,0
672457.605,0,0,1,1.000,1.000,1.000,-70.27,180.00,-49.50,CLOSED,0
672457.609,0,0,1,1.000,1.000,1.000,-70.04,180.00,-49.50,CLOSED,0
672457.614,0,0,1,1.000,1.000,1.000,-69.74,180.00,-49.50,CLOSED,0
672457.618,0,0,1,1.000,1.000,1.000,-69.52,180.00,-49.50,CLOSED,0
672457.621,0,0,1,1.000,1.000,1.000,-69.30,180.00,-49.50,CLOSED,0
672457.625,0,0,1,1.000,1.000,1.000,-69.05,180.00,-49.50,CLOSED,0
672457.630,0,0,1,1.000,1.000,1.000,-68.79,180.00,-49.50,CLOSED,0
672457.634,0,0,1,1.000,1.000,1.000,-68.52,180.00,-49.50,CLOSED,0
672457.639,0,0,1,1.000,1.000,1.000,-68.25,180.00,-49.50,CLOSED,0
672457.643,0,0,1,1.000,1.000,1.000,-67.96,180.00,-49.50,CLOSED,0
672457.648,0,0,1,1.000,1.000,1.000,-67.70,180.00,-49.50,CLOSED,0
672457.653,0,0,1,1.000,1.000,1.000,-67.42,180.00,-49.50,CLOSED,0
672457.657,0,0,1,1.000,1.000,1.000,-67.12,180.00,-49.50,CLOSED,0
672457.661,0,0,1,1.000,1.000,1.000,-66.88,180.00,-49.50,CLOSED,0
672457.665,0,0,1,1.000,1.000,1.000,-66.65,180.00,-49.50,CLOSED,0
672457.669,0,0,1,1.000,1.000,1.000,-66.41,180.00,-49.50,CLOSED,0
672457.673,0,0,1,1.000,1.000,1.000,-66.17,180.00,-49.50,CLOSED,0
672457.679,0,0,1,1.000,1.000,1.000,-65.84,180.00,-49.50,CLOSED,0
672457.683,0,0,1,1.000,1.000,1.000,-65.58,180.00,-49.50,CLOSED,0
672457.687,0,0,1,1.000,1.000,1.000,-65.33,180.00,-49.50,CLOSED,0
672457.691,0,0,1,1.000,1.000,1.000,-65.08,180.00,-49.50,CLOSED,0
672457.696,0,0,1,1.000,1.000,1.000,-64.81,180.00,-49.50,CLOSED,1
672457.700,0,0,1,1.000,1.000,1.000,-64.57,180.00,-49.50,CLOSED,0
672457.704,0,0,1,1.000,1.000,1.000,-64.33,180.00,-49.50,CLOSED,0
672457.708,0,0,1,1.000,1.000,1.000,-64.09,180.00,-49.50,CLOSED,0
672457.712,0,0,1,1.000,1.000,1.000,-63.87,180.00,-49.50,CLOSED,0
672457.716,0,0,1,1.000,1.000,1.000,-63.63,180.00,-49.50,CLOSED,0
672457.719,0,0,1,1.000,1.000,1.000,-63.42,180.00,-49.50,CLOSED,0
672457.723,0,0,1,1.000,1.000,1.000,-63.20,180.00,-49.50,CLOSED,0
672457.727,0,0,1,1.000,1.000,1.000,-62.98,180.00,-49.50,CLOSED,0
672457.731,0,0,1,1.000,1.000,1.000,-62.74,180.00,-49.50,CLOSED,0
672457.735,0,0,1,1.000,1.000,1.000,-62.49,180.00,-49.50,CLOSED,0
672457.739,0,0,1,1.000,1.000,1.000,-62.24,180.00,-49.50,CLOSED,0
672457.743,0,0,1,1.000,1.000,1.000,-62.00,180.00,-49.50,CLOSED,0
672457.746,0,0,1,1.000,1.000,1.000,-61.78,180.00,-49.50,CLOSED,0
672457.750,0,0,1,1.000,1.000,1.000,-61.54,180.00,-49.50,CLOSED,0
672457.754,0,0,1,1.000,1.000,1.000,-61.32,180.00,-49.50,CLOSED,0
672457.758,0,0,1,1.000,1.000,1.000,-61.07,180.00,-49.50,CLOSED,0
672457.764,0,0,1,1.000,1.000,1.000,-60.75,180.00,-49.50,CLOSED,0
672457.768,0,0,1,1.000,1.000,1.000,-60.48,180.00,-49.50,CLOSED,0
672457.772,0,0,1,1.000,1.000,1.000,-60.25,180.00,-49.50,CLOSED,0
672457.776,0,0,1,1.000,1.000,1.000,-60.03,180.00,-49.50,CLOSED,0
672457.779,0,0,1,1.000,1.000,1.000,-59.80,180.00,-49.50,CLOSED,0
672457.784,0,0,1,1.000,1.000,1.000,-59.55,180.00,-49.50,CLOSED,0
672457.788,0,0,1,1.000,1.000,1.000,-59.32,180.00,-49.50,CLOSED,0
672457.791,0,0,1,1.000,1.000,1.000,-59.08,180.00,-49.50,CLOSED,0
672457.796,0,0,1,1.000,1.000,1.000,-58.83,180.00,-49.50,CLOSED,0
672457.799,0,0,1,1.000,1.000,1.000,-58.61,180.00,-49.50,CLOSED,1
672457.803,0,0,1,1.000,1.000,1.000,-58.37,180.00,-49.50,CLOSED,0
672457.807,0,0,1,1.000,1.000,1.000,-58.14,180.00,-49.50,CLOSED,0
672457.811,0,0,1,1.000,1.000,1.000,-57.90,180.00,-49.50,CLOSED,0
672457.815,0,0,1,1.000,1.000,1.000,-57.65,180.00,-49.50,CLOSED,0
672457.819,0,0,1,1.000,1.000,1.000,-57.42,180.00,-49.50,CLOSED,0
672457.823,0,0,1,0.999,1.000,1.000,-57.18,180.00,-49.50,CLOSED,0
672457.827,0,0,1,0.999,1.000,1.000,-56.93,180.00,-49.50,CLOSED,0
672457.831,0,0,1,0.995,1.000,1.000,-56.69,180.00,-49.50,CLOSED,0
672457.835,0,0,1,0.986,1.000,1.000,-56.45,180.00,-49.50,CLOSED,0
672457.839,0,0,1,0.990,1.000,1.000,-56.23,180.00,-49.50,CLOSED,0
672457.843,0,0,1,0.975,0.598,0.999,-55.99,180.00,-49.50,CLOSED,0
672457.847,0,0,1,1.000,0.992,0.938,-55.77,180.00,-49.50,CLOSED,0
672457.851,0,0,0,1.000,0.999,0.609,-56.01,180.00,-49.50,CLOSED,0
672457.855,0,0,0,1.000,1.000,0.842,-56.27,180.00,-49.50,CLOSED,0
672457.860,0,0,0,1.000,1.000,0.956,-56.55,180.00,-49.50,CLOSED,0
672457.864,0,0,0,0.999,1.000,0.983,-56.84,180.00,-49.50,CLOSED,0
672457.869,0,0,0,0.999,1.000,0.996,-57.11,180.00,-49.50,CLOSED,0
672457.875,0,0,0,1.000,1.000,0.999,-57.44,180.00,-49.50,CLOSED,0
672457.879,0,0,0,1.000,1.000,1.000,-57.71,180.00,-49.50,CLOSED,0
672457.883,0,0,0,1.000,1.000,1.000,-57.95,180.00,-49.50,CLOSED,0
672457.887,0,0,0,1.000,1.000,1.000,-58.18,180.00,-49.50,CLOSED,0
672457.891,0,0,0,1.000,1.000,1.000,-58.41,180.00,-49.50,CLOSED,0
672457.895,0,0,0,1.000,1.000,1.000,-58.64,180.00,-49.50,CLOSED,0
672457.898,0,0,0,1.000,1.000,1.000,-58.87,180.00,-49.50,CLOSED,0
672457.903,0,0,0,1.000,1.000,1.000,-59.13,180.00,-49.50,CLOSED,1
672457.906,0,0,0,1.000,1.000,1.000,-59.35,180.00,-49.50,CLOSED,0
672457.910,0,0,0,1.000,1.000,1.000,-59.59,180.00,-49.50,CLOSED,0
672457.914,0,0,0,1.000,1.000,1.000,-59.83,180.00,-49.50,CLOSED,0
672457.918,0,0,0,1.000,1.000,1.000,-60.05,180.00,-49.50,CLOSED,0
672457.922,0,0,0,1.000,0.838,1.000,-60.29,180.00,-49.50,CLOSED,0
672457.925,0,0,0,1.000,1.000,1.000,-60.50,180.00,-49.50,CLOSED,0
672457.929,0,0,0,1.000,1.000,1.000,-60.71,180.00,-49.50,CLOSED,0
672457.933,0,0,0,0.999,1.000,1.000,-60.97,180.00,-49.50,CLOSED,0
672457.937,0,0,0,1.000,1.000,1.000,-61.22,180.00,-49.50,CLOSED,0
672457.941,0,0,0,1.000,1.000,1.000,-61.45,180.00,-49.50,CLOSED,0
672457.945,0,0,0,1.000,1.000,1.000,-61.67,180.00,-49.50,CLOSED,0
672457.949,0,0,0,1.000,1.000,1.000,-61.90,180.00,-49.50,CLOSED,0
672457.953,0,0,0,1.000,1.000,1.000,-62.15,180.00,-49.50,CLOSED,0
672457.957,0,0,0,1.000,1.000,1.000,-62.39,180.00,-49.50,CLOSED,0
672457.961,0,0,0,1.000,1.000,1.000,-62.63,180.00,-49.50,CLOSED,0
672457.965,0,0,0,1.000,1.000,1.000,-62.86,180.00,-49.50,CLOSED,0
672457.969,0,0,0,1.000,1.000,1.000,-63.10,180.00,-49.50,CLOSED,0
672457.973,0,0,0,1.000,1.000,1.000,-63.34,180.00,-49.50,CLOSED,0
672457.976,0,0,0,1.000,1.000,1.000,-63.56,180.00,-49.50,CLOSED,0
672457.980,0,0,0,1.000,1.000,1.000,-63.78,180.00,-49.50,CLOSED,0
672457.984,0,0,0,1.000,1.000,1.000,-64.02,180.00,-49.50,CLOSED,0
672457.988,0,0,0,1.000,1.000,1.000,-64.26,180.00,-49.50,CLOSED,0
672457.992,0,0,0,1.000,1.000,1.000,-64.52,180.00,-49.50,CLOSED,0
672457.998,0,0,0,1.000,1.000,1.000,-64.83,180.00,-49.50,CLOSED,0
672458.002,0,0,0,1.000,1.000,1.000,-65.10,180.00,-49.50,CLOSED,0
672458.006,0,0,0,1.000,1.000,1.000,-65.32,180.00,-49.50,CLOSED,1
672458.009,0,0,0,1.000,1.000,1.000,-65.54,180.00,-49.50,CLOSED,0
672458.013,0,0,0,1.000,1.000,1.000,-65.77,180.00,-49.50,CLOSED,0
672458.018,0,0,0,1.000,1.000,1.000,-66.06,180.00,-49.50,CLOSED,0
672458.022,0,0,0,1.000,1.000,1.000,-66.31,180.00,-49.50,CLOSED,0
672458.026,0,0,0,1.000,1.000,1.000,-66.54,180.00,-49.50,CLOSED,0
672458.030,0,0,0,1.000,1.000,1.000,-66.79,180.00,-49.50,CLOSED,0
672458.035,0,0,0,1.000,1.000,1.000,-67.05,180.00,-49.50,CLOSED,0
672458.038,0,0,0,1.000,1.000,1.000,-67.28,180.00,-49.50,CLOSED,0
672458.043,0,0,0,1.000,1.000,1.000,-67.53,180.00,-49.50,CLOSED,0
672458.047,0,0,0,1.000,1.000,1.000,-67.77,180.00,-49.50,CLOSED,0
672458.051,0,0,0,1.000,1.000,1.000,-68.02,180.00,-49.50,CLOSED,0
672458.055,0,0,0,1.000,1.000,1.000,-68.25,180.00,-49.50,CLOSED,0
672458.059,0,0,0,1.000,1.000,1.000,-68.49,180.00,-49.50,CLOSED,0
672458.062,0,0,0,1.000,1.000,1.000,-68.71,180.00,-49.50,CLOSED,0
672458.066,0,0,0,1.000,1.000,1.000,-68.93,180.00,-49.50,CLOSED,0
672458.070,0,0,0,1.000,1.000,1.000,-69.15,180.00,-49.50,CLOSED,0
672458.073,0,0,0,1.000,1.000,1.000,-69.38,180.00,-49.50,CLOSED,0
672458.078,0,0,0,1.000,1.000,1.000,-69.63,180.00,-49.50,CLOSED,0
672458.081,0,0,0,1.000,1.000,1.000,-69.86,180.00,-49.50,CLOSED,0
672458.085,0,0,0,1.000,1.000,1.000,-70.10,180.00,-49.50,CLOSED,0
672458.090,0,0,0,1.000,1.000,1.000,-70.37,180.00,-49.50,CLOSED,0
672458.094,0,0,0,1.000,1.000,1.000,-70.63,180.00,-49.50,CLOSED,0
672458.098,0,0,0,1.000,1.000,1.000,-70.85,180.00,-49.50,CLOSED,0
672458.102,0,0,0,1.000,1.000,1.000,-71.12,180.00,-49.50,CLOSED,0
672458.107,0,0,0,1.000,1.000,1.000,-71.41,180.00,-49.50,CLOSED,1
672458.111,0,0,0,1.000,1.000,1.000,-71.65,180.00,-49.50,CLOSED,0
672458.115,0,0,0,1.000,1.000,1.000,-71.89,180.00,-49.50,CLOSED,0
672458.119,0,0,0,1.000,1.000,1.000,-72.14,180.00,-49.50,CLOSED,0
672458.124,0,0,0,1.000,1.000,1.000,-72.39,180.00,-49.50,CLOSED,0
672458.127,0,0,0,1.000,1.000,1.000,-72.62,180.00,-49.50,CLOSED,0
672458.131,0,0,0,1.000,1.000,1.000,-72.85,180.00,-49.50,CLOSED,0
672458.135,0,0,0,1.000,1.000,1.000,-73.10,180.00,-49.50,CLOSED,0
672458.140,0,0,0,1.000,1.000,1.000,-73.36,180.00,-49.50,CLOSED,0
672458.144,0,0,0,1.000,1.000,1.000,-73.60,180.00,-49.50,CLOSED,0
672458.148,0,0,0,1.000,1.000,1.000,-73.83,180.00,-49.50,CLOSED,0
672458.151,0,0,0,1.000,1.000,1.000,-74.04,180.00,-49.50,CLOSED,0
672458.155,0,0,0,1.000,1.000,1.000,-74.30,180.00,-49.50,CLOSED,0
672458.160,0,0,0,1.000,1.000,1.000,-74.55,180.00,-49.50,CLOSED,0
672458.165,0,0,0,1.000,1.000,1.000,-74.88,180.00,-49.50,CLOSED,0
672458.170,0,0,0,1.000,1.000,1.000,-75.19,180.00,-49.50,CLOSED,0
672458.174,0,0,0,1.000,1.000,1.000,-75.44,180.00,-49.50,CLOSED,0
672458.178,0,0,0,1.000,1.000,1.000,-75.67,180.00,-49.50,CLOSED,0
672458.182,0,0,0,1.000,1.000,1.000,-75.91,180.00,-49.50,CLOSED,0
672458.187,0,0,0,1.000,1.000,1.000,-76.17,180.00,-49.50,CLOSED,0
672458.192,0,0,0,1.000,1.000,1.000,-76.47,180.00,-49.50,CLOSED,0
672458.196,0,0,0,1.000,1.000,1.000,-76.71,180.00,-49.50,CLOSED,0
672458.199,0,0,0,1.000,1.000,1.000,-76.93,180.00,-49.50,CLOSED,0
672458.204,0,0,0,1.000,1.000,1.000,-77.20,180.00,-49.50,CLOSED,0
672458.208,0,0,0,1.000,1.000,1.000,-77.43,180.00,-49.50,CLOSED,1
672458.211,0,0,0,1.000,1.000,1.000,-77.65,180.00,-49.50,CLOSED,0
672458.215,0,0,0,1.000,1.000,1.000,-77.86,180.00,-49.50,CLOSED,0
672458.219,0,0,0,1.000,1.000,1.000,-78.09,180.00,-49.50,CLOSED,0
672458.223,0,0,0,1.000,1.000,1.000,-78.32,180.00,-49.50,CLOSED,0
672458.227,0,0,0,1.000,1.000,1.000,-78.57,180.00,-49.50,CLOSED,0
672458.232,0,0,0,1.000,1.000,1.000,-78.90,180.00,-49.50,CLOSED,0
672458.236,0,0,0,1.000,1.000,1.000,-79.14,180.00,-49.50,CLOSED,0
672458.241,0,0,0,1.000,1.000,1.000,-79.40,180.00,-49.50,CLOSED,0
672458.245,0,0,0,1.000,1.000,1.000,-79.69,180.00,-49.50,CLOSED,0
672458.250,0,0,0,1.000,1.000,1.000,-80.00,180.00,-49.50,CLOSED,0
672458.255,0,0,0,1.000,1.000,1.000,-80.29,180.00,-49.50,CLOSED,0
672458.260,0,0,0,1.000,1.000,1.000,-80.58,180.00,-49.50,CLOSED,0
672458.265,0,0,0,1.000,1.000,1.000,-80.90,180.00,-49.50,CLOSED,0
672458.270,0,0,0,1.000,1.000,1.000,-81.18,180.00,-49.50,CLOSED,0
672458.274,0,0,0,1.000,1.000,1.000,-81.44,180.00,-49.50,CLOSED,0
672458.280,0,0,0,1.000,1.000,1.000,-81.78,180.00,-49.50,CLOSED,0
672458.285,0,0,0,1.000,1.000,1.000,-82.06,180.00,-49.50,CLOSED,0
672458.289,0,0,0,1.000,1.000,1.000,-82.30,180.00,-49.50,CLOSED,0
672458.293,0,0,0,1.000,1.000,1.000,-82.55,180.00,-49.50,CLOSED,0
672458.297,0,0,0,1.000,1.000,1.000,-82.79,180.00,-49.50,CLOSED,0
672458.301,0,0,0,1.000,1.000,1.000,-83.03,180.00,-49.50,CLOSED,0
672458.305,0,0,0,1.000,1.000,1.000,-83.28,180.00,-49.50,CLOSED,0
672458.309,0,0,0,1.000,1.000,1.000,-83.52,180.00,-49.50,CLOSED,1
672458.313,0,0,0,1.000,1.000,1.000,-83.77,180.00,-49.50,CLOSED,0
672458.318,0,0,0,1.000,1.000,1.000,-84.03,180.00,-49.50,CLOSED,0
672458.322,0,0,0,1.000,1.000,1.000,-84.28,180.00,-49.50,CLOSED,0
672458.326,0,0,0,1.000,1.000,1.000,-84.52,180.00,-49.50,CLOSED,0
672458.330,0,0,0,1.000,1.000,1.000,-84.77,180.00,-49.50,CLOSED,0
672458.334,0,0,0,0.999,1.000,1.000,-85.02,180.00,-49.50,CLOSED,0
672458.338,0,0,0,0.998,1.000,1.000,-85.25,180.00,-49.50,CLOSED,0
672458.342,0,0,0,0.998,1.000,1.000,-85.50,180.00,-49.50,CLOSED,0
672458.347,0,0,0,0.998,1.000,1.000,-85.80,180.00,-49.50,CLOSED,0
672458.352,0,0,0,0.999,1.000,1.000,-86.08,180.00,-49.50,CLOSED,0
672458.356,0,0,0,1.000,1.000,1.000,-86.34,180.00,-49.50,CLOSED,0
672458.360,0,0,0,1.000,1.000,1.000,-86.58,180.00,-49.50,CLOSED,0
672458.364,0,0,0,1.000,1.000,1.000,-86.83,180.00,-49.50,CLOSED,0
672458.368,0,0,0,1.000,1.000,1.000,-87.07,180.00,-49.50,CLOSED,0
672458.372,0,0,0,0.998,1.000,1.000,-87.31,180.00,-49.50,CLOSED,0
672458.376,0,0,0,0.995,0.999,1.000,-87.54,180.00,-49.50,CLOSED,0
672458.380,0,1,0,0.984,0.995,1.000,-87.75,179.78,-49.50,CLOSED,0
672458.383,0,1,0,0.969,0.948,0.999,-87.98,179.55,-49.50,CLOSED,0
672458.387,0,1,1,0.958,0.581,0.997,-87.76,179.33,-49.50,CLOSED,0
672458.391,0,1,1,0.939,0.711,0.980,-87.51,179.08,-49.50,CLOSED,0
672458.396,0,1,1,0.902,0.936,0.930,-87.22,178.80,-49.50,CLOSED,0
672458.401,0,1,1,0.857,0.972,0.764,-86.91,178.48,-49.50,CLOSED,0
672458.407,0,1,1,0.780,0.997,0.735,-86.60,178.17,-49.50,CLOSED,0
672458.412,0,1,1,0.620,0.997,0.924,-86.27,177.84,-49.50,CLOSED,1
672458.417,0,1,1,0.505,0.952,0.993,-85.97,177.54,-49.50,CLOSED,0
672458.422,0,1,1,0.869,0.625,0.995,-85.65,177.22,-49.50,CLOSED,0
672458.427,0,1,1,0.999,0.858,0.995,-85.36,176.93,-49.50,CLOSED,0
672458.438,0,1,1,0.999,0.914,0.996,-84.73,176.30,-49.50,CLOSED,0
672458.444,0,1,1,1.000,0.870,0.996,-84.37,175.94,-49.50,CLOSED,0
672458.450,0,1,1,1.000,0.964,0.995,-84.00,175.57,-49.50,CLOSED,0
672458.456,0,1,1,1.000,0.981,0.995,-83.62,175.19,-49.50,CLOSED,0
672458.462,0,1,1,1.000,0.996,0.994,-83.25,174.82,-49.50,CLOSED,0
672458.468,0,1,1,1.000,0.999,0.983,-82.88,174.46,-49.50,CLOSED,0
672458.475,0,1,1,1.000,0.999,0.981,-82.51,174.08,-49.50,CLOSED,0
672458.481,0,1,1,1.000,0.998,0.973,-82.13,173.71,-49.50,CLOSED,0
672458.486,0,1,1,1.000,0.987,0.943,-81.80,173.38,-49.50,CLOSED,0
672458.491,0,1,1,1.000,0.718,0.950,-81.54,173.11,-49.50,CLOSED,0
672458.495,0,1,1,1.000,0.947,0.992,-81.28,172.85,-49.50,CLOSED,0
672458.499,0,1,1,1.000,1.000,0.999,-81.03,172.60,-49.50,CLOSED,0
672458.503,0,1,1,1.000,1.000,1.000,-80.78,172.36,-49.50,CLOSED,0
672458.507,0,1,1,1.000,1.000,1.000,-80.55,172.12,-49.50,CLOSED,0
672458.511,0,1,1,1.000,1.000,1.000,-80.31,171.88,-49.50,CLOSED,0
672458.516,0,1,1,1.000,1.000,1.000,-80.05,171.63,-49.50,CLOSED,1
672458.520,0,1,1,1.000,1.000,1.000,-79.82,171.39,-49.50,CLOSED,0
672458.523,0,1,1,1.000,1.000,1.000,-79.58,171.16,-49.50,CLOSED,0
672458.527,0,1,1,1.000,1.000,1.000,-79.35,170.92,-49.50,CLOSED,0
672458.531,0,1,1,1.000,1.000,1.000,-79.12,170.70,-49.50,CLOSED,0
672458.535,0,1,1,1.000,1.000,1.000,-78.88,170.45,-49.50,CLOSED,0
672458.539,0,1,1,1.000,1.000,1.000,-78.64,170.21,-49.50,CLOSED,0
672458.543,0,1,1,1.000,1.000,1.000,-78.38,169.96,-49.50,CLOSED,0
672458.548,0,1,1,1.000,1.000,1.000,-78.12,169.70,-49.50,CLOSED,0
672458.552,0,1,1,1.000,1.000,1.000,-77.89,169.46,-49.50,CLOSED,0
672458.556,0,1,1,1.000,1.000,1.000,-77.64,169.21,-49.50,CLOSED,0
672458.561,0,1,1,1.000,1.000,1.000,-77.31,168.88,-49.50,CLOSED,0
672458.565,0,1,1,1.000,1.000,1.000,-77.08,168.65,-49.50,CLOSED,0
672458.569,0,1,1,1.000,1.000,1.000,-76.83,168.40,-49.50,CLOSED,0
672458.573,0,1,1,1.000,1.000,1.000,-76.61,168.18,-49.50,CLOSED,0
672458.577,0,1,1,1.000,1.000,1.000,-76.39,167.96,-49.50,CLOSED,0
672458.581,0,1,1,1.000,1.000,1.000,-76.16,167.73,-49.50,CLOSED,0
672458.585,0,1,1,1.000,1.000,1.000,-75.92,167.49,-49.50,CLOSED,0
672458.588,0,1,1,1.000,1.000,1.000,-75.69,167.26,-49.50,CLOSED,0
672458.593,0,1,1,1.000,1.000,1.000,-75.43,167.01,-49.50,CLOSED,0
672458.597,0,1,1,1.000,1.000,1.000,-75.20,166.77,-49.50,CLOSED,0
672458.601,0,1,1,1.000,1.000,1.000,-74.96,166.53,-49.50,CLOSED,0
672458.604,0,1,1,1.000,1.000,1.000,-74.74,166.31,-49.50,CLOSED,0
672458.608,0,1,1,1.000,1.000,1.000,-74.49,166.06,-49.50,CLOSED,0
672458.612,0,1,1,1.000,1.000,1.000,-74.25,165.82,-49.50,CLOSED,0
672458.616,0,1,1,1.000,1.000,1.000,-74.03,165.60,-49.50,CLOSED,1
672458.620,0,1,1,1.000,1.000,1.000,-73.79,165.36,-49.50,CLOSED,0
672458.624,0,1,1,1.000,1.000,1.000,-73.54,165.11,-49.50,CLOSED,0
672458.628,0,1,1,1.000,1.000,1.000,-73.30,164.87,-49.50,CLOSED,0
672458.632,0,1,1,1.000,1.000,1.000,-73.04,164.61,-49.50,CLOSED,0
672458.636,0,1,1,1.000,1.000,1.000,-72.80,164.37,-49.50,CLOSED,0
672458.641,0,1,1,1.000,1.000,1.000,-72.53,164.11,-49.50,CLOSED,0
672458.645,0,1,1,1.000,1.000,1.000,-72.30,163.87,-49.50,CLOSED,0
672458.649,0,1,1,1.000,1.000,1.000,-72.07,163.64,-49.50,CLOSED,0
672458.654,0,1,1,1.000,1.000,1.000,-71.77,163.34,-49.50,CLOSED,0
672458.658,0,1,1,1.000,1.000,1.000,-71.53,163.10,-49.50,CLOSED,0
672458.661,0,1,1,1.000,1.000,1.000,-71.30,162.88,-49.50,CLOSED,0
672458.666,0,1,1,1.000,1.000,1.000,-71.05,162.63,-49.50,CLOSED,0
672458.670,0,1,1,1.000,1.000,1.000,-70.79,162.36,-49.50,CLOSED,0
672458.675,0,1,1,1.000,1.000,1.000,-70.52,162.09,-49.50,CLOSED,0
672458.679,0,1,1,1.000,1.000,1.000,-70.24,161.81,-49.50,CLOSED,0
672458.684,0,1,1,1.000,1.000,1.000,-69.96,161.53,-49.50,CLOSED,0
672458.688,0,1,1,1.000,1.000,1.000,-69.70,161.27,-49.50,CLOSED,0
672458.692,0,1,1,1.000,1.000,1.000,-69.44,161.01,-49.50,CLOSED,0
672458.696,0,1,1,1.000,1.000,1.000,-69.21,160.78,-49.50,CLOSED,0
672458.700,0,1,1,1.000,1.000,1.000,-68.98,160.55,-49.50,CLOSED,0
672458.704,0,1,1,1.000,1.000,1.000,-68.75,160.32,-49.50,CLOSED,0
672458.708,0,1,1,1.000,1.000,1.000,-68.53,160.10,-49.50,CLOSED,0
672458.712,0,1,1,1.000,1.000,1.000,-68.27,159.84,-49.50,CLOSED,0
672458.716,0,1,1,1.000,1.000,1.000,-68.01,159.58,-49.50,CLOSED,1
672458.720,0,1,1,1.000,1.000,1.000,-67.77,159.34,-49.50,CLOSED,0
672458.724,0,1,1,1.000,1.000,1.000,-67.53,159.10,-49.50,CLOSED,0
672458.728,0,1,1,1.000,1.000,1.000,-67.28,158.85,-49.50,CLOSED,0
672458.733,0,1,1,1.000,1.000,1.000,-67.03,158.60,-49.50,CLOSED,0
672458.737,0,1,1,1.000,1.000,1.000,-66.77,158.34,-49.50,CLOSED,0
672458.741,0,1,1,1.000,1.000,1.000,-66.53,158.10,-49.50,CLOSED,0
672458.745,0,1,1,1.000,1.000,1.000,-66.30,157.87,-49.50,CLOSED,0
672458.749,0,1,1,1.000,1.000,1.000,-66.07,157.64,-49.50,CLOSED,0
672458.753,0,1,1,1.000,1.000,1.000,-65.83,157.40,-49.50,CLOSED,0
672458.756,0,1,1,1.000,1.000,1.000,-65.61,157.18,-49.50,CLOSED,0
672458.760,0,1,1,1.000,1.000,1.000,-65.39,156.97,-49.50,CLOSED,0
672458.764,0,1,1,1.000,1.000,1.000,-65.17,156.74,-49.50,CLOSED,0
672458.768,0,1,1,1.000,1.000,1.000,-64.92,156.49,-49.50,CLOSED,0
672458.772,0,1,1,1.000,1.000,1.000,-64.68,156.26,-49.50,CLOSED,0
672458.776,0,1,1,1.000,1.000,1.000,-64.43,156.01,-49.50,CLOSED,0
672458.780,0,1,1,1.000,1.000,1.000,-64.20,155.77,-49.50,CLOSED,0
672458.784,0,1,1,1.000,1.000,1.000,-63.97,155.55,-49.50,CLOSED,0
672458.788,0,1,1,1.000,1.000,1.000,-63.68,155.25,-49.50,CLOSED,0
672458.793,0,1,1,1.000,1.000,1.000,-63.42,155.00,-49.50,CLOSED,0
672458.797,0,1,1,1.000,1.000,1.000,-63.17,154.74,-49.50,CLOSED,0
672458.801,0,1,1,1.000,1.000,1.000,-62.92,154.50,-49.50,CLOSED,0
672458.805,0,1,1,1.000,1.000,1.000,-62.70,154.28,-49.50,CLOSED,0
672458.809,0,1,1,1.000,1.000,1.000,-62.47,154.04,-49.50,CLOSED,0
672458.813,0,1,1,1.000,1.000,1.000,-62.19,153.76,-49.50,CLOSED,0
672458.817,0,1,1,1.000,1.000,1.000,-61.95,153.52,-49.50,CLOSED,1
672458.821,0,1,1,1.000,1.000,1.000,-61.72,153.29,-49.50,CLOSED,0
672458.825,0,1,1,1.000,1.000,1.000,-61.49,153.06,-49.50,CLOSED,0
672458.829,0,1,1,1.000,1.000,1.000,-61.23,152.80,-49.50,CLOSED,0
672458.834,0,1,1,1.000,1.000,1.000,-60.96,152.53,-49.50,CLOSED,0
672458.838,0,1,1,1.000,1.000,1.000,-60.73,152.31,-49.50,CLOSED,0
672458.841,0,1,1,1.000,1.000,1.000,-60.51,152.08,-49.50,CLOSED,0
672458.845,0,1,1,1.000,1.000,1.000,-60.29,151.86,-49.50,CLOSED,0
672458.848,0,1,1,1.000,1.000,1.000,-60.08,151.65,-49.50,CLOSED,0
672458.852,0,1,1,1.000,1.000,1.000,-59.85,151.42,-49.50,CLOSED,0
672458.856,0,1,1,1.000,1.000,1.000,-59.62,151.19,-49.50,CLOSED,0
672458.860,0,1,1,1.000,1.000,1.000,-59.38,150.95,-49.50,CLOSED,0
672458.864,0,1,1,1.000,1.000,1.000,-59.14,150.71,-49.50,CLOSED,0
672458.868,0,1,1,1.000,1.000,1.000,-58.90,150.47,-49.50,CLOSED,0
672458.872,0,1,1,1.000,1.000,1.000,-58.65,150.22,-49.50,CLOSED,0
672458.876,0,1,1,1.000,1.000,1.000,-58.41,149.98,-49.50,CLOSED,0
672458.880,0,1,1,1.000,1.000,1.000,-58.17,149.74,-49.50,CLOSED,0
672458.884,0,1,1,1.000,1.000,1.000,-57.93,149.50,-49.50,CLOSED,0
672458.889,0,1,1,1.000,1.000,1.000,-57.64,149.22,-49.50,CLOSED,0
672458.893,0,1,1,1.000,1.000,1.000,-57.39,148.97,-49.50,CLOSED,0
672458.897,0,1,1,1.000,1.000,1.000,-57.16,148.73,-49.50,CLOSED,0
672458.902,0,1,1,1.000,1.000,1.000,-56.90,148.47,-49.50,CLOSED,0
672458.906,0,1,1,1.000,1.000,1.000,-56.65,148.23,-49.50,CLOSED,0
672458.910,0,1,1,1.000,1.000,1.000,-56.37,147.94,-49.50,CLOSED,0
672458.914,0,1,1,1.000,1.000,1.000,-56.14,147.71,-49.50,CLOSED,0
672458.918,0,1,1,1.000,1.000,1.000,-55.91,147.48,-49.50,CLOSED,1
672458.922,0,1,1,1.000,1.000,1.000,-55.68,147.25,-49.50,CLOSED,0
672458.926,0,1,1,1.000,1.000,1.000,-55.44,147.02,-49.50,CLOSED,0
672458.929,0,0,1,1.000,1.000,1.000,-55.22,147.24,-49.50,CLOSED,0
672458.933,0,0,1,1.000,1.000,1.000,-54.99,147.47,-49.50,CLOSED,0
672458.938,0,0,1,1.000,1.000,1.000,-54.74,147.72,-49.50,CLOSED,0
672458.942,0,0,1,1.000,1.000,1.000,-54.50,147.96,-49.50,CLOSED,0
672458.945,0,0,1,1.000,1.000,1.000,-54.28,148.18,-49.50,CLOSED,0
672458.949,0,0,1,1.000,1.000,1.000,-54.06,148.40,-49.50,CLOSED,0
672458.953,0,0,1,1.000,1.000,1.000,-53.83,148.63,-49.50,CLOSED,0
672458.957,0,0,0,1.000,1.000,1.000,-54.09,148.89,-49.50,CLOSED,0
672458.961,0,0,0,1.000,1.000,1.000,-54.34,149.14,-49.50,CLOSED,0
672458.965,0,0,0,0.999,1.000,1.000,-54.59,149.39,-49.50,CLOSED,0
672458.969,0,0,0,0.994,1.000,1.000,-54.83,149.63,-49.50,CLOSED,0
672458.973,0,0,0,0.729,1.000,1.000,-55.06,149.86,-49.50,CLOSED,0
672458.977,0,0,0,0.867,1.000,1.000,-55.28,150.09,-49.50,CLOSED,0
672458.981,0,0,0,0.947,1.000,1.000,-55.50,150.30,-49.50,CLOSED,0
672458.985,0,0,0,0.986,1.000,1.000,-55.74,150.54,-49.50,CLOSED,0
672458.988,0,0,0,0.997,1.000,1.000,-55.96,150.76,-49.50,CLOSED,0
672458.992,0,0,0,1.000,0.999,0.999,-56.18,150.98,-49.50,CLOSED,0
672458.996,0,0,0,1.000,0.502,0.999,-56.42,151.22,-49.50,CLOSED,0
672459.001,0,0,0,1.000,0.999,1.000,-56.73,151.53,-49.50,CLOSED,0
672459.005,3,0,0,1.000,1.000,1.000,-56.97,151.78,-49.50,OPEN,0
672459.009,3,0,0,1.000,1.000,1.000,-57.19,152.00,-49.50,OPEN,0
672459.013,3,0,0,1.000,1.000,1.000,-57.43,152.23,-49.50,OPEN,0
672459.017,3,0,0,1.000,1.000,1.000,-57.70,152.50,-49.50,OPEN,0
672459.021,3,0,0,1.000,1.000,1.000,-57.95,152.75,-49.50,OPEN,1
672459.026,3,0,0,1.000,1.000,1.000,-58.21,153.01,-49.50,OPEN,0
672459.030,3,0,0,1.000,1.000,1.000,-58.45,153.25,-49.50,OPEN,0
672459.034,3,0,0,1.000,1.000,1.000,-58.74,153.54,-49.50,OPEN,0
672459.038,3,0,0,1.000,1.000,1.000,-58.97,153.78,-49.50,OPEN,0
672459.042,3,0,0,1.000,1.000,1.000,-59.21,154.01,-49.50,OPEN,0
672459.046,3,0,0,1.000,1.000,1.000,-59.43,154.23,-49.50,OPEN,0
672459.050,3,0,0,1.000,1.000,1.000,-59.68,154.49,-49.50,OPEN,0
672459.054,3,0,0,1.000,1.000,1.000,-59.91,154.71,-49.50,OPEN,0
672459.058,3,0,0,1.000,1.000,1.000,-60.13,154.93,-49.50,OPEN,0
672459.061,3,0,0,1.000,1.000,1.000,-60.34,155.14,-49.50,OPEN,0
672459.065,3,0,0,1.000,1.000,1.000,-60.57,155.38,-49.50,OPEN,0
672459.069,3,0,0,1.000,1.000,1.000,-60.80,155.60,-49.50,OPEN,0
672459.073,3,0,0,1.000,1.000,1.000,-61.06,155.86,-49.50,OPEN,0
672459.077,3,0,0,1.000,1.000,1.000,-61.31,156.11,-49.50,OPEN,0
672459.082,3,0,0,1.000,1.000,1.000,-61.56,156.36,-49.50,OPEN,0
672459.086,3,0,0,1.000,1.000,1.000,-61.82,156.62,-49.50,OPEN,0
672459.090,3,0,0,1.000,1.000,1.000,-62.07,156.87,-49.50,OPEN,0
672459.094,3,0,0,1.000,1.000,1.000,-62.32,157.12,-49.50,OPEN,0
672459.099,3,0,0,1.000,1.000,1.000,-62.58,157.38,-49.50,OPEN,0
672459.103,3,0,0,1.000,1.000,1.000,-62.83,157.63,-49.50,OPEN,0
672459.108,3,0,0,1.000,1.000,1.000,-63.12,157.92,-49.50,OPEN,0
672459.112,3,0,0,1.000,1.000,1.000,-63.40,158.20,-49.50,OPEN,0
672459.116,3,0,0,1.000,1.000,1.000,-63.64,158.45,-49.50,OPEN,0
672459.120,3,0,0,1.000,1.000,1.000,-63.90,158.70,-49.50,OPEN,0
672459.126,3,0,0,1.000,1.000,1.000,-64.22,159.02,-49.50,OPEN,1
672459.130,3,0,0,1.000,1.000,1.000,-64.44,159.24,-49.50,OPEN,0
672459.134,3,0,0,1.000,1.000,1.000,-64.68,159.48,-49.50,OPEN,0
672459.137,3,0,0,1.000,1.000,1.000,-64.91,159.71,-49.50,OPEN,0
672459.143,3,0,0,1.000,1.000,1.000,-65.26,160.07,-49.50,OPEN,0
672459.148,3,0,0,1.000,1.000,1.000,-65.55,160.35,-49.50,OPEN,0
672459.153,3,0,0,1.000,1.000,1.000,-65.86,160.66,-49.50,OPEN,0
672459.158,3,0,0,1.000,1.000,1.000,-66.13,160.93,-49.50,OPEN,0
672459.162,3,0,0,1.000,1.000,1.000,-66.40,161.20,-49.50,OPEN,0
672459.167,3,0,0,1.000,1.000,1.000,-66.66,161.46,-49.50,OPEN,0
672459.171,3,0,0,1.000,1.000,1.000,-66.93,161.73,-49.50,OPEN,0
672459.176,3,0,0,1.000,1.000,1.000,-67.20,162.00,-49.50,OPEN,0
672459.180,3,0,0,1.000,1.000,1.000,-67.44,162.24,-49.50,OPEN,0
672459.184,3,0,0,1.000,1.000,1.000,-67.69,162.49,-49.50,OPEN,0
672459.188,3,0,0,1.000,1.000,1.000,-67.92,162.72,-49.50,OPEN,0
672459.194,3,0,0,1.000,1.000,1.000,-68.32,163.12,-49.50,OPEN,0
672459.200,3,0,0,1.000,1.000,1.000,-68.64,163.44,-49.50,OPEN,0
672459.204,3,0,0,1.000,1.000,1.000,-68.90,163.70,-49.50,OPEN,0
672459.208,3,0,0,1.000,1.000,1.000,-69.14,163.95,-49.50,OPEN,0
672459.212,3,0,0,1.000,1.000,1.000,-69.38,164.18,-49.50,OPEN,0
672459.216,3,0,0,1.000,1.000,1.000,-69.62,164.43,-49.50,OPEN,0
672459.220,3,0,0,1.000,1.000,1.000,-69.90,164.70,-49.50,OPEN,0
672459.225,3,0,0,1.000,1.000,1.000,-70.16,164.96,-49.50,OPEN,0
672459.229,3,0,0,1.000,1.000,1.000,-70.40,165.21,-49.50,OPEN,1
672459.235,3,0,0,1.000,1.000,1.000,-70.74,165.54,-49.50,OPEN,0
672459.239,3,0,0,1.000,1.000,1.000,-70.99,165.79,-49.50,OPEN,0
672459.243,3,0,0,1.000,1.000,1.000,-71.22,166.02,-49.50,OPEN,0
672459.247,3,0,0,1.000,1.000,1.000,-71.46,166.27,-49.50,OPEN,0
672459.251,3,0,0,1.000,1.000,1.000,-71.73,166.53,-49.50,OPEN,0
672459.256,3,0,0,1.000,1.000,1.000,-72.00,166.80,-49.50,OPEN,0
672459.260,3,0,0,1.000,1.000,1.000,-72.25,167.05,-49.50,OPEN,0
672459.264,3,0,0,1.000,1.000,1.000,-72.49,167.29,-49.50,OPEN,0
672459.268,3,0,0,1.000,1.000,1.000,-72.74,167.54,-49.50,OPEN,0
672459.272,3,0,0,1.000,1.000,1.000,-72.97,167.78,-49.50,OPEN,0
672459.276,3,0,0,1.000,1.000,1.000,-73.24,168.04,-49.50,OPEN,0
672459.280,3,0,0,1.000,1.000,1.000,-73.47,168.27,-49.50,OPEN,0
672459.284,3,0,0,1.000,1.000,1.000,-73.71,168.51,-49.50,OPEN,0
672459.288,3,0,0,1.000,1.000,1.000,-73.95,168.75,-49.50,OPEN,0
672459.292,3,0,0,1.000,1.000,1.000,-74.18,168.99,-49.50,OPEN,0
672459.296,3,0,0,1.000,1.000,1.000,-74.41,169.21,-49.50,OPEN,0
672459.299,3,0,0,1.000,1.000,1.000,-74.63,169.43,-49.50,OPEN,0
672459.304,3,0,0,1.000,1.000,1.000,-74.88,169.68,-49.50,OPEN,0
672459.308,3,0,0,1.000,1.000,1.000,-75.16,169.96,-49.50,OPEN,0
672459.313,3,0,0,1.000,1.000,1.000,-75.46,170.26,-49.50,OPEN,0
672459.318,3,0,0,1.000,1.000,1.000,-75.74,170.55,-49.50,OPEN,0
672459.323,3,0,0,1.000,1.000,1.000,-76.03,170.83,-49.50,OPEN,0
672459.329,3,0,0,1.000,1.000,1.000,-76.38,171.18,-49.50,OPEN,0
672459.333,3,0,0,1.000,1.000,1.000,-76.67,171.47,-49.50,OPEN,1
672459.338,3,0,0,1.000,1.000,1.000,-76.92,171.72,-49.50,OPEN,0
672459.342,3,0,0,1.000,1.000,1.000,-77.16,171.96,-49.50,OPEN,0
672459.346,3,0,0,1.000,1.000,1.000,-77.40,172.20,-49.50,OPEN,0
672459.350,3,0,0,1.000,1.000,1.000,-77.64,172.44,-49.50,OPEN,0
672459.353,3,0,0,1.000,1.000,1.000,-77.87,172.68,-49.50,OPEN,0
672459.357,3,0,0,1.000,1.000,1.000,-78.11,172.91,-49.50,OPEN,0
672459.362,3,0,0,1.000,1.000,1.000,-78.36,173.16,-49.50,OPEN,0
672459.366,3,0,0,1.000,1.000,1.000,-78.61,173.41,-49.50,OPEN,0
672459.370,3,0,0,1.000,1.000,1.000,-78.87,173.67,-49.50,OPEN,0
672459.374,3,0,0,1.000,1.000,1.000,-79.09,173.90,-49.50,OPEN,0
672459.378,3,0,0,1.000,1.000,1.000,-79.32,174.13,-49.50,OPEN,0
672459.382,3,0,0,1.000,1.000,1.000,-79.57,174.37,-49.50,OPEN,0
672459.386,3,0,0,1.000,1.000,1.000,-79.81,174.61,-49.50,OPEN,0
672459.389,3,0,0,1.000,1.000,1.000,-80.04,174.84,-49.50,OPEN,0
672459.394,3,0,0,1.000,1.000,1.000,-80.29,175.10,-49.50,OPEN,0
672459.397,3,0,0,1.000,1.000,1.000,-80.52,175.32,-49.50,OPEN,0
672459.401,3,0,0,1.000,1.000,1.000,-80.73,175.53,-49.50,OPEN,0
672459.405,3,0,0,1.000,1.000,1.000,-80.95,175.75,-49.50,OPEN,0
672459.408,3,0,0,1.000,1.000,1.000,-81.17,175.97,-49.50,OPEN,0
672459.412,3,0,0,1.000,1.000,1.000,-81.40,176.20,-49.50,OPEN,0
672459.416,3,0,0,1.000,1.000,1.000,-81.62,176.42,-49.50,OPEN,0
672459.420,3,0,0,1.000,1.000,1.000,-81.86,176.66,-49.50,OPEN,0
672459.424,3,0,0,1.000,1.000,1.000,-82.11,176.91,-49.50,OPEN,0
672459.428,3,0,0,1.000,1.000,1.000,-82.34,177.14,-49.50,OPEN,0
672459.432,3,0,0,1.000,1.000,1.000,-82.57,177.37,-49.50,OPEN,0
672459.436,3,0,0,1.000,1.000,1.000,-82.80,177.60,-49.50,OPEN,1
672459.440,3,0,0,1.000,1.000,1.000,-83.06,177.86,-49.50,OPEN,0
672459.444,3,0,0,1.000,1.000,1.000,-83.30,178.10,-49.50,OPEN,0
672459.449,3,0,0,1.000,1.000,1.000,-83.58,178.38,-49.50,OPEN,0
672459.454,3,0,0,1.000,1.000,1.000,-83.92,178.72,-49.50,OPEN,0
672459.458,3,0,0,1.000,1.000,1.000,-84.15,178.96,-49.50,OPEN,0
672459.462,3,0,0,1.000,1.000,1.000,-84.39,179.19,-49.50,OPEN,0
672459.466,3,0,0,1.000,1.000,1.000,-84.62,179.42,-49.50,OPEN,0
672459.470,3,0,0,1.000,1.000,1.000,-84.88,179.69,-49.50,OPEN,0
672459.474,3,0,0,1.000,1.000,1.000,-85.12,179.92,-49.50,OPEN,0
672459.478,3,0,0,0.999,1.000,1.000,-85.36,180.00,-49.50,OPEN,0
672459.482,3,0,0,0.977,1.000,1.000,-85.60,180.00,-49.50,OPEN,0
672459.486,3,0,0,0.852,1.000,1.000,-85.85,180.00,-49.50,OPEN,0
672459.490,3,0,0,0.552,1.000,1.000,-86.09,180.00,-49.50,OPEN,0
672459.495,3,0,0,0.761,1.000,1.000,-86.34,180.00,-49.50,OPEN,0
672459.499,3,0,0,0.884,1.000,0.998,-86.58,180.00,-49.50,OPEN,0
672459.503,3,0,0,0.970,1.000,0.996,-86.83,180.00,-49.50,OPEN,0
672459.506,3,0,0,0.998,1.000,0.983,-87.06,180.00,-49.50,OPEN,0
672459.511,3,0,0,0.999,0.999,0.941,-87.35,180.00,-49.50,OPEN,0
672459.516,3,0,0,0.999,0.998,0.895,-87.62,180.00,-49.50,OPEN,0
672459.520,3,0,0,1.000,0.992,0.904,-87.88,180.00,-49.50,OPEN,0
672459.524,3,0,0,1.000,0.985,0.936,-88.13,180.00,-49.50,OPEN,0
672459.529,0,0,0,1.000,0.978,0.966,-88.40,180.00,-49.50,OPEN,0
672459.534,0,1,0,1.000,0.960,0.980,-88.69,179.72,-49.50,OPEN,0
672459.538,0,1,0,1.000,0.770,0.984,-88.96,179.44,-49.50,OPEN,1
672459.543,0,1,0,1.000,0.652,0.987,-89.24,179.17,-49.50,OPEN,0
672459.547,0,1,0,1.000,0.899,0.988,-89.50,178.90,-49.50,OPEN,0
672459.552,0,1,0,1.000,0.966,0.990,-89.78,178.62,-49.50,OPEN,0
672459.556,0,1,0,1.000,0.998,0.997,-90.00,178.35,-49.50,OPEN,0
672459.562,0,1,0,1.000,1.000,1.000,-90.00,178.03,-49.50,OPEN,0
672459.567,0,1,0,1.000,1.000,1.000,-90.00,177.72,-49.50,OPEN,0
672459.571,0,1,0,1.000,1.000,1.000,-90.00,177.48,-49.50,OPEN,0
672459.575,0,1,0,1.000,1.000,1.000,-90.00,177.24,-49.50,OPEN,0
672459.579,0,1,0,1.000,1.000,1.000,-90.00,177.01,-49.50,OPEN,0
672459.583,0,1,0,1.000,1.000,1.000,-90.00,176.76,-49.50,OPEN,0
672459.587,0,1,0,1.000,1.000,1.000,-90.00,176.54,-49.50,OPEN,0
672459.590,0,1,0,1.000,1.000,1.000,-90.00,176.31,-49.50,OPEN,0
672459.595,0,1,0,1.000,1.000,1.000,-90.00,176.06,-49.50,OPEN,0
672459.599,0,1,0,1.000,1.000,1.000,-90.00,175.77,-49.50,OPEN,0
672459.605,0,1,0,1.000,1.000,1.000,-90.00,175.46,-49.50,OPEN,0
672459.610,0,1,0,1.000,1.000,1.000,-90.00,175.15,-49.50,OPEN,0
672459.615,0,1,0,1.000,1.000,1.000,-90.00,174.83,-49.50,OPEN,0
672459.620,0,1,0,1.000,1.000,1.000,-90.00,174.55,-49.50,OPEN,0
672459.625,0,1,0,1.000,1.000,1.000,-90.00,174.26,-49.50,OPEN,0
672459.629,0,1,0,1.000,1.000,1.000,-90.00,174.00,-49.50,OPEN,0
672459.633,0,1,0,1.000,1.000,1.000,-90.00,173.76,-49.50,OPEN,0
672459.637,0,1,0,1.000,1.000,1.000,-90.00,173.53,-49.50,OPEN,0
672459.641,0,1,0,1.000,1.000,1.000,-90.00,173.30,-49.50,OPEN,1
672459.645,0,1,0,1.000,1.000,1.000,-90.00,173.05,-49.50,OPEN,0
672459.649,0,1,0,1.000,1.000,1.000,-90.00,172.83,-49.50,OPEN,0
672459.653,0,1,0,1.000,1.000,1.000,-90.00,172.56,-49.50,OPEN,0
672459.658,0,1,0,1.000,1.000,1.000,-90.00,172.26,-49.50,OPEN,0
672459.663,0,1,0,1.000,1.000,1.000,-90.00,171.97,-49.50,OPEN,0
672459.667,0,1,0,1.000,1.000,1.000,-90.00,171.71,-49.50,OPEN,0
672459.672,0,1,0,1.000,1.000,1.000,-90.00,171.44,-49.50,OPEN,0
672459.676,0,1,0,1.000,1.000,1.000,-90.00,171.18,-49.50,OPEN,0
672459.680,0,1,0,1.000,1.000,1.000,-90.00,170.93,-49.50,OPEN,0
672459.684,0,1,0,1.000,1.000,1.000,-90.00,170.67,-49.50,OPEN,0
672459.688,0,1,0,1.000,1.000,1.000,-90.00,170.43,-49.50,OPEN,0
672459.693,0,1,0,1.000,1.000,1.000,-90.00,170.18,-49.50,OPEN,0
672459.697,0,1,0,1.000,1.000,1.000,-90.00,169.92,-49.50,OPEN,0
672459.701,0,1,0,1.000,1.000,1.000,-90.00,169.67,-49.50,OPEN,0
672459.705,0,1,0,1.000,1.000,1.000,-90.00,169.42,-49.50,OPEN,0
672459.710,0,1,0,1.000,1.000,1.000,-90.00,169.16,-49.50,OPEN,0
672459.714,0,1,0,1.000,1.000,1.000,-90.00,168.90,-49.50,OPEN,0
672459.718,0,1,0,1.000,1.000,1.000,-90.00,168.63,-49.50,OPEN,0
672459.723,0,1,0,1.000,1.000,1.000,-90.00,168.36,-49.50,OPEN,0
672459.726,0,1,0,1.000,1.000,1.000,-90.00,168.15,-49.50,OPEN,0
672459.730,0,1,0,1.000,1.000,1.000,-90.00,167.92,-49.50,OPEN,0
672459.735,0,1,0,1.000,1.000,1.000,-90.00,167.66,-49.50,OPEN,0
672459.739,0,1,0,1.000,1.000,1.000,-90.00,167.39,-49.50,OPEN,0
672459.744,0,1,0,1.000,1.000,1.000,-90.00,167.11,-49.50,OPEN,1
672459.748,0,1,0,1.000,1.000,1.000,-90.00,166.83,-49.50,OPEN,0
672459.753,0,1,0,1.000,1.000,1.000,-90.00,166.56,-49.50,OPEN,0
672459.757,0,1,0,1.000,1.000,1.000,-90.00,166.29,-49.50,OPEN,0
672459.761,0,1,0,1.000,1.000,1.000,-90.00,166.05,-49.50,OPEN,0
672459.765,0,1,0,1.000,1.000,1.000,-90.00,165.82,-49.50,OPEN,0
672459.769,0,1,0,1.000,1.000,1.000,-90.00,165.57,-49.50,OPEN,0
672459.773,0,1,0,1.000,1.000,1.000,-90.00,165.34,-49.50,OPEN,0
672459.777,0,1,0,1.000,1.000,1.000,-90.00,165.10,-49.50,OPEN,0
672459.783,0,1,0,1.000,1.000,1.000,-90.00,164.78,-49.50,OPEN,0
672459.787,0,1,0,1.000,1.000,1.000,-90.00,164.51,-49.50,OPEN,0
672459.791,0,1,0,1.000,1.000,1.000,-90.00,164.27,-49.50,OPEN,0
672459.795,0,1,0,1.000,1.000,1.000,-90.00,164.02,-49.50,OPEN,0
672459.800,0,1,0,1.000,1.000,1.000,-90.00,163.72,-49.50,OPEN,0
672459.805,0,1,0,1.000,1.000,1.000,-90.00,163.45,-49.50,OPEN,0
672459.810,0,1,0,1.000,1.000,1.000,-90.00,163.16,-49.50,OPEN,0
672459.814,0,1,0,1.000,1.000,1.000,-90.00,162.92,-49.50,OPEN,0
672459.818,0,1,0,1.000,1.000,1.000,-90.00,162.68,-49.50,OPEN,0
672459.822,0,1,0,1.000,1.000,1.000,-90.00,162.43,-49.50,OPEN,0
672459.826,0,1,0,1.000,1.000,1.000,-90.00,162.17,-49.50,OPEN,0
672459.830,0,1,0,1.000,1.000,1.000,-90.00,161.92,-49.50,OPEN,0
672459.834,0,1,0,1.000,1.000,1.000,-90.00,161.68,-49.50,OPEN,0
672459.838,0,1,0,1.000,1.000,1.000,-90.00,161.46,-49.50,OPEN,0
672459.841,0,1,0,1.000,1.000,1.000,-90.00,161.25,-49.50,OPEN,0
672459.845,0,1,0,1.000,1.000,1.000,-90.00,161.03,-49.50,OPEN,1
672459.849,0,1,0,1.000,1.000,1.000,-90.00,160.78,-49.50,OPEN,0
672459.853,0,1,0,1.000,1.000,1.000,-90.00,160.55,-49.50,OPEN,0
672459.857,0,1,0,1.000,1.000,1.000,-90.00,160.32,-49.50,OPEN,0
672459.861,0,1,0,1.000,1.000,1.000,-90.00,160.09,-49.50,OPEN,0
672459.865,0,1,0,1.000,1.000,1.000,-90.00,159.82,-49.50,OPEN,0
672459.869,0,1,0,1.000,1.000,1.000,-90.00,159.59,-49.50,OPEN,0
672459.873,0,1,0,1.000,1.000,1.000,-90.00,159.35,-49.50,OPEN,0
672459.877,0,1,0,1.000,1.000,1.000,-90.00,159.09,-49.50,OPEN,0
672459.881,0,1,0,1.000,1.000,1.000,-90.00,158.86,-49.50,OPEN,0
672459.885,0,1,0,1.000,1.000,1.000,-90.00,158.63,-49.50,OPEN,0
672459.889,0,1,0,1.000,1.000,1.000,-90.00,158.40,-49.50,OPEN,0
672459.895,0,1,0,1.000,1.000,1.000,-90.00,158.05,-49.50,OPEN,0
672459.899,0,1,0,1.000,1.000,1.000,-90.00,157.80,-49.50,OPEN,0
672459.902,0,1,0,1.000,1.000,1.000,-90.00,157.59,-49.50,OPEN,0
672459.907,0,1,0,1.000,1.000,1.000,-90.00,157.34,-49.50,OPEN,0
672459.912,0,1,0,1.000,1.000,1.000,-90.00,157.00,-49.50,OPEN,0
672459.917,0,1,0,1.000,1.000,1.000,-90.00,156.73,-49.50,OPEN,0
672459.921,0,1,0,1.000,1.000,1.000,-90.00,156.45,-49.50,OPEN,0
672459.926,0,1,0,1.000,1.000,1.000,-90.00,156.19,-49.50,OPEN,0
672459.930,0,1,0,1.000,1.000,1.000,-90.00,155.92,-49.50,OPEN,0
672459.935,0,1,0,1.000,1.000,1.000,-90.00,155.65,-49.50,OPEN,0
672459.939,0,1,0,1.000,1.000,1.000,-90.00,155.42,-49.50,OPEN,0
672459.943,0,1,0,1.000,1.000,1.000,-90.00,155.18,-49.50,OPEN,0
672459.946,0,1,0,1.000,1.000,1.000,-90.00,154.95,-49.50,OPEN,1
672459.950,0,1,0,1.000,1.000,1.000,-90.00,154.72,-49.50,OPEN,0
672459.954,0,1,0,1.000,1.000,1.000,-90.00,154.51,-49.50,OPEN,0
672459.958,0,1,0,1.000,1.000,1.000,-90.00,154.27,-49.50,OPEN,0
672459.961,0,1,0,1.000,1.000,1.000,-90.00,154.05,-49.50,OPEN,0
672459.965,0,1,0,1.000,1.000,1.000,-90.00,153.82,-49.50,OPEN,0
672459.969,0,1,0,1.000,1.000,1.000,-90.00,153.59,-49.50,OPEN,0
672459.973,0,1,0,1.000,1.000,1.000,-90.00,153.35,-49.50,OPEN,0
672459.977,0,1,0,1.000,1.000,1.000,-90.00,153.12,-49.50,OPEN,0
672459.981,0,1,0,1.000,1.000,1.000,-90.00,152.90,-49.50,OPEN,0
672459.984,0,1,0,1.000,1.000,1.000,-90.00,152.67,-49.50,OPEN,0
672459.988,0,1,0,1.000,1.000,1.000,-90.00,152.45,-49.50,OPEN,0
672459.992,0,1,0,1.000,1.000,1.000,-90.00,152.23,-49.50,OPEN,0
672459.996,0,1,0,1.000,1.000,1.000,-90.00,151.99,-49.50,OPEN,0
672460.002,0,1,0,1.000,1.000,1.000,-90.00,151.62,-49.50,OPEN,0
672460.006,0,1,0,1.000,1.000,1.000,-90.00,151.36,-49.50,OPEN,0
672460.010,0,1,0,1.000,1.000,1.000,-90.00,151.12,-49.50,OPEN,0
672460.014,0,1,0,1.000,1.000,1.000,-90.00,150.88,-49.50,OPEN,0
672460.018,0,1,0,1.000,1.000,1.000,-90.00,150.64,-49.50,OPEN,0
672460.022,0,1,0,1.000,1.000,1.000,-90.00,150.39,-49.50,OPEN,0
672460.026,0,1,0,1.000,1.000,1.000,-90.00,150.17,-49.50,OPEN,0
672460.030,0,1,0,1.000,1.000,1.000,-90.00,149.94,-49.50,OPEN,0
672460.034,0,1,0,1.000,1.000,1.000,-90.00,149.69,-49.50,OPEN,0
672460.038,0,1,0,1.000,1.000,1.000,-90.00,149.45,-49.50,OPEN,0
672460.042,0,1,0,1.000,1.000,1.000,-90.00,149.22,-49.50,OPEN,0
672460.046,0,1,0,1.000,1.000,1.000,-90.00,148.99,-49.50,OPEN,0
672460.050,0,1,0,1.000,1.000,1.000,-90.00,148.76,-49.50,OPEN,1
672460.054,0,1,0,1.000,1.000,1.000,-90.00,148.50,-49.50,OPEN,0
672460.058,0,1,0,1.000,1.000,1.000,-90.00,148.24,-49.50,OPEN,0
672460.063,0,1,0,1.000,1.000,1.000,-90.00,147.97,-49.50,OPEN,0
672460.067,0,1,0,1.000,1.000,1.000,-90.00,147.72,-49.50,OPEN,0
672460.071,0,1,0,1.000,1.000,1.000,-90.00,147.47,-49.50,OPEN,0
672460.075,0,1,0,1.000,1.000,1.000,-90.00,147.22,-49.50,OPEN,0
672460.080,0,0,0,1.000,1.000,1.000,-90.00,147.53,-49.50,OPEN,0
672460.086,0,0,0,1.000,1.000,1.000,-90.00,147.84,-49.50,OPEN,0
672460.091,0,0,0,1.000,1.000,1.000,-90.00,148.13,-49.50,OPEN,0
672460.096,0,0,0,1.000,1.000,1.000,-90.00,148.47,-49.50,OPEN,0
672460.101,0,0,0,1.000,1.000,1.000,-90.00,148.76,-49.50,OPEN,0
672460.105,0,0,0,1.000,1.000,1.000,-90.00,149.01,-49.50,OPEN,0
672460.109,0,0,0,1.000,1.000,1.000,-90.00,149.25,-49.50,OPEN,0
672460.113,0,0,0,1.000,0.999,1.000,-90.00,149.50,-49.50,OPEN,0
672460.117,0,0,0,0.991,0.506,1.000,-90.00,149.73,-49.50,OPEN,0
672460.121,0,0,0,0.785,0.998,1.000,-90.00,149.97,-49.50,OPEN,0
672460.126,0,0,0,0.972,1.000,0.999,-90.00,150.28,-49.50,OPEN,0
672460.131,0,0,0,0.925,1.000,0.979,-90.00,150.57,-49.50,OPEN,0
672460.135,0,0,0,0.671,1.000,0.670,-90.00,150.79,-49.50,OPEN,0
672460.139,0,0,0,0.922,1.000,0.833,-90.00,151.05,-49.50,OPEN,0
672460.145,0,0,0,0.996,1.000,0.977,-90.00,151.38,-49.50,OPEN,0
672460.151,0,0,0,0.999,1.000,0.996,-90.00,151.74,-49.50,OPEN,1
672460.157,0,0,0,1.000,1.000,0.998,-90.00,152.12,-49.50,OPEN,0
672460.164,0,0,0,1.000,1.000,0.999,-90.00,152.52,-49.50,OPEN,0
672460.170,0,0,0,1.000,1.000,0.999,-90.00,152.87,-49.50,OPEN,0
672460.176,0,0,0,1.000,1.000,0.999,-90.00,153.25,-49.50,OPEN,0
672460.183,3,0,0,1.000,1.000,1.000,-90.00,153.67,-49.50,CLOSED,0
672460.188,3,0,0,1.000,1.000,1.000,-90.00,153.99,-49.50,CLOSED,0
672460.193,3,0,0,1.000,1.000,1.000,-90.00,154.28,-49.50,CLOSED,0
672460.197,3,0,0,1.000,1.000,1.000,-90.00,154.55,-49.50,CLOSED,0
672460.202,3,0,0,1.000,1.000,1.000,-90.00,154.81,-49.50,CLOSED,0
672460.206,3,0,0,1.000,1.000,1.000,-90.00,155.04,-49.50,CLOSED,0
672460.209,3,0,0,1.000,1.000,1.000,-90.00,155.27,-49.50,CLOSED,0
672460.213,3,0,0,1.000,0.990,1.000,-90.00,155.50,-49.50,CLOSED,0
672460.217,3,0,0,1.000,0.982,1.000,-90.00,155.75,-49.50,CLOSED,0
672460.222,3,0,0,1.000,1.000,1.000,-90.00,156.04,-49.50,CLOSED,0
672460.226,3,0,0,1.000,1.000,1.000,-90.00,156.26,-49.50,CLOSED,0
672460.230,3,0,0,1.000,1.000,1.000,-90.00,156.51,-49.50,CLOSED,0
672460.236,3,0,0,1.000,1.000,1.000,-90.00,156.84,-49.50,CLOSED,0
672460.241,3,0,0,1.000,1.000,1.000,-90.00,157.16,-49.50,CLOSED,0
672460.246,3,0,0,1.000,1.000,1.000,-90.00,157.44,-49.50,CLOSED,0
672460.250,3,0,0,1.000,1.000,1.000,-90.00,157.72,-49.50,CLOSED,0
672460.255,3,0,0,1.000,1.000,1.000,-90.00,158.00,-49.50,CLOSED,1
672460.260,3,0,0,1.000,0.616,1.000,-90.00,158.28,-49.50,CLOSED,0
672460.264,3,0,0,1.000,1.000,1.000,-90.00,158.54,-49.50,CLOSED,0
672460.268,3,0,0,1.000,1.000,1.000,-90.00,158.79,-49.50,CLOSED,0
672460.272,3,0,0,1.000,1.000,1.000,-90.00,159.03,-49.50,CLOSED,0
672460.276,3,0,0,1.000,1.000,1.000,-90.00,159.27,-49.50,CLOSED,0
672460.280,3,0,0,1.000,1.000,1.000,-90.00,159.51,-49.50,CLOSED,0
672460.284,3,0,0,1.000,1.000,1.000,-90.00,159.76,-49.50,CLOSED,0
672460.288,3,0,0,1.000,1.000,1.000,-90.00,160.00,-49.50,CLOSED,0
672460.293,3,0,0,1.000,1.000,1.000,-90.00,160.26,-49.50,CLOSED,0
672460.297,3,0,0,1.000,1.000,1.000,-90.00,160.52,-49.50,CLOSED,0
672460.301,3,0,0,1.000,1.000,1.000,-90.00,160.79,-49.50,CLOSED,0
672460.306,3,0,0,1.000,1.000,1.000,-90.00,161.04,-49.50,CLOSED,0
672460.310,3,0,0,1.000,1.000,1.000,-90.00,161.29,-49.50,CLOSED,0
672460.314,3,0,0,1.000,1.000,1.000,-90.00,161.54,-49.50,CLOSED,0
672460.319,3,0,0,1.000,1.000,1.000,-90.00,161.82,-49.50,CLOSED,0
672460.322,3,0,0,1.000,1.000,1.000,-90.00,162.05,-49.50,CLOSED,0
672460.326,3,0,0,1.000,1.000,1.000,-90.00,162.28,-49.50,CLOSED,0
672460.330,3,0,0,1.000,1.000,1.000,-90.00,162.51,-49.50,CLOSED,0
672460.334,3,0,0,1.000,1.000,1.000,-90.00,162.77,-49.50,CLOSED,0
672460.338,3,0,0,1.000,1.000,1.000,-90.00,163.01,-49.50,CLOSED,0
672460.344,3,0,0,1.000,1.000,1.000,-90.00,163.33,-49.50,CLOSED,0
672460.348,3,0,0,1.000,1.000,1.000,-90.00,163.58,-49.50,CLOSED,0
672460.352,3,0,0,1.000,1.000,1.000,-90.00,163.83,-49.50,CLOSED,0
672460.356,3,0,0,1.000,1.000,1.000,-90.00,164.05,-49.50,CLOSED,1
672460.360,3,0,0,1.000,1.000,1.000,-90.00,164.29,-49.50,CLOSED,0
672460.364,3,0,0,1.000,1.000,1.000,-90.00,164.52,-49.50,CLOSED,0
672460.368,3,0,0,1.000,1.000,1.000,-90.00,164.76,-49.50,CLOSED,0
672460.371,3,0,0,1.000,1.000,1.000,-90.00,164.99,-49.50,CLOSED,0
672460.375,3,0,0,1.000,1.000,1.000,-90.00,165.21,-49.50,CLOSED,0
672460.379,3,0,0,1.000,1.000,1.000,-90.00,165.43,-49.50,CLOSED,0
672460.383,3,0,0,1.000,1.000,1.000,-90.00,165.66,-49.50,CLOSED,0
672460.386,3,0,0,1.000,1.000,1.000,-90.00,165.89,-49.50,CLOSED,0
672460.390,3,0,0,1.000,1.000,1.000,-90.00,166.13,-49.50,CLOSED,0
672460.394,3,0,0,1.000,1.000,1.000,-90.00,166.37,-49.50,CLOSED,0
672460.398,3,0,0,1.000,0.999,1.000,-90.00,166.60,-49.50,CLOSED,0
672460.402,3,0,0,1.000,0.999,1.000,-90.00,166.85,-49.50,CLOSED,0
672460.406,3,0,0,1.000,0.997,1.000,-90.00,167.07,-49.50,CLOSED,0
672460.410,3,0,0,1.000,0.996,1.000,-90.00,167.29,-49.50,CLOSED,0
672460.414,3,0,0,1.000,0.995,1.000,-90.00,167.52,-49.50,CLOSED,0
672460.418,3,0,0,1.000,0.996,1.000,-90.00,167.76,-49.50,CLOSED,0
672460.422,3,0,0,1.000,0.997,1.000,-90.00,168.01,-49.50,CLOSED,0
672460.426,3,0,0,1.000,0.999,1.000,-90.00,168.23,-49.50,CLOSED,0
672460.429,3,0,0,1.000,1.000,1.000,-90.00,168.46,-49.50,CLOSED,0
672460.433,3,0,0,1.000,1.000,1.000,-90.00,168.70,-49.50,CLOSED,0
672460.437,3,0,0,1.000,1.000,1.000,-90.00,168.91,-49.50,CLOSED,0
672460.440,3,0,0,1.000,1.000,1.000,-90.00,169.13,-49.50,CLOSED,0
672460.444,3,0,0,1.000,1.000,1.000,-90.00,169.36,-49.50,CLOSED,0
672460.448,3,0,0,1.000,1.000,1.000,-90.00,169.59,-49.50,CLOSED,0
672460.459,3,0,0,1.000,1.000,1.000,-90.00,170.22,-49.50,CLOSED,1
672460.466,3,0,0,1.000,1.000,1.000,-90.00,170.68,-49.50,CLOSED,0
672460.493,3,0,0,1.000,1.000,1.000,-90.00,172.29,-49.50,CLOSED,0
672460.510,3,0,0,1.000,1.000,1.000,-90.00,173.33,-49.50,CLOSED,0
672460.518,3,0,0,1.000,1.000,1.000,-90.00,173.77,-49.50,CLOSED,0
672460.526,3,0,0,1.000,1.000,1.000,-90.00,174.26,-49.50,CLOSED,0
672460.532,3,0,0,1.000,1.000,1.000,-90.00,174.62,-49.50,CLOSED,0
672460.537,3,0,0,1.000,1.000,1.000,-90.00,174.93,-49.50,CLOSED,0
672460.542,3,0,0,1.000,1.000,1.000,-90.00,175.21,-49.50,CLOSED,0
672460.546,3,0,0,1.000,1.000,1.000,-90.00,175.49,-49.50,CLOSED,0
672460.551,3,0,0,1.000,1.000,1.000,-90.00,175.77,-49.50,CLOSED,0
672460.555,3,0,0,1.000,1.000,1.000,-90.00,176.03,-49.50,CLOSED,0
672460.560,3,0,0,1.000,1.000,1.000,-90.00,176.31,-49.50,CLOSED,1
672460.565,3,0,0,1.000,1.000,1.000,-90.00,176.61,-49.50,CLOSED,0
672460.570,3,0,0,1.000,1.000,1.000,-90.00,176.88,-49.50,CLOSED,0
672460.574,3,0,0,1.000,1.000,1.000,-90.00,177.13,-49.50,CLOSED,0
672460.578,3,0,0,1.000,1.000,1.000,-90.00,177.37,-49.50,CLOSED,0
672460.581,3,0,0,1.000,1.000,1.000,-90.00,177.58,-49.50,CLOSED,0
672460.585,3,0,0,1.000,1.000,1.000,-90.00,177.81,-49.50,CLOSED,0
672460.589,3,0,0,1.000,1.000,1.000,-90.00,178.02,-49.50,CLOSED,0
672460.592,3,0,0,1.000,1.000,1.000,-90.00,178.23,-49.50,CLOSED,0
672460.596,3,0,0,1.000,1.000,1.000,-90.00,178.45,-49.50,CLOSED,0
672460.599,3,0,0,1.000,1.000,1.000,-90.00,178.66,-49.50,CLOSED,0
672460.603,3,0,0,1.000,1.000,1.000,-90.00,178.88,-49.50,CLOSED,0
672460.606,3,0,0,1.000,1.000,1.000,-90.00,179.09,-49.50,CLOSED,0
672460.610,3,0,0,1.000,1.000,1.000,-90.00,179.30,-49.50,CLOSED,0
672460.614,3,0,0,1.000,1.000,1.000,-90.00,179.52,-49.50,CLOSED,0
672460.617,3,0,0,1.000,1.000,1.000,-90.00,179.74,-49.50,CLOSED,0
672460.621,3,0,0,1.000,1.000,1.000,-90.00,179.94,-49.50,CLOSED,0
672460.624,3,0,0,1.000,1.000,1.000,-90.00,180.00,-49.50,CLOSED,0
672460.628,3,0,0,1.000,1.000,1.000,-90.00,180.00,-49.50,CLOSED,0
672460.632,3,0,0,1.000,1.000,1.000,-90.00,180.00,-49.50,CLOSED,0
672460.636,3,0,0,1.000,1.000,1.000,-90.00,180.00,-49.50,CLOSED,0
672460.639,3,0,0,1.000,1.000,1.000,-90.00,180.00,-49.50,CLOSED,0
672460.643,3,0,0,1.000,1.000,1.000,-90.00,180.00,-49.50,CLOSED,0
672460.647,3,0,0,1.000,1.000,1.000,-90.00,180.00,-49.50,CLOSED,0
672460.651,3,0,0,1.000,1.000,1.000,-90.00,180.00,-49.50,CLOSED,0
672460.656,3,0,0,1.000,1.000,1.000,-90.00,180.00,-49.50,CLOSED,0
672460.660,3,0,0,1.000,1.000,1.000,-90.00,180.00,-49.50,CLOSED,0
672460.664,3,0,0,1.000,1.000,1.000,-90.00,180.00,-49.50,CLOSED,1
672460.669,3,0,0,1.000,1.000,1.000,-90.00,180.00,-49.50,CLOSED,0
672460.675,3,0,0,1.000,1.000,1.000,-90.00,180.00,-49.50,CLOSED,0
672460.679,3,0,0,1.000,1.000,1.000,-90.00,180.00,-49.50,CLOSED,0
672460.683,3,0,1,1.000,1.000,1.000,-89.74,180.00,-49.50,CLOSED,0
672460.688,3,0,1,1.000,1.000,1.000,-89.47,180.00,-49.50,CLOSED,0
672460.693,3,0,1,0.999,1.000,1.000,-89.18,180.00,-49.50,CLOSED,0
672460.697,3,0,1,0.995,1.000,1.000,-88.95,180.00,-49.50,CLOSED,0
672460.701,3,0,1,0.952,1.000,1.000,-88.72,180.00,-49.50,CLOSED,0
672460.705,3,0,1,0.647,1.000,1.000,-88.44,180.00,-49.50,CLOSED,0
672460.709,3,0,1,0.832,1.000,1.000,-88.18,180.00,-49.50,CLOSED,0
672460.713,3,0,1,0.908,1.000,1.000,-87.96,180.00,-49.50,CLOSED,0
672460.717,3,0,1,0.963,1.000,1.000,-87.71,180.00,-49.50,CLOSED,0
672460.721,3,0,1,0.981,1.000,1.000,-87.50,180.00,-49.50,CLOSED,0
672460.725,3,0,1,0.995,1.000,1.000,-87.25,180.00,-49.50,CLOSED,0
672460.729,3,0,1,0.994,0.999,1.000,-87.03,180.00,-49.50,CLOSED,0
672460.733,3,0,1,0.992,0.869,0.999,-86.78,180.00,-49.50,CLOSED,0
672460.736,0,0,1,0.981,0.960,0.993,-86.57,180.00,-49.50,CLOSED,0
672460.740,0,0,1,0.976,0.998,0.970,-86.34,180.00,-49.50,CLOSED,0
672460.744,0,0,1,0.971,0.999,0.927,-86.12,180.00,-49.50,CLOSED,0
672460.748,0,0,1,0.974,0.999,0.661,-85.87,180.00,-49.50,CLOSED,0
672460.752,0,0,1,0.974,0.997,1.000,-85.63,180.00,-49.50,CLOSED,0
672460.756,0,0,1,0.983,1.000,1.000,-85.37,180.00,-49.50,CLOSED,0
672460.760,0,0,1,0.985,1.000,1.000,-85.14,180.00,-49.50,CLOSED,0
672460.764,0,0,1,0.996,1.000,1.000,-84.92,180.00,-49.50,CLOSED,0
672460.768,0,0,1,0.999,1.000,1.000,-84.69,180.00,-49.50,CLOSED,1
672460.772,0,0,1,1.000,1.000,1.000,-84.43,180.00,-49.50,CLOSED,0
672460.776,0,0,1,1.000,1.000,1.000,-84.20,180.00,-49.50,CLOSED,0
672460.781,0,0,1,1.000,1.000,1.000,-83.89,180.00,-49.50,CLOSED,0
672460.786,0,0,1,1.000,1.000,1.000,-83.61,180.00,-49.50,CLOSED,0
672460.790,0,0,1,1.000,1.000,1.000,-83.37,180.00,-49.50,CLOSED,0
672460.793,0,0,1,1.000,1.000,1.000,-83.15,180.00,-49.50,CLOSED,0
672460.797,0,0,1,1.000,1.000,1.000,-82.92,180.00,-49.50,CLOSED,0
672460.802,0,0,1,1.000,1.000,1.000,-82.61,180.00,-49.50,CLOSED,0
672460.806,0,0,1,1.000,1.000,1.000,-82.38,180.00,-49.50,CLOSED,0
672460.810,0,0,1,1.000,1.000,1.000,-82.16,180.00,-49.50,CLOSED,0
672460.814,0,0,1,1.000,1.000,1.000,-81.92,180.00,-49.50,CLOSED,0
672460.818,0,0,1,1.000,1.000,1.000,-81.64,180.00,-49.50,CLOSED,0
672460.823,0,0,1,1.000,1.000,1.000,-81.36,180.00,-49.50,CLOSED,0
672460.828,0,0,1,1.000,1.000,1.000,-81.06,180.00,-49.50,CLOSED,0
672460.833,0,0,1,1.000,0.977,0.685,-80.79,180.00,-49.50,CLOSED,0
672460.837,0,0,1,1.000,0.900,0.555,-80.51,180.00,-49.50,CLOSED,0
672460.841,0,0,1,1.000,0.650,0.737,-80.28,180.00,-49.50,CLOSED,0
672460.845,0,0,1,1.000,0.994,0.970,-80.04,180.00,-49.50,CLOSED,0
672460.849,0,0,1,1.000,1.000,0.996,-79.80,180.00,-49.50,CLOSED,0
672460.853,0,0,1,1.000,1.000,0.999,-79.58,180.00,-49.50,CLOSED,0
672460.856,0,0,1,1.000,1.000,1.000,-79.36,180.00,-49.50,CLOSED,0
672460.860,0,0,1,1.000,1.000,1.000,-79.13,180.00,-49.50,CLOSED,0
672460.865,0,0,1,1.000,1.000,1.000,-78.87,180.00,-49.50,CLOSED,0
672460.869,0,0,1,1.000,1.000,1.000,-78.63,180.00,-49.50,CLOSED,1
672460.872,0,0,1,1.000,1.000,1.000,-78.40,180.00,-49.50,CLOSED,0
672460.876,0,0,1,1.000,1.000,0.999,-78.17,180.00,-49.50,CLOSED,0
672460.881,0,0,1,1.000,1.000,0.996,-77.91,180.00,-49.50,CLOSED,0
672460.885,0,0,1,1.000,1.000,0.988,-77.67,180.00,-49.50,CLOSED,0
672460.888,0,0,1,1.000,1.000,0.976,-77.45,180.00,-49.50,CLOSED,0
672460.892,0,0,1,1.000,1.000,0.955,-77.22,180.00,-49.50,CLOSED,0
672460.896,0,0,1,1.000,1.000,0.960,-76.97,180.00,-49.50,CLOSED,0
672460.900,0,0,1,1.000,1.000,0.982,-76.73,180.00,-49.50,CLOSED,0
672460.904,0,0,1,1.000,1.000,0.993,-76.51,180.00,-49.50,CLOSED,0
672460.908,0,0,1,1.000,1.000,0.997,-76.29,180.00,-49.50,CLOSED,0
672460.912,0,0,1,1.000,1.000,0.997,-76.06,180.00,-49.50,CLOSED,0
672460.917,0,0,1,1.000,1.000,0.999,-75.75,180.00,-49.50,CLOSED,0
672460.921,0,0,1,1.000,1.000,1.000,-75.51,180.00,-49.50,CLOSED,0
672460.926,0,0,1,1.000,1.000,1.000,-75.20,180.00,-49.50,CLOSED,0
672460.930,0,0,1,1.000,1.000,1.000,-74.95,180.00,-49.50,CLOSED,0
672460.934,0,0,1,1.000,1.000,1.000,-74.68,180.00,-49.50,CLOSED,0
672460.938,0,0,1,1.000,1.000,1.000,-74.47,180.00,-49.50,CLOSED,0
672460.942,0,0,1,1.000,1.000,1.000,-74.23,180.00,-49.50,CLOSED,0
672460.945,0,0,1,1.000,1.000,1.000,-74.02,180.00,-49.50,CLOSED,0
672460.949,0,0,1,1.000,1.000,1.000,-73.78,180.00,-49.50,CLOSED,0
672460.953,0,0,1,1.000,1.000,1.000,-73.57,180.00,-49.50,CLOSED,0
672460.957,0,0,1,1.000,1.000,1.000,-73.31,180.00,-49.50,CLOSED,0
672460.961,0,0,1,1.000,1.000,1.000,-73.06,180.00,-49.50,CLOSED,0
672460.966,0,0,1,1.000,1.000,1.000,-72.81,180.00,-49.50,CLOSED,0
672460.970,0,0,1,1.000,1.000,1.000,-72.56,180.00,-49.50,CLOSED,1
672460.974,0,0,1,1.000,1.000,0.999,-72.31,180.00,-49.50,CLOSED,0
672460.978,0,0,1,1.000,1.000,0.998,-72.08,180.00,-49.50,CLOSED,0
672460.981,0,0,1,1.000,1.000,0.995,-71.86,180.00,-49.50,CLOSED,0
672460.985,0,0,1,1.000,1.000,0.989,-71.62,180.00,-49.50,CLOSED,0
672460.990,0,0,1,1.000,1.000,0.978,-71.34,180.00,-49.50,CLOSED,0
672460.994,0,0,1,1.000,1.000,0.973,-71.10,180.00,-49.50,CLOSED,0
672461.001,0,0,1,1.000,1.000,0.977,-70.68,180.00,-49.50,CLOSED,0
672461.006,0,0,1,0.999,1.000,0.990,-70.37,180.00,-49.50,CLOSED,0
672461.011,0,0,1,0.999,1.000,0.994,-70.09,180.00,-49.50,CLOSED,0
672461.016,0,0,1,0.999,1.000,0.996,-69.81,180.00,-49.50,CLOSED,0
672461.020,0,0,1,0.998,1.000,0.998,-69.55,180.00,-49.50,CLOSED,0
672461.024,0,0,1,1.000,1.000,0.999,-69.28,180.00,-49.50,CLOSED,0
672461.029,0,0,1,1.000,1.000,0.999,-69.03,180.00,-49.50,CLOSED,0
672461.032,0,0,1,1.000,1.000,0.999,-68.80,180.00,-49.50,CLOSED,0
672461.036,0,0,1,1.000,1.000,0.999,-68.56,180.00,-49.50,CLOSED,0
672461.040,0,0,1,1.000,1.000,1.000,-68.33,180.00,-49.50,CLOSED,0
672461.044,0,0,1,1.000,1.000,1.000,-68.12,180.00,-49.50,CLOSED,0
672461.047,0,0,1,1.000,1.000,1.000,-67.91,180.00,-49.50,CLOSED,0
672461.052,0,0,1,1.000,1.000,1.000,-67.64,180.00,-49.50,CLOSED,0
672461.057,0,0,1,1.000,1.000,1.000,-67.35,180.00,-49.50,CLOSED,0
672461.060,0,0,1,1.000,1.000,1.000,-67.12,180.00,-49.50,CLOSED,0
672461.065,0,0,1,1.000,1.000,1.000,-66.85,180.00,-49.50,CLOSED,0
672461.070,0,0,1,1.000,1.000,1.000,-66.56,180.00,-49.50,CLOSED,1
672461.074,0,0,1,1.000,1.000,1.000,-66.31,180.00,-49.50,CLOSED,0
672461.078,0,0,1,1.000,1.000,1.000,-66.08,180.00,-49.50,CLOSED,0
672461.082,0,0,1,1.000,1.000,0.997,-65.80,180.00,-49.50,CLOSED,0
672461.086,0,0,1,1.000,1.000,0.994,-65.56,180.00,-49.50,CLOSED,0
672461.090,0,0,1,1.000,1.000,0.995,-65.33,180.00,-49.50,CLOSED,0
672461.094,0,0,1,1.000,1.000,0.995,-65.10,180.00,-49.50,CLOSED,0
672461.098,0,0,1,1.000,1.000,0.998,-64.87,180.00,-49.50,CLOSED,0
672461.102,0,0,1,1.000,1.000,0.999,-64.60,180.00,-49.50,CLOSED,0
672461.107,0,0,1,1.000,1.000,1.000,-64.33,180.00,-49.50,CLOSED,0
672461.112,0,0,1,1.000,1.000,1.000,-64.05,180.00,-49.50,CLOSED,0
672461.116,0,0,1,1.000,1.000,1.000,-63.79,180.00,-49.50,CLOSED,0
672461.120,0,0,1,1.000,1.000,1.000,-63.53,180.00,-49.50,CLOSED,0
672461.124,0,0,1,1.000,1.000,1.000,-63.29,180.00,-49.50,CLOSED,0
672461.130,0,0,1,1.000,1.000,1.000,-62.97,180.00,-49.50,CLOSED,0
672461.134,0,0,1,1.000,1.000,0.999,-62.69,180.00,-49.50,CLOSED,0
672461.138,0,0,1,1.000,1.000,0.999,-62.47,180.00,-49.50,CLOSED,0
672461.142,0,0,1,1.000,1.000,0.999,-62.26,180.00,-49.50,CLOSED,0
672461.146,0,0,1,1.000,1.000,0.995,-62.02,180.00,-49.50,CLOSED,0
672461.149,0,0,1,1.000,1.000,0.995,-61.78,180.00,-49.50,CLOSED,0
672461.153,0,0,1,1.000,1.000,0.996,-61.56,180.00,-49.50,CLOSED,0
672461.157,0,0,1,1.000,1.000,0.998,-61.34,180.00,-49.50,CLOSED,0
672461.160,0,0,1,1.000,1.000,0.998,-61.12,180.00,-49.50,CLOSED,0
672461.164,0,0,1,1.000,0.999,0.998,-60.90,180.00,-49.50,CLOSED,0
672461.169,0,0,1,1.000,0.999,0.999,-60.64,180.00,-49.50,CLOSED,0
672461.174,0,0,1,1.000,0.998,0.998,-60.32,180.00,-49.50,CLOSED,1
672461.179,0,0,1,1.000,0.998,0.996,-60.01,180.00,-49.50,CLOSED,0
672461.184,0,0,1,1.000,1.000,0.998,-59.70,180.00,-49.50,CLOSED,0
672461.188,0,0,1,1.000,1.000,1.000,-59.44,180.00,-49.50,CLOSED,0
672461.193,0,0,1,1.000,1.000,1.000,-59.17,180.00,-49.50,CLOSED,0
672461.198,0,0,1,1.000,1.000,1.000,-58.90,180.00,-49.50,CLOSED,0
672461.203,0,0,1,1.000,1.000,1.000,-58.56,180.00,-49.50,CLOSED,0
672461.207,0,0,1,1.000,1.000,1.000,-58.31,180.00,-49.50,CLOSED,0
672461.211,0,0,1,1.000,1.000,1.000,-58.07,180.00,-49.50,CLOSED,0
672461.216,0,0,1,1.000,1.000,1.000,-57.80,180.00,-49.50,CLOSED,0
672461.221,0,0,1,1.000,1.000,1.000,-57.49,180.00,-49.50,CLOSED,0
672461.226,0,0,1,1.000,1.000,1.000,-57.16,180.00,-49.50,CLOSED,0
672461.231,0,0,1,1.000,1.000,1.000,-56.89,180.00,-49.50,CLOSED,0
672461.237,0,0,1,1.000,1.000,1.000,-56.54,180.00,-49.50,CLOSED,0
672461.242,0,0,1,1.000,1.000,1.000,-56.25,180.00,-49.50,CLOSED,0
672461.246,0,0,1,1.000,1.000,1.000,-56.01,180.00,-49.50,CLOSED,0
672461.250,0,0,1,1.000,1.000,1.000,-55.76,180.00,-49.50,CLOSED,0
672461.254,0,0,1,1.000,1.000,1.000,-55.52,180.00,-49.50,CLOSED,0
672461.257,0,0,1,1.000,1.000,1.000,-55.31,180.00,-49.50,CLOSED,0
672461.261,0,0,1,1.000,1.000,1.000,-55.06,180.00,-49.50,CLOSED,0
672461.266,0,0,1,1.000,1.000,1.000,-54.80,180.00,-49.50,CLOSED,0
672461.271,0,0,1,1.000,1.000,1.000,-54.49,180.00,-49.50,CLOSED,0
672461.276,0,0,1,1.000,1.000,1.000,-54.16,180.00,-49.50,CLOSED,1
672461.282,0,0,0,1.000,1.000,1.000,-54.48,180.00,-49.50,CLOSED,0
672461.287,0,0,0,1.000,1.000,1.000,-54.82,180.00,-49.50,CLOSED,0
672461.292,0,0,0,1.000,1.000,0.999,-55.11,180.00,-49.50,CLOSED,0
672461.296,0,0,0,1.000,1.000,0.999,-55.36,180.00,-49.50,CLOSED,0
672461.303,0,0,0,1.000,1.000,0.998,-55.75,180.00,-49.50,CLOSED,0
672461.307,0,0,0,1.000,1.000,0.996,-56.00,180.00,-49.50,CLOSED,0
672461.311,0,0,0,1.000,1.000,0.996,-56.26,180.00,-49.50,CLOSED,0
672461.318,0,0,0,1.000,1.000,0.996,-56.65,180.00,-49.50,CLOSED,0
672461.322,0,0,0,1.000,1.000,0.997,-56.92,180.00,-49.50,CLOSED,0
672461.327,0,0,0,1.000,1.000,0.998,-57.19,180.00,-49.50,CLOSED,0
672461.332,0,0,0,1.000,1.000,0.999,-57.47,180.00,-49.50,CLOSED,0
672461.336,0,0,0,1.000,1.000,1.000,-57.73,180.00,-49.50,CLOSED,0
672461.340,0,0,0,1.000,1.000,1.000,-57.97,180.00,-49.50,CLOSED,0
672461.345,0,0,0,1.000,1.000,1.000,-58.27,180.00,-49.50,CLOSED,0
672461.349,0,0,0,1.000,1.000,1.000,-58.54,180.00,-49.50,CLOSED,0
672461.353,0,0,0,1.000,1.000,1.000,-58.77,180.00,-49.50,CLOSED,0
672461.357,0,0,0,1.000,1.000,1.000,-58.99,180.00,-49.50,CLOSED,0
672461.361,0,0,0,1.000,1.000,1.000,-59.23,180.00,-49.50,CLOSED,0
672461.365,0,0,0,1.000,1.000,1.000,-59.50,180.00,-49.50,CLOSED,0
672461.370,0,0,0,1.000,1.000,1.000,-59.76,180.00,-49.50,CLOSED,0
672461.374,0,0,0,1.000,1.000,1.000,-60.00,180.00,-49.50,CLOSED,0
672461.378,0,0,0,1.000,1.000,1.000,-60.23,180.00,-49.50,CLOSED,1
672461.382,0,0,0,1.000,1.000,1.000,-60.48,180.00,-49.50,CLOSED,0
672461.386,0,0,0,1.000,1.000,1.000,-60.71,180.00,-49.50,CLOSED,0
672461.390,0,0,0,1.000,1.000,1.000,-60.95,180.00,-49.50,CLOSED,0
672461.394,0,0,0,1.000,1.000,1.000,-61.20,180.00,-49.50,CLOSED,0
672461.398,0,0,0,1.000,1.000,1.000,-61.44,180.00,-49.50,CLOSED,0
672461.401,0,0,0,1.000,1.000,1.000,-61.66,180.00,-49.50,CLOSED,0
