t,hand,elbow,shoulder,p_hand,p_elbow,p_shoulder,J2,J3,J6,grip_state,cmd_sent
672716.680,0,0,0,0.805,1.000,1.000,-90.00,180.00,0.00,OPEN,0
672716.702,0,0,0,0.711,1.000,1.000,-90.00,180.00,0.00,OPEN,0
672716.739,0,0,0,0.996,1.000,1.000,-90.00,180.00,0.00,OPEN,0
672716.789,0,0,0,1.000,1.000,1.000,-90.00,180.00,0.00,OPEN,0
672716.839,0,0,0,1.000,1.000,1.000,-90.00,180.00,0.00,OPEN,0
672716.889,0,0,0,1.000,1.000,1.000,-90.00,180.00,0.00,OPEN,0
672716.939,0,0,0,1.000,1.000,1.000,-90.00,180.00,0.00,OPEN,0
672716.989,0,0,0,1.000,1.000,1.000,-90.00,180.00,0.00,OPEN,0
672717.039,0,0,0,1.000,1.000,1.000,-90.00,180.00,0.00,OPEN,0
672717.089,0,0,0,1.000,1.000,1.000,-90.00,180.00,0.00,OPEN,0
672717.139,0,0,0,1.000,1.000,1.000,-90.00,180.00,0.00,OPEN,0
672717.188,0,0,0,1.000,1.000,1.000,-90.00,180.00,0.00,OPEN,0
672717.239,0,0,0,1.000,1.000,1.000,-90.00,180.00,0.00,OPEN,0
672717.289,1,0,0,1.000,1.000,1.000,-90.00,180.00,0.00,OPEN,0
672717.339,1,0,0,1.000,1.000,1.000,-90.00,180.00,0.00,OPEN,0
672717.389,1,0,0,1.000,1.000,1.000,-90.00,180.00,0.00,OPEN,0
672717.439,1,0,0,1.000,1.000,1.000,-90.00,180.00,0.00,OPEN,0
672717.489,1,0,0,1.000,1.000,1.000,-90.00,180.00,0.00,OPEN,0
672717.539,1,0,0,1.000,1.000,1.000,-90.00,180.00,0.00,OPEN,0
672717.589,1,0,0,1.000,1.000,1.000,-90.00,180.00,0.00,OPEN,0
672717.639,1,0,0,1.000,1.000,1.000,-90.00,180.00,0.00,OPEN,0
672717.690,1,0,0,1.000,1.000,1.000,-90.00,180.00,0.00,OPEN,0
672717.739,1,0,0,1.000,1.000,1.000,-90.00,180.00,0.00,OPEN,0
672717.789,1,0,0,1.000,1.000,1.000,-90.00,180.00,0.00,OPEN,0
672717.839,1,0,0,1.000,1.000,1.000,-90.00,180.00,0.00,OPEN,0
672717.889,1,0,0,1.000,1.000,1.000,-90.00,180.00,0.00,OPEN,0
672717.939,1,0,0,1.000,1.000,1.000,-90.00,180.00,0.00,OPEN,0
672717.989,1,0,0,1.000,1.000,1.000,-90.00,180.00,0.00,OPEN,0
672718.039,1,0,0,1.000,1.000,1.000,-90.00,180.00,0.00,OPEN,0
672718.090,1,0,0,1.000,1.000,1.000,-90.00,180.00,0.00,OPEN,0
672718.139,1,0,0,1.000,1.000,1.000,-90.00,180.00,0.00,OPEN,0
672718.191,1,0,0,1.000,1.000,1.000,-90.00,180.00,0.00,OPEN,0
672718.239,1,0,0,1.000,1.000,1.000,-90.00,180.00,0.00,OPEN,0
672718.289,1,0,0,1.000,1.000,1.000,-90.00,180.00,0.00,OPEN,0
672718.339,1,0,0,1.000,1.000,1.000,-90.00,180.00,0.00,OPEN,0
672718.391,1,0,0,1.000,1.000,1.000,-90.00,180.00,0.00,OPEN,0
672718.440,1,0,0,1.000,1.000,1.000,-90.00,180.00,0.00,OPEN,0
672718.489,1,0,0,1.000,1.000,1.000,-90.00,180.00,0.00,OPEN,0
672718.539,1,0,0,1.000,1.000,1.000,-90.00,180.00,0.00,OPEN,0
672718.589,1,0,0,1.000,1.000,1.000,-90.00,180.00,0.00,OPEN,0
672718.639,1,0,0,1.000,1.000,1.000,-90.00,180.00,0.00,OPEN,0
672718.689,1,0,0,1.000,1.000,1.000,-90.00,180.00,0.00,OPEN,0
672718.739,1,0,0,1.000,1.000,1.000,-90.00,180.00,0.00,OPEN,0
672718.788,1,0,0,1.000,1.000,1.000,-90.00,180.00,0.00,OPEN,0
672718.839,1,0,0,1.000,1.000,1.000,-90.00,180.00,0.00,OPEN,0
672718.889,1,0,0,1.000,1.000,1.000,-90.00,180.00,0.00,OPEN,0
672718.939,1,0,0,1.000,1.000,1.000,-90.00,180.00,0.00,OPEN,0
672718.989,1,0,0,1.000,1.000,1.000,-90.00,180.00,0.00,OPEN,0
672719.038,1,0,0,1.000,1.000,1.000,-90.00,180.00,0.00,OPEN,0
672719.088,1,0,0,1.000,1.000,1.000,-90.00,180.00,0.00,OPEN,0
672719.138,1,0,0,1.000,1.000,1.000,-90.00,180.00,0.00,OPEN,0
672719.189,1,0,0,1.000,1.000,1.000,-90.00,180.00,0.00,OPEN,0
672719.239,1,0,0,1.000,1.000,1.000,-90.00,180.00,0.00,OPEN,0
672719.289,1,0,0,1.000,1.000,1.000,-90.00,180.00,0.00,OPEN,0
672719.339,1,0,0,1.000,1.000,1.000,-90.00,180.00,0.00,OPEN,0
672719.389,1,0,0,1.000,1.000,1.000,-90.00,180.00,0.00,OPEN,0
672719.439,1,0,0,1.000,1.000,1.000,-90.00,180.00,0.00,OPEN,0
672719.489,1,0,0,1.000,1.000,1.000,-90.00,180.00,0.00,OPEN,0
672719.539,1,0,0,1.000,1.000,1.000,-90.00,180.00,0.00,OPEN,0
672719.589,1,0,0,1.000,1.000,1.000,-90.00,180.00,0.00,OPEN,0
672719.639,1,0,0,1.000,1.000,1.000,-90.00,180.00,0.00,OPEN,0
672719.689,1,0,0,1.000,1.000,1.000,-90.00,180.00,0.00,OPEN,0
672719.739,1,0,0,1.000,1.000,1.000,-90.00,180.00,0.00,OPEN,0
672719.789,1,0,0,1.000,1.000,1.000,-90.00,180.00,0.00,OPEN,0
672719.851,1,0,0,1.000,1.000,1.000,-90.00,180.00,0.00,OPEN,0
672719.889,1,0,0,1.000,1.000,1.000,-90.00,180.00,0.00,OPEN,0
672719.939,1,0,0,1.000,1.000,1.000,-90.00,180.00,0.00,OPEN,0
672719.989,1,0,0,1.000,1.000,1.000,-90.00,180.00,0.00,OPEN,0
672720.039,1,0,0,1.000,1.000,1.000,-90.00,180.00,0.00,OPEN,0
672720.089,1,0,0,1.000,1.000,1.000,-90.00,180.00,0.00,OPEN,0
672720.139,1,0,0,1.000,1.000,1.000,-90.00,180.00,0.00,OPEN,0
672720.189,1,0,0,1.000,1.000,1.000,-90.00,180.00,0.00,OPEN,0
672720.238,1,0,0,1.000,1.000,1.000,-90.00,180.00,0.00,OPEN,0
672720.288,1,0,0,1.000,1.000,1.000,-90.00,180.00,0.00,OPEN,0
672720.338,1,0,0,1.000,1.000,1.000,-90.00,180.00,0.00,OPEN,0
672720.389,1,0,0,1.000,1.000,1.000,-90.00,180.00,0.00,OPEN,0
672720.439,1,0,0,1.000,1.000,1.000,-90.00,180.00,0.00,OPEN,0
672720.489,1,0,0,1.000,1.000,1.000,-90.00,180.00,0.00,OPEN,0
672720.539,1,0,0,1.000,1.000,1.000,-90.00,180.00,0.00,OPEN,0
672720.589,1,0,0,1.000,1.000,1.000,-90.00,180.00,0.00,OPEN,0
672720.639,1,0,0,1.000,1.000,1.000,-90.00,180.00,0.00,OPEN,0
672720.689,1,0,0,1.000,1.000,1.000,-90.00,180.00,0.00,OPEN,0
672720.739,1,0,0,1.000,1.000,1.000,-90.00,180.00,0.00,OPEN,0
672720.789,1,0,0,1.000,1.000,1.000,-90.00,180.00,0.00,OPEN,0
672720.838,1,0,0,1.000,1.000,1.000,-90.00,180.00,0.00,OPEN,0
672720.889,1,0,0,1.000,1.000,1.000,-90.00,180.00,0.00,OPEN,0
672720.939,1,0,0,1.000,1.000,1.000,-90.00,180.00,0.00,OPEN,0
672720.989,1,0,0,1.000,1.000,1.000,-90.00,180.00,0.00,OPEN,0
672721.039,1,0,0,1.000,1.000,1.000,-90.00,180.00,0.00,OPEN,0
672721.089,1,0,0,1.000,1.000,1.000,-90.00,180.00,0.00,OPEN,0
672721.140,1,0,0,1.000,1.000,1.000,-90.00,180.00,0.00,OPEN,0
672721.188,1,0,0,1.000,1.000,1.000,-90.00,180.00,0.00,OPEN,0
672721.239,1,0,0,1.000,1.000,1.000,-90.00,180.00,0.00,OPEN,0
672721.289,1,0,0,1.000,1.000,1.000,-90.00,180.00,0.00,OPEN,0
672721.338,1,0,0,1.000,1.000,1.000,-90.00,180.00,0.00,OPEN,0
672721.389,1,0,0,1.000,1.000,1.000,-90.00,180.00,0.00,OPEN,0
672721.439,1,0,0,1.000,1.000,1.000,-90.00,180.00,0.00,OPEN,0
672721.489,1,0,0,1.000,1.000,1.000,-90.00,180.00,0.00,OPEN,0
672721.539,1,0,0,1.000,1.000,1.000,-90.00,180.00,0.00,OPEN,0
672721.589,1,0,0,1.000,1.000,1.000,-90.00,180.00,0.00,OPEN,0
672721.639,1,0,0,1.000,1.000,1.000,-90.00,180.00,0.00,OPEN,0
672721.689,1,0,0,1.000,1.000,1.000,-90.00,180.00,0.00,OPEN,0
672721.739,1,0,0,1.000,1.000,1.000,-90.00,180.00,0.00,OPEN,0
672721.789,1,0,0,1.000,1.000,1.000,-90.00,180.00,0.00,OPEN,0
672721.839,1,0,0,1.000,0.999,1.000,-90.00,180.00,0.00,OPEN,0
672721.889,1,0,0,1.000,0.997,1.000,-90.00,180.00,0.00,OPEN,0
672721.939,1,0,0,1.000,0.994,1.000,-90.00,180.00,0.00,OPEN,0
672721.989,1,0,0,1.000,0.998,1.000,-90.00,180.00,0.00,OPEN,0
672722.039,1,0,0,1.000,0.999,1.000,-90.00,180.00,0.00,OPEN,0
672722.088,1,0,0,1.000,1.000,1.000,-90.00,180.00,0.00,OPEN,0
672722.139,1,0,0,1.000,1.000,1.000,-90.00,180.00,0.00,OPEN,0
672722.188,1,0,0,1.000,1.000,1.000,-90.00,180.00,0.00,OPEN,0
672722.239,1,0,0,1.000,1.000,1.000,-90.00,180.00,0.00,OPEN,0
672722.289,1,0,0,1.000,1.000,1.000,-90.00,180.00,0.00,OPEN,0
672722.339,1,0,0,1.000,1.000,1.000,-90.00,180.00,0.00,OPEN,0
672722.389,1,0,0,1.000,1.000,1.000,-90.00,180.00,0.00,OPEN,0
672722.439,1,0,0,1.000,1.000,1.000,-90.00,180.00,0.00,OPEN,0
672722.489,1,0,0,1.000,1.000,1.000,-90.00,180.00,0.00,OPEN,0
672722.539,1,0,0,0.540,1.000,1.000,-90.00,180.00,0.00,OPEN,0
672722.589,1,0,0,0.866,1.000,1.000,-90.00,180.00,0.00,OPEN,0
672722.639,1,0,0,0.570,1.000,1.000,-90.00,180.00,0.00,OPEN,0
672722.689,1,0,0,0.697,1.000,1.000,-90.00,180.00,0.00,OPEN,0
672722.739,1,0,0,0.604,1.000,1.000,-90.00,180.00,0.00,OPEN,0
672722.789,1,0,0,0.676,1.000,1.000,-90.00,180.00,0.00,OPEN,0
672722.838,1,0,0,0.688,1.000,1.000,-90.00,180.00,0.00,OPEN,0
672722.889,1,0,0,0.960,1.000,1.000,-90.00,180.00,0.00,OPEN,0
672722.939,1,0,0,1.000,1.000,1.000,-90.00,180.00,0.00,OPEN,0
672722.989,1,0,0,1.000,1.000,1.000,-90.00,180.00,0.00,OPEN,0
672723.038,1,0,0,1.000,1.000,1.000,-90.00,180.00,0.00,OPEN,0
672723.089,0,0,0,1.000,1.000,1.000,-90.00,180.00,0.00,OPEN,0
672723.139,0,0,0,1.000,1.000,1.000,-90.00,180.00,0.00,OPEN,0
672723.189,0,0,0,1.000,1.000,1.000,-90.00,180.00,0.00,OPEN,0
672723.239,0,0,0,1.000,1.000,1.000,-90.00,180.00,0.00,OPEN,0
672723.289,0,0,0,1.000,1.000,1.000,-90.00,180.00,0.00,OPEN,0
672723.339,0,0,0,1.000,1.000,1.000,-90.00,180.00,0.00,OPEN,0
672723.389,0,0,0,1.000,1.000,1.000,-90.00,180.00,0.00,OPEN,0
672723.439,0,0,0,1.000,1.000,1.000,-90.00,180.00,0.00,OPEN,0
672723.489,0,0,0,1.000,1.000,1.000,-90.00,180.00,0.00,OPEN,0
672723.539,0,0,0,1.000,1.000,1.000,-90.00,180.00,0.00,OPEN,0
672723.588,0,0,0,1.000,1.000,1.000,-90.00,180.00,0.00,OPEN,0
672723.640,0,0,0,1.000,1.000,1.000,-90.00,180.00,0.00,OPEN,0
672723.689,0,0,0,1.000,1.000,1.000,-90.00,180.00,0.00,OPEN,0
672723.739,0,0,0,1.000,1.000,1.000,-90.00,180.00,0.00,OPEN,0
672723.794,0,0,0,1.000,1.000,1.000,-90.00,180.00,0.00,OPEN,0
672723.839,0,0,0,1.000,1.000,1.000,-90.00,180.00,0.00,OPEN,0
672723.889,0,0,0,1.000,1.000,1.000,-90.00,180.00,0.00,OPEN,0
672723.939,0,0,0,1.000,1.000,1.000,-90.00,180.00,0.00,OPEN,0
672723.989,0,0,0,1.000,1.000,1.000,-90.00,180.00,0.00,OPEN,0
672724.039,0,0,0,1.000,1.000,1.000,-90.00,180.00,0.00,OPEN,0
672724.089,0,0,0,1.000,1.000,1.000,-90.00,180.00,0.00,OPEN,0
672724.138,0,0,0,1.000,1.000,1.000,-90.00,180.00,0.00,OPEN,0
672724.189,0,0,0,1.000,1.000,1.000,-90.00,180.00,0.00,OPEN,0
672724.239,0,0,0,1.000,1.000,1.000,-90.00,180.00,0.00,OPEN,0
672724.290,0,0,0,0.999,1.000,1.000,-90.00,180.00,0.00,OPEN,0
672724.340,0,0,0,1.000,1.000,1.000,-90.00,180.00,0.00,OPEN,0
672724.390,0,0,0,1.000,1.000,1.000,-90.00,180.00,0.00,OPEN,0
672724.439,0,0,0,1.000,1.000,1.000,-90.00,180.00,0.00,OPEN,0
672724.489,0,0,0,1.000,1.000,1.000,-90.00,180.00,0.00,OPEN,0
672724.539,0,0,0,1.000,1.000,1.000,-90.00,180.00,0.00,OPEN,0
672724.589,0,0,0,1.000,1.000,1.000,-90.00,180.00,0.00,OPEN,0
672724.639,0,0,0,1.000,1.000,1.000,-90.00,180.00,0.00,OPEN,0
672724.689,0,0,0,1.000,1.000,1.000,-90.00,180.00,0.00,OPEN,0
672724.739,0,0,0,1.000,1.000,1.000,-90.00,180.00,0.00,OPEN,0
672724.789,0,0,0,1.000,1.000,1.000,-90.00,180.00,0.00,OPEN,0
672724.839,0,0,0,1.000,1.000,1.000,-90.00,180.00,0.00,OPEN,0
672724.889,0,0,0,1.000,1.000,1.000,-90.00,180.00,0.00,OPEN,0
672724.939,0,0,0,1.000,1.000,1.000,-90.00,180.00,0.00,OPEN,0
672724.989,0,0,0,1.000,1.000,1.000,-90.00,180.00,0.00,OPEN,0
672725.039,0,0,0,1.000,1.000,1.000,-90.00,180.00,0.00,OPEN,0
672725.089,0,0,0,1.000,1.000,1.000,-90.00,180.00,0.00,OPEN,0
672725.139,0,0,0,1.000,1.000,1.000,-90.00,180.00,0.00,OPEN,0
672725.194,0,0,0,1.000,1.000,1.000,-90.00,180.00,0.00,OPEN,0
672725.239,0,0,0,0.999,1.000,1.000,-90.00,180.00,0.00,OPEN,0
672725.289,0,0,0,1.000,1.000,1.000,-90.00,180.00,0.00,OPEN,0
672725.338,0,0,0,1.000,1.000,1.000,-90.00,180.00,0.00,OPEN,0
672725.389,0,0,0,1.000,1.000,1.000,-90.00,180.00,0.00,OPEN,0
672725.438,0,0,0,1.000,1.000,1.000,-90.00,180.00,0.00,OPEN,0
672725.489,0,0,0,1.000,1.000,1.000,-90.00,180.00,0.00,OPEN,0
672725.539,0,0,0,1.000,1.000,1.000,-90.00,180.00,0.00,OPEN,0
672725.589,0,0,0,1.000,1.000,1.000,-90.00,180.00,0.00,OPEN,0
672725.639,0,0,0,1.000,1.000,1.000,-90.00,180.00,0.00,OPEN,0
672725.689,0,0,0,1.000,1.000,1.000,-90.00,180.00,0.00,OPEN,0
672725.739,0,0,0,1.000,1.000,1.000,-90.00,180.00,0.00,OPEN,0
672725.789,0,0,0,1.000,1.000,1.000,-90.00,180.00,0.00,OPEN,0
672725.839,0,0,0,1.000,1.000,1.000,-90.00,180.00,0.00,OPEN,0
672725.888,0,0,0,1.000,1.000,1.000,-90.00,180.00,0.00,OPEN,0
672725.939,0,0,0,1.000,1.000,1.000,-90.00,180.00,0.00,OPEN,0
672725.989,0,0,0,0.999,1.000,1.000,-90.00,180.00,0.00,OPEN,0
672726.039,0,0,0,1.000,1.000,1.000,-90.00,180.00,0.00,OPEN,0
672726.088,0,0,0,1.000,1.000,1.000,-90.00,180.00,0.00,OPEN,0
672726.139,0,0,0,1.000,1.000,1.000,-90.00,180.00,0.00,OPEN,0
672726.189,0,0,0,1.000,1.000,1.000,-90.00,180.00,0.00,OPEN,0
672726.239,0,0,0,1.000,1.000,1.000,-90.00,180.00,0.00,OPEN,0
672726.289,0,0,0,1.000,1.000,1.000,-90.00,180.00,0.00,OPEN,0
672726.339,0,0,0,1.000,1.000,1.000,-90.00,180.00,0.00,OPEN,0
672726.389,0,0,0,1.000,1.000,1.000,-90.00,180.00,0.00,OPEN,0
672726.440,0,0,0,1.000,1.000,1.000,-90.00,180.00,0.00,OPEN,0
672726.489,0,0,0,1.000,1.000,1.000,-90.00,180.00,0.00,OPEN,0
672726.539,0,0,0,1.000,1.000,1.000,-90.00,180.00,0.00,OPEN,0
672726.589,0,0,0,1.000,1.000,1.000,-90.00,180.00,0.00,OPEN,0
672726.654,0,0,0,1.000,1.000,1.000,-90.00,180.00,0.00,OPEN,0
672726.690,0,0,0,1.000,1.000,1.000,-90.00,180.00,0.00,OPEN,0
672726.739,0,0,0,1.000,1.000,1.000,-90.00,180.00,0.00,OPEN,0
672726.789,0,0,0,1.000,1.000,1.000,-90.00,180.00,0.00,OPEN,0
672726.839,0,0,0,1.000,1.000,1.000,-90.00,180.00,0.00,OPEN,0
672726.889,0,0,0,1.000,1.000,1.000,-90.00,180.00,0.00,OPEN,0
672726.939,0,0,0,1.000,1.000,1.000,-90.00,180.00,0.00,OPEN,0
672726.989,0,0,0,1.000,1.000,1.000,-90.00,180.00,0.00,OPEN,0
672727.038,0,0,0,1.000,1.000,1.000,-90.00,180.00,0.00,OPEN,0
672727.089,0,0,0,1.000,1.000,1.000,-90.00,180.00,0.00,OPEN,0
672727.139,0,0,0,1.000,1.000,1.000,-90.00,180.00,0.00,OPEN,0
672727.189,0,0,0,1.000,1.000,1.000,-90.00,180.00,0.00,OPEN,0
672727.239,0,0,0,1.000,1.000,1.000,-90.00,180.00,0.00,OPEN,0
672727.289,0,0,0,1.000,1.000,1.000,-90.00,180.00,0.00,OPEN,0
672727.339,0,0,0,1.000,1.000,1.000,-90.00,180.00,0.00,OPEN,0
672727.389,0,0,0,1.000,1.000,1.000,-90.00,180.00,0.00,OPEN,0
672727.439,0,0,0,1.000,1.000,1.000,-90.00,180.00,0.00,OPEN,0
672727.489,0,0,0,1.000,1.000,1.000,-90.00,180.00,0.00,OPEN,0
672727.539,0,0,0,1.000,1.000,1.000,-90.00,180.00,0.00,OPEN,0
672727.589,0,0,0,1.000,1.000,1.000,-90.00,180.00,0.00,OPEN,0
672727.640,0,0,0,1.000,1.000,1.000,-90.00,180.00,0.00,OPEN,0
672727.688,0,0,0,1.000,1.000,1.000,-90.00,180.00,0.00,OPEN,0
672727.739,0,0,0,1.000,1.000,1.000,-90.00,180.00,0.00,OPEN,0
672727.789,0,0,0,1.000,1.000,1.000,-90.00,180.00,0.00,OPEN,0
672727.839,0,0,0,1.000,1.000,1.000,-90.00,180.00,0.00,OPEN,0
672727.889,0,0,0,1.000,1.000,1.000,-90.00,180.00,0.00,OPEN,0
672727.939,0,0,0,1.000,1.000,1.000,-90.00,180.00,0.00,OPEN,0
672727.989,0,0,0,1.000,1.000,1.000,-90.00,180.00,0.00,OPEN,0
672728.038,0,0,0,1.000,1.000,1.000,-90.00,180.00,0.00,OPEN,0
672728.088,0,0,0,1.000,1.000,1.000,-90.00,180.00,0.00,OPEN,0
672728.140,0,0,0,1.000,1.000,1.000,-90.00,180.00,0.00,OPEN,0
672728.192,0,0,0,1.000,1.000,1.000,-90.00,180.00,0.00,OPEN,0
672728.239,0,0,0,1.000,1.000,1.000,-90.00,180.00,0.00,OPEN,0
672728.289,0,0,0,1.000,1.000,1.000,-90.00,180.00,0.00,OPEN,0
672728.339,0,0,0,1.000,1.000,1.000,-90.00,180.00,0.00,OPEN,0
672728.389,0,0,0,1.000,1.000,1.000,-90.00,180.00,0.00,OPEN,0
672728.439,0,0,0,1.000,1.000,1.000,-90.00,180.00,0.00,OPEN,0
672728.489,0,0,0,1.000,1.000,1.000,-90.00,180.00,0.00,OPEN,0
672728.539,0,0,0,1.000,1.000,1.000,-90.00,180.00,0.00,OPEN,0
672728.588,0,0,0,1.000,1.000,1.000,-90.00,180.00,0.00,OPEN,0
672728.639,0,0,0,1.000,1.000,1.000,-90.00,180.00,0.00,OPEN,0
672728.689,0,0,0,1.000,1.000,1.000,-90.00,180.00,0.00,OPEN,0
672728.739,0,0,0,1.000,1.000,1.000,-90.00,180.00,0.00,OPEN,0
672728.789,0,0,0,1.000,1.000,1.000,-90.00,180.00,0.00,OPEN,0
672728.839,0,0,0,1.000,1.000,1.000,-90.00,180.00,0.00,OPEN,0
672728.889,0,0,0,1.000,1.000,1.000,-90.00,180.00,0.00,OPEN,0
672728.939,0,0,0,1.000,1.000,1.000,-90.00,180.00,0.00,OPEN,0
672728.989,0,0,0,1.000,1.000,1.000,-90.00,180.00,0.00,OPEN,0
672729.039,0,0,0,1.000,1.000,1.000,-90.00,180.00,0.00,OPEN,0
672729.089,0,0,0,1.000,1.000,1.000,-90.00,180.00,0.00,OPEN,0
672729.139,0,0,0,1.000,1.000,1.000,-90.00,180.00,0.00,OPEN,0
672729.189,0,0,0,1.000,1.000,1.000,-90.00,180.00,0.00,OPEN,0
672729.239,0,0,0,1.000,1.000,1.000,-90.00,180.00,0.00,OPEN,0
672729.288,0,0,0,1.000,1.000,1.000,-90.00,180.00,0.00,OPEN,0
672729.338,0,0,0,1.000,1.000,1.000,-90.00,180.00,0.00,OPEN,0
672729.389,0,0,0,1.000,1.000,1.000,-90.00,180.00,0.00,OPEN,0
672729.439,0,0,0,1.000,1.000,1.000,-90.00,180.00,0.00,OPEN,0
672729.489,0,0,0,1.000,1.000,1.000,-90.00,180.00,0.00,OPEN,0
672729.539,0,0,0,1.000,1.000,1.000,-90.00,180.00,0.00,OPEN,0
672729.589,0,0,0,1.000,1.000,1.000,-90.00,180.00,0.00,OPEN,0
672729.639,0,0,0,1.000,1.000,1.000,-90.00,180.00,0.00,OPEN,0
672729.689,0,0,0,1.000,1.000,1.000,-90.00,180.00,0.00,OPEN,0
672729.738,0,0,0,0.999,1.000,1.000,-90.00,180.00,0.00,OPEN,0
672729.792,0,0,0,0.866,1.000,1.000,-90.00,180.00,0.00,OPEN,0
672729.839,0,0,0,0.663,1.000,1.000,-90.00,180.00,0.00,OPEN,0
672729.889,0,0,0,0.938,1.000,1.000,-90.00,180.00,0.00,OPEN,0
672729.939,0,0,0,0.994,1.000,1.000,-90.00,180.00,0.00,OPEN,0
672729.989,0,0,0,0.999,1.000,1.000,-90.00,180.00,0.00,OPEN,0
672730.039,0,0,0,1.000,1.000,1.000,-90.00,180.00,0.00,OPEN,0
672730.089,0,0,0,1.000,1.000,1.000,-90.00,180.00,0.00,OPEN,0
672730.139,0,0,0,1.000,1.000,1.000,-90.00,180.00,0.00,OPEN,0
672730.189,0,0,0,1.000,1.000,1.000,-90.00,180.00,0.00,OPEN,0
672730.238,2,0,0,1.000,1.000,1.000,-90.00,180.00,0.00,OPEN,0
672730.289,2,0,0,1.000,1.000,1.000,-90.00,180.00,0.00,OPEN,0
672730.339,2,0,0,1.000,1.000,1.000,-90.00,180.00,0.00,OPEN,0
672730.389,2,0,0,1.000,1.000,1.000,-90.00,180.00,0.00,OPEN,0
672730.439,2,0,0,1.000,1.000,1.000,-90.00,180.00,0.00,OPEN,0
672730.489,2,0,0,1.000,1.000,1.000,-90.00,180.00,0.00,OPEN,0
672730.539,2,0,0,1.000,1.000,1.000,-90.00,180.00,0.00,OPEN,0
672730.588,2,0,0,1.000,1.000,1.000,-90.00,180.00,0.00,OPEN,0
672730.638,2,0,0,1.000,1.000,1.000,-90.00,180.00,0.00,OPEN,0
672730.689,2,0,0,1.000,1.000,1.000,-90.00,180.00,0.00,OPEN,0
672730.739,2,0,0,1.000,1.000,1.000,-90.00,180.00,0.00,OPEN,0
672730.789,2,0,0,1.000,1.000,1.000,-90.00,180.00,0.00,OPEN,0
672730.839,2,0,0,1.000,1.000,1.000,-90.00,180.00,0.00,OPEN,0
672730.889,2,0,0,1.000,1.000,1.000,-90.00,180.00,0.00,OPEN,0
672730.938,2,0,0,1.000,1.000,1.000,-90.00,180.00,0.00,OPEN,0
672730.988,2,0,0,1.000,1.000,1.000,-90.00,180.00,0.00,OPEN,0
672731.039,2,0,0,1.000,1.000,1.000,-90.00,180.00,0.00,OPEN,0
672731.089,2,0,0,1.000,1.000,1.000,-90.00,180.00,0.00,OPEN,0
672731.140,2,0,0,1.000,1.000,1.000,-90.00,180.00,0.00,OPEN,0
672731.189,2,0,0,1.000,1.000,1.000,-90.00,180.00,0.00,OPEN,0
672731.239,2,0,0,1.000,1.000,1.000,-90.00,180.00,0.00,OPEN,0
672731.300,2,0,0,1.000,1.000,1.000,-90.00,180.00,0.00,OPEN,0
672731.339,2,0,0,1.000,1.000,1.000,-90.00,180.00,0.00,OPEN,0
672731.389,2,0,0,1.000,1.000,1.000,-90.00,180.00,0.00,OPEN,0
672731.439,2,0,0,1.000,1.000,1.000,-90.00,180.00,0.00,OPEN,0
672731.489,2,0,0,1.000,1.000,1.000,-90.00,180.00,0.00,OPEN,0
672731.538,2,0,0,1.000,1.000,1.000,-90.00,180.00,0.00,OPEN,0
672731.588,2,0,0,1.000,1.000,1.000,-90.00,180.00,0.00,OPEN,0
672731.639,2,0,0,1.000,1.000,1.000,-90.00,180.00,0.00,OPEN,0
672731.689,2,0,0,1.000,1.000,1.000,-90.00,180.00,0.00,OPEN,0
672731.739,2,0,0,1.000,1.000,1.000,-90.00,180.00,0.00,OPEN,0
672731.788,2,0,0,1.000,1.000,1.000,-90.00,180.00,0.00,OPEN,0
672731.839,2,0,0,1.000,1.000,1.000,-90.00,180.00,0.00,OPEN,0
672731.890,2,0,0,1.000,1.000,1.000,-90.00,180.00,0.00,OPEN,0
672731.940,2,0,0,1.000,1.000,1.000,-90.00,180.00,0.00,OPEN,0
672731.991,2,0,0,1.000,1.000,1.000,-90.00,180.00,0.00,OPEN,0
672732.038,2,0,0,1.000,1.000,1.000,-90.00,180.00,0.00,OPEN,0
672732.089,2,0,0,1.000,1.000,1.000,-90.00,180.00,0.00,OPEN,0
672732.140,2,0,0,1.000,1.000,1.000,-90.00,180.00,0.00,OPEN,0
672732.189,2,0,0,1.000,1.000,1.000,-90.00,180.00,0.00,OPEN,0
672732.240,2,0,0,1.000,1.000,1.000,-90.00,180.00,0.00,OPEN,0
672732.289,2,0,0,1.000,1.000,1.000,-90.00,180.00,0.00,OPEN,0
672732.339,2,0,0,1.000,1.000,1.000,-90.00,180.00,0.00,OPEN,0
672732.389,2,0,0,1.000,1.000,1.000,-90.00,180.00,0.00,OPEN,0
672732.439,2,0,0,1.000,1.000,1.000,-90.00,180.00,0.00,OPEN,0
672732.507,2,0,0,1.000,1.000,1.000,-90.00,180.00,0.00,OPEN,0
672732.541,2,0,0,1.000,1.000,1.000,-90.00,180.00,0.00,OPEN,0
672732.589,2,0,0,1.000,1.000,1.000,-90.00,180.00,0.00,OPEN,0
672732.639,2,0,0,1.000,1.000,1.000,-90.00,180.00,0.00,OPEN,0
672732.689,2,0,0,1.000,1.000,1.000,-90.00,180.00,0.00,OPEN,0
672732.740,2,0,0,1.000,1.000,1.000,-90.00,180.00,0.00,OPEN,0
672732.789,2,0,0,1.000,1.000,1.000,-90.00,180.00,0.00,OPEN,0
672732.839,2,0,0,1.000,1.000,1.000,-90.00,180.00,0.00,OPEN,0
672732.889,2,0,0,1.000,1.000,1.000,-90.00,180.00,0.00,OPEN,0
672732.940,2,0,0,1.000,1.000,1.000,-90.00,180.00,0.00,OPEN,0
672732.989,2,0,0,1.000,1.000,1.000,-90.00,180.00,0.00,OPEN,0
672733.039,2,0,0,1.000,1.000,1.000,-90.00,180.00,0.00,OPEN,0
672733.089,2,0,0,1.000,1.000,1.000,-90.00,180.00,0.00,OPEN,0
672733.139,2,0,0,1.000,1.000,1.000,-90.00,180.00,0.00,OPEN,0
672733.189,2,0,0,1.000,1.000,1.000,-90.00,180.00,0.00,OPEN,0
672733.239,2,0,0,1.000,1.000,1.000,-90.00,180.00,0.00,OPEN,0
672733.289,2,0,0,1.000,1.000,1.000,-90.00,180.00,0.00,OPEN,0
672733.339,2,0,0,1.000,1.000,1.000,-90.00,180.00,0.00,OPEN,0
672733.391,2,0,0,1.000,1.000,1.000,-90.00,180.00,0.00,OPEN,0
672733.439,2,0,0,1.000,1.000,1.000,-90.00,180.00,0.00,OPEN,0
672733.489,2,0,0,1.000,1.000,1.000,-90.00,180.00,0.00,OPEN,0
672733.539,2,0,0,1.000,1.000,1.000,-90.00,180.00,0.00,OPEN,0
672733.589,2,0,0,1.000,1.000,1.000,-90.00,180.00,0.00,OPEN,0
672733.639,2,0,0,1.000,1.000,1.000,-90.00,180.00,0.00,OPEN,0
672733.689,2,0,0,1.000,1.000,1.000,-90.00,180.00,0.00,OPEN,0
672733.739,2,0,0,1.000,1.000,1.000,-90.00,180.00,0.00,OPEN,0
672733.789,2,0,0,1.000,1.000,1.000,-90.00,180.00,0.00,OPEN,0
672733.839,2,0,0,1.000,1.000,1.000,-90.00,180.00,0.00,OPEN,0
672733.889,2,0,0,1.000,1.000,1.000,-90.00,180.00,0.00,OPEN,0
672733.939,2,0,0,1.000,1.000,1.000,-90.00,180.00,0.00,OPEN,0
672733.989,2,0,0,1.000,1.000,1.000,-90.00,180.00,0.00,OPEN,0
672734.039,2,0,0,1.000,1.000,1.000,-90.00,180.00,0.00,OPEN,0
672734.089,2,0,0,1.000,1.000,1.000,-90.00,180.00,0.00,OPEN,0
672734.147,2,0,0,1.000,1.000,1.000,-90.00,180.00,0.00,OPEN,0
672734.189,2,0,0,1.000,1.000,1.000,-90.00,180.00,0.00,OPEN,0
672734.239,2,0,0,1.000,1.000,1.000,-90.00,180.00,0.00,OPEN,0
672734.289,2,0,0,1.000,1.000,1.000,-90.00,180.00,0.00,OPEN,0
672734.340,2,0,0,1.000,1.000,1.000,-90.00,180.00,0.00,OPEN,0
672734.389,2,0,0,1.000,1.000,1.000,-90.00,180.00,0.00,OPEN,0
672734.439,2,0,0,1.000,1.000,1.000,-90.00,180.00,0.00,OPEN,0
672734.489,2,0,0,1.000,1.000,1.000,-90.00,180.00,0.00,OPEN,0
672734.539,2,0,0,1.000,1.000,1.000,-90.00,180.00,0.00,OPEN,0
672734.589,2,0,0,1.000,1.000,1.000,-90.00,180.00,0.00,OPEN,0
672734.639,2,0,0,1.000,1.000,1.000,-90.00,180.00,0.00,OPEN,0
672734.695,2,0,0,1.000,1.000,1.000,-90.00,180.00,0.00,OPEN,0
672734.740,2,0,0,1.000,1.000,1.000,-90.00,180.00,0.00,OPEN,0
672734.791,2,0,0,1.000,1.000,1.000,-90.00,180.00,0.00,OPEN,0
672734.840,2,0,0,1.000,1.000,1.000,-90.00,180.00,0.00,OPEN,0
672734.889,2,0,0,1.000,1.000,1.000,-90.00,180.00,0.00,OPEN,0
672734.939,2,0,0,1.000,1.000,1.000,-90.00,180.00,0.00,OPEN,0
672734.989,2,0,0,1.000,1.000,1.000,-90.00,180.00,0.00,OPEN,0
672735.038,2,0,0,1.000,1.000,1.000,-90.00,180.00,0.00,OPEN,0
672735.089,2,0,0,1.000,1.000,1.000,-90.00,180.00,0.00,OPEN,0
672735.139,2,0,0,1.000,1.000,1.000,-90.00,180.00,0.00,OPEN,0
672735.189,2,0,0,1.000,1.000,1.000,-90.00,180.00,0.00,OPEN,0
672735.239,2,0,0,1.000,1.000,1.000,-90.00,180.00,0.00,OPEN,0
672735.289,2,0,0,1.000,1.000,1.000,-90.00,180.00,0.00,OPEN,0
672735.339,2,0,0,1.000,1.000,1.000,-90.00,180.00,0.00,OPEN,0
672735.389,2,0,0,1.000,1.000,1.000,-90.00,180.00,0.00,OPEN,0
672735.439,2,0,0,1.000,1.000,1.000,-90.00,180.00,0.00,OPEN,0
672735.489,2,0,0,1.000,1.000,1.000,-90.00,180.00,0.00,OPEN,0
672735.539,2,0,0,1.000,1.000,1.000,-90.00,180.00,0.00,OPEN,0
672735.589,2,0,0,1.000,1.000,1.000,-90.00,180.00,0.00,OPEN,0
672735.639,2,0,0,1.000,1.000,1.000,-90.00,180.00,0.00,OPEN,0
672735.689,2,0,0,1.000,1.000,1.000,-90.00,180.00,0.00,OPEN,0
672735.739,2,0,0,1.000,1.000,1.000,-90.00,180.00,0.00,OPEN,0
672735.788,2,0,0,1.000,1.000,1.000,-90.00,180.00,0.00,OPEN,0
672735.839,2,0,0,1.000,1.000,1.000,-90.00,180.00,0.00,OPEN,0
672735.888,2,0,0,1.000,1.000,1.000,-90.00,180.00,0.00,OPEN,0
672735.939,2,0,0,1.000,1.000,1.000,-90.00,180.00,0.00,OPEN,0
672735.989,2,0,0,1.000,1.000,1.000,-90.00,180.00,0.00,OPEN,0
672736.039,2,0,0,0.999,1.000,1.000,-90.00,180.00,0.00,OPEN,0
672736.090,2,0,0,0.968,1.000,1.000,-90.00,180.00,0.00,OPEN,0
672736.139,2,0,0,0.730,1.000,1.000,-90.00,180.00,0.00,OPEN,0
672736.189,2,0,0,0.954,1.000,1.000,-90.00,180.00,0.00,OPEN,0
672736.239,2,0,0,0.989,1.000,1.000,-90.00,180.00,0.00,OPEN,0
672736.289,2,0,0,0.992,1.000,1.000,-90.00,180.00,0.00,OPEN,0
672736.339,2,0,0,0.988,1.000,1.000,-90.00,180.00,0.00,OPEN,0
672736.399,2,0,0,0.986,1.000,1.000,-90.00,180.00,0.00,OPEN,0
672736.440,2,0,0,0.980,1.000,1.000,-90.00,180.00,0.00,OPEN,0
672736.489,2,0,0,0.875,1.000,1.000,-90.00,180.00,0.00,OPEN,0
672736.539,3,0,0,0.922,1.000,1.000,-90.00,180.00,0.00,OPEN,0
672736.589,3,0,0,1.000,1.000,1.000,-90.00,180.00,0.00,OPEN,0
672736.639,3,0,0,1.000,1.000,1.000,-90.00,180.00,0.00,OPEN,0
672736.689,3,0,0,1.000,1.000,1.000,-90.00,180.00,0.00,OPEN,0
672736.738,3,0,0,1.000,1.000,1.000,-90.00,180.00,0.00,OPEN,0
672736.788,3,0,0,1.000,1.000,1.000,-90.00,180.00,0.00,OPEN,0
672736.839,3,0,0,1.000,1.000,1.000,-90.00,180.00,0.00,OPEN,0
672736.889,0,0,0,1.000,1.000,1.000,-90.00,180.00,0.00,OPEN,0
672736.939,0,0,0,1.000,1.000,1.000,-90.00,180.00,0.00,OPEN,0
672736.989,0,0,0,1.000,1.000,1.000,-90.00,180.00,0.00,OPEN,0
672737.038,0,0,0,1.000,1.000,1.000,-90.00,180.00,0.00,OPEN,0
672737.089,0,0,0,1.000,1.000,1.000,-90.00,180.00,0.00,OPEN,0
672737.139,0,0,0,1.000,1.000,1.000,-90.00,180.00,0.00,OPEN,0
672737.189,0,0,0,1.000,1.000,1.000,-90.00,180.00,0.00,OPEN,0
672737.239,0,0,0,1.000,1.000,1.000,-90.00,180.00,0.00,OPEN,0
672737.289,0,0,0,1.000,1.000,1.000,-90.00,180.00,0.00,OPEN,0
672737.339,0,0,0,1.000,1.000,1.000,-90.00,180.00,0.00,OPEN,0
672737.389,0,0,0,1.000,1.000,1.000,-90.00,180.00,0.00,OPEN,0
672737.439,0,0,0,1.000,1.000,1.000,-90.00,180.00,0.00,OPEN,0
672737.489,0,0,0,1.000,1.000,1.000,-90.00,180.00,0.00,OPEN,0
672737.538,0,0,0,1.000,1.000,1.000,-90.00,180.00,0.00,OPEN,0
672737.589,0,0,0,1.000,1.000,1.000,-90.00,180.00,0.00,OPEN,0
672737.640,0,0,0,1.000,1.000,1.000,-90.00,180.00,0.00,OPEN,0
672737.689,0,0,0,1.000,1.000,1.000,-90.00,180.00,0.00,OPEN,0
672737.738,0,0,0,1.000,1.000,1.000,-90.00,180.00,0.00,OPEN,0
672737.788,0,0,0,1.000,1.000,1.000,-90.00,180.00,0.00,OPEN,0
672737.839,0,0,0,1.000,1.000,1.000,-90.00,180.00,0.00,OPEN,0
672737.889,0,0,0,1.000,1.000,1.000,-90.00,180.00,0.00,OPEN,0
672737.939,0,0,0,1.000,1.000,1.000,-90.00,180.00,0.00,OPEN,0
672737.989,0,0,0,1.000,1.000,1.000,-90.00,180.00,0.00,OPEN,0
672738.039,0,0,0,1.000,1.000,1.000,-90.00,180.00,0.00,OPEN,0
672738.089,0,0,0,1.000,1.000,1.000,-90.00,180.00,0.00,OPEN,0
672738.139,0,0,0,1.000,1.000,1.000,-90.00,180.00,0.00,OPEN,0
672738.189,0,0,0,1.000,1.000,1.000,-90.00,180.00,0.00,OPEN,0
672738.239,0,0,0,1.000,1.000,1.000,-90.00,180.00,0.00,OPEN,0
672738.288,0,0,0,1.000,1.000,1.000,-90.00,180.00,0.00,OPEN,0
672738.338,0,0,0,1.000,1.000,1.000,-90.00,180.00,0.00,OPEN,0
672738.389,0,0,0,1.000,1.000,1.000,-90.00,180.00,0.00,OPEN,0
672738.439,0,0,0,1.000,1.000,1.000,-90.00,180.00,0.00,OPEN,0
672738.500,0,0,0,1.000,1.000,1.000,-90.00,180.00,0.00,OPEN,0
672738.540,0,0,0,1.000,1.000,1.000,-90.00,180.00,0.00,OPEN,0
672738.588,0,0,0,1.000,1.000,1.000,-90.00,180.00,0.00,OPEN,0
672738.639,0,0,0,1.000,1.000,1.000,-90.00,180.00,0.00,OPEN,0
672738.689,0,0,0,1.000,1.000,1.000,-90.00,180.00,0.00,OPEN,0
672738.739,0,0,0,1.000,1.000,1.000,-90.00,180.00,0.00,OPEN,0
672738.789,0,0,0,1.000,1.000,1.000,-90.00,180.00,0.00,OPEN,0
672738.839,0,0,0,1.000,1.000,1.000,-90.00,180.00,0.00,OPEN,0
672738.889,0,0,0,1.000,1.000,1.000,-90.00,180.00,0.00,OPEN,0
672738.939,0,0,0,1.000,1.000,1.000,-90.00,180.00,0.00,OPEN,0
672738.989,0,0,0,1.000,1.000,1.000,-90.00,180.00,0.00,OPEN,0
672739.039,0,0,0,1.000,1.000,1.000,-90.00,180.00,0.00,OPEN,0
672739.089,0,0,0,1.000,1.000,1.000,-90.00,180.00,0.00,OPEN,0
672739.139,0,0,0,1.000,1.000,1.000,-90.00,180.00,0.00,OPEN,0
672739.189,0,0,0,1.000,1.000,1.000,-90.00,180.00,0.00,OPEN,0
672739.239,0,0,0,1.000,1.000,1.000,-90.00,180.00,0.00,OPEN,0
672739.289,0,0,0,1.000,1.000,1.000,-90.00,180.00,0.00,OPEN,0
672739.339,0,0,0,1.000,1.000,1.000,-90.00,180.00,0.00,OPEN,0
672739.389,0,0,0,1.000,1.000,1.000,-90.00,180.00,0.00,OPEN,0
672739.439,0,0,0,1.000,1.000,1.000,-90.00,180.00,0.00,OPEN,0
672739.489,0,0,0,1.000,1.000,1.000,-90.00,180.00,0.00,OPEN,0
672739.539,0,0,0,1.000,1.000,1.000,-90.00,180.00,0.00,OPEN,0
672739.589,0,0,0,1.000,1.000,1.000,-90.00,180.00,0.00,OPEN,0
672739.639,0,0,0,1.000,1.000,1.000,-90.00,180.00,0.00,OPEN,0
672739.689,0,0,0,1.000,1.000,1.000,-90.00,180.00,0.00,OPEN,0
672739.739,0,0,0,1.000,1.000,1.000,-90.00,180.00,0.00,OPEN,0
672739.789,0,0,0,1.000,1.000,1.000,-90.00,180.00,0.00,OPEN,0
672739.838,0,0,0,1.000,1.000,1.000,-90.00,180.00,0.00,OPEN,0
672739.889,0,0,0,1.000,1.000,1.000,-90.00,180.00,0.00,OPEN,0
672739.939,0,0,0,1.000,1.000,1.000,-90.00,180.00,0.00,OPEN,0
672739.989,0,0,0,1.000,1.000,1.000,-90.00,180.00,0.00,OPEN,0
672740.039,0,0,0,1.000,1.000,1.000,-90.00,180.00,0.00,OPEN,0
672740.089,0,0,0,1.000,1.000,1.000,-90.00,180.00,0.00,OPEN,0
672740.139,0,0,0,1.000,1.000,1.000,-90.00,180.00,0.00,OPEN,0
672740.189,0,0,0,1.000,1.000,1.000,-90.00,180.00,0.00,OPEN,0
672740.239,0,0,0,1.000,1.000,1.000,-90.00,180.00,0.00,OPEN,0
672740.289,0,0,0,1.000,1.000,1.000,-90.00,180.00,0.00,OPEN,0
672740.339,0,0,0,1.000,1.000,1.000,-90.00,180.00,0.00,OPEN,0
672740.389,0,0,0,1.000,1.000,1.000,-90.00,180.00,0.00,OPEN,0
672740.439,0,0,0,1.000,1.000,1.000,-90.00,180.00,0.00,OPEN,0
672740.489,0,0,0,1.000,1.000,1.000,-90.00,180.00,0.00,OPEN,0
672740.539,0,0,0,1.000,1.000,1.000,-90.00,180.00,0.00,OPEN,0
672740.589,0,0,0,1.000,1.000,1.000,-90.00,180.00,0.00,OPEN,0
672740.639,0,0,0,1.000,1.000,1.000,-90.00,180.00,0.00,OPEN,0
672740.689,0,0,0,1.000,1.000,1.000,-90.00,180.00,0.00,OPEN,0
672740.739,0,0,0,1.000,1.000,1.000,-90.00,180.00,0.00,OPEN,0
672740.803,0,0,0,1.000,1.000,1.000,-90.00,180.00,0.00,OPEN,0
672740.840,0,0,0,1.000,1.000,1.000,-90.00,180.00,0.00,OPEN,0
672740.889,0,0,0,1.000,1.000,1.000,-90.00,180.00,0.00,OPEN,0
672740.939,0,0,0,1.000,1.000,1.000,-90.00,180.00,0.00,OPEN,0
672740.989,0,0,0,1.000,1.000,1.000,-90.00,180.00,0.00,OPEN,0
672741.038,0,0,0,1.000,1.000,1.000,-90.00,180.00,0.00,OPEN,0
672741.088,0,0,0,1.000,1.000,1.000,-90.00,180.00,0.00,OPEN,0
672741.139,0,0,0,1.000,1.000,1.000,-90.00,180.00,0.00,OPEN,0
672741.188,0,0,0,1.000,1.000,1.000,-90.00,180.00,0.00,OPEN,0
672741.239,0,0,0,1.000,1.000,1.000,-90.00,180.00,0.00,OPEN,0
672741.289,0,0,0,1.000,1.000,1.000,-90.00,180.00,0.00,OPEN,0
672741.339,0,0,0,1.000,1.000,1.000,-90.00,180.00,0.00,OPEN,0
672741.389,0,0,0,1.000,1.000,1.000,-90.00,180.00,0.00,OPEN,0
672741.439,0,0,0,1.000,1.000,1.000,-90.00,180.00,0.00,OPEN,0
672741.489,0,0,0,1.000,1.000,1.000,-90.00,180.00,0.00,OPEN,0
672741.539,0,0,0,1.000,1.000,1.000,-90.00,180.00,0.00,OPEN,0
672741.589,0,0,0,1.000,1.000,1.000,-90.00,180.00,0.00,OPEN,0
672741.639,0,0,0,1.000,1.000,1.000,-90.00,180.00,0.00,OPEN,0
672741.689,0,0,0,1.000,1.000,1.000,-90.00,180.00,0.00,OPEN,0
672741.738,0,0,0,1.000,1.000,1.000,-90.00,180.00,0.00,OPEN,0
672741.789,0,0,0,1.000,1.000,1.000,-90.00,180.00,0.00,OPEN,0
672741.838,0,0,0,1.000,1.000,1.000,-90.00,180.00,0.00,OPEN,0
672741.888,0,0,0,1.000,1.000,1.000,-90.00,180.00,0.00,OPEN,0
672741.939,0,0,0,1.000,1.000,1.000,-90.00,180.00,0.00,OPEN,0
672741.989,0,0,0,1.000,1.000,1.000,-90.00,180.00,0.00,OPEN,0
672742.041,0,0,0,1.000,1.000,1.000,-90.00,180.00,0.00,OPEN,0
672742.089,0,0,0,1.000,1.000,1.000,-90.00,180.00,0.00,OPEN,0
672742.138,0,0,0,1.000,1.000,1.000,-90.00,180.00,0.00,OPEN,0
672742.189,0,0,0,1.000,1.000,1.000,-90.00,180.00,0.00,OPEN,0
672742.240,0,0,0,1.000,1.000,1.000,-90.00,180.00,0.00,OPEN,0
672742.293,0,0,0,1.000,1.000,1.000,-90.00,180.00,0.00,OPEN,0
672742.340,0,0,0,1.000,1.000,1.000,-90.00,180.00,0.00,OPEN,0
672742.391,0,0,0,1.000,1.000,1.000,-90.00,180.00,0.00,OPEN,0
672742.440,0,0,0,1.000,1.000,1.000,-90.00,180.00,0.00,OPEN,0
672742.489,0,0,0,1.000,1.000,1.000,-90.00,180.00,0.00,OPEN,0
672742.539,0,0,0,1.000,1.000,1.000,-90.00,180.00,0.00,OPEN,0
672742.590,0,0,0,1.000,1.000,1.000,-90.00,180.00,0.00,OPEN,0
672742.639,0,0,0,1.000,1.000,1.000,-90.00,180.00,0.00,OPEN,0
672742.690,0,0,0,1.000,1.000,1.000,-90.00,180.00,0.00,OPEN,0
672742.742,0,0,0,1.000,1.000,1.000,-90.00,180.00,0.00,OPEN,0
672742.790,0,0,0,1.000,1.000,1.000,-90.00,180.00,0.00,OPEN,0
672742.840,0,0,0,1.000,1.000,1.000,-90.00,180.00,0.00,OPEN,0
672742.892,0,0,0,1.000,1.000,1.000,-90.00,180.00,0.00,OPEN,0
672742.940,0,0,0,1.000,1.000,1.000,-90.00,180.00,0.00,OPEN,0
672742.989,0,0,0,1.000,1.000,1.000,-90.00,180.00,0.00,OPEN,0
672743.040,0,0,0,1.000,1.000,1.000,-90.00,180.00,0.00,OPEN,0
672743.092,0,0,0,1.000,1.000,1.000,-90.00,180.00,0.00,OPEN,0
672743.139,0,0,0,1.000,1.000,1.000,-90.00,180.00,0.00,OPEN,0
672743.189,0,0,0,1.000,1.000,1.000,-90.00,180.00,0.00,OPEN,0
672743.239,0,0,0,1.000,1.000,1.000,-90.00,180.00,0.00,OPEN,0
672743.289,0,0,0,1.000,1.000,1.000,-90.00,180.00,0.00,OPEN,0
672743.339,0,0,0,1.000,1.000,1.000,-90.00,180.00,0.00,OPEN,0
672743.390,0,0,0,1.000,1.000,1.000,-90.00,180.00,0.00,OPEN,0
672743.439,0,0,0,0.768,1.000,1.000,-90.00,180.00,0.00,OPEN,0
672743.489,0,0,0,0.955,1.000,1.000,-90.00,180.00,0.00,OPEN,0
672743.539,0,0,0,0.990,1.000,1.000,-90.00,180.00,0.00,OPEN,0
672743.601,0,0,0,0.998,1.000,1.000,-90.00,180.00,0.00,OPEN,0
672743.640,0,0,0,0.999,1.000,1.000,-90.00,180.00,0.00,OPEN,0
672743.689,0,0,0,1.000,1.000,1.000,-90.00,180.00,0.00,OPEN,0
672743.739,0,0,0,1.000,1.000,1.000,-90.00,180.00,0.00,OPEN,0
672743.789,0,0,0,1.000,1.000,1.000,-90.00,180.00,0.00,OPEN,0
672743.840,3,0,0,1.000,1.000,1.000,-90.00,180.00,0.00,OPEN,0
672743.889,3,0,0,1.000,1.000,1.000,-90.00,180.00,0.00,OPEN,0
672743.939,3,0,0,1.000,1.000,1.000,-90.00,180.00,0.00,OPEN,0
672743.989,3,0,0,1.000,1.000,1.000,-90.00,180.00,0.00,OPEN,0
672744.039,3,0,0,1.000,1.000,1.000,-90.00,180.00,0.00,OPEN,0
672744.089,3,0,0,1.000,1.000,1.000,-90.00,180.00,0.00,OPEN,0
672744.139,3,0,0,1.000,1.000,1.000,-90.00,180.00,0.00,OPEN,0
672744.189,3,0,0,1.000,1.000,1.000,-90.00,180.00,0.00,OPEN,0
672744.239,3,0,0,1.000,1.000,1.000,-90.00,180.00,0.00,OPEN,0
672744.289,3,0,0,1.000,1.000,1.000,-90.00,180.00,0.00,OPEN,0
672744.339,3,0,0,1.000,1.000,1.000,-90.00,180.00,0.00,OPEN,0
672744.389,3,0,0,1.000,1.000,1.000,-90.00,180.00,0.00,OPEN,0
672744.439,3,0,0,1.000,1.000,1.000,-90.00,180.00,0.00,OPEN,0
672744.489,3,0,0,1.000,1.000,1.000,-90.00,180.00,0.00,OPEN,0
672744.539,3,0,0,1.000,1.000,1.000,-90.00,180.00,0.00,OPEN,0
672744.589,3,0,0,1.000,1.000,1.000,-90.00,180.00,0.00,OPEN,0
672744.639,3,0,0,1.000,1.000,1.000,-90.00,180.00,0.00,OPEN,0
672744.690,3,0,0,1.000,1.000,1.000,-90.00,180.00,0.00,OPEN,0
672744.739,3,0,0,1.000,1.000,1.000,-90.00,180.00,0.00,OPEN,0
672744.789,3,0,0,1.000,1.000,1.000,-90.00,180.00,0.00,OPEN,0
672744.839,3,0,0,1.000,1.000,1.000,-90.00,180.00,0.00,OPEN,0
672744.889,3,0,0,1.000,1.000,1.000,-90.00,180.00,0.00,OPEN,0
672744.939,3,0,0,1.000,1.000,1.000,-90.00,180.00,0.00,OPEN,0
672744.989,3,0,0,1.000,1.000,1.000,-90.00,180.00,0.00,OPEN,0
672745.039,3,0,0,1.000,1.000,1.000,-90.00,180.00,0.00,OPEN,0
672745.089,3,0,0,1.000,1.000,1.000,-90.00,180.00,0.00,OPEN,0
672745.139,3,0,0,1.000,1.000,1.000,-90.00,180.00,0.00,OPEN,0
672745.198,3,0,0,1.000,1.000,1.000,-90.00,180.00,0.00,OPEN,0
672745.240,3,0,0,1.000,1.000,1.000,-90.00,180.00,0.00,OPEN,0
672745.289,3,0,0,1.000,1.000,1.000,-90.00,180.00,0.00,OPEN,0
672745.339,3,0,0,1.000,1.000,1.000,-90.00,180.00,0.00,OPEN,0
672745.389,3,0,0,1.000,1.000,1.000,-90.00,180.00,0.00,OPEN,0
672745.439,3,0,0,1.000,1.000,1.000,-90.00,180.00,0.00,OPEN,0
672745.489,3,0,0,1.000,1.000,1.000,-90.00,180.00,0.00,OPEN,0
672745.538,3,0,0,1.000,1.000,1.000,-90.00,180.00,0.00,OPEN,0
672745.589,3,0,0,1.000,1.000,1.000,-90.00,180.00,0.00,OPEN,0
672745.639,3,0,0,1.000,1.000,1.000,-90.00,180.00,0.00,OPEN,0
672745.689,3,0,0,1.000,1.000,1.000,-90.00,180.00,0.00,OPEN,0
672745.739,3,0,0,1.000,1.000,1.000,-90.00,180.00,0.00,OPEN,0
672745.788,3,0,0,1.000,1.000,1.000,-90.00,180.00,0.00,OPEN,0
672745.839,3,0,0,1.000,1.000,1.000,-90.00,180.00,0.00,OPEN,0
672745.889,3,0,0,1.000,1.000,1.000,-90.00,180.00,0.00,OPEN,0
672745.939,3,0,0,1.000,1.000,1.000,-90.00,180.00,0.00,OPEN,0
672745.989,3,0,0,1.000,1.000,1.000,-90.00,180.00,0.00,OPEN,0
672746.042,3,0,0,1.000,1.000,1.000,-90.00,180.00,0.00,OPEN,0
672746.090,3,0,0,1.000,1.000,1.000,-90.00,180.00,0.00,OPEN,0
672746.141,3,0,0,1.000,1.000,1.000,-90.00,180.00,0.00,OPEN,0
672746.189,3,0,0,1.000,1.000,1.000,-90.00,180.00,0.00,OPEN,0
672746.239,3,0,0,1.000,1.000,1.000,-90.00,180.00,0.00,OPEN,0
672746.292,3,0,0,1.000,1.000,1.000,-90.00,180.00,0.00,OPEN,0
672746.340,3,0,0,1.000,1.000,1.000,-90.00,180.00,0.00,OPEN,0
672746.389,3,0,0,1.000,1.000,1.000,-90.00,180.00,0.00,OPEN,0
672746.439,3,0,0,1.000,1.000,1.000,-90.00,180.00,0.00,OPEN,0
672746.489,3,0,0,1.000,1.000,1.000,-90.00,180.00,0.00,OPEN,0
672746.540,3,0,0,1.000,1.000,1.000,-90.00,180.00,0.00,OPEN,0
672746.589,3,0,0,1.000,1.000,1.000,-90.00,180.00,0.00,OPEN,0
672746.638,3,0,0,1.000,1.000,1.000,-90.00,180.00,0.00,OPEN,0
672746.689,3,0,0,1.000,1.000,1.000,-90.00,180.00,0.00,OPEN,0
672746.739,3,0,0,1.000,1.000,1.000,-90.00,180.00,0.00,OPEN,0
672746.789,3,0,0,1.000,1.000,1.000,-90.00,180.00,0.00,OPEN,0
672746.839,3,0,0,1.000,1.000,1.000,-90.00,180.00,0.00,OPEN,0
672746.888,3,0,0,1.000,1.000,1.000,-90.00,180.00,0.00,OPEN,0
672746.939,3,0,0,1.000,1.000,1.000,-90.00,180.00,0.00,OPEN,0
672747.001,3,0,0,1.000,1.000,1.000,-90.00,180.00,0.00,OPEN,0
672747.041,3,0,0,1.000,1.000,1.000,-90.00,180.00,0.00,OPEN,0
672747.090,3,0,0,1.000,1.000,1.000,-90.00,180.00,0.00,OPEN,0
672747.139,3,0,0,1.000,1.000,1.000,-90.00,180.00,0.00,OPEN,0
672747.189,3,0,0,1.000,1.000,1.000,-90.00,180.00,0.00,OPEN,0
672747.239,3,0,0,1.000,1.000,1.000,-90.00,180.00,0.00,OPEN,0
672747.291,3,0,0,1.000,1.000,1.000,-90.00,180.00,0.00,OPEN,0
672747.339,3,0,0,1.000,1.000,1.000,-90.00,180.00,0.00,OPEN,0
672747.389,3,0,0,1.000,1.000,1.000,-90.00,180.00,0.00,OPEN,0
672747.439,3,0,0,1.000,1.000,1.000,-90.00,180.00,0.00,OPEN,0
672747.490,3,0,0,1.000,1.000,1.000,-90.00,180.00,0.00,OPEN,0
672747.540,3,0,0,1.000,1.000,1.000,-90.00,180.00,0.00,OPEN,0
672747.589,3,0,0,1.000,1.000,1.000,-90.00,180.00,0.00,OPEN,0
672747.639,3,0,0,1.000,1.000,1.000,-90.00,180.00,0.00,OPEN,0
672747.689,3,0,0,1.000,1.000,1.000,-90.00,180.00,0.00,OPEN,0
672747.739,3,0,0,1.000,1.000,1.000,-90.00,180.00,0.00,OPEN,0
672747.789,3,0,0,1.000,1.000,1.000,-90.00,180.00,0.00,OPEN,0
672747.839,3,0,0,1.000,1.000,1.000,-90.00,180.00,0.00,OPEN,0
672747.889,3,0,0,1.000,1.000,1.000,-90.00,180.00,0.00,OPEN,0
672747.939,3,0,0,1.000,1.000,1.000,-90.00,180.00,0.00,OPEN,0
672748.016,3,0,0,1.000,1.000,1.000,-90.00,180.00,0.00,OPEN,0
672748.042,3,0,0,1.000,1.000,1.000,-90.00,180.00,0.00,OPEN,0
672748.089,3,0,0,1.000,1.000,1.000,-90.00,180.00,0.00,OPEN,0
672748.139,3,0,0,1.000,1.000,1.000,-90.00,180.00,0.00,OPEN,0
672748.189,3,0,0,1.000,1.000,1.000,-90.00,180.00,0.00,OPEN,0
672748.238,3,0,0,1.000,1.000,1.000,-90.00,180.00,0.00,OPEN,0
672748.289,3,0,0,1.000,1.000,1.000,-90.00,180.00,0.00,OPEN,0
672748.339,3,0,0,1.000,1.000,1.000,-90.00,180.00,0.00,OPEN,0
672748.389,3,0,0,1.000,1.000,1.000,-90.00,180.00,0.00,OPEN,0
672748.439,3,0,0,1.000,1.000,1.000,-90.00,180.00,0.00,OPEN,0
672748.489,3,0,0,1.000,1.000,1.000,-90.00,180.00,0.00,OPEN,0
672748.539,3,0,0,1.000,1.000,1.000,-90.00,180.00,0.00,OPEN,0
672748.589,3,0,0,1.000,1.000,1.000,-90.00,180.00,0.00,OPEN,0
672748.639,3,0,0,1.000,1.000,1.000,-90.00,180.00,0.00,OPEN,0
672748.688,3,0,0,1.000,1.000,1.000,-90.00,180.00,0.00,OPEN,0
672748.738,3,0,0,1.000,1.000,1.000,-90.00,180.00,0.00,OPEN,0
672748.789,3,0,0,1.000,1.000,1.000,-90.00,180.00,0.00,OPEN,0
672748.838,3,0,0,1.000,1.000,1.000,-90.00,180.00,0.00,OPEN,0
672748.888,3,0,0,1.000,1.000,1.000,-90.00,180.00,0.00,OPEN,0
672748.938,3,0,0,1.000,1.000,1.000,-90.00,180.00,0.00,OPEN,0
672748.989,3,0,0,1.000,1.000,1.000,-90.00,180.00,0.00,OPEN,0
672749.039,3,0,0,1.000,1.000,1.000,-90.00,180.00,0.00,OPEN,0
672749.089,3,0,0,1.000,1.000,1.000,-90.00,180.00,0.00,OPEN,0
672749.139,3,0,0,1.000,1.000,1.000,-90.00,180.00,0.00,OPEN,0
672749.189,3,0,0,1.000,1.000,1.000,-90.00,180.00,0.00,OPEN,0
672749.239,3,0,0,1.000,1.000,1.000,-90.00,180.00,0.00,OPEN,0
672749.289,3,0,0,1.000,1.000,1.000,-90.00,180.00,0.00,OPEN,0
672749.339,3,0,0,1.000,1.000,1.000,-90.00,180.00,0.00,OPEN,0
672749.389,3,0,0,1.000,1.000,1.000,-90.00,180.00,0.00,OPEN,0
672749.439,3,0,0,1.000,1.000,1.000,-90.00,180.00,0.00,OPEN,0
672749.489,3,0,0,1.000,1.000,1.000,-90.00,180.00,0.00,OPEN,0
672749.539,3,0,0,1.000,1.000,1.000,-90.00,180.00,0.00,OPEN,0
672749.588,3,0,0,1.000,1.000,1.000,-90.00,180.00,0.00,OPEN,0
672749.638,3,0,0,1.000,1.000,1.000,-90.00,180.00,0.00,OPEN,0
672749.689,3,0,0,0.998,1.000,1.000,-90.00,180.00,0.00,OPEN,0
672749.739,3,0,0,0.973,1.000,1.000,-90.00,180.00,0.00,OPEN,0
672749.789,3,0,0,0.588,1.000,1.000,-90.00,180.00,0.00,OPEN,0
672749.839,3,0,0,1.000,1.000,1.000,-90.00,180.00,0.00,OPEN,0
672749.888,3,0,0,1.000,1.000,1.000,-90.00,180.00,0.00,OPEN,0
672749.939,3,0,0,1.000,1.000,1.000,-90.00,180.00,0.00,OPEN,0
672749.989,3,0,0,1.000,1.000,1.000,-90.00,180.00,0.00,OPEN,0
672750.039,3,0,0,1.000,1.000,1.000,-90.00,180.00,0.00,OPEN,0
672750.089,3,0,0,1.000,1.000,1.000,-90.00,180.00,0.00,OPEN,0
672750.139,3,0,0,1.000,1.000,1.000,-90.00,180.00,0.00,OPEN,0
672750.189,0,0,0,1.000,1.000,1.000,-90.00,180.00,0.00,OPEN,0
672750.239,0,0,0,1.000,1.000,1.000,-90.00,180.00,0.00,OPEN,0
672750.289,0,0,0,1.000,1.000,1.000,-90.00,180.00,0.00,OPEN,0
672750.339,0,0,0,1.000,1.000,1.000,-90.00,180.00,0.00,OPEN,0
672750.388,0,0,0,1.000,1.000,1.000,-90.00,180.00,0.00,OPEN,0
672750.439,0,0,0,1.000,1.000,1.000,-90.00,180.00,0.00,OPEN,0
672750.489,0,0,0,1.000,1.000,1.000,-90.00,180.00,0.00,OPEN,0
672750.539,0,0,0,1.000,1.000,1.000,-90.00,180.00,0.00,OPEN,0
672750.589,0,0,0,1.000,1.000,1.000,-90.00,180.00,0.00,OPEN,0
672750.638,0,0,0,1.000,1.000,1.000,-90.00,180.00,0.00,OPEN,0
672750.689,0,0,0,1.000,1.000,1.000,-90.00,180.00,0.00,OPEN,0
672750.739,0,0,0,1.000,1.000,1.000,-90.00,180.00,0.00,OPEN,0
672750.789,0,0,0,1.000,1.000,1.000,-90.00,180.00,0.00,OPEN,0
672750.839,0,0,0,1.000,1.000,1.000,-90.00,180.00,0.00,OPEN,0
672750.889,0,0,0,1.000,1.000,1.000,-90.00,180.00,0.00,OPEN,0
672750.939,0,0,0,1.000,1.000,1.000,-90.00,180.00,0.00,OPEN,0
672750.989,0,0,0,1.000,1.000,1.000,-90.00,180.00,0.00,OPEN,0
672751.039,0,0,0,1.000,1.000,1.000,-90.00,180.00,0.00,OPEN,0
672751.089,0,0,0,1.000,1.000,1.000,-90.00,180.00,0.00,OPEN,0
672751.139,0,0,0,1.000,1.000,1.000,-90.00,180.00,0.00,OPEN,0
672751.188,0,0,0,1.000,1.000,1.000,-90.00,180.00,0.00,OPEN,0
672751.238,0,0,0,1.000,1.000,1.000,-90.00,180.00,0.00,OPEN,0
672751.289,0,0,0,1.000,1.000,1.000,-90.00,180.00,0.00,OPEN,0
672751.338,0,0,0,1.000,1.000,1.000,-90.00,180.00,0.00,OPEN,0
672751.391,0,0,0,1.000,1.000,1.000,-90.00,180.00,0.00,OPEN,0
672751.439,0,0,0,1.000,1.000,1.000,-90.00,180.00,0.00,OPEN,0
672751.504,0,0,0,1.000,1.000,1.000,-90.00,180.00,0.00,OPEN,0
672751.544,0,0,0,1.000,1.000,1.000,-90.00,180.00,0.00,OPEN,0
672751.589,0,0,0,1.000,1.000,1.000,-90.00,180.00,0.00,OPEN,0
672751.639,0,0,0,1.000,1.000,1.000,-90.00,180.00,0.00,OPEN,0
672751.689,0,0,0,1.000,1.000,1.000,-90.00,180.00,0.00,OPEN,0
672751.739,0,0,0,1.000,1.000,1.000,-90.00,180.00,0.00,OPEN,0
672751.789,0,0,0,1.000,1.000,1.000,-90.00,180.00,0.00,OPEN,0
672751.839,0,0,0,1.000,1.000,1.000,-90.00,180.00,0.00,OPEN,0
672751.889,0,0,0,1.000,1.000,1.000,-90.00,180.00,0.00,OPEN,0
672751.939,0,0,0,1.000,1.000,1.000,-90.00,180.00,0.00,OPEN,0
672751.989,0,0,0,1.000,1.000,1.000,-90.00,180.00,0.00,OPEN,0
672752.039,0,0,0,1.000,1.000,1.000,-90.00,180.00,0.00,OPEN,0
672752.088,0,0,0,1.000,1.000,1.000,-90.00,180.00,0.00,OPEN,0
672752.139,0,0,0,1.000,1.000,1.000,-90.00,180.00,0.00,OPEN,0
672752.189,0,0,0,1.000,1.000,1.000,-90.00,180.00,0.00,OPEN,0
672752.239,0,0,0,1.000,1.000,1.000,-90.00,180.00,0.00,OPEN,0
672752.290,0,0,0,1.000,1.000,1.000,-90.00,180.00,0.00,OPEN,0
672752.339,0,0,0,1.000,1.000,1.000,-90.00,180.00,0.00,OPEN,0
672752.390,0,0,0,1.000,1.000,1.000,-90.00,180.00,0.00,OPEN,0
672752.439,0,0,0,1.000,1.000,1.000,-90.00,180.00,0.00,OPEN,0
672752.489,0,0,0,1.000,1.000,1.000,-90.00,180.00,0.00,OPEN,0
672752.539,0,0,0,1.000,1.000,1.000,-90.00,180.00,0.00,OPEN,0
672752.589,0,0,0,1.000,1.000,1.000,-90.00,180.00,0.00,OPEN,0
672752.639,0,0,0,1.000,1.000,1.000,-90.00,180.00,0.00,OPEN,0
672752.689,0,0,0,1.000,1.000,1.000,-90.00,180.00,0.00,OPEN,0
672752.738,0,0,0,1.000,1.000,1.000,-90.00,180.00,0.00,OPEN,0
672752.789,0,0,0,1.000,1.000,1.000,-90.00,180.00,0.00,OPEN,0
672752.839,0,0,0,1.000,1.000,1.000,-90.00,180.00,0.00,OPEN,0
672752.889,0,0,0,1.000,1.000,1.000,-90.00,180.00,0.00,OPEN,0
672752.939,0,0,0,1.000,1.000,1.000,-90.00,180.00,0.00,OPEN,0
672752.989,0,0,0,1.000,1.000,1.000,-90.00,180.00,0.00,OPEN,0
672753.039,0,0,0,1.000,1.000,1.000,-90.00,180.00,0.00,OPEN,0
672753.089,0,0,0,1.000,1.000,1.000,-90.00,180.00,0.00,OPEN,0
672753.140,0,0,0,1.000,1.000,1.000,-90.00,180.00,0.00,OPEN,0
672753.189,0,0,0,1.000,1.000,1.000,-90.00,180.00,0.00,OPEN,0
672753.239,0,0,0,1.000,1.000,1.000,-90.00,180.00,0.00,OPEN,0
672753.289,0,0,0,1.000,1.000,1.000,-90.00,180.00,0.00,OPEN,0
672753.339,0,0,0,1.000,1.000,1.000,-90.00,180.00,0.00,OPEN,0
672753.389,0,0,0,1.000,1.000,1.000,-90.00,180.00,0.00,OPEN,0
672753.439,0,0,0,1.000,1.000,1.000,-90.00,180.00,0.00,OPEN,0
672753.489,0,0,0,1.000,1.000,1.000,-90.00,180.00,0.00,OPEN,0
672753.539,0,0,0,1.000,1.000,1.000,-90.00,180.00,0.00,OPEN,0
672753.589,0,0,0,1.000,1.000,1.000,-90.00,180.00,0.00,OPEN,0
672753.638,0,0,0,1.000,1.000,1.000,-90.00,180.00,0.00,OPEN,0
672753.689,0,0,0,1.000,1.000,1.000,-90.00,180.00,0.00,OPEN,0
672753.739,0,0,0,1.000,1.000,1.000,-90.00,180.00,0.00,OPEN,0
672753.789,0,0,0,1.000,1.000,1.000,-90.00,180.00,0.00,OPEN,0
672753.839,0,0,0,1.000,1.000,1.000,-90.00,180.00,0.00,OPEN,0
672753.889,0,0,0,1.000,1.000,1.000,-90.00,180.00,0.00,OPEN,0
672753.938,0,0,0,1.000,1.000,1.000,-90.00,180.00,0.00,OPEN,0
672754.002,0,0,0,1.000,1.000,1.000,-90.00,180.00,0.00,OPEN,0
672754.041,0,0,0,1.000,1.000,1.000,-90.00,180.00,0.00,OPEN,0
672754.089,0,0,0,1.000,1.000,1.000,-90.00,180.00,0.00,OPEN,0
672754.139,0,0,0,1.000,1.000,1.000,-90.00,180.00,0.00,OPEN,0
672754.189,0,0,0,1.000,1.000,1.000,-90.00,180.00,0.00,OPEN,0
672754.239,0,0,0,1.000,1.000,1.000,-90.00,180.00,0.00,OPEN,0
672754.289,0,0,0,1.000,1.000,1.000,-90.00,180.00,0.00,OPEN,0
672754.339,0,0,0,1.000,1.000,1.000,-90.00,180.00,0.00,OPEN,0
672754.388,0,0,0,1.000,1.000,1.000,-90.00,180.00,0.00,OPEN,0
672754.439,0,0,0,1.000,1.000,1.000,-90.00,180.00,0.00,OPEN,0
672754.489,0,0,0,1.000,1.000,1.000,-90.00,180.00,0.00,OPEN,0
672754.539,0,0,0,1.000,1.000,1.000,-90.00,180.00,0.00,OPEN,0
672754.589,0,0,0,1.000,1.000,1.000,-90.00,180.00,0.00,OPEN,0
672754.639,0,0,0,1.000,1.000,1.000,-90.00,180.00,0.00,OPEN,0
672754.690,0,0,0,1.000,1.000,1.000,-90.00,180.00,0.00,OPEN,0
672754.739,0,0,0,1.000,1.000,1.000,-90.00,180.00,0.00,OPEN,0
672754.789,0,0,0,1.000,1.000,1.000,-90.00,180.00,0.00,OPEN,0
672754.838,0,0,0,1.000,1.000,1.000,-90.00,180.00,0.00,OPEN,0
672754.889,0,0,0,1.000,1.000,1.000,-90.00,180.00,0.00,OPEN,0
672754.939,0,0,0,1.000,1.000,1.000,-90.00,180.00,0.00,OPEN,0
672754.989,0,0,0,1.000,1.000,1.000,-90.00,180.00,0.00,OPEN,0
672755.039,0,0,0,1.000,1.000,1.000,-90.00,180.00,0.00,OPEN,0
672755.089,0,0,0,1.000,1.000,1.000,-90.00,180.00,0.00,OPEN,0
672755.139,0,0,0,1.000,1.000,1.000,-90.00,180.00,0.00,OPEN,0
672755.189,0,0,0,1.000,1.000,1.000,-90.00,180.00,0.00,OPEN,0
672755.239,0,0,0,1.000,1.000,1.000,-90.00,180.00,0.00,OPEN,0
672755.288,0,0,0,1.000,1.000,1.000,-90.00,180.00,0.00,OPEN,0
672755.338,0,0,0,1.000,1.000,1.000,-90.00,180.00,0.00,OPEN,0
672755.389,0,0,0,1.000,1.000,1.000,-90.00,180.00,0.00,OPEN,0
672755.439,0,0,0,1.000,1.000,1.000,-90.00,180.00,0.00,OPEN,0
672755.488,0,0,0,1.000,1.000,1.000,-90.00,180.00,0.00,OPEN,0
672755.539,0,0,0,1.000,1.000,1.000,-90.00,180.00,0.00,OPEN,0
672755.589,0,0,0,1.000,1.000,1.000,-90.00,180.00,0.00,OPEN,0
672755.639,0,0,0,1.000,1.000,1.000,-90.00,180.00,0.00,OPEN,0
672755.689,0,0,0,1.000,1.000,1.000,-90.00,180.00,0.00,OPEN,0
672755.739,0,0,0,1.000,1.000,1.000,-90.00,180.00,0.00,OPEN,0
672755.789,0,0,0,1.000,1.000,1.000,-90.00,180.00,0.00,OPEN,0
672755.839,0,0,0,1.000,1.000,1.000,-90.00,180.00,0.00,OPEN,0
672755.908,0,0,0,1.000,1.000,1.000,-90.00,180.00,0.00,OPEN,0
672755.941,0,0,0,1.000,1.000,1.000,-90.00,180.00,0.00,OPEN,0
672755.989,0,0,0,1.000,1.000,1.000,-90.00,180.00,0.00,OPEN,0
672756.039,0,0,0,1.000,1.000,1.000,-90.00,180.00,0.00,OPEN,0
672756.089,0,0,0,1.000,1.000,1.000,-90.00,180.00,0.00,OPEN,0
672756.139,0,0,0,1.000,1.000,1.000,-90.00,180.00,0.00,OPEN,0
672756.189,0,0,0,1.000,1.000,1.000,-90.00,180.00,0.00,OPEN,0
672756.239,0,0,0,1.000,1.000,1.000,-90.00,180.00,0.00,OPEN,0
672756.289,0,0,0,1.000,1.000,1.000,-90.00,180.00,0.00,OPEN,0
672756.339,0,0,0,1.000,1.000,1.000,-90.00,180.00,0.00,OPEN,0
672756.389,0,0,0,1.000,1.000,1.000,-90.00,180.00,0.00,OPEN,0
672756.439,0,0,0,1.000,1.000,1.000,-90.00,180.00,0.00,OPEN,0
672756.489,0,0,0,1.000,1.000,1.000,-90.00,180.00,0.00,OPEN,0
672756.539,0,0,0,1.000,1.000,1.000,-90.00,180.00,0.00,OPEN,0
672756.589,0,0,0,1.000,1.000,1.000,-90.00,180.00,0.00,OPEN,0
672756.639,0,0,0,1.000,1.000,1.000,-90.00,180.00,0.00,OPEN,0
672756.689,0,0,0,1.000,1.000,1.000,-90.00,180.00,0.00,OPEN,0
672756.739,0,0,0,1.000,1.000,1.000,-90.00,180.00,0.00,OPEN,0
672756.790,0,0,0,1.000,1.000,1.000,-90.00,180.00,0.00,OPEN,0
672756.839,0,0,0,1.000,1.000,1.000,-90.00,180.00,0.00,OPEN,0
672756.889,0,0,0,1.000,1.000,1.000,-90.00,180.00,0.00,OPEN,0
672756.939,0,0,0,1.000,1.000,1.000,-90.00,180.00,0.00,OPEN,0
672756.989,0,0,0,0.998,1.000,1.000,-90.00,180.00,0.00,OPEN,0
672757.039,0,0,0,0.993,0.998,1.000,-90.00,180.00,0.00,OPEN,0
672757.089,0,0,0,0.980,0.978,1.000,-90.00,180.00,0.00,OPEN,0
672757.139,0,0,0,0.972,0.957,1.000,-90.00,180.00,0.00,OPEN,0
672757.189,0,0,0,0.958,1.000,1.000,-90.00,180.00,0.00,OPEN,0
672757.239,0,0,0,0.881,1.000,1.000,-90.00,180.00,0.00,OPEN,0
672757.289,0,0,0,0.600,1.000,1.000,-90.00,180.00,0.00,OPEN,0
672757.339,0,0,0,0.496,1.000,1.000,-90.00,180.00,0.00,OPEN,0
672757.389,0,0,0,0.629,1.000,1.000,-90.00,180.00,0.00,OPEN,0
672757.439,0,0,0,0.832,1.000,1.000,-90.00,180.00,0.00,OPEN,0
672757.504,0,0,0,0.889,1.000,1.000,-90.00,180.00,0.00,OPEN,0
672757.541,0,0,0,0.903,1.000,1.000,-90.00,180.00,0.00,OPEN,0
672757.588,0,0,0,0.939,1.000,1.000,-90.00,180.00,0.00,OPEN,0
672757.640,0,0,0,0.955,1.000,1.000,-90.00,180.00,0.00,OPEN,0
672757.689,0,0,0,0.949,1.000,1.000,-90.00,180.00,0.00,OPEN,0
672757.739,2,0,0,0.898,1.000,1.000,-90.00,180.00,0.00,OPEN,0
672757.790,2,0,0,0.730,1.000,1.000,-90.00,180.00,0.00,OPEN,0
672757.839,2,0,0,0.525,1.000,1.000,-90.00,180.00,0.00,OPEN,0
672757.889,2,0,0,0.780,1.000,1.000,-90.00,180.00,0.00,OPEN,0
672757.939,2,0,0,0.922,1.000,1.000,-90.00,180.00,0.00,OPEN,0
672757.989,2,0,0,0.972,1.000,1.000,-90.00,180.00,0.00,OPEN,0
672758.038,2,0,0,0.987,1.000,1.000,-90.00,180.00,0.00,OPEN,0
672758.089,2,1,0,0.993,1.000,1.000,-90.00,180.00,0.00,OPEN,0
672758.139,2,1,0,0.996,1.000,1.000,-90.00,180.00,0.00,OPEN,0
672758.188,2,1,0,0.997,1.000,1.000,-90.00,180.00,0.00,OPEN,0
672758.239,0,1,0,0.998,1.000,1.000,-90.00,180.00,0.00,OPEN,0
672758.289,0,1,0,0.998,1.000,1.000,-90.00,180.00,0.00,OPEN,0
672758.339,0,1,0,0.998,1.000,1.000,-90.00,180.00,0.00,OPEN,0
672758.389,0,1,0,0.998,1.000,1.000,-90.00,180.00,0.00,OPEN,0
672758.439,0,1,0,1.000,1.000,1.000,-90.00,180.00,0.00,OPEN,0
672758.489,0,1,0,1.000,1.000,1.000,-90.00,180.00,0.00,OPEN,0
672758.539,0,1,0,1.000,1.000,1.000,-90.00,180.00,0.00,OPEN,0
672758.589,0,1,0,1.000,1.000,1.000,-90.00,180.00,0.00,OPEN,0
672758.639,0,1,0,1.000,1.000,1.000,-90.00,180.00,0.00,OPEN,0
672758.689,0,1,0,1.000,1.000,1.000,-90.00,180.00,0.00,OPEN,0
672758.739,0,1,0,1.000,1.000,1.000,-90.00,180.00,0.00,OPEN,0
672758.796,0,1,0,1.000,1.000,1.000,-90.00,180.00,0.00,OPEN,0
672758.841,0,1,0,1.000,1.000,1.000,-90.00,180.00,0.00,OPEN,0
672758.889,0,1,0,1.000,1.000,1.000,-90.00,180.00,0.00,OPEN,0
672758.939,0,1,0,1.000,1.000,1.000,-90.00,180.00,0.00,OPEN,0
672758.989,0,1,0,1.000,1.000,1.000,-90.00,180.00,0.00,OPEN,0
672759.039,0,1,0,1.000,1.000,1.000,-90.00,180.00,0.00,OPEN,0
672759.089,0,1,0,1.000,1.000,1.000,-90.00,180.00,0.00,OPEN,0
672759.139,0,1,0,1.000,1.000,1.000,-90.00,180.00,0.00,OPEN,0
672759.188,0,1,0,1.000,1.000,1.000,-90.00,180.00,0.00,OPEN,0
672759.239,0,1,0,1.000,1.000,1.000,-90.00,180.00,0.00,OPEN,0
672759.288,0,1,0,1.000,1.000,1.000,-90.00,180.00,0.00,OPEN,0
672759.338,0,1,0,1.000,1.000,1.000,-90.00,180.00,0.00,OPEN,0
672759.389,0,1,0,1.000,1.000,1.000,-90.00,180.00,0.00,OPEN,0
672759.439,0,1,0,1.000,1.000,1.000,-90.00,180.00,0.00,OPEN,0
672759.489,0,1,0,1.000,1.000,1.000,-90.00,180.00,0.00,OPEN,0
672759.539,0,1,0,1.000,1.000,1.000,-90.00,180.00,0.00,OPEN,0
672759.589,0,1,0,1.000,1.000,1.000,-90.00,180.00,0.00,OPEN,0
672759.639,0,1,0,1.000,1.000,1.000,-90.00,180.00,0.00,OPEN,0
672759.688,0,1,0,1.000,1.000,1.000,-90.00,180.00,0.00,OPEN,0
672759.739,0,1,0,1.000,1.000,1.000,-90.00,180.00,0.00,OPEN,0
672759.789,0,1,0,1.000,1.000,1.000,-90.00,180.00,0.00,OPEN,0
672759.839,0,1,0,1.000,1.000,1.000,-90.00,180.00,0.00,OPEN,0
672759.889,0,1,0,1.000,1.000,1.000,-90.00,180.00,0.00,OPEN,0
672759.939,0,1,0,1.000,1.000,1.000,-90.00,180.00,0.00,OPEN,0
672759.989,0,1,0,1.000,1.000,1.000,-90.00,180.00,0.00,OPEN,0
672760.039,0,1,0,1.000,1.000,1.000,-90.00,180.00,0.00,OPEN,0
672760.089,0,1,0,1.000,1.000,1.000,-90.00,180.00,0.00,OPEN,0
672760.139,0,1,0,1.000,1.000,1.000,-90.00,180.00,0.00,OPEN,0
672760.189,0,1,0,1.000,1.000,1.000,-90.00,180.00,0.00,OPEN,0
672760.239,0,1,0,1.000,1.000,1.000,-90.00,180.00,0.00,OPEN,0
672760.289,0,1,0,1.000,1.000,1.000,-90.00,180.00,0.00,OPEN,0
672760.339,0,1,0,1.000,1.000,1.000,-90.00,180.00,0.00,OPEN,0
672760.389,0,1,0,1.000,1.000,1.000,-90.00,180.00,0.00,OPEN,0
672760.439,0,1,0,1.000,1.000,1.000,-90.00,180.00,0.00,OPEN,0
672760.489,0,1,0,1.000,1.000,1.000,-90.00,180.00,0.00,OPEN,0
672760.539,0,1,0,1.000,1.000,1.000,-90.00,180.00,0.00,OPEN,0
672760.589,0,1,0,1.000,1.000,1.000,-90.00,180.00,0.00,OPEN,0
672760.639,0,1,0,1.000,1.000,1.000,-90.00,180.00,0.00,OPEN,0
672760.688,0,1,0,1.000,1.000,1.000,-90.00,180.00,0.00,OPEN,0
672760.739,0,1,0,1.000,1.000,1.000,-90.00,180.00,0.00,OPEN,0
672760.789,0,1,0,1.000,1.000,1.000,-90.00,180.00,0.00,OPEN,0
672760.839,0,1,0,1.000,1.000,1.000,-90.00,180.00,0.00,OPEN,0
672760.889,0,1,0,1.000,1.000,1.000,-90.00,180.00,0.00,OPEN,0
672760.939,0,1,0,1.000,1.000,1.000,-90.00,180.00,0.00,OPEN,0
672760.989,0,1,0,1.000,1.000,1.000,-90.00,180.00,0.00,OPEN,0
672761.039,0,1,0,1.000,1.000,1.000,-90.00,180.00,0.00,OPEN,0
672761.088,0,1,0,1.000,1.000,1.000,-90.00,180.00,0.00,OPEN,0
672761.139,0,1,0,1.000,1.000,1.000,-90.00,180.00,0.00,OPEN,0
672761.189,0,1,0,1.000,1.000,1.000,-90.00,180.00,0.00,OPEN,0
672761.239,0,1,0,1.000,1.000,1.000,-90.00,180.00,0.00,OPEN,0
672761.289,0,1,0,1.000,1.000,1.000,-90.00,180.00,0.00,OPEN,0
672761.339,0,1,0,1.000,1.000,1.000,-90.00,180.00,0.00,OPEN,0
672761.389,0,1,0,1.000,1.000,1.000,-90.00,180.00,0.00,OPEN,0
672761.439,0,1,0,1.000,1.000,1.000,-90.00,180.00,0.00,OPEN,0
672761.488,0,1,0,1.000,1.000,1.000,-90.00,180.00,0.00,OPEN,0
672761.539,0,1,0,1.000,1.000,1.000,-90.00,180.00,0.00,OPEN,0
672761.589,0,1,0,1.000,1.000,1.000,-90.00,180.00,0.00,OPEN,0
672761.639,0,1,0,1.000,1.000,1.000,-90.00,180.00,0.00,OPEN,0
672761.689,0,1,0,1.000,1.000,1.000,-90.00,180.00,0.00,OPEN,0
672761.739,0,1,0,1.000,1.000,1.000,-90.00,180.00,0.00,OPEN,0
672761.788,0,1,0,1.000,1.000,1.000,-90.00,180.00,0.00,OPEN,0
672761.839,0,1,0,1.000,1.000,1.000,-90.00,180.00,0.00,OPEN,0
672761.889,0,1,0,1.000,1.000,1.000,-90.00,180.00,0.00,OPEN,0
672761.938,0,1,0,1.000,1.000,1.000,-90.00,180.00,0.00,OPEN,0
672761.989,0,1,0,1.000,1.000,1.000,-90.00,180.00,0.00,OPEN,0
672762.039,0,1,0,1.000,1.000,1.000,-90.00,180.00,0.00,OPEN,0
672762.089,0,1,0,1.000,1.000,1.000,-90.00,180.00,0.00,OPEN,0
672762.139,0,1,0,1.000,1.000,1.000,-90.00,180.00,0.00,OPEN,0
672762.201,0,1,0,1.000,1.000,1.000,-90.00,180.00,0.00,OPEN,0
672762.240,0,1,0,1.000,1.000,1.000,-90.00,180.00,0.00,OPEN,0
672762.289,0,1,0,1.000,1.000,1.000,-90.00,180.00,0.00,OPEN,0
672762.339,0,1,0,1.000,1.000,1.000,-90.00,180.00,0.00,OPEN,0
672762.389,0,1,0,1.000,1.000,1.000,-90.00,180.00,0.00,OPEN,0
672762.439,0,1,0,1.000,1.000,1.000,-90.00,180.00,0.00,OPEN,0
672762.489,0,1,0,1.000,1.000,1.000,-90.00,180.00,0.00,OPEN,0
672762.539,0,1,0,1.000,1.000,1.000,-90.00,180.00,0.00,OPEN,0
672762.589,0,1,0,1.000,1.000,1.000,-90.00,180.00,0.00,OPEN,0
672762.639,0,1,0,1.000,1.000,1.000,-90.00,180.00,0.00,OPEN,0
672762.689,0,1,0,1.000,1.000,1.000,-90.00,180.00,0.00,OPEN,0
672762.740,0,1,0,1.000,1.000,1.000,-90.00,180.00,0.00,OPEN,0
672762.789,0,1,0,1.000,1.000,1.000,-90.00,180.00,0.00,OPEN,0
672762.840,0,1,0,1.000,1.000,1.000,-90.00,180.00,0.00,OPEN,0
672762.889,0,1,0,1.000,1.000,1.000,-90.00,180.00,0.00,OPEN,0
672762.939,0,1,0,1.000,0.993,1.000,-90.00,180.00,0.00,OPEN,0
672762.989,0,1,0,1.000,0.947,1.000,-90.00,180.00,0.00,OPEN,0
672763.039,0,1,0,1.000,0.842,1.000,-90.00,180.00,0.00,OPEN,0
672763.089,0,1,0,1.000,0.684,1.000,-90.00,180.00,0.00,OPEN,0
672763.139,0,1,0,1.000,0.748,1.000,-90.00,180.00,0.00,OPEN,0
672763.189,0,1,0,1.000,0.994,1.000,-90.00,180.00,0.00,OPEN,0
672763.239,0,1,0,1.000,1.000,1.000,-90.00,180.00,0.00,OPEN,0
672763.289,0,1,0,1.000,1.000,1.000,-90.00,180.00,0.00,OPEN,0
672763.339,0,1,0,1.000,1.000,1.000,-90.00,180.00,0.00,OPEN,0
672763.389,0,1,0,1.000,1.000,1.000,-90.00,180.00,0.00,OPEN,0
672763.439,0,1,0,1.000,1.000,1.000,-90.00,180.00,0.00,OPEN,0
672763.489,0,1,0,1.000,1.000,1.000,-90.00,180.00,0.00,OPEN,0
672763.539,0,1,0,1.000,1.000,1.000,-90.00,180.00,0.00,OPEN,0
672763.589,0,1,0,1.000,1.000,1.000,-90.00,180.00,0.00,OPEN,0
672763.639,0,1,0,1.000,1.000,1.000,-90.00,180.00,0.00,OPEN,0
672763.689,0,1,0,1.000,1.000,1.000,-90.00,180.00,0.00,OPEN,0
672763.739,0,1,0,1.000,1.000,1.000,-90.00,180.00,0.00,OPEN,0
672763.789,0,1,0,1.000,1.000,1.000,-90.00,180.00,0.00,OPEN,0
672763.839,0,1,0,1.000,1.000,1.000,-90.00,180.00,0.00,OPEN,0
672763.889,0,1,0,1.000,1.000,1.000,-90.00,180.00,0.00,OPEN,0
672763.939,0,1,0,1.000,1.000,1.000,-90.00,180.00,0.00,OPEN,0
672763.988,0,1,0,1.000,1.000,1.000,-90.00,180.00,0.00,OPEN,0
672764.038,0,1,0,1.000,1.000,1.000,-90.00,180.00,0.00,OPEN,0
672764.089,0,0,0,1.000,1.000,1.000,-90.00,180.00,0.00,OPEN,0
672764.139,0,0,0,1.000,1.000,1.000,-90.00,180.00,0.00,OPEN,0
672764.189,0,0,0,1.000,1.000,1.000,-90.00,180.00,0.00,OPEN,0
672764.239,0,0,0,1.000,1.000,1.000,-90.00,180.00,0.00,OPEN,0
672764.299,0,0,0,1.000,1.000,1.000,-90.00,180.00,0.00,OPEN,0
672764.341,0,0,0,1.000,1.000,1.000,-90.00,180.00,0.00,OPEN,0
672764.389,0,0,0,1.000,1.000,1.000,-90.00,180.00,0.00,OPEN,0
672764.439,0,0,0,1.000,1.000,1.000,-90.00,180.00,0.00,OPEN,0
672764.490,0,0,0,1.000,1.000,1.000,-90.00,180.00,0.00,OPEN,0
672764.539,0,0,0,1.000,1.000,1.000,-90.00,180.00,0.00,OPEN,0
672764.588,0,0,0,1.000,1.000,1.000,-90.00,180.00,0.00,OPEN,0
672764.639,0,0,0,1.000,1.000,1.000,-90.00,180.00,0.00,OPEN,0
672764.689,0,0,0,1.000,1.000,1.000,-90.00,180.00,0.00,OPEN,0
672764.739,0,0,0,1.000,1.000,1.000,-90.00,180.00,0.00,OPEN,0
672764.789,0,0,0,1.000,1.000,1.000,-90.00,180.00,0.00,OPEN,0
672764.839,0,0,0,1.000,1.000,1.000,-90.00,180.00,0.00,OPEN,0
672764.889,0,0,0,1.000,1.000,1.000,-90.00,180.00,0.00,OPEN,0
672764.939,0,0,0,1.000,1.000,1.000,-90.00,180.00,0.00,OPEN,0
672764.989,0,0,0,1.000,1.000,1.000,-90.00,180.00,0.00,OPEN,0
672765.039,0,0,0,1.000,1.000,1.000,-90.00,180.00,0.00,OPEN,0
672765.089,0,0,0,1.000,1.000,1.000,-90.00,180.00,0.00,OPEN,0
672765.139,0,0,0,1.000,1.000,1.000,-90.00,180.00,0.00,OPEN,0
672765.189,0,0,0,1.000,1.000,1.000,-90.00,180.00,0.00,OPEN,0
672765.239,0,0,0,1.000,1.000,1.000,-90.00,180.00,0.00,OPEN,0
672765.289,0,0,0,1.000,1.000,1.000,-90.00,180.00,0.00,OPEN,0
672765.339,0,0,0,1.000,1.000,1.000,-90.00,180.00,0.00,OPEN,0
672765.389,0,0,0,1.000,1.000,1.000,-90.00,180.00,0.00,OPEN,0
672765.439,0,0,0,1.000,1.000,1.000,-90.00,180.00,0.00,OPEN,0
672765.489,0,0,0,1.000,1.000,1.000,-90.00,180.00,0.00,OPEN,0
672765.539,0,0,0,1.000,1.000,1.000,-90.00,180.00,0.00,OPEN,0
672765.589,0,0,0,1.000,1.000,1.000,-90.00,180.00,0.00,OPEN,0
672765.639,0,0,0,1.000,1.000,1.000,-90.00,180.00,0.00,OPEN,0
672765.689,0,0,0,1.000,1.000,1.000,-90.00,180.00,0.00,OPEN,0
672765.740,0,0,0,1.000,1.000,1.000,-90.00,180.00,0.00,OPEN,0
672765.789,0,0,0,1.000,1.000,1.000,-90.00,180.00,0.00,OPEN,0
672765.839,0,0,0,1.000,1.000,1.000,-90.00,180.00,0.00,OPEN,0
672765.889,0,0,0,1.000,1.000,1.000,-90.00,180.00,0.00,OPEN,0
672765.939,0,0,0,1.000,1.000,1.000,-90.00,180.00,0.00,OPEN,0
672765.989,0,0,0,1.000,1.000,1.000,-90.00,180.00,0.00,OPEN,0
672766.039,0,0,0,1.000,1.000,1.000,-90.00,180.00,0.00,OPEN,0
672766.089,0,0,0,1.000,1.000,1.000,-90.00,180.00,0.00,OPEN,0
672766.139,0,0,0,1.000,1.000,1.000,-90.00,180.00,0.00,OPEN,0
672766.189,0,0,0,1.000,1.000,1.000,-90.00,180.00,0.00,OPEN,0
672766.239,0,0,0,1.000,1.000,1.000,-90.00,180.00,0.00,OPEN,0
672766.289,0,0,0,1.000,1.000,1.000,-90.00,180.00,0.00,OPEN,0
672766.339,0,0,0,1.000,1.000,1.000,-90.00,180.00,0.00,OPEN,0
672766.389,0,0,0,1.000,1.000,1.000,-90.00,180.00,0.00,OPEN,0
672766.439,0,0,0,1.000,1.000,1.000,-90.00,180.00,0.00,OPEN,0
672766.489,0,0,0,1.000,1.000,1.000,-90.00,180.00,0.00,OPEN,0
672766.539,0,0,0,1.000,1.000,1.000,-90.00,180.00,0.00,OPEN,0
672766.589,0,0,0,1.000,1.000,1.000,-90.00,180.00,0.00,OPEN,0
672766.639,0,0,0,1.000,1.000,1.000,-90.00,180.00,0.00,OPEN,0
672766.689,0,0,0,1.000,1.000,1.000,-90.00,180.00,0.00,OPEN,0
672766.749,0,0,0,1.000,1.000,1.000,-90.00,180.00,0.00,OPEN,0
672766.792,0,0,0,1.000,1.000,1.000,-90.00,180.00,0.00,OPEN,0
672766.839,0,0,0,1.000,1.000,1.000,-90.00,180.00,0.00,OPEN,0
672766.889,0,0,0,1.000,1.000,1.000,-90.00,180.00,0.00,OPEN,0
672766.939,0,0,0,1.000,1.000,1.000,-90.00,180.00,0.00,OPEN,0
672766.989,0,0,0,1.000,1.000,1.000,-90.00,180.00,0.00,OPEN,0
672767.039,0,0,0,1.000,1.000,1.000,-90.00,180.00,0.00,OPEN,0
672767.089,0,0,0,1.000,1.000,1.000,-90.00,180.00,0.00,OPEN,0
672767.138,0,0,0,1.000,1.000,1.000,-90.00,180.00,0.00,OPEN,0
672767.189,0,0,0,1.000,1.000,1.000,-90.00,180.00,0.00,OPEN,0
672767.239,0,0,0,1.000,1.000,1.000,-90.00,180.00,0.00,OPEN,0
672767.289,0,0,0,1.000,1.000,1.000,-90.00,180.00,0.00,OPEN,0
672767.339,0,0,0,1.000,1.000,1.000,-90.00,180.00,0.00,OPEN,0
672767.389,0,0,0,1.000,1.000,1.000,-90.00,180.00,0.00,OPEN,0
672767.439,0,0,0,1.000,1.000,1.000,-90.00,180.00,0.00,OPEN,0
672767.489,0,0,0,1.000,1.000,1.000,-90.00,180.00,0.00,OPEN,0
672767.539,0,0,0,1.000,1.000,1.000,-90.00,180.00,0.00,OPEN,0
672767.589,0,0,0,1.000,1.000,1.000,-90.00,180.00,0.00,OPEN,0
672767.640,0,0,0,1.000,1.000,1.000,-90.00,180.00,0.00,OPEN,0
672767.690,0,0,0,1.000,1.000,1.000,-90.00,180.00,0.00,OPEN,0
672767.739,0,0,0,1.000,1.000,1.000,-90.00,180.00,0.00,OPEN,0
672767.789,0,0,0,1.000,1.000,1.000,-90.00,180.00,0.00,OPEN,0
672767.839,0,0,0,1.000,1.000,1.000,-90.00,180.00,0.00,OPEN,0
672767.889,0,0,0,1.000,1.000,1.000,-90.00,180.00,0.00,OPEN,0
672767.939,0,0,0,1.000,1.000,1.000,-90.00,180.00,0.00,OPEN,0
672767.988,0,0,0,1.000,1.000,1.000,-90.00,180.00,0.00,OPEN,0
672768.039,0,0,0,1.000,1.000,1.000,-90.00,180.00,0.00,OPEN,0
672768.088,0,0,0,1.000,1.000,1.000,-90.00,180.00,0.00,OPEN,0
672768.139,0,0,0,1.000,1.000,1.000,-90.00,180.00,0.00,OPEN,0
672768.189,0,0,0,1.000,1.000,1.000,-90.00,180.00,0.00,OPEN,0
672768.238,0,0,0,1.000,1.000,1.000,-90.00,180.00,0.00,OPEN,0
672768.289,0,0,0,1.000,1.000,1.000,-90.00,180.00,0.00,OPEN,0
672768.359,0,0,0,1.000,1.000,1.000,-90.00,180.00,0.00,OPEN,0
672768.391,0,0,0,1.000,1.000,1.000,-90.00,180.00,0.00,OPEN,0
672768.439,0,0,0,1.000,1.000,1.000,-90.00,180.00,0.00,OPEN,0
672768.489,0,0,0,1.000,1.000,1.000,-90.00,180.00,0.00,OPEN,0
672768.539,0,0,0,1.000,1.000,1.000,-90.00,180.00,0.00,OPEN,0
672768.589,0,0,0,1.000,1.000,1.000,-90.00,180.00,0.00,OPEN,0
672768.639,0,0,0,1.000,1.000,1.000,-90.00,180.00,0.00,OPEN,0
672768.689,0,0,0,1.000,1.000,1.000,-90.00,180.00,0.00,OPEN,0
672768.739,0,0,0,1.000,1.000,1.000,-90.00,180.00,0.00,OPEN,0
672768.789,0,0,0,1.000,1.000,1.000,-90.00,180.00,0.00,OPEN,0
672768.839,0,0,0,1.000,1.000,1.000,-90.00,180.00,0.00,OPEN,0
672768.889,0,0,0,1.000,1.000,1.000,-90.00,180.00,0.00,OPEN,0
672768.939,0,0,0,1.000,1.000,1.000,-90.00,180.00,0.00,OPEN,0
672768.989,0,0,0,1.000,1.000,1.000,-90.00,180.00,0.00,OPEN,0
672769.039,0,0,0,1.000,1.000,1.000,-90.00,180.00,0.00,OPEN,0
672769.089,0,0,0,1.000,1.000,1.000,-90.00,180.00,0.00,OPEN,0
672769.139,0,0,0,1.000,1.000,1.000,-90.00,180.00,0.00,OPEN,0
672769.189,0,0,0,1.000,1.000,1.000,-90.00,180.00,0.00,OPEN,0
672769.239,0,0,0,1.000,1.000,1.000,-90.00,180.00,0.00,OPEN,0
672769.289,0,0,0,1.000,1.000,1.000,-90.00,180.00,0.00,OPEN,0
672769.341,0,0,0,1.000,1.000,1.000,-90.00,180.00,0.00,OPEN,0
672769.389,0,0,0,1.000,1.000,1.000,-90.00,180.00,0.00,OPEN,0
672769.439,0,0,0,1.000,1.000,1.000,-90.00,180.00,0.00,OPEN,0
672769.489,0,0,0,1.000,1.000,1.000,-90.00,180.00,0.00,OPEN,0
672769.539,0,0,0,1.000,1.000,1.000,-90.00,180.00,0.00,OPEN,0
672769.589,0,0,0,1.000,1.000,1.000,-90.00,180.00,0.00,OPEN,0
672769.639,0,0,0,1.000,1.000,1.000,-90.00,180.00,0.00,OPEN,0
672769.689,0,0,0,1.000,1.000,1.000,-90.00,180.00,0.00,OPEN,0
672769.739,0,0,0,1.000,1.000,1.000,-90.00,180.00,0.00,OPEN,0
672769.789,0,0,0,1.000,1.000,1.000,-90.00,180.00,0.00,OPEN,0
672769.840,0,0,0,1.000,1.000,1.000,-90.00,180.00,0.00,OPEN,0
672769.890,0,0,0,1.000,1.000,1.000,-90.00,180.00,0.00,OPEN,0
672769.956,0,0,0,1.000,1.000,1.000,-90.00,180.00,0.00,OPEN,0
672769.990,0,0,0,1.000,1.000,1.000,-90.00,180.00,0.00,OPEN,0
672770.038,0,0,0,1.000,1.000,1.000,-90.00,180.00,0.00,OPEN,0
672770.089,0,0,0,1.000,1.000,1.000,-90.00,180.00,0.00,OPEN,0
672770.139,0,0,0,1.000,1.000,1.000,-90.00,180.00,0.00,OPEN,0
672770.193,0,0,0,1.000,1.000,1.000,-90.00,180.00,0.00,OPEN,0
672770.238,0,0,0,1.000,1.000,1.000,-90.00,180.00,0.00,OPEN,0
672770.289,0,0,0,1.000,1.000,1.000,-90.00,180.00,0.00,OPEN,0
672770.339,0,0,0,1.000,1.000,1.000,-90.00,180.00,0.00,OPEN,0
672770.388,0,0,0,1.000,1.000,1.000,-90.00,180.00,0.00,OPEN,0
672770.439,0,0,0,1.000,1.000,1.000,-90.00,180.00,0.00,OPEN,0
672770.489,0,0,0,1.000,1.000,1.000,-90.00,180.00,0.00,OPEN,0
672770.539,0,0,0,1.000,1.000,1.000,-90.00,180.00,0.00,OPEN,0
672770.590,0,0,0,1.000,1.000,1.000,-90.00,180.00,0.00,OPEN,0
672770.639,0,0,0,1.000,1.000,0.999,-90.00,180.00,0.00,OPEN,0
672770.689,0,0,0,0.999,1.000,0.990,-90.00,180.00,0.00,OPEN,0
672770.739,0,0,0,0.999,1.000,0.947,-90.00,180.00,0.00,OPEN,0
672770.789,0,0,0,1.000,0.997,0.840,-90.00,180.00,0.00,OPEN,0
672770.839,0,0,0,1.000,0.948,0.678,-90.00,180.00,0.00,OPEN,0
672770.889,0,0,0,1.000,0.754,0.528,-90.00,180.00,0.00,OPEN,0
672770.939,0,0,0,1.000,0.996,0.731,-90.00,180.00,0.00,OPEN,0
672770.989,0,0,0,0.999,1.000,0.896,-90.00,180.00,0.00,OPEN,0
672771.040,0,0,0,0.992,1.000,0.980,-90.00,180.00,0.00,OPEN,0
672771.089,0,0,0,0.981,1.000,0.996,-90.00,180.00,0.00,OPEN,0
672771.138,0,0,0,0.999,1.000,0.999,-90.00,180.00,0.00,OPEN,0
672771.189,0,0,0,1.000,1.000,1.000,-90.00,180.00,0.00,OPEN,0
672771.239,0,0,0,1.000,1.000,1.000,-90.00,180.00,0.00,OPEN,0
672771.289,0,0,0,1.000,1.000,1.000,-90.00,180.00,0.00,OPEN,0
672771.340,0,0,0,1.000,1.000,1.000,-90.00,180.00,0.00,OPEN,0
672771.389,0,0,0,1.000,1.000,1.000,-90.00,180.00,0.00,OPEN,0
672771.462,0,0,0,1.000,1.000,1.000,-90.00,180.00,0.00,OPEN,0
672771.490,0,0,0,1.000,1.000,1.000,-90.00,180.00,0.00,OPEN,0
672771.539,0,0,0,1.000,1.000,1.000,-90.00,180.00,0.00,OPEN,0
672771.589,0,0,0,1.000,1.000,1.000,-90.00,180.00,0.00,OPEN,0
672771.639,0,0,0,0.999,1.000,1.000,-90.00,180.00,0.00,OPEN,0
672771.689,0,0,0,0.995,1.000,1.000,-90.00,180.00,0.00,OPEN,0
672771.739,0,0,0,0.990,1.000,1.000,-90.00,180.00,0.00,OPEN,0
672771.789,0,0,0,1.000,0.969,1.000,-90.00,180.00,0.00,OPEN,0
672771.840,0,1,1,1.000,0.991,1.000,-90.00,180.00,0.00,OPEN,0
672771.890,0,1,1,1.000,1.000,1.000,-90.00,180.00,0.00,OPEN,0
672771.939,0,1,1,1.000,1.000,1.000,-90.00,180.00,0.00,OPEN,0
672771.989,0,1,1,1.000,1.000,1.000,-90.00,180.00,0.00,OPEN,0
672772.039,0,1,1,1.000,1.000,1.000,-90.00,180.00,0.00,OPEN,0
672772.090,0,1,1,1.000,1.000,1.000,-90.00,180.00,0.00,OPEN,0
672772.138,0,1,1,1.000,1.000,1.000,-90.00,180.00,0.00,OPEN,0
672772.189,0,1,1,1.000,1.000,1.000,-90.00,180.00,0.00,OPEN,0
672772.238,0,1,1,1.000,1.000,1.000,-90.00,180.00,0.00,OPEN,0
672772.289,0,1,1,1.000,1.000,1.000,-90.00,180.00,0.00,OPEN,0
672772.339,0,1,1,1.000,1.000,1.000,-90.00,180.00,0.00,OPEN,0
672772.389,0,1,1,1.000,1.000,1.000,-90.00,180.00,0.00,OPEN,0
672772.438,0,1,1,1.000,1.000,1.000,-90.00,180.00,0.00,OPEN,0
672772.489,0,1,1,1.000,1.000,1.000,-90.00,180.00,0.00,OPEN,0
672772.539,0,1,1,1.000,1.000,1.000,-90.00,180.00,0.00,OPEN,0
672772.590,0,1,1,1.000,1.000,1.000,-90.00,180.00,0.00,OPEN,0
672772.639,0,1,1,1.000,1.000,1.000,-90.00,180.00,0.00,OPEN,0
672772.688,0,1,1,1.000,1.000,1.000,-90.00,180.00,0.00,OPEN,0
672772.739,0,0,1,1.000,1.000,1.000,-90.00,180.00,0.00,OPEN,0
672772.789,0,0,1,1.000,0.999,1.000,-90.00,180.00,0.00,OPEN,0
672772.839,0,0,1,1.000,0.997,1.000,-90.00,180.00,0.00,OPEN,0
672772.889,0,0,1,1.000,0.996,1.000,-90.00,180.00,0.00,OPEN,0
672772.939,0,0,1,1.000,0.998,1.000,-90.00,180.00,0.00,OPEN,0
672772.989,0,0,1,1.000,0.999,1.000,-90.00,180.00,0.00,OPEN,0
672773.039,0,0,1,1.000,1.000,1.000,-90.00,180.00,0.00,OPEN,0
672773.089,0,0,1,1.000,1.000,1.000,-90.00,180.00,0.00,OPEN,0
672773.139,0,0,1,1.000,1.000,1.000,-90.00,180.00,0.00,OPEN,0
672773.189,0,0,1,1.000,1.000,1.000,-90.00,180.00,0.00,OPEN,0
672773.239,0,0,1,1.000,1.000,1.000,-90.00,180.00,0.00,OPEN,0
672773.289,0,0,1,1.000,1.000,1.000,-90.00,180.00,0.00,OPEN,0
672773.339,0,0,1,1.000,1.000,1.000,-90.00,180.00,0.00,OPEN,0
672773.388,0,0,1,1.000,1.000,1.000,-90.00,180.00,0.00,OPEN,0
672773.439,0,0,1,1.000,1.000,1.000,-90.00,180.00,0.00,OPEN,0
672773.489,0,0,1,1.000,1.000,1.000,-90.00,180.00,0.00,OPEN,0
672773.539,0,0,1,1.000,1.000,1.000,-90.00,180.00,0.00,OPEN,0
672773.589,0,0,1,1.000,1.000,1.000,-90.00,180.00,0.00,OPEN,0
672773.639,0,0,1,1.000,1.000,1.000,-90.00,180.00,0.00,OPEN,0
672773.689,0,0,1,1.000,1.000,1.000,-90.00,180.00,0.00,OPEN,0
672773.739,0,0,1,1.000,1.000,1.000,-90.00,180.00,0.00,OPEN,0
672773.789,0,0,1,1.000,1.000,1.000,-90.00,180.00,0.00,OPEN,0
672773.839,0,0,1,1.000,1.000,1.000,-90.00,180.00,0.00,OPEN,0
672773.889,0,0,1,1.000,1.000,1.000,-90.00,180.00,0.00,OPEN,0
672773.939,0,0,1,1.000,1.000,1.000,-90.00,180.00,0.00,OPEN,0
672773.989,0,0,1,1.000,1.000,1.000,-90.00,180.00,0.00,OPEN,0
672774.040,0,0,1,1.000,1.000,1.000,-90.00,180.00,0.00,OPEN,0
672774.089,0,0,1,1.000,1.000,1.000,-90.00,180.00,0.00,OPEN,0
672774.139,0,0,1,1.000,1.000,1.000,-90.00,180.00,0.00,OPEN,0
672774.189,0,0,1,1.000,1.000,1.000,-90.00,180.00,0.00,OPEN,0
672774.239,0,0,1,1.000,1.000,1.000,-90.00,180.00,0.00,OPEN,0
672774.290,0,0,1,1.000,1.000,1.000,-90.00,180.00,0.00,OPEN,0
672774.338,0,0,1,1.000,1.000,1.000,-90.00,180.00,0.00,OPEN,0
672774.389,0,0,1,1.000,1.000,1.000,-90.00,180.00,0.00,OPEN,0
672774.458,0,0,1,1.000,1.000,1.000,-90.00,180.00,0.00,OPEN,0
672774.490,0,0,1,1.000,1.000,1.000,-90.00,180.00,0.00,OPEN,0
672774.539,0,0,1,1.000,1.000,1.000,-90.00,180.00,0.00,OPEN,0
672774.588,0,0,1,1.000,1.000,1.000,-90.00,180.00,0.00,OPEN,0
672774.639,0,0,1,1.000,1.000,1.000,-90.00,180.00,0.00,OPEN,0
672774.689,0,0,1,1.000,1.000,1.000,-90.00,180.00,0.00,OPEN,0
672774.739,0,0,1,1.000,1.000,1.000,-90.00,180.00,0.00,OPEN,0
672774.788,0,0,1,1.000,1.000,1.000,-90.00,180.00,0.00,OPEN,0
672774.839,0,0,1,1.000,1.000,1.000,-90.00,180.00,0.00,OPEN,0
672774.889,0,0,1,1.000,1.000,1.000,-90.00,180.00,0.00,OPEN,0
672774.940,0,0,1,1.000,1.000,1.000,-90.00,180.00,0.00,OPEN,0
672774.989,0,0,1,1.000,1.000,1.000,-90.00,180.00,0.00,OPEN,0
672775.039,0,0,1,1.000,1.000,1.000,-90.00,180.00,0.00,OPEN,0
672775.093,0,0,1,1.000,1.000,1.000,-90.00,180.00,0.00,OPEN,0
672775.139,0,0,1,1.000,1.000,1.000,-90.00,180.00,0.00,OPEN,0
672775.189,0,0,1,1.000,1.000,1.000,-90.00,180.00,0.00,OPEN,0
672775.240,0,0,1,1.000,1.000,1.000,-90.00,180.00,0.00,OPEN,0
672775.290,0,0,1,1.000,1.000,1.000,-90.00,180.00,0.00,OPEN,0
672775.339,0,0,1,1.000,1.000,1.000,-90.00,180.00,0.00,OPEN,0
672775.389,0,0,1,1.000,1.000,1.000,-90.00,180.00,0.00,OPEN,0
672775.439,0,0,1,1.000,1.000,1.000,-90.00,180.00,0.00,OPEN,0
672775.489,0,0,1,1.000,1.000,1.000,-90.00,180.00,0.00,OPEN,0
672775.539,0,0,1,1.000,1.000,1.000,-90.00,180.00,0.00,OPEN,0
672775.590,0,0,1,1.000,1.000,1.000,-90.00,180.00,0.00,OPEN,0
672775.639,0,0,1,1.000,1.000,1.000,-90.00,180.00,0.00,OPEN,0
672775.689,0,0,1,1.000,1.000,1.000,-90.00,180.00,0.00,OPEN,0
672775.739,0,0,1,1.000,1.000,1.000,-90.00,180.00,0.00,OPEN,0
672775.789,0,0,1,1.000,1.000,1.000,-90.00,180.00,0.00,OPEN,0
672775.839,0,0,1,1.000,1.000,1.000,-90.00,180.00,0.00,OPEN,0
672775.889,0,0,1,1.000,1.000,1.000,-90.00,180.00,0.00,OPEN,0
672775.939,0,0,1,1.000,1.000,1.000,-90.00,180.00,0.00,OPEN,0
672775.989,0,0,1,1.000,1.000,1.000,-90.00,180.00,0.00,OPEN,0
672776.040,0,0,1,1.000,1.000,1.000,-90.00,180.00,0.00,OPEN,0
672776.089,0,0,1,1.000,1.000,1.000,-90.00,180.00,0.00,OPEN,0
672776.139,0,0,1,1.000,1.000,1.000,-90.00,180.00,0.00,OPEN,0
672776.189,0,0,1,1.000,1.000,1.000,-90.00,180.00,0.00,OPEN,0
672776.239,0,0,1,1.000,1.000,1.000,-90.00,180.00,0.00,OPEN,0
672776.292,0,0,1,1.000,1.000,1.000,-90.00,180.00,0.00,OPEN,0
672776.346,0,0,1,1.000,0.999,1.000,-90.00,180.00,0.00,OPEN,0
672776.390,0,0,1,1.000,0.995,1.000,-90.00,180.00,0.00,OPEN,0
672776.439,0,0,1,1.000,0.752,1.000,-90.00,180.00,0.00,OPEN,0
672776.489,0,0,1,1.000,1.000,1.000,-90.00,180.00,0.00,OPEN,0
672776.539,0,0,1,1.000,1.000,1.000,-90.00,180.00,0.00,OPEN,0
672776.589,0,0,1,0.998,1.000,1.000,-90.00,180.00,0.00,OPEN,0
672776.639,0,0,1,0.993,1.000,1.000,-90.00,180.00,0.00,OPEN,0
672776.689,0,0,1,0.993,1.000,1.000,-90.00,180.00,0.00,OPEN,0
672776.739,0,0,1,0.988,1.000,1.000,-90.00,180.00,0.00,OPEN,0
672776.789,0,0,1,0.978,1.000,1.000,-90.00,180.00,0.00,OPEN,0
672776.840,0,0,1,0.966,1.000,1.000,-90.00,180.00,0.00,OPEN,0
672776.889,0,0,1,0.957,1.000,1.000,-90.00,180.00,0.00,OPEN,0
672776.939,0,0,1,0.943,1.000,0.999,-90.00,180.00,0.00,OPEN,0
672776.989,0,0,1,0.899,1.000,0.996,-90.00,180.00,0.00,OPEN,0
672777.039,0,0,1,0.800,1.000,0.937,-90.00,180.00,0.00,OPEN,0
672777.089,0,0,1,0.792,1.000,0.895,-90.00,180.00,0.00,OPEN,0
672777.139,0,0,1,0.995,1.000,0.698,-90.00,180.00,0.00,OPEN,0
672777.189,0,0,1,1.000,1.000,0.554,-90.00,180.00,0.00,OPEN,0
672777.239,0,0,1,1.000,1.000,0.947,-90.00,180.00,0.00,OPEN,0
672777.289,0,0,1,1.000,1.000,0.993,-90.00,180.00,0.00,OPEN,0
672777.339,0,0,1,1.000,1.000,1.000,-90.00,180.00,0.00,OPEN,0
672777.389,0,1,1,1.000,1.000,1.000,-90.00,180.00,0.00,OPEN,0
672777.439,0,1,1,1.000,1.000,1.000,-90.00,180.00,0.00,OPEN,0
672777.489,0,1,1,1.000,1.000,1.000,-90.00,180.00,0.00,OPEN,0
672777.539,0,1,1,1.000,1.000,1.000,-90.00,180.00,0.00,OPEN,0
672777.589,0,1,1,1.000,0.999,1.000,-90.00,180.00,0.00,OPEN,0
672777.639,0,1,1,1.000,0.993,1.000,-90.00,180.00,0.00,OPEN,0
672777.704,0,1,1,1.000,0.939,1.000,-90.00,180.00,0.00,OPEN,0
672777.740,0,1,1,0.996,0.544,1.000,-90.00,180.00,0.00,OPEN,0
672777.789,0,1,1,0.997,0.868,1.000,-90.00,180.00,0.00,OPEN,0
672777.839,0,1,1,1.000,0.805,1.000,-90.00,180.00,0.00,OPEN,0
672777.889,0,1,1,1.000,0.776,1.000,-90.00,180.00,0.00,OPEN,0
672777.939,0,1,1,1.000,0.828,1.000,-90.00,180.00,0.00,OPEN,0
672777.989,0,1,1,1.000,0.966,1.000,-90.00,180.00,0.00,OPEN,0
672778.039,0,1,1,1.000,0.990,1.000,-90.00,180.00,0.00,OPEN,0
672778.089,0,1,0,1.000,0.997,1.000,-90.00,180.00,0.00,OPEN,0
672778.139,0,1,0,1.000,0.999,1.000,-90.00,180.00,0.00,OPEN,0
672778.190,0,1,0,1.000,1.000,1.000,-90.00,180.00,0.00,OPEN,0
672778.239,0,1,0,1.000,1.000,1.000,-90.00,180.00,0.00,OPEN,0
672778.289,0,1,0,1.000,1.000,1.000,-90.00,180.00,0.00,OPEN,0
672778.339,0,1,0,1.000,1.000,1.000,-90.00,180.00,0.00,OPEN,0
672778.389,0,1,0,1.000,1.000,1.000,-90.00,180.00,0.00,OPEN,0
672778.439,0,1,0,1.000,1.000,1.000,-90.00,180.00,0.00,OPEN,0
672778.489,0,1,0,1.000,1.000,1.000,-90.00,180.00,0.00,OPEN,0
672778.539,0,1,0,1.000,1.000,1.000,-90.00,180.00,0.00,OPEN,0
672778.588,0,1,0,1.000,1.000,1.000,-90.00,180.00,0.00,OPEN,0
672778.639,0,0,0,1.000,1.000,1.000,-90.00,180.00,0.00,OPEN,0
672778.689,0,0,0,1.000,1.000,1.000,-90.00,180.00,0.00,OPEN,0
672778.739,0,0,0,1.000,1.000,1.000,-90.00,180.00,0.00,OPEN,0
672778.789,0,0,0,1.000,1.000,1.000,-90.00,180.00,0.00,OPEN,0
672778.839,0,0,0,1.000,1.000,1.000,-90.00,180.00,0.00,OPEN,0
672778.889,0,0,0,1.000,1.000,1.000,-90.00,180.00,0.00,OPEN,0
672778.939,0,0,0,1.000,1.000,1.000,-90.00,180.00,0.00,OPEN,0
672778.989,0,0,0,1.000,1.000,1.000,-90.00,180.00,0.00,OPEN,0
672779.039,0,0,0,1.000,1.000,1.000,-90.00,180.00,0.00,OPEN,0
672779.089,0,0,0,1.000,1.000,1.000,-90.00,180.00,0.00,OPEN,0
672779.138,0,0,0,1.000,1.000,1.000,-90.00,180.00,0.00,OPEN,0
672779.189,0,0,0,1.000,1.000,1.000,-90.00,180.00,0.00,OPEN,0
672779.239,0,0,0,1.000,1.000,1.000,-90.00,180.00,0.00,OPEN,0
672779.289,0,0,0,1.000,1.000,1.000,-90.00,180.00,0.00,OPEN,0
672779.339,0,0,0,1.000,1.000,1.000,-90.00,180.00,0.00,OPEN,0
672779.389,0,0,0,1.000,1.000,1.000,-90.00,180.00,0.00,OPEN,0
672779.439,0,0,0,1.000,1.000,1.000,-90.00,180.00,0.00,OPEN,0
672779.489,0,0,0,1.000,1.000,1.000,-90.00,180.00,0.00,OPEN,0
672779.539,0,0,0,1.000,1.000,1.000,-90.00,180.00,0.00,OPEN,0
672779.589,0,0,0,1.000,1.000,1.000,-90.00,180.00,0.00,OPEN,0
672779.639,0,0,0,1.000,1.000,1.000,-90.00,180.00,0.00,OPEN,0
672779.689,0,0,0,1.000,1.000,1.000,-90.00,180.00,0.00,OPEN,0
672779.739,0,0,0,1.000,1.000,1.000,-90.00,180.00,0.00,OPEN,0
672779.789,0,0,0,1.000,1.000,1.000,-90.00,180.00,0.00,OPEN,0
672779.839,0,0,0,1.000,1.000,1.000,-90.00,180.00,0.00,OPEN,0
672779.889,0,0,0,1.000,1.000,1.000,-90.00,180.00,0.00,OPEN,0
672779.939,0,0,0,1.000,1.000,1.000,-90.00,180.00,0.00,OPEN,0
672779.989,0,0,0,1.000,1.000,1.000,-90.00,180.00,0.00,OPEN,0
672780.038,0,0,0,1.000,1.000,1.000,-90.00,180.00,0.00,OPEN,0
672780.089,0,0,0,1.000,1.000,1.000,-90.00,180.00,0.00,OPEN,0
672780.139,0,0,0,1.000,1.000,1.000,-90.00,180.00,0.00,OPEN,0
672780.189,0,0,0,1.000,1.000,1.000,-90.00,180.00,0.00,OPEN,0
672780.239,0,0,0,1.000,1.000,1.000,-90.00,180.00,0.00,OPEN,0
672780.289,0,0,0,1.000,1.000,1.000,-90.00,180.00,0.00,OPEN,0
672780.339,0,0,0,1.000,1.000,1.000,-90.00,180.00,0.00,OPEN,0
672780.389,0,0,0,1.000,1.000,1.000,-90.00,180.00,0.00,OPEN,0
672780.439,0,0,0,1.000,1.000,1.000,-90.00,180.00,0.00,OPEN,0
672780.488,0,0,0,1.000,1.000,1.000,-90.00,180.00,0.00,OPEN,0
672780.539,0,0,0,1.000,1.000,1.000,-90.00,180.00,0.00,OPEN,0
672780.588,0,0,0,1.000,1.000,1.000,-90.00,180.00,0.00,OPEN,0
672780.639,0,0,0,1.000,1.000,1.000,-90.00,180.00,0.00,OPEN,0
672780.688,0,0,0,1.000,1.000,1.000,-90.00,180.00,0.00,OPEN,0
672780.739,0,0,0,1.000,1.000,1.000,-90.00,180.00,0.00,OPEN,0
672780.789,0,0,0,1.000,1.000,1.000,-90.00,180.00,0.00,OPEN,0
672780.839,0,0,0,1.000,1.000,1.000,-90.00,180.00,0.00,OPEN,0
672780.890,0,0,0,1.000,1.000,1.000,-90.00,180.00,0.00,OPEN,0
672780.939,0,0,0,1.000,1.000,1.000,-90.00,180.00,0.00,OPEN,0
672780.989,0,0,0,1.000,1.000,1.000,-90.00,180.00,0.00,OPEN,0
672781.039,0,0,0,1.000,1.000,1.000,-90.00,180.00,0.00,OPEN,0
672781.089,0,0,0,1.000,1.000,1.000,-90.00,180.00,0.00,OPEN,0
672781.139,0,0,0,1.000,1.000,1.000,-90.00,180.00,0.00,OPEN,0
672781.189,0,0,0,1.000,1.000,1.000,-90.00,180.00,0.00,OPEN,0
672781.239,0,0,0,1.000,1.000,1.000,-90.00,180.00,0.00,OPEN,0
672781.289,0,0,0,1.000,1.000,1.000,-90.00,180.00,0.00,OPEN,0
672781.356,0,0,0,1.000,1.000,1.000,-90.00,180.00,0.00,OPEN,0
672781.390,0,0,0,1.000,1.000,1.000,-90.00,180.00,0.00,OPEN,0
672781.439,0,0,0,1.000,1.000,1.000,-90.00,180.00,0.00,OPEN,0
672781.489,0,0,0,1.000,1.000,1.000,-90.00,180.00,0.00,OPEN,0
672781.539,0,0,0,1.000,1.000,1.000,-90.00,180.00,0.00,OPEN,0
672781.589,0,0,0,1.000,1.000,1.000,-90.00,180.00,0.00,OPEN,0
672781.639,0,0,0,1.000,1.000,1.000,-90.00,180.00,0.00,OPEN,0
672781.689,0,0,0,1.000,1.000,1.000,-90.00,180.00,0.00,OPEN,0
672781.739,0,0,0,1.000,1.000,1.000,-90.00,180.00,0.00,OPEN,0
672781.788,0,0,0,1.000,1.000,1.000,-90.00,180.00,0.00,OPEN,0
672781.839,0,0,0,1.000,1.000,1.000,-90.00,180.00,0.00,OPEN,0
672781.889,0,0,0,1.000,1.000,1.000,-90.00,180.00,0.00,OPEN,0
672781.940,0,0,0,1.000,1.000,1.000,-90.00,180.00,0.00,OPEN,0
672781.989,0,0,0,1.000,1.000,1.000,-90.00,180.00,0.00,OPEN,0
672782.039,0,0,0,1.000,1.000,1.000,-90.00,180.00,0.00,OPEN,0
672782.089,0,0,0,1.000,1.000,1.000,-90.00,180.00,0.00,OPEN,0
672782.139,0,0,0,1.000,1.000,1.000,-90.00,180.00,0.00,OPEN,0
672782.188,0,0,0,1.000,1.000,1.000,-90.00,180.00,0.00,OPEN,0
672782.239,0,0,0,1.000,1.000,1.000,-90.00,180.00,0.00,OPEN,0
672782.289,0,0,0,1.000,1.000,1.000,-90.00,180.00,0.00,OPEN,0
672782.339,0,0,0,1.000,1.000,1.000,-90.00,180.00,0.00,OPEN,0
672782.389,0,0,0,1.000,1.000,1.000,-90.00,180.00,0.00,OPEN,0
672782.439,0,0,0,1.000,1.000,1.000,-90.00,180.00,0.00,OPEN,0
672782.489,0,0,0,1.000,1.000,1.000,-90.00,180.00,0.00,OPEN,0
672782.539,0,0,0,1.000,1.000,1.000,-90.00,180.00,0.00,OPEN,0
672782.589,0,0,0,1.000,1.000,1.000,-90.00,180.00,0.00,OPEN,0
672782.639,0,0,0,1.000,1.000,1.000,-90.00,180.00,0.00,OPEN,0
672782.689,0,0,0,1.000,1.000,1.000,-90.00,180.00,0.00,OPEN,0
672782.740,0,0,0,1.000,1.000,1.000,-90.00,180.00,0.00,OPEN,0
672782.789,0,0,0,1.000,1.000,1.000,-90.00,180.00,0.00,OPEN,0
672782.839,0,0,0,1.000,1.000,1.000,-90.00,180.00,0.00,OPEN,0
672782.889,0,0,0,1.000,1.000,1.000,-90.00,180.00,0.00,OPEN,0
672782.946,0,0,0,1.000,1.000,1.000,-90.00,180.00,0.00,OPEN,0
672782.989,0,0,0,1.000,1.000,1.000,-90.00,180.00,0.00,OPEN,0
672783.039,0,0,0,1.000,1.000,1.000,-90.00,180.00,0.00,OPEN,0
672783.089,0,0,0,1.000,1.000,1.000,-90.00,180.00,0.00,OPEN,0
672783.140,0,0,0,1.000,1.000,1.000,-90.00,180.00,0.00,OPEN,0
672783.189,0,0,0,1.000,1.000,1.000,-90.00,180.00,0.00,OPEN,0
672783.241,0,0,0,1.000,1.000,1.000,-90.00,180.00,0.00,OPEN,0
672783.289,0,0,0,1.000,1.000,1.000,-90.00,180.00,0.00,OPEN,0
672783.340,0,0,0,1.000,1.000,1.000,-90.00,180.00,0.00,OPEN,0
672783.389,0,0,0,1.000,1.000,1.000,-90.00,180.00,0.00,OPEN,0
672783.440,0,0,0,1.000,1.000,1.000,-90.00,180.00,0.00,OPEN,0
672783.489,0,0,0,1.000,1.000,1.000,-90.00,180.00,0.00,OPEN,0
672783.539,0,0,0,1.000,1.000,1.000,-90.00,180.00,0.00,OPEN,0
672783.589,0,0,0,1.000,1.000,1.000,-90.00,180.00,0.00,OPEN,0
672783.640,0,0,0,1.000,1.000,1.000,-90.00,180.00,0.00,OPEN,0
672783.689,0,0,0,1.000,1.000,1.000,-90.00,180.00,0.00,OPEN,0
672783.739,0,0,0,1.000,1.000,1.000,-90.00,180.00,0.00,OPEN,0
672783.789,0,0,0,1.000,1.000,1.000,-90.00,180.00,0.00,OPEN,0
672783.838,0,0,0,1.000,1.000,1.000,-90.00,180.00,0.00,OPEN,0
672783.890,0,0,0,1.000,1.000,1.000,-90.00,180.00,0.00,OPEN,0
672783.939,0,0,0,1.000,1.000,1.000,-90.00,180.00,0.00,OPEN,0
672783.989,0,0,0,0.999,1.000,1.000,-90.00,180.00,0.00,OPEN,0
672784.039,0,0,0,1.000,1.000,1.000,-90.00,180.00,0.00,OPEN,0
672784.089,0,0,0,0.999,0.985,1.000,-90.00,180.00,0.00,OPEN,0
672784.139,0,0,0,1.000,0.997,0.988,-90.00,180.00,0.00,OPEN,0
672784.189,0,0,0,0.997,1.000,0.522,-90.00,180.00,0.00,OPEN,0
672784.239,0,0,0,0.988,1.000,0.916,-90.00,180.00,0.00,OPEN,0
672784.289,0,0,0,0.988,1.000,0.968,-90.00,180.00,0.00,OPEN,0
672784.340,0,0,0,0.984,1.000,0.974,-90.00,180.00,0.00,OPEN,0
672784.389,0,0,0,0.990,1.000,0.974,-90.00,180.00,0.00,OPEN,0
672784.439,0,0,0,0.993,1.000,0.976,-90.00,180.00,0.00,OPEN,0
672784.498,0,0,0,0.994,1.000,0.962,-90.00,180.00,0.00,OPEN,0
672784.541,0,0,0,0.996,1.000,0.967,-90.00,180.00,0.00,OPEN,0
672784.589,0,0,0,1.000,1.000,0.968,-90.00,180.00,0.00,OPEN,0
672784.639,0,0,0,1.000,1.000,0.942,-90.00,180.00,0.00,OPEN,0
672784.689,0,0,0,1.000,1.000,0.924,-90.00,180.00,0.00,OPEN,0
672784.740,0,0,0,1.000,1.000,0.954,-90.00,180.00,0.00,OPEN,0
672784.789,0,0,0,1.000,1.000,0.982,-90.00,180.00,0.00,OPEN,0
672784.839,0,0,0,1.000,1.000,0.996,-90.00,180.00,0.00,OPEN,0
672784.889,0,0,0,1.000,1.000,1.000,-90.00,180.00,0.00,OPEN,0
672784.939,0,0,0,1.000,1.000,1.000,-90.00,180.00,0.00,OPEN,0
672784.990,0,0,0,1.000,1.000,1.000,-90.00,180.00,0.00,OPEN,0
672785.039,0,1,0,1.000,1.000,1.000,-90.00,180.00,0.00,OPEN,0
672785.089,0,1,0,1.000,1.000,1.000,-90.00,180.00,0.00,OPEN,0
672785.139,0,1,1,1.000,1.000,1.000,-90.00,180.00,0.00,OPEN,0
672785.189,0,1,1,1.000,1.000,1.000,-90.00,180.00,0.00,OPEN,0
672785.239,0,1,1,1.000,0.999,1.000,-90.00,180.00,0.00,OPEN,0
672785.289,0,1,1,1.000,0.991,1.000,-90.00,180.00,0.00,OPEN,0
672785.339,0,1,1,1.000,0.974,1.000,-90.00,180.00,0.00,OPEN,0
672785.389,0,1,1,1.000,0.942,1.000,-90.00,180.00,0.00,OPEN,0
672785.439,0,1,1,1.000,0.925,1.000,-90.00,180.00,0.00,OPEN,0
672785.489,0,1,1,1.000,0.880,1.000,-90.00,180.00,0.00,OPEN,0
672785.539,0,1,1,1.000,0.821,1.000,-90.00,180.00,0.00,OPEN,0
672785.589,0,1,1,1.000,0.805,1.000,-90.00,180.00,0.00,OPEN,0
672785.639,0,1,1,0.999,0.958,1.000,-90.00,180.00,0.00,OPEN,0
672785.688,0,1,1,0.999,0.995,1.000,-90.00,180.00,0.00,OPEN,0
672785.739,0,1,1,0.999,0.999,1.000,-90.00,180.00,0.00,OPEN,0
672785.794,0,1,1,0.998,1.000,1.000,-90.00,180.00,0.00,OPEN,0
672785.839,0,1,1,1.000,1.000,1.000,-90.00,180.00,0.00,OPEN,0
672785.889,0,1,1,1.000,1.000,1.000,-90.00,180.00,0.00,OPEN,0
672785.939,0,1,1,1.000,1.000,1.000,-90.00,180.00,0.00,OPEN,0
672785.989,0,1,1,1.000,1.000,1.000,-90.00,180.00,0.00,OPEN,0
672786.039,0,1,1,1.000,1.000,1.000,-90.00,180.00,0.00,OPEN,0
672786.088,0,1,1,1.000,1.000,1.000,-90.00,180.00,0.00,OPEN,0
672786.139,0,1,1,1.000,1.000,1.000,-90.00,180.00,0.00,OPEN,0
672786.189,0,1,1,1.000,1.000,1.000,-90.00,180.00,0.00,OPEN,0
672786.239,0,1,1,1.000,1.000,1.000,-90.00,180.00,0.00,OPEN,0
672786.289,0,1,1,1.000,1.000,1.000,-90.00,180.00,0.00,OPEN,0
672786.339,0,1,1,1.000,1.000,1.000,-90.00,180.00,0.00,OPEN,0
672786.389,0,1,1,1.000,1.000,1.000,-90.00,180.00,0.00,OPEN,0
672786.439,0,1,1,1.000,1.000,1.000,-90.00,180.00,0.00,OPEN,0
672786.489,0,1,1,1.000,1.000,1.000,-90.00,180.00,0.00,OPEN,0
672786.539,0,1,1,1.000,1.000,1.000,-90.00,180.00,0.00,OPEN,0
672786.589,0,1,1,1.000,1.000,1.000,-90.00,180.00,0.00,OPEN,0
672786.639,0,1,1,1.000,1.000,1.000,-90.00,180.00,0.00,OPEN,0
672786.689,0,1,1,1.000,1.000,1.000,-90.00,180.00,0.00,OPEN,0
672786.739,0,1,1,1.000,1.000,1.000,-90.00,180.00,0.00,OPEN,0
672786.789,0,1,1,1.000,1.000,1.000,-90.00,180.00,0.00,OPEN,0
672786.839,0,1,1,1.000,1.000,1.000,-90.00,180.00,0.00,OPEN,0
672786.889,0,1,1,1.000,1.000,1.000,-90.00,180.00,0.00,OPEN,0
672786.939,0,1,1,1.000,1.000,1.000,-90.00,180.00,0.00,OPEN,0
672786.989,0,1,1,1.000,1.000,1.000,-90.00,180.00,0.00,OPEN,0
672787.039,0,1,1,1.000,1.000,1.000,-90.00,180.00,0.00,OPEN,0
672787.089,0,1,1,1.000,1.000,1.000,-90.00,180.00,0.00,OPEN,0
672787.139,0,1,1,1.000,1.000,1.000,-90.00,180.00,0.00,OPEN,0
672787.189,0,1,1,1.000,1.000,1.000,-90.00,180.00,0.00,OPEN,0
672787.239,0,1,1,1.000,1.000,1.000,-90.00,180.00,0.00,OPEN,0
672787.289,0,1,1,1.000,1.000,1.000,-90.00,180.00,0.00,OPEN,0
672787.339,0,1,1,1.000,1.000,1.000,-90.00,180.00,0.00,OPEN,0
672787.389,0,1,1,1.000,1.000,1.000,-90.00,180.00,0.00,OPEN,0
672787.439,0,1,1,1.000,1.000,1.000,-90.00,180.00,0.00,OPEN,0
672787.488,0,1,1,1.000,1.000,1.000,-90.00,180.00,0.00,OPEN,0
672787.538,0,1,1,1.000,1.000,1.000,-90.00,180.00,0.00,OPEN,0
672787.588,0,1,1,1.000,1.000,1.000,-90.00,180.00,0.00,OPEN,0
672787.638,0,1,1,1.000,1.000,1.000,-90.00,180.00,0.00,OPEN,0
672787.689,0,1,1,1.000,1.000,1.000,-90.00,180.00,0.00,OPEN,0
672787.739,0,1,1,1.000,1.000,1.000,-90.00,180.00,0.00,OPEN,0
672787.789,0,1,1,1.000,1.000,1.000,-90.00,180.00,0.00,OPEN,0
672787.839,0,1,1,1.000,1.000,1.000,-90.00,180.00,0.00,OPEN,0
672787.890,0,1,1,1.000,1.000,1.000,-90.00,180.00,0.00,OPEN,0
672787.939,0,1,1,1.000,1.000,1.000,-90.00,180.00,0.00,OPEN,0
672787.989,0,1,1,1.000,1.000,1.000,-90.00,180.00,0.00,OPEN,0
672788.039,0,1,1,1.000,1.000,1.000,-90.00,180.00,0.00,OPEN,0
672788.089,0,1,1,1.000,1.000,1.000,-90.00,180.00,0.00,OPEN,0
672788.139,0,1,1,1.000,1.000,1.000,-90.00,180.00,0.00,OPEN,0
672788.189,0,1,1,1.000,1.000,1.000,-90.00,180.00,0.00,OPEN,0
672788.239,0,1,1,1.000,1.000,1.000,-90.00,180.00,0.00,OPEN,0
672788.289,0,1,1,1.000,1.000,1.000,-90.00,180.00,0.00,OPEN,0
672788.339,0,1,1,1.000,1.000,1.000,-90.00,180.00,0.00,OPEN,0
672788.389,0,1,1,1.000,1.000,1.000,-90.00,180.00,0.00,OPEN,0
672788.439,0,1,1,1.000,1.000,1.000,-90.00,180.00,0.00,OPEN,0
672788.489,0,1,1,1.000,1.000,1.000,-90.00,180.00,0.00,OPEN,0
672788.538,0,1,1,1.000,1.000,1.000,-90.00,180.00,0.00,OPEN,0
672788.588,0,1,1,1.000,1.000,1.000,-90.00,180.00,0.00,OPEN,0
672788.639,0,1,1,1.000,1.000,1.000,-90.00,180.00,0.00,OPEN,0
672788.689,0,1,1,1.000,1.000,1.000,-90.00,180.00,0.00,OPEN,0
672788.739,0,1,1,1.000,1.000,1.000,-90.00,180.00,0.00,OPEN,0
672788.789,0,1,1,1.000,1.000,1.000,-90.00,180.00,0.00,OPEN,0
672788.839,0,1,1,1.000,1.000,1.000,-90.00,180.00,0.00,OPEN,0
672788.888,0,1,1,1.000,1.000,1.000,-90.00,180.00,0.00,OPEN,0
672788.939,0,1,1,1.000,1.000,1.000,-90.00,180.00,0.00,OPEN,0
672788.989,0,1,1,1.000,1.000,1.000,-90.00,180.00,0.00,OPEN,0
672789.039,0,1,1,1.000,1.000,1.000,-90.00,180.00,0.00,OPEN,0
672789.089,0,1,1,1.000,1.000,1.000,-90.00,180.00,0.00,OPEN,0
672789.139,0,1,1,1.000,1.000,1.000,-90.00,180.00,0.00,OPEN,0
672789.189,0,1,1,1.000,1.000,1.000,-90.00,180.00,0.00,OPEN,0
672789.239,0,1,1,1.000,1.000,1.000,-90.00,180.00,0.00,OPEN,0
672789.299,0,1,1,1.000,1.000,1.000,-90.00,180.00,0.00,OPEN,0
672789.340,0,1,1,1.000,1.000,1.000,-90.00,180.00,0.00,OPEN,0
672789.389,0,1,1,1.000,1.000,1.000,-90.00,180.00,0.00,OPEN,0
672789.438,0,1,1,1.000,1.000,1.000,-90.00,180.00,0.00,OPEN,0
672789.489,0,1,1,1.000,1.000,1.000,-90.00,180.00,0.00,OPEN,0
672789.539,0,1,1,1.000,1.000,1.000,-90.00,180.00,0.00,OPEN,0
672789.589,0,1,1,1.000,1.000,1.000,-90.00,180.00,0.00,OPEN,0
672789.639,0,1,1,1.000,1.000,1.000,-90.00,180.00,0.00,OPEN,0
672789.689,0,1,1,1.000,1.000,1.000,-90.00,180.00,0.00,OPEN,0
672789.741,0,1,1,1.000,1.000,1.000,-90.00,180.00,0.00,OPEN,0
672789.789,0,1,1,1.000,1.000,1.000,-90.00,180.00,0.00,OPEN,0
672789.839,0,1,1,1.000,1.000,1.000,-90.00,180.00,0.00,OPEN,0
672789.889,0,1,1,1.000,1.000,1.000,-90.00,180.00,0.00,OPEN,0
672789.939,0,1,1,1.000,1.000,1.000,-90.00,180.00,0.00,OPEN,0
672789.989,0,1,1,1.000,1.000,1.000,-90.00,180.00,0.00,OPEN,0
672790.039,0,1,1,1.000,1.000,1.000,-90.00,180.00,0.00,OPEN,0
672790.089,0,1,1,1.000,1.000,1.000,-90.00,180.00,0.00,OPEN,0
672790.139,0,1,1,1.000,1.000,1.000,-90.00,180.00,0.00,OPEN,0
672790.189,0,1,1,1.000,1.000,1.000,-90.00,180.00,0.00,OPEN,0
672790.239,0,1,1,1.000,1.000,1.000,-90.00,180.00,0.00,OPEN,0
672790.289,0,1,1,1.000,1.000,1.000,-90.00,180.00,0.00,OPEN,0
672790.340,0,1,1,1.000,1.000,1.000,-90.00,180.00,0.00,OPEN,0
672790.389,0,1,1,1.000,1.000,1.000,-90.00,180.00,0.00,OPEN,0
672790.439,0,1,1,1.000,1.000,1.000,-90.00,180.00,0.00,OPEN,0
672790.489,0,1,1,1.000,0.999,1.000,-90.00,180.00,0.00,OPEN,0
672790.539,0,1,1,1.000,0.995,1.000,-90.00,180.00,0.00,OPEN,0
672790.589,0,1,1,1.000,0.975,1.000,-90.00,180.00,0.00,OPEN,0
672790.639,0,1,1,1.000,0.857,0.999,-90.00,180.00,0.00,OPEN,0
672790.689,0,1,1,1.000,0.741,0.998,-90.00,180.00,0.00,OPEN,0
672790.739,0,1,1,1.000,0.639,0.992,-90.00,180.00,0.00,OPEN,0
672790.789,0,1,1,0.999,0.914,0.968,-90.00,180.00,0.00,OPEN,0
672790.839,0,1,1,0.999,0.976,0.877,-90.00,180.00,0.00,OPEN,0
672790.889,0,1,1,0.999,0.990,0.686,-90.00,180.00,0.00,OPEN,0
672790.940,0,1,1,0.998,0.996,0.554,-90.00,180.00,0.00,OPEN,0
672790.999,0,1,1,0.999,0.992,0.619,-90.00,180.00,0.00,OPEN,0
672791.041,0,1,1,0.999,0.995,0.804,-90.00,180.00,0.00,OPEN,0
672791.089,0,1,1,0.999,1.000,0.941,-90.00,180.00,0.00,OPEN,0
672791.139,0,1,1,1.000,1.000,0.996,-90.00,180.00,0.00,OPEN,0
672791.189,0,1,1,1.000,1.000,0.996,-90.00,180.00,0.00,OPEN,0
672791.239,0,1,1,1.000,1.000,0.999,-90.00,180.00,0.00,OPEN,0
672791.289,0,1,1,1.000,1.000,0.999,-90.00,180.00,0.00,OPEN,0
672791.339,0,1,1,1.000,1.000,0.998,-90.00,180.00,0.00,OPEN,0
672791.389,0,1,1,1.000,1.000,0.998,-90.00,180.00,0.00,OPEN,0
672791.439,0,1,1,1.000,1.000,0.995,-90.00,180.00,0.00,OPEN,0
672791.489,0,1,1,1.000,1.000,0.988,-90.00,180.00,0.00,OPEN,0
672791.539,0,1,1,1.000,1.000,0.554,-90.00,180.00,0.00,OPEN,0
672791.589,0,1,1,1.000,0.998,0.952,-90.00,180.00,0.00,OPEN,0
672791.639,0,1,1,1.000,0.994,0.942,-90.00,180.00,0.00,OPEN,0
672791.688,0,0,1,1.000,0.986,0.952,-90.00,180.00,0.00,OPEN,0
672791.739,0,0,1,1.000,0.926,0.977,-90.00,180.00,0.00,OPEN,0
672791.789,0,0,1,1.000,0.668,0.982,-90.00,180.00,0.00,OPEN,0
672791.839,0,0,0,1.000,0.990,0.994,-90.00,180.00,0.00,OPEN,0
672791.889,0,0,0,1.000,1.000,0.994,-90.00,180.00,0.00,OPEN,0
672791.939,0,0,0,1.000,1.000,0.995,-90.00,180.00,0.00,OPEN,0
672791.989,0,0,0,1.000,1.000,0.979,-90.00,180.00,0.00,OPEN,0
672792.039,0,0,0,1.000,1.000,0.965,-90.00,180.00,0.00,OPEN,0
672792.089,0,0,0,1.000,1.000,0.951,-90.00,180.00,0.00,OPEN,0
672792.139,0,0,0,1.000,0.998,0.823,-90.00,180.00,0.00,OPEN,0
672792.189,0,0,0,1.000,0.991,0.642,-90.00,180.00,0.00,OPEN,0
672792.239,0,0,0,1.000,0.915,0.775,-90.00,180.00,0.00,OPEN,0
672792.289,0,0,0,1.000,0.762,0.873,-90.00,180.00,0.00,OPEN,0
672792.339,0,0,0,1.000,0.502,0.918,-90.00,180.00,0.00,OPEN,0
672792.397,0,0,0,1.000,0.719,0.947,-90.00,180.00,0.00,OPEN,0
672792.440,0,0,1,1.000,0.862,0.970,-90.00,180.00,0.00,OPEN,0
672792.489,0,0,1,1.000,0.974,0.993,-90.00,180.00,0.00,OPEN,0
672792.539,0,0,1,1.000,0.996,0.998,-90.00,180.00,0.00,OPEN,0
672792.589,0,0,1,1.000,0.999,0.999,-90.00,180.00,0.00,OPEN,0
672792.639,0,0,1,1.000,1.000,1.000,-90.00,180.00,0.00,OPEN,0
672792.689,0,1,1,1.000,1.000,1.000,-90.00,180.00,0.00,OPEN,0
672792.739,0,1,1,1.000,1.000,1.000,-90.00,180.00,0.00,OPEN,0
672792.790,0,1,1,1.000,1.000,1.000,-90.00,180.00,0.00,OPEN,0
672792.839,0,1,1,1.000,1.000,1.000,-90.00,180.00,0.00,OPEN,0
672792.889,0,1,1,1.000,1.000,1.000,-90.00,180.00,0.00,OPEN,0
672792.938,0,1,1,1.000,1.000,1.000,-90.00,180.00,0.00,OPEN,0
672792.989,0,1,1,1.000,1.000,1.000,-90.00,180.00,0.00,OPEN,0
672793.040,0,1,1,1.000,1.000,1.000,-90.00,180.00,0.00,OPEN,0
672793.090,0,1,0,1.000,1.000,1.000,-90.00,180.00,0.00,OPEN,0
672793.139,0,1,0,1.000,1.000,1.000,-90.00,180.00,0.00,OPEN,0
672793.189,0,1,0,1.000,1.000,1.000,-90.00,180.00,0.00,OPEN,0
672793.238,0,1,0,1.000,1.000,1.000,-90.00,180.00,0.00,OPEN,0
672793.289,0,0,0,1.000,1.000,1.000,-90.00,180.00,0.00,OPEN,0
672793.339,0,0,0,1.000,1.000,1.000,-90.00,180.00,0.00,OPEN,0
672793.389,0,0,0,1.000,1.000,1.000,-90.00,180.00,0.00,OPEN,0
672793.439,0,0,0,1.000,1.000,1.000,-90.00,180.00,0.00,OPEN,0
672793.489,0,0,0,1.000,1.000,1.000,-90.00,180.00,0.00,OPEN,0
672793.538,0,0,0,1.000,1.000,1.000,-90.00,180.00,0.00,OPEN,0
672793.589,0,0,0,1.000,1.000,1.000,-90.00,180.00,0.00,OPEN,0
672793.639,0,0,0,1.000,1.000,1.000,-90.00,180.00,0.00,OPEN,0
672793.689,0,0,0,1.000,1.000,1.000,-90.00,180.00,0.00,OPEN,0
672793.739,0,0,0,1.000,1.000,1.000,-90.00,180.00,0.00,OPEN,0
672793.789,0,0,0,1.000,1.000,1.000,-90.00,180.00,0.00,OPEN,0
672793.839,0,0,0,1.000,1.000,1.000,-90.00,180.00,0.00,OPEN,0
672793.890,0,0,0,1.000,1.000,1.000,-90.00,180.00,0.00,OPEN,0
672793.939,0,0,0,1.000,1.000,1.000,-90.00,180.00,0.00,OPEN,0
672793.989,0,0,0,1.000,1.000,1.000,-90.00,180.00,0.00,OPEN,0
672794.039,0,0,0,1.000,1.000,1.000,-90.00,180.00,0.00,OPEN,0
672794.089,0,0,0,1.000,1.000,1.000,-90.00,180.00,0.00,OPEN,0
672794.139,0,0,0,1.000,1.000,1.000,-90.00,180.00,0.00,OPEN,0
672794.189,0,0,0,1.000,1.000,1.000,-90.00,180.00,0.00,OPEN,0
672794.239,0,0,0,1.000,1.000,1.000,-90.00,180.00,0.00,OPEN,0
672794.289,0,0,0,1.000,1.000,1.000,-90.00,180.00,0.00,OPEN,0
672794.339,0,0,0,1.000,1.000,1.000,-90.00,180.00,0.00,OPEN,0
672794.389,0,0,0,1.000,1.000,1.000,-90.00,180.00,0.00,OPEN,0
672794.439,0,0,0,1.000,1.000,1.000,-90.00,180.00,0.00,OPEN,0
672794.489,0,0,0,1.000,1.000,1.000,-90.00,180.00,0.00,OPEN,0
672794.539,0,0,0,1.000,1.000,1.000,-90.00,180.00,0.00,OPEN,0
672794.589,0,0,0,1.000,1.000,1.000,-90.00,180.00,0.00,OPEN,0
672794.640,0,0,0,1.000,1.000,1.000,-90.00,180.00,0.00,OPEN,0
672794.690,0,0,0,1.000,1.000,1.000,-90.00,180.00,0.00,OPEN,0
672794.739,0,0,0,1.000,1.000,1.000,-90.00,180.00,0.00,OPEN,0
672794.789,0,0,0,1.000,1.000,1.000,-90.00,180.00,0.00,OPEN,0
672794.839,0,0,0,1.000,1.000,1.000,-90.00,180.00,0.00,OPEN,0
672794.889,0,0,0,1.000,1.000,1.000,-90.00,180.00,0.00,OPEN,0
672794.939,0,0,0,1.000,1.000,1.000,-90.00,180.00,0.00,OPEN,0
672794.989,0,0,0,1.000,1.000,1.000,-90.00,180.00,0.00,OPEN,0
672795.039,0,0,0,1.000,1.000,1.000,-90.00,180.00,0.00,OPEN,0
672795.089,0,0,0,1.000,1.000,1.000,-90.00,180.00,0.00,OPEN,0
672795.140,0,0,0,1.000,1.000,1.000,-90.00,180.00,0.00,OPEN,0
672795.189,0,0,0,1.000,1.000,1.000,-90.00,180.00,0.00,OPEN,0
672795.239,0,0,0,1.000,1.000,1.000,-90.00,180.00,0.00,OPEN,0
672795.289,0,0,0,1.000,1.000,1.000,-90.00,180.00,0.00,OPEN,0
672795.339,0,0,0,1.000,1.000,1.000,-90.00,180.00,0.00,OPEN,0
672795.389,0,0,0,1.000,1.000,1.000,-90.00,180.00,0.00,OPEN,0
672795.439,0,0,0,1.000,1.000,1.000,-90.00,180.00,0.00,OPEN,0
672795.489,0,0,0,1.000,1.000,1.000,-90.00,180.00,0.00,OPEN,0
672795.539,0,0,0,1.000,1.000,1.000,-90.00,180.00,0.00,OPEN,0
672795.589,0,0,0,1.000,1.000,1.000,-90.00,180.00,0.00,OPEN,0
672795.639,0,0,0,1.000,1.000,1.000,-90.00,180.00,0.00,OPEN,0
672795.689,0,0,0,1.000,1.000,1.000,-90.00,180.00,0.00,OPEN,0
672795.753,0,0,0,1.000,1.000,1.000,-90.00,180.00,0.00,OPEN,0
672795.790,0,0,0,1.000,1.000,1.000,-90.00,180.00,0.00,OPEN,0
672795.839,0,0,0,1.000,1.000,1.000,-90.00,180.00,0.00,OPEN,0
672795.889,0,0,0,1.000,1.000,1.000,-90.00,180.00,0.00,OPEN,0
672795.939,0,0,0,1.000,1.000,1.000,-90.00,180.00,0.00,OPEN,0
672795.988,0,0,0,1.000,1.000,1.000,-90.00,180.00,0.00,OPEN,0
672796.039,0,0,0,1.000,1.000,1.000,-90.00,180.00,0.00,OPEN,0
672796.089,0,0,0,1.000,1.000,1.000,-90.00,180.00,0.00,OPEN,0
672796.139,0,0,0,1.000,1.000,1.000,-90.00,180.00,0.00,OPEN,0
672796.189,0,0,0,1.000,1.000,1.000,-90.00,180.00,0.00,OPEN,0
672796.239,0,0,0,1.000,1.000,1.000,-90.00,180.00,0.00,OPEN,0
672796.289,0,0,0,1.000,1.000,1.000,-90.00,180.00,0.00,OPEN,0
672796.339,0,0,0,1.000,1.000,1.000,-90.00,180.00,0.00,OPEN,0
672796.389,0,0,0,1.000,1.000,1.000,-90.00,180.00,0.00,OPEN,0
672796.439,0,0,0,1.000,1.000,1.000,-90.00,180.00,0.00,OPEN,0
672796.489,0,0,0,1.000,1.000,1.000,-90.00,180.00,0.00,OPEN,0
672796.539,0,0,0,1.000,1.000,1.000,-90.00,180.00,0.00,OPEN,0
672796.589,0,0,0,1.000,1.000,1.000,-90.00,180.00,0.00,OPEN,0
672796.639,0,0,0,1.000,1.000,1.000,-90.00,180.00,0.00,OPEN,0
672796.690,0,0,0,1.000,1.000,1.000,-90.00,180.00,0.00,OPEN,0
672796.738,0,0,0,1.000,1.000,1.000,-90.00,180.00,0.00,OPEN,0
672796.789,0,0,0,1.000,1.000,1.000,-90.00,180.00,0.00,OPEN,0
672796.839,0,0,0,1.000,1.000,1.000,-90.00,180.00,0.00,OPEN,0
672796.889,0,0,0,1.000,1.000,1.000,-90.00,180.00,0.00,OPEN,0
672796.939,0,0,0,1.000,1.000,1.000,-90.00,180.00,0.00,OPEN,0
672796.990,0,0,0,1.000,1.000,1.000,-90.00,180.00,0.00,OPEN,0
672797.038,0,0,0,1.000,1.000,1.000,-90.00,180.00,0.00,OPEN,0
672797.089,0,0,0,1.000,1.000,1.000,-90.00,180.00,0.00,OPEN,0
672797.140,0,0,0,1.000,1.000,1.000,-90.00,180.00,0.00,OPEN,0
672797.189,0,0,0,1.000,1.000,1.000,-90.00,180.00,0.00,OPEN,0
672797.239,0,0,0,1.000,1.000,1.000,-90.00,180.00,0.00,OPEN,0
672797.289,0,0,0,1.000,1.000,1.000,-90.00,180.00,0.00,OPEN,0
672797.339,0,0,0,1.000,1.000,1.000,-90.00,180.00,0.00,OPEN,0
672797.389,0,0,0,0.990,1.000,1.000,-90.00,180.00,0.00,OPEN,0
672797.439,0,0,0,0.988,1.000,1.000,-90.00,180.00,0.00,OPEN,0
672797.489,0,0,0,0.564,1.000,1.000,-90.00,180.00,0.00,OPEN,0
672797.539,0,0,0,0.740,1.000,1.000,-90.00,180.00,0.00,OPEN,0
672797.589,0,0,0,0.765,1.000,1.000,-90.00,180.00,0.00,OPEN,0
672797.639,0,0,0,0.770,1.000,1.000,-90.00,180.00,0.00,OPEN,0
672797.689,0,0,0,0.847,1.000,1.000,-90.00,180.00,0.00,OPEN,0
672797.739,0,0,0,0.610,1.000,1.000,-90.00,180.00,0.00,OPEN,0
672797.789,0,0,0,0.876,1.000,1.000,-90.00,180.00,0.00,OPEN,0
672797.839,0,0,0,0.973,1.000,1.000,-90.00,180.00,0.00,OPEN,0
672797.889,0,0,0,0.999,1.000,1.000,-90.00,180.00,0.00,OPEN,0
672797.940,3,0,0,1.000,1.000,1.000,-90.00,180.00,0.00,OPEN,0
672798.010,3,0,0,1.000,1.000,1.000,-90.00,180.00,0.00,OPEN,0
672798.045,3,0,0,1.000,1.000,1.000,-90.00,180.00,0.00,OPEN,0
672798.089,3,0,0,1.000,1.000,1.000,-90.00,180.00,0.00,OPEN,0
672798.139,3,0,0,1.000,1.000,1.000,-90.00,180.00,0.00,OPEN,0
672798.189,3,0,0,1.000,1.000,1.000,-90.00,180.00,0.00,OPEN,0
672798.239,3,0,0,1.000,0.993,1.000,-90.00,180.00,0.00,OPEN,0
672798.289,3,0,0,1.000,1.000,1.000,-90.00,180.00,0.00,OPEN,0
672798.339,3,0,0,1.000,1.000,1.000,-90.00,180.00,0.00,OPEN,0
672798.389,3,0,0,1.000,1.000,1.000,-90.00,180.00,0.00,OPEN,0
672798.439,3,0,0,1.000,1.000,1.000,-90.00,180.00,0.00,OPEN,0
672798.488,3,0,0,1.000,1.000,1.000,-90.00,180.00,0.00,OPEN,0
672798.539,3,0,0,1.000,1.000,1.000,-90.00,180.00,0.00,OPEN,0
672798.589,3,0,0,1.000,1.000,1.000,-90.00,180.00,0.00,OPEN,0
672798.639,3,0,0,1.000,1.000,1.000,-90.00,180.00,0.00,OPEN,0
672798.689,3,0,0,1.000,1.000,1.000,-90.00,180.00,0.00,OPEN,0
672798.739,3,0,0,1.000,1.000,1.000,-90.00,180.00,0.00,OPEN,0
672798.788,3,0,0,1.000,1.000,1.000,-90.00,180.00,0.00,OPEN,0
672798.839,3,0,0,1.000,1.000,1.000,-90.00,180.00,0.00,OPEN,0
672798.889,3,0,0,1.000,1.000,1.000,-90.00,180.00,0.00,OPEN,0
672798.939,3,0,0,1.000,1.000,1.000,-90.00,180.00,0.00,OPEN,0
672798.989,3,0,0,1.000,1.000,1.000,-90.00,180.00,0.00,OPEN,0
672799.039,3,0,0,1.000,1.000,1.000,-90.00,180.00,0.00,OPEN,0
672799.089,3,0,0,1.000,1.000,1.000,-90.00,180.00,0.00,OPEN,0
672799.139,3,0,0,1.000,1.000,1.000,-90.00,180.00,0.00,OPEN,0
672799.189,3,1,0,1.000,1.000,1.000,-90.00,180.00,0.00,OPEN,0
672799.239,3,1,0,1.000,1.000,1.000,-90.00,180.00,0.00,OPEN,0
672799.289,3,1,0,1.000,1.000,1.000,-90.00,180.00,0.00,OPEN,0
672799.339,3,1,0,1.000,1.000,1.000,-90.00,180.00,0.00,OPEN,0
672799.389,3,1,0,1.000,1.000,1.000,-90.00,180.00,0.00,OPEN,0
672799.439,3,1,0,1.000,1.000,1.000,-90.00,180.00,0.00,OPEN,0
672799.489,3,1,0,1.000,1.000,1.000,-90.00,180.00,0.00,OPEN,0
672799.539,3,1,0,1.000,1.000,1.000,-90.00,180.00,0.00,OPEN,0
672799.589,3,1,0,1.000,1.000,1.000,-90.00,180.00,0.00,OPEN,0
672799.639,3,1,0,1.000,1.000,1.000,-90.00,180.00,0.00,OPEN,0
672799.689,3,1,0,1.000,1.000,1.000,-90.00,180.00,0.00,OPEN,0
672799.739,3,1,0,1.000,1.000,1.000,-90.00,180.00,0.00,OPEN,0
672799.789,3,1,0,1.000,1.000,1.000,-90.00,180.00,0.00,OPEN,0
672799.839,3,1,0,1.000,1.000,1.000,-90.00,180.00,0.00,OPEN,0
672799.889,3,1,0,1.000,1.000,1.000,-90.00,180.00,0.00,OPEN,0
672799.939,3,1,0,1.000,1.000,1.000,-90.00,180.00,0.00,OPEN,0
672799.989,3,1,0,1.000,1.000,1.000,-90.00,180.00,0.00,OPEN,0
672800.039,3,1,0,1.000,1.000,1.000,-90.00,180.00,0.00,OPEN,0
672800.089,3,1,0,1.000,1.000,1.000,-90.00,180.00,0.00,OPEN,0
672800.139,3,1,0,1.000,1.000,1.000,-90.00,180.00,0.00,OPEN,0
672800.189,3,1,0,1.000,1.000,1.000,-90.00,180.00,0.00,OPEN,0
672800.239,3,1,0,1.000,1.000,1.000,-90.00,180.00,0.00,OPEN,0
672800.289,3,1,0,1.000,1.000,1.000,-90.00,180.00,0.00,OPEN,0
672800.339,3,1,0,1.000,1.000,1.000,-90.00,180.00,0.00,OPEN,0
672800.389,3,1,0,1.000,1.000,1.000,-90.00,180.00,0.00,OPEN,0
672800.439,3,1,0,1.000,1.000,1.000,-90.00,180.00,0.00,OPEN,0
672800.489,3,1,0,1.000,1.000,1.000,-90.00,180.00,0.00,OPEN,0
672800.539,3,1,0,1.000,1.000,1.000,-90.00,180.00,0.00,OPEN,0
672800.589,3,1,0,1.000,1.000,1.000,-90.00,180.00,0.00,OPEN,0
672800.639,3,1,0,1.000,1.000,1.000,-90.00,180.00,0.00,OPEN,0
672800.689,3,1,0,1.000,1.000,1.000,-90.00,180.00,0.00,OPEN,0
672800.739,3,1,0,1.000,1.000,1.000,-90.00,180.00,0.00,OPEN,0
672800.789,3,1,0,1.000,1.000,1.000,-90.00,180.00,0.00,OPEN,0
672800.840,3,1,0,1.000,1.000,1.000,-90.00,180.00,0.00,OPEN,0
672800.889,3,1,0,1.000,1.000,1.000,-90.00,180.00,0.00,OPEN,0
672800.940,3,1,0,1.000,1.000,1.000,-90.00,180.00,0.00,OPEN,0
672800.995,3,1,0,1.000,1.000,1.000,-90.00,180.00,0.00,OPEN,0
672801.039,3,1,0,1.000,1.000,1.000,-90.00,180.00,0.00,OPEN,0
672801.089,3,1,0,1.000,1.000,1.000,-90.00,180.00,0.00,OPEN,0
672801.139,3,1,0,1.000,1.000,1.000,-90.00,180.00,0.00,OPEN,0
672801.189,3,1,0,1.000,1.000,1.000,-90.00,180.00,0.00,OPEN,0
672801.239,3,1,0,1.000,1.000,1.000,-90.00,180.00,0.00,OPEN,0
672801.289,3,1,0,1.000,1.000,1.000,-90.00,180.00,0.00,OPEN,0
672801.339,3,1,0,1.000,1.000,1.000,-90.00,180.00,0.00,OPEN,0
672801.389,3,1,0,1.000,1.000,1.000,-90.00,180.00,0.00,OPEN,0
672801.439,3,1,0,1.000,1.000,1.000,-90.00,180.00,0.00,OPEN,0
672801.489,3,1,0,1.000,1.000,1.000,-90.00,180.00,0.00,OPEN,0
672801.539,3,1,0,1.000,1.000,1.000,-90.00,180.00,0.00,OPEN,0
672801.589,3,1,0,1.000,1.000,1.000,-90.00,180.00,0.00,OPEN,0
672801.639,3,1,0,1.000,1.000,1.000,-90.00,180.00,0.00,OPEN,0
672801.689,3,1,0,1.000,1.000,1.000,-90.00,180.00,0.00,OPEN,0
672801.739,3,1,0,1.000,1.000,1.000,-90.00,180.00,0.00,OPEN,0
672801.789,3,1,0,1.000,1.000,1.000,-90.00,180.00,0.00,OPEN,0
672801.839,3,1,0,1.000,1.000,1.000,-90.00,180.00,0.00,OPEN,0
672801.890,3,1,0,1.000,1.000,1.000,-90.00,180.00,0.00,OPEN,0
672801.939,3,1,0,1.000,1.000,1.000,-90.00,180.00,0.00,OPEN,0
672801.989,3,1,0,1.000,1.000,1.000,-90.00,180.00,0.00,OPEN,0
672802.039,3,1,0,1.000,1.000,1.000,-90.00,180.00,0.00,OPEN,0
672802.089,3,1,0,1.000,1.000,1.000,-90.00,180.00,0.00,OPEN,0
672802.140,3,1,0,1.000,1.000,1.000,-90.00,180.00,0.00,OPEN,0
672802.189,3,1,0,1.000,1.000,1.000,-90.00,180.00,0.00,OPEN,0
672802.239,3,1,0,1.000,1.000,1.000,-90.00,180.00,0.00,OPEN,0
672802.288,3,1,0,1.000,1.000,1.000,-90.00,180.00,0.00,OPEN,0
672802.339,3,1,0,1.000,1.000,1.000,-90.00,180.00,0.00,OPEN,0
672802.389,3,1,0,1.000,1.000,1.000,-90.00,180.00,0.00,OPEN,0
672802.439,3,1,0,1.000,1.000,1.000,-90.00,180.00,0.00,OPEN,0
672802.489,3,1,0,1.000,1.000,1.000,-90.00,180.00,0.00,OPEN,0
672802.539,3,1,0,1.000,1.000,1.000,-90.00,180.00,0.00,OPEN,0
672802.589,3,1,0,1.000,1.000,1.000,-90.00,180.00,0.00,OPEN,0
672802.639,3,1,0,1.000,1.000,1.000,-90.00,180.00,0.00,OPEN,0
672802.689,3,1,0,1.000,1.000,1.000,-90.00,180.00,0.00,OPEN,0
672802.739,3,1,0,1.000,1.000,1.000,-90.00,180.00,0.00,OPEN,0
672802.789,3,1,0,1.000,1.000,1.000,-90.00,180.00,0.00,OPEN,0
672802.839,3,1,0,1.000,1.000,1.000,-90.00,180.00,0.00,OPEN,0
672802.888,3,1,0,1.000,1.000,1.000,-90.00,180.00,0.00,OPEN,0
672802.939,3,1,0,1.000,1.000,1.000,-90.00,180.00,0.00,OPEN,0
672802.989,3,1,0,1.000,1.000,1.000,-90.00,180.00,0.00,OPEN,0
672803.038,3,1,0,1.000,1.000,1.000,-90.00,180.00,0.00,OPEN,0
672803.089,3,1,0,1.000,1.000,1.000,-90.00,180.00,0.00,OPEN,0
672803.139,3,1,0,1.000,1.000,1.000,-90.00,180.00,0.00,OPEN,0
672803.189,3,1,0,1.000,1.000,1.000,-90.00,180.00,0.00,OPEN,0
672803.239,3,1,0,1.000,1.000,1.000,-90.00,180.00,0.00,OPEN,0
672803.289,3,1,0,1.000,1.000,1.000,-90.00,180.00,0.00,OPEN,0
672803.339,3,1,0,1.000,1.000,1.000,-90.00,180.00,0.00,OPEN,0
672803.390,3,1,0,1.000,1.000,1.000,-90.00,180.00,0.00,OPEN,0
672803.439,3,1,0,1.000,1.000,1.000,-90.00,180.00,0.00,OPEN,0
672803.489,3,1,0,1.000,1.000,1.000,-90.00,180.00,0.00,OPEN,0
672803.562,3,1,0,1.000,1.000,1.000,-90.00,180.00,0.00,OPEN,0
672803.591,3,1,0,1.000,1.000,1.000,-90.00,180.00,0.00,OPEN,0
672803.639,3,1,0,1.000,1.000,1.000,-90.00,180.00,0.00,OPEN,0
672803.689,3,1,0,1.000,1.000,1.000,-90.00,180.00,0.00,OPEN,0
672803.739,3,1,0,1.000,1.000,1.000,-90.00,180.00,0.00,OPEN,0
672803.789,3,1,0,1.000,1.000,1.000,-90.00,180.00,0.00,OPEN,0
672803.840,3,1,0,1.000,1.000,1.000,-90.00,180.00,0.00,OPEN,0
672803.890,3,1,0,1.000,1.000,1.000,-90.00,180.00,0.00,OPEN,0
672803.939,3,1,0,1.000,1.000,1.000,-90.00,180.00,0.00,OPEN,0
672803.988,3,1,0,0.999,0.999,1.000,-90.00,180.00,0.00,OPEN,0
672804.038,3,1,0,0.998,0.986,1.000,-90.00,180.00,0.00,OPEN,0
672804.090,3,1,0,0.987,0.544,1.000,-90.00,180.00,0.00,OPEN,0
672804.139,3,1,0,0.807,0.859,1.000,-90.00,180.00,0.00,OPEN,0
672804.190,3,1,0,0.489,0.987,1.000,-90.00,180.00,0.00,OPEN,0
672804.239,3,1,0,0.795,0.994,1.000,-90.00,180.00,0.00,OPEN,0
672804.289,3,1,0,0.951,1.000,1.000,-90.00,180.00,0.00,OPEN,0
672804.339,3,1,0,0.999,1.000,1.000,-90.00,180.00,0.00,OPEN,0
672804.389,3,1,0,0.999,1.000,1.000,-90.00,180.00,0.00,OPEN,0
672804.439,3,1,0,1.000,1.000,1.000,-90.00,180.00,0.00,OPEN,0
672804.489,3,1,0,1.000,1.000,1.000,-90.00,180.00,0.00,OPEN,0
672804.539,3,1,0,1.000,1.000,1.000,-90.00,180.00,0.00,OPEN,0
672804.589,0,1,0,1.000,1.000,1.000,-90.00,180.00,0.00,OPEN,0
672804.639,0,1,0,1.000,1.000,1.000,-90.00,180.00,0.00,OPEN,0
672804.697,0,1,0,1.000,1.000,1.000,-90.00,180.00,0.00,OPEN,0
672804.740,0,1,0,1.000,1.000,1.000,-90.00,180.00,0.00,OPEN,0
672804.789,0,1,0,1.000,1.000,1.000,-90.00,180.00,0.00,OPEN,0
672804.839,0,1,0,1.000,1.000,1.000,-90.00,180.00,0.00,OPEN,0
672804.889,0,1,0,1.000,1.000,1.000,-90.00,180.00,0.00,OPEN,0
672804.938,0,1,0,1.000,1.000,1.000,-90.00,180.00,0.00,OPEN,0
672804.989,0,1,0,1.000,1.000,1.000,-90.00,180.00,0.00,OPEN,0
672805.039,0,0,0,1.000,1.000,1.000,-90.00,180.00,0.00,OPEN,0
672805.089,0,0,0,1.000,1.000,1.000,-90.00,180.00,0.00,OPEN,0
672805.139,0,0,0,1.000,1.000,1.000,-90.00,180.00,0.00,OPEN,0
672805.189,0,0,0,1.000,1.000,1.000,-90.00,180.00,0.00,OPEN,0
672805.239,0,0,0,1.000,1.000,1.000,-90.00,180.00,0.00,OPEN,0
672805.289,0,0,0,1.000,1.000,1.000,-90.00,180.00,0.00,OPEN,0
672805.339,0,0,0,1.000,1.000,1.000,-90.00,180.00,0.00,OPEN,0
672805.389,0,0,0,1.000,1.000,1.000,-90.00,180.00,0.00,OPEN,0
672805.438,0,0,0,1.000,1.000,1.000,-90.00,180.00,0.00,OPEN,0
672805.489,0,0,0,1.000,1.000,1.000,-90.00,180.00,0.00,OPEN,0
672805.539,0,0,0,1.000,1.000,1.000,-90.00,180.00,0.00,OPEN,0
672805.589,0,0,0,1.000,1.000,1.000,-90.00,180.00,0.00,OPEN,0
672805.639,0,0,0,1.000,1.000,1.000,-90.00,180.00,0.00,OPEN,0
672805.689,0,0,0,1.000,1.000,1.000,-90.00,180.00,0.00,OPEN,0
672805.739,0,0,0,1.000,1.000,1.000,-90.00,180.00,0.00,OPEN,0
672805.790,0,0,0,1.000,1.000,1.000,-90.00,180.00,0.00,OPEN,0
672805.839,0,0,0,1.000,1.000,1.000,-90.00,180.00,0.00,OPEN,0
672805.889,0,0,0,1.000,1.000,1.000,-90.00,180.00,0.00,OPEN,0
672805.938,0,0,0,1.000,1.000,1.000,-90.00,180.00,0.00,OPEN,0
672805.988,0,0,0,1.000,1.000,1.000,-90.00,180.00,0.00,OPEN,0
672806.039,0,0,0,1.000,1.000,1.000,-90.00,180.00,0.00,OPEN,0
672806.089,0,0,0,1.000,1.000,1.000,-90.00,180.00,0.00,OPEN,0
672806.139,0,0,0,1.000,1.000,1.000,-90.00,180.00,0.00,OPEN,0
672806.189,0,0,0,1.000,1.000,1.000,-90.00,180.00,0.00,OPEN,0
672806.239,0,0,0,1.000,1.000,1.000,-90.00,180.00,0.00,OPEN,0
672806.289,0,0,0,1.000,1.000,1.000,-90.00,180.00,0.00,OPEN,0
672806.339,0,0,0,1.000,1.000,1.000,-90.00,180.00,0.00,OPEN,0
672806.390,0,0,0,1.000,1.000,1.000,-90.00,180.00,0.00,OPEN,0
672806.439,0,0,0,1.000,1.000,1.000,-90.00,180.00,0.00,OPEN,0
672806.489,0,0,0,1.000,1.000,1.000,-90.00,180.00,0.00,OPEN,0
672806.539,0,0,0,1.000,1.000,1.000,-90.00,180.00,0.00,OPEN,0
672806.590,0,0,0,1.000,1.000,1.000,-90.00,180.00,0.00,OPEN,0
672806.639,0,0,0,1.000,1.000,1.000,-90.00,180.00,0.00,OPEN,0
672806.689,0,0,0,1.000,1.000,1.000,-90.00,180.00,0.00,OPEN,0
672806.738,0,0,0,1.000,1.000,1.000,-90.00,180.00,0.00,OPEN,0
672806.790,0,0,0,1.000,1.000,1.000,-90.00,180.00,0.00,OPEN,0
672806.838,0,0,0,1.000,1.000,1.000,-90.00,180.00,0.00,OPEN,0
672806.889,0,0,0,1.000,1.000,1.000,-90.00,180.00,0.00,OPEN,0
672806.939,0,0,0,1.000,1.000,1.000,-90.00,180.00,0.00,OPEN,0
672806.989,0,0,0,1.000,1.000,1.000,-90.00,180.00,0.00,OPEN,0
672807.039,0,0,0,1.000,1.000,1.000,-90.00,180.00,0.00,OPEN,0
672807.089,0,0,0,1.000,1.000,1.000,-90.00,180.00,0.00,OPEN,0
672807.143,0,0,0,1.000,1.000,1.000,-90.00,180.00,0.00,OPEN,0
672807.189,0,0,0,1.000,1.000,1.000,-90.00,180.00,0.00,OPEN,0
672807.239,0,0,0,1.000,1.000,1.000,-90.00,180.00,0.00,OPEN,0
672807.290,0,0,0,1.000,1.000,1.000,-90.00,180.00,0.00,OPEN,0
672807.339,0,0,0,1.000,1.000,1.000,-90.00,180.00,0.00,OPEN,0
672807.389,0,0,0,1.000,1.000,1.000,-90.00,180.00,0.00,OPEN,0
672807.439,0,0,0,1.000,1.000,1.000,-90.00,180.00,0.00,OPEN,0
672807.489,0,0,0,1.000,1.000,1.000,-90.00,180.00,0.00,OPEN,0
672807.539,0,0,0,1.000,1.000,1.000,-90.00,180.00,0.00,OPEN,0
672807.589,0,0,0,1.000,1.000,1.000,-90.00,180.00,0.00,OPEN,0
672807.639,0,0,0,1.000,1.000,1.000,-90.00,180.00,0.00,OPEN,0
672807.689,0,0,0,1.000,1.000,1.000,-90.00,180.00,0.00,OPEN,0
672807.739,0,0,0,1.000,1.000,1.000,-90.00,180.00,0.00,OPEN,0
672807.789,0,0,0,1.000,1.000,1.000,-90.00,180.00,0.00,OPEN,0
672807.839,0,0,0,1.000,1.000,1.000,-90.00,180.00,0.00,OPEN,0
672807.889,0,0,0,1.000,1.000,1.000,-90.00,180.00,0.00,OPEN,0
672807.939,0,0,0,1.000,1.000,1.000,-90.00,180.00,0.00,OPEN,0
672807.989,0,0,0,1.000,1.000,1.000,-90.00,180.00,0.00,OPEN,0
672808.040,0,0,0,1.000,1.000,1.000,-90.00,180.00,0.00,OPEN,0
672808.089,0,0,0,1.000,1.000,1.000,-90.00,180.00,0.00,OPEN,0
672808.139,0,0,0,1.000,1.000,1.000,-90.00,180.00,0.00,OPEN,0
672808.189,0,0,0,1.000,1.000,1.000,-90.00,180.00,0.00,OPEN,0
672808.239,0,0,0,1.000,1.000,1.000,-90.00,180.00,0.00,OPEN,0
672808.289,0,0,0,1.000,1.000,1.000,-90.00,180.00,0.00,OPEN,0
672808.339,0,0,0,1.000,1.000,1.000,-90.00,180.00,0.00,OPEN,0
672808.400,0,0,0,1.000,1.000,1.000,-90.00,180.00,0.00,OPEN,0
672808.443,0,0,0,1.000,1.000,1.000,-90.00,180.00,0.00,OPEN,0
672808.489,0,0,0,1.000,1.000,1.000,-90.00,180.00,0.00,OPEN,0
672808.539,0,0,0,1.000,1.000,1.000,-90.00,180.00,0.00,OPEN,0
672808.589,0,0,0,1.000,1.000,1.000,-90.00,180.00,0.00,OPEN,0
672808.639,0,0,0,1.000,1.000,1.000,-90.00,180.00,0.00,OPEN,0
672808.689,0,0,0,1.000,1.000,1.000,-90.00,180.00,0.00,OPEN,0
672808.739,0,0,0,1.000,1.000,1.000,-90.00,180.00,0.00,OPEN,0
672808.789,0,0,0,1.000,1.000,1.000,-90.00,180.00,0.00,OPEN,0
672808.839,0,0,0,1.000,1.000,1.000,-90.00,180.00,0.00,OPEN,0
672808.889,0,0,0,1.000,1.000,1.000,-90.00,180.00,0.00,OPEN,0
672808.939,0,0,0,1.000,1.000,1.000,-90.00,180.00,0.00,OPEN,0
672808.988,0,0,0,1.000,1.000,1.000,-90.00,180.00,0.00,OPEN,0
672809.039,0,0,0,1.000,1.000,1.000,-90.00,180.00,0.00,OPEN,0
672809.089,0,0,0,1.000,1.000,1.000,-90.00,180.00,0.00,OPEN,0
672809.139,0,0,0,1.000,1.000,1.000,-90.00,180.00,0.00,OPEN,0
672809.189,0,0,0,1.000,1.000,1.000,-90.00,180.00,0.00,OPEN,0
672809.239,0,0,0,1.000,1.000,1.000,-90.00,180.00,0.00,OPEN,0
672809.289,0,0,0,1.000,1.000,1.000,-90.00,180.00,0.00,OPEN,0
672809.338,0,0,0,1.000,1.000,1.000,-90.00,180.00,0.00,OPEN,0
672809.389,0,0,0,1.000,1.000,1.000,-90.00,180.00,0.00,OPEN,0
672809.439,0,0,0,1.000,1.000,1.000,-90.00,180.00,0.00,OPEN,0
672809.489,0,0,0,1.000,1.000,1.000,-90.00,180.00,0.00,OPEN,0
672809.539,0,0,0,1.000,1.000,1.000,-90.00,180.00,0.00,OPEN,0
672809.589,0,0,0,1.000,1.000,1.000,-90.00,180.00,0.00,OPEN,0
672809.639,0,0,0,1.000,1.000,1.000,-90.00,180.00,0.00,OPEN,0
672809.689,0,0,0,1.000,1.000,1.000,-90.00,180.00,0.00,OPEN,0
672809.739,0,0,0,1.000,1.000,1.000,-90.00,180.00,0.00,OPEN,0
672809.789,0,0,0,1.000,1.000,1.000,-90.00,180.00,0.00,OPEN,0
672809.839,0,0,0,1.000,1.000,1.000,-90.00,180.00,0.00,OPEN,0
672809.889,0,0,0,1.000,1.000,1.000,-90.00,180.00,0.00,OPEN,0
672809.939,0,0,0,1.000,1.000,1.000,-90.00,180.00,0.00,OPEN,0
672809.989,0,0,0,1.000,1.000,1.000,-90.00,180.00,0.00,OPEN,0
672810.039,0,0,0,1.000,1.000,1.000,-90.00,180.00,0.00,OPEN,0
672810.089,0,0,0,1.000,1.000,1.000,-90.00,180.00,0.00,OPEN,0
672810.139,0,0,0,1.000,1.000,1.000,-90.00,180.00,0.00,OPEN,0
672810.189,0,0,0,1.000,1.000,1.000,-90.00,180.00,0.00,OPEN,0
672810.239,0,0,0,1.000,1.000,1.000,-90.00,180.00,0.00,OPEN,0
672810.297,0,0,0,1.000,1.000,1.000,-90.00,180.00,0.00,OPEN,0
672810.340,0,0,0,1.000,1.000,1.000,-90.00,180.00,0.00,OPEN,0
672810.389,0,0,0,1.000,1.000,1.000,-90.00,180.00,0.00,OPEN,0
672810.439,0,0,0,1.000,1.000,1.000,-90.00,180.00,0.00,OPEN,0
672810.489,0,0,0,1.000,1.000,1.000,-90.00,180.00,0.00,OPEN,0
672810.539,0,0,0,1.000,1.000,1.000,-90.00,180.00,0.00,OPEN,0
672810.589,0,0,0,1.000,1.000,1.000,-90.00,180.00,0.00,OPEN,0
672810.639,0,0,0,1.000,1.000,1.000,-90.00,180.00,0.00,OPEN,0
672810.689,0,0,0,1.000,1.000,1.000,-90.00,180.00,0.00,OPEN,0
672810.740,0,0,0,0.998,1.000,1.000,-90.00,180.00,0.00,OPEN,0
672810.789,0,0,0,0.959,1.000,1.000,-90.00,180.00,0.00,OPEN,0
672810.839,0,0,0,0.823,1.000,1.000,-90.00,180.00,0.00,OPEN,0
672810.889,0,0,0,0.739,1.000,1.000,-90.00,180.00,0.00,OPEN,0
672810.940,0,0,0,0.466,1.000,1.000,-90.00,180.00,0.00,OPEN,0
672810.989,0,0,0,0.552,1.000,1.000,-90.00,180.00,0.00,OPEN,0
672811.039,0,0,0,0.704,0.556,1.000,-90.00,180.00,0.00,OPEN,0
672811.089,0,0,0,0.512,1.000,1.000,-90.00,180.00,0.00,OPEN,0
672811.139,0,0,0,0.946,1.000,1.000,-90.00,180.00,0.00,OPEN,0
672811.189,0,0,0,0.999,1.000,1.000,-90.00,180.00,0.00,OPEN,0
672811.239,0,0,0,1.000,1.000,1.000,-90.00,180.00,0.00,OPEN,0
672811.289,0,0,0,1.000,1.000,1.000,-90.00,180.00,0.00,OPEN,0
672811.339,0,0,0,1.000,1.000,1.000,-90.00,180.00,0.00,OPEN,0
672811.389,3,0,0,1.000,1.000,1.000,-90.00,180.00,0.00,OPEN,0
672811.439,3,0,0,1.000,1.000,1.000,-90.00,180.00,0.00,OPEN,0
672811.489,3,0,0,1.000,1.000,1.000,-90.00,180.00,0.00,OPEN,0
672811.539,3,0,0,1.000,1.000,0.999,-90.00,180.00,0.00,OPEN,0
672811.603,3,0,0,1.000,1.000,0.998,-90.00,180.00,0.00,OPEN,0
672811.640,3,0,0,1.000,1.000,0.997,-90.00,180.00,0.00,OPEN,0
672811.689,3,0,0,1.000,1.000,0.991,-90.00,180.00,0.00,OPEN,0
672811.741,3,0,0,1.000,1.000,0.985,-90.00,180.00,0.00,OPEN,0
672811.789,3,0,0,1.000,1.000,0.970,-90.00,180.00,0.00,OPEN,0
672811.839,3,0,0,1.000,1.000,0.909,-90.00,180.00,0.00,OPEN,0
672811.889,3,0,0,1.000,1.000,0.574,-90.00,180.00,0.00,OPEN,0
672811.939,3,1,0,1.000,1.000,0.932,-90.00,180.00,0.00,OPEN,0
672811.990,3,1,0,1.000,1.000,0.996,-90.00,180.00,0.00,OPEN,0
672812.039,3,1,0,1.000,1.000,1.000,-90.00,180.00,0.00,OPEN,0
672812.089,3,1,0,1.000,1.000,1.000,-90.00,180.00,0.00,OPEN,0
672812.139,3,1,0,1.000,1.000,1.000,-90.00,180.00,0.00,OPEN,0
672812.188,3,1,0,1.000,1.000,1.000,-90.00,180.00,0.00,OPEN,0
672812.239,3,1,0,1.000,1.000,1.000,-90.00,180.00,0.00,OPEN,0
672812.288,3,1,0,1.000,1.000,1.000,-90.00,180.00,0.00,OPEN,0
672812.341,3,1,0,1.000,1.000,1.000,-90.00,180.00,0.00,OPEN,0
672812.389,3,1,0,1.000,1.000,1.000,-90.00,180.00,0.00,OPEN,0
672812.439,3,1,0,1.000,1.000,1.000,-90.00,180.00,0.00,OPEN,0
672812.489,3,1,0,1.000,1.000,1.000,-90.00,180.00,0.00,OPEN,0
672812.539,3,1,0,1.000,0.998,1.000,-90.00,180.00,0.00,OPEN,0
672812.589,3,1,0,1.000,1.000,1.000,-90.00,180.00,0.00,OPEN,0
672812.639,3,1,0,1.000,1.000,1.000,-90.00,180.00,0.00,OPEN,0
672812.689,3,1,0,1.000,1.000,1.000,-90.00,180.00,0.00,OPEN,0
672812.739,3,1,0,1.000,1.000,1.000,-90.00,180.00,0.00,OPEN,0
672812.789,3,1,1,1.000,1.000,1.000,-90.00,180.00,0.00,OPEN,0
672812.839,3,1,1,1.000,1.000,1.000,-90.00,180.00,0.00,OPEN,0
672812.888,3,1,1,1.000,1.000,1.000,-90.00,180.00,0.00,OPEN,0
672812.940,3,1,1,1.000,1.000,1.000,-90.00,180.00,0.00,OPEN,0
672812.989,3,1,1,1.000,1.000,1.000,-90.00,180.00,0.00,OPEN,0
672813.039,3,1,1,1.000,1.000,1.000,-90.00,180.00,0.00,OPEN,0
672813.089,3,1,1,1.000,1.000,1.000,-90.00,180.00,0.00,OPEN,0
672813.139,3,1,1,1.000,1.000,1.000,-90.00,180.00,0.00,OPEN,0
672813.190,3,1,1,1.000,1.000,1.000,-90.00,180.00,0.00,OPEN,0
672813.239,3,1,1,1.000,1.000,1.000,-90.00,180.00,0.00,OPEN,0
672813.289,3,1,1,1.000,1.000,1.000,-90.00,180.00,0.00,OPEN,0
672813.339,3,1,1,1.000,1.000,1.000,-90.00,180.00,0.00,OPEN,0
672813.389,3,1,1,1.000,1.000,1.000,-90.00,180.00,0.00,OPEN,0
672813.439,3,1,1,1.000,1.000,1.000,-90.00,180.00,0.00,OPEN,0
672813.489,3,1,1,1.000,1.000,1.000,-90.00,180.00,0.00,OPEN,0
672813.539,3,1,1,1.000,1.000,1.000,-90.00,180.00,0.00,OPEN,0
672813.589,3,1,1,1.000,0.651,1.000,-90.00,180.00,0.00,OPEN,0
672813.639,3,1,1,1.000,0.999,1.000,-90.00,180.00,0.00,OPEN,0
672813.689,3,1,1,1.000,1.000,1.000,-90.00,180.00,0.00,OPEN,0
672813.740,3,1,1,1.000,1.000,1.000,-90.00,180.00,0.00,OPEN,0
672813.789,3,1,1,1.000,1.000,1.000,-90.00,180.00,0.00,OPEN,0
672813.839,3,1,1,1.000,1.000,1.000,-90.00,180.00,0.00,OPEN,0
672813.889,3,1,1,1.000,1.000,1.000,-90.00,180.00,0.00,OPEN,0
672813.939,3,1,1,1.000,1.000,1.000,-90.00,180.00,0.00,OPEN,0
672813.989,3,1,1,1.000,1.000,1.000,-90.00,180.00,0.00,OPEN,0
672814.039,3,1,1,1.000,1.000,1.000,-90.00,180.00,0.00,OPEN,0
672814.089,3,1,1,1.000,1.000,1.000,-90.00,180.00,0.00,OPEN,0
672814.139,3,1,1,1.000,1.000,1.000,-90.00,180.00,0.00,OPEN,0
672814.189,3,1,1,1.000,1.000,1.000,-90.00,180.00,0.00,OPEN,0
672814.239,3,1,1,1.000,1.000,1.000,-90.00,180.00,0.00,OPEN,0
672814.289,3,1,1,1.000,1.000,1.000,-90.00,180.00,0.00,OPEN,0
672814.338,3,1,1,1.000,1.000,1.000,-90.00,180.00,0.00,OPEN,0
672814.391,3,1,1,1.000,1.000,1.000,-90.00,180.00,0.00,OPEN,0
672814.439,3,1,1,1.000,1.000,1.000,-90.00,180.00,0.00,OPEN,0
672814.489,3,1,1,1.000,1.000,1.000,-90.00,180.00,0.00,OPEN,0
672814.540,3,1,1,1.000,1.000,1.000,-90.00,180.00,0.00,OPEN,0
672814.589,3,1,1,1.000,1.000,1.000,-90.00,180.00,0.00,OPEN,0
672814.639,3,1,1,1.000,1.000,1.000,-90.00,180.00,0.00,OPEN,0
672814.689,3,1,1,1.000,1.000,1.000,-90.00,180.00,0.00,OPEN,0
672814.739,3,1,1,1.000,1.000,1.000,-90.00,180.00,0.00,OPEN,0
672814.789,3,1,1,1.000,1.000,1.000,-90.00,180.00,0.00,OPEN,0
672814.839,3,1,1,1.000,1.000,1.000,-90.00,180.00,0.00,OPEN,0
672814.902,3,1,1,1.000,1.000,1.000,-90.00,180.00,0.00,OPEN,0
672814.941,3,1,1,1.000,1.000,1.000,-90.00,180.00,0.00,OPEN,0
672814.989,3,1,1,1.000,1.000,1.000,-90.00,180.00,0.00,OPEN,0
672815.039,3,1,1,1.000,1.000,1.000,-90.00,180.00,0.00,OPEN,0
672815.089,3,1,1,1.000,1.000,1.000,-90.00,180.00,0.00,OPEN,0
672815.139,3,1,1,1.000,1.000,1.000,-90.00,180.00,0.00,OPEN,0
672815.189,3,1,1,1.000,1.000,1.000,-90.00,180.00,0.00,OPEN,0
672815.239,3,1,1,1.000,1.000,1.000,-90.00,180.00,0.00,OPEN,0
672815.289,3,1,1,1.000,1.000,1.000,-90.00,180.00,0.00,OPEN,0
672815.339,3,1,1,1.000,1.000,1.000,-90.00,180.00,0.00,OPEN,0
672815.389,3,1,1,1.000,1.000,1.000,-90.00,180.00,0.00,OPEN,0
672815.439,3,1,1,1.000,1.000,1.000,-90.00,180.00,0.00,OPEN,0
672815.489,3,1,1,1.000,1.000,1.000,-90.00,180.00,0.00,OPEN,0
672815.539,3,1,1,1.000,1.000,1.000,-90.00,180.00,0.00,OPEN,0
672815.589,3,1,1,1.000,1.000,1.000,-90.00,180.00,0.00,OPEN,0
672815.639,3,1,1,1.000,1.000,1.000,-90.00,180.00,0.00,OPEN,0
672815.690,3,1,1,1.000,1.000,1.000,-90.00,180.00,0.00,OPEN,0
672815.739,3,1,1,1.000,1.000,1.000,-90.00,180.00,0.00,OPEN,0
672815.789,3,1,1,1.000,1.000,1.000,-90.00,180.00,0.00,OPEN,0
672815.839,3,1,1,1.000,1.000,1.000,-90.00,180.00,0.00,OPEN,0
672815.889,3,1,1,1.000,1.000,1.000,-90.00,180.00,0.00,OPEN,0
672815.939,3,1,1,1.000,1.000,1.000,-90.00,180.00,0.00,OPEN,0
672815.989,3,1,1,1.000,1.000,1.000,-90.00,180.00,0.00,OPEN,0
672816.039,3,1,1,1.000,1.000,1.000,-90.00,180.00,0.00,OPEN,0
672816.089,3,1,1,1.000,1.000,1.000,-90.00,180.00,0.00,OPEN,0
672816.139,3,1,1,1.000,1.000,1.000,-90.00,180.00,0.00,OPEN,0
672816.188,3,1,1,1.000,1.000,1.000,-90.00,180.00,0.00,OPEN,0
672816.239,3,1,1,1.000,1.000,1.000,-90.00,180.00,0.00,OPEN,0
672816.289,3,1,1,1.000,0.999,1.000,-90.00,180.00,0.00,OPEN,0
672816.339,3,1,1,1.000,0.998,1.000,-90.00,180.00,0.00,OPEN,0
672816.389,3,1,1,1.000,0.997,1.000,-90.00,180.00,0.00,OPEN,0
672816.439,3,1,1,1.000,0.996,1.000,-90.00,180.00,0.00,OPEN,0
672816.489,3,1,1,1.000,0.986,1.000,-90.00,180.00,0.00,OPEN,0
672816.539,3,1,1,1.000,0.988,1.000,-90.00,180.00,0.00,OPEN,0
672816.589,3,1,1,1.000,0.987,1.000,-90.00,180.00,0.00,OPEN,0
672816.639,3,1,1,1.000,0.990,1.000,-90.00,180.00,0.00,OPEN,0
672816.689,3,1,1,1.000,0.994,1.000,-90.00,180.00,0.00,OPEN,0
672816.739,3,1,1,1.000,0.997,1.000,-90.00,180.00,0.00,OPEN,0
672816.789,3,1,1,1.000,0.998,1.000,-90.00,180.00,0.00,OPEN,0
672816.840,3,1,1,1.000,0.999,1.000,-90.00,180.00,0.00,OPEN,0
672816.889,3,1,1,1.000,1.000,1.000,-90.00,180.00,0.00,OPEN,0
672816.939,3,1,1,1.000,1.000,1.000,-90.00,180.00,0.00,OPEN,0
672816.989,3,1,1,1.000,1.000,1.000,-90.00,180.00,0.00,OPEN,0
672817.038,3,1,1,1.000,1.000,1.000,-90.00,180.00,0.00,OPEN,0
672817.089,3,1,1,1.000,1.000,1.000,-90.00,180.00,0.00,OPEN,0
672817.139,3,1,1,1.000,1.000,1.000,-90.00,180.00,0.00,OPEN,0
672817.189,3,1,1,1.000,1.000,1.000,-90.00,180.00,0.00,OPEN,0
672817.239,3,1,1,1.000,1.000,1.000,-90.00,180.00,0.00,OPEN,0
672817.289,3,1,1,1.000,1.000,1.000,-90.00,180.00,0.00,OPEN,0
672817.339,3,1,1,1.000,1.000,1.000,-90.00,180.00,0.00,OPEN,0
672817.403,3,1,1,1.000,1.000,1.000,-90.00,180.00,0.00,OPEN,0
672817.440,3,1,1,1.000,1.000,1.000,-90.00,180.00,0.00,OPEN,0
672817.489,3,1,1,0.999,0.999,1.000,-90.00,180.00,0.00,OPEN,0
672817.539,3,1,1,0.997,0.999,1.000,-90.00,180.00,0.00,OPEN,0
672817.589,3,1,1,0.988,0.998,1.000,-90.00,180.00,0.00,OPEN,0
672817.639,3,1,1,0.965,0.996,1.000,-90.00,180.00,0.00,OPEN,0
672817.689,3,1,1,0.874,0.995,1.000,-90.00,180.00,0.00,OPEN,0
672817.739,3,1,1,0.683,0.996,1.000,-90.00,180.00,0.00,OPEN,0
672817.789,3,1,1,0.722,0.998,1.000,-90.00,180.00,0.00,OPEN,0
672817.839,3,1,1,0.939,0.999,1.000,-90.00,180.00,0.00,OPEN,0
672817.889,3,1,1,0.988,1.000,1.000,-90.00,180.00,0.00,OPEN,0
672817.939,3,1,1,0.989,1.000,1.000,-90.00,180.00,0.00,OPEN,0
672817.989,3,1,1,0.989,1.000,1.000,-90.00,180.00,0.00,OPEN,0
672818.039,3,1,1,0.992,1.000,1.000,-90.00,180.00,0.00,OPEN,0
672818.089,3,1,1,0.989,1.000,1.000,-90.00,180.00,0.00,OPEN,0
672818.139,0,1,1,0.989,1.000,1.000,-90.00,180.00,0.00,OPEN,0
672818.189,0,1,1,0.989,1.000,1.000,-90.00,180.00,0.00,OPEN,0
672818.239,0,1,1,0.985,1.000,1.000,-90.00,180.00,0.00,OPEN,0
672818.289,0,1,1,0.981,1.000,1.000,-90.00,180.00,0.00,OPEN,0
672818.339,0,1,1,0.986,1.000,1.000,-90.00,180.00,0.00,OPEN,0
672818.389,0,1,1,0.987,1.000,1.000,-90.00,180.00,0.00,OPEN,0
672818.439,0,1,1,0.994,1.000,0.988,-90.00,180.00,0.00,OPEN,0
672818.489,0,1,1,0.999,1.000,0.645,-90.00,180.00,0.00,OPEN,0
672818.539,0,1,1,1.000,0.997,0.993,-90.00,180.00,0.00,OPEN,0
672818.589,0,1,1,1.000,0.984,1.000,-90.00,180.00,0.00,OPEN,0
672818.639,0,1,1,1.000,0.962,1.000,-90.00,180.00,0.00,OPEN,0
672818.689,0,1,1,1.000,0.930,1.000,-90.00,180.00,0.00,OPEN,0
672818.739,0,1,1,1.000,0.780,1.000,-90.00,180.00,0.00,OPEN,0
672818.789,0,1,1,1.000,0.613,1.000,-90.00,180.00,0.00,OPEN,0
672818.839,0,1,1,1.000,0.799,1.000,-90.00,180.00,0.00,OPEN,0
672818.889,0,1,1,1.000,0.897,1.000,-90.00,180.00,0.00,OPEN,0
672818.939,0,1,1,1.000,0.986,1.000,-90.00,180.00,0.00,OPEN,0
672818.989,0,1,1,1.000,0.996,1.000,-90.00,180.00,0.00,OPEN,0
672819.039,0,1,1,1.000,0.995,1.000,-90.00,180.00,0.00,OPEN,0
672819.089,0,1,1,1.000,0.992,1.000,-90.00,180.00,0.00,OPEN,0
672819.139,0,1,1,1.000,0.986,1.000,-90.00,180.00,0.00,OPEN,0
672819.192,0,1,1,1.000,0.986,1.000,-90.00,180.00,0.00,OPEN,0
672819.239,0,1,1,1.000,0.995,1.000,-90.00,180.00,0.00,OPEN,0
672819.289,0,1,1,1.000,1.000,1.000,-90.00,180.00,0.00,OPEN,0
672819.339,0,1,1,1.000,1.000,1.000,-90.00,180.00,0.00,OPEN,0
672819.389,0,1,0,1.000,1.000,1.000,-90.00,180.00,0.00,OPEN,0
672819.439,0,1,0,1.000,1.000,1.000,-90.00,180.00,0.00,OPEN,0
672819.489,0,1,0,1.000,1.000,1.000,-90.00,180.00,0.00,OPEN,0
672819.539,0,1,0,1.000,1.000,1.000,-90.00,180.00,0.00,OPEN,0
672819.589,0,1,0,1.000,1.000,1.000,-90.00,180.00,0.00,OPEN,0
672819.639,0,1,0,1.000,1.000,1.000,-90.00,180.00,0.00,OPEN,0
672819.689,0,1,0,1.000,1.000,1.000,-90.00,180.00,0.00,OPEN,0
672819.739,0,0,0,1.000,1.000,1.000,-90.00,180.00,0.00,OPEN,0
672819.789,0,0,0,1.000,1.000,1.000,-90.00,180.00,0.00,OPEN,0
672819.842,0,0,0,1.000,1.000,1.000,-90.00,180.00,0.00,OPEN,0
672819.889,0,0,0,1.000,1.000,1.000,-90.00,180.00,0.00,OPEN,0
672819.939,0,0,0,1.000,1.000,1.000,-90.00,180.00,0.00,OPEN,0
672819.989,0,0,0,1.000,1.000,1.000,-90.00,180.00,0.00,OPEN,0
672820.039,0,0,0,1.000,1.000,1.000,-90.00,180.00,0.00,OPEN,0
672820.089,0,0,0,1.000,1.000,1.000,-90.00,180.00,0.00,OPEN,0
672820.139,0,0,0,1.000,1.000,1.000,-90.00,180.00,0.00,OPEN,0
672820.189,0,0,0,1.000,1.000,1.000,-90.00,180.00,0.00,OPEN,0
672820.239,0,0,0,1.000,1.000,1.000,-90.00,180.00,0.00,OPEN,0
672820.290,0,0,0,1.000,1.000,1.000,-90.00,180.00,0.00,OPEN,0
672820.339,0,0,0,1.000,1.000,1.000,-90.00,180.00,0.00,OPEN,0
672820.389,0,0,0,1.000,1.000,1.000,-90.00,180.00,0.00,OPEN,0
672820.439,0,0,0,1.000,1.000,1.000,-90.00,180.00,0.00,OPEN,0
672820.491,0,0,0,1.000,1.000,1.000,-90.00,180.00,0.00,OPEN,0
672820.539,0,0,0,1.000,1.000,1.000,-90.00,180.00,0.00,OPEN,0
672820.589,0,0,0,1.000,1.000,1.000,-90.00,180.00,0.00,OPEN,0
672820.639,0,0,0,1.000,1.000,1.000,-90.00,180.00,0.00,OPEN,0
672820.689,0,0,0,1.000,1.000,1.000,-90.00,180.00,0.00,OPEN,0
672820.739,0,0,0,1.000,1.000,1.000,-90.00,180.00,0.00,OPEN,0
672820.789,0,0,0,1.000,1.000,1.000,-90.00,180.00,0.00,OPEN,0
672820.839,0,0,0,1.000,1.000,1.000,-90.00,180.00,0.00,OPEN,0
672820.889,0,0,0,1.000,1.000,1.000,-90.00,180.00,0.00,OPEN,0
672820.939,0,0,0,1.000,1.000,1.000,-90.00,180.00,0.00,OPEN,0
672820.989,0,0,0,1.000,1.000,1.000,-90.00,180.00,0.00,OPEN,0
672821.039,0,0,0,1.000,1.000,1.000,-90.00,180.00,0.00,OPEN,0
672821.089,0,0,0,1.000,1.000,1.000,-90.00,180.00,0.00,OPEN,0
672821.139,0,0,0,1.000,1.000,1.000,-90.00,180.00,0.00,OPEN,0
672821.189,0,0,0,1.000,1.000,1.000,-90.00,180.00,0.00,OPEN,0
672821.239,0,0,0,1.000,1.000,1.000,-90.00,180.00,0.00,OPEN,0
672821.289,0,0,0,1.000,1.000,1.000,-90.00,180.00,0.00,OPEN,0
672821.339,0,0,0,1.000,1.000,1.000,-90.00,180.00,0.00,OPEN,0
672821.389,0,0,0,1.000,1.000,1.000,-90.00,180.00,0.00,OPEN,0
672821.439,0,0,0,1.000,1.000,1.000,-90.00,180.00,0.00,OPEN,0
672821.489,0,0,0,1.000,1.000,1.000,-90.00,180.00,0.00,OPEN,0
672821.539,0,0,0,1.000,1.000,1.000,-90.00,180.00,0.00,OPEN,0
672821.589,0,0,0,1.000,1.000,1.000,-90.00,180.00,0.00,OPEN,0
672821.638,0,0,0,1.000,1.000,1.000,-90.00,180.00,0.00,OPEN,0
672821.689,0,0,0,1.000,1.000,1.000,-90.00,180.00,0.00,OPEN,0
672821.740,0,0,0,1.000,1.000,1.000,-90.00,180.00,0.00,OPEN,0
672821.789,0,0,0,1.000,1.000,1.000,-90.00,180.00,0.00,OPEN,0
672821.839,0,0,0,1.000,1.000,1.000,-90.00,180.00,0.00,OPEN,0
672821.889,0,0,0,1.000,1.000,1.000,-90.00,180.00,0.00,OPEN,0
672821.939,0,0,0,1.000,1.000,1.000,-90.00,180.00,0.00,OPEN,0
672821.990,0,0,0,1.000,1.000,1.000,-90.00,180.00,0.00,OPEN,0
672822.039,0,0,0,1.000,1.000,1.000,-90.00,180.00,0.00,OPEN,0
672822.088,0,0,0,1.000,1.000,1.000,-90.00,180.00,0.00,OPEN,0
672822.139,0,0,0,1.000,1.000,1.000,-90.00,180.00,0.00,OPEN,0
672822.189,0,0,0,1.000,1.000,1.000,-90.00,180.00,0.00,OPEN,0
672822.239,0,0,0,1.000,1.000,1.000,-90.00,180.00,0.00,OPEN,0
672822.289,0,0,0,1.000,1.000,1.000,-90.00,180.00,0.00,OPEN,0
672822.338,0,0,0,1.000,1.000,1.000,-90.00,180.00,0.00,OPEN,0
672822.389,0,0,0,1.000,1.000,1.000,-90.00,180.00,0.00,OPEN,0
672822.439,0,0,0,1.000,1.000,1.000,-90.00,180.00,0.00,OPEN,0
672822.489,0,0,0,1.000,1.000,1.000,-90.00,180.00,0.00,OPEN,0
672822.539,0,0,0,1.000,1.000,1.000,-90.00,180.00,0.00,OPEN,0
672822.589,0,0,0,1.000,1.000,1.000,-90.00,180.00,0.00,OPEN,0
672822.639,0,0,0,1.000,1.000,1.000,-90.00,180.00,0.00,OPEN,0
672822.702,0,0,0,0.999,1.000,1.000,-90.00,180.00,0.00,OPEN,0
672822.740,0,0,0,0.999,1.000,1.000,-90.00,180.00,0.00,OPEN,0
672822.789,0,0,0,0.999,1.000,1.000,-90.00,180.00,0.00,OPEN,0
672822.839,0,0,0,0.999,1.000,1.000,-90.00,180.00,0.00,OPEN,0
672822.889,0,0,0,1.000,1.000,1.000,-90.00,180.00,0.00,OPEN,0
672822.939,0,0,0,1.000,1.000,1.000,-90.00,180.00,0.00,OPEN,0
672822.989,0,0,0,1.000,1.000,1.000,-90.00,180.00,0.00,OPEN,0
672823.039,0,0,0,1.000,1.000,1.000,-90.00,180.00,0.00,OPEN,0
672823.089,0,0,0,1.000,1.000,1.000,-90.00,180.00,0.00,OPEN,0
672823.139,0,0,0,1.000,1.000,1.000,-90.00,180.00,0.00,OPEN,0
672823.189,0,0,0,1.000,1.000,1.000,-90.00,180.00,0.00,OPEN,0
672823.238,0,0,0,1.000,1.000,1.000,-90.00,180.00,0.00,OPEN,0
672823.289,0,0,0,1.000,1.000,1.000,-90.00,180.00,0.00,OPEN,0
672823.341,0,0,0,1.000,1.000,1.000,-90.00,180.00,0.00,OPEN,0
672823.389,0,0,0,1.000,1.000,1.000,-90.00,180.00,0.00,OPEN,0
672823.439,0,0,0,1.000,1.000,1.000,-90.00,180.00,0.00,OPEN,0
672823.489,0,0,0,1.000,1.000,1.000,-90.00,180.00,0.00,OPEN,0
672823.539,0,0,0,1.000,1.000,1.000,-90.00,180.00,0.00,OPEN,0
672823.589,0,0,0,1.000,1.000,1.000,-90.00,180.00,0.00,OPEN,0
672823.639,0,0,0,1.000,1.000,1.000,-90.00,180.00,0.00,OPEN,0
672823.689,0,0,0,1.000,1.000,1.000,-90.00,180.00,0.00,OPEN,0
672823.739,0,0,0,1.000,1.000,1.000,-90.00,180.00,0.00,OPEN,0
672823.790,0,0,0,1.000,1.000,1.000,-90.00,180.00,0.00,OPEN,0
672823.839,0,0,0,1.000,1.000,1.000,-90.00,180.00,0.00,OPEN,0
672823.889,0,0,0,1.000,1.000,1.000,-90.00,180.00,0.00,OPEN,0
672823.939,0,0,0,1.000,1.000,1.000,-90.00,180.00,0.00,OPEN,0
672823.989,0,0,0,1.000,1.000,1.000,-90.00,180.00,0.00,OPEN,0
672824.039,0,0,0,1.000,1.000,1.000,-90.00,180.00,0.00,OPEN,0
672824.089,0,0,0,1.000,1.000,1.000,-90.00,180.00,0.00,OPEN,0
672824.138,0,0,0,1.000,1.000,1.000,-90.00,180.00,0.00,OPEN,0
672824.189,0,0,0,0.999,1.000,1.000,-90.00,180.00,0.00,OPEN,0
672824.239,0,0,0,0.991,1.000,1.000,-90.00,180.00,0.00,OPEN,0
672824.289,0,0,0,0.975,1.000,1.000,-90.00,180.00,0.00,OPEN,0
672824.339,0,0,0,0.902,1.000,1.000,-90.00,180.00,0.00,OPEN,0
672824.389,0,0,0,0.669,1.000,1.000,-90.00,180.00,0.00,OPEN,0
672824.440,0,0,0,0.974,1.000,1.000,-90.00,180.00,0.00,OPEN,0
672824.489,0,0,0,0.993,1.000,1.000,-90.00,180.00,0.00,OPEN,0
672824.539,0,0,0,0.997,1.000,1.000,-90.00,180.00,0.00,OPEN,0
672824.589,0,0,0,0.995,1.000,1.000,-90.00,180.00,0.00,OPEN,0
672824.639,0,0,0,0.990,1.000,1.000,-90.00,180.00,0.00,OPEN,0
672824.689,0,0,0,0.982,1.000,1.000,-90.00,180.00,0.00,OPEN,0
672824.739,0,0,0,0.970,1.000,1.000,-90.00,180.00,0.00,OPEN,0
672824.789,1,0,0,0.999,1.000,1.000,-90.00,180.00,0.00,OPEN,0
672824.850,1,0,0,1.000,1.000,1.000,-90.00,180.00,0.00,OPEN,0
672824.892,1,0,0,1.000,1.000,1.000,-90.00,180.00,0.00,OPEN,0
672824.940,1,0,0,1.000,1.000,1.000,-90.00,180.00,0.00,OPEN,0
672824.989,1,0,0,1.000,1.000,1.000,-90.00,180.00,0.00,OPEN,0
672825.039,1,0,0,1.000,1.000,1.000,-90.00,180.00,0.00,OPEN,0
672825.089,1,0,0,1.000,1.000,1.000,-90.00,180.00,0.00,OPEN,0
672825.139,1,0,0,1.000,1.000,1.000,-90.00,180.00,0.00,OPEN,0
672825.189,1,0,0,1.000,1.000,1.000,-90.00,180.00,0.00,OPEN,0
672825.239,1,0,0,1.000,1.000,1.000,-90.00,180.00,0.00,OPEN,0
672825.288,1,0,0,1.000,1.000,1.000,-90.00,180.00,0.00,OPEN,0
672825.339,1,0,0,1.000,1.000,1.000,-90.00,180.00,0.00,OPEN,0
672825.389,1,0,0,1.000,1.000,1.000,-90.00,180.00,0.00,OPEN,0
672825.439,1,0,0,1.000,1.000,1.000,-90.00,180.00,0.00,OPEN,0
672825.489,1,0,0,1.000,1.000,1.000,-90.00,180.00,0.00,OPEN,0
672825.539,1,0,0,1.000,1.000,1.000,-90.00,180.00,0.00,OPEN,0
672825.589,1,0,0,1.000,1.000,1.000,-90.00,180.00,0.00,OPEN,0
672825.639,1,0,0,1.000,1.000,1.000,-90.00,180.00,0.00,OPEN,0
672825.689,1,0,0,1.000,1.000,1.000,-90.00,180.00,0.00,OPEN,0
672825.738,1,0,0,1.000,1.000,1.000,-90.00,180.00,0.00,OPEN,0
672825.789,1,0,0,1.000,1.000,1.000,-90.00,180.00,0.00,OPEN,0
672825.839,1,0,0,1.000,1.000,1.000,-90.00,180.00,0.00,OPEN,0
672825.889,1,0,0,1.000,1.000,1.000,-90.00,180.00,0.00,OPEN,0
672825.938,1,0,0,1.000,1.000,1.000,-90.00,180.00,0.00,OPEN,0
672825.990,1,0,0,1.000,1.000,1.000,-90.00,180.00,0.00,OPEN,0
672826.039,1,0,0,1.000,1.000,1.000,-90.00,180.00,0.00,OPEN,0
672826.089,1,0,0,1.000,1.000,1.000,-90.00,180.00,0.00,OPEN,0
672826.139,1,0,0,1.000,1.000,1.000,-90.00,180.00,0.00,OPEN,0
672826.189,1,0,0,1.000,1.000,1.000,-90.00,180.00,0.00,OPEN,0
672826.238,1,0,0,1.000,1.000,1.000,-90.00,180.00,0.00,OPEN,0
672826.289,1,0,0,1.000,1.000,1.000,-90.00,180.00,0.00,OPEN,0
672826.339,1,0,0,1.000,1.000,1.000,-90.00,180.00,0.00,OPEN,0
672826.389,1,0,0,1.000,1.000,1.000,-90.00,180.00,0.00,OPEN,0
672826.439,1,0,0,1.000,1.000,1.000,-90.00,180.00,0.00,OPEN,0
672826.488,1,0,0,1.000,1.000,1.000,-90.00,180.00,0.00,OPEN,0
672826.539,1,0,0,1.000,1.000,1.000,-90.00,180.00,0.00,OPEN,0
672826.589,1,0,0,1.000,1.000,1.000,-90.00,180.00,0.00,OPEN,0
672826.639,1,0,0,1.000,1.000,1.000,-90.00,180.00,0.00,OPEN,0
672826.689,1,0,0,1.000,1.000,1.000,-90.00,180.00,0.00,OPEN,0
672826.739,1,0,0,1.000,1.000,1.000,-90.00,180.00,0.00,OPEN,0
672826.789,1,0,0,1.000,1.000,1.000,-90.00,180.00,0.00,OPEN,0
672826.839,1,0,0,1.000,1.000,1.000,-90.00,180.00,0.00,OPEN,0
672826.889,1,0,0,1.000,1.000,1.000,-90.00,180.00,0.00,OPEN,0
672826.939,1,0,0,1.000,1.000,1.000,-90.00,180.00,0.00,OPEN,0
672826.988,1,0,0,1.000,1.000,1.000,-90.00,180.00,0.00,OPEN,0
672827.039,1,0,0,1.000,1.000,1.000,-90.00,180.00,0.00,OPEN,0
672827.089,1,0,0,1.000,1.000,1.000,-90.00,180.00,0.00,OPEN,0
672827.139,1,0,0,1.000,1.000,1.000,-90.00,180.00,0.00,OPEN,0
672827.189,1,0,0,1.000,1.000,1.000,-90.00,180.00,0.00,OPEN,0
672827.239,1,0,0,1.000,1.000,1.000,-90.00,180.00,0.00,OPEN,0
672827.289,1,0,0,1.000,1.000,1.000,-90.00,180.00,0.00,OPEN,0
672827.338,1,0,0,1.000,1.000,1.000,-90.00,180.00,0.00,OPEN,0
672827.389,1,0,0,1.000,1.000,1.000,-90.00,180.00,0.00,OPEN,0
672827.439,1,0,0,1.000,1.000,1.000,-90.00,180.00,0.00,OPEN,0
672827.489,1,0,0,1.000,1.000,1.000,-90.00,180.00,0.00,OPEN,0
672827.539,1,0,0,1.000,1.000,1.000,-90.00,180.00,0.00,OPEN,0
672827.589,1,0,0,1.000,1.000,1.000,-90.00,180.00,0.00,OPEN,0
672827.639,1,0,0,1.000,1.000,1.000,-90.00,180.00,0.00,OPEN,0
672827.689,1,0,0,1.000,1.000,1.000,-90.00,180.00,0.00,OPEN,0
672827.740,1,0,0,1.000,1.000,1.000,-90.00,180.00,0.00,OPEN,0
672827.789,1,0,0,1.000,1.000,1.000,-90.00,180.00,0.00,OPEN,0
672827.839,1,0,0,1.000,1.000,1.000,-90.00,180.00,0.00,OPEN,0
672827.888,1,0,0,1.000,1.000,1.000,-90.00,180.00,0.00,OPEN,0
672827.939,1,0,0,1.000,1.000,1.000,-90.00,180.00,0.00,OPEN,0
672827.989,1,0,0,1.000,1.000,1.000,-90.00,180.00,0.00,OPEN,0
672828.039,1,0,0,1.000,1.000,1.000,-90.00,180.00,0.00,OPEN,0
672828.089,1,0,0,1.000,1.000,1.000,-90.00,180.00,0.00,OPEN,0
672828.139,1,0,0,1.000,1.000,1.000,-90.00,180.00,0.00,OPEN,0
672828.189,1,0,0,1.000,1.000,1.000,-90.00,180.00,0.00,OPEN,0
672828.239,1,0,0,1.000,1.000,1.000,-90.00,180.00,0.00,OPEN,0
672828.290,1,0,0,1.000,1.000,1.000,-90.00,180.00,0.00,OPEN,0
672828.339,1,0,0,1.000,1.000,1.000,-90.00,180.00,0.00,OPEN,0
672828.389,1,0,0,1.000,1.000,1.000,-90.00,180.00,0.00,OPEN,0
672828.439,1,0,0,1.000,1.000,1.000,-90.00,180.00,0.00,OPEN,0
672828.489,1,0,0,1.000,1.000,1.000,-90.00,180.00,0.00,OPEN,0
672828.539,1,0,0,1.000,1.000,1.000,-90.00,180.00,0.00,OPEN,0
672828.600,1,0,0,1.000,1.000,1.000,-90.00,180.00,0.00,OPEN,0
672828.641,1,0,0,1.000,1.000,1.000,-90.00,180.00,0.00,OPEN,0
672828.689,1,0,0,1.000,1.000,1.000,-90.00,180.00,0.00,OPEN,0
672828.739,1,0,0,1.000,1.000,1.000,-90.00,180.00,0.00,OPEN,0
672828.788,1,0,0,1.000,1.000,1.000,-90.00,180.00,0.00,OPEN,0
672828.840,1,0,0,1.000,1.000,1.000,-90.00,180.00,0.00,OPEN,0
672828.889,1,0,0,1.000,1.000,1.000,-90.00,180.00,0.00,OPEN,0
672828.939,1,0,0,1.000,1.000,1.000,-90.00,180.00,0.00,OPEN,0
672828.989,1,0,0,1.000,1.000,1.000,-90.00,180.00,0.00,OPEN,0
672829.039,1,0,0,1.000,1.000,1.000,-90.00,180.00,0.00,OPEN,0
672829.089,1,0,0,1.000,1.000,1.000,-90.00,180.00,0.00,OPEN,0
672829.139,1,0,0,1.000,1.000,1.000,-90.00,180.00,0.00,OPEN,0
672829.189,1,0,0,1.000,1.000,1.000,-90.00,180.00,0.00,OPEN,0
672829.240,1,0,0,1.000,1.000,1.000,-90.00,180.00,0.00,OPEN,0
672829.289,1,0,0,1.000,1.000,1.000,-90.00,180.00,0.00,OPEN,0
672829.339,1,0,0,1.000,1.000,1.000,-90.00,180.00,0.00,OPEN,0
672829.390,1,0,0,1.000,1.000,1.000,-90.00,180.00,0.00,OPEN,0
672829.439,1,0,0,1.000,1.000,1.000,-90.00,180.00,0.00,OPEN,0
672829.489,1,0,0,1.000,1.000,1.000,-90.00,180.00,0.00,OPEN,0
672829.539,1,0,0,1.000,1.000,1.000,-90.00,180.00,0.00,OPEN,0
672829.589,1,0,0,1.000,1.000,1.000,-90.00,180.00,0.00,OPEN,0
672829.639,1,0,0,1.000,1.000,1.000,-90.00,180.00,0.00,OPEN,0
672829.689,1,0,0,1.000,1.000,1.000,-90.00,180.00,0.00,OPEN,0
672829.739,1,0,0,1.000,1.000,1.000,-90.00,180.00,0.00,OPEN,0
672829.789,1,0,0,1.000,1.000,1.000,-90.00,180.00,0.00,OPEN,0
672829.841,1,0,0,1.000,1.000,1.000,-90.00,180.00,0.00,OPEN,0
672829.889,1,0,0,1.000,1.000,1.000,-90.00,180.00,0.00,OPEN,0
672829.939,1,0,0,1.000,1.000,1.000,-90.00,180.00,0.00,OPEN,0
672829.989,1,0,0,1.000,1.000,1.000,-90.00,180.00,0.00,OPEN,0
672830.039,1,0,0,1.000,1.000,1.000,-90.00,180.00,0.00,OPEN,0
672830.089,1,0,0,1.000,1.000,1.000,-90.00,180.00,0.00,OPEN,0
672830.139,1,0,0,1.000,1.000,1.000,-90.00,180.00,0.00,OPEN,0
672830.189,1,0,0,1.000,1.000,1.000,-90.00,180.00,0.00,OPEN,0
672830.239,1,0,0,1.000,1.000,1.000,-90.00,180.00,0.00,OPEN,0
672830.289,1,0,0,1.000,1.000,1.000,-90.00,180.00,0.00,OPEN,0
672830.339,1,0,0,1.000,1.000,1.000,-90.00,180.00,0.00,OPEN,0
672830.408,1,0,0,1.000,1.000,1.000,-90.00,180.00,0.00,OPEN,0
672830.442,1,0,0,1.000,1.000,1.000,-90.00,180.00,0.00,OPEN,0
672830.489,1,0,0,1.000,1.000,1.000,-90.00,180.00,0.00,OPEN,0
672830.539,1,0,0,1.000,1.000,1.000,-90.00,180.00,0.00,OPEN,0
672830.589,1,0,0,1.000,1.000,1.000,-90.00,180.00,0.00,OPEN,0
672830.639,1,0,0,0.965,1.000,1.000,-90.00,180.00,0.00,OPEN,0
672830.689,1,0,0,0.898,1.000,1.000,-90.00,180.00,0.00,OPEN,0
672830.740,1,0,0,0.673,1.000,1.000,-90.00,180.00,0.00,OPEN,0
672830.790,1,0,0,0.753,1.000,1.000,-90.00,180.00,0.00,OPEN,0
672830.839,1,0,0,0.941,1.000,1.000,-90.00,180.00,0.00,OPEN,0
672830.889,1,0,0,0.979,1.000,1.000,-90.00,180.00,0.00,OPEN,0
672830.939,1,0,0,0.998,1.000,1.000,-90.00,180.00,0.00,OPEN,0
672830.989,1,0,0,1.000,1.000,1.000,-90.00,180.00,0.00,OPEN,0
672831.039,1,0,0,1.000,1.000,1.000,-90.00,180.00,0.00,OPEN,0
672831.089,0,0,0,1.000,1.000,1.000,-90.00,180.00,0.00,OPEN,0
672831.139,0,0,0,1.000,1.000,1.000,-90.00,180.00,0.00,OPEN,0
672831.188,0,0,0,1.000,1.000,1.000,-90.00,180.00,0.00,OPEN,0
672831.239,0,0,0,1.000,1.000,1.000,-90.00,180.00,0.00,OPEN,0
672831.290,0,0,0,1.000,1.000,1.000,-90.00,180.00,0.00,OPEN,0
672831.339,0,0,0,1.000,1.000,1.000,-90.00,180.00,0.00,OPEN,0
672831.389,0,0,0,1.000,1.000,1.000,-90.00,180.00,0.00,OPEN,0
672831.439,0,0,0,1.000,1.000,1.000,-90.00,180.00,0.00,OPEN,0
672831.489,0,0,0,1.000,1.000,1.000,-90.00,180.00,0.00,OPEN,0
672831.539,0,0,0,1.000,1.000,1.000,-90.00,180.00,0.00,OPEN,0
672831.589,0,0,0,1.000,1.000,1.000,-90.00,180.00,0.00,OPEN,0
672831.639,0,0,0,1.000,1.000,1.000,-90.00,180.00,0.00,OPEN,0
672831.689,0,0,0,1.000,1.000,1.000,-90.00,180.00,0.00,OPEN,0
672831.739,0,0,0,1.000,1.000,1.000,-90.00,180.00,0.00,OPEN,0
672831.789,0,0,0,1.000,1.000,1.000,-90.00,180.00,0.00,OPEN,0
672831.844,0,0,0,1.000,1.000,1.000,-90.00,180.00,0.00,OPEN,0
672831.891,0,0,0,1.000,1.000,1.000,-90.00,180.00,0.00,OPEN,0
672831.939,0,0,0,1.000,1.000,1.000,-90.00,180.00,0.00,OPEN,0
672831.989,0,0,0,1.000,1.000,1.000,-90.00,180.00,0.00,OPEN,0
672832.039,0,0,0,1.000,1.000,1.000,-90.00,180.00,0.00,OPEN,0
672832.089,0,0,0,1.000,1.000,1.000,-90.00,180.00,0.00,OPEN,0
672832.139,0,0,0,1.000,1.000,1.000,-90.00,180.00,0.00,OPEN,0
672832.189,0,0,0,1.000,1.000,1.000,-90.00,180.00,0.00,OPEN,0
672832.239,0,0,0,1.000,1.000,1.000,-90.00,180.00,0.00,OPEN,0
672832.289,0,0,0,1.000,1.000,1.000,-90.00,180.00,0.00,OPEN,0
672832.339,0,0,0,1.000,1.000,1.000,-90.00,180.00,0.00,OPEN,0
672832.389,0,0,0,1.000,1.000,1.000,-90.00,180.00,0.00,OPEN,0
672832.439,0,0,0,0.999,1.000,1.000,-90.00,180.00,0.00,OPEN,0
672832.490,0,0,0,0.993,1.000,1.000,-90.00,180.00,0.00,OPEN,0
672832.539,0,0,0,0.986,1.000,1.000,-90.00,180.00,0.00,OPEN,0
672832.589,0,0,0,0.982,1.000,1.000,-90.00,180.00,0.00,OPEN,0
672832.639,0,0,0,0.984,1.000,1.000,-90.00,180.00,0.00,OPEN,0
672832.689,0,0,0,0.987,1.000,1.000,-90.00,180.00,0.00,OPEN,0
672832.739,0,0,0,0.982,1.000,1.000,-90.00,180.00,0.00,OPEN,0
672832.789,0,0,0,0.993,1.000,1.000,-90.00,180.00,0.00,OPEN,0
672832.839,0,0,0,0.996,1.000,1.000,-90.00,180.00,0.00,OPEN,0
672832.889,0,0,0,0.998,1.000,1.000,-90.00,180.00,0.00,OPEN,0
672832.939,0,0,0,0.999,1.000,1.000,-90.00,180.00,0.00,OPEN,0
672832.989,0,0,0,0.999,1.000,1.000,-90.00,180.00,0.00,OPEN,0
672833.039,0,0,0,1.000,1.000,1.000,-90.00,180.00,0.00,OPEN,0
672833.088,0,0,0,1.000,1.000,1.000,-90.00,180.00,0.00,OPEN,0
672833.139,0,0,0,1.000,1.000,1.000,-90.00,180.00,0.00,OPEN,0
672833.189,0,0,0,1.000,1.000,1.000,-90.00,180.00,0.00,OPEN,0
672833.239,0,0,0,1.000,1.000,1.000,-90.00,180.00,0.00,OPEN,0
672833.289,0,0,0,1.000,1.000,1.000,-90.00,180.00,0.00,OPEN,0
672833.339,0,0,0,1.000,1.000,1.000,-90.00,180.00,0.00,OPEN,0
672833.388,0,0,0,1.000,1.000,1.000,-90.00,180.00,0.00,OPEN,0
672833.438,0,0,0,1.000,1.000,1.000,-90.00,180.00,0.00,OPEN,0
672833.489,0,0,0,1.000,1.000,1.000,-90.00,180.00,0.00,OPEN,0
672833.539,0,0,0,1.000,1.000,1.000,-90.00,180.00,0.00,OPEN,0
672833.589,0,0,0,1.000,1.000,1.000,-90.00,180.00,0.00,OPEN,0
672833.639,0,0,0,0.999,1.000,1.000,-90.00,180.00,0.00,OPEN,0
672833.689,0,0,0,1.000,1.000,1.000,-90.00,180.00,0.00,OPEN,0
672833.739,0,0,0,1.000,1.000,1.000,-90.00,180.00,0.00,OPEN,0
672833.789,0,0,0,1.000,1.000,1.000,-90.00,180.00,0.00,OPEN,0
672833.839,0,0,0,1.000,1.000,1.000,-90.00,180.00,0.00,OPEN,0
672833.889,0,0,0,1.000,1.000,1.000,-90.00,180.00,0.00,OPEN,0
672833.939,0,0,0,1.000,1.000,1.000,-90.00,180.00,0.00,OPEN,0
672833.989,0,0,0,1.000,1.000,1.000,-90.00,180.00,0.00,OPEN,0
672834.039,0,0,0,1.000,1.000,1.000,-90.00,180.00,0.00,OPEN,0
672834.089,0,0,0,1.000,1.000,1.000,-90.00,180.00,0.00,OPEN,0
672834.139,0,0,0,1.000,1.000,1.000,-90.00,180.00,0.00,OPEN,0
672834.189,0,0,0,1.000,1.000,1.000,-90.00,180.00,0.00,OPEN,0
672834.239,0,0,0,1.000,1.000,1.000,-90.00,180.00,0.00,OPEN,0
672834.289,0,0,0,1.000,1.000,1.000,-90.00,180.00,0.00,OPEN,0
672834.339,0,0,0,1.000,1.000,1.000,-90.00,180.00,0.00,OPEN,0
672834.404,0,0,0,1.000,1.000,1.000,-90.00,180.00,0.00,OPEN,0
672834.441,0,0,0,1.000,1.000,1.000,-90.00,180.00,0.00,OPEN,0
672834.489,0,0,0,1.000,1.000,1.000,-90.00,180.00,0.00,OPEN,0
672834.540,0,0,0,1.000,1.000,1.000,-90.00,180.00,0.00,OPEN,0
672834.589,0,0,0,1.000,1.000,1.000,-90.00,180.00,0.00,OPEN,0
672834.639,0,0,0,1.000,1.000,1.000,-90.00,180.00,0.00,OPEN,0
672834.689,0,0,0,1.000,1.000,1.000,-90.00,180.00,0.00,OPEN,0
672834.739,0,0,0,1.000,1.000,1.000,-90.00,180.00,0.00,OPEN,0
672834.789,0,0,0,1.000,1.000,1.000,-90.00,180.00,0.00,OPEN,0
672834.839,0,0,0,1.000,1.000,1.000,-90.00,180.00,0.00,OPEN,0
672834.889,0,0,0,1.000,1.000,1.000,-90.00,180.00,0.00,OPEN,0
672834.939,0,0,0,1.000,1.000,1.000,-90.00,180.00,0.00,OPEN,0
672834.989,0,0,0,1.000,1.000,1.000,-90.00,180.00,0.00,OPEN,0
672835.039,0,0,0,1.000,1.000,1.000,-90.00,180.00,0.00,OPEN,0
672835.089,0,0,0,1.000,1.000,1.000,-90.00,180.00,0.00,OPEN,0
672835.139,0,0,0,1.000,1.000,1.000,-90.00,180.00,0.00,OPEN,0
672835.189,0,0,0,1.000,1.000,1.000,-90.00,180.00,0.00,OPEN,0
672835.239,0,0,0,1.000,1.000,1.000,-90.00,180.00,0.00,OPEN,0
672835.289,0,0,0,1.000,1.000,1.000,-90.00,180.00,0.00,OPEN,0
672835.339,0,0,0,1.000,1.000,1.000,-90.00,180.00,0.00,OPEN,0
672835.389,0,0,0,1.000,1.000,1.000,-90.00,180.00,0.00,OPEN,0
672835.439,0,0,0,1.000,1.000,1.000,-90.00,180.00,0.00,OPEN,0
672835.489,0,0,0,1.000,1.000,1.000,-90.00,180.00,0.00,OPEN,0
672835.539,0,0,0,1.000,1.000,1.000,-90.00,180.00,0.00,OPEN,0
672835.589,0,0,0,1.000,1.000,1.000,-90.00,180.00,0.00,OPEN,0
672835.639,0,0,0,1.000,1.000,1.000,-90.00,180.00,0.00,OPEN,0
672835.689,0,0,0,1.000,1.000,1.000,-90.00,180.00,0.00,OPEN,0
672835.739,0,0,0,1.000,1.000,1.000,-90.00,180.00,0.00,OPEN,0
672835.789,0,0,0,1.000,1.000,1.000,-90.00,180.00,0.00,OPEN,0
672835.839,0,0,0,1.000,1.000,1.000,-90.00,180.00,0.00,OPEN,0
672835.889,0,0,0,1.000,1.000,1.000,-90.00,180.00,0.00,OPEN,0
672835.939,0,0,0,1.000,1.000,1.000,-90.00,180.00,0.00,OPEN,0
672836.003,0,0,0,1.000,1.000,1.000,-90.00,180.00,0.00,OPEN,0
672836.042,0,0,0,1.000,1.000,1.000,-90.00,180.00,0.00,OPEN,0
672836.089,0,0,0,1.000,1.000,1.000,-90.00,180.00,0.00,OPEN,0
672836.139,0,0,0,1.000,1.000,1.000,-90.00,180.00,0.00,OPEN,0
672836.189,0,0,0,1.000,1.000,1.000,-90.00,180.00,0.00,OPEN,0
672836.238,0,0,0,1.000,1.000,1.000,-90.00,180.00,0.00,OPEN,0
672836.290,0,0,0,1.000,1.000,1.000,-90.00,180.00,0.00,OPEN,0
672836.339,0,0,0,1.000,1.000,1.000,-90.00,180.00,0.00,OPEN,0
672836.389,0,0,0,1.000,1.000,1.000,-90.00,180.00,0.00,OPEN,0
672836.439,0,0,0,1.000,1.000,1.000,-90.00,180.00,0.00,OPEN,0
672836.489,0,0,0,1.000,1.000,1.000,-90.00,180.00,0.00,OPEN,0
672836.539,0,0,0,1.000,1.000,1.000,-90.00,180.00,0.00,OPEN,0
672836.589,0,0,0,1.000,1.000,1.000,-90.00,180.00,0.00,OPEN,0
672836.639,0,0,0,1.000,1.000,1.000,-90.00,180.00,0.00,OPEN,0
672836.689,0,0,0,1.000,1.000,1.000,-90.00,180.00,0.00,OPEN,0
672836.739,0,0,0,1.000,1.000,1.000,-90.00,180.00,0.00,OPEN,0
672836.789,0,0,0,1.000,1.000,1.000,-90.00,180.00,0.00,OPEN,0
672836.839,0,0,0,1.000,1.000,1.000,-90.00,180.00,0.00,OPEN,0
672836.889,0,0,0,1.000,1.000,1.000,-90.00,180.00,0.00,OPEN,0
672836.939,0,0,0,1.000,1.000,1.000,-90.00,180.00,0.00,OPEN,0
672836.990,0,0,0,1.000,1.000,1.000,-90.00,180.00,0.00,OPEN,0
672837.039,0,0,0,1.000,1.000,1.000,-90.00,180.00,0.00,OPEN,0
672837.089,0,0,0,1.000,1.000,1.000,-90.00,180.00,0.00,OPEN,0
672837.138,0,0,0,1.000,1.000,1.000,-90.00,180.00,0.00,OPEN,0
672837.189,0,0,0,1.000,1.000,1.000,-90.00,180.00,0.00,OPEN,0
672837.239,0,0,0,1.000,1.000,1.000,-90.00,180.00,0.00,OPEN,0
672837.289,0,0,0,1.000,1.000,1.000,-90.00,180.00,0.00,OPEN,0
672837.339,0,0,0,1.000,1.000,1.000,-90.00,180.00,0.00,OPEN,0
672837.389,0,0,0,1.000,1.000,1.000,-90.00,180.00,0.00,OPEN,0
672837.438,0,0,0,1.000,1.000,1.000,-90.00,180.00,0.00,OPEN,0
672837.489,0,0,0,1.000,1.000,1.000,-90.00,180.00,0.00,OPEN,0
672837.539,0,0,0,1.000,1.000,1.000,-90.00,180.00,0.00,OPEN,0
672837.596,0,0,0,1.000,1.000,1.000,-90.00,180.00,0.00,OPEN,0
672837.639,0,0,0,1.000,1.000,1.000,-90.00,180.00,0.00,OPEN,0
672837.689,0,0,0,0.998,1.000,1.000,-90.00,180.00,0.00,OPEN,0
672837.739,0,0,0,0.973,1.000,1.000,-90.00,180.00,0.00,OPEN,0
672837.789,0,0,0,0.614,1.000,1.000,-90.00,180.00,0.00,OPEN,0
672837.839,0,0,0,0.977,1.000,1.000,-90.00,180.00,0.00,OPEN,0
672837.889,0,0,0,0.999,1.000,1.000,-90.00,180.00,0.00,OPEN,0
672837.939,0,0,0,1.000,1.000,1.000,-90.00,180.00,0.00,OPEN,0
672837.989,0,0,0,1.000,1.000,1.000,-90.00,180.00,0.00,OPEN,0
672838.039,0,0,0,1.000,1.000,1.000,-90.00,180.00,0.00,OPEN,0
672838.089,0,0,0,1.000,1.000,1.000,-90.00,180.00,0.00,OPEN,0
672838.139,0,0,0,1.000,1.000,1.000,-90.00,180.00,0.00,OPEN,0
672838.188,2,0,0,1.000,1.000,1.000,-90.00,180.00,0.00,OPEN,0
672838.239,2,0,0,1.000,1.000,1.000,-90.00,180.00,0.00,OPEN,0
672838.289,2,0,0,1.000,1.000,1.000,-90.00,180.00,0.00,OPEN,0
672838.339,2,0,0,1.000,1.000,1.000,-90.00,180.00,0.00,OPEN,0
672838.388,2,0,0,1.000,1.000,1.000,-90.00,180.00,0.00,OPEN,0
672838.439,2,0,0,1.000,1.000,1.000,-90.00,180.00,0.00,OPEN,0
672838.490,2,0,0,1.000,1.000,1.000,-90.00,180.00,0.00,OPEN,0
672838.538,2,0,0,1.000,1.000,1.000,-90.00,180.00,0.00,OPEN,0
672838.589,2,0,0,1.000,1.000,1.000,-90.00,180.00,0.00,OPEN,0
672838.639,2,0,0,1.000,1.000,1.000,-90.00,180.00,0.00,OPEN,0
672838.689,2,0,0,1.000,1.000,1.000,-90.00,180.00,0.00,OPEN,0
672838.739,2,0,0,1.000,1.000,1.000,-90.00,180.00,0.00,OPEN,0
672838.789,2,0,0,1.000,1.000,1.000,-90.00,180.00,0.00,OPEN,0
672838.839,2,0,0,1.000,1.000,1.000,-90.00,180.00,0.00,OPEN,0
672838.889,2,0,0,1.000,1.000,1.000,-90.00,180.00,0.00,OPEN,0
672838.939,2,0,0,1.000,1.000,1.000,-90.00,180.00,0.00,OPEN,0
672839.001,2,0,0,1.000,1.000,1.000,-90.00,180.00,0.00,OPEN,0
672839.041,2,0,0,1.000,1.000,1.000,-90.00,180.00,0.00,OPEN,0
672839.089,2,0,0,1.000,1.000,1.000,-90.00,180.00,0.00,OPEN,0
672839.139,2,0,0,1.000,1.000,1.000,-90.00,180.00,0.00,OPEN,0
672839.189,2,0,0,1.000,1.000,1.000,-90.00,180.00,0.00,OPEN,0
672839.239,2,0,0,1.000,1.000,1.000,-90.00,180.00,0.00,OPEN,0
672839.289,2,0,0,1.000,1.000,1.000,-90.00,180.00,0.00,OPEN,0
672839.339,2,0,0,1.000,1.000,1.000,-90.00,180.00,0.00,OPEN,0
672839.389,2,0,0,1.000,1.000,1.000,-90.00,180.00,0.00,OPEN,0
672839.439,2,0,0,1.000,1.000,1.000,-90.00,180.00,0.00,OPEN,0
672839.490,2,0,0,1.000,1.000,1.000,-90.00,180.00,0.00,OPEN,0
672839.539,2,0,0,1.000,1.000,1.000,-90.00,180.00,0.00,OPEN,0
672839.589,2,0,0,1.000,1.000,1.000,-90.00,180.00,0.00,OPEN,0
672839.639,2,0,0,1.000,1.000,1.000,-90.00,180.00,0.00,OPEN,0
672839.689,2,0,0,1.000,1.000,1.000,-90.00,180.00,0.00,OPEN,0
672839.740,2,0,0,1.000,1.000,1.000,-90.00,180.00,0.00,OPEN,0
672839.789,2,0,0,1.000,1.000,1.000,-90.00,180.00,0.00,OPEN,0
672839.839,2,0,0,1.000,1.000,1.000,-90.00,180.00,0.00,OPEN,0
672839.889,2,0,0,1.000,1.000,1.000,-90.00,180.00,0.00,OPEN,0
672839.939,2,0,0,1.000,1.000,1.000,-90.00,180.00,0.00,OPEN,0
672839.989,2,0,0,1.000,1.000,1.000,-90.00,180.00,0.00,OPEN,0
672840.039,2,0,0,1.000,1.000,1.000,-90.00,180.00,0.00,OPEN,0
672840.089,2,0,0,1.000,1.000,1.000,-90.00,180.00,0.00,OPEN,0
672840.139,2,0,0,1.000,1.000,1.000,-90.00,180.00,0.00,OPEN,0
672840.189,2,0,0,1.000,1.000,1.000,-90.00,180.00,0.00,OPEN,0
672840.239,2,0,0,1.000,1.000,1.000,-90.00,180.00,0.00,OPEN,0
672840.289,2,0,0,1.000,1.000,1.000,-90.00,180.00,0.00,OPEN,0
672840.339,2,0,0,1.000,1.000,1.000,-90.00,180.00,0.00,OPEN,0
672840.389,2,0,0,1.000,1.000,1.000,-90.00,180.00,0.00,OPEN,0
672840.439,2,0,0,1.000,1.000,1.000,-90.00,180.00,0.00,OPEN,0
672840.489,2,0,0,1.000,1.000,1.000,-90.00,180.00,0.00,OPEN,0
672840.539,2,0,0,1.000,1.000,1.000,-90.00,180.00,0.00,OPEN,0
672840.589,2,0,0,1.000,1.000,1.000,-90.00,180.00,0.00,OPEN,0
672840.640,2,0,0,1.000,1.000,1.000,-90.00,180.00,0.00,OPEN,0
672840.689,2,0,0,1.000,1.000,1.000,-90.00,180.00,0.00,OPEN,0
672840.739,2,0,0,1.000,1.000,1.000,-90.00,180.00,0.00,OPEN,0
672840.789,2,0,0,1.000,1.000,1.000,-90.00,180.00,0.00,OPEN,0
672840.839,2,0,0,1.000,1.000,1.000,-90.00,180.00,0.00,OPEN,0
672840.890,2,0,0,1.000,1.000,1.000,-90.00,180.00,0.00,OPEN,0
672840.939,2,0,0,1.000,1.000,1.000,-90.00,180.00,0.00,OPEN,0
672840.989,2,0,0,1.000,1.000,1.000,-90.00,180.00,0.00,OPEN,0
672841.039,2,0,0,1.000,1.000,1.000,-90.00,180.00,0.00,OPEN,0
672841.089,2,0,0,1.000,1.000,1.000,-90.00,180.00,0.00,OPEN,0
672841.139,2,0,0,1.000,1.000,1.000,-90.00,180.00,0.00,OPEN,0
672841.189,2,0,0,1.000,1.000,1.000,-90.00,180.00,0.00,OPEN,0
672841.239,2,0,0,1.000,1.000,1.000,-90.00,180.00,0.00,OPEN,0
672841.289,2,0,0,1.000,1.000,1.000,-90.00,180.00,0.00,OPEN,0
672841.339,2,0,0,1.000,1.000,1.000,-90.00,180.00,0.00,OPEN,0
672841.389,2,0,0,1.000,1.000,1.000,-90.00,180.00,0.00,OPEN,0
672841.452,2,0,0,1.000,1.000,1.000,-90.00,180.00,0.00,OPEN,0
672841.495,2,0,0,1.000,1.000,1.000,-90.00,180.00,0.00,OPEN,0
672841.539,2,0,0,1.000,1.000,1.000,-90.00,180.00,0.00,OPEN,0
672841.589,2,0,0,1.000,1.000,1.000,-90.00,180.00,0.00,OPEN,0
672841.639,2,0,0,1.000,1.000,1.000,-90.00,180.00,0.00,OPEN,0
672841.689,2,0,0,1.000,1.000,1.000,-90.00,180.00,0.00,OPEN,0
672841.739,2,0,0,1.000,1.000,1.000,-90.00,180.00,0.00,OPEN,0
672841.789,2,0,0,1.000,1.000,1.000,-90.00,180.00,0.00,OPEN,0
672841.839,2,0,0,1.000,1.000,1.000,-90.00,180.00,0.00,OPEN,0
672841.890,2,0,0,1.000,1.000,1.000,-90.00,180.00,0.00,OPEN,0
672841.940,2,0,0,1.000,1.000,1.000,-90.00,180.00,0.00,OPEN,0
672841.989,2,0,0,1.000,1.000,1.000,-90.00,180.00,0.00,OPEN,0
672842.039,2,0,0,1.000,1.000,1.000,-90.00,180.00,0.00,OPEN,0
672842.089,2,0,0,1.000,1.000,1.000,-90.00,180.00,0.00,OPEN,0
672842.139,2,0,0,1.000,1.000,1.000,-90.00,180.00,0.00,OPEN,0
672842.189,2,0,0,1.000,1.000,1.000,-90.00,180.00,0.00,OPEN,0
672842.239,2,0,0,1.000,1.000,1.000,-90.00,180.00,0.00,OPEN,0
672842.289,2,0,0,1.000,1.000,1.000,-90.00,180.00,0.00,OPEN,0
672842.340,2,0,0,1.000,1.000,1.000,-90.00,180.00,0.00,OPEN,0
672842.389,2,0,0,1.000,1.000,1.000,-90.00,180.00,0.00,OPEN,0
672842.439,2,0,0,1.000,1.000,1.000,-90.00,180.00,0.00,OPEN,0
672842.489,2,0,0,1.000,1.000,1.000,-90.00,180.00,0.00,OPEN,0
672842.539,2,0,0,1.000,1.000,1.000,-90.00,180.00,0.00,OPEN,0
672842.589,2,0,0,1.000,1.000,1.000,-90.00,180.00,0.00,OPEN,0
672842.639,2,0,0,1.000,1.000,1.000,-90.00,180.00,0.00,OPEN,0
672842.690,2,0,0,1.000,1.000,1.000,-90.00,180.00,0.00,OPEN,0
672842.739,2,0,0,1.000,1.000,1.000,-90.00,180.00,0.00,OPEN,0
672842.789,2,0,0,1.000,1.000,1.000,-90.00,180.00,0.00,OPEN,0
672842.841,2,0,0,1.000,1.000,1.000,-90.00,180.00,0.00,OPEN,0
672842.890,2,0,0,1.000,1.000,1.000,-90.00,180.00,0.00,OPEN,0
672842.939,2,0,0,1.000,1.000,1.000,-90.00,180.00,0.00,OPEN,0
672842.989,2,0,0,1.000,1.000,1.000,-90.00,180.00,0.00,OPEN,0
672843.039,2,0,0,1.000,1.000,1.000,-90.00,180.00,0.00,OPEN,0
672843.089,2,0,0,1.000,1.000,1.000,-90.00,180.00,0.00,OPEN,0
672843.139,2,0,0,1.000,1.000,1.000,-90.00,180.00,0.00,OPEN,0
672843.189,2,0,0,1.000,1.000,1.000,-90.00,180.00,0.00,OPEN,0
672843.239,2,0,0,1.000,1.000,1.000,-90.00,180.00,0.00,OPEN,0
672843.289,2,0,0,1.000,1.000,1.000,-90.00,180.00,0.00,OPEN,0
672843.340,2,0,0,1.000,1.000,1.000,-90.00,180.00,0.00,OPEN,0
672843.389,2,0,0,1.000,1.000,1.000,-90.00,180.00,0.00,OPEN,0
672843.439,2,0,0,1.000,1.000,1.000,-90.00,180.00,0.00,OPEN,0
672843.506,2,0,0,1.000,1.000,1.000,-90.00,180.00,0.00,OPEN,0
672843.543,2,0,0,1.000,1.000,1.000,-90.00,180.00,0.00,OPEN,0
672843.589,2,0,0,1.000,1.000,1.000,-90.00,180.00,0.00,OPEN,0
672843.639,2,0,0,1.000,1.000,1.000,-90.00,180.00,0.00,OPEN,0
672843.689,2,0,0,1.000,1.000,1.000,-90.00,180.00,0.00,OPEN,0
672843.739,2,0,0,1.000,1.000,1.000,-90.00,180.00,0.00,OPEN,0
672843.789,2,0,0,1.000,1.000,1.000,-90.00,180.00,0.00,OPEN,0
672843.839,2,0,0,1.000,1.000,1.000,-90.00,180.00,0.00,OPEN,0
672843.889,2,0,0,1.000,1.000,1.000,-90.00,180.00,0.00,OPEN,0
672843.939,2,0,0,1.000,1.000,1.000,-90.00,180.00,0.00,OPEN,0
672843.989,2,0,0,1.000,1.000,1.000,-90.00,180.00,0.00,OPEN,0
672844.039,2,0,0,1.000,1.000,1.000,-90.00,180.00,0.00,OPEN,0
672844.089,2,0,0,1.000,1.000,1.000,-90.00,180.00,0.00,OPEN,0
672844.140,2,0,0,0.993,1.000,1.000,-90.00,180.00,0.00,OPEN,0
672844.188,2,0,0,0.869,1.000,1.000,-90.00,180.00,0.00,OPEN,0
672844.239,2,0,0,0.738,1.000,1.000,-90.00,180.00,0.00,OPEN,0
672844.289,2,0,0,0.635,1.000,1.000,-90.00,180.00,0.00,OPEN,0
672844.339,2,0,0,0.576,1.000,1.000,-90.00,180.00,0.00,OPEN,0
672844.389,2,0,0,0.641,1.000,1.000,-90.00,180.00,0.00,OPEN,0
672844.439,2,0,0,0.765,1.000,1.000,-90.00,180.00,0.00,OPEN,0
672844.489,2,0,0,0.884,1.000,1.000,-90.00,180.00,0.00,OPEN,0
672844.539,2,0,0,0.938,1.000,1.000,-90.00,180.00,0.00,OPEN,0
672844.589,2,0,0,0.518,1.000,1.000,-90.00,180.00,0.00,OPEN,0
672844.639,2,0,0,0.898,1.000,1.000,-90.00,180.00,0.00,OPEN,0
672844.689,2,0,0,0.865,1.000,1.000,-90.00,180.00,0.00,OPEN,0
672844.740,2,0,0,0.914,1.000,1.000,-90.00,180.00,0.00,OPEN,0
672844.789,2,0,0,0.982,1.000,1.000,-90.00,180.00,0.00,OPEN,0
672844.839,2,0,0,0.994,1.000,1.000,-90.00,180.00,0.00,OPEN,0
672844.889,2,0,0,1.000,1.000,1.000,-90.00,180.00,0.00,OPEN,0
672844.939,2,0,0,1.000,1.000,1.000,-90.00,180.00,0.00,OPEN,0
672844.989,0,0,0,1.000,1.000,1.000,-90.00,180.00,0.00,OPEN,0
672845.046,0,0,0,1.000,1.000,1.000,-90.00,180.00,0.00,OPEN,0
672845.090,0,0,0,1.000,1.000,1.000,-90.00,180.00,0.00,OPEN,0
672845.139,0,0,0,1.000,1.000,1.000,-90.00,180.00,0.00,OPEN,0
672845.189,0,0,0,1.000,1.000,1.000,-90.00,180.00,0.00,OPEN,0
672845.239,0,0,0,1.000,1.000,1.000,-90.00,180.00,0.00,OPEN,0
672845.289,0,0,0,1.000,1.000,1.000,-90.00,180.00,0.00,OPEN,0
672845.339,0,0,0,1.000,1.000,1.000,-90.00,180.00,0.00,OPEN,0
672845.389,0,0,0,1.000,1.000,1.000,-90.00,180.00,0.00,OPEN,0
672845.439,0,0,0,1.000,1.000,1.000,-90.00,180.00,0.00,OPEN,0
672845.489,0,0,0,1.000,1.000,1.000,-90.00,180.00,0.00,OPEN,0
672845.539,0,0,0,1.000,1.000,1.000,-90.00,180.00,0.00,OPEN,0
672845.589,0,0,0,1.000,1.000,1.000,-90.00,180.00,0.00,OPEN,0
672845.640,0,0,0,1.000,1.000,1.000,-90.00,180.00,0.00,OPEN,0
672845.688,0,0,0,1.000,1.000,1.000,-90.00,180.00,0.00,OPEN,0
672845.739,0,0,0,1.000,1.000,1.000,-90.00,180.00,0.00,OPEN,0
672845.789,0,0,0,1.000,1.000,1.000,-90.00,180.00,0.00,OPEN,0
672845.839,0,0,0,1.000,1.000,1.000,-90.00,180.00,0.00,OPEN,0
672845.889,0,0,0,1.000,1.000,1.000,-90.00,180.00,0.00,OPEN,0
672845.939,0,0,0,1.000,1.000,1.000,-90.00,180.00,0.00,OPEN,0
672845.990,0,0,0,1.000,1.000,1.000,-90.00,180.00,0.00,OPEN,0
672846.039,0,0,0,1.000,1.000,1.000,-90.00,180.00,0.00,OPEN,0
672846.089,0,0,0,1.000,1.000,1.000,-90.00,180.00,0.00,OPEN,0
672846.139,0,0,0,1.000,1.000,1.000,-90.00,180.00,0.00,OPEN,0
672846.189,0,0,0,1.000,1.000,1.000,-90.00,180.00,0.00,OPEN,0
672846.239,0,0,0,1.000,1.000,1.000,-90.00,180.00,0.00,OPEN,0
672846.289,0,0,0,1.000,1.000,1.000,-90.00,180.00,0.00,OPEN,0
672846.339,0,0,0,1.000,1.000,1.000,-90.00,180.00,0.00,OPEN,0
672846.389,0,0,0,1.000,1.000,1.000,-90.00,180.00,0.00,OPEN,0
672846.440,0,0,0,1.000,1.000,1.000,-90.00,180.00,0.00,OPEN,0
672846.490,0,0,0,1.000,1.000,1.000,-90.00,180.00,0.00,OPEN,0
672846.539,0,0,0,1.000,1.000,1.000,-90.00,180.00,0.00,OPEN,0
672846.589,0,0,0,1.000,1.000,1.000,-90.00,180.00,0.00,OPEN,0
672846.639,0,0,0,1.000,1.000,1.000,-90.00,180.00,0.00,OPEN,0
672846.689,0,0,0,1.000,1.000,1.000,-90.00,180.00,0.00,OPEN,0
672846.739,0,0,0,1.000,1.000,1.000,-90.00,180.00,0.00,OPEN,0
672846.789,0,0,0,1.000,1.000,1.000,-90.00,180.00,0.00,OPEN,0
672846.839,0,0,0,1.000,1.000,1.000,-90.00,180.00,0.00,OPEN,0
672846.890,0,0,0,1.000,1.000,1.000,-90.00,180.00,0.00,OPEN,0
672846.939,0,0,0,1.000,1.000,1.000,-90.00,180.00,0.00,OPEN,0
672846.989,0,0,0,1.000,1.000,1.000,-90.00,180.00,0.00,OPEN,0
672847.040,0,0,0,1.000,1.000,1.000,-90.00,180.00,0.00,OPEN,0
672847.089,0,0,0,1.000,1.000,1.000,-90.00,180.00,0.00,OPEN,0
672847.139,0,0,0,1.000,1.000,1.000,-90.00,180.00,0.00,OPEN,0
672847.189,0,0,0,1.000,1.000,1.000,-90.00,180.00,0.00,OPEN,0
672847.240,0,0,0,1.000,1.000,1.000,-90.00,180.00,0.00,OPEN,0
672847.289,0,0,0,1.000,1.000,1.000,-90.00,180.00,0.00,OPEN,0
672847.339,0,0,0,1.000,1.000,1.000,-90.00,180.00,0.00,OPEN,0
672847.389,0,0,0,1.000,1.000,1.000,-90.00,180.00,0.00,OPEN,0
672847.439,0,0,0,1.000,1.000,1.000,-90.00,180.00,0.00,OPEN,0
672847.489,0,0,0,1.000,1.000,1.000,-90.00,180.00,0.00,OPEN,0
672847.539,0,0,0,1.000,1.000,1.000,-90.00,180.00,0.00,OPEN,0
672847.589,0,0,0,1.000,1.000,1.000,-90.00,180.00,0.00,OPEN,0
672847.639,0,0,0,1.000,1.000,1.000,-90.00,180.00,0.00,OPEN,0
672847.689,0,0,0,1.000,1.000,1.000,-90.00,180.00,0.00,OPEN,0
672847.739,0,0,0,1.000,1.000,1.000,-90.00,180.00,0.00,OPEN,0
672847.789,0,0,0,1.000,1.000,1.000,-90.00,180.00,0.00,OPEN,0
672847.839,0,0,0,1.000,1.000,1.000,-90.00,180.00,0.00,OPEN,0
672847.889,0,0,0,1.000,1.000,1.000,-90.00,180.00,0.00,OPEN,0
672847.939,0,0,0,1.000,1.000,1.000,-90.00,180.00,0.00,OPEN,0
672847.996,0,0,0,1.000,1.000,1.000,-90.00,180.00,0.00,OPEN,0
672848.041,0,0,0,1.000,1.000,1.000,-90.00,180.00,0.00,OPEN,0
672848.091,0,0,0,1.000,1.000,1.000,-90.00,180.00,0.00,OPEN,0
672848.140,0,0,0,1.000,1.000,1.000,-90.00,180.00,0.00,OPEN,0
672848.189,0,0,0,1.000,1.000,1.000,-90.00,180.00,0.00,OPEN,0
672848.239,0,0,0,1.000,1.000,1.000,-90.00,180.00,0.00,OPEN,0
672848.289,0,0,0,1.000,1.000,1.000,-90.00,180.00,0.00,OPEN,0
672848.338,0,0,0,1.000,1.000,1.000,-90.00,180.00,0.00,OPEN,0
672848.389,0,0,0,1.000,1.000,1.000,-90.00,180.00,0.00,OPEN,0
672848.439,0,0,0,1.000,1.000,1.000,-90.00,180.00,0.00,OPEN,0
672848.489,0,0,0,1.000,1.000,1.000,-90.00,180.00,0.00,OPEN,0
672848.539,0,0,0,1.000,1.000,1.000,-90.00,180.00,0.00,OPEN,0
672848.589,0,0,0,1.000,1.000,1.000,-90.00,180.00,0.00,OPEN,0
672848.639,0,0,0,1.000,1.000,1.000,-90.00,180.00,0.00,OPEN,0
672848.689,0,0,0,1.000,1.000,1.000,-90.00,180.00,0.00,OPEN,0
672848.739,0,0,0,1.000,1.000,1.000,-90.00,180.00,0.00,OPEN,0
672848.789,0,0,0,1.000,1.000,1.000,-90.00,180.00,0.00,OPEN,0
672848.849,0,0,0,1.000,1.000,1.000,-90.00,180.00,0.00,OPEN,0
672848.890,0,0,0,1.000,1.000,1.000,-90.00,180.00,0.00,OPEN,0
672848.938,0,0,0,1.000,1.000,1.000,-90.00,180.00,0.00,OPEN,0
672848.989,0,0,0,1.000,1.000,1.000,-90.00,180.00,0.00,OPEN,0
672849.039,0,0,0,1.000,1.000,1.000,-90.00,180.00,0.00,OPEN,0
672849.089,0,0,0,1.000,1.000,1.000,-90.00,180.00,0.00,OPEN,0
672849.139,0,0,0,1.000,1.000,1.000,-90.00,180.00,0.00,OPEN,0
672849.189,0,0,0,1.000,1.000,1.000,-90.00,180.00,0.00,OPEN,0
672849.239,0,0,0,1.000,1.000,1.000,-90.00,180.00,0.00,OPEN,0
672849.289,0,0,0,1.000,1.000,1.000,-90.00,180.00,0.00,OPEN,0
672849.339,0,0,0,1.000,1.000,1.000,-90.00,180.00,0.00,OPEN,0
672849.389,0,0,0,1.000,1.000,1.000,-90.00,180.00,0.00,OPEN,0
672849.439,0,0,0,1.000,1.000,1.000,-90.00,180.00,0.00,OPEN,0
672849.489,0,0,0,1.000,1.000,1.000,-90.00,180.00,0.00,OPEN,0
672849.539,0,0,0,1.000,1.000,1.000,-90.00,180.00,0.00,OPEN,0
672849.589,0,0,0,1.000,1.000,1.000,-90.00,180.00,0.00,OPEN,0
672849.639,0,0,0,1.000,1.000,1.000,-90.00,180.00,0.00,OPEN,0
672849.689,0,0,0,1.000,1.000,1.000,-90.00,180.00,0.00,OPEN,0
672849.739,0,0,0,1.000,1.000,1.000,-90.00,180.00,0.00,OPEN,0
672849.789,0,0,0,1.000,1.000,1.000,-90.00,180.00,0.00,OPEN,0
672849.839,0,0,0,1.000,1.000,1.000,-90.00,180.00,0.00,OPEN,0
672849.889,0,0,0,1.000,1.000,1.000,-90.00,180.00,0.00,OPEN,0
672849.939,0,0,0,1.000,1.000,1.000,-90.00,180.00,0.00,OPEN,0
672849.989,0,0,0,1.000,1.000,1.000,-90.00,180.00,0.00,OPEN,0
672850.039,0,0,0,1.000,1.000,1.000,-90.00,180.00,0.00,OPEN,0
672850.089,0,0,0,1.000,1.000,1.000,-90.00,180.00,0.00,OPEN,0
672850.139,0,0,0,1.000,1.000,1.000,-90.00,180.00,0.00,OPEN,0
672850.189,0,0,0,1.000,1.000,1.000,-90.00,180.00,0.00,OPEN,0
672850.239,0,0,0,1.000,1.000,1.000,-90.00,180.00,0.00,OPEN,0
672850.289,0,0,0,1.000,1.000,1.000,-90.00,180.00,0.00,OPEN,0
672850.339,0,0,0,1.000,1.000,1.000,-90.00,180.00,0.00,OPEN,0
672850.389,0,0,0,1.000,1.000,1.000,-90.00,180.00,0.00,OPEN,0
672850.452,0,0,0,1.000,1.000,1.000,-90.00,180.00,0.00,OPEN,0
672850.493,0,0,0,1.000,1.000,1.000,-90.00,180.00,0.00,OPEN,0
672850.539,0,0,0,1.000,1.000,1.000,-90.00,180.00,0.00,OPEN,0
672850.589,0,0,0,1.000,1.000,1.000,-90.00,180.00,0.00,OPEN,0
672850.639,0,0,0,1.000,1.000,1.000,-90.00,180.00,0.00,OPEN,0
672850.689,0,0,0,1.000,1.000,1.000,-90.00,180.00,0.00,OPEN,0
672850.739,0,0,0,1.000,1.000,1.000,-90.00,180.00,0.00,OPEN,0
672850.789,0,0,0,1.000,1.000,1.000,-90.00,180.00,0.00,OPEN,0
672850.839,0,0,0,1.000,1.000,1.000,-90.00,180.00,0.00,OPEN,0
672850.889,0,0,0,1.000,1.000,1.000,-90.00,180.00,0.00,OPEN,0
672850.939,0,0,0,1.000,1.000,1.000,-90.00,180.00,0.00,OPEN,0
672850.989,0,0,0,1.000,1.000,1.000,-90.00,180.00,0.00,OPEN,0
672851.040,0,0,0,1.000,1.000,1.000,-90.00,180.00,0.00,OPEN,0
672851.089,0,0,0,1.000,1.000,1.000,-90.00,180.00,0.00,OPEN,0
672851.139,0,0,0,1.000,1.000,1.000,-90.00,180.00,0.00,OPEN,0
672851.189,0,0,0,1.000,1.000,1.000,-90.00,180.00,0.00,OPEN,0
672851.239,0,0,0,1.000,1.000,1.000,-90.00,180.00,0.00,OPEN,0
672851.289,0,0,0,1.000,1.000,1.000,-90.00,180.00,0.00,OPEN,0
672851.339,0,0,0,1.000,1.000,1.000,-90.00,180.00,0.00,OPEN,0
672851.389,0,0,0,1.000,1.000,1.000,-90.00,180.00,0.00,OPEN,0
672851.439,0,0,0,0.991,1.000,1.000,-90.00,180.00,0.00,OPEN,0
672851.490,0,0,0,0.509,1.000,1.000,-90.00,180.00,0.00,OPEN,0
672851.539,0,0,0,0.813,1.000,1.000,-90.00,180.00,0.00,OPEN,0
672851.588,0,0,0,0.872,1.000,1.000,-90.00,180.00,0.00,OPEN,0
672851.639,0,0,0,0.874,1.000,1.000,-90.00,180.00,0.00,OPEN,0
672851.689,0,0,0,0.897,1.000,1.000,-90.00,180.00,0.00,OPEN,0
672851.740,0,0,0,0.895,1.000,1.000,-90.00,180.00,0.00,OPEN,0
672851.790,0,0,0,0.779,1.000,1.000,-90.00,180.00,0.00,OPEN,0
672851.839,0,0,0,0.676,1.000,1.000,-90.00,180.00,0.00,OPEN,0
672851.889,0,0,0,0.684,1.000,1.000,-90.00,180.00,0.00,OPEN,0
672851.961,1,0,0,0.885,1.000,1.000,-90.00,180.00,0.00,OPEN,0
672851.993,1,0,0,0.976,1.000,1.000,-90.00,180.00,0.00,OPEN,0
672852.039,1,0,0,0.997,1.000,1.000,-90.00,180.00,0.00,OPEN,0
672852.089,1,0,0,1.000,1.000,1.000,-90.00,180.00,0.00,OPEN,0
672852.139,1,0,0,1.000,1.000,1.000,-90.00,180.00,0.00,OPEN,0
672852.189,1,0,0,1.000,1.000,1.000,-90.00,180.00,0.00,OPEN,0
672852.239,1,0,0,1.000,1.000,1.000,-90.00,180.00,0.00,OPEN,0
672852.289,1,0,0,1.000,1.000,1.000,-90.00,180.00,0.00,OPEN,0
672852.339,1,0,0,1.000,1.000,1.000,-90.00,180.00,0.00,OPEN,0
672852.389,1,0,0,1.000,1.000,1.000,-90.00,180.00,0.00,OPEN,0
672852.439,1,0,0,1.000,1.000,1.000,-90.00,180.00,0.00,OPEN,0
672852.489,1,0,0,1.000,1.000,1.000,-90.00,180.00,0.00,OPEN,0
672852.539,1,0,0,1.000,1.000,1.000,-90.00,180.00,0.00,OPEN,0
672852.589,3,0,0,1.000,1.000,1.000,-90.00,180.00,0.00,OPEN,0
672852.639,3,0,0,1.000,1.000,1.000,-90.00,180.00,0.00,OPEN,0
672852.689,3,0,0,1.000,1.000,1.000,-90.00,180.00,0.00,OPEN,0
672852.739,3,0,0,1.000,1.000,1.000,-90.00,180.00,0.00,OPEN,0
672852.789,3,0,0,1.000,1.000,1.000,-90.00,180.00,0.00,OPEN,0
672852.839,3,0,0,1.000,1.000,1.000,-90.00,180.00,0.00,OPEN,0
672852.889,3,0,0,1.000,1.000,1.000,-90.00,180.00,0.00,OPEN,0
672852.940,3,0,0,1.000,1.000,1.000,-90.00,180.00,0.00,OPEN,0
672852.989,3,0,0,1.000,1.000,1.000,-90.00,180.00,0.00,OPEN,0
672853.039,3,0,0,1.000,1.000,1.000,-90.00,180.00,0.00,OPEN,0
672853.089,3,0,0,1.000,1.000,1.000,-90.00,180.00,0.00,OPEN,0
672853.139,3,0,0,1.000,1.000,1.000,-90.00,180.00,0.00,OPEN,0
672853.189,3,0,0,0.999,1.000,1.000,-90.00,180.00,0.00,OPEN,0
672853.239,3,0,0,0.999,1.000,1.000,-90.00,180.00,0.00,OPEN,0
672853.289,3,0,0,0.999,1.000,1.000,-90.00,180.00,0.00,OPEN,0
672853.339,3,0,0,0.999,1.000,1.000,-90.00,180.00,0.00,OPEN,0
672853.389,3,0,0,0.999,1.000,1.000,-90.00,180.00,0.00,OPEN,0
672853.439,3,0,0,1.000,1.000,1.000,-90.00,180.00,0.00,OPEN,0
672853.489,3,0,0,1.000,1.000,1.000,-90.00,180.00,0.00,OPEN,0
672853.539,3,0,0,1.000,1.000,1.000,-90.00,180.00,0.00,OPEN,0
672853.590,3,0,0,1.000,1.000,1.000,-90.00,180.00,0.00,OPEN,0
672853.639,3,0,0,1.000,1.000,1.000,-90.00,180.00,0.00,OPEN,0
672853.689,3,0,0,1.000,1.000,1.000,-90.00,180.00,0.00,OPEN,0
672853.740,3,0,0,1.000,1.000,1.000,-90.00,180.00,0.00,OPEN,0
672853.789,3,0,0,1.000,1.000,1.000,-90.00,180.00,0.00,OPEN,0
672853.839,3,0,0,1.000,1.000,1.000,-90.00,180.00,0.00,OPEN,0
672853.889,3,0,0,1.000,1.000,1.000,-90.00,180.00,0.00,OPEN,0
672853.939,3,0,0,1.000,1.000,1.000,-90.00,180.00,0.00,OPEN,0
672853.989,3,0,0,1.000,1.000,1.000,-90.00,180.00,0.00,OPEN,0
672854.039,3,0,0,1.000,1.000,1.000,-90.00,180.00,0.00,OPEN,0
672854.089,3,0,0,1.000,1.000,1.000,-90.00,180.00,0.00,OPEN,0
672854.139,3,0,0,1.000,1.000,1.000,-90.00,180.00,0.00,OPEN,0
672854.190,3,0,0,1.000,1.000,1.000,-90.00,180.00,0.00,OPEN,0
672854.239,3,0,0,1.000,1.000,1.000,-90.00,180.00,0.00,OPEN,0
672854.289,3,0,0,1.000,1.000,1.000,-90.00,180.00,0.00,OPEN,0
672854.339,3,0,0,1.000,1.000,1.000,-90.00,180.00,0.00,OPEN,0
672854.389,3,0,0,1.000,1.000,1.000,-90.00,180.00,0.00,OPEN,0
672854.439,3,0,0,1.000,1.000,1.000,-90.00,180.00,0.00,OPEN,0
672854.489,3,0,0,1.000,1.000,1.000,-90.00,180.00,0.00,OPEN,0
672854.539,3,0,0,1.000,1.000,1.000,-90.00,180.00,0.00,OPEN,0
672854.589,3,0,0,1.000,1.000,1.000,-90.00,180.00,0.00,OPEN,0
672854.639,3,0,0,1.000,1.000,1.000,-90.00,180.00,0.00,OPEN,0
672854.689,3,0,0,1.000,1.000,1.000,-90.00,180.00,0.00,OPEN,0
672854.739,3,0,0,1.000,1.000,1.000,-90.00,180.00,0.00,OPEN,0
672854.789,3,0,0,1.000,1.000,1.000,-90.00,180.00,0.00,OPEN,0
672854.839,3,0,0,1.000,1.000,1.000,-90.00,180.00,0.00,OPEN,0
672854.890,3,0,0,1.000,1.000,1.000,-90.00,180.00,0.00,OPEN,0
672854.939,3,0,0,1.000,1.000,1.000,-90.00,180.00,0.00,OPEN,0
672854.989,3,0,0,1.000,1.000,1.000,-90.00,180.00,0.00,OPEN,0
672855.039,3,0,0,1.000,1.000,1.000,-90.00,180.00,0.00,OPEN,0
672855.089,3,0,0,1.000,1.000,1.000,-90.00,180.00,0.00,OPEN,0
672855.139,3,0,0,1.000,1.000,1.000,-90.00,180.00,0.00,OPEN,0
672855.189,3,0,0,1.000,1.000,1.000,-90.00,180.00,0.00,OPEN,0
672855.239,3,0,0,1.000,1.000,1.000,-90.00,180.00,0.00,OPEN,0
672855.289,3,0,0,1.000,1.000,1.000,-90.00,180.00,0.00,OPEN,0
672855.339,3,0,0,1.000,1.000,1.000,-90.00,180.00,0.00,OPEN,0
672855.389,3,0,0,1.000,1.000,1.000,-90.00,180.00,0.00,OPEN,0
672855.448,3,0,0,1.000,1.000,1.000,-90.00,180.00,0.00,OPEN,0
672855.490,3,0,0,1.000,1.000,1.000,-90.00,180.00,0.00,OPEN,0
672855.539,3,0,0,1.000,1.000,1.000,-90.00,180.00,0.00,OPEN,0
672855.589,3,0,0,1.000,1.000,1.000,-90.00,180.00,0.00,OPEN,0
672855.640,3,0,0,1.000,1.000,1.000,-90.00,180.00,0.00,OPEN,0
672855.689,3,0,0,1.000,1.000,1.000,-90.00,180.00,0.00,OPEN,0
672855.739,3,0,0,1.000,1.000,1.000,-90.00,180.00,0.00,OPEN,0
672855.789,3,0,0,1.000,1.000,1.000,-90.00,180.00,0.00,OPEN,0
672855.839,3,0,0,1.000,1.000,1.000,-90.00,180.00,0.00,OPEN,0
672855.889,3,0,0,1.000,1.000,1.000,-90.00,180.00,0.00,OPEN,0
672855.939,3,0,0,1.000,1.000,1.000,-90.00,180.00,0.00,OPEN,0
672855.989,3,0,0,1.000,1.000,1.000,-90.00,180.00,0.00,OPEN,0
672856.039,3,0,0,1.000,1.000,1.000,-90.00,180.00,0.00,OPEN,0
672856.089,3,0,0,1.000,1.000,1.000,-90.00,180.00,0.00,OPEN,0
672856.139,3,0,0,1.000,1.000,1.000,-90.00,180.00,0.00,OPEN,0
672856.190,3,0,0,1.000,1.000,1.000,-90.00,180.00,0.00,OPEN,0
672856.239,3,0,0,1.000,1.000,1.000,-90.00,180.00,0.00,OPEN,0
672856.289,3,0,0,1.000,1.000,1.000,-90.00,180.00,0.00,OPEN,0
672856.339,3,0,0,1.000,1.000,1.000,-90.00,180.00,0.00,OPEN,0
672856.390,3,0,0,1.000,1.000,1.000,-90.00,180.00,0.00,OPEN,0
672856.440,3,0,0,1.000,1.000,1.000,-90.00,180.00,0.00,OPEN,0
672856.489,3,0,0,1.000,1.000,1.000,-90.00,180.00,0.00,OPEN,0
672856.539,3,0,0,1.000,1.000,1.000,-90.00,180.00,0.00,OPEN,0
672856.589,3,0,0,1.000,1.000,1.000,-90.00,180.00,0.00,OPEN,0
672856.639,3,0,0,1.000,1.000,1.000,-90.00,180.00,0.00,OPEN,0
672856.689,3,0,0,1.000,1.000,1.000,-90.00,180.00,0.00,OPEN,0
672856.739,3,0,0,1.000,1.000,1.000,-90.00,180.00,0.00,OPEN,0
672856.789,3,0,0,1.000,1.000,1.000,-90.00,180.00,0.00,OPEN,0
672856.839,3,0,0,1.000,1.000,1.000,-90.00,180.00,0.00,OPEN,0
672856.889,3,0,0,1.000,1.000,1.000,-90.00,180.00,0.00,OPEN,0
672856.939,3,0,0,1.000,1.000,1.000,-90.00,180.00,0.00,OPEN,0
672856.989,3,0,0,1.000,1.000,1.000,-90.00,180.00,0.00,OPEN,0
672857.039,3,0,0,1.000,1.000,1.000,-90.00,180.00,0.00,OPEN,0
672857.089,3,0,0,1.000,1.000,1.000,-90.00,180.00,0.00,OPEN,0
672857.139,3,0,0,1.000,1.000,1.000,-90.00,180.00,0.00,OPEN,0
672857.190,3,0,0,1.000,1.000,1.000,-90.00,180.00,0.00,OPEN,0
672857.239,3,0,0,1.000,1.000,1.000,-90.00,180.00,0.00,OPEN,0
672857.289,3,0,0,1.000,1.000,1.000,-90.00,180.00,0.00,OPEN,0
672857.338,3,0,0,1.000,1.000,1.000,-90.00,180.00,0.00,OPEN,0
672857.389,3,0,0,0.999,1.000,1.000,-90.00,180.00,0.00,OPEN,0
672857.439,3,0,0,0.990,1.000,1.000,-90.00,180.00,0.00,OPEN,0
672857.503,3,0,0,0.974,1.000,1.000,-90.00,180.00,0.00,OPEN,0
672857.542,3,0,0,0.957,1.000,1.000,-90.00,180.00,0.00,OPEN,0
672857.589,3,0,0,0.925,1.000,1.000,-90.00,180.00,0.00,OPEN,0
672857.639,3,0,0,0.902,1.000,1.000,-90.00,180.00,0.00,OPEN,0
672857.689,3,0,0,0.632,1.000,1.000,-90.00,180.00,0.00,OPEN,0
672857.739,3,0,0,0.606,1.000,1.000,-90.00,180.00,0.00,OPEN,0
672857.789,3,0,0,0.968,1.000,1.000,-90.00,180.00,0.00,OPEN,0
672857.839,3,0,0,0.988,1.000,1.000,-90.00,180.00,0.00,OPEN,0
672857.889,3,0,0,1.000,1.000,1.000,-90.00,180.00,0.00,OPEN,0
672857.939,3,0,0,1.000,1.000,1.000,-90.00,180.00,0.00,OPEN,0
672857.989,3,0,0,1.000,1.000,1.000,-90.00,180.00,0.00,OPEN,0
672858.039,3,0,0,1.000,1.000,1.000,-90.00,180.00,0.00,OPEN,0
672858.089,3,0,0,1.000,1.000,1.000,-90.00,180.00,0.00,OPEN,0
672858.139,0,0,0,1.000,1.000,1.000,-90.00,180.00,0.00,OPEN,0
672858.189,0,0,0,1.000,1.000,1.000,-90.00,180.00,0.00,OPEN,0
672858.239,0,0,0,1.000,1.000,1.000,-90.00,180.00,0.00,OPEN,0
672858.288,0,0,0,1.000,1.000,1.000,-90.00,180.00,0.00,OPEN,0
672858.339,0,0,0,1.000,1.000,1.000,-90.00,180.00,0.00,OPEN,0
672858.389,0,0,0,1.000,1.000,1.000,-90.00,180.00,0.00,OPEN,0
672858.439,0,0,0,1.000,1.000,1.000,-90.00,180.00,0.00,OPEN,0
672858.488,0,0,0,1.000,1.000,1.000,-90.00,180.00,0.00,OPEN,0
672858.539,0,0,0,1.000,1.000,1.000,-90.00,180.00,0.00,OPEN,0
672858.589,0,0,0,1.000,1.000,1.000,-90.00,180.00,0.00,OPEN,0
672858.639,0,0,0,1.000,1.000,1.000,-90.00,180.00,0.00,OPEN,0
672858.689,0,0,0,1.000,1.000,1.000,-90.00,180.00,0.00,OPEN,0
672858.739,0,0,0,1.000,1.000,1.000,-90.00,180.00,0.00,OPEN,0
672858.789,0,0,0,1.000,1.000,1.000,-90.00,180.00,0.00,OPEN,0
672858.839,0,0,0,1.000,1.000,1.000,-90.00,180.00,0.00,OPEN,0
672858.889,0,0,0,1.000,1.000,1.000,-90.00,180.00,0.00,OPEN,0
672858.939,0,0,0,1.000,1.000,1.000,-90.00,180.00,0.00,OPEN,0
672858.991,0,0,0,1.000,1.000,1.000,-90.00,180.00,0.00,OPEN,0
672859.039,0,0,0,1.000,1.000,1.000,-90.00,180.00,0.00,OPEN,0
672859.089,0,0,0,1.000,1.000,1.000,-90.00,180.00,0.00,OPEN,0
672859.138,0,0,0,1.000,1.000,1.000,-90.00,180.00,0.00,OPEN,0
672859.189,0,0,0,1.000,1.000,1.000,-90.00,180.00,0.00,OPEN,0
672859.239,0,0,0,1.000,1.000,1.000,-90.00,180.00,0.00,OPEN,0
672859.289,0,0,0,1.000,1.000,1.000,-90.00,180.00,0.00,OPEN,0
672859.339,0,0,0,1.000,1.000,1.000,-90.00,180.00,0.00,OPEN,0
672859.390,0,0,0,1.000,1.000,1.000,-90.00,180.00,0.00,OPEN,0
672859.439,0,0,0,1.000,1.000,1.000,-90.00,180.00,0.00,OPEN,0
672859.489,0,0,0,1.000,1.000,1.000,-90.00,180.00,0.00,OPEN,0
672859.539,0,0,0,1.000,1.000,1.000,-90.00,180.00,0.00,OPEN,0
672859.589,0,0,0,1.000,1.000,1.000,-90.00,180.00,0.00,OPEN,0
672859.639,0,0,0,1.000,1.000,1.000,-90.00,180.00,0.00,OPEN,0
672859.689,0,0,0,1.000,1.000,1.000,-90.00,180.00,0.00,OPEN,0
672859.739,0,0,0,1.000,1.000,1.000,-90.00,180.00,0.00,OPEN,0
672859.789,0,0,0,1.000,1.000,1.000,-90.00,180.00,0.00,OPEN,0
672859.838,0,0,0,1.000,1.000,1.000,-90.00,180.00,0.00,OPEN,0
672859.889,0,0,0,1.000,1.000,1.000,-90.00,180.00,0.00,OPEN,0
672859.939,0,0,0,1.000,1.000,1.000,-90.00,180.00,0.00,OPEN,0
672859.989,0,0,0,1.000,1.000,1.000,-90.00,180.00,0.00,OPEN,0
672860.040,0,0,0,1.000,1.000,1.000,-90.00,180.00,0.00,OPEN,0
672860.089,0,0,0,1.000,1.000,1.000,-90.00,180.00,0.00,OPEN,0
672860.140,0,0,0,1.000,1.000,1.000,-90.00,180.00,0.00,OPEN,0
672860.189,0,0,0,1.000,1.000,1.000,-90.00,180.00,0.00,OPEN,0
672860.239,0,0,0,1.000,1.000,1.000,-90.00,180.00,0.00,OPEN,0
672860.289,0,0,0,1.000,1.000,1.000,-90.00,180.00,0.00,OPEN,0
672860.340,0,0,0,1.000,1.000,1.000,-90.00,180.00,0.00,OPEN,0
672860.389,0,0,0,1.000,1.000,1.000,-90.00,180.00,0.00,OPEN,0
672860.439,0,0,0,1.000,1.000,1.000,-90.00,180.00,0.00,OPEN,0
672860.489,0,0,0,1.000,1.000,1.000,-90.00,180.00,0.00,OPEN,0
672860.539,0,0,0,1.000,1.000,1.000,-90.00,180.00,0.00,OPEN,0
672860.589,0,0,0,1.000,1.000,1.000,-90.00,180.00,0.00,OPEN,0
672860.639,0,0,0,1.000,1.000,1.000,-90.00,180.00,0.00,OPEN,0
672860.689,0,0,0,1.000,1.000,1.000,-90.00,180.00,0.00,OPEN,0
672860.739,0,0,0,1.000,1.000,1.000,-90.00,180.00,0.00,OPEN,0
672860.789,0,0,0,1.000,1.000,1.000,-90.00,180.00,0.00,OPEN,0
672860.839,0,0,0,1.000,1.000,1.000,-90.00,180.00,0.00,OPEN,0
672860.889,0,0,0,1.000,1.000,1.000,-90.00,180.00,0.00,OPEN,0
672860.939,0,0,0,1.000,1.000,1.000,-90.00,180.00,0.00,OPEN,0
672860.989,0,0,0,1.000,1.000,1.000,-90.00,180.00,0.00,OPEN,0
672861.039,0,0,0,1.000,1.000,1.000,-90.00,180.00,0.00,OPEN,0
672861.089,0,0,0,1.000,1.000,1.000,-90.00,180.00,0.00,OPEN,0
672861.139,0,0,0,1.000,1.000,1.000,-90.00,180.00,0.00,OPEN,0
672861.189,0,0,0,1.000,1.000,1.000,-90.00,180.00,0.00,OPEN,0
672861.239,0,0,0,1.000,1.000,1.000,-90.00,180.00,0.00,OPEN,0
672861.289,0,0,0,1.000,1.000,1.000,-90.00,180.00,0.00,OPEN,0
672861.339,0,0,0,1.000,1.000,1.000,-90.00,180.00,0.00,OPEN,0
672861.389,0,0,0,1.000,1.000,1.000,-90.00,180.00,0.00,OPEN,0
672861.439,0,0,0,1.000,1.000,1.000,-90.00,180.00,0.00,OPEN,0
672861.489,0,0,0,1.000,1.000,1.000,-90.00,180.00,0.00,OPEN,0
672861.552,0,0,0,1.000,1.000,1.000,-90.00,180.00,0.00,OPEN,0
672861.592,0,0,0,1.000,1.000,1.000,-90.00,180.00,0.00,OPEN,0
672861.639,0,0,0,1.000,1.000,1.000,-90.00,180.00,0.00,OPEN,0
672861.689,0,0,0,1.000,1.000,1.000,-90.00,180.00,0.00,OPEN,0
672861.739,0,0,0,1.000,1.000,1.000,-90.00,180.00,0.00,OPEN,0
672861.789,0,0,0,1.000,1.000,1.000,-90.00,180.00,0.00,OPEN,0
672861.841,0,0,0,1.000,1.000,1.000,-90.00,180.00,0.00,OPEN,0
672861.889,0,0,0,1.000,1.000,1.000,-90.00,180.00,0.00,OPEN,0
672861.939,0,0,0,1.000,1.000,1.000,-90.00,180.00,0.00,OPEN,0
672861.989,0,0,0,1.000,1.000,1.000,-90.00,180.00,0.00,OPEN,0
672862.039,0,0,0,1.000,1.000,1.000,-90.00,180.00,0.00,OPEN,0
672862.089,0,0,0,1.000,1.000,1.000,-90.00,180.00,0.00,OPEN,0
672862.139,0,0,0,1.000,1.000,1.000,-90.00,180.00,0.00,OPEN,0
672862.189,0,0,0,1.000,1.000,1.000,-90.00,180.00,0.00,OPEN,0
672862.239,0,0,0,1.000,1.000,1.000,-90.00,180.00,0.00,OPEN,0
672862.290,0,0,0,1.000,1.000,1.000,-90.00,180.00,0.00,OPEN,0
672862.339,0,0,0,1.000,1.000,1.000,-90.00,180.00,0.00,OPEN,0
672862.389,0,0,0,1.000,1.000,1.000,-90.00,180.00,0.00,OPEN,0
672862.439,0,0,0,1.000,1.000,1.000,-90.00,180.00,0.00,OPEN,0
672862.489,0,0,0,1.000,1.000,1.000,-90.00,180.00,0.00,OPEN,0
672862.539,0,0,0,1.000,1.000,1.000,-90.00,180.00,0.00,OPEN,0
672862.589,0,0,0,1.000,1.000,1.000,-90.00,180.00,0.00,OPEN,0
672862.640,0,0,0,1.000,1.000,1.000,-90.00,180.00,0.00,OPEN,0
672862.689,0,0,0,1.000,1.000,1.000,-90.00,180.00,0.00,OPEN,0
672862.739,0,0,0,1.000,1.000,1.000,-90.00,180.00,0.00,OPEN,0
672862.789,0,0,0,1.000,1.000,1.000,-90.00,180.00,0.00,OPEN,0
672862.839,0,0,0,1.000,1.000,1.000,-90.00,180.00,0.00,OPEN,0
672862.891,0,0,0,1.000,1.000,1.000,-90.00,180.00,0.00,OPEN,0
672862.939,0,0,0,1.000,1.000,1.000,-90.00,180.00,0.00,OPEN,0
672862.989,0,0,0,1.000,1.000,1.000,-90.00,180.00,0.00,OPEN,0
672863.039,0,0,0,1.000,1.000,1.000,-90.00,180.00,0.00,OPEN,0
672863.091,0,0,0,1.000,1.000,1.000,-90.00,180.00,0.00,OPEN,0
672863.145,0,0,0,1.000,1.000,1.000,-90.00,180.00,0.00,OPEN,0
672863.189,0,0,0,1.000,1.000,1.000,-90.00,180.00,0.00,OPEN,0
672863.238,0,0,0,1.000,1.000,1.000,-90.00,180.00,0.00,OPEN,0
672863.289,0,0,0,1.000,1.000,1.000,-90.00,180.00,0.00,OPEN,0
672863.339,0,0,0,1.000,1.000,1.000,-90.00,180.00,0.00,OPEN,0
672863.388,0,0,0,1.000,1.000,1.000,-90.00,180.00,0.00,OPEN,0
672863.438,0,0,0,1.000,1.000,1.000,-90.00,180.00,0.00,OPEN,0
672863.489,0,0,0,1.000,1.000,1.000,-90.00,180.00,0.00,OPEN,0
672863.539,0,0,0,1.000,1.000,1.000,-90.00,180.00,0.00,OPEN,0
672863.589,0,0,0,1.000,1.000,1.000,-90.00,180.00,0.00,OPEN,0
672863.640,0,0,0,1.000,1.000,1.000,-90.00,180.00,0.00,OPEN,0
672863.689,0,0,0,1.000,1.000,1.000,-90.00,180.00,0.00,OPEN,0
672863.739,0,0,0,1.000,1.000,1.000,-90.00,180.00,0.00,OPEN,0
672863.789,0,0,0,1.000,1.000,1.000,-90.00,180.00,0.00,OPEN,0
672863.839,0,0,0,1.000,1.000,1.000,-90.00,180.00,0.00,OPEN,0
672863.889,0,0,0,1.000,1.000,1.000,-90.00,180.00,0.00,OPEN,0
672863.939,0,0,0,1.000,1.000,1.000,-90.00,180.00,0.00,OPEN,0
672863.989,0,0,0,1.000,1.000,1.000,-90.00,180.00,0.00,OPEN,0
672864.040,0,0,0,1.000,1.000,1.000,-90.00,180.00,0.00,OPEN,0
672864.089,0,0,0,1.000,1.000,1.000,-90.00,180.00,0.00,OPEN,0
672864.139,0,0,0,1.000,1.000,1.000,-90.00,180.00,0.00,OPEN,0
672864.189,0,0,0,1.000,1.000,1.000,-90.00,180.00,0.00,OPEN,0
672864.239,0,0,0,1.000,1.000,1.000,-90.00,180.00,0.00,OPEN,0
672864.290,0,0,0,1.000,1.000,1.000,-90.00,180.00,0.00,OPEN,0
672864.339,0,0,0,1.000,1.000,1.000,-90.00,180.00,0.00,OPEN,0
672864.389,0,0,0,1.000,1.000,1.000,-90.00,180.00,0.00,OPEN,0
672864.439,0,0,0,1.000,1.000,1.000,-90.00,180.00,0.00,OPEN,0
672864.489,0,0,0,1.000,1.000,1.000,-90.00,180.00,0.00,OPEN,0
672864.539,0,0,0,1.000,1.000,1.000,-90.00,180.00,0.00,OPEN,0
672864.589,0,0,0,1.000,1.000,1.000,-90.00,180.00,0.00,OPEN,0
672864.638,0,0,0,1.000,1.000,1.000,-90.00,180.00,0.00,OPEN,0
672864.689,0,0,0,1.000,1.000,1.000,-90.00,180.00,0.00,OPEN,0
672864.754,0,0,0,1.000,1.000,1.000,-90.00,180.00,0.00,OPEN,0
672864.790,0,0,0,1.000,1.000,1.000,-90.00,180.00,0.00,OPEN,0
672864.839,0,0,0,1.000,1.000,1.000,-90.00,180.00,0.00,OPEN,0
672864.890,0,0,0,1.000,1.000,1.000,-90.00,180.00,0.00,OPEN,0
672864.939,0,0,0,1.000,0.978,0.999,-90.00,180.00,0.00,OPEN,0
672864.989,0,0,0,1.000,0.931,1.000,-90.00,180.00,0.00,OPEN,0
672865.039,0,0,0,1.000,1.000,1.000,-90.00,180.00,0.00,OPEN,0
672865.088,0,0,0,0.992,1.000,1.000,-90.00,180.00,0.00,OPEN,0
672865.139,0,0,0,0.882,1.000,1.000,-90.00,180.00,0.00,OPEN,0
672865.189,0,0,0,0.600,1.000,1.000,-90.00,180.00,0.00,OPEN,0
672865.239,0,0,0,0.533,1.000,1.000,-90.00,180.00,0.00,OPEN,0
672865.290,0,0,0,0.603,1.000,1.000,-90.00,180.00,0.00,OPEN,0
672865.339,0,0,0,0.744,1.000,1.000,-90.00,180.00,0.00,OPEN,0
672865.389,0,0,0,0.783,1.000,1.000,-90.00,180.00,0.00,OPEN,0
672865.442,0,0,0,0.792,1.000,1.000,-90.00,180.00,0.00,OPEN,0
672865.489,0,0,0,0.800,1.000,1.000,-90.00,180.00,0.00,OPEN,0
672865.539,0,0,0,0.528,1.000,1.000,-90.00,180.00,0.00,OPEN,0
672865.589,0,0,0,0.899,1.000,1.000,-90.00,180.00,0.00,OPEN,0
672865.639,0,0,0,0.999,1.000,1.000,-90.00,180.00,0.00,OPEN,0
672865.689,0,0,0,1.000,1.000,1.000,-90.00,180.00,0.00,OPEN,0
672865.739,0,0,0,1.000,1.000,1.000,-90.00,180.00,0.00,OPEN,0
672865.789,0,0,0,1.000,1.000,1.000,-90.00,180.00,0.00,OPEN,0
672865.839,0,0,0,1.000,1.000,1.000,-90.00,180.00,0.00,OPEN,0
672865.890,0,1,0,1.000,1.000,1.000,-90.00,180.00,0.00,OPEN,0
672865.939,0,1,0,1.000,1.000,1.000,-90.00,180.00,0.00,OPEN,0
672865.989,0,1,0,1.000,1.000,1.000,-90.00,180.00,0.00,OPEN,0
672866.039,0,1,0,1.000,1.000,1.000,-90.00,180.00,0.00,OPEN,0
672866.089,0,1,0,1.000,1.000,1.000,-90.00,180.00,0.00,OPEN,0
672866.139,0,1,0,1.000,1.000,1.000,-90.00,180.00,0.00,OPEN,0
672866.199,0,1,0,1.000,1.000,1.000,-90.00,180.00,0.00,OPEN,0
672866.241,0,1,0,1.000,1.000,1.000,-90.00,180.00,0.00,OPEN,0
672866.289,0,1,0,1.000,1.000,1.000,-90.00,180.00,0.00,OPEN,0
672866.339,0,1,0,1.000,1.000,1.000,-90.00,180.00,0.00,OPEN,0
672866.389,0,1,0,1.000,1.000,1.000,-90.00,180.00,0.00,OPEN,0
672866.439,0,1,0,1.000,1.000,1.000,-90.00,180.00,0.00,OPEN,0
672866.489,0,1,0,1.000,1.000,1.000,-90.00,180.00,0.00,OPEN,0
672866.539,0,1,0,1.000,1.000,1.000,-90.00,180.00,0.00,OPEN,0
672866.588,0,1,0,1.000,1.000,1.000,-90.00,180.00,0.00,OPEN,0
672866.639,0,1,0,1.000,1.000,1.000,-90.00,180.00,0.00,OPEN,0
672866.689,0,1,0,1.000,1.000,1.000,-90.00,180.00,0.00,OPEN,0
672866.740,0,1,0,1.000,1.000,1.000,-90.00,180.00,0.00,OPEN,0
672866.789,0,1,0,1.000,1.000,1.000,-90.00,180.00,0.00,OPEN,0
672866.838,0,1,0,1.000,1.000,1.000,-90.00,180.00,0.00,OPEN,0
672866.889,0,1,0,1.000,1.000,1.000,-90.00,180.00,0.00,OPEN,0
672866.939,0,1,0,1.000,1.000,1.000,-90.00,180.00,0.00,OPEN,0
672866.989,0,1,0,1.000,1.000,1.000,-90.00,180.00,0.00,OPEN,0
672867.039,0,1,0,1.000,1.000,1.000,-90.00,180.00,0.00,OPEN,0
672867.089,0,1,0,1.000,1.000,1.000,-90.00,180.00,0.00,OPEN,0
672867.139,0,1,0,1.000,1.000,1.000,-90.00,180.00,0.00,OPEN,0
672867.190,0,1,0,1.000,1.000,1.000,-90.00,180.00,0.00,OPEN,0
672867.239,0,1,0,1.000,1.000,1.000,-90.00,180.00,0.00,OPEN,0
672867.289,0,1,0,1.000,1.000,1.000,-90.00,180.00,0.00,OPEN,0
672867.339,0,1,0,1.000,1.000,1.000,-90.00,180.00,0.00,OPEN,0
672867.389,0,1,0,1.000,1.000,1.000,-90.00,180.00,0.00,OPEN,0
672867.439,0,1,0,1.000,1.000,1.000,-90.00,180.00,0.00,OPEN,0
672867.489,0,1,0,1.000,1.000,1.000,-90.00,180.00,0.00,OPEN,0
672867.539,0,1,0,1.000,1.000,1.000,-90.00,180.00,0.00,OPEN,0
672867.589,0,1,0,1.000,1.000,1.000,-90.00,180.00,0.00,OPEN,0
672867.639,0,1,0,1.000,1.000,1.000,-90.00,180.00,0.00,OPEN,0
672867.689,0,1,0,1.000,1.000,1.000,-90.00,180.00,0.00,OPEN,0
672867.739,0,1,0,1.000,1.000,1.000,-90.00,180.00,0.00,OPEN,0
672867.789,0,1,0,1.000,1.000,1.000,-90.00,180.00,0.00,OPEN,0
672867.839,0,1,0,1.000,1.000,1.000,-90.00,180.00,0.00,OPEN,0
672867.889,0,1,0,1.000,1.000,1.000,-90.00,180.00,0.00,OPEN,0
672867.939,0,1,0,1.000,1.000,1.000,-90.00,180.00,0.00,OPEN,0
672867.989,0,1,0,1.000,1.000,1.000,-90.00,180.00,0.00,OPEN,0
672868.039,0,1,0,1.000,1.000,1.000,-90.00,180.00,0.00,OPEN,0
672868.089,0,1,0,1.000,1.000,1.000,-90.00,180.00,0.00,OPEN,0
672868.139,0,1,0,1.000,1.000,1.000,-90.00,180.00,0.00,OPEN,0
672868.189,0,1,0,1.000,1.000,1.000,-90.00,180.00,0.00,OPEN,0
672868.239,0,1,0,1.000,1.000,1.000,-90.00,180.00,0.00,OPEN,0
672868.289,0,1,0,1.000,1.000,1.000,-90.00,180.00,0.00,OPEN,0
672868.339,0,1,0,1.000,1.000,1.000,-90.00,180.00,0.00,OPEN,0
672868.389,0,1,0,1.000,1.000,1.000,-90.00,180.00,0.00,OPEN,0
672868.439,0,1,0,1.000,1.000,1.000,-90.00,180.00,0.00,OPEN,0
672868.488,0,1,0,1.000,1.000,1.000,-90.00,180.00,0.00,OPEN,0
672868.539,0,1,0,1.000,1.000,1.000,-90.00,180.00,0.00,OPEN,0
672868.589,0,1,0,1.000,1.000,1.000,-90.00,180.00,0.00,OPEN,0
672868.639,0,1,0,1.000,1.000,1.000,-90.00,180.00,0.00,OPEN,0
672868.689,0,1,0,1.000,1.000,1.000,-90.00,180.00,0.00,OPEN,0
672868.739,0,1,0,1.000,1.000,1.000,-90.00,180.00,0.00,OPEN,0
672868.789,0,1,0,1.000,1.000,1.000,-90.00,180.00,0.00,OPEN,0
672868.839,0,1,0,1.000,1.000,1.000,-90.00,180.00,0.00,OPEN,0
672868.888,0,1,0,1.000,1.000,1.000,-90.00,180.00,0.00,OPEN,0
672868.939,0,1,0,1.000,1.000,1.000,-90.00,180.00,0.00,OPEN,0
672868.989,0,1,0,1.000,1.000,1.000,-90.00,180.00,0.00,OPEN,0
672869.039,0,1,0,1.000,1.000,1.000,-90.00,180.00,0.00,OPEN,0
672869.089,0,1,0,1.000,1.000,1.000,-90.00,180.00,0.00,OPEN,0
672869.139,0,1,0,1.000,1.000,1.000,-90.00,180.00,0.00,OPEN,0
672869.189,0,1,0,1.000,1.000,1.000,-90.00,180.00,0.00,OPEN,0
672869.239,0,1,0,1.000,1.000,1.000,-90.00,180.00,0.00,OPEN,0
672869.300,0,1,0,1.000,1.000,1.000,-90.00,180.00,0.00,OPEN,0
672869.340,0,1,0,1.000,1.000,1.000,-90.00,180.00,0.00,OPEN,0
672869.389,0,1,0,1.000,1.000,1.000,-90.00,180.00,0.00,OPEN,0
672869.439,0,1,0,1.000,1.000,1.000,-90.00,180.00,0.00,OPEN,0
672869.489,0,1,0,1.000,1.000,1.000,-90.00,180.00,0.00,OPEN,0
672869.539,0,1,0,1.000,1.000,1.000,-90.00,180.00,0.00,OPEN,0
672869.589,0,1,0,1.000,1.000,1.000,-90.00,180.00,0.00,OPEN,0
672869.639,0,1,0,1.000,1.000,1.000,-90.00,180.00,0.00,OPEN,0
672869.689,0,1,0,1.000,1.000,1.000,-90.00,180.00,0.00,OPEN,0
672869.739,0,1,0,1.000,1.000,1.000,-90.00,180.00,0.00,OPEN,0
672869.789,0,1,0,1.000,1.000,1.000,-90.00,180.00,0.00,OPEN,0
672869.839,0,1,0,1.000,1.000,1.000,-90.00,180.00,0.00,OPEN,0
672869.889,0,1,0,1.000,1.000,1.000,-90.00,180.00,0.00,OPEN,0
672869.940,0,1,0,1.000,1.000,1.000,-90.00,180.00,0.00,OPEN,0
672869.989,0,1,0,1.000,1.000,1.000,-90.00,180.00,0.00,OPEN,0
672870.039,0,1,0,1.000,1.000,1.000,-90.00,180.00,0.00,OPEN,0
672870.088,0,1,0,1.000,1.000,1.000,-90.00,180.00,0.00,OPEN,0
672870.139,0,1,0,1.000,1.000,1.000,-90.00,180.00,0.00,OPEN,0
672870.189,0,1,0,1.000,1.000,1.000,-90.00,180.00,0.00,OPEN,0
672870.239,0,1,0,1.000,1.000,1.000,-90.00,180.00,0.00,OPEN,0
672870.289,0,1,0,1.000,1.000,1.000,-90.00,180.00,0.00,OPEN,0
672870.339,0,1,0,1.000,1.000,1.000,-90.00,180.00,0.00,OPEN,0
672870.389,0,1,0,1.000,1.000,1.000,-90.00,180.00,0.00,OPEN,0
672870.439,0,1,0,1.000,1.000,1.000,-90.00,180.00,0.00,OPEN,0
672870.489,0,1,0,1.000,1.000,1.000,-90.00,180.00,0.00,OPEN,0
672870.539,0,1,0,1.000,1.000,1.000,-90.00,180.00,0.00,OPEN,0
672870.589,0,1,0,1.000,1.000,1.000,-90.00,180.00,0.00,OPEN,0
672870.639,0,1,0,1.000,1.000,1.000,-90.00,180.00,0.00,OPEN,0
672870.689,0,1,0,1.000,1.000,1.000,-90.00,180.00,0.00,OPEN,0
672870.739,0,1,0,1.000,1.000,1.000,-90.00,180.00,0.00,OPEN,0
672870.789,0,1,0,1.000,1.000,1.000,-90.00,180.00,0.00,OPEN,0
672870.839,0,1,0,1.000,1.000,1.000,-90.00,180.00,0.00,OPEN,0
672870.895,0,1,0,1.000,1.000,1.000,-90.00,180.00,0.00,OPEN,0
672870.940,0,1,0,1.000,1.000,1.000,-90.00,180.00,0.00,OPEN,0
672870.989,0,1,0,1.000,1.000,1.000,-90.00,180.00,0.00,OPEN,0
672871.039,0,1,0,1.000,1.000,1.000,-90.00,180.00,0.00,OPEN,0
672871.088,0,1,0,1.000,1.000,1.000,-90.00,180.00,0.00,OPEN,0
672871.139,0,1,0,1.000,0.994,1.000,-90.00,180.00,0.00,OPEN,0
672871.189,0,1,0,1.000,0.847,1.000,-90.00,180.00,0.00,OPEN,0
672871.239,0,1,0,1.000,0.733,1.000,-90.00,180.00,0.00,OPEN,0
672871.290,0,1,0,1.000,0.937,1.000,-90.00,180.00,0.00,OPEN,0
672871.339,0,1,0,1.000,0.924,1.000,-90.00,180.00,0.00,OPEN,0
672871.388,0,1,0,1.000,0.945,1.000,-90.00,180.00,0.00,OPEN,0
672871.439,0,1,0,1.000,0.951,1.000,-90.00,180.00,0.00,OPEN,0
672871.489,0,1,0,1.000,0.982,1.000,-90.00,180.00,0.00,OPEN,0
672871.539,0,1,0,1.000,0.997,1.000,-90.00,180.00,0.00,OPEN,0
672871.589,0,1,0,1.000,1.000,1.000,-90.00,180.00,0.00,OPEN,0
672871.640,0,1,0,1.000,1.000,1.000,-90.00,180.00,0.00,OPEN,0
672871.690,0,1,0,1.000,1.000,1.000,-90.00,180.00,0.00,OPEN,0
672871.739,0,1,0,1.000,1.000,1.000,-90.00,180.00,0.00,OPEN,0
672871.789,0,1,0,1.000,1.000,1.000,-90.00,180.00,0.00,OPEN,0
672871.839,0,1,0,1.000,0.999,1.000,-90.00,180.00,0.00,OPEN,0
672871.889,0,1,0,1.000,0.997,1.000,-90.00,180.00,0.00,OPEN,0
672871.939,0,1,0,1.000,0.992,1.000,-90.00,180.00,0.00,OPEN,0
672871.989,0,1,0,1.000,0.943,1.000,-90.00,180.00,0.00,OPEN,0
672872.039,0,1,0,1.000,0.813,1.000,-90.00,180.00,0.00,OPEN,0
672872.089,0,1,0,1.000,0.698,1.000,-90.00,180.00,0.00,OPEN,0
672872.139,0,1,0,1.000,0.539,1.000,-90.00,180.00,0.00,OPEN,0
672872.189,0,0,0,1.000,0.567,1.000,-90.00,180.00,0.00,OPEN,0
672872.239,0,0,0,1.000,0.825,1.000,-90.00,180.00,0.00,OPEN,0
672872.302,0,0,0,1.000,0.990,1.000,-90.00,180.00,0.00,OPEN,0
672872.341,0,0,0,1.000,0.999,1.000,-90.00,180.00,0.00,OPEN,0
672872.389,0,0,0,1.000,1.000,1.000,-90.00,180.00,0.00,OPEN,0
672872.439,0,0,0,1.000,1.000,1.000,-90.00,180.00,0.00,OPEN,0
672872.489,0,0,0,1.000,1.000,1.000,-90.00,180.00,0.00,OPEN,0
672872.539,0,0,0,1.000,1.000,1.000,-90.00,180.00,0.00,OPEN,0
672872.590,0,0,0,1.000,1.000,1.000,-90.00,180.00,0.00,OPEN,0
672872.639,0,0,0,1.000,1.000,1.000,-90.00,180.00,0.00,OPEN,0
672872.689,0,0,0,1.000,1.000,1.000,-90.00,180.00,0.00,OPEN,0
672872.739,0,0,0,1.000,1.000,1.000,-90.00,180.00,0.00,OPEN,0
672872.789,0,0,0,1.000,1.000,1.000,-90.00,180.00,0.00,OPEN,0
672872.839,0,0,0,1.000,1.000,1.000,-90.00,180.00,0.00,OPEN,0
672872.889,0,0,0,1.000,1.000,1.000,-90.00,180.00,0.00,OPEN,0
672872.939,0,0,0,1.000,1.000,1.000,-90.00,180.00,0.00,OPEN,0
672872.989,0,0,0,1.000,1.000,1.000,-90.00,180.00,0.00,OPEN,0
672873.039,0,0,0,1.000,1.000,1.000,-90.00,180.00,0.00,OPEN,0
672873.089,0,0,0,1.000,1.000,1.000,-90.00,180.00,0.00,OPEN,0
672873.139,0,0,0,1.000,1.000,1.000,-90.00,180.00,0.00,OPEN,0
672873.190,0,0,0,1.000,1.000,1.000,-90.00,180.00,0.00,OPEN,0
672873.239,0,0,0,1.000,1.000,1.000,-90.00,180.00,0.00,OPEN,0
672873.289,0,0,0,1.000,1.000,1.000,-90.00,180.00,0.00,OPEN,0
672873.339,0,0,0,1.000,1.000,1.000,-90.00,180.00,0.00,OPEN,0
672873.390,0,0,0,1.000,1.000,1.000,-90.00,180.00,0.00,OPEN,0
672873.439,0,0,0,1.000,1.000,1.000,-90.00,180.00,0.00,OPEN,0
672873.489,0,0,0,1.000,1.000,1.000,-90.00,180.00,0.00,OPEN,0
672873.539,0,0,0,1.000,1.000,1.000,-90.00,180.00,0.00,OPEN,0
672873.589,0,0,0,1.000,1.000,1.000,-90.00,180.00,0.00,OPEN,0
672873.640,0,0,0,1.000,1.000,1.000,-90.00,180.00,0.00,OPEN,0
672873.689,0,0,0,1.000,1.000,1.000,-90.00,180.00,0.00,OPEN,0
672873.739,0,0,0,1.000,1.000,1.000,-90.00,180.00,0.00,OPEN,0
672873.789,0,0,0,1.000,1.000,1.000,-90.00,180.00,0.00,OPEN,0
672873.839,0,0,0,1.000,1.000,1.000,-90.00,180.00,0.00,OPEN,0
672873.889,0,0,0,1.000,1.000,1.000,-90.00,180.00,0.00,OPEN,0
672873.939,0,0,0,1.000,1.000,1.000,-90.00,180.00,0.00,OPEN,0
672873.989,0,0,0,1.000,1.000,1.000,-90.00,180.00,0.00,OPEN,0
672874.039,0,0,0,1.000,1.000,1.000,-90.00,180.00,0.00,OPEN,0
672874.090,0,0,0,1.000,1.000,1.000,-90.00,180.00,0.00,OPEN,0
672874.139,0,0,0,1.000,1.000,1.000,-90.00,180.00,0.00,OPEN,0
672874.189,0,0,0,1.000,1.000,1.000,-90.00,180.00,0.00,OPEN,0
672874.239,0,0,0,1.000,1.000,1.000,-90.00,180.00,0.00,OPEN,0
672874.289,0,0,0,1.000,1.000,1.000,-90.00,180.00,0.00,OPEN,0
672874.339,0,0,0,1.000,1.000,1.000,-90.00,180.00,0.00,OPEN,0
672874.389,0,0,0,1.000,1.000,1.000,-90.00,180.00,0.00,OPEN,0
672874.441,0,0,0,1.000,1.000,1.000,-90.00,180.00,0.00,OPEN,0
672874.489,0,0,0,1.000,1.000,1.000,-90.00,180.00,0.00,OPEN,0
672874.539,0,0,0,1.000,1.000,1.000,-90.00,180.00,0.00,OPEN,0
672874.589,0,0,0,1.000,1.000,1.000,-90.00,180.00,0.00,OPEN,0
672874.639,0,0,0,1.000,1.000,1.000,-90.00,180.00,0.00,OPEN,0
672874.689,0,0,0,1.000,1.000,1.000,-90.00,180.00,0.00,OPEN,0
672874.740,0,0,0,1.000,1.000,1.000,-90.00,180.00,0.00,OPEN,0
672874.789,0,0,0,1.000,1.000,1.000,-90.00,180.00,0.00,OPEN,0
672874.842,0,0,0,1.000,1.000,1.000,-90.00,180.00,0.00,OPEN,0
672874.889,0,0,0,1.000,1.000,1.000,-90.00,180.00,0.00,OPEN,0
672874.940,0,0,0,1.000,1.000,1.000,-90.00,180.00,0.00,OPEN,0
672874.989,0,0,0,1.000,1.000,1.000,-90.00,180.00,0.00,OPEN,0
672875.039,0,0,0,1.000,1.000,1.000,-90.00,180.00,0.00,OPEN,0
672875.089,0,0,0,1.000,1.000,1.000,-90.00,180.00,0.00,OPEN,0
672875.146,0,0,0,1.000,1.000,1.000,-90.00,180.00,0.00,OPEN,0
672875.189,0,0,0,1.000,1.000,1.000,-90.00,180.00,0.00,OPEN,0
672875.239,0,0,0,1.000,1.000,1.000,-90.00,180.00,0.00,OPEN,0
672875.289,0,0,0,1.000,1.000,1.000,-90.00,180.00,0.00,OPEN,0
672875.340,0,0,0,1.000,1.000,1.000,-90.00,180.00,0.00,OPEN,0
672875.389,0,0,0,1.000,1.000,1.000,-90.00,180.00,0.00,OPEN,0
672875.439,0,0,0,1.000,1.000,1.000,-90.00,180.00,0.00,OPEN,0
672875.489,0,0,0,1.000,1.000,1.000,-90.00,180.00,0.00,OPEN,0
672875.539,0,0,0,1.000,1.000,1.000,-90.00,180.00,0.00,OPEN,0
672875.589,0,0,0,1.000,1.000,1.000,-90.00,180.00,0.00,OPEN,0
672875.639,0,0,0,1.000,1.000,1.000,-90.00,180.00,0.00,OPEN,0
672875.689,0,0,0,1.000,1.000,1.000,-90.00,180.00,0.00,OPEN,0
672875.739,0,0,0,1.000,1.000,1.000,-90.00,180.00,0.00,OPEN,0
672875.789,0,0,0,1.000,1.000,1.000,-90.00,180.00,0.00,OPEN,0
672875.839,0,0,0,1.000,1.000,1.000,-90.00,180.00,0.00,OPEN,0
672875.889,0,0,0,1.000,1.000,1.000,-90.00,180.00,0.00,OPEN,0
672875.939,0,0,0,1.000,1.000,1.000,-90.00,180.00,0.00,OPEN,0
672875.989,0,0,0,1.000,1.000,1.000,-90.00,180.00,0.00,OPEN,0
672876.039,0,0,0,1.000,1.000,1.000,-90.00,180.00,0.00,OPEN,0
672876.089,0,0,0,1.000,1.000,1.000,-90.00,180.00,0.00,OPEN,0
672876.139,0,0,0,1.000,1.000,1.000,-90.00,180.00,0.00,OPEN,0
672876.189,0,0,0,1.000,1.000,1.000,-90.00,180.00,0.00,OPEN,0
672876.239,0,0,0,1.000,1.000,1.000,-90.00,180.00,0.00,OPEN,0
672876.289,0,0,0,1.000,1.000,1.000,-90.00,180.00,0.00,OPEN,0
672876.339,0,0,0,1.000,1.000,1.000,-90.00,180.00,0.00,OPEN,0
672876.389,0,0,0,1.000,1.000,1.000,-90.00,180.00,0.00,OPEN,0
672876.439,0,0,0,1.000,1.000,1.000,-90.00,180.00,0.00,OPEN,0
672876.489,0,0,0,1.000,1.000,1.000,-90.00,180.00,0.00,OPEN,0
672876.539,0,0,0,1.000,1.000,1.000,-90.00,180.00,0.00,OPEN,0
672876.589,0,0,0,1.000,1.000,1.000,-90.00,180.00,0.00,OPEN,0
672876.639,0,0,0,1.000,1.000,1.000,-90.00,180.00,0.00,OPEN,0
672876.689,0,0,0,1.000,1.000,1.000,-90.00,180.00,0.00,OPEN,0
672876.754,0,0,0,1.000,1.000,1.000,-90.00,180.00,0.00,OPEN,0
672876.790,0,0,0,1.000,1.000,1.000,-90.00,180.00,0.00,OPEN,0
672876.839,0,0,0,1.000,1.000,1.000,-90.00,180.00,0.00,OPEN,0
672876.889,0,0,0,1.000,1.000,1.000,-90.00,180.00,0.00,OPEN,0
672876.939,0,0,0,1.000,1.000,1.000,-90.00,180.00,0.00,OPEN,0
672876.989,0,0,0,1.000,1.000,1.000,-90.00,180.00,0.00,OPEN,0
672877.038,0,0,0,1.000,1.000,1.000,-90.00,180.00,0.00,OPEN,0
672877.089,0,0,0,1.000,1.000,1.000,-90.00,180.00,0.00,OPEN,0
672877.139,0,0,0,1.000,1.000,1.000,-90.00,180.00,0.00,OPEN,0
672877.189,0,0,0,1.000,1.000,1.000,-90.00,180.00,0.00,OPEN,0
672877.239,0,0,0,1.000,1.000,1.000,-90.00,180.00,0.00,OPEN,0
672877.289,0,0,0,1.000,1.000,1.000,-90.00,180.00,0.00,OPEN,0
672877.339,0,0,0,1.000,1.000,1.000,-90.00,180.00,0.00,OPEN,0
672877.389,0,0,0,1.000,1.000,1.000,-90.00,180.00,0.00,OPEN,0
672877.439,0,0,0,1.000,1.000,1.000,-90.00,180.00,0.00,OPEN,0
672877.489,0,0,0,1.000,1.000,1.000,-90.00,180.00,0.00,OPEN,0
672877.539,0,0,0,1.000,1.000,1.000,-90.00,180.00,0.00,OPEN,0
672877.589,0,0,0,1.000,1.000,1.000,-90.00,180.00,0.00,OPEN,0
672877.639,0,0,0,1.000,1.000,1.000,-90.00,180.00,0.00,OPEN,0
672877.689,0,0,0,1.000,1.000,1.000,-90.00,180.00,0.00,OPEN,0
672877.739,0,0,0,1.000,1.000,1.000,-90.00,180.00,0.00,OPEN,0
672877.789,0,0,0,1.000,1.000,1.000,-90.00,180.00,0.00,OPEN,0
672877.839,0,0,0,1.000,1.000,1.000,-90.00,180.00,0.00,OPEN,0
672877.889,0,0,0,1.000,1.000,1.000,-90.00,180.00,0.00,OPEN,0
672877.939,0,0,0,1.000,1.000,1.000,-90.00,180.00,0.00,OPEN,0
672877.989,0,0,0,1.000,1.000,1.000,-90.00,180.00,0.00,OPEN,0
672878.039,0,0,0,1.000,1.000,1.000,-90.00,180.00,0.00,OPEN,0
672878.089,0,0,0,1.000,1.000,1.000,-90.00,180.00,0.00,OPEN,0
672878.138,0,0,0,1.000,1.000,1.000,-90.00,180.00,0.00,OPEN,0
672878.189,0,0,0,1.000,1.000,1.000,-90.00,180.00,0.00,OPEN,0
672878.239,0,0,0,1.000,1.000,1.000,-90.00,180.00,0.00,OPEN,0
672878.288,0,0,0,1.000,1.000,1.000,-90.00,180.00,0.00,OPEN,0
672878.339,0,0,0,1.000,1.000,1.000,-90.00,180.00,0.00,OPEN,0
672878.408,0,0,0,1.000,1.000,1.000,-90.00,180.00,0.00,OPEN,0
672878.442,0,0,0,1.000,1.000,1.000,-90.00,180.00,0.00,OPEN,0
672878.488,0,0,0,1.000,1.000,1.000,-90.00,180.00,0.00,OPEN,0
672878.539,0,0,0,1.000,0.970,0.997,-90.00,180.00,0.00,OPEN,0
672878.589,0,0,0,1.000,1.000,0.813,-90.00,180.00,0.00,OPEN,0
672878.639,0,0,0,1.000,1.000,0.944,-90.00,180.00,0.00,OPEN,0
672878.689,0,0,0,1.000,1.000,0.997,-90.00,180.00,0.00,OPEN,0
672878.739,0,0,0,1.000,1.000,1.000,-90.00,180.00,0.00,OPEN,0
672878.789,0,0,0,1.000,1.000,1.000,-90.00,180.00,0.00,OPEN,0
672878.839,0,0,0,1.000,1.000,1.000,-90.00,180.00,0.00,OPEN,0
672878.889,0,0,0,1.000,1.000,1.000,-90.00,180.00,0.00,OPEN,0
672878.939,0,0,0,1.000,1.000,1.000,-90.00,180.00,0.00,OPEN,0
672878.990,0,0,0,1.000,1.000,1.000,-90.00,180.00,0.00,OPEN,0
672879.039,0,0,0,1.000,1.000,1.000,-90.00,180.00,0.00,OPEN,0
672879.089,0,0,0,1.000,1.000,1.000,-90.00,180.00,0.00,OPEN,0
672879.138,0,0,0,1.000,1.000,1.000,-90.00,180.00,0.00,OPEN,0
672879.188,0,0,0,1.000,0.993,1.000,-90.00,180.00,0.00,OPEN,0
672879.240,0,0,0,1.000,0.669,1.000,-90.00,180.00,0.00,OPEN,0
672879.289,0,0,0,1.000,0.996,1.000,-90.00,180.00,0.00,OPEN,0
672879.339,0,0,0,1.000,1.000,1.000,-90.00,180.00,0.00,OPEN,0
672879.388,0,0,0,1.000,1.000,1.000,-90.00,180.00,0.00,OPEN,0
672879.439,0,0,0,1.000,1.000,1.000,-90.00,180.00,0.00,OPEN,0
672879.489,0,1,0,1.000,1.000,1.000,-90.00,180.00,0.00,OPEN,0
672879.539,0,1,1,1.000,1.000,1.000,-90.00,180.00,0.00,OPEN,0
672879.589,0,1,1,1.000,1.000,1.000,-90.00,180.00,0.00,OPEN,0
672879.653,0,1,1,1.000,1.000,1.000,-90.00,180.00,0.00,OPEN,0
672879.691,0,1,1,1.000,1.000,1.000,-90.00,180.00,0.00,OPEN,0
672879.739,0,1,1,1.000,1.000,1.000,-90.00,180.00,0.00,OPEN,0
672879.789,0,1,1,1.000,1.000,1.000,-90.00,180.00,0.00,OPEN,0
672879.839,0,1,1,1.000,1.000,1.000,-90.00,180.00,0.00,OPEN,0
672879.889,0,1,1,1.000,1.000,1.000,-90.00,180.00,0.00,OPEN,0
672879.939,0,1,1,1.000,1.000,1.000,-90.00,180.00,0.00,OPEN,0
672879.990,0,1,1,1.000,1.000,1.000,-90.00,180.00,0.00,OPEN,0
672880.039,0,1,1,1.000,1.000,1.000,-90.00,180.00,0.00,OPEN,0
672880.089,0,1,1,1.000,1.000,1.000,-90.00,180.00,0.00,OPEN,0
672880.139,0,1,1,1.000,1.000,1.000,-90.00,180.00,0.00,OPEN,0
672880.190,0,0,1,1.000,1.000,1.000,-90.00,180.00,0.00,OPEN,0
672880.239,0,0,1,1.000,1.000,1.000,-90.00,180.00,0.00,OPEN,0
672880.289,0,0,1,1.000,1.000,1.000,-90.00,180.00,0.00,OPEN,0
672880.339,0,0,1,1.000,0.999,1.000,-90.00,180.00,0.00,OPEN,0
672880.390,0,0,1,1.000,0.999,1.000,-90.00,180.00,0.00,OPEN,0
672880.439,0,0,1,1.000,0.998,1.000,-90.00,180.00,0.00,OPEN,0
672880.490,0,0,1,1.000,0.998,1.000,-90.00,180.00,0.00,OPEN,0
672880.539,0,0,1,1.000,0.998,1.000,-90.00,180.00,0.00,OPEN,0
672880.589,0,0,1,1.000,0.998,1.000,-90.00,180.00,0.00,OPEN,0
672880.639,0,0,1,1.000,0.996,1.000,-90.00,180.00,0.00,OPEN,0
672880.689,0,0,1,1.000,0.993,1.000,-90.00,180.00,0.00,OPEN,0
672880.739,0,0,1,1.000,0.986,1.000,-90.00,180.00,0.00,OPEN,0
672880.789,0,0,1,1.000,0.978,1.000,-90.00,180.00,0.00,OPEN,0
672880.839,0,0,1,1.000,0.975,1.000,-90.00,180.00,0.00,OPEN,0
672880.889,0,0,1,1.000,0.979,1.000,-90.00,180.00,0.00,OPEN,0
672880.939,0,0,1,1.000,0.985,1.000,-90.00,180.00,0.00,OPEN,0
672880.990,0,0,1,1.000,0.991,1.000,-90.00,180.00,0.00,OPEN,0
672881.039,0,0,1,1.000,0.994,1.000,-90.00,180.00,0.00,OPEN,0
672881.089,0,0,1,1.000,0.997,1.000,-90.00,180.00,0.00,OPEN,0
672881.139,0,0,1,1.000,0.999,1.000,-90.00,180.00,0.00,OPEN,0
672881.189,0,0,1,1.000,1.000,1.000,-90.00,180.00,0.00,OPEN,0
672881.239,0,0,1,1.000,1.000,1.000,-90.00,180.00,0.00,OPEN,0
672881.289,0,0,1,1.000,1.000,1.000,-90.00,180.00,0.00,OPEN,0
672881.339,0,0,1,1.000,1.000,1.000,-90.00,180.00,0.00,OPEN,0
672881.389,0,0,1,1.000,1.000,1.000,-90.00,180.00,0.00,OPEN,0
672881.439,0,0,1,1.000,1.000,1.000,-90.00,180.00,0.00,OPEN,0
672881.489,0,0,1,1.000,1.000,1.000,-90.00,180.00,0.00,OPEN,0
672881.539,0,0,1,1.000,1.000,1.000,-90.00,180.00,0.00,OPEN,0
672881.589,0,0,1,1.000,1.000,1.000,-90.00,180.00,0.00,OPEN,0
672881.639,0,0,1,1.000,1.000,1.000,-90.00,180.00,0.00,OPEN,0
672881.689,0,0,1,1.000,1.000,1.000,-90.00,180.00,0.00,OPEN,0
672881.739,0,0,1,1.000,1.000,1.000,-90.00,180.00,0.00,OPEN,0
672881.789,0,0,1,1.000,1.000,1.000,-90.00,180.00,0.00,OPEN,0
672881.839,0,0,1,1.000,1.000,1.000,-90.00,180.00,0.00,OPEN,0
672881.889,0,0,1,1.000,1.000,1.000,-90.00,180.00,0.00,OPEN,0
672881.939,0,0,1,1.000,1.000,1.000,-90.00,180.00,0.00,OPEN,0
672881.989,0,0,1,1.000,1.000,1.000,-90.00,180.00,0.00,OPEN,0
672882.040,0,0,1,1.000,1.000,1.000,-90.00,180.00,0.00,OPEN,0
672882.089,0,0,1,1.000,1.000,1.000,-90.00,180.00,0.00,OPEN,0
672882.139,0,0,1,1.000,1.000,1.000,-90.00,180.00,0.00,OPEN,0
672882.189,0,0,1,1.000,1.000,1.000,-90.00,180.00,0.00,OPEN,0
672882.239,0,0,1,1.000,1.000,1.000,-90.00,180.00,0.00,OPEN,0
672882.289,0,0,1,1.000,1.000,1.000,-90.00,180.00,0.00,OPEN,0
672882.339,0,0,1,1.000,1.000,1.000,-90.00,180.00,0.00,OPEN,0
672882.389,0,0,1,1.000,1.000,1.000,-90.00,180.00,0.00,OPEN,0
672882.439,0,0,1,1.000,1.000,1.000,-90.00,180.00,0.00,OPEN,0
672882.489,0,0,1,1.000,1.000,1.000,-90.00,180.00,0.00,OPEN,0
672882.539,0,0,1,1.000,1.000,1.000,-90.00,180.00,0.00,OPEN,0
672882.589,0,0,1,1.000,1.000,1.000,-90.00,180.00,0.00,OPEN,0
672882.638,0,0,1,1.000,1.000,1.000,-90.00,180.00,0.00,OPEN,0
672882.689,0,0,1,1.000,1.000,1.000,-90.00,180.00,0.00,OPEN,0
672882.739,0,0,1,1.000,1.000,1.000,-90.00,180.00,0.00,OPEN,0
672882.789,0,0,1,1.000,1.000,1.000,-90.00,180.00,0.00,OPEN,0
672882.839,0,0,1,1.000,1.000,1.000,-90.00,180.00,0.00,OPEN,0
672882.889,0,0,1,1.000,1.000,1.000,-90.00,180.00,0.00,OPEN,0
672882.939,0,0,1,1.000,1.000,1.000,-90.00,180.00,0.00,OPEN,0
672882.990,0,0,1,1.000,1.000,1.000,-90.00,180.00,0.00,OPEN,0
672883.039,0,0,1,1.000,1.000,1.000,-90.00,180.00,0.00,OPEN,0
672883.088,0,0,1,1.000,1.000,1.000,-90.00,180.00,0.00,OPEN,0
672883.156,0,0,1,1.000,1.000,1.000,-90.00,180.00,0.00,OPEN,0
672883.193,0,0,1,1.000,1.000,1.000,-90.00,180.00,0.00,OPEN,0
672883.239,0,0,1,1.000,1.000,1.000,-90.00,180.00,0.00,OPEN,0
672883.290,0,0,1,1.000,1.000,1.000,-90.00,180.00,0.00,OPEN,0
672883.339,0,0,1,1.000,1.000,1.000,-90.00,180.00,0.00,OPEN,0
672883.389,0,0,1,1.000,1.000,1.000,-90.00,180.00,0.00,OPEN,0
672883.439,0,0,1,0.999,1.000,1.000,-90.00,180.00,0.00,OPEN,0
672883.489,0,0,1,1.000,1.000,1.000,-90.00,180.00,0.00,OPEN,0
672883.539,0,0,1,1.000,1.000,1.000,-90.00,180.00,0.00,OPEN,0
672883.589,0,0,1,1.000,1.000,1.000,-90.00,180.00,0.00,OPEN,0
672883.639,0,0,1,1.000,1.000,1.000,-90.00,180.00,0.00,OPEN,0
672883.689,0,0,1,1.000,1.000,1.000,-90.00,180.00,0.00,OPEN,0
672883.739,0,0,1,1.000,1.000,1.000,-90.00,180.00,0.00,OPEN,0
672883.789,0,0,1,1.000,1.000,1.000,-90.00,180.00,0.00,OPEN,0
672883.839,0,0,1,1.000,1.000,1.000,-90.00,180.00,0.00,OPEN,0
672883.889,0,0,1,1.000,1.000,1.000,-90.00,180.00,0.00,OPEN,0
672883.939,0,0,1,1.000,1.000,1.000,-90.00,180.00,0.00,OPEN,0
672883.989,0,0,1,1.000,1.000,1.000,-90.00,180.00,0.00,OPEN,0
672884.039,0,0,1,1.000,1.000,1.000,-90.00,180.00,0.00,OPEN,0
672884.089,0,0,1,1.000,1.000,1.000,-90.00,180.00,0.00,OPEN,0
672884.139,0,0,1,1.000,1.000,1.000,-90.00,180.00,0.00,OPEN,0
672884.189,0,0,1,1.000,1.000,1.000,-90.00,180.00,0.00,OPEN,0
672884.239,0,0,1,1.000,1.000,1.000,-90.00,180.00,0.00,OPEN,0
672884.289,0,0,1,1.000,1.000,1.000,-90.00,180.00,0.00,OPEN,0
672884.339,0,0,1,1.000,0.998,1.000,-90.00,180.00,0.00,OPEN,0
672884.389,0,0,1,1.000,0.926,1.000,-90.00,180.00,0.00,OPEN,0
672884.439,0,0,1,1.000,0.562,1.000,-90.00,180.00,0.00,OPEN,0
672884.489,0,0,1,1.000,0.554,1.000,-90.00,180.00,0.00,OPEN,0
672884.539,0,0,1,1.000,0.803,1.000,-90.00,180.00,0.00,OPEN,0
672884.590,0,0,1,1.000,0.949,1.000,-90.00,180.00,0.00,OPEN,0
672884.639,0,0,1,1.000,0.992,1.000,-90.00,180.00,0.00,OPEN,0
672884.689,0,0,1,1.000,0.998,1.000,-90.00,180.00,0.00,OPEN,0
672884.739,0,0,1,1.000,1.000,1.000,-90.00,180.00,0.00,OPEN,0
672884.789,0,0,1,1.000,1.000,1.000,-90.00,180.00,0.00,OPEN,0
672884.839,0,0,1,1.000,1.000,1.000,-90.00,180.00,0.00,OPEN,0
672884.889,0,0,1,1.000,1.000,1.000,-90.00,180.00,0.00,OPEN,0
672884.939,0,0,1,1.000,1.000,1.000,-90.00,180.00,0.00,OPEN,0
672884.989,0,0,1,1.000,1.000,1.000,-90.00,180.00,0.00,OPEN,0
672885.039,0,0,1,0.999,0.994,1.000,-90.00,180.00,0.00,OPEN,0
672885.089,0,0,1,0.999,0.734,1.000,-90.00,180.00,0.00,OPEN,0
672885.139,0,0,1,0.998,0.974,1.000,-90.00,180.00,0.00,OPEN,0
672885.188,0,0,1,0.997,0.999,1.000,-90.00,180.00,0.00,OPEN,0
672885.239,0,0,1,0.996,1.000,1.000,-90.00,180.00,0.00,OPEN,0
672885.289,0,0,1,0.997,1.000,0.999,-90.00,180.00,0.00,OPEN,0
672885.339,0,0,1,0.997,1.000,0.998,-90.00,180.00,0.00,OPEN,0
672885.390,0,0,1,0.995,1.000,0.997,-90.00,180.00,0.00,OPEN,0
672885.439,0,0,1,0.995,1.000,0.996,-90.00,180.00,0.00,OPEN,0
672885.501,0,0,1,0.998,1.000,0.984,-90.00,180.00,0.00,OPEN,0
672885.541,0,0,1,0.998,1.000,0.705,-90.00,180.00,0.00,OPEN,0
672885.589,0,0,1,0.999,0.999,0.774,-90.00,180.00,0.00,OPEN,0
672885.639,0,0,1,1.000,0.994,0.958,-90.00,180.00,0.00,OPEN,0
672885.689,0,0,1,0.999,0.967,0.993,-90.00,180.00,0.00,OPEN,0
672885.739,0,0,1,0.998,0.825,0.998,-90.00,180.00,0.00,OPEN,0
672885.789,0,0,1,1.000,0.551,1.000,-90.00,180.00,0.00,OPEN,0
672885.839,0,0,1,1.000,0.924,1.000,-90.00,180.00,0.00,OPEN,0
672885.889,0,0,1,1.000,0.998,1.000,-90.00,180.00,0.00,OPEN,0
672885.939,0,0,1,1.000,1.000,1.000,-90.00,180.00,0.00,OPEN,0
672885.994,0,0,1,1.000,1.000,1.000,-90.00,180.00,0.00,OPEN,0
672886.039,0,1,1,1.000,1.000,1.000,-90.00,180.00,0.00,OPEN,0
672886.089,0,1,1,1.000,1.000,1.000,-90.00,180.00,0.00,OPEN,0
672886.139,0,1,1,1.000,1.000,1.000,-90.00,180.00,0.00,OPEN,0
672886.188,0,1,1,1.000,1.000,1.000,-90.00,180.00,0.00,OPEN,0
672886.239,0,1,1,1.000,1.000,1.000,-90.00,180.00,0.00,OPEN,0
672886.289,0,1,1,1.000,1.000,1.000,-90.00,180.00,0.00,OPEN,0
672886.339,0,1,1,1.000,1.000,1.000,-90.00,180.00,0.00,OPEN,0
672886.389,0,1,1,1.000,1.000,1.000,-90.00,180.00,0.00,OPEN,0
672886.439,0,1,0,1.000,1.000,1.000,-90.00,180.00,0.00,OPEN,0
672886.488,0,1,0,1.000,1.000,1.000,-90.00,180.00,0.00,OPEN,0
672886.539,0,1,0,1.000,1.000,1.000,-90.00,180.00,0.00,OPEN,0
672886.589,0,1,0,0.999,1.000,1.000,-90.00,180.00,0.00,OPEN,0
672886.639,0,1,0,0.999,1.000,1.000,-90.00,180.00,0.00,OPEN,0
672886.689,0,0,0,1.000,1.000,1.000,-90.00,180.00,0.00,OPEN,0
672886.739,0,0,0,1.000,1.000,1.000,-90.00,180.00,0.00,OPEN,0
672886.789,0,0,0,1.000,1.000,1.000,-90.00,180.00,0.00,OPEN,0
672886.839,0,0,0,1.000,1.000,1.000,-90.00,180.00,0.00,OPEN,0
672886.889,0,0,0,1.000,1.000,1.000,-90.00,180.00,0.00,OPEN,0
672886.939,0,0,0,1.000,1.000,1.000,-90.00,180.00,0.00,OPEN,0
672886.989,0,0,0,1.000,1.000,1.000,-90.00,180.00,0.00,OPEN,0
672887.039,0,0,0,1.000,1.000,1.000,-90.00,180.00,0.00,OPEN,0
672887.099,0,0,0,1.000,1.000,1.000,-90.00,180.00,0.00,OPEN,0
672887.139,0,0,0,1.000,1.000,1.000,-90.00,180.00,0.00,OPEN,0
672887.189,0,0,0,1.000,1.000,1.000,-90.00,180.00,0.00,OPEN,0
672887.239,0,0,0,1.000,1.000,1.000,-90.00,180.00,0.00,OPEN,0
672887.289,0,0,0,1.000,1.000,1.000,-90.00,180.00,0.00,OPEN,0
672887.339,0,0,0,1.000,1.000,1.000,-90.00,180.00,0.00,OPEN,0
672887.389,0,0,0,1.000,1.000,1.000,-90.00,180.00,0.00,OPEN,0
672887.439,0,0,0,1.000,1.000,1.000,-90.00,180.00,0.00,OPEN,0
672887.489,0,0,0,1.000,1.000,1.000,-90.00,180.00,0.00,OPEN,0
672887.539,0,0,0,1.000,1.000,1.000,-90.00,180.00,0.00,OPEN,0
672887.589,0,0,0,1.000,1.000,1.000,-90.00,180.00,0.00,OPEN,0
672887.639,0,0,0,1.000,1.000,1.000,-90.00,180.00,0.00,OPEN,0
672887.689,0,0,0,1.000,1.000,1.000,-90.00,180.00,0.00,OPEN,0
672887.739,0,0,0,1.000,1.000,1.000,-90.00,180.00,0.00,OPEN,0
672887.789,0,0,0,1.000,1.000,1.000,-90.00,180.00,0.00,OPEN,0
672887.839,0,0,0,1.000,1.000,1.000,-90.00,180.00,0.00,OPEN,0
672887.889,0,0,0,1.000,1.000,1.000,-90.00,180.00,0.00,OPEN,0
672887.940,0,0,0,1.000,1.000,1.000,-90.00,180.00,0.00,OPEN,0
672887.989,0,0,0,1.000,1.000,1.000,-90.00,180.00,0.00,OPEN,0
672888.039,0,0,0,1.000,1.000,1.000,-90.00,180.00,0.00,OPEN,0
672888.089,0,0,0,1.000,1.000,1.000,-90.00,180.00,0.00,OPEN,0
672888.139,0,0,0,1.000,1.000,1.000,-90.00,180.00,0.00,OPEN,0
672888.190,0,0,0,1.000,1.000,1.000,-90.00,180.00,0.00,OPEN,0
672888.239,0,0,0,1.000,1.000,1.000,-90.00,180.00,0.00,OPEN,0
672888.289,0,0,0,1.000,1.000,1.000,-90.00,180.00,0.00,OPEN,0
672888.339,0,0,0,1.000,1.000,1.000,-90.00,180.00,0.00,OPEN,0
672888.389,0,0,0,1.000,1.000,1.000,-90.00,180.00,0.00,OPEN,0
672888.439,0,0,0,1.000,1.000,1.000,-90.00,180.00,0.00,OPEN,0
672888.489,0,0,0,1.000,1.000,1.000,-90.00,180.00,0.00,OPEN,0
672888.539,0,0,0,1.000,1.000,1.000,-90.00,180.00,0.00,OPEN,0
672888.589,0,0,0,1.000,1.000,1.000,-90.00,180.00,0.00,OPEN,0
672888.639,0,0,0,1.000,1.000,1.000,-90.00,180.00,0.00,OPEN,0
672888.689,0,0,0,1.000,1.000,1.000,-90.00,180.00,0.00,OPEN,0
672888.740,0,0,0,1.000,1.000,1.000,-90.00,180.00,0.00,OPEN,0
672888.790,0,0,0,1.000,1.000,1.000,-90.00,180.00,0.00,OPEN,0
672888.839,0,0,0,1.000,1.000,1.000,-90.00,180.00,0.00,OPEN,0
672888.889,0,0,0,1.000,1.000,1.000,-90.00,180.00,0.00,OPEN,0
672888.939,0,0,0,1.000,1.000,1.000,-90.00,180.00,0.00,OPEN,0
672888.989,0,0,0,1.000,1.000,1.000,-90.00,180.00,0.00,OPEN,0
672889.039,0,0,0,1.000,1.000,1.000,-90.00,180.00,0.00,OPEN,0
672889.089,0,0,0,1.000,1.000,1.000,-90.00,180.00,0.00,OPEN,0
672889.139,0,0,0,1.000,1.000,1.000,-90.00,180.00,0.00,OPEN,0
672889.189,0,0,0,1.000,1.000,1.000,-90.00,180.00,0.00,OPEN,0
672889.239,0,0,0,1.000,1.000,1.000,-90.00,180.00,0.00,OPEN,0
672889.290,0,0,0,1.000,1.000,1.000,-90.00,180.00,0.00,OPEN,0
672889.340,0,0,0,1.000,1.000,1.000,-90.00,180.00,0.00,OPEN,0
672889.389,0,0,0,1.000,1.000,1.000,-90.00,180.00,0.00,OPEN,0
672889.438,0,0,0,1.000,1.000,1.000,-90.00,180.00,0.00,OPEN,0
672889.489,0,0,0,1.000,1.000,1.000,-90.00,180.00,0.00,OPEN,0
672889.540,0,0,0,1.000,1.000,1.000,-90.00,180.00,0.00,OPEN,0
672889.589,0,0,0,1.000,1.000,1.000,-90.00,180.00,0.00,OPEN,0
672889.639,0,0,0,1.000,1.000,1.000,-90.00,180.00,0.00,OPEN,0
672889.689,0,0,0,1.000,1.000,1.000,-90.00,180.00,0.00,OPEN,0
672889.739,0,0,0,1.000,1.000,1.000,-90.00,180.00,0.00,OPEN,0
672889.789,0,0,0,1.000,1.000,1.000,-90.00,180.00,0.00,OPEN,0
672889.840,0,0,0,1.000,1.000,1.000,-90.00,180.00,0.00,OPEN,0
672889.889,0,0,0,1.000,1.000,1.000,-90.00,180.00,0.00,OPEN,0
672889.939,0,0,0,1.000,1.000,1.000,-90.00,180.00,0.00,OPEN,0
672889.989,0,0,0,1.000,1.000,1.000,-90.00,180.00,0.00,OPEN,0
672890.039,0,0,0,1.000,1.000,1.000,-90.00,180.00,0.00,OPEN,0
672890.089,0,0,0,1.000,1.000,1.000,-90.00,180.00,0.00,OPEN,0
672890.139,0,0,0,1.000,1.000,1.000,-90.00,180.00,0.00,OPEN,0
672890.189,0,0,0,1.000,1.000,1.000,-90.00,180.00,0.00,OPEN,0
672890.239,0,0,0,1.000,1.000,1.000,-90.00,180.00,0.00,OPEN,0
672890.289,0,0,0,1.000,1.000,1.000,-90.00,180.00,0.00,OPEN,0
672890.339,0,0,0,1.000,1.000,1.000,-90.00,180.00,0.00,OPEN,0
672890.389,0,0,0,1.000,1.000,1.000,-90.00,180.00,0.00,OPEN,0
672890.439,0,0,0,1.000,1.000,1.000,-90.00,180.00,0.00,OPEN,0
672890.489,0,0,0,1.000,1.000,1.000,-90.00,180.00,0.00,OPEN,0
672890.539,0,0,0,1.000,1.000,1.000,-90.00,180.00,0.00,OPEN,0
672890.589,0,0,0,1.000,1.000,1.000,-90.00,180.00,0.00,OPEN,0
672890.644,0,0,0,1.000,1.000,1.000,-90.00,180.00,0.00,OPEN,0
672890.688,0,0,0,1.000,1.000,1.000,-90.00,180.00,0.00,OPEN,0
672890.739,0,0,0,1.000,1.000,1.000,-90.00,180.00,0.00,OPEN,0
672890.789,0,0,0,1.000,1.000,1.000,-90.00,180.00,0.00,OPEN,0
672890.844,0,0,0,1.000,1.000,1.000,-90.00,180.00,0.00,OPEN,0
672890.897,0,0,0,1.000,1.000,1.000,-90.00,180.00,0.00,OPEN,0
672890.939,0,0,0,1.000,1.000,1.000,-90.00,180.00,0.00,OPEN,0
672890.992,0,0,0,1.000,1.000,1.000,-90.00,180.00,0.00,OPEN,0
672891.039,0,0,0,1.000,1.000,1.000,-90.00,180.00,0.00,OPEN,0
672891.089,0,0,0,1.000,1.000,1.000,-90.00,180.00,0.00,OPEN,0
672891.139,0,0,0,1.000,1.000,1.000,-90.00,180.00,0.00,OPEN,0
672891.190,0,0,0,1.000,1.000,1.000,-90.00,180.00,0.00,OPEN,0
672891.240,0,0,0,1.000,1.000,1.000,-90.00,180.00,0.00,OPEN,0
672891.289,0,0,0,1.000,1.000,1.000,-90.00,180.00,0.00,OPEN,0
672891.338,0,0,0,1.000,1.000,1.000,-90.00,180.00,0.00,OPEN,0
672891.389,0,0,0,1.000,1.000,1.000,-90.00,180.00,0.00,OPEN,0
672891.439,0,0,0,1.000,1.000,1.000,-90.00,180.00,0.00,OPEN,0
672891.492,0,0,0,1.000,1.000,1.000,-90.00,180.00,0.00,OPEN,0
672891.539,0,0,0,1.000,1.000,1.000,-90.00,180.00,0.00,OPEN,0
672891.589,0,0,0,1.000,1.000,1.000,-90.00,180.00,0.00,OPEN,0
672891.639,0,0,0,1.000,1.000,1.000,-90.00,180.00,0.00,OPEN,0
672891.688,0,0,0,1.000,1.000,1.000,-90.00,180.00,0.00,OPEN,0
672891.739,0,0,0,1.000,1.000,1.000,-90.00,180.00,0.00,OPEN,0
672891.790,0,0,0,1.000,1.000,1.000,-90.00,180.00,0.00,OPEN,0
672891.839,0,0,0,1.000,1.000,1.000,-90.00,180.00,0.00,OPEN,0
672891.889,0,0,0,1.000,0.980,1.000,-90.00,180.00,0.00,OPEN,0
672891.939,0,0,0,1.000,0.726,1.000,-90.00,180.00,0.00,OPEN,0
672891.989,0,0,0,0.999,0.966,0.990,-90.00,180.00,0.00,OPEN,0
672892.039,0,0,0,0.999,0.993,0.942,-90.00,180.00,0.00,OPEN,0
672892.089,0,0,0,0.994,0.996,0.844,-90.00,180.00,0.00,OPEN,0
672892.139,0,0,0,0.997,0.998,0.749,-90.00,180.00,0.00,OPEN,0
672892.190,0,0,0,0.996,1.000,0.768,-90.00,180.00,0.00,OPEN,0
672892.239,0,0,0,0.976,1.000,0.967,-90.00,180.00,0.00,OPEN,0
672892.289,0,0,0,0.968,1.000,0.998,-90.00,180.00,0.00,OPEN,0
672892.340,0,0,0,0.959,1.000,1.000,-90.00,180.00,0.00,OPEN,0
672892.389,0,0,0,0.945,1.000,1.000,-90.00,180.00,0.00,OPEN,0
672892.454,0,0,0,0.963,1.000,1.000,-90.00,180.00,0.00,OPEN,0
672892.490,0,0,0,0.987,1.000,1.000,-90.00,180.00,0.00,OPEN,0
672892.539,0,0,0,0.977,1.000,1.000,-90.00,180.00,0.00,OPEN,0
672892.591,0,0,0,0.978,1.000,1.000,-90.00,180.00,0.00,OPEN,0
672892.639,0,0,0,0.991,1.000,1.000,-90.00,180.00,0.00,OPEN,0
672892.689,0,0,0,0.996,1.000,1.000,-90.00,180.00,0.00,OPEN,0
672892.739,0,0,0,0.997,1.000,1.000,-90.00,180.00,0.00,OPEN,0
672892.789,0,0,0,0.998,1.000,1.000,-90.00,180.00,0.00,OPEN,0
672892.839,0,0,0,0.998,1.000,1.000,-90.00,180.00,0.00,OPEN,0
672892.889,0,1,0,0.998,1.000,1.000,-90.00,180.00,0.00,OPEN,0
672892.939,0,1,0,0.999,1.000,1.000,-90.00,180.00,0.00,OPEN,0
672892.989,0,1,0,1.000,1.000,1.000,-90.00,180.00,0.00,OPEN,0
672893.040,0,1,1,1.000,1.000,1.000,-90.00,180.00,0.00,OPEN,0
672893.089,0,1,1,0.999,1.000,1.000,-90.00,180.00,0.00,OPEN,0
672893.139,0,1,1,0.985,1.000,1.000,-90.00,180.00,0.00,OPEN,0
672893.189,0,1,1,0.980,1.000,1.000,-90.00,180.00,0.00,OPEN,0
672893.239,0,1,1,0.968,1.000,1.000,-90.00,180.00,0.00,OPEN,0
672893.289,0,1,1,0.961,1.000,1.000,-90.00,180.00,0.00,OPEN,0
672893.339,0,1,1,0.959,1.000,1.000,-90.00,180.00,0.00,OPEN,0
672893.389,0,1,1,0.975,1.000,1.000,-90.00,180.00,0.00,OPEN,0
672893.439,0,1,1,0.941,1.000,1.000,-90.00,180.00,0.00,OPEN,0
672893.489,0,1,1,0.968,1.000,1.000,-90.00,180.00,0.00,OPEN,0
672893.540,0,1,1,0.982,1.000,1.000,-90.00,180.00,0.00,OPEN,0
672893.589,0,1,1,0.988,1.000,1.000,-90.00,180.00,0.00,OPEN,0
672893.639,0,1,1,0.993,1.000,1.000,-90.00,180.00,0.00,OPEN,0
672893.689,0,1,1,0.994,1.000,1.000,-90.00,180.00,0.00,OPEN,0
672893.739,0,1,1,0.996,1.000,1.000,-90.00,180.00,0.00,OPEN,0
672893.789,0,1,1,0.998,1.000,1.000,-90.00,180.00,0.00,OPEN,0
672893.839,0,1,1,0.995,1.000,1.000,-90.00,180.00,0.00,OPEN,0
672893.889,0,1,1,0.994,1.000,1.000,-90.00,180.00,0.00,OPEN,0
672893.939,0,1,1,0.992,1.000,1.000,-90.00,180.00,0.00,OPEN,0
672893.989,0,1,1,0.995,1.000,1.000,-90.00,180.00,0.00,OPEN,0
672894.039,0,1,1,1.000,1.000,1.000,-90.00,180.00,0.00,OPEN,0
672894.089,0,1,1,1.000,1.000,1.000,-90.00,180.00,0.00,OPEN,0
672894.139,0,1,1,1.000,1.000,1.000,-90.00,180.00,0.00,OPEN,0
672894.189,0,1,1,1.000,1.000,1.000,-90.00,180.00,0.00,OPEN,0
672894.239,0,1,1,1.000,1.000,1.000,-90.00,180.00,0.00,OPEN,0
672894.289,0,1,1,1.000,1.000,1.000,-90.00,180.00,0.00,OPEN,0
672894.339,0,1,1,1.000,1.000,1.000,-90.00,180.00,0.00,OPEN,0
672894.389,0,1,1,1.000,1.000,1.000,-90.00,180.00,0.00,OPEN,0
672894.439,0,1,1,1.000,1.000,1.000,-90.00,180.00,0.00,OPEN,0
672894.489,0,1,1,1.000,1.000,1.000,-90.00,180.00,0.00,OPEN,0
672894.539,0,1,1,1.000,1.000,1.000,-90.00,180.00,0.00,OPEN,0
672894.589,0,1,1,1.000,1.000,1.000,-90.00,180.00,0.00,OPEN,0
672894.639,0,1,1,1.000,1.000,1.000,-90.00,180.00,0.00,OPEN,0
672894.689,0,1,1,1.000,1.000,1.000,-90.00,180.00,0.00,OPEN,0
672894.740,0,1,1,1.000,1.000,1.000,-90.00,180.00,0.00,OPEN,0
672894.790,0,1,1,1.000,1.000,1.000,-90.00,180.00,0.00,OPEN,0
672894.839,0,1,1,1.000,1.000,1.000,-90.00,180.00,0.00,OPEN,0
672894.889,0,1,1,1.000,1.000,1.000,-90.00,180.00,0.00,OPEN,0
672894.939,0,1,1,1.000,1.000,1.000,-90.00,180.00,0.00,OPEN,0
672894.989,0,1,1,1.000,1.000,1.000,-90.00,180.00,0.00,OPEN,0
672895.039,0,1,1,1.000,1.000,1.000,-90.00,180.00,0.00,OPEN,0
672895.089,0,1,1,1.000,1.000,1.000,-90.00,180.00,0.00,OPEN,0
672895.139,0,1,1,1.000,1.000,1.000,-90.00,180.00,0.00,OPEN,0
672895.190,0,1,1,1.000,1.000,1.000,-90.00,180.00,0.00,OPEN,0
672895.239,0,1,1,1.000,1.000,1.000,-90.00,180.00,0.00,OPEN,0
672895.289,0,1,1,1.000,1.000,1.000,-90.00,180.00,0.00,OPEN,0
672895.339,0,1,1,1.000,1.000,1.000,-90.00,180.00,0.00,OPEN,0
672895.390,0,1,1,1.000,1.000,1.000,-90.00,180.00,0.00,OPEN,0
672895.439,0,1,1,1.000,1.000,1.000,-90.00,180.00,0.00,OPEN,0
672895.489,0,1,1,1.000,1.000,1.000,-90.00,180.00,0.00,OPEN,0
672895.539,0,1,1,1.000,1.000,1.000,-90.00,180.00,0.00,OPEN,0
672895.589,0,1,1,1.000,1.000,1.000,-90.00,180.00,0.00,OPEN,0
672895.639,0,1,1,1.000,1.000,1.000,-90.00,180.00,0.00,OPEN,0
672895.689,0,1,1,1.000,1.000,1.000,-90.00,180.00,0.00,OPEN,0
672895.739,0,1,1,1.000,1.000,1.000,-90.00,180.00,0.00,OPEN,0
672895.789,0,1,1,1.000,1.000,1.000,-90.00,180.00,0.00,OPEN,0
672895.860,0,1,1,1.000,1.000,1.000,-90.00,180.00,0.00,OPEN,0
672895.890,0,1,1,1.000,1.000,1.000,-90.00,180.00,0.00,OPEN,0
672895.939,0,1,1,1.000,1.000,1.000,-90.00,180.00,0.00,OPEN,0
672895.989,0,1,1,1.000,1.000,1.000,-90.00,180.00,0.00,OPEN,0
672896.038,0,1,1,1.000,1.000,1.000,-90.00,180.00,0.00,OPEN,0
672896.089,0,1,1,1.000,1.000,1.000,-90.00,180.00,0.00,OPEN,0
672896.138,0,1,1,1.000,1.000,1.000,-90.00,180.00,0.00,OPEN,0
672896.189,0,1,1,1.000,1.000,1.000,-90.00,180.00,0.00,OPEN,0
672896.239,0,1,1,1.000,1.000,1.000,-90.00,180.00,0.00,OPEN,0
672896.288,0,1,1,1.000,1.000,1.000,-90.00,180.00,0.00,OPEN,0
672896.339,0,1,1,1.000,1.000,1.000,-90.00,180.00,0.00,OPEN,0
672896.389,0,1,1,1.000,1.000,1.000,-90.00,180.00,0.00,OPEN,0
672896.440,0,1,1,1.000,1.000,1.000,-90.00,180.00,0.00,OPEN,0
672896.489,0,1,1,1.000,1.000,1.000,-90.00,180.00,0.00,OPEN,0
672896.539,0,1,1,1.000,1.000,1.000,-90.00,180.00,0.00,OPEN,0
672896.588,0,1,1,1.000,1.000,1.000,-90.00,180.00,0.00,OPEN,0
672896.639,0,1,1,1.000,1.000,1.000,-90.00,180.00,0.00,OPEN,0
672896.689,0,1,1,1.000,1.000,1.000,-90.00,180.00,0.00,OPEN,0
672896.739,0,1,1,1.000,1.000,1.000,-90.00,180.00,0.00,OPEN,0
672896.789,0,1,1,1.000,1.000,1.000,-90.00,180.00,0.00,OPEN,0
672896.842,0,1,1,1.000,1.000,1.000,-90.00,180.00,0.00,OPEN,0
672896.889,0,1,1,1.000,1.000,1.000,-90.00,180.00,0.00,OPEN,0
672896.939,0,1,1,1.000,1.000,1.000,-90.00,180.00,0.00,OPEN,0
672896.990,0,1,1,1.000,1.000,1.000,-90.00,180.00,0.00,OPEN,0
672897.039,0,1,1,1.000,1.000,1.000,-90.00,180.00,0.00,OPEN,0
672897.089,0,1,1,1.000,1.000,1.000,-90.00,180.00,0.00,OPEN,0
672897.139,0,1,1,1.000,1.000,1.000,-90.00,180.00,0.00,OPEN,0
672897.189,0,1,1,1.000,1.000,1.000,-90.00,180.00,0.00,OPEN,0
672897.239,0,1,1,1.000,1.000,1.000,-90.00,180.00,0.00,OPEN,0
672897.289,0,1,1,1.000,1.000,1.000,-90.00,180.00,0.00,OPEN,0
672897.339,0,1,1,0.999,1.000,1.000,-90.00,180.00,0.00,OPEN,0
672897.389,0,1,1,0.999,1.000,1.000,-90.00,180.00,0.00,OPEN,0
672897.439,0,1,1,0.998,1.000,1.000,-90.00,180.00,0.00,OPEN,0
672897.490,0,1,1,1.000,1.000,1.000,-90.00,180.00,0.00,OPEN,0
672897.539,0,1,1,1.000,1.000,1.000,-90.00,180.00,0.00,OPEN,0
672897.589,0,1,1,1.000,1.000,1.000,-90.00,180.00,0.00,OPEN,0
672897.639,0,1,1,1.000,1.000,1.000,-90.00,180.00,0.00,OPEN,0
672897.690,0,1,1,1.000,1.000,1.000,-90.00,180.00,0.00,OPEN,0
672897.739,0,1,1,1.000,1.000,1.000,-90.00,180.00,0.00,OPEN,0
672897.789,0,1,1,1.000,1.000,1.000,-90.00,180.00,0.00,OPEN,0
672897.839,0,1,1,1.000,1.000,1.000,-90.00,180.00,0.00,OPEN,0
672897.889,0,1,1,1.000,1.000,1.000,-90.00,180.00,0.00,OPEN,0
672897.939,0,1,1,1.000,1.000,1.000,-90.00,180.00,0.00,OPEN,0
672897.989,0,1,1,1.000,1.000,1.000,-90.00,180.00,0.00,OPEN,0
672898.040,0,1,1,1.000,1.000,1.000,-90.00,180.00,0.00,OPEN,0
672898.089,0,1,1,1.000,1.000,1.000,-90.00,180.00,0.00,OPEN,0
672898.139,0,1,1,1.000,1.000,1.000,-90.00,180.00,0.00,OPEN,0
672898.189,0,1,1,1.000,1.000,1.000,-90.00,180.00,0.00,OPEN,0
672898.239,0,1,1,1.000,1.000,1.000,-90.00,180.00,0.00,OPEN,0
672898.289,0,1,1,1.000,1.000,1.000,-90.00,180.00,0.00,OPEN,0
672898.339,0,1,1,1.000,1.000,1.000,-90.00,180.00,0.00,OPEN,0
672898.389,0,1,1,1.000,1.000,1.000,-90.00,180.00,0.00,OPEN,0
672898.439,0,1,1,1.000,1.000,1.000,-90.00,180.00,0.00,OPEN,0
672898.494,0,1,1,1.000,1.000,1.000,-90.00,180.00,0.00,OPEN,0
672898.539,0,1,1,1.000,1.000,1.000,-90.00,180.00,0.00,OPEN,0
672898.589,0,1,1,1.000,1.000,1.000,-90.00,180.00,0.00,OPEN,0
672898.639,0,1,1,1.000,1.000,1.000,-90.00,180.00,0.00,OPEN,0
672898.689,0,1,1,1.000,1.000,1.000,-90.00,180.00,0.00,OPEN,0
672898.739,0,1,1,1.000,1.000,1.000,-90.00,180.00,0.00,OPEN,0
672898.790,0,1,1,0.998,1.000,1.000,-90.00,180.00,0.00,OPEN,0
672898.839,0,1,1,0.991,1.000,1.000,-90.00,180.00,0.00,OPEN,0
672898.889,0,1,1,0.943,1.000,1.000,-90.00,180.00,0.00,OPEN,0
672898.939,0,1,1,0.929,0.999,1.000,-90.00,180.00,0.00,OPEN,0
672898.989,0,1,1,0.912,0.999,0.998,-90.00,180.00,0.00,OPEN,0
672899.039,0,1,1,0.870,0.999,0.997,-90.00,180.00,0.00,OPEN,0
672899.089,0,1,1,0.809,0.999,0.997,-90.00,180.00,0.00,OPEN,0
672899.139,0,1,1,0.775,0.998,0.996,-90.00,180.00,0.00,OPEN,0
672899.189,0,1,1,0.779,0.997,0.995,-90.00,180.00,0.00,OPEN,0
672899.239,0,1,1,0.781,0.997,0.994,-90.00,180.00,0.00,OPEN,0
672899.289,0,1,1,0.784,0.994,0.992,-90.00,180.00,0.00,OPEN,0
672899.339,0,1,1,0.854,0.985,0.981,-90.00,180.00,0.00,OPEN,0
672899.389,0,1,1,0.920,0.913,0.898,-90.00,180.00,0.00,OPEN,0
672899.439,0,1,1,0.985,0.545,0.860,-90.00,180.00,0.00,OPEN,0
672899.489,0,1,1,1.000,0.695,0.984,-90.00,180.00,0.00,OPEN,0
672899.539,0,1,1,1.000,0.901,0.995,-90.00,180.00,0.00,OPEN,0
672899.590,0,1,1,1.000,0.973,0.998,-90.00,180.00,0.00,OPEN,0
672899.640,0,1,1,1.000,0.983,0.999,-90.00,180.00,0.00,OPEN,0
672899.689,0,1,1,1.000,0.997,1.000,-90.00,180.00,0.00,OPEN,0
672899.739,0,1,1,1.000,1.000,1.000,-90.00,180.00,0.00,OPEN,0
672899.789,0,1,1,1.000,1.000,1.000,-90.00,180.00,0.00,OPEN,0
672899.839,0,1,1,1.000,1.000,1.000,-90.00,180.00,0.00,OPEN,0
672899.889,0,1,1,1.000,1.000,1.000,-90.00,180.00,0.00,OPEN,0
672899.939,0,1,1,1.000,1.000,1.000,-90.00,180.00,0.00,OPEN,0
672900.017,0,1,1,1.000,1.000,1.000,-90.00,180.00,0.00,OPEN,0
672900.045,0,1,1,1.000,1.000,1.000,-90.00,180.00,0.00,OPEN,0
672900.089,0,1,1,1.000,1.000,1.000,-90.00,180.00,0.00,OPEN,0
672900.139,0,1,1,1.000,1.000,1.000,-90.00,180.00,0.00,OPEN,0
672900.189,0,1,1,1.000,1.000,1.000,-90.00,180.00,0.00,OPEN,0
672900.239,0,1,1,1.000,1.000,1.000,-90.00,180.00,0.00,OPEN,0
672900.289,0,1,1,1.000,1.000,1.000,-90.00,180.00,0.00,OPEN,0
672900.339,0,1,1,1.000,1.000,1.000,-90.00,180.00,0.00,OPEN,0
672900.390,0,0,0,1.000,1.000,1.000,-90.00,180.00,0.00,OPEN,0
672900.439,0,0,0,1.000,1.000,1.000,-90.00,180.00,0.00,OPEN,0
672900.489,0,0,0,1.000,1.000,1.000,-90.00,180.00,0.00,OPEN,0
672900.539,0,0,0,1.000,1.000,1.000,-90.00,180.00,0.00,OPEN,0
672900.589,0,0,0,1.000,1.000,1.000,-90.00,180.00,0.00,OPEN,0
672900.640,0,0,0,1.000,1.000,1.000,-90.00,180.00,0.00,OPEN,0
672900.689,0,0,0,1.000,1.000,1.000,-90.00,180.00,0.00,OPEN,0
672900.739,0,0,0,1.000,1.000,1.000,-90.00,180.00,0.00,OPEN,0
672900.789,0,0,0,1.000,1.000,1.000,-90.00,180.00,0.00,OPEN,0
672900.839,0,0,0,1.000,1.000,1.000,-90.00,180.00,0.00,OPEN,0
672900.889,0,0,0,1.000,1.000,1.000,-90.00,180.00,0.00,OPEN,0
672900.940,0,0,0,1.000,1.000,1.000,-90.00,180.00,0.00,OPEN,0
672900.989,0,0,0,1.000,1.000,1.000,-90.00,180.00,0.00,OPEN,0
672901.040,0,0,0,1.000,1.000,1.000,-90.00,180.00,0.00,OPEN,0
672901.089,0,0,0,1.000,1.000,1.000,-90.00,180.00,0.00,OPEN,0
672901.139,0,0,0,1.000,1.000,1.000,-90.00,180.00,0.00,OPEN,0
672901.189,0,0,0,1.000,1.000,1.000,-90.00,180.00,0.00,OPEN,0
672901.239,0,0,0,1.000,1.000,1.000,-90.00,180.00,0.00,OPEN,0
672901.289,0,0,0,1.000,1.000,1.000,-90.00,180.00,0.00,OPEN,0
672901.339,0,0,0,1.000,1.000,1.000,-90.00,180.00,0.00,OPEN,0
672901.389,0,0,0,1.000,1.000,1.000,-90.00,180.00,0.00,OPEN,0
672901.439,0,0,0,1.000,1.000,1.000,-90.00,180.00,0.00,OPEN,0
672901.489,0,0,0,1.000,1.000,1.000,-90.00,180.00,0.00,OPEN,0
672901.540,0,0,0,1.000,1.000,1.000,-90.00,180.00,0.00,OPEN,0
672901.589,0,0,0,1.000,1.000,1.000,-90.00,180.00,0.00,OPEN,0
672901.640,0,0,0,1.000,1.000,1.000,-90.00,180.00,0.00,OPEN,0
672901.689,0,0,0,1.000,1.000,1.000,-90.00,180.00,0.00,OPEN,0
672901.739,0,0,0,1.000,1.000,1.000,-90.00,180.00,0.00,OPEN,0
672901.789,0,0,0,1.000,1.000,1.000,-90.00,180.00,0.00,OPEN,0
672901.839,0,0,0,1.000,1.000,1.000,-90.00,180.00,0.00,OPEN,0
672901.889,0,0,0,1.000,1.000,1.000,-90.00,180.00,0.00,OPEN,0
672901.940,0,0,0,1.000,1.000,1.000,-90.00,180.00,0.00,OPEN,0
672901.989,0,0,0,1.000,1.000,1.000,-90.00,180.00,0.00,OPEN,0
672902.040,0,0,0,1.000,1.000,1.000,-90.00,180.00,0.00,OPEN,0
672902.090,0,0,0,1.000,1.000,1.000,-90.00,180.00,0.00,OPEN,0
672902.139,0,0,0,1.000,1.000,1.000,-90.00,180.00,0.00,OPEN,0
672902.189,0,0,0,1.000,1.000,1.000,-90.00,180.00,0.00,OPEN,0
672902.239,0,0,0,1.000,1.000,1.000,-90.00,180.00,0.00,OPEN,0
672902.288,0,0,0,1.000,1.000,1.000,-90.00,180.00,0.00,OPEN,0
672902.339,0,0,0,1.000,1.000,1.000,-90.00,180.00,0.00,OPEN,0
672902.389,0,0,0,1.000,1.000,1.000,-90.00,180.00,0.00,OPEN,0
672902.439,0,0,0,1.000,1.000,1.000,-90.00,180.00,0.00,OPEN,0
672902.489,0,0,0,1.000,1.000,1.000,-90.00,180.00,0.00,OPEN,0
672902.539,0,0,0,1.000,1.000,1.000,-90.00,180.00,0.00,OPEN,0
672902.589,0,0,0,1.000,1.000,1.000,-90.00,180.00,0.00,OPEN,0
672902.639,0,0,0,1.000,1.000,1.000,-90.00,180.00,0.00,OPEN,0
672902.690,0,0,0,1.000,1.000,1.000,-90.00,180.00,0.00,OPEN,0
672902.739,0,0,0,1.000,1.000,1.000,-90.00,180.00,0.00,OPEN,0
672902.789,0,0,0,1.000,1.000,1.000,-90.00,180.00,0.00,OPEN,0
672902.839,0,0,0,1.000,1.000,1.000,-90.00,180.00,0.00,OPEN,0
672902.889,0,0,0,1.000,1.000,1.000,-90.00,180.00,0.00,OPEN,0
672902.939,0,0,0,1.000,1.000,1.000,-90.00,180.00,0.00,OPEN,0
672902.989,0,0,0,1.000,1.000,1.000,-90.00,180.00,0.00,OPEN,0
672903.039,0,0,0,1.000,1.000,1.000,-90.00,180.00,0.00,OPEN,0
672903.089,0,0,0,1.000,1.000,1.000,-90.00,180.00,0.00,OPEN,0
672903.139,0,0,0,1.000,1.000,1.000,-90.00,180.00,0.00,OPEN,0
672903.189,0,0,0,1.000,1.000,1.000,-90.00,180.00,0.00,OPEN,0
672903.239,0,0,0,1.000,1.000,1.000,-90.00,180.00,0.00,OPEN,0
672903.289,0,0,0,1.000,1.000,1.000,-90.00,180.00,0.00,OPEN,0
672903.339,0,0,0,1.000,1.000,1.000,-90.00,180.00,0.00,OPEN,0
672903.389,0,0,0,1.000,1.000,1.000,-90.00,180.00,0.00,OPEN,0
672903.439,0,0,0,1.000,1.000,1.000,-90.00,180.00,0.00,OPEN,0
672903.489,0,0,0,1.000,1.000,1.000,-90.00,180.00,0.00,OPEN,0
672903.538,0,0,0,1.000,1.000,1.000,-90.00,180.00,0.00,OPEN,0
672903.589,0,0,0,1.000,1.000,1.000,-90.00,180.00,0.00,OPEN,0
672903.639,0,0,0,1.000,1.000,1.000,-90.00,180.00,0.00,OPEN,0
672903.708,0,0,0,1.000,1.000,1.000,-90.00,180.00,0.00,OPEN,0
672903.742,0,0,0,1.000,1.000,1.000,-90.00,180.00,0.00,OPEN,0
672903.789,0,0,0,1.000,1.000,1.000,-90.00,180.00,0.00,OPEN,0
672903.839,0,0,0,1.000,1.000,1.000,-90.00,180.00,0.00,OPEN,0
672903.889,0,0,0,1.000,1.000,1.000,-90.00,180.00,0.00,OPEN,0
672903.939,0,0,0,1.000,1.000,1.000,-90.00,180.00,0.00,OPEN,0
672903.990,0,0,0,1.000,1.000,1.000,-90.00,180.00,0.00,OPEN,0
672904.039,0,0,0,1.000,1.000,1.000,-90.00,180.00,0.00,OPEN,0
672904.089,0,0,0,1.000,1.000,1.000,-90.00,180.00,0.00,OPEN,0
672904.139,0,0,0,1.000,1.000,1.000,-90.00,180.00,0.00,OPEN,0
672904.189,0,0,0,1.000,1.000,1.000,-90.00,180.00,0.00,OPEN,0
672904.239,0,0,0,1.000,1.000,1.000,-90.00,180.00,0.00,OPEN,0
672904.289,0,0,0,1.000,1.000,1.000,-90.00,180.00,0.00,OPEN,0
672904.339,0,0,0,1.000,1.000,1.000,-90.00,180.00,0.00,OPEN,0
672904.389,0,0,0,1.000,1.000,1.000,-90.00,180.00,0.00,OPEN,0
672904.439,0,0,0,1.000,1.000,1.000,-90.00,180.00,0.00,OPEN,0
672904.489,0,0,0,1.000,1.000,1.000,-90.00,180.00,0.00,OPEN,0
672904.540,0,0,0,1.000,1.000,1.000,-90.00,180.00,0.00,OPEN,0
672904.589,0,0,0,1.000,1.000,1.000,-90.00,180.00,0.00,OPEN,0
672904.639,0,0,0,1.000,1.000,1.000,-90.00,180.00,0.00,OPEN,0
672904.689,0,0,0,1.000,1.000,1.000,-90.00,180.00,0.00,OPEN,0
672904.739,0,0,0,1.000,1.000,1.000,-90.00,180.00,0.00,OPEN,0
672904.789,0,0,0,1.000,1.000,1.000,-90.00,180.00,0.00,OPEN,0
672904.839,0,0,0,1.000,1.000,1.000,-90.00,180.00,0.00,OPEN,0
672904.889,0,0,0,1.000,1.000,1.000,-90.00,180.00,0.00,OPEN,0
672904.939,0,0,0,1.000,1.000,1.000,-90.00,180.00,0.00,OPEN,0
672904.989,0,0,0,1.000,1.000,1.000,-90.00,180.00,0.00,OPEN,0
672905.039,0,0,0,1.000,1.000,1.000,-90.00,180.00,0.00,OPEN,0
672905.089,0,0,0,1.000,1.000,1.000,-90.00,180.00,0.00,OPEN,0
672905.139,0,0,0,1.000,1.000,1.000,-90.00,180.00,0.00,OPEN,0
672905.189,0,0,0,1.000,1.000,1.000,-90.00,180.00,0.00,OPEN,0
672905.239,0,0,0,1.000,1.000,1.000,-90.00,180.00,0.00,OPEN,0
672905.297,0,0,0,1.000,1.000,1.000,-90.00,180.00,0.00,OPEN,0
672905.342,0,0,0,1.000,1.000,1.000,-90.00,180.00,0.00,OPEN,0
672905.389,0,0,0,1.000,1.000,1.000,-90.00,180.00,0.00,OPEN,0
672905.439,0,0,0,1.000,1.000,1.000,-90.00,180.00,0.00,OPEN,0
672905.489,0,0,0,1.000,1.000,1.000,-90.00,180.00,0.00,OPEN,0
672905.539,0,0,0,0.996,1.000,1.000,-90.00,180.00,0.00,OPEN,0
672905.589,0,0,0,0.563,1.000,1.000,-90.00,180.00,0.00,OPEN,0
672905.639,0,0,0,0.511,1.000,1.000,-90.00,180.00,0.00,OPEN,0
672905.689,0,0,0,0.801,1.000,1.000,-90.00,180.00,0.00,OPEN,0
672905.739,0,0,0,0.919,0.950,1.000,-90.00,180.00,0.00,OPEN,0
672905.789,0,0,0,0.991,0.999,1.000,-90.00,180.00,0.00,OPEN,0
672905.839,0,0,0,0.999,1.000,1.000,-90.00,180.00,0.00,OPEN,0
672905.889,0,0,0,1.000,1.000,1.000,-90.00,180.00,0.00,OPEN,0
672905.939,0,0,0,1.000,1.000,1.000,-90.00,180.00,0.00,OPEN,0
672905.989,0,0,0,1.000,1.000,1.000,-90.00,180.00,0.00,OPEN,0
672906.039,3,0,0,1.000,1.000,1.000,-90.00,180.00,0.00,OPEN,0
672906.089,3,0,0,1.000,1.000,1.000,-90.00,180.00,0.00,OPEN,0
672906.139,3,0,0,1.000,1.000,1.000,-90.00,180.00,0.00,OPEN,0
672906.189,3,0,0,1.000,1.000,1.000,-90.00,180.00,0.00,OPEN,0
672906.239,3,0,0,1.000,1.000,1.000,-90.00,180.00,0.00,OPEN,0
672906.290,3,0,0,1.000,1.000,1.000,-90.00,180.00,0.00,OPEN,0
672906.340,3,0,0,1.000,1.000,1.000,-90.00,180.00,0.00,OPEN,0
672906.390,3,0,0,1.000,1.000,1.000,-90.00,180.00,0.00,OPEN,0
672906.439,3,0,0,1.000,1.000,1.000,-90.00,180.00,0.00,OPEN,0
672906.489,3,0,0,1.000,1.000,1.000,-90.00,180.00,0.00,OPEN,0
672906.562,3,0,0,1.000,1.000,1.000,-90.00,180.00,0.00,OPEN,0
672906.591,3,0,0,1.000,1.000,1.000,-90.00,180.00,0.00,OPEN,0
672906.639,3,0,0,1.000,1.000,1.000,-90.00,180.00,0.00,OPEN,0
672906.689,3,1,0,1.000,1.000,1.000,-90.00,180.00,0.00,OPEN,0
672906.739,3,1,0,1.000,1.000,1.000,-90.00,180.00,0.00,OPEN,0
672906.789,3,1,0,1.000,1.000,1.000,-90.00,180.00,0.00,OPEN,0
672906.840,3,1,0,1.000,1.000,1.000,-90.00,180.00,0.00,OPEN,0
672906.889,3,1,0,1.000,1.000,1.000,-90.00,180.00,0.00,OPEN,0
672906.939,3,1,0,1.000,1.000,1.000,-90.00,180.00,0.00,OPEN,0
672906.989,3,1,0,1.000,1.000,1.000,-90.00,180.00,0.00,OPEN,0
672907.039,3,1,0,1.000,1.000,1.000,-90.00,180.00,0.00,OPEN,0
672907.089,3,1,0,1.000,1.000,1.000,-90.00,180.00,0.00,OPEN,0
672907.139,3,1,0,1.000,1.000,1.000,-90.00,180.00,0.00,OPEN,0
672907.189,3,1,0,1.000,1.000,1.000,-90.00,180.00,0.00,OPEN,0
672907.239,3,1,0,1.000,1.000,1.000,-90.00,180.00,0.00,OPEN,0
672907.289,3,1,0,1.000,1.000,1.000,-90.00,180.00,0.00,OPEN,0
672907.340,3,1,0,1.000,1.000,1.000,-90.00,180.00,0.00,OPEN,0
672907.389,3,1,0,1.000,1.000,1.000,-90.00,180.00,0.00,OPEN,0
672907.439,3,1,0,1.000,1.000,1.000,-90.00,180.00,0.00,OPEN,0
672907.489,3,1,0,1.000,1.000,1.000,-90.00,180.00,0.00,OPEN,0
672907.540,3,1,0,1.000,1.000,1.000,-90.00,180.00,0.00,OPEN,0
672907.589,3,1,0,1.000,1.000,1.000,-90.00,180.00,0.00,OPEN,0
672907.639,3,1,0,1.000,1.000,1.000,-90.00,180.00,0.00,OPEN,0
672907.689,3,1,0,1.000,1.000,1.000,-90.00,180.00,0.00,OPEN,0
672907.739,3,1,0,1.000,1.000,1.000,-90.00,180.00,0.00,OPEN,0
672907.789,3,1,0,1.000,1.000,1.000,-90.00,180.00,0.00,OPEN,0
672907.839,3,1,0,1.000,1.000,1.000,-90.00,180.00,0.00,OPEN,0
672907.889,3,1,0,1.000,1.000,1.000,-90.00,180.00,0.00,OPEN,0
672907.939,3,1,0,1.000,1.000,1.000,-90.00,180.00,0.00,OPEN,0
672907.989,3,1,0,1.000,1.000,1.000,-90.00,180.00,0.00,OPEN,0
672908.039,3,1,0,1.000,1.000,1.000,-90.00,180.00,0.00,OPEN,0
672908.089,3,1,0,1.000,1.000,1.000,-90.00,180.00,0.00,OPEN,0
672908.139,3,1,0,1.000,1.000,1.000,-90.00,180.00,0.00,OPEN,0
672908.189,3,1,0,1.000,1.000,1.000,-90.00,180.00,0.00,OPEN,0
672908.239,3,1,0,1.000,1.000,1.000,-90.00,180.00,0.00,OPEN,0
672908.289,3,1,0,1.000,1.000,1.000,-90.00,180.00,0.00,OPEN,0
672908.340,3,1,0,1.000,1.000,1.000,-90.00,180.00,0.00,OPEN,0
672908.389,3,1,0,1.000,1.000,1.000,-90.00,180.00,0.00,OPEN,0
672908.439,3,1,0,1.000,1.000,1.000,-90.00,180.00,0.00,OPEN,0
672908.489,3,1,0,1.000,1.000,1.000,-90.00,180.00,0.00,OPEN,0
672908.539,3,1,0,1.000,1.000,1.000,-90.00,180.00,0.00,OPEN,0
672908.589,3,1,0,1.000,1.000,1.000,-90.00,180.00,0.00,OPEN,0
672908.639,3,1,0,1.000,1.000,1.000,-90.00,180.00,0.00,OPEN,0
672908.689,3,1,0,1.000,1.000,1.000,-90.00,180.00,0.00,OPEN,0
672908.739,3,1,0,1.000,1.000,1.000,-90.00,180.00,0.00,OPEN,0
672908.789,3,1,0,1.000,1.000,1.000,-90.00,180.00,0.00,OPEN,0
672908.838,3,1,0,1.000,1.000,1.000,-90.00,180.00,0.00,OPEN,0
672908.889,3,1,0,1.000,1.000,1.000,-90.00,180.00,0.00,OPEN,0
672908.939,3,1,0,1.000,1.000,1.000,-90.00,180.00,0.00,OPEN,0
672908.989,3,1,0,1.000,1.000,1.000,-90.00,180.00,0.00,OPEN,0
672909.039,3,1,0,1.000,1.000,1.000,-90.00,180.00,0.00,OPEN,0
672909.089,3,1,0,1.000,1.000,1.000,-90.00,180.00,0.00,OPEN,0
672909.139,3,1,0,1.000,1.000,1.000,-90.00,180.00,0.00,OPEN,0
672909.189,3,1,0,1.000,1.000,1.000,-90.00,180.00,0.00,OPEN,0
672909.239,3,1,0,1.000,1.000,1.000,-90.00,180.00,0.00,OPEN,0
672909.289,3,1,0,1.000,1.000,1.000,-90.00,180.00,0.00,OPEN,0
672909.339,3,1,0,1.000,1.000,1.000,-90.00,180.00,0.00,OPEN,0
672909.389,3,1,0,1.000,1.000,1.000,-90.00,180.00,0.00,OPEN,0
672909.439,3,1,0,1.000,1.000,1.000,-90.00,180.00,0.00,OPEN,0
672909.489,3,1,0,1.000,1.000,1.000,-90.00,180.00,0.00,OPEN,0
672909.539,3,1,0,1.000,1.000,1.000,-90.00,180.00,0.00,OPEN,0
672909.589,3,1,0,1.000,1.000,1.000,-90.00,180.00,0.00,OPEN,0
672909.639,3,1,0,1.000,1.000,1.000,-90.00,180.00,0.00,OPEN,0
672909.689,3,1,0,1.000,1.000,1.000,-90.00,180.00,0.00,OPEN,0
672909.740,3,1,0,1.000,1.000,1.000,-90.00,180.00,0.00,OPEN,0
672909.789,3,1,0,1.000,1.000,1.000,-90.00,180.00,0.00,OPEN,0
672909.839,3,1,0,1.000,1.000,1.000,-90.00,180.00,0.00,OPEN,0
672909.889,3,1,0,1.000,1.000,1.000,-90.00,180.00,0.00,OPEN,0
672909.939,3,1,0,1.000,1.000,1.000,-90.00,180.00,0.00,OPEN,0
672909.989,3,1,0,1.000,1.000,1.000,-90.00,180.00,0.00,OPEN,0
672910.049,3,1,0,1.000,1.000,1.000,-90.00,180.00,0.00,OPEN,0
672910.092,3,1,0,1.000,1.000,1.000,-90.00,180.00,0.00,OPEN,0
672910.139,3,1,0,1.000,1.000,1.000,-90.00,180.00,0.00,OPEN,0
672910.188,3,1,0,1.000,1.000,1.000,-90.00,180.00,0.00,OPEN,0
672910.239,3,1,0,1.000,1.000,1.000,-90.00,180.00,0.00,OPEN,0
672910.293,3,1,0,1.000,1.000,1.000,-90.00,180.00,0.00,OPEN,0
672910.340,3,1,0,1.000,1.000,1.000,-90.00,180.00,0.00,OPEN,0
672910.389,3,1,0,1.000,1.000,1.000,-90.00,180.00,0.00,OPEN,0
672910.439,3,1,0,1.000,1.000,1.000,-90.00,180.00,0.00,OPEN,0
672910.489,3,1,0,1.000,1.000,1.000,-90.00,180.00,0.00,OPEN,0
672910.540,3,1,0,1.000,1.000,1.000,-90.00,180.00,0.00,OPEN,0
672910.588,3,1,0,1.000,1.000,1.000,-90.00,180.00,0.00,OPEN,0
672910.639,3,1,0,1.000,1.000,1.000,-90.00,180.00,0.00,OPEN,0
672910.689,3,1,0,1.000,1.000,1.000,-90.00,180.00,0.00,OPEN,0
672910.739,3,1,0,1.000,1.000,1.000,-90.00,180.00,0.00,OPEN,0
672910.790,3,1,0,1.000,1.000,1.000,-90.00,180.00,0.00,OPEN,0
672910.838,3,1,0,1.000,1.000,1.000,-90.00,180.00,0.00,OPEN,0
672910.889,3,1,0,1.000,1.000,1.000,-90.00,180.00,0.00,OPEN,0
672910.939,3,1,0,1.000,1.000,1.000,-90.00,180.00,0.00,OPEN,0
672910.989,3,1,0,1.000,1.000,1.000,-90.00,180.00,0.00,OPEN,0
672911.039,3,1,0,1.000,1.000,1.000,-90.00,180.00,0.00,OPEN,0
672911.089,3,1,0,1.000,1.000,1.000,-90.00,180.00,0.00,OPEN,0
672911.139,3,1,0,1.000,1.000,1.000,-90.00,180.00,0.00,OPEN,0
672911.189,3,1,0,1.000,1.000,1.000,-90.00,180.00,0.00,OPEN,0
672911.238,3,1,0,1.000,1.000,1.000,-90.00,180.00,0.00,OPEN,0
672911.290,3,1,0,1.000,1.000,1.000,-90.00,180.00,0.00,OPEN,0
672911.339,3,1,0,1.000,1.000,1.000,-90.00,180.00,0.00,OPEN,0
672911.389,3,1,0,1.000,1.000,1.000,-90.00,180.00,0.00,OPEN,0
672911.439,3,1,0,0.998,1.000,1.000,-90.00,180.00,0.00,OPEN,0
672911.489,3,1,0,0.919,1.000,1.000,-90.00,180.00,0.00,OPEN,0
672911.539,3,1,0,0.422,1.000,1.000,-90.00,180.00,0.00,OPEN,0
672911.589,3,1,0,0.760,1.000,1.000,-90.00,180.00,0.00,OPEN,0
672911.639,3,1,0,0.895,1.000,1.000,-90.00,180.00,0.00,OPEN,0
672911.689,3,1,0,0.970,1.000,1.000,-90.00,180.00,0.00,OPEN,0
672911.739,3,1,0,0.934,1.000,1.000,-90.00,180.00,0.00,OPEN,0
672911.789,3,1,0,0.965,0.990,1.000,-90.00,180.00,0.00,OPEN,0
672911.840,3,1,0,0.963,0.952,1.000,-90.00,180.00,0.00,OPEN,0
672911.890,3,1,0,0.998,1.000,1.000,-90.00,180.00,0.00,OPEN,0
672911.939,0,1,0,1.000,1.000,1.000,-90.00,180.00,0.00,OPEN,0
672912.013,0,1,0,1.000,1.000,1.000,-90.00,180.00,0.00,OPEN,0
672912.046,0,1,0,1.000,1.000,1.000,-90.00,180.00,0.00,OPEN,0
672912.089,0,1,0,1.000,1.000,1.000,-90.00,180.00,0.00,OPEN,0
672912.139,0,1,0,1.000,1.000,1.000,-90.00,180.00,0.00,OPEN,0
672912.189,0,1,0,1.000,1.000,1.000,-90.00,180.00,0.00,OPEN,0
672912.239,0,1,0,1.000,1.000,1.000,-90.00,180.00,0.00,OPEN,0
672912.289,0,1,0,1.000,1.000,1.000,-90.00,180.00,0.00,OPEN,0
672912.339,0,1,0,1.000,1.000,1.000,-90.00,180.00,0.00,OPEN,0
672912.389,0,1,0,1.000,1.000,1.000,-90.00,180.00,0.00,OPEN,0
672912.439,0,1,0,1.000,1.000,1.000,-90.00,180.00,0.00,OPEN,0
672912.489,0,1,0,1.000,1.000,1.000,-90.00,180.00,0.00,OPEN,0
672912.539,0,1,0,1.000,1.000,1.000,-90.00,180.00,0.00,OPEN,0
672912.589,0,1,0,1.000,1.000,1.000,-90.00,180.00,0.00,OPEN,0
672912.639,0,1,0,1.000,1.000,1.000,-90.00,180.00,0.00,OPEN,0
672912.689,0,1,0,1.000,1.000,1.000,-90.00,180.00,0.00,OPEN,0
672912.739,0,0,0,1.000,1.000,1.000,-90.00,180.00,0.00,OPEN,0
672912.789,0,0,0,1.000,1.000,1.000,-90.00,180.00,0.00,OPEN,0
672912.839,0,0,0,1.000,1.000,1.000,-90.00,180.00,0.00,OPEN,0
672912.889,0,0,0,1.000,1.000,1.000,-90.00,180.00,0.00,OPEN,0
672912.939,0,0,0,1.000,1.000,1.000,-90.00,180.00,0.00,OPEN,0
672912.989,0,0,0,1.000,1.000,1.000,-90.00,180.00,0.00,OPEN,0
672913.039,0,0,0,1.000,1.000,1.000,-90.00,180.00,0.00,OPEN,0
672913.089,0,0,0,1.000,1.000,1.000,-90.00,180.00,0.00,OPEN,0
672913.139,0,0,0,1.000,1.000,1.000,-90.00,180.00,0.00,OPEN,0
672913.189,0,0,0,1.000,1.000,1.000,-90.00,180.00,0.00,OPEN,0
672913.239,0,0,0,1.000,1.000,1.000,-90.00,180.00,0.00,OPEN,0
672913.289,0,0,0,1.000,1.000,1.000,-90.00,180.00,0.00,OPEN,0
672913.339,0,0,0,1.000,1.000,1.000,-90.00,180.00,0.00,OPEN,0
672913.389,0,0,0,1.000,1.000,1.000,-90.00,180.00,0.00,OPEN,0
672913.439,0,0,0,1.000,1.000,1.000,-90.00,180.00,0.00,OPEN,0
672913.489,0,0,0,1.000,1.000,1.000,-90.00,180.00,0.00,OPEN,0
672913.539,0,0,0,1.000,1.000,1.000,-90.00,180.00,0.00,OPEN,0
672913.589,0,0,0,1.000,1.000,1.000,-90.00,180.00,0.00,OPEN,0
672913.639,0,0,0,1.000,1.000,1.000,-90.00,180.00,0.00,OPEN,0
672913.689,0,0,0,1.000,1.000,1.000,-90.00,180.00,0.00,OPEN,0
672913.739,0,0,0,1.000,1.000,1.000,-90.00,180.00,0.00,OPEN,0
672913.789,0,0,0,1.000,1.000,1.000,-90.00,180.00,0.00,OPEN,0
672913.839,0,0,0,1.000,1.000,1.000,-90.00,180.00,0.00,OPEN,0
672913.889,0,0,0,1.000,1.000,1.000,-90.00,180.00,0.00,OPEN,0
672913.938,0,0,0,1.000,1.000,1.000,-90.00,180.00,0.00,OPEN,0
672913.989,0,0,0,1.000,1.000,1.000,-90.00,180.00,0.00,OPEN,0
672914.039,0,0,0,1.000,1.000,1.000,-90.00,180.00,0.00,OPEN,0
672914.089,0,0,0,1.000,1.000,1.000,-90.00,180.00,0.00,OPEN,0
672914.139,0,0,0,1.000,1.000,1.000,-90.00,180.00,0.00,OPEN,0
672914.189,0,0,0,1.000,1.000,1.000,-90.00,180.00,0.00,OPEN,0
672914.238,0,0,0,1.000,1.000,1.000,-90.00,180.00,0.00,OPEN,0
672914.289,0,0,0,1.000,1.000,1.000,-90.00,180.00,0.00,OPEN,0
672914.339,0,0,0,1.000,1.000,1.000,-90.00,180.00,0.00,OPEN,0
672914.389,0,0,0,1.000,1.000,1.000,-90.00,180.00,0.00,OPEN,0
672914.439,0,0,0,1.000,1.000,1.000,-90.00,180.00,0.00,OPEN,0
672914.489,0,0,0,1.000,1.000,1.000,-90.00,180.00,0.00,OPEN,0
672914.540,0,0,0,1.000,1.000,1.000,-90.00,180.00,0.00,OPEN,0
672914.589,0,0,0,1.000,1.000,1.000,-90.00,180.00,0.00,OPEN,0
672914.639,0,0,0,1.000,1.000,1.000,-90.00,180.00,0.00,OPEN,0
672914.688,0,0,0,1.000,1.000,1.000,-90.00,180.00,0.00,OPEN,0
672914.739,0,0,0,1.000,1.000,1.000,-90.00,180.00,0.00,OPEN,0
672914.790,0,0,0,1.000,1.000,1.000,-90.00,180.00,0.00,OPEN,0
672914.839,0,0,0,1.000,1.000,1.000,-90.00,180.00,0.00,OPEN,0
672914.889,0,0,0,1.000,1.000,1.000,-90.00,180.00,0.00,OPEN,0
672914.939,0,0,0,1.000,1.000,1.000,-90.00,180.00,0.00,OPEN,0
672914.989,0,0,0,1.000,1.000,1.000,-90.00,180.00,0.00,OPEN,0
672915.039,0,0,0,1.000,1.000,1.000,-90.00,180.00,0.00,OPEN,0
672915.089,0,0,0,1.000,1.000,1.000,-90.00,180.00,0.00,OPEN,0
672915.139,0,0,0,1.000,1.000,1.000,-90.00,180.00,0.00,OPEN,0
672915.189,0,0,0,1.000,1.000,1.000,-90.00,180.00,0.00,OPEN,0
672915.239,0,0,0,1.000,1.000,1.000,-90.00,180.00,0.00,OPEN,0
672915.289,0,0,0,1.000,1.000,1.000,-90.00,180.00,0.00,OPEN,0
672915.339,0,0,0,1.000,1.000,1.000,-90.00,180.00,0.00,OPEN,0
672915.389,0,0,0,1.000,1.000,1.000,-90.00,180.00,0.00,OPEN,0
672915.439,0,0,0,1.000,1.000,1.000,-90.00,180.00,0.00,OPEN,0
672915.489,0,0,0,1.000,1.000,1.000,-90.00,180.00,0.00,OPEN,0
672915.539,0,0,0,1.000,1.000,1.000,-90.00,180.00,0.00,OPEN,0
672915.599,0,0,0,1.000,1.000,1.000,-90.00,180.00,0.00,OPEN,0
672915.641,0,0,0,1.000,1.000,1.000,-90.00,180.00,0.00,OPEN,0
672915.689,0,0,0,1.000,1.000,1.000,-90.00,180.00,0.00,OPEN,0
672915.739,0,0,0,1.000,1.000,1.000,-90.00,180.00,0.00,OPEN,0
672915.789,0,0,0,1.000,1.000,1.000,-90.00,180.00,0.00,OPEN,0
672915.839,0,0,0,1.000,1.000,1.000,-90.00,180.00,0.00,OPEN,0
672915.889,0,0,0,1.000,1.000,1.000,-90.00,180.00,0.00,OPEN,0
672915.939,0,0,0,1.000,1.000,1.000,-90.00,180.00,0.00,OPEN,0
672915.989,0,0,0,1.000,1.000,1.000,-90.00,180.00,0.00,OPEN,0
672916.039,0,0,0,1.000,1.000,1.000,-90.00,180.00,0.00,OPEN,0
672916.089,0,0,0,1.000,1.000,1.000,-90.00,180.00,0.00,OPEN,0
672916.139,0,0,0,1.000,1.000,1.000,-90.00,180.00,0.00,OPEN,0
672916.189,0,0,0,1.000,1.000,1.000,-90.00,180.00,0.00,OPEN,0
672916.239,0,0,0,1.000,1.000,1.000,-90.00,180.00,0.00,OPEN,0
672916.288,0,0,0,1.000,1.000,1.000,-90.00,180.00,0.00,OPEN,0
672916.339,0,0,0,1.000,1.000,1.000,-90.00,180.00,0.00,OPEN,0
672916.389,0,0,0,1.000,1.000,1.000,-90.00,180.00,0.00,OPEN,0
672916.439,0,0,0,1.000,1.000,1.000,-90.00,180.00,0.00,OPEN,0
672916.489,0,0,0,1.000,1.000,1.000,-90.00,180.00,0.00,OPEN,0
672916.539,0,0,0,1.000,1.000,1.000,-90.00,180.00,0.00,OPEN,0
672916.589,0,0,0,1.000,1.000,1.000,-90.00,180.00,0.00,OPEN,0
672916.639,0,0,0,1.000,1.000,1.000,-90.00,180.00,0.00,OPEN,0
672916.689,0,0,0,1.000,1.000,1.000,-90.00,180.00,0.00,OPEN,0
672916.739,0,0,0,1.000,1.000,1.000,-90.00,180.00,0.00,OPEN,0
672916.789,0,0,0,1.000,1.000,1.000,-90.00,180.00,0.00,OPEN,0
672916.839,0,0,0,1.000,1.000,1.000,-90.00,180.00,0.00,OPEN,0
672916.889,0,0,0,1.000,1.000,1.000,-90.00,180.00,0.00,OPEN,0
672916.939,0,0,0,1.000,1.000,1.000,-90.00,180.00,0.00,OPEN,0
672916.989,0,0,0,1.000,1.000,1.000,-90.00,180.00,0.00,OPEN,0
672917.040,0,0,0,1.000,1.000,1.000,-90.00,180.00,0.00,OPEN,0
672917.089,0,0,0,1.000,1.000,1.000,-90.00,180.00,0.00,OPEN,0
672917.139,0,0,0,1.000,1.000,1.000,-90.00,180.00,0.00,OPEN,0
672917.189,0,0,0,1.000,1.000,1.000,-90.00,180.00,0.00,OPEN,0
672917.240,0,0,0,1.000,1.000,1.000,-90.00,180.00,0.00,OPEN,0
672917.289,0,0,0,1.000,1.000,1.000,-90.00,180.00,0.00,OPEN,0
672917.339,0,0,0,1.000,1.000,1.000,-90.00,180.00,0.00,OPEN,0
672917.389,0,0,0,1.000,1.000,1.000,-90.00,180.00,0.00,OPEN,0
672917.439,0,0,0,1.000,1.000,1.000,-90.00,180.00,0.00,OPEN,0
672917.490,0,0,0,1.000,1.000,1.000,-90.00,180.00,0.00,OPEN,0
672917.539,0,0,0,1.000,1.000,1.000,-90.00,180.00,0.00,OPEN,0
672917.589,0,0,0,1.000,1.000,1.000,-90.00,180.00,0.00,OPEN,0
672917.660,0,0,0,1.000,1.000,1.000,-90.00,180.00,0.00,OPEN,0
672917.692,0,0,0,1.000,1.000,1.000,-90.00,180.00,0.00,OPEN,0
672917.739,0,0,0,1.000,1.000,1.000,-90.00,180.00,0.00,OPEN,0
672917.789,0,0,0,1.000,1.000,1.000,-90.00,180.00,0.00,OPEN,0
672917.839,0,0,0,1.000,1.000,1.000,-90.00,180.00,0.00,OPEN,0
672917.889,0,0,0,1.000,1.000,1.000,-90.00,180.00,0.00,OPEN,0
672917.939,0,0,0,1.000,1.000,1.000,-90.00,180.00,0.00,OPEN,0
672917.989,0,0,0,1.000,1.000,1.000,-90.00,180.00,0.00,OPEN,0
672918.039,0,0,0,1.000,1.000,1.000,-90.00,180.00,0.00,OPEN,0
672918.089,0,0,0,1.000,1.000,1.000,-90.00,180.00,0.00,OPEN,0
672918.139,0,0,0,1.000,1.000,1.000,-90.00,180.00,0.00,OPEN,0
672918.188,0,0,0,1.000,1.000,1.000,-90.00,180.00,0.00,OPEN,0
672918.239,0,0,0,1.000,1.000,1.000,-90.00,180.00,0.00,OPEN,0
672918.288,0,0,0,1.000,1.000,1.000,-90.00,180.00,0.00,OPEN,0
672918.339,0,0,0,1.000,1.000,1.000,-90.00,180.00,0.00,OPEN,0
672918.389,0,0,0,1.000,1.000,1.000,-90.00,180.00,0.00,OPEN,0
672918.439,0,0,0,1.000,1.000,1.000,-90.00,180.00,0.00,OPEN,0
672918.489,0,0,0,1.000,1.000,1.000,-90.00,180.00,0.00,OPEN,0
672918.539,0,0,0,1.000,1.000,1.000,-90.00,180.00,0.00,OPEN,0
672918.589,0,0,0,1.000,1.000,1.000,-90.00,180.00,0.00,OPEN,0
672918.639,0,0,0,0.999,1.000,1.000,-90.00,180.00,0.00,OPEN,0
672918.689,0,0,0,0.999,1.000,1.000,-90.00,180.00,0.00,OPEN,0
672918.739,0,0,0,0.996,1.000,1.000,-90.00,180.00,0.00,OPEN,0
672918.789,0,0,0,0.995,1.000,1.000,-90.00,180.00,0.00,OPEN,0
672918.839,0,0,0,0.980,1.000,1.000,-90.00,180.00,0.00,OPEN,0
672918.889,0,0,0,0.961,1.000,1.000,-90.00,180.00,0.00,OPEN,0
672918.939,0,0,0,0.868,1.000,1.000,-90.00,180.00,0.00,OPEN,0
672918.989,0,0,0,0.999,0.971,1.000,-90.00,180.00,0.00,OPEN,0
672919.039,0,0,0,1.000,1.000,1.000,-90.00,180.00,0.00,OPEN,0
672919.089,0,0,0,1.000,1.000,1.000,-90.00,180.00,0.00,OPEN,0
672919.139,0,0,0,1.000,1.000,1.000,-90.00,180.00,0.00,OPEN,0
672919.211,0,0,0,1.000,1.000,1.000,-90.00,180.00,0.00,OPEN,0
672919.242,0,0,0,1.000,1.000,1.000,-90.00,180.00,0.00,OPEN,0
672919.289,0,0,0,1.000,1.000,1.000,-90.00,180.00,0.00,OPEN,0
672919.339,3,0,0,1.000,1.000,0.999,-90.00,180.00,0.00,OPEN,0
672919.391,3,0,0,1.000,1.000,0.995,-90.00,180.00,0.00,OPEN,0
672919.439,3,0,0,1.000,1.000,0.981,-90.00,180.00,0.00,OPEN,0
672919.489,3,0,0,1.000,1.000,0.923,-90.00,180.00,0.00,OPEN,0
672919.539,3,0,0,1.000,1.000,0.884,-90.00,180.00,0.00,OPEN,0
672919.589,3,0,0,1.000,1.000,0.828,-90.00,180.00,0.00,OPEN,0
672919.639,3,0,0,1.000,1.000,0.755,-90.00,180.00,0.00,OPEN,0
672919.689,3,0,0,1.000,1.000,0.731,-90.00,180.00,0.00,OPEN,0
672919.739,3,0,0,1.000,1.000,1.000,-90.00,180.00,0.00,OPEN,0
672919.788,3,0,0,1.000,1.000,1.000,-90.00,180.00,0.00,OPEN,0
672919.839,3,0,0,1.000,1.000,1.000,-90.00,180.00,0.00,OPEN,0
672919.889,3,0,0,1.000,1.000,1.000,-90.00,180.00,0.00,OPEN,0
672919.939,3,1,0,1.000,1.000,1.000,-90.00,180.00,0.00,OPEN,0
672919.989,3,1,0,1.000,1.000,1.000,-90.00,180.00,0.00,OPEN,0
672920.039,3,1,0,1.000,1.000,1.000,-90.00,180.00,0.00,OPEN,0
672920.089,3,1,0,1.000,1.000,1.000,-90.00,180.00,0.00,OPEN,0
672920.143,3,1,0,1.000,1.000,1.000,-90.00,180.00,0.00,OPEN,0
672920.189,3,1,0,1.000,1.000,1.000,-90.00,180.00,0.00,OPEN,0
672920.239,3,1,0,1.000,1.000,1.000,-90.00,180.00,0.00,OPEN,0
672920.289,3,1,0,1.000,1.000,1.000,-90.00,180.00,0.00,OPEN,0
672920.338,3,1,0,1.000,1.000,1.000,-90.00,180.00,0.00,OPEN,0
672920.389,3,1,0,1.000,1.000,1.000,-90.00,180.00,0.00,OPEN,0
672920.439,3,1,0,1.000,1.000,1.000,-90.00,180.00,0.00,OPEN,0
672920.503,3,1,0,1.000,1.000,1.000,-90.00,180.00,0.00,OPEN,0
672920.541,3,1,0,1.000,1.000,1.000,-90.00,180.00,0.00,OPEN,0
672920.589,3,1,0,1.000,1.000,1.000,-90.00,180.00,0.00,OPEN,0
672920.639,3,1,1,1.000,1.000,1.000,-90.00,180.00,0.00,OPEN,0
672920.689,3,1,1,1.000,1.000,1.000,-90.00,180.00,0.00,OPEN,0
672920.739,3,1,1,1.000,1.000,1.000,-90.00,180.00,0.00,OPEN,0
672920.789,3,1,1,1.000,1.000,1.000,-90.00,180.00,0.00,OPEN,0
672920.839,3,1,1,1.000,1.000,1.000,-90.00,180.00,0.00,OPEN,0
672920.889,3,1,1,1.000,1.000,1.000,-90.00,180.00,0.00,OPEN,0
672920.939,3,1,1,1.000,1.000,1.000,-90.00,180.00,0.00,OPEN,0
672920.989,3,1,1,1.000,1.000,1.000,-90.00,180.00,0.00,OPEN,0
672921.039,3,1,1,1.000,1.000,1.000,-90.00,180.00,0.00,OPEN,0
672921.089,3,1,1,1.000,1.000,1.000,-90.00,180.00,0.00,OPEN,0
672921.140,3,1,1,1.000,1.000,1.000,-90.00,180.00,0.00,OPEN,0
672921.189,3,1,1,1.000,1.000,1.000,-90.00,180.00,0.00,OPEN,0
672921.239,3,1,1,1.000,1.000,1.000,-90.00,180.00,0.00,OPEN,0
672921.289,3,1,1,1.000,1.000,1.000,-90.00,180.00,0.00,OPEN,0
672921.339,3,1,1,1.000,1.000,1.000,-90.00,180.00,0.00,OPEN,0
672921.389,3,1,1,1.000,1.000,1.000,-90.00,180.00,0.00,OPEN,0
672921.439,3,1,1,1.000,1.000,1.000,-90.00,180.00,0.00,OPEN,0
672921.489,3,1,1,1.000,0.999,1.000,-90.00,180.00,0.00,OPEN,0
672921.539,3,1,1,1.000,0.998,1.000,-90.00,180.00,0.00,OPEN,0
672921.589,3,1,1,1.000,0.999,1.000,-90.00,180.00,0.00,OPEN,0
672921.639,3,1,1,1.000,0.999,1.000,-90.00,180.00,0.00,OPEN,0
672921.689,3,1,1,1.000,0.999,1.000,-90.00,180.00,0.00,OPEN,0
672921.739,3,1,1,1.000,0.999,1.000,-90.00,180.00,0.00,OPEN,0
672921.789,3,1,1,1.000,1.000,1.000,-90.00,180.00,0.00,OPEN,0
672921.840,3,1,1,1.000,1.000,1.000,-90.00,180.00,0.00,OPEN,0
672921.889,3,1,1,1.000,1.000,1.000,-90.00,180.00,0.00,OPEN,0
672921.939,3,1,1,1.000,1.000,1.000,-90.00,180.00,0.00,OPEN,0
672921.989,3,1,1,1.000,1.000,1.000,-90.00,180.00,0.00,OPEN,0
672922.039,3,1,1,1.000,1.000,1.000,-90.00,180.00,0.00,OPEN,0
672922.089,3,1,1,1.000,1.000,1.000,-90.00,180.00,0.00,OPEN,0
672922.139,3,1,1,1.000,1.000,1.000,-90.00,180.00,0.00,OPEN,0
672922.189,3,1,1,1.000,1.000,1.000,-90.00,180.00,0.00,OPEN,0
672922.239,3,1,1,1.000,1.000,1.000,-90.00,180.00,0.00,OPEN,0
672922.289,3,1,1,1.000,1.000,1.000,-90.00,180.00,0.00,OPEN,0
672922.339,3,1,1,1.000,1.000,1.000,-90.00,180.00,0.00,OPEN,0
672922.389,3,1,1,1.000,1.000,1.000,-90.00,180.00,0.00,OPEN,0
672922.439,3,1,1,1.000,1.000,1.000,-90.00,180.00,0.00,OPEN,0
672922.489,3,1,1,1.000,1.000,1.000,-90.00,180.00,0.00,OPEN,0
672922.538,3,1,1,1.000,1.000,1.000,-90.00,180.00,0.00,OPEN,0
672922.588,3,1,1,1.000,1.000,1.000,-90.00,180.00,0.00,OPEN,0
672922.639,3,1,1,1.000,1.000,1.000,-90.00,180.00,0.00,OPEN,0
672922.689,3,1,1,1.000,1.000,1.000,-90.00,180.00,0.00,OPEN,0
672922.739,3,1,1,1.000,1.000,1.000,-90.00,180.00,0.00,OPEN,0
672922.789,3,1,1,1.000,1.000,1.000,-90.00,180.00,0.00,OPEN,0
672922.839,3,1,1,1.000,1.000,1.000,-90.00,180.00,0.00,OPEN,0
672922.889,3,1,1,1.000,1.000,1.000,-90.00,180.00,0.00,OPEN,0
672922.939,3,1,1,1.000,1.000,1.000,-90.00,180.00,0.00,OPEN,0
672922.989,3,1,1,1.000,1.000,1.000,-90.00,180.00,0.00,OPEN,0
672923.039,3,1,1,1.000,1.000,1.000,-90.00,180.00,0.00,OPEN,0
672923.090,3,1,1,1.000,1.000,1.000,-90.00,180.00,0.00,OPEN,0
672923.139,3,1,1,1.000,1.000,1.000,-90.00,180.00,0.00,OPEN,0
672923.189,3,1,1,1.000,1.000,1.000,-90.00,180.00,0.00,OPEN,0
672923.239,3,1,1,1.000,1.000,1.000,-90.00,180.00,0.00,OPEN,0
672923.289,3,1,1,1.000,1.000,1.000,-90.00,180.00,0.00,OPEN,0
672923.339,3,1,1,1.000,1.000,1.000,-90.00,180.00,0.00,OPEN,0
672923.389,3,1,1,1.000,1.000,1.000,-90.00,180.00,0.00,OPEN,0
672923.440,3,1,1,1.000,1.000,1.000,-90.00,180.00,0.00,OPEN,0
672923.489,3,1,1,1.000,1.000,1.000,-90.00,180.00,0.00,OPEN,0
672923.539,3,1,1,1.000,1.000,1.000,-90.00,180.00,0.00,OPEN,0
672923.589,3,1,1,1.000,1.000,1.000,-90.00,180.00,0.00,OPEN,0
672923.639,3,1,1,1.000,1.000,1.000,-90.00,180.00,0.00,OPEN,0
672923.689,3,1,1,1.000,1.000,1.000,-90.00,180.00,0.00,OPEN,0
672923.740,3,1,1,1.000,1.000,1.000,-90.00,180.00,0.00,OPEN,0
672923.789,3,1,1,1.000,1.000,1.000,-90.00,180.00,0.00,OPEN,0
672923.860,3,1,1,1.000,1.000,1.000,-90.00,180.00,0.00,OPEN,0
672923.895,3,1,1,1.000,1.000,1.000,-90.00,180.00,0.00,OPEN,0
672923.940,3,1,1,1.000,1.000,1.000,-90.00,180.00,0.00,OPEN,0
672923.989,3,1,1,1.000,1.000,1.000,-90.00,180.00,0.00,OPEN,0
672924.039,3,1,1,1.000,1.000,1.000,-90.00,180.00,0.00,OPEN,0
672924.089,3,1,1,1.000,1.000,1.000,-90.00,180.00,0.00,OPEN,0
672924.139,3,1,1,1.000,1.000,1.000,-90.00,180.00,0.00,OPEN,0
672924.189,3,1,1,1.000,1.000,1.000,-90.00,180.00,0.00,OPEN,0
672924.239,3,1,1,1.000,1.000,1.000,-90.00,180.00,0.00,OPEN,0
672924.289,3,1,1,1.000,1.000,1.000,-90.00,180.00,0.00,OPEN,0
672924.339,3,1,1,1.000,1.000,1.000,-90.00,180.00,0.00,OPEN,0
672924.389,3,1,1,1.000,1.000,1.000,-90.00,180.00,0.00,OPEN,0
672924.439,3,1,1,1.000,1.000,1.000,-90.00,180.00,0.00,OPEN,0
672924.489,3,1,1,1.000,1.000,1.000,-90.00,180.00,0.00,OPEN,0
672924.539,3,1,1,1.000,1.000,1.000,-90.00,180.00,0.00,OPEN,0
672924.589,3,1,1,1.000,1.000,1.000,-90.00,180.00,0.00,OPEN,0
672924.638,3,1,1,1.000,1.000,1.000,-90.00,180.00,0.00,OPEN,0
672924.689,3,1,1,1.000,1.000,1.000,-90.00,180.00,0.00,OPEN,0
672924.739,3,1,1,1.000,1.000,1.000,-90.00,180.00,0.00,OPEN,0
672924.789,3,1,1,1.000,1.000,1.000,-90.00,180.00,0.00,OPEN,0
672924.840,3,1,1,1.000,1.000,1.000,-90.00,180.00,0.00,OPEN,0
672924.889,3,1,1,1.000,1.000,1.000,-90.00,180.00,0.00,OPEN,0
672924.940,3,1,1,1.000,1.000,1.000,-90.00,180.00,0.00,OPEN,0
672924.989,3,1,1,1.000,1.000,1.000,-90.00,180.00,0.00,OPEN,0
672925.039,3,1,1,1.000,1.000,1.000,-90.00,180.00,0.00,OPEN,0
672925.089,3,1,1,1.000,1.000,1.000,-90.00,180.00,0.00,OPEN,0
672925.139,3,1,1,1.000,1.000,1.000,-90.00,180.00,0.00,OPEN,0
672925.189,3,1,1,1.000,1.000,1.000,-90.00,180.00,0.00,OPEN,0
672925.239,3,1,1,0.999,1.000,1.000,-90.00,180.00,0.00,OPEN,0
672925.289,3,1,1,0.995,1.000,1.000,-90.00,180.00,0.00,OPEN,0
672925.339,3,1,1,0.927,1.000,1.000,-90.00,180.00,0.00,OPEN,0
672925.389,3,1,1,0.907,1.000,1.000,-90.00,180.00,0.00,OPEN,0
672925.440,3,1,1,0.996,1.000,1.000,-90.00,180.00,0.00,OPEN,0
672925.489,3,1,1,1.000,1.000,1.000,-90.00,180.00,0.00,OPEN,0
672925.539,3,1,1,1.000,1.000,1.000,-90.00,180.00,0.00,OPEN,0
672925.589,3,1,1,1.000,1.000,0.999,-90.00,180.00,0.00,OPEN,0
672925.639,3,1,1,0.999,1.000,0.999,-90.00,180.00,0.00,OPEN,0
672925.689,3,1,1,0.999,1.000,0.999,-90.00,180.00,0.00,OPEN,0
672925.739,3,1,1,0.997,1.000,0.999,-90.00,180.00,0.00,OPEN,0
672925.789,0,1,1,0.994,1.000,0.999,-90.00,180.00,0.00,OPEN,0
672925.839,0,1,1,0.987,1.000,0.999,-90.00,180.00,0.00,OPEN,0
672925.889,0,1,1,0.973,1.000,0.999,-90.00,180.00,0.00,OPEN,0
672925.949,0,1,1,0.941,1.000,0.999,-90.00,180.00,0.00,OPEN,0
672925.993,0,1,1,0.925,1.000,0.999,-90.00,180.00,0.00,OPEN,0
672926.038,0,1,1,0.907,1.000,0.999,-90.00,180.00,0.00,OPEN,0
672926.090,0,1,1,0.908,1.000,0.999,-90.00,180.00,0.00,OPEN,0
672926.139,0,1,1,0.945,1.000,0.999,-90.00,180.00,0.00,OPEN,0
672926.189,0,1,1,0.945,1.000,0.998,-90.00,180.00,0.00,OPEN,0
672926.239,0,1,1,0.977,1.000,0.997,-90.00,180.00,0.00,OPEN,0
672926.289,0,1,1,0.995,0.999,0.993,-90.00,180.00,0.00,OPEN,0
672926.339,0,1,1,1.000,0.948,0.975,-90.00,180.00,0.00,OPEN,0
672926.389,0,1,1,1.000,0.822,0.952,-90.00,180.00,0.00,OPEN,0
672926.439,0,1,1,1.000,0.953,0.944,-90.00,180.00,0.00,OPEN,0
672926.489,0,1,1,1.000,0.999,0.936,-90.00,180.00,0.00,OPEN,0
672926.538,0,1,1,1.000,1.000,0.989,-90.00,180.00,0.00,OPEN,0
672926.589,0,1,1,1.000,1.000,0.999,-90.00,180.00,0.00,OPEN,0
672926.639,0,1,1,1.000,1.000,0.998,-90.00,180.00,0.00,OPEN,0
672926.689,0,1,1,1.000,1.000,0.998,-90.00,180.00,0.00,OPEN,0
672926.739,0,1,1,1.000,1.000,0.996,-90.00,180.00,0.00,OPEN,0
672926.789,0,1,1,1.000,0.999,0.991,-90.00,180.00,0.00,OPEN,0
672926.839,0,1,1,1.000,0.996,0.976,-90.00,180.00,0.00,OPEN,0
672926.890,0,1,1,1.000,0.910,0.838,-90.00,180.00,0.00,OPEN,0
672926.940,0,1,1,1.000,0.688,0.733,-90.00,180.00,0.00,OPEN,0
672926.989,0,1,1,1.000,0.936,0.967,-90.00,180.00,0.00,OPEN,0
672927.040,0,1,1,1.000,0.982,0.990,-90.00,180.00,0.00,OPEN,0
672927.090,0,1,1,1.000,0.991,0.995,-90.00,180.00,0.00,OPEN,0
672927.139,0,1,1,1.000,0.994,0.997,-90.00,180.00,0.00,OPEN,0
672927.189,0,1,1,1.000,0.996,0.998,-90.00,180.00,0.00,OPEN,0
672927.239,0,1,1,1.000,0.998,0.998,-90.00,180.00,0.00,OPEN,0
672927.291,0,1,1,1.000,0.999,0.999,-90.00,180.00,0.00,OPEN,0
672927.338,0,1,1,1.000,1.000,1.000,-90.00,180.00,0.00,OPEN,0
672927.390,0,1,1,1.000,1.000,1.000,-90.00,180.00,0.00,OPEN,0
672927.439,0,1,1,1.000,1.000,1.000,-90.00,180.00,0.00,OPEN,0
672927.489,0,1,1,1.000,1.000,1.000,-90.00,180.00,0.00,OPEN,0
672927.539,0,1,1,1.000,1.000,1.000,-90.00,180.00,0.00,OPEN,0
672927.589,0,1,1,1.000,1.000,1.000,-90.00,180.00,0.00,OPEN,0
672927.640,0,1,1,1.000,1.000,1.000,-90.00,180.00,0.00,OPEN,0
672927.689,0,1,1,1.000,1.000,1.000,-90.00,180.00,0.00,OPEN,0
672927.739,0,1,1,1.000,1.000,1.000,-90.00,180.00,0.00,OPEN,0
672927.789,0,1,1,1.000,1.000,1.000,-90.00,180.00,0.00,OPEN,0
672927.839,0,0,0,1.000,1.000,1.000,-90.00,180.00,0.00,OPEN,0
672927.889,0,0,0,1.000,1.000,1.000,-90.00,180.00,0.00,OPEN,0
672927.940,0,0,0,1.000,1.000,1.000,-90.00,180.00,0.00,OPEN,0
672927.989,0,0,0,1.000,1.000,1.000,-90.00,180.00,0.00,OPEN,0
672928.039,0,0,0,1.000,1.000,1.000,-90.00,180.00,0.00,OPEN,0
672928.089,0,0,0,1.000,1.000,1.000,-90.00,180.00,0.00,OPEN,0
672928.139,0,0,0,1.000,1.000,1.000,-90.00,180.00,0.00,OPEN,0
672928.189,0,0,0,1.000,1.000,1.000,-90.00,180.00,0.00,OPEN,0
672928.239,0,0,0,1.000,1.000,1.000,-90.00,180.00,0.00,OPEN,0
672928.289,0,0,0,1.000,1.000,1.000,-90.00,180.00,0.00,OPEN,0
672928.339,0,0,0,1.000,1.000,1.000,-90.00,180.00,0.00,OPEN,0
672928.389,0,0,0,1.000,1.000,1.000,-90.00,180.00,0.00,OPEN,0
672928.439,0,0,0,1.000,1.000,1.000,-90.00,180.00,0.00,OPEN,0
672928.490,0,0,0,1.000,1.000,1.000,-90.00,180.00,0.00,OPEN,0
672928.539,0,0,0,1.000,1.000,1.000,-90.00,180.00,0.00,OPEN,0
672928.589,0,0,0,1.000,1.000,1.000,-90.00,180.00,0.00,OPEN,0
672928.639,0,0,0,1.000,1.000,1.000,-90.00,180.00,0.00,OPEN,0
672928.689,0,0,0,1.000,1.000,1.000,-90.00,180.00,0.00,OPEN,0
672928.739,0,0,0,1.000,1.000,1.000,-90.00,180.00,0.00,OPEN,0
672928.789,0,0,0,1.000,1.000,1.000,-90.00,180.00,0.00,OPEN,0
672928.839,0,0,0,1.000,1.000,1.000,-90.00,180.00,0.00,OPEN,0
672928.889,0,0,0,1.000,1.000,1.000,-90.00,180.00,0.00,OPEN,0
672928.940,0,0,0,1.000,1.000,1.000,-90.00,180.00,0.00,OPEN,0
672928.989,0,0,0,1.000,1.000,1.000,-90.00,180.00,0.00,OPEN,0
672929.039,0,0,0,1.000,1.000,1.000,-90.00,180.00,0.00,OPEN,0
672929.090,0,0,0,1.000,1.000,1.000,-90.00,180.00,0.00,OPEN,0
672929.139,0,0,0,1.000,1.000,1.000,-90.00,180.00,0.00,OPEN,0
672929.191,0,0,0,1.000,1.000,1.000,-90.00,180.00,0.00,OPEN,0
672929.239,0,0,0,1.000,1.000,1.000,-90.00,180.00,0.00,OPEN,0
672929.291,0,0,0,1.000,1.000,1.000,-90.00,180.00,0.00,OPEN,0
672929.346,0,0,0,1.000,1.000,1.000,-90.00,180.00,0.00,OPEN,0
672929.390,0,0,0,1.000,1.000,1.000,-90.00,180.00,0.00,OPEN,0
672929.440,0,0,0,1.000,1.000,1.000,-90.00,180.00,0.00,OPEN,0
672929.489,0,0,0,1.000,1.000,1.000,-90.00,180.00,0.00,OPEN,0
672929.539,0,0,0,1.000,1.000,1.000,-90.00,180.00,0.00,OPEN,0
672929.589,0,0,0,1.000,1.000,1.000,-90.00,180.00,0.00,OPEN,0
672929.640,0,0,0,1.000,1.000,1.000,-90.00,180.00,0.00,OPEN,0
672929.689,0,0,0,1.000,1.000,1.000,-90.00,180.00,0.00,OPEN,0
672929.738,0,0,0,1.000,1.000,1.000,-90.00,180.00,0.00,OPEN,0
672929.789,0,0,0,1.000,1.000,1.000,-90.00,180.00,0.00,OPEN,0
672929.839,0,0,0,1.000,1.000,1.000,-90.00,180.00,0.00,OPEN,0
672929.889,0,0,0,1.000,1.000,1.000,-90.00,180.00,0.00,OPEN,0
672929.939,0,0,0,1.000,1.000,1.000,-90.00,180.00,0.00,OPEN,0
672929.989,0,0,0,1.000,1.000,1.000,-90.00,180.00,0.00,OPEN,0
672930.039,0,0,0,1.000,1.000,1.000,-90.00,180.00,0.00,OPEN,0
672930.089,0,0,0,1.000,1.000,1.000,-90.00,180.00,0.00,OPEN,0
672930.139,0,0,0,1.000,1.000,1.000,-90.00,180.00,0.00,OPEN,0
672930.189,0,0,0,1.000,1.000,1.000,-90.00,180.00,0.00,OPEN,0
672930.239,0,0,0,1.000,1.000,1.000,-90.00,180.00,0.00,OPEN,0
672930.289,0,0,0,1.000,1.000,1.000,-90.00,180.00,0.00,OPEN,0
672930.339,0,0,0,1.000,1.000,1.000,-90.00,180.00,0.00,OPEN,0
672930.389,0,0,0,1.000,1.000,1.000,-90.00,180.00,0.00,OPEN,0
672930.439,0,0,0,1.000,1.000,1.000,-90.00,180.00,0.00,OPEN,0
672930.490,0,0,0,1.000,1.000,1.000,-90.00,180.00,0.00,OPEN,0
672930.539,0,0,0,1.000,1.000,1.000,-90.00,180.00,0.00,OPEN,0
672930.588,0,0,0,1.000,1.000,1.000,-90.00,180.00,0.00,OPEN,0
672930.639,0,0,0,1.000,1.000,1.000,-90.00,180.00,0.00,OPEN,0
672930.689,0,0,0,1.000,1.000,1.000,-90.00,180.00,0.00,OPEN,0
672930.739,0,0,0,1.000,1.000,1.000,-90.00,180.00,0.00,OPEN,0
672930.788,0,0,0,1.000,1.000,1.000,-90.00,180.00,0.00,OPEN,0
672930.839,0,0,0,1.000,1.000,1.000,-90.00,180.00,0.00,OPEN,0
672930.889,0,0,0,1.000,1.000,1.000,-90.00,180.00,0.00,OPEN,0
672930.939,0,0,0,1.000,1.000,1.000,-90.00,180.00,0.00,OPEN,0
672930.989,0,0,0,1.000,1.000,1.000,-90.00,180.00,0.00,OPEN,0
672931.039,0,0,0,1.000,1.000,1.000,-90.00,180.00,0.00,OPEN,0
672931.091,0,0,0,1.000,1.000,1.000,-90.00,180.00,0.00,OPEN,0
672931.139,0,0,0,1.000,1.000,1.000,-90.00,180.00,0.00,OPEN,0
672931.189,0,0,0,1.000,1.000,1.000,-90.00,180.00,0.00,OPEN,0
672931.239,0,0,0,1.000,1.000,1.000,-90.00,180.00,0.00,OPEN,0
672931.289,0,0,0,1.000,1.000,1.000,-90.00,180.00,0.00,OPEN,0
672931.339,0,0,0,1.000,1.000,1.000,-90.00,180.00,0.00,OPEN,0
672931.390,0,0,0,1.000,1.000,1.000,-90.00,180.00,0.00,OPEN,0
672931.439,0,0,0,1.000,1.000,1.000,-90.00,180.00,0.00,OPEN,0
672931.489,0,0,0,1.000,1.000,1.000,-90.00,180.00,0.00,OPEN,0
672931.539,0,0,0,1.000,1.000,1.000,-90.00,180.00,0.00,OPEN,0
672931.589,0,0,0,1.000,1.000,1.000,-90.00,180.00,0.00,OPEN,0
672931.639,0,0,0,1.000,1.000,1.000,-90.00,180.00,0.00,OPEN,0
672931.689,0,0,0,1.000,1.000,1.000,-90.00,180.00,0.00,OPEN,0
672931.740,0,0,0,1.000,1.000,1.000,-90.00,180.00,0.00,OPEN,0
672931.789,0,0,0,1.000,1.000,1.000,-90.00,180.00,0.00,OPEN,0
672931.840,0,0,0,1.000,1.000,1.000,-90.00,180.00,0.00,OPEN,0
672931.890,0,0,0,1.000,1.000,1.000,-90.00,180.00,0.00,OPEN,0
672931.940,0,0,0,1.000,1.000,1.000,-90.00,180.00,0.00,OPEN,0
672931.989,0,0,0,1.000,1.000,1.000,-90.00,180.00,0.00,OPEN,0
672932.039,0,0,0,1.000,1.000,1.000,-90.00,180.00,0.00,OPEN,0
672932.091,0,0,0,1.000,1.000,1.000,-90.00,180.00,0.00,OPEN,0
672932.151,0,0,0,1.000,1.000,1.000,-90.00,180.00,0.00,OPEN,0
672932.191,0,0,0,1.000,1.000,1.000,-90.00,180.00,0.00,OPEN,0
672932.240,0,0,0,1.000,1.000,1.000,-90.00,180.00,0.00,OPEN,0
672932.289,0,0,0,1.000,1.000,1.000,-90.00,180.00,0.00,OPEN,0
672932.339,0,0,0,1.000,1.000,1.000,-90.00,180.00,0.00,OPEN,0
672932.389,0,0,0,1.000,1.000,1.000,-90.00,180.00,0.00,OPEN,0
672932.439,0,0,0,0.998,1.000,1.000,-90.00,180.00,0.00,OPEN,0
672932.489,0,0,0,0.962,1.000,1.000,-90.00,180.00,0.00,OPEN,0
672932.539,0,0,0,0.659,1.000,1.000,-90.00,180.00,0.00,OPEN,0
672932.589,0,0,0,0.560,1.000,1.000,-90.00,180.00,0.00,OPEN,0
672932.639,0,0,0,0.924,1.000,1.000,-90.00,180.00,0.00,OPEN,0
672932.689,0,0,0,0.997,1.000,1.000,-90.00,180.00,0.00,OPEN,0
672932.739,0,0,0,0.999,1.000,1.000,-90.00,180.00,0.00,OPEN,0
672932.789,0,0,0,1.000,1.000,1.000,-90.00,180.00,0.00,OPEN,0
672932.839,0,0,0,1.000,1.000,1.000,-90.00,180.00,0.00,OPEN,0
672932.890,0,0,0,1.000,1.000,1.000,-90.00,180.00,0.00,OPEN,0
672932.938,0,0,0,1.000,1.000,1.000,-90.00,180.00,0.00,OPEN,0
672932.989,1,0,0,1.000,1.000,1.000,-90.00,180.00,0.00,OPEN,0
672933.039,1,0,0,1.000,1.000,1.000,-90.00,180.00,0.00,OPEN,0
672933.089,1,0,0,1.000,1.000,1.000,-90.00,180.00,0.00,OPEN,0
672933.139,1,0,0,1.000,1.000,1.000,-90.00,180.00,0.00,OPEN,0
672933.189,1,0,0,1.000,1.000,1.000,-90.00,180.00,0.00,OPEN,0
672933.239,1,0,0,1.000,1.000,1.000,-90.00,180.00,0.00,OPEN,0
672933.289,1,0,0,1.000,1.000,1.000,-90.00,180.00,0.00,OPEN,0
672933.339,1,0,0,1.000,1.000,1.000,-90.00,180.00,0.00,OPEN,0
672933.389,1,0,0,1.000,1.000,1.000,-90.00,180.00,0.00,OPEN,0
672933.440,1,0,0,1.000,1.000,1.000,-90.00,180.00,0.00,OPEN,0
672933.489,1,0,0,1.000,1.000,1.000,-90.00,180.00,0.00,OPEN,0
672933.539,1,0,0,1.000,1.000,1.000,-90.00,180.00,0.00,OPEN,0
672933.596,1,0,0,1.000,1.000,1.000,-90.00,180.00,0.00,OPEN,0
672933.640,1,0,0,1.000,1.000,1.000,-90.00,180.00,0.00,OPEN,0
672933.689,1,0,0,1.000,1.000,1.000,-90.00,180.00,0.00,OPEN,0
672933.739,1,0,0,1.000,1.000,1.000,-90.00,180.00,0.00,OPEN,0
672933.789,1,0,0,1.000,1.000,1.000,-90.00,180.00,0.00,OPEN,0
672933.839,1,0,0,1.000,1.000,1.000,-90.00,180.00,0.00,OPEN,0
672933.889,1,0,0,1.000,1.000,1.000,-90.00,180.00,0.00,OPEN,0
672933.939,1,0,0,1.000,1.000,1.000,-90.00,180.00,0.00,OPEN,0
672933.989,1,0,0,1.000,1.000,1.000,-90.00,180.00,0.00,OPEN,0
672934.039,1,0,0,1.000,1.000,1.000,-90.00,180.00,0.00,OPEN,0
672934.089,1,0,0,1.000,1.000,1.000,-90.00,180.00,0.00,OPEN,0
672934.139,1,0,0,1.000,1.000,1.000,-90.00,180.00,0.00,OPEN,0
672934.189,1,0,0,1.000,1.000,1.000,-90.00,180.00,0.00,OPEN,0
672934.239,1,0,0,1.000,1.000,1.000,-90.00,180.00,0.00,OPEN,0
672934.289,1,0,0,1.000,1.000,1.000,-90.00,180.00,0.00,OPEN,0
672934.339,1,0,0,1.000,1.000,1.000,-90.00,180.00,0.00,OPEN,0
672934.389,1,0,0,1.000,1.000,1.000,-90.00,180.00,0.00,OPEN,0
672934.439,1,0,0,1.000,1.000,1.000,-90.00,180.00,0.00,OPEN,0
672934.489,1,0,0,1.000,1.000,1.000,-90.00,180.00,0.00,OPEN,0
672934.539,1,0,0,1.000,1.000,1.000,-90.00,180.00,0.00,OPEN,0
672934.589,1,0,0,1.000,1.000,1.000,-90.00,180.00,0.00,OPEN,0
672934.639,1,0,0,1.000,1.000,1.000,-90.00,180.00,0.00,OPEN,0
672934.689,1,0,0,1.000,1.000,1.000,-90.00,180.00,0.00,OPEN,0
672934.740,1,0,0,1.000,1.000,1.000,-90.00,180.00,0.00,OPEN,0
672934.790,1,0,0,1.000,1.000,1.000,-90.00,180.00,0.00,OPEN,0
672934.840,1,0,0,1.000,1.000,1.000,-90.00,180.00,0.00,OPEN,0
672934.888,1,0,0,1.000,1.000,1.000,-90.00,180.00,0.00,OPEN,0
672934.939,1,0,0,1.000,1.000,1.000,-90.00,180.00,0.00,OPEN,0
672934.990,1,0,0,1.000,1.000,1.000,-90.00,180.00,0.00,OPEN,0
672935.040,1,0,0,1.000,1.000,1.000,-90.00,180.00,0.00,OPEN,0
672935.089,1,0,0,1.000,1.000,1.000,-90.00,180.00,0.00,OPEN,0
672935.139,1,0,0,1.000,1.000,1.000,-90.00,180.00,0.00,OPEN,0
672935.190,1,0,0,1.000,1.000,1.000,-90.00,180.00,0.00,OPEN,0
672935.239,1,0,0,1.000,1.000,1.000,-90.00,180.00,0.00,OPEN,0
672935.289,1,0,0,1.000,1.000,1.000,-90.00,180.00,0.00,OPEN,0
672935.340,1,0,0,1.000,1.000,1.000,-90.00,180.00,0.00,OPEN,0
672935.389,1,0,0,1.000,1.000,1.000,-90.00,180.00,0.00,OPEN,0
672935.439,1,0,0,1.000,1.000,1.000,-90.00,180.00,0.00,OPEN,0
672935.489,1,0,0,1.000,1.000,1.000,-90.00,180.00,0.00,OPEN,0
672935.539,1,0,0,1.000,1.000,1.000,-90.00,180.00,0.00,OPEN,0
672935.589,1,0,0,1.000,1.000,1.000,-90.00,180.00,0.00,OPEN,0
672935.640,1,0,0,1.000,1.000,1.000,-90.00,180.00,0.00,OPEN,0
672935.689,1,0,0,1.000,1.000,1.000,-90.00,180.00,0.00,OPEN,0
672935.739,1,0,0,1.000,1.000,1.000,-90.00,180.00,0.00,OPEN,0
672935.789,1,0,0,1.000,1.000,1.000,-90.00,180.00,0.00,OPEN,0
672935.839,1,0,0,1.000,1.000,1.000,-90.00,180.00,0.00,OPEN,0
672935.889,1,0,0,1.000,1.000,1.000,-90.00,180.00,0.00,OPEN,0
672935.939,1,0,0,1.000,1.000,1.000,-90.00,180.00,0.00,OPEN,0
672935.989,1,0,0,1.000,1.000,1.000,-90.00,180.00,0.00,OPEN,0
672936.039,1,0,0,1.000,1.000,1.000,-90.00,180.00,0.00,OPEN,0
672936.090,1,0,0,1.000,1.000,1.000,-90.00,180.00,0.00,OPEN,0
672936.139,1,0,0,1.000,1.000,1.000,-90.00,180.00,0.00,OPEN,0
672936.189,1,0,0,1.000,1.000,1.000,-90.00,180.00,0.00,OPEN,0
672936.239,1,0,0,1.000,1.000,1.000,-90.00,180.00,0.00,OPEN,0
672936.288,1,0,0,1.000,1.000,1.000,-90.00,180.00,0.00,OPEN,0
672936.339,1,0,0,1.000,1.000,1.000,-90.00,180.00,0.00,OPEN,0
672936.389,1,0,0,1.000,1.000,1.000,-90.00,180.00,0.00,OPEN,0
672936.439,1,0,0,1.000,1.000,1.000,-90.00,180.00,0.00,OPEN,0
672936.489,1,0,0,1.000,1.000,1.000,-90.00,180.00,0.00,OPEN,0
672936.539,1,0,0,1.000,1.000,1.000,-90.00,180.00,0.00,OPEN,0
672936.589,1,0,0,1.000,1.000,1.000,-90.00,180.00,0.00,OPEN,0
672936.639,1,0,0,1.000,1.000,1.000,-90.00,180.00,0.00,OPEN,0
672936.689,1,0,0,1.000,1.000,1.000,-90.00,180.00,0.00,OPEN,0
672936.738,1,0,0,1.000,1.000,1.000,-90.00,180.00,0.00,OPEN,0
672936.789,1,0,0,1.000,1.000,1.000,-90.00,180.00,0.00,OPEN,0
672936.859,1,0,0,1.000,1.000,1.000,-90.00,180.00,0.00,OPEN,0
672936.897,1,0,0,1.000,1.000,1.000,-90.00,180.00,0.00,OPEN,0
672936.939,1,0,0,1.000,1.000,1.000,-90.00,180.00,0.00,OPEN,0
672936.989,1,0,0,1.000,1.000,1.000,-90.00,180.00,0.00,OPEN,0
672937.039,1,0,0,1.000,1.000,1.000,-90.00,180.00,0.00,OPEN,0
672937.089,1,0,0,1.000,1.000,1.000,-90.00,180.00,0.00,OPEN,0
672937.139,1,0,0,1.000,1.000,1.000,-90.00,180.00,0.00,OPEN,0
672937.189,1,0,0,1.000,1.000,1.000,-90.00,180.00,0.00,OPEN,0
672937.240,1,0,0,1.000,1.000,1.000,-90.00,180.00,0.00,OPEN,0
672937.289,1,0,0,1.000,1.000,1.000,-90.00,180.00,0.00,OPEN,0
672937.340,1,0,0,1.000,1.000,1.000,-90.00,180.00,0.00,OPEN,0
672937.389,1,0,0,1.000,1.000,1.000,-90.00,180.00,0.00,OPEN,0
672937.443,1,0,0,1.000,1.000,1.000,-90.00,180.00,0.00,OPEN,0
672937.489,1,0,0,1.000,1.000,1.000,-90.00,180.00,0.00,OPEN,0
672937.539,1,0,0,1.000,1.000,1.000,-90.00,180.00,0.00,OPEN,0
672937.589,1,0,0,1.000,1.000,1.000,-90.00,180.00,0.00,OPEN,0
672937.639,1,0,0,1.000,1.000,1.000,-90.00,180.00,0.00,OPEN,0
672937.693,1,0,0,1.000,1.000,1.000,-90.00,180.00,0.00,OPEN,0
672937.740,1,0,0,1.000,1.000,1.000,-90.00,180.00,0.00,OPEN,0
672937.789,1,0,0,1.000,1.000,1.000,-90.00,180.00,0.00,OPEN,0
672937.840,1,0,0,1.000,1.000,1.000,-90.00,180.00,0.00,OPEN,0
672937.891,1,0,0,1.000,1.000,1.000,-90.00,180.00,0.00,OPEN,0
672937.939,1,0,0,1.000,1.000,1.000,-90.00,180.00,0.00,OPEN,0
672937.989,1,0,0,1.000,1.000,1.000,-90.00,180.00,0.00,OPEN,0
672938.039,1,0,0,1.000,1.000,1.000,-90.00,180.00,0.00,OPEN,0
672938.089,1,0,0,1.000,1.000,1.000,-90.00,180.00,0.00,OPEN,0
672938.139,1,0,0,1.000,1.000,1.000,-90.00,180.00,0.00,OPEN,0
672938.189,1,0,0,1.000,1.000,1.000,-90.00,180.00,0.00,OPEN,0
672938.239,1,0,0,1.000,1.000,1.000,-90.00,180.00,0.00,OPEN,0
672938.289,1,0,0,1.000,1.000,1.000,-90.00,180.00,0.00,OPEN,0
672938.339,1,0,0,1.000,1.000,1.000,-90.00,180.00,0.00,OPEN,0
672938.389,1,0,0,1.000,1.000,1.000,-90.00,180.00,0.00,OPEN,0
672938.439,1,0,0,1.000,1.000,1.000,-90.00,180.00,0.00,OPEN,0
672938.510,1,0,0,1.000,1.000,1.000,-90.00,180.00,0.00,OPEN,0
672938.542,1,0,0,0.997,1.000,1.000,-90.00,180.00,0.00,OPEN,0
672938.589,1,0,0,0.895,1.000,1.000,-90.00,180.00,0.00,OPEN,0
672938.639,1,0,0,0.950,1.000,1.000,-90.00,180.00,0.00,OPEN,0
672938.693,1,0,0,1.000,1.000,1.000,-90.00,180.00,0.00,OPEN,0
672938.739,1,0,0,1.000,1.000,1.000,-90.00,180.00,0.00,OPEN,0
672938.790,1,0,0,1.000,1.000,1.000,-90.00,180.00,0.00,OPEN,0
672938.839,1,0,0,1.000,1.000,1.000,-90.00,180.00,0.00,OPEN,0
672938.889,1,0,0,1.000,1.000,1.000,-90.00,180.00,0.00,OPEN,0
672938.939,0,0,0,1.000,1.000,1.000,-90.00,180.00,0.00,OPEN,0
672938.994,0,0,0,1.000,1.000,1.000,-90.00,180.00,0.00,OPEN,0
672939.039,0,0,0,1.000,1.000,1.000,-90.00,180.00,0.00,OPEN,0
672939.089,0,0,0,1.000,1.000,1.000,-90.00,180.00,0.00,OPEN,0
672939.139,0,0,0,1.000,1.000,1.000,-90.00,180.00,0.00,OPEN,0
672939.189,0,0,0,1.000,1.000,1.000,-90.00,180.00,0.00,OPEN,0
672939.240,0,0,0,1.000,1.000,1.000,-90.00,180.00,0.00,OPEN,0
672939.289,0,0,0,1.000,1.000,1.000,-90.00,180.00,0.00,OPEN,0
672939.339,0,0,0,1.000,1.000,1.000,-90.00,180.00,0.00,OPEN,0
672939.389,0,0,0,1.000,1.000,1.000,-90.00,180.00,0.00,OPEN,0
672939.439,0,0,0,1.000,1.000,1.000,-90.00,180.00,0.00,OPEN,0
672939.489,0,0,0,1.000,1.000,1.000,-90.00,180.00,0.00,OPEN,0
672939.539,0,0,0,1.000,1.000,1.000,-90.00,180.00,0.00,OPEN,0
672939.590,0,0,0,1.000,1.000,1.000,-90.00,180.00,0.00,OPEN,0
672939.641,0,0,0,1.000,1.000,1.000,-90.00,180.00,0.00,OPEN,0
672939.689,0,0,0,1.000,1.000,1.000,-90.00,180.00,0.00,OPEN,0
672939.739,0,0,0,1.000,1.000,1.000,-90.00,180.00,0.00,OPEN,0
672939.789,0,0,0,1.000,1.000,1.000,-90.00,180.00,0.00,OPEN,0
672939.839,0,0,0,1.000,1.000,1.000,-90.00,180.00,0.00,OPEN,0
672939.889,0,0,0,1.000,1.000,1.000,-90.00,180.00,0.00,OPEN,0
672939.944,0,0,0,1.000,1.000,1.000,-90.00,180.00,0.00,OPEN,0
672939.989,0,0,0,1.000,1.000,1.000,-90.00,180.00,0.00,OPEN,0
672940.039,0,0,0,1.000,1.000,1.000,-90.00,180.00,0.00,OPEN,0
672940.089,0,0,0,1.000,1.000,1.000,-90.00,180.00,0.00,OPEN,0
672940.139,0,0,0,1.000,1.000,1.000,-90.00,180.00,0.00,OPEN,0
672940.189,0,0,0,1.000,1.000,1.000,-90.00,180.00,0.00,OPEN,0
672940.239,0,0,0,1.000,1.000,1.000,-90.00,180.00,0.00,OPEN,0
672940.289,0,0,0,1.000,1.000,1.000,-90.00,180.00,0.00,OPEN,0
672940.339,0,0,0,1.000,1.000,1.000,-90.00,180.00,0.00,OPEN,0
672940.389,0,0,0,1.000,1.000,1.000,-90.00,180.00,0.00,OPEN,0
672940.439,0,0,0,1.000,1.000,1.000,-90.00,180.00,0.00,OPEN,0
672940.489,0,0,0,1.000,1.000,1.000,-90.00,180.00,0.00,OPEN,0
672940.539,0,0,0,1.000,1.000,1.000,-90.00,180.00,0.00,OPEN,0
672940.589,0,0,0,1.000,1.000,1.000,-90.00,180.00,0.00,OPEN,0
672940.640,0,0,0,1.000,1.000,1.000,-90.00,180.00,0.00,OPEN,0
672940.689,0,0,0,1.000,1.000,1.000,-90.00,180.00,0.00,OPEN,0
672940.738,0,0,0,1.000,1.000,1.000,-90.00,180.00,0.00,OPEN,0
672940.789,0,0,0,1.000,1.000,1.000,-90.00,180.00,0.00,OPEN,0
672940.839,0,0,0,1.000,1.000,1.000,-90.00,180.00,0.00,OPEN,0
672940.889,0,0,0,1.000,1.000,1.000,-90.00,180.00,0.00,OPEN,0
672940.939,0,0,0,1.000,1.000,1.000,-90.00,180.00,0.00,OPEN,0
672940.989,0,0,0,1.000,1.000,1.000,-90.00,180.00,0.00,OPEN,0
672941.039,0,0,0,1.000,1.000,1.000,-90.00,180.00,0.00,OPEN,0
672941.093,0,0,0,1.000,1.000,1.000,-90.00,180.00,0.00,OPEN,0
672941.139,0,0,0,1.000,1.000,1.000,-90.00,180.00,0.00,OPEN,0
672941.189,0,0,0,1.000,1.000,1.000,-90.00,180.00,0.00,OPEN,0
672941.239,0,0,0,1.000,1.000,1.000,-90.00,180.00,0.00,OPEN,0
672941.289,0,0,0,1.000,1.000,1.000,-90.00,180.00,0.00,OPEN,0
672941.339,0,0,0,1.000,1.000,1.000,-90.00,180.00,0.00,OPEN,0
672941.389,0,0,0,1.000,1.000,1.000,-90.00,180.00,0.00,OPEN,0
672941.439,0,0,0,1.000,1.000,1.000,-90.00,180.00,0.00,OPEN,0
672941.489,0,0,0,1.000,1.000,1.000,-90.00,180.00,0.00,OPEN,0
672941.539,0,0,0,1.000,1.000,1.000,-90.00,180.00,0.00,OPEN,0
672941.589,0,0,0,1.000,1.000,1.000,-90.00,180.00,0.00,OPEN,0
672941.639,0,0,0,1.000,1.000,1.000,-90.00,180.00,0.00,OPEN,0
672941.689,0,0,0,1.000,1.000,1.000,-90.00,180.00,0.00,OPEN,0
672941.739,0,0,0,1.000,1.000,1.000,-90.00,180.00,0.00,OPEN,0
672941.789,0,0,0,1.000,1.000,1.000,-90.00,180.00,0.00,OPEN,0
672941.839,0,0,0,1.000,1.000,1.000,-90.00,180.00,0.00,OPEN,0
672941.889,0,0,0,1.000,1.000,1.000,-90.00,180.00,0.00,OPEN,0
672941.939,0,0,0,1.000,1.000,1.000,-90.00,180.00,0.00,OPEN,0
672941.988,0,0,0,1.000,1.000,1.000,-90.00,180.00,0.00,OPEN,0
672942.039,0,0,0,1.000,1.000,1.000,-90.00,180.00,0.00,OPEN,0
672942.089,0,0,0,1.000,1.000,1.000,-90.00,180.00,0.00,OPEN,0
672942.139,0,0,0,1.000,1.000,1.000,-90.00,180.00,0.00,OPEN,0
672942.189,0,0,0,1.000,1.000,1.000,-90.00,180.00,0.00,OPEN,0
672942.265,0,0,0,1.000,1.000,1.000,-90.00,180.00,0.00,OPEN,0
672942.294,0,0,0,1.000,1.000,1.000,-90.00,180.00,0.00,OPEN,0
672942.339,0,0,0,1.000,1.000,1.000,-90.00,180.00,0.00,OPEN,0
672942.389,0,0,0,1.000,1.000,1.000,-90.00,180.00,0.00,OPEN,0
672942.439,0,0,0,1.000,1.000,1.000,-90.00,180.00,0.00,OPEN,0
672942.489,0,0,0,1.000,1.000,1.000,-90.00,180.00,0.00,OPEN,0
672942.539,0,0,0,1.000,1.000,1.000,-90.00,180.00,0.00,OPEN,0
672942.589,0,0,0,1.000,1.000,1.000,-90.00,180.00,0.00,OPEN,0
672942.639,0,0,0,1.000,1.000,1.000,-90.00,180.00,0.00,OPEN,0
672942.689,0,0,0,1.000,1.000,1.000,-90.00,180.00,0.00,OPEN,0
672942.739,0,0,0,1.000,1.000,1.000,-90.00,180.00,0.00,OPEN,0
672942.789,0,0,0,1.000,1.000,1.000,-90.00,180.00,0.00,OPEN,0
672942.838,0,0,0,1.000,1.000,1.000,-90.00,180.00,0.00,OPEN,0
672942.889,0,0,0,1.000,1.000,1.000,-90.00,180.00,0.00,OPEN,0
672942.939,0,0,0,1.000,1.000,1.000,-90.00,180.00,0.00,OPEN,0
672942.989,0,0,0,1.000,1.000,1.000,-90.00,180.00,0.00,OPEN,0
672943.039,0,0,0,1.000,1.000,1.000,-90.00,180.00,0.00,OPEN,0
672943.089,0,0,0,1.000,1.000,1.000,-90.00,180.00,0.00,OPEN,0
672943.139,0,0,0,1.000,1.000,1.000,-90.00,180.00,0.00,OPEN,0
672943.190,0,0,0,1.000,1.000,1.000,-90.00,180.00,0.00,OPEN,0
672943.239,0,0,0,1.000,1.000,1.000,-90.00,180.00,0.00,OPEN,0
672943.289,0,0,0,1.000,1.000,1.000,-90.00,180.00,0.00,OPEN,0
672943.340,0,0,0,1.000,1.000,1.000,-90.00,180.00,0.00,OPEN,0
672943.389,0,0,0,1.000,1.000,1.000,-90.00,180.00,0.00,OPEN,0
672943.439,0,0,0,1.000,1.000,1.000,-90.00,180.00,0.00,OPEN,0
672943.489,0,0,0,1.000,1.000,1.000,-90.00,180.00,0.00,OPEN,0
672943.539,0,0,0,1.000,1.000,1.000,-90.00,180.00,0.00,OPEN,0
672943.589,0,0,0,1.000,1.000,1.000,-90.00,180.00,0.00,OPEN,0
672943.639,0,0,0,1.000,1.000,1.000,-90.00,180.00,0.00,OPEN,0
672943.689,0,0,0,1.000,1.000,1.000,-90.00,180.00,0.00,OPEN,0
672943.739,0,0,0,1.000,1.000,1.000,-90.00,180.00,0.00,OPEN,0
672943.789,0,0,0,1.000,1.000,1.000,-90.00,180.00,0.00,OPEN,0
672943.839,0,0,0,1.000,1.000,1.000,-90.00,180.00,0.00,OPEN,0
672943.889,0,0,0,1.000,1.000,1.000,-90.00,180.00,0.00,OPEN,0
672943.939,0,0,0,1.000,1.000,1.000,-90.00,180.00,0.00,OPEN,0
672943.989,0,0,0,1.000,1.000,1.000,-90.00,180.00,0.00,OPEN,0
672944.039,0,0,0,1.000,1.000,1.000,-90.00,180.00,0.00,OPEN,0
672944.089,0,0,0,1.000,1.000,1.000,-90.00,180.00,0.00,OPEN,0
672944.139,0,0,0,1.000,1.000,1.000,-90.00,180.00,0.00,OPEN,0
672944.189,0,0,0,1.000,1.000,1.000,-90.00,180.00,0.00,OPEN,0
672944.239,0,0,0,1.000,1.000,1.000,-90.00,180.00,0.00,OPEN,0
672944.307,0,0,0,1.000,1.000,1.000,-90.00,180.00,0.00,OPEN,0
672944.341,0,0,0,1.000,1.000,1.000,-90.00,180.00,0.00,OPEN,0
672944.389,0,0,0,1.000,1.000,1.000,-90.00,180.00,0.00,OPEN,0
672944.441,0,0,0,1.000,1.000,1.000,-90.00,180.00,0.00,OPEN,0
672944.490,0,0,0,1.000,1.000,1.000,-90.00,180.00,0.00,OPEN,0
672944.539,0,0,0,1.000,1.000,1.000,-90.00,180.00,0.00,OPEN,0
672944.590,0,0,0,1.000,1.000,1.000,-90.00,180.00,0.00,OPEN,0
672944.639,0,0,0,1.000,1.000,1.000,-90.00,180.00,0.00,OPEN,0
672944.689,0,0,0,1.000,1.000,1.000,-90.00,180.00,0.00,OPEN,0
672944.739,0,0,0,1.000,1.000,1.000,-90.00,180.00,0.00,OPEN,0
672944.788,0,0,0,1.000,1.000,1.000,-90.00,180.00,0.00,OPEN,0
672944.839,0,0,0,1.000,1.000,1.000,-90.00,180.00,0.00,OPEN,0
672944.890,0,0,0,1.000,1.000,1.000,-90.00,180.00,0.00,OPEN,0
672944.939,0,0,0,1.000,1.000,1.000,-90.00,180.00,0.00,OPEN,0
672944.989,0,0,0,1.000,1.000,1.000,-90.00,180.00,0.00,OPEN,0
672945.039,0,0,0,1.000,1.000,1.000,-90.00,180.00,0.00,OPEN,0
672945.089,0,0,0,1.000,1.000,1.000,-90.00,180.00,0.00,OPEN,0
672945.139,0,0,0,1.000,1.000,1.000,-90.00,180.00,0.00,OPEN,0
672945.191,0,0,0,1.000,1.000,1.000,-90.00,180.00,0.00,OPEN,0
672945.240,0,0,0,1.000,1.000,1.000,-90.00,180.00,0.00,OPEN,0
672945.289,0,0,0,1.000,1.000,1.000,-90.00,180.00,0.00,OPEN,0
672945.339,0,0,0,1.000,1.000,1.000,-90.00,180.00,0.00,OPEN,0
672945.389,0,0,0,1.000,1.000,1.000,-90.00,180.00,0.00,OPEN,0
672945.440,0,0,0,1.000,1.000,1.000,-90.00,180.00,0.00,OPEN,0
672945.489,0,0,0,1.000,1.000,1.000,-90.00,180.00,0.00,OPEN,0
672945.539,0,0,0,1.000,1.000,1.000,-90.00,180.00,0.00,OPEN,0
672945.589,0,0,0,1.000,1.000,1.000,-90.00,180.00,0.00,OPEN,0
672945.639,0,0,0,1.000,1.000,1.000,-90.00,180.00,0.00,OPEN,0
672945.689,0,0,0,1.000,1.000,1.000,-90.00,180.00,0.00,OPEN,0
672945.739,0,0,0,1.000,1.000,1.000,-90.00,180.00,0.00,OPEN,0
672945.789,0,0,0,1.000,1.000,1.000,-90.00,180.00,0.00,OPEN,0
672945.839,0,0,0,1.000,1.000,1.000,-90.00,180.00,0.00,OPEN,0
672945.890,0,0,0,1.000,1.000,1.000,-90.00,180.00,0.00,OPEN,0
672945.960,0,0,0,0.998,1.000,1.000,-90.00,180.00,0.00,OPEN,0
672945.991,0,0,0,0.796,1.000,1.000,-90.00,180.00,0.00,OPEN,0
672946.038,0,0,0,0.942,1.000,1.000,-90.00,180.00,0.00,OPEN,0
672946.089,0,0,0,0.995,1.000,1.000,-90.00,180.00,0.00,OPEN,0
672946.140,0,0,0,1.000,1.000,1.000,-90.00,180.00,0.00,OPEN,0
672946.189,0,0,0,1.000,1.000,1.000,-90.00,180.00,0.00,OPEN,0
672946.239,0,0,0,1.000,1.000,1.000,-90.00,180.00,0.00,OPEN,0
672946.289,0,0,0,1.000,1.000,1.000,-90.00,180.00,0.00,OPEN,0
672946.339,0,0,0,1.000,1.000,1.000,-90.00,180.00,0.00,OPEN,0
672946.389,2,0,0,1.000,1.000,1.000,-90.00,180.00,0.00,OPEN,0
672946.439,2,0,0,1.000,1.000,1.000,-90.00,180.00,0.00,OPEN,0
672946.489,2,0,0,1.000,1.000,1.000,-90.00,180.00,0.00,OPEN,0
672946.539,2,0,0,1.000,1.000,1.000,-90.00,180.00,0.00,OPEN,0
672946.590,2,0,0,1.000,1.000,1.000,-90.00,180.00,0.00,OPEN,0
672946.639,2,0,0,1.000,1.000,1.000,-90.00,180.00,0.00,OPEN,0
672946.689,2,0,0,1.000,1.000,1.000,-90.00,180.00,0.00,OPEN,0
672946.739,2,0,0,1.000,1.000,1.000,-90.00,180.00,0.00,OPEN,0
672946.790,2,0,0,1.000,1.000,1.000,-90.00,180.00,0.00,OPEN,0
672946.839,2,0,0,1.000,1.000,1.000,-90.00,180.00,0.00,OPEN,0
672946.889,2,0,0,1.000,1.000,1.000,-90.00,180.00,0.00,OPEN,0
672946.939,2,0,0,1.000,1.000,1.000,-90.00,180.00,0.00,OPEN,0
672946.989,2,0,0,1.000,1.000,1.000,-90.00,180.00,0.00,OPEN,0
672947.039,2,0,0,1.000,1.000,1.000,-90.00,180.00,0.00,OPEN,0
672947.089,2,0,0,1.000,1.000,1.000,-90.00,180.00,0.00,OPEN,0
672947.140,2,0,0,1.000,1.000,1.000,-90.00,180.00,0.00,OPEN,0
672947.189,2,0,0,1.000,1.000,1.000,-90.00,180.00,0.00,OPEN,0
672947.239,2,0,0,1.000,1.000,1.000,-90.00,180.00,0.00,OPEN,0
672947.289,2,0,0,1.000,1.000,1.000,-90.00,180.00,0.00,OPEN,0
672947.355,2,0,0,1.000,1.000,1.000,-90.00,180.00,0.00,OPEN,0
672947.392,2,0,0,1.000,1.000,1.000,-90.00,180.00,0.00,OPEN,0
672947.439,2,0,0,1.000,1.000,1.000,-90.00,180.00,0.00,OPEN,0
672947.489,2,0,0,1.000,1.000,1.000,-90.00,180.00,0.00,OPEN,0
672947.539,2,0,0,1.000,1.000,1.000,-90.00,180.00,0.00,OPEN,0
672947.589,2,0,0,1.000,1.000,1.000,-90.00,180.00,0.00,OPEN,0
672947.639,2,0,0,1.000,1.000,1.000,-90.00,180.00,0.00,OPEN,0
672947.689,2,0,0,1.000,1.000,1.000,-90.00,180.00,0.00,OPEN,0
672947.739,2,0,0,1.000,1.000,1.000,-90.00,180.00,0.00,OPEN,0
672947.789,2,0,0,1.000,1.000,1.000,-90.00,180.00,0.00,OPEN,0
672947.839,2,0,0,1.000,1.000,1.000,-90.00,180.00,0.00,OPEN,0
672947.889,2,0,0,1.000,1.000,1.000,-90.00,180.00,0.00,OPEN,0
672947.939,2,0,0,1.000,1.000,1.000,-90.00,180.00,0.00,OPEN,0
672947.989,2,0,0,1.000,1.000,1.000,-90.00,180.00,0.00,OPEN,0
672948.039,2,0,0,1.000,1.000,1.000,-90.00,180.00,0.00,OPEN,0
672948.089,2,0,0,1.000,1.000,1.000,-90.00,180.00,0.00,OPEN,0
672948.139,2,0,0,1.000,1.000,1.000,-90.00,180.00,0.00,OPEN,0
672948.190,2,0,0,1.000,1.000,1.000,-90.00,180.00,0.00,OPEN,0
672948.238,2,0,0,1.000,1.000,1.000,-90.00,180.00,0.00,OPEN,0
672948.289,2,0,0,1.000,1.000,1.000,-90.00,180.00,0.00,OPEN,0
672948.339,2,0,0,1.000,1.000,1.000,-90.00,180.00,0.00,OPEN,0
672948.389,2,0,0,1.000,1.000,1.000,-90.00,180.00,0.00,OPEN,0
672948.439,2,0,0,1.000,1.000,1.000,-90.00,180.00,0.00,OPEN,0
672948.489,2,0,0,1.000,1.000,1.000,-90.00,180.00,0.00,OPEN,0
672948.539,2,0,0,1.000,1.000,1.000,-90.00,180.00,0.00,OPEN,0
672948.589,2,0,0,1.000,1.000,1.000,-90.00,180.00,0.00,OPEN,0
672948.639,2,0,0,1.000,1.000,1.000,-90.00,180.00,0.00,OPEN,0
672948.690,2,0,0,1.000,1.000,1.000,-90.00,180.00,0.00,OPEN,0
672948.739,2,0,0,1.000,1.000,1.000,-90.00,180.00,0.00,OPEN,0
672948.789,2,0,0,1.000,1.000,1.000,-90.00,180.00,0.00,OPEN,0
672948.839,2,0,0,1.000,1.000,1.000,-90.00,180.00,0.00,OPEN,0
672948.889,2,0,0,1.000,1.000,1.000,-90.00,180.00,0.00,OPEN,0
672948.939,2,0,0,1.000,1.000,1.000,-90.00,180.00,0.00,OPEN,0
672948.990,2,0,0,1.000,1.000,1.000,-90.00,180.00,0.00,OPEN,0
672949.039,2,0,0,1.000,1.000,1.000,-90.00,180.00,0.00,OPEN,0
672949.090,2,0,0,1.000,1.000,1.000,-90.00,180.00,0.00,OPEN,0
672949.139,2,0,0,1.000,1.000,1.000,-90.00,180.00,0.00,OPEN,0
672949.189,2,0,0,1.000,1.000,1.000,-90.00,180.00,0.00,OPEN,0
672949.239,2,0,0,1.000,1.000,1.000,-90.00,180.00,0.00,OPEN,0
672949.289,2,0,0,1.000,1.000,1.000,-90.00,180.00,0.00,OPEN,0
672949.339,2,0,0,1.000,1.000,1.000,-90.00,180.00,0.00,OPEN,0
672949.389,2,0,0,1.000,1.000,1.000,-90.00,180.00,0.00,OPEN,0
672949.439,2,0,0,1.000,1.000,1.000,-90.00,180.00,0.00,OPEN,0
672949.489,2,0,0,1.000,1.000,1.000,-90.00,180.00,0.00,OPEN,0
672949.539,2,0,0,1.000,1.000,1.000,-90.00,180.00,0.00,OPEN,0
672949.599,2,0,0,1.000,1.000,1.000,-90.00,180.00,0.00,OPEN,0
672949.648,2,0,0,1.000,1.000,1.000,-90.00,180.00,0.00,OPEN,0
672949.690,2,0,0,1.000,1.000,1.000,-90.00,180.00,0.00,OPEN,0
672949.739,2,0,0,1.000,1.000,1.000,-90.00,180.00,0.00,OPEN,0
672949.789,2,0,0,1.000,1.000,1.000,-90.00,180.00,0.00,OPEN,0
672949.839,2,0,0,1.000,1.000,1.000,-90.00,180.00,0.00,OPEN,0
672949.889,2,0,0,1.000,1.000,1.000,-90.00,180.00,0.00,OPEN,0
672949.939,2,0,0,1.000,1.000,1.000,-90.00,180.00,0.00,OPEN,0
672949.989,2,0,0,1.000,1.000,1.000,-90.00,180.00,0.00,OPEN,0
672950.039,2,0,0,1.000,1.000,1.000,-90.00,180.00,0.00,OPEN,0
672950.089,2,0,0,1.000,1.000,1.000,-90.00,180.00,0.00,OPEN,0
672950.138,2,0,0,1.000,1.000,1.000,-90.00,180.00,0.00,OPEN,0
672950.189,2,0,0,1.000,1.000,1.000,-90.00,180.00,0.00,OPEN,0
672950.239,2,0,0,1.000,1.000,1.000,-90.00,180.00,0.00,OPEN,0
672950.289,2,0,0,1.000,1.000,1.000,-90.00,180.00,0.00,OPEN,0
672950.340,2,0,0,1.000,1.000,1.000,-90.00,180.00,0.00,OPEN,0
672950.389,2,0,0,1.000,1.000,1.000,-90.00,180.00,0.00,OPEN,0
672950.439,2,0,0,1.000,1.000,1.000,-90.00,180.00,0.00,OPEN,0
672950.488,2,0,0,1.000,1.000,1.000,-90.00,180.00,0.00,OPEN,0
672950.539,2,0,0,1.000,1.000,1.000,-90.00,180.00,0.00,OPEN,0
672950.590,2,0,0,1.000,1.000,1.000,-90.00,180.00,0.00,OPEN,0
672950.639,2,0,0,1.000,1.000,1.000,-90.00,180.00,0.00,OPEN,0
672950.689,2,0,0,1.000,1.000,1.000,-90.00,180.00,0.00,OPEN,0
672950.739,2,0,0,1.000,1.000,1.000,-90.00,180.00,0.00,OPEN,0
672950.789,2,0,0,1.000,1.000,1.000,-90.00,180.00,0.00,OPEN,0
672950.839,2,0,0,1.000,1.000,1.000,-90.00,180.00,0.00,OPEN,0
672950.889,2,0,0,1.000,1.000,1.000,-90.00,180.00,0.00,OPEN,0
672950.939,2,0,0,1.000,1.000,1.000,-90.00,180.00,0.00,OPEN,0
672950.989,2,0,0,1.000,1.000,1.000,-90.00,180.00,0.00,OPEN,0
672951.039,2,0,0,1.000,1.000,1.000,-90.00,180.00,0.00,OPEN,0
672951.089,2,0,0,1.000,1.000,1.000,-90.00,180.00,0.00,OPEN,0
672951.139,2,0,0,1.000,1.000,1.000,-90.00,180.00,0.00,OPEN,0
672951.189,2,0,0,1.000,1.000,1.000,-90.00,180.00,0.00,OPEN,0
672951.253,2,0,0,1.000,1.000,1.000,-90.00,180.00,0.00,OPEN,0
672951.291,2,0,0,1.000,1.000,1.000,-90.00,180.00,0.00,OPEN,0
672951.339,2,0,0,1.000,1.000,1.000,-90.00,180.00,0.00,OPEN,0
672951.390,2,0,0,1.000,1.000,1.000,-90.00,180.00,0.00,OPEN,0
672951.439,2,0,0,1.000,1.000,1.000,-90.00,180.00,0.00,OPEN,0
672951.489,2,0,0,1.000,1.000,1.000,-90.00,180.00,0.00,OPEN,0
672951.539,2,0,0,1.000,1.000,1.000,-90.00,180.00,0.00,OPEN,0
672951.589,2,0,0,1.000,1.000,1.000,-90.00,180.00,0.00,OPEN,0
672951.639,2,0,0,1.000,1.000,1.000,-90.00,180.00,0.00,OPEN,0
672951.689,2,0,0,1.000,1.000,1.000,-90.00,180.00,0.00,OPEN,0
672951.739,2,0,0,1.000,1.000,1.000,-90.00,180.00,0.00,OPEN,0
672951.789,2,0,0,1.000,1.000,1.000,-90.00,180.00,0.00,OPEN,0
672951.840,2,0,0,1.000,1.000,1.000,-90.00,180.00,0.00,OPEN,0
672951.889,2,0,0,1.000,1.000,1.000,-90.00,180.00,0.00,OPEN,0
672951.939,2,0,0,1.000,1.000,1.000,-90.00,180.00,0.00,OPEN,0
672951.989,2,0,0,1.000,1.000,1.000,-90.00,180.00,0.00,OPEN,0
672952.040,2,0,0,1.000,1.000,1.000,-90.00,180.00,0.00,OPEN,0
672952.089,2,0,0,1.000,1.000,1.000,-90.00,180.00,0.00,OPEN,0
672952.139,2,0,0,1.000,1.000,1.000,-90.00,180.00,0.00,OPEN,0
672952.189,2,0,0,0.998,1.000,1.000,-90.00,180.00,0.00,OPEN,0
672952.240,2,0,0,0.972,1.000,1.000,-90.00,180.00,0.00,OPEN,0
672952.290,2,0,0,0.864,1.000,1.000,-90.00,180.00,0.00,OPEN,0
672952.339,2,0,0,0.589,1.000,1.000,-90.00,180.00,0.00,OPEN,0
672952.389,2,0,0,0.649,1.000,1.000,-90.00,180.00,0.00,OPEN,0
672952.439,2,0,0,0.770,1.000,1.000,-90.00,180.00,0.00,OPEN,0
672952.490,2,0,0,0.784,1.000,1.000,-90.00,180.00,0.00,OPEN,0
672952.539,2,0,0,0.769,1.000,1.000,-90.00,180.00,0.00,OPEN,0
672952.589,2,0,0,0.931,1.000,1.000,-90.00,180.00,0.00,OPEN,0
672952.640,2,0,0,0.999,1.000,1.000,-90.00,180.00,0.00,OPEN,0
672952.689,2,0,0,1.000,1.000,1.000,-90.00,180.00,0.00,OPEN,0
672952.739,2,0,0,1.000,1.000,1.000,-90.00,180.00,0.00,OPEN,0
672952.788,2,0,0,1.000,1.000,1.000,-90.00,180.00,0.00,OPEN,0
672952.867,2,0,0,1.000,1.000,1.000,-90.00,180.00,0.00,OPEN,0
672952.893,2,0,0,1.000,1.000,1.000,-90.00,180.00,0.00,OPEN,0
672952.939,0,0,0,1.000,1.000,1.000,-90.00,180.00,0.00,OPEN,0
672952.989,0,0,0,1.000,1.000,1.000,-90.00,180.00,0.00,OPEN,0
672953.039,0,0,0,1.000,1.000,1.000,-90.00,180.00,0.00,OPEN,0
672953.090,0,0,0,1.000,1.000,1.000,-90.00,180.00,0.00,OPEN,0
672953.139,0,0,0,1.000,1.000,1.000,-90.00,180.00,0.00,OPEN,0
672953.190,0,0,0,1.000,1.000,1.000,-90.00,180.00,0.00,OPEN,0
672953.239,0,0,0,1.000,1.000,1.000,-90.00,180.00,0.00,OPEN,0
672953.289,0,0,0,1.000,1.000,1.000,-90.00,180.00,0.00,OPEN,0
672953.339,0,0,0,1.000,1.000,1.000,-90.00,180.00,0.00,OPEN,0
672953.389,0,0,0,1.000,1.000,1.000,-90.00,180.00,0.00,OPEN,0
672953.440,0,0,0,1.000,1.000,1.000,-90.00,180.00,0.00,OPEN,0
672953.489,0,0,0,1.000,1.000,1.000,-90.00,180.00,0.00,OPEN,0
672953.539,0,0,0,1.000,1.000,1.000,-90.00,180.00,0.00,OPEN,0
672953.589,0,0,0,1.000,1.000,1.000,-90.00,180.00,0.00,OPEN,0
672953.639,0,0,0,1.000,1.000,1.000,-90.00,180.00,0.00,OPEN,0
672953.689,0,0,0,1.000,1.000,1.000,-90.00,180.00,0.00,OPEN,0
672953.739,0,0,0,1.000,1.000,1.000,-90.00,180.00,0.00,OPEN,0
672953.789,0,0,0,1.000,1.000,1.000,-90.00,180.00,0.00,OPEN,0
672953.839,0,0,0,1.000,1.000,1.000,-90.00,180.00,0.00,OPEN,0
672953.889,0,0,0,1.000,1.000,1.000,-90.00,180.00,0.00,OPEN,0
672953.939,0,0,0,1.000,1.000,1.000,-90.00,180.00,0.00,OPEN,0
672953.989,0,0,0,1.000,1.000,1.000,-90.00,180.00,0.00,OPEN,0
672954.039,0,0,0,1.000,1.000,1.000,-90.00,180.00,0.00,OPEN,0
672954.089,0,0,0,1.000,1.000,1.000,-90.00,180.00,0.00,OPEN,0
672954.144,0,0,0,1.000,1.000,1.000,-90.00,180.00,0.00,OPEN,0
672954.190,0,0,0,1.000,1.000,1.000,-90.00,180.00,0.00,OPEN,0
672954.240,0,0,0,1.000,1.000,1.000,-90.00,180.00,0.00,OPEN,0
672954.291,0,0,0,1.000,1.000,1.000,-90.00,180.00,0.00,OPEN,0
672954.339,0,0,0,1.000,1.000,1.000,-90.00,180.00,0.00,OPEN,0
672954.389,0,0,0,1.000,1.000,1.000,-90.00,180.00,0.00,OPEN,0
672954.439,0,0,0,1.000,1.000,1.000,-90.00,180.00,0.00,OPEN,0
672954.489,0,0,0,1.000,1.000,1.000,-90.00,180.00,0.00,OPEN,0
672954.539,0,0,0,1.000,1.000,1.000,-90.00,180.00,0.00,OPEN,0
672954.589,0,0,0,1.000,1.000,1.000,-90.00,180.00,0.00,OPEN,0
672954.639,0,0,0,1.000,1.000,1.000,-90.00,180.00,0.00,OPEN,0
672954.689,0,0,0,1.000,1.000,1.000,-90.00,180.00,0.00,OPEN,0
672954.739,0,0,0,1.000,1.000,1.000,-90.00,180.00,0.00,OPEN,0
672954.789,0,0,0,1.000,1.000,1.000,-90.00,180.00,0.00,OPEN,0
672954.839,0,0,0,1.000,1.000,1.000,-90.00,180.00,0.00,OPEN,0
672954.889,0,0,0,1.000,1.000,1.000,-90.00,180.00,0.00,OPEN,0
672954.940,0,0,0,1.000,1.000,1.000,-90.00,180.00,0.00,OPEN,0
672954.989,0,0,0,1.000,1.000,1.000,-90.00,180.00,0.00,OPEN,0
672955.039,0,0,0,1.000,1.000,1.000,-90.00,180.00,0.00,OPEN,0
672955.088,0,0,0,1.000,1.000,1.000,-90.00,180.00,0.00,OPEN,0
672955.139,0,0,0,1.000,1.000,1.000,-90.00,180.00,0.00,OPEN,0
672955.189,0,0,0,1.000,1.000,1.000,-90.00,180.00,0.00,OPEN,0
672955.239,0,0,0,1.000,1.000,1.000,-90.00,180.00,0.00,OPEN,0
672955.289,0,0,0,1.000,1.000,1.000,-90.00,180.00,0.00,OPEN,0
672955.339,0,0,0,1.000,1.000,1.000,-90.00,180.00,0.00,OPEN,0
672955.389,0,0,0,1.000,1.000,1.000,-90.00,180.00,0.00,OPEN,0
672955.439,0,0,0,1.000,1.000,1.000,-90.00,180.00,0.00,OPEN,0
672955.489,0,0,0,1.000,1.000,1.000,-90.00,180.00,0.00,OPEN,0
672955.539,0,0,0,1.000,1.000,1.000,-90.00,180.00,0.00,OPEN,0
672955.589,0,0,0,1.000,1.000,1.000,-90.00,180.00,0.00,OPEN,0
672955.639,0,0,0,1.000,1.000,1.000,-90.00,180.00,0.00,OPEN,0
672955.689,0,0,0,1.000,1.000,1.000,-90.00,180.00,0.00,OPEN,0
672955.739,0,0,0,1.000,1.000,1.000,-90.00,180.00,0.00,OPEN,0
672955.788,0,0,0,1.000,1.000,1.000,-90.00,180.00,0.00,OPEN,0
672955.839,0,0,0,1.000,1.000,1.000,-90.00,180.00,0.00,OPEN,0
672955.889,0,0,0,1.000,1.000,1.000,-90.00,180.00,0.00,OPEN,0
672955.939,0,0,0,1.000,1.000,1.000,-90.00,180.00,0.00,OPEN,0
672955.989,0,0,0,1.000,1.000,1.000,-90.00,180.00,0.00,OPEN,0
672956.039,0,0,0,1.000,1.000,1.000,-90.00,180.00,0.00,OPEN,0
672956.088,0,0,0,1.000,1.000,1.000,-90.00,180.00,0.00,OPEN,0
672956.140,0,0,0,1.000,1.000,1.000,-90.00,180.00,0.00,OPEN,0
672956.189,0,0,0,1.000,1.000,1.000,-90.00,180.00,0.00,OPEN,0
672956.240,0,0,0,1.000,1.000,1.000,-90.00,180.00,0.00,OPEN,0
672956.289,0,0,0,1.000,1.000,1.000,-90.00,180.00,0.00,OPEN,0
672956.339,0,0,0,1.000,1.000,1.000,-90.00,180.00,0.00,OPEN,0
672956.389,0,0,0,1.000,1.000,1.000,-90.00,180.00,0.00,OPEN,0
672956.439,0,0,0,1.000,1.000,1.000,-90.00,180.00,0.00,OPEN,0
672956.489,0,0,0,1.000,1.000,1.000,-90.00,180.00,0.00,OPEN,0
672956.539,0,0,0,1.000,1.000,1.000,-90.00,180.00,0.00,OPEN,0
672956.589,0,0,0,1.000,1.000,1.000,-90.00,180.00,0.00,OPEN,0
672956.639,0,0,0,1.000,1.000,1.000,-90.00,180.00,0.00,OPEN,0
672956.689,0,0,0,1.000,1.000,1.000,-90.00,180.00,0.00,OPEN,0
672956.739,0,0,0,1.000,1.000,1.000,-90.00,180.00,0.00,OPEN,0
672956.789,0,0,0,1.000,1.000,1.000,-90.00,180.00,0.00,OPEN,0
672956.839,0,0,0,1.000,1.000,1.000,-90.00,180.00,0.00,OPEN,0
672956.889,0,0,0,1.000,1.000,1.000,-90.00,180.00,0.00,OPEN,0
672956.939,0,0,0,1.000,1.000,1.000,-90.00,180.00,0.00,OPEN,0
672956.989,0,0,0,1.000,1.000,1.000,-90.00,180.00,0.00,OPEN,0
672957.039,0,0,0,1.000,1.000,1.000,-90.00,180.00,0.00,OPEN,0
672957.089,0,0,0,1.000,1.000,1.000,-90.00,180.00,0.00,OPEN,0
672957.139,0,0,0,1.000,1.000,1.000,-90.00,180.00,0.00,OPEN,0
672957.189,0,0,0,1.000,1.000,1.000,-90.00,180.00,0.00,OPEN,0
672957.239,0,0,0,1.000,1.000,1.000,-90.00,180.00,0.00,OPEN,0
672957.289,0,0,0,1.000,1.000,1.000,-90.00,180.00,0.00,OPEN,0
672957.340,0,0,0,1.000,1.000,1.000,-90.00,180.00,0.00,OPEN,0
672957.393,0,0,0,1.000,1.000,1.000,-90.00,180.00,0.00,OPEN,0
672957.439,0,0,0,1.000,1.000,1.000,-90.00,180.00,0.00,OPEN,0
672957.489,0,0,0,1.000,1.000,1.000,-90.00,180.00,0.00,OPEN,0
672957.539,0,0,0,1.000,1.000,1.000,-90.00,180.00,0.00,OPEN,0
672957.590,0,0,0,1.000,1.000,1.000,-90.00,180.00,0.00,OPEN,0
672957.639,0,0,0,1.000,1.000,1.000,-90.00,180.00,0.00,OPEN,0
672957.689,0,0,0,1.000,1.000,1.000,-90.00,180.00,0.00,OPEN,0
672957.739,0,0,0,1.000,1.000,1.000,-90.00,180.00,0.00,OPEN,0
672957.789,0,0,0,1.000,1.000,1.000,-90.00,180.00,0.00,OPEN,0
672957.839,0,0,0,1.000,1.000,1.000,-90.00,180.00,0.00,OPEN,0
672957.889,0,0,0,1.000,1.000,1.000,-90.00,180.00,0.00,OPEN,0
672957.939,0,0,0,1.000,1.000,1.000,-90.00,180.00,0.00,OPEN,0
672957.989,0,0,0,1.000,1.000,1.000,-90.00,180.00,0.00,OPEN,0
672958.057,0,0,0,1.000,1.000,1.000,-90.00,180.00,0.00,OPEN,0
672958.095,0,0,0,1.000,1.000,1.000,-90.00,180.00,0.00,OPEN,0
672958.139,0,0,0,1.000,1.000,1.000,-90.00,180.00,0.00,OPEN,0
672958.189,0,0,0,1.000,1.000,1.000,-90.00,180.00,0.00,OPEN,0
672958.239,0,0,0,1.000,1.000,1.000,-90.00,180.00,0.00,OPEN,0
672958.289,0,0,0,1.000,1.000,1.000,-90.00,180.00,0.00,OPEN,0
672958.340,0,0,0,1.000,1.000,1.000,-90.00,180.00,0.00,OPEN,0
672958.389,0,0,0,1.000,1.000,1.000,-90.00,180.00,0.00,OPEN,0
672958.439,0,0,0,1.000,1.000,1.000,-90.00,180.00,0.00,OPEN,0
672958.491,0,0,0,1.000,1.000,1.000,-90.00,180.00,0.00,OPEN,0
672958.539,0,0,0,1.000,1.000,1.000,-90.00,180.00,0.00,OPEN,0
672958.590,0,0,0,1.000,1.000,1.000,-90.00,180.00,0.00,OPEN,0
672958.639,0,0,0,1.000,1.000,1.000,-90.00,180.00,0.00,OPEN,0
672958.689,0,0,0,1.000,1.000,1.000,-90.00,180.00,0.00,OPEN,0
672958.739,0,0,0,1.000,1.000,1.000,-90.00,180.00,0.00,OPEN,0
672958.789,0,0,0,1.000,1.000,1.000,-90.00,180.00,0.00,OPEN,0
672958.840,0,0,0,1.000,1.000,1.000,-90.00,180.00,0.00,OPEN,0
672958.889,0,0,0,1.000,1.000,1.000,-90.00,180.00,0.00,OPEN,0
672958.939,0,0,0,1.000,1.000,1.000,-90.00,180.00,0.00,OPEN,0
672958.989,0,0,0,1.000,1.000,1.000,-90.00,180.00,0.00,OPEN,0
672959.039,0,0,0,1.000,1.000,1.000,-90.00,180.00,0.00,OPEN,0
672959.089,0,0,0,1.000,1.000,1.000,-90.00,180.00,0.00,OPEN,0
672959.139,0,0,0,0.999,1.000,1.000,-90.00,180.00,0.00,OPEN,0
672959.189,0,0,0,0.997,1.000,1.000,-90.00,180.00,0.00,OPEN,0
672959.239,0,0,0,0.957,1.000,1.000,-90.00,180.00,0.00,OPEN,0
672959.289,0,0,0,0.839,1.000,1.000,-90.00,180.00,0.00,OPEN,0
672959.339,0,0,0,0.761,1.000,1.000,-90.00,180.00,0.00,OPEN,0
672959.391,0,0,0,0.932,1.000,1.000,-90.00,180.00,0.00,OPEN,0
672959.440,0,0,0,0.938,1.000,1.000,-90.00,180.00,0.00,OPEN,0
672959.489,0,0,0,0.904,1.000,1.000,-90.00,180.00,0.00,OPEN,0
672959.539,0,0,0,0.869,1.000,1.000,-90.00,180.00,0.00,OPEN,0
672959.616,0,0,0,0.896,1.000,1.000,-90.00,180.00,0.00,OPEN,0
672959.642,0,0,0,0.931,1.000,1.000,-90.00,180.00,0.00,OPEN,0
672959.689,0,0,0,0.961,1.000,1.000,-90.00,180.00,0.00,OPEN,0
672959.739,3,0,0,0.988,1.000,1.000,-90.00,180.00,0.00,OPEN,0
672959.789,3,0,0,0.994,1.000,1.000,-90.00,180.00,0.00,OPEN,0
672959.840,3,0,0,0.997,1.000,1.000,-90.00,180.00,0.00,OPEN,0
672959.889,3,0,0,0.998,1.000,1.000,-90.00,180.00,0.00,OPEN,0
672959.939,3,0,0,0.999,1.000,1.000,-90.00,180.00,0.00,OPEN,0
672959.989,3,0,0,0.999,1.000,1.000,-90.00,180.00,0.00,OPEN,0
672960.039,3,0,0,0.999,1.000,1.000,-90.00,180.00,0.00,OPEN,0
672960.089,3,0,0,1.000,1.000,1.000,-90.00,180.00,0.00,OPEN,0
672960.139,3,0,0,1.000,1.000,1.000,-90.00,180.00,0.00,OPEN,0
672960.189,3,0,0,1.000,1.000,1.000,-90.00,180.00,0.00,OPEN,0
672960.239,3,0,0,1.000,1.000,1.000,-90.00,180.00,0.00,OPEN,0
672960.289,3,0,0,1.000,1.000,1.000,-90.00,180.00,0.00,OPEN,0
672960.339,3,0,0,1.000,1.000,1.000,-90.00,180.00,0.00,OPEN,0
672960.389,3,0,0,1.000,1.000,1.000,-90.00,180.00,0.00,OPEN,0
672960.439,3,0,0,1.000,1.000,1.000,-90.00,180.00,0.00,OPEN,0
672960.488,3,0,0,1.000,1.000,1.000,-90.00,180.00,0.00,OPEN,0
672960.540,3,0,0,1.000,1.000,1.000,-90.00,180.00,0.00,OPEN,0
672960.589,3,0,0,1.000,1.000,1.000,-90.00,180.00,0.00,OPEN,0
672960.639,3,0,0,1.000,1.000,1.000,-90.00,180.00,0.00,OPEN,0
672960.688,3,0,0,1.000,1.000,1.000,-90.00,180.00,0.00,OPEN,0
672960.739,3,0,0,1.000,1.000,1.000,-90.00,180.00,0.00,OPEN,0
672960.789,3,0,0,1.000,1.000,1.000,-90.00,180.00,0.00,OPEN,0
672960.839,3,0,0,1.000,1.000,1.000,-90.00,180.00,0.00,OPEN,0
672960.889,3,0,0,1.000,1.000,1.000,-90.00,180.00,0.00,OPEN,0
672960.939,3,0,0,1.000,1.000,1.000,-90.00,180.00,0.00,OPEN,0
672960.989,3,0,0,1.000,1.000,1.000,-90.00,180.00,0.00,OPEN,0
672961.062,3,0,0,1.000,1.000,1.000,-90.00,180.00,0.00,OPEN,0
672961.093,3,0,0,1.000,1.000,1.000,-90.00,180.00,0.00,OPEN,0
672961.139,3,0,0,1.000,1.000,1.000,-90.00,180.00,0.00,OPEN,0
672961.189,3,0,0,1.000,1.000,1.000,-90.00,180.00,0.00,OPEN,0
672961.239,3,0,0,1.000,1.000,1.000,-90.00,180.00,0.00,OPEN,0
672961.289,3,0,0,1.000,1.000,1.000,-90.00,180.00,0.00,OPEN,0
672961.339,3,0,0,1.000,1.000,1.000,-90.00,180.00,0.00,OPEN,0
672961.388,3,0,0,1.000,1.000,1.000,-90.00,180.00,0.00,OPEN,0
672961.439,3,0,0,1.000,1.000,1.000,-90.00,180.00,0.00,OPEN,0
672961.491,3,0,0,1.000,1.000,1.000,-90.00,180.00,0.00,OPEN,0
672961.539,3,0,0,1.000,1.000,1.000,-90.00,180.00,0.00,OPEN,0
672961.589,3,0,0,1.000,1.000,1.000,-90.00,180.00,0.00,OPEN,0
672961.639,3,0,0,1.000,1.000,1.000,-90.00,180.00,0.00,OPEN,0
672961.690,3,0,0,1.000,1.000,1.000,-90.00,180.00,0.00,OPEN,0
672961.741,3,0,0,1.000,1.000,1.000,-90.00,180.00,0.00,OPEN,0
672961.790,3,0,0,1.000,1.000,1.000,-90.00,180.00,0.00,OPEN,0
672961.838,3,0,0,1.000,1.000,1.000,-90.00,180.00,0.00,OPEN,0
672961.889,3,0,0,1.000,1.000,1.000,-90.00,180.00,0.00,OPEN,0
672961.939,3,0,0,1.000,1.000,1.000,-90.00,180.00,0.00,OPEN,0
672961.989,3,0,0,1.000,1.000,1.000,-90.00,180.00,0.00,OPEN,0
672962.039,3,0,0,1.000,1.000,1.000,-90.00,180.00,0.00,OPEN,0
672962.089,3,0,0,1.000,1.000,1.000,-90.00,180.00,0.00,OPEN,0
672962.139,3,0,0,1.000,1.000,1.000,-90.00,180.00,0.00,OPEN,0
672962.189,3,0,0,1.000,1.000,1.000,-90.00,180.00,0.00,OPEN,0
672962.240,3,0,0,1.000,1.000,1.000,-90.00,180.00,0.00,OPEN,0
672962.289,3,0,0,1.000,1.000,1.000,-90.00,180.00,0.00,OPEN,0
672962.339,3,0,0,1.000,1.000,1.000,-90.00,180.00,0.00,OPEN,0
672962.389,3,0,0,1.000,1.000,1.000,-90.00,180.00,0.00,OPEN,0
672962.439,3,0,0,1.000,1.000,1.000,-90.00,180.00,0.00,OPEN,0
672962.489,3,0,0,1.000,1.000,1.000,-90.00,180.00,0.00,OPEN,0
672962.539,3,0,0,1.000,1.000,1.000,-90.00,180.00,0.00,OPEN,0
672962.589,3,0,0,1.000,1.000,1.000,-90.00,180.00,0.00,OPEN,0
672962.639,3,0,0,1.000,1.000,1.000,-90.00,180.00,0.00,OPEN,0
672962.688,3,0,0,1.000,1.000,1.000,-90.00,180.00,0.00,OPEN,0
672962.739,3,0,0,1.000,1.000,1.000,-90.00,180.00,0.00,OPEN,0
672962.789,3,0,0,1.000,1.000,1.000,-90.00,180.00,0.00,OPEN,0
672962.839,3,0,0,1.000,1.000,1.000,-90.00,180.00,0.00,OPEN,0
672962.890,3,0,0,1.000,1.000,1.000,-90.00,180.00,0.00,OPEN,0
672962.938,3,0,0,1.000,1.000,1.000,-90.00,180.00,0.00,OPEN,0
672962.989,3,0,0,1.000,1.000,1.000,-90.00,180.00,0.00,OPEN,0
672963.038,3,0,0,1.000,1.000,1.000,-90.00,180.00,0.00,OPEN,0
672963.089,3,0,0,1.000,1.000,1.000,-90.00,180.00,0.00,OPEN,0
672963.139,3,0,0,1.000,1.000,1.000,-90.00,180.00,0.00,OPEN,0
672963.189,3,0,0,1.000,1.000,1.000,-90.00,180.00,0.00,OPEN,0
672963.239,3,0,0,1.000,1.000,1.000,-90.00,180.00,0.00,OPEN,0
672963.289,3,0,0,1.000,1.000,1.000,-90.00,180.00,0.00,OPEN,0
672963.339,3,0,0,1.000,1.000,1.000,-90.00,180.00,0.00,OPEN,0
672963.389,3,0,0,1.000,1.000,1.000,-90.00,180.00,0.00,OPEN,0
672963.438,3,0,0,1.000,1.000,1.000,-90.00,180.00,0.00,OPEN,0
672963.489,3,0,0,1.000,1.000,1.000,-90.00,180.00,0.00,OPEN,0
672963.539,3,0,0,1.000,1.000,1.000,-90.00,180.00,0.00,OPEN,0
672963.590,3,0,0,1.000,1.000,1.000,-90.00,180.00,0.00,OPEN,0
672963.638,3,0,0,1.000,1.000,1.000,-90.00,180.00,0.00,OPEN,0
672963.689,3,0,0,1.000,1.000,1.000,-90.00,180.00,0.00,OPEN,0
672963.741,3,0,0,1.000,1.000,1.000,-90.00,180.00,0.00,OPEN,0
672963.790,3,0,0,1.000,1.000,1.000,-90.00,180.00,0.00,OPEN,0
672963.839,3,0,0,1.000,1.000,1.000,-90.00,180.00,0.00,OPEN,0
672963.889,3,0,0,1.000,1.000,1.000,-90.00,180.00,0.00,OPEN,0
672963.939,3,0,0,1.000,1.000,1.000,-90.00,180.00,0.00,OPEN,0
672963.989,3,0,0,1.000,1.000,1.000,-90.00,180.00,0.00,OPEN,0
672964.039,3,0,0,1.000,1.000,1.000,-90.00,180.00,0.00,OPEN,0
672964.089,3,0,0,1.000,1.000,1.000,-90.00,180.00,0.00,OPEN,0
672964.140,3,0,0,1.000,1.000,1.000,-90.00,180.00,0.00,OPEN,0
672964.189,3,0,0,1.000,1.000,1.000,-90.00,180.00,0.00,OPEN,0
672964.239,3,0,0,1.000,1.000,1.000,-90.00,180.00,0.00,OPEN,0
672964.290,3,0,0,1.000,1.000,1.000,-90.00,180.00,0.00,OPEN,0
672964.339,3,0,0,1.000,1.000,1.000,-90.00,180.00,0.00,OPEN,0
672964.389,3,0,0,1.000,1.000,1.000,-90.00,180.00,0.00,OPEN,0
672964.439,3,0,0,1.000,1.000,1.000,-90.00,180.00,0.00,OPEN,0
672964.489,3,0,0,1.000,1.000,1.000,-90.00,180.00,0.00,OPEN,0
672964.539,3,0,0,1.000,1.000,1.000,-90.00,180.00,0.00,OPEN,0
672964.603,3,0,0,1.000,1.000,1.000,-90.00,180.00,0.00,OPEN,0
672964.640,3,0,0,1.000,1.000,1.000,-90.00,180.00,0.00,OPEN,0
672964.689,3,0,0,1.000,1.000,1.000,-90.00,180.00,0.00,OPEN,0
672964.739,3,0,0,1.000,1.000,1.000,-90.00,180.00,0.00,OPEN,0
672964.789,3,0,0,1.000,1.000,1.000,-90.00,180.00,0.00,OPEN,0
672964.840,3,0,0,1.000,1.000,1.000,-90.00,180.00,0.00,OPEN,0
672964.889,3,0,0,1.000,1.000,1.000,-90.00,180.00,0.00,OPEN,0
672964.941,3,0,0,1.000,1.000,1.000,-90.00,180.00,0.00,OPEN,0
672964.989,3,0,0,1.000,1.000,1.000,-90.00,180.00,0.00,OPEN,0
672965.039,3,0,0,1.000,1.000,1.000,-90.00,180.00,0.00,OPEN,0
672965.088,3,0,0,1.000,1.000,1.000,-90.00,180.00,0.00,OPEN,0
672965.139,3,0,0,1.000,1.000,1.000,-90.00,180.00,0.00,OPEN,0
672965.189,3,0,0,1.000,1.000,1.000,-90.00,180.00,0.00,OPEN,0
672965.239,3,0,0,1.000,1.000,1.000,-90.00,180.00,0.00,OPEN,0
672965.289,3,0,0,1.000,1.000,1.000,-90.00,180.00,0.00,OPEN,0
672965.339,3,0,0,1.000,1.000,1.000,-90.00,180.00,0.00,OPEN,0
672965.389,3,0,0,1.000,1.000,1.000,-90.00,180.00,0.00,OPEN,0
672965.439,3,0,0,1.000,1.000,1.000,-90.00,180.00,0.00,OPEN,0
672965.489,3,0,0,1.000,1.000,1.000,-90.00,180.00,0.00,OPEN,0
672965.540,3,0,0,1.000,1.000,1.000,-90.00,180.00,0.00,OPEN,0
672965.588,3,0,0,1.000,1.000,1.000,-90.00,180.00,0.00,OPEN,0
672965.639,3,0,0,1.000,1.000,1.000,-90.00,180.00,0.00,OPEN,0
672965.689,3,0,0,0.998,1.000,1.000,-90.00,180.00,0.00,OPEN,0
672965.740,3,0,0,0.842,1.000,1.000,-90.00,180.00,0.00,OPEN,0
672965.789,3,0,0,1.000,1.000,1.000,-90.00,180.00,0.00,OPEN,0
672965.839,3,0,0,1.000,1.000,1.000,-90.00,180.00,0.00,OPEN,0
672965.889,3,0,0,1.000,1.000,1.000,-90.00,180.00,0.00,OPEN,0
672965.939,3,0,0,1.000,1.000,1.000,-90.00,180.00,0.00,OPEN,0
672965.989,3,0,0,1.000,1.000,1.000,-90.00,180.00,0.00,OPEN,0
672966.039,3,0,0,1.000,1.000,1.000,-90.00,180.00,0.00,OPEN,0
672966.091,3,0,0,1.000,1.000,1.000,-90.00,180.00,0.00,OPEN,0
672966.139,0,0,0,1.000,1.000,1.000,-90.00,180.00,0.00,OPEN,0
672966.198,0,0,0,1.000,1.000,1.000,-90.00,180.00,0.00,OPEN,0
672966.241,0,0,0,1.000,1.000,1.000,-90.00,180.00,0.00,OPEN,0
672966.289,0,0,0,1.000,1.000,1.000,-90.00,180.00,0.00,OPEN,0
672966.339,0,0,0,1.000,1.000,1.000,-90.00,180.00,0.00,OPEN,0
672966.389,0,0,0,1.000,1.000,1.000,-90.00,180.00,0.00,OPEN,0
672966.439,0,0,0,1.000,1.000,1.000,-90.00,180.00,0.00,OPEN,0
672966.489,0,0,0,1.000,1.000,1.000,-90.00,180.00,0.00,OPEN,0
672966.539,0,0,0,1.000,1.000,1.000,-90.00,180.00,0.00,OPEN,0
672966.589,0,0,0,1.000,1.000,1.000,-90.00,180.00,0.00,OPEN,0
672966.639,0,0,0,1.000,1.000,1.000,-90.00,180.00,0.00,OPEN,0
672966.689,0,0,0,1.000,1.000,1.000,-90.00,180.00,0.00,OPEN,0
672966.739,0,0,0,1.000,1.000,1.000,-90.00,180.00,0.00,OPEN,0
672966.789,0,0,0,1.000,1.000,1.000,-90.00,180.00,0.00,OPEN,0
672966.839,0,0,0,1.000,1.000,1.000,-90.00,180.00,0.00,OPEN,0
672966.889,0,0,0,1.000,1.000,1.000,-90.00,180.00,0.00,OPEN,0
672966.939,0,0,0,1.000,1.000,1.000,-90.00,180.00,0.00,OPEN,0
672966.989,0,0,0,1.000,1.000,1.000,-90.00,180.00,0.00,OPEN,0
672967.039,0,0,0,1.000,1.000,1.000,-90.00,180.00,0.00,OPEN,0
672967.089,0,0,0,1.000,1.000,1.000,-90.00,180.00,0.00,OPEN,0
672967.139,0,0,0,1.000,1.000,1.000,-90.00,180.00,0.00,OPEN,0
672967.189,0,0,0,1.000,1.000,1.000,-90.00,180.00,0.00,OPEN,0
672967.239,0,0,0,1.000,1.000,1.000,-90.00,180.00,0.00,OPEN,0
672967.291,0,0,0,1.000,1.000,1.000,-90.00,180.00,0.00,OPEN,0
672967.339,0,0,0,1.000,1.000,1.000,-90.00,180.00,0.00,OPEN,0
672967.389,0,0,0,1.000,1.000,1.000,-90.00,180.00,0.00,OPEN,0
672967.439,0,0,0,1.000,1.000,1.000,-90.00,180.00,0.00,OPEN,0
672967.489,0,0,0,1.000,1.000,1.000,-90.00,180.00,0.00,OPEN,0
672967.540,0,0,0,1.000,1.000,1.000,-90.00,180.00,0.00,OPEN,0
672967.589,0,0,0,1.000,1.000,1.000,-90.00,180.00,0.00,OPEN,0
672967.639,0,0,0,1.000,1.000,1.000,-90.00,180.00,0.00,OPEN,0
672967.689,0,0,0,1.000,1.000,1.000,-90.00,180.00,0.00,OPEN,0
672967.739,0,0,0,1.000,1.000,1.000,-90.00,180.00,0.00,OPEN,0
672967.789,0,0,0,1.000,1.000,1.000,-90.00,180.00,0.00,OPEN,0
672967.838,0,0,0,1.000,1.000,1.000,-90.00,180.00,0.00,OPEN,0
672967.889,0,0,0,1.000,1.000,1.000,-90.00,180.00,0.00,OPEN,0
672967.939,0,0,0,1.000,1.000,1.000,-90.00,180.00,0.00,OPEN,0
672967.989,0,0,0,1.000,1.000,1.000,-90.00,180.00,0.00,OPEN,0
672968.039,0,0,0,1.000,1.000,1.000,-90.00,180.00,0.00,OPEN,0
672968.089,0,0,0,1.000,1.000,1.000,-90.00,180.00,0.00,OPEN,0
672968.139,0,0,0,1.000,1.000,1.000,-90.00,180.00,0.00,OPEN,0
672968.189,0,0,0,1.000,1.000,1.000,-90.00,180.00,0.00,OPEN,0
672968.239,0,0,0,1.000,1.000,1.000,-90.00,180.00,0.00,OPEN,0
672968.289,0,0,0,1.000,1.000,1.000,-90.00,180.00,0.00,OPEN,0
672968.339,0,0,0,1.000,1.000,1.000,-90.00,180.00,0.00,OPEN,0
672968.389,0,0,0,1.000,1.000,1.000,-90.00,180.00,0.00,OPEN,0
672968.439,0,0,0,1.000,1.000,1.000,-90.00,180.00,0.00,OPEN,0
672968.489,0,0,0,1.000,1.000,1.000,-90.00,180.00,0.00,OPEN,0
672968.538,0,0,0,1.000,1.000,1.000,-90.00,180.00,0.00,OPEN,0
672968.589,0,0,0,1.000,1.000,1.000,-90.00,180.00,0.00,OPEN,0
672968.640,0,0,0,1.000,1.000,1.000,-90.00,180.00,0.00,OPEN,0
672968.689,0,0,0,1.000,1.000,1.000,-90.00,180.00,0.00,OPEN,0
672968.739,0,0,0,1.000,1.000,1.000,-90.00,180.00,0.00,OPEN,0
672968.789,0,0,0,1.000,1.000,1.000,-90.00,180.00,0.00,OPEN,0
672968.839,0,0,0,1.000,1.000,1.000,-90.00,180.00,0.00,OPEN,0
672968.889,0,0,0,1.000,1.000,1.000,-90.00,180.00,0.00,OPEN,0
672968.938,0,0,0,1.000,1.000,1.000,-90.00,180.00,0.00,OPEN,0
672968.989,0,0,0,1.000,1.000,1.000,-90.00,180.00,0.00,OPEN,0
672969.039,0,0,0,1.000,1.000,1.000,-90.00,180.00,0.00,OPEN,0
672969.089,0,0,0,1.000,1.000,1.000,-90.00,180.00,0.00,OPEN,0
672969.139,0,0,0,1.000,1.000,1.000,-90.00,180.00,0.00,OPEN,0
672969.189,0,0,0,1.000,1.000,1.000,-90.00,180.00,0.00,OPEN,0
672969.240,0,0,0,1.000,1.000,1.000,-90.00,180.00,0.00,OPEN,0
672969.289,0,0,0,1.000,1.000,1.000,-90.00,180.00,0.00,OPEN,0
672969.339,0,0,0,1.000,1.000,1.000,-90.00,180.00,0.00,OPEN,0
672969.389,0,0,0,1.000,1.000,1.000,-90.00,180.00,0.00,OPEN,0
672969.439,0,0,0,1.000,1.000,1.000,-90.00,180.00,0.00,OPEN,0
672969.489,0,0,0,1.000,1.000,1.000,-90.00,180.00,0.00,OPEN,0
672969.538,0,0,0,1.000,1.000,1.000,-90.00,180.00,0.00,OPEN,0
672969.589,0,0,0,1.000,1.000,1.000,-90.00,180.00,0.00,OPEN,0
672969.639,0,0,0,1.000,1.000,1.000,-90.00,180.00,0.00,OPEN,0
672969.689,0,0,0,1.000,1.000,1.000,-90.00,180.00,0.00,OPEN,0
672969.740,0,0,0,1.000,1.000,1.000,-90.00,180.00,0.00,OPEN,0
672969.789,0,0,0,1.000,1.000,1.000,-90.00,180.00,0.00,OPEN,0
672969.839,0,0,0,1.000,1.000,1.000,-90.00,180.00,0.00,OPEN,0
672969.900,0,0,0,1.000,1.000,1.000,-90.00,180.00,0.00,OPEN,0
672969.941,0,0,0,1.000,1.000,1.000,-90.00,180.00,0.00,OPEN,0
672969.990,0,0,0,1.000,1.000,1.000,-90.00,180.00,0.00,OPEN,0
672970.040,0,0,0,1.000,1.000,1.000,-90.00,180.00,0.00,OPEN,0
672970.090,0,0,0,1.000,1.000,1.000,-90.00,180.00,0.00,OPEN,0
672970.140,0,0,0,1.000,1.000,1.000,-90.00,180.00,0.00,OPEN,0
672970.189,0,0,0,1.000,1.000,1.000,-90.00,180.00,0.00,OPEN,0
672970.238,0,0,0,1.000,1.000,1.000,-90.00,180.00,0.00,OPEN,0
672970.289,0,0,0,1.000,1.000,1.000,-90.00,180.00,0.00,OPEN,0
672970.339,0,0,0,1.000,1.000,1.000,-90.00,180.00,0.00,OPEN,0
672970.389,0,0,0,1.000,1.000,1.000,-90.00,180.00,0.00,OPEN,0
672970.439,0,0,0,1.000,1.000,1.000,-90.00,180.00,0.00,OPEN,0
672970.489,0,0,0,1.000,1.000,1.000,-90.00,180.00,0.00,OPEN,0
672970.539,0,0,0,1.000,1.000,1.000,-90.00,180.00,0.00,OPEN,0
672970.590,0,0,0,1.000,1.000,1.000,-90.00,180.00,0.00,OPEN,0
672970.639,0,0,0,1.000,1.000,1.000,-90.00,180.00,0.00,OPEN,0
672970.689,0,0,0,1.000,1.000,1.000,-90.00,180.00,0.00,OPEN,0
672970.739,0,0,0,1.000,1.000,1.000,-90.00,180.00,0.00,OPEN,0
672970.789,0,0,0,1.000,1.000,1.000,-90.00,180.00,0.00,OPEN,0
672970.839,0,0,0,1.000,1.000,1.000,-90.00,180.00,0.00,OPEN,0
672970.889,0,0,0,1.000,1.000,1.000,-90.00,180.00,0.00,OPEN,0
672970.939,0,0,0,1.000,1.000,1.000,-90.00,180.00,0.00,OPEN,0
672970.989,0,0,0,1.000,1.000,1.000,-90.00,180.00,0.00,OPEN,0
672971.039,0,0,0,1.000,1.000,1.000,-90.00,180.00,0.00,OPEN,0
672971.090,0,0,0,1.000,1.000,1.000,-90.00,180.00,0.00,OPEN,0
672971.139,0,0,0,1.000,1.000,1.000,-90.00,180.00,0.00,OPEN,0
672971.188,0,0,0,1.000,1.000,1.000,-90.00,180.00,0.00,OPEN,0
672971.239,0,0,0,1.000,1.000,1.000,-90.00,180.00,0.00,OPEN,0
672971.289,0,0,0,1.000,1.000,1.000,-90.00,180.00,0.00,OPEN,0
672971.339,0,0,0,1.000,1.000,1.000,-90.00,180.00,0.00,OPEN,0
672971.389,0,0,0,1.000,1.000,1.000,-90.00,180.00,0.00,OPEN,0
672971.439,0,0,0,1.000,1.000,1.000,-90.00,180.00,0.00,OPEN,0
672971.489,0,0,0,1.000,1.000,1.000,-90.00,180.00,0.00,OPEN,0
672971.539,0,0,0,1.000,1.000,1.000,-90.00,180.00,0.00,OPEN,0
672971.589,0,0,0,1.000,1.000,1.000,-90.00,180.00,0.00,OPEN,0
672971.640,0,0,0,1.000,1.000,1.000,-90.00,180.00,0.00,OPEN,0
672971.689,0,0,0,1.000,1.000,1.000,-90.00,180.00,0.00,OPEN,0
672971.739,0,0,0,1.000,1.000,1.000,-90.00,180.00,0.00,OPEN,0
672971.796,0,0,0,1.000,1.000,1.000,-90.00,180.00,0.00,OPEN,0
672971.840,0,0,0,1.000,1.000,1.000,-90.00,180.00,0.00,OPEN,0
672971.891,0,0,0,1.000,1.000,1.000,-90.00,180.00,0.00,OPEN,0
672971.940,0,0,0,1.000,1.000,1.000,-90.00,180.00,0.00,OPEN,0
672971.989,0,0,0,1.000,1.000,1.000,-90.00,180.00,0.00,OPEN,0
672972.039,0,0,0,1.000,1.000,1.000,-90.00,180.00,0.00,OPEN,0
672972.090,0,0,0,1.000,1.000,1.000,-90.00,180.00,0.00,OPEN,0
672972.139,0,0,0,1.000,1.000,1.000,-90.00,180.00,0.00,OPEN,0
672972.189,0,0,0,1.000,1.000,1.000,-90.00,180.00,0.00,OPEN,0
672972.239,0,0,0,1.000,1.000,1.000,-90.00,180.00,0.00,OPEN,0
672972.289,0,0,0,1.000,1.000,1.000,-90.00,180.00,0.00,OPEN,0
672972.339,0,0,0,1.000,1.000,1.000,-90.00,180.00,0.00,OPEN,0
672972.389,0,0,0,1.000,1.000,1.000,-90.00,180.00,0.00,OPEN,0
672972.439,0,0,0,1.000,1.000,1.000,-90.00,180.00,0.00,OPEN,0
672972.490,0,0,0,1.000,1.000,1.000,-90.00,180.00,0.00,OPEN,0
672972.539,0,0,0,1.000,1.000,1.000,-90.00,180.00,0.00,OPEN,0
672972.589,0,0,0,1.000,1.000,1.000,-90.00,180.00,0.00,OPEN,0
672972.639,0,0,0,1.000,1.000,1.000,-90.00,180.00,0.00,OPEN,0
672972.689,0,0,0,1.000,1.000,1.000,-90.00,180.00,0.00,OPEN,0
672972.739,0,0,0,1.000,1.000,1.000,-90.00,180.00,0.00,OPEN,0
672972.789,0,0,0,1.000,1.000,1.000,-90.00,180.00,0.00,OPEN,0
672972.839,0,0,0,1.000,1.000,1.000,-90.00,180.00,0.00,OPEN,0
672972.889,0,0,0,1.000,1.000,1.000,-90.00,180.00,0.00,OPEN,0
672972.939,0,0,0,1.000,1.000,1.000,-90.00,180.00,0.00,OPEN,0
672972.989,0,0,0,0.999,1.000,1.000,-90.00,180.00,0.00,OPEN,0
672973.038,0,0,0,0.998,1.000,1.000,-90.00,180.00,0.00,OPEN,0
672973.089,0,0,0,0.997,1.000,1.000,-90.00,180.00,0.00,OPEN,0
672973.139,0,0,0,0.994,1.000,1.000,-90.00,180.00,0.00,OPEN,0
672973.189,0,0,0,0.984,0.994,1.000,-90.00,180.00,0.00,OPEN,0
672973.239,0,0,0,0.962,0.975,1.000,-90.00,180.00,0.00,OPEN,0
672973.290,0,0,0,0.922,1.000,1.000,-90.00,180.00,0.00,OPEN,0
672973.341,0,0,0,0.915,1.000,1.000,-90.00,180.00,0.00,OPEN,0
672973.391,0,0,0,0.904,1.000,1.000,-90.00,180.00,0.00,OPEN,0
672973.439,0,0,0,0.750,1.000,1.000,-90.00,180.00,0.00,OPEN,0
672973.489,0,0,0,0.566,1.000,1.000,-90.00,180.00,0.00,OPEN,0
672973.539,0,0,0,0.533,1.000,1.000,-90.00,180.00,0.00,OPEN,0
672973.589,0,0,0,0.539,1.000,1.000,-90.00,180.00,0.00,OPEN,0
672973.639,0,0,0,0.711,1.000,1.000,-90.00,180.00,0.00,OPEN,0
672973.690,0,0,0,0.855,1.000,1.000,-90.00,180.00,0.00,OPEN,0
672973.739,0,0,0,0.932,1.000,1.000,-90.00,180.00,0.00,OPEN,0
672973.788,0,0,0,0.970,1.000,1.000,-90.00,180.00,0.00,OPEN,0
672973.839,0,0,0,0.982,1.000,1.000,-90.00,180.00,0.00,OPEN,0
672973.888,0,0,0,0.991,1.000,1.000,-90.00,180.00,0.00,OPEN,0
672973.939,0,0,0,0.998,1.000,1.000,-90.00,180.00,0.00,OPEN,0
672973.989,0,0,0,0.999,1.000,1.000,-90.00,180.00,0.00,OPEN,0
672974.039,0,0,0,1.000,1.000,1.000,-90.00,180.00,0.00,OPEN,0
672974.089,0,0,0,1.000,1.000,1.000,-90.00,180.00,0.00,OPEN,0
672974.138,0,0,0,1.000,1.000,1.000,-90.00,180.00,0.00,OPEN,0
672974.189,0,1,0,1.000,1.000,1.000,-90.00,180.00,0.00,OPEN,0
672974.239,0,1,0,1.000,1.000,1.000,-90.00,180.00,0.00,OPEN,0
672974.288,0,1,0,1.000,1.000,1.000,-90.00,180.00,0.00,OPEN,0
672974.339,0,1,0,1.000,1.000,1.000,-90.00,180.00,0.00,OPEN,0
672974.389,0,1,0,1.000,1.000,1.000,-90.00,180.00,0.00,OPEN,0
672974.440,0,1,0,1.000,1.000,1.000,-90.00,180.00,0.00,OPEN,0
672974.490,0,1,0,1.000,1.000,1.000,-90.00,180.00,0.00,OPEN,0
672974.539,0,1,0,1.000,1.000,1.000,-90.00,180.00,0.00,OPEN,0
672974.589,0,1,0,1.000,1.000,1.000,-90.00,180.00,0.00,OPEN,0
672974.639,0,1,0,1.000,1.000,1.000,-90.00,180.00,0.00,OPEN,0
672974.689,0,1,0,1.000,1.000,1.000,-90.00,180.00,0.00,OPEN,0
672974.753,0,1,0,1.000,1.000,1.000,-90.00,180.00,0.00,OPEN,0
672974.793,0,1,0,1.000,1.000,1.000,-90.00,180.00,0.00,OPEN,0
672974.839,0,1,0,1.000,1.000,1.000,-90.00,180.00,0.00,OPEN,0
672974.889,0,1,0,1.000,1.000,1.000,-90.00,180.00,0.00,OPEN,0
672974.939,0,1,0,1.000,1.000,1.000,-90.00,180.00,0.00,OPEN,0
672974.988,0,1,0,1.000,1.000,1.000,-90.00,180.00,0.00,OPEN,0
672975.039,0,1,0,1.000,1.000,1.000,-90.00,180.00,0.00,OPEN,0
672975.089,0,1,0,1.000,1.000,1.000,-90.00,180.00,0.00,OPEN,0
672975.139,0,1,0,1.000,1.000,1.000,-90.00,180.00,0.00,OPEN,0
672975.189,0,1,0,1.000,1.000,1.000,-90.00,180.00,0.00,OPEN,0
672975.239,0,1,0,1.000,1.000,1.000,-90.00,180.00,0.00,OPEN,0
672975.289,0,1,0,1.000,1.000,1.000,-90.00,180.00,0.00,OPEN,0
672975.339,0,1,0,1.000,1.000,1.000,-90.00,180.00,0.00,OPEN,0
672975.390,0,1,0,1.000,1.000,1.000,-90.00,180.00,0.00,OPEN,0
672975.439,0,1,0,1.000,1.000,1.000,-90.00,180.00,0.00,OPEN,0
672975.489,0,1,0,1.000,1.000,1.000,-90.00,180.00,0.00,OPEN,0
672975.539,0,1,0,1.000,1.000,1.000,-90.00,180.00,0.00,OPEN,0
672975.589,0,1,0,1.000,1.000,1.000,-90.00,180.00,0.00,OPEN,0
672975.639,0,1,0,1.000,1.000,1.000,-90.00,180.00,0.00,OPEN,0
672975.689,0,1,0,1.000,1.000,1.000,-90.00,180.00,0.00,OPEN,0
672975.739,0,1,0,1.000,1.000,1.000,-90.00,180.00,0.00,OPEN,0
672975.789,0,1,0,1.000,1.000,1.000,-90.00,180.00,0.00,OPEN,0
672975.839,0,1,0,1.000,1.000,1.000,-90.00,180.00,0.00,OPEN,0
672975.889,0,1,0,1.000,1.000,1.000,-90.00,180.00,0.00,OPEN,0
672975.939,0,1,0,1.000,1.000,1.000,-90.00,180.00,0.00,OPEN,0
672975.989,0,1,0,1.000,1.000,1.000,-90.00,180.00,0.00,OPEN,0
672976.039,0,1,0,1.000,1.000,1.000,-90.00,180.00,0.00,OPEN,0
672976.089,0,1,0,1.000,1.000,1.000,-90.00,180.00,0.00,OPEN,0
672976.139,0,1,0,1.000,1.000,1.000,-90.00,180.00,0.00,OPEN,0
672976.189,0,1,0,1.000,1.000,1.000,-90.00,180.00,0.00,OPEN,0
672976.239,0,1,0,1.000,1.000,1.000,-90.00,180.00,0.00,OPEN,0
672976.289,0,1,0,1.000,1.000,1.000,-90.00,180.00,0.00,OPEN,0
672976.339,0,1,0,1.000,1.000,1.000,-90.00,180.00,0.00,OPEN,0
672976.389,0,1,0,1.000,1.000,1.000,-90.00,180.00,0.00,OPEN,0
672976.439,0,1,0,1.000,1.000,1.000,-90.00,180.00,0.00,OPEN,0
672976.488,0,1,0,1.000,1.000,1.000,-90.00,180.00,0.00,OPEN,0
672976.540,0,1,0,1.000,1.000,1.000,-90.00,180.00,0.00,OPEN,0
672976.589,0,1,0,1.000,1.000,1.000,-90.00,180.00,0.00,OPEN,0
672976.639,0,1,0,1.000,1.000,1.000,-90.00,180.00,0.00,OPEN,0
672976.689,0,1,0,1.000,1.000,1.000,-90.00,180.00,0.00,OPEN,0
672976.739,0,1,0,1.000,1.000,1.000,-90.00,180.00,0.00,OPEN,0
672976.789,0,1,0,1.000,1.000,1.000,-90.00,180.00,0.00,OPEN,0
672976.839,0,1,0,1.000,1.000,1.000,-90.00,180.00,0.00,OPEN,0
672976.889,0,1,0,1.000,1.000,1.000,-90.00,180.00,0.00,OPEN,0
672976.940,0,1,0,1.000,1.000,1.000,-90.00,180.00,0.00,OPEN,0
672976.989,0,1,0,1.000,1.000,1.000,-90.00,180.00,0.00,OPEN,0
672977.039,0,1,0,1.000,1.000,1.000,-90.00,180.00,0.00,OPEN,0
672977.090,0,1,0,1.000,1.000,1.000,-90.00,180.00,0.00,OPEN,0
672977.139,0,1,0,1.000,1.000,1.000,-90.00,180.00,0.00,OPEN,0
672977.190,0,1,0,1.000,1.000,1.000,-90.00,180.00,0.00,OPEN,0
672977.239,0,1,0,1.000,1.000,1.000,-90.00,180.00,0.00,OPEN,0
672977.289,0,1,0,1.000,1.000,1.000,-90.00,180.00,0.00,OPEN,0
672977.340,0,1,0,1.000,1.000,1.000,-90.00,180.00,0.00,OPEN,0
672977.389,0,1,0,1.000,1.000,1.000,-90.00,180.00,0.00,OPEN,0
672977.439,0,1,0,1.000,1.000,1.000,-90.00,180.00,0.00,OPEN,0
672977.489,0,1,0,1.000,1.000,1.000,-90.00,180.00,0.00,OPEN,0
672977.539,0,1,0,1.000,1.000,1.000,-90.00,180.00,0.00,OPEN,0
672977.591,0,1,0,1.000,1.000,1.000,-90.00,180.00,0.00,OPEN,0
672977.640,0,1,0,1.000,1.000,1.000,-90.00,180.00,0.00,OPEN,0
672977.689,0,1,0,1.000,1.000,1.000,-90.00,180.00,0.00,OPEN,0
672977.739,0,1,0,1.000,1.000,1.000,-90.00,180.00,0.00,OPEN,0
672977.789,0,1,0,1.000,1.000,1.000,-90.00,180.00,0.00,OPEN,0
672977.855,0,1,0,1.000,1.000,1.000,-90.00,180.00,0.00,OPEN,0
672977.891,0,1,0,1.000,1.000,1.000,-90.00,180.00,0.00,OPEN,0
672977.939,0,1,0,1.000,1.000,1.000,-90.00,180.00,0.00,OPEN,0
672977.989,0,1,0,1.000,1.000,1.000,-90.00,180.00,0.00,OPEN,0
672978.040,0,1,0,1.000,1.000,1.000,-90.00,180.00,0.00,OPEN,0
672978.089,0,1,0,1.000,1.000,1.000,-90.00,180.00,0.00,OPEN,0
672978.139,0,1,0,1.000,1.000,1.000,-90.00,180.00,0.00,OPEN,0
672978.189,0,1,0,1.000,1.000,1.000,-90.00,180.00,0.00,OPEN,0
672978.239,0,1,0,1.000,1.000,1.000,-90.00,180.00,0.00,OPEN,0
672978.289,0,1,0,1.000,1.000,1.000,-90.00,180.00,0.00,OPEN,0
672978.339,0,1,0,1.000,1.000,1.000,-90.00,180.00,0.00,OPEN,0
672978.390,0,1,0,1.000,1.000,1.000,-90.00,180.00,0.00,OPEN,0
672978.439,0,1,0,1.000,1.000,1.000,-90.00,180.00,0.00,OPEN,0
672978.489,0,1,0,1.000,1.000,1.000,-90.00,180.00,0.00,OPEN,0
672978.539,0,1,0,1.000,1.000,1.000,-90.00,180.00,0.00,OPEN,0
672978.589,0,1,0,1.000,1.000,1.000,-90.00,180.00,0.00,OPEN,0
672978.639,0,1,0,1.000,1.000,1.000,-90.00,180.00,0.00,OPEN,0
672978.689,0,1,0,1.000,1.000,1.000,-90.00,180.00,0.00,OPEN,0
672978.739,0,1,0,1.000,1.000,1.000,-90.00,180.00,0.00,OPEN,0
672978.789,0,1,0,1.000,1.000,1.000,-90.00,180.00,0.00,OPEN,0
672978.839,0,1,0,1.000,1.000,1.000,-90.00,180.00,0.00,OPEN,0
672978.889,0,1,0,1.000,1.000,1.000,-90.00,180.00,0.00,OPEN,0
672978.939,0,1,0,1.000,1.000,1.000,-90.00,180.00,0.00,OPEN,0
672978.989,0,1,0,1.000,1.000,1.000,-90.00,180.00,0.00,OPEN,0
672979.039,0,1,0,1.000,1.000,1.000,-90.00,180.00,0.00,OPEN,0
672979.089,0,1,0,1.000,1.000,1.000,-90.00,180.00,0.00,OPEN,0
672979.139,0,1,0,1.000,1.000,1.000,-90.00,180.00,0.00,OPEN,0
672979.189,0,1,0,1.000,1.000,1.000,-90.00,180.00,0.00,OPEN,0
672979.239,0,1,0,1.000,1.000,1.000,-90.00,180.00,0.00,OPEN,0
672979.289,0,1,0,1.000,0.986,1.000,-90.00,180.00,0.00,OPEN,0
672979.340,0,1,0,1.000,0.814,1.000,-90.00,180.00,0.00,OPEN,0
672979.390,0,1,0,1.000,0.999,0.999,-90.00,180.00,0.00,OPEN,0
672979.439,0,1,0,1.000,1.000,0.999,-90.00,180.00,0.00,OPEN,0
672979.498,0,1,0,1.000,1.000,1.000,-90.00,180.00,0.00,OPEN,0
672979.540,0,1,0,1.000,1.000,1.000,-90.00,180.00,0.00,OPEN,0
672979.589,0,1,0,1.000,1.000,1.000,-90.00,180.00,0.00,OPEN,0
672979.639,0,1,0,1.000,1.000,1.000,-90.00,180.00,0.00,OPEN,0
672979.689,0,1,0,1.000,1.000,1.000,-90.00,180.00,0.00,OPEN,0
672979.739,0,1,0,1.000,1.000,1.000,-90.00,180.00,0.00,OPEN,0
672979.789,0,1,0,1.000,1.000,1.000,-90.00,180.00,0.00,OPEN,0
672979.839,0,1,0,1.000,1.000,1.000,-90.00,180.00,0.00,OPEN,0
672979.889,0,1,0,1.000,1.000,1.000,-90.00,180.00,0.00,OPEN,0
672979.939,0,1,0,1.000,1.000,1.000,-90.00,180.00,0.00,OPEN,0
672979.989,0,1,0,1.000,1.000,1.000,-90.00,180.00,0.00,OPEN,0
672980.039,0,1,0,1.000,1.000,1.000,-90.00,180.00,0.00,OPEN,0
672980.089,0,1,0,1.000,1.000,1.000,-90.00,180.00,0.00,OPEN,0
672980.139,0,1,0,1.000,1.000,1.000,-90.00,180.00,0.00,OPEN,0
672980.188,0,1,0,1.000,1.000,1.000,-90.00,180.00,0.00,OPEN,0
672980.239,0,0,0,1.000,1.000,1.000,-90.00,180.00,0.00,OPEN,0
672980.289,0,0,0,1.000,1.000,1.000,-90.00,180.00,0.00,OPEN,0
672980.339,0,0,0,1.000,1.000,1.000,-90.00,180.00,0.00,OPEN,0
672980.389,0,0,0,1.000,1.000,1.000,-90.00,180.00,0.00,OPEN,0
672980.439,0,0,0,1.000,1.000,1.000,-90.00,180.00,0.00,OPEN,0
672980.489,0,0,0,1.000,1.000,1.000,-90.00,180.00,0.00,OPEN,0
672980.538,0,0,0,1.000,1.000,1.000,-90.00,180.00,0.00,OPEN,0
672980.588,0,0,0,1.000,1.000,1.000,-90.00,180.00,0.00,OPEN,0
672980.639,0,0,0,1.000,1.000,1.000,-90.00,180.00,0.00,OPEN,0
672980.689,0,0,0,1.000,1.000,1.000,-90.00,180.00,0.00,OPEN,0
672980.739,0,0,0,1.000,1.000,1.000,-90.00,180.00,0.00,OPEN,0
672980.789,0,0,0,1.000,1.000,1.000,-90.00,180.00,0.00,OPEN,0
672980.839,0,0,0,1.000,1.000,1.000,-90.00,180.00,0.00,OPEN,0
672980.889,0,0,0,1.000,1.000,1.000,-90.00,180.00,0.00,OPEN,0
672980.939,0,0,0,1.000,1.000,1.000,-90.00,180.00,0.00,OPEN,0
672981.003,0,0,0,1.000,1.000,1.000,-90.00,180.00,0.00,OPEN,0
672981.040,0,0,0,1.000,1.000,1.000,-90.00,180.00,0.00,OPEN,0
672981.089,0,0,0,1.000,1.000,1.000,-90.00,180.00,0.00,OPEN,0
672981.140,0,0,0,1.000,1.000,1.000,-90.00,180.00,0.00,OPEN,0
672981.189,0,0,0,1.000,1.000,1.000,-90.00,180.00,0.00,OPEN,0
672981.239,0,0,0,1.000,1.000,1.000,-90.00,180.00,0.00,OPEN,0
672981.289,0,0,0,1.000,1.000,1.000,-90.00,180.00,0.00,OPEN,0
672981.339,0,0,0,1.000,1.000,1.000,-90.00,180.00,0.00,OPEN,0
672981.389,0,0,0,1.000,1.000,1.000,-90.00,180.00,0.00,OPEN,0
672981.439,0,0,0,1.000,1.000,1.000,-90.00,180.00,0.00,OPEN,0
672981.489,0,0,0,1.000,1.000,1.000,-90.00,180.00,0.00,OPEN,0
672981.539,0,0,0,1.000,1.000,1.000,-90.00,180.00,0.00,OPEN,0
672981.589,0,0,0,1.000,1.000,1.000,-90.00,180.00,0.00,OPEN,0
672981.639,0,0,0,1.000,1.000,1.000,-90.00,180.00,0.00,OPEN,0
672981.689,0,0,0,1.000,1.000,1.000,-90.00,180.00,0.00,OPEN,0
672981.739,0,0,0,1.000,1.000,1.000,-90.00,180.00,0.00,OPEN,0
672981.789,0,0,0,1.000,1.000,1.000,-90.00,180.00,0.00,OPEN,0
672981.839,0,0,0,1.000,1.000,1.000,-90.00,180.00,0.00,OPEN,0
672981.889,0,0,0,1.000,1.000,1.000,-90.00,180.00,0.00,OPEN,0
672981.939,0,0,0,1.000,1.000,1.000,-90.00,180.00,0.00,OPEN,0
672981.989,0,0,0,1.000,1.000,1.000,-90.00,180.00,0.00,OPEN,0
672982.039,0,0,0,1.000,1.000,1.000,-90.00,180.00,0.00,OPEN,0
672982.089,0,0,0,1.000,1.000,1.000,-90.00,180.00,0.00,OPEN,0
672982.140,0,0,0,1.000,1.000,1.000,-90.00,180.00,0.00,OPEN,0
672982.189,0,0,0,1.000,1.000,1.000,-90.00,180.00,0.00,OPEN,0
672982.239,0,0,0,1.000,1.000,1.000,-90.00,180.00,0.00,OPEN,0
672982.289,0,0,0,1.000,1.000,1.000,-90.00,180.00,0.00,OPEN,0
672982.340,0,0,0,1.000,1.000,1.000,-90.00,180.00,0.00,OPEN,0
672982.389,0,0,0,1.000,1.000,1.000,-90.00,180.00,0.00,OPEN,0
672982.439,0,0,0,1.000,1.000,1.000,-90.00,180.00,0.00,OPEN,0
672982.488,0,0,0,1.000,1.000,1.000,-90.00,180.00,0.00,OPEN,0
672982.538,0,0,0,1.000,1.000,1.000,-90.00,180.00,0.00,OPEN,0
672982.589,0,0,0,1.000,1.000,1.000,-90.00,180.00,0.00,OPEN,0
672982.639,0,0,0,1.000,1.000,1.000,-90.00,180.00,0.00,OPEN,0
672982.689,0,0,0,1.000,1.000,1.000,-90.00,180.00,0.00,OPEN,0
672982.739,0,0,0,1.000,1.000,1.000,-90.00,180.00,0.00,OPEN,0
672982.789,0,0,0,1.000,1.000,1.000,-90.00,180.00,0.00,OPEN,0
672982.839,0,0,0,1.000,1.000,1.000,-90.00,180.00,0.00,OPEN,0
672982.889,0,0,0,1.000,1.000,1.000,-90.00,180.00,0.00,OPEN,0
672982.942,0,0,0,1.000,1.000,1.000,-90.00,180.00,0.00,OPEN,0
672982.989,0,0,0,1.000,1.000,1.000,-90.00,180.00,0.00,OPEN,0
672983.038,0,0,0,1.000,1.000,1.000,-90.00,180.00,0.00,OPEN,0
672983.089,0,0,0,1.000,1.000,1.000,-90.00,180.00,0.00,OPEN,0
672983.139,0,0,0,1.000,1.000,1.000,-90.00,180.00,0.00,OPEN,0
672983.189,0,0,0,1.000,1.000,1.000,-90.00,180.00,0.00,OPEN,0
672983.239,0,0,0,1.000,1.000,1.000,-90.00,180.00,0.00,OPEN,0
672983.289,0,0,0,1.000,1.000,1.000,-90.00,180.00,0.00,OPEN,0
672983.339,0,0,0,1.000,1.000,1.000,-90.00,180.00,0.00,OPEN,0
672983.389,0,0,0,1.000,1.000,1.000,-90.00,180.00,0.00,OPEN,0
672983.439,0,0,0,1.000,1.000,1.000,-90.00,180.00,0.00,OPEN,0
672983.489,0,0,0,1.000,1.000,1.000,-90.00,180.00,0.00,OPEN,0
672983.539,0,0,0,1.000,1.000,1.000,-90.00,180.00,0.00,OPEN,0
672983.589,0,0,0,1.000,1.000,1.000,-90.00,180.00,0.00,OPEN,0
672983.639,0,0,0,1.000,1.000,1.000,-90.00,180.00,0.00,OPEN,0
672983.689,0,0,0,1.000,1.000,1.000,-90.00,180.00,0.00,OPEN,0
672983.739,0,0,0,1.000,1.000,1.000,-90.00,180.00,0.00,OPEN,0
672983.789,0,0,0,1.000,1.000,1.000,-90.00,180.00,0.00,OPEN,0
672983.840,0,0,0,1.000,1.000,1.000,-90.00,180.00,0.00,OPEN,0
672983.889,0,0,0,1.000,1.000,1.000,-90.00,180.00,0.00,OPEN,0
672983.939,0,0,0,1.000,1.000,1.000,-90.00,180.00,0.00,OPEN,0
672983.989,0,0,0,1.000,1.000,1.000,-90.00,180.00,0.00,OPEN,0
672984.039,0,0,0,1.000,1.000,1.000,-90.00,180.00,0.00,OPEN,0
672984.089,0,0,0,1.000,1.000,1.000,-90.00,180.00,0.00,OPEN,0
672984.139,0,0,0,1.000,1.000,1.000,-90.00,180.00,0.00,OPEN,0
672984.189,0,0,0,1.000,1.000,1.000,-90.00,180.00,0.00,OPEN,0
672984.239,0,0,0,1.000,1.000,1.000,-90.00,180.00,0.00,OPEN,0
672984.288,0,0,0,1.000,1.000,1.000,-90.00,180.00,0.00,OPEN,0
672984.366,0,0,0,1.000,1.000,1.000,-90.00,180.00,0.00,OPEN,0
672984.392,0,0,0,1.000,1.000,1.000,-90.00,180.00,0.00,OPEN,0
672984.439,0,0,0,1.000,1.000,1.000,-90.00,180.00,0.00,OPEN,0
672984.489,0,0,0,1.000,1.000,1.000,-90.00,180.00,0.00,OPEN,0
672984.539,0,0,0,1.000,1.000,1.000,-90.00,180.00,0.00,OPEN,0
672984.590,0,0,0,1.000,1.000,1.000,-90.00,180.00,0.00,OPEN,0
672984.639,0,0,0,1.000,1.000,1.000,-90.00,180.00,0.00,OPEN,0
672984.689,0,0,0,1.000,1.000,1.000,-90.00,180.00,0.00,OPEN,0
672984.739,0,0,0,1.000,1.000,1.000,-90.00,180.00,0.00,OPEN,0
672984.789,0,0,0,1.000,1.000,1.000,-90.00,180.00,0.00,OPEN,0
672984.839,0,0,0,1.000,1.000,1.000,-90.00,180.00,0.00,OPEN,0
672984.889,0,0,0,1.000,1.000,1.000,-90.00,180.00,0.00,OPEN,0
672984.939,0,0,0,1.000,1.000,1.000,-90.00,180.00,0.00,OPEN,0
672984.989,0,0,0,1.000,1.000,1.000,-90.00,180.00,0.00,OPEN,0
672985.039,0,0,0,1.000,1.000,1.000,-90.00,180.00,0.00,OPEN,0
672985.089,0,0,0,1.000,1.000,1.000,-90.00,180.00,0.00,OPEN,0
672985.139,0,0,0,1.000,1.000,0.999,-90.00,180.00,0.00,OPEN,0
672985.189,0,0,0,1.000,0.903,0.618,-90.00,180.00,0.00,OPEN,0
672985.239,0,0,0,0.999,1.000,0.992,-90.00,180.00,0.00,OPEN,0
672985.289,0,0,0,0.998,1.000,0.998,-90.00,180.00,0.00,OPEN,0
672985.339,0,0,0,0.998,1.000,0.998,-90.00,180.00,0.00,OPEN,0
672985.389,0,0,0,0.998,1.000,0.999,-90.00,180.00,0.00,OPEN,0
672985.439,0,0,0,0.999,1.000,0.999,-90.00,180.00,0.00,OPEN,0
672985.489,0,0,0,1.000,1.000,0.999,-90.00,180.00,0.00,OPEN,0
672985.539,0,0,0,0.999,1.000,1.000,-90.00,180.00,0.00,OPEN,0
672985.589,0,0,0,0.999,1.000,1.000,-90.00,180.00,0.00,OPEN,0
672985.639,0,0,0,0.998,1.000,1.000,-90.00,180.00,0.00,OPEN,0
672985.689,0,0,0,0.996,1.000,1.000,-90.00,180.00,0.00,OPEN,0
672985.745,0,0,0,0.994,1.000,1.000,-90.00,180.00,0.00,OPEN,0
672985.790,0,0,0,0.993,1.000,1.000,-90.00,180.00,0.00,OPEN,0
672985.839,0,0,0,0.996,1.000,1.000,-90.00,180.00,0.00,OPEN,0
672985.889,0,0,0,0.998,1.000,1.000,-90.00,180.00,0.00,OPEN,0
672985.939,0,0,0,0.999,0.999,1.000,-90.00,180.00,0.00,OPEN,0
672985.989,0,0,0,0.998,0.999,1.000,-90.00,180.00,0.00,OPEN,0
672986.039,0,0,0,0.999,0.998,1.000,-90.00,180.00,0.00,OPEN,0
672986.089,0,0,0,0.999,0.990,1.000,-90.00,180.00,0.00,OPEN,0
672986.139,0,1,1,1.000,0.975,1.000,-90.00,180.00,0.00,OPEN,0
672986.189,0,1,1,1.000,0.956,1.000,-90.00,180.00,0.00,OPEN,0
672986.239,0,1,1,1.000,0.950,1.000,-90.00,180.00,0.00,OPEN,0
672986.289,0,1,1,1.000,0.930,1.000,-90.00,180.00,0.00,OPEN,0
672986.338,0,1,1,1.000,0.885,1.000,-90.00,180.00,0.00,OPEN,0
672986.389,0,1,1,1.000,0.777,1.000,-90.00,180.00,0.00,OPEN,0
672986.439,0,1,1,1.000,0.535,1.000,-90.00,180.00,0.00,OPEN,0
672986.489,0,1,1,1.000,0.815,1.000,-90.00,180.00,0.00,OPEN,0
672986.540,0,1,1,1.000,0.958,1.000,-90.00,180.00,0.00,OPEN,0
672986.589,0,1,1,1.000,0.973,1.000,-90.00,180.00,0.00,OPEN,0
672986.639,0,1,1,0.999,0.982,1.000,-90.00,180.00,0.00,OPEN,0
672986.689,0,1,1,0.999,0.936,1.000,-90.00,180.00,0.00,OPEN,0
672986.739,0,1,1,1.000,0.874,1.000,-90.00,180.00,0.00,OPEN,0
672986.789,0,1,1,1.000,0.939,1.000,-90.00,180.00,0.00,OPEN,0
672986.838,0,1,1,1.000,0.946,1.000,-90.00,180.00,0.00,OPEN,0
672986.889,0,1,1,1.000,0.961,1.000,-90.00,180.00,0.00,OPEN,0
672986.939,0,1,1,1.000,0.995,1.000,-90.00,180.00,0.00,OPEN,0
672986.989,0,1,1,1.000,0.999,1.000,-90.00,180.00,0.00,OPEN,0
672987.041,0,1,1,1.000,1.000,1.000,-90.00,180.00,0.00,OPEN,0
672987.089,0,1,1,1.000,1.000,1.000,-90.00,180.00,0.00,OPEN,0
672987.139,0,1,1,1.000,1.000,1.000,-90.00,180.00,0.00,OPEN,0
672987.189,0,1,1,1.000,1.000,1.000,-90.00,180.00,0.00,OPEN,0
672987.239,0,1,1,1.000,1.000,1.000,-90.00,180.00,0.00,OPEN,0
672987.290,0,1,1,1.000,1.000,1.000,-90.00,180.00,0.00,OPEN,0
672987.339,0,0,1,1.000,1.000,1.000,-90.00,180.00,0.00,OPEN,0
672987.389,0,0,1,1.000,1.000,1.000,-90.00,180.00,0.00,OPEN,0
672987.439,0,0,1,1.000,0.999,1.000,-90.00,180.00,0.00,OPEN,0
672987.489,0,0,1,1.000,0.996,1.000,-90.00,180.00,0.00,OPEN,0
672987.539,0,0,1,1.000,0.996,1.000,-90.00,180.00,0.00,OPEN,0
672987.589,0,0,1,1.000,0.999,1.000,-90.00,180.00,0.00,OPEN,0
672987.639,0,0,1,1.000,1.000,1.000,-90.00,180.00,0.00,OPEN,0
672987.690,0,0,1,1.000,1.000,1.000,-90.00,180.00,0.00,OPEN,0
672987.739,0,0,1,1.000,1.000,1.000,-90.00,180.00,0.00,OPEN,0
672987.789,0,0,1,1.000,1.000,1.000,-90.00,180.00,0.00,OPEN,0
672987.839,0,0,1,1.000,1.000,1.000,-90.00,180.00,0.00,OPEN,0
672987.889,0,0,1,1.000,1.000,1.000,-90.00,180.00,0.00,OPEN,0
672987.939,0,0,1,1.000,1.000,1.000,-90.00,180.00,0.00,OPEN,0
672987.989,0,0,1,1.000,1.000,1.000,-90.00,180.00,0.00,OPEN,0
672988.038,0,0,1,1.000,1.000,1.000,-90.00,180.00,0.00,OPEN,0
672988.089,0,0,1,1.000,1.000,1.000,-90.00,180.00,0.00,OPEN,0
672988.139,0,0,1,1.000,1.000,1.000,-90.00,180.00,0.00,OPEN,0
672988.189,0,0,1,1.000,0.999,1.000,-90.00,180.00,0.00,OPEN,0
672988.240,0,0,1,1.000,0.991,1.000,-90.00,180.00,0.00,OPEN,0
672988.289,0,0,1,1.000,0.980,1.000,-90.00,180.00,0.00,OPEN,0
672988.339,0,0,1,1.000,0.951,1.000,-90.00,180.00,0.00,OPEN,0
672988.394,0,0,1,1.000,0.993,1.000,-90.00,180.00,0.00,OPEN,0
672988.441,0,0,1,1.000,0.999,1.000,-90.00,180.00,0.00,OPEN,0
672988.490,0,0,1,1.000,1.000,1.000,-90.00,180.00,0.00,OPEN,0
672988.540,0,0,1,1.000,1.000,1.000,-90.00,180.00,0.00,OPEN,0
672988.590,0,0,1,1.000,1.000,1.000,-90.00,180.00,0.00,OPEN,0
672988.639,0,0,1,1.000,1.000,1.000,-90.00,180.00,0.00,OPEN,0
672988.690,0,0,1,1.000,1.000,1.000,-90.00,180.00,0.00,OPEN,0
672988.739,0,0,1,1.000,1.000,1.000,-90.00,180.00,0.00,OPEN,0
672988.790,0,0,1,1.000,1.000,1.000,-90.00,180.00,0.00,OPEN,0
672988.841,0,0,1,1.000,1.000,1.000,-90.00,180.00,0.00,OPEN,0
672988.889,0,0,1,1.000,1.000,1.000,-90.00,180.00,0.00,OPEN,0
672988.939,0,0,1,1.000,1.000,1.000,-90.00,180.00,0.00,OPEN,0
672988.989,0,0,1,1.000,1.000,1.000,-90.00,180.00,0.00,OPEN,0
672989.040,0,0,1,1.000,1.000,1.000,-90.00,180.00,0.00,OPEN,0
672989.099,0,0,1,1.000,1.000,1.000,-90.00,180.00,0.00,OPEN,0
672989.141,0,0,1,1.000,1.000,1.000,-90.00,180.00,0.00,OPEN,0
672989.189,0,0,1,1.000,1.000,1.000,-90.00,180.00,0.00,OPEN,0
672989.239,0,0,1,1.000,1.000,1.000,-90.00,180.00,0.00,OPEN,0
672989.290,0,0,1,1.000,1.000,1.000,-90.00,180.00,0.00,OPEN,0
672989.339,0,0,1,1.000,1.000,1.000,-90.00,180.00,0.00,OPEN,0
672989.389,0,0,1,1.000,1.000,1.000,-90.00,180.00,0.00,OPEN,0
672989.439,0,0,1,1.000,1.000,1.000,-90.00,180.00,0.00,OPEN,0
672989.489,0,0,1,1.000,1.000,1.000,-90.00,180.00,0.00,OPEN,0
672989.540,0,0,1,1.000,1.000,1.000,-90.00,180.00,0.00,OPEN,0
672989.589,0,0,1,1.000,1.000,1.000,-90.00,180.00,0.00,OPEN,0
672989.640,0,0,1,1.000,1.000,1.000,-90.00,180.00,0.00,OPEN,0
672989.690,0,0,1,1.000,1.000,1.000,-90.00,180.00,0.00,OPEN,0
672989.740,0,0,1,1.000,1.000,1.000,-90.00,180.00,0.00,OPEN,0
672989.790,0,0,1,1.000,1.000,1.000,-90.00,180.00,0.00,OPEN,0
672989.839,0,0,1,1.000,1.000,1.000,-90.00,180.00,0.00,OPEN,0
672989.889,0,0,1,1.000,1.000,1.000,-90.00,180.00,0.00,OPEN,0
672989.939,0,0,1,1.000,1.000,1.000,-90.00,180.00,0.00,OPEN,0
672989.990,0,0,1,1.000,1.000,1.000,-90.00,180.00,0.00,OPEN,0
672990.039,0,0,1,1.000,1.000,1.000,-90.00,180.00,0.00,OPEN,0
672990.089,0,0,1,1.000,1.000,1.000,-90.00,180.00,0.00,OPEN,0
672990.139,0,0,1,1.000,1.000,1.000,-90.00,180.00,0.00,OPEN,0
672990.189,0,0,1,1.000,1.000,1.000,-90.00,180.00,0.00,OPEN,0
672990.239,0,0,1,1.000,1.000,1.000,-90.00,180.00,0.00,OPEN,0
672990.289,0,0,1,1.000,1.000,1.000,-90.00,180.00,0.00,OPEN,0
672990.339,0,0,1,1.000,1.000,1.000,-90.00,180.00,0.00,OPEN,0
672990.389,0,0,1,1.000,1.000,1.000,-90.00,180.00,0.00,OPEN,0
672990.440,0,0,1,1.000,1.000,1.000,-90.00,180.00,0.00,OPEN,0
672990.489,0,0,1,1.000,1.000,1.000,-90.00,180.00,0.00,OPEN,0
672990.539,0,0,1,1.000,1.000,1.000,-90.00,180.00,0.00,OPEN,0
672990.589,0,0,1,1.000,1.000,1.000,-90.00,180.00,0.00,OPEN,0
672990.639,0,0,1,1.000,1.000,1.000,-90.00,180.00,0.00,OPEN,0
672990.689,0,0,1,1.000,1.000,1.000,-90.00,180.00,0.00,OPEN,0
672990.739,0,0,1,1.000,1.000,1.000,-90.00,180.00,0.00,OPEN,0
672990.789,0,0,1,1.000,1.000,1.000,-90.00,180.00,0.00,OPEN,0
672990.839,0,0,1,1.000,1.000,1.000,-90.00,180.00,0.00,OPEN,0
672990.889,0,0,1,1.000,1.000,1.000,-90.00,180.00,0.00,OPEN,0
672990.940,0,0,1,1.000,1.000,1.000,-90.00,180.00,0.00,OPEN,0
672990.989,0,0,1,1.000,1.000,1.000,-90.00,180.00,0.00,OPEN,0
672991.042,0,0,1,1.000,1.000,1.000,-90.00,180.00,0.00,OPEN,0
672991.089,0,0,1,1.000,1.000,1.000,-90.00,180.00,0.00,OPEN,0
672991.138,0,0,1,1.000,1.000,1.000,-90.00,180.00,0.00,OPEN,0
672991.189,0,0,1,1.000,1.000,1.000,-90.00,180.00,0.00,OPEN,0
672991.239,0,0,1,1.000,1.000,1.000,-90.00,180.00,0.00,OPEN,0
672991.289,0,0,1,1.000,1.000,1.000,-90.00,180.00,0.00,OPEN,0
672991.339,0,0,1,1.000,1.000,1.000,-90.00,180.00,0.00,OPEN,0
672991.389,0,0,1,1.000,1.000,1.000,-90.00,180.00,0.00,OPEN,0
672991.458,0,0,1,1.000,1.000,1.000,-90.00,180.00,0.00,OPEN,0
672991.492,0,0,1,1.000,1.000,1.000,-90.00,180.00,0.00,OPEN,0
672991.538,0,0,1,1.000,1.000,1.000,-90.00,180.00,0.00,OPEN,0
672991.589,0,0,1,1.000,1.000,1.000,-90.00,180.00,0.00,OPEN,0
672991.639,0,0,1,1.000,1.000,1.000,-90.00,180.00,0.00,OPEN,0
672991.689,0,0,1,1.000,1.000,1.000,-90.00,180.00,0.00,OPEN,0
672991.739,0,0,1,1.000,1.000,1.000,-90.00,180.00,0.00,OPEN,0
672991.789,0,0,1,1.000,1.000,1.000,-90.00,180.00,0.00,OPEN,0
672991.839,0,0,1,1.000,0.999,1.000,-90.00,180.00,0.00,OPEN,0
672991.889,0,0,1,1.000,0.999,1.000,-90.00,180.00,0.00,OPEN,0
672991.939,0,0,1,1.000,1.000,1.000,-90.00,180.00,0.00,OPEN,0
672991.989,0,0,1,1.000,1.000,1.000,-90.00,180.00,0.00,OPEN,0
672992.039,0,0,1,1.000,1.000,1.000,-90.00,180.00,0.00,OPEN,0
672992.089,0,0,1,1.000,1.000,1.000,-90.00,180.00,0.00,OPEN,0
672992.139,0,0,1,1.000,1.000,1.000,-90.00,180.00,0.00,OPEN,0
672992.189,0,0,1,1.000,1.000,1.000,-90.00,180.00,0.00,OPEN,0
672992.239,0,0,1,1.000,1.000,1.000,-90.00,180.00,0.00,OPEN,0
672992.289,0,0,1,1.000,1.000,1.000,-90.00,180.00,0.00,OPEN,0
672992.340,0,0,1,1.000,1.000,1.000,-90.00,180.00,0.00,OPEN,0
672992.389,0,0,1,1.000,0.999,1.000,-90.00,180.00,0.00,OPEN,0
672992.439,0,0,1,1.000,0.998,1.000,-90.00,180.00,0.00,OPEN,0
672992.491,0,0,1,1.000,0.995,1.000,-90.00,180.00,0.00,OPEN,0
672992.539,0,0,1,1.000,0.978,1.000,-90.00,180.00,0.00,OPEN,0
672992.589,0,0,1,1.000,0.930,1.000,-90.00,180.00,0.00,OPEN,0
672992.639,0,0,1,1.000,0.948,1.000,-90.00,180.00,0.00,OPEN,0
672992.689,0,0,1,1.000,0.983,1.000,-90.00,180.00,0.00,OPEN,0
672992.739,0,0,1,1.000,0.981,1.000,-90.00,180.00,0.00,OPEN,0
672992.789,0,0,1,1.000,0.992,1.000,-90.00,180.00,0.00,OPEN,0
672992.840,0,0,1,1.000,0.999,0.999,-90.00,180.00,0.00,OPEN,0
672992.889,0,0,1,1.000,1.000,0.999,-90.00,180.00,0.00,OPEN,0
672992.940,0,0,1,1.000,1.000,0.999,-90.00,180.00,0.00,OPEN,0
672992.989,0,0,1,1.000,1.000,0.999,-90.00,180.00,0.00,OPEN,0
672993.039,0,0,1,1.000,1.000,0.999,-90.00,180.00,0.00,OPEN,0
672993.089,0,0,1,1.000,0.999,0.999,-90.00,180.00,0.00,OPEN,0
672993.139,0,0,1,0.999,0.675,0.994,-90.00,180.00,0.00,OPEN,0
672993.189,0,0,1,0.998,0.966,0.972,-90.00,180.00,0.00,OPEN,0
672993.239,0,0,1,0.998,0.999,0.909,-90.00,180.00,0.00,OPEN,0
672993.289,0,0,1,0.998,1.000,0.708,-90.00,180.00,0.00,OPEN,0
672993.360,0,0,1,0.999,1.000,0.694,-90.00,180.00,0.00,OPEN,0
672993.393,0,0,1,0.999,1.000,0.629,-90.00,180.00,0.00,OPEN,0
672993.439,0,0,1,0.999,1.000,0.508,-90.00,180.00,0.00,OPEN,0
672993.489,0,0,1,0.999,1.000,0.609,-90.00,180.00,0.00,OPEN,0
672993.539,0,0,1,0.997,1.000,0.700,-90.00,180.00,0.00,OPEN,0
672993.589,0,0,1,0.994,1.000,0.769,-90.00,180.00,0.00,OPEN,0
672993.639,0,0,1,0.994,1.000,0.882,-90.00,180.00,0.00,OPEN,0
672993.689,0,0,1,0.999,1.000,0.922,-90.00,180.00,0.00,OPEN,0
672993.739,0,0,1,1.000,1.000,0.936,-90.00,180.00,0.00,OPEN,0
672993.789,0,0,1,1.000,0.999,0.961,-90.00,180.00,0.00,OPEN,0
672993.839,0,0,1,1.000,0.958,0.950,-90.00,180.00,0.00,OPEN,0
672993.889,0,0,1,1.000,0.942,0.764,-90.00,180.00,0.00,OPEN,0
672993.939,0,0,1,1.000,0.999,0.541,-90.00,180.00,0.00,OPEN,0
672993.989,0,0,1,1.000,1.000,0.648,-90.00,180.00,0.00,OPEN,0
672994.039,0,0,1,1.000,1.000,0.635,-90.00,180.00,0.00,OPEN,0
672994.089,0,1,1,1.000,1.000,0.619,-90.00,180.00,0.00,OPEN,0
672994.140,0,1,1,1.000,1.000,0.512,-90.00,180.00,0.00,OPEN,0
672994.189,0,1,1,1.000,1.000,0.641,-90.00,180.00,0.00,OPEN,0
672994.239,0,1,1,1.000,1.000,0.831,-90.00,180.00,0.00,OPEN,0
672994.289,0,1,1,1.000,1.000,0.898,-90.00,180.00,0.00,OPEN,0
672994.340,0,1,1,1.000,0.998,0.943,-90.00,180.00,0.00,OPEN,0
672994.389,0,1,1,1.000,0.978,0.971,-90.00,180.00,0.00,OPEN,0
672994.439,0,1,1,1.000,0.841,0.987,-90.00,180.00,0.00,OPEN,0
672994.504,0,1,1,1.000,0.710,0.994,-90.00,180.00,0.00,OPEN,0
672994.541,0,1,1,1.000,0.939,0.997,-90.00,180.00,0.00,OPEN,0
672994.589,0,1,1,1.000,0.983,0.998,-90.00,180.00,0.00,OPEN,0
672994.640,0,1,1,1.000,0.956,0.993,-90.00,180.00,0.00,OPEN,0
672994.690,0,1,1,1.000,0.757,0.965,-90.00,180.00,0.00,OPEN,0
672994.739,0,1,1,1.000,0.583,0.893,-90.00,180.00,0.00,OPEN,0
672994.789,0,1,1,1.000,0.887,0.674,-90.00,180.00,0.00,OPEN,0
672994.839,0,0,1,1.000,0.969,0.679,-90.00,180.00,0.00,OPEN,0
672994.889,0,0,1,1.000,0.981,0.854,-90.00,180.00,0.00,OPEN,0
672994.939,0,0,1,1.000,0.987,0.925,-90.00,180.00,0.00,OPEN,0
672994.989,0,0,1,1.000,0.991,0.972,-90.00,180.00,0.00,OPEN,0
672995.038,0,0,1,1.000,0.988,0.989,-90.00,180.00,0.00,OPEN,0
672995.089,0,0,1,1.000,0.960,0.994,-90.00,180.00,0.00,OPEN,0
672995.139,0,0,1,1.000,0.957,0.997,-90.00,180.00,0.00,OPEN,0
672995.189,0,0,1,1.000,0.970,0.998,-90.00,180.00,0.00,OPEN,0
672995.239,0,0,1,1.000,0.977,0.999,-90.00,180.00,0.00,OPEN,0
672995.293,0,0,1,1.000,0.994,0.999,-90.00,180.00,0.00,OPEN,0
672995.339,0,0,1,1.000,0.998,1.000,-90.00,180.00,0.00,OPEN,0
672995.389,0,0,1,1.000,1.000,1.000,-90.00,180.00,0.00,OPEN,0
672995.439,0,0,1,1.000,1.000,1.000,-90.00,180.00,0.00,OPEN,0
672995.488,0,0,1,1.000,1.000,1.000,-90.00,180.00,0.00,OPEN,0
672995.539,0,0,1,1.000,1.000,1.000,-90.00,180.00,0.00,OPEN,0
672995.589,0,0,1,1.000,1.000,1.000,-90.00,180.00,0.00,OPEN,0
672995.639,0,0,1,1.000,1.000,1.000,-90.00,180.00,0.00,OPEN,0
672995.689,0,0,1,1.000,1.000,1.000,-90.00,180.00,0.00,OPEN,0
672995.739,0,0,1,1.000,1.000,1.000,-90.00,180.00,0.00,OPEN,0
672995.789,0,0,0,1.000,1.000,1.000,-90.00,180.00,0.00,OPEN,0
672995.840,0,0,0,1.000,1.000,1.000,-90.00,180.00,0.00,OPEN,0
672995.889,0,0,0,1.000,1.000,1.000,-90.00,180.00,0.00,OPEN,0
672995.939,0,0,0,1.000,1.000,1.000,-90.00,180.00,0.00,OPEN,0
672995.989,0,0,0,1.000,1.000,1.000,-90.00,180.00,0.00,OPEN,0
672996.039,0,0,0,1.000,1.000,1.000,-90.00,180.00,0.00,OPEN,0
672996.088,0,0,0,1.000,1.000,1.000,-90.00,180.00,0.00,OPEN,0
672996.138,0,0,0,1.000,1.000,1.000,-90.00,180.00,0.00,OPEN,0
672996.189,0,0,0,1.000,1.000,1.000,-90.00,180.00,0.00,OPEN,0
672996.239,0,0,0,1.000,1.000,1.000,-90.00,180.00,0.00,OPEN,0
672996.290,0,0,0,1.000,1.000,1.000,-90.00,180.00,0.00,OPEN,0
672996.339,0,0,0,1.000,1.000,1.000,-90.00,180.00,0.00,OPEN,0
672996.389,0,0,0,1.000,1.000,1.000,-90.00,180.00,0.00,OPEN,0
672996.439,0,0,0,1.000,1.000,1.000,-90.00,180.00,0.00,OPEN,0
672996.489,0,0,0,1.000,1.000,1.000,-90.00,180.00,0.00,OPEN,0
672996.539,0,0,0,1.000,1.000,1.000,-90.00,180.00,0.00,OPEN,0
672996.591,0,0,0,1.000,1.000,1.000,-90.00,180.00,0.00,OPEN,0
672996.639,0,0,0,1.000,1.000,1.000,-90.00,180.00,0.00,OPEN,0
672996.689,0,0,0,1.000,1.000,1.000,-90.00,180.00,0.00,OPEN,0
672996.739,0,0,0,1.000,1.000,1.000,-90.00,180.00,0.00,OPEN,0
672996.789,0,0,0,1.000,1.000,1.000,-90.00,180.00,0.00,OPEN,0
672996.839,0,0,0,1.000,1.000,1.000,-90.00,180.00,0.00,OPEN,0
672996.889,0,0,0,1.000,1.000,1.000,-90.00,180.00,0.00,OPEN,0
672996.940,0,0,0,1.000,1.000,1.000,-90.00,180.00,0.00,OPEN,0
672996.990,0,0,0,1.000,1.000,1.000,-90.00,180.00,0.00,OPEN,0
672997.039,0,0,0,1.000,1.000,1.000,-90.00,180.00,0.00,OPEN,0
672997.089,0,0,0,1.000,1.000,1.000,-90.00,180.00,0.00,OPEN,0
672997.139,0,0,0,1.000,1.000,1.000,-90.00,180.00,0.00,OPEN,0
672997.189,0,0,0,1.000,1.000,1.000,-90.00,180.00,0.00,OPEN,0
672997.239,0,0,0,1.000,1.000,1.000,-90.00,180.00,0.00,OPEN,0
672997.289,0,0,0,1.000,1.000,1.000,-90.00,180.00,0.00,OPEN,0
672997.339,0,0,0,1.000,1.000,1.000,-90.00,180.00,0.00,OPEN,0
672997.389,0,0,0,1.000,1.000,1.000,-90.00,180.00,0.00,OPEN,0
672997.439,0,0,0,1.000,1.000,1.000,-90.00,180.00,0.00,OPEN,0
672997.489,0,0,0,1.000,1.000,1.000,-90.00,180.00,0.00,OPEN,0
672997.539,0,0,0,1.000,1.000,1.000,-90.00,180.00,0.00,OPEN,0
672997.589,0,0,0,1.000,1.000,1.000,-90.00,180.00,0.00,OPEN,0
672997.639,0,0,0,1.000,1.000,1.000,-90.00,180.00,0.00,OPEN,0
672997.689,0,0,0,1.000,1.000,1.000,-90.00,180.00,0.00,OPEN,0
672997.739,0,0,0,1.000,1.000,1.000,-90.00,180.00,0.00,OPEN,0
672997.789,0,0,0,1.000,1.000,1.000,-90.00,180.00,0.00,OPEN,0
672997.839,0,0,0,1.000,1.000,1.000,-90.00,180.00,0.00,OPEN,0
672997.889,0,0,0,1.000,1.000,1.000,-90.00,180.00,0.00,OPEN,0
672997.939,0,0,0,1.000,1.000,1.000,-90.00,180.00,0.00,OPEN,0
672997.989,0,0,0,1.000,1.000,1.000,-90.00,180.00,0.00,OPEN,0
672998.039,0,0,0,1.000,1.000,1.000,-90.00,180.00,0.00,OPEN,0
672998.105,0,0,0,1.000,1.000,1.000,-90.00,180.00,0.00,OPEN,0
672998.141,0,0,0,1.000,1.000,1.000,-90.00,180.00,0.00,OPEN,0
672998.189,0,0,0,1.000,1.000,1.000,-90.00,180.00,0.00,OPEN,0
672998.241,0,0,0,1.000,1.000,1.000,-90.00,180.00,0.00,OPEN,0
672998.289,0,0,0,1.000,1.000,1.000,-90.00,180.00,0.00,OPEN,0
672998.339,0,0,0,1.000,1.000,1.000,-90.00,180.00,0.00,OPEN,0
672998.389,0,0,0,1.000,1.000,1.000,-90.00,180.00,0.00,OPEN,0
672998.439,0,0,0,1.000,1.000,1.000,-90.00,180.00,0.00,OPEN,0
672998.489,0,0,0,1.000,1.000,1.000,-90.00,180.00,0.00,OPEN,0
672998.539,0,0,0,1.000,1.000,1.000,-90.00,180.00,0.00,OPEN,0
672998.589,0,0,0,1.000,1.000,1.000,-90.00,180.00,0.00,OPEN,0
672998.639,0,0,0,1.000,1.000,1.000,-90.00,180.00,0.00,OPEN,0
672998.689,0,0,0,1.000,1.000,1.000,-90.00,180.00,0.00,OPEN,0
672998.739,0,0,0,1.000,1.000,1.000,-90.00,180.00,0.00,OPEN,0
672998.789,0,0,0,1.000,1.000,1.000,-90.00,180.00,0.00,OPEN,0
672998.839,0,0,0,1.000,1.000,1.000,-90.00,180.00,0.00,OPEN,0
672998.889,0,0,0,1.000,1.000,1.000,-90.00,180.00,0.00,OPEN,0
672998.939,0,0,0,1.000,1.000,1.000,-90.00,180.00,0.00,OPEN,0
672998.989,0,0,0,1.000,1.000,1.000,-90.00,180.00,0.00,OPEN,0
672999.039,0,0,0,1.000,1.000,1.000,-90.00,180.00,0.00,OPEN,0
672999.089,0,0,0,1.000,1.000,1.000,-90.00,180.00,0.00,OPEN,0
672999.139,0,0,0,1.000,1.000,1.000,-90.00,180.00,0.00,OPEN,0
672999.189,0,0,0,1.000,1.000,1.000,-90.00,180.00,0.00,OPEN,0
672999.239,0,0,0,1.000,1.000,1.000,-90.00,180.00,0.00,OPEN,0
672999.289,0,0,0,1.000,1.000,1.000,-90.00,180.00,0.00,OPEN,0
672999.339,0,0,0,1.000,1.000,1.000,-90.00,180.00,0.00,OPEN,0
672999.389,0,0,0,1.000,1.000,1.000,-90.00,180.00,0.00,OPEN,0
672999.439,0,0,0,1.000,1.000,1.000,-90.00,180.00,0.00,OPEN,0
672999.489,0,0,0,1.000,1.000,1.000,-90.00,180.00,0.00,OPEN,0
672999.539,0,0,0,1.000,1.000,1.000,-90.00,180.00,0.00,OPEN,0
672999.589,0,0,0,1.000,1.000,1.000,-90.00,180.00,0.00,OPEN,0
672999.638,0,0,0,1.000,1.000,1.000,-90.00,180.00,0.00,OPEN,0
672999.689,0,0,0,1.000,1.000,1.000,-90.00,180.00,0.00,OPEN,0
672999.742,0,0,0,1.000,1.000,1.000,-90.00,180.00,0.00,OPEN,0
672999.789,0,0,0,1.000,1.000,1.000,-90.00,180.00,0.00,OPEN,0
672999.839,0,0,0,1.000,1.000,1.000,-90.00,180.00,0.00,OPEN,0
672999.889,0,0,0,1.000,1.000,1.000,-90.00,180.00,0.00,OPEN,0
672999.939,0,0,0,1.000,1.000,1.000,-90.00,180.00,0.00,OPEN,0
672999.989,0,0,0,1.000,1.000,1.000,-90.00,180.00,0.00,OPEN,0
673000.038,0,0,0,1.000,1.000,1.000,-90.00,180.00,0.00,OPEN,0
673000.088,0,0,0,1.000,1.000,1.000,-90.00,180.00,0.00,OPEN,0
673000.139,0,0,0,1.000,1.000,1.000,-90.00,180.00,0.00,OPEN,0
673000.189,0,0,0,0.999,1.000,1.000,-90.00,180.00,0.00,OPEN,0
673000.239,0,0,0,0.999,1.000,1.000,-90.00,180.00,0.00,OPEN,0
673000.289,0,0,0,0.999,1.000,1.000,-90.00,180.00,0.00,OPEN,0
673000.338,0,0,0,0.999,1.000,1.000,-90.00,180.00,0.00,OPEN,0
673000.408,0,0,0,0.999,1.000,1.000,-90.00,180.00,0.00,OPEN,0
673000.441,0,0,0,0.997,1.000,1.000,-90.00,180.00,0.00,OPEN,0
673000.489,0,0,0,0.999,1.000,1.000,-90.00,180.00,0.00,OPEN,0
673000.538,0,0,0,0.999,0.759,0.991,-90.00,180.00,0.00,OPEN,0
673000.589,0,0,0,0.995,0.991,0.626,-90.00,180.00,0.00,OPEN,0
673000.639,0,0,0,0.993,0.999,0.902,-90.00,180.00,0.00,OPEN,0
673000.689,0,0,0,0.998,1.000,0.988,-90.00,180.00,0.00,OPEN,0
673000.739,0,0,0,0.998,1.000,1.000,-90.00,180.00,0.00,OPEN,0
673000.789,0,0,0,0.997,0.999,1.000,-90.00,180.00,0.00,OPEN,0
673000.839,0,0,0,0.999,0.999,1.000,-90.00,180.00,0.00,OPEN,0
673000.889,0,0,0,1.000,1.000,1.000,-90.00,180.00,0.00,OPEN,0
673000.939,0,0,0,1.000,1.000,1.000,-90.00,180.00,0.00,OPEN,0
673000.990,0,0,0,1.000,1.000,1.000,-90.00,180.00,0.00,OPEN,0
673001.039,0,0,0,1.000,1.000,1.000,-90.00,180.00,0.00,OPEN,0
673001.089,0,0,0,1.000,1.000,1.000,-90.00,180.00,0.00,OPEN,0
673001.139,0,0,0,1.000,1.000,1.000,-90.00,180.00,0.00,OPEN,0
673001.189,0,0,0,1.000,1.000,1.000,-90.00,180.00,0.00,OPEN,0
673001.239,0,0,0,1.000,1.000,1.000,-90.00,180.00,0.00,OPEN,0
673001.289,0,0,0,1.000,1.000,1.000,-90.00,180.00,0.00,OPEN,0
673001.339,0,0,0,1.000,1.000,1.000,-90.00,180.00,0.00,OPEN,0
673001.390,0,0,0,1.000,1.000,1.000,-90.00,180.00,0.00,OPEN,0
673001.439,0,1,0,1.000,1.000,1.000,-90.00,180.00,0.00,OPEN,0
673001.489,0,1,0,1.000,1.000,1.000,-90.00,180.00,0.00,OPEN,0
673001.539,0,1,1,1.000,1.000,1.000,-90.00,180.00,0.00,OPEN,0
673001.589,0,1,1,1.000,1.000,1.000,-90.00,180.00,0.00,OPEN,0
673001.653,0,1,1,1.000,1.000,1.000,-90.00,180.00,0.00,OPEN,0
673001.691,0,1,1,1.000,1.000,1.000,-90.00,180.00,0.00,OPEN,0
673001.739,0,1,1,1.000,1.000,1.000,-90.00,180.00,0.00,OPEN,0
673001.789,0,1,1,1.000,1.000,1.000,-90.00,180.00,0.00,OPEN,0
673001.839,0,1,1,1.000,1.000,1.000,-90.00,180.00,0.00,OPEN,0
673001.889,0,1,1,1.000,0.978,1.000,-90.00,180.00,0.00,OPEN,0
673001.938,0,1,1,1.000,0.998,1.000,-90.00,180.00,0.00,OPEN,0
673001.989,0,1,1,1.000,1.000,1.000,-90.00,180.00,0.00,OPEN,0
673002.038,0,1,1,1.000,1.000,1.000,-90.00,180.00,0.00,OPEN,0
673002.089,0,1,1,1.000,1.000,1.000,-90.00,180.00,0.00,OPEN,0
673002.140,0,1,1,1.000,1.000,1.000,-90.00,180.00,0.00,OPEN,0
673002.189,0,1,1,1.000,1.000,1.000,-90.00,180.00,0.00,OPEN,0
673002.238,0,1,1,1.000,0.999,1.000,-90.00,180.00,0.00,OPEN,0
673002.289,0,1,1,1.000,0.999,1.000,-90.00,180.00,0.00,OPEN,0
673002.339,0,1,1,1.000,0.998,1.000,-90.00,180.00,0.00,OPEN,0
673002.390,0,1,1,1.000,0.998,1.000,-90.00,180.00,0.00,OPEN,0
673002.439,0,1,1,1.000,0.999,1.000,-90.00,180.00,0.00,OPEN,0
673002.489,0,1,1,1.000,1.000,1.000,-90.00,180.00,0.00,OPEN,0
673002.539,0,1,1,1.000,1.000,1.000,-90.00,180.00,0.00,OPEN,0
673002.589,0,1,1,1.000,1.000,1.000,-90.00,180.00,0.00,OPEN,0
673002.639,0,1,1,1.000,1.000,1.000,-90.00,180.00,0.00,OPEN,0
673002.689,0,1,1,1.000,1.000,1.000,-90.00,180.00,0.00,OPEN,0
673002.739,0,1,1,1.000,1.000,1.000,-90.00,180.00,0.00,OPEN,0
673002.789,0,1,1,1.000,1.000,1.000,-90.00,180.00,0.00,OPEN,0
673002.839,0,1,1,1.000,1.000,1.000,-90.00,180.00,0.00,OPEN,0
673002.889,0,1,1,1.000,1.000,1.000,-90.00,180.00,0.00,OPEN,0
673002.939,0,1,1,1.000,1.000,1.000,-90.00,180.00,0.00,OPEN,0
673002.989,0,1,1,1.000,1.000,1.000,-90.00,180.00,0.00,OPEN,0
673003.039,0,1,1,1.000,1.000,1.000,-90.00,180.00,0.00,OPEN,0
673003.089,0,1,1,1.000,1.000,1.000,-90.00,180.00,0.00,OPEN,0
673003.139,0,1,1,1.000,1.000,1.000,-90.00,180.00,0.00,OPEN,0
673003.190,0,1,1,1.000,1.000,1.000,-90.00,180.00,0.00,OPEN,0
673003.239,0,1,1,1.000,1.000,1.000,-90.00,180.00,0.00,OPEN,0
673003.289,0,1,1,1.000,1.000,1.000,-90.00,180.00,0.00,OPEN,0
673003.339,0,1,1,1.000,1.000,1.000,-90.00,180.00,0.00,OPEN,0
673003.390,0,1,1,1.000,1.000,1.000,-90.00,180.00,0.00,OPEN,0
673003.440,0,1,1,1.000,1.000,1.000,-90.00,180.00,0.00,OPEN,0
673003.489,0,1,1,1.000,1.000,1.000,-90.00,180.00,0.00,OPEN,0
673003.539,0,1,1,1.000,1.000,1.000,-90.00,180.00,0.00,OPEN,0
673003.589,0,1,1,1.000,1.000,1.000,-90.00,180.00,0.00,OPEN,0
673003.638,0,1,1,1.000,1.000,1.000,-90.00,180.00,0.00,OPEN,0
673003.689,0,1,1,1.000,1.000,1.000,-90.00,180.00,0.00,OPEN,0
673003.739,0,1,1,1.000,1.000,1.000,-90.00,180.00,0.00,OPEN,0
673003.789,0,1,1,1.000,1.000,1.000,-90.00,180.00,0.00,OPEN,0
673003.839,0,1,1,1.000,1.000,1.000,-90.00,180.00,0.00,OPEN,0
673003.889,0,1,1,1.000,1.000,1.000,-90.00,180.00,0.00,OPEN,0
673003.939,0,1,1,1.000,1.000,1.000,-90.00,180.00,0.00,OPEN,0
673003.989,0,1,1,1.000,1.000,1.000,-90.00,180.00,0.00,OPEN,0
673004.039,0,1,1,1.000,1.000,1.000,-90.00,180.00,0.00,OPEN,0
673004.089,0,1,1,1.000,1.000,1.000,-90.00,180.00,0.00,OPEN,0
673004.139,0,1,1,1.000,1.000,1.000,-90.00,180.00,0.00,OPEN,0
673004.189,0,1,1,1.000,1.000,1.000,-90.00,180.00,0.00,OPEN,0
673004.239,0,1,1,1.000,1.000,1.000,-90.00,180.00,0.00,OPEN,0
673004.289,0,1,1,1.000,1.000,1.000,-90.00,180.00,0.00,OPEN,0
673004.339,0,1,1,1.000,1.000,1.000,-90.00,180.00,0.00,OPEN,0
673004.389,0,1,1,1.000,1.000,1.000,-90.00,180.00,0.00,OPEN,0
673004.440,0,1,1,1.000,1.000,1.000,-90.00,180.00,0.00,OPEN,0
673004.489,0,1,1,1.000,1.000,1.000,-90.00,180.00,0.00,OPEN,0
673004.540,0,1,1,1.000,1.000,1.000,-90.00,180.00,0.00,OPEN,0
673004.589,0,1,1,1.000,1.000,1.000,-90.00,180.00,0.00,OPEN,0
673004.639,0,1,1,1.000,1.000,1.000,-90.00,180.00,0.00,OPEN,0
673004.689,0,1,1,1.000,1.000,1.000,-90.00,180.00,0.00,OPEN,0
673004.739,0,1,1,1.000,1.000,1.000,-90.00,180.00,0.00,OPEN,0
673004.789,0,1,1,1.000,1.000,1.000,-90.00,180.00,0.00,OPEN,0
673004.839,0,1,1,1.000,1.000,1.000,-90.00,180.00,0.00,OPEN,0
673004.889,0,1,1,1.000,1.000,1.000,-90.00,180.00,0.00,OPEN,0
673004.939,0,1,1,1.000,1.000,1.000,-90.00,180.00,0.00,OPEN,0
673004.995,0,1,1,1.000,1.000,1.000,-90.00,180.00,0.00,OPEN,0
673005.040,0,1,1,1.000,1.000,1.000,-90.00,180.00,0.00,OPEN,0
673005.089,0,1,1,1.000,1.000,1.000,-90.00,180.00,0.00,OPEN,0
673005.139,0,1,1,1.000,1.000,1.000,-90.00,180.00,0.00,OPEN,0
673005.207,0,1,1,1.000,1.000,1.000,-90.00,180.00,0.00,OPEN,0
673005.245,0,1,1,1.000,1.000,1.000,-90.00,180.00,0.00,OPEN,0
673005.289,0,1,1,1.000,1.000,1.000,-90.00,180.00,0.00,OPEN,0
673005.338,0,1,1,1.000,1.000,1.000,-90.00,180.00,0.00,OPEN,0
673005.389,0,1,1,1.000,1.000,1.000,-90.00,180.00,0.00,OPEN,0
673005.439,0,1,1,1.000,1.000,1.000,-90.00,180.00,0.00,OPEN,0
673005.490,0,1,1,1.000,1.000,1.000,-90.00,180.00,0.00,OPEN,0
673005.539,0,1,1,1.000,1.000,1.000,-90.00,180.00,0.00,OPEN,0
673005.589,0,1,1,1.000,1.000,1.000,-90.00,180.00,0.00,OPEN,0
673005.639,0,1,1,1.000,1.000,1.000,-90.00,180.00,0.00,OPEN,0
673005.689,0,1,1,1.000,1.000,1.000,-90.00,180.00,0.00,OPEN,0
673005.740,0,1,1,1.000,1.000,1.000,-90.00,180.00,0.00,OPEN,0
673005.789,0,1,1,1.000,1.000,1.000,-90.00,180.00,0.00,OPEN,0
673005.839,0,1,1,1.000,1.000,1.000,-90.00,180.00,0.00,OPEN,0
673005.889,0,1,1,1.000,1.000,1.000,-90.00,180.00,0.00,OPEN,0
673005.939,0,1,1,1.000,1.000,1.000,-90.00,180.00,0.00,OPEN,0
673005.990,0,1,1,1.000,1.000,1.000,-90.00,180.00,0.00,OPEN,0
673006.039,0,1,1,1.000,1.000,1.000,-90.00,180.00,0.00,OPEN,0
673006.089,0,1,1,1.000,1.000,1.000,-90.00,180.00,0.00,OPEN,0
673006.138,0,1,1,1.000,1.000,1.000,-90.00,180.00,0.00,OPEN,0
673006.188,0,1,1,1.000,1.000,1.000,-90.00,180.00,0.00,OPEN,0
673006.239,0,1,1,1.000,1.000,1.000,-90.00,180.00,0.00,OPEN,0
673006.288,0,1,1,1.000,1.000,1.000,-90.00,180.00,0.00,OPEN,0
673006.339,0,1,1,1.000,1.000,1.000,-90.00,180.00,0.00,OPEN,0
673006.389,0,1,1,1.000,1.000,1.000,-90.00,180.00,0.00,OPEN,0
673006.439,0,1,1,1.000,1.000,1.000,-90.00,180.00,0.00,OPEN,0
673006.489,0,1,1,1.000,1.000,1.000,-90.00,180.00,0.00,OPEN,0
673006.540,0,1,1,1.000,1.000,1.000,-90.00,180.00,0.00,OPEN,0
673006.590,0,1,1,1.000,1.000,1.000,-90.00,180.00,0.00,OPEN,0
673006.638,0,1,1,0.999,1.000,1.000,-90.00,180.00,0.00,OPEN,0
673006.689,0,1,1,0.999,0.995,0.999,-90.00,180.00,0.00,OPEN,0
673006.739,0,1,1,0.999,0.869,0.997,-90.00,180.00,0.00,OPEN,0
673006.789,0,1,1,0.999,0.839,0.979,-90.00,180.00,0.00,OPEN,0
673006.839,0,1,1,0.999,0.981,0.938,-90.00,180.00,0.00,OPEN,0
673006.889,0,1,1,0.999,0.996,0.809,-90.00,180.00,0.00,OPEN,0
673006.939,0,1,1,0.998,0.999,0.554,-90.00,180.00,0.00,OPEN,0
673006.989,0,1,1,0.995,0.999,0.749,-90.00,180.00,0.00,OPEN,0
673007.039,0,1,1,0.976,1.000,0.945,-90.00,180.00,0.00,OPEN,0
673007.089,0,1,1,0.946,1.000,0.996,-90.00,180.00,0.00,OPEN,0
673007.139,0,1,1,0.904,1.000,1.000,-90.00,180.00,0.00,OPEN,0
673007.189,0,1,1,0.866,1.000,1.000,-90.00,180.00,0.00,OPEN,0
673007.263,0,1,1,0.823,1.000,1.000,-90.00,180.00,0.00,OPEN,0
673007.292,0,1,1,0.832,1.000,1.000,-90.00,180.00,0.00,OPEN,0
673007.339,0,1,1,0.635,1.000,1.000,-90.00,180.00,0.00,OPEN,0
673007.390,0,1,1,0.727,1.000,1.000,-90.00,180.00,0.00,OPEN,0
673007.439,0,1,1,0.637,1.000,1.000,-90.00,180.00,0.00,OPEN,0
673007.489,0,1,1,0.997,1.000,1.000,-90.00,180.00,0.00,OPEN,0
673007.539,0,1,1,0.970,1.000,1.000,-90.00,180.00,0.00,OPEN,0
673007.588,0,1,1,0.985,1.000,1.000,-90.00,180.00,0.00,OPEN,0
673007.639,0,1,1,0.995,1.000,1.000,-90.00,180.00,0.00,OPEN,0
673007.689,0,0,1,0.998,1.000,1.000,-90.00,180.00,0.00,OPEN,0
673007.739,0,0,1,0.996,1.000,1.000,-90.00,180.00,0.00,OPEN,0
673007.788,0,0,1,0.960,1.000,1.000,-90.00,180.00,0.00,OPEN,0
673007.838,2,0,1,0.947,1.000,1.000,-90.00,180.00,0.00,OPEN,0
673007.897,2,0,0,0.922,1.000,1.000,-90.00,180.00,0.00,OPEN,0
673007.939,2,0,0,0.871,1.000,1.000,-90.00,180.00,0.00,OPEN,0
673007.989,2,0,0,0.966,1.000,1.000,-90.00,180.00,0.00,OPEN,0
673008.039,2,0,0,0.970,1.000,1.000,-90.00,180.00,0.00,OPEN,0
673008.089,2,0,0,0.945,1.000,1.000,-90.00,180.00,0.00,OPEN,0
673008.139,2,0,0,0.959,1.000,1.000,-90.00,180.00,0.00,OPEN,0
673008.189,2,0,0,0.626,1.000,1.000,-90.00,180.00,0.00,OPEN,0
673008.239,2,0,0,1.000,1.000,1.000,-90.00,180.00,0.00,OPEN,0
673008.289,2,0,0,1.000,0.999,0.988,-90.00,180.00,0.00,OPEN,0
673008.340,2,0,0,1.000,0.951,0.932,-90.00,180.00,0.00,OPEN,0
673008.389,2,0,0,1.000,0.619,0.532,-90.00,180.00,0.00,OPEN,0
673008.440,2,0,0,1.000,0.541,0.936,-90.00,180.00,0.00,OPEN,0
673008.489,2,0,0,1.000,0.854,0.996,-90.00,180.00,0.00,OPEN,0
673008.539,2,0,0,1.000,0.994,1.000,-90.00,180.00,0.00,OPEN,0
673008.589,0,0,0,1.000,1.000,1.000,-90.00,180.00,0.00,OPEN,0
673008.641,0,0,0,1.000,1.000,1.000,-90.00,180.00,0.00,OPEN,0
673008.689,0,0,0,1.000,1.000,1.000,-90.00,180.00,0.00,OPEN,0
673008.739,0,0,0,1.000,1.000,1.000,-90.00,180.00,0.00,OPEN,0
673008.789,0,0,0,1.000,1.000,1.000,-90.00,180.00,0.00,OPEN,0
673008.839,0,0,0,1.000,1.000,1.000,-90.00,180.00,0.00,OPEN,0
673008.889,0,0,0,1.000,1.000,1.000,-90.00,180.00,0.00,OPEN,0
673008.939,0,0,0,1.000,1.000,1.000,-90.00,180.00,0.00,OPEN,0
673008.989,0,0,0,1.000,1.000,1.000,-90.00,180.00,0.00,OPEN,0
673009.039,0,0,0,1.000,1.000,1.000,-90.00,180.00,0.00,OPEN,0
673009.089,0,0,0,1.000,1.000,1.000,-90.00,180.00,0.00,OPEN,0
673009.139,0,0,0,1.000,1.000,1.000,-90.00,180.00,0.00,OPEN,0
673009.189,0,0,0,1.000,1.000,1.000,-90.00,180.00,0.00,OPEN,0
673009.239,0,0,0,1.000,1.000,1.000,-90.00,180.00,0.00,OPEN,0
673009.289,0,0,0,1.000,1.000,1.000,-90.00,180.00,0.00,OPEN,0
673009.339,0,0,0,1.000,1.000,1.000,-90.00,180.00,0.00,OPEN,0
673009.395,0,0,0,1.000,1.000,1.000,-90.00,180.00,0.00,OPEN,0
673009.440,0,0,0,1.000,1.000,1.000,-90.00,180.00,0.00,OPEN,0
673009.492,0,0,0,1.000,1.000,1.000,-90.00,180.00,0.00,OPEN,0
673009.541,0,0,0,1.000,1.000,1.000,-90.00,180.00,0.00,OPEN,0
673009.590,0,0,0,1.000,1.000,1.000,-90.00,180.00,0.00,OPEN,0
673009.640,0,0,0,1.000,1.000,1.000,-90.00,180.00,0.00,OPEN,0
673009.694,0,0,0,1.000,1.000,1.000,-90.00,180.00,0.00,OPEN,0
673009.740,0,0,0,1.000,1.000,1.000,-90.00,180.00,0.00,OPEN,0
673009.790,0,0,0,1.000,1.000,1.000,-90.00,180.00,0.00,OPEN,0
673009.839,0,0,0,1.000,1.000,1.000,-90.00,180.00,0.00,OPEN,0
673009.889,0,0,0,1.000,1.000,1.000,-90.00,180.00,0.00,OPEN,0
673009.939,0,0,0,1.000,1.000,1.000,-90.00,180.00,0.00,OPEN,0
673009.989,0,0,0,1.000,1.000,1.000,-90.00,180.00,0.00,OPEN,0
673010.039,0,0,0,1.000,1.000,1.000,-90.00,180.00,0.00,OPEN,0
673010.089,0,0,0,1.000,1.000,1.000,-90.00,180.00,0.00,OPEN,0
673010.140,0,0,0,1.000,1.000,1.000,-90.00,180.00,0.00,OPEN,0
673010.189,0,0,0,1.000,1.000,1.000,-90.00,180.00,0.00,OPEN,0
673010.239,0,0,0,1.000,1.000,1.000,-90.00,180.00,0.00,OPEN,0
673010.289,0,0,0,1.000,1.000,1.000,-90.00,180.00,0.00,OPEN,0
673010.339,0,0,0,1.000,1.000,1.000,-90.00,180.00,0.00,OPEN,0
673010.389,0,0,0,1.000,1.000,1.000,-90.00,180.00,0.00,OPEN,0
673010.439,0,0,0,1.000,1.000,1.000,-90.00,180.00,0.00,OPEN,0
673010.490,0,0,0,1.000,1.000,1.000,-90.00,180.00,0.00,OPEN,0
673010.541,0,0,0,1.000,1.000,1.000,-90.00,180.00,0.00,OPEN,0
673010.589,0,0,0,1.000,1.000,1.000,-90.00,180.00,0.00,OPEN,0
673010.639,0,0,0,1.000,1.000,1.000,-90.00,180.00,0.00,OPEN,0
673010.689,0,0,0,1.000,1.000,1.000,-90.00,180.00,0.00,OPEN,0
673010.739,0,0,0,1.000,1.000,1.000,-90.00,180.00,0.00,OPEN,0
673010.789,0,0,0,1.000,1.000,1.000,-90.00,180.00,0.00,OPEN,0
673010.839,0,0,0,1.000,1.000,1.000,-90.00,180.00,0.00,OPEN,0
673010.889,0,0,0,1.000,1.000,1.000,-90.00,180.00,0.00,OPEN,0
673010.939,0,0,0,1.000,1.000,1.000,-90.00,180.00,0.00,OPEN,0
673010.989,0,0,0,1.000,1.000,1.000,-90.00,180.00,0.00,OPEN,0
673011.039,0,0,0,1.000,1.000,1.000,-90.00,180.00,0.00,OPEN,0
673011.089,0,0,0,1.000,1.000,1.000,-90.00,180.00,0.00,OPEN,0
673011.140,0,0,0,1.000,1.000,1.000,-90.00,180.00,0.00,OPEN,0
673011.190,0,0,0,1.000,1.000,1.000,-90.00,180.00,0.00,OPEN,0
673011.239,0,0,0,1.000,1.000,1.000,-90.00,180.00,0.00,OPEN,0
673011.289,0,0,0,1.000,1.000,1.000,-90.00,180.00,0.00,OPEN,0
673011.339,0,0,0,1.000,1.000,1.000,-90.00,180.00,0.00,OPEN,0
673011.389,0,0,0,1.000,1.000,1.000,-90.00,180.00,0.00,OPEN,0
673011.439,0,0,0,1.000,1.000,1.000,-90.00,180.00,0.00,OPEN,0
673011.489,0,0,0,1.000,1.000,1.000,-90.00,180.00,0.00,OPEN,0
673011.539,0,0,0,1.000,1.000,1.000,-90.00,180.00,0.00,OPEN,0
673011.589,0,0,0,1.000,1.000,1.000,-90.00,180.00,0.00,OPEN,0
673011.640,0,0,0,1.000,1.000,1.000,-90.00,180.00,0.00,OPEN,0
673011.690,0,0,0,1.000,1.000,1.000,-90.00,180.00,0.00,OPEN,0
673011.739,0,0,0,1.000,1.000,1.000,-90.00,180.00,0.00,OPEN,0
673011.789,0,0,0,1.000,1.000,1.000,-90.00,180.00,0.00,OPEN,0
673011.839,0,0,0,1.000,1.000,1.000,-90.00,180.00,0.00,OPEN,0
673011.890,0,0,0,1.000,1.000,1.000,-90.00,180.00,0.00,OPEN,0
673011.939,0,0,0,1.000,1.000,1.000,-90.00,180.00,0.00,OPEN,0
673011.989,0,0,0,1.000,1.000,1.000,-90.00,180.00,0.00,OPEN,0
673012.039,0,0,0,1.000,1.000,1.000,-90.00,180.00,0.00,OPEN,0
673012.089,0,0,0,1.000,1.000,1.000,-90.00,180.00,0.00,OPEN,0
673012.139,0,0,0,1.000,1.000,1.000,-90.00,180.00,0.00,OPEN,0
673012.189,0,0,0,1.000,1.000,1.000,-90.00,180.00,0.00,OPEN,0
673012.239,0,0,0,1.000,1.000,1.000,-90.00,180.00,0.00,OPEN,0
673012.289,0,0,0,1.000,1.000,1.000,-90.00,180.00,0.00,OPEN,0
673012.340,0,0,0,1.000,1.000,1.000,-90.00,180.00,0.00,OPEN,0
673012.389,0,0,0,1.000,1.000,1.000,-90.00,180.00,0.00,OPEN,0
673012.439,0,0,0,1.000,1.000,1.000,-90.00,180.00,0.00,OPEN,0
673012.490,0,0,0,1.000,1.000,1.000,-90.00,180.00,0.00,OPEN,0
673012.540,0,0,0,1.000,1.000,1.000,-90.00,180.00,0.00,OPEN,0
673012.589,0,0,0,1.000,1.000,1.000,-90.00,180.00,0.00,OPEN,0
673012.639,0,0,0,1.000,1.000,1.000,-90.00,180.00,0.00,OPEN,0
673012.688,0,0,0,1.000,1.000,1.000,-90.00,180.00,0.00,OPEN,0
673012.739,0,0,0,1.000,1.000,1.000,-90.00,180.00,0.00,OPEN,0
673012.789,0,0,0,1.000,1.000,1.000,-90.00,180.00,0.00,OPEN,0
673012.839,0,0,0,1.000,1.000,1.000,-90.00,180.00,0.00,OPEN,0
673012.889,0,0,0,1.000,1.000,1.000,-90.00,180.00,0.00,OPEN,0
673012.940,0,0,0,1.000,1.000,1.000,-90.00,180.00,0.00,OPEN,0
673012.988,0,0,0,1.000,1.000,1.000,-90.00,180.00,0.00,OPEN,0
673013.039,0,0,0,1.000,1.000,1.000,-90.00,180.00,0.00,OPEN,0
673013.089,0,0,0,1.000,1.000,1.000,-90.00,180.00,0.00,OPEN,0
673013.139,0,0,0,1.000,1.000,1.000,-90.00,180.00,0.00,OPEN,0
673013.189,0,0,0,1.000,1.000,1.000,-90.00,180.00,0.00,OPEN,0
673013.240,0,0,0,1.000,1.000,1.000,-90.00,180.00,0.00,OPEN,0
673013.289,0,0,0,1.000,1.000,1.000,-90.00,180.00,0.00,OPEN,0
673013.338,0,0,0,1.000,1.000,1.000,-90.00,180.00,0.00,OPEN,0
673013.389,0,0,0,1.000,1.000,1.000,-90.00,180.00,0.00,OPEN,0
673013.458,0,0,0,1.000,1.000,1.000,-90.00,180.00,0.00,OPEN,0
673013.492,0,0,0,0.997,1.000,1.000,-90.00,180.00,0.00,OPEN,0
673013.539,0,0,0,0.874,1.000,1.000,-90.00,180.00,0.00,OPEN,0
673013.589,0,0,0,0.476,1.000,1.000,-90.00,180.00,0.00,OPEN,0
673013.640,0,0,0,0.680,1.000,1.000,-90.00,180.00,0.00,OPEN,0
673013.689,0,0,0,0.994,0.984,1.000,-90.00,180.00,0.00,OPEN,0
673013.739,0,0,0,1.000,0.884,1.000,-90.00,180.00,0.00,OPEN,0
673013.789,0,0,0,1.000,1.000,1.000,-90.00,180.00,0.00,OPEN,0
673013.840,0,0,0,1.000,1.000,1.000,-90.00,180.00,0.00,OPEN,0
673013.889,0,0,0,1.000,1.000,1.000,-90.00,180.00,0.00,OPEN,0
673013.939,0,0,0,1.000,1.000,1.000,-90.00,180.00,0.00,OPEN,0
673013.989,3,0,0,1.000,1.000,1.000,-90.00,180.00,0.00,OPEN,0
673014.039,3,0,0,1.000,1.000,1.000,-90.00,180.00,0.00,OPEN,0
673014.088,3,0,0,1.000,1.000,1.000,-90.00,180.00,0.00,OPEN,0
673014.139,3,0,0,1.000,1.000,1.000,-90.00,180.00,0.00,OPEN,0
673014.189,3,0,0,1.000,1.000,1.000,-90.00,180.00,0.00,OPEN,0
673014.239,3,0,0,1.000,1.000,1.000,-90.00,180.00,0.00,OPEN,0
673014.289,3,0,0,1.000,1.000,1.000,-90.00,180.00,0.00,OPEN,0
673014.339,3,0,0,1.000,1.000,1.000,-90.00,180.00,0.00,OPEN,0
673014.389,3,0,0,1.000,1.000,1.000,-90.00,180.00,0.00,OPEN,0
673014.439,3,0,0,1.000,1.000,1.000,-90.00,180.00,0.00,OPEN,0
673014.489,3,0,0,1.000,1.000,1.000,-90.00,180.00,0.00,OPEN,0
673014.539,3,0,0,1.000,1.000,1.000,-90.00,180.00,0.00,OPEN,0
673014.589,3,0,0,1.000,1.000,1.000,-90.00,180.00,0.00,OPEN,0
673014.639,3,0,0,1.000,1.000,1.000,-90.00,180.00,0.00,OPEN,0
673014.689,3,1,0,1.000,1.000,1.000,-90.00,180.00,0.00,OPEN,0
673014.745,3,1,0,1.000,1.000,1.000,-90.00,180.00,0.00,OPEN,0
673014.790,3,1,0,1.000,1.000,1.000,-90.00,180.00,0.00,OPEN,0
673014.839,3,1,0,1.000,1.000,1.000,-90.00,180.00,0.00,OPEN,0
673014.889,3,1,0,1.000,1.000,1.000,-90.00,180.00,0.00,OPEN,0
673014.939,3,1,0,1.000,1.000,1.000,-90.00,180.00,0.00,OPEN,0
673014.988,3,1,0,1.000,1.000,1.000,-90.00,180.00,0.00,OPEN,0
673015.039,3,1,0,1.000,1.000,1.000,-90.00,180.00,0.00,OPEN,0
673015.088,3,1,0,1.000,1.000,1.000,-90.00,180.00,0.00,OPEN,0
673015.139,3,1,0,1.000,1.000,1.000,-90.00,180.00,0.00,OPEN,0
673015.189,3,1,0,1.000,1.000,1.000,-90.00,180.00,0.00,OPEN,0
673015.239,3,1,0,1.000,1.000,1.000,-90.00,180.00,0.00,OPEN,0
673015.289,3,1,0,1.000,1.000,1.000,-90.00,180.00,0.00,OPEN,0
673015.339,3,1,0,1.000,1.000,1.000,-90.00,180.00,0.00,OPEN,0
673015.390,3,1,0,1.000,1.000,1.000,-90.00,180.00,0.00,OPEN,0
673015.439,3,1,0,1.000,1.000,1.000,-90.00,180.00,0.00,OPEN,0
673015.489,3,1,0,1.000,1.000,1.000,-90.00,180.00,0.00,OPEN,0
673015.539,3,1,0,1.000,1.000,1.000,-90.00,180.00,0.00,OPEN,0
673015.589,3,1,0,1.000,1.000,1.000,-90.00,180.00,0.00,OPEN,0
673015.639,3,1,0,1.000,1.000,1.000,-90.00,180.00,0.00,OPEN,0
673015.689,3,1,0,1.000,1.000,1.000,-90.00,180.00,0.00,OPEN,0
673015.739,3,1,0,1.000,1.000,1.000,-90.00,180.00,0.00,OPEN,0
673015.789,3,1,0,1.000,1.000,1.000,-90.00,180.00,0.00,OPEN,0
673015.839,3,1,0,1.000,1.000,1.000,-90.00,180.00,0.00,OPEN,0
673015.889,3,1,0,1.000,1.000,1.000,-90.00,180.00,0.00,OPEN,0
673015.940,3,1,0,1.000,1.000,1.000,-90.00,180.00,0.00,OPEN,0
673015.989,3,1,0,1.000,1.000,1.000,-90.00,180.00,0.00,OPEN,0
673016.039,3,1,0,1.000,1.000,1.000,-90.00,180.00,0.00,OPEN,0
673016.089,3,1,0,1.000,1.000,1.000,-90.00,180.00,0.00,OPEN,0
673016.144,3,1,0,1.000,1.000,1.000,-90.00,180.00,0.00,OPEN,0
673016.191,3,1,0,1.000,1.000,1.000,-90.00,180.00,0.00,OPEN,0
673016.239,3,1,0,1.000,1.000,1.000,-90.00,180.00,0.00,OPEN,0
673016.289,3,1,0,1.000,1.000,1.000,-90.00,180.00,0.00,OPEN,0
673016.339,3,1,0,1.000,1.000,1.000,-90.00,180.00,0.00,OPEN,0
673016.389,3,1,0,1.000,1.000,1.000,-90.00,180.00,0.00,OPEN,0
673016.439,3,1,0,1.000,1.000,1.000,-90.00,180.00,0.00,OPEN,0
673016.489,3,1,0,1.000,1.000,1.000,-90.00,180.00,0.00,OPEN,0
673016.539,3,1,0,1.000,1.000,1.000,-90.00,180.00,0.00,OPEN,0
673016.589,3,1,0,1.000,1.000,1.000,-90.00,180.00,0.00,OPEN,0
673016.639,3,1,0,1.000,1.000,1.000,-90.00,180.00,0.00,OPEN,0
673016.689,3,1,0,1.000,1.000,1.000,-90.00,180.00,0.00,OPEN,0
673016.739,3,1,0,1.000,1.000,1.000,-90.00,180.00,0.00,OPEN,0
673016.789,3,1,0,1.000,1.000,1.000,-90.00,180.00,0.00,OPEN,0
673016.839,3,1,0,1.000,1.000,1.000,-90.00,180.00,0.00,OPEN,0
673016.889,3,1,0,1.000,1.000,1.000,-90.00,180.00,0.00,OPEN,0
673016.940,3,1,0,1.000,1.000,1.000,-90.00,180.00,0.00,OPEN,0
673016.989,3,1,0,1.000,1.000,1.000,-90.00,180.00,0.00,OPEN,0
673017.039,3,1,0,1.000,1.000,1.000,-90.00,180.00,0.00,OPEN,0
673017.090,3,1,0,1.000,1.000,1.000,-90.00,180.00,0.00,OPEN,0
673017.139,3,1,0,1.000,1.000,1.000,-90.00,180.00,0.00,OPEN,0
673017.189,3,1,0,1.000,1.000,1.000,-90.00,180.00,0.00,OPEN,0
673017.239,3,1,0,1.000,1.000,1.000,-90.00,180.00,0.00,OPEN,0
673017.289,3,1,0,1.000,1.000,1.000,-90.00,180.00,0.00,OPEN,0
673017.339,3,1,0,1.000,1.000,1.000,-90.00,180.00,0.00,OPEN,0
673017.389,3,1,0,1.000,1.000,1.000,-90.00,180.00,0.00,OPEN,0
673017.439,3,1,0,1.000,1.000,1.000,-90.00,180.00,0.00,OPEN,0
673017.489,3,1,0,1.000,1.000,1.000,-90.00,180.00,0.00,OPEN,0
673017.539,3,1,0,1.000,1.000,1.000,-90.00,180.00,0.00,OPEN,0
673017.589,3,1,0,1.000,1.000,1.000,-90.00,180.00,0.00,OPEN,0
673017.638,3,1,0,1.000,1.000,1.000,-90.00,180.00,0.00,OPEN,0
673017.689,3,1,0,1.000,1.000,1.000,-90.00,180.00,0.00,OPEN,0
673017.739,3,1,0,1.000,1.000,1.000,-90.00,180.00,0.00,OPEN,0
673017.789,3,1,0,1.000,1.000,1.000,-90.00,180.00,0.00,OPEN,0
673017.839,3,1,0,1.000,1.000,1.000,-90.00,180.00,0.00,OPEN,0
673017.890,3,1,0,1.000,1.000,1.000,-90.00,180.00,0.00,OPEN,0
673017.939,3,1,0,1.000,1.000,1.000,-90.00,180.00,0.00,OPEN,0
673017.989,3,1,0,1.000,1.000,1.000,-90.00,180.00,0.00,OPEN,0
673018.040,3,1,0,1.000,1.000,1.000,-90.00,180.00,0.00,OPEN,0
673018.089,3,1,0,1.000,1.000,1.000,-90.00,180.00,0.00,OPEN,0
673018.139,3,1,0,1.000,1.000,1.000,-90.00,180.00,0.00,OPEN,0
673018.189,3,1,0,1.000,1.000,1.000,-90.00,180.00,0.00,OPEN,0
673018.239,3,1,0,1.000,1.000,1.000,-90.00,180.00,0.00,OPEN,0
673018.304,3,1,0,1.000,1.000,1.000,-90.00,180.00,0.00,OPEN,0
673018.341,3,1,0,1.000,1.000,1.000,-90.00,180.00,0.00,OPEN,0
673018.389,3,1,0,1.000,1.000,1.000,-90.00,180.00,0.00,OPEN,0
673018.439,3,1,0,1.000,1.000,1.000,-90.00,180.00,0.00,OPEN,0
673018.489,3,1,0,1.000,1.000,1.000,-90.00,180.00,0.00,OPEN,0
673018.539,3,1,0,1.000,1.000,1.000,-90.00,180.00,0.00,OPEN,0
673018.589,3,1,0,1.000,1.000,1.000,-90.00,180.00,0.00,OPEN,0
673018.639,3,1,0,1.000,1.000,1.000,-90.00,180.00,0.00,OPEN,0
673018.689,3,1,0,1.000,1.000,1.000,-90.00,180.00,0.00,OPEN,0
673018.739,3,1,0,1.000,1.000,1.000,-90.00,180.00,0.00,OPEN,0
673018.789,3,1,0,1.000,1.000,1.000,-90.00,180.00,0.00,OPEN,0
673018.839,3,1,0,1.000,1.000,1.000,-90.00,180.00,0.00,OPEN,0
673018.889,3,1,0,1.000,1.000,1.000,-90.00,180.00,0.00,OPEN,0
673018.941,3,1,0,1.000,1.000,1.000,-90.00,180.00,0.00,OPEN,0
673018.989,3,1,0,1.000,1.000,1.000,-90.00,180.00,0.00,OPEN,0
673019.040,3,1,0,1.000,1.000,1.000,-90.00,180.00,0.00,OPEN,0
673019.089,3,1,0,1.000,1.000,1.000,-90.00,180.00,0.00,OPEN,0
673019.139,3,1,0,1.000,1.000,1.000,-90.00,180.00,0.00,OPEN,0
673019.189,3,1,0,1.000,1.000,1.000,-90.00,180.00,0.00,OPEN,0
673019.238,3,1,0,1.000,1.000,1.000,-90.00,180.00,0.00,OPEN,0
673019.289,3,1,0,1.000,1.000,1.000,-90.00,180.00,0.00,OPEN,0
673019.339,3,1,0,1.000,1.000,1.000,-90.00,180.00,0.00,OPEN,0
673019.390,3,1,0,1.000,1.000,1.000,-90.00,180.00,0.00,OPEN,0
673019.439,3,1,0,1.000,1.000,1.000,-90.00,180.00,0.00,OPEN,0
673019.489,3,1,0,1.000,1.000,1.000,-90.00,180.00,0.00,OPEN,0
673019.539,3,1,0,1.000,1.000,1.000,-90.00,180.00,0.00,OPEN,0
673019.589,3,1,0,1.000,1.000,1.000,-90.00,180.00,0.00,OPEN,0
673019.639,3,1,0,1.000,1.000,1.000,-90.00,180.00,0.00,OPEN,0
673019.689,3,1,0,0.995,1.000,1.000,-90.00,180.00,0.00,OPEN,0
673019.739,3,1,0,0.598,1.000,1.000,-90.00,180.00,0.00,OPEN,0
673019.789,3,1,0,1.000,1.000,1.000,-90.00,180.00,0.00,OPEN,0
673019.839,3,1,0,1.000,0.999,1.000,-90.00,180.00,0.00,OPEN,0
673019.889,3,1,0,1.000,0.997,1.000,-90.00,180.00,0.00,OPEN,0
673019.939,3,1,0,1.000,0.921,1.000,-90.00,180.00,0.00,OPEN,0
673019.990,3,1,0,1.000,0.874,1.000,-90.00,180.00,0.00,OPEN,0
673020.039,3,1,0,1.000,1.000,1.000,-90.00,180.00,0.00,OPEN,0
673020.089,3,1,0,1.000,1.000,1.000,-90.00,180.00,0.00,OPEN,0
673020.139,0,1,0,1.000,1.000,1.000,-90.00,180.00,0.00,OPEN,0
673020.200,0,1,0,1.000,1.000,1.000,-90.00,180.00,0.00,OPEN,0
673020.240,0,1,0,1.000,1.000,1.000,-90.00,180.00,0.00,OPEN,0
673020.289,0,1,0,1.000,1.000,1.000,-90.00,180.00,0.00,OPEN,0
673020.339,0,1,0,1.000,1.000,1.000,-90.00,180.00,0.00,OPEN,0
673020.389,0,1,0,1.000,1.000,1.000,-90.00,180.00,0.00,OPEN,0
673020.439,0,1,0,1.000,1.000,1.000,-90.00,180.00,0.00,OPEN,0
673020.489,0,1,0,1.000,1.000,1.000,-90.00,180.00,0.00,OPEN,0
673020.539,0,1,0,1.000,1.000,1.000,-90.00,180.00,0.00,OPEN,0
673020.589,0,1,0,1.000,1.000,1.000,-90.00,180.00,0.00,OPEN,0
673020.638,0,1,0,1.000,1.000,1.000,-90.00,180.00,0.00,OPEN,0
673020.689,0,1,0,1.000,1.000,1.000,-90.00,180.00,0.00,OPEN,0
673020.739,0,1,0,1.000,1.000,1.000,-90.00,180.00,0.00,OPEN,0
673020.789,0,1,0,1.000,1.000,1.000,-90.00,180.00,0.00,OPEN,0
673020.839,0,1,0,1.000,1.000,1.000,-90.00,180.00,0.00,OPEN,0
673020.889,0,1,0,1.000,1.000,1.000,-90.00,180.00,0.00,OPEN,0
673020.939,0,0,0,1.000,1.000,1.000,-90.00,180.00,0.00,OPEN,0
673020.989,0,0,0,1.000,1.000,1.000,-90.00,180.00,0.00,OPEN,0
673021.039,0,0,0,1.000,1.000,1.000,-90.00,180.00,0.00,OPEN,0
673021.089,0,0,0,1.000,1.000,1.000,-90.00,180.00,0.00,OPEN,0
673021.139,0,0,0,1.000,1.000,1.000,-90.00,180.00,0.00,OPEN,0
673021.189,0,0,0,1.000,1.000,1.000,-90.00,180.00,0.00,OPEN,0
673021.239,0,0,0,1.000,1.000,1.000,-90.00,180.00,0.00,OPEN,0
673021.289,0,0,0,1.000,1.000,1.000,-90.00,180.00,0.00,OPEN,0
673021.339,0,0,0,1.000,1.000,1.000,-90.00,180.00,0.00,OPEN,0
673021.389,0,0,0,1.000,1.000,1.000,-90.00,180.00,0.00,OPEN,0
673021.439,0,0,0,1.000,1.000,1.000,-90.00,180.00,0.00,OPEN,0
673021.489,0,0,0,1.000,1.000,1.000,-90.00,180.00,0.00,OPEN,0
673021.539,0,0,0,1.000,1.000,1.000,-90.00,180.00,0.00,OPEN,0
673021.589,0,0,0,1.000,1.000,1.000,-90.00,180.00,0.00,OPEN,0
673021.639,0,0,0,1.000,1.000,1.000,-90.00,180.00,0.00,OPEN,0
673021.689,0,0,0,1.000,1.000,1.000,-90.00,180.00,0.00,OPEN,0
673021.739,0,0,0,1.000,1.000,1.000,-90.00,180.00,0.00,OPEN,0
673021.788,0,0,0,1.000,1.000,1.000,-90.00,180.00,0.00,OPEN,0
673021.839,0,0,0,1.000,1.000,1.000,-90.00,180.00,0.00,OPEN,0
673021.889,0,0,0,1.000,1.000,1.000,-90.00,180.00,0.00,OPEN,0
673021.939,0,0,0,1.000,1.000,1.000,-90.00,180.00,0.00,OPEN,0
673021.989,0,0,0,1.000,1.000,1.000,-90.00,180.00,0.00,OPEN,0
673022.039,0,0,0,1.000,1.000,1.000,-90.00,180.00,0.00,OPEN,0
673022.090,0,0,0,1.000,1.000,1.000,-90.00,180.00,0.00,OPEN,0
673022.139,0,0,0,1.000,1.000,1.000,-90.00,180.00,0.00,OPEN,0
673022.189,0,0,0,1.000,1.000,1.000,-90.00,180.00,0.00,OPEN,0
673022.239,0,0,0,1.000,1.000,1.000,-90.00,180.00,0.00,OPEN,0
673022.289,0,0,0,1.000,1.000,1.000,-90.00,180.00,0.00,OPEN,0
673022.339,0,0,0,1.000,1.000,1.000,-90.00,180.00,0.00,OPEN,0
673022.389,0,0,0,1.000,1.000,1.000,-90.00,180.00,0.00,OPEN,0
673022.439,0,0,0,1.000,1.000,1.000,-90.00,180.00,0.00,OPEN,0
673022.489,0,0,0,1.000,1.000,1.000,-90.00,180.00,0.00,OPEN,0
673022.539,0,0,0,1.000,1.000,1.000,-90.00,180.00,0.00,OPEN,0
673022.589,0,0,0,1.000,1.000,1.000,-90.00,180.00,0.00,OPEN,0
673022.639,0,0,0,1.000,1.000,1.000,-90.00,180.00,0.00,OPEN,0
673022.689,0,0,0,1.000,1.000,1.000,-90.00,180.00,0.00,OPEN,0
673022.739,0,0,0,1.000,1.000,1.000,-90.00,180.00,0.00,OPEN,0
673022.789,0,0,0,1.000,1.000,1.000,-90.00,180.00,0.00,OPEN,0
673022.839,0,0,0,1.000,1.000,1.000,-90.00,180.00,0.00,OPEN,0
673022.889,0,0,0,1.000,1.000,1.000,-90.00,180.00,0.00,OPEN,0
673022.939,0,0,0,1.000,1.000,1.000,-90.00,180.00,0.00,OPEN,0
673022.989,0,0,0,1.000,1.000,1.000,-90.00,180.00,0.00,OPEN,0
673023.039,0,0,0,1.000,1.000,1.000,-90.00,180.00,0.00,OPEN,0
673023.089,0,0,0,1.000,1.000,1.000,-90.00,180.00,0.00,OPEN,0
673023.139,0,0,0,1.000,1.000,1.000,-90.00,180.00,0.00,OPEN,0
673023.190,0,0,0,1.000,1.000,1.000,-90.00,180.00,0.00,OPEN,0
673023.239,0,0,0,1.000,1.000,1.000,-90.00,180.00,0.00,OPEN,0
673023.289,0,0,0,1.000,1.000,1.000,-90.00,180.00,0.00,OPEN,0
673023.339,0,0,0,1.000,1.000,1.000,-90.00,180.00,0.00,OPEN,0
673023.390,0,0,0,1.000,1.000,1.000,-90.00,180.00,0.00,OPEN,0
673023.438,0,0,0,1.000,1.000,1.000,-90.00,180.00,0.00,OPEN,0
673023.489,0,0,0,1.000,1.000,1.000,-90.00,180.00,0.00,OPEN,0
673023.539,0,0,0,1.000,1.000,1.000,-90.00,180.00,0.00,OPEN,0
673023.589,0,0,0,1.000,1.000,1.000,-90.00,180.00,0.00,OPEN,0
673023.639,0,0,0,1.000,1.000,1.000,-90.00,180.00,0.00,OPEN,0
673023.689,0,0,0,1.000,1.000,1.000,-90.00,180.00,0.00,OPEN,0
673023.739,0,0,0,1.000,1.000,1.000,-90.00,180.00,0.00,OPEN,0
673023.808,0,0,0,1.000,1.000,1.000,-90.00,180.00,0.00,OPEN,0
673023.842,0,0,0,1.000,1.000,1.000,-90.00,180.00,0.00,OPEN,0
673023.889,0,0,0,1.000,1.000,1.000,-90.00,180.00,0.00,OPEN,0
673023.939,0,0,0,1.000,1.000,1.000,-90.00,180.00,0.00,OPEN,0
673023.989,0,0,0,1.000,1.000,1.000,-90.00,180.00,0.00,OPEN,0
673024.039,0,0,0,1.000,1.000,1.000,-90.00,180.00,0.00,OPEN,0
673024.089,0,0,0,1.000,1.000,1.000,-90.00,180.00,0.00,OPEN,0
673024.139,0,0,0,1.000,1.000,1.000,-90.00,180.00,0.00,OPEN,0
673024.189,0,0,0,1.000,1.000,1.000,-90.00,180.00,0.00,OPEN,0
673024.239,0,0,0,1.000,1.000,1.000,-90.00,180.00,0.00,OPEN,0
673024.288,0,0,0,1.000,1.000,1.000,-90.00,180.00,0.00,OPEN,0
673024.339,0,0,0,1.000,1.000,1.000,-90.00,180.00,0.00,OPEN,0
673024.390,0,0,0,1.000,1.000,1.000,-90.00,180.00,0.00,OPEN,0
673024.439,0,0,0,1.000,1.000,1.000,-90.00,180.00,0.00,OPEN,0
673024.489,0,0,0,1.000,1.000,1.000,-90.00,180.00,0.00,OPEN,0
673024.539,0,0,0,1.000,1.000,1.000,-90.00,180.00,0.00,OPEN,0
673024.589,0,0,0,1.000,1.000,1.000,-90.00,180.00,0.00,OPEN,0
673024.639,0,0,0,1.000,1.000,1.000,-90.00,180.00,0.00,OPEN,0
673024.688,0,0,0,1.000,1.000,1.000,-90.00,180.00,0.00,OPEN,0
673024.739,0,0,0,1.000,1.000,1.000,-90.00,180.00,0.00,OPEN,0
673024.789,0,0,0,1.000,1.000,1.000,-90.00,180.00,0.00,OPEN,0
673024.839,0,0,0,1.000,1.000,1.000,-90.00,180.00,0.00,OPEN,0
673024.889,0,0,0,1.000,1.000,1.000,-90.00,180.00,0.00,OPEN,0
673024.939,0,0,0,1.000,1.000,1.000,-90.00,180.00,0.00,OPEN,0
673024.989,0,0,0,1.000,1.000,1.000,-90.00,180.00,0.00,OPEN,0
673025.039,0,0,0,1.000,1.000,1.000,-90.00,180.00,0.00,OPEN,0
673025.089,0,0,0,1.000,1.000,1.000,-90.00,180.00,0.00,OPEN,0
673025.139,0,0,0,1.000,1.000,1.000,-90.00,180.00,0.00,OPEN,0
673025.191,0,0,0,1.000,1.000,1.000,-90.00,180.00,0.00,OPEN,0
673025.239,0,0,0,1.000,1.000,1.000,-90.00,180.00,0.00,OPEN,0
673025.289,0,0,0,1.000,1.000,1.000,-90.00,180.00,0.00,OPEN,0
673025.339,0,0,0,1.000,1.000,1.000,-90.00,180.00,0.00,OPEN,0
673025.389,0,0,0,1.000,1.000,1.000,-90.00,180.00,0.00,OPEN,0
673025.439,0,0,0,1.000,1.000,1.000,-90.00,180.00,0.00,OPEN,0
673025.489,0,0,0,1.000,1.000,1.000,-90.00,180.00,0.00,OPEN,0
673025.539,0,0,0,1.000,1.000,1.000,-90.00,180.00,0.00,OPEN,0
673025.590,0,0,0,1.000,1.000,1.000,-90.00,180.00,0.00,OPEN,0
673025.639,0,0,0,1.000,1.000,1.000,-90.00,180.00,0.00,OPEN,0
673025.689,0,0,0,1.000,1.000,1.000,-90.00,180.00,0.00,OPEN,0
673025.738,0,0,0,1.000,1.000,1.000,-90.00,180.00,0.00,OPEN,0
673025.789,0,0,0,1.000,1.000,1.000,-90.00,180.00,0.00,OPEN,0
673025.842,0,0,0,1.000,1.000,1.000,-90.00,180.00,0.00,OPEN,0
673025.889,0,0,0,1.000,1.000,1.000,-90.00,180.00,0.00,OPEN,0
673025.939,0,0,0,1.000,1.000,1.000,-90.00,180.00,0.00,OPEN,0
673025.989,0,0,0,1.000,1.000,1.000,-90.00,180.00,0.00,OPEN,0
673026.039,0,0,0,1.000,1.000,1.000,-90.00,180.00,0.00,OPEN,0
673026.088,0,0,0,1.000,1.000,1.000,-90.00,180.00,0.00,OPEN,0
673026.140,0,0,0,1.000,1.000,1.000,-90.00,180.00,0.00,OPEN,0
673026.189,0,0,0,1.000,1.000,1.000,-90.00,180.00,0.00,OPEN,0
673026.240,0,0,0,1.000,1.000,1.000,-90.00,180.00,0.00,OPEN,0
673026.289,0,0,0,1.000,1.000,1.000,-90.00,180.00,0.00,OPEN,0
673026.339,0,0,0,1.000,1.000,1.000,-90.00,180.00,0.00,OPEN,0
673026.389,0,0,0,1.000,1.000,1.000,-90.00,180.00,0.00,OPEN,0
673026.439,0,0,0,1.000,1.000,1.000,-90.00,180.00,0.00,OPEN,0
673026.490,0,0,0,1.000,1.000,1.000,-90.00,180.00,0.00,OPEN,0
673026.539,0,0,0,1.000,1.000,1.000,-90.00,180.00,0.00,OPEN,0
673026.589,0,0,0,1.000,1.000,1.000,-90.00,180.00,0.00,OPEN,0
673026.639,0,0,0,1.000,1.000,1.000,-90.00,180.00,0.00,OPEN,0
673026.688,0,0,0,0.999,1.000,1.000,-90.00,180.00,0.00,OPEN,0
673026.740,0,0,0,0.990,1.000,1.000,-90.00,180.00,0.00,OPEN,0
673026.789,0,0,0,0.933,1.000,1.000,-90.00,180.00,0.00,OPEN,0
673026.839,0,0,0,0.848,1.000,1.000,-90.00,180.00,0.00,OPEN,0
673026.889,0,0,0,0.869,1.000,1.000,-90.00,180.00,0.00,OPEN,0
673026.939,0,0,0,0.831,0.999,1.000,-90.00,180.00,0.00,OPEN,0
673026.989,0,0,0,0.642,0.741,1.000,-90.00,180.00,0.00,OPEN,0
673027.039,0,0,0,0.771,0.988,1.000,-90.00,180.00,0.00,OPEN,0
673027.089,0,0,0,0.775,1.000,1.000,-90.00,180.00,0.00,OPEN,0
673027.140,0,0,0,0.624,1.000,1.000,-90.00,180.00,0.00,OPEN,0
673027.189,0,0,0,0.626,1.000,1.000,-90.00,180.00,0.00,OPEN,0
673027.239,0,0,0,0.819,1.000,1.000,-90.00,180.00,0.00,OPEN,0
673027.289,0,0,0,0.910,1.000,1.000,-90.00,180.00,0.00,OPEN,0
673027.339,0,0,0,0.978,1.000,1.000,-90.00,180.00,0.00,OPEN,0
673027.400,0,0,0,0.995,1.000,1.000,-90.00,180.00,0.00,OPEN,0
673027.440,0,0,0,1.000,1.000,1.000,-90.00,180.00,0.00,OPEN,0
673027.489,0,0,0,1.000,1.000,0.998,-90.00,180.00,0.00,OPEN,0
673027.538,0,0,0,1.000,1.000,0.994,-90.00,180.00,0.00,OPEN,0
673027.589,3,0,0,1.000,1.000,0.982,-90.00,180.00,0.00,OPEN,0
673027.639,3,0,0,1.000,1.000,0.958,-90.00,180.00,0.00,OPEN,0
673027.689,3,0,0,1.000,1.000,0.934,-90.00,180.00,0.00,OPEN,0
673027.739,3,0,0,1.000,1.000,0.709,-90.00,180.00,0.00,OPEN,0
673027.789,3,0,0,1.000,1.000,0.893,-90.00,180.00,0.00,OPEN,0
673027.839,3,0,0,1.000,1.000,0.994,-90.00,180.00,0.00,OPEN,0
673027.889,3,0,0,1.000,1.000,1.000,-90.00,180.00,0.00,OPEN,0
673027.939,3,1,0,1.000,1.000,1.000,-90.00,180.00,0.00,OPEN,0
673027.989,3,1,0,1.000,1.000,1.000,-90.00,180.00,0.00,OPEN,0
673028.041,3,1,0,1.000,1.000,1.000,-90.00,180.00,0.00,OPEN,0
673028.089,3,1,0,1.000,1.000,1.000,-90.00,180.00,0.00,OPEN,0
673028.139,3,1,0,1.000,1.000,1.000,-90.00,180.00,0.00,OPEN,0
673028.189,3,1,0,1.000,1.000,1.000,-90.00,180.00,0.00,OPEN,0
673028.239,3,1,0,1.000,1.000,1.000,-90.00,180.00,0.00,OPEN,0
673028.289,3,1,0,1.000,1.000,1.000,-90.00,180.00,0.00,OPEN,0
673028.339,3,1,0,1.000,1.000,1.000,-90.00,180.00,0.00,OPEN,0
673028.389,3,1,0,1.000,1.000,1.000,-90.00,180.00,0.00,OPEN,0
673028.446,3,1,0,1.000,1.000,1.000,-90.00,180.00,0.00,OPEN,0
673028.489,3,1,0,1.000,1.000,1.000,-90.00,180.00,0.00,OPEN,0
673028.539,3,1,0,1.000,1.000,1.000,-90.00,180.00,0.00,OPEN,0
673028.589,3,1,0,1.000,1.000,1.000,-90.00,180.00,0.00,OPEN,0
673028.639,3,1,0,1.000,1.000,1.000,-90.00,180.00,0.00,OPEN,0
673028.689,3,1,1,1.000,1.000,1.000,-90.00,180.00,0.00,OPEN,0
673028.739,3,1,1,1.000,1.000,1.000,-90.00,180.00,0.00,OPEN,0
673028.788,3,1,1,1.000,1.000,1.000,-90.00,180.00,0.00,OPEN,0
673028.839,3,1,1,1.000,1.000,1.000,-90.00,180.00,0.00,OPEN,0
673028.889,3,1,1,1.000,1.000,1.000,-90.00,180.00,0.00,OPEN,0
673028.939,3,1,1,1.000,1.000,1.000,-90.00,180.00,0.00,OPEN,0
673028.989,3,1,1,1.000,1.000,1.000,-90.00,180.00,0.00,OPEN,0
673029.039,3,1,1,1.000,1.000,1.000,-90.00,180.00,0.00,OPEN,0
673029.089,3,1,1,1.000,1.000,1.000,-90.00,180.00,0.00,OPEN,0
673029.139,3,1,1,1.000,1.000,1.000,-90.00,180.00,0.00,OPEN,0
673029.189,3,1,1,1.000,1.000,1.000,-90.00,180.00,0.00,OPEN,0
673029.239,3,1,1,1.000,1.000,1.000,-90.00,180.00,0.00,OPEN,0
673029.289,3,1,1,1.000,1.000,1.000,-90.00,180.00,0.00,OPEN,0
673029.339,3,1,1,1.000,1.000,1.000,-90.00,180.00,0.00,OPEN,0
673029.389,3,1,1,1.000,1.000,1.000,-90.00,180.00,0.00,OPEN,0
673029.439,3,1,1,1.000,1.000,1.000,-90.00,180.00,0.00,OPEN,0
673029.489,3,1,1,1.000,1.000,1.000,-90.00,180.00,0.00,OPEN,0
673029.540,3,1,1,1.000,1.000,1.000,-90.00,180.00,0.00,OPEN,0
673029.590,3,1,1,1.000,1.000,1.000,-90.00,180.00,0.00,OPEN,0
673029.639,3,1,1,1.000,1.000,1.000,-90.00,180.00,0.00,OPEN,0
673029.689,3,1,1,1.000,1.000,1.000,-90.00,180.00,0.00,OPEN,0
673029.739,3,1,1,1.000,1.000,1.000,-90.00,180.00,0.00,OPEN,0
673029.789,3,1,1,1.000,1.000,1.000,-90.00,180.00,0.00,OPEN,0
673029.840,3,1,1,1.000,1.000,1.000,-90.00,180.00,0.00,OPEN,0
673029.890,3,1,1,1.000,1.000,1.000,-90.00,180.00,0.00,OPEN,0
673029.939,3,1,1,1.000,1.000,1.000,-90.00,180.00,0.00,OPEN,0
673029.990,3,1,1,1.000,1.000,1.000,-90.00,180.00,0.00,OPEN,0
673030.039,3,1,1,1.000,1.000,1.000,-90.00,180.00,0.00,OPEN,0
673030.089,3,1,1,1.000,1.000,1.000,-90.00,180.00,0.00,OPEN,0
673030.140,3,1,1,1.000,1.000,1.000,-90.00,180.00,0.00,OPEN,0
673030.189,3,1,1,1.000,1.000,1.000,-90.00,180.00,0.00,OPEN,0
673030.239,3,1,1,1.000,1.000,1.000,-90.00,180.00,0.00,OPEN,0
673030.289,3,1,1,1.000,1.000,1.000,-90.00,180.00,0.00,OPEN,0
673030.339,3,1,1,1.000,1.000,1.000,-90.00,180.00,0.00,OPEN,0
673030.389,3,1,1,1.000,1.000,1.000,-90.00,180.00,0.00,OPEN,0
673030.439,3,1,1,1.000,1.000,1.000,-90.00,180.00,0.00,OPEN,0
673030.489,3,1,1,1.000,1.000,1.000,-90.00,180.00,0.00,OPEN,0
673030.539,3,1,1,1.000,1.000,1.000,-90.00,180.00,0.00,OPEN,0
673030.589,3,1,1,1.000,1.000,1.000,-90.00,180.00,0.00,OPEN,0
673030.639,3,1,1,1.000,1.000,1.000,-90.00,180.00,0.00,OPEN,0
673030.689,3,1,1,1.000,1.000,1.000,-90.00,180.00,0.00,OPEN,0
673030.739,3,1,1,1.000,1.000,1.000,-90.00,180.00,0.00,OPEN,0
673030.789,3,1,1,1.000,1.000,1.000,-90.00,180.00,0.00,OPEN,0
673030.839,3,1,1,1.000,1.000,1.000,-90.00,180.00,0.00,OPEN,0
673030.889,3,1,1,1.000,1.000,1.000,-90.00,180.00,0.00,OPEN,0
673030.939,3,1,1,1.000,1.000,1.000,-90.00,180.00,0.00,OPEN,0
673030.989,3,1,1,1.000,1.000,1.000,-90.00,180.00,0.00,OPEN,0
673031.039,3,1,1,1.000,1.000,1.000,-90.00,180.00,0.00,OPEN,0
673031.089,3,1,1,1.000,1.000,1.000,-90.00,180.00,0.00,OPEN,0
673031.139,3,1,1,1.000,1.000,1.000,-90.00,180.00,0.00,OPEN,0
673031.189,3,1,1,1.000,1.000,1.000,-90.00,180.00,0.00,OPEN,0
673031.239,3,1,1,1.000,1.000,1.000,-90.00,180.00,0.00,OPEN,0
673031.289,3,1,1,1.000,1.000,1.000,-90.00,180.00,0.00,OPEN,0
673031.339,3,1,1,1.000,1.000,1.000,-90.00,180.00,0.00,OPEN,0
673031.389,3,1,1,1.000,1.000,1.000,-90.00,180.00,0.00,OPEN,0
673031.439,3,1,1,1.000,1.000,1.000,-90.00,180.00,0.00,OPEN,0
673031.489,3,1,1,1.000,1.000,1.000,-90.00,180.00,0.00,OPEN,0
673031.539,3,1,1,1.000,1.000,1.000,-90.00,180.00,0.00,OPEN,0
673031.589,3,1,1,1.000,1.000,1.000,-90.00,180.00,0.00,OPEN,0
673031.639,3,1,1,1.000,1.000,1.000,-90.00,180.00,0.00,OPEN,0
673031.689,3,1,1,1.000,1.000,1.000,-90.00,180.00,0.00,OPEN,0
673031.739,3,1,1,1.000,1.000,1.000,-90.00,180.00,0.00,OPEN,0
673031.789,3,1,1,1.000,1.000,1.000,-90.00,180.00,0.00,OPEN,0
673031.856,3,1,1,1.000,1.000,1.000,-90.00,180.00,0.00,OPEN,0
673031.891,3,1,1,1.000,1.000,1.000,-90.00,180.00,0.00,OPEN,0
673031.940,3,1,1,1.000,1.000,1.000,-90.00,180.00,0.00,OPEN,0
673031.989,3,1,1,1.000,1.000,1.000,-90.00,180.00,0.00,OPEN,0
673032.039,3,1,1,1.000,1.000,1.000,-90.00,180.00,0.00,OPEN,0
673032.089,3,1,1,1.000,1.000,1.000,-90.00,180.00,0.00,OPEN,0
673032.139,3,1,1,1.000,1.000,1.000,-90.00,180.00,0.00,OPEN,0
673032.189,3,1,1,1.000,1.000,1.000,-90.00,180.00,0.00,OPEN,0
673032.239,3,1,1,1.000,1.000,1.000,-90.00,180.00,0.00,OPEN,0
673032.289,3,1,1,1.000,1.000,1.000,-90.00,180.00,0.00,OPEN,0
673032.339,3,1,1,1.000,1.000,1.000,-90.00,180.00,0.00,OPEN,0
673032.390,3,1,1,1.000,1.000,1.000,-90.00,180.00,0.00,OPEN,0
673032.438,3,1,1,1.000,1.000,1.000,-90.00,180.00,0.00,OPEN,0
673032.489,3,1,1,1.000,1.000,1.000,-90.00,180.00,0.00,OPEN,0
673032.539,3,1,1,1.000,1.000,1.000,-90.00,180.00,0.00,OPEN,0
673032.590,3,1,1,1.000,1.000,1.000,-90.00,180.00,0.00,OPEN,0
673032.639,3,1,1,1.000,1.000,1.000,-90.00,180.00,0.00,OPEN,0
673032.689,3,1,1,1.000,1.000,1.000,-90.00,180.00,0.00,OPEN,0
673032.738,3,1,1,1.000,1.000,1.000,-90.00,180.00,0.00,OPEN,0
673032.789,3,1,1,1.000,1.000,1.000,-90.00,180.00,0.00,OPEN,0
673032.839,3,1,1,1.000,1.000,1.000,-90.00,180.00,0.00,OPEN,0
673032.890,3,1,1,0.999,1.000,1.000,-90.00,180.00,0.00,OPEN,0
673032.939,3,1,1,0.998,1.000,1.000,-90.00,180.00,0.00,OPEN,0
673032.989,3,1,1,0.986,1.000,1.000,-90.00,180.00,0.00,OPEN,0
673033.040,3,1,1,0.952,1.000,1.000,-90.00,180.00,0.00,OPEN,0
673033.089,3,1,1,0.694,1.000,1.000,-90.00,180.00,0.00,OPEN,0
673033.139,3,1,1,0.990,1.000,1.000,-90.00,180.00,0.00,OPEN,0
673033.189,3,1,1,0.986,1.000,1.000,-90.00,180.00,0.00,OPEN,0
673033.239,3,1,1,0.982,1.000,1.000,-90.00,180.00,0.00,OPEN,0
673033.289,3,1,1,0.995,1.000,1.000,-90.00,180.00,0.00,OPEN,0
673033.340,3,1,1,0.998,0.996,1.000,-90.00,180.00,0.00,OPEN,0
673033.389,3,1,1,0.999,0.576,1.000,-90.00,180.00,0.00,OPEN,0
673033.438,3,1,1,0.999,0.994,0.998,-90.00,180.00,0.00,OPEN,0
673033.489,0,1,1,1.000,1.000,0.990,-90.00,180.00,0.00,OPEN,0
673033.539,0,1,1,1.000,1.000,0.982,-90.00,180.00,0.00,OPEN,0
673033.589,0,1,1,1.000,1.000,0.984,-90.00,180.00,0.00,OPEN,0
673033.639,0,1,1,1.000,1.000,0.973,-90.00,180.00,0.00,OPEN,0
673033.690,0,1,1,0.999,1.000,0.967,-90.00,180.00,0.00,OPEN,0
673033.738,0,1,1,0.999,1.000,0.725,-90.00,180.00,0.00,OPEN,0
673033.789,0,1,1,0.615,1.000,1.000,-90.00,180.00,0.00,OPEN,0
673033.849,0,1,1,0.518,1.000,1.000,-90.00,180.00,0.00,OPEN,0
673033.893,0,1,1,0.981,1.000,1.000,-90.00,180.00,0.00,OPEN,0
673033.940,0,1,1,0.999,1.000,1.000,-90.00,180.00,0.00,OPEN,0
673033.989,0,1,1,1.000,1.000,1.000,-90.00,180.00,0.00,OPEN,0
673034.039,0,1,1,1.000,1.000,1.000,-90.00,180.00,0.00,OPEN,0
673034.089,0,1,1,1.000,1.000,1.000,-90.00,180.00,0.00,OPEN,0
673034.140,0,1,1,1.000,1.000,1.000,-90.00,180.00,0.00,OPEN,0
673034.189,0,1,1,1.000,1.000,1.000,-90.00,180.00,0.00,OPEN,0
673034.239,2,1,1,0.999,1.000,1.000,-90.00,180.00,0.00,OPEN,0
673034.289,2,0,1,0.998,1.000,1.000,-90.00,180.00,0.00,OPEN,0
673034.339,2,0,1,0.997,1.000,1.000,-90.00,180.00,0.00,OPEN,0
673034.390,2,0,1,0.997,1.000,1.000,-90.00,180.00,0.00,OPEN,0
673034.439,2,0,1,0.995,1.000,1.000,-90.00,180.00,0.00,OPEN,0
673034.489,2,0,1,1.000,1.000,1.000,-90.00,180.00,0.00,OPEN,0
673034.539,2,0,1,0.996,1.000,1.000,-90.00,180.00,0.00,OPEN,0
673034.590,2,0,1,1.000,1.000,1.000,-90.00,180.00,0.00,OPEN,0
673034.639,2,0,1,0.957,1.000,1.000,-90.00,180.00,0.00,OPEN,0
673034.689,2,0,0,0.951,1.000,1.000,-90.00,180.00,0.00,OPEN,0
673034.739,2,0,0,1.000,0.818,0.850,-90.00,180.00,0.00,OPEN,0
673034.788,2,0,0,1.000,0.999,0.998,-90.00,180.00,0.00,OPEN,0
673034.839,2,0,0,1.000,1.000,0.999,-90.00,180.00,0.00,OPEN,0
673034.889,2,0,0,1.000,0.999,1.000,-90.00,180.00,0.00,OPEN,0
673034.939,2,0,0,1.000,0.997,1.000,-90.00,180.00,0.00,OPEN,0
673034.988,2,0,0,1.000,0.981,1.000,-90.00,180.00,0.00,OPEN,0
673035.039,2,0,0,1.000,0.900,1.000,-90.00,180.00,0.00,OPEN,0
673035.089,0,0,0,1.000,0.804,1.000,-90.00,180.00,0.00,OPEN,0
673035.140,0,0,0,1.000,0.768,1.000,-90.00,180.00,0.00,OPEN,0
673035.189,0,0,0,1.000,0.522,1.000,-90.00,180.00,0.00,OPEN,0
673035.239,0,0,0,1.000,0.724,0.998,-90.00,180.00,0.00,OPEN,0
673035.289,0,0,0,1.000,0.775,0.988,-90.00,180.00,0.00,OPEN,0
673035.338,0,0,0,1.000,0.887,0.919,-90.00,180.00,0.00,OPEN,0
673035.389,0,0,0,1.000,0.880,0.625,-90.00,180.00,0.00,OPEN,0
673035.439,0,0,0,1.000,0.988,0.969,-90.00,180.00,0.00,OPEN,0
673035.489,0,0,0,1.000,0.999,0.996,-90.00,180.00,0.00,OPEN,0
673035.539,0,0,0,1.000,1.000,0.999,-90.00,180.00,0.00,OPEN,0
673035.590,0,0,0,1.000,1.000,1.000,-90.00,180.00,0.00,OPEN,0
673035.639,0,0,0,1.000,1.000,1.000,-90.00,180.00,0.00,OPEN,0
673035.689,0,0,1,1.000,1.000,1.000,-90.00,180.00,0.00,OPEN,0
673035.739,0,0,1,1.000,1.000,1.000,-90.00,180.00,0.00,OPEN,0
673035.789,0,0,1,1.000,1.000,1.000,-90.00,180.00,0.00,OPEN,0
673035.839,0,0,1,1.000,1.000,1.000,-90.00,180.00,0.00,OPEN,0
673035.889,0,0,1,1.000,1.000,1.000,-90.00,180.00,0.00,OPEN,0
673035.939,0,0,1,1.000,1.000,0.998,-90.00,180.00,0.00,OPEN,0
673035.989,0,0,1,1.000,1.000,0.995,-90.00,180.00,0.00,OPEN,0
673036.040,0,0,1,1.000,1.000,0.991,-90.00,180.00,0.00,OPEN,0
673036.088,0,0,1,1.000,1.000,0.995,-90.00,180.00,0.00,OPEN,0
673036.139,0,0,1,1.000,1.000,0.999,-90.00,180.00,0.00,OPEN,0
673036.189,0,0,1,1.000,1.000,1.000,-90.00,180.00,0.00,OPEN,0
673036.239,0,0,1,1.000,1.000,1.000,-90.00,180.00,0.00,OPEN,0
673036.289,0,0,1,1.000,1.000,1.000,-90.00,180.00,0.00,OPEN,0
673036.340,0,0,0,1.000,1.000,1.000,-90.00,180.00,0.00,OPEN,0
673036.389,0,0,0,1.000,1.000,1.000,-90.00,180.00,0.00,OPEN,0
673036.439,0,0,0,1.000,1.000,1.000,-90.00,180.00,0.00,OPEN,0
673036.489,0,0,0,1.000,1.000,1.000,-90.00,180.00,0.00,OPEN,0
673036.539,0,0,0,1.000,1.000,1.000,-90.00,180.00,0.00,OPEN,0
673036.594,0,0,0,1.000,1.000,1.000,-90.00,180.00,0.00,OPEN,0
673036.639,0,0,0,1.000,1.000,1.000,-90.00,180.00,0.00,OPEN,0
673036.689,0,0,0,1.000,1.000,1.000,-90.00,180.00,0.00,OPEN,0
673036.739,0,0,0,1.000,1.000,1.000,-90.00,180.00,0.00,OPEN,0
673036.789,0,0,0,1.000,1.000,1.000,-90.00,180.00,0.00,OPEN,0
673036.839,0,0,0,1.000,1.000,1.000,-90.00,180.00,0.00,OPEN,0
673036.889,0,0,0,1.000,1.000,1.000,-90.00,180.00,0.00,OPEN,0
673036.939,0,0,0,1.000,1.000,1.000,-90.00,180.00,0.00,OPEN,0
673036.989,0,0,0,1.000,1.000,1.000,-90.00,180.00,0.00,OPEN,0
673037.039,0,0,0,1.000,1.000,1.000,-90.00,180.00,0.00,OPEN,0
673037.089,0,0,0,1.000,1.000,1.000,-90.00,180.00,0.00,OPEN,0
673037.139,0,0,0,1.000,1.000,1.000,-90.00,180.00,0.00,OPEN,0
673037.189,0,0,0,1.000,1.000,1.000,-90.00,180.00,0.00,OPEN,0
673037.239,0,0,0,1.000,1.000,1.000,-90.00,180.00,0.00,OPEN,0
673037.289,0,0,0,1.000,1.000,1.000,-90.00,180.00,0.00,OPEN,0
673037.339,0,0,0,1.000,1.000,1.000,-90.00,180.00,0.00,OPEN,0
673037.389,0,0,0,1.000,1.000,1.000,-90.00,180.00,0.00,OPEN,0
673037.439,0,0,0,1.000,1.000,1.000,-90.00,180.00,0.00,OPEN,0
673037.489,0,0,0,1.000,1.000,1.000,-90.00,180.00,0.00,OPEN,0
673037.543,0,0,0,1.000,1.000,1.000,-90.00,180.00,0.00,OPEN,0
673037.589,0,0,0,1.000,1.000,1.000,-90.00,180.00,0.00,OPEN,0
673037.639,0,0,0,1.000,1.000,1.000,-90.00,180.00,0.00,OPEN,0
673037.689,0,0,0,1.000,1.000,1.000,-90.00,180.00,0.00,OPEN,0
673037.739,0,0,0,1.000,1.000,1.000,-90.00,180.00,0.00,OPEN,0
673037.789,0,0,0,1.000,1.000,1.000,-90.00,180.00,0.00,OPEN,0
673037.839,0,0,0,1.000,1.000,1.000,-90.00,180.00,0.00,OPEN,0
673037.888,0,0,0,1.000,1.000,1.000,-90.00,180.00,0.00,OPEN,0
673037.939,0,0,0,1.000,1.000,1.000,-90.00,180.00,0.00,OPEN,0
673037.989,0,0,0,1.000,1.000,1.000,-90.00,180.00,0.00,OPEN,0
673038.039,0,0,0,1.000,1.000,1.000,-90.00,180.00,0.00,OPEN,0
673038.089,0,0,0,1.000,1.000,1.000,-90.00,180.00,0.00,OPEN,0
673038.140,0,0,0,1.000,1.000,1.000,-90.00,180.00,0.00,OPEN,0
673038.189,0,0,0,1.000,1.000,1.000,-90.00,180.00,0.00,OPEN,0
673038.240,0,0,0,1.000,1.000,1.000,-90.00,180.00,0.00,OPEN,0
673038.289,0,0,0,1.000,1.000,1.000,-90.00,180.00,0.00,OPEN,0
673038.339,0,0,0,1.000,1.000,1.000,-90.00,180.00,0.00,OPEN,0
673038.389,0,0,0,1.000,1.000,1.000,-90.00,180.00,0.00,OPEN,0
673038.442,0,0,0,1.000,1.000,1.000,-90.00,180.00,0.00,OPEN,0
673038.490,0,0,0,1.000,1.000,1.000,-90.00,180.00,0.00,OPEN,0
673038.539,0,0,0,1.000,1.000,1.000,-90.00,180.00,0.00,OPEN,0
673038.589,0,0,0,1.000,1.000,1.000,-90.00,180.00,0.00,OPEN,0
673038.638,0,0,0,1.000,1.000,1.000,-90.00,180.00,0.00,OPEN,0
673038.689,0,0,0,1.000,1.000,1.000,-90.00,180.00,0.00,OPEN,0
673038.738,0,0,0,1.000,1.000,1.000,-90.00,180.00,0.00,OPEN,0
673038.789,0,0,0,1.000,1.000,1.000,-90.00,180.00,0.00,OPEN,0
673038.839,0,0,0,1.000,1.000,1.000,-90.00,180.00,0.00,OPEN,0
673038.889,0,0,0,1.000,1.000,1.000,-90.00,180.00,0.00,OPEN,0
673038.939,0,0,0,1.000,1.000,1.000,-90.00,180.00,0.00,OPEN,0
673038.989,0,0,0,1.000,1.000,1.000,-90.00,180.00,0.00,OPEN,0
673039.040,0,0,0,1.000,1.000,1.000,-90.00,180.00,0.00,OPEN,0
673039.089,0,0,0,1.000,1.000,1.000,-90.00,180.00,0.00,OPEN,0
673039.139,0,0,0,1.000,1.000,1.000,-90.00,180.00,0.00,OPEN,0
673039.189,0,0,0,1.000,1.000,1.000,-90.00,180.00,0.00,OPEN,0
673039.239,0,0,0,1.000,1.000,1.000,-90.00,180.00,0.00,OPEN,0
673039.290,0,0,0,1.000,1.000,1.000,-90.00,180.00,0.00,OPEN,0
673039.339,0,0,0,1.000,1.000,1.000,-90.00,180.00,0.00,OPEN,0
673039.389,0,0,0,1.000,1.000,1.000,-90.00,180.00,0.00,OPEN,0
673039.438,0,0,0,1.000,1.000,1.000,-90.00,180.00,0.00,OPEN,0
673039.489,0,0,0,1.000,1.000,1.000,-90.00,180.00,0.00,OPEN,0
673039.539,0,0,0,1.000,1.000,1.000,-90.00,180.00,0.00,OPEN,0
673039.589,0,0,0,1.000,1.000,1.000,-90.00,180.00,0.00,OPEN,0
673039.639,0,0,0,1.000,1.000,1.000,-90.00,180.00,0.00,OPEN,0
673039.689,0,0,0,1.000,1.000,1.000,-90.00,180.00,0.00,OPEN,0
673039.739,0,0,0,1.000,1.000,1.000,-90.00,180.00,0.00,OPEN,0
673039.789,0,0,0,1.000,1.000,1.000,-90.00,180.00,0.00,OPEN,0
673039.839,0,0,0,1.000,1.000,1.000,-90.00,180.00,0.00,OPEN,0
673039.889,0,0,0,1.000,1.000,1.000,-90.00,180.00,0.00,OPEN,0
673039.939,0,0,0,1.000,1.000,1.000,-90.00,180.00,0.00,OPEN,0
673039.990,0,0,0,1.000,1.000,1.000,-90.00,180.00,0.00,OPEN,0
673040.040,0,0,0,1.000,1.000,1.000,-90.00,180.00,0.00,OPEN,0
673040.089,0,0,0,1.000,1.000,1.000,-90.00,180.00,0.00,OPEN,0
673040.138,0,0,0,1.000,1.000,1.000,-90.00,180.00,0.00,OPEN,0
673040.189,0,0,0,1.000,1.000,1.000,-90.00,180.00,0.00,OPEN,0
673040.239,0,0,0,1.000,1.000,1.000,-90.00,180.00,0.00,OPEN,0
673040.305,0,0,0,1.000,1.000,1.000,-90.00,180.00,0.00,OPEN,0
673040.341,0,0,0,1.000,1.000,1.000,-90.00,180.00,0.00,OPEN,0
673040.389,0,0,0,0.997,1.000,1.000,-90.00,180.00,0.00,OPEN,0
673040.439,0,0,0,0.951,1.000,1.000,-90.00,180.00,0.00,OPEN,0
673040.489,0,0,0,0.970,1.000,1.000,-90.00,180.00,0.00,OPEN,0
673040.539,0,0,0,0.594,1.000,1.000,-90.00,180.00,0.00,OPEN,0
673040.589,0,0,0,0.787,1.000,1.000,-90.00,180.00,0.00,OPEN,0
673040.639,0,0,0,0.926,1.000,1.000,-90.00,180.00,0.00,OPEN,0
673040.689,0,0,0,0.991,1.000,1.000,-90.00,180.00,0.00,OPEN,0
673040.739,0,0,0,0.993,1.000,1.000,-90.00,180.00,0.00,OPEN,0
673040.789,0,0,0,0.998,1.000,1.000,-90.00,180.00,0.00,OPEN,0
673040.841,0,0,0,0.997,1.000,1.000,-90.00,180.00,0.00,OPEN,0
673040.889,0,0,0,0.998,1.000,1.000,-90.00,180.00,0.00,OPEN,0
673040.939,1,0,0,0.994,1.000,1.000,-90.00,180.00,0.00,OPEN,0
673040.990,1,0,0,0.997,1.000,1.000,-90.00,180.00,0.00,OPEN,0
673041.039,1,0,0,1.000,1.000,1.000,-90.00,180.00,0.00,OPEN,0
673041.089,1,0,0,1.000,1.000,1.000,-90.00,180.00,0.00,OPEN,0
673041.139,1,0,0,1.000,1.000,1.000,-90.00,180.00,0.00,OPEN,0
673041.189,1,0,0,1.000,1.000,1.000,-90.00,180.00,0.00,OPEN,0
673041.239,1,0,0,1.000,1.000,1.000,-90.00,180.00,0.00,OPEN,0
673041.289,1,0,0,1.000,1.000,1.000,-90.00,180.00,0.00,OPEN,0
673041.339,1,0,0,1.000,1.000,1.000,-90.00,180.00,0.00,OPEN,0
673041.389,1,0,0,1.000,1.000,1.000,-90.00,180.00,0.00,OPEN,0
673041.439,1,0,0,1.000,1.000,1.000,-90.00,180.00,0.00,OPEN,0
673041.491,1,0,0,1.000,1.000,1.000,-90.00,180.00,0.00,OPEN,0
673041.539,1,0,0,1.000,1.000,1.000,-90.00,180.00,0.00,OPEN,0
673041.589,1,0,0,1.000,1.000,1.000,-90.00,180.00,0.00,OPEN,0
673041.639,1,0,0,1.000,1.000,1.000,-90.00,180.00,0.00,OPEN,0
673041.689,1,0,0,1.000,1.000,1.000,-90.00,180.00,0.00,OPEN,0
673041.762,1,0,0,1.000,1.000,1.000,-90.00,180.00,0.00,OPEN,0
673041.794,1,0,0,1.000,1.000,1.000,-90.00,180.00,0.00,OPEN,0
673041.839,1,0,0,1.000,1.000,1.000,-90.00,180.00,0.00,OPEN,0
673041.888,1,0,0,1.000,1.000,1.000,-90.00,180.00,0.00,OPEN,0
673041.939,1,0,0,1.000,1.000,1.000,-90.00,180.00,0.00,OPEN,0
673041.989,1,0,0,1.000,1.000,1.000,-90.00,180.00,0.00,OPEN,0
673042.039,1,0,0,1.000,1.000,1.000,-90.00,180.00,0.00,OPEN,0
673042.089,1,0,0,1.000,1.000,1.000,-90.00,180.00,0.00,OPEN,0
673042.140,1,0,0,1.000,1.000,1.000,-90.00,180.00,0.00,OPEN,0
673042.189,1,0,0,1.000,1.000,1.000,-90.00,180.00,0.00,OPEN,0
673042.240,1,0,0,1.000,1.000,1.000,-90.00,180.00,0.00,OPEN,0
673042.289,1,0,0,1.000,1.000,1.000,-90.00,180.00,0.00,OPEN,0
673042.339,1,0,0,1.000,1.000,1.000,-90.00,180.00,0.00,OPEN,0
673042.389,1,0,0,1.000,1.000,1.000,-90.00,180.00,0.00,OPEN,0
673042.439,1,0,0,1.000,1.000,1.000,-90.00,180.00,0.00,OPEN,0
673042.489,1,0,0,1.000,1.000,1.000,-90.00,180.00,0.00,OPEN,0
673042.539,1,0,0,1.000,1.000,1.000,-90.00,180.00,0.00,OPEN,0
673042.589,1,0,0,1.000,1.000,1.000,-90.00,180.00,0.00,OPEN,0
673042.639,1,0,0,1.000,1.000,1.000,-90.00,180.00,0.00,OPEN,0
673042.689,1,0,0,1.000,1.000,1.000,-90.00,180.00,0.00,OPEN,0
673042.739,1,0,0,1.000,1.000,1.000,-90.00,180.00,0.00,OPEN,0
673042.789,1,0,0,1.000,1.000,1.000,-90.00,180.00,0.00,OPEN,0
673042.839,1,0,0,1.000,1.000,1.000,-90.00,180.00,0.00,OPEN,0
673042.889,1,0,0,1.000,1.000,1.000,-90.00,180.00,0.00,OPEN,0
673042.939,1,0,0,1.000,1.000,1.000,-90.00,180.00,0.00,OPEN,0
673042.989,1,0,0,1.000,1.000,1.000,-90.00,180.00,0.00,OPEN,0
673043.039,1,0,0,1.000,1.000,1.000,-90.00,180.00,0.00,OPEN,0
673043.089,1,0,0,1.000,1.000,1.000,-90.00,180.00,0.00,OPEN,0
673043.139,1,0,0,1.000,1.000,1.000,-90.00,180.00,0.00,OPEN,0
673043.189,1,0,0,1.000,1.000,1.000,-90.00,180.00,0.00,OPEN,0
673043.239,1,0,0,1.000,1.000,1.000,-90.00,180.00,0.00,OPEN,0
673043.289,1,0,0,1.000,1.000,1.000,-90.00,180.00,0.00,OPEN,0
673043.339,1,0,0,1.000,1.000,1.000,-90.00,180.00,0.00,OPEN,0
673043.389,1,0,0,1.000,1.000,1.000,-90.00,180.00,0.00,OPEN,0
673043.439,1,0,0,1.000,1.000,1.000,-90.00,180.00,0.00,OPEN,0
673043.489,1,0,0,1.000,1.000,1.000,-90.00,180.00,0.00,OPEN,0
673043.539,1,0,0,1.000,1.000,1.000,-90.00,180.00,0.00,OPEN,0
673043.589,1,0,0,1.000,1.000,1.000,-90.00,180.00,0.00,OPEN,0
673043.639,1,0,0,1.000,1.000,1.000,-90.00,180.00,0.00,OPEN,0
673043.689,1,0,0,1.000,1.000,1.000,-90.00,180.00,0.00,OPEN,0
673043.739,1,0,0,1.000,1.000,1.000,-90.00,180.00,0.00,OPEN,0
673043.789,1,0,0,1.000,1.000,1.000,-90.00,180.00,0.00,OPEN,0
673043.839,1,0,0,1.000,1.000,1.000,-90.00,180.00,0.00,OPEN,0
673043.889,1,0,0,1.000,1.000,1.000,-90.00,180.00,0.00,OPEN,0
673043.939,1,0,0,1.000,1.000,1.000,-90.00,180.00,0.00,OPEN,0
673043.989,1,0,0,1.000,1.000,1.000,-90.00,180.00,0.00,OPEN,0
673044.039,1,0,0,1.000,1.000,1.000,-90.00,180.00,0.00,OPEN,0
673044.089,1,0,0,1.000,1.000,1.000,-90.00,180.00,0.00,OPEN,0
673044.139,1,0,0,1.000,1.000,1.000,-90.00,180.00,0.00,OPEN,0
673044.190,1,0,0,1.000,1.000,1.000,-90.00,180.00,0.00,OPEN,0
673044.240,1,0,0,1.000,1.000,1.000,-90.00,180.00,0.00,OPEN,0
673044.288,1,0,0,1.000,1.000,1.000,-90.00,180.00,0.00,OPEN,0
673044.339,1,0,0,1.000,1.000,1.000,-90.00,180.00,0.00,OPEN,0
673044.389,1,0,0,1.000,1.000,1.000,-90.00,180.00,0.00,OPEN,0
673044.439,1,0,0,1.000,1.000,1.000,-90.00,180.00,0.00,OPEN,0
673044.489,1,0,0,1.000,1.000,1.000,-90.00,180.00,0.00,OPEN,0
673044.539,1,0,0,1.000,1.000,1.000,-90.00,180.00,0.00,OPEN,0
673044.589,1,0,0,1.000,1.000,1.000,-90.00,180.00,0.00,OPEN,0
673044.639,1,0,0,1.000,1.000,1.000,-90.00,180.00,0.00,OPEN,0
673044.689,1,0,0,1.000,1.000,1.000,-90.00,180.00,0.00,OPEN,0
673044.739,1,0,0,1.000,1.000,1.000,-90.00,180.00,0.00,OPEN,0
673044.789,1,0,0,1.000,1.000,1.000,-90.00,180.00,0.00,OPEN,0
673044.839,1,0,0,1.000,1.000,1.000,-90.00,180.00,0.00,OPEN,0
673044.889,1,0,0,1.000,1.000,1.000,-90.00,180.00,0.00,OPEN,0
673044.939,1,0,0,1.000,1.000,1.000,-90.00,180.00,0.00,OPEN,0
673044.989,1,0,0,1.000,1.000,1.000,-90.00,180.00,0.00,OPEN,0
673045.039,1,0,0,1.000,1.000,1.000,-90.00,180.00,0.00,OPEN,0
673045.089,1,0,0,1.000,1.000,1.000,-90.00,180.00,0.00,OPEN,0
673045.139,1,0,0,1.000,1.000,1.000,-90.00,180.00,0.00,OPEN,0
673045.189,1,0,0,1.000,1.000,1.000,-90.00,180.00,0.00,OPEN,0
673045.239,1,0,0,1.000,1.000,1.000,-90.00,180.00,0.00,OPEN,0
673045.290,1,0,0,1.000,1.000,1.000,-90.00,180.00,0.00,OPEN,0
673045.339,1,0,0,1.000,1.000,1.000,-90.00,180.00,0.00,OPEN,0
673045.389,1,0,0,1.000,1.000,1.000,-90.00,180.00,0.00,OPEN,0
673045.438,1,0,0,1.000,1.000,1.000,-90.00,180.00,0.00,OPEN,0
673045.504,1,0,0,1.000,1.000,1.000,-90.00,180.00,0.00,OPEN,0
673045.540,1,0,0,1.000,1.000,1.000,-90.00,180.00,0.00,OPEN,0
673045.589,1,0,0,1.000,1.000,1.000,-90.00,180.00,0.00,OPEN,0
673045.639,1,0,0,1.000,1.000,1.000,-90.00,180.00,0.00,OPEN,0
673045.690,1,0,0,1.000,1.000,1.000,-90.00,180.00,0.00,OPEN,0
673045.739,1,0,0,1.000,1.000,1.000,-90.00,180.00,0.00,OPEN,0
673045.789,1,0,0,1.000,1.000,1.000,-90.00,180.00,0.00,OPEN,0
673045.839,1,0,0,1.000,1.000,1.000,-90.00,180.00,0.00,OPEN,0
673045.889,1,0,0,1.000,1.000,1.000,-90.00,180.00,0.00,OPEN,0
673045.939,1,0,0,1.000,1.000,1.000,-90.00,180.00,0.00,OPEN,0
673045.989,1,0,0,1.000,1.000,1.000,-90.00,180.00,0.00,OPEN,0
673046.039,1,0,0,1.000,1.000,1.000,-90.00,180.00,0.00,OPEN,0
673046.089,1,0,0,1.000,1.000,1.000,-90.00,180.00,0.00,OPEN,0
673046.139,1,0,0,1.000,1.000,1.000,-90.00,180.00,0.00,OPEN,0
673046.189,1,0,0,1.000,1.000,1.000,-90.00,180.00,0.00,OPEN,0
673046.240,1,0,0,1.000,1.000,1.000,-90.00,180.00,0.00,OPEN,0
673046.290,1,0,0,1.000,1.000,1.000,-90.00,180.00,0.00,OPEN,0
673046.339,1,0,0,1.000,1.000,1.000,-90.00,180.00,0.00,OPEN,0
673046.388,1,0,0,1.000,1.000,1.000,-90.00,180.00,0.00,OPEN,0
673046.439,1,0,0,0.676,1.000,1.000,-90.00,180.00,0.00,OPEN,0
673046.489,1,0,0,0.982,1.000,1.000,-90.00,180.00,0.00,OPEN,0
673046.539,1,0,0,0.979,1.000,1.000,-90.00,180.00,0.00,OPEN,0
673046.589,1,0,0,0.992,1.000,1.000,-90.00,180.00,0.00,OPEN,0
673046.639,1,0,0,0.996,1.000,1.000,-90.00,180.00,0.00,OPEN,0
673046.689,1,0,0,0.997,1.000,1.000,-90.00,180.00,0.00,OPEN,0
673046.739,1,0,0,0.998,1.000,1.000,-90.00,180.00,0.00,OPEN,0
673046.789,1,0,0,0.998,1.000,1.000,-90.00,180.00,0.00,OPEN,0
673046.838,0,0,0,0.997,1.000,1.000,-90.00,180.00,0.00,OPEN,0
673046.889,0,0,0,0.999,1.000,1.000,-90.00,180.00,0.00,OPEN,0
673046.948,0,0,0,1.000,1.000,1.000,-90.00,180.00,0.00,OPEN,0
673046.991,0,0,0,0.995,1.000,1.000,-90.00,180.00,0.00,OPEN,0
673047.039,0,0,0,1.000,1.000,1.000,-90.00,180.00,0.00,OPEN,0
673047.089,0,0,0,1.000,1.000,1.000,-90.00,180.00,0.00,OPEN,0
673047.139,0,0,0,0.999,1.000,1.000,-90.00,180.00,0.00,OPEN,0
673047.189,0,0,0,0.999,1.000,1.000,-90.00,180.00,0.00,OPEN,0
673047.239,0,0,0,1.000,1.000,1.000,-90.00,180.00,0.00,OPEN,0
673047.289,0,0,0,1.000,1.000,1.000,-90.00,180.00,0.00,OPEN,0
673047.339,0,0,0,1.000,1.000,1.000,-90.00,180.00,0.00,OPEN,0
673047.389,0,0,0,1.000,1.000,1.000,-90.00,180.00,0.00,OPEN,0
673047.439,0,0,0,1.000,1.000,1.000,-90.00,180.00,0.00,OPEN,0
673047.490,0,0,0,1.000,1.000,1.000,-90.00,180.00,0.00,OPEN,0
673047.540,0,0,0,1.000,1.000,1.000,-90.00,180.00,0.00,OPEN,0
673047.588,0,0,0,1.000,1.000,1.000,-90.00,180.00,0.00,OPEN,0
673047.639,0,0,0,1.000,1.000,1.000,-90.00,180.00,0.00,OPEN,0
673047.689,0,0,0,1.000,1.000,1.000,-90.00,180.00,0.00,OPEN,0
673047.738,0,0,0,1.000,1.000,1.000,-90.00,180.00,0.00,OPEN,0
673047.789,0,0,0,1.000,1.000,1.000,-90.00,180.00,0.00,OPEN,0
673047.839,0,0,0,1.000,1.000,1.000,-90.00,180.00,0.00,OPEN,0
673047.888,0,0,0,1.000,1.000,1.000,-90.00,180.00,0.00,OPEN,0
673047.939,0,0,0,1.000,1.000,1.000,-90.00,180.00,0.00,OPEN,0
673047.989,0,0,0,1.000,1.000,1.000,-90.00,180.00,0.00,OPEN,0
673048.039,0,0,0,1.000,1.000,1.000,-90.00,180.00,0.00,OPEN,0
673048.090,0,0,0,1.000,1.000,1.000,-90.00,180.00,0.00,OPEN,0
673048.139,0,0,0,1.000,1.000,1.000,-90.00,180.00,0.00,OPEN,0
673048.189,0,0,0,1.000,1.000,1.000,-90.00,180.00,0.00,OPEN,0
673048.239,0,0,0,1.000,1.000,1.000,-90.00,180.00,0.00,OPEN,0
673048.289,0,0,0,1.000,1.000,1.000,-90.00,180.00,0.00,OPEN,0
673048.340,0,0,0,1.000,1.000,1.000,-90.00,180.00,0.00,OPEN,0
673048.389,0,0,0,1.000,1.000,1.000,-90.00,180.00,0.00,OPEN,0
673048.439,0,0,0,1.000,1.000,1.000,-90.00,180.00,0.00,OPEN,0
673048.489,0,0,0,1.000,1.000,1.000,-90.00,180.00,0.00,OPEN,0
673048.539,0,0,0,1.000,1.000,1.000,-90.00,180.00,0.00,OPEN,0
673048.589,0,0,0,1.000,1.000,1.000,-90.00,180.00,0.00,OPEN,0
673048.639,0,0,0,1.000,1.000,1.000,-90.00,180.00,0.00,OPEN,0
673048.689,0,0,0,1.000,1.000,1.000,-90.00,180.00,0.00,OPEN,0
673048.739,0,0,0,1.000,1.000,1.000,-90.00,180.00,0.00,OPEN,0
673048.789,0,0,0,1.000,1.000,1.000,-90.00,180.00,0.00,OPEN,0
673048.839,0,0,0,1.000,1.000,1.000,-90.00,180.00,0.00,OPEN,0
673048.890,0,0,0,1.000,1.000,1.000,-90.00,180.00,0.00,OPEN,0
673048.939,0,0,0,1.000,1.000,1.000,-90.00,180.00,0.00,OPEN,0
673048.989,0,0,0,1.000,1.000,1.000,-90.00,180.00,0.00,OPEN,0
673049.039,0,0,0,1.000,1.000,1.000,-90.00,180.00,0.00,OPEN,0
673049.089,0,0,0,1.000,1.000,1.000,-90.00,180.00,0.00,OPEN,0
673049.139,0,0,0,1.000,1.000,1.000,-90.00,180.00,0.00,OPEN,0
673049.189,0,0,0,1.000,1.000,1.000,-90.00,180.00,0.00,OPEN,0
673049.239,0,0,0,1.000,1.000,1.000,-90.00,180.00,0.00,OPEN,0
673049.289,0,0,0,1.000,1.000,1.000,-90.00,180.00,0.00,OPEN,0
673049.339,0,0,0,1.000,1.000,1.000,-90.00,180.00,0.00,OPEN,0
673049.389,0,0,0,1.000,1.000,1.000,-90.00,180.00,0.00,OPEN,0
673049.439,0,0,0,1.000,1.000,1.000,-90.00,180.00,0.00,OPEN,0
673049.489,0,0,0,1.000,1.000,1.000,-90.00,180.00,0.00,OPEN,0
673049.539,0,0,0,1.000,1.000,1.000,-90.00,180.00,0.00,OPEN,0
673049.589,0,0,0,1.000,1.000,1.000,-90.00,180.00,0.00,OPEN,0
673049.639,0,0,0,1.000,1.000,1.000,-90.00,180.00,0.00,OPEN,0
673049.689,0,0,0,1.000,1.000,1.000,-90.00,180.00,0.00,OPEN,0
673049.739,0,0,0,1.000,1.000,1.000,-90.00,180.00,0.00,OPEN,0
673049.789,0,0,0,1.000,1.000,1.000,-90.00,180.00,0.00,OPEN,0
673049.839,0,0,0,1.000,1.000,1.000,-90.00,180.00,0.00,OPEN,0
673049.889,0,0,0,1.000,1.000,1.000,-90.00,180.00,0.00,OPEN,0
673049.940,0,0,0,1.000,1.000,1.000,-90.00,180.00,0.00,OPEN,0
673049.989,0,0,0,1.000,1.000,1.000,-90.00,180.00,0.00,OPEN,0
673050.039,0,0,0,1.000,1.000,1.000,-90.00,180.00,0.00,OPEN,0
673050.092,0,0,0,1.000,1.000,1.000,-90.00,180.00,0.00,OPEN,0
673050.140,0,0,0,1.000,1.000,1.000,-90.00,180.00,0.00,OPEN,0
673050.189,0,0,0,1.000,1.000,1.000,-90.00,180.00,0.00,OPEN,0
673050.239,0,0,0,1.000,1.000,1.000,-90.00,180.00,0.00,OPEN,0
673050.289,0,0,0,1.000,1.000,1.000,-90.00,180.00,0.00,OPEN,0
673050.339,0,0,0,1.000,1.000,1.000,-90.00,180.00,0.00,OPEN,0
673050.389,0,0,0,1.000,1.000,1.000,-90.00,180.00,0.00,OPEN,0
673050.439,0,0,0,1.000,1.000,1.000,-90.00,180.00,0.00,OPEN,0
673050.490,0,0,0,1.000,1.000,1.000,-90.00,180.00,0.00,OPEN,0
673050.539,0,0,0,1.000,1.000,1.000,-90.00,180.00,0.00,OPEN,0
673050.589,0,0,0,1.000,1.000,1.000,-90.00,180.00,0.00,OPEN,0
673050.639,0,0,0,1.000,1.000,1.000,-90.00,180.00,0.00,OPEN,0
673050.710,0,0,0,1.000,1.000,1.000,-90.00,180.00,0.00,OPEN,0
673050.745,0,0,0,1.000,1.000,1.000,-90.00,180.00,0.00,OPEN,0
673050.789,0,0,0,1.000,1.000,1.000,-90.00,180.00,0.00,OPEN,0
673050.839,0,0,0,1.000,1.000,1.000,-90.00,180.00,0.00,OPEN,0
673050.889,0,0,0,1.000,1.000,1.000,-90.00,180.00,0.00,OPEN,0
673050.939,0,0,0,1.000,1.000,1.000,-90.00,180.00,0.00,OPEN,0
673050.989,0,0,0,1.000,1.000,1.000,-90.00,180.00,0.00,OPEN,0
673051.039,0,0,0,1.000,1.000,1.000,-90.00,180.00,0.00,OPEN,0
673051.089,0,0,0,1.000,1.000,1.000,-90.00,180.00,0.00,OPEN,0
673051.139,0,0,0,1.000,1.000,1.000,-90.00,180.00,0.00,OPEN,0
673051.189,0,0,0,1.000,1.000,1.000,-90.00,180.00,0.00,OPEN,0
673051.239,0,0,0,1.000,1.000,1.000,-90.00,180.00,0.00,OPEN,0
673051.290,0,0,0,1.000,1.000,1.000,-90.00,180.00,0.00,OPEN,0
673051.339,0,0,0,1.000,1.000,1.000,-90.00,180.00,0.00,OPEN,0
673051.389,0,0,0,1.000,1.000,1.000,-90.00,180.00,0.00,OPEN,0
673051.439,0,0,0,1.000,1.000,1.000,-90.00,180.00,0.00,OPEN,0
673051.489,0,0,0,1.000,1.000,1.000,-90.00,180.00,0.00,OPEN,0
673051.540,0,0,0,1.000,1.000,1.000,-90.00,180.00,0.00,OPEN,0
673051.589,0,0,0,1.000,1.000,1.000,-90.00,180.00,0.00,OPEN,0
673051.639,0,0,0,1.000,1.000,1.000,-90.00,180.00,0.00,OPEN,0
673051.688,0,0,0,1.000,1.000,1.000,-90.00,180.00,0.00,OPEN,0
673051.739,0,0,0,1.000,1.000,1.000,-90.00,180.00,0.00,OPEN,0
673051.790,0,0,0,1.000,1.000,1.000,-90.00,180.00,0.00,OPEN,0
673051.839,0,0,0,1.000,1.000,1.000,-90.00,180.00,0.00,OPEN,0
673051.888,0,0,0,1.000,1.000,1.000,-90.00,180.00,0.00,OPEN,0
673051.939,0,0,0,1.000,1.000,1.000,-90.00,180.00,0.00,OPEN,0
673051.989,0,0,0,1.000,1.000,1.000,-90.00,180.00,0.00,OPEN,0
673052.039,0,0,0,1.000,1.000,1.000,-90.00,180.00,0.00,OPEN,0
673052.089,0,0,0,1.000,1.000,1.000,-90.00,180.00,0.00,OPEN,0
673052.139,0,0,0,1.000,1.000,1.000,-90.00,180.00,0.00,OPEN,0
673052.190,0,0,0,1.000,1.000,1.000,-90.00,180.00,0.00,OPEN,0
673052.239,0,0,0,1.000,1.000,1.000,-90.00,180.00,0.00,OPEN,0
673052.289,0,0,0,1.000,1.000,1.000,-90.00,180.00,0.00,OPEN,0
673052.339,0,0,0,1.000,1.000,1.000,-90.00,180.00,0.00,OPEN,0
673052.402,0,0,0,1.000,1.000,1.000,-90.00,180.00,0.00,OPEN,0
673052.441,0,0,0,1.000,1.000,1.000,-90.00,180.00,0.00,OPEN,0
673052.489,0,0,0,1.000,1.000,1.000,-90.00,180.00,0.00,OPEN,0
673052.539,0,0,0,1.000,1.000,1.000,-90.00,180.00,0.00,OPEN,0
673052.589,0,0,0,1.000,1.000,1.000,-90.00,180.00,0.00,OPEN,0
673052.639,0,0,0,1.000,1.000,1.000,-90.00,180.00,0.00,OPEN,0
673052.689,0,0,0,1.000,1.000,1.000,-90.00,180.00,0.00,OPEN,0
673052.740,0,0,0,1.000,1.000,1.000,-90.00,180.00,0.00,OPEN,0
673052.789,0,0,0,1.000,1.000,1.000,-90.00,180.00,0.00,OPEN,0
673052.839,0,0,0,1.000,1.000,1.000,-90.00,180.00,0.00,OPEN,0
673052.889,0,0,0,1.000,1.000,1.000,-90.00,180.00,0.00,OPEN,0
673052.939,0,0,0,1.000,1.000,1.000,-90.00,180.00,0.00,OPEN,0
673052.989,0,0,0,1.000,1.000,1.000,-90.00,180.00,0.00,OPEN,0
673053.039,0,0,0,1.000,1.000,1.000,-90.00,180.00,0.00,OPEN,0
673053.088,0,0,0,1.000,1.000,1.000,-90.00,180.00,0.00,OPEN,0
673053.139,0,0,0,1.000,1.000,1.000,-90.00,180.00,0.00,OPEN,0
673053.189,0,0,0,1.000,1.000,1.000,-90.00,180.00,0.00,OPEN,0
673053.239,0,0,0,1.000,1.000,1.000,-90.00,180.00,0.00,OPEN,0
673053.289,0,0,0,1.000,1.000,1.000,-90.00,180.00,0.00,OPEN,0
673053.339,0,0,0,1.000,1.000,1.000,-90.00,180.00,0.00,OPEN,0
673053.389,0,0,0,1.000,1.000,1.000,-90.00,180.00,0.00,OPEN,0
673053.439,0,0,0,1.000,1.000,1.000,-90.00,180.00,0.00,OPEN,0
673053.489,0,0,0,1.000,1.000,1.000,-90.00,180.00,0.00,OPEN,0
673053.539,0,0,0,1.000,1.000,1.000,-90.00,180.00,0.00,OPEN,0
673053.589,0,0,0,1.000,1.000,1.000,-90.00,180.00,0.00,OPEN,0
673053.639,0,0,0,1.000,1.000,1.000,-90.00,180.00,0.00,OPEN,0
673053.689,0,0,0,0.994,1.000,1.000,-90.00,180.00,0.00,OPEN,0
673053.739,0,0,0,0.608,1.000,1.000,-90.00,180.00,0.00,OPEN,0
673053.789,0,0,0,0.933,1.000,1.000,-90.00,180.00,0.00,OPEN,0
673053.839,0,0,0,0.992,1.000,1.000,-90.00,180.00,0.00,OPEN,0
673053.889,0,0,0,0.998,1.000,1.000,-90.00,180.00,0.00,OPEN,0
673053.939,0,0,0,1.000,1.000,1.000,-90.00,180.00,0.00,OPEN,0
673054.003,0,0,0,1.000,1.000,1.000,-90.00,180.00,0.00,OPEN,0
673054.042,0,0,0,1.000,1.000,1.000,-90.00,180.00,0.00,OPEN,0
673054.089,0,0,0,1.000,1.000,1.000,-90.00,180.00,0.00,OPEN,0
673054.138,2,0,0,1.000,1.000,1.000,-90.00,180.00,0.00,OPEN,0
673054.190,2,0,0,1.000,1.000,1.000,-90.00,180.00,0.00,OPEN,0
673054.239,2,0,0,1.000,1.000,1.000,-90.00,180.00,0.00,OPEN,0
673054.290,2,0,0,1.000,1.000,1.000,-90.00,180.00,0.00,OPEN,0
673054.339,2,0,0,1.000,1.000,1.000,-90.00,180.00,0.00,OPEN,0
673054.390,2,0,0,1.000,1.000,1.000,-90.00,180.00,0.00,OPEN,0
673054.439,2,0,0,1.000,1.000,1.000,-90.00,180.00,0.00,OPEN,0
673054.489,2,0,0,1.000,1.000,1.000,-90.00,180.00,0.00,OPEN,0
673054.539,2,0,0,1.000,1.000,1.000,-90.00,180.00,0.00,OPEN,0
673054.589,2,0,0,1.000,1.000,1.000,-90.00,180.00,0.00,OPEN,0
673054.639,2,0,0,1.000,1.000,1.000,-90.00,180.00,0.00,OPEN,0
673054.689,2,0,0,1.000,1.000,1.000,-90.00,180.00,0.00,OPEN,0
673054.739,2,0,0,1.000,1.000,1.000,-90.00,180.00,0.00,OPEN,0
673054.788,2,0,0,1.000,1.000,1.000,-90.00,180.00,0.00,OPEN,0
673054.839,2,0,0,1.000,1.000,1.000,-90.00,180.00,0.00,OPEN,0
673054.889,2,0,0,1.000,1.000,1.000,-90.00,180.00,0.00,OPEN,0
673054.940,2,0,0,1.000,1.000,1.000,-90.00,180.00,0.00,OPEN,0
673054.989,2,0,0,1.000,1.000,1.000,-90.00,180.00,0.00,OPEN,0
673055.039,2,0,0,1.000,1.000,1.000,-90.00,180.00,0.00,OPEN,0
673055.089,2,0,0,1.000,1.000,1.000,-90.00,180.00,0.00,OPEN,0
673055.139,2,0,0,1.000,1.000,1.000,-90.00,180.00,0.00,OPEN,0
673055.189,2,0,0,1.000,1.000,1.000,-90.00,180.00,0.00,OPEN,0
673055.239,2,0,0,1.000,1.000,1.000,-90.00,180.00,0.00,OPEN,0
673055.289,2,0,0,1.000,1.000,1.000,-90.00,180.00,0.00,OPEN,0
673055.340,2,0,0,1.000,1.000,1.000,-90.00,180.00,0.00,OPEN,0
673055.389,2,0,0,1.000,1.000,1.000,-90.00,180.00,0.00,OPEN,0
673055.439,2,0,0,1.000,1.000,1.000,-90.00,180.00,0.00,OPEN,0
673055.499,2,0,0,1.000,1.000,1.000,-90.00,180.00,0.00,OPEN,0
673055.541,2,0,0,1.000,1.000,1.000,-90.00,180.00,0.00,OPEN,0
673055.589,2,0,0,1.000,1.000,1.000,-90.00,180.00,0.00,OPEN,0
673055.639,2,0,0,1.000,1.000,1.000,-90.00,180.00,0.00,OPEN,0
673055.689,2,0,0,1.000,1.000,1.000,-90.00,180.00,0.00,OPEN,0
673055.739,2,0,0,1.000,1.000,1.000,-90.00,180.00,0.00,OPEN,0
673055.789,2,0,0,1.000,1.000,1.000,-90.00,180.00,0.00,OPEN,0
673055.839,2,0,0,1.000,1.000,1.000,-90.00,180.00,0.00,OPEN,0
673055.889,2,0,0,1.000,1.000,1.000,-90.00,180.00,0.00,OPEN,0
673055.939,2,0,0,1.000,1.000,1.000,-90.00,180.00,0.00,OPEN,0
673055.990,2,0,0,1.000,1.000,1.000,-90.00,180.00,0.00,OPEN,0
673056.039,2,0,0,1.000,1.000,1.000,-90.00,180.00,0.00,OPEN,0
673056.088,2,0,0,1.000,1.000,1.000,-90.00,180.00,0.00,OPEN,0
673056.140,2,0,0,1.000,1.000,1.000,-90.00,180.00,0.00,OPEN,0
673056.190,2,0,0,1.000,1.000,1.000,-90.00,180.00,0.00,OPEN,0
673056.239,2,0,0,1.000,1.000,1.000,-90.00,180.00,0.00,OPEN,0
673056.289,2,0,0,1.000,1.000,1.000,-90.00,180.00,0.00,OPEN,0
673056.339,2,0,0,1.000,1.000,1.000,-90.00,180.00,0.00,OPEN,0
673056.389,2,0,0,1.000,1.000,1.000,-90.00,180.00,0.00,OPEN,0
673056.439,2,0,0,1.000,1.000,1.000,-90.00,180.00,0.00,OPEN,0
673056.488,2,0,0,1.000,1.000,1.000,-90.00,180.00,0.00,OPEN,0
673056.538,2,0,0,1.000,1.000,1.000,-90.00,180.00,0.00,OPEN,0
673056.589,2,0,0,1.000,1.000,1.000,-90.00,180.00,0.00,OPEN,0
673056.639,2,0,0,1.000,1.000,1.000,-90.00,180.00,0.00,OPEN,0
673056.689,2,0,0,1.000,1.000,1.000,-90.00,180.00,0.00,OPEN,0
673056.739,2,0,0,1.000,1.000,1.000,-90.00,180.00,0.00,OPEN,0
673056.789,2,0,0,1.000,1.000,1.000,-90.00,180.00,0.00,OPEN,0
673056.839,2,0,0,1.000,1.000,1.000,-90.00,180.00,0.00,OPEN,0
673056.889,2,0,0,1.000,1.000,1.000,-90.00,180.00,0.00,OPEN,0
673056.939,2,0,0,1.000,1.000,1.000,-90.00,180.00,0.00,OPEN,0
673056.989,2,0,0,1.000,1.000,1.000,-90.00,180.00,0.00,OPEN,0
673057.039,2,0,0,1.000,1.000,1.000,-90.00,180.00,0.00,OPEN,0
673057.089,2,0,0,1.000,1.000,1.000,-90.00,180.00,0.00,OPEN,0
673057.139,2,0,0,1.000,1.000,1.000,-90.00,180.00,0.00,OPEN,0
673057.189,2,0,0,1.000,1.000,1.000,-90.00,180.00,0.00,OPEN,0
673057.239,2,0,0,1.000,1.000,1.000,-90.00,180.00,0.00,OPEN,0
673057.289,2,0,0,1.000,1.000,1.000,-90.00,180.00,0.00,OPEN,0
673057.339,2,0,0,1.000,1.000,1.000,-90.00,180.00,0.00,OPEN,0
673057.389,2,0,0,1.000,1.000,1.000,-90.00,180.00,0.00,OPEN,0
673057.439,2,0,0,1.000,1.000,1.000,-90.00,180.00,0.00,OPEN,0
673057.489,2,0,0,1.000,1.000,1.000,-90.00,180.00,0.00,OPEN,0
673057.539,2,0,0,1.000,1.000,1.000,-90.00,180.00,0.00,OPEN,0
673057.589,2,0,0,1.000,1.000,1.000,-90.00,180.00,0.00,OPEN,0
673057.639,2,0,0,1.000,1.000,1.000,-90.00,180.00,0.00,OPEN,0
673057.688,2,0,0,1.000,1.000,1.000,-90.00,180.00,0.00,OPEN,0
673057.739,2,0,0,1.000,1.000,1.000,-90.00,180.00,0.00,OPEN,0
673057.789,2,0,0,1.000,1.000,1.000,-90.00,180.00,0.00,OPEN,0
673057.839,2,0,0,1.000,1.000,1.000,-90.00,180.00,0.00,OPEN,0
673057.889,2,0,0,1.000,1.000,1.000,-90.00,180.00,0.00,OPEN,0
673057.940,2,0,0,1.000,1.000,1.000,-90.00,180.00,0.00,OPEN,0
673057.989,2,0,0,1.000,1.000,1.000,-90.00,180.00,0.00,OPEN,0
673058.039,2,0,0,1.000,1.000,1.000,-90.00,180.00,0.00,OPEN,0
673058.089,2,0,0,1.000,1.000,1.000,-90.00,180.00,0.00,OPEN,0
673058.139,2,0,0,1.000,1.000,1.000,-90.00,180.00,0.00,OPEN,0
673058.189,2,0,0,1.000,1.000,1.000,-90.00,180.00,0.00,OPEN,0
673058.239,2,0,0,1.000,1.000,1.000,-90.00,180.00,0.00,OPEN,0
673058.289,2,0,0,1.000,1.000,1.000,-90.00,180.00,0.00,OPEN,0
673058.339,2,0,0,1.000,1.000,1.000,-90.00,180.00,0.00,OPEN,0
673058.389,2,0,0,1.000,1.000,1.000,-90.00,180.00,0.00,OPEN,0
673058.440,2,0,0,1.000,1.000,1.000,-90.00,180.00,0.00,OPEN,0
673058.489,2,0,0,1.000,1.000,1.000,-90.00,180.00,0.00,OPEN,0
673058.539,2,0,0,1.000,1.000,1.000,-90.00,180.00,0.00,OPEN,0
673058.589,2,0,0,1.000,1.000,1.000,-90.00,180.00,0.00,OPEN,0
673058.640,2,0,0,1.000,1.000,1.000,-90.00,180.00,0.00,OPEN,0
673058.690,2,0,0,1.000,1.000,1.000,-90.00,180.00,0.00,OPEN,0
673058.739,2,0,0,1.000,1.000,1.000,-90.00,180.00,0.00,OPEN,0
673058.789,2,0,0,1.000,1.000,1.000,-90.00,180.00,0.00,OPEN,0
673058.839,2,0,0,1.000,1.000,1.000,-90.00,180.00,0.00,OPEN,0
673058.889,2,0,0,1.000,1.000,1.000,-90.00,180.00,0.00,OPEN,0
673058.939,2,0,0,1.000,1.000,1.000,-90.00,180.00,0.00,OPEN,0
673058.989,2,0,0,1.000,1.000,1.000,-90.00,180.00,0.00,OPEN,0
673059.039,2,0,0,1.000,1.000,1.000,-90.00,180.00,0.00,OPEN,0
673059.099,2,0,0,1.000,1.000,1.000,-90.00,180.00,0.00,OPEN,0
673059.144,2,0,0,1.000,1.000,1.000,-90.00,180.00,0.00,OPEN,0
673059.189,2,0,0,1.000,1.000,1.000,-90.00,180.00,0.00,OPEN,0
673059.239,2,0,0,1.000,1.000,1.000,-90.00,180.00,0.00,OPEN,0
673059.289,2,0,0,1.000,1.000,1.000,-90.00,180.00,0.00,OPEN,0
673059.338,2,0,0,1.000,1.000,1.000,-90.00,180.00,0.00,OPEN,0
673059.390,2,0,0,1.000,1.000,1.000,-90.00,180.00,0.00,OPEN,0
673059.440,2,0,0,1.000,1.000,1.000,-90.00,180.00,0.00,OPEN,0
673059.488,2,0,0,1.000,1.000,1.000,-90.00,180.00,0.00,OPEN,0
673059.538,2,0,0,1.000,1.000,1.000,-90.00,180.00,0.00,OPEN,0
673059.589,2,0,0,1.000,1.000,1.000,-90.00,180.00,0.00,OPEN,0
673059.639,2,0,0,1.000,1.000,1.000,-90.00,180.00,0.00,OPEN,0
673059.689,2,0,0,1.000,1.000,1.000,-90.00,180.00,0.00,OPEN,0
673059.739,2,0,0,1.000,1.000,1.000,-90.00,180.00,0.00,OPEN,0
673059.789,2,0,0,1.000,1.000,1.000,-90.00,180.00,0.00,OPEN,0
673059.839,2,0,0,1.000,1.000,1.000,-90.00,180.00,0.00,OPEN,0
673059.890,2,0,0,1.000,1.000,1.000,-90.00,180.00,0.00,OPEN,0
673059.939,2,0,0,1.000,1.000,1.000,-90.00,180.00,0.00,OPEN,0
673059.989,2,0,0,0.994,1.000,1.000,-90.00,180.00,0.00,OPEN,0
673060.039,2,0,0,0.940,1.000,1.000,-90.00,180.00,0.00,OPEN,0
673060.089,2,0,0,0.630,1.000,1.000,-90.00,180.00,0.00,OPEN,0
673060.139,2,0,0,0.846,1.000,1.000,-90.00,180.00,0.00,OPEN,0
673060.189,2,0,0,0.921,1.000,1.000,-90.00,180.00,0.00,OPEN,0
673060.239,2,0,0,0.960,1.000,1.000,-90.00,180.00,0.00,OPEN,0
673060.289,2,0,0,0.976,1.000,1.000,-90.00,180.00,0.00,OPEN,0
673060.339,2,0,0,0.969,1.000,1.000,-90.00,180.00,0.00,OPEN,0
673060.389,2,0,0,0.963,1.000,1.000,-90.00,180.00,0.00,OPEN,0
673060.439,2,0,0,0.968,1.000,1.000,-90.00,180.00,0.00,OPEN,0
673060.489,0,0,0,0.974,1.000,1.000,-90.00,180.00,0.00,OPEN,0
673060.549,0,0,0,0.999,1.000,1.000,-90.00,180.00,0.00,OPEN,0
673060.590,0,0,0,1.000,1.000,1.000,-90.00,180.00,0.00,OPEN,0
673060.639,0,0,0,1.000,1.000,1.000,-90.00,180.00,0.00,OPEN,0
673060.689,0,0,0,1.000,1.000,1.000,-90.00,180.00,0.00,OPEN,0
673060.739,0,0,0,1.000,1.000,1.000,-90.00,180.00,0.00,OPEN,0
673060.789,0,0,0,1.000,1.000,1.000,-90.00,180.00,0.00,OPEN,0
673060.839,0,0,0,1.000,1.000,1.000,-90.00,180.00,0.00,OPEN,0
673060.889,0,0,0,1.000,1.000,1.000,-90.00,180.00,0.00,OPEN,0
673060.939,0,0,0,1.000,1.000,1.000,-90.00,180.00,0.00,OPEN,0
673060.989,0,0,0,1.000,1.000,1.000,-90.00,180.00,0.00,OPEN,0
673061.038,0,0,0,1.000,1.000,1.000,-90.00,180.00,0.00,OPEN,0
673061.089,0,0,0,1.000,1.000,1.000,-90.00,180.00,0.00,OPEN,0
673061.139,0,0,0,1.000,1.000,1.000,-90.00,180.00,0.00,OPEN,0
673061.189,0,0,0,1.000,1.000,1.000,-90.00,180.00,0.00,OPEN,0
673061.238,0,0,0,1.000,1.000,1.000,-90.00,180.00,0.00,OPEN,0
673061.289,0,0,0,1.000,1.000,1.000,-90.00,180.00,0.00,OPEN,0
673061.339,0,0,0,1.000,1.000,1.000,-90.00,180.00,0.00,OPEN,0
673061.389,0,0,0,1.000,1.000,1.000,-90.00,180.00,0.00,OPEN,0
673061.439,0,0,0,1.000,1.000,1.000,-90.00,180.00,0.00,OPEN,0
673061.489,0,0,0,1.000,1.000,1.000,-90.00,180.00,0.00,OPEN,0
673061.539,0,0,0,1.000,1.000,1.000,-90.00,180.00,0.00,OPEN,0
673061.589,0,0,0,1.000,1.000,1.000,-90.00,180.00,0.00,OPEN,0
673061.640,0,0,0,1.000,1.000,1.000,-90.00,180.00,0.00,OPEN,0
673061.689,0,0,0,1.000,1.000,1.000,-90.00,180.00,0.00,OPEN,0
673061.739,0,0,0,1.000,1.000,1.000,-90.00,180.00,0.00,OPEN,0
673061.788,0,0,0,1.000,1.000,1.000,-90.00,180.00,0.00,OPEN,0
673061.838,0,0,0,1.000,1.000,1.000,-90.00,180.00,0.00,OPEN,0
673061.889,0,0,0,1.000,1.000,1.000,-90.00,180.00,0.00,OPEN,0
673061.939,0,0,0,1.000,1.000,1.000,-90.00,180.00,0.00,OPEN,0
673061.989,0,0,0,1.000,1.000,1.000,-90.00,180.00,0.00,OPEN,0
673062.039,0,0,0,1.000,1.000,1.000,-90.00,180.00,0.00,OPEN,0
673062.089,0,0,0,1.000,1.000,1.000,-90.00,180.00,0.00,OPEN,0
673062.139,0,0,0,1.000,1.000,1.000,-90.00,180.00,0.00,OPEN,0
673062.189,0,0,0,1.000,1.000,1.000,-90.00,180.00,0.00,OPEN,0
673062.239,0,0,0,1.000,1.000,1.000,-90.00,180.00,0.00,OPEN,0
673062.289,0,0,0,1.000,1.000,1.000,-90.00,180.00,0.00,OPEN,0
673062.340,0,0,0,1.000,1.000,1.000,-90.00,180.00,0.00,OPEN,0
673062.390,0,0,0,1.000,1.000,1.000,-90.00,180.00,0.00,OPEN,0
673062.440,0,0,0,1.000,1.000,1.000,-90.00,180.00,0.00,OPEN,0
673062.489,0,0,0,1.000,1.000,1.000,-90.00,180.00,0.00,OPEN,0
673062.539,0,0,0,1.000,1.000,1.000,-90.00,180.00,0.00,OPEN,0
673062.589,0,0,0,1.000,1.000,1.000,-90.00,180.00,0.00,OPEN,0
673062.639,0,0,0,1.000,1.000,1.000,-90.00,180.00,0.00,OPEN,0
673062.689,0,0,0,1.000,1.000,1.000,-90.00,180.00,0.00,OPEN,0
673062.739,0,0,0,1.000,1.000,1.000,-90.00,180.00,0.00,OPEN,0
673062.789,0,0,0,1.000,1.000,1.000,-90.00,180.00,0.00,OPEN,0
673062.839,0,0,0,1.000,1.000,1.000,-90.00,180.00,0.00,OPEN,0
673062.889,0,0,0,1.000,1.000,1.000,-90.00,180.00,0.00,OPEN,0
673062.940,0,0,0,1.000,1.000,1.000,-90.00,180.00,0.00,OPEN,0
673062.989,0,0,0,1.000,1.000,1.000,-90.00,180.00,0.00,OPEN,0
673063.039,0,0,0,1.000,1.000,1.000,-90.00,180.00,0.00,OPEN,0
673063.089,0,0,0,1.000,1.000,1.000,-90.00,180.00,0.00,OPEN,0
673063.139,0,0,0,1.000,1.000,1.000,-90.00,180.00,0.00,OPEN,0
673063.189,0,0,0,1.000,1.000,1.000,-90.00,180.00,0.00,OPEN,0
673063.240,0,0,0,1.000,1.000,1.000,-90.00,180.00,0.00,OPEN,0
673063.290,0,0,0,1.000,1.000,1.000,-90.00,180.00,0.00,OPEN,0
673063.339,0,0,0,1.000,1.000,1.000,-90.00,180.00,0.00,OPEN,0
673063.389,0,0,0,1.000,1.000,1.000,-90.00,180.00,0.00,OPEN,0
673063.440,0,0,0,1.000,1.000,1.000,-90.00,180.00,0.00,OPEN,0
673063.490,0,0,0,1.000,1.000,1.000,-90.00,180.00,0.00,OPEN,0
673063.539,0,0,0,1.000,1.000,1.000,-90.00,180.00,0.00,OPEN,0
673063.589,0,0,0,1.000,1.000,1.000,-90.00,180.00,0.00,OPEN,0
673063.639,0,0,0,1.000,1.000,1.000,-90.00,180.00,0.00,OPEN,0
673063.689,0,0,0,1.000,1.000,1.000,-90.00,180.00,0.00,OPEN,0
673063.739,0,0,0,1.000,1.000,1.000,-90.00,180.00,0.00,OPEN,0
673063.789,0,0,0,1.000,1.000,1.000,-90.00,180.00,0.00,OPEN,0
673063.839,0,0,0,1.000,1.000,1.000,-90.00,180.00,0.00,OPEN,0
673063.888,0,0,0,1.000,1.000,1.000,-90.00,180.00,0.00,OPEN,0
673063.939,0,0,0,1.000,1.000,1.000,-90.00,180.00,0.00,OPEN,0
673063.990,0,0,0,1.000,1.000,1.000,-90.00,180.00,0.00,OPEN,0
673064.039,0,0,0,1.000,1.000,1.000,-90.00,180.00,0.00,OPEN,0
673064.088,0,0,0,1.000,1.000,1.000,-90.00,180.00,0.00,OPEN,0
673064.139,0,0,0,1.000,1.000,1.000,-90.00,180.00,0.00,OPEN,0
673064.189,0,0,0,1.000,1.000,1.000,-90.00,180.00,0.00,OPEN,0
673064.239,0,0,0,1.000,1.000,1.000,-90.00,180.00,0.00,OPEN,0
673064.300,0,0,0,1.000,1.000,1.000,-90.00,180.00,0.00,OPEN,0
673064.341,0,0,0,1.000,1.000,1.000,-90.00,180.00,0.00,OPEN,0
673064.389,0,0,0,1.000,1.000,1.000,-90.00,180.00,0.00,OPEN,0
673064.439,0,0,0,1.000,1.000,1.000,-90.00,180.00,0.00,OPEN,0
673064.489,0,0,0,1.000,1.000,1.000,-90.00,180.00,0.00,OPEN,0
673064.539,0,0,0,1.000,1.000,1.000,-90.00,180.00,0.00,OPEN,0
673064.589,0,0,0,1.000,1.000,1.000,-90.00,180.00,0.00,OPEN,0
673064.639,0,0,0,1.000,1.000,1.000,-90.00,180.00,0.00,OPEN,0
673064.689,0,0,0,1.000,1.000,1.000,-90.00,180.00,0.00,OPEN,0
673064.739,0,0,0,1.000,1.000,1.000,-90.00,180.00,0.00,OPEN,0
673064.789,0,0,0,1.000,1.000,1.000,-90.00,180.00,0.00,OPEN,0
673064.839,0,0,0,1.000,1.000,1.000,-90.00,180.00,0.00,OPEN,0
673064.889,0,0,0,1.000,1.000,1.000,-90.00,180.00,0.00,OPEN,0
673064.939,0,0,0,1.000,1.000,1.000,-90.00,180.00,0.00,OPEN,0
673064.989,0,0,0,1.000,1.000,1.000,-90.00,180.00,0.00,OPEN,0
673065.038,0,0,0,1.000,1.000,1.000,-90.00,180.00,0.00,OPEN,0
673065.089,0,0,0,1.000,1.000,1.000,-90.00,180.00,0.00,OPEN,0
673065.139,0,0,0,1.000,1.000,1.000,-90.00,180.00,0.00,OPEN,0
673065.189,0,0,0,1.000,1.000,1.000,-90.00,180.00,0.00,OPEN,0
673065.239,0,0,0,1.000,1.000,1.000,-90.00,180.00,0.00,OPEN,0
673065.289,0,0,0,1.000,1.000,1.000,-90.00,180.00,0.00,OPEN,0
673065.339,0,0,0,1.000,1.000,1.000,-90.00,180.00,0.00,OPEN,0
673065.389,0,0,0,1.000,1.000,1.000,-90.00,180.00,0.00,OPEN,0
673065.439,0,0,0,1.000,1.000,1.000,-90.00,180.00,0.00,OPEN,0
673065.489,0,0,0,1.000,1.000,1.000,-90.00,180.00,0.00,OPEN,0
673065.539,0,0,0,1.000,1.000,1.000,-90.00,180.00,0.00,OPEN,0
673065.589,0,0,0,1.000,1.000,1.000,-90.00,180.00,0.00,OPEN,0
673065.639,0,0,0,1.000,1.000,1.000,-90.00,180.00,0.00,OPEN,0
673065.689,0,0,0,1.000,1.000,1.000,-90.00,180.00,0.00,OPEN,0
673065.739,0,0,0,1.000,1.000,1.000,-90.00,180.00,0.00,OPEN,0
673065.789,0,0,0,1.000,1.000,1.000,-90.00,180.00,0.00,OPEN,0
673065.843,0,0,0,1.000,1.000,1.000,-90.00,180.00,0.00,OPEN,0
673065.892,0,0,0,1.000,1.000,1.000,-90.00,180.00,0.00,OPEN,0
673065.939,0,0,0,1.000,1.000,1.000,-90.00,180.00,0.00,OPEN,0
673065.989,0,0,0,1.000,1.000,1.000,-90.00,180.00,0.00,OPEN,0
673066.039,0,0,0,1.000,1.000,1.000,-90.00,180.00,0.00,OPEN,0
673066.089,0,0,0,1.000,1.000,1.000,-90.00,180.00,0.00,OPEN,0
673066.139,0,0,0,1.000,1.000,1.000,-90.00,180.00,0.00,OPEN,0
673066.188,0,0,0,1.000,1.000,1.000,-90.00,180.00,0.00,OPEN,0
673066.239,0,0,0,1.000,1.000,1.000,-90.00,180.00,0.00,OPEN,0
673066.289,0,0,0,1.000,1.000,1.000,-90.00,180.00,0.00,OPEN,0
673066.339,0,0,0,1.000,1.000,1.000,-90.00,180.00,0.00,OPEN,0
673066.389,0,0,0,1.000,1.000,1.000,-90.00,180.00,0.00,OPEN,0
673066.440,0,0,0,1.000,1.000,1.000,-90.00,180.00,0.00,OPEN,0
673066.489,0,0,0,1.000,1.000,1.000,-90.00,180.00,0.00,OPEN,0
673066.538,0,0,0,1.000,1.000,1.000,-90.00,180.00,0.00,OPEN,0
673066.589,0,0,0,1.000,1.000,1.000,-90.00,180.00,0.00,OPEN,0
673066.639,0,0,0,1.000,1.000,1.000,-90.00,180.00,0.00,OPEN,0
673066.689,0,0,0,1.000,1.000,1.000,-90.00,180.00,0.00,OPEN,0
673066.739,0,0,0,1.000,1.000,1.000,-90.00,180.00,0.00,OPEN,0
673066.789,0,0,0,1.000,1.000,1.000,-90.00,180.00,0.00,OPEN,0
673066.839,0,0,0,1.000,1.000,1.000,-90.00,180.00,0.00,OPEN,0
673066.889,0,0,0,1.000,1.000,1.000,-90.00,180.00,0.00,OPEN,0
673066.939,0,0,0,1.000,1.000,1.000,-90.00,180.00,0.00,OPEN,0
673066.989,0,0,0,1.000,1.000,1.000,-90.00,180.00,0.00,OPEN,0
673067.039,0,0,0,1.000,1.000,1.000,-90.00,180.00,0.00,OPEN,0
673067.089,0,0,0,1.000,1.000,1.000,-90.00,180.00,0.00,OPEN,0
673067.139,0,0,0,1.000,1.000,1.000,-90.00,180.00,0.00,OPEN,0
673067.189,0,0,0,1.000,1.000,1.000,-90.00,180.00,0.00,OPEN,0
673067.239,0,0,0,1.000,1.000,1.000,-90.00,180.00,0.00,OPEN,0
673067.289,0,0,0,0.998,1.000,1.000,-90.00,180.00,0.00,OPEN,0
673067.340,0,0,0,0.923,1.000,1.000,-90.00,180.00,0.00,OPEN,0
673067.389,0,0,0,0.993,1.000,1.000,-90.00,180.00,0.00,OPEN,0
673067.439,0,0,0,0.998,1.000,1.000,-90.00,180.00,0.00,OPEN,0
673067.489,0,0,0,0.999,1.000,1.000,-90.00,180.00,0.00,OPEN,0
673067.539,0,0,0,0.998,1.000,1.000,-90.00,180.00,0.00,OPEN,0
673067.590,0,0,0,0.998,1.000,1.000,-90.00,180.00,0.00,OPEN,0
673067.640,0,0,0,0.998,1.000,1.000,-90.00,180.00,0.00,OPEN,0
673067.689,0,0,0,0.998,1.000,1.000,-90.00,180.00,0.00,OPEN,0
673067.754,3,0,0,0.998,1.000,1.000,-90.00,180.00,0.00,OPEN,0
673067.792,3,0,0,1.000,1.000,1.000,-90.00,180.00,0.00,OPEN,0
673067.839,3,0,0,1.000,1.000,1.000,-90.00,180.00,0.00,OPEN,0
673067.889,3,0,0,1.000,1.000,1.000,-90.00,180.00,0.00,OPEN,0
673067.939,3,0,0,1.000,1.000,1.000,-90.00,180.00,0.00,OPEN,0
673067.989,3,0,0,1.000,1.000,1.000,-90.00,180.00,0.00,OPEN,0
673068.039,3,0,0,1.000,1.000,1.000,-90.00,180.00,0.00,OPEN,0
673068.089,3,0,0,1.000,1.000,1.000,-90.00,180.00,0.00,OPEN,0
673068.139,3,0,0,1.000,1.000,1.000,-90.00,180.00,0.00,OPEN,0
673068.189,3,0,0,1.000,1.000,1.000,-90.00,180.00,0.00,OPEN,0
673068.239,3,0,0,1.000,1.000,1.000,-90.00,180.00,0.00,OPEN,0
673068.289,3,0,0,1.000,1.000,1.000,-90.00,180.00,0.00,OPEN,0
673068.340,3,0,0,1.000,1.000,1.000,-90.00,180.00,0.00,OPEN,0
673068.389,3,0,0,1.000,1.000,1.000,-90.00,180.00,0.00,OPEN,0
673068.439,3,0,0,1.000,1.000,1.000,-90.00,180.00,0.00,OPEN,0
673068.489,3,0,0,1.000,1.000,1.000,-90.00,180.00,0.00,OPEN,0
673068.539,3,0,0,1.000,1.000,1.000,-90.00,180.00,0.00,OPEN,0
673068.589,3,0,0,1.000,1.000,1.000,-90.00,180.00,0.00,OPEN,0
673068.639,3,0,0,1.000,1.000,1.000,-90.00,180.00,0.00,OPEN,0
673068.689,3,0,0,1.000,1.000,1.000,-90.00,180.00,0.00,OPEN,0
673068.740,3,0,0,1.000,1.000,1.000,-90.00,180.00,0.00,OPEN,0
673068.816,3,0,0,1.000,1.000,1.000,-90.00,180.00,0.00,OPEN,0
673068.844,3,0,0,1.000,1.000,1.000,-90.00,180.00,0.00,OPEN,0
673068.889,3,0,0,1.000,1.000,1.000,-90.00,180.00,0.00,OPEN,0
673068.939,3,0,0,1.000,1.000,1.000,-90.00,180.00,0.00,OPEN,0
673068.989,3,0,0,1.000,1.000,1.000,-90.00,180.00,0.00,OPEN,0
673069.040,3,0,0,1.000,1.000,1.000,-90.00,180.00,0.00,OPEN,0
673069.089,3,0,0,1.000,1.000,1.000,-90.00,180.00,0.00,OPEN,0
673069.139,3,0,0,1.000,1.000,1.000,-90.00,180.00,0.00,OPEN,0
673069.189,3,0,0,1.000,1.000,1.000,-90.00,180.00,0.00,OPEN,0
673069.239,3,0,0,1.000,1.000,1.000,-90.00,180.00,0.00,OPEN,0
673069.289,3,0,0,1.000,1.000,1.000,-90.00,180.00,0.00,OPEN,0
673069.339,3,0,0,1.000,1.000,1.000,-90.00,180.00,0.00,OPEN,0
673069.389,3,0,0,1.000,1.000,1.000,-90.00,180.00,0.00,OPEN,0
673069.439,3,0,0,1.000,1.000,1.000,-90.00,180.00,0.00,OPEN,0
673069.489,3,0,0,1.000,1.000,1.000,-90.00,180.00,0.00,OPEN,0
673069.539,3,0,0,1.000,1.000,1.000,-90.00,180.00,0.00,OPEN,0
673069.589,3,0,0,1.000,1.000,1.000,-90.00,180.00,0.00,OPEN,0
673069.639,3,0,0,1.000,1.000,1.000,-90.00,180.00,0.00,OPEN,0
673069.689,3,0,0,1.000,1.000,1.000,-90.00,180.00,0.00,OPEN,0
673069.740,3,0,0,1.000,1.000,1.000,-90.00,180.00,0.00,OPEN,0
673069.789,3,0,0,1.000,1.000,1.000,-90.00,180.00,0.00,OPEN,0
673069.839,3,0,0,1.000,1.000,1.000,-90.00,180.00,0.00,OPEN,0
673069.889,3,0,0,1.000,1.000,1.000,-90.00,180.00,0.00,OPEN,0
673069.939,3,0,0,1.000,1.000,1.000,-90.00,180.00,0.00,OPEN,0
673069.989,3,0,0,1.000,1.000,1.000,-90.00,180.00,0.00,OPEN,0
673070.039,3,0,0,1.000,1.000,1.000,-90.00,180.00,0.00,OPEN,0
673070.089,3,0,0,1.000,1.000,1.000,-90.00,180.00,0.00,OPEN,0
673070.139,3,0,0,1.000,1.000,1.000,-90.00,180.00,0.00,OPEN,0
673070.189,3,0,0,1.000,1.000,1.000,-90.00,180.00,0.00,OPEN,0
673070.239,3,0,0,1.000,1.000,1.000,-90.00,180.00,0.00,OPEN,0
673070.289,3,0,0,1.000,1.000,1.000,-90.00,180.00,0.00,OPEN,0
673070.339,3,0,0,1.000,1.000,1.000,-90.00,180.00,0.00,OPEN,0
673070.389,3,0,0,1.000,1.000,1.000,-90.00,180.00,0.00,OPEN,0
673070.439,3,0,0,1.000,1.000,1.000,-90.00,180.00,0.00,OPEN,0
673070.488,3,0,0,1.000,1.000,1.000,-90.00,180.00,0.00,OPEN,0
673070.539,3,0,0,1.000,1.000,1.000,-90.00,180.00,0.00,OPEN,0
673070.589,3,0,0,1.000,1.000,1.000,-90.00,180.00,0.00,OPEN,0
673070.639,3,0,0,1.000,1.000,1.000,-90.00,180.00,0.00,OPEN,0
673070.689,3,0,0,1.000,1.000,1.000,-90.00,180.00,0.00,OPEN,0
673070.739,3,0,0,1.000,1.000,1.000,-90.00,180.00,0.00,OPEN,0
673070.789,3,0,0,1.000,1.000,1.000,-90.00,180.00,0.00,OPEN,0
673070.839,3,0,0,1.000,1.000,1.000,-90.00,180.00,0.00,OPEN,0
673070.889,3,0,0,1.000,1.000,1.000,-90.00,180.00,0.00,OPEN,0
673070.939,3,0,0,1.000,1.000,1.000,-90.00,180.00,0.00,OPEN,0
673070.989,3,0,0,1.000,1.000,1.000,-90.00,180.00,0.00,OPEN,0
673071.039,3,0,0,1.000,1.000,1.000,-90.00,180.00,0.00,OPEN,0
673071.089,3,0,0,1.000,1.000,1.000,-90.00,180.00,0.00,OPEN,0
673071.139,3,0,0,1.000,1.000,1.000,-90.00,180.00,0.00,OPEN,0
673071.189,3,0,0,1.000,1.000,1.000,-90.00,180.00,0.00,OPEN,0
673071.239,3,0,0,1.000,1.000,1.000,-90.00,180.00,0.00,OPEN,0
673071.290,3,0,0,1.000,1.000,1.000,-90.00,180.00,0.00,OPEN,0
673071.338,3,0,0,1.000,1.000,1.000,-90.00,180.00,0.00,OPEN,0
673071.389,3,0,0,1.000,1.000,1.000,-90.00,180.00,0.00,OPEN,0
673071.439,3,0,0,1.000,1.000,1.000,-90.00,180.00,0.00,OPEN,0
673071.489,3,0,0,1.000,1.000,1.000,-90.00,180.00,0.00,OPEN,0
673071.539,3,0,0,1.000,1.000,1.000,-90.00,180.00,0.00,OPEN,0
673071.589,3,0,0,1.000,1.000,1.000,-90.00,180.00,0.00,OPEN,0
673071.639,3,0,0,1.000,1.000,1.000,-90.00,180.00,0.00,OPEN,0
673071.689,3,0,0,1.000,1.000,1.000,-90.00,180.00,0.00,OPEN,0
673071.739,3,0,0,1.000,1.000,1.000,-90.00,180.00,0.00,OPEN,0
673071.789,3,0,0,1.000,1.000,1.000,-90.00,180.00,0.00,OPEN,0
673071.839,3,0,0,1.000,1.000,1.000,-90.00,180.00,0.00,OPEN,0
673071.889,3,0,0,1.000,1.000,1.000,-90.00,180.00,0.00,OPEN,0
673071.939,3,0,0,1.000,1.000,1.000,-90.00,180.00,0.00,OPEN,0
673071.989,3,0,0,1.000,1.000,1.000,-90.00,180.00,0.00,OPEN,0
673072.039,3,0,0,1.000,1.000,1.000,-90.00,180.00,0.00,OPEN,0
673072.089,3,0,0,1.000,1.000,1.000,-90.00,180.00,0.00,OPEN,0
673072.139,3,0,0,1.000,1.000,1.000,-90.00,180.00,0.00,OPEN,0
673072.188,3,0,0,1.000,1.000,1.000,-90.00,180.00,0.00,OPEN,0
673072.259,3,0,0,1.000,1.000,1.000,-90.00,180.00,0.00,OPEN,0
673072.291,3,0,0,1.000,1.000,1.000,-90.00,180.00,0.00,OPEN,0
673072.339,3,0,0,1.000,1.000,1.000,-90.00,180.00,0.00,OPEN,0
673072.389,3,0,0,1.000,1.000,1.000,-90.00,180.00,0.00,OPEN,0
673072.439,3,0,0,1.000,1.000,1.000,-90.00,180.00,0.00,OPEN,0
673072.489,3,0,0,1.000,1.000,1.000,-90.00,180.00,0.00,OPEN,0
673072.540,3,0,0,1.000,1.000,1.000,-90.00,180.00,0.00,OPEN,0
673072.589,3,0,0,1.000,1.000,1.000,-90.00,180.00,0.00,OPEN,0
673072.638,3,0,0,1.000,1.000,1.000,-90.00,180.00,0.00,OPEN,0
673072.689,3,0,0,1.000,1.000,1.000,-90.00,180.00,0.00,OPEN,0
673072.739,3,0,0,1.000,1.000,1.000,-90.00,180.00,0.00,OPEN,0
673072.789,3,0,0,1.000,1.000,1.000,-90.00,180.00,0.00,OPEN,0
673072.839,3,0,0,1.000,1.000,1.000,-90.00,180.00,0.00,OPEN,0
673072.889,3,0,0,1.000,1.000,1.000,-90.00,180.00,0.00,OPEN,0
673072.939,3,0,0,1.000,1.000,1.000,-90.00,180.00,0.00,OPEN,0
673072.989,3,0,0,1.000,1.000,1.000,-90.00,180.00,0.00,OPEN,0
673073.039,3,0,0,1.000,1.000,1.000,-90.00,180.00,0.00,OPEN,0
673073.090,3,0,0,1.000,1.000,1.000,-90.00,180.00,0.00,OPEN,0
673073.139,3,0,0,1.000,1.000,1.000,-90.00,180.00,0.00,OPEN,0
673073.189,3,0,0,1.000,1.000,1.000,-90.00,180.00,0.00,OPEN,0
673073.239,3,0,0,1.000,1.000,1.000,-90.00,180.00,0.00,OPEN,0
673073.289,3,0,0,1.000,1.000,1.000,-90.00,180.00,0.00,OPEN,0
673073.340,3,0,0,1.000,1.000,1.000,-90.00,180.00,0.00,OPEN,0
673073.389,3,0,0,1.000,1.000,1.000,-90.00,180.00,0.00,OPEN,0
673073.439,3,0,0,1.000,1.000,1.000,-90.00,180.00,0.00,OPEN,0
673073.489,3,0,0,1.000,1.000,1.000,-90.00,180.00,0.00,OPEN,0
673073.539,3,0,0,1.000,1.000,1.000,-90.00,180.00,0.00,OPEN,0
673073.590,3,0,0,1.000,1.000,1.000,-90.00,180.00,0.00,OPEN,0
673073.639,3,0,0,1.000,1.000,1.000,-90.00,180.00,0.00,OPEN,0
673073.689,3,0,0,1.000,1.000,1.000,-90.00,180.00,0.00,OPEN,0
673073.739,3,0,0,1.000,1.000,1.000,-90.00,180.00,0.00,OPEN,0
673073.789,3,0,0,1.000,1.000,1.000,-90.00,180.00,0.00,OPEN,0
673073.839,3,0,0,1.000,1.000,1.000,-90.00,180.00,0.00,OPEN,0
673073.889,3,0,0,0.987,1.000,1.000,-90.00,180.00,0.00,OPEN,0
673073.939,3,0,0,0.696,1.000,1.000,-90.00,180.00,0.00,OPEN,0
673073.989,3,0,0,0.997,1.000,1.000,-90.00,180.00,0.00,OPEN,0
673074.039,3,0,0,0.999,1.000,1.000,-90.00,180.00,0.00,OPEN,0
673074.089,3,0,0,1.000,1.000,1.000,-90.00,180.00,0.00,OPEN,0
673074.139,3,0,0,1.000,1.000,1.000,-90.00,180.00,0.00,OPEN,0
673074.189,3,0,0,1.000,1.000,1.000,-90.00,180.00,0.00,OPEN,0
673074.238,3,0,0,1.000,1.000,1.000,-90.00,180.00,0.00,OPEN,0
673074.289,3,0,0,1.000,1.000,1.000,-90.00,180.00,0.00,OPEN,0
673074.339,0,0,0,1.000,1.000,1.000,-90.00,180.00,0.00,OPEN,0
673074.397,0,0,0,1.000,1.000,1.000,-90.00,180.00,0.00,OPEN,0
673074.440,0,0,0,1.000,1.000,1.000,-90.00,180.00,0.00,OPEN,0
673074.489,0,0,0,1.000,1.000,1.000,-90.00,180.00,0.00,OPEN,0
673074.539,0,0,0,1.000,1.000,1.000,-90.00,180.00,0.00,OPEN,0
673074.590,0,0,0,1.000,1.000,1.000,-90.00,180.00,0.00,OPEN,0
673074.639,0,0,0,1.000,1.000,1.000,-90.00,180.00,0.00,OPEN,0
673074.689,0,0,0,1.000,1.000,1.000,-90.00,180.00,0.00,OPEN,0
673074.739,0,0,0,1.000,1.000,1.000,-90.00,180.00,0.00,OPEN,0
673074.789,0,0,0,1.000,1.000,1.000,-90.00,180.00,0.00,OPEN,0
673074.839,0,0,0,1.000,1.000,1.000,-90.00,180.00,0.00,OPEN,0
673074.889,0,0,0,1.000,1.000,1.000,-90.00,180.00,0.00,OPEN,0
673074.939,0,0,0,1.000,1.000,1.000,-90.00,180.00,0.00,OPEN,0
673074.989,0,0,0,1.000,1.000,1.000,-90.00,180.00,0.00,OPEN,0
673075.040,0,0,0,1.000,1.000,1.000,-90.00,180.00,0.00,OPEN,0
673075.089,0,0,0,1.000,1.000,1.000,-90.00,180.00,0.00,OPEN,0
673075.139,0,0,0,1.000,1.000,1.000,-90.00,180.00,0.00,OPEN,0
673075.189,0,0,0,1.000,1.000,1.000,-90.00,180.00,0.00,OPEN,0
673075.239,0,0,0,1.000,1.000,1.000,-90.00,180.00,0.00,OPEN,0
673075.290,0,0,0,1.000,1.000,1.000,-90.00,180.00,0.00,OPEN,0
673075.339,0,0,0,1.000,1.000,1.000,-90.00,180.00,0.00,OPEN,0
673075.389,0,0,0,1.000,1.000,1.000,-90.00,180.00,0.00,OPEN,0
673075.439,0,0,0,1.000,1.000,1.000,-90.00,180.00,0.00,OPEN,0
673075.489,0,0,0,1.000,1.000,1.000,-90.00,180.00,0.00,OPEN,0
673075.540,0,0,0,1.000,1.000,1.000,-90.00,180.00,0.00,OPEN,0
673075.590,0,0,0,1.000,1.000,1.000,-90.00,180.00,0.00,OPEN,0
673075.639,0,0,0,1.000,1.000,1.000,-90.00,180.00,0.00,OPEN,0
673075.689,0,0,0,1.000,1.000,1.000,-90.00,180.00,0.00,OPEN,0
673075.740,0,0,0,1.000,1.000,1.000,-90.00,180.00,0.00,OPEN,0
673075.789,0,0,0,1.000,1.000,1.000,-90.00,180.00,0.00,OPEN,0
673075.839,0,0,0,1.000,1.000,1.000,-90.00,180.00,0.00,OPEN,0
673075.889,0,0,0,1.000,1.000,1.000,-90.00,180.00,0.00,OPEN,0
673075.939,0,0,0,1.000,1.000,1.000,-90.00,180.00,0.00,OPEN,0
673075.989,0,0,0,1.000,1.000,1.000,-90.00,180.00,0.00,OPEN,0
673076.039,0,0,0,1.000,1.000,1.000,-90.00,180.00,0.00,OPEN,0
673076.088,0,0,0,1.000,1.000,1.000,-90.00,180.00,0.00,OPEN,0
673076.139,0,0,0,1.000,1.000,1.000,-90.00,180.00,0.00,OPEN,0
673076.190,0,0,0,1.000,1.000,1.000,-90.00,180.00,0.00,OPEN,0
673076.239,0,0,0,1.000,1.000,1.000,-90.00,180.00,0.00,OPEN,0
673076.289,0,0,0,1.000,1.000,1.000,-90.00,180.00,0.00,OPEN,0
673076.339,0,0,0,1.000,1.000,1.000,-90.00,180.00,0.00,OPEN,0
673076.389,0,0,0,1.000,1.000,1.000,-90.00,180.00,0.00,OPEN,0
673076.439,0,0,0,1.000,1.000,1.000,-90.00,180.00,0.00,OPEN,0
673076.489,0,0,0,1.000,1.000,1.000,-90.00,180.00,0.00,OPEN,0
673076.539,0,0,0,1.000,1.000,1.000,-90.00,180.00,0.00,OPEN,0
673076.589,0,0,0,1.000,1.000,1.000,-90.00,180.00,0.00,OPEN,0
673076.639,0,0,0,1.000,1.000,1.000,-90.00,180.00,0.00,OPEN,0
673076.689,0,0,0,1.000,1.000,1.000,-90.00,180.00,0.00,OPEN,0
673076.739,0,0,0,1.000,1.000,1.000,-90.00,180.00,0.00,OPEN,0
673076.789,0,0,0,1.000,1.000,1.000,-90.00,180.00,0.00,OPEN,0
673076.840,0,0,0,1.000,1.000,1.000,-90.00,180.00,0.00,OPEN,0
673076.889,0,0,0,1.000,1.000,1.000,-90.00,180.00,0.00,OPEN,0
673076.939,0,0,0,1.000,1.000,1.000,-90.00,180.00,0.00,OPEN,0
673076.989,0,0,0,1.000,1.000,1.000,-90.00,180.00,0.00,OPEN,0
673077.039,0,0,0,1.000,1.000,1.000,-90.00,180.00,0.00,OPEN,0
673077.089,0,0,0,1.000,1.000,1.000,-90.00,180.00,0.00,OPEN,0
673077.139,0,0,0,1.000,1.000,1.000,-90.00,180.00,0.00,OPEN,0
673077.189,0,0,0,1.000,1.000,1.000,-90.00,180.00,0.00,OPEN,0
673077.239,0,0,0,1.000,1.000,1.000,-90.00,180.00,0.00,OPEN,0
673077.290,0,0,0,1.000,1.000,1.000,-90.00,180.00,0.00,OPEN,0
673077.339,0,0,0,1.000,1.000,1.000,-90.00,180.00,0.00,OPEN,0
673077.389,0,0,0,1.000,1.000,1.000,-90.00,180.00,0.00,OPEN,0
673077.439,0,0,0,1.000,1.000,1.000,-90.00,180.00,0.00,OPEN,0
673077.489,0,0,0,1.000,1.000,1.000,-90.00,180.00,0.00,OPEN,0
673077.539,0,0,0,1.000,1.000,1.000,-90.00,180.00,0.00,OPEN,0
673077.589,0,0,0,1.000,1.000,1.000,-90.00,180.00,0.00,OPEN,0
673077.639,0,0,0,1.000,1.000,1.000,-90.00,180.00,0.00,OPEN,0
673077.689,0,0,0,1.000,1.000,1.000,-90.00,180.00,0.00,OPEN,0
673077.739,0,0,0,1.000,1.000,1.000,-90.00,180.00,0.00,OPEN,0
673077.789,0,0,0,1.000,1.000,1.000,-90.00,180.00,0.00,OPEN,0
673077.839,0,0,0,1.000,1.000,1.000,-90.00,180.00,0.00,OPEN,0
673077.889,0,0,0,1.000,1.000,1.000,-90.00,180.00,0.00,OPEN,0
673077.939,0,0,0,1.000,1.000,1.000,-90.00,180.00,0.00,OPEN,0
673077.989,0,0,0,1.000,1.000,1.000,-90.00,180.00,0.00,OPEN,0
673078.039,0,0,0,1.000,1.000,1.000,-90.00,180.00,0.00,OPEN,0
673078.095,0,0,0,1.000,1.000,1.000,-90.00,180.00,0.00,OPEN,0
673078.139,0,0,0,1.000,1.000,1.000,-90.00,180.00,0.00,OPEN,0
673078.189,0,0,0,1.000,1.000,1.000,-90.00,180.00,0.00,OPEN,0
673078.239,0,0,0,1.000,1.000,1.000,-90.00,180.00,0.00,OPEN,0
673078.288,0,0,0,1.000,1.000,1.000,-90.00,180.00,0.00,OPEN,0
673078.339,0,0,0,1.000,1.000,1.000,-90.00,180.00,0.00,OPEN,0
673078.389,0,0,0,1.000,1.000,1.000,-90.00,180.00,0.00,OPEN,0
673078.439,0,0,0,1.000,1.000,1.000,-90.00,180.00,0.00,OPEN,0
673078.489,0,0,0,1.000,1.000,1.000,-90.00,180.00,0.00,OPEN,0
673078.539,0,0,0,1.000,1.000,1.000,-90.00,180.00,0.00,OPEN,0
673078.589,0,0,0,1.000,1.000,1.000,-90.00,180.00,0.00,OPEN,0
673078.640,0,0,0,1.000,1.000,1.000,-90.00,180.00,0.00,OPEN,0
673078.689,0,0,0,1.000,1.000,1.000,-90.00,180.00,0.00,OPEN,0
673078.738,0,0,0,1.000,1.000,1.000,-90.00,180.00,0.00,OPEN,0
673078.789,0,0,0,1.000,1.000,1.000,-90.00,180.00,0.00,OPEN,0
673078.839,0,0,0,1.000,1.000,1.000,-90.00,180.00,0.00,OPEN,0
673078.890,0,0,0,1.000,1.000,1.000,-90.00,180.00,0.00,OPEN,0
673078.939,0,0,0,1.000,1.000,1.000,-90.00,180.00,0.00,OPEN,0
673078.989,0,0,0,1.000,1.000,1.000,-90.00,180.00,0.00,OPEN,0
673079.039,0,0,0,1.000,1.000,1.000,-90.00,180.00,0.00,OPEN,0
673079.089,0,0,0,1.000,1.000,1.000,-90.00,180.00,0.00,OPEN,0
673079.139,0,0,0,1.000,1.000,1.000,-90.00,180.00,0.00,OPEN,0
673079.189,0,0,0,1.000,1.000,1.000,-90.00,180.00,0.00,OPEN,0
673079.239,0,0,0,1.000,1.000,1.000,-90.00,180.00,0.00,OPEN,0
673079.289,0,0,0,1.000,1.000,1.000,-90.00,180.00,0.00,OPEN,0
673079.339,0,0,0,1.000,1.000,1.000,-90.00,180.00,0.00,OPEN,0
673079.389,0,0,0,1.000,1.000,1.000,-90.00,180.00,0.00,OPEN,0
673079.439,0,0,0,1.000,1.000,1.000,-90.00,180.00,0.00,OPEN,0
673079.490,0,0,0,1.000,1.000,1.000,-90.00,180.00,0.00,OPEN,0
673079.539,0,0,0,1.000,1.000,1.000,-90.00,180.00,0.00,OPEN,0
673079.589,0,0,0,1.000,1.000,1.000,-90.00,180.00,0.00,OPEN,0
673079.639,0,0,0,1.000,1.000,1.000,-90.00,180.00,0.00,OPEN,0
673079.689,0,0,0,1.000,1.000,1.000,-90.00,180.00,0.00,OPEN,0
673079.740,0,0,0,1.000,1.000,1.000,-90.00,180.00,0.00,OPEN,0
673079.789,0,0,0,1.000,1.000,1.000,-90.00,180.00,0.00,OPEN,0
673079.845,0,0,0,1.000,1.000,1.000,-90.00,180.00,0.00,OPEN,0
673079.895,0,0,0,1.000,1.000,1.000,-90.00,180.00,0.00,OPEN,0
673079.939,0,0,0,1.000,1.000,1.000,-90.00,180.00,0.00,OPEN,0
673079.989,0,0,0,1.000,1.000,1.000,-90.00,180.00,0.00,OPEN,0
673080.039,0,0,0,1.000,1.000,1.000,-90.00,180.00,0.00,OPEN,0
673080.089,0,0,0,1.000,1.000,1.000,-90.00,180.00,0.00,OPEN,0
673080.139,0,0,0,1.000,1.000,1.000,-90.00,180.00,0.00,OPEN,0
673080.189,0,0,0,1.000,1.000,1.000,-90.00,180.00,0.00,OPEN,0
673080.239,0,0,0,1.000,1.000,1.000,-90.00,180.00,0.00,OPEN,0
673080.289,0,0,0,1.000,1.000,1.000,-90.00,180.00,0.00,OPEN,0
673080.339,0,0,0,1.000,1.000,1.000,-90.00,180.00,0.00,OPEN,0
673080.389,0,0,0,1.000,1.000,1.000,-90.00,180.00,0.00,OPEN,0
673080.439,0,0,0,1.000,1.000,1.000,-90.00,180.00,0.00,OPEN,0
673080.489,0,0,0,1.000,1.000,1.000,-90.00,180.00,0.00,OPEN,0
673080.539,0,0,0,1.000,1.000,1.000,-90.00,180.00,0.00,OPEN,0
673080.590,0,0,0,1.000,1.000,1.000,-90.00,180.00,0.00,OPEN,0
673080.639,0,0,0,1.000,1.000,1.000,-90.00,180.00,0.00,OPEN,0
673080.689,0,0,0,1.000,1.000,1.000,-90.00,180.00,0.00,OPEN,0
673080.739,0,0,0,1.000,1.000,1.000,-90.00,180.00,0.00,OPEN,0
673080.788,0,0,0,1.000,1.000,1.000,-90.00,180.00,0.00,OPEN,0
673080.840,0,0,0,1.000,1.000,1.000,-90.00,180.00,0.00,OPEN,0
673080.889,0,0,0,1.000,1.000,1.000,-90.00,180.00,0.00,OPEN,0
673080.939,0,0,0,1.000,1.000,1.000,-90.00,180.00,0.00,OPEN,0
673080.989,0,0,0,1.000,0.994,0.999,-90.00,180.00,0.00,OPEN,0
673081.039,0,0,0,1.000,0.764,0.999,-90.00,180.00,0.00,OPEN,0
673081.089,0,0,0,1.000,0.936,0.999,-90.00,180.00,0.00,OPEN,0
673081.139,0,0,0,1.000,0.996,1.000,-90.00,180.00,0.00,OPEN,0
673081.189,0,0,0,1.000,1.000,1.000,-90.00,180.00,0.00,OPEN,0
673081.239,0,0,0,1.000,1.000,1.000,-90.00,180.00,0.00,OPEN,0
673081.289,0,0,0,1.000,1.000,1.000,-90.00,180.00,0.00,OPEN,0
673081.339,0,0,0,0.999,1.000,1.000,-90.00,180.00,0.00,OPEN,0
673081.389,0,0,0,0.995,1.000,1.000,-90.00,180.00,0.00,OPEN,0
673081.439,0,0,0,0.995,1.000,1.000,-90.00,180.00,0.00,OPEN,0
673081.494,0,0,0,0.994,1.000,1.000,-90.00,180.00,0.00,OPEN,0
673081.540,0,0,0,1.000,1.000,1.000,-90.00,180.00,0.00,OPEN,0
673081.589,0,0,0,1.000,1.000,1.000,-90.00,180.00,0.00,OPEN,0
673081.639,0,0,0,1.000,1.000,1.000,-90.00,180.00,0.00,OPEN,0
673081.689,0,0,0,1.000,1.000,1.000,-90.00,180.00,0.00,OPEN,0
673081.739,0,0,0,1.000,1.000,1.000,-90.00,180.00,0.00,OPEN,0
673081.790,0,0,0,1.000,1.000,1.000,-90.00,180.00,0.00,OPEN,0
673081.839,0,0,0,1.000,1.000,1.000,-90.00,180.00,0.00,OPEN,0
673081.889,0,0,0,1.000,1.000,1.000,-90.00,180.00,0.00,OPEN,0
673081.940,0,1,0,1.000,1.000,1.000,-90.00,180.00,0.00,OPEN,0
673081.989,0,1,0,1.000,1.000,1.000,-90.00,180.00,0.00,OPEN,0
673082.039,0,1,0,1.000,1.000,1.000,-90.00,180.00,0.00,OPEN,0
673082.089,0,1,0,1.000,1.000,1.000,-90.00,180.00,0.00,OPEN,0
673082.139,0,1,0,1.000,1.000,1.000,-90.00,180.00,0.00,OPEN,0
673082.189,0,1,0,1.000,1.000,1.000,-90.00,180.00,0.00,OPEN,0
673082.239,0,1,0,1.000,1.000,1.000,-90.00,180.00,0.00,OPEN,0
673082.289,0,1,0,1.000,1.000,1.000,-90.00,180.00,0.00,OPEN,0
673082.339,0,1,0,1.000,1.000,1.000,-90.00,180.00,0.00,OPEN,0
673082.389,0,1,0,1.000,1.000,1.000,-90.00,180.00,0.00,OPEN,0
673082.441,0,1,0,1.000,1.000,1.000,-90.00,180.00,0.00,OPEN,0
673082.489,0,1,0,1.000,1.000,1.000,-90.00,180.00,0.00,OPEN,0
673082.539,0,1,0,1.000,1.000,1.000,-90.00,180.00,0.00,OPEN,0
673082.589,0,1,0,1.000,1.000,1.000,-90.00,180.00,0.00,OPEN,0
673082.639,0,1,0,1.000,1.000,1.000,-90.00,180.00,0.00,OPEN,0
673082.690,0,1,0,1.000,1.000,1.000,-90.00,180.00,0.00,OPEN,0
673082.739,0,1,0,1.000,1.000,1.000,-90.00,180.00,0.00,OPEN,0
673082.789,0,1,0,1.000,1.000,1.000,-90.00,180.00,0.00,OPEN,0
673082.839,0,1,0,1.000,1.000,1.000,-90.00,180.00,0.00,OPEN,0
673082.888,0,1,0,1.000,1.000,1.000,-90.00,180.00,0.00,OPEN,0
673082.939,0,1,0,1.000,1.000,1.000,-90.00,180.00,0.00,OPEN,0
673082.989,0,1,0,1.000,1.000,1.000,-90.00,180.00,0.00,OPEN,0
673083.039,0,1,0,1.000,1.000,1.000,-90.00,180.00,0.00,OPEN,0
673083.088,0,1,0,1.000,1.000,1.000,-90.00,180.00,0.00,OPEN,0
673083.139,0,1,0,1.000,1.000,1.000,-90.00,180.00,0.00,OPEN,0
673083.189,0,1,0,1.000,1.000,1.000,-90.00,180.00,0.00,OPEN,0
673083.239,0,1,0,1.000,1.000,1.000,-90.00,180.00,0.00,OPEN,0
673083.290,0,1,0,1.000,1.000,1.000,-90.00,180.00,0.00,OPEN,0
673083.339,0,1,0,1.000,1.000,1.000,-90.00,180.00,0.00,OPEN,0
673083.389,0,1,0,1.000,1.000,1.000,-90.00,180.00,0.00,OPEN,0
673083.440,0,1,0,1.000,1.000,1.000,-90.00,180.00,0.00,OPEN,0
673083.489,0,1,0,1.000,1.000,1.000,-90.00,180.00,0.00,OPEN,0
673083.539,0,1,0,1.000,1.000,1.000,-90.00,180.00,0.00,OPEN,0
673083.589,0,1,0,1.000,1.000,1.000,-90.00,180.00,0.00,OPEN,0
673083.639,0,1,0,1.000,1.000,1.000,-90.00,180.00,0.00,OPEN,0
673083.690,0,1,0,1.000,1.000,1.000,-90.00,180.00,0.00,OPEN,0
673083.739,0,1,0,1.000,1.000,1.000,-90.00,180.00,0.00,OPEN,0
673083.789,0,1,0,1.000,1.000,1.000,-90.00,180.00,0.00,OPEN,0
673083.840,0,1,0,1.000,1.000,1.000,-90.00,180.00,0.00,OPEN,0
673083.890,0,1,0,1.000,1.000,1.000,-90.00,180.00,0.00,OPEN,0
673083.939,0,1,0,1.000,1.000,1.000,-90.00,180.00,0.00,OPEN,0
673083.988,0,1,0,1.000,1.000,1.000,-90.00,180.00,0.00,OPEN,0
673084.039,0,1,0,1.000,1.000,1.000,-90.00,180.00,0.00,OPEN,0
673084.088,0,1,0,1.000,1.000,1.000,-90.00,180.00,0.00,OPEN,0
673084.139,0,1,0,1.000,1.000,1.000,-90.00,180.00,0.00,OPEN,0
673084.189,0,1,0,1.000,1.000,1.000,-90.00,180.00,0.00,OPEN,0
673084.239,0,1,0,1.000,1.000,1.000,-90.00,180.00,0.00,OPEN,0
673084.289,0,1,0,1.000,1.000,1.000,-90.00,180.00,0.00,OPEN,0
673084.339,0,1,0,1.000,1.000,1.000,-90.00,180.00,0.00,OPEN,0
673084.390,0,1,0,1.000,1.000,1.000,-90.00,180.00,0.00,OPEN,0
673084.439,0,1,0,1.000,1.000,1.000,-90.00,180.00,0.00,OPEN,0
673084.489,0,1,0,1.000,1.000,1.000,-90.00,180.00,0.00,OPEN,0
673084.539,0,1,0,1.000,1.000,1.000,-90.00,180.00,0.00,OPEN,0
673084.589,0,1,0,1.000,1.000,1.000,-90.00,180.00,0.00,OPEN,0
673084.639,0,1,0,1.000,1.000,1.000,-90.00,180.00,0.00,OPEN,0
673084.689,0,1,0,1.000,1.000,1.000,-90.00,180.00,0.00,OPEN,0
673084.739,0,1,0,1.000,1.000,1.000,-90.00,180.00,0.00,OPEN,0
673084.789,0,1,0,1.000,1.000,1.000,-90.00,180.00,0.00,OPEN,0
673084.839,0,1,0,1.000,1.000,1.000,-90.00,180.00,0.00,OPEN,0
673084.889,0,1,0,1.000,1.000,1.000,-90.00,180.00,0.00,OPEN,0
673084.939,0,1,0,1.000,1.000,1.000,-90.00,180.00,0.00,OPEN,0
673084.989,0,1,0,1.000,1.000,1.000,-90.00,180.00,0.00,OPEN,0
673085.039,0,1,0,1.000,1.000,1.000,-90.00,180.00,0.00,OPEN,0
673085.089,0,1,0,1.000,1.000,1.000,-90.00,180.00,0.00,OPEN,0
673085.148,0,1,0,1.000,1.000,1.000,-90.00,180.00,0.00,OPEN,0
673085.190,0,1,0,1.000,1.000,1.000,-90.00,180.00,0.00,OPEN,0
673085.239,0,1,0,1.000,1.000,1.000,-90.00,180.00,0.00,OPEN,0
673085.289,0,1,0,1.000,1.000,1.000,-90.00,180.00,0.00,OPEN,0
673085.339,0,1,0,1.000,1.000,1.000,-90.00,180.00,0.00,OPEN,0
673085.389,0,1,0,1.000,1.000,1.000,-90.00,180.00,0.00,OPEN,0
673085.439,0,1,0,1.000,1.000,1.000,-90.00,180.00,0.00,OPEN,0
673085.489,0,1,0,1.000,1.000,1.000,-90.00,180.00,0.00,OPEN,0
673085.539,0,1,0,1.000,1.000,1.000,-90.00,180.00,0.00,OPEN,0
673085.589,0,1,0,1.000,1.000,1.000,-90.00,180.00,0.00,OPEN,0
673085.639,0,1,0,1.000,1.000,1.000,-90.00,180.00,0.00,OPEN,0
673085.689,0,1,0,1.000,1.000,1.000,-90.00,180.00,0.00,OPEN,0
673085.739,0,1,0,1.000,1.000,1.000,-90.00,180.00,0.00,OPEN,0
673085.789,0,1,0,1.000,1.000,1.000,-90.00,180.00,0.00,OPEN,0
673085.838,0,1,0,1.000,1.000,1.000,-90.00,180.00,0.00,OPEN,0
673085.889,0,1,0,1.000,1.000,1.000,-90.00,180.00,0.00,OPEN,0
673085.939,0,1,0,1.000,1.000,1.000,-90.00,180.00,0.00,OPEN,0
673085.989,0,1,0,1.000,1.000,1.000,-90.00,180.00,0.00,OPEN,0
673086.039,0,1,0,1.000,1.000,1.000,-90.00,180.00,0.00,OPEN,0
673086.089,0,1,0,1.000,1.000,1.000,-90.00,180.00,0.00,OPEN,0
673086.139,0,1,0,1.000,1.000,1.000,-90.00,180.00,0.00,OPEN,0
673086.188,0,1,0,1.000,1.000,1.000,-90.00,180.00,0.00,OPEN,0
673086.239,0,1,0,1.000,1.000,1.000,-90.00,180.00,0.00,OPEN,0
673086.289,0,1,0,1.000,1.000,1.000,-90.00,180.00,0.00,OPEN,0
673086.339,0,1,0,1.000,0.999,1.000,-90.00,180.00,0.00,OPEN,0
673086.389,0,1,0,1.000,0.994,1.000,-90.00,180.00,0.00,OPEN,0
673086.439,0,1,0,1.000,0.968,1.000,-90.00,180.00,0.00,OPEN,0
673086.490,0,1,0,1.000,0.880,1.000,-90.00,180.00,0.00,OPEN,0
673086.539,0,1,0,1.000,0.711,1.000,-90.00,180.00,0.00,OPEN,0
673086.589,0,1,0,1.000,0.547,1.000,-90.00,180.00,0.00,OPEN,0
673086.639,0,1,0,1.000,0.613,1.000,-90.00,180.00,0.00,OPEN,0
673086.699,0,1,0,1.000,0.757,1.000,-90.00,180.00,0.00,OPEN,0
673086.741,0,1,0,1.000,0.850,1.000,-90.00,180.00,0.00,OPEN,0
673086.789,0,1,0,1.000,0.906,1.000,-90.00,180.00,0.00,OPEN,0
673086.838,0,1,0,1.000,0.954,1.000,-90.00,180.00,0.00,OPEN,0
673086.889,0,1,0,1.000,0.981,1.000,-90.00,180.00,0.00,OPEN,0
673086.939,0,1,0,1.000,0.992,1.000,-90.00,180.00,0.00,OPEN,0
673086.989,0,1,0,1.000,0.998,1.000,-90.00,180.00,0.00,OPEN,0
673087.039,0,1,0,1.000,1.000,1.000,-90.00,180.00,0.00,OPEN,0
673087.088,0,1,0,1.000,1.000,1.000,-90.00,180.00,0.00,OPEN,0
673087.139,0,1,0,1.000,1.000,1.000,-90.00,180.00,0.00,OPEN,0
673087.189,0,1,0,1.000,1.000,1.000,-90.00,180.00,0.00,OPEN,0
673087.239,0,1,0,1.000,1.000,1.000,-90.00,180.00,0.00,OPEN,0
673087.289,0,1,0,1.000,1.000,1.000,-90.00,180.00,0.00,OPEN,0
673087.339,0,1,0,1.000,1.000,1.000,-90.00,180.00,0.00,OPEN,0
673087.389,0,1,0,1.000,1.000,1.000,-90.00,180.00,0.00,OPEN,0
673087.439,0,1,0,1.000,1.000,1.000,-90.00,180.00,0.00,OPEN,0
673087.489,0,1,0,1.000,1.000,1.000,-90.00,180.00,0.00,OPEN,0
673087.539,0,1,0,1.000,1.000,1.000,-90.00,180.00,0.00,OPEN,0
673087.589,0,0,0,1.000,1.000,1.000,-90.00,180.00,0.00,OPEN,0
673087.639,0,0,0,1.000,1.000,1.000,-90.00,180.00,0.00,OPEN,0
673087.689,0,0,0,1.000,1.000,1.000,-90.00,180.00,0.00,OPEN,0
673087.739,0,0,0,1.000,1.000,1.000,-90.00,180.00,0.00,OPEN,0
673087.789,0,0,0,1.000,1.000,1.000,-90.00,180.00,0.00,OPEN,0
673087.839,0,0,0,1.000,1.000,1.000,-90.00,180.00,0.00,OPEN,0
673087.889,0,0,0,1.000,1.000,1.000,-90.00,180.00,0.00,OPEN,0
673087.940,0,0,0,1.000,0.998,1.000,-90.00,180.00,0.00,OPEN,0
673087.989,0,0,0,1.000,0.997,1.000,-90.00,180.00,0.00,OPEN,0
673088.040,0,0,0,1.000,0.999,1.000,-90.00,180.00,0.00,OPEN,0
673088.090,0,0,0,1.000,0.999,1.000,-90.00,180.00,0.00,OPEN,0
673088.144,0,0,0,1.000,1.000,1.000,-90.00,180.00,0.00,OPEN,0
673088.190,0,0,0,1.000,1.000,1.000,-90.00,180.00,0.00,OPEN,0
673088.239,0,0,0,1.000,1.000,1.000,-90.00,180.00,0.00,OPEN,0
673088.289,0,0,0,1.000,1.000,1.000,-90.00,180.00,0.00,OPEN,0
673088.339,0,0,0,1.000,1.000,1.000,-90.00,180.00,0.00,OPEN,0
673088.389,0,0,0,1.000,1.000,1.000,-90.00,180.00,0.00,OPEN,0
673088.439,0,0,0,1.000,1.000,1.000,-90.00,180.00,0.00,OPEN,0
673088.489,0,0,0,1.000,1.000,1.000,-90.00,180.00,0.00,OPEN,0
673088.539,0,0,0,1.000,1.000,1.000,-90.00,180.00,0.00,OPEN,0
673088.588,0,0,0,1.000,1.000,1.000,-90.00,180.00,0.00,OPEN,0
673088.639,0,0,0,1.000,1.000,1.000,-90.00,180.00,0.00,OPEN,0
673088.689,0,0,0,1.000,1.000,1.000,-90.00,180.00,0.00,OPEN,0
673088.739,0,0,0,1.000,1.000,1.000,-90.00,180.00,0.00,OPEN,0
673088.788,0,0,0,1.000,1.000,1.000,-90.00,180.00,0.00,OPEN,0
673088.839,0,0,0,1.000,1.000,1.000,-90.00,180.00,0.00,OPEN,0
673088.889,0,0,0,1.000,1.000,1.000,-90.00,180.00,0.00,OPEN,0
673088.940,0,0,0,1.000,1.000,1.000,-90.00,180.00,0.00,OPEN,0
673088.989,0,0,0,1.000,1.000,1.000,-90.00,180.00,0.00,OPEN,0
673089.039,0,0,0,1.000,1.000,1.000,-90.00,180.00,0.00,OPEN,0
673089.089,0,0,0,1.000,1.000,1.000,-90.00,180.00,0.00,OPEN,0
673089.140,0,0,0,1.000,1.000,1.000,-90.00,180.00,0.00,OPEN,0
673089.189,0,0,0,1.000,1.000,1.000,-90.00,180.00,0.00,OPEN,0
673089.238,0,0,0,1.000,1.000,1.000,-90.00,180.00,0.00,OPEN,0
673089.289,0,0,0,1.000,1.000,1.000,-90.00,180.00,0.00,OPEN,0
673089.339,0,0,0,1.000,1.000,1.000,-90.00,180.00,0.00,OPEN,0
673089.389,0,0,0,1.000,1.000,1.000,-90.00,180.00,0.00,OPEN,0
673089.439,0,0,0,1.000,1.000,1.000,-90.00,180.00,0.00,OPEN,0
673089.489,0,0,0,1.000,1.000,1.000,-90.00,180.00,0.00,OPEN,0
673089.539,0,0,0,1.000,1.000,1.000,-90.00,180.00,0.00,OPEN,0
673089.589,0,0,0,1.000,1.000,1.000,-90.00,180.00,0.00,OPEN,0
673089.640,0,0,0,1.000,1.000,1.000,-90.00,180.00,0.00,OPEN,0
673089.690,0,0,0,1.000,1.000,1.000,-90.00,180.00,0.00,OPEN,0
673089.739,0,0,0,1.000,1.000,1.000,-90.00,180.00,0.00,OPEN,0
673089.789,0,0,0,1.000,1.000,1.000,-90.00,180.00,0.00,OPEN,0
673089.839,0,0,0,1.000,1.000,1.000,-90.00,180.00,0.00,OPEN,0
673089.890,0,0,0,1.000,1.000,1.000,-90.00,180.00,0.00,OPEN,0
673089.939,0,0,0,1.000,1.000,1.000,-90.00,180.00,0.00,OPEN,0
673089.989,0,0,0,1.000,1.000,1.000,-90.00,180.00,0.00,OPEN,0
673090.039,0,0,0,1.000,1.000,1.000,-90.00,180.00,0.00,OPEN,0
673090.089,0,0,0,1.000,1.000,1.000,-90.00,180.00,0.00,OPEN,0
673090.139,0,0,0,1.000,1.000,1.000,-90.00,180.00,0.00,OPEN,0
673090.190,0,0,0,1.000,1.000,1.000,-90.00,180.00,0.00,OPEN,0
673090.239,0,0,0,1.000,1.000,1.000,-90.00,180.00,0.00,OPEN,0
673090.290,0,0,0,1.000,1.000,1.000,-90.00,180.00,0.00,OPEN,0
673090.340,0,0,0,1.000,1.000,1.000,-90.00,180.00,0.00,OPEN,0
673090.390,0,0,0,1.000,1.000,1.000,-90.00,180.00,0.00,OPEN,0
673090.439,0,0,0,1.000,1.000,1.000,-90.00,180.00,0.00,OPEN,0
673090.489,0,0,0,1.000,1.000,1.000,-90.00,180.00,0.00,OPEN,0
673090.539,0,0,0,1.000,1.000,1.000,-90.00,180.00,0.00,OPEN,0
673090.589,0,0,0,1.000,1.000,1.000,-90.00,180.00,0.00,OPEN,0
673090.640,0,0,0,1.000,1.000,1.000,-90.00,180.00,0.00,OPEN,0
673090.700,0,0,0,1.000,1.000,1.000,-90.00,180.00,0.00,OPEN,0
673090.740,0,0,0,1.000,1.000,1.000,-90.00,180.00,0.00,OPEN,0
673090.789,0,0,0,1.000,1.000,1.000,-90.00,180.00,0.00,OPEN,0
673090.839,0,0,0,1.000,1.000,1.000,-90.00,180.00,0.00,OPEN,0
673090.889,0,0,0,1.000,1.000,1.000,-90.00,180.00,0.00,OPEN,0
673090.939,0,0,0,1.000,1.000,1.000,-90.00,180.00,0.00,OPEN,0
673090.989,0,0,0,1.000,1.000,1.000,-90.00,180.00,0.00,OPEN,0
673091.039,0,0,0,1.000,1.000,1.000,-90.00,180.00,0.00,OPEN,0
673091.089,0,0,0,1.000,1.000,1.000,-90.00,180.00,0.00,OPEN,0
673091.139,0,0,0,1.000,1.000,1.000,-90.00,180.00,0.00,OPEN,0
673091.189,0,0,0,1.000,1.000,1.000,-90.00,180.00,0.00,OPEN,0
673091.239,0,0,0,1.000,1.000,1.000,-90.00,180.00,0.00,OPEN,0
673091.289,0,0,0,1.000,1.000,1.000,-90.00,180.00,0.00,OPEN,0
673091.338,0,0,0,1.000,1.000,1.000,-90.00,180.00,0.00,OPEN,0
673091.389,0,0,0,1.000,1.000,1.000,-90.00,180.00,0.00,OPEN,0
673091.439,0,0,0,1.000,1.000,1.000,-90.00,180.00,0.00,OPEN,0
673091.489,0,0,0,1.000,1.000,1.000,-90.00,180.00,0.00,OPEN,0
673091.539,0,0,0,1.000,1.000,1.000,-90.00,180.00,0.00,OPEN,0
673091.589,0,0,0,1.000,1.000,1.000,-90.00,180.00,0.00,OPEN,0
673091.640,0,0,0,1.000,1.000,1.000,-90.00,180.00,0.00,OPEN,0
673091.689,0,0,0,1.000,1.000,1.000,-90.00,180.00,0.00,OPEN,0
673091.740,0,0,0,1.000,1.000,1.000,-90.00,180.00,0.00,OPEN,0
673091.789,0,0,0,1.000,1.000,1.000,-90.00,180.00,0.00,OPEN,0
673091.839,0,0,0,1.000,1.000,1.000,-90.00,180.00,0.00,OPEN,0
673091.889,0,0,0,1.000,1.000,1.000,-90.00,180.00,0.00,OPEN,0
673091.939,0,0,0,1.000,1.000,1.000,-90.00,180.00,0.00,OPEN,0
673091.989,0,0,0,1.000,1.000,1.000,-90.00,180.00,0.00,OPEN,0
673092.039,0,0,0,1.000,1.000,1.000,-90.00,180.00,0.00,OPEN,0
673092.089,0,0,0,1.000,1.000,1.000,-90.00,180.00,0.00,OPEN,0
673092.139,0,0,0,1.000,1.000,1.000,-90.00,180.00,0.00,OPEN,0
673092.189,0,0,0,1.000,1.000,1.000,-90.00,180.00,0.00,OPEN,0
673092.239,0,0,0,1.000,1.000,1.000,-90.00,180.00,0.00,OPEN,0
673092.295,0,0,0,1.000,1.000,1.000,-90.00,180.00,0.00,OPEN,0
673092.340,0,0,0,1.000,1.000,1.000,-90.00,180.00,0.00,OPEN,0
673092.389,0,0,0,1.000,1.000,1.000,-90.00,180.00,0.00,OPEN,0
673092.439,0,0,0,1.000,1.000,1.000,-90.00,180.00,0.00,OPEN,0
673092.490,0,0,0,1.000,1.000,1.000,-90.00,180.00,0.00,OPEN,0
673092.539,0,0,0,1.000,1.000,1.000,-90.00,180.00,0.00,OPEN,0
673092.589,0,0,0,1.000,1.000,1.000,-90.00,180.00,0.00,OPEN,0
673092.639,0,0,0,1.000,1.000,1.000,-90.00,180.00,0.00,OPEN,0
673092.689,0,0,0,1.000,1.000,1.000,-90.00,180.00,0.00,OPEN,0
673092.739,0,0,0,1.000,1.000,1.000,-90.00,180.00,0.00,OPEN,0
673092.788,0,0,0,1.000,1.000,1.000,-90.00,180.00,0.00,OPEN,0
673092.839,0,0,0,1.000,1.000,1.000,-90.00,180.00,0.00,OPEN,0
673092.888,0,0,0,1.000,1.000,1.000,-90.00,180.00,0.00,OPEN,0
673092.940,0,0,0,1.000,1.000,1.000,-90.00,180.00,0.00,OPEN,0
673092.989,0,0,0,1.000,1.000,1.000,-90.00,180.00,0.00,OPEN,0
673093.039,0,0,0,1.000,1.000,1.000,-90.00,180.00,0.00,OPEN,0
673093.088,0,0,0,1.000,1.000,1.000,-90.00,180.00,0.00,OPEN,0
673093.139,0,0,0,1.000,1.000,1.000,-90.00,180.00,0.00,OPEN,0
673093.189,0,0,0,1.000,1.000,1.000,-90.00,180.00,0.00,OPEN,0
673093.239,0,0,0,1.000,1.000,1.000,-90.00,180.00,0.00,OPEN,0
673093.289,0,0,0,1.000,1.000,1.000,-90.00,180.00,0.00,OPEN,0
673093.339,0,0,0,1.000,1.000,1.000,-90.00,180.00,0.00,OPEN,0
673093.389,0,0,0,1.000,1.000,1.000,-90.00,180.00,0.00,OPEN,0
673093.439,0,0,0,1.000,1.000,1.000,-90.00,180.00,0.00,OPEN,0
673093.489,0,0,0,1.000,1.000,1.000,-90.00,180.00,0.00,OPEN,0
673093.539,0,0,0,1.000,1.000,1.000,-90.00,180.00,0.00,OPEN,0
673093.589,0,0,0,1.000,1.000,1.000,-90.00,180.00,0.00,OPEN,0
673093.639,0,0,0,1.000,1.000,1.000,-90.00,180.00,0.00,OPEN,0
673093.689,0,0,0,1.000,1.000,1.000,-90.00,180.00,0.00,OPEN,0
673093.739,0,0,0,1.000,1.000,1.000,-90.00,180.00,0.00,OPEN,0
673093.789,0,0,0,1.000,1.000,1.000,-90.00,180.00,0.00,OPEN,0
673093.839,0,0,0,1.000,1.000,1.000,-90.00,180.00,0.00,OPEN,0
673093.900,0,0,0,1.000,1.000,1.000,-90.00,180.00,0.00,OPEN,0
673093.940,0,0,0,1.000,1.000,1.000,-90.00,180.00,0.00,OPEN,0
673093.989,0,0,0,1.000,1.000,1.000,-90.00,180.00,0.00,OPEN,0
673094.043,0,0,0,1.000,1.000,1.000,-90.00,180.00,0.00,OPEN,0
673094.089,0,0,0,1.000,1.000,1.000,-90.00,180.00,0.00,OPEN,0
673094.139,0,0,0,1.000,1.000,1.000,-90.00,180.00,0.00,OPEN,0
673094.189,0,0,0,1.000,1.000,1.000,-90.00,180.00,0.00,OPEN,0
673094.239,0,0,0,1.000,1.000,1.000,-90.00,180.00,0.00,OPEN,0
673094.290,0,0,0,1.000,1.000,1.000,-90.00,180.00,0.00,OPEN,0
673094.339,0,0,0,1.000,1.000,1.000,-90.00,180.00,0.00,OPEN,0
673094.389,0,0,0,1.000,1.000,1.000,-90.00,180.00,0.00,OPEN,0
673094.439,0,0,0,1.000,1.000,1.000,-90.00,180.00,0.00,OPEN,0
673094.489,0,0,0,1.000,1.000,1.000,-90.00,180.00,0.00,OPEN,0
673094.539,0,0,0,1.000,1.000,1.000,-90.00,180.00,0.00,OPEN,0
673094.589,0,0,0,1.000,0.592,1.000,-90.00,180.00,0.00,OPEN,0
673094.639,0,0,0,1.000,0.999,0.999,-90.00,180.00,0.00,OPEN,0
673094.689,0,0,0,1.000,1.000,0.995,-90.00,180.00,0.00,OPEN,0
673094.740,0,0,0,1.000,1.000,0.987,-90.00,180.00,0.00,OPEN,0
673094.789,0,0,0,1.000,1.000,0.967,-90.00,180.00,0.00,OPEN,0
673094.839,0,0,0,1.000,1.000,0.893,-90.00,180.00,0.00,OPEN,0
673094.889,0,0,0,1.000,1.000,0.604,-90.00,180.00,0.00,OPEN,0
673094.939,0,0,0,1.000,0.999,0.785,-90.00,180.00,0.00,OPEN,0
673094.989,0,0,0,1.000,0.983,0.960,-90.00,180.00,0.00,OPEN,0
673095.039,0,0,0,1.000,0.749,0.996,-90.00,180.00,0.00,OPEN,0
673095.089,0,0,0,1.000,0.897,0.999,-90.00,180.00,0.00,OPEN,0
673095.139,0,0,0,1.000,0.990,1.000,-90.00,180.00,0.00,OPEN,0
673095.189,0,0,0,1.000,0.999,1.000,-90.00,180.00,0.00,OPEN,0
673095.239,0,0,0,1.000,1.000,1.000,-90.00,180.00,0.00,OPEN,0
673095.289,0,0,0,1.000,1.000,1.000,-90.00,180.00,0.00,OPEN,0
673095.353,0,0,0,0.999,1.000,1.000,-90.00,180.00,0.00,OPEN,0
673095.391,0,0,0,0.539,1.000,1.000,-90.00,180.00,0.00,OPEN,0
673095.439,0,0,0,0.882,1.000,1.000,-90.00,180.00,0.00,OPEN,0
673095.489,0,0,0,1.000,1.000,1.000,-90.00,180.00,0.00,OPEN,0
673095.540,0,0,0,1.000,1.000,1.000,-90.00,180.00,0.00,OPEN,0
673095.590,0,0,0,1.000,1.000,1.000,-90.00,180.00,0.00,OPEN,0
673095.639,0,0,0,1.000,1.000,1.000,-90.00,180.00,0.00,OPEN,0
673095.689,0,0,0,0.996,1.000,1.000,-90.00,180.00,0.00,OPEN,0
673095.739,0,0,0,0.790,1.000,1.000,-90.00,180.00,0.00,OPEN,0
673095.789,2,0,0,0.996,1.000,1.000,-90.00,180.00,0.00,OPEN,0
673095.840,2,0,0,0.997,1.000,1.000,-90.00,180.00,0.00,OPEN,0
673095.889,2,0,0,0.995,1.000,1.000,-90.00,180.00,0.00,OPEN,0
673095.939,2,0,0,0.996,1.000,1.000,-90.00,180.00,0.00,OPEN,0
673095.989,2,0,0,1.000,1.000,1.000,-90.00,180.00,0.00,OPEN,0
673096.039,2,0,0,1.000,1.000,1.000,-90.00,180.00,0.00,OPEN,0
673096.089,2,0,0,1.000,1.000,1.000,-90.00,180.00,0.00,OPEN,0
673096.139,2,0,0,0.999,1.000,1.000,-90.00,180.00,0.00,OPEN,0
673096.190,2,0,0,0.999,1.000,1.000,-90.00,180.00,0.00,OPEN,0
673096.238,2,0,0,0.959,1.000,1.000,-90.00,180.00,0.00,OPEN,0
673096.289,2,0,0,0.960,1.000,1.000,-90.00,180.00,0.00,OPEN,0
673096.339,2,0,0,0.906,1.000,1.000,-90.00,180.00,0.00,OPEN,0
673096.389,2,0,0,0.996,1.000,1.000,-90.00,180.00,0.00,OPEN,0
673096.439,3,0,0,1.000,1.000,1.000,-90.00,180.00,0.00,OPEN,0
673096.489,3,0,0,1.000,1.000,1.000,-90.00,180.00,0.00,OPEN,0
673096.539,3,0,0,1.000,1.000,1.000,-90.00,180.00,0.00,OPEN,0
673096.590,3,0,0,1.000,1.000,1.000,-90.00,180.00,0.00,OPEN,0
673096.639,3,0,0,1.000,1.000,1.000,-90.00,180.00,0.00,OPEN,0
673096.689,3,0,0,1.000,1.000,1.000,-90.00,180.00,0.00,OPEN,0
673096.739,0,0,0,1.000,1.000,1.000,-90.00,180.00,0.00,OPEN,0
673096.790,0,0,0,1.000,1.000,1.000,-90.00,180.00,0.00,OPEN,0
673096.840,0,0,0,1.000,1.000,1.000,-90.00,180.00,0.00,OPEN,0
673096.889,0,0,0,1.000,1.000,1.000,-90.00,180.00,0.00,OPEN,0
673096.939,0,0,0,1.000,0.999,1.000,-90.00,180.00,0.00,OPEN,0
673096.989,0,0,0,1.000,1.000,1.000,-90.00,180.00,0.00,OPEN,0
673097.039,0,0,0,1.000,0.999,1.000,-90.00,180.00,0.00,OPEN,0
673097.089,0,0,0,1.000,1.000,1.000,-90.00,180.00,0.00,OPEN,0
673097.139,0,0,0,1.000,1.000,1.000,-90.00,180.00,0.00,OPEN,0
673097.189,0,0,0,1.000,1.000,1.000,-90.00,180.00,0.00,OPEN,0
673097.239,0,0,0,1.000,1.000,1.000,-90.00,180.00,0.00,OPEN,0
673097.289,0,0,0,1.000,1.000,1.000,-90.00,180.00,0.00,OPEN,0
673097.339,0,0,0,1.000,1.000,1.000,-90.00,180.00,0.00,OPEN,0
673097.389,0,0,1,1.000,1.000,1.000,-90.00,180.00,0.00,OPEN,0
673097.439,0,0,1,1.000,1.000,1.000,-90.00,180.00,0.00,OPEN,0
673097.490,0,0,1,1.000,1.000,1.000,-90.00,180.00,0.00,OPEN,0
673097.540,0,0,1,1.000,1.000,1.000,-90.00,180.00,0.00,OPEN,0
673097.589,0,0,1,1.000,1.000,1.000,-90.00,180.00,0.00,OPEN,0
673097.639,0,0,1,1.000,1.000,1.000,-90.00,180.00,0.00,OPEN,0
673097.689,0,0,1,1.000,1.000,1.000,-90.00,180.00,0.00,OPEN,0
673097.739,0,0,1,1.000,1.000,1.000,-90.00,180.00,0.00,OPEN,0
673097.789,0,0,1,1.000,1.000,1.000,-90.00,180.00,0.00,OPEN,0
673097.839,0,0,1,1.000,1.000,1.000,-90.00,180.00,0.00,OPEN,0
673097.889,0,0,1,1.000,1.000,1.000,-90.00,180.00,0.00,OPEN,0
673097.939,0,0,1,1.000,1.000,1.000,-90.00,180.00,0.00,OPEN,0
673097.989,0,0,1,1.000,1.000,1.000,-90.00,180.00,0.00,OPEN,0
673098.039,0,0,1,1.000,1.000,1.000,-90.00,180.00,0.00,OPEN,0
673098.103,0,0,1,1.000,1.000,1.000,-90.00,180.00,0.00,OPEN,0
673098.142,0,0,1,1.000,1.000,1.000,-90.00,180.00,0.00,OPEN,0
673098.189,0,0,1,1.000,1.000,1.000,-90.00,180.00,0.00,OPEN,0
673098.239,0,0,1,1.000,1.000,1.000,-90.00,180.00,0.00,OPEN,0
673098.289,0,0,1,1.000,1.000,1.000,-90.00,180.00,0.00,OPEN,0
673098.340,0,0,1,1.000,1.000,1.000,-90.00,180.00,0.00,OPEN,0
673098.389,0,0,1,1.000,1.000,1.000,-90.00,180.00,0.00,OPEN,0
673098.439,0,0,1,1.000,1.000,1.000,-90.00,180.00,0.00,OPEN,0
673098.489,0,0,1,1.000,1.000,1.000,-90.00,180.00,0.00,OPEN,0
673098.539,0,0,1,1.000,1.000,1.000,-90.00,180.00,0.00,OPEN,0
673098.589,0,0,1,1.000,1.000,1.000,-90.00,180.00,0.00,OPEN,0
673098.639,0,0,1,1.000,1.000,1.000,-90.00,180.00,0.00,OPEN,0
673098.689,0,0,1,1.000,1.000,1.000,-90.00,180.00,0.00,OPEN,0
673098.739,0,0,1,1.000,1.000,1.000,-90.00,180.00,0.00,OPEN,0
673098.789,0,0,1,1.000,1.000,1.000,-90.00,180.00,0.00,OPEN,0
673098.839,0,0,1,1.000,1.000,1.000,-90.00,180.00,0.00,OPEN,0
673098.889,0,0,1,1.000,1.000,1.000,-90.00,180.00,0.00,OPEN,0
673098.939,0,0,1,1.000,1.000,1.000,-90.00,180.00,0.00,OPEN,0
673098.989,0,0,1,1.000,1.000,1.000,-90.00,180.00,0.00,OPEN,0
673099.039,0,0,1,1.000,1.000,1.000,-90.00,180.00,0.00,OPEN,0
673099.089,0,0,1,1.000,1.000,1.000,-90.00,180.00,0.00,OPEN,0
673099.139,0,0,1,1.000,1.000,1.000,-90.00,180.00,0.00,OPEN,0
673099.189,0,0,1,1.000,1.000,1.000,-90.00,180.00,0.00,OPEN,0
673099.239,0,0,1,1.000,1.000,1.000,-90.00,180.00,0.00,OPEN,0
673099.290,0,0,1,1.000,1.000,1.000,-90.00,180.00,0.00,OPEN,0
673099.339,0,0,1,1.000,1.000,1.000,-90.00,180.00,0.00,OPEN,0
673099.389,0,0,1,1.000,1.000,1.000,-90.00,180.00,0.00,OPEN,0
673099.439,0,0,1,1.000,1.000,1.000,-90.00,180.00,0.00,OPEN,0
673099.489,0,0,1,1.000,1.000,1.000,-90.00,180.00,0.00,OPEN,0
673099.539,0,0,1,1.000,1.000,1.000,-90.00,180.00,0.00,OPEN,0
673099.589,0,0,1,1.000,1.000,1.000,-90.00,180.00,0.00,OPEN,0
673099.639,0,0,1,1.000,1.000,1.000,-90.00,180.00,0.00,OPEN,0
673099.689,0,0,1,1.000,1.000,1.000,-90.00,180.00,0.00,OPEN,0
673099.739,0,0,1,1.000,1.000,1.000,-90.00,180.00,0.00,OPEN,0
673099.789,0,0,1,1.000,1.000,1.000,-90.00,180.00,0.00,OPEN,0
673099.839,0,0,1,1.000,1.000,1.000,-90.00,180.00,0.00,OPEN,0
673099.888,0,0,1,1.000,1.000,1.000,-90.00,180.00,0.00,OPEN,0
673099.939,0,0,1,1.000,1.000,1.000,-90.00,180.00,0.00,OPEN,0
673099.989,0,0,1,1.000,1.000,1.000,-90.00,180.00,0.00,OPEN,0
673100.039,0,0,1,1.000,1.000,1.000,-90.00,180.00,0.00,OPEN,0
673100.089,0,0,1,1.000,1.000,1.000,-90.00,180.00,0.00,OPEN,0
673100.139,0,0,1,1.000,1.000,1.000,-90.00,180.00,0.00,OPEN,0
673100.189,0,0,1,1.000,1.000,1.000,-90.00,180.00,0.00,OPEN,0
673100.239,0,0,1,1.000,1.000,1.000,-90.00,180.00,0.00,OPEN,0
673100.290,0,0,1,1.000,1.000,1.000,-90.00,180.00,0.00,OPEN,0
673100.339,0,0,1,1.000,1.000,1.000,-90.00,180.00,0.00,OPEN,0
673100.389,0,0,1,1.000,1.000,1.000,-90.00,180.00,0.00,OPEN,0
673100.439,0,0,1,1.000,1.000,1.000,-90.00,180.00,0.00,OPEN,0
673100.490,0,0,1,1.000,1.000,1.000,-90.00,180.00,0.00,OPEN,0
673100.539,0,0,1,1.000,1.000,1.000,-90.00,180.00,0.00,OPEN,0
673100.590,0,0,1,1.000,0.999,1.000,-90.00,180.00,0.00,OPEN,0
673100.639,0,0,1,1.000,0.991,1.000,-90.00,180.00,0.00,OPEN,0
673100.689,0,0,1,1.000,0.883,1.000,-90.00,180.00,0.00,OPEN,0
673100.739,0,0,1,1.000,0.517,1.000,-90.00,180.00,0.00,OPEN,0
673100.789,0,0,1,1.000,0.830,1.000,-90.00,180.00,0.00,OPEN,0
673100.839,0,0,1,1.000,0.963,1.000,-90.00,180.00,0.00,OPEN,0
673100.889,0,0,1,0.999,0.974,1.000,-90.00,180.00,0.00,OPEN,0
673100.939,0,0,1,0.997,0.992,1.000,-90.00,180.00,0.00,OPEN,0
673100.990,0,0,1,0.947,1.000,0.864,-90.00,180.00,0.00,OPEN,0
673101.039,0,0,1,0.619,1.000,1.000,-90.00,180.00,0.00,OPEN,0
673101.089,0,0,1,0.954,1.000,1.000,-90.00,180.00,0.00,OPEN,0
673101.139,0,0,1,0.896,1.000,1.000,-90.00,180.00,0.00,OPEN,0
673101.189,0,0,1,0.971,1.000,1.000,-90.00,180.00,0.00,OPEN,0
673101.239,0,0,1,1.000,1.000,1.000,-90.00,180.00,0.00,OPEN,0
673101.290,0,0,1,1.000,1.000,1.000,-90.00,180.00,0.00,OPEN,0
673101.339,0,0,1,1.000,1.000,1.000,-90.00,180.00,0.00,OPEN,0
673101.389,0,0,1,0.998,1.000,1.000,-90.00,180.00,0.00,OPEN,0
673101.439,0,0,1,0.892,1.000,1.000,-90.00,180.00,0.00,OPEN,0
673101.505,0,0,1,0.604,1.000,1.000,-90.00,180.00,0.00,OPEN,0
673101.544,0,0,1,0.624,1.000,1.000,-90.00,180.00,0.00,OPEN,0
673101.589,0,0,1,0.632,1.000,1.000,-90.00,180.00,0.00,OPEN,0
673101.639,0,0,1,0.605,1.000,1.000,-90.00,180.00,0.00,OPEN,0
673101.689,0,0,1,0.526,1.000,1.000,-90.00,180.00,0.00,OPEN,0
673101.739,0,0,1,0.661,1.000,1.000,-90.00,180.00,0.00,OPEN,0
673101.789,2,0,1,0.964,1.000,1.000,-90.00,180.00,0.00,OPEN,0
673101.839,2,0,1,0.944,1.000,1.000,-90.00,180.00,0.00,OPEN,0
673101.889,2,0,0,0.886,1.000,1.000,-90.00,180.00,0.00,OPEN,0
673101.939,2,0,0,0.510,1.000,1.000,-90.00,180.00,0.00,OPEN,0
673101.989,2,0,0,0.865,1.000,1.000,-90.00,180.00,0.00,OPEN,0
673102.038,2,0,0,1.000,0.983,0.967,-90.00,180.00,0.00,OPEN,0
673102.089,2,0,0,1.000,0.976,0.999,-90.00,180.00,0.00,OPEN,0
673102.139,2,0,0,1.000,0.944,1.000,-90.00,180.00,0.00,OPEN,0
673102.189,2,0,0,1.000,0.787,1.000,-90.00,180.00,0.00,OPEN,0
673102.239,2,0,0,1.000,0.580,1.000,-90.00,180.00,0.00,OPEN,0
673102.289,2,0,0,1.000,0.620,1.000,-90.00,180.00,0.00,OPEN,0
673102.339,2,0,0,1.000,0.756,1.000,-90.00,180.00,0.00,OPEN,0
673102.390,0,0,0,1.000,0.839,1.000,-90.00,180.00,0.00,OPEN,0
673102.440,0,0,0,1.000,0.958,1.000,-90.00,180.00,0.00,OPEN,0
673102.489,0,0,0,1.000,0.971,1.000,-90.00,180.00,0.00,OPEN,0
673102.540,0,0,0,1.000,0.972,1.000,-90.00,180.00,0.00,OPEN,0
673102.589,0,0,0,1.000,0.986,1.000,-90.00,180.00,0.00,OPEN,0
673102.640,0,0,0,1.000,0.994,1.000,-90.00,180.00,0.00,OPEN,0
673102.689,0,0,0,1.000,0.993,1.000,-90.00,180.00,0.00,OPEN,0
673102.739,0,0,0,1.000,0.994,1.000,-90.00,180.00,0.00,OPEN,0
673102.789,0,0,0,1.000,0.997,1.000,-90.00,180.00,0.00,OPEN,0
673102.839,0,0,0,1.000,0.997,1.000,-90.00,180.00,0.00,OPEN,0
673102.889,0,0,0,1.000,0.997,1.000,-90.00,180.00,0.00,OPEN,0
673102.939,0,0,0,1.000,0.998,1.000,-90.00,180.00,0.00,OPEN,0
673102.990,0,0,1,1.000,0.999,0.999,-90.00,180.00,0.00,OPEN,0
673103.039,0,0,1,1.000,0.998,0.997,-90.00,180.00,0.00,OPEN,0
673103.089,0,0,1,1.000,0.998,0.990,-90.00,180.00,0.00,OPEN,0
673103.139,0,0,1,1.000,0.994,0.950,-90.00,180.00,0.00,OPEN,0
673103.189,0,0,1,1.000,0.984,0.817,-90.00,180.00,0.00,OPEN,0
673103.240,0,0,1,1.000,0.947,0.590,-90.00,180.00,0.00,OPEN,0
673103.289,0,0,1,1.000,0.904,0.754,-90.00,180.00,0.00,OPEN,0
673103.339,0,0,1,1.000,0.827,0.889,-90.00,180.00,0.00,OPEN,0
673103.389,0,0,1,1.000,0.755,0.957,-90.00,180.00,0.00,OPEN,0
673103.439,0,0,1,1.000,0.667,0.988,-90.00,180.00,0.00,OPEN,0
673103.489,0,0,1,1.000,0.550,0.997,-90.00,180.00,0.00,OPEN,0
673103.539,0,0,1,1.000,0.558,0.999,-90.00,180.00,0.00,OPEN,0
673103.591,0,0,1,1.000,0.798,1.000,-90.00,180.00,0.00,OPEN,0
673103.640,0,0,1,1.000,0.980,1.000,-90.00,180.00,0.00,OPEN,0
673103.691,0,0,1,1.000,0.999,1.000,-90.00,180.00,0.00,OPEN,0
673103.739,0,0,1,1.000,1.000,1.000,-90.00,180.00,0.00,OPEN,0
673103.789,0,0,1,1.000,1.000,1.000,-90.00,180.00,0.00,OPEN,0
673103.839,0,0,1,1.000,1.000,1.000,-90.00,180.00,0.00,OPEN,0
673103.889,0,0,1,1.000,1.000,1.000,-90.00,180.00,0.00,OPEN,0
673103.939,0,0,1,1.000,1.000,1.000,-90.00,180.00,0.00,OPEN,0
673103.989,0,0,1,1.000,1.000,1.000,-90.00,180.00,0.00,OPEN,0
673104.039,0,0,1,1.000,1.000,1.000,-90.00,180.00,0.00,OPEN,0
673104.089,0,0,1,1.000,1.000,1.000,-90.00,180.00,0.00,OPEN,0
673104.139,0,0,1,1.000,1.000,1.000,-90.00,180.00,0.00,OPEN,0
673104.189,0,0,0,1.000,1.000,1.000,-90.00,180.00,0.00,OPEN,0
673104.240,0,0,0,1.000,1.000,1.000,-90.00,180.00,0.00,OPEN,0
673104.289,0,0,0,1.000,1.000,1.000,-90.00,180.00,0.00,OPEN,0
673104.339,0,0,0,1.000,1.000,1.000,-90.00,180.00,0.00,OPEN,0
673104.389,0,0,0,1.000,1.000,1.000,-90.00,180.00,0.00,OPEN,0
673104.439,0,0,0,1.000,1.000,1.000,-90.00,180.00,0.00,OPEN,0
673104.489,0,0,0,1.000,1.000,1.000,-90.00,180.00,0.00,OPEN,0
673104.554,0,0,0,1.000,1.000,1.000,-90.00,180.00,0.00,OPEN,0
673104.592,0,0,0,1.000,1.000,1.000,-90.00,180.00,0.00,OPEN,0
673104.639,0,0,0,1.000,1.000,1.000,-90.00,180.00,0.00,OPEN,0
673104.694,0,0,0,1.000,1.000,1.000,-90.00,180.00,0.00,OPEN,0
673104.742,0,0,0,1.000,1.000,1.000,-90.00,180.00,0.00,OPEN,0
673104.789,0,0,0,1.000,1.000,1.000,-90.00,180.00,0.00,OPEN,0
673104.839,0,0,0,1.000,1.000,1.000,-90.00,180.00,0.00,OPEN,0
673104.889,0,0,0,1.000,1.000,1.000,-90.00,180.00,0.00,OPEN,0
673104.939,0,0,0,1.000,1.000,1.000,-90.00,180.00,0.00,OPEN,0
673104.989,0,0,0,1.000,1.000,1.000,-90.00,180.00,0.00,OPEN,0
673105.039,0,0,0,1.000,1.000,1.000,-90.00,180.00,0.00,OPEN,0
673105.089,0,0,0,1.000,1.000,1.000,-90.00,180.00,0.00,OPEN,0
673105.139,0,0,0,1.000,1.000,1.000,-90.00,180.00,0.00,OPEN,0
673105.189,0,0,0,1.000,1.000,1.000,-90.00,180.00,0.00,OPEN,0
673105.239,0,0,0,1.000,1.000,1.000,-90.00,180.00,0.00,OPEN,0
673105.290,0,0,0,1.000,1.000,1.000,-90.00,180.00,0.00,OPEN,0
673105.339,0,0,0,1.000,1.000,1.000,-90.00,180.00,0.00,OPEN,0
673105.389,0,0,0,1.000,1.000,1.000,-90.00,180.00,0.00,OPEN,0
673105.439,0,0,0,1.000,1.000,1.000,-90.00,180.00,0.00,OPEN,0
673105.489,0,0,0,1.000,1.000,1.000,-90.00,180.00,0.00,OPEN,0
673105.539,0,0,0,1.000,1.000,1.000,-90.00,180.00,0.00,OPEN,0
673105.589,0,0,0,1.000,1.000,1.000,-90.00,180.00,0.00,OPEN,0
673105.639,0,0,0,1.000,1.000,1.000,-90.00,180.00,0.00,OPEN,0
673105.689,0,0,0,1.000,1.000,1.000,-90.00,180.00,0.00,OPEN,0
673105.739,0,0,0,1.000,1.000,1.000,-90.00,180.00,0.00,OPEN,0
673105.789,0,0,0,1.000,1.000,1.000,-90.00,180.00,0.00,OPEN,0
673105.838,0,0,0,1.000,1.000,1.000,-90.00,180.00,0.00,OPEN,0
673105.889,0,0,0,1.000,1.000,1.000,-90.00,180.00,0.00,OPEN,0
673105.939,0,0,0,1.000,1.000,1.000,-90.00,180.00,0.00,OPEN,0
673105.989,0,0,0,1.000,1.000,1.000,-90.00,180.00,0.00,OPEN,0
673106.040,0,0,0,1.000,1.000,1.000,-90.00,180.00,0.00,OPEN,0
673106.089,0,0,0,1.000,1.000,1.000,-90.00,180.00,0.00,OPEN,0
673106.139,0,0,0,1.000,1.000,1.000,-90.00,180.00,0.00,OPEN,0
673106.189,0,0,0,1.000,1.000,1.000,-90.00,180.00,0.00,OPEN,0
673106.239,0,0,0,1.000,1.000,1.000,-90.00,180.00,0.00,OPEN,0
673106.289,0,0,0,1.000,1.000,1.000,-90.00,180.00,0.00,OPEN,0
673106.339,0,0,0,1.000,1.000,1.000,-90.00,180.00,0.00,OPEN,0
673106.389,0,0,0,1.000,1.000,1.000,-90.00,180.00,0.00,OPEN,0
673106.439,0,0,0,1.000,1.000,1.000,-90.00,180.00,0.00,OPEN,0
673106.489,0,0,0,1.000,1.000,1.000,-90.00,180.00,0.00,OPEN,0
673106.539,0,0,0,1.000,1.000,1.000,-90.00,180.00,0.00,OPEN,0
673106.589,0,0,0,1.000,1.000,1.000,-90.00,180.00,0.00,OPEN,0
673106.639,0,0,0,1.000,1.000,1.000,-90.00,180.00,0.00,OPEN,0
673106.689,0,0,0,1.000,1.000,1.000,-90.00,180.00,0.00,OPEN,0
673106.739,0,0,0,1.000,1.000,1.000,-90.00,180.00,0.00,OPEN,0
673106.789,0,0,0,1.000,1.000,1.000,-90.00,180.00,0.00,OPEN,0
673106.839,0,0,0,1.000,1.000,1.000,-90.00,180.00,0.00,OPEN,0
673106.889,0,0,0,1.000,1.000,1.000,-90.00,180.00,0.00,OPEN,0
673106.939,0,0,0,1.000,1.000,1.000,-90.00,180.00,0.00,OPEN,0
673106.989,0,0,0,1.000,1.000,1.000,-90.00,180.00,0.00,OPEN,0
673107.039,0,0,0,1.000,1.000,1.000,-90.00,180.00,0.00,OPEN,0
673107.089,0,0,0,1.000,1.000,1.000,-90.00,180.00,0.00,OPEN,0
673107.139,0,0,0,1.000,1.000,1.000,-90.00,180.00,0.00,OPEN,0
673107.188,0,0,0,1.000,1.000,1.000,-90.00,180.00,0.00,OPEN,0
673107.249,0,0,0,1.000,1.000,1.000,-90.00,180.00,0.00,OPEN,0
673107.291,0,0,0,1.000,1.000,1.000,-90.00,180.00,0.00,OPEN,0
673107.338,0,0,0,1.000,1.000,1.000,-90.00,180.00,0.00,OPEN,0
673107.389,0,0,0,1.000,1.000,1.000,-90.00,180.00,0.00,OPEN,0
673107.439,0,0,0,1.000,1.000,1.000,-90.00,180.00,0.00,OPEN,0
673107.489,0,0,0,1.000,1.000,1.000,-90.00,180.00,0.00,OPEN,0
673107.538,0,0,0,1.000,1.000,1.000,-90.00,180.00,0.00,OPEN,0
673107.589,0,0,0,1.000,1.000,1.000,-90.00,180.00,0.00,OPEN,0
673107.639,0,0,0,1.000,1.000,1.000,-90.00,180.00,0.00,OPEN,0
673107.689,0,0,0,1.000,1.000,1.000,-90.00,180.00,0.00,OPEN,0
673107.745,0,0,0,1.000,1.000,1.000,-90.00,180.00,0.00,OPEN,0
673107.791,0,0,0,1.000,1.000,1.000,-90.00,180.00,0.00,OPEN,0
673107.839,0,0,0,1.000,1.000,1.000,-90.00,180.00,0.00,OPEN,0
673107.889,0,0,0,1.000,0.939,1.000,-90.00,180.00,0.00,OPEN,0
673107.939,0,0,0,1.000,0.994,1.000,-90.00,180.00,0.00,OPEN,0
673107.989,0,0,0,0.998,1.000,1.000,-90.00,180.00,0.00,OPEN,0
673108.041,0,0,0,0.997,1.000,1.000,-90.00,180.00,0.00,OPEN,0
673108.089,0,0,0,0.999,1.000,1.000,-90.00,180.00,0.00,OPEN,0
673108.139,0,0,0,0.998,1.000,1.000,-90.00,180.00,0.00,OPEN,0
673108.189,0,0,0,0.998,1.000,1.000,-90.00,180.00,0.00,OPEN,0
673108.239,0,0,0,0.999,1.000,1.000,-90.00,180.00,0.00,OPEN,0
673108.290,0,0,0,1.000,1.000,0.998,-90.00,180.00,0.00,OPEN,0
673108.342,0,0,0,1.000,1.000,0.988,-90.00,180.00,0.00,OPEN,0
673108.389,0,0,0,1.000,1.000,0.943,-90.00,180.00,0.00,OPEN,0
673108.439,0,0,0,1.000,1.000,0.757,-90.00,180.00,0.00,OPEN,0
673108.489,0,0,0,1.000,1.000,0.504,-90.00,180.00,0.00,OPEN,0
673108.539,0,0,0,1.000,1.000,0.691,-90.00,180.00,0.00,OPEN,0
673108.589,0,0,0,1.000,1.000,0.834,-90.00,180.00,0.00,OPEN,0
673108.639,0,0,0,1.000,1.000,0.808,-90.00,180.00,0.00,OPEN,0
673108.710,0,0,0,1.000,1.000,0.817,-90.00,180.00,0.00,OPEN,0
673108.741,0,0,0,1.000,1.000,0.876,-90.00,180.00,0.00,OPEN,0
673108.788,0,0,0,1.000,1.000,0.969,-90.00,180.00,0.00,OPEN,0
673108.838,0,1,0,1.000,1.000,1.000,-90.00,180.00,0.00,OPEN,0
673108.889,0,1,0,1.000,1.000,1.000,-90.00,180.00,0.00,OPEN,0
673108.943,0,1,0,1.000,1.000,1.000,-90.00,180.00,0.00,OPEN,0
673108.989,0,1,0,1.000,1.000,1.000,-90.00,180.00,0.00,OPEN,0
673109.039,0,1,0,1.000,1.000,1.000,-90.00,180.00,0.00,OPEN,0
673109.089,0,1,0,1.000,1.000,1.000,-90.00,180.00,0.00,OPEN,0
673109.139,0,1,0,1.000,1.000,1.000,-90.00,180.00,0.00,OPEN,0
673109.189,0,1,0,1.000,1.000,1.000,-90.00,180.00,0.00,OPEN,0
673109.239,0,1,0,1.000,1.000,1.000,-90.00,180.00,0.00,OPEN,0
673109.289,0,1,0,1.000,1.000,1.000,-90.00,180.00,0.00,OPEN,0
673109.340,0,1,0,1.000,1.000,1.000,-90.00,180.00,0.00,OPEN,0
673109.389,0,1,1,1.000,1.000,1.000,-90.00,180.00,0.00,OPEN,0
673109.439,0,1,1,1.000,1.000,1.000,-90.00,180.00,0.00,OPEN,0
673109.489,0,1,1,1.000,1.000,1.000,-90.00,180.00,0.00,OPEN,0
673109.539,0,1,1,1.000,1.000,1.000,-90.00,180.00,0.00,OPEN,0
673109.589,0,1,1,1.000,1.000,1.000,-90.00,180.00,0.00,OPEN,0
673109.639,0,1,1,1.000,1.000,1.000,-90.00,180.00,0.00,OPEN,0
673109.689,0,1,1,1.000,1.000,1.000,-90.00,180.00,0.00,OPEN,0
673109.740,0,1,1,1.000,1.000,1.000,-90.00,180.00,0.00,OPEN,0
673109.789,0,1,1,1.000,1.000,1.000,-90.00,180.00,0.00,OPEN,0
673109.839,0,1,1,1.000,1.000,1.000,-90.00,180.00,0.00,OPEN,0
673109.889,0,1,1,1.000,1.000,1.000,-90.00,180.00,0.00,OPEN,0
673109.939,0,1,1,1.000,1.000,1.000,-90.00,180.00,0.00,OPEN,0
673109.989,0,1,1,1.000,1.000,1.000,-90.00,180.00,0.00,OPEN,0
673110.039,0,1,1,1.000,1.000,1.000,-90.00,180.00,0.00,OPEN,0
673110.089,0,1,1,1.000,1.000,1.000,-90.00,180.00,0.00,OPEN,0
673110.139,0,1,1,1.000,1.000,1.000,-90.00,180.00,0.00,OPEN,0
673110.189,0,1,1,1.000,1.000,1.000,-90.00,180.00,0.00,OPEN,0
673110.240,0,1,1,1.000,1.000,1.000,-90.00,180.00,0.00,OPEN,0
673110.290,0,1,1,1.000,1.000,1.000,-90.00,180.00,0.00,OPEN,0
673110.338,0,1,1,1.000,1.000,1.000,-90.00,180.00,0.00,OPEN,0
673110.389,0,1,1,1.000,1.000,1.000,-90.00,180.00,0.00,OPEN,0
673110.439,0,1,1,1.000,1.000,1.000,-90.00,180.00,0.00,OPEN,0
673110.489,0,1,1,1.000,1.000,1.000,-90.00,180.00,0.00,OPEN,0
673110.539,0,1,1,1.000,1.000,1.000,-90.00,180.00,0.00,OPEN,0
673110.589,0,1,1,1.000,1.000,1.000,-90.00,180.00,0.00,OPEN,0
673110.639,0,1,1,1.000,1.000,1.000,-90.00,180.00,0.00,OPEN,0
673110.689,0,1,1,1.000,1.000,1.000,-90.00,180.00,0.00,OPEN,0
673110.739,0,1,1,1.000,1.000,1.000,-90.00,180.00,0.00,OPEN,0
673110.789,0,1,1,1.000,1.000,1.000,-90.00,180.00,0.00,OPEN,0
673110.839,0,1,1,1.000,1.000,1.000,-90.00,180.00,0.00,OPEN,0
673110.889,0,1,1,1.000,1.000,1.000,-90.00,180.00,0.00,OPEN,0
673110.960,0,1,1,1.000,1.000,1.000,-90.00,180.00,0.00,OPEN,0
673110.994,0,1,1,1.000,1.000,1.000,-90.00,180.00,0.00,OPEN,0
673111.039,0,1,1,1.000,1.000,1.000,-90.00,180.00,0.00,OPEN,0
673111.089,0,1,1,1.000,1.000,1.000,-90.00,180.00,0.00,OPEN,0
673111.139,0,1,1,1.000,1.000,1.000,-90.00,180.00,0.00,OPEN,0
673111.189,0,1,1,1.000,1.000,1.000,-90.00,180.00,0.00,OPEN,0
673111.239,0,1,1,1.000,1.000,1.000,-90.00,180.00,0.00,OPEN,0
673111.289,0,1,1,1.000,1.000,1.000,-90.00,180.00,0.00,OPEN,0
673111.340,0,1,1,1.000,1.000,1.000,-90.00,180.00,0.00,OPEN,0
673111.389,0,1,1,1.000,1.000,1.000,-90.00,180.00,0.00,OPEN,0
673111.439,0,1,1,1.000,1.000,1.000,-90.00,180.00,0.00,OPEN,0
673111.489,0,1,1,1.000,1.000,1.000,-90.00,180.00,0.00,OPEN,0
673111.538,0,1,1,1.000,1.000,1.000,-90.00,180.00,0.00,OPEN,0
673111.590,0,1,1,1.000,1.000,1.000,-90.00,180.00,0.00,OPEN,0
673111.639,0,1,1,1.000,1.000,1.000,-90.00,180.00,0.00,OPEN,0
673111.689,0,1,1,1.000,1.000,1.000,-90.00,180.00,0.00,OPEN,0
673111.739,0,1,1,1.000,1.000,1.000,-90.00,180.00,0.00,OPEN,0
673111.789,0,1,1,1.000,1.000,1.000,-90.00,180.00,0.00,OPEN,0
673111.839,0,1,1,1.000,1.000,1.000,-90.00,180.00,0.00,OPEN,0
673111.889,0,1,1,1.000,1.000,1.000,-90.00,180.00,0.00,OPEN,0
673111.941,0,1,1,1.000,1.000,1.000,-90.00,180.00,0.00,OPEN,0
673111.989,0,1,1,1.000,1.000,1.000,-90.00,180.00,0.00,OPEN,0
673112.039,0,1,1,1.000,1.000,1.000,-90.00,180.00,0.00,OPEN,0
673112.088,0,1,1,1.000,1.000,1.000,-90.00,180.00,0.00,OPEN,0
673112.138,0,1,1,1.000,1.000,1.000,-90.00,180.00,0.00,OPEN,0
673112.189,0,1,1,1.000,1.000,1.000,-90.00,180.00,0.00,OPEN,0
673112.240,0,1,1,1.000,1.000,1.000,-90.00,180.00,0.00,OPEN,0
673112.289,0,1,1,1.000,1.000,1.000,-90.00,180.00,0.00,OPEN,0
673112.339,0,1,1,1.000,1.000,1.000,-90.00,180.00,0.00,OPEN,0
673112.389,0,1,1,1.000,1.000,1.000,-90.00,180.00,0.00,OPEN,0
673112.439,0,1,1,1.000,1.000,1.000,-90.00,180.00,0.00,OPEN,0
673112.489,0,1,1,1.000,1.000,1.000,-90.00,180.00,0.00,OPEN,0
673112.540,0,1,1,1.000,1.000,1.000,-90.00,180.00,0.00,OPEN,0
673112.589,0,1,1,1.000,1.000,1.000,-90.00,180.00,0.00,OPEN,0
673112.639,0,1,1,1.000,1.000,1.000,-90.00,180.00,0.00,OPEN,0
673112.689,0,1,1,1.000,1.000,1.000,-90.00,180.00,0.00,OPEN,0
673112.739,0,1,1,1.000,1.000,1.000,-90.00,180.00,0.00,OPEN,0
673112.788,0,1,1,1.000,1.000,1.000,-90.00,180.00,0.00,OPEN,0
673112.839,0,1,1,1.000,1.000,1.000,-90.00,180.00,0.00,OPEN,0
673112.889,0,1,1,1.000,1.000,1.000,-90.00,180.00,0.00,OPEN,0
673112.939,0,1,1,1.000,1.000,1.000,-90.00,180.00,0.00,OPEN,0
673112.988,0,1,1,1.000,1.000,1.000,-90.00,180.00,0.00,OPEN,0
673113.039,0,1,1,1.000,1.000,1.000,-90.00,180.00,0.00,OPEN,0
673113.090,0,1,1,1.000,1.000,1.000,-90.00,180.00,0.00,OPEN,0
673113.139,0,1,1,1.000,1.000,1.000,-90.00,180.00,0.00,OPEN,0
673113.189,0,1,1,1.000,1.000,1.000,-90.00,180.00,0.00,OPEN,0
673113.254,0,1,1,1.000,1.000,1.000,-90.00,180.00,0.00,OPEN,0
673113.292,0,1,1,1.000,1.000,1.000,-90.00,180.00,0.00,OPEN,0
673113.339,0,1,1,1.000,1.000,1.000,-90.00,180.00,0.00,OPEN,0
673113.389,0,1,1,1.000,1.000,1.000,-90.00,180.00,0.00,OPEN,0
673113.439,0,1,1,1.000,1.000,1.000,-90.00,180.00,0.00,OPEN,0
673113.489,0,1,1,1.000,1.000,1.000,-90.00,180.00,0.00,OPEN,0
673113.539,0,1,1,1.000,1.000,1.000,-90.00,180.00,0.00,OPEN,0
673113.589,0,1,1,1.000,1.000,1.000,-90.00,180.00,0.00,OPEN,0
673113.639,0,1,1,1.000,1.000,1.000,-90.00,180.00,0.00,OPEN,0
673113.689,0,1,1,1.000,1.000,1.000,-90.00,180.00,0.00,OPEN,0
673113.739,0,1,1,1.000,1.000,1.000,-90.00,180.00,0.00,OPEN,0
673113.789,0,1,1,1.000,1.000,1.000,-90.00,180.00,0.00,OPEN,0
673113.840,0,1,1,1.000,1.000,1.000,-90.00,180.00,0.00,OPEN,0
673113.888,0,1,1,1.000,1.000,1.000,-90.00,180.00,0.00,OPEN,0
673113.939,0,1,1,1.000,1.000,1.000,-90.00,180.00,0.00,OPEN,0
673113.989,0,1,1,1.000,1.000,1.000,-90.00,180.00,0.00,OPEN,0
673114.039,0,1,1,1.000,1.000,1.000,-90.00,180.00,0.00,OPEN,0
673114.090,0,1,1,1.000,1.000,1.000,-90.00,180.00,0.00,OPEN,0
673114.139,0,1,1,1.000,1.000,0.999,-90.00,180.00,0.00,OPEN,0
673114.189,0,1,1,1.000,0.999,0.996,-90.00,180.00,0.00,OPEN,0
673114.239,0,1,1,1.000,0.998,0.994,-90.00,180.00,0.00,OPEN,0
673114.289,0,1,1,1.000,0.998,0.993,-90.00,180.00,0.00,OPEN,0
673114.339,0,1,1,1.000,0.998,0.991,-90.00,180.00,0.00,OPEN,0
673114.389,0,1,1,0.999,0.995,0.993,-90.00,180.00,0.00,OPEN,0
673114.439,0,1,1,1.000,0.999,0.957,-90.00,180.00,0.00,OPEN,0
673114.489,0,1,1,0.998,1.000,0.780,-90.00,180.00,0.00,OPEN,0
673114.540,0,1,1,0.998,1.000,0.787,-90.00,180.00,0.00,OPEN,0
673114.589,0,1,1,0.996,1.000,0.986,-90.00,180.00,0.00,OPEN,0
673114.639,0,1,1,0.995,1.000,0.989,-90.00,180.00,0.00,OPEN,0
673114.689,0,1,1,0.993,1.000,0.928,-90.00,180.00,0.00,OPEN,0
673114.740,0,1,1,0.991,1.000,0.918,-90.00,180.00,0.00,OPEN,0
673114.790,0,1,1,0.999,1.000,0.934,-90.00,180.00,0.00,OPEN,0
673114.839,0,1,1,1.000,1.000,0.942,-90.00,180.00,0.00,OPEN,0
673114.889,0,1,1,1.000,1.000,0.936,-90.00,180.00,0.00,OPEN,0
673114.949,0,1,1,1.000,1.000,0.979,-90.00,180.00,0.00,OPEN,0
673114.992,0,1,1,1.000,1.000,0.982,-90.00,180.00,0.00,OPEN,0
673115.039,0,1,1,1.000,1.000,0.966,-90.00,180.00,0.00,OPEN,0
673115.089,0,1,1,1.000,0.820,0.975,-90.00,180.00,0.00,OPEN,0
673115.139,0,1,1,1.000,0.995,0.973,-90.00,180.00,0.00,OPEN,0
673115.189,0,1,1,1.000,1.000,0.962,-90.00,180.00,0.00,OPEN,0
673115.239,0,1,1,1.000,1.000,0.957,-90.00,180.00,0.00,OPEN,0
673115.288,0,1,1,1.000,1.000,0.956,-90.00,180.00,0.00,OPEN,0
673115.340,0,1,1,1.000,1.000,0.937,-90.00,180.00,0.00,OPEN,0
673115.389,0,1,1,1.000,1.000,0.875,-90.00,180.00,0.00,OPEN,0
673115.440,0,1,1,1.000,0.672,0.529,-90.00,180.00,0.00,OPEN,0
673115.489,0,1,0,1.000,0.998,0.945,-90.00,180.00,0.00,OPEN,0
673115.541,0,1,0,1.000,1.000,0.995,-90.00,180.00,0.00,OPEN,0
673115.590,0,1,0,1.000,1.000,0.996,-90.00,180.00,0.00,OPEN,0
673115.639,0,1,0,1.000,1.000,0.997,-90.00,180.00,0.00,OPEN,0
673115.689,0,1,0,1.000,1.000,0.995,-90.00,180.00,0.00,OPEN,0
673115.739,0,1,0,1.000,1.000,0.994,-90.00,180.00,0.00,OPEN,0
673115.789,0,1,0,1.000,1.000,0.992,-90.00,180.00,0.00,OPEN,0
673115.839,0,1,0,1.000,0.999,0.990,-90.00,180.00,0.00,OPEN,0
673115.890,0,1,0,1.000,0.980,0.977,-90.00,180.00,0.00,OPEN,0
673115.939,0,1,0,1.000,0.819,0.917,-90.00,180.00,0.00,OPEN,0
673115.989,0,1,0,1.000,0.998,0.786,-90.00,180.00,0.00,OPEN,0
673116.039,0,1,0,1.000,1.000,0.675,-90.00,180.00,0.00,OPEN,0
673116.089,0,1,0,1.000,1.000,0.618,-90.00,180.00,0.00,OPEN,0
673116.139,0,1,0,1.000,1.000,0.884,-90.00,180.00,0.00,OPEN,0
673116.201,0,1,0,1.000,1.000,0.976,-90.00,180.00,0.00,OPEN,0
673116.242,0,1,0,1.000,1.000,0.996,-90.00,180.00,0.00,OPEN,0
673116.289,0,1,0,1.000,1.000,0.999,-90.00,180.00,0.00,OPEN,0
673116.339,0,1,1,1.000,1.000,0.999,-90.00,180.00,0.00,OPEN,0
673116.390,0,1,1,1.000,1.000,1.000,-90.00,180.00,0.00,OPEN,0
673116.439,0,1,1,1.000,1.000,1.000,-90.00,180.00,0.00,OPEN,0
673116.491,0,1,1,1.000,1.000,1.000,-90.00,180.00,0.00,OPEN,0
673116.539,0,1,1,1.000,1.000,1.000,-90.00,180.00,0.00,OPEN,0
673116.589,0,1,1,1.000,1.000,1.000,-90.00,180.00,0.00,OPEN,0
673116.640,0,1,1,1.000,1.000,1.000,-90.00,180.00,0.00,OPEN,0
673116.689,0,1,1,1.000,1.000,1.000,-90.00,180.00,0.00,OPEN,0
673116.739,0,1,1,1.000,1.000,1.000,-90.00,180.00,0.00,OPEN,0
673116.789,0,1,1,1.000,1.000,1.000,-90.00,180.00,0.00,OPEN,0
673116.839,0,0,1,1.000,1.000,1.000,-90.00,180.00,0.00,OPEN,0
673116.890,0,0,1,1.000,1.000,1.000,-90.00,180.00,0.00,OPEN,0
673116.939,0,0,1,1.000,1.000,1.000,-90.00,180.00,0.00,OPEN,0
673116.989,0,0,0,1.000,1.000,1.000,-90.00,180.00,0.00,OPEN,0
673117.039,0,0,0,1.000,1.000,1.000,-90.00,180.00,0.00,OPEN,0
673117.089,0,0,0,1.000,1.000,1.000,-90.00,180.00,0.00,OPEN,0
673117.139,0,0,0,1.000,1.000,1.000,-90.00,180.00,0.00,OPEN,0
673117.189,0,0,0,1.000,1.000,1.000,-90.00,180.00,0.00,OPEN,0
673117.240,0,0,0,1.000,1.000,1.000,-90.00,180.00,0.00,OPEN,0
673117.289,0,0,0,1.000,1.000,1.000,-90.00,180.00,0.00,OPEN,0
673117.339,0,0,0,1.000,1.000,1.000,-90.00,180.00,0.00,OPEN,0
673117.389,0,0,0,1.000,1.000,1.000,-90.00,180.00,0.00,OPEN,0
673117.439,0,0,0,1.000,1.000,1.000,-90.00,180.00,0.00,OPEN,0
673117.489,0,0,0,1.000,1.000,1.000,-90.00,180.00,0.00,OPEN,0
673117.540,0,0,0,1.000,1.000,1.000,-90.00,180.00,0.00,OPEN,0
673117.589,0,0,0,1.000,1.000,1.000,-90.00,180.00,0.00,OPEN,0
673117.639,0,0,0,1.000,1.000,1.000,-90.00,180.00,0.00,OPEN,0
673117.689,0,0,0,1.000,1.000,1.000,-90.00,180.00,0.00,OPEN,0
673117.739,0,0,0,1.000,1.000,1.000,-90.00,180.00,0.00,OPEN,0
673117.789,0,0,0,1.000,1.000,1.000,-90.00,180.00,0.00,OPEN,0
673117.839,0,0,0,1.000,1.000,1.000,-90.00,180.00,0.00,OPEN,0
673117.889,0,0,0,1.000,1.000,1.000,-90.00,180.00,0.00,OPEN,0
673117.939,0,0,0,1.000,1.000,1.000,-90.00,180.00,0.00,OPEN,0
673117.989,0,0,0,1.000,1.000,1.000,-90.00,180.00,0.00,OPEN,0
673118.039,0,0,0,1.000,1.000,1.000,-90.00,180.00,0.00,OPEN,0
673118.090,0,0,0,1.000,1.000,1.000,-90.00,180.00,0.00,OPEN,0
673118.139,0,0,0,1.000,1.000,1.000,-90.00,180.00,0.00,OPEN,0
673118.190,0,0,0,1.000,1.000,1.000,-90.00,180.00,0.00,OPEN,0
673118.239,0,0,0,1.000,1.000,1.000,-90.00,180.00,0.00,OPEN,0
673118.294,0,0,0,1.000,1.000,1.000,-90.00,180.00,0.00,OPEN,0
673118.339,0,0,0,1.000,1.000,1.000,-90.00,180.00,0.00,OPEN,0
673118.389,0,0,0,1.000,1.000,1.000,-90.00,180.00,0.00,OPEN,0
673118.439,0,0,0,1.000,1.000,1.000,-90.00,180.00,0.00,OPEN,0
673118.489,0,0,0,1.000,1.000,1.000,-90.00,180.00,0.00,OPEN,0
673118.539,0,0,0,1.000,1.000,1.000,-90.00,180.00,0.00,OPEN,0
673118.589,0,0,0,1.000,1.000,1.000,-90.00,180.00,0.00,OPEN,0
673118.640,0,0,0,1.000,1.000,1.000,-90.00,180.00,0.00,OPEN,0
673118.689,0,0,0,1.000,1.000,1.000,-90.00,180.00,0.00,OPEN,0
673118.739,0,0,0,1.000,1.000,1.000,-90.00,180.00,0.00,OPEN,0
673118.789,0,0,0,1.000,1.000,1.000,-90.00,180.00,0.00,OPEN,0
673118.839,0,0,0,1.000,1.000,1.000,-90.00,180.00,0.00,OPEN,0
673118.889,0,0,0,1.000,1.000,1.000,-90.00,180.00,0.00,OPEN,0
673118.939,0,0,0,1.000,1.000,1.000,-90.00,180.00,0.00,OPEN,0
673118.989,0,0,0,1.000,1.000,1.000,-90.00,180.00,0.00,OPEN,0
673119.039,0,0,0,1.000,1.000,1.000,-90.00,180.00,0.00,OPEN,0
673119.089,0,0,0,1.000,1.000,1.000,-90.00,180.00,0.00,OPEN,0
673119.139,0,0,0,1.000,1.000,1.000,-90.00,180.00,0.00,OPEN,0
673119.189,0,0,0,1.000,1.000,1.000,-90.00,180.00,0.00,OPEN,0
673119.239,0,0,0,1.000,1.000,1.000,-90.00,180.00,0.00,OPEN,0
673119.289,0,0,0,1.000,1.000,1.000,-90.00,180.00,0.00,OPEN,0
673119.339,0,0,0,1.000,1.000,1.000,-90.00,180.00,0.00,OPEN,0
673119.389,0,0,0,1.000,1.000,1.000,-90.00,180.00,0.00,OPEN,0
673119.439,0,0,0,1.000,1.000,1.000,-90.00,180.00,0.00,OPEN,0
673119.489,0,0,0,1.000,1.000,1.000,-90.00,180.00,0.00,OPEN,0
673119.549,0,0,0,1.000,1.000,1.000,-90.00,180.00,0.00,OPEN,0
673119.590,0,0,0,1.000,1.000,1.000,-90.00,180.00,0.00,OPEN,0
673119.639,0,0,0,1.000,1.000,1.000,-90.00,180.00,0.00,OPEN,0
673119.690,0,0,0,1.000,1.000,1.000,-90.00,180.00,0.00,OPEN,0
673119.740,0,0,0,1.000,1.000,1.000,-90.00,180.00,0.00,OPEN,0
673119.789,0,0,0,1.000,1.000,1.000,-90.00,180.00,0.00,OPEN,0
673119.839,0,0,0,1.000,1.000,1.000,-90.00,180.00,0.00,OPEN,0
673119.889,0,0,0,1.000,1.000,1.000,-90.00,180.00,0.00,OPEN,0
673119.939,0,0,0,1.000,1.000,1.000,-90.00,180.00,0.00,OPEN,0
673119.989,0,0,0,1.000,1.000,1.000,-90.00,180.00,0.00,OPEN,0
673120.039,0,0,0,1.000,1.000,1.000,-90.00,180.00,0.00,OPEN,0
673120.089,0,0,0,1.000,1.000,1.000,-90.00,180.00,0.00,OPEN,0
673120.139,0,0,0,1.000,1.000,1.000,-90.00,180.00,0.00,OPEN,0
673120.189,0,0,0,1.000,1.000,1.000,-90.00,180.00,0.00,OPEN,0
673120.240,0,0,0,1.000,1.000,1.000,-90.00,180.00,0.00,OPEN,0
673120.289,0,0,0,1.000,1.000,1.000,-90.00,180.00,0.00,OPEN,0
673120.339,0,0,0,1.000,1.000,1.000,-90.00,180.00,0.00,OPEN,0
673120.389,0,0,0,1.000,1.000,1.000,-90.00,180.00,0.00,OPEN,0
673120.438,0,0,0,1.000,1.000,1.000,-90.00,180.00,0.00,OPEN,0
673120.489,0,0,0,1.000,1.000,1.000,-90.00,180.00,0.00,OPEN,0
673120.539,0,0,0,1.000,1.000,1.000,-90.00,180.00,0.00,OPEN,0
673120.589,0,0,0,1.000,1.000,1.000,-90.00,180.00,0.00,OPEN,0
673120.639,0,0,0,1.000,1.000,1.000,-90.00,180.00,0.00,OPEN,0
673120.689,0,0,0,1.000,1.000,1.000,-90.00,180.00,0.00,OPEN,0
673120.739,0,0,0,1.000,1.000,1.000,-90.00,180.00,0.00,OPEN,0
673120.789,0,0,0,1.000,1.000,1.000,-90.00,180.00,0.00,OPEN,0
673120.839,0,0,0,1.000,1.000,1.000,-90.00,180.00,0.00,OPEN,0
673120.889,0,0,0,1.000,1.000,1.000,-90.00,180.00,0.00,OPEN,0
673120.939,0,0,0,1.000,1.000,1.000,-90.00,180.00,0.00,OPEN,0
673120.989,0,0,0,1.000,1.000,1.000,-90.00,180.00,0.00,OPEN,0
673121.039,0,0,0,1.000,1.000,1.000,-90.00,180.00,0.00,OPEN,0
673121.089,0,0,0,1.000,1.000,1.000,-90.00,180.00,0.00,OPEN,0
673121.139,0,0,0,1.000,1.000,1.000,-90.00,180.00,0.00,OPEN,0
673121.189,0,0,0,1.000,1.000,1.000,-90.00,180.00,0.00,OPEN,0
673121.239,0,0,0,1.000,1.000,1.000,-90.00,180.00,0.00,OPEN,0
673121.289,0,0,0,1.000,1.000,1.000,-90.00,180.00,0.00,OPEN,0
673121.338,0,0,0,1.000,1.000,1.000,-90.00,180.00,0.00,OPEN,0
673121.390,0,0,0,1.000,1.000,1.000,-90.00,180.00,0.00,OPEN,0
673121.439,0,0,0,0.999,1.000,1.000,-90.00,180.00,0.00,OPEN,0
673121.489,0,0,0,0.990,1.000,1.000,-90.00,180.00,0.00,OPEN,0
673121.539,0,0,0,0.641,1.000,1.000,-90.00,180.00,0.00,OPEN,0
673121.589,0,0,0,0.601,1.000,1.000,-90.00,180.00,0.00,OPEN,0
673121.638,0,0,0,0.829,0.977,1.000,-90.00,180.00,0.00,OPEN,0
673121.689,0,0,0,0.930,1.000,1.000,-90.00,180.00,0.00,OPEN,0
673121.739,0,0,0,0.981,1.000,1.000,-90.00,180.00,0.00,OPEN,0
673121.789,0,0,0,0.998,1.000,1.000,-90.00,180.00,0.00,OPEN,0
673121.839,0,0,0,1.000,1.000,1.000,-90.00,180.00,0.00,OPEN,0
673121.889,0,0,0,1.000,1.000,1.000,-90.00,180.00,0.00,OPEN,0
673121.939,0,0,0,1.000,1.000,1.000,-90.00,180.00,0.00,OPEN,0
673121.989,3,0,0,1.000,1.000,1.000,-90.00,180.00,0.00,OPEN,0
673122.045,3,0,0,1.000,1.000,1.000,-90.00,180.00,0.00,OPEN,0
673122.090,3,0,0,0.999,1.000,1.000,-90.00,180.00,0.00,OPEN,0
673122.139,3,0,0,1.000,1.000,1.000,-90.00,180.00,0.00,OPEN,0
673122.190,3,0,0,1.000,1.000,1.000,-90.00,180.00,0.00,OPEN,0
673122.239,3,0,0,1.000,1.000,1.000,-90.00,180.00,0.00,OPEN,0
673122.289,3,0,0,1.000,1.000,1.000,-90.00,180.00,0.00,OPEN,0
673122.339,3,0,0,1.000,1.000,1.000,-90.00,180.00,0.00,OPEN,0
673122.389,3,0,0,1.000,1.000,1.000,-90.00,180.00,0.00,OPEN,0
673122.440,3,0,0,1.000,1.000,1.000,-90.00,180.00,0.00,OPEN,0
673122.489,3,0,0,1.000,1.000,1.000,-90.00,180.00,0.00,OPEN,0
673122.539,3,0,0,1.000,1.000,1.000,-90.00,180.00,0.00,OPEN,0
673122.589,3,1,0,1.000,1.000,1.000,-90.00,180.00,0.00,OPEN,0
673122.639,3,1,0,1.000,1.000,1.000,-90.00,180.00,0.00,OPEN,0
673122.689,3,1,0,1.000,1.000,1.000,-90.00,180.00,0.00,OPEN,0
673122.739,3,1,0,1.000,1.000,1.000,-90.00,180.00,0.00,OPEN,0
673122.789,3,1,0,1.000,1.000,1.000,-90.00,180.00,0.00,OPEN,0
673122.839,3,1,0,1.000,1.000,1.000,-90.00,180.00,0.00,OPEN,0
673122.891,3,1,0,1.000,1.000,1.000,-90.00,180.00,0.00,OPEN,0
673122.938,3,1,0,1.000,1.000,1.000,-90.00,180.00,0.00,OPEN,0
673122.989,3,1,0,1.000,1.000,1.000,-90.00,180.00,0.00,OPEN,0
673123.039,3,1,0,1.000,1.000,1.000,-90.00,180.00,0.00,OPEN,0
673123.089,3,1,0,1.000,1.000,1.000,-90.00,180.00,0.00,OPEN,0
673123.139,3,1,0,1.000,1.000,1.000,-90.00,180.00,0.00,OPEN,0
673123.189,3,1,0,1.000,1.000,1.000,-90.00,180.00,0.00,OPEN,0
673123.239,3,1,0,1.000,1.000,1.000,-90.00,180.00,0.00,OPEN,0
673123.289,3,1,0,1.000,1.000,1.000,-90.00,180.00,0.00,OPEN,0
673123.339,3,1,0,1.000,1.000,1.000,-90.00,180.00,0.00,OPEN,0
673123.389,3,1,0,1.000,1.000,1.000,-90.00,180.00,0.00,OPEN,0
673123.439,3,1,0,1.000,1.000,1.000,-90.00,180.00,0.00,OPEN,0
673123.489,3,1,0,1.000,1.000,1.000,-90.00,180.00,0.00,OPEN,0
673123.538,3,1,0,1.000,1.000,1.000,-90.00,180.00,0.00,OPEN,0
673123.589,3,1,0,1.000,1.000,1.000,-90.00,180.00,0.00,OPEN,0
673123.639,3,1,0,1.000,1.000,1.000,-90.00,180.00,0.00,OPEN,0
673123.689,3,1,0,1.000,1.000,1.000,-90.00,180.00,0.00,OPEN,0
673123.739,3,1,0,1.000,1.000,1.000,-90.00,180.00,0.00,OPEN,0
673123.789,3,1,0,1.000,1.000,1.000,-90.00,180.00,0.00,OPEN,0
673123.839,3,1,0,1.000,1.000,1.000,-90.00,180.00,0.00,OPEN,0
673123.889,3,1,0,1.000,1.000,1.000,-90.00,180.00,0.00,OPEN,0
673123.938,3,1,0,1.000,1.000,1.000,-90.00,180.00,0.00,OPEN,0
673123.989,3,1,0,1.000,1.000,1.000,-90.00,180.00,0.00,OPEN,0
673124.038,3,1,0,1.000,1.000,1.000,-90.00,180.00,0.00,OPEN,0
673124.089,3,1,0,1.000,1.000,1.000,-90.00,180.00,0.00,OPEN,0
673124.139,3,1,0,1.000,1.000,1.000,-90.00,180.00,0.00,OPEN,0
673124.190,3,1,0,1.000,1.000,1.000,-90.00,180.00,0.00,OPEN,0
673124.239,3,1,0,1.000,1.000,1.000,-90.00,180.00,0.00,OPEN,0
673124.289,3,1,0,1.000,1.000,1.000,-90.00,180.00,0.00,OPEN,0
673124.338,3,1,0,1.000,1.000,1.000,-90.00,180.00,0.00,OPEN,0
673124.390,3,1,0,1.000,1.000,1.000,-90.00,180.00,0.00,OPEN,0
673124.439,3,1,0,1.000,1.000,1.000,-90.00,180.00,0.00,OPEN,0
673124.489,3,1,0,1.000,1.000,1.000,-90.00,180.00,0.00,OPEN,0
673124.540,3,1,0,1.000,1.000,1.000,-90.00,180.00,0.00,OPEN,0
673124.589,3,1,0,1.000,1.000,1.000,-90.00,180.00,0.00,OPEN,0
673124.640,3,1,0,1.000,1.000,1.000,-90.00,180.00,0.00,OPEN,0
673124.689,3,1,0,1.000,1.000,1.000,-90.00,180.00,0.00,OPEN,0
673124.739,3,1,0,1.000,1.000,1.000,-90.00,180.00,0.00,OPEN,0
673124.789,3,1,0,1.000,1.000,1.000,-90.00,180.00,0.00,OPEN,0
673124.839,3,1,0,1.000,1.000,1.000,-90.00,180.00,0.00,OPEN,0
673124.889,3,1,0,1.000,1.000,1.000,-90.00,180.00,0.00,OPEN,0
673124.939,3,1,0,1.000,1.000,1.000,-90.00,180.00,0.00,OPEN,0
673124.989,3,1,0,1.000,1.000,1.000,-90.00,180.00,0.00,OPEN,0
673125.039,3,1,0,1.000,1.000,1.000,-90.00,180.00,0.00,OPEN,0
673125.089,3,1,0,1.000,1.000,1.000,-90.00,180.00,0.00,OPEN,0
673125.139,3,1,0,1.000,1.000,1.000,-90.00,180.00,0.00,OPEN,0
673125.189,3,1,0,1.000,1.000,1.000,-90.00,180.00,0.00,OPEN,0
673125.239,3,1,0,1.000,1.000,1.000,-90.00,180.00,0.00,OPEN,0
673125.289,3,1,0,1.000,1.000,1.000,-90.00,180.00,0.00,OPEN,0
673125.339,3,1,0,1.000,1.000,1.000,-90.00,180.00,0.00,OPEN,0
673125.414,3,1,0,1.000,1.000,1.000,-90.00,180.00,0.00,OPEN,0
673125.442,3,1,0,1.000,1.000,1.000,-90.00,180.00,0.00,OPEN,0
673125.489,3,1,0,1.000,1.000,1.000,-90.00,180.00,0.00,OPEN,0
673125.539,3,1,0,1.000,1.000,1.000,-90.00,180.00,0.00,OPEN,0
673125.588,3,1,0,1.000,1.000,1.000,-90.00,180.00,0.00,OPEN,0
673125.639,3,1,0,1.000,1.000,1.000,-90.00,180.00,0.00,OPEN,0
673125.689,3,1,0,1.000,1.000,1.000,-90.00,180.00,0.00,OPEN,0
673125.739,3,1,0,1.000,1.000,1.000,-90.00,180.00,0.00,OPEN,0
673125.789,3,1,0,1.000,1.000,1.000,-90.00,180.00,0.00,OPEN,0
673125.840,3,1,0,1.000,1.000,1.000,-90.00,180.00,0.00,OPEN,0
673125.889,3,1,0,1.000,1.000,1.000,-90.00,180.00,0.00,OPEN,0
673125.939,3,1,0,1.000,1.000,1.000,-90.00,180.00,0.00,OPEN,0
673125.989,3,1,0,1.000,1.000,1.000,-90.00,180.00,0.00,OPEN,0
673126.039,3,1,0,1.000,1.000,1.000,-90.00,180.00,0.00,OPEN,0
673126.089,3,1,0,1.000,1.000,1.000,-90.00,180.00,0.00,OPEN,0
673126.139,3,1,0,1.000,1.000,1.000,-90.00,180.00,0.00,OPEN,0
673126.189,3,1,0,1.000,1.000,1.000,-90.00,180.00,0.00,OPEN,0
673126.239,3,1,0,1.000,1.000,1.000,-90.00,180.00,0.00,OPEN,0
673126.289,3,1,0,1.000,1.000,1.000,-90.00,180.00,0.00,OPEN,0
673126.339,3,1,0,1.000,1.000,1.000,-90.00,180.00,0.00,OPEN,0
673126.389,3,1,0,1.000,1.000,1.000,-90.00,180.00,0.00,OPEN,0
673126.439,3,1,0,1.000,1.000,1.000,-90.00,180.00,0.00,OPEN,0
673126.489,3,1,0,1.000,1.000,1.000,-90.00,180.00,0.00,OPEN,0
673126.539,3,1,0,1.000,1.000,1.000,-90.00,180.00,0.00,OPEN,0
673126.588,3,1,0,1.000,1.000,1.000,-90.00,180.00,0.00,OPEN,0
673126.640,3,1,0,1.000,1.000,1.000,-90.00,180.00,0.00,OPEN,0
673126.689,3,1,0,1.000,1.000,1.000,-90.00,180.00,0.00,OPEN,0
673126.739,3,1,0,1.000,1.000,1.000,-90.00,180.00,0.00,OPEN,0
673126.789,3,1,0,1.000,1.000,1.000,-90.00,180.00,0.00,OPEN,0
673126.839,3,1,0,1.000,1.000,1.000,-90.00,180.00,0.00,OPEN,0
673126.889,3,1,0,1.000,1.000,1.000,-90.00,180.00,0.00,OPEN,0
673126.939,3,1,0,1.000,1.000,1.000,-90.00,180.00,0.00,OPEN,0
673126.990,3,1,0,1.000,1.000,1.000,-90.00,180.00,0.00,OPEN,0
673127.039,3,1,0,1.000,1.000,1.000,-90.00,180.00,0.00,OPEN,0
673127.089,3,1,0,1.000,1.000,1.000,-90.00,180.00,0.00,OPEN,0
673127.139,3,1,0,1.000,1.000,1.000,-90.00,180.00,0.00,OPEN,0
673127.189,3,1,0,1.000,1.000,1.000,-90.00,180.00,0.00,OPEN,0
673127.239,3,1,0,1.000,1.000,1.000,-90.00,180.00,0.00,OPEN,0
673127.289,3,1,0,1.000,1.000,1.000,-90.00,180.00,0.00,OPEN,0
673127.339,3,1,0,0.999,1.000,1.000,-90.00,180.00,0.00,OPEN,0
673127.389,3,1,0,0.991,1.000,1.000,-90.00,180.00,0.00,OPEN,0
673127.439,3,1,0,0.745,1.000,1.000,-90.00,180.00,0.00,OPEN,0
673127.490,3,1,0,0.933,1.000,1.000,-90.00,180.00,0.00,OPEN,0
673127.539,3,1,0,0.993,1.000,1.000,-90.00,180.00,0.00,OPEN,0
673127.589,3,1,0,0.998,1.000,1.000,-90.00,180.00,0.00,OPEN,0
673127.639,3,1,0,0.997,1.000,1.000,-90.00,180.00,0.00,OPEN,0
673127.689,3,1,0,0.995,1.000,1.000,-90.00,180.00,0.00,OPEN,0
673127.739,3,1,0,0.970,1.000,1.000,-90.00,180.00,0.00,OPEN,0
673127.789,3,1,0,0.933,1.000,1.000,-90.00,180.00,0.00,OPEN,0
673127.839,3,1,0,0.499,1.000,1.000,-90.00,180.00,0.00,OPEN,0
673127.897,1,1,0,0.843,1.000,1.000,-90.00,180.00,0.00,OPEN,0
673127.942,1,1,0,0.987,1.000,1.000,-90.00,180.00,0.00,OPEN,0
673127.989,1,1,0,0.984,1.000,1.000,-90.00,180.00,0.00,OPEN,0
673128.039,1,1,0,0.889,0.997,1.000,-90.00,180.00,0.00,OPEN,0
673128.089,1,1,0,0.750,0.881,1.000,-90.00,180.00,0.00,OPEN,0
673128.139,1,1,0,0.587,0.870,1.000,-90.00,180.00,0.00,OPEN,0
673128.190,1,1,0,0.600,0.998,1.000,-90.00,180.00,0.00,OPEN,0
673128.239,1,1,0,0.820,1.000,1.000,-90.00,180.00,0.00,OPEN,0
673128.290,1,1,0,0.567,1.000,0.999,-90.00,180.00,0.00,OPEN,0
673128.339,1,1,0,0.956,1.000,0.999,-90.00,180.00,0.00,OPEN,0
673128.389,0,1,0,1.000,1.000,0.999,-90.00,180.00,0.00,OPEN,0
673128.439,0,1,0,1.000,1.000,0.999,-90.00,180.00,0.00,OPEN,0
673128.489,0,1,0,0.999,1.000,1.000,-90.00,180.00,0.00,OPEN,0
673128.539,0,1,0,1.000,1.000,1.000,-90.00,180.00,0.00,OPEN,0
673128.590,0,1,0,1.000,1.000,1.000,-90.00,180.00,0.00,OPEN,0
673128.639,0,1,0,1.000,1.000,1.000,-90.00,180.00,0.00,OPEN,0
673128.689,0,1,0,1.000,1.000,1.000,-90.00,180.00,0.00,OPEN,0
673128.739,0,1,0,1.000,1.000,1.000,-90.00,180.00,0.00,OPEN,0
673128.789,0,1,0,1.000,1.000,1.000,-90.00,180.00,0.00,OPEN,0
673128.839,0,1,0,1.000,1.000,1.000,-90.00,180.00,0.00,OPEN,0
673128.889,0,1,0,1.000,1.000,1.000,-90.00,180.00,0.00,OPEN,0
673128.939,0,1,0,1.000,1.000,1.000,-90.00,180.00,0.00,OPEN,0
673128.989,0,1,0,1.000,1.000,1.000,-90.00,180.00,0.00,OPEN,0
673129.039,0,1,0,1.000,1.000,1.000,-90.00,180.00,0.00,OPEN,0
673129.089,0,0,0,1.000,1.000,1.000,-90.00,180.00,0.00,OPEN,0
673129.139,0,0,0,1.000,1.000,1.000,-90.00,180.00,0.00,OPEN,0
673129.189,0,0,0,1.000,1.000,1.000,-90.00,180.00,0.00,OPEN,0
673129.239,0,0,0,1.000,1.000,1.000,-90.00,180.00,0.00,OPEN,0
673129.289,0,0,0,1.000,1.000,1.000,-90.00,180.00,0.00,OPEN,0
673129.339,0,0,0,1.000,1.000,1.000,-90.00,180.00,0.00,OPEN,0
673129.389,0,0,0,1.000,1.000,1.000,-90.00,180.00,0.00,OPEN,0
673129.439,0,0,0,1.000,1.000,1.000,-90.00,180.00,0.00,OPEN,0
673129.489,0,0,0,1.000,1.000,1.000,-90.00,180.00,0.00,OPEN,0
673129.539,0,0,0,1.000,1.000,1.000,-90.00,180.00,0.00,OPEN,0
673129.589,0,0,0,1.000,1.000,1.000,-90.00,180.00,0.00,OPEN,0
673129.639,0,0,0,1.000,1.000,1.000,-90.00,180.00,0.00,OPEN,0
673129.689,0,0,0,1.000,1.000,1.000,-90.00,180.00,0.00,OPEN,0
673129.739,0,0,0,1.000,1.000,1.000,-90.00,180.00,0.00,OPEN,0
673129.789,0,0,0,1.000,1.000,1.000,-90.00,180.00,0.00,OPEN,0
673129.839,0,0,0,1.000,1.000,1.000,-90.00,180.00,0.00,OPEN,0
673129.889,0,0,0,1.000,1.000,1.000,-90.00,180.00,0.00,OPEN,0
673129.939,0,0,0,1.000,1.000,1.000,-90.00,180.00,0.00,OPEN,0
673129.989,0,0,0,1.000,1.000,1.000,-90.00,180.00,0.00,OPEN,0
673130.039,0,0,0,1.000,1.000,1.000,-90.00,180.00,0.00,OPEN,0
673130.093,0,0,0,1.000,1.000,1.000,-90.00,180.00,0.00,OPEN,0
673130.139,0,0,0,1.000,1.000,1.000,-90.00,180.00,0.00,OPEN,0
673130.189,0,0,0,1.000,1.000,1.000,-90.00,180.00,0.00,OPEN,0
673130.239,0,0,0,1.000,1.000,1.000,-90.00,180.00,0.00,OPEN,0
673130.291,0,0,0,1.000,1.000,1.000,-90.00,180.00,0.00,OPEN,0
673130.339,0,0,0,1.000,1.000,1.000,-90.00,180.00,0.00,OPEN,0
673130.389,0,0,0,1.000,1.000,1.000,-90.00,180.00,0.00,OPEN,0
673130.439,0,0,0,1.000,1.000,1.000,-90.00,180.00,0.00,OPEN,0
673130.489,0,0,0,1.000,1.000,1.000,-90.00,180.00,0.00,OPEN,0
673130.538,0,0,0,1.000,1.000,1.000,-90.00,180.00,0.00,OPEN,0
673130.589,0,0,0,1.000,1.000,1.000,-90.00,180.00,0.00,OPEN,0
673130.639,0,0,0,1.000,1.000,1.000,-90.00,180.00,0.00,OPEN,0
673130.689,0,0,0,1.000,1.000,1.000,-90.00,180.00,0.00,OPEN,0
673130.739,0,0,0,1.000,1.000,1.000,-90.00,180.00,0.00,OPEN,0
673130.789,0,0,0,1.000,1.000,1.000,-90.00,180.00,0.00,OPEN,0
673130.839,0,0,0,1.000,1.000,1.000,-90.00,180.00,0.00,OPEN,0
673130.889,0,0,0,1.000,1.000,1.000,-90.00,180.00,0.00,OPEN,0
673130.939,0,0,0,1.000,1.000,1.000,-90.00,180.00,0.00,OPEN,0
673130.989,0,0,0,1.000,1.000,1.000,-90.00,180.00,0.00,OPEN,0
673131.039,0,0,0,1.000,1.000,1.000,-90.00,180.00,0.00,OPEN,0
673131.089,0,0,0,1.000,1.000,1.000,-90.00,180.00,0.00,OPEN,0
673131.139,0,0,0,1.000,1.000,1.000,-90.00,180.00,0.00,OPEN,0
673131.189,0,0,0,1.000,1.000,1.000,-90.00,180.00,0.00,OPEN,0
673131.239,0,0,0,1.000,1.000,1.000,-90.00,180.00,0.00,OPEN,0
673131.289,0,0,0,1.000,1.000,1.000,-90.00,180.00,0.00,OPEN,0
673131.353,0,0,0,1.000,1.000,1.000,-90.00,180.00,0.00,OPEN,0
673131.391,0,0,0,1.000,1.000,1.000,-90.00,180.00,0.00,OPEN,0
673131.439,0,0,0,1.000,1.000,1.000,-90.00,180.00,0.00,OPEN,0
673131.489,0,0,0,1.000,1.000,1.000,-90.00,180.00,0.00,OPEN,0
673131.539,0,0,0,1.000,1.000,1.000,-90.00,180.00,0.00,OPEN,0
673131.588,0,0,0,1.000,1.000,1.000,-90.00,180.00,0.00,OPEN,0
673131.640,0,0,0,1.000,1.000,1.000,-90.00,180.00,0.00,OPEN,0
673131.689,0,0,0,1.000,1.000,1.000,-90.00,180.00,0.00,OPEN,0
673131.739,0,0,0,1.000,1.000,1.000,-90.00,180.00,0.00,OPEN,0
673131.789,0,0,0,1.000,1.000,1.000,-90.00,180.00,0.00,OPEN,0
673131.839,0,0,0,1.000,1.000,1.000,-90.00,180.00,0.00,OPEN,0
673131.889,0,0,0,1.000,1.000,1.000,-90.00,180.00,0.00,OPEN,0
673131.939,0,0,0,1.000,1.000,1.000,-90.00,180.00,0.00,OPEN,0
673131.989,0,0,0,1.000,1.000,1.000,-90.00,180.00,0.00,OPEN,0
673132.039,0,0,0,1.000,1.000,1.000,-90.00,180.00,0.00,OPEN,0
673132.089,0,0,0,1.000,1.000,1.000,-90.00,180.00,0.00,OPEN,0
673132.139,0,0,0,1.000,1.000,1.000,-90.00,180.00,0.00,OPEN,0
673132.189,0,0,0,1.000,1.000,1.000,-90.00,180.00,0.00,OPEN,0
673132.239,0,0,0,1.000,1.000,1.000,-90.00,180.00,0.00,OPEN,0
673132.289,0,0,0,1.000,1.000,1.000,-90.00,180.00,0.00,OPEN,0
673132.339,0,0,0,1.000,1.000,1.000,-90.00,180.00,0.00,OPEN,0
673132.389,0,0,0,1.000,1.000,1.000,-90.00,180.00,0.00,OPEN,0
673132.439,0,0,0,1.000,1.000,1.000,-90.00,180.00,0.00,OPEN,0
673132.490,0,0,0,1.000,1.000,1.000,-90.00,180.00,0.00,OPEN,0
673132.539,0,0,0,1.000,1.000,1.000,-90.00,180.00,0.00,OPEN,0
673132.589,0,0,0,1.000,1.000,1.000,-90.00,180.00,0.00,OPEN,0
673132.639,0,0,0,1.000,1.000,1.000,-90.00,180.00,0.00,OPEN,0
673132.691,0,0,0,1.000,1.000,1.000,-90.00,180.00,0.00,OPEN,0
673132.739,0,0,0,1.000,1.000,1.000,-90.00,180.00,0.00,OPEN,0
673132.789,0,0,0,1.000,1.000,1.000,-90.00,180.00,0.00,OPEN,0
673132.839,0,0,0,1.000,1.000,1.000,-90.00,180.00,0.00,OPEN,0
673132.889,0,0,0,1.000,1.000,1.000,-90.00,180.00,0.00,OPEN,0
673132.939,0,0,0,1.000,1.000,1.000,-90.00,180.00,0.00,OPEN,0
673132.989,0,0,0,1.000,1.000,1.000,-90.00,180.00,0.00,OPEN,0
673133.039,0,0,0,1.000,1.000,1.000,-90.00,180.00,0.00,OPEN,0
673133.089,0,0,0,1.000,1.000,1.000,-90.00,180.00,0.00,OPEN,0
673133.140,0,0,0,1.000,1.000,1.000,-90.00,180.00,0.00,OPEN,0
673133.189,0,0,0,1.000,1.000,1.000,-90.00,180.00,0.00,OPEN,0
673133.239,0,0,0,1.000,1.000,1.000,-90.00,180.00,0.00,OPEN,0
673133.289,0,0,0,1.000,1.000,1.000,-90.00,180.00,0.00,OPEN,0
673133.339,0,0,0,1.000,1.000,1.000,-90.00,180.00,0.00,OPEN,0
673133.390,0,0,0,1.000,1.000,1.000,-90.00,180.00,0.00,OPEN,0
673133.439,0,0,0,1.000,1.000,1.000,-90.00,180.00,0.00,OPEN,0
673133.489,0,0,0,1.000,1.000,1.000,-90.00,180.00,0.00,OPEN,0
673133.539,0,0,0,1.000,1.000,1.000,-90.00,180.00,0.00,OPEN,0
673133.589,0,0,0,1.000,1.000,1.000,-90.00,180.00,0.00,OPEN,0
673133.639,0,0,0,1.000,1.000,1.000,-90.00,180.00,0.00,OPEN,0
673133.717,0,0,0,1.000,1.000,1.000,-90.00,180.00,0.00,OPEN,0
673133.746,0,0,0,1.000,1.000,1.000,-90.00,180.00,0.00,OPEN,0
673133.789,0,0,0,1.000,1.000,1.000,-90.00,180.00,0.00,OPEN,0
673133.839,0,0,0,1.000,1.000,1.000,-90.00,180.00,0.00,OPEN,0
673133.889,0,0,0,1.000,1.000,1.000,-90.00,180.00,0.00,OPEN,0
673133.939,0,0,0,1.000,1.000,1.000,-90.00,180.00,0.00,OPEN,0
673133.988,0,0,0,1.000,1.000,1.000,-90.00,180.00,0.00,OPEN,0
673134.039,0,0,0,1.000,1.000,1.000,-90.00,180.00,0.00,OPEN,0
673134.089,0,0,0,1.000,1.000,1.000,-90.00,180.00,0.00,OPEN,0
673134.139,0,0,0,1.000,1.000,1.000,-90.00,180.00,0.00,OPEN,0
673134.189,0,0,0,1.000,1.000,1.000,-90.00,180.00,0.00,OPEN,0
673134.239,0,0,0,1.000,1.000,1.000,-90.00,180.00,0.00,OPEN,0
673134.289,0,0,0,1.000,1.000,1.000,-90.00,180.00,0.00,OPEN,0
673134.339,0,0,0,1.000,1.000,1.000,-90.00,180.00,0.00,OPEN,0
673134.389,0,0,0,1.000,1.000,1.000,-90.00,180.00,0.00,OPEN,0
673134.439,0,0,0,1.000,1.000,1.000,-90.00,180.00,0.00,OPEN,0
673134.489,0,0,0,1.000,1.000,1.000,-90.00,180.00,0.00,OPEN,0
673134.539,0,0,0,1.000,1.000,1.000,-90.00,180.00,0.00,OPEN,0
673134.589,0,0,0,1.000,1.000,1.000,-90.00,180.00,0.00,OPEN,0
673134.640,0,0,0,1.000,1.000,1.000,-90.00,180.00,0.00,OPEN,0
673134.689,0,0,0,1.000,1.000,1.000,-90.00,180.00,0.00,OPEN,0
673134.739,0,0,0,1.000,1.000,1.000,-90.00,180.00,0.00,OPEN,0
673134.789,0,0,0,0.999,1.000,1.000,-90.00,180.00,0.00,OPEN,0
673134.839,0,0,0,0.999,1.000,1.000,-90.00,180.00,0.00,OPEN,0
673134.890,0,0,0,0.998,1.000,1.000,-90.00,180.00,0.00,OPEN,0
673134.939,0,0,0,0.829,1.000,1.000,-90.00,180.00,0.00,OPEN,0
673134.990,0,0,0,0.485,0.995,1.000,-90.00,180.00,0.00,OPEN,0
673135.039,0,0,0,0.699,1.000,1.000,-90.00,180.00,0.00,OPEN,0
673135.089,0,0,0,0.575,1.000,1.000,-90.00,180.00,0.00,OPEN,0
673135.139,0,0,0,0.925,1.000,1.000,-90.00,180.00,0.00,OPEN,0
673135.189,0,0,0,0.997,1.000,1.000,-90.00,180.00,0.00,OPEN,0
673135.239,0,0,0,1.000,1.000,1.000,-90.00,180.00,0.00,OPEN,0
673135.305,0,0,0,1.000,1.000,1.000,-90.00,180.00,0.00,OPEN,0
673135.344,0,0,0,1.000,1.000,1.000,-90.00,180.00,0.00,OPEN,0
673135.389,0,0,0,1.000,1.000,1.000,-90.00,180.00,0.00,OPEN,0
673135.439,3,0,0,1.000,1.000,1.000,-90.00,180.00,0.00,OPEN,0
673135.489,3,0,0,1.000,1.000,1.000,-90.00,180.00,0.00,OPEN,0
673135.539,3,0,0,1.000,1.000,1.000,-90.00,180.00,0.00,OPEN,0
673135.589,3,0,0,1.000,1.000,1.000,-90.00,180.00,0.00,OPEN,0
673135.640,3,0,0,1.000,1.000,0.999,-90.00,180.00,0.00,OPEN,0
673135.689,3,0,0,1.000,1.000,0.999,-90.00,180.00,0.00,OPEN,0
673135.739,3,0,0,1.000,1.000,0.998,-90.00,180.00,0.00,OPEN,0
673135.789,3,0,0,1.000,1.000,0.996,-90.00,180.00,0.00,OPEN,0
673135.839,3,0,0,1.000,1.000,0.994,-90.00,180.00,0.00,OPEN,0
673135.889,3,0,0,1.000,1.000,0.987,-90.00,180.00,0.00,OPEN,0
673135.940,3,1,0,1.000,1.000,1.000,-90.00,180.00,0.00,OPEN,0
673135.989,3,1,0,1.000,1.000,1.000,-90.00,180.00,0.00,OPEN,0
673136.039,3,1,0,1.000,1.000,1.000,-90.00,180.00,0.00,OPEN,0
673136.089,3,1,0,1.000,1.000,1.000,-90.00,180.00,0.00,OPEN,0
673136.139,3,1,0,1.000,1.000,1.000,-90.00,180.00,0.00,OPEN,0
673136.189,3,1,0,1.000,1.000,1.000,-90.00,180.00,0.00,OPEN,0
673136.239,3,1,0,1.000,1.000,1.000,-90.00,180.00,0.00,OPEN,0
673136.289,3,1,0,1.000,1.000,1.000,-90.00,180.00,0.00,OPEN,0
673136.339,3,1,0,1.000,1.000,1.000,-90.00,180.00,0.00,OPEN,0
673136.399,3,1,0,1.000,1.000,1.000,-90.00,180.00,0.00,OPEN,0
673136.441,3,1,0,1.000,1.000,1.000,-90.00,180.00,0.00,OPEN,0
673136.490,3,1,0,1.000,1.000,1.000,-90.00,180.00,0.00,OPEN,0
673136.538,3,1,0,1.000,1.000,1.000,-90.00,180.00,0.00,OPEN,0
673136.589,3,1,0,1.000,1.000,1.000,-90.00,180.00,0.00,OPEN,0
673136.639,3,1,0,1.000,1.000,1.000,-90.00,180.00,0.00,OPEN,0
673136.689,3,1,0,1.000,1.000,1.000,-90.00,180.00,0.00,OPEN,0
673136.739,3,1,0,1.000,1.000,1.000,-90.00,180.00,0.00,OPEN,0
673136.789,3,1,0,1.000,1.000,1.000,-90.00,180.00,0.00,OPEN,0
673136.839,3,1,1,1.000,1.000,1.000,-90.00,180.00,0.00,OPEN,0
673136.889,3,1,1,1.000,1.000,1.000,-90.00,180.00,0.00,OPEN,0
673136.939,3,1,1,1.000,1.000,1.000,-90.00,180.00,0.00,OPEN,0
673136.989,3,1,1,1.000,1.000,1.000,-90.00,180.00,0.00,OPEN,0
673137.039,3,1,1,1.000,1.000,1.000,-90.00,180.00,0.00,OPEN,0
673137.089,3,1,1,1.000,1.000,1.000,-90.00,180.00,0.00,OPEN,0
673137.139,3,1,1,1.000,1.000,1.000,-90.00,180.00,0.00,OPEN,0
673137.189,3,1,1,1.000,1.000,1.000,-90.00,180.00,0.00,OPEN,0
673137.239,3,1,1,1.000,1.000,1.000,-90.00,180.00,0.00,OPEN,0
673137.289,3,1,1,1.000,1.000,1.000,-90.00,180.00,0.00,OPEN,0
673137.339,3,1,1,1.000,1.000,1.000,-90.00,180.00,0.00,OPEN,0
673137.389,3,1,1,1.000,1.000,1.000,-90.00,180.00,0.00,OPEN,0
673137.439,3,1,1,1.000,1.000,1.000,-90.00,180.00,0.00,OPEN,0
673137.489,3,1,1,1.000,1.000,1.000,-90.00,180.00,0.00,OPEN,0
673137.539,3,1,1,1.000,1.000,1.000,-90.00,180.00,0.00,OPEN,0
673137.589,3,1,1,1.000,1.000,1.000,-90.00,180.00,0.00,OPEN,0
673137.639,3,1,1,1.000,1.000,1.000,-90.00,180.00,0.00,OPEN,0
673137.689,3,1,1,1.000,1.000,1.000,-90.00,180.00,0.00,OPEN,0
673137.739,3,1,1,1.000,1.000,1.000,-90.00,180.00,0.00,OPEN,0
673137.789,3,1,1,1.000,1.000,1.000,-90.00,180.00,0.00,OPEN,0
673137.839,3,1,1,1.000,1.000,1.000,-90.00,180.00,0.00,OPEN,0
673137.889,3,1,1,1.000,1.000,1.000,-90.00,180.00,0.00,OPEN,0
673137.939,3,1,1,1.000,1.000,1.000,-90.00,180.00,0.00,OPEN,0
673137.989,3,1,1,1.000,1.000,1.000,-90.00,180.00,0.00,OPEN,0
673138.039,3,1,1,1.000,1.000,1.000,-90.00,180.00,0.00,OPEN,0
673138.089,3,1,1,1.000,1.000,1.000,-90.00,180.00,0.00,OPEN,0
673138.139,3,1,1,1.000,1.000,1.000,-90.00,180.00,0.00,OPEN,0
673138.189,3,1,1,1.000,1.000,1.000,-90.00,180.00,0.00,OPEN,0
673138.239,3,1,1,1.000,1.000,1.000,-90.00,180.00,0.00,OPEN,0
673138.289,3,1,1,1.000,1.000,1.000,-90.00,180.00,0.00,OPEN,0
673138.338,3,1,1,1.000,1.000,1.000,-90.00,180.00,0.00,OPEN,0
673138.389,3,1,1,1.000,1.000,1.000,-90.00,180.00,0.00,OPEN,0
673138.439,3,1,1,1.000,1.000,1.000,-90.00,180.00,0.00,OPEN,0
673138.489,3,1,1,1.000,1.000,1.000,-90.00,180.00,0.00,OPEN,0
673138.539,3,1,1,1.000,1.000,1.000,-90.00,180.00,0.00,OPEN,0
673138.588,3,1,1,1.000,1.000,1.000,-90.00,180.00,0.00,OPEN,0
673138.639,3,1,1,1.000,1.000,1.000,-90.00,180.00,0.00,OPEN,0
673138.689,3,1,1,1.000,1.000,1.000,-90.00,180.00,0.00,OPEN,0
673138.739,3,1,1,1.000,1.000,1.000,-90.00,180.00,0.00,OPEN,0
673138.789,3,1,1,1.000,1.000,1.000,-90.00,180.00,0.00,OPEN,0
673138.839,3,1,1,1.000,1.000,1.000,-90.00,180.00,0.00,OPEN,0
673138.889,3,1,1,1.000,1.000,1.000,-90.00,180.00,0.00,OPEN,0
673138.939,3,1,1,1.000,1.000,1.000,-90.00,180.00,0.00,OPEN,0
673138.989,3,1,1,1.000,1.000,1.000,-90.00,180.00,0.00,OPEN,0
673139.039,3,1,1,1.000,1.000,1.000,-90.00,180.00,0.00,OPEN,0
673139.089,3,1,1,1.000,1.000,1.000,-90.00,180.00,0.00,OPEN,0
673139.139,3,1,1,1.000,1.000,1.000,-90.00,180.00,0.00,OPEN,0
673139.189,3,1,1,1.000,1.000,1.000,-90.00,180.00,0.00,OPEN,0
673139.239,3,1,1,1.000,1.000,1.000,-90.00,180.00,0.00,OPEN,0
673139.289,3,1,1,1.000,1.000,1.000,-90.00,180.00,0.00,OPEN,0
673139.339,3,1,1,1.000,1.000,1.000,-90.00,180.00,0.00,OPEN,0
673139.389,3,1,1,1.000,1.000,1.000,-90.00,180.00,0.00,OPEN,0
673139.439,3,1,1,1.000,1.000,1.000,-90.00,180.00,0.00,OPEN,0
673139.489,3,1,1,1.000,1.000,1.000,-90.00,180.00,0.00,OPEN,0
673139.539,3,1,1,1.000,1.000,1.000,-90.00,180.00,0.00,OPEN,0
673139.589,3,1,1,1.000,1.000,1.000,-90.00,180.00,0.00,OPEN,0
673139.639,3,1,1,1.000,1.000,1.000,-90.00,180.00,0.00,OPEN,0
673139.690,3,1,1,1.000,1.000,1.000,-90.00,180.00,0.00,OPEN,0
673139.739,3,1,1,1.000,1.000,1.000,-90.00,180.00,0.00,OPEN,0
673139.805,3,1,1,1.000,1.000,1.000,-90.00,180.00,0.00,OPEN,0
673139.841,3,1,1,1.000,1.000,1.000,-90.00,180.00,0.00,OPEN,0
673139.889,3,1,1,1.000,1.000,1.000,-90.00,180.00,0.00,OPEN,0
673139.939,3,1,1,1.000,1.000,1.000,-90.00,180.00,0.00,OPEN,0
673139.990,3,1,1,1.000,1.000,1.000,-90.00,180.00,0.00,OPEN,0
673140.039,3,1,1,1.000,1.000,1.000,-90.00,180.00,0.00,OPEN,0
673140.089,3,1,1,1.000,1.000,1.000,-90.00,180.00,0.00,OPEN,0
673140.139,3,1,1,1.000,1.000,1.000,-90.00,180.00,0.00,OPEN,0
673140.189,3,1,1,1.000,1.000,1.000,-90.00,180.00,0.00,OPEN,0
673140.239,3,1,1,1.000,1.000,1.000,-90.00,180.00,0.00,OPEN,0
673140.289,3,1,1,1.000,1.000,1.000,-90.00,180.00,0.00,OPEN,0
673140.339,3,1,1,1.000,1.000,1.000,-90.00,180.00,0.00,OPEN,0
673140.389,3,1,1,1.000,1.000,1.000,-90.00,180.00,0.00,OPEN,0
673140.439,3,1,1,1.000,1.000,1.000,-90.00,180.00,0.00,OPEN,0
673140.489,3,1,1,1.000,1.000,1.000,-90.00,180.00,0.00,OPEN,0
673140.539,3,1,1,1.000,1.000,1.000,-90.00,180.00,0.00,OPEN,0
673140.589,3,1,1,1.000,1.000,1.000,-90.00,180.00,0.00,OPEN,0
673140.639,3,1,1,1.000,1.000,1.000,-90.00,180.00,0.00,OPEN,0
673140.689,3,1,1,1.000,1.000,1.000,-90.00,180.00,0.00,OPEN,0
673140.739,3,1,1,1.000,1.000,1.000,-90.00,180.00,0.00,OPEN,0
673140.790,3,1,1,1.000,1.000,1.000,-90.00,180.00,0.00,OPEN,0
673140.839,3,1,1,1.000,1.000,1.000,-90.00,180.00,0.00,OPEN,0
673140.890,3,1,1,1.000,1.000,1.000,-90.00,180.00,0.00,OPEN,0
673140.939,3,1,1,1.000,1.000,1.000,-90.00,180.00,0.00,OPEN,0
673140.989,3,1,1,1.000,1.000,1.000,-90.00,180.00,0.00,OPEN,0
673141.039,3,1,1,1.000,1.000,1.000,-90.00,180.00,0.00,OPEN,0
673141.089,3,1,1,1.000,1.000,1.000,-90.00,180.00,0.00,OPEN,0
673141.140,3,1,1,1.000,1.000,1.000,-90.00,180.00,0.00,OPEN,0
673141.189,3,1,1,1.000,1.000,1.000,-90.00,180.00,0.00,OPEN,0
673141.239,3,1,1,0.999,1.000,1.000,-90.00,180.00,0.00,OPEN,0
673141.289,3,1,1,0.999,1.000,1.000,-90.00,180.00,0.00,OPEN,0
673141.339,3,1,1,0.997,1.000,1.000,-90.00,180.00,0.00,OPEN,0
673141.390,3,1,1,0.867,1.000,1.000,-90.00,180.00,0.00,OPEN,0
673141.439,3,1,1,0.499,1.000,1.000,-90.00,180.00,0.00,OPEN,0
673141.489,3,1,1,0.993,1.000,1.000,-90.00,180.00,0.00,OPEN,0
673141.539,3,1,1,0.999,1.000,1.000,-90.00,180.00,0.00,OPEN,0
673141.589,3,1,1,0.998,1.000,1.000,-90.00,180.00,0.00,OPEN,0
673141.639,3,1,1,0.998,1.000,1.000,-90.00,180.00,0.00,OPEN,0
673141.689,3,1,1,0.997,1.000,1.000,-90.00,180.00,0.00,OPEN,0
673141.739,3,1,1,0.994,1.000,1.000,-90.00,180.00,0.00,OPEN,0
673141.788,3,1,1,0.992,1.000,1.000,-90.00,180.00,0.00,OPEN,0
673141.840,0,1,1,0.990,0.999,1.000,-90.00,180.00,0.00,OPEN,0
673141.889,0,1,1,0.989,0.999,1.000,-90.00,180.00,0.00,OPEN,0
673141.939,0,1,1,0.978,0.998,1.000,-90.00,180.00,0.00,OPEN,0
673141.989,0,1,1,0.977,0.996,1.000,-90.00,180.00,0.00,OPEN,0
673142.039,0,1,1,0.986,0.990,1.000,-90.00,180.00,0.00,OPEN,0
673142.089,0,1,1,0.996,0.964,1.000,-90.00,180.00,0.00,OPEN,0
673142.139,0,1,1,0.999,0.870,1.000,-90.00,180.00,0.00,OPEN,0
673142.189,0,1,1,1.000,0.657,1.000,-90.00,180.00,0.00,OPEN,0
673142.239,0,1,1,1.000,0.880,0.999,-90.00,180.00,0.00,OPEN,0
673142.290,0,1,1,1.000,0.976,0.997,-90.00,180.00,0.00,OPEN,0
673142.339,0,1,1,1.000,0.998,0.989,-90.00,180.00,0.00,OPEN,0
673142.389,0,1,1,1.000,1.000,0.963,-90.00,180.00,0.00,OPEN,0
673142.439,0,1,1,1.000,1.000,0.907,-90.00,180.00,0.00,OPEN,0
673142.489,0,1,1,1.000,1.000,0.867,-90.00,180.00,0.00,OPEN,0
673142.539,0,1,1,1.000,1.000,0.863,-90.00,180.00,0.00,OPEN,0
673142.589,0,1,1,1.000,0.963,0.856,-90.00,180.00,0.00,OPEN,0
673142.639,0,1,1,1.000,0.962,0.936,-90.00,180.00,0.00,OPEN,0
673142.689,0,1,1,1.000,1.000,0.998,-90.00,180.00,0.00,OPEN,0
673142.739,0,1,1,1.000,1.000,0.999,-90.00,180.00,0.00,OPEN,0
673142.805,0,1,1,1.000,1.000,0.999,-90.00,180.00,0.00,OPEN,0
673142.840,0,1,1,1.000,1.000,1.000,-90.00,180.00,0.00,OPEN,0
673142.890,0,1,1,1.000,1.000,0.999,-90.00,180.00,0.00,OPEN,0
673142.939,0,1,1,1.000,1.000,0.999,-90.00,180.00,0.00,OPEN,0
673142.990,0,1,1,1.000,1.000,0.999,-90.00,180.00,0.00,OPEN,0
673143.039,0,1,1,1.000,1.000,0.999,-90.00,180.00,0.00,OPEN,0
673143.089,0,1,1,1.000,0.999,0.996,-90.00,180.00,0.00,OPEN,0
673143.139,0,1,1,1.000,0.862,0.978,-90.00,180.00,0.00,OPEN,0
673143.189,0,1,1,1.000,0.978,0.822,-90.00,180.00,0.00,OPEN,0
673143.239,0,1,1,1.000,0.999,0.654,-90.00,180.00,0.00,OPEN,0
673143.289,0,1,1,1.000,1.000,0.820,-90.00,180.00,0.00,OPEN,0
673143.339,0,1,1,1.000,0.999,0.942,-90.00,180.00,0.00,OPEN,0
673143.389,0,1,1,1.000,1.000,0.981,-90.00,180.00,0.00,OPEN,0
673143.439,0,1,1,1.000,1.000,0.992,-90.00,180.00,0.00,OPEN,0
673143.489,0,1,1,1.000,1.000,0.998,-90.00,180.00,0.00,OPEN,0
673143.539,0,1,1,1.000,1.000,1.000,-90.00,180.00,0.00,OPEN,0
673143.590,0,1,1,1.000,1.000,1.000,-90.00,180.00,0.00,OPEN,0
673143.639,0,1,1,1.000,1.000,1.000,-90.00,180.00,0.00,OPEN,0
673143.690,0,1,1,1.000,1.000,1.000,-90.00,180.00,0.00,OPEN,0
673143.739,0,1,1,1.000,1.000,1.000,-90.00,180.00,0.00,OPEN,0
673143.789,0,1,1,1.000,1.000,1.000,-90.00,180.00,0.00,OPEN,0
673143.840,0,1,1,1.000,1.000,1.000,-90.00,180.00,0.00,OPEN,0
673143.889,0,1,1,1.000,1.000,1.000,-90.00,180.00,0.00,OPEN,0
673143.939,0,1,1,1.000,1.000,1.000,-90.00,180.00,0.00,OPEN,0
673143.989,0,1,1,1.000,1.000,1.000,-90.00,180.00,0.00,OPEN,0
673144.039,0,1,1,1.000,1.000,1.000,-90.00,180.00,0.00,OPEN,0
673144.089,0,0,1,1.000,1.000,1.000,-90.00,180.00,0.00,OPEN,0
673144.140,0,0,0,1.000,1.000,1.000,-90.00,180.00,0.00,OPEN,0
673144.192,0,0,0,1.000,1.000,1.000,-90.00,180.00,0.00,OPEN,0
673144.239,0,0,0,1.000,1.000,1.000,-90.00,180.00,0.00,OPEN,0
673144.289,0,0,0,1.000,1.000,1.000,-90.00,180.00,0.00,OPEN,0
673144.339,0,0,0,1.000,1.000,1.000,-90.00,180.00,0.00,OPEN,0
673144.389,0,0,0,1.000,1.000,1.000,-90.00,180.00,0.00,OPEN,0
673144.439,0,0,0,1.000,1.000,1.000,-90.00,180.00,0.00,OPEN,0
673144.489,0,0,0,1.000,1.000,1.000,-90.00,180.00,0.00,OPEN,0
673144.539,0,0,0,1.000,1.000,1.000,-90.00,180.00,0.00,OPEN,0
673144.589,0,0,0,1.000,1.000,1.000,-90.00,180.00,0.00,OPEN,0
673144.639,0,0,0,1.000,1.000,1.000,-90.00,180.00,0.00,OPEN,0
673144.689,0,0,0,1.000,1.000,1.000,-90.00,180.00,0.00,OPEN,0
673144.740,0,0,0,1.000,1.000,1.000,-90.00,180.00,0.00,OPEN,0
673144.789,0,0,0,1.000,1.000,1.000,-90.00,180.00,0.00,OPEN,0
673144.839,0,0,0,1.000,1.000,1.000,-90.00,180.00,0.00,OPEN,0
673144.889,0,0,0,1.000,1.000,1.000,-90.00,180.00,0.00,OPEN,0
673144.939,0,0,0,1.000,1.000,1.000,-90.00,180.00,0.00,OPEN,0
673144.989,0,0,0,1.000,1.000,1.000,-90.00,180.00,0.00,OPEN,0
673145.039,0,0,0,1.000,1.000,1.000,-90.00,180.00,0.00,OPEN,0
673145.089,0,0,0,1.000,1.000,1.000,-90.00,180.00,0.00,OPEN,0
673145.139,0,0,0,1.000,1.000,1.000,-90.00,180.00,0.00,OPEN,0
673145.189,0,0,0,1.000,1.000,1.000,-90.00,180.00,0.00,OPEN,0
673145.240,0,0,0,1.000,1.000,1.000,-90.00,180.00,0.00,OPEN,0
673145.289,0,0,0,1.000,1.000,1.000,-90.00,180.00,0.00,OPEN,0
673145.339,0,0,0,1.000,1.000,1.000,-90.00,180.00,0.00,OPEN,0
673145.389,0,0,0,1.000,1.000,1.000,-90.00,180.00,0.00,OPEN,0
673145.439,0,0,0,1.000,1.000,1.000,-90.00,180.00,0.00,OPEN,0
673145.490,0,0,0,1.000,1.000,1.000,-90.00,180.00,0.00,OPEN,0
673145.538,0,0,0,1.000,1.000,1.000,-90.00,180.00,0.00,OPEN,0
673145.589,0,0,0,1.000,1.000,1.000,-90.00,180.00,0.00,OPEN,0
673145.639,0,0,0,1.000,1.000,1.000,-90.00,180.00,0.00,OPEN,0
673145.689,0,0,0,1.000,1.000,1.000,-90.00,180.00,0.00,OPEN,0
673145.739,0,0,0,1.000,1.000,1.000,-90.00,180.00,0.00,OPEN,0
673145.789,0,0,0,1.000,1.000,1.000,-90.00,180.00,0.00,OPEN,0
673145.838,0,0,0,1.000,1.000,1.000,-90.00,180.00,0.00,OPEN,0
673145.889,0,0,0,1.000,1.000,1.000,-90.00,180.00,0.00,OPEN,0
673145.958,0,0,0,1.000,1.000,1.000,-90.00,180.00,0.00,OPEN,0
673145.991,0,0,0,1.000,1.000,1.000,-90.00,180.00,0.00,OPEN,0
673146.039,0,0,0,1.000,1.000,1.000,-90.00,180.00,0.00,OPEN,0
673146.089,0,0,0,1.000,1.000,1.000,-90.00,180.00,0.00,OPEN,0
673146.139,0,0,0,1.000,1.000,1.000,-90.00,180.00,0.00,OPEN,0
673146.189,0,0,0,1.000,1.000,1.000,-90.00,180.00,0.00,OPEN,0
673146.239,0,0,0,1.000,1.000,1.000,-90.00,180.00,0.00,OPEN,0
673146.289,0,0,0,1.000,1.000,1.000,-90.00,180.00,0.00,OPEN,0
673146.339,0,0,0,1.000,1.000,1.000,-90.00,180.00,0.00,OPEN,0
673146.388,0,0,0,1.000,1.000,1.000,-90.00,180.00,0.00,OPEN,0
673146.439,0,0,0,1.000,1.000,1.000,-90.00,180.00,0.00,OPEN,0
673146.489,0,0,0,1.000,1.000,1.000,-90.00,180.00,0.00,OPEN,0
673146.539,0,0,0,1.000,1.000,1.000,-90.00,180.00,0.00,OPEN,0
673146.589,0,0,0,1.000,1.000,1.000,-90.00,180.00,0.00,OPEN,0
673146.639,0,0,0,1.000,1.000,1.000,-90.00,180.00,0.00,OPEN,0
673146.689,0,0,0,1.000,1.000,1.000,-90.00,180.00,0.00,OPEN,0
673146.739,0,0,0,1.000,1.000,1.000,-90.00,180.00,0.00,OPEN,0
673146.789,0,0,0,1.000,1.000,1.000,-90.00,180.00,0.00,OPEN,0
673146.839,0,0,0,1.000,1.000,1.000,-90.00,180.00,0.00,OPEN,0
673146.889,0,0,0,1.000,1.000,1.000,-90.00,180.00,0.00,OPEN,0
673146.940,0,0,0,1.000,1.000,1.000,-90.00,180.00,0.00,OPEN,0
673146.989,0,0,0,1.000,1.000,1.000,-90.00,180.00,0.00,OPEN,0
673147.039,0,0,0,1.000,1.000,1.000,-90.00,180.00,0.00,OPEN,0
673147.089,0,0,0,1.000,1.000,1.000,-90.00,180.00,0.00,OPEN,0
673147.139,0,0,0,1.000,1.000,1.000,-90.00,180.00,0.00,OPEN,0
673147.188,0,0,0,1.000,1.000,1.000,-90.00,180.00,0.00,OPEN,0
673147.239,0,0,0,1.000,1.000,1.000,-90.00,180.00,0.00,OPEN,0
673147.290,0,0,0,1.000,1.000,1.000,-90.00,180.00,0.00,OPEN,0
673147.339,0,0,0,1.000,1.000,1.000,-90.00,180.00,0.00,OPEN,0
673147.389,0,0,0,1.000,1.000,1.000,-90.00,180.00,0.00,OPEN,0
673147.439,0,0,0,1.000,1.000,1.000,-90.00,180.00,0.00,OPEN,0
673147.490,0,0,0,1.000,1.000,1.000,-90.00,180.00,0.00,OPEN,0
673147.540,0,0,0,1.000,1.000,1.000,-90.00,180.00,0.00,OPEN,0
673147.589,0,0,0,1.000,1.000,1.000,-90.00,180.00,0.00,OPEN,0
673147.639,0,0,0,1.000,1.000,1.000,-90.00,180.00,0.00,OPEN,0
673147.689,0,0,0,1.000,1.000,1.000,-90.00,180.00,0.00,OPEN,0
673147.739,0,0,0,1.000,1.000,1.000,-90.00,180.00,0.00,OPEN,0
673147.789,0,0,0,1.000,1.000,1.000,-90.00,180.00,0.00,OPEN,0
673147.839,0,0,0,1.000,1.000,1.000,-90.00,180.00,0.00,OPEN,0
673147.889,0,0,0,1.000,1.000,1.000,-90.00,180.00,0.00,OPEN,0
673147.939,0,0,0,1.000,1.000,1.000,-90.00,180.00,0.00,OPEN,0
673147.989,0,0,0,1.000,1.000,1.000,-90.00,180.00,0.00,OPEN,0
673148.039,0,0,0,1.000,1.000,1.000,-90.00,180.00,0.00,OPEN,0
673148.089,0,0,0,1.000,1.000,1.000,-90.00,180.00,0.00,OPEN,0
673148.139,0,0,0,0.998,1.000,1.000,-90.00,180.00,0.00,OPEN,0
673148.188,0,0,0,0.959,1.000,1.000,-90.00,180.00,0.00,OPEN,0
673148.239,0,0,0,0.888,1.000,1.000,-90.00,180.00,0.00,OPEN,0
673148.289,0,0,0,0.362,1.000,1.000,-90.00,180.00,0.00,OPEN,0
673148.339,0,0,0,0.679,1.000,1.000,-90.00,180.00,0.00,OPEN,0
673148.389,0,0,0,0.943,1.000,1.000,-90.00,180.00,0.00,OPEN,0
673148.439,0,0,0,0.996,1.000,1.000,-90.00,180.00,0.00,OPEN,0
673148.490,0,0,0,1.000,1.000,1.000,-90.00,180.00,0.00,OPEN,0
673148.540,0,0,0,1.000,1.000,1.000,-90.00,180.00,0.00,OPEN,0
673148.589,0,0,0,1.000,1.000,1.000,-90.00,180.00,0.00,OPEN,0
673148.639,0,0,0,1.000,1.000,1.000,-90.00,180.00,0.00,OPEN,0
673148.689,0,0,0,1.000,1.000,1.000,-90.00,180.00,0.00,OPEN,0
673148.741,1,0,0,1.000,1.000,1.000,-90.00,180.00,0.00,OPEN,0
673148.789,1,0,0,1.000,1.000,1.000,-90.00,180.00,0.00,OPEN,0
673148.839,1,0,0,1.000,1.000,1.000,-90.00,180.00,0.00,OPEN,0
673148.889,1,0,0,1.000,1.000,1.000,-90.00,180.00,0.00,OPEN,0
673148.939,1,0,0,1.000,1.000,1.000,-90.00,180.00,0.00,OPEN,0
673148.989,1,0,0,1.000,1.000,1.000,-90.00,180.00,0.00,OPEN,0
673149.039,1,0,0,1.000,1.000,1.000,-90.00,180.00,0.00,OPEN,0
673149.089,1,0,0,1.000,1.000,1.000,-90.00,180.00,0.00,OPEN,0
673149.139,1,0,0,1.000,1.000,1.000,-90.00,180.00,0.00,OPEN,0
673149.189,1,0,0,1.000,1.000,1.000,-90.00,180.00,0.00,OPEN,0
673149.239,1,0,0,1.000,1.000,1.000,-90.00,180.00,0.00,OPEN,0
673149.289,1,0,0,1.000,1.000,1.000,-90.00,180.00,0.00,OPEN,0
673149.339,1,0,0,1.000,1.000,1.000,-90.00,180.00,0.00,OPEN,0
673149.401,1,0,0,1.000,1.000,1.000,-90.00,180.00,0.00,OPEN,0
673149.442,1,0,0,1.000,1.000,1.000,-90.00,180.00,0.00,OPEN,0
673149.489,1,0,0,1.000,1.000,1.000,-90.00,180.00,0.00,OPEN,0
673149.539,1,0,0,1.000,1.000,1.000,-90.00,180.00,0.00,OPEN,0
673149.589,1,0,0,1.000,1.000,1.000,-90.00,180.00,0.00,OPEN,0
673149.639,1,0,0,1.000,1.000,1.000,-90.00,180.00,0.00,OPEN,0
673149.689,1,0,0,1.000,1.000,1.000,-90.00,180.00,0.00,OPEN,0
673149.739,1,0,0,1.000,1.000,1.000,-90.00,180.00,0.00,OPEN,0
673149.789,1,0,0,1.000,1.000,1.000,-90.00,180.00,0.00,OPEN,0
673149.839,1,0,0,1.000,1.000,1.000,-90.00,180.00,0.00,OPEN,0
673149.889,1,0,0,1.000,1.000,1.000,-90.00,180.00,0.00,OPEN,0
673149.939,1,0,0,1.000,1.000,1.000,-90.00,180.00,0.00,OPEN,0
673149.989,1,0,0,1.000,1.000,1.000,-90.00,180.00,0.00,OPEN,0
673150.039,1,0,0,1.000,1.000,1.000,-90.00,180.00,0.00,OPEN,0
673150.089,1,0,0,1.000,1.000,1.000,-90.00,180.00,0.00,OPEN,0
673150.139,1,0,0,1.000,1.000,1.000,-90.00,180.00,0.00,OPEN,0
673150.189,1,0,0,1.000,1.000,1.000,-90.00,180.00,0.00,OPEN,0
673150.239,1,0,0,1.000,1.000,1.000,-90.00,180.00,0.00,OPEN,0
673150.289,1,0,0,1.000,1.000,1.000,-90.00,180.00,0.00,OPEN,0
673150.339,1,0,0,1.000,1.000,1.000,-90.00,180.00,0.00,OPEN,0
673150.389,1,0,0,1.000,1.000,1.000,-90.00,180.00,0.00,OPEN,0
673150.439,1,0,0,1.000,1.000,1.000,-90.00,180.00,0.00,OPEN,0
673150.491,1,0,0,1.000,1.000,1.000,-90.00,180.00,0.00,OPEN,0
673150.539,1,0,0,1.000,1.000,1.000,-90.00,180.00,0.00,OPEN,0
673150.588,1,0,0,1.000,1.000,1.000,-90.00,180.00,0.00,OPEN,0
673150.638,1,0,0,1.000,1.000,1.000,-90.00,180.00,0.00,OPEN,0
673150.689,1,0,0,1.000,1.000,1.000,-90.00,180.00,0.00,OPEN,0
673150.739,1,0,0,1.000,1.000,1.000,-90.00,180.00,0.00,OPEN,0
673150.789,1,0,0,1.000,1.000,1.000,-90.00,180.00,0.00,OPEN,0
673150.839,1,0,0,1.000,1.000,1.000,-90.00,180.00,0.00,OPEN,0
673150.889,1,0,0,1.000,1.000,1.000,-90.00,180.00,0.00,OPEN,0
673150.939,1,0,0,1.000,1.000,1.000,-90.00,180.00,0.00,OPEN,0
673150.989,1,0,0,1.000,1.000,1.000,-90.00,180.00,0.00,OPEN,0
673151.040,1,0,0,1.000,1.000,1.000,-90.00,180.00,0.00,OPEN,0
673151.089,1,0,0,1.000,1.000,1.000,-90.00,180.00,0.00,OPEN,0
673151.139,1,0,0,1.000,1.000,1.000,-90.00,180.00,0.00,OPEN,0
673151.189,1,0,0,1.000,1.000,1.000,-90.00,180.00,0.00,OPEN,0
673151.239,1,0,0,1.000,1.000,1.000,-90.00,180.00,0.00,OPEN,0
673151.289,1,0,0,1.000,1.000,1.000,-90.00,180.00,0.00,OPEN,0
673151.339,1,0,0,1.000,1.000,1.000,-90.00,180.00,0.00,OPEN,0
673151.389,1,0,0,1.000,1.000,1.000,-90.00,180.00,0.00,OPEN,0
673151.439,1,0,0,1.000,1.000,1.000,-90.00,180.00,0.00,OPEN,0
673151.489,1,0,0,1.000,1.000,1.000,-90.00,180.00,0.00,OPEN,0
673151.540,1,0,0,1.000,1.000,1.000,-90.00,180.00,0.00,OPEN,0
673151.589,1,0,0,1.000,1.000,1.000,-90.00,180.00,0.00,OPEN,0
673151.639,1,0,0,1.000,1.000,1.000,-90.00,180.00,0.00,OPEN,0
673151.688,1,0,0,1.000,1.000,1.000,-90.00,180.00,0.00,OPEN,0
673151.739,1,0,0,1.000,1.000,1.000,-90.00,180.00,0.00,OPEN,0
673151.789,1,0,0,1.000,1.000,1.000,-90.00,180.00,0.00,OPEN,0
673151.839,1,0,0,1.000,1.000,1.000,-90.00,180.00,0.00,OPEN,0
673151.889,1,0,0,1.000,1.000,1.000,-90.00,180.00,0.00,OPEN,0
673151.939,1,0,0,1.000,1.000,1.000,-90.00,180.00,0.00,OPEN,0
673151.989,1,0,0,1.000,1.000,1.000,-90.00,180.00,0.00,OPEN,0
673152.040,1,0,0,1.000,1.000,1.000,-90.00,180.00,0.00,OPEN,0
673152.089,1,0,0,1.000,1.000,1.000,-90.00,180.00,0.00,OPEN,0
673152.139,1,0,0,1.000,1.000,1.000,-90.00,180.00,0.00,OPEN,0
673152.189,1,0,0,1.000,1.000,1.000,-90.00,180.00,0.00,OPEN,0
673152.239,1,0,0,1.000,1.000,1.000,-90.00,180.00,0.00,OPEN,0
673152.290,1,0,0,1.000,1.000,1.000,-90.00,180.00,0.00,OPEN,0
673152.339,1,0,0,1.000,1.000,1.000,-90.00,180.00,0.00,OPEN,0
673152.389,1,0,0,1.000,1.000,1.000,-90.00,180.00,0.00,OPEN,0
673152.439,1,0,0,1.000,1.000,1.000,-90.00,180.00,0.00,OPEN,0
673152.493,1,0,0,1.000,1.000,1.000,-90.00,180.00,0.00,OPEN,0
673152.539,1,0,0,1.000,1.000,1.000,-90.00,180.00,0.00,OPEN,0
673152.589,1,0,0,1.000,1.000,1.000,-90.00,180.00,0.00,OPEN,0
673152.639,1,0,0,1.000,1.000,1.000,-90.00,180.00,0.00,OPEN,0
673152.689,1,0,0,1.000,1.000,1.000,-90.00,180.00,0.00,OPEN,0
673152.739,1,0,0,1.000,1.000,1.000,-90.00,180.00,0.00,OPEN,0
673152.793,1,0,0,1.000,1.000,1.000,-90.00,180.00,0.00,OPEN,0
673152.840,1,0,0,1.000,1.000,1.000,-90.00,180.00,0.00,OPEN,0
673152.889,1,0,0,1.000,1.000,1.000,-90.00,180.00,0.00,OPEN,0
673152.939,1,0,0,1.000,1.000,1.000,-90.00,180.00,0.00,OPEN,0
673152.988,1,0,0,1.000,1.000,1.000,-90.00,180.00,0.00,OPEN,0
673153.039,1,0,0,1.000,1.000,1.000,-90.00,180.00,0.00,OPEN,0
673153.089,1,0,0,1.000,1.000,1.000,-90.00,180.00,0.00,OPEN,0
673153.139,1,0,0,1.000,1.000,1.000,-90.00,180.00,0.00,OPEN,0
673153.189,1,0,0,1.000,1.000,1.000,-90.00,180.00,0.00,OPEN,0
673153.239,1,0,0,1.000,1.000,1.000,-90.00,180.00,0.00,OPEN,0
673153.290,1,0,0,1.000,1.000,1.000,-90.00,180.00,0.00,OPEN,0
673153.339,1,0,0,1.000,1.000,1.000,-90.00,180.00,0.00,OPEN,0
673153.389,1,0,0,1.000,1.000,1.000,-90.00,180.00,0.00,OPEN,0
673153.439,1,0,0,1.000,1.000,1.000,-90.00,180.00,0.00,OPEN,0
673153.489,1,0,0,1.000,1.000,1.000,-90.00,180.00,0.00,OPEN,0
673153.539,1,0,0,1.000,1.000,1.000,-90.00,180.00,0.00,OPEN,0
673153.588,1,0,0,1.000,1.000,1.000,-90.00,180.00,0.00,OPEN,0
673153.638,1,0,0,1.000,1.000,1.000,-90.00,180.00,0.00,OPEN,0
673153.688,1,0,0,1.000,1.000,1.000,-90.00,180.00,0.00,OPEN,0
673153.740,1,0,0,1.000,1.000,1.000,-90.00,180.00,0.00,OPEN,0
673153.789,1,0,0,1.000,1.000,1.000,-90.00,180.00,0.00,OPEN,0
673153.839,1,0,0,1.000,1.000,1.000,-90.00,180.00,0.00,OPEN,0
673153.889,1,0,0,1.000,1.000,1.000,-90.00,180.00,0.00,OPEN,0
673153.939,1,0,0,1.000,1.000,1.000,-90.00,180.00,0.00,OPEN,0
673153.988,1,0,0,1.000,1.000,1.000,-90.00,180.00,0.00,OPEN,0
673154.039,1,0,0,1.000,1.000,1.000,-90.00,180.00,0.00,OPEN,0
673154.089,1,0,0,1.000,1.000,1.000,-90.00,180.00,0.00,OPEN,0
673154.139,1,0,0,1.000,1.000,1.000,-90.00,180.00,0.00,OPEN,0
673154.189,1,0,0,1.000,1.000,1.000,-90.00,180.00,0.00,OPEN,0
673154.239,1,0,0,1.000,1.000,1.000,-90.00,180.00,0.00,OPEN,0
673154.307,1,0,0,1.000,1.000,1.000,-90.00,180.00,0.00,OPEN,0
673154.343,1,0,0,1.000,1.000,1.000,-90.00,180.00,0.00,OPEN,0
673154.389,1,0,0,1.000,1.000,1.000,-90.00,180.00,0.00,OPEN,0
673154.439,1,0,0,1.000,1.000,1.000,-90.00,180.00,0.00,OPEN,0
673154.489,1,0,0,1.000,1.000,1.000,-90.00,180.00,0.00,OPEN,0
673154.539,1,0,0,1.000,1.000,1.000,-90.00,180.00,0.00,OPEN,0
673154.589,1,0,0,1.000,1.000,1.000,-90.00,180.00,0.00,OPEN,0
673154.640,1,0,0,0.843,1.000,1.000,-90.00,180.00,0.00,OPEN,0
673154.689,1,0,0,0.883,1.000,1.000,-90.00,180.00,0.00,OPEN,0
673154.739,1,0,0,0.695,1.000,1.000,-90.00,180.00,0.00,OPEN,0
673154.789,1,0,0,0.791,1.000,1.000,-90.00,180.00,0.00,OPEN,0
673154.839,1,0,0,0.951,1.000,1.000,-90.00,180.00,0.00,OPEN,0
673154.889,1,0,0,0.987,1.000,1.000,-90.00,180.00,0.00,OPEN,0
673154.939,1,0,0,0.999,1.000,1.000,-90.00,180.00,0.00,OPEN,0
673154.989,1,0,0,1.000,1.000,1.000,-90.00,180.00,0.00,OPEN,0
673155.039,1,0,0,1.000,1.000,1.000,-90.00,180.00,0.00,OPEN,0
673155.089,1,0,0,1.000,1.000,1.000,-90.00,180.00,0.00,OPEN,0
673155.140,0,0,0,1.000,1.000,1.000,-90.00,180.00,0.00,OPEN,0
673155.191,0,0,0,1.000,1.000,1.000,-90.00,180.00,0.00,OPEN,0
673155.239,0,0,0,1.000,1.000,1.000,-90.00,180.00,0.00,OPEN,0
673155.289,0,0,0,1.000,1.000,1.000,-90.00,180.00,0.00,OPEN,0
673155.339,0,0,0,1.000,1.000,1.000,-90.00,180.00,0.00,OPEN,0
673155.390,0,0,0,1.000,1.000,1.000,-90.00,180.00,0.00,OPEN,0
673155.439,0,0,0,1.000,1.000,1.000,-90.00,180.00,0.00,OPEN,0
673155.489,0,0,0,1.000,1.000,1.000,-90.00,180.00,0.00,OPEN,0
673155.539,0,0,0,1.000,1.000,1.000,-90.00,180.00,0.00,OPEN,0
673155.589,0,0,0,1.000,1.000,1.000,-90.00,180.00,0.00,OPEN,0
673155.639,0,0,0,1.000,1.000,1.000,-90.00,180.00,0.00,OPEN,0
673155.709,0,0,0,1.000,1.000,1.000,-90.00,180.00,0.00,OPEN,0
673155.746,0,0,0,1.000,1.000,1.000,-90.00,180.00,0.00,OPEN,0
673155.789,0,0,0,1.000,1.000,1.000,-90.00,180.00,0.00,OPEN,0
673155.839,0,0,0,1.000,1.000,1.000,-90.00,180.00,0.00,OPEN,0
673155.889,0,0,0,1.000,1.000,1.000,-90.00,180.00,0.00,OPEN,0
673155.939,0,0,0,1.000,1.000,1.000,-90.00,180.00,0.00,OPEN,0
673155.989,0,0,0,1.000,1.000,1.000,-90.00,180.00,0.00,OPEN,0
673156.039,0,0,0,1.000,1.000,1.000,-90.00,180.00,0.00,OPEN,0
673156.089,0,0,0,1.000,1.000,1.000,-90.00,180.00,0.00,OPEN,0
673156.140,0,0,0,1.000,1.000,1.000,-90.00,180.00,0.00,OPEN,0
673156.189,0,0,0,1.000,1.000,1.000,-90.00,180.00,0.00,OPEN,0
673156.240,0,0,0,1.000,1.000,1.000,-90.00,180.00,0.00,OPEN,0
673156.289,0,0,0,1.000,1.000,1.000,-90.00,180.00,0.00,OPEN,0
673156.339,0,0,0,1.000,1.000,1.000,-90.00,180.00,0.00,OPEN,0
673156.390,0,0,0,1.000,1.000,1.000,-90.00,180.00,0.00,OPEN,0
673156.439,0,0,0,1.000,1.000,1.000,-90.00,180.00,0.00,OPEN,0
673156.489,0,0,0,1.000,1.000,1.000,-90.00,180.00,0.00,OPEN,0
673156.539,0,0,0,1.000,1.000,1.000,-90.00,180.00,0.00,OPEN,0
673156.589,0,0,0,1.000,1.000,1.000,-90.00,180.00,0.00,OPEN,0
673156.639,0,0,0,1.000,1.000,1.000,-90.00,180.00,0.00,OPEN,0
673156.689,0,0,0,1.000,1.000,1.000,-90.00,180.00,0.00,OPEN,0
673156.739,0,0,0,1.000,1.000,1.000,-90.00,180.00,0.00,OPEN,0
673156.789,0,0,0,1.000,1.000,1.000,-90.00,180.00,0.00,OPEN,0
673156.839,0,0,0,1.000,1.000,1.000,-90.00,180.00,0.00,OPEN,0
673156.889,0,0,0,1.000,1.000,1.000,-90.00,180.00,0.00,OPEN,0
673156.939,0,0,0,1.000,1.000,1.000,-90.00,180.00,0.00,OPEN,0
673156.989,0,0,0,1.000,1.000,1.000,-90.00,180.00,0.00,OPEN,0
673157.039,0,0,0,1.000,1.000,1.000,-90.00,180.00,0.00,OPEN,0
673157.089,0,0,0,1.000,1.000,1.000,-90.00,180.00,0.00,OPEN,0
673157.139,0,0,0,1.000,1.000,1.000,-90.00,180.00,0.00,OPEN,0
673157.189,0,0,0,1.000,1.000,1.000,-90.00,180.00,0.00,OPEN,0
673157.239,0,0,0,1.000,1.000,1.000,-90.00,180.00,0.00,OPEN,0
673157.289,0,0,0,1.000,1.000,1.000,-90.00,180.00,0.00,OPEN,0
673157.339,0,0,0,1.000,1.000,1.000,-90.00,180.00,0.00,OPEN,0
673157.389,0,0,0,1.000,1.000,1.000,-90.00,180.00,0.00,OPEN,0
673157.439,0,0,0,1.000,1.000,1.000,-90.00,180.00,0.00,OPEN,0
673157.489,0,0,0,1.000,1.000,1.000,-90.00,180.00,0.00,OPEN,0
673157.539,0,0,0,1.000,1.000,1.000,-90.00,180.00,0.00,OPEN,0
673157.589,0,0,0,1.000,1.000,1.000,-90.00,180.00,0.00,OPEN,0
673157.639,0,0,0,1.000,1.000,1.000,-90.00,180.00,0.00,OPEN,0
673157.689,0,0,0,1.000,1.000,1.000,-90.00,180.00,0.00,OPEN,0
673157.739,0,0,0,1.000,1.000,1.000,-90.00,180.00,0.00,OPEN,0
673157.789,0,0,0,1.000,1.000,1.000,-90.00,180.00,0.00,OPEN,0
673157.839,0,0,0,1.000,1.000,1.000,-90.00,180.00,0.00,OPEN,0
673157.888,0,0,0,1.000,1.000,1.000,-90.00,180.00,0.00,OPEN,0
673157.938,0,0,0,1.000,1.000,1.000,-90.00,180.00,0.00,OPEN,0
673157.988,0,0,0,1.000,1.000,1.000,-90.00,180.00,0.00,OPEN,0
673158.038,0,0,0,1.000,1.000,1.000,-90.00,180.00,0.00,OPEN,0
673158.090,0,0,0,1.000,1.000,1.000,-90.00,180.00,0.00,OPEN,0
673158.140,0,0,0,1.000,1.000,1.000,-90.00,180.00,0.00,OPEN,0
673158.189,0,0,0,1.000,1.000,1.000,-90.00,180.00,0.00,OPEN,0
673158.239,0,0,0,1.000,1.000,1.000,-90.00,180.00,0.00,OPEN,0
673158.289,0,0,0,1.000,1.000,1.000,-90.00,180.00,0.00,OPEN,0
673158.339,0,0,0,1.000,1.000,1.000,-90.00,180.00,0.00,OPEN,0
673158.389,0,0,0,1.000,1.000,1.000,-90.00,180.00,0.00,OPEN,0
673158.439,0,0,0,1.000,1.000,1.000,-90.00,180.00,0.00,OPEN,0
673158.489,0,0,0,1.000,1.000,1.000,-90.00,180.00,0.00,OPEN,0
673158.539,0,0,0,1.000,1.000,1.000,-90.00,180.00,0.00,OPEN,0
673158.589,0,0,0,1.000,1.000,1.000,-90.00,180.00,0.00,OPEN,0
673158.640,0,0,0,1.000,1.000,1.000,-90.00,180.00,0.00,OPEN,0
673158.689,0,0,0,1.000,1.000,1.000,-90.00,180.00,0.00,OPEN,0
673158.739,0,0,0,1.000,1.000,1.000,-90.00,180.00,0.00,OPEN,0
673158.789,0,0,0,1.000,1.000,1.000,-90.00,180.00,0.00,OPEN,0
673158.842,0,0,0,1.000,1.000,1.000,-90.00,180.00,0.00,OPEN,0
673158.890,0,0,0,1.000,1.000,1.000,-90.00,180.00,0.00,OPEN,0
673158.939,0,0,0,1.000,1.000,1.000,-90.00,180.00,0.00,OPEN,0
673158.989,0,0,0,1.000,1.000,1.000,-90.00,180.00,0.00,OPEN,0
673159.039,0,0,0,1.000,1.000,1.000,-90.00,180.00,0.00,OPEN,0
673159.089,0,0,0,1.000,1.000,1.000,-90.00,180.00,0.00,OPEN,0
673159.140,0,0,0,1.000,1.000,1.000,-90.00,180.00,0.00,OPEN,0
673159.189,0,0,0,1.000,1.000,1.000,-90.00,180.00,0.00,OPEN,0
673159.239,0,0,0,1.000,1.000,1.000,-90.00,180.00,0.00,OPEN,0
673159.289,0,0,0,1.000,1.000,1.000,-90.00,180.00,0.00,OPEN,0
673159.345,0,0,0,1.000,1.000,1.000,-90.00,180.00,0.00,OPEN,0
673159.389,0,0,0,1.000,1.000,1.000,-90.00,180.00,0.00,OPEN,0
673159.439,0,0,0,1.000,1.000,1.000,-90.00,180.00,0.00,OPEN,0
673159.490,0,0,0,1.000,1.000,1.000,-90.00,180.00,0.00,OPEN,0
673159.539,0,0,0,1.000,1.000,1.000,-90.00,180.00,0.00,OPEN,0
673159.589,0,0,0,1.000,1.000,1.000,-90.00,180.00,0.00,OPEN,0
673159.639,0,0,0,1.000,1.000,1.000,-90.00,180.00,0.00,OPEN,0
673159.689,0,0,0,1.000,1.000,1.000,-90.00,180.00,0.00,OPEN,0
673159.739,0,0,0,1.000,1.000,1.000,-90.00,180.00,0.00,OPEN,0
673159.789,0,0,0,1.000,1.000,1.000,-90.00,180.00,0.00,OPEN,0
673159.839,0,0,0,1.000,1.000,1.000,-90.00,180.00,0.00,OPEN,0
673159.889,0,0,0,1.000,1.000,1.000,-90.00,180.00,0.00,OPEN,0
673159.939,0,0,0,1.000,1.000,1.000,-90.00,180.00,0.00,OPEN,0
673159.989,0,0,0,1.000,1.000,1.000,-90.00,180.00,0.00,OPEN,0
673160.039,0,0,0,1.000,1.000,1.000,-90.00,180.00,0.00,OPEN,0
673160.089,0,0,0,1.000,1.000,1.000,-90.00,180.00,0.00,OPEN,0
673160.140,0,0,0,1.000,1.000,1.000,-90.00,180.00,0.00,OPEN,0
673160.189,0,0,0,1.000,1.000,1.000,-90.00,180.00,0.00,OPEN,0
673160.239,0,0,0,1.000,1.000,1.000,-90.00,180.00,0.00,OPEN,0
673160.289,0,0,0,1.000,1.000,1.000,-90.00,180.00,0.00,OPEN,0
673160.339,0,0,0,1.000,1.000,1.000,-90.00,180.00,0.00,OPEN,0
673160.390,0,0,0,1.000,1.000,1.000,-90.00,180.00,0.00,OPEN,0
673160.439,0,0,0,1.000,1.000,1.000,-90.00,180.00,0.00,OPEN,0
673160.489,0,0,0,1.000,1.000,1.000,-90.00,180.00,0.00,OPEN,0
673160.539,0,0,0,1.000,1.000,1.000,-90.00,180.00,0.00,OPEN,0
673160.589,0,0,0,1.000,1.000,1.000,-90.00,180.00,0.00,OPEN,0
673160.640,0,0,0,1.000,1.000,1.000,-90.00,180.00,0.00,OPEN,0
673160.689,0,0,0,1.000,1.000,1.000,-90.00,180.00,0.00,OPEN,0
673160.739,0,0,0,1.000,1.000,1.000,-90.00,180.00,0.00,OPEN,0
673160.789,0,0,0,1.000,1.000,1.000,-90.00,180.00,0.00,OPEN,0
673160.839,0,0,0,1.000,1.000,1.000,-90.00,180.00,0.00,OPEN,0
673160.902,0,0,0,1.000,1.000,1.000,-90.00,180.00,0.00,OPEN,0
673160.942,0,0,0,1.000,1.000,1.000,-90.00,180.00,0.00,OPEN,0
673160.989,0,0,0,1.000,1.000,1.000,-90.00,180.00,0.00,OPEN,0
673161.039,0,0,0,1.000,1.000,1.000,-90.00,180.00,0.00,OPEN,0
673161.089,0,0,0,1.000,1.000,1.000,-90.00,180.00,0.00,OPEN,0
673161.139,0,0,0,1.000,1.000,1.000,-90.00,180.00,0.00,OPEN,0
673161.189,0,0,0,1.000,1.000,1.000,-90.00,180.00,0.00,OPEN,0
673161.239,0,0,0,1.000,1.000,1.000,-90.00,180.00,0.00,OPEN,0
673161.289,0,0,0,1.000,1.000,1.000,-90.00,180.00,0.00,OPEN,0
673161.339,0,0,0,1.000,1.000,1.000,-90.00,180.00,0.00,OPEN,0
673161.388,0,0,0,1.000,1.000,1.000,-90.00,180.00,0.00,OPEN,0
673161.439,0,0,0,1.000,1.000,1.000,-90.00,180.00,0.00,OPEN,0
673161.489,0,0,0,1.000,1.000,1.000,-90.00,180.00,0.00,OPEN,0
673161.539,0,0,0,1.000,1.000,1.000,-90.00,180.00,0.00,OPEN,0
673161.589,0,0,0,1.000,1.000,1.000,-90.00,180.00,0.00,OPEN,0
673161.639,0,0,0,1.000,1.000,1.000,-90.00,180.00,0.00,OPEN,0
673161.689,0,0,0,1.000,1.000,1.000,-90.00,180.00,0.00,OPEN,0
673161.739,0,0,0,1.000,1.000,1.000,-90.00,180.00,0.00,OPEN,0
673161.789,0,0,0,1.000,1.000,1.000,-90.00,180.00,0.00,OPEN,0
673161.839,0,0,0,1.000,1.000,1.000,-90.00,180.00,0.00,OPEN,0
673161.889,0,0,0,0.986,1.000,1.000,-90.00,180.00,0.00,OPEN,0
673161.939,0,0,0,0.644,1.000,1.000,-90.00,180.00,0.00,OPEN,0
673161.989,0,0,0,0.627,1.000,1.000,-90.00,180.00,0.00,OPEN,0
673162.039,0,0,0,0.794,1.000,1.000,-90.00,180.00,0.00,OPEN,0
673162.089,0,0,0,0.929,1.000,1.000,-90.00,180.00,0.00,OPEN,0
673162.139,0,0,0,0.940,1.000,1.000,-90.00,180.00,0.00,OPEN,0
673162.189,0,0,0,0.995,1.000,1.000,-90.00,180.00,0.00,OPEN,0
673162.240,0,0,0,0.999,1.000,1.000,-90.00,180.00,0.00,OPEN,0
673162.290,0,0,0,1.000,1.000,1.000,-90.00,180.00,0.00,OPEN,0
673162.339,0,0,0,1.000,1.000,1.000,-90.00,180.00,0.00,OPEN,0
673162.389,2,0,0,1.000,1.000,1.000,-90.00,180.00,0.00,OPEN,0
673162.457,2,0,0,1.000,1.000,1.000,-90.00,180.00,0.00,OPEN,0
673162.491,2,0,0,1.000,1.000,1.000,-90.00,180.00,0.00,OPEN,0
673162.539,2,0,0,1.000,1.000,1.000,-90.00,180.00,0.00,OPEN,0
673162.589,2,0,0,1.000,1.000,1.000,-90.00,180.00,0.00,OPEN,0
673162.639,2,0,0,1.000,1.000,1.000,-90.00,180.00,0.00,OPEN,0
673162.689,2,0,0,1.000,1.000,1.000,-90.00,180.00,0.00,OPEN,0
673162.739,2,0,0,1.000,1.000,1.000,-90.00,180.00,0.00,OPEN,0
673162.789,2,0,0,1.000,1.000,1.000,-90.00,180.00,0.00,OPEN,0
673162.839,2,0,0,1.000,1.000,1.000,-90.00,180.00,0.00,OPEN,0
673162.888,2,0,0,1.000,1.000,1.000,-90.00,180.00,0.00,OPEN,0
673162.939,2,0,0,1.000,1.000,1.000,-90.00,180.00,0.00,OPEN,0
673162.989,2,0,0,1.000,1.000,1.000,-90.00,180.00,0.00,OPEN,0
673163.039,2,0,0,1.000,1.000,1.000,-90.00,180.00,0.00,OPEN,0
673163.089,2,0,0,1.000,1.000,1.000,-90.00,180.00,0.00,OPEN,0
673163.139,2,0,0,1.000,1.000,1.000,-90.00,180.00,0.00,OPEN,0
673163.189,2,0,0,1.000,1.000,1.000,-90.00,180.00,0.00,OPEN,0
673163.238,2,0,0,1.000,1.000,1.000,-90.00,180.00,0.00,OPEN,0
673163.289,2,0,0,1.000,1.000,1.000,-90.00,180.00,0.00,OPEN,0
673163.339,2,0,0,1.000,1.000,1.000,-90.00,180.00,0.00,OPEN,0
673163.389,2,0,0,1.000,1.000,1.000,-90.00,180.00,0.00,OPEN,0
673163.439,2,0,0,1.000,1.000,1.000,-90.00,180.00,0.00,OPEN,0
673163.489,2,0,0,1.000,1.000,1.000,-90.00,180.00,0.00,OPEN,0
673163.539,2,0,0,1.000,1.000,1.000,-90.00,180.00,0.00,OPEN,0
673163.589,2,0,0,1.000,1.000,1.000,-90.00,180.00,0.00,OPEN,0
673163.639,2,0,0,1.000,1.000,1.000,-90.00,180.00,0.00,OPEN,0
673163.688,2,0,0,1.000,1.000,1.000,-90.00,180.00,0.00,OPEN,0
673163.739,2,0,0,1.000,1.000,1.000,-90.00,180.00,0.00,OPEN,0
673163.789,2,0,0,1.000,1.000,1.000,-90.00,180.00,0.00,OPEN,0
673163.839,2,0,0,1.000,1.000,1.000,-90.00,180.00,0.00,OPEN,0
673163.890,2,0,0,1.000,1.000,1.000,-90.00,180.00,0.00,OPEN,0
673163.939,2,0,0,1.000,1.000,1.000,-90.00,180.00,0.00,OPEN,0
673163.989,2,0,0,1.000,1.000,1.000,-90.00,180.00,0.00,OPEN,0
673164.039,2,0,0,1.000,1.000,1.000,-90.00,180.00,0.00,OPEN,0
673164.090,2,0,0,1.000,1.000,1.000,-90.00,180.00,0.00,OPEN,0
673164.139,2,0,0,1.000,1.000,1.000,-90.00,180.00,0.00,OPEN,0
673164.189,2,0,0,1.000,1.000,1.000,-90.00,180.00,0.00,OPEN,0
673164.239,2,0,0,1.000,1.000,1.000,-90.00,180.00,0.00,OPEN,0
673164.289,2,0,0,1.000,1.000,1.000,-90.00,180.00,0.00,OPEN,0
673164.339,2,0,0,1.000,1.000,1.000,-90.00,180.00,0.00,OPEN,0
673164.389,2,0,0,1.000,1.000,1.000,-90.00,180.00,0.00,OPEN,0
673164.439,2,0,0,1.000,1.000,1.000,-90.00,180.00,0.00,OPEN,0
673164.489,2,0,0,1.000,1.000,1.000,-90.00,180.00,0.00,OPEN,0
673164.539,2,0,0,1.000,1.000,1.000,-90.00,180.00,0.00,OPEN,0
673164.589,2,0,0,1.000,1.000,1.000,-90.00,180.00,0.00,OPEN,0
673164.640,2,0,0,1.000,1.000,1.000,-90.00,180.00,0.00,OPEN,0
673164.689,2,0,0,1.000,1.000,1.000,-90.00,180.00,0.00,OPEN,0
673164.738,2,0,0,1.000,1.000,1.000,-90.00,180.00,0.00,OPEN,0
673164.789,2,0,0,1.000,1.000,1.000,-90.00,180.00,0.00,OPEN,0
673164.839,2,0,0,1.000,1.000,1.000,-90.00,180.00,0.00,OPEN,0
673164.889,2,0,0,1.000,1.000,1.000,-90.00,180.00,0.00,OPEN,0
673164.939,2,0,0,1.000,1.000,1.000,-90.00,180.00,0.00,OPEN,0
673164.989,2,0,0,1.000,1.000,1.000,-90.00,180.00,0.00,OPEN,0
673165.039,2,0,0,1.000,1.000,1.000,-90.00,180.00,0.00,OPEN,0
673165.089,2,0,0,1.000,1.000,1.000,-90.00,180.00,0.00,OPEN,0
673165.139,2,0,0,1.000,1.000,1.000,-90.00,180.00,0.00,OPEN,0
673165.189,2,0,0,1.000,1.000,1.000,-90.00,180.00,0.00,OPEN,0
673165.239,2,0,0,1.000,1.000,1.000,-90.00,180.00,0.00,OPEN,0
673165.289,2,0,0,1.000,1.000,1.000,-90.00,180.00,0.00,OPEN,0
673165.339,2,0,0,1.000,1.000,1.000,-90.00,180.00,0.00,OPEN,0
673165.389,2,0,0,1.000,1.000,1.000,-90.00,180.00,0.00,OPEN,0
673165.439,2,0,0,1.000,1.000,1.000,-90.00,180.00,0.00,OPEN,0
673165.489,2,0,0,1.000,1.000,1.000,-90.00,180.00,0.00,OPEN,0
673165.539,2,0,0,1.000,1.000,1.000,-90.00,180.00,0.00,OPEN,0
673165.589,2,0,0,1.000,1.000,1.000,-90.00,180.00,0.00,OPEN,0
673165.639,2,0,0,1.000,1.000,1.000,-90.00,180.00,0.00,OPEN,0
673165.689,2,0,0,1.000,1.000,1.000,-90.00,180.00,0.00,OPEN,0
673165.738,2,0,0,1.000,1.000,1.000,-90.00,180.00,0.00,OPEN,0
673165.788,2,0,0,1.000,1.000,1.000,-90.00,180.00,0.00,OPEN,0
673165.839,2,0,0,1.000,1.000,1.000,-90.00,180.00,0.00,OPEN,0
673165.889,2,0,0,1.000,1.000,1.000,-90.00,180.00,0.00,OPEN,0
673165.939,2,0,0,1.000,1.000,1.000,-90.00,180.00,0.00,OPEN,0
673165.989,2,0,0,1.000,1.000,1.000,-90.00,180.00,0.00,OPEN,0
673166.039,2,0,0,1.000,1.000,1.000,-90.00,180.00,0.00,OPEN,0
673166.110,2,0,0,1.000,1.000,1.000,-90.00,180.00,0.00,OPEN,0
673166.145,2,0,0,1.000,1.000,1.000,-90.00,180.00,0.00,OPEN,0
673166.189,2,0,0,1.000,1.000,1.000,-90.00,180.00,0.00,OPEN,0
673166.239,2,0,0,1.000,1.000,1.000,-90.00,180.00,0.00,OPEN,0
673166.289,2,0,0,1.000,1.000,1.000,-90.00,180.00,0.00,OPEN,0
673166.338,2,0,0,1.000,1.000,1.000,-90.00,180.00,0.00,OPEN,0
673166.389,2,0,0,1.000,1.000,1.000,-90.00,180.00,0.00,OPEN,0
673166.439,2,0,0,1.000,1.000,1.000,-90.00,180.00,0.00,OPEN,0
673166.489,2,0,0,1.000,1.000,1.000,-90.00,180.00,0.00,OPEN,0
673166.539,2,0,0,1.000,1.000,1.000,-90.00,180.00,0.00,OPEN,0
673166.589,2,0,0,1.000,1.000,1.000,-90.00,180.00,0.00,OPEN,0
673166.639,2,0,0,1.000,1.000,1.000,-90.00,180.00,0.00,OPEN,0
673166.689,2,0,0,1.000,1.000,1.000,-90.00,180.00,0.00,OPEN,0
673166.739,2,0,0,1.000,1.000,1.000,-90.00,180.00,0.00,OPEN,0
673166.788,2,0,0,1.000,1.000,1.000,-90.00,180.00,0.00,OPEN,0
673166.839,2,0,0,1.000,1.000,1.000,-90.00,180.00,0.00,OPEN,0
673166.890,2,0,0,1.000,1.000,1.000,-90.00,180.00,0.00,OPEN,0
673166.940,2,0,0,1.000,1.000,1.000,-90.00,180.00,0.00,OPEN,0
673166.989,2,0,0,1.000,1.000,1.000,-90.00,180.00,0.00,OPEN,0
673167.039,2,0,0,1.000,1.000,1.000,-90.00,180.00,0.00,OPEN,0
673167.089,2,0,0,1.000,1.000,1.000,-90.00,180.00,0.00,OPEN,0
673167.140,2,0,0,1.000,1.000,1.000,-90.00,180.00,0.00,OPEN,0
673167.189,2,0,0,1.000,1.000,1.000,-90.00,180.00,0.00,OPEN,0
673167.238,2,0,0,1.000,1.000,1.000,-90.00,180.00,0.00,OPEN,0
673167.289,2,0,0,1.000,1.000,1.000,-90.00,180.00,0.00,OPEN,0
673167.339,2,0,0,1.000,1.000,1.000,-90.00,180.00,0.00,OPEN,0
673167.389,2,0,0,1.000,1.000,1.000,-90.00,180.00,0.00,OPEN,0
673167.440,2,0,0,1.000,1.000,1.000,-90.00,180.00,0.00,OPEN,0
673167.489,2,0,0,1.000,1.000,1.000,-90.00,180.00,0.00,OPEN,0
673167.540,2,0,0,1.000,1.000,1.000,-90.00,180.00,0.00,OPEN,0
673167.589,2,0,0,1.000,1.000,1.000,-90.00,180.00,0.00,OPEN,0
673167.639,2,0,0,1.000,1.000,1.000,-90.00,180.00,0.00,OPEN,0
673167.690,2,0,0,1.000,1.000,1.000,-90.00,180.00,0.00,OPEN,0
673167.739,2,0,0,1.000,1.000,1.000,-90.00,180.00,0.00,OPEN,0
673167.789,2,0,0,1.000,1.000,1.000,-90.00,180.00,0.00,OPEN,0
673167.856,2,0,0,1.000,1.000,1.000,-90.00,180.00,0.00,OPEN,0
673167.893,2,0,0,1.000,1.000,1.000,-90.00,180.00,0.00,OPEN,0
673167.939,2,0,0,1.000,1.000,1.000,-90.00,180.00,0.00,OPEN,0
673167.989,2,0,0,0.998,1.000,1.000,-90.00,180.00,0.00,OPEN,0
673168.038,2,0,0,0.954,1.000,1.000,-90.00,180.00,0.00,OPEN,0
673168.089,2,0,0,0.797,1.000,1.000,-90.00,180.00,0.00,OPEN,0
673168.140,2,0,0,0.503,1.000,1.000,-90.00,180.00,0.00,OPEN,0
673168.189,2,0,0,0.600,1.000,1.000,-90.00,180.00,0.00,OPEN,0
673168.239,2,0,0,0.705,1.000,1.000,-90.00,180.00,0.00,OPEN,0
673168.289,2,0,0,0.691,1.000,1.000,-90.00,180.00,0.00,OPEN,0
673168.339,2,0,0,0.997,1.000,1.000,-90.00,180.00,0.00,OPEN,0
673168.388,2,0,0,1.000,1.000,1.000,-90.00,180.00,0.00,OPEN,0
673168.439,2,0,0,1.000,1.000,1.000,-90.00,180.00,0.00,OPEN,0
673168.489,2,0,0,1.000,1.000,1.000,-90.00,180.00,0.00,OPEN,0
673168.538,2,0,0,1.000,1.000,1.000,-90.00,180.00,0.00,OPEN,0
673168.589,2,0,0,1.000,1.000,1.000,-90.00,180.00,0.00,OPEN,0
673168.639,2,0,0,1.000,1.000,1.000,-90.00,180.00,0.00,OPEN,0
673168.689,0,0,0,1.000,1.000,1.000,-90.00,180.00,0.00,OPEN,0
673168.739,0,0,0,1.000,1.000,1.000,-90.00,180.00,0.00,OPEN,0
673168.789,0,0,0,1.000,1.000,1.000,-90.00,180.00,0.00,OPEN,0
673168.839,0,0,0,1.000,1.000,1.000,-90.00,180.00,0.00,OPEN,0
673168.889,0,0,0,1.000,1.000,1.000,-90.00,180.00,0.00,OPEN,0
673168.939,0,0,0,1.000,1.000,1.000,-90.00,180.00,0.00,OPEN,0
673168.989,0,0,0,1.000,1.000,1.000,-90.00,180.00,0.00,OPEN,0
673169.039,0,0,0,1.000,1.000,1.000,-90.00,180.00,0.00,OPEN,0
673169.089,0,0,0,1.000,1.000,1.000,-90.00,180.00,0.00,OPEN,0
673169.139,0,0,0,1.000,1.000,1.000,-90.00,180.00,0.00,OPEN,0
673169.189,0,0,0,1.000,1.000,1.000,-90.00,180.00,0.00,OPEN,0
673169.239,0,0,0,1.000,1.000,1.000,-90.00,180.00,0.00,OPEN,0
673169.301,0,0,0,1.000,1.000,1.000,-90.00,180.00,0.00,OPEN,0
673169.340,0,0,0,1.000,1.000,1.000,-90.00,180.00,0.00,OPEN,0
673169.389,0,0,0,1.000,1.000,1.000,-90.00,180.00,0.00,OPEN,0
673169.439,0,0,0,1.000,1.000,1.000,-90.00,180.00,0.00,OPEN,0
673169.489,0,0,0,1.000,1.000,1.000,-90.00,180.00,0.00,OPEN,0
673169.539,0,0,0,1.000,1.000,1.000,-90.00,180.00,0.00,OPEN,0
673169.589,0,0,0,1.000,1.000,1.000,-90.00,180.00,0.00,OPEN,0
673169.639,0,0,0,1.000,1.000,1.000,-90.00,180.00,0.00,OPEN,0
673169.689,0,0,0,1.000,1.000,1.000,-90.00,180.00,0.00,OPEN,0
673169.739,0,0,0,1.000,1.000,1.000,-90.00,180.00,0.00,OPEN,0
673169.789,0,0,0,1.000,1.000,1.000,-90.00,180.00,0.00,OPEN,0
673169.839,0,0,0,1.000,1.000,1.000,-90.00,180.00,0.00,OPEN,0
673169.889,0,0,0,1.000,1.000,1.000,-90.00,180.00,0.00,OPEN,0
673169.939,0,0,0,1.000,1.000,1.000,-90.00,180.00,0.00,OPEN,0
673169.989,0,0,0,1.000,1.000,1.000,-90.00,180.00,0.00,OPEN,0
673170.038,0,0,0,1.000,1.000,1.000,-90.00,180.00,0.00,OPEN,0
673170.089,0,0,0,1.000,1.000,1.000,-90.00,180.00,0.00,OPEN,0
673170.139,0,0,0,1.000,1.000,1.000,-90.00,180.00,0.00,OPEN,0
673170.189,0,0,0,1.000,1.000,1.000,-90.00,180.00,0.00,OPEN,0
673170.239,0,0,0,1.000,1.000,1.000,-90.00,180.00,0.00,OPEN,0
673170.288,0,0,0,1.000,1.000,1.000,-90.00,180.00,0.00,OPEN,0
673170.339,0,0,0,1.000,1.000,1.000,-90.00,180.00,0.00,OPEN,0
673170.389,0,0,0,1.000,1.000,1.000,-90.00,180.00,0.00,OPEN,0
673170.439,0,0,0,1.000,1.000,1.000,-90.00,180.00,0.00,OPEN,0
673170.489,0,0,0,1.000,1.000,1.000,-90.00,180.00,0.00,OPEN,0
673170.540,0,0,0,1.000,1.000,1.000,-90.00,180.00,0.00,OPEN,0
673170.589,0,0,0,1.000,1.000,1.000,-90.00,180.00,0.00,OPEN,0
673170.639,0,0,0,1.000,1.000,1.000,-90.00,180.00,0.00,OPEN,0
673170.689,0,0,0,1.000,1.000,1.000,-90.00,180.00,0.00,OPEN,0
673170.739,0,0,0,1.000,1.000,1.000,-90.00,180.00,0.00,OPEN,0
673170.789,0,0,0,1.000,1.000,1.000,-90.00,180.00,0.00,OPEN,0
673170.839,0,0,0,1.000,1.000,1.000,-90.00,180.00,0.00,OPEN,0
673170.890,0,0,0,1.000,1.000,1.000,-90.00,180.00,0.00,OPEN,0
673170.939,0,0,0,1.000,1.000,1.000,-90.00,180.00,0.00,OPEN,0
673170.989,0,0,0,1.000,1.000,1.000,-90.00,180.00,0.00,OPEN,0
673171.039,0,0,0,1.000,1.000,1.000,-90.00,180.00,0.00,OPEN,0
673171.089,0,0,0,1.000,1.000,1.000,-90.00,180.00,0.00,OPEN,0
673171.139,0,0,0,1.000,1.000,1.000,-90.00,180.00,0.00,OPEN,0
673171.189,0,0,0,1.000,1.000,1.000,-90.00,180.00,0.00,OPEN,0
673171.238,0,0,0,1.000,1.000,1.000,-90.00,180.00,0.00,OPEN,0
673171.289,0,0,0,1.000,1.000,1.000,-90.00,180.00,0.00,OPEN,0
673171.339,0,0,0,1.000,1.000,1.000,-90.00,180.00,0.00,OPEN,0
673171.389,0,0,0,1.000,1.000,1.000,-90.00,180.00,0.00,OPEN,0
673171.439,0,0,0,1.000,1.000,1.000,-90.00,180.00,0.00,OPEN,0
673171.489,0,0,0,1.000,1.000,1.000,-90.00,180.00,0.00,OPEN,0
673171.539,0,0,0,1.000,1.000,1.000,-90.00,180.00,0.00,OPEN,0
673171.589,0,0,0,1.000,1.000,1.000,-90.00,180.00,0.00,OPEN,0
673171.640,0,0,0,1.000,1.000,1.000,-90.00,180.00,0.00,OPEN,0
673171.689,0,0,0,1.000,1.000,1.000,-90.00,180.00,0.00,OPEN,0
673171.739,0,0,0,1.000,1.000,1.000,-90.00,180.00,0.00,OPEN,0
673171.789,0,0,0,1.000,1.000,1.000,-90.00,180.00,0.00,OPEN,0
673171.839,0,0,0,1.000,1.000,1.000,-90.00,180.00,0.00,OPEN,0
673171.889,0,0,0,1.000,1.000,1.000,-90.00,180.00,0.00,OPEN,0
673171.939,0,0,0,1.000,1.000,1.000,-90.00,180.00,0.00,OPEN,0
673171.989,0,0,0,1.000,1.000,1.000,-90.00,180.00,0.00,OPEN,0
673172.039,0,0,0,1.000,1.000,1.000,-90.00,180.00,0.00,OPEN,0
673172.090,0,0,0,1.000,1.000,1.000,-90.00,180.00,0.00,OPEN,0
673172.147,0,0,0,1.000,1.000,1.000,-90.00,180.00,0.00,OPEN,0
673172.189,0,0,0,1.000,1.000,1.000,-90.00,180.00,0.00,OPEN,0
673172.239,0,0,0,1.000,1.000,1.000,-90.00,180.00,0.00,OPEN,0
673172.289,0,0,0,1.000,1.000,1.000,-90.00,180.00,0.00,OPEN,0
673172.339,0,0,0,1.000,1.000,1.000,-90.00,180.00,0.00,OPEN,0
673172.389,0,0,0,1.000,1.000,1.000,-90.00,180.00,0.00,OPEN,0
673172.439,0,0,0,1.000,1.000,1.000,-90.00,180.00,0.00,OPEN,0
673172.489,0,0,0,1.000,1.000,1.000,-90.00,180.00,0.00,OPEN,0
673172.540,0,0,0,1.000,1.000,1.000,-90.00,180.00,0.00,OPEN,0
673172.589,0,0,0,1.000,1.000,1.000,-90.00,180.00,0.00,OPEN,0
673172.639,0,0,0,1.000,1.000,1.000,-90.00,180.00,0.00,OPEN,0
673172.689,0,0,0,1.000,1.000,1.000,-90.00,180.00,0.00,OPEN,0
673172.739,0,0,0,1.000,1.000,1.000,-90.00,180.00,0.00,OPEN,0
673172.789,0,0,0,1.000,1.000,1.000,-90.00,180.00,0.00,OPEN,0
673172.840,0,0,0,1.000,1.000,1.000,-90.00,180.00,0.00,OPEN,0
673172.889,0,0,0,1.000,1.000,1.000,-90.00,180.00,0.00,OPEN,0
673172.939,0,0,0,1.000,1.000,1.000,-90.00,180.00,0.00,OPEN,0
673172.989,0,0,0,1.000,1.000,1.000,-90.00,180.00,0.00,OPEN,0
673173.039,0,0,0,1.000,1.000,1.000,-90.00,180.00,0.00,OPEN,0
673173.089,0,0,0,1.000,1.000,1.000,-90.00,180.00,0.00,OPEN,0
673173.139,0,0,0,1.000,1.000,1.000,-90.00,180.00,0.00,OPEN,0
673173.189,0,0,0,1.000,1.000,1.000,-90.00,180.00,0.00,OPEN,0
673173.239,0,0,0,1.000,1.000,1.000,-90.00,180.00,0.00,OPEN,0
673173.289,0,0,0,1.000,1.000,1.000,-90.00,180.00,0.00,OPEN,0
673173.339,0,0,0,1.000,1.000,1.000,-90.00,180.00,0.00,OPEN,0
673173.389,0,0,0,1.000,1.000,1.000,-90.00,180.00,0.00,OPEN,0
673173.439,0,0,0,1.000,1.000,1.000,-90.00,180.00,0.00,OPEN,0
673173.489,0,0,0,1.000,1.000,1.000,-90.00,180.00,0.00,OPEN,0
673173.539,0,0,0,1.000,1.000,1.000,-90.00,180.00,0.00,OPEN,0
673173.589,0,0,0,1.000,1.000,1.000,-90.00,180.00,0.00,OPEN,0
673173.639,0,0,0,1.000,1.000,1.000,-90.00,180.00,0.00,OPEN,0
673173.689,0,0,0,1.000,1.000,1.000,-90.00,180.00,0.00,OPEN,0
673173.749,0,0,0,1.000,1.000,1.000,-90.00,180.00,0.00,OPEN,0
673173.793,0,0,0,1.000,1.000,1.000,-90.00,180.00,0.00,OPEN,0
673173.839,0,0,0,1.000,1.000,1.000,-90.00,180.00,0.00,OPEN,0
673173.889,0,0,0,1.000,1.000,1.000,-90.00,180.00,0.00,OPEN,0
673173.939,0,0,0,1.000,1.000,1.000,-90.00,180.00,0.00,OPEN,0
673173.989,0,0,0,1.000,1.000,1.000,-90.00,180.00,0.00,OPEN,0
673174.039,0,0,0,1.000,1.000,1.000,-90.00,180.00,0.00,OPEN,0
673174.090,0,0,0,1.000,1.000,1.000,-90.00,180.00,0.00,OPEN,0
673174.139,0,0,0,1.000,1.000,1.000,-90.00,180.00,0.00,OPEN,0
673174.189,0,0,0,1.000,1.000,1.000,-90.00,180.00,0.00,OPEN,0
673174.238,0,0,0,1.000,1.000,1.000,-90.00,180.00,0.00,OPEN,0
673174.289,0,0,0,1.000,1.000,1.000,-90.00,180.00,0.00,OPEN,0
673174.339,0,0,0,1.000,1.000,1.000,-90.00,180.00,0.00,OPEN,0
673174.389,0,0,0,1.000,1.000,1.000,-90.00,180.00,0.00,OPEN,0
673174.439,0,0,0,1.000,1.000,1.000,-90.00,180.00,0.00,OPEN,0
673174.489,0,0,0,1.000,1.000,1.000,-90.00,180.00,0.00,OPEN,0
673174.540,0,0,0,1.000,1.000,1.000,-90.00,180.00,0.00,OPEN,0
673174.589,0,0,0,1.000,1.000,1.000,-90.00,180.00,0.00,OPEN,0
673174.639,0,0,0,1.000,1.000,1.000,-90.00,180.00,0.00,OPEN,0
673174.689,0,0,0,1.000,1.000,1.000,-90.00,180.00,0.00,OPEN,0
673174.738,0,0,0,1.000,1.000,1.000,-90.00,180.00,0.00,OPEN,0
673174.789,0,0,0,1.000,1.000,1.000,-90.00,180.00,0.00,OPEN,0
673174.839,0,0,0,1.000,1.000,1.000,-90.00,180.00,0.00,OPEN,0
673174.889,0,0,0,1.000,1.000,1.000,-90.00,180.00,0.00,OPEN,0
673174.939,0,0,0,1.000,1.000,1.000,-90.00,180.00,0.00,OPEN,0
673174.989,0,0,0,1.000,1.000,1.000,-90.00,180.00,0.00,OPEN,0
673175.039,0,0,0,1.000,1.000,1.000,-90.00,180.00,0.00,OPEN,0
673175.089,0,0,0,1.000,1.000,1.000,-90.00,180.00,0.00,OPEN,0
673175.139,0,0,0,1.000,1.000,1.000,-90.00,180.00,0.00,OPEN,0
673175.189,0,0,0,1.000,1.000,1.000,-90.00,180.00,0.00,OPEN,0
673175.239,0,0,0,1.000,1.000,1.000,-90.00,180.00,0.00,OPEN,0
673175.290,0,0,0,1.000,1.000,1.000,-90.00,180.00,0.00,OPEN,0
673175.357,0,0,0,1.000,1.000,1.000,-90.00,180.00,0.00,OPEN,0
673175.394,0,0,0,1.000,1.000,1.000,-90.00,180.00,0.00,OPEN,0
673175.438,0,0,0,0.987,1.000,1.000,-90.00,180.00,0.00,OPEN,0
673175.489,0,0,0,0.852,1.000,1.000,-90.00,180.00,0.00,OPEN,0
673175.539,0,0,0,0.620,1.000,1.000,-90.00,180.00,0.00,OPEN,0
673175.589,0,0,0,0.847,1.000,1.000,-90.00,180.00,0.00,OPEN,0
673175.639,0,0,0,0.931,1.000,1.000,-90.00,180.00,0.00,OPEN,0
673175.689,0,0,0,0.976,1.000,1.000,-90.00,180.00,0.00,OPEN,0
673175.739,0,0,0,0.994,1.000,1.000,-90.00,180.00,0.00,OPEN,0
673175.790,0,0,0,0.998,1.000,1.000,-90.00,180.00,0.00,OPEN,0
673175.839,0,0,0,1.000,1.000,1.000,-90.00,180.00,0.00,OPEN,0
673175.889,0,0,0,1.000,1.000,1.000,-90.00,180.00,0.00,OPEN,0
673175.939,3,0,0,1.000,1.000,1.000,-90.00,180.00,0.00,OPEN,0
673175.991,3,0,0,1.000,1.000,1.000,-90.00,180.00,0.00,OPEN,0
673176.039,3,0,0,1.000,1.000,1.000,-90.00,180.00,0.00,OPEN,0
673176.089,3,0,0,1.000,1.000,1.000,-90.00,180.00,0.00,OPEN,0
673176.139,3,0,0,1.000,1.000,1.000,-90.00,180.00,0.00,OPEN,0
673176.188,3,0,0,1.000,1.000,1.000,-90.00,180.00,0.00,OPEN,0
673176.239,3,0,0,1.000,1.000,1.000,-90.00,180.00,0.00,OPEN,0
673176.289,3,0,0,1.000,1.000,1.000,-90.00,180.00,0.00,OPEN,0
673176.339,3,0,0,1.000,1.000,1.000,-90.00,180.00,0.00,OPEN,0
673176.388,3,0,0,1.000,1.000,1.000,-90.00,180.00,0.00,OPEN,0
673176.439,3,0,0,1.000,1.000,1.000,-90.00,180.00,0.00,OPEN,0
673176.489,3,0,0,1.000,1.000,1.000,-90.00,180.00,0.00,OPEN,0
673176.539,3,0,0,1.000,1.000,1.000,-90.00,180.00,0.00,OPEN,0
673176.589,3,0,0,1.000,1.000,1.000,-90.00,180.00,0.00,OPEN,0
673176.639,3,0,0,1.000,1.000,1.000,-90.00,180.00,0.00,OPEN,0
673176.689,3,0,0,1.000,1.000,1.000,-90.00,180.00,0.00,OPEN,0
673176.739,3,0,0,1.000,1.000,1.000,-90.00,180.00,0.00,OPEN,0
673176.791,3,0,0,1.000,1.000,1.000,-90.00,180.00,0.00,OPEN,0
673176.842,3,0,0,1.000,1.000,1.000,-90.00,180.00,0.00,OPEN,0
673176.889,3,0,0,1.000,1.000,1.000,-90.00,180.00,0.00,OPEN,0
673176.939,3,0,0,1.000,1.000,1.000,-90.00,180.00,0.00,OPEN,0
673176.989,3,0,0,1.000,1.000,1.000,-90.00,180.00,0.00,OPEN,0
673177.038,3,0,0,1.000,1.000,1.000,-90.00,180.00,0.00,OPEN,0
673177.089,3,0,0,1.000,1.000,1.000,-90.00,180.00,0.00,OPEN,0
673177.139,3,0,0,1.000,1.000,1.000,-90.00,180.00,0.00,OPEN,0
673177.189,3,0,0,1.000,1.000,1.000,-90.00,180.00,0.00,OPEN,0
673177.239,3,0,0,1.000,1.000,1.000,-90.00,180.00,0.00,OPEN,0
673177.289,3,0,0,1.000,1.000,1.000,-90.00,180.00,0.00,OPEN,0
673177.339,3,0,0,1.000,1.000,1.000,-90.00,180.00,0.00,OPEN,0
673177.389,3,0,0,1.000,1.000,1.000,-90.00,180.00,0.00,OPEN,0
673177.439,3,0,0,1.000,1.000,1.000,-90.00,180.00,0.00,OPEN,0
673177.489,3,0,0,1.000,1.000,1.000,-90.00,180.00,0.00,OPEN,0
673177.539,3,0,0,1.000,1.000,1.000,-90.00,180.00,0.00,OPEN,0
673177.589,3,0,0,1.000,1.000,1.000,-90.00,180.00,0.00,OPEN,0
673177.639,3,0,0,1.000,1.000,1.000,-90.00,180.00,0.00,OPEN,0
673177.689,3,0,0,1.000,1.000,1.000,-90.00,180.00,0.00,OPEN,0
673177.739,3,0,0,1.000,1.000,1.000,-90.00,180.00,0.00,OPEN,0
673177.789,3,0,0,1.000,1.000,1.000,-90.00,180.00,0.00,OPEN,0
673177.839,3,0,0,1.000,1.000,1.000,-90.00,180.00,0.00,OPEN,0
673177.889,3,0,0,1.000,1.000,1.000,-90.00,180.00,0.00,OPEN,0
673177.939,3,0,0,1.000,1.000,1.000,-90.00,180.00,0.00,OPEN,0
673177.989,3,0,0,1.000,1.000,1.000,-90.00,180.00,0.00,OPEN,0
673178.040,3,0,0,1.000,1.000,1.000,-90.00,180.00,0.00,OPEN,0
673178.089,3,0,0,1.000,1.000,1.000,-90.00,180.00,0.00,OPEN,0
673178.139,3,0,0,1.000,1.000,1.000,-90.00,180.00,0.00,OPEN,0
673178.189,3,0,0,1.000,1.000,1.000,-90.00,180.00,0.00,OPEN,0
673178.239,3,0,0,1.000,1.000,1.000,-90.00,180.00,0.00,OPEN,0
673178.293,3,0,0,1.000,1.000,1.000,-90.00,180.00,0.00,OPEN,0
673178.340,3,0,0,1.000,1.000,1.000,-90.00,180.00,0.00,OPEN,0
673178.389,3,0,0,1.000,1.000,1.000,-90.00,180.00,0.00,OPEN,0
673178.439,3,0,0,1.000,1.000,1.000,-90.00,180.00,0.00,OPEN,0
673178.489,3,0,0,1.000,1.000,1.000,-90.00,180.00,0.00,OPEN,0
673178.539,3,0,0,1.000,1.000,1.000,-90.00,180.00,0.00,OPEN,0
673178.589,3,0,0,1.000,1.000,1.000,-90.00,180.00,0.00,OPEN,0
673178.639,3,0,0,1.000,1.000,1.000,-90.00,180.00,0.00,OPEN,0
673178.689,3,0,0,1.000,1.000,1.000,-90.00,180.00,0.00,OPEN,0
673178.739,3,0,0,1.000,1.000,1.000,-90.00,180.00,0.00,OPEN,0
673178.789,3,0,0,1.000,1.000,1.000,-90.00,180.00,0.00,OPEN,0
673178.839,3,0,0,1.000,1.000,1.000,-90.00,180.00,0.00,OPEN,0
673178.889,3,0,0,1.000,1.000,1.000,-90.00,180.00,0.00,OPEN,0
673178.939,3,0,0,1.000,1.000,1.000,-90.00,180.00,0.00,OPEN,0
673178.990,3,0,0,1.000,1.000,1.000,-90.00,180.00,0.00,OPEN,0
673179.040,3,0,0,1.000,1.000,1.000,-90.00,180.00,0.00,OPEN,0
673179.089,3,0,0,1.000,1.000,1.000,-90.00,180.00,0.00,OPEN,0
673179.140,3,0,0,1.000,1.000,1.000,-90.00,180.00,0.00,OPEN,0
673179.189,3,0,0,1.000,1.000,1.000,-90.00,180.00,0.00,OPEN,0
673179.239,3,0,0,1.000,1.000,1.000,-90.00,180.00,0.00,OPEN,0
673179.289,3,0,0,1.000,1.000,1.000,-90.00,180.00,0.00,OPEN,0
673179.347,3,0,0,1.000,1.000,1.000,-90.00,180.00,0.00,OPEN,0
673179.390,3,0,0,1.000,1.000,1.000,-90.00,180.00,0.00,OPEN,0
673179.438,3,0,0,1.000,1.000,1.000,-90.00,180.00,0.00,OPEN,0
673179.489,3,0,0,1.000,1.000,1.000,-90.00,180.00,0.00,OPEN,0
673179.539,3,0,0,1.000,1.000,1.000,-90.00,180.00,0.00,OPEN,0
673179.589,3,0,0,1.000,1.000,1.000,-90.00,180.00,0.00,OPEN,0
673179.639,3,0,0,1.000,1.000,1.000,-90.00,180.00,0.00,OPEN,0
673179.689,3,0,0,1.000,1.000,1.000,-90.00,180.00,0.00,OPEN,0
673179.739,3,0,0,1.000,1.000,1.000,-90.00,180.00,0.00,OPEN,0
673179.789,3,0,0,1.000,1.000,1.000,-90.00,180.00,0.00,OPEN,0
673179.839,3,0,0,1.000,1.000,1.000,-90.00,180.00,0.00,OPEN,0
673179.889,3,0,0,1.000,1.000,1.000,-90.00,180.00,0.00,OPEN,0
673179.939,3,0,0,1.000,1.000,1.000,-90.00,180.00,0.00,OPEN,0
673179.989,3,0,0,1.000,1.000,1.000,-90.00,180.00,0.00,OPEN,0
673180.039,3,0,0,1.000,1.000,1.000,-90.00,180.00,0.00,OPEN,0
673180.089,3,0,0,1.000,1.000,1.000,-90.00,180.00,0.00,OPEN,0
673180.139,3,0,0,1.000,1.000,1.000,-90.00,180.00,0.00,OPEN,0
673180.189,3,0,0,1.000,1.000,1.000,-90.00,180.00,0.00,OPEN,0
673180.239,3,0,0,1.000,1.000,1.000,-90.00,180.00,0.00,OPEN,0
673180.289,3,0,0,1.000,1.000,1.000,-90.00,180.00,0.00,OPEN,0
673180.339,3,0,0,1.000,1.000,1.000,-90.00,180.00,0.00,OPEN,0
673180.389,3,0,0,1.000,1.000,1.000,-90.00,180.00,0.00,OPEN,0
673180.439,3,0,0,1.000,1.000,1.000,-90.00,180.00,0.00,OPEN,0
673180.489,3,0,0,1.000,1.000,1.000,-90.00,180.00,0.00,OPEN,0
673180.539,3,0,0,1.000,1.000,1.000,-90.00,180.00,0.00,OPEN,0
673180.589,3,0,0,1.000,1.000,1.000,-90.00,180.00,0.00,OPEN,0
673180.639,3,0,0,1.000,1.000,1.000,-90.00,180.00,0.00,OPEN,0
673180.689,3,0,0,1.000,1.000,1.000,-90.00,180.00,0.00,OPEN,0
673180.739,3,0,0,1.000,1.000,1.000,-90.00,180.00,0.00,OPEN,0
673180.790,3,0,0,1.000,1.000,1.000,-90.00,180.00,0.00,OPEN,0
673180.839,3,0,0,1.000,1.000,1.000,-90.00,180.00,0.00,OPEN,0
673180.889,3,0,0,1.000,1.000,1.000,-90.00,180.00,0.00,OPEN,0
673180.939,3,0,0,1.000,1.000,1.000,-90.00,180.00,0.00,OPEN,0
673180.989,3,0,0,1.000,1.000,1.000,-90.00,180.00,0.00,OPEN,0
673181.049,3,0,0,1.000,1.000,1.000,-90.00,180.00,0.00,OPEN,0
673181.091,3,0,0,1.000,1.000,1.000,-90.00,180.00,0.00,OPEN,0
673181.139,3,0,0,1.000,1.000,1.000,-90.00,180.00,0.00,OPEN,0
673181.189,3,0,0,1.000,1.000,1.000,-90.00,180.00,0.00,OPEN,0
673181.239,3,0,0,1.000,1.000,1.000,-90.00,180.00,0.00,OPEN,0
673181.289,3,0,0,1.000,1.000,1.000,-90.00,180.00,0.00,OPEN,0
673181.339,3,0,0,1.000,1.000,1.000,-90.00,180.00,0.00,OPEN,0
673181.389,3,0,0,1.000,1.000,1.000,-90.00,180.00,0.00,OPEN,0
673181.439,3,0,0,1.000,1.000,1.000,-90.00,180.00,0.00,OPEN,0
673181.489,3,0,0,1.000,1.000,1.000,-90.00,180.00,0.00,OPEN,0
673181.539,3,0,0,1.000,1.000,1.000,-90.00,180.00,0.00,OPEN,0
673181.590,3,0,0,1.000,1.000,1.000,-90.00,180.00,0.00,OPEN,0
673181.639,3,0,0,1.000,1.000,1.000,-90.00,180.00,0.00,OPEN,0
673181.689,3,0,0,1.000,1.000,1.000,-90.00,180.00,0.00,OPEN,0
673181.739,3,0,0,1.000,1.000,1.000,-90.00,180.00,0.00,OPEN,0
673181.789,3,0,0,1.000,1.000,1.000,-90.00,180.00,0.00,OPEN,0
673181.839,3,0,0,0.998,1.000,1.000,-90.00,180.00,0.00,OPEN,0
673181.889,3,0,0,0.589,1.000,1.000,-90.00,180.00,0.00,OPEN,0
673181.938,3,0,0,1.000,1.000,1.000,-90.00,180.00,0.00,OPEN,0
673181.990,3,0,0,1.000,1.000,1.000,-90.00,180.00,0.00,OPEN,0
673182.039,3,0,0,1.000,1.000,1.000,-90.00,180.00,0.00,OPEN,0
673182.088,3,0,0,1.000,1.000,1.000,-90.00,180.00,0.00,OPEN,0
673182.139,3,0,0,1.000,1.000,1.000,-90.00,180.00,0.00,OPEN,0
673182.189,3,0,0,1.000,1.000,1.000,-90.00,180.00,0.00,OPEN,0
673182.239,3,0,0,1.000,1.000,1.000,-90.00,180.00,0.00,OPEN,0
673182.289,0,0,0,1.000,1.000,1.000,-90.00,180.00,0.00,OPEN,0
673182.340,0,0,0,1.000,1.000,1.000,-90.00,180.00,0.00,OPEN,0
673182.389,0,0,0,1.000,1.000,1.000,-90.00,180.00,0.00,OPEN,0
673182.439,0,0,0,1.000,1.000,1.000,-90.00,180.00,0.00,OPEN,0
673182.498,0,0,0,1.000,1.000,1.000,-90.00,180.00,0.00,OPEN,0
673182.541,0,0,0,1.000,1.000,1.000,-90.00,180.00,0.00,OPEN,0
673182.589,0,0,0,1.000,1.000,1.000,-90.00,180.00,0.00,OPEN,0
673182.639,0,0,0,1.000,1.000,1.000,-90.00,180.00,0.00,OPEN,0
673182.689,0,0,0,1.000,1.000,1.000,-90.00,180.00,0.00,OPEN,0
673182.740,0,0,0,1.000,1.000,1.000,-90.00,180.00,0.00,OPEN,0
673182.789,0,0,0,1.000,1.000,1.000,-90.00,180.00,0.00,OPEN,0
673182.839,0,0,0,1.000,1.000,1.000,-90.00,180.00,0.00,OPEN,0
673182.889,0,0,0,1.000,1.000,1.000,-90.00,180.00,0.00,OPEN,0
673182.939,0,0,0,1.000,1.000,1.000,-90.00,180.00,0.00,OPEN,0
673182.989,0,0,0,0.999,1.000,1.000,-90.00,180.00,0.00,OPEN,0
673183.039,0,0,0,1.000,1.000,1.000,-90.00,180.00,0.00,OPEN,0
673183.089,0,0,0,1.000,1.000,1.000,-90.00,180.00,0.00,OPEN,0
673183.139,0,0,0,1.000,1.000,1.000,-90.00,180.00,0.00,OPEN,0
673183.189,0,0,0,1.000,1.000,1.000,-90.00,180.00,0.00,OPEN,0
673183.238,0,0,0,1.000,1.000,1.000,-90.00,180.00,0.00,OPEN,0
673183.289,0,0,0,1.000,1.000,1.000,-90.00,180.00,0.00,OPEN,0
673183.339,0,0,0,1.000,1.000,1.000,-90.00,180.00,0.00,OPEN,0
673183.389,0,0,0,1.000,1.000,1.000,-90.00,180.00,0.00,OPEN,0
673183.439,0,0,0,1.000,1.000,1.000,-90.00,180.00,0.00,OPEN,0
673183.489,0,0,0,1.000,1.000,1.000,-90.00,180.00,0.00,OPEN,0
673183.539,0,0,0,1.000,1.000,1.000,-90.00,180.00,0.00,OPEN,0
673183.589,0,0,0,1.000,1.000,1.000,-90.00,180.00,0.00,OPEN,0
673183.639,0,0,0,1.000,1.000,1.000,-90.00,180.00,0.00,OPEN,0
673183.689,0,0,0,1.000,1.000,1.000,-90.00,180.00,0.00,OPEN,0
673183.739,0,0,0,1.000,1.000,1.000,-90.00,180.00,0.00,OPEN,0
673183.789,0,0,0,1.000,1.000,1.000,-90.00,180.00,0.00,OPEN,0
673183.840,0,0,0,1.000,1.000,1.000,-90.00,180.00,0.00,OPEN,0
673183.889,0,0,0,1.000,1.000,1.000,-90.00,180.00,0.00,OPEN,0
673183.939,0,0,0,1.000,1.000,1.000,-90.00,180.00,0.00,OPEN,0
673183.989,0,0,0,1.000,1.000,1.000,-90.00,180.00,0.00,OPEN,0
673184.039,0,0,0,1.000,1.000,1.000,-90.00,180.00,0.00,OPEN,0
673184.089,0,0,0,1.000,1.000,1.000,-90.00,180.00,0.00,OPEN,0
673184.139,0,0,0,1.000,1.000,1.000,-90.00,180.00,0.00,OPEN,0
673184.189,0,0,0,1.000,1.000,1.000,-90.00,180.00,0.00,OPEN,0
673184.239,0,0,0,1.000,1.000,1.000,-90.00,180.00,0.00,OPEN,0
673184.289,0,0,0,1.000,1.000,1.000,-90.00,180.00,0.00,OPEN,0
673184.339,0,0,0,1.000,1.000,1.000,-90.00,180.00,0.00,OPEN,0
673184.389,0,0,0,1.000,1.000,1.000,-90.00,180.00,0.00,OPEN,0
673184.439,0,0,0,1.000,1.000,1.000,-90.00,180.00,0.00,OPEN,0
673184.489,0,0,0,1.000,1.000,1.000,-90.00,180.00,0.00,OPEN,0
673184.539,0,0,0,1.000,1.000,1.000,-90.00,180.00,0.00,OPEN,0
673184.589,0,0,0,1.000,1.000,1.000,-90.00,180.00,0.00,OPEN,0
673184.639,0,0,0,1.000,1.000,1.000,-90.00,180.00,0.00,OPEN,0
673184.689,0,0,0,1.000,1.000,1.000,-90.00,180.00,0.00,OPEN,0
673184.739,0,0,0,1.000,1.000,1.000,-90.00,180.00,0.00,OPEN,0
673184.789,0,0,0,1.000,1.000,1.000,-90.00,180.00,0.00,OPEN,0
673184.839,0,0,0,1.000,1.000,1.000,-90.00,180.00,0.00,OPEN,0
673184.889,0,0,0,1.000,1.000,1.000,-90.00,180.00,0.00,OPEN,0
673184.939,0,0,0,1.000,1.000,1.000,-90.00,180.00,0.00,OPEN,0
673184.989,0,0,0,1.000,1.000,1.000,-90.00,180.00,0.00,OPEN,0
673185.039,0,0,0,1.000,1.000,1.000,-90.00,180.00,0.00,OPEN,0
673185.089,0,0,0,1.000,1.000,1.000,-90.00,180.00,0.00,OPEN,0
673185.139,0,0,0,1.000,1.000,1.000,-90.00,180.00,0.00,OPEN,0
673185.189,0,0,0,1.000,1.000,1.000,-90.00,180.00,0.00,OPEN,0
673185.239,0,0,0,1.000,1.000,1.000,-90.00,180.00,0.00,OPEN,0
673185.290,0,0,0,1.000,1.000,1.000,-90.00,180.00,0.00,OPEN,0
673185.339,0,0,0,1.000,1.000,1.000,-90.00,180.00,0.00,OPEN,0
673185.389,0,0,0,1.000,1.000,1.000,-90.00,180.00,0.00,OPEN,0
673185.439,0,0,0,1.000,1.000,1.000,-90.00,180.00,0.00,OPEN,0
673185.489,0,0,0,1.000,1.000,1.000,-90.00,180.00,0.00,OPEN,0
673185.540,0,0,0,1.000,1.000,1.000,-90.00,180.00,0.00,OPEN,0
673185.589,0,0,0,1.000,1.000,1.000,-90.00,180.00,0.00,OPEN,0
673185.639,0,0,0,1.000,1.000,1.000,-90.00,180.00,0.00,OPEN,0
673185.689,0,0,0,1.000,1.000,1.000,-90.00,180.00,0.00,OPEN,0
673185.739,0,0,0,1.000,1.000,1.000,-90.00,180.00,0.00,OPEN,0
673185.789,0,0,0,1.000,1.000,1.000,-90.00,180.00,0.00,OPEN,0
673185.839,0,0,0,1.000,1.000,1.000,-90.00,180.00,0.00,OPEN,0
673185.889,0,0,0,1.000,1.000,1.000,-90.00,180.00,0.00,OPEN,0
673185.939,0,0,0,1.000,1.000,1.000,-90.00,180.00,0.00,OPEN,0
673185.989,0,0,0,1.000,1.000,1.000,-90.00,180.00,0.00,OPEN,0
673186.039,0,0,0,1.000,1.000,1.000,-90.00,180.00,0.00,OPEN,0
673186.089,0,0,0,1.000,1.000,1.000,-90.00,180.00,0.00,OPEN,0
673186.139,0,0,0,1.000,1.000,1.000,-90.00,180.00,0.00,OPEN,0
673186.216,0,0,0,1.000,1.000,1.000,-90.00,180.00,0.00,OPEN,0
673186.245,0,0,0,1.000,1.000,1.000,-90.00,180.00,0.00,OPEN,0
673186.289,0,0,0,1.000,1.000,1.000,-90.00,180.00,0.00,OPEN,0
673186.340,0,0,0,1.000,1.000,1.000,-90.00,180.00,0.00,OPEN,0
673186.389,0,0,0,1.000,1.000,1.000,-90.00,180.00,0.00,OPEN,0
673186.439,0,0,0,1.000,1.000,1.000,-90.00,180.00,0.00,OPEN,0
673186.489,0,0,0,1.000,1.000,1.000,-90.00,180.00,0.00,OPEN,0
673186.539,0,0,0,1.000,1.000,1.000,-90.00,180.00,0.00,OPEN,0
673186.589,0,0,0,1.000,1.000,1.000,-90.00,180.00,0.00,OPEN,0
673186.639,0,0,0,1.000,1.000,1.000,-90.00,180.00,0.00,OPEN,0
673186.689,0,0,0,1.000,1.000,1.000,-90.00,180.00,0.00,OPEN,0
673186.739,0,0,0,1.000,1.000,1.000,-90.00,180.00,0.00,OPEN,0
673186.789,0,0,0,1.000,1.000,1.000,-90.00,180.00,0.00,OPEN,0
673186.839,0,0,0,1.000,1.000,1.000,-90.00,180.00,0.00,OPEN,0
673186.889,0,0,0,1.000,1.000,1.000,-90.00,180.00,0.00,OPEN,0
673186.939,0,0,0,1.000,1.000,1.000,-90.00,180.00,0.00,OPEN,0
673186.989,0,0,0,1.000,1.000,1.000,-90.00,180.00,0.00,OPEN,0
673187.040,0,0,0,1.000,1.000,1.000,-90.00,180.00,0.00,OPEN,0
673187.089,0,0,0,1.000,1.000,1.000,-90.00,180.00,0.00,OPEN,0
673187.139,0,0,0,1.000,1.000,1.000,-90.00,180.00,0.00,OPEN,0
673187.189,0,0,0,1.000,1.000,1.000,-90.00,180.00,0.00,OPEN,0
673187.239,0,0,0,1.000,1.000,1.000,-90.00,180.00,0.00,OPEN,0
673187.289,0,0,0,1.000,1.000,1.000,-90.00,180.00,0.00,OPEN,0
673187.339,0,0,0,1.000,1.000,1.000,-90.00,180.00,0.00,OPEN,0
673187.389,0,0,0,1.000,1.000,1.000,-90.00,180.00,0.00,OPEN,0
673187.439,0,0,0,1.000,1.000,1.000,-90.00,180.00,0.00,OPEN,0
673187.489,0,0,0,1.000,1.000,1.000,-90.00,180.00,0.00,OPEN,0
673187.541,0,0,0,1.000,1.000,1.000,-90.00,180.00,0.00,OPEN,0
673187.589,0,0,0,1.000,1.000,1.000,-90.00,180.00,0.00,OPEN,0
673187.639,0,0,0,1.000,1.000,1.000,-90.00,180.00,0.00,OPEN,0
673187.689,0,0,0,1.000,1.000,1.000,-90.00,180.00,0.00,OPEN,0
673187.738,0,0,0,1.000,1.000,1.000,-90.00,180.00,0.00,OPEN,0
673187.789,0,0,0,1.000,1.000,1.000,-90.00,180.00,0.00,OPEN,0
673187.839,0,0,0,1.000,1.000,1.000,-90.00,180.00,0.00,OPEN,0
673187.901,0,0,0,1.000,1.000,1.000,-90.00,180.00,0.00,OPEN,0
673187.942,0,0,0,1.000,1.000,1.000,-90.00,180.00,0.00,OPEN,0
673187.989,0,0,0,1.000,1.000,1.000,-90.00,180.00,0.00,OPEN,0
673188.039,0,0,0,1.000,1.000,1.000,-90.00,180.00,0.00,OPEN,0
673188.089,0,0,0,1.000,1.000,1.000,-90.00,180.00,0.00,OPEN,0
673188.139,0,0,0,1.000,1.000,1.000,-90.00,180.00,0.00,OPEN,0
673188.189,0,0,0,1.000,1.000,1.000,-90.00,180.00,0.00,OPEN,0
673188.239,0,0,0,1.000,1.000,1.000,-90.00,180.00,0.00,OPEN,0
673188.290,0,0,0,1.000,1.000,1.000,-90.00,180.00,0.00,OPEN,0
673188.339,0,0,0,1.000,1.000,1.000,-90.00,180.00,0.00,OPEN,0
673188.389,0,0,0,1.000,1.000,1.000,-90.00,180.00,0.00,OPEN,0
673188.439,0,0,0,1.000,1.000,1.000,-90.00,180.00,0.00,OPEN,0
673188.490,0,0,0,1.000,1.000,1.000,-90.00,180.00,0.00,OPEN,0
673188.539,0,0,0,1.000,1.000,1.000,-90.00,180.00,0.00,OPEN,0
673188.591,0,0,0,1.000,1.000,1.000,-90.00,180.00,0.00,OPEN,0
673188.639,0,0,0,1.000,1.000,1.000,-90.00,180.00,0.00,OPEN,0
673188.689,0,0,0,1.000,1.000,1.000,-90.00,180.00,0.00,OPEN,0
673188.739,0,0,0,1.000,1.000,1.000,-90.00,180.00,0.00,OPEN,0
673188.790,0,0,0,1.000,1.000,1.000,-90.00,180.00,0.00,OPEN,0
673188.839,0,0,0,1.000,1.000,1.000,-90.00,180.00,0.00,OPEN,0
673188.889,0,0,0,1.000,1.000,1.000,-90.00,180.00,0.00,OPEN,0
673188.939,0,0,0,1.000,1.000,1.000,-90.00,180.00,0.00,OPEN,0
673188.990,0,0,0,1.000,1.000,1.000,-90.00,180.00,0.00,OPEN,0
673189.039,0,0,0,1.000,0.998,1.000,-90.00,180.00,0.00,OPEN,0
673189.088,0,0,0,1.000,0.516,1.000,-90.00,180.00,0.00,OPEN,0
673189.139,0,0,0,0.998,0.998,1.000,-90.00,180.00,0.00,OPEN,0
673189.189,0,0,0,0.999,1.000,1.000,-90.00,180.00,0.00,OPEN,0
673189.239,0,0,0,1.000,1.000,1.000,-90.00,180.00,0.00,OPEN,0
673189.289,0,0,0,0.999,1.000,1.000,-90.00,180.00,0.00,OPEN,0
673189.339,0,0,0,0.998,1.000,1.000,-90.00,180.00,0.00,OPEN,0
673189.388,0,0,0,0.998,1.000,1.000,-90.00,180.00,0.00,OPEN,0
673189.439,0,0,0,0.999,1.000,1.000,-90.00,180.00,0.00,OPEN,0
673189.516,0,0,0,0.999,1.000,1.000,-90.00,180.00,0.00,OPEN,0
673189.542,0,0,0,1.000,1.000,1.000,-90.00,180.00,0.00,OPEN,0
673189.589,0,0,0,1.000,1.000,1.000,-90.00,180.00,0.00,OPEN,0
673189.639,0,0,0,1.000,1.000,1.000,-90.00,180.00,0.00,OPEN,0
673189.689,0,0,0,1.000,1.000,1.000,-90.00,180.00,0.00,OPEN,0
673189.739,0,0,0,1.000,1.000,1.000,-90.00,180.00,0.00,OPEN,0
673189.789,0,0,0,1.000,1.000,1.000,-90.00,180.00,0.00,OPEN,0
673189.839,0,0,0,1.000,1.000,1.000,-90.00,180.00,0.00,OPEN,0
673189.888,0,0,0,1.000,1.000,1.000,-90.00,180.00,0.00,OPEN,0
673189.939,0,0,0,1.000,1.000,1.000,-90.00,180.00,0.00,OPEN,0
673189.989,0,0,0,1.000,1.000,1.000,-90.00,180.00,0.00,OPEN,0
673190.039,0,1,0,1.000,1.000,1.000,-90.00,180.00,0.00,OPEN,0
673190.089,0,1,0,1.000,1.000,1.000,-90.00,180.00,0.00,OPEN,0
673190.139,0,1,0,1.000,1.000,1.000,-90.00,180.00,0.00,OPEN,0
673190.189,0,1,0,1.000,1.000,1.000,-90.00,180.00,0.00,OPEN,0
673190.240,0,1,0,1.000,1.000,1.000,-90.00,180.00,0.00,OPEN,0
673190.289,0,1,0,1.000,1.000,1.000,-90.00,180.00,0.00,OPEN,0
673190.339,0,1,0,1.000,1.000,1.000,-90.00,180.00,0.00,OPEN,0
673190.389,0,1,0,1.000,1.000,1.000,-90.00,180.00,0.00,OPEN,0
673190.439,0,1,0,1.000,1.000,1.000,-90.00,180.00,0.00,OPEN,0
673190.489,0,1,0,1.000,1.000,1.000,-90.00,180.00,0.00,OPEN,0
673190.539,0,1,0,1.000,1.000,1.000,-90.00,180.00,0.00,OPEN,0
673190.589,0,1,0,1.000,1.000,1.000,-90.00,180.00,0.00,OPEN,0
673190.639,0,1,0,1.000,1.000,1.000,-90.00,180.00,0.00,OPEN,0
673190.689,0,1,0,1.000,1.000,1.000,-90.00,180.00,0.00,OPEN,0
673190.740,0,1,0,1.000,1.000,1.000,-90.00,180.00,0.00,OPEN,0
673190.789,0,1,0,1.000,1.000,1.000,-90.00,180.00,0.00,OPEN,0
673190.839,0,1,0,1.000,1.000,1.000,-90.00,180.00,0.00,OPEN,0
673190.904,0,1,0,1.000,1.000,1.000,-90.00,180.00,0.00,OPEN,0
673190.941,0,1,0,1.000,1.000,1.000,-90.00,180.00,0.00,OPEN,0
673190.989,0,1,0,1.000,1.000,1.000,-90.00,180.00,0.00,OPEN,0
673191.039,0,1,0,1.000,1.000,1.000,-90.00,180.00,0.00,OPEN,0
673191.088,0,1,0,1.000,1.000,1.000,-90.00,180.00,0.00,OPEN,0
673191.139,0,1,0,1.000,1.000,1.000,-90.00,180.00,0.00,OPEN,0
673191.189,0,1,0,1.000,1.000,1.000,-90.00,180.00,0.00,OPEN,0
673191.239,0,1,0,1.000,1.000,1.000,-90.00,180.00,0.00,OPEN,0
673191.289,0,1,0,1.000,1.000,1.000,-90.00,180.00,0.00,OPEN,0
673191.339,0,1,0,1.000,1.000,1.000,-90.00,180.00,0.00,OPEN,0
673191.389,0,1,0,1.000,1.000,1.000,-90.00,180.00,0.00,OPEN,0
673191.439,0,1,0,1.000,1.000,1.000,-90.00,180.00,0.00,OPEN,0
673191.489,0,1,0,1.000,1.000,1.000,-90.00,180.00,0.00,OPEN,0
673191.539,0,1,0,1.000,1.000,1.000,-90.00,180.00,0.00,OPEN,0
673191.588,0,1,0,1.000,1.000,1.000,-90.00,180.00,0.00,OPEN,0
673191.640,0,1,0,1.000,1.000,1.000,-90.00,180.00,0.00,OPEN,0
673191.689,0,1,0,1.000,1.000,1.000,-90.00,180.00,0.00,OPEN,0
673191.740,0,1,0,1.000,1.000,1.000,-90.00,180.00,0.00,OPEN,0
673191.789,0,1,0,1.000,1.000,1.000,-90.00,180.00,0.00,OPEN,0
673191.839,0,1,0,1.000,1.000,1.000,-90.00,180.00,0.00,OPEN,0
673191.889,0,1,0,1.000,1.000,1.000,-90.00,180.00,0.00,OPEN,0
673191.939,0,1,0,1.000,1.000,1.000,-90.00,180.00,0.00,OPEN,0
673191.989,0,1,0,1.000,1.000,1.000,-90.00,180.00,0.00,OPEN,0
673192.039,0,1,0,1.000,1.000,1.000,-90.00,180.00,0.00,OPEN,0
673192.089,0,1,0,1.000,1.000,1.000,-90.00,180.00,0.00,OPEN,0
673192.139,0,1,0,1.000,1.000,1.000,-90.00,180.00,0.00,OPEN,0
673192.189,0,1,0,1.000,1.000,1.000,-90.00,180.00,0.00,OPEN,0
673192.238,0,1,0,1.000,1.000,1.000,-90.00,180.00,0.00,OPEN,0
673192.289,0,1,0,1.000,1.000,1.000,-90.00,180.00,0.00,OPEN,0
673192.339,0,1,0,1.000,1.000,1.000,-90.00,180.00,0.00,OPEN,0
673192.389,0,1,0,1.000,1.000,1.000,-90.00,180.00,0.00,OPEN,0
673192.439,0,1,0,1.000,1.000,1.000,-90.00,180.00,0.00,OPEN,0
673192.489,0,1,0,1.000,1.000,1.000,-90.00,180.00,0.00,OPEN,0
673192.539,0,1,0,1.000,1.000,1.000,-90.00,180.00,0.00,OPEN,0
673192.589,0,1,0,1.000,1.000,1.000,-90.00,180.00,0.00,OPEN,0
673192.639,0,1,0,1.000,1.000,1.000,-90.00,180.00,0.00,OPEN,0
673192.688,0,1,0,1.000,1.000,1.000,-90.00,180.00,0.00,OPEN,0
673192.739,0,1,0,1.000,1.000,1.000,-90.00,180.00,0.00,OPEN,0
673192.789,0,1,0,1.000,1.000,1.000,-90.00,180.00,0.00,OPEN,0
673192.839,0,1,0,1.000,1.000,1.000,-90.00,180.00,0.00,OPEN,0
673192.889,0,1,0,1.000,1.000,1.000,-90.00,180.00,0.00,OPEN,0
673192.939,0,1,0,1.000,1.000,1.000,-90.00,180.00,0.00,OPEN,0
673192.990,0,1,0,1.000,1.000,1.000,-90.00,180.00,0.00,OPEN,0
673193.039,0,1,0,1.000,1.000,1.000,-90.00,180.00,0.00,OPEN,0
673193.089,0,1,0,1.000,1.000,1.000,-90.00,180.00,0.00,OPEN,0
673193.139,0,1,0,1.000,1.000,1.000,-90.00,180.00,0.00,OPEN,0
673193.189,0,1,0,1.000,1.000,1.000,-90.00,180.00,0.00,OPEN,0
673193.239,0,1,0,1.000,1.000,1.000,-90.00,180.00,0.00,OPEN,0
673193.288,0,1,0,1.000,1.000,1.000,-90.00,180.00,0.00,OPEN,0
673193.339,0,1,0,1.000,1.000,1.000,-90.00,180.00,0.00,OPEN,0
673193.391,0,1,0,1.000,1.000,1.000,-90.00,180.00,0.00,OPEN,0
673193.439,0,1,0,1.000,1.000,1.000,-90.00,180.00,0.00,OPEN,0
673193.489,0,1,0,1.000,1.000,1.000,-90.00,180.00,0.00,OPEN,0
673193.540,0,1,0,1.000,1.000,1.000,-90.00,180.00,0.00,OPEN,0
673193.589,0,1,0,1.000,1.000,1.000,-90.00,180.00,0.00,OPEN,0
673193.640,0,1,0,1.000,1.000,1.000,-90.00,180.00,0.00,OPEN,0
673193.689,0,1,0,1.000,1.000,1.000,-90.00,180.00,0.00,OPEN,0
673193.739,0,1,0,1.000,1.000,1.000,-90.00,180.00,0.00,OPEN,0
673193.789,0,1,0,1.000,1.000,1.000,-90.00,180.00,0.00,OPEN,0
673193.839,0,1,0,1.000,1.000,1.000,-90.00,180.00,0.00,OPEN,0
673193.889,0,1,0,1.000,1.000,1.000,-90.00,180.00,0.00,OPEN,0
673193.939,0,1,0,1.000,1.000,1.000,-90.00,180.00,0.00,OPEN,0
673193.989,0,1,0,1.000,1.000,1.000,-90.00,180.00,0.00,OPEN,0
673194.039,0,1,0,1.000,1.000,1.000,-90.00,180.00,0.00,OPEN,0
673194.089,0,1,0,1.000,1.000,1.000,-90.00,180.00,0.00,OPEN,0
673194.139,0,1,0,1.000,1.000,1.000,-90.00,180.00,0.00,OPEN,0
673194.189,0,1,0,1.000,1.000,1.000,-90.00,180.00,0.00,OPEN,0
673194.238,0,1,0,1.000,1.000,1.000,-90.00,180.00,0.00,OPEN,0
673194.289,0,1,0,1.000,1.000,1.000,-90.00,180.00,0.00,OPEN,0
673194.339,0,1,0,1.000,1.000,1.000,-90.00,180.00,0.00,OPEN,0
673194.389,0,1,0,1.000,1.000,1.000,-90.00,180.00,0.00,OPEN,0
673194.440,0,1,0,1.000,1.000,1.000,-90.00,180.00,0.00,OPEN,0
673194.489,0,1,0,1.000,1.000,1.000,-90.00,180.00,0.00,OPEN,0
673194.550,0,1,0,1.000,1.000,1.000,-90.00,180.00,0.00,OPEN,0
673194.590,0,1,0,1.000,1.000,1.000,-90.00,180.00,0.00,OPEN,0
673194.639,0,1,0,1.000,1.000,1.000,-90.00,180.00,0.00,OPEN,0
673194.689,0,1,0,1.000,1.000,1.000,-90.00,180.00,0.00,OPEN,0
673194.740,0,1,0,1.000,1.000,1.000,-90.00,180.00,0.00,OPEN,0
673194.793,0,1,0,1.000,1.000,1.000,-90.00,180.00,0.00,OPEN,0
673194.839,0,1,0,1.000,1.000,1.000,-90.00,180.00,0.00,OPEN,0
673194.889,0,1,0,1.000,1.000,1.000,-90.00,180.00,0.00,OPEN,0
673194.941,0,1,0,1.000,1.000,1.000,-90.00,180.00,0.00,OPEN,0
673194.989,0,1,0,1.000,1.000,1.000,-90.00,180.00,0.00,OPEN,0
673195.039,0,1,0,1.000,1.000,1.000,-90.00,180.00,0.00,OPEN,0
673195.090,0,1,0,1.000,1.000,1.000,-90.00,180.00,0.00,OPEN,0
673195.140,0,1,0,1.000,1.000,1.000,-90.00,180.00,0.00,OPEN,0
673195.189,0,1,0,1.000,0.997,1.000,-90.00,180.00,0.00,OPEN,0
673195.239,0,1,0,1.000,0.965,1.000,-90.00,180.00,0.00,OPEN,0
673195.289,0,1,0,1.000,0.999,1.000,-90.00,180.00,0.00,OPEN,0
673195.339,0,1,0,1.000,1.000,1.000,-90.00,180.00,0.00,OPEN,0
673195.390,0,1,0,1.000,1.000,1.000,-90.00,180.00,0.00,OPEN,0
673195.439,0,1,0,1.000,1.000,1.000,-90.00,180.00,0.00,OPEN,0
673195.489,0,1,0,1.000,1.000,1.000,-90.00,180.00,0.00,OPEN,0
673195.539,0,1,0,1.000,1.000,1.000,-90.00,180.00,0.00,OPEN,0
673195.589,0,1,0,1.000,1.000,1.000,-90.00,180.00,0.00,OPEN,0
673195.639,0,1,0,1.000,1.000,1.000,-90.00,180.00,0.00,OPEN,0
673195.689,0,1,0,1.000,1.000,1.000,-90.00,180.00,0.00,OPEN,0
673195.739,0,1,0,1.000,1.000,1.000,-90.00,180.00,0.00,OPEN,0
673195.789,0,1,0,1.000,1.000,1.000,-90.00,180.00,0.00,OPEN,0
673195.839,0,1,0,1.000,1.000,1.000,-90.00,180.00,0.00,OPEN,0
673195.889,0,1,0,1.000,1.000,1.000,-90.00,180.00,0.00,OPEN,0
673195.939,0,1,0,1.000,1.000,1.000,-90.00,180.00,0.00,OPEN,0
673195.989,0,1,0,1.000,1.000,1.000,-90.00,180.00,0.00,OPEN,0
673196.039,0,1,0,1.000,1.000,1.000,-90.00,180.00,0.00,OPEN,0
673196.106,0,1,0,1.000,1.000,1.000,-90.00,180.00,0.00,OPEN,0
673196.143,0,0,0,1.000,1.000,1.000,-90.00,180.00,0.00,OPEN,0
673196.189,0,0,0,1.000,1.000,1.000,-90.00,180.00,0.00,OPEN,0
673196.239,0,0,0,1.000,1.000,1.000,-90.00,180.00,0.00,OPEN,0
673196.289,0,0,0,1.000,1.000,1.000,-90.00,180.00,0.00,OPEN,0
673196.339,0,0,0,1.000,1.000,1.000,-90.00,180.00,0.00,OPEN,0
673196.389,0,0,0,1.000,1.000,1.000,-90.00,180.00,0.00,OPEN,0
673196.439,0,0,0,1.000,1.000,1.000,-90.00,180.00,0.00,OPEN,0
673196.489,0,0,0,1.000,1.000,1.000,-90.00,180.00,0.00,OPEN,0
673196.539,0,0,0,1.000,1.000,1.000,-90.00,180.00,0.00,OPEN,0
673196.589,0,0,0,1.000,1.000,1.000,-90.00,180.00,0.00,OPEN,0
673196.639,0,0,0,1.000,1.000,1.000,-90.00,180.00,0.00,OPEN,0
673196.689,0,0,0,1.000,1.000,1.000,-90.00,180.00,0.00,OPEN,0
673196.739,0,0,0,1.000,1.000,1.000,-90.00,180.00,0.00,OPEN,0
673196.789,0,0,0,1.000,1.000,1.000,-90.00,180.00,0.00,OPEN,0
673196.842,0,0,0,1.000,1.000,1.000,-90.00,180.00,0.00,OPEN,0
673196.889,0,0,0,1.000,1.000,1.000,-90.00,180.00,0.00,OPEN,0
673196.939,0,0,0,1.000,1.000,1.000,-90.00,180.00,0.00,OPEN,0
673196.989,0,0,0,1.000,1.000,1.000,-90.00,180.00,0.00,OPEN,0
673197.039,0,0,0,1.000,1.000,1.000,-90.00,180.00,0.00,OPEN,0
673197.089,0,0,0,1.000,1.000,1.000,-90.00,180.00,0.00,OPEN,0
673197.140,0,0,0,1.000,1.000,1.000,-90.00,180.00,0.00,OPEN,0
673197.190,0,0,0,1.000,1.000,1.000,-90.00,180.00,0.00,OPEN,0
673197.239,0,0,0,1.000,1.000,1.000,-90.00,180.00,0.00,OPEN,0
673197.289,0,0,0,1.000,1.000,1.000,-90.00,180.00,0.00,OPEN,0
673197.340,0,0,0,1.000,1.000,1.000,-90.00,180.00,0.00,OPEN,0
673197.389,0,0,0,1.000,1.000,1.000,-90.00,180.00,0.00,OPEN,0
673197.439,0,0,0,1.000,1.000,1.000,-90.00,180.00,0.00,OPEN,0
673197.489,0,0,0,1.000,1.000,1.000,-90.00,180.00,0.00,OPEN,0
673197.543,0,0,0,1.000,1.000,1.000,-90.00,180.00,0.00,OPEN,0
673197.590,0,0,0,1.000,1.000,1.000,-90.00,180.00,0.00,OPEN,0
673197.639,0,0,0,1.000,1.000,1.000,-90.00,180.00,0.00,OPEN,0
673197.689,0,0,0,1.000,1.000,1.000,-90.00,180.00,0.00,OPEN,0
673197.740,0,0,0,1.000,1.000,1.000,-90.00,180.00,0.00,OPEN,0
673197.790,0,0,0,1.000,1.000,1.000,-90.00,180.00,0.00,OPEN,0
673197.839,0,0,0,1.000,1.000,1.000,-90.00,180.00,0.00,OPEN,0
673197.889,0,0,0,1.000,1.000,1.000,-90.00,180.00,0.00,OPEN,0
673197.939,0,0,0,1.000,1.000,1.000,-90.00,180.00,0.00,OPEN,0
673197.989,0,0,0,1.000,1.000,1.000,-90.00,180.00,0.00,OPEN,0
673198.039,0,0,0,1.000,1.000,1.000,-90.00,180.00,0.00,OPEN,0
673198.089,0,0,0,1.000,1.000,1.000,-90.00,180.00,0.00,OPEN,0
673198.139,0,0,0,1.000,1.000,1.000,-90.00,180.00,0.00,OPEN,0
673198.189,0,0,0,1.000,1.000,1.000,-90.00,180.00,0.00,OPEN,0
673198.239,0,0,0,1.000,1.000,1.000,-90.00,180.00,0.00,OPEN,0
673198.289,0,0,0,1.000,1.000,1.000,-90.00,180.00,0.00,OPEN,0
673198.339,0,0,0,1.000,1.000,1.000,-90.00,180.00,0.00,OPEN,0
673198.389,0,0,0,1.000,1.000,1.000,-90.00,180.00,0.00,OPEN,0
673198.440,0,0,0,1.000,1.000,1.000,-90.00,180.00,0.00,OPEN,0
673198.489,0,0,0,1.000,1.000,1.000,-90.00,180.00,0.00,OPEN,0
673198.539,0,0,0,1.000,1.000,1.000,-90.00,180.00,0.00,OPEN,0
673198.589,0,0,0,1.000,1.000,1.000,-90.00,180.00,0.00,OPEN,0
673198.639,0,0,0,1.000,1.000,1.000,-90.00,180.00,0.00,OPEN,0
673198.689,0,0,0,1.000,1.000,1.000,-90.00,180.00,0.00,OPEN,0
673198.739,0,0,0,1.000,1.000,1.000,-90.00,180.00,0.00,OPEN,0
673198.790,0,0,0,1.000,1.000,1.000,-90.00,180.00,0.00,OPEN,0
673198.840,0,0,0,1.000,1.000,1.000,-90.00,180.00,0.00,OPEN,0
673198.889,0,0,0,1.000,1.000,1.000,-90.00,180.00,0.00,OPEN,0
673198.939,0,0,0,1.000,1.000,1.000,-90.00,180.00,0.00,OPEN,0
673198.989,0,0,0,1.000,1.000,1.000,-90.00,180.00,0.00,OPEN,0
673199.039,0,0,0,1.000,1.000,1.000,-90.00,180.00,0.00,OPEN,0
673199.089,0,0,0,1.000,1.000,1.000,-90.00,180.00,0.00,OPEN,0
673199.139,0,0,0,1.000,1.000,1.000,-90.00,180.00,0.00,OPEN,0
673199.189,0,0,0,1.000,1.000,1.000,-90.00,180.00,0.00,OPEN,0
673199.239,0,0,0,1.000,1.000,1.000,-90.00,180.00,0.00,OPEN,0
673199.290,0,0,0,1.000,1.000,1.000,-90.00,180.00,0.00,OPEN,0
673199.339,0,0,0,1.000,1.000,1.000,-90.00,180.00,0.00,OPEN,0
673199.389,0,0,0,1.000,1.000,1.000,-90.00,180.00,0.00,OPEN,0
673199.439,0,0,0,1.000,1.000,1.000,-90.00,180.00,0.00,OPEN,0
673199.489,0,0,0,1.000,1.000,1.000,-90.00,180.00,0.00,OPEN,0
673199.539,0,0,0,1.000,1.000,1.000,-90.00,180.00,0.00,OPEN,0
673199.589,0,0,0,1.000,1.000,1.000,-90.00,180.00,0.00,OPEN,0
673199.639,0,0,0,1.000,1.000,1.000,-90.00,180.00,0.00,OPEN,0
673199.689,0,0,0,1.000,1.000,1.000,-90.00,180.00,0.00,OPEN,0
673199.739,0,0,0,1.000,1.000,1.000,-90.00,180.00,0.00,OPEN,0
673199.789,0,0,0,1.000,1.000,1.000,-90.00,180.00,0.00,OPEN,0
673199.852,0,0,0,1.000,1.000,1.000,-90.00,180.00,0.00,OPEN,0
673199.892,0,0,0,1.000,1.000,1.000,-90.00,180.00,0.00,OPEN,0
673199.939,0,0,0,1.000,1.000,1.000,-90.00,180.00,0.00,OPEN,0
673199.989,0,0,0,1.000,1.000,1.000,-90.00,180.00,0.00,OPEN,0
673200.039,0,0,0,1.000,1.000,1.000,-90.00,180.00,0.00,OPEN,0
673200.089,0,0,0,1.000,1.000,1.000,-90.00,180.00,0.00,OPEN,0
673200.140,0,0,0,1.000,1.000,1.000,-90.00,180.00,0.00,OPEN,0
673200.188,0,0,0,1.000,1.000,1.000,-90.00,180.00,0.00,OPEN,0
673200.239,0,0,0,1.000,1.000,1.000,-90.00,180.00,0.00,OPEN,0
673200.289,0,0,0,1.000,1.000,1.000,-90.00,180.00,0.00,OPEN,0
673200.339,0,0,0,1.000,1.000,1.000,-90.00,180.00,0.00,OPEN,0
673200.389,0,0,0,1.000,1.000,1.000,-90.00,180.00,0.00,OPEN,0
673200.439,0,0,0,1.000,1.000,1.000,-90.00,180.00,0.00,OPEN,0
673200.489,0,0,0,1.000,1.000,1.000,-90.00,180.00,0.00,OPEN,0
673200.539,0,0,0,1.000,1.000,1.000,-90.00,180.00,0.00,OPEN,0
673200.589,0,0,0,1.000,1.000,1.000,-90.00,180.00,0.00,OPEN,0
673200.640,0,0,0,1.000,1.000,1.000,-90.00,180.00,0.00,OPEN,0
673200.690,0,0,0,1.000,1.000,1.000,-90.00,180.00,0.00,OPEN,0
673200.739,0,0,0,1.000,1.000,1.000,-90.00,180.00,0.00,OPEN,0
673200.789,0,0,0,1.000,1.000,1.000,-90.00,180.00,0.00,OPEN,0
673200.839,0,0,0,1.000,1.000,1.000,-90.00,180.00,0.00,OPEN,0
673200.889,0,0,0,1.000,1.000,1.000,-90.00,180.00,0.00,OPEN,0
673200.939,0,0,0,1.000,1.000,1.000,-90.00,180.00,0.00,OPEN,0
673200.989,0,0,0,1.000,1.000,1.000,-90.00,180.00,0.00,OPEN,0
673201.039,0,0,0,1.000,1.000,1.000,-90.00,180.00,0.00,OPEN,0
673201.089,0,0,0,1.000,1.000,1.000,-90.00,180.00,0.00,OPEN,0
673201.138,0,0,0,1.000,1.000,1.000,-90.00,180.00,0.00,OPEN,0
673201.189,0,0,0,1.000,1.000,1.000,-90.00,180.00,0.00,OPEN,0
673201.239,0,0,0,1.000,1.000,1.000,-90.00,180.00,0.00,OPEN,0
673201.288,0,0,0,1.000,1.000,1.000,-90.00,180.00,0.00,OPEN,0
673201.339,0,0,0,1.000,1.000,1.000,-90.00,180.00,0.00,OPEN,0
673201.389,0,0,0,1.000,1.000,1.000,-90.00,180.00,0.00,OPEN,0
673201.439,0,0,0,1.000,1.000,1.000,-90.00,180.00,0.00,OPEN,0
673201.506,0,0,0,1.000,1.000,1.000,-90.00,180.00,0.00,OPEN,0
673201.544,0,0,0,1.000,1.000,1.000,-90.00,180.00,0.00,OPEN,0
673201.590,0,0,0,1.000,1.000,1.000,-90.00,180.00,0.00,OPEN,0
673201.639,0,0,0,1.000,1.000,1.000,-90.00,180.00,0.00,OPEN,0
673201.689,0,0,0,1.000,1.000,1.000,-90.00,180.00,0.00,OPEN,0
673201.739,0,0,0,1.000,1.000,1.000,-90.00,180.00,0.00,OPEN,0
673201.790,0,0,0,1.000,1.000,1.000,-90.00,180.00,0.00,OPEN,0
673201.838,0,0,0,1.000,1.000,1.000,-90.00,180.00,0.00,OPEN,0
673201.889,0,0,0,1.000,1.000,1.000,-90.00,180.00,0.00,OPEN,0
673201.939,0,0,0,1.000,1.000,1.000,-90.00,180.00,0.00,OPEN,0
673201.988,0,0,0,1.000,1.000,1.000,-90.00,180.00,0.00,OPEN,0
673202.039,0,0,0,1.000,1.000,1.000,-90.00,180.00,0.00,OPEN,0
673202.089,0,0,0,1.000,1.000,1.000,-90.00,180.00,0.00,OPEN,0
673202.139,0,0,0,1.000,1.000,1.000,-90.00,180.00,0.00,OPEN,0
673202.189,0,0,0,1.000,1.000,1.000,-90.00,180.00,0.00,OPEN,0
673202.239,0,0,0,1.000,1.000,1.000,-90.00,180.00,0.00,OPEN,0
673202.289,0,0,0,1.000,1.000,1.000,-90.00,180.00,0.00,OPEN,0
673202.340,0,0,0,1.000,1.000,1.000,-90.00,180.00,0.00,OPEN,0
673202.389,0,0,0,1.000,1.000,1.000,-90.00,180.00,0.00,OPEN,0
673202.439,0,0,0,1.000,1.000,1.000,-90.00,180.00,0.00,OPEN,0
673202.489,0,0,0,1.000,1.000,1.000,-90.00,180.00,0.00,OPEN,0
673202.540,0,0,0,1.000,0.996,1.000,-90.00,180.00,0.00,OPEN,0
673202.589,0,0,0,1.000,1.000,1.000,-90.00,180.00,0.00,OPEN,0
673202.639,0,0,0,1.000,1.000,1.000,-90.00,180.00,0.00,OPEN,0
673202.689,0,0,0,0.989,1.000,1.000,-90.00,180.00,0.00,OPEN,0
673202.739,0,0,0,0.994,1.000,1.000,-90.00,180.00,0.00,OPEN,0
673202.789,0,0,0,0.999,1.000,1.000,-90.00,180.00,0.00,OPEN,0
673202.839,0,0,0,1.000,1.000,0.999,-90.00,180.00,0.00,OPEN,0
673202.889,0,0,0,1.000,1.000,0.999,-90.00,180.00,0.00,OPEN,0
673202.939,0,0,0,1.000,1.000,0.994,-90.00,180.00,0.00,OPEN,0
673202.989,0,0,0,1.000,1.000,0.907,-90.00,180.00,0.00,OPEN,0
673203.064,0,0,0,1.000,1.000,0.900,-90.00,180.00,0.00,OPEN,0
673203.094,0,0,0,1.000,1.000,0.998,-90.00,180.00,0.00,OPEN,0
673203.139,0,0,0,1.000,1.000,1.000,-90.00,180.00,0.00,OPEN,0
673203.189,0,0,0,1.000,1.000,1.000,-90.00,180.00,0.00,OPEN,0
673203.239,0,0,0,1.000,0.999,1.000,-90.00,180.00,0.00,OPEN,0
673203.289,0,0,0,1.000,0.993,1.000,-90.00,180.00,0.00,OPEN,0
673203.340,0,0,0,1.000,0.909,1.000,-90.00,180.00,0.00,OPEN,0
673203.389,0,0,0,1.000,0.854,1.000,-90.00,180.00,0.00,OPEN,0
673203.439,0,1,0,1.000,0.994,1.000,-90.00,180.00,0.00,OPEN,0
673203.489,0,1,0,1.000,1.000,1.000,-90.00,180.00,0.00,OPEN,0
673203.539,0,1,0,1.000,1.000,1.000,-90.00,180.00,0.00,OPEN,0
673203.589,0,1,0,1.000,1.000,1.000,-90.00,180.00,0.00,OPEN,0
673203.639,0,1,0,1.000,1.000,1.000,-90.00,180.00,0.00,OPEN,0
673203.689,0,1,0,1.000,1.000,1.000,-90.00,180.00,0.00,OPEN,0
673203.739,0,1,0,1.000,1.000,1.000,-90.00,180.00,0.00,OPEN,0
673203.789,0,1,0,1.000,1.000,1.000,-90.00,180.00,0.00,OPEN,0
673203.841,0,1,0,1.000,1.000,1.000,-90.00,180.00,0.00,OPEN,0
673203.889,0,1,0,1.000,1.000,1.000,-90.00,180.00,0.00,OPEN,0
673203.939,0,1,1,1.000,1.000,1.000,-90.00,180.00,0.00,OPEN,0
673203.989,0,1,1,1.000,1.000,1.000,-90.00,180.00,0.00,OPEN,0
673204.039,0,1,1,1.000,1.000,1.000,-90.00,180.00,0.00,OPEN,0
673204.089,0,1,1,1.000,1.000,1.000,-90.00,180.00,0.00,OPEN,0
673204.139,0,1,1,1.000,1.000,1.000,-90.00,180.00,0.00,OPEN,0
673204.189,0,1,1,1.000,1.000,1.000,-90.00,180.00,0.00,OPEN,0
673204.240,0,1,1,1.000,1.000,1.000,-90.00,180.00,0.00,OPEN,0
673204.289,0,0,1,1.000,1.000,1.000,-90.00,180.00,0.00,OPEN,0
673204.339,0,0,1,1.000,1.000,1.000,-90.00,180.00,0.00,OPEN,0
673204.389,0,0,1,1.000,1.000,1.000,-90.00,180.00,0.00,OPEN,0
673204.439,0,0,1,1.000,1.000,1.000,-90.00,180.00,0.00,OPEN,0
673204.489,0,0,1,1.000,1.000,1.000,-90.00,180.00,0.00,OPEN,0
673204.539,0,0,1,1.000,1.000,1.000,-90.00,180.00,0.00,OPEN,0
673204.589,0,0,1,1.000,1.000,1.000,-90.00,180.00,0.00,OPEN,0
673204.639,0,0,1,1.000,1.000,1.000,-90.00,180.00,0.00,OPEN,0
673204.689,0,0,1,1.000,1.000,1.000,-90.00,180.00,0.00,OPEN,0
673204.739,0,0,1,1.000,1.000,1.000,-90.00,180.00,0.00,OPEN,0
673204.790,0,0,1,1.000,1.000,1.000,-90.00,180.00,0.00,OPEN,0
673204.839,0,0,1,1.000,1.000,1.000,-90.00,180.00,0.00,OPEN,0
673204.889,0,0,1,1.000,1.000,1.000,-90.00,180.00,0.00,OPEN,0
673204.939,0,0,1,1.000,1.000,1.000,-90.00,180.00,0.00,OPEN,0
673204.989,0,0,1,1.000,1.000,1.000,-90.00,180.00,0.00,OPEN,0
673205.039,0,0,1,1.000,1.000,1.000,-90.00,180.00,0.00,OPEN,0
673205.089,0,0,1,1.000,1.000,1.000,-90.00,180.00,0.00,OPEN,0
673205.139,0,0,1,1.000,1.000,1.000,-90.00,180.00,0.00,OPEN,0
673205.189,0,0,1,1.000,1.000,1.000,-90.00,180.00,0.00,OPEN,0
673205.239,0,0,1,1.000,1.000,1.000,-90.00,180.00,0.00,OPEN,0
673205.289,0,0,1,1.000,1.000,1.000,-90.00,180.00,0.00,OPEN,0
673205.339,0,0,1,1.000,1.000,1.000,-90.00,180.00,0.00,OPEN,0
673205.389,0,0,1,1.000,1.000,1.000,-90.00,180.00,0.00,OPEN,0
673205.439,0,0,1,1.000,1.000,1.000,-90.00,180.00,0.00,OPEN,0
673205.489,0,0,1,1.000,1.000,1.000,-90.00,180.00,0.00,OPEN,0
673205.540,0,0,1,1.000,1.000,1.000,-90.00,180.00,0.00,OPEN,0
673205.589,0,0,1,1.000,1.000,1.000,-90.00,180.00,0.00,OPEN,0
673205.639,0,0,1,1.000,1.000,1.000,-90.00,180.00,0.00,OPEN,0
673205.689,0,0,1,1.000,1.000,1.000,-90.00,180.00,0.00,OPEN,0
673205.740,0,0,1,1.000,1.000,1.000,-90.00,180.00,0.00,OPEN,0
673205.789,0,0,1,1.000,1.000,1.000,-90.00,180.00,0.00,OPEN,0
673205.839,0,0,1,1.000,1.000,1.000,-90.00,180.00,0.00,OPEN,0
673205.889,0,0,1,1.000,1.000,1.000,-90.00,180.00,0.00,OPEN,0
673205.939,0,0,1,1.000,1.000,1.000,-90.00,180.00,0.00,OPEN,0
673205.990,0,0,1,1.000,1.000,1.000,-90.00,180.00,0.00,OPEN,0
673206.039,0,0,1,1.000,1.000,1.000,-90.00,180.00,0.00,OPEN,0
673206.089,0,0,1,1.000,1.000,1.000,-90.00,180.00,0.00,OPEN,0
673206.140,0,0,1,1.000,1.000,1.000,-90.00,180.00,0.00,OPEN,0
673206.190,0,0,1,1.000,1.000,1.000,-90.00,180.00,0.00,OPEN,0
673206.239,0,0,1,1.000,1.000,1.000,-90.00,180.00,0.00,OPEN,0
673206.290,0,0,1,1.000,1.000,1.000,-90.00,180.00,0.00,OPEN,0
673206.339,0,0,1,1.000,1.000,1.000,-90.00,180.00,0.00,OPEN,0
673206.408,0,0,1,1.000,1.000,1.000,-90.00,180.00,0.00,OPEN,0
673206.446,0,0,1,1.000,1.000,1.000,-90.00,180.00,0.00,OPEN,0
673206.490,0,0,1,1.000,1.000,1.000,-90.00,180.00,0.00,OPEN,0
673206.538,0,0,1,1.000,1.000,1.000,-90.00,180.00,0.00,OPEN,0
673206.589,0,0,1,1.000,1.000,1.000,-90.00,180.00,0.00,OPEN,0
673206.639,0,0,1,1.000,1.000,1.000,-90.00,180.00,0.00,OPEN,0
673206.689,0,0,1,1.000,1.000,1.000,-90.00,180.00,0.00,OPEN,0
673206.739,0,0,1,1.000,1.000,1.000,-90.00,180.00,0.00,OPEN,0
673206.789,0,0,1,1.000,1.000,1.000,-90.00,180.00,0.00,OPEN,0
673206.839,0,0,1,1.000,1.000,1.000,-90.00,180.00,0.00,OPEN,0
673206.889,0,0,1,1.000,1.000,1.000,-90.00,180.00,0.00,OPEN,0
673206.939,0,0,1,1.000,1.000,1.000,-90.00,180.00,0.00,OPEN,0
673206.989,0,0,1,1.000,1.000,1.000,-90.00,180.00,0.00,OPEN,0
673207.040,0,0,1,1.000,1.000,1.000,-90.00,180.00,0.00,OPEN,0
673207.089,0,0,1,1.000,1.000,1.000,-90.00,180.00,0.00,OPEN,0
673207.139,0,0,1,1.000,1.000,1.000,-90.00,180.00,0.00,OPEN,0
673207.189,0,0,1,1.000,1.000,1.000,-90.00,180.00,0.00,OPEN,0
673207.239,0,0,1,1.000,1.000,1.000,-90.00,180.00,0.00,OPEN,0
673207.289,0,0,1,1.000,1.000,1.000,-90.00,180.00,0.00,OPEN,0
673207.339,0,0,1,1.000,1.000,1.000,-90.00,180.00,0.00,OPEN,0
673207.389,0,0,1,1.000,1.000,1.000,-90.00,180.00,0.00,OPEN,0
673207.439,0,0,1,1.000,1.000,1.000,-90.00,180.00,0.00,OPEN,0
673207.489,0,0,1,1.000,1.000,1.000,-90.00,180.00,0.00,OPEN,0
673207.539,0,0,1,1.000,1.000,1.000,-90.00,180.00,0.00,OPEN,0
673207.589,0,0,1,1.000,1.000,1.000,-90.00,180.00,0.00,OPEN,0
673207.639,0,0,1,1.000,1.000,1.000,-90.00,180.00,0.00,OPEN,0
673207.689,0,0,1,1.000,1.000,1.000,-90.00,180.00,0.00,OPEN,0
673207.739,0,0,1,1.000,1.000,1.000,-90.00,180.00,0.00,OPEN,0
673207.789,0,0,1,1.000,1.000,1.000,-90.00,180.00,0.00,OPEN,0
673207.839,0,0,1,1.000,1.000,1.000,-90.00,180.00,0.00,OPEN,0
673207.889,0,0,1,1.000,1.000,1.000,-90.00,180.00,0.00,OPEN,0
673207.939,0,0,1,1.000,1.000,1.000,-90.00,180.00,0.00,OPEN,0
673207.989,0,0,1,1.000,1.000,1.000,-90.00,180.00,0.00,OPEN,0
673208.038,0,0,1,1.000,1.000,1.000,-90.00,180.00,0.00,OPEN,0
673208.089,0,0,1,1.000,1.000,1.000,-90.00,180.00,0.00,OPEN,0
673208.139,0,0,1,1.000,1.000,1.000,-90.00,180.00,0.00,OPEN,0
673208.189,0,0,1,1.000,1.000,1.000,-90.00,180.00,0.00,OPEN,0
673208.239,0,0,1,1.000,1.000,1.000,-90.00,180.00,0.00,OPEN,0
673208.288,0,0,1,1.000,1.000,1.000,-90.00,180.00,0.00,OPEN,0
673208.339,0,0,1,1.000,1.000,1.000,-90.00,180.00,0.00,OPEN,0
673208.409,0,0,1,1.000,1.000,1.000,-90.00,180.00,0.00,OPEN,0
673208.447,0,0,1,1.000,1.000,1.000,-90.00,180.00,0.00,OPEN,0
673208.489,0,0,1,1.000,1.000,1.000,-90.00,180.00,0.00,OPEN,0
673208.539,0,0,1,1.000,1.000,1.000,-90.00,180.00,0.00,OPEN,0
673208.589,0,0,1,1.000,1.000,1.000,-90.00,180.00,0.00,OPEN,0
673208.639,0,0,1,1.000,0.999,1.000,-90.00,180.00,0.00,OPEN,0
673208.689,0,0,1,1.000,0.996,1.000,-90.00,180.00,0.00,OPEN,0
673208.739,0,0,1,1.000,0.994,1.000,-90.00,180.00,0.00,OPEN,0
673208.789,0,0,1,1.000,0.984,1.000,-90.00,180.00,0.00,OPEN,0
673208.839,0,0,1,0.999,0.977,1.000,-90.00,180.00,0.00,OPEN,0
673208.889,0,0,1,0.998,0.944,1.000,-90.00,180.00,0.00,OPEN,0
673208.939,0,0,1,0.999,0.908,1.000,-90.00,180.00,0.00,OPEN,0
673208.989,0,0,1,0.997,0.568,1.000,-90.00,180.00,0.00,OPEN,0
673209.040,0,0,1,0.992,0.525,1.000,-90.00,180.00,0.00,OPEN,0
673209.089,0,0,1,0.994,0.679,1.000,-90.00,180.00,0.00,OPEN,0
673209.138,0,0,1,0.994,0.929,1.000,-90.00,180.00,0.00,OPEN,0
673209.189,0,0,1,0.993,0.997,1.000,-90.00,180.00,0.00,OPEN,0
673209.239,0,0,1,0.994,1.000,1.000,-90.00,180.00,0.00,OPEN,0
673209.289,0,0,1,0.989,1.000,1.000,-90.00,180.00,0.00,OPEN,0
673209.339,0,0,1,0.982,1.000,1.000,-90.00,180.00,0.00,OPEN,0
673209.389,0,0,1,0.987,1.000,1.000,-90.00,180.00,0.00,OPEN,0
673209.439,0,0,1,0.990,1.000,1.000,-90.00,180.00,0.00,OPEN,0
673209.492,0,0,1,0.989,1.000,1.000,-90.00,180.00,0.00,OPEN,0
673209.539,0,0,1,0.990,1.000,1.000,-90.00,180.00,0.00,OPEN,0
673209.589,0,0,1,0.990,1.000,1.000,-90.00,180.00,0.00,OPEN,0
673209.639,0,0,1,0.990,1.000,0.999,-90.00,180.00,0.00,OPEN,0
673209.689,0,0,1,0.994,1.000,0.998,-90.00,180.00,0.00,OPEN,0
673209.739,0,0,1,0.996,1.000,0.985,-90.00,180.00,0.00,OPEN,0
673209.803,0,0,1,0.996,1.000,0.814,-90.00,180.00,0.00,OPEN,0
673209.843,0,0,1,0.996,1.000,0.686,-90.00,180.00,0.00,OPEN,0
673209.889,0,0,1,0.997,0.992,0.917,-90.00,180.00,0.00,OPEN,0
673209.939,0,1,1,0.994,0.912,0.965,-90.00,180.00,0.00,OPEN,0
673209.989,0,1,1,0.994,0.598,0.964,-90.00,180.00,0.00,OPEN,0
673210.039,0,1,1,0.998,0.920,0.952,-90.00,180.00,0.00,OPEN,0
673210.089,0,1,1,0.999,0.989,0.955,-90.00,180.00,0.00,OPEN,0
673210.139,0,1,1,0.999,0.998,0.947,-90.00,180.00,0.00,OPEN,0
673210.189,0,1,1,0.999,0.999,0.945,-90.00,180.00,0.00,OPEN,0
673210.239,0,1,1,1.000,0.999,0.954,-90.00,180.00,0.00,OPEN,0
673210.289,0,1,1,1.000,0.999,0.965,-90.00,180.00,0.00,OPEN,0
673210.339,0,1,1,1.000,0.993,0.969,-90.00,180.00,0.00,OPEN,0
673210.389,0,1,1,1.000,0.626,0.984,-90.00,180.00,0.00,OPEN,0
673210.440,0,1,1,1.000,0.975,0.990,-90.00,180.00,0.00,OPEN,0
673210.493,0,1,1,1.000,0.999,0.990,-90.00,180.00,0.00,OPEN,0
673210.539,0,1,1,1.000,1.000,0.989,-90.00,180.00,0.00,OPEN,0
673210.588,0,1,1,1.000,1.000,0.986,-90.00,180.00,0.00,OPEN,0
673210.639,0,1,1,1.000,1.000,0.989,-90.00,180.00,0.00,OPEN,0
673210.690,0,1,1,1.000,1.000,0.990,-90.00,180.00,0.00,OPEN,0
673210.739,0,1,0,1.000,1.000,0.993,-90.00,180.00,0.00,OPEN,0
673210.789,0,1,0,1.000,0.999,0.995,-90.00,180.00,0.00,OPEN,0
673210.841,0,1,0,1.000,0.987,0.999,-90.00,180.00,0.00,OPEN,0
673210.889,0,1,0,1.000,0.764,1.000,-90.00,180.00,0.00,OPEN,0
673210.939,0,1,0,1.000,0.687,1.000,-90.00,180.00,0.00,OPEN,0
673210.989,0,1,0,1.000,0.860,1.000,-90.00,180.00,0.00,OPEN,0
673211.039,0,1,0,1.000,0.923,1.000,-90.00,180.00,0.00,OPEN,0
673211.089,0,1,0,1.000,0.940,1.000,-90.00,180.00,0.00,OPEN,0
673211.139,0,1,0,1.000,0.963,1.000,-90.00,180.00,0.00,OPEN,0
673211.189,0,1,0,1.000,0.984,1.000,-90.00,180.00,0.00,OPEN,0
673211.239,0,1,0,1.000,0.991,1.000,-90.00,180.00,0.00,OPEN,0
673211.289,0,1,0,1.000,0.988,1.000,-90.00,180.00,0.00,OPEN,0
673211.339,0,1,0,1.000,0.989,1.000,-90.00,180.00,0.00,OPEN,0
673211.389,0,1,0,1.000,0.989,1.000,-90.00,180.00,0.00,OPEN,0
673211.441,0,1,0,1.000,0.991,1.000,-90.00,180.00,0.00,OPEN,0
673211.490,0,1,0,1.000,0.997,1.000,-90.00,180.00,0.00,OPEN,0
673211.539,0,1,0,1.000,0.999,1.000,-90.00,180.00,0.00,OPEN,0
673211.589,0,1,0,1.000,1.000,1.000,-90.00,180.00,0.00,OPEN,0
673211.639,0,1,0,1.000,1.000,1.000,-90.00,180.00,0.00,OPEN,0
673211.688,0,1,0,1.000,1.000,1.000,-90.00,180.00,0.00,OPEN,0
673211.740,0,1,0,1.000,1.000,1.000,-90.00,180.00,0.00,OPEN,0
673211.790,0,1,0,1.000,1.000,1.000,-90.00,180.00,0.00,OPEN,0
673211.839,0,0,0,1.000,1.000,1.000,-90.00,180.00,0.00,OPEN,0
673211.889,0,0,0,1.000,1.000,1.000,-90.00,180.00,0.00,OPEN,0
673211.939,0,0,0,1.000,1.000,1.000,-90.00,180.00,0.00,OPEN,0
673211.989,0,0,0,1.000,1.000,1.000,-90.00,180.00,0.00,OPEN,0
673212.039,0,0,0,1.000,1.000,1.000,-90.00,180.00,0.00,OPEN,0
673212.090,0,0,0,1.000,1.000,1.000,-90.00,180.00,0.00,OPEN,0
673212.139,0,0,0,1.000,1.000,1.000,-90.00,180.00,0.00,OPEN,0
673212.189,0,0,0,1.000,1.000,1.000,-90.00,180.00,0.00,OPEN,0
673212.242,0,0,0,1.000,1.000,1.000,-90.00,180.00,0.00,OPEN,0
673212.289,0,0,0,1.000,1.000,1.000,-90.00,180.00,0.00,OPEN,0
673212.338,0,0,0,1.000,1.000,1.000,-90.00,180.00,0.00,OPEN,0
673212.389,0,0,0,1.000,1.000,1.000,-90.00,180.00,0.00,OPEN,0
673212.440,0,0,0,1.000,1.000,1.000,-90.00,180.00,0.00,OPEN,0
673212.489,0,0,0,1.000,1.000,1.000,-90.00,180.00,0.00,OPEN,0
673212.539,0,0,0,1.000,1.000,1.000,-90.00,180.00,0.00,OPEN,0
673212.589,0,0,0,1.000,1.000,1.000,-90.00,180.00,0.00,OPEN,0
673212.639,0,0,0,1.000,1.000,1.000,-90.00,180.00,0.00,OPEN,0
673212.689,0,0,0,1.000,1.000,1.000,-90.00,180.00,0.00,OPEN,0
673212.739,0,0,0,1.000,1.000,1.000,-90.00,180.00,0.00,OPEN,0
673212.789,0,0,0,1.000,1.000,1.000,-90.00,180.00,0.00,OPEN,0
673212.864,0,0,0,1.000,1.000,1.000,-90.00,180.00,0.00,OPEN,0
673212.897,0,0,0,1.000,1.000,1.000,-90.00,180.00,0.00,OPEN,0
673212.939,0,0,0,1.000,1.000,1.000,-90.00,180.00,0.00,OPEN,0
673212.990,0,0,0,1.000,1.000,1.000,-90.00,180.00,0.00,OPEN,0
673213.039,0,0,0,1.000,1.000,1.000,-90.00,180.00,0.00,OPEN,0
673213.089,0,0,0,1.000,1.000,1.000,-90.00,180.00,0.00,OPEN,0
673213.140,0,0,0,1.000,1.000,1.000,-90.00,180.00,0.00,OPEN,0
673213.189,0,0,0,1.000,1.000,1.000,-90.00,180.00,0.00,OPEN,0
673213.239,0,0,0,1.000,1.000,1.000,-90.00,180.00,0.00,OPEN,0
673213.289,0,0,0,1.000,1.000,1.000,-90.00,180.00,0.00,OPEN,0
673213.340,0,0,0,1.000,1.000,1.000,-90.00,180.00,0.00,OPEN,0
673213.390,0,0,0,1.000,1.000,1.000,-90.00,180.00,0.00,OPEN,0
673213.440,0,0,0,1.000,1.000,1.000,-90.00,180.00,0.00,OPEN,0
673213.489,0,0,0,1.000,1.000,1.000,-90.00,180.00,0.00,OPEN,0
673213.539,0,0,0,1.000,1.000,1.000,-90.00,180.00,0.00,OPEN,0
673213.589,0,0,0,1.000,1.000,1.000,-90.00,180.00,0.00,OPEN,0
673213.639,0,0,0,1.000,1.000,1.000,-90.00,180.00,0.00,OPEN,0
673213.689,0,0,0,1.000,1.000,1.000,-90.00,180.00,0.00,OPEN,0
673213.739,0,0,0,1.000,1.000,1.000,-90.00,180.00,0.00,OPEN,0
673213.789,0,0,0,1.000,1.000,1.000,-90.00,180.00,0.00,OPEN,0
673213.839,0,0,0,1.000,1.000,1.000,-90.00,180.00,0.00,OPEN,0
673213.889,0,0,0,1.000,1.000,1.000,-90.00,180.00,0.00,OPEN,0
673213.939,0,0,0,1.000,1.000,1.000,-90.00,180.00,0.00,OPEN,0
673213.989,0,0,0,1.000,1.000,1.000,-90.00,180.00,0.00,OPEN,0
673214.040,0,0,0,1.000,1.000,1.000,-90.00,180.00,0.00,OPEN,0
673214.089,0,0,0,1.000,1.000,1.000,-90.00,180.00,0.00,OPEN,0
673214.140,0,0,0,1.000,1.000,1.000,-90.00,180.00,0.00,OPEN,0
673214.189,0,0,0,1.000,1.000,1.000,-90.00,180.00,0.00,OPEN,0
673214.239,0,0,0,1.000,1.000,1.000,-90.00,180.00,0.00,OPEN,0
673214.289,0,0,0,1.000,1.000,1.000,-90.00,180.00,0.00,OPEN,0
673214.339,0,0,0,1.000,1.000,1.000,-90.00,180.00,0.00,OPEN,0
673214.389,0,0,0,1.000,1.000,1.000,-90.00,180.00,0.00,OPEN,0
673214.439,0,0,0,1.000,1.000,1.000,-90.00,180.00,0.00,OPEN,0
673214.492,0,0,0,1.000,1.000,1.000,-90.00,180.00,0.00,OPEN,0
673214.540,0,0,0,1.000,1.000,1.000,-90.00,180.00,0.00,OPEN,0
673214.589,0,0,0,1.000,1.000,1.000,-90.00,180.00,0.00,OPEN,0
673214.639,0,0,0,1.000,1.000,1.000,-90.00,180.00,0.00,OPEN,0
673214.689,0,0,0,1.000,1.000,1.000,-90.00,180.00,0.00,OPEN,0
673214.739,0,0,0,1.000,1.000,1.000,-90.00,180.00,0.00,OPEN,0
673214.790,0,0,0,1.000,1.000,1.000,-90.00,180.00,0.00,OPEN,0
673214.839,0,0,0,1.000,1.000,1.000,-90.00,180.00,0.00,OPEN,0
673214.890,0,0,0,1.000,1.000,1.000,-90.00,180.00,0.00,OPEN,0
673214.940,0,0,0,1.000,1.000,1.000,-90.00,180.00,0.00,OPEN,0
673214.989,0,0,0,1.000,1.000,1.000,-90.00,180.00,0.00,OPEN,0
673215.039,0,0,0,1.000,1.000,1.000,-90.00,180.00,0.00,OPEN,0
673215.089,0,0,0,1.000,1.000,1.000,-90.00,180.00,0.00,OPEN,0
673215.140,0,0,0,1.000,1.000,1.000,-90.00,180.00,0.00,OPEN,0
673215.189,0,0,0,1.000,1.000,1.000,-90.00,180.00,0.00,OPEN,0
673215.239,0,0,0,1.000,1.000,1.000,-90.00,180.00,0.00,OPEN,0
673215.289,0,0,0,1.000,1.000,1.000,-90.00,180.00,0.00,OPEN,0
673215.339,0,0,0,1.000,1.000,1.000,-90.00,180.00,0.00,OPEN,0
673215.390,0,0,0,1.000,1.000,1.000,-90.00,180.00,0.00,OPEN,0
673215.439,0,0,0,1.000,1.000,1.000,-90.00,180.00,0.00,OPEN,0
673215.489,0,0,0,1.000,1.000,1.000,-90.00,180.00,0.00,OPEN,0
673215.539,0,0,0,1.000,1.000,1.000,-90.00,180.00,0.00,OPEN,0
673215.589,0,0,0,1.000,1.000,1.000,-90.00,180.00,0.00,OPEN,0
673215.639,0,0,0,1.000,1.000,1.000,-90.00,180.00,0.00,OPEN,0
673215.689,0,0,0,1.000,1.000,1.000,-90.00,180.00,0.00,OPEN,0
673215.740,0,0,0,1.000,1.000,1.000,-90.00,180.00,0.00,OPEN,0
673215.789,0,0,0,1.000,1.000,1.000,-90.00,180.00,0.00,OPEN,0
673215.840,0,0,0,1.000,1.000,1.000,-90.00,180.00,0.00,OPEN,0
673215.889,0,0,0,0.999,1.000,1.000,-90.00,180.00,0.00,OPEN,0
673215.939,0,0,0,0.999,1.000,1.000,-90.00,180.00,0.00,OPEN,0
673216.007,0,0,0,0.995,1.000,1.000,-90.00,180.00,0.00,OPEN,0
673216.043,0,0,0,0.986,1.000,1.000,-90.00,180.00,0.00,OPEN,0
673216.090,0,0,0,0.990,1.000,1.000,-90.00,180.00,0.00,OPEN,0
673216.139,0,0,0,0.975,0.598,0.999,-90.00,180.00,0.00,OPEN,0
673216.189,0,0,0,1.000,0.992,0.938,-90.00,180.00,0.00,OPEN,0
673216.239,0,0,0,1.000,0.999,0.609,-90.00,180.00,0.00,OPEN,0
673216.289,0,0,0,1.000,1.000,0.842,-90.00,180.00,0.00,OPEN,0
673216.339,0,0,0,1.000,1.000,0.956,-90.00,180.00,0.00,OPEN,0
673216.389,0,0,0,0.999,1.000,0.983,-90.00,180.00,0.00,OPEN,0
673216.439,0,0,0,0.999,1.000,0.996,-90.00,180.00,0.00,OPEN,0
673216.489,0,0,0,1.000,1.000,0.999,-90.00,180.00,0.00,OPEN,0
673216.541,0,0,0,1.000,1.000,1.000,-90.00,180.00,0.00,OPEN,0
673216.592,0,0,0,1.000,1.000,1.000,-90.00,180.00,0.00,OPEN,0
673216.639,0,0,0,1.000,1.000,1.000,-90.00,180.00,0.00,OPEN,0
673216.691,0,0,0,1.000,1.000,1.000,-90.00,180.00,0.00,OPEN,0
673216.740,0,0,0,1.000,1.000,1.000,-90.00,180.00,0.00,OPEN,0
673216.789,0,0,0,1.000,1.000,1.000,-90.00,180.00,0.00,OPEN,0
673216.842,0,0,0,1.000,1.000,1.000,-90.00,180.00,0.00,OPEN,0
673216.890,0,0,0,1.000,1.000,1.000,-90.00,180.00,0.00,OPEN,0
673216.939,0,0,0,1.000,1.000,1.000,-90.00,180.00,0.00,OPEN,0
673216.989,0,0,0,1.000,1.000,1.000,-90.00,180.00,0.00,OPEN,0
673217.039,0,0,0,1.000,1.000,1.000,-90.00,180.00,0.00,OPEN,0
673217.089,0,1,0,1.000,0.838,1.000,-90.00,180.00,0.00,OPEN,0
673217.139,0,1,1,1.000,1.000,1.000,-90.00,180.00,0.00,OPEN,0
673217.189,0,1,1,1.000,1.000,1.000,-90.00,180.00,0.00,OPEN,0
673217.255,0,1,1,0.999,1.000,1.000,-90.00,180.00,0.00,OPEN,0
673217.293,0,1,1,1.000,1.000,1.000,-90.00,180.00,0.00,OPEN,0
673217.339,0,1,1,1.000,1.000,1.000,-90.00,180.00,0.00,OPEN,0
673217.389,0,1,1,1.000,1.000,1.000,-90.00,180.00,0.00,OPEN,0
673217.439,0,1,1,1.000,1.000,1.000,-90.00,180.00,0.00,OPEN,0
673217.490,0,1,1,1.000,1.000,1.000,-90.00,180.00,0.00,OPEN,0
673217.540,0,1,1,1.000,1.000,1.000,-90.00,180.00,0.00,OPEN,0
673217.589,0,1,1,1.000,1.000,1.000,-90.00,180.00,0.00,OPEN,0
673217.639,0,1,1,1.000,1.000,1.000,-90.00,180.00,0.00,OPEN,0
673217.690,0,1,1,1.000,1.000,1.000,-90.00,180.00,0.00,OPEN,0
673217.739,0,1,1,1.000,1.000,1.000,-90.00,180.00,0.00,OPEN,0
673217.790,0,1,1,1.000,1.000,1.000,-90.00,180.00,0.00,OPEN,0
673217.840,0,1,1,1.000,1.000,1.000,-90.00,180.00,0.00,OPEN,0
673217.889,0,1,1,1.000,1.000,1.000,-90.00,180.00,0.00,OPEN,0
673217.939,0,1,1,1.000,1.000,1.000,-90.00,180.00,0.00,OPEN,0
673217.991,0,1,1,1.000,1.000,1.000,-90.00,180.00,0.00,OPEN,0
673218.039,0,1,1,1.000,1.000,1.000,-90.00,180.00,0.00,OPEN,0
673218.089,0,1,1,1.000,1.000,1.000,-90.00,180.00,0.00,OPEN,0
673218.139,0,1,1,1.000,1.000,1.000,-90.00,180.00,0.00,OPEN,0
673218.191,0,1,1,1.000,1.000,1.000,-90.00,180.00,0.00,OPEN,0
673218.239,0,1,1,1.000,1.000,1.000,-90.00,180.00,0.00,OPEN,0
673218.290,0,1,1,1.000,1.000,1.000,-90.00,180.00,0.00,OPEN,0
673218.339,0,1,1,1.000,1.000,1.000,-90.00,180.00,0.00,OPEN,0
673218.391,0,1,1,1.000,1.000,1.000,-90.00,180.00,0.00,OPEN,0
673218.442,0,1,1,1.000,1.000,1.000,-90.00,180.00,0.00,OPEN,0
673218.492,0,1,1,1.000,1.000,1.000,-90.00,180.00,0.00,OPEN,0
673218.539,0,1,1,1.000,1.000,1.000,-90.00,180.00,0.00,OPEN,0
673218.589,0,1,1,1.000,1.000,1.000,-90.00,180.00,0.00,OPEN,0
673218.639,0,1,1,1.000,1.000,1.000,-90.00,180.00,0.00,OPEN,0
673218.689,0,1,1,1.000,1.000,1.000,-90.00,180.00,0.00,OPEN,0
673218.740,0,1,1,1.000,1.000,1.000,-90.00,180.00,0.00,OPEN,0
673218.790,0,1,1,1.000,1.000,1.000,-90.00,180.00,0.00,OPEN,0
673218.839,0,1,1,1.000,1.000,1.000,-90.00,180.00,0.00,OPEN,0
673218.890,0,1,1,1.000,1.000,1.000,-90.00,180.00,0.00,OPEN,0
673218.939,0,1,1,1.000,1.000,1.000,-90.00,180.00,0.00,OPEN,0
673218.989,0,1,1,1.000,1.000,1.000,-90.00,180.00,0.00,OPEN,0
673219.039,0,1,1,1.000,1.000,1.000,-90.00,180.00,0.00,OPEN,0
673219.089,0,1,1,1.000,1.000,1.000,-90.00,180.00,0.00,OPEN,0
673219.139,0,1,1,1.000,1.000,1.000,-90.00,180.00,0.00,OPEN,0
673219.189,0,1,1,1.000,1.000,1.000,-90.00,180.00,0.00,OPEN,0
673219.239,0,1,1,1.000,1.000,1.000,-90.00,180.00,0.00,OPEN,0
673219.290,0,1,1,1.000,1.000,1.000,-90.00,180.00,0.00,OPEN,0
673219.339,0,1,1,1.000,1.000,1.000,-90.00,180.00,0.00,OPEN,0
673219.388,0,1,1,1.000,1.000,1.000,-90.00,180.00,0.00,OPEN,0
673219.439,0,1,1,1.000,1.000,1.000,-90.00,180.00,0.00,OPEN,0
673219.490,0,1,1,1.000,1.000,1.000,-90.00,180.00,0.00,OPEN,0
673219.539,0,1,1,1.000,1.000,1.000,-90.00,180.00,0.00,OPEN,0
673219.589,0,1,1,1.000,1.000,1.000,-90.00,180.00,0.00,OPEN,0
673219.639,0,1,1,1.000,1.000,1.000,-90.00,180.00,0.00,OPEN,0
673219.689,0,1,1,1.000,1.000,1.000,-90.00,180.00,0.00,OPEN,0
673219.740,0,1,1,1.000,1.000,1.000,-90.00,180.00,0.00,OPEN,0
673219.789,0,1,1,1.000,1.000,1.000,-90.00,180.00,0.00,OPEN,0
673219.839,0,1,1,1.000,1.000,1.000,-90.00,180.00,0.00,OPEN,0
673219.889,0,1,1,1.000,1.000,1.000,-90.00,180.00,0.00,OPEN,0
673219.939,0,1,1,1.000,1.000,1.000,-90.00,180.00,0.00,OPEN,0
673219.991,0,1,1,1.000,1.000,1.000,-90.00,180.00,0.00,OPEN,0
673220.039,0,1,1,1.000,1.000,1.000,-90.00,180.00,0.00,OPEN,0
673220.089,0,1,1,1.000,1.000,1.000,-90.00,180.00,0.00,OPEN,0
673220.139,0,1,1,1.000,1.000,1.000,-90.00,180.00,0.00,OPEN,0
673220.189,0,1,1,1.000,1.000,1.000,-90.00,180.00,0.00,OPEN,0
673220.239,0,1,1,1.000,1.000,1.000,-90.00,180.00,0.00,OPEN,0
673220.289,0,1,1,1.000,1.000,1.000,-90.00,180.00,0.00,OPEN,0
673220.339,0,1,1,1.000,1.000,1.000,-90.00,180.00,0.00,OPEN,0
673220.389,0,1,1,1.000,1.000,1.000,-90.00,180.00,0.00,OPEN,0
673220.439,0,1,1,1.000,1.000,1.000,-90.00,180.00,0.00,OPEN,0
673220.490,0,1,1,1.000,1.000,1.000,-90.00,180.00,0.00,OPEN,0
673220.539,0,1,1,1.000,1.000,1.000,-90.00,180.00,0.00,OPEN,0
673220.590,0,1,1,1.000,1.000,1.000,-90.00,180.00,0.00,OPEN,0
673220.640,0,1,1,1.000,1.000,1.000,-90.00,180.00,0.00,OPEN,0
673220.689,0,1,1,1.000,1.000,1.000,-90.00,180.00,0.00,OPEN,0
673220.768,0,1,1,1.000,1.000,1.000,-90.00,180.00,0.00,OPEN,0
673220.795,0,1,1,1.000,1.000,1.000,-90.00,180.00,0.00,OPEN,0
673220.839,0,1,1,1.000,1.000,1.000,-90.00,180.00,0.00,OPEN,0
673220.889,0,1,1,1.000,1.000,1.000,-90.00,180.00,0.00,OPEN,0
673220.939,0,1,1,1.000,1.000,1.000,-90.00,180.00,0.00,OPEN,0
673220.989,0,1,1,1.000,1.000,1.000,-90.00,180.00,0.00,OPEN,0
673221.039,0,1,1,1.000,1.000,1.000,-90.00,180.00,0.00,OPEN,0
673221.089,0,1,1,1.000,1.000,1.000,-90.00,180.00,0.00,OPEN,0
673221.138,0,1,1,1.000,1.000,1.000,-90.00,180.00,0.00,OPEN,0
673221.189,0,1,1,1.000,1.000,1.000,-90.00,180.00,0.00,OPEN,0
673221.240,0,1,1,1.000,1.000,1.000,-90.00,180.00,0.00,OPEN,0
673221.290,0,1,1,1.000,1.000,1.000,-90.00,180.00,0.00,OPEN,0
673221.339,0,1,1,1.000,1.000,1.000,-90.00,180.00,0.00,OPEN,0
673221.389,0,1,1,1.000,1.000,1.000,-90.00,180.00,0.00,OPEN,0
673221.439,0,1,1,1.000,1.000,1.000,-90.00,180.00,0.00,OPEN,0
673221.489,0,1,1,1.000,1.000,1.000,-90.00,180.00,0.00,OPEN,0
673221.539,0,1,1,1.000,1.000,1.000,-90.00,180.00,0.00,OPEN,0
673221.589,0,1,1,1.000,1.000,1.000,-90.00,180.00,0.00,OPEN,0
673221.639,0,1,1,1.000,1.000,1.000,-90.00,180.00,0.00,OPEN,0
673221.689,0,1,1,1.000,1.000,1.000,-90.00,180.00,0.00,OPEN,0
673221.740,0,1,1,1.000,1.000,1.000,-90.00,180.00,0.00,OPEN,0
673221.789,0,1,1,1.000,1.000,1.000,-90.00,180.00,0.00,OPEN,0
673221.839,0,1,1,1.000,1.000,1.000,-90.00,180.00,0.00,OPEN,0
673221.888,0,1,1,1.000,1.000,1.000,-90.00,180.00,0.00,OPEN,0
673221.939,0,1,1,1.000,1.000,1.000,-90.00,180.00,0.00,OPEN,0
673221.989,0,1,1,1.000,1.000,1.000,-90.00,180.00,0.00,OPEN,0
673222.039,0,1,1,0.999,1.000,1.000,-90.00,180.00,0.00,OPEN,0
673222.089,0,1,1,0.998,1.000,1.000,-90.00,180.00,0.00,OPEN,0
673222.139,0,1,1,0.998,1.000,1.000,-90.00,180.00,0.00,OPEN,0
673222.189,0,1,1,0.998,1.000,1.000,-90.00,180.00,0.00,OPEN,0
673222.239,0,1,1,0.999,1.000,1.000,-90.00,180.00,0.00,OPEN,0
673222.289,0,1,1,1.000,1.000,1.000,-90.00,180.00,0.00,OPEN,0
673222.339,0,1,1,1.000,1.000,1.000,-90.00,180.00,0.00,OPEN,0
673222.389,0,1,1,1.000,1.000,1.000,-90.00,180.00,0.00,OPEN,0
673222.438,0,1,1,1.000,1.000,1.000,-90.00,180.00,0.00,OPEN,0
673222.489,0,1,1,0.998,1.000,1.000,-90.00,180.00,0.00,OPEN,0
673222.539,0,1,1,0.995,0.999,1.000,-90.00,180.00,0.00,OPEN,0
673222.590,0,1,1,0.984,0.995,1.000,-90.00,180.00,0.00,OPEN,0
673222.639,0,1,1,0.969,0.948,0.999,-90.00,180.00,0.00,OPEN,0
673222.689,0,1,1,0.958,0.581,0.997,-90.00,180.00,0.00,OPEN,0
673222.738,0,1,1,0.939,0.711,0.980,-90.00,180.00,0.00,OPEN,0
673222.789,0,1,1,0.902,0.936,0.930,-90.00,180.00,0.00,OPEN,0
673222.839,0,1,1,0.857,0.972,0.764,-90.00,180.00,0.00,OPEN,0
673222.892,0,1,1,0.780,0.997,0.735,-90.00,180.00,0.00,OPEN,0
673222.949,0,1,1,0.620,0.997,0.924,-90.00,180.00,0.00,OPEN,0
673222.990,0,1,1,0.505,0.952,0.993,-90.00,180.00,0.00,OPEN,0
673223.039,0,1,1,0.869,0.625,0.995,-90.00,180.00,0.00,OPEN,0
673223.090,0,1,1,0.999,0.858,0.995,-90.00,180.00,0.00,OPEN,0
673223.139,0,1,1,0.999,0.914,0.996,-90.00,180.00,0.00,OPEN,0
673223.189,0,1,1,1.000,0.870,0.996,-90.00,180.00,0.00,OPEN,0
673223.239,0,1,1,1.000,0.964,0.995,-90.00,180.00,0.00,OPEN,0
673223.290,0,1,1,1.000,0.981,0.995,-90.00,180.00,0.00,OPEN,0
673223.344,0,1,1,1.000,0.996,0.994,-90.00,180.00,0.00,OPEN,0
673223.389,0,1,1,1.000,0.999,0.983,-90.00,180.00,0.00,OPEN,0
673223.439,0,1,1,1.000,0.999,0.981,-90.00,180.00,0.00,OPEN,0
673223.491,0,1,1,1.000,0.998,0.973,-90.00,180.00,0.00,OPEN,0
673223.539,0,1,1,1.000,0.987,0.943,-90.00,180.00,0.00,OPEN,0
673223.590,0,1,1,1.000,0.718,0.950,-90.00,180.00,0.00,OPEN,0
673223.639,0,1,1,1.000,0.947,0.992,-90.00,180.00,0.00,OPEN,0
673223.689,0,1,1,1.000,1.000,0.999,-90.00,180.00,0.00,OPEN,0
673223.739,0,1,1,1.000,1.000,1.000,-90.00,180.00,0.00,OPEN,0
673223.788,0,1,1,1.000,1.000,1.000,-90.00,180.00,0.00,OPEN,0
673223.839,0,1,0,1.000,1.000,1.000,-90.00,180.00,0.00,OPEN,0
673223.889,0,1,0,1.000,1.000,1.000,-90.00,180.00,0.00,OPEN,0
673223.939,0,1,0,1.000,1.000,1.000,-90.00,180.00,0.00,OPEN,0
673223.989,0,1,0,1.000,1.000,1.000,-90.00,180.00,0.00,OPEN,0
673224.040,0,1,0,1.000,1.000,1.000,-90.00,180.00,0.00,OPEN,0
673224.089,0,1,0,1.000,1.000,1.000,-90.00,180.00,0.00,OPEN,0
673224.139,0,1,0,1.000,1.000,1.000,-90.00,180.00,0.00,OPEN,0
673224.189,0,1,0,1.000,1.000,1.000,-90.00,180.00,0.00,OPEN,0
673224.239,0,1,0,1.000,1.000,1.000,-90.00,180.00,0.00,OPEN,0
673224.290,0,1,0,1.000,1.000,1.000,-90.00,180.00,0.00,OPEN,0
673224.339,0,1,0,1.000,1.000,1.000,-90.00,180.00,0.00,OPEN,0
673224.389,0,1,0,1.000,1.000,1.000,-90.00,180.00,0.00,OPEN,0
673224.439,0,1,0,1.000,1.000,1.000,-90.00,180.00,0.00,OPEN,0
673224.489,0,0,0,1.000,1.000,1.000,-90.00,180.00,0.00,OPEN,0
673224.539,0,0,0,1.000,1.000,1.000,-90.00,180.00,0.00,OPEN,0
673224.590,0,0,0,1.000,1.000,1.000,-90.00,180.00,0.00,OPEN,0
673224.639,0,0,0,1.000,1.000,1.000,-90.00,180.00,0.00,OPEN,0
673224.689,0,0,0,1.000,1.000,1.000,-90.00,180.00,0.00,OPEN,0
673224.740,0,0,0,1.000,1.000,1.000,-90.00,180.00,0.00,OPEN,0
673224.797,0,0,0,1.000,1.000,1.000,-90.00,180.00,0.00,OPEN,0
673224.840,0,0,0,1.000,1.000,1.000,-90.00,180.00,0.00,OPEN,0
673224.890,0,0,0,1.000,1.000,1.000,-90.00,180.00,0.00,OPEN,0
673224.939,0,0,0,1.000,1.000,1.000,-90.00,180.00,0.00,OPEN,0
673224.989,0,0,0,1.000,1.000,1.000,-90.00,180.00,0.00,OPEN,0
673225.039,0,0,0,1.000,1.000,1.000,-90.00,180.00,0.00,OPEN,0
673225.093,0,0,0,1.000,1.000,1.000,-90.00,180.00,0.00,OPEN,0
673225.140,0,0,0,1.000,1.000,1.000,-90.00,180.00,0.00,OPEN,0
673225.189,0,0,0,1.000,1.000,1.000,-90.00,180.00,0.00,OPEN,0
673225.239,0,0,0,1.000,1.000,1.000,-90.00,180.00,0.00,OPEN,0
673225.289,0,0,0,1.000,1.000,1.000,-90.00,180.00,0.00,OPEN,0
673225.340,0,0,0,1.000,1.000,1.000,-90.00,180.00,0.00,OPEN,0
673225.389,0,0,0,1.000,1.000,1.000,-90.00,180.00,0.00,OPEN,0
673225.439,0,0,0,1.000,1.000,1.000,-90.00,180.00,0.00,OPEN,0
673225.489,0,0,0,1.000,1.000,1.000,-90.00,180.00,0.00,OPEN,0
673225.539,0,0,0,1.000,1.000,1.000,-90.00,180.00,0.00,OPEN,0
673225.589,0,0,0,1.000,1.000,1.000,-90.00,180.00,0.00,OPEN,0
673225.640,0,0,0,1.000,1.000,1.000,-90.00,180.00,0.00,OPEN,0
673225.689,0,0,0,1.000,1.000,1.000,-90.00,180.00,0.00,OPEN,0
673225.739,0,0,0,1.000,1.000,1.000,-90.00,180.00,0.00,OPEN,0
673225.789,0,0,0,1.000,1.000,1.000,-90.00,180.00,0.00,OPEN,0
673225.839,0,0,0,1.000,1.000,1.000,-90.00,180.00,0.00,OPEN,0
673225.889,0,0,0,1.000,1.000,1.000,-90.00,180.00,0.00,OPEN,0
673225.939,0,0,0,1.000,1.000,1.000,-90.00,180.00,0.00,OPEN,0
673225.989,0,0,0,1.000,1.000,1.000,-90.00,180.00,0.00,OPEN,0
673226.039,0,0,0,1.000,1.000,1.000,-90.00,180.00,0.00,OPEN,0
673226.089,0,0,0,1.000,1.000,1.000,-90.00,180.00,0.00,OPEN,0
673226.139,0,0,0,1.000,1.000,1.000,-90.00,180.00,0.00,OPEN,0
673226.188,0,0,0,1.000,1.000,1.000,-90.00,180.00,0.00,OPEN,0
673226.239,0,0,0,1.000,1.000,1.000,-90.00,180.00,0.00,OPEN,0
673226.289,0,0,0,1.000,1.000,1.000,-90.00,180.00,0.00,OPEN,0
673226.339,0,0,0,1.000,1.000,1.000,-90.00,180.00,0.00,OPEN,0
673226.389,0,0,0,1.000,1.000,1.000,-90.00,180.00,0.00,OPEN,0
673226.439,0,0,0,1.000,1.000,1.000,-90.00,180.00,0.00,OPEN,0
673226.489,0,0,0,1.000,1.000,1.000,-90.00,180.00,0.00,OPEN,0
673226.539,0,0,0,1.000,1.000,1.000,-90.00,180.00,0.00,OPEN,0
673226.589,0,0,0,1.000,1.000,1.000,-90.00,180.00,0.00,OPEN,0
673226.639,0,0,0,1.000,1.000,1.000,-90.00,180.00,0.00,OPEN,0
673226.698,0,0,0,1.000,1.000,1.000,-90.00,180.00,0.00,OPEN,0
673226.740,0,0,0,1.000,1.000,1.000,-90.00,180.00,0.00,OPEN,0
673226.789,0,0,0,1.000,1.000,1.000,-90.00,180.00,0.00,OPEN,0
673226.839,0,0,0,1.000,1.000,1.000,-90.00,180.00,0.00,OPEN,0
673226.891,0,0,0,1.000,1.000,1.000,-90.00,180.00,0.00,OPEN,0
673226.941,0,0,0,1.000,1.000,1.000,-90.00,180.00,0.00,OPEN,0
673226.989,0,0,0,1.000,1.000,1.000,-90.00,180.00,0.00,OPEN,0
673227.039,0,0,0,1.000,1.000,1.000,-90.00,180.00,0.00,OPEN,0
673227.097,0,0,0,1.000,1.000,1.000,-90.00,180.00,0.00,OPEN,0
673227.141,0,0,0,1.000,1.000,1.000,-90.00,180.00,0.00,OPEN,0
673227.189,0,0,0,1.000,1.000,1.000,-90.00,180.00,0.00,OPEN,0
673227.239,0,0,0,1.000,1.000,1.000,-90.00,180.00,0.00,OPEN,0
673227.289,0,0,0,1.000,1.000,1.000,-90.00,180.00,0.00,OPEN,0
673227.339,0,0,0,1.000,1.000,1.000,-90.00,180.00,0.00,OPEN,0
673227.389,0,0,0,1.000,1.000,1.000,-90.00,180.00,0.00,OPEN,0
673227.439,0,0,0,1.000,1.000,1.000,-90.00,180.00,0.00,OPEN,0
673227.489,0,0,0,1.000,1.000,1.000,-90.00,180.00,0.00,OPEN,0
673227.540,0,0,0,1.000,1.000,1.000,-90.00,180.00,0.00,OPEN,0
673227.591,0,0,0,1.000,1.000,1.000,-90.00,180.00,0.00,OPEN,0
673227.639,0,0,0,1.000,1.000,1.000,-90.00,180.00,0.00,OPEN,0
673227.689,0,0,0,1.000,1.000,1.000,-90.00,180.00,0.00,OPEN,0
673227.739,0,0,0,1.000,1.000,1.000,-90.00,180.00,0.00,OPEN,0
673227.794,0,0,0,1.000,1.000,1.000,-90.00,180.00,0.00,OPEN,0
673227.839,0,0,0,1.000,1.000,1.000,-90.00,180.00,0.00,OPEN,0
673227.889,0,0,0,1.000,1.000,1.000,-90.00,180.00,0.00,OPEN,0
673227.943,0,0,0,1.000,1.000,1.000,-90.00,180.00,0.00,OPEN,0
673227.989,0,0,0,1.000,1.000,1.000,-90.00,180.00,0.00,OPEN,0
673228.039,0,0,0,1.000,1.000,1.000,-90.00,180.00,0.00,OPEN,0
673228.093,0,0,0,1.000,1.000,1.000,-90.00,180.00,0.00,OPEN,0
673228.139,0,0,0,1.000,1.000,1.000,-90.00,180.00,0.00,OPEN,0
673228.192,0,0,0,1.000,1.000,1.000,-90.00,180.00,0.00,OPEN,0
673228.240,0,0,0,1.000,1.000,1.000,-90.00,180.00,0.00,OPEN,0
673228.291,0,0,0,1.000,1.000,1.000,-90.00,180.00,0.00,OPEN,0
673228.340,0,0,0,1.000,1.000,1.000,-90.00,180.00,0.00,OPEN,0
673228.389,0,0,0,1.000,1.000,1.000,-90.00,180.00,0.00,OPEN,0
673228.438,0,0,0,1.000,1.000,1.000,-90.00,180.00,0.00,OPEN,0
673228.502,0,0,0,1.000,1.000,1.000,-90.00,180.00,0.00,OPEN,0
673228.541,0,0,0,1.000,1.000,1.000,-90.00,180.00,0.00,OPEN,0
673228.589,0,0,0,1.000,1.000,1.000,-90.00,180.00,0.00,OPEN,0
673228.639,0,0,0,1.000,1.000,1.000,-90.00,180.00,0.00,OPEN,0
673228.689,0,0,0,1.000,1.000,1.000,-90.00,180.00,0.00,OPEN,0
673228.739,0,0,0,1.000,1.000,1.000,-90.00,180.00,0.00,OPEN,0
673228.789,0,0,0,1.000,1.000,1.000,-90.00,180.00,0.00,OPEN,0
673228.839,0,0,0,1.000,1.000,1.000,-90.00,180.00,0.00,OPEN,0
673228.888,0,0,0,1.000,1.000,1.000,-90.00,180.00,0.00,OPEN,0
673228.939,0,0,0,1.000,1.000,1.000,-90.00,180.00,0.00,OPEN,0
673228.989,0,0,0,1.000,1.000,1.000,-90.00,180.00,0.00,OPEN,0
673229.039,0,0,0,1.000,1.000,1.000,-90.00,180.00,0.00,OPEN,0
673229.089,0,0,0,1.000,1.000,1.000,-90.00,180.00,0.00,OPEN,0
673229.139,0,0,0,1.000,1.000,1.000,-90.00,180.00,0.00,OPEN,0
673229.189,0,0,0,1.000,1.000,1.000,-90.00,180.00,0.00,OPEN,0
673229.239,0,0,0,1.000,1.000,1.000,-90.00,180.00,0.00,OPEN,0
673229.289,0,0,0,1.000,1.000,1.000,-90.00,180.00,0.00,OPEN,0
673229.340,0,0,0,1.000,1.000,1.000,-90.00,180.00,0.00,OPEN,0
673229.389,0,0,0,1.000,1.000,1.000,-90.00,180.00,0.00,OPEN,0
673229.439,0,0,0,0.999,1.000,1.000,-90.00,180.00,0.00,OPEN,0
673229.489,0,0,0,0.994,1.000,1.000,-90.00,180.00,0.00,OPEN,0
673229.539,0,0,0,0.729,1.000,1.000,-90.00,180.00,0.00,OPEN,0
673229.590,0,0,0,0.867,1.000,1.000,-90.00,180.00,0.00,OPEN,0
673229.639,0,0,0,0.947,1.000,1.000,-90.00,180.00,0.00,OPEN,0
673229.689,0,0,0,0.986,1.000,1.000,-90.00,180.00,0.00,OPEN,0
673229.739,0,0,0,0.997,1.000,1.000,-90.00,180.00,0.00,OPEN,0
673229.789,0,0,0,1.000,0.999,0.999,-90.00,180.00,0.00,OPEN,0
673229.839,0,0,0,1.000,0.502,0.999,-90.00,180.00,0.00,OPEN,0
673229.889,0,0,0,1.000,0.999,1.000,-90.00,180.00,0.00,OPEN,0
673229.939,3,0,0,1.000,1.000,1.000,-90.00,180.00,0.00,OPEN,0
673230.007,3,0,0,1.000,1.000,1.000,-90.00,180.00,0.00,OPEN,0
673230.044,3,0,0,1.000,1.000,1.000,-90.00,180.00,0.00,OPEN,0
673230.089,3,0,0,1.000,1.000,1.000,-90.00,180.00,0.00,OPEN,0
673230.139,3,0,0,1.000,1.000,1.000,-90.00,180.00,0.00,OPEN,0
673230.189,3,0,0,1.000,1.000,1.000,-90.00,180.00,0.00,OPEN,0
673230.239,3,0,0,1.000,1.000,1.000,-90.00,180.00,0.00,OPEN,0
673230.291,3,0,0,1.000,1.000,1.000,-90.00,180.00,0.00,OPEN,0
673230.339,3,0,0,1.000,1.000,1.000,-90.00,180.00,0.00,OPEN,0
673230.389,3,0,0,1.000,1.000,1.000,-90.00,180.00,0.00,OPEN,0
673230.439,3,0,0,1.000,1.000,1.000,-90.00,180.00,0.00,OPEN,0
673230.489,3,0,0,1.000,1.000,1.000,-90.00,180.00,0.00,OPEN,0
673230.539,3,0,0,1.000,1.000,1.000,-90.00,180.00,0.00,OPEN,0
673230.589,3,0,0,1.000,1.000,1.000,-90.00,180.00,0.00,OPEN,0
673230.639,3,0,0,1.000,1.000,1.000,-90.00,180.00,0.00,OPEN,0
673230.689,3,0,0,1.000,1.000,1.000,-90.00,180.00,0.00,OPEN,0
673230.739,3,1,0,1.000,1.000,1.000,-90.00,180.00,0.00,OPEN,0
673230.789,3,1,0,1.000,1.000,1.000,-90.00,180.00,0.00,OPEN,0
673230.839,3,1,0,1.000,1.000,1.000,-90.00,180.00,0.00,OPEN,0
673230.889,3,1,0,1.000,1.000,1.000,-90.00,180.00,0.00,OPEN,0
673230.939,3,1,0,1.000,1.000,1.000,-90.00,180.00,0.00,OPEN,0
673230.991,3,1,0,1.000,1.000,1.000,-90.00,180.00,0.00,OPEN,0
673231.039,3,1,0,1.000,1.000,1.000,-90.00,180.00,0.00,OPEN,0
673231.089,3,1,0,1.000,1.000,1.000,-90.00,180.00,0.00,OPEN,0
673231.139,3,1,0,1.000,1.000,1.000,-90.00,180.00,0.00,OPEN,0
673231.189,3,1,0,1.000,1.000,1.000,-90.00,180.00,0.00,OPEN,0
673231.239,3,1,0,1.000,1.000,1.000,-90.00,180.00,0.00,OPEN,0
673231.289,3,1,0,1.000,1.000,1.000,-90.00,180.00,0.00,OPEN,0
673231.339,3,1,0,1.000,1.000,1.000,-90.00,180.00,0.00,OPEN,0
673231.389,3,1,0,1.000,1.000,1.000,-90.00,180.00,0.00,OPEN,0
673231.439,3,1,0,1.000,1.000,1.000,-90.00,180.00,0.00,OPEN,0
673231.489,3,1,0,1.000,1.000,1.000,-90.00,180.00,0.00,OPEN,0
673231.540,3,1,0,1.000,1.000,1.000,-90.00,180.00,0.00,OPEN,0
673231.589,3,1,0,1.000,1.000,1.000,-90.00,180.00,0.00,OPEN,0
673231.639,3,1,0,1.000,1.000,1.000,-90.00,180.00,0.00,OPEN,0
673231.689,3,1,0,1.000,1.000,1.000,-90.00,180.00,0.00,OPEN,0
673231.739,3,1,0,1.000,1.000,1.000,-90.00,180.00,0.00,OPEN,0
673231.789,3,1,0,1.000,1.000,1.000,-90.00,180.00,0.00,OPEN,0
673231.839,3,1,0,1.000,1.000,1.000,-90.00,180.00,0.00,OPEN,0
673231.889,3,1,0,1.000,1.000,1.000,-90.00,180.00,0.00,OPEN,0
673231.939,3,1,0,1.000,1.000,1.000,-90.00,180.00,0.00,OPEN,0
673231.989,3,1,0,1.000,1.000,1.000,-90.00,180.00,0.00,OPEN,0
673232.039,3,1,0,1.000,1.000,1.000,-90.00,180.00,0.00,OPEN,0
673232.089,3,1,0,1.000,1.000,1.000,-90.00,180.00,0.00,OPEN,0
673232.139,3,1,0,1.000,1.000,1.000,-90.00,180.00,0.00,OPEN,0
673232.189,3,1,0,1.000,1.000,1.000,-90.00,180.00,0.00,OPEN,0
673232.240,3,1,0,1.000,1.000,1.000,-90.00,180.00,0.00,OPEN,0
673232.289,3,1,0,1.000,1.000,1.000,-90.00,180.00,0.00,OPEN,0
673232.340,3,1,0,1.000,1.000,1.000,-90.00,180.00,0.00,OPEN,0
673232.389,3,1,0,1.000,1.000,1.000,-90.00,180.00,0.00,OPEN,0
673232.439,3,1,0,1.000,1.000,1.000,-90.00,180.00,0.00,OPEN,0
673232.489,3,1,0,1.000,1.000,1.000,-90.00,180.00,0.00,OPEN,0
673232.539,3,1,0,1.000,1.000,1.000,-90.00,180.00,0.00,OPEN,0
673232.590,3,1,0,1.000,1.000,1.000,-90.00,180.00,0.00,OPEN,0
673232.639,3,1,0,1.000,1.000,1.000,-90.00,180.00,0.00,OPEN,0
673232.689,3,1,0,1.000,1.000,1.000,-90.00,180.00,0.00,OPEN,0
673232.739,3,1,0,1.000,1.000,1.000,-90.00,180.00,0.00,OPEN,0
673232.790,3,1,0,1.000,1.000,1.000,-90.00,180.00,0.00,OPEN,0
673232.839,3,1,0,1.000,1.000,1.000,-90.00,180.00,0.00,OPEN,0
673232.889,3,1,0,1.000,1.000,1.000,-90.00,180.00,0.00,OPEN,0
673232.939,3,1,0,1.000,1.000,1.000,-90.00,180.00,0.00,OPEN,0
673232.989,3,1,0,1.000,1.000,1.000,-90.00,180.00,0.00,OPEN,0
673233.040,3,1,0,1.000,1.000,1.000,-90.00,180.00,0.00,OPEN,0
673233.089,3,1,0,1.000,1.000,1.000,-90.00,180.00,0.00,OPEN,0
673233.139,3,1,0,1.000,1.000,1.000,-90.00,180.00,0.00,OPEN,0
673233.189,3,1,0,1.000,1.000,1.000,-90.00,180.00,0.00,OPEN,0
673233.239,3,1,0,1.000,1.000,1.000,-90.00,180.00,0.00,OPEN,0
673233.291,3,1,0,1.000,1.000,1.000,-90.00,180.00,0.00,OPEN,0
673233.340,3,1,0,1.000,1.000,1.000,-90.00,180.00,0.00,OPEN,0
673233.402,3,1,0,1.000,1.000,1.000,-90.00,180.00,0.00,OPEN,0
673233.440,3,1,0,1.000,1.000,1.000,-90.00,180.00,0.00,OPEN,0
673233.489,3,1,0,1.000,1.000,1.000,-90.00,180.00,0.00,OPEN,0
673233.540,3,1,0,1.000,1.000,1.000,-90.00,180.00,0.00,OPEN,0
673233.589,3,1,0,1.000,1.000,1.000,-90.00,180.00,0.00,OPEN,0
673233.639,3,1,0,1.000,1.000,1.000,-90.00,180.00,0.00,OPEN,0
673233.689,3,1,0,1.000,1.000,1.000,-90.00,180.00,0.00,OPEN,0
673233.739,3,1,0,1.000,1.000,1.000,-90.00,180.00,0.00,OPEN,0
673233.789,3,1,0,1.000,1.000,1.000,-90.00,180.00,0.00,OPEN,0
673233.840,3,1,0,1.000,1.000,1.000,-90.00,180.00,0.00,OPEN,0
673233.889,3,1,0,1.000,1.000,1.000,-90.00,180.00,0.00,OPEN,0
673233.939,3,1,0,1.000,1.000,1.000,-90.00,180.00,0.00,OPEN,0
673233.989,3,1,0,1.000,1.000,1.000,-90.00,180.00,0.00,OPEN,0
673234.039,3,1,0,1.000,1.000,1.000,-90.00,180.00,0.00,OPEN,0
673234.089,3,1,0,1.000,1.000,1.000,-90.00,180.00,0.00,OPEN,0
673234.139,3,1,0,1.000,1.000,1.000,-90.00,180.00,0.00,OPEN,0
673234.189,3,1,0,1.000,1.000,1.000,-90.00,180.00,0.00,OPEN,0
673234.239,3,1,0,1.000,1.000,1.000,-90.00,180.00,0.00,OPEN,0
673234.289,3,1,0,1.000,1.000,1.000,-90.00,180.00,0.00,OPEN,0
673234.340,3,1,0,1.000,1.000,1.000,-90.00,180.00,0.00,OPEN,0
673234.389,3,1,0,1.000,1.000,1.000,-90.00,180.00,0.00,OPEN,0
673234.439,3,1,0,1.000,1.000,1.000,-90.00,180.00,0.00,OPEN,0
673234.488,3,1,0,1.000,1.000,1.000,-90.00,180.00,0.00,OPEN,0
673234.539,3,1,0,1.000,1.000,1.000,-90.00,180.00,0.00,OPEN,0
673234.589,3,1,0,1.000,1.000,1.000,-90.00,180.00,0.00,OPEN,0
673234.639,3,1,0,1.000,1.000,1.000,-90.00,180.00,0.00,OPEN,0
673234.689,3,1,0,1.000,1.000,1.000,-90.00,180.00,0.00,OPEN,0
673234.739,3,1,0,1.000,1.000,1.000,-90.00,180.00,0.00,OPEN,0
673234.789,3,1,0,1.000,1.000,1.000,-90.00,180.00,0.00,OPEN,0
673234.839,3,1,0,1.000,1.000,1.000,-90.00,180.00,0.00,OPEN,0
673234.889,3,1,0,1.000,1.000,1.000,-90.00,180.00,0.00,OPEN,0
673234.939,3,1,0,1.000,1.000,1.000,-90.00,180.00,0.00,OPEN,0
673234.989,3,1,0,1.000,1.000,1.000,-90.00,180.00,0.00,OPEN,0
673235.039,3,1,0,1.000,1.000,1.000,-90.00,180.00,0.00,OPEN,0
673235.089,3,1,0,1.000,1.000,1.000,-90.00,180.00,0.00,OPEN,0
673235.140,3,1,0,1.000,1.000,1.000,-90.00,180.00,0.00,OPEN,0
673235.189,3,1,0,1.000,1.000,1.000,-90.00,180.00,0.00,OPEN,0
673235.239,3,1,0,1.000,1.000,1.000,-90.00,180.00,0.00,OPEN,0
673235.290,3,1,0,1.000,1.000,1.000,-90.00,180.00,0.00,OPEN,0
673235.340,3,1,0,1.000,1.000,1.000,-90.00,180.00,0.00,OPEN,0
673235.389,3,1,0,1.000,1.000,1.000,-90.00,180.00,0.00,OPEN,0
673235.439,3,1,0,1.000,1.000,1.000,-90.00,180.00,0.00,OPEN,0
673235.489,3,1,0,1.000,1.000,1.000,-90.00,180.00,0.00,OPEN,0
673235.539,3,1,0,0.999,1.000,1.000,-90.00,180.00,0.00,OPEN,0
673235.619,3,1,0,0.977,1.000,1.000,-90.00,180.00,0.00,OPEN,0
673235.643,3,1,0,0.852,1.000,1.000,-90.00,180.00,0.00,OPEN,0
673235.689,3,1,0,0.552,1.000,1.000,-90.00,180.00,0.00,OPEN,0
673235.739,3,1,0,0.761,1.000,1.000,-90.00,180.00,0.00,OPEN,0
673235.789,3,1,0,0.884,1.000,0.998,-90.00,180.00,0.00,OPEN,0
673235.839,3,1,0,0.970,1.000,0.996,-90.00,180.00,0.00,OPEN,0
673235.889,3,1,0,0.998,1.000,0.983,-90.00,180.00,0.00,OPEN,0
673235.939,3,1,0,0.999,0.999,0.941,-90.00,180.00,0.00,OPEN,0
673235.989,3,1,0,0.999,0.998,0.895,-90.00,180.00,0.00,OPEN,0
673236.039,3,1,0,1.000,0.992,0.904,-90.00,180.00,0.00,OPEN,0
673236.089,3,1,0,1.000,0.985,0.936,-90.00,180.00,0.00,OPEN,0
673236.139,0,1,0,1.000,0.978,0.966,-90.00,180.00,0.00,OPEN,0
673236.189,0,1,0,1.000,0.960,0.980,-90.00,180.00,0.00,OPEN,0
673236.239,0,1,0,1.000,0.770,0.984,-90.00,180.00,0.00,OPEN,0
673236.289,0,1,0,1.000,0.652,0.987,-90.00,180.00,0.00,OPEN,0
673236.339,0,1,0,1.000,0.899,0.988,-90.00,180.00,0.00,OPEN,0
673236.390,0,1,0,1.000,0.966,0.990,-90.00,180.00,0.00,OPEN,0
673236.439,0,1,0,1.000,0.998,0.997,-90.00,180.00,0.00,OPEN,0
673236.489,0,1,0,1.000,1.000,1.000,-90.00,180.00,0.00,OPEN,0
673236.539,0,1,0,1.000,1.000,1.000,-90.00,180.00,0.00,OPEN,0
673236.589,0,1,0,1.000,1.000,1.000,-90.00,180.00,0.00,OPEN,0
673236.639,0,1,0,1.000,1.000,1.000,-90.00,180.00,0.00,OPEN,0
673236.689,0,1,0,1.000,1.000,1.000,-90.00,180.00,0.00,OPEN,0
673236.740,0,1,0,1.000,1.000,1.000,-90.00,180.00,0.00,OPEN,0
673236.789,0,1,0,1.000,1.000,1.000,-90.00,180.00,0.00,OPEN,0
673236.839,0,1,0,1.000,1.000,1.000,-90.00,180.00,0.00,OPEN,0
673236.890,0,1,0,1.000,1.000,1.000,-90.00,180.00,0.00,OPEN,0
673236.939,0,1,0,1.000,1.000,1.000,-90.00,180.00,0.00,OPEN,0
673236.989,0,1,0,1.000,1.000,1.000,-90.00,180.00,0.00,OPEN,0
673237.069,0,1,0,1.000,1.000,1.000,-90.00,180.00,0.00,OPEN,0
673237.094,0,1,0,1.000,1.000,1.000,-90.00,180.00,0.00,OPEN,0
673237.139,0,1,0,1.000,1.000,1.000,-90.00,180.00,0.00,OPEN,0
673237.189,0,0,0,1.000,1.000,1.000,-90.00,180.00,0.00,OPEN,0
673237.239,0,0,0,1.000,1.000,1.000,-90.00,180.00,0.00,OPEN,0
673237.289,0,0,0,1.000,1.000,1.000,-90.00,180.00,0.00,OPEN,0
673237.339,0,0,0,1.000,1.000,1.000,-90.00,180.00,0.00,OPEN,0
673237.389,0,0,0,1.000,1.000,1.000,-90.00,180.00,0.00,OPEN,0
673237.439,0,0,0,1.000,1.000,1.000,-90.00,180.00,0.00,OPEN,0
673237.489,0,0,0,1.000,1.000,1.000,-90.00,180.00,0.00,OPEN,0
673237.539,0,0,0,1.000,1.000,1.000,-90.00,180.00,0.00,OPEN,0
673237.589,0,0,0,1.000,1.000,1.000,-90.00,180.00,0.00,OPEN,0
673237.639,0,0,0,1.000,1.000,1.000,-90.00,180.00,0.00,OPEN,0
673237.690,0,0,0,1.000,1.000,1.000,-90.00,180.00,0.00,OPEN,0
673237.739,0,0,0,1.000,1.000,1.000,-90.00,180.00,0.00,OPEN,0
673237.789,0,0,0,1.000,1.000,1.000,-90.00,180.00,0.00,OPEN,0
673237.839,0,0,0,1.000,1.000,1.000,-90.00,180.00,0.00,OPEN,0
673237.889,0,0,0,1.000,1.000,1.000,-90.00,180.00,0.00,OPEN,0
673237.939,0,0,0,1.000,1.000,1.000,-90.00,180.00,0.00,OPEN,0
673237.989,0,0,0,1.000,1.000,1.000,-90.00,180.00,0.00,OPEN,0
673238.039,0,0,0,1.000,1.000,1.000,-90.00,180.00,0.00,OPEN,0
673238.089,0,0,0,1.000,1.000,1.000,-90.00,180.00,0.00,OPEN,0
673238.139,0,0,0,1.000,1.000,1.000,-90.00,180.00,0.00,OPEN,0
673238.191,0,0,0,1.000,1.000,1.000,-90.00,180.00,0.00,OPEN,0
673238.239,0,0,0,1.000,1.000,1.000,-90.00,180.00,0.00,OPEN,0
673238.289,0,0,0,1.000,1.000,1.000,-90.00,180.00,0.00,OPEN,0
673238.339,0,0,0,1.000,1.000,1.000,-90.00,180.00,0.00,OPEN,0
673238.389,0,0,0,1.000,1.000,1.000,-90.00,180.00,0.00,OPEN,0
673238.439,0,0,0,1.000,1.000,1.000,-90.00,180.00,0.00,OPEN,0
673238.489,0,0,0,1.000,1.000,1.000,-90.00,180.00,0.00,OPEN,0
673238.539,0,0,0,1.000,1.000,1.000,-90.00,180.00,0.00,OPEN,0
673238.589,0,0,0,1.000,1.000,1.000,-90.00,180.00,0.00,OPEN,0
673238.639,0,0,0,1.000,1.000,1.000,-90.00,180.00,0.00,OPEN,0
673238.689,0,0,0,1.000,1.000,1.000,-90.00,180.00,0.00,OPEN,0
673238.739,0,0,0,1.000,1.000,1.000,-90.00,180.00,0.00,OPEN,0
673238.789,0,0,0,1.000,1.000,1.000,-90.00,180.00,0.00,OPEN,0
673238.839,0,0,0,1.000,1.000,1.000,-90.00,180.00,0.00,OPEN,0
673238.890,0,0,0,1.000,1.000,1.000,-90.00,180.00,0.00,OPEN,0
673238.939,0,0,0,1.000,1.000,1.000,-90.00,180.00,0.00,OPEN,0
673238.989,0,0,0,1.000,1.000,1.000,-90.00,180.00,0.00,OPEN,0
673239.039,0,0,0,1.000,1.000,1.000,-90.00,180.00,0.00,OPEN,0
673239.089,0,0,0,1.000,1.000,1.000,-90.00,180.00,0.00,OPEN,0
673239.139,0,0,0,1.000,1.000,1.000,-90.00,180.00,0.00,OPEN,0
673239.190,0,0,0,1.000,1.000,1.000,-90.00,180.00,0.00,OPEN,0
673239.239,0,0,0,1.000,1.000,1.000,-90.00,180.00,0.00,OPEN,0
673239.289,0,0,0,1.000,1.000,1.000,-90.00,180.00,0.00,OPEN,0
673239.339,0,0,0,1.000,1.000,1.000,-90.00,180.00,0.00,OPEN,0
673239.389,0,0,0,1.000,1.000,1.000,-90.00,180.00,0.00,OPEN,0
673239.439,0,0,0,1.000,1.000,1.000,-90.00,180.00,0.00,OPEN,0
673239.489,0,0,0,1.000,1.000,1.000,-90.00,180.00,0.00,OPEN,0
673239.539,0,0,0,1.000,1.000,1.000,-90.00,180.00,0.00,OPEN,0
673239.589,0,0,0,1.000,1.000,1.000,-90.00,180.00,0.00,OPEN,0
673239.639,0,0,0,1.000,1.000,1.000,-90.00,180.00,0.00,OPEN,0
673239.690,0,0,0,1.000,1.000,1.000,-90.00,180.00,0.00,OPEN,0
673239.740,0,0,0,1.000,1.000,1.000,-90.00,180.00,0.00,OPEN,0
673239.789,0,0,0,1.000,1.000,1.000,-90.00,180.00,0.00,OPEN,0
673239.839,0,0,0,1.000,1.000,1.000,-90.00,180.00,0.00,OPEN,0
673239.889,0,0,0,1.000,1.000,1.000,-90.00,180.00,0.00,OPEN,0
673239.940,0,0,0,1.000,1.000,1.000,-90.00,180.00,0.00,OPEN,0
673239.990,0,0,0,1.000,1.000,1.000,-90.00,180.00,0.00,OPEN,0
673240.039,0,0,0,1.000,1.000,1.000,-90.00,180.00,0.00,OPEN,0
673240.088,0,0,0,1.000,1.000,1.000,-90.00,180.00,0.00,OPEN,0
673240.139,0,0,0,1.000,1.000,1.000,-90.00,180.00,0.00,OPEN,0
673240.189,0,0,0,1.000,1.000,1.000,-90.00,180.00,0.00,OPEN,0
673240.239,0,0,0,1.000,1.000,1.000,-90.00,180.00,0.00,OPEN,0
673240.289,0,0,0,1.000,1.000,1.000,-90.00,180.00,0.00,OPEN,0
673240.339,0,0,0,1.000,1.000,1.000,-90.00,180.00,0.00,OPEN,0
673240.388,0,0,0,1.000,1.000,1.000,-90.00,180.00,0.00,OPEN,0
673240.439,0,0,0,1.000,1.000,1.000,-90.00,180.00,0.00,OPEN,0
673240.489,0,0,0,1.000,1.000,1.000,-90.00,180.00,0.00,OPEN,0
673240.540,0,0,0,1.000,1.000,1.000,-90.00,180.00,0.00,OPEN,0
673240.589,0,0,0,1.000,1.000,1.000,-90.00,180.00,0.00,OPEN,0
673240.653,0,0,0,1.000,1.000,1.000,-90.00,180.00,0.00,OPEN,0
673240.691,0,0,0,1.000,1.000,1.000,-90.00,180.00,0.00,OPEN,0
673240.739,0,0,0,1.000,1.000,1.000,-90.00,180.00,0.00,OPEN,0
673240.790,0,0,0,1.000,1.000,1.000,-90.00,180.00,0.00,OPEN,0
673240.839,0,0,0,1.000,1.000,1.000,-90.00,180.00,0.00,OPEN,0
673240.889,0,0,0,1.000,1.000,1.000,-90.00,180.00,0.00,OPEN,0
673240.939,0,0,0,1.000,1.000,1.000,-90.00,180.00,0.00,OPEN,0
673240.989,0,0,0,1.000,1.000,1.000,-90.00,180.00,0.00,OPEN,0
673241.039,0,0,0,1.000,1.000,1.000,-90.00,180.00,0.00,OPEN,0
673241.089,0,0,0,1.000,1.000,1.000,-90.00,180.00,0.00,OPEN,0
673241.138,0,0,0,1.000,1.000,1.000,-90.00,180.00,0.00,OPEN,0
673241.189,0,0,0,1.000,1.000,1.000,-90.00,180.00,0.00,OPEN,0
673241.239,0,0,0,1.000,1.000,1.000,-90.00,180.00,0.00,OPEN,0
673241.289,0,0,0,1.000,1.000,1.000,-90.00,180.00,0.00,OPEN,0
673241.340,0,0,0,1.000,1.000,1.000,-90.00,180.00,0.00,OPEN,0
673241.389,0,0,0,1.000,1.000,1.000,-90.00,180.00,0.00,OPEN,0
673241.438,0,0,0,1.000,1.000,1.000,-90.00,180.00,0.00,OPEN,0
673241.489,0,0,0,1.000,1.000,1.000,-90.00,180.00,0.00,OPEN,0
673241.539,0,0,0,1.000,1.000,1.000,-90.00,180.00,0.00,OPEN,0
673241.589,0,0,0,1.000,1.000,1.000,-90.00,180.00,0.00,OPEN,0
673241.639,0,0,0,1.000,1.000,1.000,-90.00,180.00,0.00,OPEN,0
673241.689,0,0,0,1.000,1.000,1.000,-90.00,180.00,0.00,OPEN,0
673241.739,0,0,0,1.000,1.000,1.000,-90.00,180.00,0.00,OPEN,0
673241.789,0,0,0,1.000,1.000,1.000,-90.00,180.00,0.00,OPEN,0
673241.839,0,0,0,1.000,1.000,1.000,-90.00,180.00,0.00,OPEN,0
673241.889,0,0,0,1.000,1.000,1.000,-90.00,180.00,0.00,OPEN,0
673241.939,0,0,0,1.000,1.000,1.000,-90.00,180.00,0.00,OPEN,0
673241.989,0,0,0,1.000,1.000,1.000,-90.00,180.00,0.00,OPEN,0
673242.039,0,0,0,1.000,1.000,1.000,-90.00,180.00,0.00,OPEN,0
673242.089,0,0,0,1.000,1.000,1.000,-90.00,180.00,0.00,OPEN,0
673242.139,0,0,0,1.000,1.000,1.000,-90.00,180.00,0.00,OPEN,0
673242.189,0,0,0,1.000,1.000,1.000,-90.00,180.00,0.00,OPEN,0
673242.239,0,0,0,1.000,1.000,1.000,-90.00,180.00,0.00,OPEN,0
673242.298,0,0,0,1.000,1.000,1.000,-90.00,180.00,0.00,OPEN,0
673242.340,0,0,0,1.000,1.000,1.000,-90.00,180.00,0.00,OPEN,0
673242.390,0,0,0,1.000,1.000,1.000,-90.00,180.00,0.00,OPEN,0
673242.439,0,0,0,1.000,1.000,1.000,-90.00,180.00,0.00,OPEN,0
673242.489,0,0,0,1.000,1.000,1.000,-90.00,180.00,0.00,OPEN,0
673242.539,0,0,0,1.000,1.000,1.000,-90.00,180.00,0.00,OPEN,0
673242.590,0,0,0,1.000,1.000,1.000,-90.00,180.00,0.00,OPEN,0
673242.639,0,0,0,1.000,1.000,1.000,-90.00,180.00,0.00,OPEN,0
673242.689,0,0,0,1.000,1.000,1.000,-90.00,180.00,0.00,OPEN,0
673242.742,0,0,0,1.000,1.000,1.000,-90.00,180.00,0.00,OPEN,0
673242.790,0,0,0,1.000,1.000,1.000,-90.00,180.00,0.00,OPEN,0
673242.839,0,0,0,1.000,1.000,1.000,-90.00,180.00,0.00,OPEN,0
673242.890,0,0,0,1.000,1.000,1.000,-90.00,180.00,0.00,OPEN,0
673242.939,0,0,0,1.000,1.000,1.000,-90.00,180.00,0.00,OPEN,0
673242.989,0,0,0,1.000,0.999,1.000,-90.00,180.00,0.00,OPEN,0
673243.039,0,0,0,0.991,0.506,1.000,-90.00,180.00,0.00,OPEN,0
673243.088,0,0,0,0.785,0.998,1.000,-90.00,180.00,0.00,OPEN,0
673243.139,0,0,0,0.972,1.000,0.999,-90.00,180.00,0.00,OPEN,0
673243.189,0,0,0,0.925,1.000,0.979,-90.00,180.00,0.00,OPEN,0
673243.239,0,0,0,0.671,1.000,0.670,-90.00,180.00,0.00,OPEN,0
673243.289,0,0,0,0.922,1.000,0.833,-90.00,180.00,0.00,OPEN,0
673243.339,0,0,0,0.996,1.000,0.977,-90.00,180.00,0.00,OPEN,0
673243.389,0,0,0,0.999,1.000,0.996,-90.00,180.00,0.00,OPEN,0
673243.439,0,0,0,1.000,1.000,0.998,-90.00,180.00,0.00,OPEN,0
673243.491,0,0,0,1.000,1.000,0.999,-90.00,180.00,0.00,OPEN,0
673243.540,0,0,0,1.000,1.000,0.999,-90.00,180.00,0.00,OPEN,0
673243.589,0,0,0,1.000,1.000,0.999,-90.00,180.00,0.00,OPEN,0
673243.639,3,0,0,1.000,1.000,1.000,-90.00,180.00,0.00,OPEN,0
673243.709,3,0,0,1.000,1.000,1.000,-90.00,180.00,0.00,OPEN,0
673243.741,3,0,0,1.000,1.000,1.000,-90.00,180.00,0.00,OPEN,0
673243.789,3,0,0,1.000,1.000,1.000,-90.00,180.00,0.00,OPEN,0
673243.839,3,0,0,1.000,1.000,1.000,-90.00,180.00,0.00,OPEN,0
673243.889,3,0,0,1.000,1.000,1.000,-90.00,180.00,0.00,OPEN,0
673243.939,3,1,0,1.000,1.000,1.000,-90.00,180.00,0.00,OPEN,0
673243.989,3,1,0,1.000,0.990,1.000,-90.00,180.00,0.00,OPEN,0
673244.039,3,1,0,1.000,0.982,1.000,-90.00,180.00,0.00,OPEN,0
673244.089,3,1,0,1.000,1.000,1.000,-90.00,180.00,0.00,OPEN,0
673244.139,3,1,1,1.000,1.000,1.000,-90.00,180.00,0.00,OPEN,0
673244.188,3,1,1,1.000,1.000,1.000,-90.00,180.00,0.00,OPEN,0
673244.239,3,1,1,1.000,1.000,1.000,-90.00,180.00,0.00,OPEN,0
673244.289,3,1,1,1.000,1.000,1.000,-90.00,180.00,0.00,OPEN,0
673244.339,3,1,1,1.000,1.000,1.000,-90.00,180.00,0.00,OPEN,0
673244.389,3,1,1,1.000,1.000,1.000,-90.00,180.00,0.00,OPEN,0
673244.439,3,1,1,1.000,1.000,1.000,-90.00,180.00,0.00,OPEN,0
673244.489,3,1,1,1.000,0.616,1.000,-90.00,180.00,0.00,OPEN,0
673244.540,3,1,1,1.000,1.000,1.000,-90.00,180.00,0.00,OPEN,0
673244.589,3,1,1,1.000,1.000,1.000,-90.00,180.00,0.00,OPEN,0
673244.639,3,1,1,1.000,1.000,1.000,-90.00,180.00,0.00,OPEN,0
673244.689,3,1,1,1.000,1.000,1.000,-90.00,180.00,0.00,OPEN,0
673244.739,3,1,1,1.000,1.000,1.000,-90.00,180.00,0.00,OPEN,0
673244.790,3,1,1,1.000,1.000,1.000,-90.00,180.00,0.00,OPEN,0
673244.839,3,1,1,1.000,1.000,1.000,-90.00,180.00,0.00,OPEN,0
673244.889,3,1,1,1.000,1.000,1.000,-90.00,180.00,0.00,OPEN,0
673244.939,3,1,1,1.000,1.000,1.000,-90.00,180.00,0.00,OPEN,0
673244.989,3,1,1,1.000,1.000,1.000,-90.00,180.00,0.00,OPEN,0
673245.040,3,1,1,1.000,1.000,1.000,-90.00,180.00,0.00,OPEN,0
673245.089,3,1,1,1.000,1.000,1.000,-90.00,180.00,0.00,OPEN,0
673245.139,3,1,1,1.000,1.000,1.000,-90.00,180.00,0.00,OPEN,0
673245.189,3,1,1,1.000,1.000,1.000,-90.00,180.00,0.00,OPEN,0
673245.239,3,1,1,1.000,1.000,1.000,-90.00,180.00,0.00,OPEN,0
673245.289,3,1,1,1.000,1.000,1.000,-90.00,180.00,0.00,OPEN,0
673245.339,3,1,1,1.000,1.000,1.000,-90.00,180.00,0.00,OPEN,0
673245.390,3,1,1,1.000,1.000,1.000,-90.00,180.00,0.00,OPEN,0
673245.439,3,1,1,1.000,1.000,1.000,-90.00,180.00,0.00,OPEN,0
673245.489,3,1,1,1.000,1.000,1.000,-90.00,180.00,0.00,OPEN,0
673245.539,3,1,1,1.000,1.000,1.000,-90.00,180.00,0.00,OPEN,0
673245.590,3,1,1,1.000,1.000,1.000,-90.00,180.00,0.00,OPEN,0
673245.639,3,1,1,1.000,1.000,1.000,-90.00,180.00,0.00,OPEN,0
673245.689,3,1,1,1.000,1.000,1.000,-90.00,180.00,0.00,OPEN,0
673245.739,3,1,1,1.000,1.000,1.000,-90.00,180.00,0.00,OPEN,0
673245.789,3,1,1,1.000,1.000,1.000,-90.00,180.00,0.00,OPEN,0
673245.839,3,1,1,1.000,1.000,1.000,-90.00,180.00,0.00,OPEN,0
673245.889,3,1,1,1.000,1.000,1.000,-90.00,180.00,0.00,OPEN,0
673245.939,3,1,1,1.000,1.000,1.000,-90.00,180.00,0.00,OPEN,0
673245.989,3,1,1,1.000,1.000,1.000,-90.00,180.00,0.00,OPEN,0
673246.040,3,1,1,1.000,1.000,1.000,-90.00,180.00,0.00,OPEN,0
673246.089,3,1,1,1.000,1.000,1.000,-90.00,180.00,0.00,OPEN,0
673246.139,3,1,1,1.000,1.000,1.000,-90.00,180.00,0.00,OPEN,0
673246.189,3,1,1,1.000,0.999,1.000,-90.00,180.00,0.00,OPEN,0
673246.239,3,1,1,1.000,0.999,1.000,-90.00,180.00,0.00,OPEN,0
673246.289,3,1,1,1.000,0.997,1.000,-90.00,180.00,0.00,OPEN,0
673246.339,3,1,1,1.000,0.996,1.000,-90.00,180.00,0.00,OPEN,0
673246.389,3,1,1,1.000,0.995,1.000,-90.00,180.00,0.00,OPEN,0
673246.439,3,1,1,1.000,0.996,1.000,-90.00,180.00,0.00,OPEN,0
673246.489,3,1,1,1.000,0.997,1.000,-90.00,180.00,0.00,OPEN,0
673246.539,3,1,1,1.000,0.999,1.000,-90.00,180.00,0.00,OPEN,0
673246.589,3,1,1,1.000,1.000,1.000,-90.00,180.00,0.00,OPEN,0
673246.639,3,1,1,1.000,1.000,1.000,-90.00,180.00,0.00,OPEN,0
673246.689,3,1,1,1.000,1.000,1.000,-90.00,180.00,0.00,OPEN,0
673246.739,3,1,1,1.000,1.000,1.000,-90.00,180.00,0.00,OPEN,0
673246.789,3,1,1,1.000,1.000,1.000,-90.00,180.00,0.00,OPEN,0
673246.854,3,1,1,1.000,1.000,1.000,-90.00,180.00,0.00,OPEN,0
673246.895,3,1,1,1.000,1.000,1.000,-90.00,180.00,0.00,OPEN,0
673246.939,3,1,1,1.000,1.000,1.000,-90.00,180.00,0.00,OPEN,0
673246.989,3,1,1,1.000,1.000,1.000,-90.00,180.00,0.00,OPEN,0
673247.039,3,1,1,1.000,1.000,1.000,-90.00,180.00,0.00,OPEN,0
673247.089,3,1,1,1.000,1.000,1.000,-90.00,180.00,0.00,OPEN,0
673247.139,3,1,1,1.000,1.000,1.000,-90.00,180.00,0.00,OPEN,0
673247.189,3,1,1,1.000,1.000,1.000,-90.00,180.00,0.00,OPEN,0
673247.239,3,1,1,1.000,1.000,1.000,-90.00,180.00,0.00,OPEN,0
673247.289,3,1,1,1.000,1.000,1.000,-90.00,180.00,0.00,OPEN,0
673247.340,3,1,1,1.000,1.000,1.000,-90.00,180.00,0.00,OPEN,0
673247.389,3,1,1,1.000,1.000,1.000,-90.00,180.00,0.00,OPEN,0
673247.440,3,1,1,1.000,1.000,1.000,-90.00,180.00,0.00,OPEN,0
673247.489,3,1,1,1.000,1.000,1.000,-90.00,180.00,0.00,OPEN,0
673247.539,3,1,1,1.000,1.000,1.000,-90.00,180.00,0.00,OPEN,0
673247.589,3,1,1,1.000,1.000,1.000,-90.00,180.00,0.00,OPEN,0
673247.641,3,1,1,1.000,1.000,1.000,-90.00,180.00,0.00,OPEN,0
673247.689,3,1,1,1.000,1.000,1.000,-90.00,180.00,0.00,OPEN,0
673247.739,3,1,1,1.000,1.000,1.000,-90.00,180.00,0.00,OPEN,0
673247.788,3,1,1,1.000,1.000,1.000,-90.00,180.00,0.00,OPEN,0
673247.839,3,1,1,1.000,1.000,1.000,-90.00,180.00,0.00,OPEN,0
673247.889,3,1,1,1.000,1.000,1.000,-90.00,180.00,0.00,OPEN,0
673247.939,3,1,1,1.000,1.000,1.000,-90.00,180.00,0.00,OPEN,0
673247.989,3,1,1,1.000,1.000,1.000,-90.00,180.00,0.00,OPEN,0
673248.039,3,1,1,1.000,1.000,1.000,-90.00,180.00,0.00,OPEN,0
673248.089,3,1,1,1.000,1.000,1.000,-90.00,180.00,0.00,OPEN,0
673248.140,3,1,1,1.000,1.000,1.000,-90.00,180.00,0.00,OPEN,0
673248.190,3,1,1,1.000,1.000,1.000,-90.00,180.00,0.00,OPEN,0
673248.239,3,1,1,1.000,1.000,1.000,-90.00,180.00,0.00,OPEN,0
673248.289,3,1,1,1.000,1.000,1.000,-90.00,180.00,0.00,OPEN,0
673248.338,3,1,1,1.000,1.000,1.000,-90.00,180.00,0.00,OPEN,0
673248.389,3,1,1,1.000,1.000,1.000,-90.00,180.00,0.00,OPEN,0
673248.440,3,1,1,1.000,1.000,1.000,-90.00,180.00,0.00,OPEN,0
673248.489,3,1,1,1.000,1.000,1.000,-90.00,180.00,0.00,OPEN,0
673248.540,3,1,1,1.000,1.000,1.000,-90.00,180.00,0.00,OPEN,0
673248.589,3,1,1,1.000,1.000,1.000,-90.00,180.00,0.00,OPEN,0
673248.639,3,1,1,1.000,1.000,1.000,-90.00,180.00,0.00,OPEN,0
673248.689,3,1,1,1.000,1.000,1.000,-90.00,180.00,0.00,OPEN,0
673248.739,3,1,1,1.000,1.000,1.000,-90.00,180.00,0.00,OPEN,0
673248.789,3,1,1,1.000,1.000,1.000,-90.00,180.00,0.00,OPEN,0
673248.839,3,1,1,1.000,1.000,1.000,-90.00,180.00,0.00,OPEN,0
673248.889,3,1,1,1.000,1.000,1.000,-90.00,180.00,0.00,OPEN,0
673248.939,3,1,1,1.000,1.000,1.000,-90.00,180.00,0.00,OPEN,0
673248.989,3,1,1,1.000,1.000,1.000,-90.00,180.00,0.00,OPEN,0
673249.039,3,1,1,1.000,1.000,1.000,-90.00,180.00,0.00,OPEN,0
673249.089,3,1,1,1.000,1.000,1.000,-90.00,180.00,0.00,OPEN,0
673249.138,3,1,1,0.999,1.000,1.000,-90.00,180.00,0.00,OPEN,0
673249.189,3,1,1,0.995,1.000,1.000,-90.00,180.00,0.00,OPEN,0
673249.239,3,1,1,0.952,1.000,1.000,-90.00,180.00,0.00,OPEN,0
673249.290,3,1,1,0.647,1.000,1.000,-90.00,180.00,0.00,OPEN,0
673249.339,3,1,1,0.832,1.000,1.000,-90.00,180.00,0.00,OPEN,0
673249.389,3,1,1,0.908,1.000,1.000,-90.00,180.00,0.00,OPEN,0
673249.439,3,1,1,0.963,1.000,1.000,-90.00,180.00,0.00,OPEN,0
673249.490,3,1,1,0.981,1.000,1.000,-90.00,180.00,0.00,OPEN,0
673249.539,3,1,1,0.995,1.000,1.000,-90.00,180.00,0.00,OPEN,0
673249.589,3,1,1,0.994,0.999,1.000,-90.00,180.00,0.00,OPEN,0
673249.639,3,1,1,0.992,0.869,0.999,-90.00,180.00,0.00,OPEN,0
673249.689,0,1,1,0.981,0.960,0.993,-90.00,180.00,0.00,OPEN,0
673249.743,0,1,1,0.976,0.998,0.970,-90.00,180.00,0.00,OPEN,0
673249.792,0,1,1,0.971,0.999,0.927,-90.00,180.00,0.00,OPEN,0
673249.839,0,1,1,0.974,0.999,0.661,-90.00,180.00,0.00,OPEN,0
673249.890,0,1,1,0.974,0.997,1.000,-90.00,180.00,0.00,OPEN,0
673249.939,0,1,1,0.983,1.000,1.000,-90.00,180.00,0.00,OPEN,0
673249.989,0,1,1,0.985,1.000,1.000,-90.00,180.00,0.00,OPEN,0
673250.040,0,1,1,0.996,1.000,1.000,-90.00,180.00,0.00,OPEN,0
673250.090,0,1,1,0.999,1.000,1.000,-90.00,180.00,0.00,OPEN,0
673250.140,0,1,1,1.000,1.000,1.000,-90.00,180.00,0.00,OPEN,0
673250.189,0,1,1,1.000,1.000,1.000,-90.00,180.00,0.00,OPEN,0
673250.239,0,1,1,1.000,1.000,1.000,-90.00,180.00,0.00,OPEN,0
673250.290,0,1,1,1.000,1.000,1.000,-90.00,180.00,0.00,OPEN,0
673250.339,0,1,1,1.000,1.000,1.000,-90.00,180.00,0.00,OPEN,0
673250.389,0,1,1,1.000,1.000,1.000,-90.00,180.00,0.00,OPEN,0
673250.439,0,1,1,1.000,1.000,1.000,-90.00,180.00,0.00,OPEN,0
673250.489,0,1,1,1.000,1.000,1.000,-90.00,180.00,0.00,OPEN,0
673250.540,0,0,1,1.000,1.000,1.000,-90.00,180.00,0.00,OPEN,0
673250.589,0,0,1,1.000,1.000,1.000,-90.00,180.00,0.00,OPEN,0
673250.639,0,0,1,1.000,1.000,1.000,-90.00,180.00,0.00,OPEN,0
673250.689,0,0,1,1.000,1.000,1.000,-90.00,180.00,0.00,OPEN,0
673250.739,0,0,0,1.000,1.000,1.000,-90.00,180.00,0.00,OPEN,0
673250.789,0,0,0,1.000,1.000,1.000,-90.00,180.00,0.00,OPEN,0
673250.839,0,0,0,1.000,0.977,0.685,-90.00,180.00,0.00,OPEN,0
673250.890,0,0,0,1.000,0.900,0.555,-90.00,180.00,0.00,OPEN,0
673250.939,0,0,0,1.000,0.650,0.737,-90.00,180.00,0.00,OPEN,0
673250.989,0,0,0,1.000,0.994,0.970,-90.00,180.00,0.00,OPEN,0
673251.039,0,0,0,1.000,1.000,0.996,-90.00,180.00,0.00,OPEN,0
673251.089,0,0,0,1.000,1.000,0.999,-90.00,180.00,0.00,OPEN,0
673251.139,0,0,0,1.000,1.000,1.000,-90.00,180.00,0.00,OPEN,0
673251.189,0,0,0,1.000,1.000,1.000,-90.00,180.00,0.00,OPEN,0
673251.239,0,0,0,1.000,1.000,1.000,-90.00,180.00,0.00,OPEN,0
673251.290,0,0,0,1.000,1.000,1.000,-90.00,180.00,0.00,OPEN,0
673251.339,0,0,0,1.000,1.000,1.000,-90.00,180.00,0.00,OPEN,0
673251.389,0,0,0,1.000,1.000,0.999,-90.00,180.00,0.00,OPEN,0
673251.439,0,0,0,1.000,1.000,0.996,-90.00,180.00,0.00,OPEN,0
673251.489,0,0,0,1.000,1.000,0.988,-90.00,180.00,0.00,OPEN,0
673251.540,0,0,0,1.000,1.000,0.976,-90.00,180.00,0.00,OPEN,0
673251.589,0,0,0,1.000,1.000,0.955,-90.00,180.00,0.00,OPEN,0
673251.639,0,0,0,1.000,1.000,0.960,-90.00,180.00,0.00,OPEN,0
673251.689,0,0,0,1.000,1.000,0.982,-90.00,180.00,0.00,OPEN,0
673251.739,0,0,0,1.000,1.000,0.993,-90.00,180.00,0.00,OPEN,0
673251.790,0,0,0,1.000,1.000,0.997,-90.00,180.00,0.00,OPEN,0
673251.839,0,0,0,1.000,1.000,0.997,-90.00,180.00,0.00,OPEN,0
673251.889,0,0,0,1.000,1.000,0.999,-90.00,180.00,0.00,OPEN,0
673251.940,0,0,0,1.000,1.000,1.000,-90.00,180.00,0.00,OPEN,0
673251.990,0,0,0,1.000,1.000,1.000,-90.00,180.00,0.00,OPEN,0
673252.039,0,0,0,1.000,1.000,1.000,-90.00,180.00,0.00,OPEN,0
673252.089,0,0,0,1.000,1.000,1.000,-90.00,180.00,0.00,OPEN,0
673252.140,0,0,0,1.000,1.000,1.000,-90.00,180.00,0.00,OPEN,0
673252.189,0,0,0,1.000,1.000,1.000,-90.00,180.00,0.00,OPEN,0
673252.240,0,0,0,1.000,1.000,1.000,-90.00,180.00,0.00,OPEN,0
673252.290,0,0,0,1.000,1.000,1.000,-90.00,180.00,0.00,OPEN,0
673252.339,0,0,0,1.000,1.000,1.000,-90.00,180.00,0.00,OPEN,0
673252.389,0,0,0,1.000,1.000,1.000,-90.00,180.00,0.00,OPEN,0
673252.439,0,0,0,1.000,1.000,1.000,-90.00,180.00,0.00,OPEN,0
673252.489,0,0,0,1.000,1.000,1.000,-90.00,180.00,0.00,OPEN,0
673252.540,0,0,0,1.000,1.000,1.000,-90.00,180.00,0.00,OPEN,0
673252.590,0,0,0,1.000,1.000,0.999,-90.00,180.00,0.00,OPEN,0
673252.639,0,0,0,1.000,1.000,0.998,-90.00,180.00,0.00,OPEN,0
673252.689,0,0,0,1.000,1.000,0.995,-90.00,180.00,0.00,OPEN,0
673252.739,0,0,0,1.000,1.000,0.989,-90.00,180.00,0.00,OPEN,0
673252.789,0,0,0,1.000,1.000,0.978,-90.00,180.00,0.00,OPEN,0
673252.840,0,0,0,1.000,1.000,0.973,-90.00,180.00,0.00,OPEN,0
673252.890,0,0,0,1.000,1.000,0.977,-90.00,180.00,0.00,OPEN,0
673252.939,0,0,0,0.999,1.000,0.990,-90.00,180.00,0.00,OPEN,0
673252.989,0,0,0,0.999,1.000,0.994,-90.00,180.00,0.00,OPEN,0
673253.039,0,0,0,0.999,1.000,0.996,-90.00,180.00,0.00,OPEN,0
673253.089,0,0,0,0.998,1.000,0.998,-90.00,180.00,0.00,OPEN,0
673253.165,0,0,0,1.000,1.000,0.999,-90.00,180.00,0.00,OPEN,0
673253.191,0,0,0,1.000,1.000,0.999,-90.00,180.00,0.00,OPEN,0
673253.239,0,0,0,1.000,1.000,0.999,-90.00,180.00,0.00,OPEN,0
673253.289,0,0,0,1.000,1.000,0.999,-90.00,180.00,0.00,OPEN,0
673253.339,0,0,0,1.000,1.000,1.000,-90.00,180.00,0.00,OPEN,0
673253.389,0,0,0,1.000,1.000,1.000,-90.00,180.00,0.00,OPEN,0
673253.439,0,0,0,1.000,1.000,1.000,-90.00,180.00,0.00,OPEN,0
673253.489,0,0,0,1.000,1.000,1.000,-90.00,180.00,0.00,OPEN,0
673253.540,0,0,0,1.000,1.000,1.000,-90.00,180.00,0.00,OPEN,0
673253.588,0,0,0,1.000,1.000,1.000,-90.00,180.00,0.00,OPEN,0
673253.639,0,0,0,1.000,1.000,1.000,-90.00,180.00,0.00,OPEN,0
673253.688,0,0,0,1.000,1.000,1.000,-90.00,180.00,0.00,OPEN,0
673253.739,0,0,0,1.000,1.000,1.000,-90.00,180.00,0.00,OPEN,0
673253.789,0,0,0,1.000,1.000,1.000,-90.00,180.00,0.00,OPEN,0
673253.839,0,0,0,1.000,1.000,0.997,-90.00,180.00,0.00,OPEN,0
673253.889,0,0,0,1.000,1.000,0.994,-90.00,180.00,0.00,OPEN,0
673253.939,0,0,0,1.000,1.000,0.995,-90.00,180.00,0.00,OPEN,0
673253.989,0,0,0,1.000,1.000,0.995,-90.00,180.00,0.00,OPEN,0
673254.040,0,0,0,1.000,1.000,0.998,-90.00,180.00,0.00,OPEN,0
673254.089,0,0,0,1.000,1.000,0.999,-90.00,180.00,0.00,OPEN,0
673254.140,0,0,0,1.000,1.000,1.000,-90.00,180.00,0.00,OPEN,0
673254.189,0,0,0,1.000,1.000,1.000,-90.00,180.00,0.00,OPEN,0
673254.240,0,0,0,1.000,1.000,1.000,-90.00,180.00,0.00,OPEN,0
673254.289,0,0,0,1.000,1.000,1.000,-90.00,180.00,0.00,OPEN,0
673254.339,0,0,0,1.000,1.000,1.000,-90.00,180.00,0.00,OPEN,0
673254.389,0,0,0,1.000,1.000,1.000,-90.00,180.00,0.00,OPEN,0
673254.439,0,0,0,1.000,1.000,0.999,-90.00,180.00,0.00,OPEN,0
673254.490,0,0,0,1.000,1.000,0.999,-90.00,180.00,0.00,OPEN,0
673254.539,0,0,0,1.000,1.000,0.999,-90.00,180.00,0.00,OPEN,0
673254.589,0,0,0,1.000,1.000,0.995,-90.00,180.00,0.00,OPEN,0
673254.639,0,0,0,1.000,1.000,0.995,-90.00,180.00,0.00,OPEN,0
673254.689,0,0,0,1.000,1.000,0.996,-90.00,180.00,0.00,OPEN,0
673254.740,0,0,0,1.000,1.000,0.998,-90.00,180.00,0.00,OPEN,0
673254.790,0,0,0,1.000,1.000,0.998,-90.00,180.00,0.00,OPEN,0
673254.839,0,0,0,1.000,0.999,0.998,-90.00,180.00,0.00,OPEN,0
673254.889,0,0,0,1.000,0.999,0.999,-90.00,180.00,0.00,OPEN,0
673254.939,0,0,0,1.000,0.998,0.998,-90.00,180.00,0.00,OPEN,0
673254.989,0,0,0,1.000,0.998,0.996,-90.00,180.00,0.00,OPEN,0
673255.039,0,0,0,1.000,1.000,0.998,-90.00,180.00,0.00,OPEN,0
673255.089,0,0,0,1.000,1.000,1.000,-90.00,180.00,0.00,OPEN,0
673255.139,0,0,0,1.000,1.000,1.000,-90.00,180.00,0.00,OPEN,0
673255.189,0,0,0,1.000,1.000,1.000,-90.00,180.00,0.00,OPEN,0
673255.239,0,0,0,1.000,1.000,1.000,-90.00,180.00,0.00,OPEN,0
673255.289,0,0,0,1.000,1.000,1.000,-90.00,180.00,0.00,OPEN,0
673255.353,0,0,0,1.000,1.000,1.000,-90.00,180.00,0.00,OPEN,0
673255.393,0,0,0,1.000,1.000,1.000,-90.00,180.00,0.00,OPEN,0
673255.439,0,0,0,1.000,1.000,1.000,-90.00,180.00,0.00,OPEN,0
673255.489,0,0,0,1.000,1.000,1.000,-90.00,180.00,0.00,OPEN,0
673255.539,0,0,0,1.000,1.000,1.000,-90.00,180.00,0.00,OPEN,0
673255.588,0,0,0,1.000,1.000,1.000,-90.00,180.00,0.00,OPEN,0
673255.639,0,0,0,1.000,1.000,1.000,-90.00,180.00,0.00,OPEN,0
673255.689,0,0,0,1.000,1.000,1.000,-90.00,180.00,0.00,OPEN,0
673255.739,0,0,0,1.000,1.000,1.000,-90.00,180.00,0.00,OPEN,0
673255.789,0,0,0,1.000,1.000,1.000,-90.00,180.00,0.00,OPEN,0
673255.839,0,0,0,1.000,1.000,1.000,-90.00,180.00,0.00,OPEN,0
673255.889,0,0,0,1.000,1.000,1.000,-90.00,180.00,0.00,OPEN,0
673255.940,0,0,0,1.000,1.000,1.000,-90.00,180.00,0.00,OPEN,0
673255.990,0,0,0,1.000,1.000,1.000,-90.00,180.00,0.00,OPEN,0
673256.039,0,0,0,1.000,1.000,1.000,-90.00,180.00,0.00,OPEN,0
673256.089,0,0,0,1.000,1.000,1.000,-90.00,180.00,0.00,OPEN,0
673256.140,0,0,0,1.000,1.000,1.000,-90.00,180.00,0.00,OPEN,0
673256.190,0,0,0,1.000,1.000,0.999,-90.00,180.00,0.00,OPEN,0
673256.239,0,0,0,1.000,1.000,0.999,-90.00,180.00,0.00,OPEN,0
673256.289,0,0,0,1.000,1.000,0.998,-90.00,180.00,0.00,OPEN,0
673256.339,0,0,0,1.000,1.000,0.996,-90.00,180.00,0.00,OPEN,0
673256.389,0,0,0,1.000,1.000,0.996,-90.00,180.00,0.00,OPEN,0
673256.440,0,0,0,1.000,1.000,0.996,-90.00,180.00,0.00,OPEN,0
673256.489,0,0,0,1.000,1.000,0.997,-90.00,180.00,0.00,OPEN,0
673256.539,0,0,0,1.000,1.000,0.998,-90.00,180.00,0.00,OPEN,0
673256.589,0,0,0,1.000,1.000,0.999,-90.00,180.00,0.00,OPEN,0
673256.639,0,0,0,1.000,1.000,1.000,-90.00,180.00,0.00,OPEN,0
673256.689,0,0,0,1.000,1.000,1.000,-90.00,180.00,0.00,OPEN,0
673256.739,0,0,0,1.000,1.000,1.000,-90.00,180.00,0.00,OPEN,0
673256.789,0,0,0,1.000,1.000,1.000,-90.00,180.00,0.00,OPEN,0
673256.839,0,0,0,1.000,1.000,1.000,-90.00,180.00,0.00,OPEN,0
673256.889,0,0,0,1.000,1.000,1.000,-90.00,180.00,0.00,OPEN,0
673256.939,0,0,0,1.000,1.000,1.000,-90.00,180.00,0.00,OPEN,0
673256.990,0,0,0,1.000,1.000,1.000,-90.00,180.00,0.00,OPEN,0
673257.058,0,0,0,1.000,1.000,1.000,-90.00,180.00,0.00,OPEN,0
673257.096,0,0,0,1.000,1.000,1.000,-90.00,180.00,0.00,OPEN,0
673257.139,0,0,0,1.000,1.000,1.000,-90.00,180.00,0.00,OPEN,0
673257.190,0,0,0,1.000,1.000,1.000,-90.00,180.00,0.00,OPEN,0
673257.240,0,0,0,1.000,1.000,1.000,-90.00,180.00,0.00,OPEN,0
673257.289,0,0,0,1.000,1.000,1.000,-90.00,180.00,0.00,OPEN,0
673257.340,0,0,0,1.000,1.000,1.000,-90.00,180.00,0.00,OPEN,0
673257.390,0,0,0,1.000,1.000,1.000,-90.00,180.00,0.00,OPEN,0
673257.439,0,0,0,1.000,1.000,1.000,-90.00,180.00,0.00,OPEN,0
