t,hand,elbow,shoulder,p_hand,p_elbow,p_shoulder,J2,J3,J6,grip_state,cmd_sent
669665.481,0,0,0,0.981,1.000,0.999,-90.00,180.00,0.00,OPEN,0
669665.503,0,0,0,0.997,1.000,0.999,-90.00,180.00,0.00,OPEN,0
669665.509,0,0,0,1.000,1.000,0.998,-90.00,180.00,0.00,OPEN,0
669665.517,0,0,0,1.000,1.000,0.999,-90.00,180.00,0.00,OPEN,0
669665.524,0,0,0,1.000,1.000,0.999,-90.00,180.00,0.00,OPEN,0
669665.528,0,0,0,1.000,1.000,0.999,-90.00,180.00,0.00,OPEN,0
669665.532,0,0,0,1.000,1.000,0.999,-90.00,180.00,0.00,OPEN,0
669665.536,0,0,0,1.000,1.000,0.999,-90.00,180.00,0.00,OPEN,0
669665.540,0,0,0,1.000,1.000,0.999,-90.00,180.00,0.00,OPEN,0
669665.550,0,0,0,1.000,1.000,0.999,-90.00,180.00,0.00,OPEN,0
669665.554,0,0,0,1.000,1.000,0.999,-90.00,180.00,0.00,OPEN,0
669665.557,0,0,0,1.000,1.000,0.998,-90.00,180.00,0.00,OPEN,0
669665.561,0,0,0,1.000,1.000,0.998,-90.00,180.00,0.00,OPEN,0
669665.566,0,0,0,1.000,1.000,0.998,-90.00,180.00,0.00,OPEN,0
669665.574,0,0,0,1.000,1.000,0.996,-90.00,180.00,0.00,OPEN,0
669665.582,0,0,0,1.000,1.000,0.995,-90.00,180.00,0.00,OPEN,0
669665.587,0,0,0,1.000,1.000,0.997,-90.00,180.00,0.00,OPEN,0
669665.591,0,0,0,1.000,1.000,0.996,-90.00,180.00,0.00,OPEN,0
669665.595,0,0,0,1.000,1.000,0.997,-90.00,180.00,0.00,OPEN,0
669665.599,0,0,0,1.000,1.000,0.997,-90.00,180.00,0.00,OPEN,0
669665.605,0,0,0,1.000,1.000,0.992,-90.00,180.00,0.00,OPEN,0
669665.609,0,0,0,1.000,1.000,0.988,-90.00,180.00,0.00,OPEN,0
669665.613,0,0,0,1.000,1.000,0.972,-90.00,180.00,0.00,OPEN,0
669665.617,0,0,0,1.000,1.000,0.994,-90.00,180.00,0.00,OPEN,0
669665.620,0,0,0,1.000,1.000,0.996,-90.00,180.00,0.00,OPEN,0
669665.624,0,0,0,1.000,1.000,0.993,-90.00,180.00,0.00,OPEN,0
669665.627,0,0,0,1.000,1.000,0.994,-90.00,180.00,0.00,OPEN,0
669665.631,0,0,0,1.000,1.000,0.993,-90.00,180.00,0.00,OPEN,0
669665.635,0,0,0,1.000,1.000,0.994,-90.00,180.00,0.00,OPEN,0
669665.644,0,0,0,1.000,1.000,0.985,-90.00,180.00,0.00,OPEN,0
669665.648,0,0,0,1.000,1.000,0.889,-90.00,180.00,0.00,OPEN,0
669665.653,0,0,0,1.000,1.000,0.814,-90.00,180.00,0.00,OPEN,0
669665.657,0,0,0,1.000,1.000,0.943,-90.00,180.00,0.00,OPEN,0
669665.660,0,0,0,1.000,1.000,0.984,-90.00,180.00,0.00,OPEN,0
669665.665,0,0,0,1.000,1.000,0.991,-90.00,180.00,0.00,OPEN,0
669665.669,0,0,0,1.000,1.000,0.992,-90.00,180.00,0.00,OPEN,0
669665.673,0,0,0,1.000,1.000,0.995,-90.00,180.00,0.00,OPEN,0
669665.676,0,0,0,1.000,1.000,0.996,-90.00,180.00,0.00,OPEN,0
669665.680,0,0,0,1.000,1.000,0.998,-90.00,180.00,0.00,OPEN,0
669665.687,0,0,0,1.000,1.000,0.998,-90.00,180.00,0.00,OPEN,0
669665.691,0,0,0,1.000,1.000,0.997,-90.00,180.00,0.00,OPEN,0
669665.701,0,0,0,1.000,1.000,0.994,-90.00,180.00,0.00,OPEN,0
669665.709,0,0,0,1.000,1.000,0.994,-90.00,180.00,0.00,OPEN,0
669665.715,0,0,0,1.000,1.000,0.993,-90.00,180.00,0.00,OPEN,0
669665.723,0,0,0,1.000,1.000,0.989,-90.00,180.00,0.00,OPEN,0
669665.726,0,0,0,1.000,1.000,0.981,-90.00,180.00,0.00,OPEN,0
669665.730,0,0,0,1.000,1.000,0.978,-90.00,180.00,0.00,OPEN,0
669665.734,0,0,0,1.000,1.000,0.983,-90.00,180.00,0.00,OPEN,0
669665.738,0,0,0,1.000,1.000,0.993,-90.00,180.00,0.00,OPEN,0
669665.745,0,0,0,1.000,1.000,0.992,-90.00,180.00,0.00,OPEN,0
669665.749,0,0,0,1.000,1.000,0.992,-90.00,180.00,0.00,OPEN,0
669665.753,0,0,0,1.000,1.000,0.989,-90.00,180.00,0.00,OPEN,0
669665.761,0,0,0,1.000,1.000,0.988,-90.00,180.00,0.00,OPEN,0
669665.765,0,0,0,1.000,1.000,0.957,-90.00,180.00,0.00,OPEN,0
669665.773,0,0,0,1.000,1.000,0.920,-90.00,180.00,0.00,OPEN,0
669665.777,0,0,0,1.000,1.000,0.942,-90.00,180.00,0.00,OPEN,0
669665.784,0,0,0,1.000,1.000,0.936,-90.00,180.00,0.00,OPEN,0
669665.789,0,0,0,1.000,1.000,0.935,-90.00,180.00,0.00,OPEN,0
669665.794,0,0,0,1.000,1.000,0.911,-90.00,180.00,0.00,OPEN,0
669665.798,0,0,0,1.000,1.000,0.908,-90.00,180.00,0.00,OPEN,0
669665.803,0,0,0,1.000,1.000,0.968,-90.00,180.00,0.00,OPEN,0
669665.808,0,0,0,1.000,1.000,0.969,-90.00,180.00,0.00,OPEN,0
669665.811,0,0,0,1.000,1.000,0.981,-90.00,180.00,0.00,OPEN,0
669665.816,0,0,0,1.000,1.000,0.995,-90.00,180.00,0.00,OPEN,0
669665.821,0,0,0,1.000,1.000,0.996,-90.00,180.00,0.00,OPEN,0
669665.826,0,0,0,1.000,1.000,0.996,-90.00,180.00,0.00,OPEN,0
669665.829,0,0,0,1.000,1.000,0.994,-90.00,180.00,0.00,OPEN,0
669665.834,0,0,0,1.000,1.000,0.990,-90.00,180.00,0.00,OPEN,0
669665.838,0,0,0,1.000,1.000,0.986,-90.00,180.00,0.00,OPEN,0
669665.841,0,0,0,1.000,1.000,0.987,-90.00,180.00,0.00,OPEN,0
669665.845,0,0,0,1.000,1.000,0.982,-90.00,180.00,0.00,OPEN,0
669665.849,0,0,0,1.000,1.000,0.978,-90.00,180.00,0.00,OPEN,0
669665.853,0,0,0,1.000,1.000,0.983,-90.00,180.00,0.00,OPEN,0
669665.858,0,0,0,1.000,1.000,0.988,-90.00,180.00,0.00,OPEN,0
669665.862,0,0,0,1.000,1.000,0.994,-90.00,180.00,0.00,OPEN,0
669665.866,0,0,0,1.000,1.000,0.994,-90.00,180.00,0.00,OPEN,0
669665.870,0,0,0,1.000,1.000,0.990,-90.00,180.00,0.00,OPEN,0
669665.879,0,0,0,1.000,1.000,0.991,-90.00,180.00,0.00,OPEN,0
669665.882,0,0,0,1.000,1.000,0.989,-90.00,180.00,0.00,OPEN,0
669665.886,0,0,0,1.000,1.000,0.986,-90.00,180.00,0.00,OPEN,0
669665.890,0,0,0,1.000,1.000,0.985,-90.00,180.00,0.00,OPEN,0
669665.897,0,0,0,1.000,1.000,0.981,-90.00,180.00,0.00,OPEN,0
669665.902,0,0,0,1.000,1.000,0.979,-90.00,180.00,0.00,OPEN,0
669665.906,0,0,0,1.000,1.000,0.988,-90.00,180.00,0.00,OPEN,0
669665.910,0,0,0,1.000,1.000,0.987,-90.00,180.00,0.00,OPEN,0
669665.915,0,0,0,1.000,1.000,0.987,-90.00,180.00,0.00,OPEN,0
669665.918,0,0,0,1.000,1.000,0.987,-90.00,180.00,0.00,OPEN,0
669665.926,0,0,0,1.000,1.000,0.990,-90.00,180.00,0.00,OPEN,0
669665.930,0,0,0,1.000,1.000,0.994,-90.00,180.00,0.00,OPEN,0
669665.934,0,0,0,1.000,1.000,0.989,-90.00,180.00,0.00,OPEN,0
669665.938,0,0,0,1.000,1.000,0.987,-90.00,180.00,0.00,OPEN,0
669665.946,0,0,0,1.000,1.000,0.987,-90.00,180.00,0.00,OPEN,0
669665.951,0,0,0,1.000,1.000,0.990,-90.00,180.00,0.00,OPEN,0
669665.955,0,0,0,1.000,1.000,0.981,-90.00,180.00,0.00,OPEN,0
669665.962,0,0,0,1.000,1.000,0.979,-90.00,180.00,0.00,OPEN,0
669665.966,0,0,0,1.000,1.000,0.985,-90.00,180.00,0.00,OPEN,0
669665.970,0,0,0,1.000,1.000,1.000,-90.00,180.00,0.00,OPEN,0
669665.974,0,0,0,1.000,1.000,1.000,-90.00,180.00,0.00,OPEN,0
669665.978,0,0,0,1.000,1.000,1.000,-90.00,180.00,0.00,OPEN,0
669665.985,0,0,0,1.000,1.000,1.000,-90.00,180.00,0.00,OPEN,0
669665.989,0,0,0,1.000,1.000,1.000,-90.00,180.00,0.00,OPEN,0
669665.993,0,0,0,1.000,1.000,1.000,-90.00,180.00,0.00,OPEN,0
669665.997,0,0,0,1.000,1.000,1.000,-90.00,180.00,0.00,OPEN,0
669666.002,0,0,0,1.000,1.000,1.000,-90.00,180.00,0.00,OPEN,0
669666.006,0,0,0,1.000,1.000,1.000,-90.00,180.00,0.00,OPEN,0
669666.011,0,0,0,1.000,1.000,1.000,-90.00,180.00,0.00,OPEN,0
669666.015,0,0,0,1.000,1.000,1.000,-90.00,180.00,0.00,OPEN,0
669666.019,0,0,0,1.000,1.000,1.000,-90.00,180.00,0.00,OPEN,0
669666.024,0,0,0,1.000,1.000,1.000,-90.00,180.00,0.00,OPEN,0
669666.031,0,0,0,1.000,1.000,1.000,-90.00,180.00,0.00,OPEN,0
669666.041,0,0,0,1.000,1.000,1.000,-90.00,180.00,0.00,OPEN,0
669666.049,0,0,0,1.000,1.000,1.000,-90.00,180.00,0.00,OPEN,0
669666.058,0,0,0,1.000,1.000,1.000,-90.00,180.00,0.00,OPEN,0
669666.066,0,0,0,1.000,1.000,1.000,-90.00,180.00,0.00,OPEN,0
669666.074,0,0,0,1.000,1.000,0.924,-90.00,180.00,0.00,OPEN,0
669666.083,1,0,0,1.000,1.000,0.700,-90.00,180.00,4.50,OPEN,1
669666.093,1,0,0,1.000,1.000,0.790,-90.00,180.00,4.50,OPEN,0
669666.101,1,0,0,1.000,1.000,1.000,-90.00,180.00,4.50,OPEN,0
669666.109,1,0,0,1.000,1.000,1.000,-90.00,180.00,4.50,OPEN,0
669666.115,1,0,0,1.000,1.000,1.000,-90.00,180.00,4.50,OPEN,0
669666.119,1,0,0,0.773,1.000,1.000,-90.00,180.00,4.50,OPEN,0
669666.122,1,0,0,1.000,1.000,1.000,-90.00,180.00,4.50,OPEN,0
669666.126,1,0,0,1.000,1.000,1.000,-90.00,180.00,4.50,OPEN,0
669666.129,1,0,0,1.000,1.000,1.000,-90.00,180.00,4.50,OPEN,0
669666.133,1,0,0,1.000,1.000,1.000,-90.00,180.00,4.50,OPEN,0
669666.139,1,0,0,1.000,1.000,1.000,-90.00,180.00,4.50,OPEN,0
669666.143,1,0,0,1.000,1.000,1.000,-90.00,180.00,4.50,OPEN,0
669666.147,1,0,0,1.000,0.522,0.982,-90.00,180.00,4.50,OPEN,0
669666.151,0,0,0,1.000,0.998,0.732,-90.00,180.00,4.50,OPEN,0
669666.155,0,0,0,1.000,1.000,0.598,-90.00,180.00,4.50,OPEN,0
669666.159,0,0,0,1.000,1.000,0.546,-90.00,180.00,4.50,OPEN,0
669666.165,0,0,0,1.000,1.000,0.600,-90.00,180.00,4.50,OPEN,0
669666.176,0,0,0,1.000,1.000,0.996,-90.00,180.00,4.50,OPEN,0
669666.181,0,0,0,1.000,1.000,0.976,-90.00,180.00,4.50,OPEN,0
669666.186,0,0,0,1.000,1.000,0.959,-90.00,180.00,4.50,OPEN,0
669666.191,0,0,0,1.000,1.000,0.984,-90.00,180.00,4.50,OPEN,0
669666.196,0,0,0,1.000,0.992,0.988,-90.00,180.00,4.50,OPEN,0
669666.200,0,0,0,1.000,0.973,0.978,-90.00,180.00,4.50,OPEN,0
669666.205,0,0,0,1.000,0.743,0.999,-90.00,180.00,4.50,OPEN,0
669666.214,0,0,0,1.000,1.000,1.000,-90.00,180.00,4.50,OPEN,0
669666.220,0,0,0,1.000,1.000,0.995,-90.00,180.00,4.50,OPEN,0
669666.224,0,0,0,1.000,0.810,0.803,-90.00,180.00,4.50,OPEN,0
669666.228,0,0,0,1.000,0.977,0.574,-90.00,180.00,4.50,OPEN,0
669666.235,0,0,0,1.000,0.949,0.637,-90.00,180.00,4.50,OPEN,0
669666.239,0,0,0,1.000,0.778,0.794,-90.00,180.00,4.50,OPEN,0
669666.247,0,0,0,1.000,0.995,0.992,-90.00,180.00,4.50,OPEN,0
669666.251,0,0,0,1.000,1.000,1.000,-90.00,180.00,4.50,OPEN,0
669666.255,0,0,0,1.000,1.000,1.000,-90.00,180.00,4.50,OPEN,0
669666.259,0,0,0,1.000,1.000,1.000,-90.00,180.00,4.50,OPEN,0
669666.263,0,0,0,1.000,1.000,1.000,-90.00,180.00,4.50,OPEN,0
669666.270,0,0,0,1.000,1.000,1.000,-90.00,180.00,4.50,OPEN,0
669666.274,0,0,0,1.000,1.000,1.000,-90.00,180.00,4.50,OPEN,0
669666.282,0,0,0,1.000,1.000,1.000,-90.00,180.00,4.50,OPEN,0
669666.286,0,0,0,1.000,1.000,0.956,-90.00,180.00,4.50,OPEN,0
669666.290,0,0,0,1.000,1.000,0.562,-90.00,180.00,4.50,OPEN,0
669666.295,0,0,0,1.000,1.000,1.000,-90.00,180.00,4.50,OPEN,0
669666.300,0,0,0,1.000,1.000,1.000,-90.00,180.00,4.50,OPEN,0
669666.304,0,0,0,1.000,1.000,1.000,-90.00,180.00,4.50,OPEN,0
669666.308,0,0,0,1.000,1.000,1.000,-90.00,180.00,4.50,OPEN,0
669666.317,0,0,0,1.000,1.000,1.000,-90.00,180.00,4.50,OPEN,0
669666.322,0,0,0,1.000,1.000,1.000,-90.00,180.00,4.50,OPEN,0
669666.331,0,0,0,1.000,1.000,1.000,-90.00,180.00,4.50,OPEN,0
669666.339,0,0,0,1.000,1.000,1.000,-90.00,180.00,4.50,OPEN,0
669666.347,0,0,0,1.000,1.000,1.000,-90.00,180.00,4.50,OPEN,0
669666.353,0,0,0,1.000,1.000,1.000,-90.00,180.00,4.50,OPEN,0
669666.361,0,0,0,1.000,1.000,1.000,-90.00,180.00,4.50,OPEN,0
669666.369,0,0,0,1.000,1.000,1.000,-90.00,180.00,4.50,OPEN,0
669666.377,0,0,0,1.000,1.000,1.000,-90.00,180.00,4.50,OPEN,0
669666.385,0,0,0,1.000,1.000,1.000,-90.00,180.00,4.50,OPEN,0
669666.389,0,0,0,1.000,1.000,1.000,-90.00,180.00,4.50,OPEN,0
669666.394,0,0,0,1.000,1.000,1.000,-90.00,180.00,4.50,OPEN,0
669666.402,0,0,0,1.000,1.000,1.000,-90.00,180.00,4.50,OPEN,0
669666.411,0,0,0,1.000,0.999,1.000,-90.00,180.00,4.50,OPEN,0
669666.417,0,0,0,1.000,0.847,0.986,-90.00,180.00,4.50,OPEN,0
669666.422,0,0,0,1.000,1.000,0.759,-90.00,180.00,4.50,OPEN,0
669666.425,0,0,0,1.000,1.000,0.965,-90.00,180.00,4.50,OPEN,0
669666.429,0,0,0,1.000,1.000,0.994,-90.00,180.00,4.50,OPEN,0
669666.433,0,0,0,1.000,1.000,0.994,-90.00,180.00,4.50,OPEN,0
669666.437,0,0,0,1.000,1.000,0.993,-90.00,180.00,4.50,OPEN,0
669666.442,0,0,0,1.000,1.000,0.991,-90.00,180.00,4.50,OPEN,0
669666.452,0,0,0,1.000,1.000,0.987,-90.00,180.00,4.50,OPEN,0
669666.461,0,0,0,1.000,1.000,0.991,-90.00,180.00,4.50,OPEN,0
669666.469,0,0,0,1.000,1.000,0.995,-90.00,180.00,4.50,OPEN,0
669666.477,0,0,0,1.000,1.000,0.993,-90.00,180.00,4.50,OPEN,0
669666.484,0,0,0,1.000,1.000,0.985,-90.00,180.00,4.50,OPEN,0
669666.488,0,0,0,1.000,1.000,0.981,-90.00,180.00,4.50,OPEN,0
669666.491,0,0,0,1.000,1.000,0.991,-90.00,180.00,4.50,OPEN,0
669666.495,0,0,0,1.000,1.000,0.989,-90.00,180.00,4.50,OPEN,0
669666.499,0,0,0,1.000,1.000,0.980,-90.00,180.00,4.50,OPEN,0
669666.503,0,0,0,1.000,1.000,0.959,-90.00,180.00,4.50,OPEN,0
669666.507,0,0,0,1.000,1.000,0.587,-90.00,180.00,4.50,OPEN,0
669666.511,0,0,0,1.000,1.000,0.505,-90.00,180.00,4.50,OPEN,0
669666.516,0,0,0,1.000,1.000,0.514,-90.00,180.00,4.50,OPEN,0
669666.520,0,0,0,1.000,1.000,0.504,-90.00,180.00,4.50,OPEN,0
669666.528,0,0,0,1.000,1.000,0.527,-90.00,180.00,4.50,OPEN,0
669666.532,0,0,0,1.000,1.000,0.761,-90.00,180.00,4.50,OPEN,0
669666.537,0,0,0,1.000,1.000,0.892,-90.00,180.00,4.50,OPEN,0
669666.541,0,0,0,1.000,1.000,0.929,-90.00,180.00,4.50,OPEN,0
669666.544,0,0,0,1.000,1.000,0.940,-90.00,180.00,4.50,OPEN,0
669666.548,0,0,0,1.000,1.000,0.913,-90.00,180.00,4.50,OPEN,0
669666.556,0,0,0,1.000,1.000,0.912,-90.00,180.00,4.50,OPEN,0
669666.559,0,0,0,1.000,1.000,0.848,-90.00,180.00,4.50,OPEN,0
669666.563,0,0,0,1.000,1.000,0.874,-90.00,180.00,4.50,OPEN,0
669666.567,0,0,0,1.000,1.000,0.876,-90.00,180.00,4.50,OPEN,0
669666.571,0,0,0,1.000,1.000,0.909,-90.00,180.00,4.50,OPEN,0
669666.577,0,0,0,1.000,1.000,0.925,-90.00,180.00,4.50,OPEN,0
669666.581,0,0,0,1.000,1.000,0.970,-90.00,180.00,4.50,OPEN,0
669666.585,0,0,0,1.000,1.000,0.980,-90.00,180.00,4.50,OPEN,0
669666.588,0,0,0,1.000,1.000,0.982,-90.00,180.00,4.50,OPEN,0
669666.597,0,0,0,1.000,1.000,0.990,-90.00,180.00,4.50,OPEN,0
669666.600,0,0,0,1.000,1.000,0.993,-90.00,180.00,4.50,OPEN,0
669666.605,0,0,0,1.000,1.000,0.991,-90.00,180.00,4.50,OPEN,0
669666.614,0,0,0,1.000,1.000,0.993,-90.00,180.00,4.50,OPEN,0
669666.618,0,0,0,1.000,1.000,0.995,-90.00,180.00,4.50,OPEN,0
669666.622,0,0,0,1.000,1.000,0.995,-90.00,180.00,4.50,OPEN,0
669666.625,0,0,0,1.000,1.000,0.996,-90.00,180.00,4.50,OPEN,0
669666.629,0,0,0,1.000,1.000,0.997,-90.00,180.00,4.50,OPEN,0
669666.633,0,0,0,1.000,1.000,0.988,-90.00,180.00,4.50,OPEN,0
669666.638,0,0,0,1.000,1.000,0.949,-90.00,180.00,4.50,OPEN,0
669666.641,0,0,0,1.000,1.000,0.769,-90.00,180.00,4.50,OPEN,0
669666.645,0,0,0,1.000,1.000,0.682,-90.00,180.00,4.50,OPEN,0
669666.649,0,0,0,1.000,1.000,0.598,-90.00,180.00,4.50,OPEN,0
669666.659,0,0,0,1.000,1.000,0.619,-90.00,180.00,4.50,OPEN,0
669666.664,0,0,0,1.000,1.000,0.518,-90.00,180.00,4.50,OPEN,0
669666.671,0,0,0,1.000,1.000,0.527,-90.00,180.00,4.50,OPEN,0
669666.675,0,0,0,1.000,1.000,0.560,-90.00,180.00,4.50,OPEN,0
669666.685,0,0,0,1.000,1.000,0.534,-90.00,180.00,4.50,OPEN,0
669666.694,0,0,0,1.000,1.000,0.687,-90.00,180.00,4.50,OPEN,0
669666.698,0,0,0,1.000,1.000,0.702,-90.00,180.00,4.50,OPEN,0
669666.702,0,0,0,1.000,1.000,0.818,-90.00,180.00,4.50,OPEN,0
669666.711,0,0,0,1.000,1.000,0.739,-90.00,180.00,4.50,OPEN,0
669666.715,0,0,0,1.000,1.000,0.771,-90.00,180.00,4.50,OPEN,0
669666.719,0,0,0,1.000,1.000,0.750,-90.00,180.00,4.50,OPEN,0
669666.723,0,0,0,1.000,1.000,0.721,-90.00,180.00,4.50,OPEN,0
669666.727,0,0,0,1.000,1.000,0.617,-90.00,180.00,4.50,OPEN,0
669666.730,0,0,0,1.000,1.000,0.580,-90.00,180.00,4.50,OPEN,0
669666.734,0,0,0,1.000,1.000,0.666,-90.00,180.00,4.50,OPEN,0
669666.739,0,0,0,1.000,1.000,0.615,-90.00,180.00,4.50,OPEN,0
669666.742,0,0,0,1.000,1.000,0.527,-90.00,180.00,4.50,OPEN,0
669666.746,0,0,0,1.000,1.000,0.607,-90.00,180.00,4.50,OPEN,0
669666.753,0,0,0,1.000,1.000,0.608,-90.00,180.00,4.50,OPEN,0
669666.760,0,0,0,1.000,1.000,0.708,-90.00,180.00,4.50,OPEN,0
669666.766,0,0,0,1.000,1.000,0.855,-90.00,180.00,4.50,OPEN,0
669666.770,0,0,0,1.000,1.000,0.816,-90.00,180.00,4.50,OPEN,0
669666.774,0,0,0,1.000,1.000,0.858,-90.00,180.00,4.50,OPEN,0
669666.778,0,0,0,1.000,1.000,0.850,-90.00,180.00,4.50,OPEN,0
669666.782,0,0,0,1.000,1.000,0.653,-90.00,180.00,4.50,OPEN,0
669666.786,0,0,0,1.000,1.000,0.612,-90.00,180.00,4.50,OPEN,0
669666.790,0,0,0,1.000,1.000,0.638,-90.00,180.00,4.50,OPEN,0
669666.794,0,0,0,1.000,1.000,0.707,-90.00,180.00,4.50,OPEN,0
669666.798,0,0,0,1.000,1.000,0.766,-90.00,180.00,4.50,OPEN,0
669666.802,0,0,0,1.000,1.000,0.682,-90.00,180.00,4.50,OPEN,0
669666.807,0,0,0,1.000,1.000,0.505,-90.00,180.00,4.50,OPEN,0
669666.812,0,0,0,1.000,1.000,0.640,-90.00,180.00,4.50,OPEN,0
669666.816,0,0,0,1.000,1.000,0.733,-90.00,180.00,4.50,OPEN,0
669666.820,0,0,0,1.000,1.000,1.000,-90.00,180.00,4.50,OPEN,0
669666.827,0,0,0,1.000,1.000,1.000,-90.00,180.00,4.50,OPEN,0
669666.833,0,0,0,1.000,1.000,1.000,-90.00,180.00,4.50,OPEN,0
669666.836,0,0,0,1.000,1.000,1.000,-90.00,180.00,4.50,OPEN,0
669666.844,0,0,0,1.000,1.000,1.000,-90.00,180.00,4.50,OPEN,0
669666.848,0,0,0,1.000,1.000,1.000,-90.00,180.00,4.50,OPEN,0
669666.856,0,0,0,1.000,1.000,1.000,-90.00,180.00,4.50,OPEN,0
669666.865,0,0,0,1.000,1.000,1.000,-90.00,180.00,4.50,OPEN,0
669666.869,0,0,0,1.000,1.000,1.000,-90.00,180.00,4.50,OPEN,0
669666.873,0,0,0,1.000,1.000,1.000,-90.00,180.00,4.50,OPEN,0
669666.879,0,0,0,0.984,1.000,1.000,-90.00,180.00,4.50,OPEN,0
669666.886,0,0,0,0.985,1.000,1.000,-90.00,180.00,4.50,OPEN,0
669666.891,0,0,0,0.968,1.000,1.000,-90.00,180.00,4.50,OPEN,0
669666.895,0,0,0,0.966,1.000,1.000,-90.00,180.00,4.50,OPEN,0
669666.899,0,0,0,0.962,1.000,1.000,-90.00,180.00,4.50,OPEN,0
669666.903,0,0,0,0.957,1.000,1.000,-90.00,180.00,4.50,OPEN,0
669666.907,0,0,0,0.937,1.000,1.000,-90.00,180.00,4.50,OPEN,0
669666.911,0,0,0,0.984,1.000,1.000,-90.00,180.00,4.50,OPEN,0
669666.915,0,0,0,0.999,1.000,1.000,-90.00,180.00,4.50,OPEN,0
669666.919,0,0,0,1.000,1.000,1.000,-90.00,180.00,4.50,OPEN,0
669666.923,0,0,0,1.000,0.985,0.999,-90.00,180.00,4.50,OPEN,0
669666.927,0,0,0,1.000,1.000,1.000,-90.00,180.00,4.50,OPEN,0
669666.931,0,0,0,1.000,1.000,1.000,-90.00,180.00,4.50,OPEN,0
669666.935,0,0,0,1.000,0.997,1.000,-90.00,180.00,4.50,OPEN,0
669666.939,2,0,0,1.000,1.000,1.000,-90.00,180.00,0.00,OPEN,1
669666.943,2,0,0,1.000,1.000,1.000,-90.00,180.00,0.00,OPEN,0
669666.947,2,0,0,1.000,1.000,1.000,-90.00,180.00,0.00,OPEN,0
669666.952,2,0,0,1.000,1.000,1.000,-90.00,180.00,0.00,OPEN,0
669666.956,2,0,0,1.000,0.996,0.988,-90.00,180.00,0.00,OPEN,0
669666.960,2,0,0,1.000,0.999,0.980,-90.00,180.00,0.00,OPEN,0
669666.963,2,0,0,1.000,0.999,0.977,-90.00,180.00,0.00,OPEN,0
669666.967,2,0,0,1.000,0.998,0.962,-90.00,180.00,0.00,OPEN,0
669666.971,2,0,0,1.000,0.958,0.800,-90.00,180.00,0.00,OPEN,0
669666.974,2,0,0,1.000,1.000,0.998,-90.00,180.00,0.00,OPEN,0
669666.978,2,0,0,1.000,1.000,1.000,-90.00,180.00,0.00,OPEN,0
669666.982,2,0,0,1.000,1.000,1.000,-90.00,180.00,0.00,OPEN,0
669666.985,2,0,0,1.000,1.000,1.000,-90.00,180.00,0.00,OPEN,0
669666.990,2,0,0,1.000,1.000,1.000,-90.00,180.00,0.00,OPEN,0
669666.994,2,0,0,1.000,1.000,1.000,-90.00,180.00,0.00,OPEN,0
669666.997,2,0,0,1.000,1.000,1.000,-90.00,180.00,0.00,OPEN,0
669667.001,2,0,0,1.000,1.000,1.000,-90.00,180.00,0.00,OPEN,0
669667.005,2,0,0,1.000,1.000,1.000,-90.00,180.00,0.00,OPEN,0
669667.009,2,0,0,1.000,1.000,1.000,-90.00,180.00,0.00,OPEN,0
669667.013,2,0,0,1.000,1.000,1.000,-90.00,180.00,0.00,OPEN,0
669667.020,2,0,0,1.000,1.000,1.000,-90.00,180.00,0.00,OPEN,0
669667.024,2,0,0,1.000,1.000,1.000,-90.00,180.00,0.00,OPEN,0
669667.029,2,0,0,1.000,1.000,1.000,-90.00,180.00,0.00,OPEN,0
669667.036,2,0,0,1.000,1.000,1.000,-90.00,180.00,0.00,OPEN,0
669667.044,2,0,0,1.000,1.000,1.000,-90.00,180.00,-4.50,OPEN,1
669667.048,2,0,0,1.000,1.000,1.000,-90.00,180.00,-4.50,OPEN,0
669667.051,2,0,0,1.000,1.000,1.000,-90.00,180.00,-4.50,OPEN,0
669667.055,2,0,0,1.000,1.000,1.000,-90.00,180.00,-4.50,OPEN,0
669667.063,2,0,0,1.000,1.000,1.000,-90.00,180.00,-4.50,OPEN,0
669667.067,2,0,0,1.000,1.000,1.000,-90.00,180.00,-4.50,OPEN,0
669667.075,2,0,0,1.000,1.000,1.000,-90.00,180.00,-4.50,OPEN,0
669667.080,2,0,0,1.000,1.000,1.000,-90.00,180.00,-4.50,OPEN,0
669667.083,2,0,0,1.000,1.000,1.000,-90.00,180.00,-4.50,OPEN,0
669667.091,2,0,0,1.000,1.000,1.000,-90.00,180.00,-4.50,OPEN,0
669667.099,2,0,0,1.000,1.000,1.000,-90.00,180.00,-4.50,OPEN,0
669667.107,2,0,0,1.000,1.000,1.000,-90.00,180.00,-4.50,OPEN,0
669667.115,2,0,0,1.000,1.000,1.000,-90.00,180.00,-4.50,OPEN,0
669667.120,2,0,0,1.000,1.000,1.000,-90.00,180.00,-4.50,OPEN,0
669667.124,2,0,0,1.000,1.000,1.000,-90.00,180.00,-4.50,OPEN,0
669667.128,2,0,0,1.000,1.000,1.000,-90.00,180.00,-4.50,OPEN,0
669667.135,2,0,0,1.000,1.000,1.000,-90.00,180.00,-4.50,OPEN,0
669667.139,2,0,0,1.000,1.000,1.000,-90.00,180.00,-4.50,OPEN,0
669667.144,2,0,0,1.000,1.000,1.000,-90.00,180.00,-9.00,OPEN,1
669667.148,2,0,0,1.000,1.000,1.000,-90.00,180.00,-9.00,OPEN,0
669667.152,2,0,0,1.000,1.000,1.000,-90.00,180.00,-9.00,OPEN,0
669667.156,2,0,0,1.000,1.000,1.000,-90.00,180.00,-9.00,OPEN,0
669667.160,2,0,0,1.000,1.000,1.000,-90.00,180.00,-9.00,OPEN,0
669667.164,2,0,0,1.000,1.000,1.000,-90.00,180.00,-9.00,OPEN,0
669667.168,2,0,0,1.000,1.000,1.000,-90.00,180.00,-9.00,OPEN,0
669667.172,2,0,0,1.000,1.000,1.000,-90.00,180.00,-9.00,OPEN,0
669667.176,2,0,0,1.000,1.000,1.000,-90.00,180.00,-9.00,OPEN,0
669667.184,2,0,0,1.000,1.000,1.000,-90.00,180.00,-9.00,OPEN,0
669667.189,2,0,0,1.000,1.000,1.000,-90.00,180.00,-9.00,OPEN,0
669667.197,2,0,0,1.000,1.000,1.000,-90.00,180.00,-9.00,OPEN,0
669667.201,2,0,0,1.000,1.000,1.000,-90.00,180.00,-9.00,OPEN,0
669667.204,2,0,0,1.000,1.000,1.000,-90.00,180.00,-9.00,OPEN,0
669667.208,2,0,0,1.000,1.000,1.000,-90.00,180.00,-9.00,OPEN,0
669667.212,2,0,0,1.000,1.000,1.000,-90.00,180.00,-9.00,OPEN,0
669667.216,2,0,0,1.000,1.000,1.000,-90.00,180.00,-9.00,OPEN,0
669667.223,2,0,0,1.000,1.000,1.000,-90.00,180.00,-9.00,OPEN,0
669667.226,2,0,0,1.000,1.000,1.000,-90.00,180.00,-9.00,OPEN,0
669667.231,2,0,0,1.000,1.000,1.000,-90.00,180.00,-9.00,OPEN,0
669667.242,2,0,0,1.000,1.000,1.000,-90.00,180.00,-9.00,OPEN,0
669667.246,2,0,0,1.000,1.000,1.000,-90.00,180.00,-13.50,OPEN,1
669667.250,2,0,0,1.000,1.000,1.000,-90.00,180.00,-13.50,OPEN,0
669667.254,2,0,0,1.000,1.000,1.000,-90.00,180.00,-13.50,OPEN,0
669667.262,2,0,0,1.000,1.000,1.000,-90.00,180.00,-13.50,OPEN,0
669667.266,2,0,0,1.000,1.000,1.000,-90.00,180.00,-13.50,OPEN,0
669667.270,2,0,0,1.000,1.000,1.000,-90.00,180.00,-13.50,OPEN,0
669667.274,2,0,0,1.000,1.000,1.000,-90.00,180.00,-13.50,OPEN,0
669667.282,2,0,0,1.000,1.000,1.000,-90.00,180.00,-13.50,OPEN,0
669667.287,2,0,0,1.000,1.000,1.000,-90.00,180.00,-13.50,OPEN,0
669667.291,2,0,0,1.000,1.000,1.000,-90.00,180.00,-13.50,OPEN,0
669667.300,2,0,0,1.000,1.000,1.000,-90.00,180.00,-13.50,OPEN,0
669667.305,2,0,0,1.000,1.000,1.000,-90.00,180.00,-13.50,OPEN,0
669667.315,2,0,0,1.000,1.000,1.000,-90.00,180.00,-13.50,OPEN,0
669667.319,2,0,0,1.000,1.000,1.000,-90.00,180.00,-13.50,OPEN,0
669667.323,2,0,0,1.000,1.000,1.000,-90.00,180.00,-13.50,OPEN,0
669667.328,2,0,0,1.000,1.000,1.000,-90.00,180.00,-13.50,OPEN,0
669667.332,2,0,0,1.000,1.000,1.000,-90.00,180.00,-13.50,OPEN,0
669667.336,2,0,0,1.000,1.000,1.000,-90.00,180.00,-13.50,OPEN,0
669667.340,2,0,0,1.000,1.000,1.000,-90.00,180.00,-13.50,OPEN,0
669667.344,2,0,0,1.000,1.000,1.000,-90.00,180.00,-13.50,OPEN,0
669667.348,2,0,0,1.000,1.000,1.000,-90.00,180.00,-18.00,OPEN,1
669667.352,2,0,0,1.000,1.000,1.000,-90.00,180.00,-18.00,OPEN,0
669667.360,2,0,0,1.000,1.000,1.000,-90.00,180.00,-18.00,OPEN,0
669667.364,2,0,0,1.000,1.000,1.000,-90.00,180.00,-18.00,OPEN,0
669667.368,2,0,0,1.000,1.000,1.000,-90.00,180.00,-18.00,OPEN,0
669667.372,2,0,0,1.000,1.000,1.000,-90.00,180.00,-18.00,OPEN,0
669667.377,2,0,0,1.000,1.000,1.000,-90.00,180.00,-18.00,OPEN,0
669667.381,2,0,0,1.000,1.000,1.000,-90.00,180.00,-18.00,OPEN,0
669667.385,2,0,0,1.000,1.000,1.000,-90.00,180.00,-18.00,OPEN,0
669667.390,2,0,0,1.000,1.000,1.000,-90.00,180.00,-18.00,OPEN,0
669667.393,2,0,0,1.000,1.000,1.000,-90.00,180.00,-18.00,OPEN,0
669667.402,2,0,0,1.000,1.000,1.000,-90.00,180.00,-18.00,OPEN,0
669667.412,2,0,0,1.000,1.000,1.000,-90.00,180.00,-18.00,OPEN,0
669667.421,2,0,0,1.000,1.000,1.000,-90.00,180.00,-18.00,OPEN,0
669667.429,2,0,0,1.000,1.000,1.000,-90.00,180.00,-18.00,OPEN,0
669667.437,2,0,0,1.000,1.000,1.000,-90.00,180.00,-18.00,OPEN,0
669667.447,2,0,0,1.000,1.000,1.000,-90.00,180.00,-18.00,OPEN,0
669667.455,2,0,0,1.000,1.000,1.000,-90.00,180.00,-22.50,OPEN,1
669667.464,2,0,0,1.000,1.000,1.000,-90.00,180.00,-22.50,OPEN,0
669667.472,2,0,0,1.000,1.000,1.000,-90.00,180.00,-22.50,OPEN,0
669667.481,2,0,0,1.000,1.000,1.000,-90.00,180.00,-22.50,OPEN,0
669667.491,2,0,0,1.000,1.000,1.000,-90.00,180.00,-22.50,OPEN,0
669667.499,2,0,0,1.000,1.000,1.000,-90.00,180.00,-22.50,OPEN,0
669667.508,2,0,0,1.000,1.000,1.000,-90.00,180.00,-22.50,OPEN,0
669667.518,2,0,0,1.000,1.000,1.000,-90.00,180.00,-22.50,OPEN,0
669667.526,2,0,0,1.000,1.000,1.000,-90.00,180.00,-22.50,OPEN,0
669667.534,2,0,0,1.000,1.000,1.000,-90.00,180.00,-22.50,OPEN,0
669667.542,2,0,0,1.000,1.000,1.000,-90.00,180.00,-22.50,OPEN,0
669667.550,2,0,0,0.999,1.000,1.000,-90.00,180.00,-22.50,OPEN,0
669667.559,2,0,0,0.998,1.000,1.000,-90.00,180.00,-27.00,OPEN,1
669667.567,2,0,0,0.994,1.000,1.000,-90.00,180.00,-27.00,OPEN,0
669667.579,2,0,0,0.963,1.000,1.000,-90.00,180.00,-27.00,OPEN,0
669667.590,2,0,0,0.904,1.000,1.000,-90.00,180.00,-27.00,OPEN,0
669667.597,2,0,0,0.723,1.000,1.000,-90.00,180.00,-27.00,OPEN,0
669667.606,2,0,0,0.684,1.000,1.000,-90.00,180.00,-27.00,OPEN,0
669667.614,2,0,0,0.927,1.000,1.000,-90.00,180.00,-27.00,OPEN,0
669667.623,2,0,0,0.966,1.000,1.000,-90.00,180.00,-27.00,OPEN,0
669667.631,2,0,0,0.999,1.000,1.000,-90.00,180.00,-27.00,OPEN,0
669667.640,2,0,0,1.000,1.000,1.000,-90.00,180.00,-27.00,OPEN,0
669667.649,2,0,0,1.000,1.000,1.000,-90.00,180.00,-27.00,OPEN,0
669667.658,2,0,0,1.000,1.000,1.000,-90.00,180.00,-27.00,OPEN,0
669667.666,2,0,0,1.000,1.000,1.000,-90.00,180.00,-31.50,OPEN,1
669667.674,0,0,0,1.000,1.000,1.000,-90.00,180.00,-31.50,OPEN,0
669667.682,0,0,0,1.000,1.000,1.000,-90.00,180.00,-31.50,OPEN,0
669667.694,0,0,0,1.000,1.000,1.000,-90.00,180.00,-31.50,OPEN,0
669667.707,0,0,0,1.000,1.000,1.000,-90.00,180.00,-31.50,OPEN,0
669667.724,0,0,0,1.000,1.000,1.000,-90.00,180.00,-31.50,OPEN,0
669667.735,0,0,0,1.000,1.000,1.000,-90.00,180.00,-31.50,OPEN,0
669667.751,0,0,0,1.000,1.000,1.000,-90.00,180.00,-31.50,OPEN,0
669667.765,0,0,0,1.000,1.000,1.000,-90.00,180.00,-31.50,OPEN,0
669667.775,0,0,0,1.000,1.000,1.000,-90.00,180.00,-31.50,OPEN,0
669667.785,0,0,0,1.000,1.000,1.000,-90.00,180.00,-31.50,OPEN,0
669667.794,0,0,0,1.000,1.000,1.000,-90.00,180.00,-31.50,OPEN,0
669667.804,0,0,0,1.000,1.000,1.000,-90.00,180.00,-31.50,OPEN,0
669667.813,0,0,0,1.000,1.000,1.000,-90.00,180.00,-31.50,OPEN,0
669667.822,0,0,0,1.000,1.000,1.000,-90.00,180.00,-31.50,OPEN,0
669667.832,0,0,0,1.000,1.000,1.000,-90.00,180.00,-31.50,OPEN,0
669667.840,0,0,0,1.000,1.000,1.000,-90.00,180.00,-31.50,OPEN,0
669667.849,0,0,0,1.000,1.000,1.000,-90.00,180.00,-31.50,OPEN,0
669667.858,0,0,0,1.000,1.000,1.000,-90.00,180.00,-31.50,OPEN,0
669667.866,0,0,0,1.000,1.000,1.000,-90.00,180.00,-31.50,OPEN,0
669667.874,0,0,0,1.000,1.000,1.000,-90.00,180.00,-31.50,OPEN,0
669667.884,0,0,0,1.000,1.000,1.000,-90.00,180.00,-31.50,OPEN,0
669667.892,0,0,0,1.000,1.000,1.000,-90.00,180.00,-31.50,OPEN,0
669667.897,0,0,0,1.000,1.000,1.000,-90.00,180.00,-31.50,OPEN,0
669667.901,0,0,0,1.000,1.000,1.000,-90.00,180.00,-31.50,OPEN,0
669667.909,0,0,0,1.000,1.000,1.000,-90.00,180.00,-31.50,OPEN,0
669667.919,0,0,0,1.000,1.000,1.000,-90.00,180.00,-31.50,OPEN,0
669667.928,0,0,0,1.000,1.000,1.000,-90.00,180.00,-31.50,OPEN,0
669667.937,0,0,0,1.000,1.000,1.000,-90.00,180.00,-31.50,OPEN,0
669667.946,0,0,0,1.000,1.000,1.000,-90.00,180.00,-31.50,OPEN,0
669667.955,0,0,0,1.000,1.000,1.000,-90.00,180.00,-31.50,OPEN,0
669667.964,0,0,0,1.000,1.000,1.000,-90.00,180.00,-31.50,OPEN,0
669667.974,0,0,0,1.000,1.000,1.000,-90.00,180.00,-31.50,OPEN,0
669667.982,0,0,0,1.000,1.000,1.000,-90.00,180.00,-31.50,OPEN,0
669667.991,0,0,0,1.000,1.000,1.000,-90.00,180.00,-31.50,OPEN,0
669667.999,0,0,0,1.000,1.000,1.000,-90.00,180.00,-31.50,OPEN,0
669668.007,0,0,0,1.000,1.000,1.000,-90.00,180.00,-31.50,OPEN,0
669668.016,0,0,0,1.000,1.000,1.000,-90.00,180.00,-31.50,OPEN,0
669668.024,0,0,0,1.000,1.000,1.000,-90.00,180.00,-31.50,OPEN,0
669668.032,0,0,0,1.000,1.000,1.000,-90.00,180.00,-31.50,OPEN,0
669668.040,0,0,0,1.000,1.000,1.000,-90.00,180.00,-31.50,OPEN,0
669668.048,0,0,0,1.000,1.000,1.000,-90.00,180.00,-31.50,OPEN,0
669668.056,0,0,0,1.000,1.000,1.000,-90.00,180.00,-31.50,OPEN,0
669668.064,0,0,0,1.000,1.000,1.000,-90.00,180.00,-31.50,OPEN,0
669668.072,0,0,0,1.000,1.000,1.000,-90.00,180.00,-31.50,OPEN,0
669668.081,0,0,0,1.000,1.000,1.000,-90.00,180.00,-31.50,OPEN,0
669668.089,0,0,0,1.000,1.000,1.000,-90.00,180.00,-31.50,OPEN,0
669668.098,0,0,0,1.000,1.000,1.000,-90.00,180.00,-31.50,OPEN,0
669668.106,0,0,0,1.000,1.000,1.000,-90.00,180.00,-31.50,OPEN,0
669668.111,0,0,0,1.000,1.000,1.000,-90.00,180.00,-31.50,OPEN,0
669668.119,0,0,0,1.000,1.000,1.000,-90.00,180.00,-31.50,OPEN,0
669668.126,0,0,0,1.000,1.000,1.000,-90.00,180.00,-31.50,OPEN,0
669668.135,0,0,0,1.000,1.000,1.000,-90.00,180.00,-31.50,OPEN,0
669668.144,0,0,0,1.000,1.000,1.000,-90.00,180.00,-31.50,OPEN,0
669668.153,0,0,0,1.000,1.000,1.000,-90.00,180.00,-31.50,OPEN,0
669668.162,0,0,0,1.000,1.000,1.000,-90.00,180.00,-31.50,OPEN,0
669668.170,0,0,0,1.000,1.000,1.000,-90.00,180.00,-31.50,OPEN,0
669668.179,0,0,0,1.000,1.000,1.000,-90.00,180.00,-31.50,OPEN,0
669668.188,0,0,0,1.000,1.000,1.000,-90.00,180.00,-31.50,OPEN,0
669668.197,0,0,0,1.000,1.000,1.000,-90.00,180.00,-31.50,OPEN,0
669668.201,0,0,0,1.000,1.000,1.000,-90.00,180.00,-31.50,OPEN,0
669668.207,0,0,0,1.000,1.000,1.000,-90.00,180.00,-31.50,OPEN,0
669668.217,0,0,0,1.000,1.000,1.000,-90.00,180.00,-31.50,OPEN,0
669668.226,0,0,0,1.000,1.000,1.000,-90.00,180.00,-31.50,OPEN,0
669668.236,0,0,0,1.000,1.000,1.000,-90.00,180.00,-31.50,OPEN,0
669668.244,0,0,0,1.000,1.000,1.000,-90.00,180.00,-31.50,OPEN,0
669668.253,0,0,0,1.000,1.000,1.000,-90.00,180.00,-31.50,OPEN,0
669668.262,0,0,0,1.000,1.000,1.000,-90.00,180.00,-31.50,OPEN,0
669668.272,0,0,0,1.000,1.000,1.000,-90.00,180.00,-31.50,OPEN,0
669668.280,0,0,0,1.000,1.000,1.000,-90.00,180.00,-31.50,OPEN,0
669668.290,0,0,0,1.000,1.000,1.000,-90.00,180.00,-31.50,OPEN,0
669668.297,0,0,0,1.000,1.000,1.000,-90.00,180.00,-31.50,OPEN,0
669668.307,0,0,0,1.000,1.000,1.000,-90.00,180.00,-31.50,OPEN,0
669668.316,0,0,0,1.000,1.000,1.000,-90.00,180.00,-31.50,OPEN,0
669668.324,0,0,0,1.000,1.000,1.000,-90.00,180.00,-31.50,OPEN,0
669668.329,0,0,0,1.000,1.000,1.000,-90.00,180.00,-31.50,OPEN,0
669668.334,0,0,0,1.000,1.000,1.000,-90.00,180.00,-31.50,OPEN,0
669668.343,0,0,0,1.000,1.000,1.000,-90.00,180.00,-31.50,OPEN,0
669668.352,0,0,0,1.000,1.000,1.000,-90.00,180.00,-31.50,OPEN,0
669668.361,0,0,0,1.000,1.000,1.000,-90.00,180.00,-31.50,OPEN,0
669668.371,0,0,0,1.000,1.000,1.000,-90.00,180.00,-31.50,OPEN,0
669668.380,0,0,0,1.000,1.000,1.000,-90.00,180.00,-31.50,OPEN,0
669668.388,0,0,0,1.000,1.000,1.000,-90.00,180.00,-31.50,OPEN,0
669668.397,0,0,0,1.000,1.000,1.000,-90.00,180.00,-31.50,OPEN,0
669668.407,0,0,0,1.000,1.000,1.000,-90.00,180.00,-31.50,OPEN,0
669668.416,0,0,0,1.000,1.000,1.000,-90.00,180.00,-31.50,OPEN,0
669668.425,0,0,0,1.000,1.000,1.000,-90.00,180.00,-31.50,OPEN,0
669668.432,0,0,0,1.000,1.000,1.000,-90.00,180.00,-31.50,OPEN,0
669668.442,0,0,0,1.000,1.000,1.000,-90.00,180.00,-31.50,OPEN,0
669668.451,0,0,0,1.000,1.000,1.000,-90.00,180.00,-31.50,OPEN,0
669668.460,0,0,0,1.000,1.000,1.000,-90.00,180.00,-31.50,OPEN,0
669668.470,0,0,0,1.000,1.000,1.000,-90.00,180.00,-31.50,OPEN,0
669668.479,0,0,0,1.000,1.000,1.000,-90.00,180.00,-31.50,OPEN,0
669668.487,0,0,0,1.000,1.000,1.000,-90.00,180.00,-31.50,OPEN,0
669668.496,0,0,0,1.000,1.000,1.000,-90.00,180.00,-31.50,OPEN,0
669668.504,0,0,0,1.000,1.000,1.000,-90.00,180.00,-31.50,OPEN,0
669668.510,0,0,0,1.000,1.000,1.000,-90.00,180.00,-31.50,OPEN,0
669668.514,0,0,0,1.000,1.000,1.000,-90.00,180.00,-31.50,OPEN,0
669668.518,0,0,0,1.000,1.000,1.000,-90.00,180.00,-31.50,OPEN,0
669668.522,0,0,0,1.000,1.000,1.000,-90.00,180.00,-31.50,OPEN,0
669668.526,0,0,0,1.000,1.000,1.000,-90.00,180.00,-31.50,OPEN,0
669668.530,0,0,0,1.000,1.000,1.000,-90.00,180.00,-31.50,OPEN,0
669668.536,0,0,0,1.000,1.000,1.000,-90.00,180.00,-31.50,OPEN,0
669668.541,0,0,0,0.999,1.000,1.000,-90.00,180.00,-31.50,OPEN,0
669668.546,0,0,0,0.997,1.000,1.000,-90.00,180.00,-31.50,OPEN,0
669668.551,0,0,0,0.997,1.000,1.000,-90.00,180.00,-31.50,OPEN,0
669668.556,0,0,0,0.991,1.000,1.000,-90.00,180.00,-31.50,OPEN,0
669668.564,0,0,0,0.989,1.000,1.000,-90.00,180.00,-31.50,OPEN,0
669668.572,0,0,0,0.999,1.000,1.000,-90.00,180.00,-31.50,OPEN,0
669668.583,0,0,0,1.000,1.000,1.000,-90.00,180.00,-31.50,OPEN,0
669668.589,0,0,0,1.000,1.000,1.000,-90.00,180.00,-31.50,OPEN,0
669668.596,0,0,0,1.000,1.000,1.000,-90.00,180.00,-31.50,OPEN,0
669668.605,0,0,0,1.000,1.000,1.000,-90.00,180.00,-31.50,OPEN,0
669668.614,0,0,0,1.000,1.000,1.000,-90.00,180.00,-31.50,OPEN,0
669668.622,0,0,0,1.000,1.000,1.000,-90.00,180.00,-31.50,OPEN,0
669668.631,0,0,0,1.000,1.000,1.000,-90.00,180.00,-31.50,OPEN,0
669668.640,0,0,0,1.000,1.000,1.000,-90.00,180.00,-31.50,OPEN,0
669668.650,0,0,0,1.000,1.000,1.000,-90.00,180.00,-31.50,OPEN,0
669668.659,0,0,0,1.000,1.000,1.000,-90.00,180.00,-31.50,OPEN,0
669668.668,0,0,0,1.000,1.000,1.000,-90.00,180.00,-31.50,OPEN,0
669668.677,0,0,0,1.000,1.000,1.000,-90.00,180.00,-31.50,OPEN,0
669668.685,0,0,0,1.000,1.000,1.000,-90.00,180.00,-31.50,OPEN,0
669668.693,0,0,0,1.000,1.000,1.000,-90.00,180.00,-31.50,OPEN,0
669668.701,0,0,0,1.000,1.000,1.000,-90.00,180.00,-31.50,OPEN,0
669668.709,0,0,0,1.000,1.000,1.000,-90.00,180.00,-31.50,OPEN,0
669668.719,0,0,0,1.000,1.000,1.000,-90.00,180.00,-31.50,OPEN,0
669668.729,0,0,0,1.000,1.000,1.000,-90.00,180.00,-31.50,OPEN,0
669668.738,0,0,0,1.000,1.000,1.000,-90.00,180.00,-31.50,OPEN,0
669668.746,0,0,0,1.000,1.000,1.000,-90.00,180.00,-31.50,OPEN,0
669668.751,0,0,0,1.000,1.000,1.000,-90.00,180.00,-31.50,OPEN,0
669668.759,0,0,0,1.000,1.000,1.000,-90.00,180.00,-31.50,OPEN,0
669668.770,0,0,0,1.000,1.000,1.000,-90.00,180.00,-31.50,OPEN,0
669668.780,0,0,0,1.000,1.000,1.000,-90.00,180.00,-31.50,OPEN,0
669668.788,0,0,0,1.000,1.000,1.000,-90.00,180.00,-31.50,OPEN,0
669668.797,0,0,0,1.000,1.000,1.000,-90.00,180.00,-31.50,OPEN,0
669668.805,0,0,0,0.863,1.000,1.000,-90.00,180.00,-31.50,OPEN,0
669668.813,0,0,0,0.956,1.000,1.000,-90.00,180.00,-31.50,OPEN,0
669668.822,0,0,0,0.993,1.000,1.000,-90.00,180.00,-31.50,OPEN,0
669668.829,0,0,0,0.993,1.000,1.000,-90.00,180.00,-31.50,OPEN,0
669668.838,0,0,0,0.970,1.000,1.000,-90.00,180.00,-31.50,OPEN,0
669668.846,0,0,0,0.616,1.000,1.000,-90.00,180.00,-31.50,OPEN,0
669668.854,0,0,0,0.909,1.000,1.000,-90.00,180.00,-31.50,OPEN,0
669668.862,0,0,0,0.990,1.000,1.000,-90.00,180.00,-31.50,OPEN,0
669668.870,0,0,0,0.994,1.000,1.000,-90.00,180.00,-31.50,OPEN,0
669668.875,0,0,0,0.995,1.000,1.000,-90.00,180.00,-31.50,OPEN,0
669668.879,0,0,0,0.996,1.000,1.000,-90.00,180.00,-31.50,OPEN,0
669668.884,0,0,0,0.995,1.000,1.000,-90.00,180.00,-31.50,OPEN,0
669668.889,0,0,0,0.993,1.000,1.000,-90.00,180.00,-31.50,OPEN,0
669668.893,3,0,0,0.990,1.000,1.000,-90.00,180.00,-31.50,CLOSED,0
669668.897,3,0,0,0.985,1.000,1.000,-90.00,180.00,-31.50,CLOSED,0
669668.905,3,0,0,0.983,1.000,1.000,-90.00,180.00,-31.50,CLOSED,0
669668.912,3,0,0,0.985,1.000,1.000,-90.00,180.00,-31.50,CLOSED,0
669668.920,3,0,0,0.989,1.000,1.000,-90.00,180.00,-31.50,CLOSED,0
669668.924,3,0,0,0.995,1.000,1.000,-90.00,180.00,-31.50,CLOSED,0
669668.928,3,0,0,0.997,1.000,1.000,-90.00,180.00,-31.50,CLOSED,0
669668.935,3,0,0,0.999,1.000,1.000,-90.00,180.00,-31.50,CLOSED,0
669668.941,3,0,0,0.999,1.000,1.000,-90.00,180.00,-31.50,CLOSED,0
669668.945,3,0,0,1.000,1.000,1.000,-90.00,180.00,-31.50,CLOSED,0
669668.953,3,0,0,1.000,1.000,1.000,-90.00,180.00,-31.50,CLOSED,0
669668.957,3,0,0,1.000,1.000,1.000,-90.00,180.00,-31.50,CLOSED,0
669668.962,3,0,0,1.000,1.000,1.000,-90.00,180.00,-31.50,CLOSED,0
669668.968,3,0,0,1.000,1.000,1.000,-90.00,180.00,-31.50,CLOSED,0
669668.976,3,0,0,1.000,1.000,1.000,-90.00,180.00,-31.50,CLOSED,0
669668.983,3,0,0,1.000,1.000,1.000,-90.00,180.00,-31.50,CLOSED,0
669668.991,3,0,0,1.000,1.000,1.000,-90.00,180.00,-31.50,CLOSED,0
669668.999,3,0,0,1.000,1.000,1.000,-90.00,180.00,-31.50,CLOSED,0
669669.005,3,0,0,1.000,1.000,1.000,-90.00,180.00,-31.50,CLOSED,0
669669.013,3,0,0,1.000,1.000,1.000,-90.00,180.00,-31.50,CLOSED,0
669669.020,3,0,0,1.000,1.000,1.000,-90.00,180.00,-31.50,CLOSED,0
669669.027,3,0,0,1.000,1.000,1.000,-90.00,180.00,-31.50,CLOSED,0
669669.031,3,0,0,1.000,1.000,1.000,-90.00,180.00,-31.50,CLOSED,0
669669.038,3,0,0,1.000,1.000,1.000,-90.00,180.00,-31.50,CLOSED,0
669669.043,3,0,0,1.000,1.000,1.000,-90.00,180.00,-31.50,CLOSED,0
669669.051,3,0,0,0.999,1.000,1.000,-90.00,180.00,-31.50,CLOSED,0
669669.060,3,0,0,0.997,1.000,1.000,-90.00,180.00,-31.50,CLOSED,0
669669.069,3,0,0,0.992,1.000,1.000,-90.00,180.00,-31.50,CLOSED,0
669669.077,3,0,0,0.987,1.000,1.000,-90.00,180.00,-31.50,CLOSED,0
669669.085,3,0,0,0.985,1.000,1.000,-90.00,180.00,-31.50,CLOSED,0
669669.093,3,0,0,0.989,1.000,1.000,-90.00,180.00,-31.50,CLOSED,0
669669.102,3,0,0,0.993,1.000,1.000,-90.00,180.00,-31.50,CLOSED,0
669669.110,3,0,0,0.996,1.000,1.000,-90.00,180.00,-31.50,CLOSED,0
669669.118,3,0,0,0.997,1.000,1.000,-90.00,180.00,-31.50,CLOSED,0
669669.126,3,0,0,0.998,1.000,1.000,-90.00,180.00,-31.50,CLOSED,0
669669.134,3,0,0,0.998,1.000,1.000,-90.00,180.00,-31.50,CLOSED,0
669669.140,3,0,0,0.999,1.000,1.000,-90.00,180.00,-31.50,CLOSED,0
669669.144,3,0,0,0.999,1.000,1.000,-90.00,180.00,-31.50,CLOSED,0
669669.148,3,0,0,0.999,1.000,1.000,-90.00,180.00,-31.50,CLOSED,0
669669.153,3,0,0,1.000,1.000,1.000,-90.00,180.00,-31.50,CLOSED,0
669669.163,3,0,0,1.000,1.000,1.000,-90.00,180.00,-31.50,CLOSED,0
669669.168,3,0,0,1.000,1.000,1.000,-90.00,180.00,-31.50,CLOSED,0
669669.173,3,0,0,1.000,1.000,1.000,-90.00,180.00,-31.50,CLOSED,0
669669.176,3,0,0,1.000,1.000,1.000,-90.00,180.00,-31.50,CLOSED,0
669669.181,3,0,0,1.000,1.000,1.000,-90.00,180.00,-31.50,CLOSED,0
669669.185,3,0,0,1.000,1.000,1.000,-90.00,180.00,-31.50,CLOSED,0
669669.189,3,0,0,1.000,1.000,1.000,-90.00,180.00,-31.50,CLOSED,0
669669.193,3,0,0,1.000,1.000,1.000,-90.00,180.00,-31.50,CLOSED,0
669669.197,3,0,0,1.000,1.000,1.000,-90.00,180.00,-31.50,CLOSED,0
669669.204,3,0,0,1.000,1.000,1.000,-90.00,180.00,-31.50,CLOSED,0
669669.212,3,0,0,1.000,1.000,1.000,-90.00,180.00,-31.50,CLOSED,0
669669.220,3,0,0,1.000,1.000,1.000,-90.00,180.00,-31.50,CLOSED,0
669669.227,3,0,0,1.000,1.000,1.000,-90.00,180.00,-31.50,CLOSED,0
669669.233,3,0,0,1.000,1.000,1.000,-90.00,180.00,-31.50,CLOSED,0
669669.242,3,0,0,1.000,1.000,1.000,-90.00,180.00,-31.50,CLOSED,0
669669.253,3,0,0,1.000,1.000,1.000,-90.00,180.00,-31.50,CLOSED,0
669669.264,3,0,0,1.000,1.000,1.000,-90.00,180.00,-31.50,CLOSED,0
669669.273,3,0,0,1.000,1.000,1.000,-90.00,180.00,-31.50,CLOSED,0
669669.282,3,0,0,1.000,1.000,1.000,-90.00,180.00,-31.50,CLOSED,0
669669.288,3,0,0,1.000,1.000,1.000,-90.00,180.00,-31.50,CLOSED,0
669669.295,3,0,0,1.000,1.000,1.000,-90.00,180.00,-31.50,CLOSED,0
669669.301,3,0,0,1.000,1.000,1.000,-90.00,180.00,-31.50,CLOSED,0
669669.306,3,0,0,1.000,1.000,1.000,-90.00,180.00,-31.50,CLOSED,0
669669.310,3,0,0,1.000,1.000,1.000,-90.00,180.00,-31.50,CLOSED,0
669669.315,3,0,0,1.000,1.000,1.000,-90.00,180.00,-31.50,CLOSED,0
669669.323,3,0,0,1.000,1.000,1.000,-90.00,180.00,-31.50,CLOSED,0
669669.334,3,0,0,1.000,1.000,1.000,-90.00,180.00,-31.50,CLOSED,0
669669.346,3,0,0,1.000,1.000,1.000,-90.00,180.00,-31.50,CLOSED,0
669669.355,3,0,0,1.000,1.000,1.000,-90.00,180.00,-31.50,CLOSED,0
669669.363,3,0,0,1.000,1.000,1.000,-90.00,180.00,-31.50,CLOSED,0
669669.371,3,0,0,1.000,1.000,1.000,-90.00,180.00,-31.50,CLOSED,0
669669.379,3,0,0,1.000,1.000,1.000,-90.00,180.00,-31.50,CLOSED,0
669669.388,3,0,0,1.000,1.000,1.000,-90.00,180.00,-31.50,CLOSED,0
669669.396,3,0,0,1.000,1.000,1.000,-90.00,180.00,-31.50,CLOSED,0
669669.404,3,0,0,1.000,1.000,1.000,-90.00,180.00,-31.50,CLOSED,0
669669.410,3,0,0,1.000,1.000,1.000,-90.00,180.00,-31.50,CLOSED,0
669669.416,3,0,0,1.000,1.000,1.000,-90.00,180.00,-31.50,CLOSED,0
669669.420,3,0,0,1.000,1.000,1.000,-90.00,180.00,-31.50,CLOSED,0
669669.428,3,0,0,1.000,1.000,1.000,-90.00,180.00,-31.50,CLOSED,0
669669.433,3,0,0,1.000,1.000,1.000,-90.00,180.00,-31.50,CLOSED,0
669669.438,3,0,0,1.000,1.000,1.000,-90.00,180.00,-31.50,CLOSED,0
669669.441,3,0,0,1.000,1.000,1.000,-90.00,180.00,-31.50,CLOSED,0
669669.446,3,0,0,1.000,1.000,1.000,-90.00,180.00,-31.50,CLOSED,0
669669.452,3,0,0,1.000,1.000,1.000,-90.00,180.00,-31.50,CLOSED,0
669669.458,3,0,0,1.000,1.000,1.000,-90.00,180.00,-31.50,CLOSED,0
669669.464,3,0,0,1.000,1.000,1.000,-90.00,180.00,-31.50,CLOSED,0
669669.468,3,0,0,1.000,1.000,1.000,-90.00,180.00,-31.50,CLOSED,0
669669.472,3,0,0,1.000,1.000,1.000,-90.00,180.00,-31.50,CLOSED,0
669669.479,3,0,0,1.000,1.000,1.000,-90.00,180.00,-31.50,CLOSED,0
669669.490,3,0,0,1.000,1.000,1.000,-90.00,180.00,-31.50,CLOSED,0
669669.498,3,0,0,1.000,1.000,1.000,-90.00,180.00,-31.50,CLOSED,0
669669.506,3,0,0,1.000,1.000,1.000,-90.00,180.00,-31.50,CLOSED,0
669669.512,3,0,0,1.000,1.000,1.000,-90.00,180.00,-31.50,CLOSED,0
669669.520,3,0,0,0.999,1.000,1.000,-90.00,180.00,-31.50,CLOSED,0
669669.528,3,0,0,0.999,1.000,1.000,-90.00,180.00,-31.50,CLOSED,0
669669.537,3,0,0,0.999,1.000,1.000,-90.00,180.00,-31.50,CLOSED,0
669669.546,3,0,0,1.000,1.000,1.000,-90.00,180.00,-31.50,CLOSED,0
669669.554,3,0,0,1.000,1.000,1.000,-90.00,180.00,-31.50,CLOSED,0
669669.561,3,0,0,1.000,1.000,1.000,-90.00,180.00,-31.50,CLOSED,0
669669.565,3,0,0,1.000,1.000,1.000,-90.00,180.00,-31.50,CLOSED,0
669669.572,3,0,0,1.000,1.000,1.000,-90.00,180.00,-31.50,CLOSED,0
669669.578,3,0,0,1.000,1.000,1.000,-90.00,180.00,-31.50,CLOSED,0
669669.585,3,0,0,1.000,1.000,1.000,-90.00,180.00,-31.50,CLOSED,0
669669.591,3,0,0,1.000,1.000,1.000,-90.00,180.00,-31.50,CLOSED,0
669669.599,3,0,0,1.000,1.000,1.000,-90.00,180.00,-31.50,CLOSED,0
669669.607,3,0,0,1.000,1.000,1.000,-90.00,180.00,-31.50,CLOSED,0
669669.611,3,0,0,1.000,1.000,1.000,-90.00,180.00,-31.50,CLOSED,0
669669.616,3,0,0,1.000,1.000,1.000,-90.00,180.00,-31.50,CLOSED,0
669669.621,3,0,0,1.000,1.000,1.000,-90.00,180.00,-31.50,CLOSED,0
669669.629,3,0,0,1.000,1.000,1.000,-90.00,180.00,-31.50,CLOSED,0
669669.638,3,0,0,1.000,1.000,1.000,-90.00,180.00,-31.50,CLOSED,0
669669.647,3,0,0,1.000,1.000,1.000,-90.00,180.00,-31.50,CLOSED,0
669669.656,3,0,0,0.984,1.000,1.000,-90.00,180.00,-31.50,CLOSED,0
669669.664,3,0,0,0.751,1.000,1.000,-90.00,180.00,-31.50,CLOSED,0
669669.673,3,0,0,0.676,1.000,1.000,-90.00,180.00,-31.50,CLOSED,0
669669.683,3,0,0,0.897,1.000,1.000,-90.00,180.00,-31.50,CLOSED,0
669669.693,3,0,0,0.933,1.000,1.000,-90.00,180.00,-31.50,CLOSED,0
669669.702,3,0,0,0.995,1.000,1.000,-90.00,180.00,-31.50,CLOSED,0
669669.710,3,0,0,1.000,1.000,1.000,-90.00,180.00,-31.50,CLOSED,0
669669.718,3,0,0,1.000,1.000,1.000,-90.00,180.00,-31.50,CLOSED,0
669669.727,3,0,0,1.000,1.000,1.000,-90.00,180.00,-31.50,CLOSED,0
669669.736,3,0,0,1.000,1.000,1.000,-90.00,180.00,-31.50,CLOSED,0
669669.744,0,0,0,1.000,1.000,1.000,-90.00,180.00,-31.50,CLOSED,0
669669.749,0,0,0,1.000,1.000,1.000,-90.00,180.00,-31.50,CLOSED,0
669669.753,0,0,0,1.000,1.000,1.000,-90.00,180.00,-31.50,CLOSED,0
669669.757,0,0,0,1.000,1.000,1.000,-90.00,180.00,-31.50,CLOSED,0
669669.761,0,0,0,1.000,1.000,1.000,-90.00,180.00,-31.50,CLOSED,0
669669.765,0,0,0,1.000,1.000,1.000,-90.00,180.00,-31.50,CLOSED,0
669669.769,0,0,0,1.000,1.000,1.000,-90.00,180.00,-31.50,CLOSED,0
669669.775,0,0,0,1.000,1.000,1.000,-90.00,180.00,-31.50,CLOSED,0
669669.780,0,0,0,1.000,1.000,1.000,-90.00,180.00,-31.50,CLOSED,0
669669.783,0,0,0,1.000,1.000,1.000,-90.00,180.00,-31.50,CLOSED,0
669669.788,0,0,0,1.000,1.000,1.000,-90.00,180.00,-31.50,CLOSED,0
669669.792,0,0,0,1.000,1.000,1.000,-90.00,180.00,-31.50,CLOSED,0
669669.795,0,0,0,1.000,1.000,1.000,-90.00,180.00,-31.50,CLOSED,0
669669.800,0,0,0,1.000,1.000,1.000,-90.00,180.00,-31.50,CLOSED,0
669669.806,0,0,0,1.000,1.000,1.000,-90.00,180.00,-31.50,CLOSED,0
669669.810,0,0,0,1.000,1.000,1.000,-90.00,180.00,-31.50,CLOSED,0
669669.814,0,0,0,1.000,1.000,1.000,-90.00,180.00,-31.50,CLOSED,0
669669.818,0,0,0,1.000,1.000,1.000,-90.00,180.00,-31.50,CLOSED,0
669669.821,0,0,0,1.000,1.000,1.000,-90.00,180.00,-31.50,CLOSED,0
669669.825,0,0,0,1.000,1.000,1.000,-90.00,180.00,-31.50,CLOSED,0
669669.829,0,0,0,1.000,1.000,1.000,-90.00,180.00,-31.50,CLOSED,0
669669.834,0,0,0,1.000,1.000,1.000,-90.00,180.00,-31.50,CLOSED,0
669669.840,0,0,0,1.000,1.000,1.000,-90.00,180.00,-31.50,CLOSED,0
669669.848,0,0,0,1.000,1.000,1.000,-90.00,180.00,-31.50,CLOSED,0
669669.854,0,0,0,1.000,1.000,1.000,-90.00,180.00,-31.50,CLOSED,0
669669.858,0,0,0,1.000,1.000,1.000,-90.00,180.00,-31.50,CLOSED,0
669669.865,0,0,0,1.000,1.000,1.000,-90.00,180.00,-31.50,CLOSED,0
669669.870,0,0,0,1.000,1.000,1.000,-90.00,180.00,-31.50,CLOSED,0
669669.878,0,0,0,1.000,1.000,1.000,-90.00,180.00,-31.50,CLOSED,0
669669.886,0,0,0,1.000,1.000,1.000,-90.00,180.00,-31.50,CLOSED,0
669669.894,0,0,0,1.000,1.000,1.000,-90.00,180.00,-31.50,CLOSED,0
669669.903,0,0,0,1.000,1.000,1.000,-90.00,180.00,-31.50,CLOSED,0
669669.909,0,0,0,1.000,1.000,1.000,-90.00,180.00,-31.50,CLOSED,0
669669.917,0,0,0,1.000,1.000,1.000,-90.00,180.00,-31.50,CLOSED,0
669669.924,0,0,0,1.000,1.000,1.000,-90.00,180.00,-31.50,CLOSED,0
669669.933,0,0,0,1.000,1.000,1.000,-90.00,180.00,-31.50,CLOSED,0
669669.941,0,0,0,1.000,1.000,1.000,-90.00,180.00,-31.50,CLOSED,0
669669.949,0,0,0,1.000,1.000,1.000,-90.00,180.00,-31.50,CLOSED,0
669669.958,0,0,0,1.000,1.000,1.000,-90.00,180.00,-31.50,CLOSED,0
669669.964,0,0,0,1.000,1.000,1.000,-90.00,180.00,-31.50,CLOSED,0
669669.969,0,0,0,1.000,1.000,1.000,-90.00,180.00,-31.50,CLOSED,0
669669.975,0,0,0,1.000,1.000,1.000,-90.00,180.00,-31.50,CLOSED,0
669669.984,0,0,0,1.000,1.000,1.000,-90.00,180.00,-31.50,CLOSED,0
669669.990,0,0,0,1.000,1.000,1.000,-90.00,180.00,-31.50,CLOSED,0
669669.999,0,0,0,1.000,1.000,1.000,-90.00,180.00,-31.50,CLOSED,0
669670.007,0,0,0,1.000,1.000,1.000,-90.00,180.00,-31.50,CLOSED,0
669670.011,0,0,0,1.000,1.000,1.000,-90.00,180.00,-31.50,CLOSED,0
669670.015,0,0,0,1.000,1.000,1.000,-90.00,180.00,-31.50,CLOSED,0
669670.020,0,0,0,1.000,1.000,1.000,-90.00,180.00,-31.50,CLOSED,0
669670.024,0,0,0,1.000,1.000,1.000,-90.00,180.00,-31.50,CLOSED,0
669670.031,0,0,0,1.000,1.000,1.000,-90.00,180.00,-31.50,CLOSED,0
669670.037,0,0,0,1.000,1.000,1.000,-90.00,180.00,-31.50,CLOSED,0
669670.043,0,0,0,1.000,1.000,1.000,-90.00,180.00,-31.50,CLOSED,0
669670.051,0,0,0,1.000,1.000,1.000,-90.00,180.00,-31.50,CLOSED,0
669670.056,0,0,0,1.000,1.000,1.000,-90.00,180.00,-31.50,CLOSED,0
669670.061,0,0,0,1.000,1.000,1.000,-90.00,180.00,-31.50,CLOSED,0
669670.066,0,0,0,1.000,1.000,1.000,-90.00,180.00,-31.50,CLOSED,0
669670.070,0,0,0,1.000,1.000,1.000,-90.00,180.00,-31.50,CLOSED,0
669670.078,0,0,0,1.000,1.000,1.000,-90.00,180.00,-31.50,CLOSED,0
669670.086,0,0,0,1.000,1.000,1.000,-90.00,180.00,-31.50,CLOSED,0
669670.090,0,0,0,1.000,1.000,1.000,-90.00,180.00,-31.50,CLOSED,0
669670.097,0,0,0,1.000,1.000,1.000,-90.00,180.00,-31.50,CLOSED,0
669670.105,0,0,0,1.000,1.000,1.000,-90.00,180.00,-31.50,CLOSED,0
669670.111,0,0,0,1.000,1.000,1.000,-90.00,180.00,-31.50,CLOSED,0
669670.119,0,0,0,1.000,1.000,1.000,-90.00,180.00,-31.50,CLOSED,0
669670.124,0,0,0,1.000,1.000,1.000,-90.00,180.00,-31.50,CLOSED,0
669670.128,0,0,0,1.000,1.000,1.000,-90.00,180.00,-31.50,CLOSED,0
669670.135,0,0,0,1.000,1.000,1.000,-90.00,180.00,-31.50,CLOSED,0
669670.143,0,0,0,1.000,1.000,1.000,-90.00,180.00,-31.50,CLOSED,0
669670.151,0,0,0,1.000,1.000,1.000,-90.00,180.00,-31.50,CLOSED,0
669670.160,0,0,0,1.000,1.000,1.000,-90.00,180.00,-31.50,CLOSED,0
669670.168,0,0,0,1.000,1.000,1.000,-90.00,180.00,-31.50,CLOSED,0
669670.177,0,0,0,1.000,1.000,1.000,-90.00,180.00,-31.50,CLOSED,0
669670.185,0,0,0,1.000,1.000,1.000,-90.00,180.00,-31.50,CLOSED,0
669670.194,0,0,0,1.000,1.000,1.000,-90.00,180.00,-31.50,CLOSED,0
669670.198,0,0,0,1.000,1.000,1.000,-90.00,180.00,-31.50,CLOSED,0
669670.205,0,0,0,1.000,1.000,1.000,-90.00,180.00,-31.50,CLOSED,0
669670.212,0,0,0,1.000,1.000,1.000,-90.00,180.00,-31.50,CLOSED,0
669670.220,0,0,0,1.000,1.000,1.000,-90.00,180.00,-31.50,CLOSED,0
669670.224,0,0,0,1.000,1.000,1.000,-90.00,180.00,-31.50,CLOSED,0
669670.228,0,0,0,1.000,1.000,1.000,-90.00,180.00,-31.50,CLOSED,0
669670.232,0,0,0,1.000,1.000,1.000,-90.00,180.00,-31.50,CLOSED,0
669670.239,0,0,0,1.000,1.000,1.000,-90.00,180.00,-31.50,CLOSED,0
669670.243,0,0,0,1.000,1.000,1.000,-90.00,180.00,-31.50,CLOSED,0
669670.247,0,0,0,1.000,1.000,1.000,-90.00,180.00,-31.50,CLOSED,0
669670.255,0,0,0,1.000,1.000,1.000,-90.00,180.00,-31.50,CLOSED,0
669670.260,0,0,0,1.000,1.000,1.000,-90.00,180.00,-31.50,CLOSED,0
669670.264,0,0,0,1.000,1.000,1.000,-90.00,180.00,-31.50,CLOSED,0
669670.268,0,0,0,1.000,1.000,1.000,-90.00,180.00,-31.50,CLOSED,0
669670.273,0,0,0,1.000,1.000,1.000,-90.00,180.00,-31.50,CLOSED,0
669670.276,0,0,0,1.000,1.000,1.000,-90.00,180.00,-31.50,CLOSED,0
669670.281,0,0,0,1.000,1.000,1.000,-90.00,180.00,-31.50,CLOSED,0
669670.288,0,0,0,1.000,1.000,1.000,-90.00,180.00,-31.50,CLOSED,0
669670.296,0,0,0,1.000,1.000,1.000,-90.00,180.00,-31.50,CLOSED,0
669670.305,0,0,0,1.000,1.000,1.000,-90.00,180.00,-31.50,CLOSED,0
669670.315,0,0,0,1.000,1.000,1.000,-90.00,180.00,-31.50,CLOSED,0
669670.321,0,0,0,1.000,1.000,1.000,-90.00,180.00,-31.50,CLOSED,0
669670.330,0,0,0,1.000,1.000,1.000,-90.00,180.00,-31.50,CLOSED,0
669670.340,0,0,0,1.000,1.000,1.000,-90.00,180.00,-31.50,CLOSED,0
669670.349,0,0,0,1.000,1.000,1.000,-90.00,180.00,-31.50,CLOSED,0
669670.358,0,0,0,1.000,1.000,1.000,-90.00,180.00,-31.50,CLOSED,0
669670.366,0,0,0,1.000,1.000,1.000,-90.00,180.00,-31.50,CLOSED,0
669670.374,0,0,0,1.000,1.000,1.000,-90.00,180.00,-31.50,CLOSED,0
669670.382,0,0,0,1.000,1.000,1.000,-90.00,180.00,-31.50,CLOSED,0
669670.391,0,0,0,1.000,1.000,1.000,-90.00,180.00,-31.50,CLOSED,0
669670.399,0,0,0,1.000,1.000,1.000,-90.00,180.00,-31.50,CLOSED,0
669670.407,0,0,0,1.000,1.000,1.000,-90.00,180.00,-31.50,CLOSED,0
669670.415,0,0,0,1.000,1.000,1.000,-90.00,180.00,-31.50,CLOSED,0
669670.424,0,0,0,1.000,1.000,1.000,-90.00,180.00,-31.50,CLOSED,0
669670.431,0,0,0,1.000,1.000,1.000,-90.00,180.00,-31.50,CLOSED,0
669670.435,0,0,0,1.000,1.000,1.000,-90.00,180.00,-31.50,CLOSED,0
669670.440,0,0,0,1.000,1.000,1.000,-90.00,180.00,-31.50,CLOSED,0
669670.443,0,0,0,1.000,1.000,1.000,-90.00,180.00,-31.50,CLOSED,0
669670.447,0,0,0,1.000,1.000,1.000,-90.00,180.00,-31.50,CLOSED,0
669670.451,0,0,0,1.000,1.000,1.000,-90.00,180.00,-31.50,CLOSED,0
669670.455,0,0,0,1.000,1.000,1.000,-90.00,180.00,-31.50,CLOSED,0
669670.465,0,0,0,1.000,1.000,1.000,-90.00,180.00,-31.50,CLOSED,0
669670.475,0,0,0,1.000,1.000,1.000,-90.00,180.00,-31.50,CLOSED,0
669670.484,0,0,0,1.000,1.000,1.000,-90.00,180.00,-31.50,CLOSED,0
669670.489,0,0,0,1.000,1.000,1.000,-90.00,180.00,-31.50,CLOSED,0
669670.498,0,0,0,1.000,1.000,1.000,-90.00,180.00,-31.50,CLOSED,0
669670.507,0,0,0,1.000,1.000,1.000,-90.00,180.00,-31.50,CLOSED,0
669670.516,0,0,0,1.000,1.000,1.000,-90.00,180.00,-31.50,CLOSED,0
669670.522,0,0,0,1.000,1.000,1.000,-90.00,180.00,-31.50,CLOSED,0
669670.531,0,0,0,1.000,1.000,1.000,-90.00,180.00,-31.50,CLOSED,0
669670.540,0,0,0,1.000,1.000,1.000,-90.00,180.00,-31.50,CLOSED,0
669670.549,0,0,0,1.000,1.000,1.000,-90.00,180.00,-31.50,CLOSED,0
669670.558,0,0,0,1.000,1.000,1.000,-90.00,180.00,-31.50,CLOSED,0
669670.566,0,0,0,1.000,1.000,1.000,-90.00,180.00,-31.50,CLOSED,0
669670.577,0,0,0,1.000,1.000,1.000,-90.00,180.00,-31.50,CLOSED,0
669670.586,0,0,0,1.000,1.000,1.000,-90.00,180.00,-31.50,CLOSED,0
669670.591,0,0,0,1.000,1.000,1.000,-90.00,180.00,-31.50,CLOSED,0
669670.599,0,0,0,1.000,1.000,1.000,-90.00,180.00,-31.50,CLOSED,0
669670.609,0,0,0,1.000,1.000,1.000,-90.00,180.00,-31.50,CLOSED,0
669670.617,0,0,0,1.000,1.000,1.000,-90.00,180.00,-31.50,CLOSED,0
669670.626,0,0,0,1.000,1.000,1.000,-90.00,180.00,-31.50,CLOSED,0
669670.634,0,0,0,1.000,1.000,1.000,-90.00,180.00,-31.50,CLOSED,0
669670.642,0,0,0,1.000,1.000,1.000,-90.00,180.00,-31.50,CLOSED,0
669670.650,0,0,0,1.000,1.000,1.000,-90.00,180.00,-31.50,CLOSED,0
669670.660,0,0,0,1.000,1.000,1.000,-90.00,180.00,-31.50,CLOSED,0
669670.668,0,0,0,1.000,1.000,1.000,-90.00,180.00,-31.50,CLOSED,0
669670.677,0,0,0,1.000,1.000,1.000,-90.00,180.00,-31.50,CLOSED,0
669670.684,0,0,0,1.000,1.000,1.000,-90.00,180.00,-31.50,CLOSED,0
669670.693,0,0,0,1.000,1.000,1.000,-90.00,180.00,-31.50,CLOSED,0
669670.700,0,0,0,1.000,1.000,1.000,-90.00,180.00,-31.50,CLOSED,0
669670.705,0,0,0,1.000,1.000,1.000,-90.00,180.00,-31.50,CLOSED,0
669670.712,0,0,0,1.000,1.000,1.000,-90.00,180.00,-31.50,CLOSED,0
669670.716,0,0,0,1.000,1.000,1.000,-90.00,180.00,-31.50,CLOSED,0
669670.722,0,0,0,1.000,1.000,1.000,-90.00,180.00,-31.50,CLOSED,0
669670.726,0,0,0,1.000,1.000,1.000,-90.00,180.00,-31.50,CLOSED,0
669670.734,0,0,0,1.000,1.000,1.000,-90.00,180.00,-31.50,CLOSED,0
669670.738,0,0,0,1.000,1.000,1.000,-90.00,180.00,-31.50,CLOSED,0
669670.742,0,0,0,1.000,1.000,1.000,-90.00,180.00,-31.50,CLOSED,0
669670.745,0,0,0,1.000,1.000,1.000,-90.00,180.00,-31.50,CLOSED,0
669670.749,0,0,0,1.000,1.000,1.000,-90.00,180.00,-31.50,CLOSED,0
669670.754,0,0,0,1.000,1.000,1.000,-90.00,180.00,-31.50,CLOSED,0
669670.762,0,0,0,1.000,1.000,1.000,-90.00,180.00,-31.50,CLOSED,0
669670.769,0,0,0,1.000,1.000,1.000,-90.00,180.00,-31.50,CLOSED,0
669670.778,0,0,0,1.000,1.000,1.000,-90.00,180.00,-31.50,CLOSED,0
669670.782,0,0,0,1.000,1.000,1.000,-90.00,180.00,-31.50,CLOSED,0
669670.786,0,0,0,1.000,1.000,1.000,-90.00,180.00,-31.50,CLOSED,0
669670.789,0,0,0,1.000,1.000,1.000,-90.00,180.00,-31.50,CLOSED,0
669670.793,0,0,0,1.000,1.000,1.000,-90.00,180.00,-31.50,CLOSED,0
669670.797,0,0,0,1.000,1.000,1.000,-90.00,180.00,-31.50,CLOSED,0
669670.803,0,0,0,1.000,1.000,1.000,-90.00,180.00,-31.50,CLOSED,0
669670.812,0,0,0,1.000,1.000,1.000,-90.00,180.00,-31.50,CLOSED,0
669670.816,0,0,0,1.000,1.000,1.000,-90.00,180.00,-31.50,CLOSED,0
669670.824,0,0,0,1.000,1.000,1.000,-90.00,180.00,-31.50,CLOSED,0
669670.827,0,0,0,1.000,1.000,1.000,-90.00,180.00,-31.50,CLOSED,0
669670.834,0,0,0,1.000,1.000,1.000,-90.00,180.00,-31.50,CLOSED,0
669670.840,0,0,0,1.000,1.000,1.000,-90.00,180.00,-31.50,CLOSED,0
669670.851,0,0,0,1.000,1.000,1.000,-90.00,180.00,-31.50,CLOSED,0
669670.855,0,0,0,1.000,1.000,1.000,-90.00,180.00,-31.50,CLOSED,0
669670.859,0,0,0,1.000,1.000,1.000,-90.00,180.00,-31.50,CLOSED,0
669670.863,0,0,0,1.000,1.000,1.000,-90.00,180.00,-31.50,CLOSED,0
669670.870,0,0,0,1.000,1.000,1.000,-90.00,180.00,-31.50,CLOSED,0
669670.878,0,0,0,1.000,1.000,1.000,-90.00,180.00,-31.50,CLOSED,0
669670.882,0,0,0,1.000,1.000,1.000,-90.00,180.00,-31.50,CLOSED,0
669670.887,0,0,0,1.000,1.000,1.000,-90.00,180.00,-31.50,CLOSED,0
669670.891,0,0,0,1.000,1.000,1.000,-90.00,180.00,-31.50,CLOSED,0
669670.899,0,0,0,1.000,1.000,1.000,-90.00,180.00,-31.50,CLOSED,0
669670.903,0,0,0,1.000,1.000,1.000,-90.00,180.00,-31.50,CLOSED,0
669670.907,0,0,0,1.000,1.000,1.000,-90.00,180.00,-31.50,CLOSED,0
669670.911,0,0,0,1.000,1.000,1.000,-90.00,180.00,-31.50,CLOSED,0
669670.915,0,0,0,1.000,1.000,1.000,-90.00,180.00,-31.50,CLOSED,0
669670.921,0,0,0,1.000,1.000,1.000,-90.00,180.00,-31.50,CLOSED,0
669670.925,0,0,0,1.000,1.000,1.000,-90.00,180.00,-31.50,CLOSED,0
669670.933,0,0,0,1.000,1.000,1.000,-90.00,180.00,-31.50,CLOSED,0
669670.937,0,0,0,1.000,1.000,1.000,-90.00,180.00,-31.50,CLOSED,0
669670.945,0,0,0,1.000,1.000,1.000,-90.00,180.00,-31.50,CLOSED,0
669670.948,0,0,0,1.000,1.000,1.000,-90.00,180.00,-31.50,CLOSED,0
669670.952,0,0,0,1.000,1.000,1.000,-90.00,180.00,-31.50,CLOSED,0
669670.956,0,0,0,1.000,1.000,1.000,-90.00,180.00,-31.50,CLOSED,0
669670.960,0,0,0,1.000,1.000,1.000,-90.00,180.00,-31.50,CLOSED,0
669670.963,0,0,0,1.000,1.000,1.000,-90.00,180.00,-31.50,CLOSED,0
669670.967,0,0,0,1.000,1.000,1.000,-90.00,180.00,-31.50,CLOSED,0
669670.973,0,0,0,1.000,1.000,1.000,-90.00,180.00,-31.50,CLOSED,0
669670.978,0,0,0,1.000,1.000,1.000,-90.00,180.00,-31.50,CLOSED,0
669670.982,0,0,0,1.000,1.000,1.000,-90.00,180.00,-31.50,CLOSED,0
669670.986,0,0,0,1.000,1.000,1.000,-90.00,180.00,-31.50,CLOSED,0
669670.990,0,0,0,1.000,1.000,1.000,-90.00,180.00,-31.50,CLOSED,0
669670.994,0,0,0,1.000,1.000,1.000,-90.00,180.00,-31.50,CLOSED,0
669670.999,0,0,0,1.000,1.000,1.000,-90.00,180.00,-31.50,CLOSED,0
669671.002,0,0,0,1.000,1.000,1.000,-90.00,180.00,-31.50,CLOSED,0
669671.007,0,0,0,1.000,1.000,1.000,-90.00,180.00,-31.50,CLOSED,0
669671.012,0,0,0,1.000,1.000,1.000,-90.00,180.00,-31.50,CLOSED,0
669671.015,0,0,0,1.000,1.000,1.000,-90.00,180.00,-31.50,CLOSED,0
669671.020,0,0,0,1.000,1.000,1.000,-90.00,180.00,-31.50,CLOSED,0
669671.032,0,0,0,1.000,1.000,1.000,-90.00,180.00,-31.50,CLOSED,0
669671.039,0,0,0,1.000,1.000,1.000,-90.00,180.00,-31.50,CLOSED,0
669671.047,0,0,0,1.000,1.000,1.000,-90.00,180.00,-31.50,CLOSED,0
669671.053,0,0,0,1.000,1.000,1.000,-90.00,180.00,-31.50,CLOSED,0
669671.062,0,0,0,1.000,1.000,1.000,-90.00,180.00,-31.50,CLOSED,0
669671.070,0,0,0,1.000,1.000,1.000,-90.00,180.00,-31.50,CLOSED,0
669671.078,0,0,0,1.000,1.000,1.000,-90.00,180.00,-31.50,CLOSED,0
669671.086,0,0,0,1.000,1.000,1.000,-90.00,180.00,-31.50,CLOSED,0
669671.094,0,0,0,1.000,1.000,1.000,-90.00,180.00,-31.50,CLOSED,0
669671.099,0,0,0,1.000,1.000,1.000,-90.00,180.00,-31.50,CLOSED,0
669671.106,0,0,0,1.000,1.000,1.000,-90.00,180.00,-31.50,CLOSED,0
669671.114,0,0,0,1.000,1.000,1.000,-90.00,180.00,-31.50,CLOSED,0
669671.121,0,0,0,1.000,1.000,1.000,-90.00,180.00,-31.50,CLOSED,0
669671.125,0,0,0,1.000,1.000,1.000,-90.00,180.00,-31.50,CLOSED,0
669671.132,0,0,0,1.000,1.000,1.000,-90.00,180.00,-31.50,CLOSED,0
669671.135,0,0,0,1.000,1.000,1.000,-90.00,180.00,-31.50,CLOSED,0
669671.143,0,0,0,1.000,1.000,1.000,-90.00,180.00,-31.50,CLOSED,0
669671.146,0,0,0,1.000,1.000,1.000,-90.00,180.00,-31.50,CLOSED,0
669671.152,0,0,0,1.000,1.000,1.000,-90.00,180.00,-31.50,CLOSED,0
669671.160,0,0,0,1.000,1.000,1.000,-90.00,180.00,-31.50,CLOSED,0
669671.165,0,0,0,1.000,1.000,1.000,-90.00,180.00,-31.50,CLOSED,0
669671.169,0,0,0,1.000,1.000,1.000,-90.00,180.00,-31.50,CLOSED,0
669671.175,0,0,0,1.000,1.000,1.000,-90.00,180.00,-31.50,CLOSED,0
669671.179,0,0,0,1.000,1.000,1.000,-90.00,180.00,-31.50,CLOSED,0
669671.182,0,0,0,1.000,1.000,1.000,-90.00,180.00,-31.50,CLOSED,0
669671.186,0,0,0,1.000,1.000,1.000,-90.00,180.00,-31.50,CLOSED,0
669671.190,0,0,0,1.000,1.000,1.000,-90.00,180.00,-31.50,CLOSED,0
669671.197,0,0,0,1.000,1.000,1.000,-90.00,180.00,-31.50,CLOSED,0
669671.201,0,0,0,1.000,1.000,1.000,-90.00,180.00,-31.50,CLOSED,0
669671.205,0,0,0,1.000,1.000,1.000,-90.00,180.00,-31.50,CLOSED,0
669671.209,0,0,0,1.000,1.000,1.000,-90.00,180.00,-31.50,CLOSED,0
669671.213,0,0,0,1.000,1.000,1.000,-90.00,180.00,-31.50,CLOSED,0
669671.217,0,0,0,1.000,1.000,1.000,-90.00,180.00,-31.50,CLOSED,0
669671.221,0,0,0,1.000,1.000,1.000,-90.00,180.00,-31.50,CLOSED,0
669671.226,0,0,0,1.000,1.000,1.000,-90.00,180.00,-31.50,CLOSED,0
669671.230,0,0,0,1.000,1.000,1.000,-90.00,180.00,-31.50,CLOSED,0
669671.233,0,0,0,1.000,1.000,1.000,-90.00,180.00,-31.50,CLOSED,0
669671.237,0,0,0,1.000,1.000,1.000,-90.00,180.00,-31.50,CLOSED,0
669671.241,0,0,0,1.000,1.000,1.000,-90.00,180.00,-31.50,CLOSED,0
669671.244,0,0,0,1.000,1.000,1.000,-90.00,180.00,-31.50,CLOSED,0
669671.248,0,0,0,1.000,1.000,1.000,-90.00,180.00,-31.50,CLOSED,0
669671.252,0,0,0,1.000,1.000,1.000,-90.00,180.00,-31.50,CLOSED,0
669671.258,0,0,0,1.000,1.000,1.000,-90.00,180.00,-31.50,CLOSED,0
669671.262,0,0,0,1.000,1.000,1.000,-90.00,180.00,-31.50,CLOSED,0
669671.265,0,0,0,1.000,1.000,1.000,-90.00,180.00,-31.50,CLOSED,0
669671.271,0,0,0,1.000,1.000,1.000,-90.00,180.00,-31.50,CLOSED,0
669671.276,0,0,0,1.000,1.000,1.000,-90.00,180.00,-31.50,CLOSED,0
669671.280,0,0,0,1.000,1.000,1.000,-90.00,180.00,-31.50,CLOSED,0
669671.284,0,0,0,1.000,1.000,1.000,-90.00,180.00,-31.50,CLOSED,0
669671.288,0,0,0,1.000,1.000,1.000,-90.00,180.00,-31.50,CLOSED,0
669671.292,0,0,0,1.000,1.000,1.000,-90.00,180.00,-31.50,CLOSED,0
669671.296,0,0,0,1.000,1.000,1.000,-90.00,180.00,-31.50,CLOSED,0
669671.300,0,0,0,1.000,1.000,1.000,-90.00,180.00,-31.50,CLOSED,0
669671.304,0,0,0,1.000,1.000,1.000,-90.00,180.00,-31.50,CLOSED,0
669671.307,0,0,0,1.000,1.000,1.000,-90.00,180.00,-31.50,CLOSED,0
669671.311,0,0,0,1.000,1.000,1.000,-90.00,180.00,-31.50,CLOSED,0
669671.316,0,0,0,1.000,1.000,1.000,-90.00,180.00,-31.50,CLOSED,0
669671.319,0,0,0,1.000,1.000,1.000,-90.00,180.00,-31.50,CLOSED,0
669671.323,0,0,0,1.000,1.000,1.000,-90.00,180.00,-31.50,CLOSED,0
669671.327,0,0,0,1.000,1.000,1.000,-90.00,180.00,-31.50,CLOSED,0
669671.332,0,0,0,0.996,1.000,1.000,-90.00,180.00,-31.50,CLOSED,0
669671.339,0,0,0,0.993,1.000,1.000,-90.00,180.00,-31.50,CLOSED,0
669671.342,0,0,0,1.000,1.000,1.000,-90.00,180.00,-31.50,CLOSED,0
669671.348,0,0,0,1.000,1.000,1.000,-90.00,180.00,-31.50,CLOSED,0
669671.352,0,0,0,1.000,1.000,1.000,-90.00,180.00,-31.50,CLOSED,0
669671.356,0,0,0,1.000,1.000,1.000,-90.00,180.00,-31.50,CLOSED,0
669671.360,0,0,0,1.000,1.000,1.000,-90.00,180.00,-31.50,CLOSED,0
669671.366,0,0,0,1.000,1.000,1.000,-90.00,180.00,-31.50,CLOSED,0
669671.374,0,0,0,0.990,1.000,1.000,-90.00,180.00,-31.50,CLOSED,0
669671.379,0,0,0,0.999,1.000,1.000,-90.00,180.00,-31.50,CLOSED,0
669671.387,0,0,0,0.991,1.000,1.000,-90.00,180.00,-31.50,CLOSED,0
669671.395,0,0,0,0.992,1.000,1.000,-90.00,180.00,-31.50,CLOSED,0
669671.402,0,0,0,0.998,1.000,1.000,-90.00,180.00,-31.50,CLOSED,0
669671.411,0,0,0,1.000,1.000,1.000,-90.00,180.00,-31.50,CLOSED,0
669671.419,0,0,0,1.000,1.000,1.000,-90.00,180.00,-31.50,CLOSED,0
669671.426,0,0,0,1.000,1.000,1.000,-90.00,180.00,-31.50,CLOSED,0
669671.433,0,0,0,1.000,1.000,1.000,-90.00,180.00,-31.50,CLOSED,0
669671.440,0,0,0,1.000,1.000,1.000,-90.00,180.00,-31.50,CLOSED,0
669671.448,0,0,0,1.000,1.000,1.000,-90.00,180.00,-31.50,CLOSED,0
669671.453,0,0,0,1.000,1.000,1.000,-90.00,180.00,-31.50,CLOSED,0
669671.457,0,0,0,1.000,1.000,1.000,-90.00,180.00,-31.50,CLOSED,0
669671.462,0,0,0,1.000,1.000,1.000,-90.00,180.00,-31.50,CLOSED,0
669671.466,0,0,0,1.000,1.000,1.000,-90.00,180.00,-31.50,CLOSED,0
669671.470,0,0,0,1.000,1.000,1.000,-90.00,180.00,-31.50,CLOSED,0
669671.476,0,0,0,1.000,1.000,1.000,-90.00,180.00,-31.50,CLOSED,0
669671.480,0,0,0,1.000,1.000,1.000,-90.00,180.00,-31.50,CLOSED,0
669671.484,0,0,0,1.000,1.000,1.000,-90.00,180.00,-31.50,CLOSED,0
669671.489,0,0,0,1.000,1.000,1.000,-90.00,180.00,-31.50,CLOSED,0
669671.494,0,0,0,1.000,1.000,1.000,-90.00,180.00,-31.50,CLOSED,0
669671.498,0,0,0,1.000,1.000,1.000,-90.00,180.00,-31.50,CLOSED,0
669671.502,0,0,0,1.000,1.000,1.000,-90.00,180.00,-31.50,CLOSED,0
669671.506,0,0,0,1.000,1.000,1.000,-90.00,180.00,-31.50,CLOSED,0
669671.510,0,0,0,1.000,1.000,1.000,-90.00,180.00,-31.50,CLOSED,0
669671.517,0,0,0,1.000,1.000,1.000,-90.00,180.00,-31.50,CLOSED,0
669671.522,0,0,0,1.000,1.000,1.000,-90.00,180.00,-31.50,CLOSED,0
669671.526,0,0,0,1.000,1.000,1.000,-90.00,180.00,-31.50,CLOSED,0
669671.530,0,0,0,1.000,1.000,1.000,-90.00,180.00,-31.50,CLOSED,0
669671.534,0,0,0,1.000,1.000,1.000,-90.00,180.00,-31.50,CLOSED,0
669671.539,0,0,0,1.000,1.000,1.000,-90.00,180.00,-31.50,CLOSED,0
669671.543,0,0,0,1.000,1.000,1.000,-90.00,180.00,-31.50,CLOSED,0
669671.547,0,0,0,1.000,1.000,1.000,-90.00,180.00,-31.50,CLOSED,0
669671.551,0,0,0,1.000,1.000,1.000,-90.00,180.00,-31.50,CLOSED,0
669671.555,0,0,0,1.000,1.000,1.000,-90.00,180.00,-31.50,CLOSED,0
669671.559,0,0,0,1.000,1.000,1.000,-90.00,180.00,-31.50,CLOSED,0
669671.562,0,0,0,1.000,1.000,1.000,-90.00,180.00,-31.50,CLOSED,0
669671.566,0,0,0,1.000,1.000,1.000,-90.00,180.00,-31.50,CLOSED,0
669671.571,0,0,0,1.000,1.000,1.000,-90.00,180.00,-31.50,CLOSED,0
669671.580,0,0,0,1.000,1.000,1.000,-90.00,180.00,-31.50,CLOSED,0
669671.585,0,0,0,1.000,1.000,1.000,-90.00,180.00,-31.50,CLOSED,0
669671.591,0,0,0,1.000,1.000,1.000,-90.00,180.00,-31.50,CLOSED,0
669671.600,0,0,0,1.000,1.000,1.000,-90.00,180.00,-31.50,CLOSED,0
669671.604,0,0,0,1.000,1.000,1.000,-90.00,180.00,-31.50,CLOSED,0
669671.612,0,0,0,1.000,1.000,1.000,-90.00,180.00,-31.50,CLOSED,0
669671.616,0,0,0,1.000,1.000,1.000,-90.00,180.00,-31.50,CLOSED,0
669671.620,0,0,0,1.000,1.000,1.000,-90.00,180.00,-31.50,CLOSED,0
669671.624,0,0,0,1.000,1.000,1.000,-90.00,180.00,-31.50,CLOSED,0
669671.627,0,0,0,1.000,1.000,1.000,-90.00,180.00,-31.50,CLOSED,0
669671.631,0,0,0,1.000,1.000,1.000,-90.00,180.00,-31.50,CLOSED,0
669671.643,0,0,0,1.000,1.000,1.000,-90.00,180.00,-31.50,CLOSED,0
669671.652,0,0,0,1.000,1.000,1.000,-90.00,180.00,-31.50,CLOSED,0
669671.662,0,0,0,1.000,1.000,1.000,-90.00,180.00,-31.50,CLOSED,0
669671.667,0,0,0,1.000,1.000,1.000,-90.00,180.00,-31.50,CLOSED,0
669671.680,0,0,0,1.000,1.000,1.000,-90.00,180.00,-31.50,CLOSED,0
669671.689,0,0,0,1.000,1.000,1.000,-90.00,180.00,-31.50,CLOSED,0
669671.698,0,0,0,1.000,1.000,1.000,-90.00,180.00,-31.50,CLOSED,0
669671.706,0,0,0,1.000,1.000,1.000,-90.00,180.00,-31.50,CLOSED,0
669671.714,0,0,0,1.000,1.000,1.000,-90.00,180.00,-31.50,CLOSED,0
669671.722,0,0,0,1.000,1.000,1.000,-90.00,180.00,-31.50,CLOSED,0
669671.730,0,0,0,1.000,1.000,1.000,-90.00,180.00,-31.50,CLOSED,0
669671.738,0,0,0,1.000,1.000,1.000,-90.00,180.00,-31.50,CLOSED,0
669671.746,0,0,0,1.000,1.000,1.000,-90.00,180.00,-31.50,CLOSED,0
669671.752,0,0,0,1.000,1.000,1.000,-90.00,180.00,-31.50,CLOSED,0
669671.757,0,0,0,1.000,1.000,1.000,-90.00,180.00,-31.50,CLOSED,0
669671.761,0,0,0,1.000,1.000,1.000,-90.00,180.00,-31.50,CLOSED,0
669671.765,0,0,0,1.000,1.000,1.000,-90.00,180.00,-31.50,CLOSED,0
669671.769,0,0,0,1.000,1.000,1.000,-90.00,180.00,-31.50,CLOSED,0
669671.773,0,0,0,1.000,1.000,1.000,-90.00,180.00,-31.50,CLOSED,0
669671.777,0,0,0,1.000,1.000,1.000,-90.00,180.00,-31.50,CLOSED,0
669671.781,0,0,0,1.000,1.000,1.000,-90.00,180.00,-31.50,CLOSED,0
669671.785,0,0,0,1.000,1.000,1.000,-90.00,180.00,-31.50,CLOSED,0
669671.789,0,0,0,1.000,1.000,1.000,-90.00,180.00,-31.50,CLOSED,0
669671.794,0,0,0,1.000,1.000,1.000,-90.00,180.00,-31.50,CLOSED,0
669671.797,0,0,0,1.000,1.000,1.000,-90.00,180.00,-31.50,CLOSED,0
669671.805,0,0,0,1.000,1.000,1.000,-90.00,180.00,-31.50,CLOSED,0
669671.813,0,0,0,1.000,1.000,1.000,-90.00,180.00,-31.50,CLOSED,0
669671.817,0,0,0,1.000,1.000,1.000,-90.00,180.00,-31.50,CLOSED,0
669671.822,0,0,0,1.000,1.000,1.000,-90.00,180.00,-31.50,CLOSED,0
669671.826,0,0,0,1.000,1.000,1.000,-90.00,180.00,-31.50,CLOSED,0
669671.830,0,0,0,1.000,1.000,1.000,-90.00,180.00,-31.50,CLOSED,0
669671.834,0,0,0,1.000,1.000,1.000,-90.00,180.00,-31.50,CLOSED,0
669671.838,0,0,0,1.000,1.000,1.000,-90.00,180.00,-31.50,CLOSED,0
669671.842,0,0,0,1.000,1.000,1.000,-90.00,180.00,-31.50,CLOSED,0
669671.846,0,0,0,1.000,1.000,1.000,-90.00,180.00,-31.50,CLOSED,0
669671.850,0,0,0,1.000,1.000,1.000,-90.00,180.00,-31.50,CLOSED,0
669671.854,0,0,0,1.000,1.000,1.000,-90.00,180.00,-31.50,CLOSED,0
669671.862,0,0,0,1.000,1.000,1.000,-90.00,180.00,-31.50,CLOSED,0
669671.866,0,0,0,1.000,1.000,1.000,-90.00,180.00,-31.50,CLOSED,0
669671.870,0,0,0,1.000,1.000,1.000,-90.00,180.00,-31.50,CLOSED,0
669671.874,0,0,0,1.000,1.000,1.000,-90.00,180.00,-31.50,CLOSED,0
669671.878,0,0,0,1.000,1.000,1.000,-90.00,180.00,-31.50,CLOSED,0
669671.882,0,0,0,1.000,1.000,1.000,-90.00,180.00,-31.50,CLOSED,0
669671.886,0,0,0,1.000,1.000,1.000,-90.00,180.00,-31.50,CLOSED,0
669671.894,0,0,0,1.000,1.000,1.000,-90.00,180.00,-31.50,CLOSED,0
669671.898,0,0,0,1.000,1.000,1.000,-90.00,180.00,-31.50,CLOSED,0
669671.903,0,0,0,1.000,1.000,1.000,-90.00,180.00,-31.50,CLOSED,0
669671.907,0,0,0,1.000,1.000,1.000,-90.00,180.00,-31.50,CLOSED,0
669671.910,0,0,0,1.000,1.000,1.000,-90.00,180.00,-31.50,CLOSED,0
669671.914,0,0,0,1.000,1.000,1.000,-90.00,180.00,-31.50,CLOSED,0
669671.918,0,0,0,1.000,1.000,1.000,-90.00,180.00,-31.50,CLOSED,0
669671.922,0,0,0,1.000,1.000,1.000,-90.00,180.00,-31.50,CLOSED,0
669671.926,0,0,0,1.000,1.000,1.000,-90.00,180.00,-31.50,CLOSED,0
669671.929,0,0,0,1.000,1.000,1.000,-90.00,180.00,-31.50,CLOSED,0
669671.933,0,0,0,1.000,1.000,1.000,-90.00,180.00,-31.50,CLOSED,0
669671.938,0,0,0,1.000,1.000,1.000,-90.00,180.00,-31.50,CLOSED,0
669671.942,0,0,0,1.000,1.000,1.000,-90.00,180.00,-31.50,CLOSED,0
669671.946,0,0,0,1.000,1.000,1.000,-90.00,180.00,-31.50,CLOSED,0
669671.949,0,0,0,1.000,1.000,1.000,-90.00,180.00,-31.50,CLOSED,0
669671.953,0,0,0,1.000,1.000,1.000,-90.00,180.00,-31.50,CLOSED,0
669671.958,0,0,0,1.000,1.000,1.000,-90.00,180.00,-31.50,CLOSED,0
669671.962,0,0,0,1.000,1.000,1.000,-90.00,180.00,-31.50,CLOSED,0
669671.967,0,0,0,1.000,1.000,1.000,-90.00,180.00,-31.50,CLOSED,0
669671.971,0,0,0,1.000,1.000,1.000,-90.00,180.00,-31.50,CLOSED,0
669671.974,0,0,0,1.000,1.000,1.000,-90.00,180.00,-31.50,CLOSED,0
669671.978,0,0,0,1.000,1.000,1.000,-90.00,180.00,-31.50,CLOSED,0
669671.982,0,0,0,1.000,1.000,1.000,-90.00,180.00,-31.50,CLOSED,0
669671.986,0,0,0,1.000,1.000,1.000,-90.00,180.00,-31.50,CLOSED,0
669671.990,0,0,0,1.000,1.000,1.000,-90.00,180.00,-31.50,CLOSED,0
669671.994,0,0,0,1.000,1.000,1.000,-90.00,180.00,-31.50,CLOSED,0
669671.998,0,0,0,1.000,1.000,1.000,-90.00,180.00,-31.50,CLOSED,0
669672.002,0,0,0,1.000,1.000,1.000,-90.00,180.00,-31.50,CLOSED,0
669672.006,0,0,0,1.000,1.000,1.000,-90.00,180.00,-31.50,CLOSED,0
669672.012,0,0,0,1.000,1.000,1.000,-90.00,180.00,-31.50,CLOSED,0
669672.017,0,0,0,1.000,1.000,1.000,-90.00,180.00,-31.50,CLOSED,0
669672.021,0,0,0,1.000,1.000,1.000,-90.00,180.00,-31.50,CLOSED,0
669672.026,0,0,0,1.000,1.000,1.000,-90.00,180.00,-31.50,CLOSED,0
669672.030,0,0,0,1.000,1.000,1.000,-90.00,180.00,-31.50,CLOSED,0
669672.034,0,0,0,1.000,1.000,1.000,-90.00,180.00,-31.50,CLOSED,0
669672.038,0,0,0,1.000,1.000,1.000,-90.00,180.00,-31.50,CLOSED,0
669672.043,0,0,0,1.000,1.000,1.000,-90.00,180.00,-31.50,CLOSED,0
669672.046,0,0,0,1.000,1.000,1.000,-90.00,180.00,-31.50,CLOSED,0
669672.050,0,0,0,1.000,1.000,1.000,-90.00,180.00,-31.50,CLOSED,0
669672.054,0,0,0,1.000,0.999,1.000,-90.00,180.00,-31.50,CLOSED,0
669672.059,0,0,0,1.000,0.998,1.000,-90.00,180.00,-31.50,CLOSED,0
669672.062,0,0,0,1.000,0.994,1.000,-90.00,180.00,-31.50,CLOSED,0
669672.066,0,0,0,1.000,0.973,1.000,-90.00,180.00,-31.50,CLOSED,0
669672.070,0,0,0,1.000,0.706,1.000,-90.00,180.00,-31.50,CLOSED,0
669672.078,0,0,0,1.000,0.835,1.000,-90.00,180.00,-31.50,CLOSED,0
669672.082,0,0,0,1.000,0.947,1.000,-90.00,180.00,-31.50,CLOSED,0
669672.087,0,0,0,1.000,0.962,1.000,-90.00,180.00,-31.50,CLOSED,0
669672.095,0,0,0,1.000,0.954,1.000,-90.00,180.00,-31.50,CLOSED,0
669672.103,0,0,0,1.000,0.886,1.000,-90.00,180.00,-31.50,CLOSED,0
669672.107,0,0,0,1.000,0.583,1.000,-90.00,180.00,-31.50,CLOSED,0
669672.111,0,0,0,1.000,0.745,1.000,-90.00,180.00,-31.50,CLOSED,0
669672.115,0,0,0,1.000,0.909,1.000,-90.00,180.00,-31.50,CLOSED,0
669672.120,0,0,0,1.000,0.961,0.999,-90.00,180.00,-31.50,CLOSED,0
669672.123,0,0,0,1.000,0.986,0.998,-90.00,180.00,-31.50,CLOSED,0
669672.127,0,0,0,1.000,0.994,0.997,-90.00,180.00,-31.50,CLOSED,0
669672.131,0,0,0,1.000,0.996,0.996,-90.00,180.00,-31.50,CLOSED,0
669672.137,0,0,0,1.000,0.997,0.995,-90.00,180.00,-31.50,CLOSED,0
669672.141,0,0,0,1.000,0.998,0.995,-90.00,180.00,-31.50,CLOSED,0
669672.145,0,0,0,1.000,0.998,0.994,-90.00,180.00,-31.50,CLOSED,0
669672.148,0,0,0,1.000,0.998,0.994,-90.00,180.00,-31.50,CLOSED,0
669672.153,0,0,0,1.000,0.999,0.992,-90.00,180.00,-31.50,CLOSED,0
669672.160,0,0,0,1.000,0.999,0.987,-90.00,180.00,-31.50,CLOSED,0
669672.166,0,0,0,1.000,0.999,0.979,-90.00,180.00,-31.50,CLOSED,0
669672.170,0,0,0,1.000,0.999,0.969,-90.00,180.00,-31.50,CLOSED,0
669672.174,0,0,0,1.000,1.000,0.968,-90.00,180.00,-31.50,CLOSED,0
669672.178,0,0,0,1.000,1.000,0.970,-90.00,180.00,-31.50,CLOSED,0
669672.182,0,0,0,1.000,1.000,0.976,-90.00,180.00,-31.50,CLOSED,0
669672.185,0,0,0,1.000,1.000,0.979,-90.00,180.00,-31.50,CLOSED,0
669672.189,0,0,0,1.000,0.999,0.980,-90.00,180.00,-31.50,CLOSED,0
669672.193,0,0,0,1.000,0.999,0.982,-90.00,180.00,-31.50,CLOSED,0
669672.198,0,0,0,1.000,0.998,0.983,-90.00,180.00,-31.50,CLOSED,0
669672.202,0,0,0,1.000,0.994,0.979,-90.00,180.00,-31.50,CLOSED,0
669672.206,0,0,0,1.000,0.980,0.973,-90.00,180.00,-31.50,CLOSED,0
669672.210,0,0,0,1.000,0.943,0.951,-90.00,180.00,-31.50,CLOSED,0
669672.213,0,0,0,1.000,0.888,0.924,-90.00,180.00,-31.50,CLOSED,0
669672.217,0,0,0,1.000,0.865,0.897,-90.00,180.00,-31.50,CLOSED,0
669672.221,0,0,0,1.000,0.869,0.887,-90.00,180.00,-31.50,CLOSED,0
669672.225,0,0,0,1.000,0.854,0.901,-90.00,180.00,-31.50,CLOSED,0
669672.230,0,0,0,1.000,0.831,0.929,-90.00,180.00,-31.50,CLOSED,0
669672.234,0,0,0,1.000,0.825,0.960,-90.00,180.00,-31.50,CLOSED,0
669672.238,0,0,0,1.000,0.859,0.977,-90.00,180.00,-31.50,CLOSED,0
669672.241,0,0,0,1.000,0.906,0.988,-90.00,180.00,-31.50,CLOSED,0
669672.249,0,0,0,1.000,0.942,0.992,-90.00,180.00,-31.50,CLOSED,0
669672.253,0,0,0,1.000,0.969,0.995,-90.00,180.00,-31.50,CLOSED,0
669672.259,0,0,0,1.000,0.981,0.997,-90.00,180.00,-31.50,CLOSED,0
669672.269,0,0,0,1.000,0.989,0.998,-90.00,180.00,-31.50,CLOSED,0
669672.275,0,0,0,1.000,0.992,0.998,-90.00,180.00,-31.50,CLOSED,0
669672.279,0,0,0,1.000,0.995,0.998,-90.00,180.00,-31.50,CLOSED,0
669672.282,0,0,0,1.000,0.996,0.998,-90.00,180.00,-31.50,CLOSED,0
669672.286,0,0,0,1.000,0.997,0.998,-90.00,180.00,-31.50,CLOSED,0
669672.290,0,0,0,1.000,0.996,0.997,-90.00,180.00,-31.50,CLOSED,0
669672.294,0,0,0,1.000,0.995,0.996,-90.00,180.00,-31.50,CLOSED,0
669672.298,0,0,0,1.000,0.989,0.994,-90.00,180.00,-31.50,CLOSED,0
669672.301,0,0,0,1.000,0.962,0.989,-90.00,180.00,-31.50,CLOSED,0
669672.309,0,0,0,1.000,0.843,0.982,-90.00,180.00,-31.50,CLOSED,0
669672.314,0,0,0,1.000,0.502,0.973,-90.00,180.00,-31.50,CLOSED,0
669672.318,0,0,0,1.000,0.804,0.970,-90.00,180.00,-31.50,CLOSED,0
669672.322,0,0,0,1.000,0.892,0.972,-90.00,180.00,-31.50,CLOSED,0
669672.327,0,0,0,1.000,0.892,0.979,-90.00,180.00,-31.50,CLOSED,0
669672.331,0,0,0,1.000,0.818,0.984,-90.00,180.00,-31.50,CLOSED,0
669672.337,0,0,0,1.000,0.657,0.989,-90.00,180.00,-31.50,CLOSED,0
669672.344,0,0,0,1.000,0.515,0.990,-90.00,180.00,-31.50,CLOSED,0
669672.351,0,0,0,1.000,0.650,0.990,-90.00,180.00,-31.50,CLOSED,0
669672.358,0,0,0,1.000,0.754,0.989,-90.00,180.00,-31.50,CLOSED,0
669672.366,0,0,0,1.000,0.770,0.988,-90.00,180.00,-31.50,CLOSED,0
669672.372,0,0,0,1.000,0.735,0.985,-90.00,180.00,-31.50,CLOSED,0
669672.381,0,0,0,1.000,0.698,0.983,-90.00,180.00,-31.50,CLOSED,0
669672.387,0,0,0,1.000,0.645,0.984,-90.00,180.00,-31.50,CLOSED,0
669672.395,0,0,0,1.000,0.608,0.985,-90.00,180.00,-31.50,CLOSED,0
669672.404,0,0,0,1.000,0.618,0.989,-90.00,180.00,-31.50,CLOSED,0
669672.412,0,0,0,1.000,0.718,0.990,-90.00,180.00,-31.50,CLOSED,0
669672.421,0,0,0,1.000,0.775,0.992,-90.00,180.00,-31.50,CLOSED,0
669672.430,0,0,0,1.000,0.844,0.990,-90.00,180.00,-31.50,CLOSED,0
669672.442,0,0,0,1.000,0.898,0.991,-90.00,180.00,-31.50,CLOSED,0
669672.453,0,0,0,1.000,0.915,0.989,-90.00,180.00,-31.50,CLOSED,0
669672.463,0,0,0,1.000,0.913,0.986,-90.00,180.00,-31.50,CLOSED,0
669672.472,0,0,0,1.000,0.908,0.983,-90.00,180.00,-31.50,CLOSED,0
669672.481,0,0,0,1.000,0.883,0.972,-90.00,180.00,-31.50,CLOSED,0
669672.491,0,0,0,1.000,0.875,0.955,-90.00,180.00,-31.50,CLOSED,0
669672.500,0,0,0,1.000,0.937,0.949,-90.00,180.00,-31.50,CLOSED,0
669672.505,0,0,0,1.000,0.978,0.950,-90.00,180.00,-31.50,CLOSED,0
669672.514,0,0,0,1.000,0.992,0.962,-90.00,180.00,-31.50,CLOSED,0
669672.522,0,0,0,1.000,0.996,0.970,-90.00,180.00,-31.50,CLOSED,0
669672.531,0,0,0,1.000,0.997,0.974,-90.00,180.00,-31.50,CLOSED,0
669672.539,0,0,0,1.000,0.998,0.978,-90.00,180.00,-31.50,CLOSED,0
669672.547,0,0,0,1.000,0.998,0.979,-90.00,180.00,-31.50,CLOSED,0
669672.556,0,0,0,1.000,0.997,0.977,-90.00,180.00,-31.50,CLOSED,0
669672.562,0,0,0,1.000,0.994,0.975,-90.00,180.00,-31.50,CLOSED,0
669672.566,0,0,0,1.000,0.987,0.974,-90.00,180.00,-31.50,CLOSED,0
669672.570,0,0,0,1.000,0.955,0.970,-90.00,180.00,-31.50,CLOSED,0
669672.574,0,0,0,1.000,0.852,0.962,-90.00,180.00,-31.50,CLOSED,0
669672.582,0,0,0,1.000,0.690,0.959,-90.00,180.00,-31.50,CLOSED,0
669672.586,0,0,0,1.000,0.531,0.957,-90.00,180.00,-31.50,CLOSED,0
669672.593,0,0,0,1.000,0.596,0.954,-90.00,180.00,-31.50,CLOSED,0
669672.598,0,0,0,1.000,0.509,0.960,-90.00,180.00,-31.50,CLOSED,0
669672.603,0,0,0,1.000,0.617,0.963,-90.00,180.00,-31.50,CLOSED,0
669672.606,0,0,0,1.000,0.725,0.964,-90.00,180.00,-31.50,CLOSED,0
669672.611,0,0,0,1.000,0.760,0.968,-90.00,180.00,-31.50,CLOSED,0
669672.614,0,0,0,1.000,0.755,0.971,-90.00,180.00,-31.50,CLOSED,0
669672.619,0,0,0,1.000,0.711,0.976,-90.00,180.00,-31.50,CLOSED,0
669672.623,0,0,0,1.000,0.637,0.980,-90.00,180.00,-31.50,CLOSED,0
669672.626,0,0,0,1.000,0.555,0.980,-90.00,180.00,-31.50,CLOSED,0
669672.630,0,0,0,1.000,0.519,0.983,-90.00,180.00,-31.50,CLOSED,0
669672.634,0,0,0,1.000,0.550,0.983,-90.00,180.00,-31.50,CLOSED,0
669672.638,0,0,0,1.000,0.720,0.981,-90.00,180.00,-31.50,CLOSED,0
669672.642,0,0,0,1.000,0.863,0.972,-90.00,180.00,-31.50,CLOSED,0
669672.646,0,0,0,1.000,0.956,0.953,-90.00,180.00,-31.50,CLOSED,0
669672.650,0,0,0,1.000,0.980,0.932,-90.00,180.00,-31.50,CLOSED,0
669672.665,0,0,0,1.000,0.987,0.903,-90.00,180.00,-31.50,CLOSED,0
669672.670,0,0,0,1.000,0.988,0.892,-90.00,180.00,-31.50,CLOSED,0
669672.674,0,0,0,1.000,0.986,0.895,-90.00,180.00,-31.50,CLOSED,0
669672.678,0,0,0,1.000,0.977,0.924,-90.00,180.00,-31.50,CLOSED,0
669672.681,0,0,0,1.000,0.950,0.968,-90.00,180.00,-31.50,CLOSED,0
669672.687,0,0,0,1.000,0.926,0.987,-90.00,180.00,-31.50,CLOSED,0
669672.691,0,0,0,1.000,0.941,0.996,-90.00,180.00,-31.50,CLOSED,0
669672.695,0,0,0,1.000,0.975,0.999,-90.00,180.00,-31.50,CLOSED,0
669672.699,0,0,0,1.000,0.987,0.999,-90.00,180.00,-31.50,CLOSED,0
669672.703,0,0,0,1.000,0.995,0.999,-90.00,180.00,-31.50,CLOSED,0
669672.712,0,0,0,1.000,0.999,0.999,-90.00,180.00,-31.50,CLOSED,0
669672.720,0,0,0,1.000,1.000,0.999,-90.00,180.00,-31.50,CLOSED,0
669672.724,0,0,0,1.000,1.000,0.999,-90.00,180.00,-31.50,CLOSED,0
669672.728,0,0,0,1.000,1.000,0.999,-90.00,180.00,-31.50,CLOSED,0
669672.733,0,0,0,1.000,1.000,1.000,-90.00,180.00,-31.50,CLOSED,0
669672.738,0,0,0,1.000,1.000,1.000,-90.00,180.00,-31.50,CLOSED,0
669672.742,0,0,0,1.000,1.000,1.000,-90.00,180.00,-31.50,CLOSED,0
669672.745,0,0,0,1.000,1.000,1.000,-90.00,180.00,-31.50,CLOSED,0
669672.749,0,0,0,1.000,0.998,1.000,-90.00,180.00,-31.50,CLOSED,0
669672.753,0,0,0,0.999,0.998,1.000,-90.00,180.00,-31.50,CLOSED,0
669672.756,0,0,0,0.999,0.998,1.000,-90.00,180.00,-31.50,CLOSED,0
669672.763,0,0,0,0.999,0.999,1.000,-90.00,180.00,-31.50,CLOSED,0
669672.770,0,0,0,1.000,1.000,1.000,-90.00,180.00,-31.50,CLOSED,0
669672.779,0,0,0,1.000,1.000,1.000,-90.00,180.00,-31.50,CLOSED,0
669672.788,0,0,0,1.000,1.000,1.000,-90.00,180.00,-31.50,CLOSED,0
669672.796,0,0,0,1.000,1.000,1.000,-90.00,180.00,-31.50,CLOSED,0
669672.804,0,0,0,1.000,1.000,1.000,-90.00,180.00,-31.50,CLOSED,0
669672.812,0,0,0,1.000,1.000,1.000,-90.00,180.00,-31.50,CLOSED,0
669672.820,0,0,0,1.000,1.000,1.000,-90.00,180.00,-31.50,CLOSED,0
669672.828,0,0,0,1.000,1.000,1.000,-90.00,180.00,-31.50,CLOSED,0
669672.832,0,0,0,1.000,1.000,1.000,-90.00,180.00,-31.50,CLOSED,0
669672.837,0,0,0,1.000,1.000,1.000,-90.00,180.00,-31.50,CLOSED,0
669672.845,0,0,0,1.000,1.000,1.000,-90.00,180.00,-31.50,CLOSED,0
669672.849,0,0,0,1.000,1.000,1.000,-90.00,180.00,-31.50,CLOSED,0
669672.854,0,0,0,1.000,1.000,1.000,-90.00,180.00,-31.50,CLOSED,0
669672.857,0,0,0,1.000,1.000,1.000,-90.00,180.00,-31.50,CLOSED,0
669672.861,0,0,0,1.000,1.000,1.000,-90.00,180.00,-31.50,CLOSED,0
669672.865,0,0,0,1.000,1.000,1.000,-90.00,180.00,-31.50,CLOSED,0
669672.868,0,0,0,1.000,1.000,1.000,-90.00,180.00,-31.50,CLOSED,0
669672.877,0,0,0,1.000,1.000,1.000,-90.00,180.00,-31.50,CLOSED,0
669672.882,0,0,0,1.000,1.000,1.000,-90.00,180.00,-31.50,CLOSED,0
669672.887,0,0,0,1.000,1.000,1.000,-90.00,180.00,-31.50,CLOSED,0
669672.891,0,0,0,1.000,1.000,1.000,-90.00,180.00,-31.50,CLOSED,0
669672.894,0,0,0,1.000,1.000,1.000,-90.00,180.00,-31.50,CLOSED,0
669672.898,0,0,0,1.000,1.000,1.000,-90.00,180.00,-31.50,CLOSED,0
669672.902,0,0,0,1.000,1.000,1.000,-90.00,180.00,-31.50,CLOSED,0
669672.907,0,0,0,1.000,1.000,1.000,-90.00,180.00,-31.50,CLOSED,0
669672.911,0,0,0,1.000,1.000,1.000,-90.00,180.00,-31.50,CLOSED,0
669672.917,0,0,0,1.000,1.000,1.000,-90.00,180.00,-31.50,CLOSED,0
669672.922,0,0,0,1.000,1.000,1.000,-90.00,180.00,-31.50,CLOSED,0
669672.930,0,0,0,1.000,1.000,1.000,-90.00,180.00,-31.50,CLOSED,0
669672.934,0,0,0,1.000,1.000,1.000,-90.00,180.00,-31.50,CLOSED,0
669672.938,0,0,0,1.000,1.000,1.000,-90.00,180.00,-31.50,CLOSED,0
669672.942,0,0,0,1.000,1.000,1.000,-90.00,180.00,-31.50,CLOSED,0
669672.946,0,0,0,1.000,1.000,1.000,-90.00,180.00,-31.50,CLOSED,0
669672.950,0,0,0,1.000,1.000,1.000,-90.00,180.00,-31.50,CLOSED,0
669672.954,0,0,0,1.000,1.000,1.000,-90.00,180.00,-31.50,CLOSED,0
669672.958,0,0,0,1.000,1.000,1.000,-90.00,180.00,-31.50,CLOSED,0
669672.962,0,0,0,1.000,1.000,1.000,-90.00,180.00,-31.50,CLOSED,0
669672.969,0,0,0,1.000,1.000,1.000,-90.00,180.00,-31.50,CLOSED,0
669672.973,0,0,0,1.000,1.000,1.000,-90.00,180.00,-31.50,CLOSED,0
669672.977,0,0,0,1.000,1.000,1.000,-90.00,180.00,-31.50,CLOSED,0
669672.981,0,0,0,1.000,1.000,1.000,-90.00,180.00,-31.50,CLOSED,0
669672.986,0,0,0,1.000,1.000,1.000,-90.00,180.00,-31.50,CLOSED,0
669672.989,0,0,0,1.000,1.000,1.000,-90.00,180.00,-31.50,CLOSED,0
669672.993,0,0,0,1.000,1.000,1.000,-90.00,180.00,-31.50,CLOSED,0
669672.997,0,0,0,1.000,1.000,1.000,-90.00,180.00,-31.50,CLOSED,0
669673.001,0,0,0,1.000,1.000,1.000,-90.00,180.00,-31.50,CLOSED,0
669673.005,0,0,0,1.000,1.000,1.000,-90.00,180.00,-31.50,CLOSED,0
669673.009,0,0,0,1.000,1.000,1.000,-90.00,180.00,-31.50,CLOSED,0
669673.013,0,0,0,1.000,1.000,1.000,-90.00,180.00,-31.50,CLOSED,0
669673.021,0,0,0,1.000,1.000,1.000,-90.00,180.00,-31.50,CLOSED,0
669673.026,0,0,0,1.000,1.000,1.000,-90.00,180.00,-31.50,CLOSED,0
669673.030,0,0,0,1.000,1.000,1.000,-90.00,180.00,-31.50,CLOSED,0
669673.034,0,0,0,1.000,1.000,1.000,-90.00,180.00,-31.50,CLOSED,0
669673.039,0,0,0,1.000,1.000,1.000,-90.00,180.00,-31.50,CLOSED,0
669673.043,0,0,0,1.000,1.000,1.000,-90.00,180.00,-31.50,CLOSED,0
669673.046,0,0,0,1.000,1.000,1.000,-90.00,180.00,-31.50,CLOSED,0
669673.051,0,0,0,1.000,1.000,1.000,-90.00,180.00,-31.50,CLOSED,0
669673.057,0,0,0,1.000,1.000,1.000,-90.00,180.00,-31.50,CLOSED,0
669673.063,0,0,0,1.000,1.000,1.000,-90.00,180.00,-31.50,CLOSED,0
669673.066,0,0,0,1.000,1.000,1.000,-90.00,180.00,-31.50,CLOSED,0
669673.070,0,0,0,1.000,1.000,1.000,-90.00,180.00,-31.50,CLOSED,0
669673.074,0,0,0,1.000,1.000,1.000,-90.00,180.00,-31.50,CLOSED,0
669673.078,0,0,0,1.000,1.000,1.000,-90.00,180.00,-31.50,CLOSED,0
669673.082,0,0,0,1.000,1.000,1.000,-90.00,180.00,-31.50,CLOSED,0
669673.086,0,0,0,1.000,1.000,1.000,-90.00,180.00,-31.50,CLOSED,0
669673.089,0,0,0,1.000,1.000,1.000,-90.00,180.00,-31.50,CLOSED,0
669673.094,0,0,0,1.000,1.000,1.000,-90.00,180.00,-31.50,CLOSED,0
669673.098,0,0,0,1.000,1.000,1.000,-90.00,180.00,-31.50,CLOSED,0
669673.102,0,0,0,1.000,1.000,1.000,-90.00,180.00,-31.50,CLOSED,0
669673.106,0,0,0,1.000,1.000,1.000,-90.00,180.00,-31.50,CLOSED,0
669673.116,0,0,0,1.000,1.000,1.000,-90.00,180.00,-31.50,CLOSED,0
669673.120,0,0,0,1.000,1.000,1.000,-90.00,180.00,-31.50,CLOSED,0
669673.124,0,0,0,1.000,1.000,1.000,-90.00,180.00,-31.50,CLOSED,0
669673.127,0,0,0,1.000,1.000,1.000,-90.00,180.00,-31.50,CLOSED,0
669673.132,0,0,0,1.000,1.000,1.000,-90.00,180.00,-31.50,CLOSED,0
669673.135,0,0,0,1.000,1.000,1.000,-90.00,180.00,-31.50,CLOSED,0
669673.139,0,0,0,1.000,1.000,1.000,-90.00,180.00,-31.50,CLOSED,0
669673.143,0,0,0,1.000,1.000,1.000,-90.00,180.00,-31.50,CLOSED,0
669673.147,0,0,0,1.000,1.000,1.000,-90.00,180.00,-31.50,CLOSED,0
669673.151,0,0,0,1.000,1.000,1.000,-90.00,180.00,-31.50,CLOSED,0
669673.155,0,0,0,1.000,1.000,1.000,-90.00,180.00,-31.50,CLOSED,0
669673.160,0,0,0,1.000,1.000,1.000,-90.00,180.00,-31.50,CLOSED,0
669673.164,0,0,0,1.000,1.000,1.000,-90.00,180.00,-31.50,CLOSED,0
669673.168,0,0,0,1.000,1.000,1.000,-90.00,180.00,-31.50,CLOSED,0
669673.172,0,0,0,1.000,1.000,1.000,-90.00,180.00,-31.50,CLOSED,0
669673.176,0,0,0,1.000,1.000,1.000,-90.00,180.00,-31.50,CLOSED,0
669673.179,0,0,0,1.000,1.000,1.000,-90.00,180.00,-31.50,CLOSED,0
669673.183,0,0,0,1.000,1.000,1.000,-90.00,180.00,-31.50,CLOSED,0
669673.189,0,0,0,1.000,1.000,1.000,-90.00,180.00,-31.50,CLOSED,0
669673.193,0,0,0,1.000,1.000,1.000,-90.00,180.00,-31.50,CLOSED,0
669673.197,0,0,0,1.000,1.000,1.000,-90.00,180.00,-31.50,CLOSED,0
669673.201,0,0,0,1.000,1.000,1.000,-90.00,180.00,-31.50,CLOSED,0
669673.205,0,0,0,1.000,1.000,1.000,-90.00,180.00,-31.50,CLOSED,0
669673.209,0,0,0,1.000,1.000,1.000,-90.00,180.00,-31.50,CLOSED,0
669673.213,0,0,0,1.000,1.000,1.000,-90.00,180.00,-31.50,CLOSED,0
669673.217,0,0,0,1.000,1.000,1.000,-90.00,180.00,-31.50,CLOSED,0
669673.221,0,0,0,1.000,1.000,1.000,-90.00,180.00,-31.50,CLOSED,0
669673.225,0,0,0,1.000,1.000,1.000,-90.00,180.00,-31.50,CLOSED,0
669673.228,0,0,0,1.000,1.000,1.000,-90.00,180.00,-31.50,CLOSED,0
669673.232,0,0,0,1.000,1.000,1.000,-90.00,180.00,-31.50,CLOSED,0
669673.237,0,0,0,1.000,1.000,1.000,-90.00,180.00,-31.50,CLOSED,0
669673.240,0,0,0,1.000,1.000,1.000,-90.00,180.00,-31.50,CLOSED,0
669673.244,0,0,0,1.000,1.000,1.000,-90.00,180.00,-31.50,CLOSED,0
669673.248,0,0,0,1.000,1.000,1.000,-90.00,180.00,-31.50,CLOSED,0
669673.252,0,0,0,1.000,1.000,1.000,-90.00,180.00,-31.50,CLOSED,0
669673.256,0,0,0,1.000,1.000,1.000,-90.00,180.00,-31.50,CLOSED,0
669673.259,0,0,0,1.000,1.000,1.000,-90.00,180.00,-31.50,CLOSED,0
669673.263,0,0,0,1.000,1.000,1.000,-90.00,180.00,-31.50,CLOSED,0
669673.267,0,0,0,1.000,1.000,1.000,-90.00,180.00,-31.50,CLOSED,0
669673.271,0,0,0,1.000,1.000,1.000,-90.00,180.00,-31.50,CLOSED,0
669673.274,0,0,0,1.000,1.000,1.000,-90.00,180.00,-31.50,CLOSED,0
669673.278,0,0,0,1.000,1.000,1.000,-90.00,180.00,-31.50,CLOSED,0
669673.282,0,0,0,1.000,1.000,1.000,-90.00,180.00,-31.50,CLOSED,0
669673.286,0,0,0,1.000,1.000,1.000,-90.00,180.00,-31.50,CLOSED,0
669673.289,0,0,0,1.000,1.000,1.000,-90.00,180.00,-31.50,CLOSED,0
669673.294,0,0,0,1.000,1.000,1.000,-90.00,180.00,-31.50,CLOSED,0
669673.298,0,0,0,1.000,1.000,1.000,-90.00,180.00,-31.50,CLOSED,0
669673.301,0,0,0,1.000,1.000,1.000,-90.00,180.00,-31.50,CLOSED,0
669673.305,0,0,0,1.000,1.000,1.000,-90.00,180.00,-31.50,CLOSED,0
669673.313,0,0,0,1.000,1.000,1.000,-90.00,180.00,-31.50,CLOSED,0
669673.317,0,0,0,1.000,1.000,1.000,-90.00,180.00,-31.50,CLOSED,0
669673.323,0,0,0,1.000,1.000,1.000,-90.00,180.00,-31.50,CLOSED,0
669673.327,0,0,0,1.000,1.000,1.000,-90.00,180.00,-31.50,CLOSED,0
669673.330,0,0,0,1.000,1.000,1.000,-90.00,180.00,-31.50,CLOSED,0
669673.334,0,0,0,1.000,1.000,1.000,-90.00,180.00,-31.50,CLOSED,0
669673.337,0,0,0,1.000,1.000,1.000,-90.00,180.00,-31.50,CLOSED,0
669673.342,0,0,0,1.000,1.000,1.000,-90.00,180.00,-31.50,CLOSED,0
669673.347,0,0,0,1.000,1.000,1.000,-90.00,180.00,-31.50,CLOSED,0
669673.352,0,0,0,1.000,1.000,1.000,-90.00,180.00,-31.50,CLOSED,0
669673.356,0,0,0,1.000,1.000,1.000,-90.00,180.00,-31.50,CLOSED,0
669673.360,0,0,0,1.000,1.000,1.000,-90.00,180.00,-31.50,CLOSED,0
669673.365,0,0,0,1.000,1.000,1.000,-90.00,180.00,-31.50,CLOSED,0
669673.369,0,0,0,1.000,1.000,1.000,-90.00,180.00,-31.50,CLOSED,0
669673.373,0,0,0,1.000,1.000,1.000,-90.00,180.00,-31.50,CLOSED,0
669673.378,0,0,0,1.000,1.000,1.000,-90.00,180.00,-31.50,CLOSED,0
669673.382,0,0,0,1.000,1.000,1.000,-90.00,180.00,-31.50,CLOSED,0
669673.386,0,0,0,1.000,1.000,1.000,-90.00,180.00,-31.50,CLOSED,0
669673.394,0,0,0,1.000,1.000,1.000,-90.00,180.00,-31.50,CLOSED,0
669673.397,0,0,0,1.000,1.000,1.000,-90.00,180.00,-31.50,CLOSED,0
669673.401,0,0,0,1.000,1.000,1.000,-90.00,180.00,-31.50,CLOSED,0
669673.405,0,0,0,0.999,1.000,1.000,-90.00,180.00,-31.50,CLOSED,0
669673.412,0,0,0,0.992,1.000,1.000,-90.00,180.00,-31.50,CLOSED,0
669673.420,0,0,0,0.991,1.000,1.000,-90.00,180.00,-31.50,CLOSED,0
669673.427,0,0,0,0.997,1.000,1.000,-90.00,180.00,-31.50,CLOSED,0
669673.431,0,0,0,0.992,1.000,1.000,-90.00,180.00,-31.50,CLOSED,0
669673.435,0,0,0,0.989,1.000,1.000,-90.00,180.00,-31.50,CLOSED,0
669673.439,0,0,0,0.995,1.000,1.000,-90.00,180.00,-31.50,CLOSED,0
669673.447,0,0,0,0.987,1.000,1.000,-90.00,180.00,-31.50,CLOSED,0
669673.451,0,0,0,0.986,1.000,1.000,-90.00,180.00,-31.50,CLOSED,0
669673.455,0,0,0,0.989,1.000,1.000,-90.00,180.00,-31.50,CLOSED,0
669673.459,0,0,0,0.998,0.999,1.000,-90.00,180.00,-31.50,CLOSED,0
669673.462,0,0,0,0.999,0.950,1.000,-90.00,180.00,-31.50,CLOSED,0
669673.466,0,0,0,0.999,0.765,1.000,-90.00,180.00,-31.50,CLOSED,0
669673.470,0,0,0,0.995,0.989,1.000,-90.00,180.00,-31.50,CLOSED,0
669673.473,0,0,0,0.985,0.999,1.000,-90.00,180.00,-31.50,CLOSED,0
669673.477,0,0,0,0.989,1.000,1.000,-90.00,180.00,-31.50,CLOSED,0
669673.481,0,0,0,0.994,1.000,1.000,-90.00,180.00,-31.50,CLOSED,0
669673.486,0,0,0,0.997,1.000,1.000,-90.00,180.00,-31.50,CLOSED,0
669673.490,0,0,0,0.999,1.000,1.000,-90.00,180.00,-31.50,CLOSED,0
669673.494,0,0,0,0.999,1.000,1.000,-90.00,180.00,-31.50,CLOSED,0
669673.498,0,0,0,0.996,1.000,1.000,-90.00,180.00,-31.50,CLOSED,0
669673.503,0,0,0,0.999,1.000,1.000,-90.00,180.00,-31.50,CLOSED,0
669673.507,0,0,0,1.000,1.000,1.000,-90.00,180.00,-31.50,CLOSED,0
669673.512,0,0,0,1.000,1.000,1.000,-90.00,180.00,-31.50,CLOSED,0
669673.516,0,0,0,1.000,1.000,0.999,-90.00,180.00,-31.50,CLOSED,0
669673.521,0,0,0,1.000,1.000,0.998,-90.00,180.00,-31.50,CLOSED,0
669673.527,0,0,0,1.000,1.000,0.996,-90.00,180.00,-31.50,CLOSED,0
669673.531,0,0,0,1.000,1.000,0.994,-90.00,180.00,-31.50,CLOSED,0
669673.536,0,0,0,1.000,1.000,0.993,-90.00,180.00,-31.50,CLOSED,0
669673.540,0,0,0,1.000,1.000,0.992,-90.00,180.00,-31.50,CLOSED,0
669673.543,0,0,0,1.000,1.000,0.990,-90.00,180.00,-31.50,CLOSED,0
669673.547,0,0,0,1.000,1.000,0.988,-90.00,180.00,-31.50,CLOSED,0
669673.551,0,0,0,1.000,1.000,0.987,-90.00,180.00,-31.50,CLOSED,0
669673.555,0,0,0,1.000,1.000,0.986,-90.00,180.00,-31.50,CLOSED,0
669673.559,0,0,0,1.000,1.000,0.986,-90.00,180.00,-31.50,CLOSED,0
669673.563,0,0,0,1.000,1.000,0.989,-90.00,180.00,-31.50,CLOSED,0
669673.567,0,0,0,1.000,1.000,0.991,-90.00,180.00,-31.50,CLOSED,0
669673.572,0,0,0,1.000,1.000,0.993,-90.00,180.00,-31.50,CLOSED,0
669673.576,0,0,0,1.000,0.999,0.994,-90.00,180.00,-31.50,CLOSED,0
669673.582,0,0,0,1.000,0.999,0.994,-90.00,180.00,-31.50,CLOSED,0
669673.586,0,0,0,1.000,0.999,0.994,-90.00,180.00,-31.50,CLOSED,0
669673.590,0,0,0,1.000,0.999,0.994,-90.00,180.00,-31.50,CLOSED,0
669673.594,0,0,0,1.000,0.999,0.993,-90.00,180.00,-31.50,CLOSED,0
669673.597,0,0,0,1.000,0.999,0.993,-90.00,180.00,-31.50,CLOSED,0
669673.601,0,0,0,1.000,0.999,0.991,-90.00,180.00,-31.50,CLOSED,0
669673.605,0,0,0,1.000,0.999,0.989,-90.00,180.00,-31.50,CLOSED,0
669673.609,0,0,0,1.000,1.000,0.989,-90.00,180.00,-31.50,CLOSED,0
669673.613,0,0,0,1.000,1.000,0.988,-90.00,180.00,-31.50,CLOSED,0
669673.617,0,0,0,1.000,1.000,0.991,-90.00,180.00,-31.50,CLOSED,0
669673.621,0,0,0,1.000,1.000,0.995,-90.00,180.00,-31.50,CLOSED,0
669673.625,0,0,0,1.000,1.000,0.997,-90.00,180.00,-31.50,CLOSED,0
669673.629,0,0,0,1.000,1.000,0.998,-90.00,180.00,-31.50,CLOSED,0
669673.633,0,0,0,1.000,1.000,0.999,-90.00,180.00,-31.50,CLOSED,0
669673.636,0,0,0,1.000,1.000,0.999,-90.00,180.00,-31.50,CLOSED,0
669673.641,0,0,0,1.000,1.000,0.999,-90.00,180.00,-31.50,CLOSED,0
669673.644,0,0,0,1.000,1.000,0.999,-90.00,180.00,-31.50,CLOSED,0
669673.648,0,0,0,1.000,1.000,0.999,-90.00,180.00,-31.50,CLOSED,0
669673.652,0,0,0,1.000,1.000,0.998,-90.00,180.00,-31.50,CLOSED,0
669673.656,0,0,0,1.000,1.000,0.997,-90.00,180.00,-31.50,CLOSED,0
669673.660,0,0,0,1.000,1.000,0.994,-90.00,180.00,-31.50,CLOSED,0
669673.663,0,0,0,1.000,0.999,0.988,-90.00,180.00,-31.50,CLOSED,0
669673.667,0,0,0,1.000,0.999,0.982,-90.00,180.00,-31.50,CLOSED,0
669673.673,0,0,0,1.000,0.998,0.985,-90.00,180.00,-31.50,CLOSED,0
669673.677,0,0,0,1.000,0.997,0.991,-90.00,180.00,-31.50,CLOSED,0
669673.681,0,0,0,1.000,0.997,0.995,-90.00,180.00,-31.50,CLOSED,0
669673.686,0,0,0,1.000,0.996,0.997,-90.00,180.00,-31.50,CLOSED,0
669673.689,0,0,0,1.000,0.995,0.998,-90.00,180.00,-31.50,CLOSED,0
669673.693,0,0,0,1.000,0.996,0.999,-90.00,180.00,-31.50,CLOSED,0
669673.702,0,0,0,1.000,0.997,0.998,-90.00,180.00,-31.50,CLOSED,0
669673.709,0,0,0,1.000,0.997,0.998,-90.00,180.00,-31.50,CLOSED,0
669673.713,0,0,0,1.000,0.998,0.997,-90.00,180.00,-31.50,CLOSED,0
669673.717,0,0,0,1.000,0.998,0.994,-90.00,180.00,-31.50,CLOSED,0
669673.722,0,0,0,1.000,0.999,0.988,-90.00,180.00,-31.50,CLOSED,0
669673.725,0,0,0,1.000,0.999,0.979,-90.00,180.00,-31.50,CLOSED,0
669673.729,0,0,0,1.000,0.999,0.976,-90.00,180.00,-31.50,CLOSED,0
669673.733,0,0,0,1.000,0.999,0.981,-90.00,180.00,-31.50,CLOSED,0
669673.737,0,0,0,1.000,0.999,0.984,-90.00,180.00,-31.50,CLOSED,0
669673.741,0,0,0,1.000,0.998,0.988,-90.00,180.00,-31.50,CLOSED,0
669673.745,0,0,0,1.000,0.998,0.993,-90.00,180.00,-31.50,CLOSED,0
669673.748,0,0,0,1.000,0.998,0.995,-90.00,180.00,-31.50,CLOSED,0
669673.752,0,0,0,1.000,0.998,0.997,-90.00,180.00,-31.50,CLOSED,0
669673.756,0,0,0,1.000,0.999,0.998,-90.00,180.00,-31.50,CLOSED,0
669673.759,0,0,0,1.000,0.999,0.998,-90.00,180.00,-31.50,CLOSED,0
669673.764,0,0,0,1.000,0.999,0.999,-90.00,180.00,-31.50,CLOSED,0
669673.768,0,0,0,1.000,0.999,0.999,-90.00,180.00,-31.50,CLOSED,0
669673.772,0,0,0,1.000,1.000,0.999,-90.00,180.00,-31.50,CLOSED,0
669673.776,0,0,0,1.000,1.000,0.998,-90.00,180.00,-31.50,CLOSED,0
669673.779,0,0,0,1.000,1.000,0.998,-90.00,180.00,-31.50,CLOSED,0
669673.783,0,0,0,1.000,1.000,0.998,-90.00,180.00,-31.50,CLOSED,0
669673.787,0,0,0,1.000,1.000,0.999,-90.00,180.00,-31.50,CLOSED,0
669673.791,0,0,0,1.000,1.000,0.999,-90.00,180.00,-31.50,CLOSED,0
669673.795,0,0,0,1.000,1.000,1.000,-90.00,180.00,-31.50,CLOSED,0
669673.806,0,0,0,1.000,1.000,1.000,-90.00,180.00,-31.50,CLOSED,0
669673.810,0,0,0,1.000,1.000,1.000,-90.00,180.00,-31.50,CLOSED,0
669673.815,0,0,0,1.000,1.000,1.000,-90.00,180.00,-31.50,CLOSED,0
669673.820,0,0,0,1.000,1.000,1.000,-90.00,180.00,-31.50,CLOSED,0
669673.825,0,0,0,1.000,1.000,1.000,-90.00,180.00,-31.50,CLOSED,0
669673.831,0,0,0,1.000,1.000,1.000,-90.00,180.00,-31.50,CLOSED,0
669673.834,0,0,0,1.000,1.000,1.000,-90.00,180.00,-31.50,CLOSED,0
669673.838,0,0,0,1.000,1.000,1.000,-90.00,180.00,-31.50,CLOSED,0
669673.842,0,0,0,1.000,1.000,1.000,-90.00,180.00,-31.50,CLOSED,0
669673.846,0,0,0,1.000,1.000,0.999,-90.00,180.00,-31.50,CLOSED,0
669673.850,0,0,0,1.000,1.000,0.999,-90.00,180.00,-31.50,CLOSED,0
669673.853,0,0,0,1.000,1.000,0.999,-90.00,180.00,-31.50,CLOSED,0
669673.857,0,0,0,1.000,1.000,0.999,-90.00,180.00,-31.50,CLOSED,0
669673.861,0,0,0,1.000,1.000,0.999,-90.00,180.00,-31.50,CLOSED,0
669673.865,0,0,0,1.000,1.000,0.999,-90.00,180.00,-31.50,CLOSED,0
669673.870,0,0,0,1.000,1.000,0.999,-90.00,180.00,-31.50,CLOSED,0
669673.876,0,0,0,1.000,1.000,0.999,-90.00,180.00,-31.50,CLOSED,0
669673.880,0,0,0,1.000,1.000,0.999,-90.00,180.00,-31.50,CLOSED,0
669673.884,0,0,0,1.000,1.000,0.999,-90.00,180.00,-31.50,CLOSED,0
669673.888,0,0,0,1.000,1.000,0.998,-90.00,180.00,-31.50,CLOSED,0
669673.893,0,0,0,1.000,1.000,0.996,-90.00,180.00,-31.50,CLOSED,0
669673.896,0,0,0,1.000,0.999,0.992,-90.00,180.00,-31.50,CLOSED,0
669673.900,0,0,0,1.000,0.998,0.985,-90.00,180.00,-31.50,CLOSED,0
669673.905,0,0,0,1.000,0.988,0.978,-90.00,180.00,-31.50,CLOSED,0
669673.909,0,0,0,1.000,0.924,0.974,-90.00,180.00,-31.50,CLOSED,0
669673.915,0,0,0,1.000,0.623,0.976,-90.00,180.00,-31.50,CLOSED,0
669673.921,0,0,0,1.000,0.959,0.989,-90.00,180.00,-31.50,CLOSED,0
669673.928,0,0,0,1.000,0.995,0.995,-90.00,180.00,-31.50,CLOSED,0
669673.936,0,0,0,1.000,0.999,0.996,-90.00,180.00,-31.50,CLOSED,0
669673.943,0,0,0,1.000,1.000,0.998,-90.00,180.00,-31.50,CLOSED,0
669673.951,0,0,0,1.000,1.000,0.998,-90.00,180.00,-31.50,CLOSED,0
669673.960,0,0,0,1.000,1.000,0.999,-90.00,180.00,-31.50,CLOSED,0
669673.967,0,0,0,1.000,1.000,0.999,-90.00,180.00,-31.50,CLOSED,0
669673.973,0,0,0,1.000,1.000,0.999,-90.00,180.00,-31.50,CLOSED,0
669673.977,0,0,0,1.000,0.999,1.000,-90.00,180.00,-31.50,CLOSED,0
669673.985,0,0,0,1.000,0.999,1.000,-90.00,180.00,-31.50,CLOSED,0
669673.993,0,0,0,1.000,0.998,1.000,-90.00,180.00,-31.50,CLOSED,0
669673.997,0,0,0,1.000,0.996,1.000,-90.00,180.00,-31.50,CLOSED,0
669674.001,0,0,0,0.999,0.994,1.000,-90.00,180.00,-31.50,CLOSED,0
669674.006,0,0,0,0.999,0.986,1.000,-90.00,180.00,-31.50,CLOSED,0
669674.014,0,0,0,0.999,0.981,1.000,-90.00,180.00,-31.50,CLOSED,0
669674.022,0,0,0,0.999,0.985,1.000,-90.00,180.00,-31.50,CLOSED,0
669674.029,0,0,0,0.999,0.996,1.000,-90.00,180.00,-31.50,CLOSED,0
669674.037,0,0,0,0.997,0.996,1.000,-90.00,180.00,-31.50,CLOSED,0
669674.045,0,0,0,0.997,1.000,1.000,-90.00,180.00,-31.50,CLOSED,0
669674.051,0,0,0,0.994,1.000,1.000,-90.00,180.00,-31.50,CLOSED,0
669674.057,0,0,0,0.998,1.000,1.000,-90.00,180.00,-31.50,CLOSED,0
669674.065,0,0,0,0.999,1.000,1.000,-90.00,180.00,-31.50,CLOSED,0
669674.074,0,0,0,1.000,1.000,1.000,-90.00,180.00,-31.50,CLOSED,0
669674.082,0,0,0,1.000,1.000,1.000,-90.00,180.00,-31.50,CLOSED,0
669674.090,0,0,0,1.000,1.000,1.000,-90.00,180.00,-31.50,CLOSED,0
669674.098,0,0,0,1.000,1.000,1.000,-90.00,180.00,-31.50,CLOSED,0
669674.105,0,0,0,0.999,1.000,1.000,-90.00,180.00,-31.50,CLOSED,0
669674.113,0,0,0,1.000,1.000,1.000,-90.00,180.00,-31.50,CLOSED,0
669674.119,0,0,0,1.000,1.000,1.000,-90.00,180.00,-31.50,CLOSED,0
669674.123,0,0,0,1.000,1.000,1.000,-90.00,180.00,-31.50,CLOSED,0
669674.127,0,0,0,1.000,1.000,1.000,-90.00,180.00,-31.50,CLOSED,0
669674.131,0,0,0,1.000,1.000,1.000,-90.00,180.00,-31.50,CLOSED,0
669674.135,0,0,0,1.000,1.000,1.000,-90.00,180.00,-31.50,CLOSED,0
669674.139,0,0,0,1.000,1.000,1.000,-90.00,180.00,-31.50,CLOSED,0
669674.144,0,0,0,1.000,1.000,1.000,-90.00,180.00,-31.50,CLOSED,0
669674.147,0,0,0,1.000,1.000,1.000,-90.00,180.00,-31.50,CLOSED,0
669674.151,0,0,0,1.000,1.000,1.000,-90.00,180.00,-31.50,CLOSED,0
669674.155,0,0,0,1.000,1.000,1.000,-90.00,180.00,-31.50,CLOSED,0
669674.163,0,0,0,1.000,1.000,1.000,-90.00,180.00,-31.50,CLOSED,0
669674.167,0,0,0,1.000,1.000,1.000,-90.00,180.00,-31.50,CLOSED,0
669674.174,0,0,0,1.000,1.000,1.000,-90.00,180.00,-31.50,CLOSED,0
669674.178,0,0,0,1.000,1.000,1.000,-90.00,180.00,-31.50,CLOSED,0
669674.186,0,0,0,1.000,1.000,1.000,-90.00,180.00,-31.50,CLOSED,0
669674.191,0,0,0,1.000,1.000,1.000,-90.00,180.00,-31.50,CLOSED,0
669674.195,0,0,0,1.000,1.000,1.000,-90.00,180.00,-31.50,CLOSED,0
669674.199,0,0,0,1.000,1.000,1.000,-90.00,180.00,-31.50,CLOSED,0
669674.206,0,0,0,1.000,1.000,1.000,-90.00,180.00,-31.50,CLOSED,0
669674.209,0,0,0,1.000,1.000,1.000,-90.00,180.00,-31.50,CLOSED,0
669674.213,0,0,0,1.000,1.000,1.000,-90.00,180.00,-31.50,CLOSED,0
669674.217,0,0,0,1.000,1.000,1.000,-90.00,180.00,-31.50,CLOSED,0
669674.221,0,0,0,1.000,1.000,1.000,-90.00,180.00,-31.50,CLOSED,0
669674.225,0,0,0,1.000,1.000,1.000,-90.00,180.00,-31.50,CLOSED,0
669674.228,0,0,0,1.000,1.000,1.000,-90.00,180.00,-31.50,CLOSED,0
669674.233,0,0,0,1.000,1.000,1.000,-90.00,180.00,-31.50,CLOSED,0
669674.236,0,0,0,1.000,1.000,1.000,-90.00,180.00,-31.50,CLOSED,0
669674.240,0,0,0,1.000,1.000,1.000,-90.00,180.00,-31.50,CLOSED,0
669674.244,0,0,0,1.000,1.000,1.000,-90.00,180.00,-31.50,CLOSED,0
669674.248,0,0,0,1.000,1.000,1.000,-90.00,180.00,-31.50,CLOSED,0
669674.252,0,0,0,1.000,1.000,1.000,-90.00,180.00,-31.50,CLOSED,0
669674.255,0,0,0,1.000,1.000,1.000,-90.00,180.00,-31.50,CLOSED,0
669674.258,0,0,0,1.000,1.000,1.000,-90.00,180.00,-31.50,CLOSED,0
669674.262,0,0,0,1.000,1.000,1.000,-90.00,180.00,-31.50,CLOSED,0
669674.267,0,0,0,1.000,1.000,1.000,-90.00,180.00,-31.50,CLOSED,0
669674.270,0,0,0,1.000,1.000,1.000,-90.00,180.00,-31.50,CLOSED,0
669674.278,0,0,0,1.000,1.000,1.000,-90.00,180.00,-31.50,CLOSED,0
669674.284,0,0,0,1.000,1.000,1.000,-90.00,180.00,-31.50,CLOSED,0
669674.288,0,0,0,1.000,1.000,1.000,-90.00,180.00,-31.50,CLOSED,0
669674.292,0,0,0,1.000,1.000,1.000,-90.00,180.00,-31.50,CLOSED,0
669674.298,0,0,0,1.000,1.000,1.000,-90.00,180.00,-31.50,CLOSED,0
669674.301,0,0,0,1.000,1.000,1.000,-90.00,180.00,-31.50,CLOSED,0
669674.305,0,0,0,1.000,1.000,1.000,-90.00,180.00,-31.50,CLOSED,0
669674.313,0,0,0,1.000,1.000,1.000,-90.00,180.00,-31.50,CLOSED,0
669674.317,0,0,0,1.000,1.000,1.000,-90.00,180.00,-31.50,CLOSED,0
669674.321,0,0,0,1.000,1.000,1.000,-90.00,180.00,-31.50,CLOSED,0
669674.329,0,0,0,1.000,1.000,1.000,-90.00,180.00,-31.50,CLOSED,0
669674.334,0,0,0,1.000,1.000,1.000,-90.00,180.00,-31.50,CLOSED,0
669674.338,0,0,0,1.000,1.000,1.000,-90.00,180.00,-31.50,CLOSED,0
669674.342,0,0,0,1.000,1.000,1.000,-90.00,180.00,-31.50,CLOSED,0
669674.348,0,0,0,1.000,1.000,1.000,-90.00,180.00,-31.50,CLOSED,0
669674.352,0,0,0,1.000,1.000,1.000,-90.00,180.00,-31.50,CLOSED,0
669674.362,0,0,0,1.000,1.000,1.000,-90.00,180.00,-31.50,CLOSED,0
669674.366,0,0,0,1.000,1.000,1.000,-90.00,180.00,-31.50,CLOSED,0
669674.371,0,0,0,1.000,1.000,1.000,-90.00,180.00,-31.50,CLOSED,0
669674.375,0,0,0,1.000,1.000,1.000,-90.00,180.00,-31.50,CLOSED,0
669674.384,0,0,0,1.000,1.000,1.000,-90.00,180.00,-31.50,CLOSED,0
669674.388,0,0,0,1.000,1.000,1.000,-90.00,180.00,-31.50,CLOSED,0
669674.393,0,0,0,1.000,1.000,1.000,-90.00,180.00,-31.50,CLOSED,0
669674.397,0,0,0,1.000,1.000,1.000,-90.00,180.00,-31.50,CLOSED,0
669674.401,0,0,0,1.000,1.000,1.000,-90.00,180.00,-31.50,CLOSED,0
669674.405,0,0,0,1.000,1.000,1.000,-90.00,180.00,-31.50,CLOSED,0
669674.408,0,0,0,1.000,1.000,1.000,-90.00,180.00,-31.50,CLOSED,0
669674.413,0,0,0,1.000,1.000,1.000,-90.00,180.00,-31.50,CLOSED,0
669674.416,0,0,0,1.000,1.000,1.000,-90.00,180.00,-31.50,CLOSED,0
669674.420,0,0,0,1.000,1.000,1.000,-90.00,180.00,-31.50,CLOSED,0
669674.424,0,0,0,1.000,1.000,1.000,-90.00,180.00,-31.50,CLOSED,0
669674.427,0,0,0,1.000,1.000,1.000,-90.00,180.00,-31.50,CLOSED,0
669674.431,0,0,0,1.000,1.000,1.000,-90.00,180.00,-31.50,CLOSED,0
669674.435,0,0,0,1.000,1.000,1.000,-90.00,180.00,-31.50,CLOSED,0
669674.439,0,0,0,1.000,1.000,1.000,-90.00,180.00,-31.50,CLOSED,0
669674.444,0,0,0,1.000,1.000,1.000,-90.00,180.00,-31.50,CLOSED,0
669674.447,0,0,0,1.000,1.000,1.000,-90.00,180.00,-31.50,CLOSED,0
669674.451,0,0,0,1.000,1.000,1.000,-90.00,180.00,-31.50,CLOSED,0
669674.456,0,0,0,1.000,1.000,1.000,-90.00,180.00,-31.50,CLOSED,0
669674.460,0,0,0,1.000,1.000,1.000,-90.00,180.00,-31.50,CLOSED,0
669674.464,0,0,0,1.000,1.000,1.000,-90.00,180.00,-31.50,CLOSED,0
669674.468,0,0,0,1.000,1.000,1.000,-90.00,180.00,-31.50,CLOSED,0
669674.472,0,0,0,1.000,1.000,1.000,-90.00,180.00,-31.50,CLOSED,0
669674.475,0,0,0,1.000,1.000,1.000,-90.00,180.00,-31.50,CLOSED,0
669674.480,0,0,0,1.000,1.000,1.000,-90.00,180.00,-31.50,CLOSED,0
669674.484,0,0,0,1.000,1.000,1.000,-90.00,180.00,-31.50,CLOSED,0
669674.489,0,0,0,1.000,1.000,1.000,-90.00,180.00,-31.50,CLOSED,0
669674.492,0,0,0,1.000,1.000,1.000,-90.00,180.00,-31.50,CLOSED,0
669674.496,0,0,0,1.000,1.000,1.000,-90.00,180.00,-31.50,CLOSED,0
669674.500,0,0,0,1.000,1.000,1.000,-90.00,180.00,-31.50,CLOSED,0
669674.503,0,0,0,1.000,1.000,1.000,-90.00,180.00,-31.50,CLOSED,0
669674.507,0,0,0,1.000,1.000,1.000,-90.00,180.00,-31.50,CLOSED,0
669674.515,0,0,0,1.000,1.000,1.000,-90.00,180.00,-31.50,CLOSED,0
669674.521,0,0,0,1.000,1.000,1.000,-90.00,180.00,-31.50,CLOSED,0
669674.525,0,0,0,1.000,1.000,1.000,-90.00,180.00,-31.50,CLOSED,0
669674.530,0,0,0,1.000,1.000,1.000,-90.00,180.00,-31.50,CLOSED,0
669674.534,0,0,0,1.000,1.000,1.000,-90.00,180.00,-31.50,CLOSED,0
669674.539,0,0,0,1.000,1.000,1.000,-90.00,180.00,-31.50,CLOSED,0
669674.543,0,0,0,1.000,1.000,1.000,-90.00,180.00,-31.50,CLOSED,0
669674.547,0,0,0,1.000,1.000,1.000,-90.00,180.00,-31.50,CLOSED,0
669674.550,0,0,0,1.000,1.000,1.000,-90.00,180.00,-31.50,CLOSED,0
669674.556,0,0,0,1.000,1.000,1.000,-90.00,180.00,-31.50,CLOSED,0
669674.564,0,0,0,1.000,1.000,1.000,-90.00,180.00,-31.50,CLOSED,0
669674.568,0,0,0,1.000,1.000,1.000,-90.00,180.00,-31.50,CLOSED,0
669674.572,0,0,0,1.000,1.000,1.000,-90.00,180.00,-31.50,CLOSED,0
669674.576,0,0,0,1.000,1.000,1.000,-90.00,180.00,-31.50,CLOSED,0
669674.582,0,0,0,1.000,1.000,1.000,-90.00,180.00,-31.50,CLOSED,0
669674.590,0,0,0,1.000,1.000,1.000,-90.00,180.00,-31.50,CLOSED,0
669674.595,0,0,0,1.000,1.000,1.000,-90.00,180.00,-31.50,CLOSED,0
669674.599,0,0,0,1.000,1.000,1.000,-90.00,180.00,-31.50,CLOSED,0
669674.603,0,0,0,1.000,1.000,1.000,-90.00,180.00,-31.50,CLOSED,0
669674.607,0,0,0,1.000,1.000,1.000,-90.00,180.00,-31.50,CLOSED,0
669674.612,0,0,0,1.000,1.000,1.000,-90.00,180.00,-31.50,CLOSED,0
669674.616,0,0,0,1.000,1.000,1.000,-90.00,180.00,-31.50,CLOSED,0
669674.620,0,0,0,1.000,1.000,1.000,-90.00,180.00,-31.50,CLOSED,0
669674.624,0,0,0,1.000,1.000,1.000,-90.00,180.00,-31.50,CLOSED,0
669674.631,0,0,0,1.000,1.000,1.000,-90.00,180.00,-31.50,CLOSED,0
669674.635,0,0,0,1.000,1.000,1.000,-90.00,180.00,-31.50,CLOSED,0
669674.639,0,0,0,1.000,1.000,1.000,-90.00,180.00,-31.50,CLOSED,0
669674.646,0,0,0,1.000,1.000,1.000,-90.00,180.00,-31.50,CLOSED,0
669674.654,0,0,0,1.000,1.000,1.000,-90.00,180.00,-31.50,CLOSED,0
669674.659,0,0,0,1.000,1.000,1.000,-90.00,180.00,-31.50,CLOSED,0
669674.662,0,0,0,0.999,1.000,1.000,-90.00,180.00,-31.50,CLOSED,0
669674.667,0,0,0,0.858,1.000,1.000,-90.00,180.00,-31.50,CLOSED,0
669674.671,0,0,0,0.484,1.000,1.000,-90.00,180.00,-31.50,CLOSED,0
669674.675,0,0,0,0.481,1.000,1.000,-90.00,180.00,-31.50,CLOSED,0
669674.678,0,0,0,0.604,1.000,1.000,-90.00,180.00,-31.50,CLOSED,0
669674.682,0,0,0,0.670,1.000,1.000,-90.00,180.00,-31.50,CLOSED,0
669674.689,0,0,0,0.776,1.000,1.000,-90.00,180.00,-31.50,CLOSED,0
669674.692,0,0,0,0.937,1.000,1.000,-90.00,180.00,-31.50,CLOSED,0
669674.697,0,0,0,0.997,1.000,1.000,-90.00,180.00,-31.50,CLOSED,0
669674.700,0,0,0,1.000,1.000,1.000,-90.00,180.00,-31.50,CLOSED,0
669674.704,0,0,0,1.000,1.000,1.000,-90.00,180.00,-31.50,CLOSED,0
669674.707,0,0,0,1.000,1.000,1.000,-90.00,180.00,-31.50,CLOSED,0
669674.711,3,0,0,1.000,1.000,1.000,-90.00,180.00,-31.50,OPEN,0
669674.718,3,0,0,1.000,1.000,1.000,-90.00,180.00,-31.50,OPEN,0
669674.722,3,0,0,1.000,1.000,1.000,-90.00,180.00,-31.50,OPEN,0
669674.727,3,0,0,1.000,1.000,1.000,-90.00,180.00,-31.50,OPEN,0
669674.732,3,0,0,1.000,1.000,1.000,-90.00,180.00,-31.50,OPEN,0
669674.737,3,0,0,1.000,1.000,1.000,-90.00,180.00,-31.50,OPEN,0
669674.742,3,0,0,1.000,1.000,1.000,-90.00,180.00,-31.50,OPEN,0
669674.746,3,0,0,1.000,1.000,1.000,-90.00,180.00,-31.50,OPEN,0
669674.750,3,0,0,1.000,1.000,1.000,-90.00,180.00,-31.50,OPEN,0
669674.755,3,0,0,1.000,1.000,1.000,-90.00,180.00,-31.50,OPEN,0
669674.759,3,0,0,1.000,1.000,1.000,-90.00,180.00,-31.50,OPEN,0
669674.763,3,0,0,1.000,1.000,1.000,-90.00,180.00,-31.50,OPEN,0
669674.766,3,0,0,1.000,1.000,1.000,-90.00,180.00,-31.50,OPEN,0
669674.770,3,0,0,1.000,1.000,1.000,-90.00,180.00,-31.50,OPEN,0
669674.774,3,0,0,1.000,1.000,1.000,-90.00,180.00,-31.50,OPEN,0
669674.779,3,0,0,1.000,1.000,1.000,-90.00,180.00,-31.50,OPEN,0
669674.783,3,0,0,1.000,1.000,1.000,-90.00,180.00,-31.50,OPEN,0
669674.787,3,0,0,1.000,1.000,1.000,-90.00,180.00,-31.50,OPEN,0
669674.790,3,0,0,1.000,1.000,1.000,-90.00,180.00,-31.50,OPEN,0
669674.794,3,0,0,1.000,1.000,1.000,-90.00,180.00,-31.50,OPEN,0
669674.798,3,0,0,1.000,1.000,1.000,-90.00,180.00,-31.50,OPEN,0
669674.802,3,0,0,1.000,1.000,1.000,-90.00,180.00,-31.50,OPEN,0
669674.806,3,0,0,1.000,1.000,1.000,-90.00,180.00,-31.50,OPEN,0
669674.810,3,0,0,1.000,1.000,1.000,-90.00,180.00,-31.50,OPEN,0
669674.815,3,0,0,1.000,1.000,1.000,-90.00,180.00,-31.50,OPEN,0
669674.819,3,0,0,1.000,1.000,1.000,-90.00,180.00,-31.50,OPEN,0
669674.823,3,0,0,1.000,1.000,1.000,-90.00,180.00,-31.50,OPEN,0
669674.828,3,0,0,1.000,1.000,1.000,-90.00,180.00,-31.50,OPEN,0
669674.832,3,0,0,1.000,1.000,1.000,-90.00,180.00,-31.50,OPEN,0
669674.836,3,0,0,1.000,1.000,1.000,-90.00,180.00,-31.50,OPEN,0
669674.840,3,0,0,1.000,1.000,1.000,-90.00,180.00,-31.50,OPEN,0
669674.844,3,0,0,1.000,1.000,1.000,-90.00,180.00,-31.50,OPEN,0
669674.848,3,0,0,1.000,1.000,1.000,-90.00,180.00,-31.50,OPEN,0
669674.852,3,0,0,1.000,1.000,1.000,-90.00,180.00,-31.50,OPEN,0
669674.856,3,0,0,1.000,1.000,1.000,-90.00,180.00,-31.50,OPEN,0
669674.860,3,0,0,1.000,1.000,1.000,-90.00,180.00,-31.50,OPEN,0
669674.864,3,0,0,1.000,1.000,1.000,-90.00,180.00,-31.50,OPEN,0
669674.868,3,0,0,1.000,1.000,1.000,-90.00,180.00,-31.50,OPEN,0
669674.872,3,0,0,1.000,1.000,1.000,-90.00,180.00,-31.50,OPEN,0
669674.876,3,0,0,1.000,1.000,1.000,-90.00,180.00,-31.50,OPEN,0
669674.879,3,0,0,1.000,1.000,1.000,-90.00,180.00,-31.50,OPEN,0
669674.883,3,0,0,1.000,1.000,1.000,-90.00,180.00,-31.50,OPEN,0
669674.887,3,0,0,1.000,1.000,1.000,-90.00,180.00,-31.50,OPEN,0
669674.891,3,0,0,1.000,1.000,1.000,-90.00,180.00,-31.50,OPEN,0
669674.895,3,0,0,1.000,1.000,1.000,-90.00,180.00,-31.50,OPEN,0
669674.899,3,0,0,1.000,1.000,1.000,-90.00,180.00,-31.50,OPEN,0
669674.904,3,0,0,1.000,1.000,1.000,-90.00,180.00,-31.50,OPEN,0
669674.913,3,0,0,1.000,1.000,1.000,-90.00,180.00,-31.50,OPEN,0
669674.916,3,0,0,1.000,1.000,1.000,-90.00,180.00,-31.50,OPEN,0
669674.921,3,0,0,1.000,1.000,1.000,-90.00,180.00,-31.50,OPEN,0
669674.924,3,0,0,1.000,1.000,1.000,-90.00,180.00,-31.50,OPEN,0
669674.929,3,0,0,1.000,1.000,1.000,-90.00,180.00,-31.50,OPEN,0
669674.933,3,0,0,1.000,1.000,1.000,-90.00,180.00,-31.50,OPEN,0
669674.941,3,0,0,1.000,1.000,1.000,-90.00,180.00,-31.50,OPEN,0
669674.945,3,0,0,1.000,1.000,1.000,-90.00,180.00,-31.50,OPEN,0
669674.949,3,0,0,1.000,1.000,1.000,-90.00,180.00,-31.50,OPEN,0
669674.953,3,0,0,1.000,1.000,1.000,-90.00,180.00,-31.50,OPEN,0
669674.957,3,0,0,1.000,1.000,1.000,-90.00,180.00,-31.50,OPEN,0
669674.961,3,0,0,1.000,1.000,1.000,-90.00,180.00,-31.50,OPEN,0
669674.965,3,0,0,1.000,1.000,1.000,-90.00,180.00,-31.50,OPEN,0
669674.969,3,0,0,1.000,1.000,1.000,-90.00,180.00,-31.50,OPEN,0
669674.972,3,0,0,1.000,1.000,1.000,-90.00,180.00,-31.50,OPEN,0
669674.976,3,0,0,1.000,1.000,1.000,-90.00,180.00,-31.50,OPEN,0
669674.980,3,0,0,1.000,1.000,1.000,-90.00,180.00,-31.50,OPEN,0
669674.985,3,0,0,1.000,1.000,1.000,-90.00,180.00,-31.50,OPEN,0
669674.989,3,0,0,1.000,1.000,1.000,-90.00,180.00,-31.50,OPEN,0
669674.993,3,0,0,1.000,1.000,1.000,-90.00,180.00,-31.50,OPEN,0
669674.997,3,0,0,1.000,1.000,1.000,-90.00,180.00,-31.50,OPEN,0
669675.000,3,0,0,1.000,1.000,1.000,-90.00,180.00,-31.50,OPEN,0
669675.004,3,0,0,1.000,1.000,1.000,-90.00,180.00,-31.50,OPEN,0
669675.008,3,0,0,1.000,1.000,1.000,-90.00,180.00,-31.50,OPEN,0
669675.012,3,0,0,1.000,1.000,1.000,-90.00,180.00,-31.50,OPEN,0
669675.016,3,0,0,1.000,1.000,1.000,-90.00,180.00,-31.50,OPEN,0
669675.020,3,0,0,1.000,1.000,1.000,-90.00,180.00,-31.50,OPEN,0
669675.024,3,0,0,1.000,1.000,1.000,-90.00,180.00,-31.50,OPEN,0
669675.028,3,0,0,1.000,1.000,1.000,-90.00,180.00,-31.50,OPEN,0
669675.031,3,0,0,1.000,1.000,1.000,-90.00,180.00,-31.50,OPEN,0
669675.035,3,0,0,1.000,1.000,1.000,-90.00,180.00,-31.50,OPEN,0
669675.039,3,0,0,1.000,1.000,1.000,-90.00,180.00,-31.50,OPEN,0
669675.043,3,0,0,1.000,1.000,1.000,-90.00,180.00,-31.50,OPEN,0
669675.048,3,0,0,1.000,1.000,1.000,-90.00,180.00,-31.50,OPEN,0
669675.053,3,0,0,1.000,1.000,1.000,-90.00,180.00,-31.50,OPEN,0
669675.062,3,0,0,1.000,1.000,1.000,-90.00,180.00,-31.50,OPEN,0
669675.067,3,0,0,1.000,1.000,1.000,-90.00,180.00,-31.50,OPEN,0
669675.071,3,0,0,1.000,1.000,1.000,-90.00,180.00,-31.50,OPEN,0
669675.077,3,0,0,1.000,1.000,1.000,-90.00,180.00,-31.50,OPEN,0
669675.081,3,0,0,1.000,1.000,1.000,-90.00,180.00,-31.50,OPEN,0
669675.085,3,0,0,1.000,1.000,1.000,-90.00,180.00,-31.50,OPEN,0
669675.089,3,0,0,1.000,1.000,1.000,-90.00,180.00,-31.50,OPEN,0
669675.097,3,0,0,1.000,1.000,1.000,-90.00,180.00,-31.50,OPEN,0
669675.100,3,0,0,1.000,1.000,1.000,-90.00,180.00,-31.50,OPEN,0
669675.104,3,0,0,1.000,1.000,1.000,-90.00,180.00,-31.50,OPEN,0
669675.109,3,0,0,1.000,1.000,1.000,-90.00,180.00,-31.50,OPEN,0
669675.113,3,0,0,1.000,1.000,1.000,-90.00,180.00,-31.50,OPEN,0
669675.120,3,0,0,1.000,1.000,1.000,-90.00,180.00,-31.50,OPEN,0
669675.126,3,0,0,1.000,1.000,1.000,-90.00,180.00,-31.50,OPEN,0
669675.134,3,0,0,1.000,1.000,1.000,-90.00,180.00,-31.50,OPEN,0
669675.139,3,0,0,1.000,1.000,1.000,-90.00,180.00,-31.50,OPEN,0
669675.142,3,0,0,1.000,1.000,1.000,-90.00,180.00,-31.50,OPEN,0
669675.146,3,0,0,1.000,1.000,1.000,-90.00,180.00,-31.50,OPEN,0
669675.150,3,0,0,1.000,1.000,1.000,-90.00,180.00,-31.50,OPEN,0
669675.153,3,0,0,1.000,1.000,1.000,-90.00,180.00,-31.50,OPEN,0
669675.161,3,0,0,1.000,1.000,1.000,-90.00,180.00,-31.50,OPEN,0
669675.165,3,0,0,1.000,1.000,1.000,-90.00,180.00,-31.50,OPEN,0
669675.171,3,0,0,1.000,1.000,1.000,-90.00,180.00,-31.50,OPEN,0
669675.175,3,0,0,1.000,1.000,1.000,-90.00,180.00,-31.50,OPEN,0
669675.183,3,0,0,1.000,1.000,1.000,-90.00,180.00,-31.50,OPEN,0
669675.187,3,0,0,0.999,1.000,1.000,-90.00,180.00,-31.50,OPEN,0
669675.195,3,0,0,0.975,1.000,1.000,-90.00,180.00,-31.50,OPEN,0
669675.199,3,0,0,0.869,1.000,1.000,-90.00,180.00,-31.50,OPEN,0
669675.207,3,0,0,0.666,1.000,1.000,-90.00,180.00,-31.50,OPEN,0
669675.211,3,0,0,0.511,1.000,1.000,-90.00,180.00,-31.50,OPEN,0
669675.217,3,0,0,0.589,1.000,1.000,-90.00,180.00,-31.50,OPEN,0
669675.221,3,0,0,0.639,1.000,1.000,-90.00,180.00,-31.50,OPEN,0
669675.225,3,0,0,0.562,1.000,1.000,-90.00,180.00,-31.50,OPEN,0
669675.229,3,0,0,0.920,1.000,1.000,-90.00,180.00,-31.50,OPEN,0
669675.233,3,0,0,1.000,1.000,1.000,-90.00,180.00,-31.50,OPEN,0
669675.237,3,0,0,1.000,1.000,1.000,-90.00,180.00,-31.50,OPEN,0
669675.245,3,0,0,1.000,1.000,1.000,-90.00,180.00,-31.50,OPEN,0
669675.249,3,0,0,1.000,1.000,1.000,-90.00,180.00,-31.50,OPEN,0
669675.253,3,0,0,1.000,1.000,1.000,-90.00,180.00,-31.50,OPEN,0
669675.261,3,0,0,1.000,1.000,1.000,-90.00,180.00,-31.50,OPEN,0
669675.266,0,0,0,1.000,1.000,1.000,-90.00,180.00,-31.50,OPEN,0
669675.271,0,0,0,1.000,1.000,1.000,-90.00,180.00,-31.50,OPEN,0
669675.275,0,0,0,1.000,1.000,1.000,-90.00,180.00,-31.50,OPEN,0
669675.279,0,0,0,1.000,1.000,1.000,-90.00,180.00,-31.50,OPEN,0
669675.282,0,0,0,1.000,1.000,1.000,-90.00,180.00,-31.50,OPEN,0
669675.287,0,0,0,1.000,1.000,1.000,-90.00,180.00,-31.50,OPEN,0
669675.291,0,0,0,1.000,1.000,1.000,-90.00,180.00,-31.50,OPEN,0
669675.295,0,0,0,1.000,1.000,1.000,-90.00,180.00,-31.50,OPEN,0
669675.299,0,0,0,1.000,1.000,1.000,-90.00,180.00,-31.50,OPEN,0
669675.303,0,0,0,1.000,1.000,1.000,-90.00,180.00,-31.50,OPEN,0
669675.307,0,0,0,1.000,1.000,1.000,-90.00,180.00,-31.50,OPEN,0
669675.313,0,0,0,1.000,1.000,1.000,-90.00,180.00,-31.50,OPEN,0
669675.317,0,0,0,1.000,1.000,1.000,-90.00,180.00,-31.50,OPEN,0
669675.321,0,0,0,1.000,1.000,1.000,-90.00,180.00,-31.50,OPEN,0
669675.325,0,0,0,1.000,1.000,1.000,-90.00,180.00,-31.50,OPEN,0
669675.329,0,0,0,1.000,1.000,1.000,-90.00,180.00,-31.50,OPEN,0
669675.333,0,0,0,1.000,1.000,1.000,-90.00,180.00,-31.50,OPEN,0
669675.337,0,0,0,1.000,1.000,1.000,-90.00,180.00,-31.50,OPEN,0
669675.341,0,0,0,1.000,1.000,1.000,-90.00,180.00,-31.50,OPEN,0
669675.345,0,0,0,1.000,1.000,1.000,-90.00,180.00,-31.50,OPEN,0
669675.349,0,0,0,0.999,1.000,1.000,-90.00,180.00,-31.50,OPEN,0
669675.353,0,0,0,1.000,1.000,1.000,-90.00,180.00,-31.50,OPEN,0
669675.357,0,0,0,1.000,1.000,1.000,-90.00,180.00,-31.50,OPEN,0
669675.361,0,0,0,1.000,1.000,1.000,-90.00,180.00,-31.50,OPEN,0
669675.369,0,0,0,1.000,1.000,1.000,-90.00,180.00,-31.50,OPEN,0
669675.373,0,0,0,1.000,1.000,1.000,-90.00,180.00,-31.50,OPEN,0
669675.377,0,0,0,1.000,1.000,1.000,-90.00,180.00,-31.50,OPEN,0
669675.381,0,0,0,1.000,1.000,1.000,-90.00,180.00,-31.50,OPEN,0
669675.384,0,0,0,1.000,1.000,1.000,-90.00,180.00,-31.50,OPEN,0
669675.388,0,0,0,1.000,1.000,1.000,-90.00,180.00,-31.50,OPEN,0
669675.394,0,0,0,1.000,1.000,1.000,-90.00,180.00,-31.50,OPEN,0
669675.403,0,0,0,1.000,1.000,1.000,-90.00,180.00,-31.50,OPEN,0
669675.413,0,0,0,1.000,1.000,1.000,-90.00,180.00,-31.50,OPEN,0
669675.421,0,0,0,1.000,1.000,1.000,-90.00,180.00,-31.50,OPEN,0
669675.429,0,0,0,1.000,1.000,1.000,-90.00,180.00,-31.50,OPEN,0
669675.437,0,0,0,1.000,1.000,1.000,-90.00,180.00,-31.50,OPEN,0
669675.445,0,0,0,1.000,1.000,1.000,-90.00,180.00,-31.50,OPEN,0
669675.453,0,0,0,1.000,1.000,1.000,-90.00,180.00,-31.50,OPEN,0
669675.461,0,0,0,1.000,1.000,1.000,-90.00,180.00,-31.50,OPEN,0
669675.470,0,0,0,1.000,1.000,1.000,-90.00,180.00,-31.50,OPEN,0
669675.478,0,0,0,1.000,1.000,1.000,-90.00,180.00,-31.50,OPEN,0
669675.486,0,0,0,1.000,1.000,1.000,-90.00,180.00,-31.50,OPEN,0
669675.494,0,0,0,1.000,1.000,1.000,-90.00,180.00,-31.50,OPEN,0
669675.500,0,0,0,1.000,1.000,1.000,-90.00,180.00,-31.50,OPEN,0
669675.504,0,0,0,1.000,1.000,1.000,-90.00,180.00,-31.50,OPEN,0
669675.508,0,0,0,1.000,1.000,1.000,-90.00,180.00,-31.50,OPEN,0
669675.512,0,0,0,1.000,1.000,1.000,-90.00,180.00,-31.50,OPEN,0
669675.517,0,0,0,1.000,1.000,1.000,-90.00,180.00,-31.50,OPEN,0
669675.520,0,0,0,1.000,1.000,1.000,-90.00,180.00,-31.50,OPEN,0
669675.524,0,0,0,1.000,1.000,1.000,-90.00,180.00,-31.50,OPEN,0
669675.528,0,0,0,1.000,1.000,1.000,-90.00,180.00,-31.50,OPEN,0
669675.532,0,0,0,1.000,1.000,1.000,-90.00,180.00,-31.50,OPEN,0
669675.535,0,0,0,1.000,1.000,1.000,-90.00,180.00,-31.50,OPEN,0
669675.540,0,0,0,1.000,1.000,1.000,-90.00,180.00,-31.50,OPEN,0
669675.545,0,0,0,1.000,1.000,1.000,-90.00,180.00,-31.50,OPEN,0
669675.549,0,0,0,1.000,1.000,1.000,-90.00,180.00,-31.50,OPEN,0
669675.552,0,0,0,1.000,1.000,1.000,-90.00,180.00,-31.50,OPEN,0
669675.557,0,0,0,1.000,1.000,1.000,-90.00,180.00,-31.50,OPEN,0
669675.561,0,0,0,1.000,1.000,1.000,-90.00,180.00,-31.50,OPEN,0
669675.569,0,0,0,1.000,1.000,1.000,-90.00,180.00,-31.50,OPEN,0
669675.575,0,0,0,1.000,1.000,1.000,-90.00,180.00,-31.50,OPEN,0
669675.580,0,0,0,1.000,1.000,1.000,-90.00,180.00,-31.50,OPEN,0
669675.584,0,0,0,1.000,1.000,1.000,-90.00,180.00,-31.50,OPEN,0
669675.588,0,0,0,1.000,1.000,1.000,-90.00,180.00,-31.50,OPEN,0
669675.592,0,0,0,1.000,1.000,1.000,-90.00,180.00,-31.50,OPEN,0
669675.596,0,0,0,1.000,1.000,1.000,-90.00,180.00,-31.50,OPEN,0
669675.600,0,0,0,1.000,1.000,1.000,-90.00,180.00,-31.50,OPEN,0
669675.604,0,0,0,1.000,1.000,1.000,-90.00,180.00,-31.50,OPEN,0
669675.608,0,0,0,1.000,1.000,1.000,-90.00,180.00,-31.50,OPEN,0
669675.616,0,0,0,1.000,1.000,1.000,-90.00,180.00,-31.50,OPEN,0
669675.621,0,0,0,1.000,1.000,1.000,-90.00,180.00,-31.50,OPEN,0
669675.625,0,0,0,1.000,1.000,1.000,-90.00,180.00,-31.50,OPEN,0
669675.629,0,0,0,1.000,1.000,1.000,-90.00,180.00,-31.50,OPEN,0
669675.639,0,0,0,1.000,1.000,1.000,-90.00,180.00,-31.50,OPEN,0
669675.647,0,0,0,1.000,1.000,1.000,-90.00,180.00,-31.50,OPEN,0
669675.656,0,0,0,1.000,1.000,1.000,-90.00,180.00,-31.50,OPEN,0
669675.664,0,0,0,1.000,1.000,1.000,-90.00,180.00,-31.50,OPEN,0
669675.672,0,0,0,1.000,1.000,1.000,-90.00,180.00,-31.50,OPEN,0
669675.680,0,0,0,1.000,1.000,1.000,-90.00,180.00,-31.50,OPEN,0
669675.688,0,0,0,1.000,1.000,1.000,-90.00,180.00,-31.50,OPEN,0
669675.696,0,0,0,1.000,1.000,1.000,-90.00,180.00,-31.50,OPEN,0
669675.705,0,0,0,1.000,1.000,1.000,-90.00,180.00,-31.50,OPEN,0
669675.711,0,0,0,1.000,1.000,1.000,-90.00,180.00,-31.50,OPEN,0
669675.715,0,0,0,1.000,1.000,1.000,-90.00,180.00,-31.50,OPEN,0
669675.719,0,0,0,1.000,1.000,1.000,-90.00,180.00,-31.50,OPEN,0
669675.723,0,0,0,1.000,1.000,1.000,-90.00,180.00,-31.50,OPEN,0
669675.731,0,0,0,1.000,1.000,1.000,-90.00,180.00,-31.50,OPEN,0
669675.735,0,0,0,1.000,1.000,1.000,-90.00,180.00,-31.50,OPEN,0
669675.739,0,0,0,1.000,1.000,1.000,-90.00,180.00,-31.50,OPEN,0
669675.743,0,0,0,1.000,1.000,1.000,-90.00,180.00,-31.50,OPEN,0
669675.746,0,0,0,1.000,1.000,1.000,-90.00,180.00,-31.50,OPEN,0
669675.750,0,0,0,1.000,1.000,1.000,-90.00,180.00,-31.50,OPEN,0
669675.754,0,0,0,1.000,1.000,1.000,-90.00,180.00,-31.50,OPEN,0
669675.758,0,0,0,1.000,1.000,1.000,-90.00,180.00,-31.50,OPEN,0
669675.762,0,0,0,1.000,1.000,1.000,-90.00,180.00,-31.50,OPEN,0
669675.766,0,0,0,1.000,1.000,1.000,-90.00,180.00,-31.50,OPEN,0
669675.769,0,0,0,1.000,1.000,1.000,-90.00,180.00,-31.50,OPEN,0
669675.773,0,0,0,1.000,1.000,1.000,-90.00,180.00,-31.50,OPEN,0
669675.777,0,0,0,1.000,1.000,1.000,-90.00,180.00,-31.50,OPEN,0
669675.785,0,0,0,1.000,1.000,1.000,-90.00,180.00,-31.50,OPEN,0
669675.789,0,0,0,1.000,1.000,1.000,-90.00,180.00,-31.50,OPEN,0
669675.793,0,0,0,1.000,1.000,1.000,-90.00,180.00,-31.50,OPEN,0
669675.797,0,0,0,1.000,1.000,1.000,-90.00,180.00,-31.50,OPEN,0
669675.804,0,0,0,1.000,1.000,1.000,-90.00,180.00,-31.50,OPEN,0
669675.812,0,0,0,1.000,1.000,1.000,-90.00,180.00,-31.50,OPEN,0
669675.815,0,0,0,1.000,1.000,1.000,-90.00,180.00,-31.50,OPEN,0
669675.819,0,0,0,1.000,1.000,1.000,-90.00,180.00,-31.50,OPEN,0
669675.823,0,0,0,1.000,1.000,1.000,-90.00,180.00,-31.50,OPEN,0
669675.830,0,0,0,1.000,1.000,1.000,-90.00,180.00,-31.50,OPEN,0
669675.837,0,0,0,1.000,1.000,1.000,-90.00,180.00,-31.50,OPEN,0
669675.841,0,0,0,1.000,1.000,1.000,-90.00,180.00,-31.50,OPEN,0
669675.849,0,0,0,1.000,1.000,1.000,-90.00,180.00,-31.50,OPEN,0
669675.853,0,0,0,1.000,1.000,1.000,-90.00,180.00,-31.50,OPEN,0
669675.863,0,0,0,1.000,1.000,1.000,-90.00,180.00,-31.50,OPEN,0
669675.872,0,0,0,1.000,1.000,1.000,-90.00,180.00,-31.50,OPEN,0
669675.882,0,0,0,1.000,1.000,1.000,-90.00,180.00,-31.50,OPEN,0
669675.893,0,0,0,1.000,1.000,1.000,-90.00,180.00,-31.50,OPEN,0
669675.901,0,0,0,1.000,1.000,1.000,-90.00,180.00,-31.50,OPEN,0
669675.909,0,0,0,1.000,1.000,1.000,-90.00,180.00,-31.50,OPEN,0
669675.917,0,0,0,1.000,1.000,1.000,-90.00,180.00,-31.50,OPEN,0
669675.925,0,0,0,1.000,1.000,1.000,-90.00,180.00,-31.50,OPEN,0
669675.933,0,0,0,1.000,1.000,1.000,-90.00,180.00,-31.50,OPEN,0
669675.941,0,0,0,1.000,1.000,1.000,-90.00,180.00,-31.50,OPEN,0
669675.950,0,0,0,1.000,1.000,1.000,-90.00,180.00,-31.50,OPEN,0
669675.958,0,0,0,1.000,1.000,1.000,-90.00,180.00,-31.50,OPEN,0
669675.965,0,0,0,1.000,1.000,1.000,-90.00,180.00,-31.50,OPEN,0
669675.970,0,0,0,1.000,1.000,1.000,-90.00,180.00,-31.50,OPEN,0
669675.974,0,0,0,1.000,1.000,1.000,-90.00,180.00,-31.50,OPEN,0
669675.978,0,0,0,1.000,1.000,1.000,-90.00,180.00,-31.50,OPEN,0
669675.982,0,0,0,1.000,1.000,1.000,-90.00,180.00,-31.50,OPEN,0
669675.986,0,0,0,1.000,1.000,1.000,-90.00,180.00,-31.50,OPEN,0
669675.994,0,0,0,1.000,1.000,1.000,-90.00,180.00,-31.50,OPEN,0
669675.998,0,0,0,1.000,1.000,1.000,-90.00,180.00,-31.50,OPEN,0
669676.003,0,0,0,1.000,1.000,1.000,-90.00,180.00,-31.50,OPEN,0
669676.007,0,0,0,1.000,1.000,1.000,-90.00,180.00,-31.50,OPEN,0
669676.011,0,0,0,1.000,1.000,1.000,-90.00,180.00,-31.50,OPEN,0
669676.015,0,0,0,0.982,1.000,1.000,-90.00,180.00,-31.50,OPEN,0
669676.019,0,0,0,0.952,1.000,1.000,-90.00,180.00,-31.50,OPEN,0
669676.023,0,0,0,0.999,1.000,1.000,-90.00,180.00,-31.50,OPEN,0
669676.026,0,0,0,1.000,1.000,1.000,-90.00,180.00,-31.50,OPEN,0
669676.030,0,0,0,1.000,1.000,1.000,-90.00,180.00,-31.50,OPEN,0
669676.034,0,0,0,1.000,1.000,1.000,-90.00,180.00,-31.50,OPEN,0
669676.037,0,0,0,0.999,1.000,1.000,-90.00,180.00,-31.50,OPEN,0
669676.041,0,0,0,0.996,1.000,1.000,-90.00,180.00,-31.50,OPEN,0
669676.045,0,0,0,0.806,1.000,1.000,-90.00,180.00,-31.50,OPEN,0
669676.049,1,0,0,0.951,1.000,1.000,-90.00,180.00,-27.00,OPEN,1
669676.053,1,0,0,0.993,0.999,1.000,-90.00,180.00,-27.00,OPEN,0
669676.056,1,0,0,0.998,0.990,1.000,-90.00,180.00,-27.00,OPEN,0
669676.059,1,0,0,0.999,0.931,1.000,-90.00,180.00,-27.00,OPEN,0
669676.063,1,0,0,1.000,0.866,1.000,-90.00,180.00,-27.00,OPEN,0
669676.070,1,0,0,1.000,0.816,1.000,-90.00,180.00,-27.00,OPEN,0
669676.074,1,0,0,1.000,0.773,1.000,-90.00,180.00,-27.00,OPEN,0
669676.078,1,0,0,1.000,0.744,1.000,-90.00,180.00,-27.00,OPEN,0
669676.082,1,0,0,1.000,0.728,1.000,-90.00,180.00,-27.00,OPEN,0
669676.086,1,0,0,1.000,0.690,1.000,-90.00,180.00,-27.00,OPEN,0
669676.090,1,0,0,1.000,0.648,1.000,-90.00,180.00,-27.00,OPEN,0
669676.094,1,0,0,1.000,0.651,1.000,-90.00,180.00,-27.00,OPEN,0
669676.105,1,0,0,1.000,0.551,1.000,-90.00,180.00,-27.00,OPEN,0
669676.108,1,0,0,1.000,0.662,1.000,-90.00,180.00,-27.00,OPEN,0
669676.113,1,0,0,1.000,0.952,1.000,-90.00,180.00,-27.00,OPEN,0
669676.118,1,0,0,1.000,0.996,1.000,-90.00,180.00,-27.00,OPEN,0
669676.122,1,0,0,1.000,0.999,0.999,-90.00,180.00,-27.00,OPEN,0
669676.126,1,0,0,1.000,1.000,0.965,-90.00,180.00,-27.00,OPEN,0
669676.130,1,0,0,1.000,1.000,0.972,-90.00,180.00,-27.00,OPEN,0
669676.134,1,0,0,1.000,1.000,0.979,-90.00,180.00,-27.00,OPEN,0
669676.138,1,0,0,1.000,1.000,0.981,-90.00,180.00,-27.00,OPEN,0
669676.142,1,0,0,1.000,1.000,0.981,-90.00,180.00,-27.00,OPEN,0
669676.146,1,0,0,1.000,1.000,0.979,-90.00,180.00,-27.00,OPEN,0
669676.150,1,0,0,1.000,1.000,0.972,-90.00,180.00,-22.50,OPEN,1
669676.155,1,0,0,1.000,1.000,0.946,-90.00,180.00,-22.50,OPEN,0
669676.159,1,0,0,1.000,1.000,0.910,-90.00,180.00,-22.50,OPEN,0
669676.163,1,0,0,1.000,1.000,0.848,-90.00,180.00,-22.50,OPEN,0
669676.167,1,0,0,1.000,1.000,0.789,-90.00,180.00,-22.50,OPEN,0
669676.171,1,0,0,1.000,1.000,0.723,-90.00,180.00,-22.50,OPEN,0
669676.175,1,0,0,1.000,1.000,0.663,-90.00,180.00,-22.50,OPEN,0
669676.178,1,0,0,1.000,1.000,0.627,-90.00,180.00,-22.50,OPEN,0
669676.182,1,0,0,1.000,0.999,0.636,-90.00,180.00,-22.50,OPEN,0
669676.186,1,0,0,1.000,0.999,0.620,-90.00,180.00,-22.50,OPEN,0
669676.193,1,0,0,1.000,0.998,0.647,-90.00,180.00,-22.50,OPEN,0
669676.197,1,0,0,1.000,0.995,0.725,-90.00,180.00,-22.50,OPEN,0
669676.201,1,0,0,1.000,0.989,0.789,-90.00,180.00,-22.50,OPEN,0
669676.205,1,0,0,1.000,0.975,0.826,-90.00,180.00,-22.50,OPEN,0
669676.211,1,0,0,1.000,0.961,0.817,-90.00,180.00,-22.50,OPEN,0
669676.216,1,0,0,1.000,0.954,0.817,-90.00,180.00,-22.50,OPEN,0
669676.220,1,0,0,1.000,0.965,0.816,-90.00,180.00,-22.50,OPEN,0
669676.224,1,0,0,1.000,0.978,0.832,-90.00,180.00,-22.50,OPEN,0
669676.228,1,0,0,1.000,0.995,0.915,-90.00,180.00,-22.50,OPEN,0
669676.232,1,0,0,1.000,0.999,0.964,-90.00,180.00,-22.50,OPEN,0
669676.235,1,0,0,1.000,1.000,0.983,-90.00,180.00,-22.50,OPEN,0
669676.243,1,0,0,1.000,1.000,0.994,-90.00,180.00,-22.50,OPEN,0
669676.247,1,0,0,1.000,1.000,0.996,-90.00,180.00,-22.50,OPEN,0
669676.253,1,0,0,1.000,1.000,0.996,-90.00,180.00,-18.00,OPEN,1
669676.257,1,0,0,1.000,1.000,0.996,-90.00,180.00,-18.00,OPEN,0
669676.260,1,0,0,1.000,1.000,0.995,-90.00,180.00,-18.00,OPEN,0
669676.265,1,0,0,1.000,1.000,0.995,-90.00,180.00,-18.00,OPEN,0
669676.268,1,0,0,1.000,1.000,0.994,-90.00,180.00,-18.00,OPEN,0
669676.272,1,0,0,1.000,1.000,0.990,-90.00,180.00,-18.00,OPEN,0
669676.276,1,0,0,1.000,1.000,0.982,-90.00,180.00,-18.00,OPEN,0
669676.280,1,0,0,1.000,1.000,0.976,-90.00,180.00,-18.00,OPEN,0
669676.286,1,0,0,1.000,1.000,0.975,-90.00,180.00,-18.00,OPEN,0
669676.290,1,0,0,1.000,1.000,0.984,-90.00,180.00,-18.00,OPEN,0
669676.294,1,0,0,1.000,0.999,0.990,-90.00,180.00,-18.00,OPEN,0
669676.298,1,0,0,1.000,0.999,0.994,-90.00,180.00,-18.00,OPEN,0
669676.302,1,0,0,1.000,0.999,0.997,-90.00,180.00,-18.00,OPEN,0
669676.306,1,0,0,1.000,0.999,0.998,-90.00,180.00,-18.00,OPEN,0
669676.310,1,0,0,1.000,0.999,0.999,-90.00,180.00,-18.00,OPEN,0
669676.313,1,0,0,1.000,0.999,0.999,-90.00,180.00,-18.00,OPEN,0
669676.317,1,0,0,1.000,1.000,0.999,-90.00,180.00,-18.00,OPEN,0
669676.321,1,0,0,1.000,1.000,0.999,-90.00,180.00,-18.00,OPEN,0
669676.325,1,0,0,1.000,1.000,0.999,-90.00,180.00,-18.00,OPEN,0
669676.339,1,0,0,1.000,1.000,0.998,-90.00,180.00,-18.00,OPEN,0
669676.350,1,0,0,1.000,1.000,0.997,-90.00,180.00,-18.00,OPEN,0
669676.358,1,0,0,1.000,1.000,0.997,-90.00,180.00,-13.50,OPEN,1
669676.367,1,0,0,1.000,1.000,0.997,-90.00,180.00,-13.50,OPEN,0
669676.375,1,0,0,1.000,1.000,0.997,-90.00,180.00,-13.50,OPEN,0
669676.383,1,0,0,1.000,1.000,0.997,-90.00,180.00,-13.50,OPEN,0
669676.392,1,0,0,1.000,1.000,0.997,-90.00,180.00,-13.50,OPEN,0
669676.400,1,0,0,1.000,1.000,0.996,-90.00,180.00,-13.50,OPEN,0
669676.408,1,0,0,1.000,1.000,0.995,-90.00,180.00,-13.50,OPEN,0
669676.414,1,0,0,1.000,1.000,0.995,-90.00,180.00,-13.50,OPEN,0
669676.418,1,0,0,1.000,1.000,0.992,-90.00,180.00,-13.50,OPEN,0
669676.426,1,0,0,1.000,1.000,0.985,-90.00,180.00,-13.50,OPEN,0
669676.430,1,0,0,1.000,0.999,0.967,-90.00,180.00,-13.50,OPEN,0
669676.434,1,0,0,1.000,0.999,0.928,-90.00,180.00,-13.50,OPEN,0
669676.438,1,0,0,1.000,0.999,0.843,-90.00,180.00,-13.50,OPEN,0
669676.443,1,0,0,1.000,0.999,0.762,-90.00,180.00,-13.50,OPEN,0
669676.450,1,0,0,1.000,1.000,0.710,-90.00,180.00,-13.50,OPEN,0
669676.456,1,0,0,1.000,1.000,0.760,-90.00,180.00,-13.50,OPEN,0
669676.460,1,0,0,1.000,1.000,0.890,-90.00,180.00,-9.00,OPEN,1
669676.469,1,0,0,1.000,1.000,0.955,-90.00,180.00,-9.00,OPEN,0
669676.480,1,0,0,1.000,1.000,0.985,-90.00,180.00,-9.00,OPEN,0
669676.488,1,0,0,1.000,1.000,0.996,-90.00,180.00,-9.00,OPEN,0
669676.497,1,0,0,1.000,1.000,0.998,-90.00,180.00,-9.00,OPEN,0
669676.507,1,0,0,1.000,1.000,0.999,-90.00,180.00,-9.00,OPEN,0
669676.515,1,0,0,1.000,1.000,0.999,-90.00,180.00,-9.00,OPEN,0
669676.524,1,0,0,1.000,1.000,0.999,-90.00,180.00,-9.00,OPEN,0
669676.533,1,0,0,1.000,0.999,0.999,-90.00,180.00,-9.00,OPEN,0
669676.542,1,0,0,1.000,0.999,0.999,-90.00,180.00,-9.00,OPEN,0
669676.551,1,0,0,1.000,0.998,0.999,-90.00,180.00,-9.00,OPEN,0
669676.560,1,0,0,1.000,0.997,0.999,-90.00,180.00,-9.00,OPEN,0
669676.565,1,0,0,1.000,0.995,0.998,-90.00,180.00,-4.50,OPEN,1
669676.574,1,0,0,1.000,0.994,0.997,-90.00,180.00,-4.50,OPEN,0
669676.582,1,0,0,1.000,0.995,0.997,-90.00,180.00,-4.50,OPEN,0
669676.589,1,0,0,1.000,0.997,0.997,-90.00,180.00,-4.50,OPEN,0
669676.593,1,0,0,1.000,0.999,0.997,-90.00,180.00,-4.50,OPEN,0
669676.600,1,0,0,1.000,0.999,0.997,-90.00,180.00,-4.50,OPEN,0
669676.605,1,0,0,1.000,1.000,0.998,-90.00,180.00,-4.50,OPEN,0
669676.608,1,0,0,1.000,1.000,0.997,-90.00,180.00,-4.50,OPEN,0
669676.613,1,0,0,1.000,1.000,0.996,-90.00,180.00,-4.50,OPEN,0
669676.617,1,0,0,1.000,1.000,0.994,-90.00,180.00,-4.50,OPEN,0
669676.621,1,0,0,1.000,1.000,0.993,-90.00,180.00,-4.50,OPEN,0
669676.624,1,0,0,1.000,1.000,0.990,-90.00,180.00,-4.50,OPEN,0
669676.631,1,0,0,1.000,1.000,0.981,-90.00,180.00,-4.50,OPEN,0
669676.639,1,1,0,1.000,0.999,0.976,-90.00,179.52,-4.50,OPEN,0
669676.647,1,1,0,1.000,0.995,0.974,-90.00,179.06,-4.50,OPEN,0
669676.653,3,1,0,1.000,0.947,0.979,-90.00,178.68,-4.50,CLOSED,0
669676.661,3,1,0,1.000,0.548,0.992,-90.00,178.23,-4.50,CLOSED,0
669676.669,3,1,0,1.000,0.891,0.997,-90.00,177.75,-4.50,CLOSED,1
669676.674,3,1,0,1.000,0.988,0.999,-90.00,177.43,-4.50,CLOSED,0
669676.678,3,1,0,0.997,0.998,1.000,-90.00,177.21,-4.50,CLOSED,0
669676.681,3,1,0,0.995,0.999,1.000,-90.00,176.98,-4.50,CLOSED,0
669676.688,3,1,0,0.916,1.000,1.000,-90.00,176.62,-4.50,CLOSED,0
669676.692,3,1,0,0.975,1.000,1.000,-90.00,176.35,-4.50,CLOSED,0
669676.696,3,1,0,1.000,1.000,1.000,-90.00,176.10,-4.50,CLOSED,0
669676.706,3,1,0,0.998,1.000,1.000,-90.00,175.54,-4.50,CLOSED,0
669676.714,3,1,0,0.998,1.000,1.000,-90.00,175.03,-4.50,CLOSED,0
669676.720,3,1,0,0.998,1.000,1.000,-90.00,174.69,-4.50,CLOSED,0
669676.724,3,1,0,0.997,1.000,1.000,-90.00,174.40,-4.50,CLOSED,0
669676.728,3,1,0,0.994,1.000,1.000,-90.00,174.17,-4.50,CLOSED,0
669676.732,0,1,0,0.991,1.000,1.000,-90.00,173.95,-4.50,CLOSED,0
669676.740,0,1,0,0.991,1.000,1.000,-90.00,173.47,-4.50,CLOSED,0
669676.745,0,1,0,0.765,0.996,1.000,-90.00,173.15,-4.50,CLOSED,0
669676.760,0,1,0,0.975,1.000,1.000,-90.00,172.27,-4.50,CLOSED,0
669676.779,0,1,0,0.637,1.000,1.000,-90.00,171.14,-4.50,CLOSED,1
669676.793,0,1,0,0.962,1.000,1.000,-90.00,170.30,-4.50,CLOSED,0
669676.802,0,1,0,0.935,1.000,1.000,-90.00,169.75,-4.50,CLOSED,0
669676.810,0,1,0,0.959,1.000,1.000,-90.00,169.24,-4.50,CLOSED,0
669676.819,0,1,0,0.817,1.000,1.000,-90.00,168.75,-4.50,CLOSED,0
669676.827,0,1,0,0.875,1.000,1.000,-90.00,168.22,-4.50,CLOSED,0
669676.836,0,1,0,0.834,1.000,1.000,-90.00,167.69,-4.50,CLOSED,0
669676.847,0,1,0,0.585,1.000,1.000,-90.00,167.07,-4.50,CLOSED,0
669676.857,0,1,0,0.861,1.000,1.000,-90.00,166.43,-4.50,CLOSED,0
669676.866,0,1,0,0.935,1.000,1.000,-90.00,165.89,-4.50,CLOSED,0
669676.875,0,1,0,0.961,1.000,1.000,-90.00,165.36,-4.50,CLOSED,0
669676.884,0,1,0,0.967,1.000,1.000,-90.00,164.83,-4.50,CLOSED,1
669676.891,0,1,0,0.969,1.000,1.000,-90.00,164.43,-4.50,CLOSED,0
669676.898,0,1,0,0.980,1.000,1.000,-90.00,163.96,-4.50,CLOSED,0
669676.907,0,1,0,0.989,1.000,1.000,-90.00,163.45,-4.50,CLOSED,0
669676.915,0,1,0,0.996,1.000,1.000,-90.00,162.96,-4.50,CLOSED,0
669676.923,0,1,0,1.000,1.000,1.000,-90.00,162.47,-4.50,CLOSED,0
669676.939,0,1,0,1.000,1.000,1.000,-90.00,161.52,-4.50,CLOSED,0
669676.952,0,1,0,1.000,1.000,1.000,-90.00,160.76,-4.50,CLOSED,0
669676.963,0,1,0,1.000,1.000,1.000,-90.00,160.06,-4.50,CLOSED,0
669676.975,0,1,0,1.000,1.000,1.000,-90.00,159.39,-4.50,CLOSED,0
669676.985,0,1,0,1.000,1.000,1.000,-90.00,158.75,-4.50,CLOSED,1
669676.996,0,1,0,1.000,1.000,1.000,-90.00,158.08,-4.50,CLOSED,0
669677.007,0,1,0,1.000,1.000,1.000,-90.00,157.46,-4.50,CLOSED,0
669677.014,0,1,0,1.000,1.000,1.000,-90.00,157.01,-4.50,CLOSED,0
669677.024,0,1,0,1.000,1.000,1.000,-90.00,156.46,-4.50,CLOSED,0
669677.034,0,1,0,1.000,1.000,1.000,-90.00,155.83,-4.50,CLOSED,0
669677.044,0,1,0,1.000,1.000,1.000,-90.00,155.25,-4.50,CLOSED,0
669677.053,0,1,0,1.000,1.000,1.000,-90.00,154.70,-4.50,CLOSED,0
669677.064,0,1,0,1.000,1.000,1.000,-90.00,154.04,-4.50,CLOSED,0
669677.075,0,1,0,1.000,1.000,1.000,-90.00,153.38,-4.50,CLOSED,0
669677.089,0,1,0,1.000,1.000,1.000,-90.00,152.51,-4.50,CLOSED,1
669677.101,0,1,0,1.000,1.000,1.000,-90.00,151.78,-4.50,CLOSED,0
669677.112,0,1,0,1.000,1.000,1.000,-90.00,151.12,-4.50,CLOSED,0
669677.124,0,1,0,1.000,1.000,1.000,-90.00,150.42,-4.50,CLOSED,0
669677.133,0,1,0,1.000,1.000,1.000,-90.00,149.91,-4.50,CLOSED,0
669677.142,0,1,0,1.000,1.000,1.000,-90.00,149.38,-4.50,CLOSED,0
669677.149,0,1,0,1.000,1.000,1.000,-90.00,148.91,-4.50,CLOSED,0
669677.158,0,1,0,1.000,1.000,1.000,-90.00,148.40,-4.50,CLOSED,0
669677.166,0,1,0,1.000,1.000,1.000,-90.00,147.92,-4.50,CLOSED,0
669677.174,0,1,0,1.000,1.000,1.000,-90.00,147.44,-4.50,CLOSED,0
669677.181,0,1,0,1.000,1.000,1.000,-90.00,147.03,-4.50,CLOSED,0
669677.189,0,1,0,1.000,1.000,1.000,-90.00,146.51,-4.50,CLOSED,1
669677.198,0,1,0,1.000,1.000,1.000,-90.00,146.01,-4.50,CLOSED,0
669677.206,0,0,0,1.000,1.000,1.000,-90.00,146.53,-4.50,CLOSED,0
669677.215,0,0,0,1.000,1.000,1.000,-90.00,147.02,-4.50,CLOSED,0
669677.223,0,0,0,1.000,1.000,1.000,-90.00,147.51,-4.50,CLOSED,0
669677.231,0,0,0,1.000,1.000,1.000,-90.00,148.00,-4.50,CLOSED,0
669677.240,0,0,0,1.000,1.000,1.000,-90.00,148.52,-4.50,CLOSED,0
669677.245,0,0,0,1.000,1.000,1.000,-90.00,148.85,-4.50,CLOSED,0
669677.253,0,0,0,1.000,1.000,1.000,-90.00,149.33,-4.50,CLOSED,0
669677.258,0,0,0,1.000,1.000,1.000,-90.00,149.60,-4.50,CLOSED,0
669677.264,0,0,0,1.000,1.000,1.000,-90.00,149.97,-4.50,CLOSED,0
669677.268,0,0,0,1.000,1.000,1.000,-90.00,150.21,-4.50,CLOSED,0
669677.274,0,0,0,1.000,1.000,1.000,-90.00,150.56,-4.50,CLOSED,0
669677.283,0,0,0,1.000,1.000,1.000,-90.00,151.13,-4.50,CLOSED,0
669677.288,0,0,0,1.000,1.000,1.000,-90.00,151.42,-4.50,CLOSED,0
669677.296,0,0,0,1.000,1.000,1.000,-90.00,151.93,-4.50,CLOSED,1
669677.305,0,0,0,1.000,1.000,1.000,-90.00,152.42,-4.50,CLOSED,0
669677.310,0,0,0,1.000,1.000,1.000,-90.00,152.71,-4.50,CLOSED,0
669677.314,0,0,0,1.000,1.000,1.000,-90.00,152.97,-4.50,CLOSED,0
669677.318,0,0,0,1.000,1.000,1.000,-90.00,153.24,-4.50,CLOSED,0
669677.325,0,0,0,1.000,1.000,1.000,-90.00,153.61,-4.50,CLOSED,0
669677.329,0,0,0,1.000,1.000,1.000,-90.00,153.89,-4.50,CLOSED,0
669677.335,0,0,0,1.000,1.000,1.000,-90.00,154.26,-4.50,CLOSED,0
669677.342,0,0,0,1.000,1.000,1.000,-90.00,154.66,-4.50,CLOSED,0
669677.350,0,0,0,1.000,1.000,1.000,-90.00,155.16,-4.50,CLOSED,0
669677.356,0,0,0,1.000,1.000,1.000,-90.00,155.53,-4.50,CLOSED,0
669677.365,0,0,0,1.000,1.000,1.000,-90.00,156.03,-4.50,CLOSED,0
669677.374,0,0,0,1.000,1.000,1.000,-90.00,156.57,-4.50,CLOSED,0
669677.383,0,0,0,1.000,1.000,1.000,-90.00,157.10,-4.50,CLOSED,0
669677.391,0,0,0,1.000,1.000,1.000,-90.00,157.63,-4.50,CLOSED,0
669677.400,0,0,0,1.000,1.000,1.000,-90.00,158.15,-4.50,CLOSED,1
669677.409,0,0,0,1.000,1.000,1.000,-90.00,158.67,-4.50,CLOSED,0
669677.417,0,0,0,1.000,1.000,1.000,-90.00,159.19,-4.50,CLOSED,0
669677.426,0,0,0,1.000,1.000,1.000,-90.00,159.73,-4.50,CLOSED,0
669677.435,0,0,0,1.000,1.000,1.000,-90.00,160.22,-4.50,CLOSED,0
669677.443,0,0,0,1.000,1.000,1.000,-90.00,160.72,-4.50,CLOSED,0
669677.450,0,0,0,1.000,1.000,1.000,-90.00,161.15,-4.50,CLOSED,0
669677.454,0,0,0,1.000,1.000,1.000,-90.00,161.40,-4.50,CLOSED,0
669677.458,0,0,0,1.000,1.000,1.000,-90.00,161.63,-4.50,CLOSED,0
669677.462,0,0,0,1.000,1.000,1.000,-90.00,161.87,-4.50,CLOSED,0
669677.471,0,0,0,1.000,1.000,1.000,-90.00,162.39,-4.50,CLOSED,0
669677.478,0,0,0,1.000,1.000,1.000,-90.00,162.81,-4.50,CLOSED,0
669677.482,0,0,0,1.000,1.000,1.000,-90.00,163.08,-4.50,CLOSED,0
669677.487,0,0,0,1.000,1.000,1.000,-90.00,163.34,-4.50,CLOSED,0
669677.491,0,0,0,1.000,1.000,1.000,-90.00,163.57,-4.50,CLOSED,0
669677.494,0,0,0,1.000,1.000,1.000,-90.00,163.81,-4.50,CLOSED,0
669677.499,0,0,0,1.000,1.000,1.000,-90.00,164.09,-4.50,CLOSED,0
669677.503,0,0,0,1.000,1.000,1.000,-90.00,164.31,-4.50,CLOSED,1
669677.507,0,0,0,1.000,1.000,1.000,-90.00,164.55,-4.50,CLOSED,0
669677.511,0,0,0,1.000,1.000,1.000,-90.00,164.80,-4.50,CLOSED,0
669677.519,0,0,0,1.000,1.000,1.000,-90.00,165.26,-4.50,CLOSED,0
669677.524,0,0,0,1.000,1.000,1.000,-90.00,165.60,-4.50,CLOSED,0
669677.528,0,0,0,1.000,1.000,1.000,-90.00,165.82,-4.50,CLOSED,0
669677.532,0,0,0,1.000,1.000,1.000,-90.00,166.05,-4.50,CLOSED,0
669677.535,0,0,0,1.000,1.000,1.000,-90.00,166.27,-4.50,CLOSED,0
669677.540,0,0,0,1.000,1.000,1.000,-90.00,166.52,-4.50,CLOSED,0
669677.544,0,0,0,1.000,1.000,1.000,-90.00,166.76,-4.50,CLOSED,0
669677.547,0,0,0,1.000,1.000,1.000,-90.00,166.98,-4.50,CLOSED,0
669677.551,0,0,0,1.000,1.000,1.000,-90.00,167.20,-4.50,CLOSED,0
669677.555,0,0,0,1.000,1.000,1.000,-90.00,167.45,-4.50,CLOSED,0
669677.560,0,0,0,1.000,1.000,1.000,-90.00,167.72,-4.50,CLOSED,0
669677.564,0,0,0,1.000,1.000,1.000,-90.00,168.01,-4.50,CLOSED,0
669677.569,0,0,0,1.000,1.000,1.000,-90.00,168.29,-4.50,CLOSED,0
669677.574,0,0,0,1.000,1.000,1.000,-90.00,168.58,-4.50,CLOSED,0
669677.578,0,0,0,1.000,1.000,1.000,-90.00,168.83,-4.50,CLOSED,0
669677.583,0,0,0,1.000,1.000,1.000,-90.00,169.14,-4.50,CLOSED,0
669677.588,0,0,0,1.000,1.000,1.000,-90.00,169.44,-4.50,CLOSED,0
669677.597,0,0,0,1.000,1.000,1.000,-90.00,169.94,-4.50,CLOSED,0
669677.603,0,0,0,1.000,1.000,1.000,-90.00,170.34,-4.50,CLOSED,1
669677.612,0,0,0,1.000,1.000,1.000,-90.00,170.84,-4.50,CLOSED,0
669677.620,0,0,0,1.000,1.000,1.000,-90.00,171.34,-4.50,CLOSED,0
669677.627,0,0,0,1.000,1.000,1.000,-90.00,171.75,-4.50,CLOSED,0
669677.635,0,0,0,1.000,1.000,1.000,-90.00,172.26,-4.50,CLOSED,0
669677.642,0,0,0,1.000,1.000,1.000,-90.00,172.66,-4.50,CLOSED,0
669677.650,0,0,0,1.000,1.000,1.000,-90.00,173.12,-4.50,CLOSED,0
669677.657,0,0,0,1.000,1.000,1.000,-90.00,173.53,-4.50,CLOSED,0
669677.665,0,0,0,1.000,1.000,1.000,-90.00,174.06,-4.50,CLOSED,0
669677.672,0,0,0,1.000,1.000,1.000,-90.00,174.47,-4.50,CLOSED,0
669677.681,0,0,0,1.000,1.000,1.000,-90.00,175.00,-4.50,CLOSED,0
669677.688,0,0,0,1.000,1.000,1.000,-90.00,175.41,-4.50,CLOSED,0
669677.692,0,0,0,1.000,1.000,1.000,-90.00,175.67,-4.50,CLOSED,0
669677.701,0,0,0,1.000,1.000,1.000,-90.00,176.19,-4.50,CLOSED,0
669677.705,0,0,0,1.000,1.000,1.000,-90.00,176.47,-4.50,CLOSED,1
669677.710,0,0,0,1.000,1.000,1.000,-90.00,176.74,-4.50,CLOSED,0
669677.714,0,0,0,1.000,1.000,1.000,-90.00,176.99,-4.50,CLOSED,0
669677.718,0,0,0,1.000,1.000,1.000,-90.00,177.22,-4.50,CLOSED,0
669677.722,0,0,0,0.999,1.000,1.000,-90.00,177.46,-4.50,CLOSED,0
669677.727,0,0,0,0.998,1.000,1.000,-90.00,177.75,-4.50,CLOSED,0
669677.731,0,0,0,0.994,1.000,1.000,-90.00,178.02,-4.50,CLOSED,0
669677.735,0,0,0,0.992,1.000,1.000,-90.00,178.26,-4.50,CLOSED,0
669677.741,0,0,0,0.980,1.000,1.000,-90.00,178.60,-4.50,CLOSED,0
669677.749,0,0,0,0.884,1.000,1.000,-90.00,179.07,-4.50,CLOSED,0
669677.756,0,0,0,0.625,1.000,1.000,-90.00,179.47,-4.50,CLOSED,0
669677.760,0,0,0,0.999,1.000,1.000,-90.00,179.75,-4.50,CLOSED,0
669677.768,0,0,0,1.000,1.000,1.000,-90.00,180.00,-4.50,CLOSED,0
669677.775,0,0,0,1.000,1.000,1.000,-90.00,180.00,-4.50,CLOSED,0
669677.781,0,0,0,1.000,1.000,1.000,-90.00,180.00,-4.50,CLOSED,0
669677.789,0,0,0,1.000,1.000,1.000,-90.00,180.00,-4.50,CLOSED,0
669677.800,0,0,0,1.000,1.000,1.000,-90.00,180.00,-4.50,CLOSED,0
669677.808,0,0,0,1.000,1.000,1.000,-90.00,180.00,-4.50,CLOSED,1
669677.818,1,0,0,1.000,1.000,1.000,-90.00,180.00,0.00,CLOSED,0
669677.829,1,0,0,1.000,1.000,1.000,-90.00,180.00,0.00,CLOSED,0
669677.838,1,0,0,1.000,1.000,1.000,-90.00,180.00,0.00,CLOSED,0
669677.847,1,0,0,1.000,1.000,1.000,-90.00,180.00,0.00,CLOSED,0
669677.856,1,0,0,1.000,1.000,1.000,-90.00,180.00,0.00,CLOSED,0
669677.865,1,0,0,1.000,1.000,1.000,-90.00,180.00,0.00,CLOSED,0
669677.874,1,0,0,1.000,1.000,1.000,-90.00,180.00,0.00,CLOSED,0
669677.882,1,0,0,1.000,1.000,1.000,-90.00,180.00,0.00,CLOSED,0
669677.892,1,0,0,1.000,1.000,1.000,-90.00,180.00,0.00,CLOSED,0
669677.900,1,0,0,1.000,1.000,1.000,-90.00,180.00,0.00,CLOSED,0
669677.908,1,0,0,1.000,1.000,1.000,-90.00,180.00,0.00,CLOSED,0
669677.917,1,0,0,1.000,1.000,1.000,-90.00,180.00,0.00,CLOSED,1
669677.923,1,0,0,1.000,1.000,1.000,-90.00,180.00,4.50,CLOSED,0
669677.931,1,0,0,1.000,1.000,1.000,-90.00,180.00,4.50,CLOSED,0
669677.940,1,0,0,1.000,1.000,1.000,-90.00,180.00,4.50,CLOSED,0
669677.948,1,0,0,1.000,1.000,1.000,-90.00,180.00,4.50,CLOSED,0
669677.956,1,0,0,1.000,1.000,1.000,-90.00,180.00,4.50,CLOSED,0
669677.963,1,0,0,1.000,1.000,1.000,-90.00,180.00,4.50,CLOSED,0
669677.971,1,0,0,1.000,1.000,1.000,-90.00,180.00,4.50,CLOSED,0
669677.980,1,0,0,1.000,1.000,1.000,-90.00,180.00,4.50,CLOSED,0
669677.989,1,0,0,1.000,1.000,1.000,-90.00,180.00,4.50,CLOSED,0
669677.997,1,0,0,1.000,1.000,1.000,-90.00,180.00,4.50,CLOSED,0
669678.004,1,0,0,1.000,1.000,1.000,-90.00,180.00,4.50,CLOSED,0
669678.013,1,0,0,1.000,1.000,1.000,-90.00,180.00,4.50,CLOSED,0
669678.022,1,0,0,1.000,1.000,1.000,-90.00,180.00,4.50,CLOSED,1
669678.027,1,0,0,1.000,1.000,1.000,-90.00,180.00,9.00,CLOSED,0
669678.034,1,0,0,1.000,1.000,1.000,-90.00,180.00,9.00,CLOSED,0
669678.041,1,0,0,1.000,1.000,1.000,-90.00,180.00,9.00,CLOSED,0
669678.049,1,0,0,1.000,1.000,1.000,-90.00,180.00,9.00,CLOSED,0
669678.057,1,0,0,1.000,1.000,1.000,-90.00,180.00,9.00,CLOSED,0
669678.064,1,0,0,1.000,1.000,1.000,-90.00,180.00,9.00,CLOSED,0
669678.072,1,0,0,1.000,1.000,1.000,-90.00,180.00,9.00,CLOSED,0
669678.080,1,0,0,1.000,1.000,1.000,-90.00,180.00,9.00,CLOSED,0
669678.088,1,0,0,1.000,1.000,1.000,-90.00,180.00,9.00,CLOSED,0
669678.096,1,0,0,1.000,1.000,1.000,-90.00,180.00,9.00,CLOSED,0
669678.104,1,0,0,1.000,1.000,1.000,-90.00,180.00,9.00,CLOSED,0
669678.112,1,0,0,1.000,1.000,1.000,-90.00,180.00,9.00,CLOSED,0
669678.121,1,0,0,1.000,1.000,1.000,-90.00,180.00,9.00,CLOSED,0
669678.127,1,0,0,1.000,1.000,1.000,-90.00,180.00,13.50,CLOSED,1
669678.131,1,0,0,1.000,1.000,1.000,-90.00,180.00,13.50,CLOSED,0
669678.138,1,0,0,1.000,1.000,1.000,-90.00,180.00,13.50,CLOSED,0
669678.146,1,0,0,1.000,1.000,1.000,-90.00,180.00,13.50,CLOSED,0
669678.151,1,0,0,1.000,1.000,1.000,-90.00,180.00,13.50,CLOSED,0
669678.159,1,0,0,1.000,1.000,1.000,-90.00,180.00,13.50,CLOSED,0
669678.167,1,0,0,1.000,1.000,1.000,-90.00,180.00,13.50,CLOSED,0
669678.175,1,0,0,1.000,1.000,1.000,-90.00,180.00,13.50,CLOSED,0
669678.181,1,0,0,1.000,1.000,1.000,-90.00,180.00,13.50,CLOSED,0
669678.188,1,0,0,1.000,1.000,1.000,-90.00,180.00,13.50,CLOSED,0
669678.196,1,0,0,1.000,1.000,1.000,-90.00,180.00,13.50,CLOSED,0
669678.204,1,0,0,1.000,1.000,1.000,-90.00,180.00,13.50,CLOSED,0
669678.211,1,0,0,1.000,1.000,1.000,-90.00,180.00,13.50,CLOSED,0
669678.218,1,0,0,1.000,1.000,1.000,-90.00,180.00,13.50,CLOSED,0
669678.227,1,0,0,1.000,1.000,1.000,-90.00,180.00,13.50,CLOSED,0
669678.233,1,0,0,1.000,1.000,1.000,-90.00,180.00,18.00,CLOSED,1
669678.239,1,0,0,1.000,1.000,1.000,-90.00,180.00,18.00,CLOSED,0
669678.243,1,0,0,1.000,1.000,1.000,-90.00,180.00,18.00,CLOSED,0
669678.247,1,0,0,1.000,1.000,1.000,-90.00,180.00,18.00,CLOSED,0
669678.254,1,0,0,1.000,1.000,1.000,-90.00,180.00,18.00,CLOSED,0
669678.261,1,0,0,1.000,1.000,1.000,-90.00,180.00,18.00,CLOSED,0
669678.269,1,0,0,1.000,1.000,1.000,-90.00,180.00,18.00,CLOSED,0
669678.275,1,0,0,1.000,1.000,1.000,-90.00,180.00,18.00,CLOSED,0
669678.283,1,0,0,1.000,1.000,1.000,-90.00,180.00,18.00,CLOSED,0
669678.290,1,0,0,1.000,1.000,1.000,-90.00,180.00,18.00,CLOSED,0
669678.298,1,0,0,1.000,1.000,1.000,-90.00,180.00,18.00,CLOSED,0
669678.306,1,0,0,1.000,1.000,1.000,-90.00,180.00,18.00,CLOSED,0
669678.313,1,0,0,1.000,1.000,1.000,-90.00,180.00,18.00,CLOSED,0
669678.322,1,0,0,1.000,1.000,1.000,-90.00,180.00,18.00,CLOSED,0
669678.330,1,0,0,1.000,1.000,1.000,-90.00,180.00,18.00,CLOSED,0
669678.339,1,0,0,1.000,1.000,1.000,-90.00,180.00,22.50,CLOSED,1
669678.347,1,0,0,1.000,1.000,1.000,-90.00,180.00,22.50,CLOSED,0
669678.355,1,0,0,1.000,1.000,1.000,-90.00,180.00,22.50,CLOSED,0
669678.364,1,0,0,1.000,1.000,1.000,-90.00,180.00,22.50,CLOSED,0
669678.372,1,0,0,1.000,1.000,1.000,-90.00,180.00,22.50,CLOSED,0
669678.381,1,0,0,1.000,1.000,1.000,-90.00,180.00,22.50,CLOSED,0
669678.387,1,0,0,1.000,1.000,1.000,-90.00,180.00,22.50,CLOSED,0
669678.396,1,0,0,1.000,1.000,1.000,-90.00,180.00,22.50,CLOSED,0
669678.402,1,0,0,1.000,1.000,1.000,-90.00,180.00,22.50,CLOSED,0
669678.410,1,0,0,1.000,1.000,1.000,-90.00,180.00,22.50,CLOSED,0
669678.419,1,0,0,1.000,1.000,1.000,-90.00,180.00,22.50,CLOSED,0
669678.427,1,0,0,1.000,1.000,1.000,-90.00,180.00,22.50,CLOSED,0
669678.435,1,0,0,1.000,1.000,1.000,-90.00,180.00,22.50,CLOSED,0
669678.441,1,0,0,1.000,1.000,1.000,-90.00,180.00,27.00,CLOSED,1
669678.449,1,0,0,1.000,1.000,1.000,-90.00,180.00,27.00,CLOSED,0
669678.454,1,0,0,1.000,1.000,1.000,-90.00,180.00,27.00,CLOSED,0
669678.458,1,0,0,1.000,1.000,1.000,-90.00,180.00,27.00,CLOSED,0
669678.462,1,0,0,1.000,1.000,1.000,-90.00,180.00,27.00,CLOSED,0
669678.466,1,0,0,1.000,1.000,1.000,-90.00,180.00,27.00,CLOSED,0
669678.471,1,0,0,1.000,1.000,1.000,-90.00,180.00,27.00,CLOSED,0
669678.477,1,0,0,1.000,1.000,1.000,-90.00,180.00,27.00,CLOSED,0
669678.480,1,0,0,1.000,1.000,1.000,-90.00,180.00,27.00,CLOSED,0
669678.487,1,0,0,1.000,1.000,1.000,-90.00,180.00,27.00,CLOSED,0
669678.492,1,0,0,1.000,1.000,1.000,-90.00,180.00,27.00,CLOSED,0
669678.495,1,0,0,1.000,1.000,1.000,-90.00,180.00,27.00,CLOSED,0
669678.499,1,0,0,1.000,1.000,1.000,-90.00,180.00,27.00,CLOSED,0
669678.503,1,0,0,1.000,1.000,1.000,-90.00,180.00,27.00,CLOSED,0
669678.507,1,0,0,1.000,1.000,1.000,-90.00,180.00,27.00,CLOSED,0
669678.511,1,0,0,1.000,1.000,1.000,-90.00,180.00,27.00,CLOSED,0
669678.514,1,0,0,1.000,1.000,1.000,-90.00,180.00,27.00,CLOSED,0
669678.519,1,0,0,1.000,1.000,1.000,-90.00,180.00,27.00,CLOSED,0
669678.523,1,0,0,1.000,1.000,1.000,-90.00,180.00,27.00,CLOSED,0
669678.530,1,0,0,1.000,1.000,1.000,-90.00,180.00,27.00,CLOSED,0
669678.534,1,0,0,1.000,1.000,1.000,-90.00,180.00,27.00,CLOSED,0
669678.538,1,0,0,1.000,1.000,1.000,-90.00,180.00,27.00,CLOSED,0
669678.542,1,0,0,1.000,1.000,1.000,-90.00,180.00,31.50,CLOSED,1
669678.546,1,0,0,1.000,1.000,1.000,-90.00,180.00,31.50,CLOSED,0
669678.550,1,0,0,1.000,1.000,1.000,-90.00,180.00,31.50,CLOSED,0
669678.553,1,0,0,1.000,1.000,1.000,-90.00,180.00,31.50,CLOSED,0
669678.559,1,0,0,1.000,1.000,1.000,-90.00,180.00,31.50,CLOSED,0
669678.563,1,0,0,1.000,1.000,1.000,-90.00,180.00,31.50,CLOSED,0
669678.567,1,0,0,1.000,1.000,1.000,-90.00,180.00,31.50,CLOSED,0
669678.571,1,0,0,1.000,1.000,1.000,-90.00,180.00,31.50,CLOSED,0
669678.574,1,0,0,1.000,1.000,1.000,-90.00,180.00,31.50,CLOSED,0
669678.580,1,0,0,1.000,1.000,1.000,-90.00,180.00,31.50,CLOSED,0
669678.585,1,0,0,0.999,1.000,1.000,-90.00,180.00,31.50,CLOSED,0
669678.590,1,0,0,0.935,1.000,1.000,-90.00,180.00,31.50,CLOSED,0
669678.595,1,0,0,0.996,1.000,1.000,-90.00,180.00,31.50,CLOSED,0
669678.599,1,0,0,0.998,1.000,1.000,-90.00,180.00,31.50,CLOSED,0
669678.603,1,0,0,0.999,1.000,1.000,-90.00,180.00,31.50,CLOSED,0
669678.607,1,0,0,1.000,1.000,1.000,-90.00,180.00,31.50,CLOSED,0
669678.611,1,0,0,1.000,1.000,1.000,-90.00,180.00,31.50,CLOSED,0
669678.615,1,0,0,1.000,1.000,1.000,-90.00,180.00,31.50,CLOSED,0
669678.620,1,0,0,1.000,1.000,1.000,-90.00,180.00,31.50,CLOSED,0
669678.625,0,0,0,1.000,1.000,1.000,-90.00,180.00,31.50,CLOSED,0
669678.632,0,0,0,1.000,1.000,1.000,-90.00,180.00,31.50,CLOSED,0
669678.636,0,0,0,1.000,1.000,1.000,-90.00,180.00,31.50,CLOSED,0
669678.645,0,0,0,1.000,1.000,1.000,-90.00,180.00,31.50,CLOSED,0
669678.650,0,0,0,1.000,1.000,1.000,-90.00,180.00,31.50,CLOSED,0
669678.653,0,0,0,1.000,1.000,1.000,-90.00,180.00,31.50,CLOSED,0
669678.661,0,0,0,1.000,1.000,1.000,-90.00,180.00,31.50,CLOSED,0
669678.669,0,0,0,1.000,1.000,1.000,-90.00,180.00,31.50,CLOSED,0
669678.677,0,0,0,1.000,1.000,1.000,-90.00,180.00,31.50,CLOSED,0
669678.682,0,0,0,1.000,1.000,1.000,-90.00,180.00,31.50,CLOSED,0
669678.686,0,0,0,1.000,1.000,1.000,-90.00,180.00,31.50,CLOSED,0
669678.693,0,0,0,1.000,1.000,1.000,-90.00,180.00,31.50,CLOSED,0
669678.697,0,0,0,1.000,1.000,1.000,-90.00,180.00,31.50,CLOSED,0
669678.701,0,0,0,1.000,1.000,1.000,-90.00,180.00,31.50,CLOSED,0
669678.705,0,0,0,1.000,1.000,1.000,-90.00,180.00,31.50,CLOSED,0
669678.708,0,0,0,1.000,1.000,1.000,-90.00,180.00,31.50,CLOSED,0
669678.715,0,0,0,1.000,1.000,1.000,-90.00,180.00,31.50,CLOSED,0
669678.721,0,0,0,1.000,1.000,1.000,-90.00,180.00,31.50,CLOSED,0
669678.725,0,0,0,1.000,1.000,1.000,-90.00,180.00,31.50,CLOSED,0
669678.728,0,0,0,1.000,1.000,1.000,-90.00,180.00,31.50,CLOSED,0
669678.732,0,0,0,1.000,1.000,1.000,-90.00,180.00,31.50,CLOSED,0
669678.736,0,0,0,1.000,1.000,1.000,-90.00,180.00,31.50,CLOSED,0
669678.740,0,0,0,1.000,1.000,1.000,-90.00,180.00,31.50,CLOSED,0
669678.744,0,0,0,1.000,1.000,1.000,-90.00,180.00,31.50,CLOSED,0
669678.747,0,0,0,1.000,1.000,1.000,-90.00,180.00,31.50,CLOSED,0
669678.751,0,0,0,1.000,1.000,1.000,-90.00,180.00,31.50,CLOSED,0
669678.755,0,0,0,1.000,1.000,1.000,-90.00,180.00,31.50,CLOSED,0
669678.760,0,0,0,1.000,1.000,1.000,-90.00,180.00,31.50,CLOSED,0
669678.764,0,0,0,1.000,1.000,1.000,-90.00,180.00,31.50,CLOSED,0
669678.768,0,0,0,1.000,1.000,1.000,-90.00,180.00,31.50,CLOSED,0
669678.772,0,0,0,1.000,1.000,1.000,-90.00,180.00,31.50,CLOSED,0
669678.775,0,0,0,1.000,1.000,1.000,-90.00,180.00,31.50,CLOSED,0
669678.779,0,0,0,1.000,1.000,1.000,-90.00,180.00,31.50,CLOSED,0
669678.783,0,0,0,1.000,1.000,1.000,-90.00,180.00,31.50,CLOSED,0
669678.787,0,0,0,1.000,1.000,1.000,-90.00,180.00,31.50,CLOSED,0
669678.791,0,0,0,1.000,1.000,1.000,-90.00,180.00,31.50,CLOSED,0
669678.795,0,0,0,1.000,1.000,1.000,-90.00,180.00,31.50,CLOSED,0
669678.799,0,0,0,1.000,1.000,1.000,-90.00,180.00,31.50,CLOSED,0
669678.804,0,0,0,1.000,1.000,1.000,-90.00,180.00,31.50,CLOSED,0
669678.808,0,0,0,1.000,1.000,1.000,-90.00,180.00,31.50,CLOSED,0
669678.812,0,0,0,1.000,1.000,1.000,-90.00,180.00,31.50,CLOSED,0
669678.816,0,0,0,1.000,1.000,1.000,-90.00,180.00,31.50,CLOSED,0
669678.820,0,0,0,1.000,1.000,1.000,-90.00,180.00,31.50,CLOSED,0
669678.824,0,0,0,1.000,1.000,1.000,-90.00,180.00,31.50,CLOSED,0
669678.828,0,0,0,1.000,1.000,1.000,-90.00,180.00,31.50,CLOSED,0
669678.832,0,0,0,1.000,1.000,1.000,-90.00,180.00,31.50,CLOSED,0
669678.836,0,0,0,1.000,1.000,1.000,-90.00,180.00,31.50,CLOSED,0
669678.840,0,0,0,1.000,1.000,1.000,-90.00,180.00,31.50,CLOSED,0
669678.844,0,0,0,1.000,1.000,1.000,-90.00,180.00,31.50,CLOSED,0
669678.848,0,0,0,1.000,1.000,1.000,-90.00,180.00,31.50,CLOSED,0
669678.853,0,0,0,1.000,1.000,1.000,-90.00,180.00,31.50,CLOSED,0
669678.857,0,0,0,1.000,1.000,1.000,-90.00,180.00,31.50,CLOSED,0
669678.861,0,0,0,1.000,1.000,1.000,-90.00,180.00,31.50,CLOSED,0
669678.865,0,0,0,1.000,1.000,1.000,-90.00,180.00,31.50,CLOSED,0
669678.870,0,0,0,1.000,1.000,1.000,-90.00,180.00,31.50,CLOSED,0
669678.874,0,0,0,1.000,1.000,1.000,-90.00,180.00,31.50,CLOSED,0
669678.878,0,0,0,1.000,1.000,1.000,-90.00,180.00,31.50,CLOSED,0
669678.882,0,0,0,1.000,1.000,1.000,-90.00,180.00,31.50,CLOSED,0
669678.886,0,0,0,1.000,1.000,1.000,-90.00,180.00,31.50,CLOSED,0
669678.890,0,0,0,1.000,1.000,1.000,-90.00,180.00,31.50,CLOSED,0
669678.894,0,0,0,1.000,1.000,1.000,-90.00,180.00,31.50,CLOSED,0
669678.899,0,0,0,1.000,1.000,1.000,-90.00,180.00,31.50,CLOSED,0
669678.902,0,0,0,1.000,1.000,1.000,-90.00,180.00,31.50,CLOSED,0
669678.906,0,0,0,1.000,1.000,1.000,-90.00,180.00,31.50,CLOSED,0
669678.910,0,0,0,1.000,1.000,1.000,-90.00,180.00,31.50,CLOSED,0
669678.914,0,0,0,1.000,1.000,1.000,-90.00,180.00,31.50,CLOSED,0
669678.918,0,0,0,1.000,1.000,1.000,-90.00,180.00,31.50,CLOSED,0
669678.921,0,0,0,1.000,1.000,1.000,-90.00,180.00,31.50,CLOSED,0
669678.929,0,0,0,1.000,1.000,1.000,-90.00,180.00,31.50,CLOSED,0
669678.933,0,0,0,1.000,1.000,1.000,-90.00,180.00,31.50,CLOSED,0
669678.937,0,0,0,1.000,1.000,1.000,-90.00,180.00,31.50,CLOSED,0
669678.941,0,0,0,1.000,1.000,1.000,-90.00,180.00,31.50,CLOSED,0
669678.945,0,0,0,1.000,1.000,1.000,-90.00,180.00,31.50,CLOSED,0
669678.953,0,0,0,1.000,1.000,1.000,-90.00,180.00,31.50,CLOSED,0
669678.960,0,0,0,1.000,1.000,1.000,-90.00,180.00,31.50,CLOSED,0
669678.964,0,0,0,1.000,1.000,1.000,-90.00,180.00,31.50,CLOSED,0
669678.968,0,0,0,1.000,1.000,1.000,-90.00,180.00,31.50,CLOSED,0
669678.972,0,0,0,1.000,1.000,1.000,-90.00,180.00,31.50,CLOSED,0
669678.978,0,0,0,1.000,1.000,1.000,-90.00,180.00,31.50,CLOSED,0
669678.982,0,0,0,1.000,1.000,1.000,-90.00,180.00,31.50,CLOSED,0
669678.986,0,0,0,1.000,1.000,1.000,-90.00,180.00,31.50,CLOSED,0
669678.991,0,0,0,1.000,1.000,1.000,-90.00,180.00,31.50,CLOSED,0
669678.995,0,0,0,1.000,1.000,1.000,-90.00,180.00,31.50,CLOSED,0
669678.999,0,0,0,1.000,1.000,1.000,-90.00,180.00,31.50,CLOSED,0
669679.002,0,0,0,1.000,1.000,1.000,-90.00,180.00,31.50,CLOSED,0
669679.008,0,0,0,1.000,1.000,1.000,-90.00,180.00,31.50,CLOSED,0
669679.012,0,0,0,1.000,1.000,1.000,-90.00,180.00,31.50,CLOSED,0
669679.017,0,0,0,1.000,1.000,1.000,-90.00,180.00,31.50,CLOSED,0
669679.022,0,0,0,1.000,1.000,1.000,-90.00,180.00,31.50,CLOSED,0
669679.026,0,0,0,1.000,1.000,1.000,-90.00,180.00,31.50,CLOSED,0
669679.030,0,0,0,1.000,1.000,1.000,-90.00,180.00,31.50,CLOSED,0
669679.035,0,0,0,1.000,1.000,1.000,-90.00,180.00,31.50,CLOSED,0
669679.040,0,0,0,1.000,1.000,1.000,-90.00,180.00,31.50,CLOSED,0
669679.044,0,0,0,1.000,1.000,1.000,-90.00,180.00,31.50,CLOSED,0
669679.048,0,0,0,1.000,1.000,1.000,-90.00,180.00,31.50,CLOSED,0
669679.053,0,0,0,1.000,1.000,1.000,-90.00,180.00,31.50,CLOSED,0
669679.061,0,0,0,1.000,1.000,1.000,-90.00,180.00,31.50,CLOSED,0
669679.070,0,0,0,1.000,1.000,1.000,-90.00,180.00,31.50,CLOSED,0
669679.074,0,0,0,1.000,1.000,1.000,-90.00,180.00,31.50,CLOSED,0
669679.078,0,0,0,1.000,1.000,1.000,-90.00,180.00,31.50,CLOSED,0
669679.082,0,0,0,1.000,1.000,1.000,-90.00,180.00,31.50,CLOSED,0
669679.086,0,0,0,1.000,1.000,1.000,-90.00,180.00,31.50,CLOSED,0
669679.090,0,0,0,1.000,1.000,1.000,-90.00,180.00,31.50,CLOSED,0
669679.094,0,0,0,1.000,1.000,1.000,-90.00,180.00,31.50,CLOSED,0
669679.098,0,0,0,1.000,1.000,1.000,-90.00,180.00,31.50,CLOSED,0
669679.102,0,0,0,1.000,1.000,1.000,-90.00,180.00,31.50,CLOSED,0
669679.106,0,0,0,1.000,1.000,1.000,-90.00,180.00,31.50,CLOSED,0
669679.109,0,0,0,1.000,1.000,1.000,-90.00,180.00,31.50,CLOSED,0
669679.113,0,0,0,1.000,1.000,1.000,-90.00,180.00,31.50,CLOSED,0
669679.118,0,0,0,1.000,1.000,1.000,-90.00,180.00,31.50,CLOSED,0
669679.122,0,0,0,1.000,1.000,1.000,-90.00,180.00,31.50,CLOSED,0
669679.126,0,0,0,1.000,1.000,1.000,-90.00,180.00,31.50,CLOSED,0
669679.131,0,0,0,1.000,1.000,1.000,-90.00,180.00,31.50,CLOSED,0
669679.136,0,0,0,1.000,1.000,1.000,-90.00,180.00,31.50,CLOSED,0
669679.140,0,0,0,1.000,1.000,1.000,-90.00,180.00,31.50,CLOSED,0
669679.148,0,0,0,1.000,1.000,1.000,-90.00,180.00,31.50,CLOSED,0
669679.152,0,0,0,1.000,1.000,1.000,-90.00,180.00,31.50,CLOSED,0
669679.156,0,0,0,1.000,1.000,1.000,-90.00,180.00,31.50,CLOSED,0
669679.160,0,0,0,1.000,1.000,1.000,-90.00,180.00,31.50,CLOSED,0
669679.165,0,0,0,1.000,1.000,1.000,-90.00,180.00,31.50,CLOSED,0
669679.170,0,0,0,1.000,1.000,1.000,-90.00,180.00,31.50,CLOSED,0
669679.174,0,0,0,1.000,1.000,1.000,-90.00,180.00,31.50,CLOSED,0
669679.179,0,0,0,1.000,1.000,1.000,-90.00,180.00,31.50,CLOSED,0
669679.183,0,0,0,1.000,1.000,1.000,-90.00,180.00,31.50,CLOSED,0
669679.187,0,0,0,1.000,1.000,1.000,-90.00,180.00,31.50,CLOSED,0
669679.195,0,0,0,1.000,1.000,1.000,-90.00,180.00,31.50,CLOSED,0
669679.199,0,0,0,1.000,1.000,1.000,-90.00,180.00,31.50,CLOSED,0
669679.203,0,0,0,1.000,1.000,1.000,-90.00,180.00,31.50,CLOSED,0
669679.207,0,0,0,1.000,1.000,1.000,-90.00,180.00,31.50,CLOSED,0
669679.216,0,0,0,1.000,1.000,1.000,-90.00,180.00,31.50,CLOSED,0
669679.224,0,0,0,1.000,1.000,1.000,-90.00,180.00,31.50,CLOSED,0
669679.229,0,0,0,1.000,1.000,1.000,-90.00,180.00,31.50,CLOSED,0
669679.237,0,0,0,1.000,1.000,1.000,-90.00,180.00,31.50,CLOSED,0
669679.245,0,0,0,1.000,1.000,1.000,-90.00,180.00,31.50,CLOSED,0
669679.253,0,0,0,1.000,1.000,1.000,-90.00,180.00,31.50,CLOSED,0
669679.261,0,0,0,1.000,1.000,1.000,-90.00,180.00,31.50,CLOSED,0
669679.269,0,0,0,1.000,1.000,1.000,-90.00,180.00,31.50,CLOSED,0
669679.277,0,0,0,1.000,1.000,1.000,-90.00,180.00,31.50,CLOSED,0
669679.285,0,0,0,1.000,1.000,1.000,-90.00,180.00,31.50,CLOSED,0
669679.293,0,0,0,1.000,1.000,1.000,-90.00,180.00,31.50,CLOSED,0
669679.301,0,0,0,1.000,1.000,1.000,-90.00,180.00,31.50,CLOSED,0
669679.309,0,0,0,1.000,1.000,1.000,-90.00,180.00,31.50,CLOSED,0
669679.317,0,0,0,1.000,1.000,1.000,-90.00,180.00,31.50,CLOSED,0
669679.322,0,0,0,1.000,1.000,1.000,-90.00,180.00,31.50,CLOSED,0
669679.327,0,0,0,1.000,1.000,1.000,-90.00,180.00,31.50,CLOSED,0
669679.335,0,0,0,1.000,1.000,1.000,-90.00,180.00,31.50,CLOSED,0
669679.338,0,0,0,1.000,1.000,1.000,-90.00,180.00,31.50,CLOSED,0
669679.343,0,0,0,1.000,1.000,1.000,-90.00,180.00,31.50,CLOSED,0
669679.348,0,0,0,1.000,1.000,1.000,-90.00,180.00,31.50,CLOSED,0
669679.357,0,0,0,1.000,1.000,1.000,-90.00,180.00,31.50,CLOSED,0
669679.361,0,0,0,1.000,1.000,1.000,-90.00,180.00,31.50,CLOSED,0
669679.365,0,0,0,1.000,1.000,1.000,-90.00,180.00,31.50,CLOSED,0
669679.372,0,0,0,1.000,1.000,1.000,-90.00,180.00,31.50,CLOSED,0
669679.377,0,0,0,1.000,1.000,1.000,-90.00,180.00,31.50,CLOSED,0
669679.381,0,0,0,1.000,1.000,1.000,-90.00,180.00,31.50,CLOSED,0
669679.388,0,0,0,1.000,1.000,1.000,-90.00,180.00,31.50,CLOSED,0
669679.393,0,0,0,1.000,1.000,1.000,-90.00,180.00,31.50,CLOSED,0
669679.398,0,0,0,1.000,1.000,1.000,-90.00,180.00,31.50,CLOSED,0
669679.405,0,0,0,1.000,1.000,1.000,-90.00,180.00,31.50,CLOSED,0
669679.409,0,0,0,1.000,1.000,1.000,-90.00,180.00,31.50,CLOSED,0
669679.413,0,0,0,1.000,1.000,1.000,-90.00,180.00,31.50,CLOSED,0
669679.417,0,0,0,1.000,1.000,1.000,-90.00,180.00,31.50,CLOSED,0
669679.420,0,0,0,1.000,1.000,1.000,-90.00,180.00,31.50,CLOSED,0
669679.429,0,0,0,1.000,1.000,1.000,-90.00,180.00,31.50,CLOSED,0
669679.433,0,0,0,1.000,1.000,1.000,-90.00,180.00,31.50,CLOSED,0
669679.441,0,0,0,1.000,1.000,1.000,-90.00,180.00,31.50,CLOSED,0
669679.447,0,0,0,1.000,1.000,1.000,-90.00,180.00,31.50,CLOSED,0
669679.451,0,0,0,1.000,1.000,1.000,-90.00,180.00,31.50,CLOSED,0
669679.456,0,0,0,1.000,1.000,1.000,-90.00,180.00,31.50,CLOSED,0
669679.460,0,0,0,1.000,1.000,1.000,-90.00,180.00,31.50,CLOSED,0
669679.464,0,0,0,1.000,1.000,1.000,-90.00,180.00,31.50,CLOSED,0
669679.468,0,0,0,1.000,1.000,1.000,-90.00,180.00,31.50,CLOSED,0
669679.472,0,0,0,1.000,1.000,1.000,-90.00,180.00,31.50,CLOSED,0
669679.477,0,0,0,1.000,1.000,1.000,-90.00,180.00,31.50,CLOSED,0
669679.481,0,0,0,1.000,1.000,1.000,-90.00,180.00,31.50,CLOSED,0
669679.485,0,0,0,1.000,1.000,1.000,-90.00,180.00,31.50,CLOSED,0
669679.489,0,0,0,1.000,1.000,1.000,-90.00,180.00,31.50,CLOSED,0
669679.493,0,0,0,1.000,1.000,1.000,-90.00,180.00,31.50,CLOSED,0
669679.497,0,0,0,1.000,1.000,1.000,-90.00,180.00,31.50,CLOSED,0
669679.501,0,0,0,1.000,1.000,1.000,-90.00,180.00,31.50,CLOSED,0
669679.505,0,0,0,1.000,1.000,1.000,-90.00,180.00,31.50,CLOSED,0
669679.513,0,0,0,0.985,1.000,1.000,-90.00,180.00,31.50,CLOSED,0
669679.517,0,0,0,0.799,1.000,1.000,-90.00,180.00,31.50,CLOSED,0
669679.521,0,0,0,0.781,1.000,1.000,-90.00,180.00,31.50,CLOSED,0
669679.525,0,0,0,0.983,1.000,1.000,-90.00,180.00,31.50,CLOSED,0
669679.529,0,0,0,0.997,1.000,1.000,-90.00,180.00,31.50,CLOSED,0
669679.533,0,0,0,1.000,1.000,1.000,-90.00,180.00,31.50,CLOSED,0
669679.537,0,0,0,1.000,1.000,1.000,-90.00,180.00,31.50,CLOSED,0
669679.541,0,0,0,1.000,1.000,1.000,-90.00,180.00,31.50,CLOSED,0
669679.545,0,0,0,1.000,1.000,1.000,-90.00,180.00,31.50,CLOSED,0
669679.549,0,0,0,1.000,1.000,1.000,-90.00,180.00,31.50,CLOSED,0
669679.553,2,0,0,1.000,1.000,1.000,-90.00,180.00,27.00,CLOSED,1
669679.557,2,0,0,1.000,1.000,1.000,-90.00,180.00,27.00,CLOSED,0
669679.561,2,0,0,1.000,1.000,1.000,-90.00,180.00,27.00,CLOSED,0
669679.565,2,0,0,1.000,1.000,1.000,-90.00,180.00,27.00,CLOSED,0
669679.571,2,0,0,1.000,1.000,1.000,-90.00,180.00,27.00,CLOSED,0
669679.575,2,0,0,1.000,1.000,1.000,-90.00,180.00,27.00,CLOSED,0
669679.580,2,0,0,1.000,1.000,1.000,-90.00,180.00,27.00,CLOSED,0
669679.585,2,0,0,1.000,1.000,1.000,-90.00,180.00,27.00,CLOSED,0
669679.595,2,0,0,1.000,1.000,1.000,-90.00,180.00,27.00,CLOSED,0
669679.605,2,0,0,1.000,1.000,1.000,-90.00,180.00,27.00,CLOSED,0
669679.612,2,0,0,1.000,1.000,1.000,-90.00,180.00,27.00,CLOSED,0
669679.622,2,0,0,1.000,1.000,1.000,-90.00,180.00,27.00,CLOSED,0
669679.632,2,0,0,1.000,1.000,1.000,-90.00,180.00,27.00,CLOSED,0
669679.640,2,0,0,1.000,1.000,1.000,-90.00,180.00,27.00,CLOSED,0
669679.649,2,0,0,1.000,1.000,1.000,-90.00,180.00,27.00,CLOSED,0
669679.657,2,0,0,1.000,1.000,1.000,-90.00,180.00,22.50,CLOSED,1
669679.665,2,0,0,1.000,1.000,1.000,-90.00,180.00,22.50,CLOSED,0
669679.674,2,0,0,1.000,1.000,1.000,-90.00,180.00,22.50,CLOSED,0
669679.683,2,0,0,1.000,1.000,1.000,-90.00,180.00,22.50,CLOSED,0
669679.691,2,0,0,1.000,1.000,1.000,-90.00,180.00,22.50,CLOSED,0
669679.699,2,0,0,1.000,1.000,1.000,-90.00,180.00,22.50,CLOSED,0
669679.704,2,0,0,1.000,1.000,1.000,-90.00,180.00,22.50,CLOSED,0
669679.708,2,0,0,1.000,1.000,1.000,-90.00,180.00,22.50,CLOSED,0
669679.712,2,0,0,1.000,1.000,1.000,-90.00,180.00,22.50,CLOSED,0
669679.716,2,0,0,1.000,1.000,1.000,-90.00,180.00,22.50,CLOSED,0
669679.720,2,0,0,1.000,1.000,1.000,-90.00,180.00,22.50,CLOSED,0
669679.723,2,0,0,1.000,1.000,1.000,-90.00,180.00,22.50,CLOSED,0
669679.727,2,0,0,1.000,1.000,1.000,-90.00,180.00,22.50,CLOSED,0
669679.731,2,0,0,1.000,1.000,1.000,-90.00,180.00,22.50,CLOSED,0
669679.735,2,0,0,1.000,1.000,1.000,-90.00,180.00,22.50,CLOSED,0
669679.739,2,0,0,1.000,1.000,1.000,-90.00,180.00,22.50,CLOSED,0
669679.742,2,0,0,1.000,1.000,1.000,-90.00,180.00,22.50,CLOSED,0
669679.746,2,0,0,1.000,1.000,1.000,-90.00,180.00,22.50,CLOSED,0
669679.750,2,0,0,1.000,1.000,1.000,-90.00,180.00,22.50,CLOSED,0
669679.754,2,0,0,1.000,1.000,1.000,-90.00,180.00,22.50,CLOSED,0
669679.758,2,0,0,1.000,1.000,1.000,-90.00,180.00,18.00,CLOSED,1
669679.762,2,0,0,1.000,1.000,1.000,-90.00,180.00,18.00,CLOSED,0
669679.766,2,0,0,1.000,1.000,1.000,-90.00,180.00,18.00,CLOSED,0
669679.773,2,0,0,1.000,1.000,1.000,-90.00,180.00,18.00,CLOSED,0
669679.777,2,0,0,1.000,1.000,1.000,-90.00,180.00,18.00,CLOSED,0
669679.782,2,0,0,1.000,1.000,1.000,-90.00,180.00,18.00,CLOSED,0
669679.787,2,0,0,1.000,1.000,1.000,-90.00,180.00,18.00,CLOSED,0
669679.791,2,0,0,1.000,1.000,1.000,-90.00,180.00,18.00,CLOSED,0
669679.794,2,0,0,1.000,1.000,1.000,-90.00,180.00,18.00,CLOSED,0
669679.798,2,0,0,1.000,1.000,1.000,-90.00,180.00,18.00,CLOSED,0
669679.803,2,0,0,1.000,1.000,1.000,-90.00,180.00,18.00,CLOSED,0
669679.807,2,0,0,1.000,1.000,1.000,-90.00,180.00,18.00,CLOSED,0
669679.811,2,0,0,1.000,1.000,1.000,-90.00,180.00,18.00,CLOSED,0
669679.815,2,0,0,1.000,1.000,1.000,-90.00,180.00,18.00,CLOSED,0
669679.820,2,0,0,1.000,1.000,1.000,-90.00,180.00,18.00,CLOSED,0
669679.829,2,0,0,1.000,1.000,1.000,-90.00,180.00,18.00,CLOSED,0
669679.839,2,0,0,1.000,1.000,1.000,-90.00,180.00,18.00,CLOSED,0
669679.848,2,0,0,1.000,1.000,1.000,-90.00,180.00,18.00,CLOSED,0
669679.858,2,0,0,1.000,1.000,1.000,-90.00,180.00,13.50,CLOSED,1
669679.869,2,0,0,1.000,1.000,1.000,-90.00,180.00,13.50,CLOSED,0
669679.877,2,0,0,1.000,1.000,1.000,-90.00,180.00,13.50,CLOSED,0
669679.886,2,0,0,1.000,1.000,1.000,-90.00,180.00,13.50,CLOSED,0
669679.895,2,0,0,1.000,1.000,1.000,-90.00,180.00,13.50,CLOSED,0
669679.904,2,0,0,1.000,1.000,1.000,-90.00,180.00,13.50,CLOSED,0
669679.912,2,0,0,1.000,1.000,1.000,-90.00,180.00,13.50,CLOSED,0
669679.921,2,0,0,1.000,1.000,1.000,-90.00,180.00,13.50,CLOSED,0
669679.929,2,0,0,1.000,1.000,1.000,-90.00,180.00,13.50,CLOSED,0
669679.938,2,0,0,1.000,1.000,1.000,-90.00,180.00,13.50,CLOSED,0
669679.944,2,0,0,1.000,1.000,1.000,-90.00,180.00,13.50,CLOSED,0
669679.948,2,0,0,1.000,1.000,1.000,-90.00,180.00,13.50,CLOSED,0
669679.953,2,0,0,1.000,1.000,1.000,-90.00,180.00,13.50,CLOSED,0
669679.956,2,0,0,1.000,1.000,1.000,-90.00,180.00,13.50,CLOSED,0
669679.960,2,0,0,1.000,1.000,1.000,-90.00,180.00,9.00,CLOSED,1
669679.964,2,0,0,1.000,1.000,1.000,-90.00,180.00,9.00,CLOSED,0
669679.968,2,0,0,1.000,1.000,1.000,-90.00,180.00,9.00,CLOSED,0
669679.972,2,0,0,1.000,1.000,1.000,-90.00,180.00,9.00,CLOSED,0
669679.976,2,0,0,1.000,1.000,1.000,-90.00,180.00,9.00,CLOSED,0
669679.984,2,0,0,1.000,1.000,1.000,-90.00,180.00,9.00,CLOSED,0
669679.988,2,0,0,1.000,1.000,1.000,-90.00,180.00,9.00,CLOSED,0
669679.992,2,0,0,1.000,1.000,1.000,-90.00,180.00,9.00,CLOSED,0
669679.995,2,0,0,1.000,1.000,1.000,-90.00,180.00,9.00,CLOSED,0
669680.003,2,0,0,1.000,1.000,1.000,-90.00,180.00,9.00,CLOSED,0
669680.010,2,0,0,1.000,1.000,1.000,-90.00,180.00,9.00,CLOSED,0
669680.014,2,0,0,1.000,1.000,1.000,-90.00,180.00,9.00,CLOSED,0
669680.017,2,0,0,1.000,1.000,1.000,-90.00,180.00,9.00,CLOSED,0
669680.024,2,0,0,0.998,1.000,1.000,-90.00,180.00,9.00,CLOSED,0
669680.029,2,0,0,0.970,1.000,1.000,-90.00,180.00,9.00,CLOSED,0
669680.033,2,0,0,0.864,1.000,1.000,-90.00,180.00,9.00,CLOSED,0
669680.039,2,0,0,0.713,1.000,1.000,-90.00,180.00,9.00,CLOSED,0
669680.043,2,0,0,0.644,1.000,1.000,-90.00,180.00,9.00,CLOSED,0
669680.047,2,0,0,0.909,1.000,1.000,-90.00,180.00,9.00,CLOSED,0
669680.051,2,0,0,0.993,1.000,1.000,-90.00,180.00,9.00,CLOSED,0
669680.057,2,0,0,0.999,1.000,1.000,-90.00,180.00,9.00,CLOSED,0
669680.065,2,0,0,1.000,1.000,1.000,-90.00,180.00,4.50,CLOSED,1
669680.070,2,0,0,1.000,1.000,1.000,-90.00,180.00,4.50,CLOSED,0
669680.074,2,0,0,1.000,1.000,1.000,-90.00,180.00,4.50,CLOSED,0
669680.077,2,0,0,1.000,1.000,1.000,-90.00,180.00,4.50,CLOSED,0
669680.082,0,0,0,1.000,1.000,1.000,-90.00,180.00,4.50,CLOSED,0
669680.086,0,0,0,1.000,1.000,1.000,-90.00,180.00,4.50,CLOSED,0
669680.094,0,0,0,1.000,1.000,1.000,-90.00,180.00,4.50,CLOSED,0
669680.102,0,0,0,1.000,1.000,1.000,-90.00,180.00,4.50,CLOSED,0
669680.106,0,0,0,1.000,1.000,1.000,-90.00,180.00,4.50,CLOSED,0
669680.110,0,0,0,1.000,1.000,1.000,-90.00,180.00,4.50,CLOSED,0
669680.114,0,0,0,1.000,1.000,1.000,-90.00,180.00,4.50,CLOSED,0
669680.121,0,0,0,1.000,1.000,1.000,-90.00,180.00,4.50,CLOSED,0
669680.125,0,0,0,1.000,1.000,1.000,-90.00,180.00,4.50,CLOSED,0
669680.128,0,0,0,1.000,1.000,1.000,-90.00,180.00,4.50,CLOSED,0
669680.132,0,0,0,1.000,1.000,1.000,-90.00,180.00,4.50,CLOSED,0
669680.136,0,0,0,1.000,1.000,1.000,-90.00,180.00,4.50,CLOSED,0
669680.140,0,0,0,1.000,1.000,1.000,-90.00,180.00,4.50,CLOSED,0
669680.144,0,0,0,1.000,1.000,1.000,-90.00,180.00,4.50,CLOSED,0
669680.152,0,0,0,1.000,1.000,1.000,-90.00,180.00,4.50,CLOSED,0
669680.159,0,0,0,1.000,1.000,1.000,-90.00,180.00,4.50,CLOSED,0
669680.163,0,0,0,1.000,1.000,1.000,-90.00,180.00,4.50,CLOSED,0
669680.167,0,0,0,1.000,1.000,1.000,-90.00,180.00,4.50,CLOSED,0
669680.170,0,0,0,1.000,1.000,1.000,-90.00,180.00,4.50,CLOSED,0
669680.174,0,0,0,1.000,1.000,1.000,-90.00,180.00,4.50,CLOSED,0
669680.178,0,0,0,1.000,1.000,1.000,-90.00,180.00,4.50,CLOSED,0
669680.182,0,0,0,1.000,1.000,1.000,-90.00,180.00,4.50,CLOSED,0
669680.187,0,0,0,1.000,1.000,1.000,-90.00,180.00,4.50,CLOSED,0
669680.191,0,0,0,1.000,1.000,1.000,-90.00,180.00,4.50,CLOSED,0
669680.196,0,0,0,1.000,1.000,1.000,-90.00,180.00,4.50,CLOSED,0
669680.201,0,0,0,1.000,1.000,1.000,-90.00,180.00,4.50,CLOSED,0
669680.206,0,0,0,1.000,1.000,1.000,-90.00,180.00,4.50,CLOSED,0
669680.211,0,0,0,1.000,1.000,1.000,-90.00,180.00,4.50,CLOSED,0
669680.215,0,0,0,1.000,1.000,1.000,-90.00,180.00,4.50,CLOSED,0
669680.220,0,0,0,1.000,1.000,1.000,-90.00,180.00,4.50,CLOSED,0
669680.225,0,0,0,1.000,1.000,1.000,-90.00,180.00,4.50,CLOSED,0
669680.230,0,0,0,1.000,1.000,1.000,-90.00,180.00,4.50,CLOSED,0
669680.234,0,0,0,1.000,1.000,1.000,-90.00,180.00,4.50,CLOSED,0
669680.238,0,0,0,1.000,1.000,1.000,-90.00,180.00,4.50,CLOSED,0
669680.242,0,0,0,1.000,1.000,1.000,-90.00,180.00,4.50,CLOSED,0
669680.246,0,0,0,1.000,1.000,1.000,-90.00,180.00,4.50,CLOSED,0
669680.250,0,0,0,1.000,1.000,1.000,-90.00,180.00,4.50,CLOSED,0
669680.254,0,0,0,1.000,1.000,1.000,-90.00,180.00,4.50,CLOSED,0
669680.259,0,0,0,1.000,1.000,1.000,-90.00,180.00,4.50,CLOSED,0
669680.264,0,0,0,1.000,1.000,1.000,-90.00,180.00,4.50,CLOSED,0
669680.267,0,0,0,1.000,1.000,1.000,-90.00,180.00,4.50,CLOSED,0
669680.273,0,0,0,1.000,1.000,1.000,-90.00,180.00,4.50,CLOSED,0
669680.281,0,0,0,1.000,1.000,1.000,-90.00,180.00,4.50,CLOSED,0
669680.288,0,0,0,1.000,1.000,1.000,-90.00,180.00,4.50,CLOSED,0
669680.295,0,0,0,1.000,1.000,1.000,-90.00,180.00,4.50,CLOSED,0
669680.300,0,0,0,1.000,1.000,1.000,-90.00,180.00,4.50,CLOSED,0
669680.310,0,0,0,1.000,1.000,1.000,-90.00,180.00,4.50,CLOSED,0
669680.314,0,0,0,1.000,1.000,1.000,-90.00,180.00,4.50,CLOSED,0
669680.325,0,0,0,1.000,1.000,1.000,-90.00,180.00,4.50,CLOSED,0
669680.329,0,0,0,1.000,1.000,1.000,-90.00,180.00,4.50,CLOSED,0
669680.338,0,0,0,1.000,1.000,1.000,-90.00,180.00,4.50,CLOSED,0
669680.346,0,0,0,1.000,1.000,1.000,-90.00,180.00,4.50,CLOSED,0
669680.354,0,0,0,1.000,1.000,1.000,-90.00,180.00,4.50,CLOSED,0
669680.362,0,0,0,1.000,1.000,1.000,-90.00,180.00,4.50,CLOSED,0
669680.371,0,0,0,1.000,1.000,1.000,-90.00,180.00,4.50,CLOSED,0
669680.379,0,0,0,1.000,1.000,1.000,-90.00,180.00,4.50,CLOSED,0
669680.387,0,0,0,1.000,1.000,1.000,-90.00,180.00,4.50,CLOSED,0
669680.395,0,0,0,1.000,1.000,1.000,-90.00,180.00,4.50,CLOSED,0
669680.403,0,0,0,1.000,1.000,1.000,-90.00,180.00,4.50,CLOSED,0
669680.411,0,0,0,1.000,1.000,1.000,-90.00,180.00,4.50,CLOSED,0
669680.420,0,0,0,1.000,1.000,1.000,-90.00,180.00,4.50,CLOSED,0
669680.424,0,0,0,1.000,1.000,1.000,-90.00,180.00,4.50,CLOSED,0
669680.428,0,0,0,1.000,1.000,1.000,-90.00,180.00,4.50,CLOSED,0
669680.433,0,0,0,1.000,1.000,1.000,-90.00,180.00,4.50,CLOSED,0
669680.437,0,0,0,1.000,1.000,1.000,-90.00,180.00,4.50,CLOSED,0
669680.446,0,0,0,1.000,1.000,1.000,-90.00,180.00,4.50,CLOSED,0
669680.451,0,0,0,1.000,1.000,1.000,-90.00,180.00,4.50,CLOSED,0
669680.455,0,0,0,1.000,1.000,1.000,-90.00,180.00,4.50,CLOSED,0
669680.459,0,0,0,1.000,1.000,1.000,-90.00,180.00,4.50,CLOSED,0
669680.463,0,0,0,1.000,1.000,1.000,-90.00,180.00,4.50,CLOSED,0
669680.467,0,0,0,1.000,1.000,1.000,-90.00,180.00,4.50,CLOSED,0
669680.471,0,0,0,1.000,1.000,1.000,-90.00,180.00,4.50,CLOSED,0
669680.475,0,0,0,1.000,1.000,1.000,-90.00,180.00,4.50,CLOSED,0
669680.479,0,0,0,1.000,1.000,1.000,-90.00,180.00,4.50,CLOSED,0
669680.483,0,0,0,1.000,1.000,1.000,-90.00,180.00,4.50,CLOSED,0
669680.487,0,0,0,1.000,1.000,1.000,-90.00,180.00,4.50,CLOSED,0
669680.491,0,0,0,1.000,1.000,1.000,-90.00,180.00,4.50,CLOSED,0
669680.495,0,0,0,1.000,1.000,1.000,-90.00,180.00,4.50,CLOSED,0
669680.499,0,0,0,1.000,1.000,1.000,-90.00,180.00,4.50,CLOSED,0
669680.502,0,0,0,1.000,1.000,1.000,-90.00,180.00,4.50,CLOSED,0
669680.506,0,0,0,1.000,1.000,1.000,-90.00,180.00,4.50,CLOSED,0
669680.510,0,0,0,1.000,1.000,1.000,-90.00,180.00,4.50,CLOSED,0
669680.513,0,0,0,1.000,1.000,1.000,-90.00,180.00,4.50,CLOSED,0
669680.517,0,0,0,1.000,1.000,1.000,-90.00,180.00,4.50,CLOSED,0
669680.521,0,0,0,1.000,1.000,1.000,-90.00,180.00,4.50,CLOSED,0
669680.525,0,0,0,1.000,1.000,1.000,-90.00,180.00,4.50,CLOSED,0
669680.529,0,0,0,1.000,1.000,1.000,-90.00,180.00,4.50,CLOSED,0
669680.532,0,0,0,1.000,1.000,1.000,-90.00,180.00,4.50,CLOSED,0
669680.536,0,0,0,1.000,1.000,1.000,-90.00,180.00,4.50,CLOSED,0
669680.543,0,0,0,1.000,1.000,1.000,-90.00,180.00,4.50,CLOSED,0
669680.547,0,0,0,1.000,1.000,1.000,-90.00,180.00,4.50,CLOSED,0
669680.554,0,0,0,1.000,1.000,1.000,-90.00,180.00,4.50,CLOSED,0
669680.558,0,0,0,1.000,1.000,1.000,-90.00,180.00,4.50,CLOSED,0
669680.562,0,0,0,1.000,1.000,1.000,-90.00,180.00,4.50,CLOSED,0
669680.565,0,0,0,1.000,1.000,1.000,-90.00,180.00,4.50,CLOSED,0
669680.570,0,0,0,1.000,1.000,1.000,-90.00,180.00,4.50,CLOSED,0
669680.575,0,0,0,1.000,1.000,1.000,-90.00,180.00,4.50,CLOSED,0
669680.580,0,0,0,1.000,1.000,1.000,-90.00,180.00,4.50,CLOSED,0
669680.585,0,0,0,1.000,1.000,1.000,-90.00,180.00,4.50,CLOSED,0
669680.589,0,0,0,1.000,1.000,1.000,-90.00,180.00,4.50,CLOSED,0
669680.593,0,0,0,1.000,1.000,1.000,-90.00,180.00,4.50,CLOSED,0
669680.597,0,0,0,1.000,1.000,1.000,-90.00,180.00,4.50,CLOSED,0
669680.605,0,0,0,1.000,1.000,1.000,-90.00,180.00,4.50,CLOSED,0
669680.610,0,0,0,1.000,1.000,1.000,-90.00,180.00,4.50,CLOSED,0
669680.613,0,0,0,1.000,1.000,1.000,-90.00,180.00,4.50,CLOSED,0
669680.617,0,0,0,1.000,1.000,1.000,-90.00,180.00,4.50,CLOSED,0
669680.622,0,0,0,1.000,1.000,1.000,-90.00,180.00,4.50,CLOSED,0
669680.626,0,0,0,1.000,1.000,1.000,-90.00,180.00,4.50,CLOSED,0
669680.631,0,0,0,1.000,1.000,1.000,-90.00,180.00,4.50,CLOSED,0
669680.635,0,0,0,1.000,1.000,1.000,-90.00,180.00,4.50,CLOSED,0
669680.640,0,0,0,1.000,1.000,1.000,-90.00,180.00,4.50,CLOSED,0
669680.643,0,0,0,1.000,1.000,1.000,-90.00,180.00,4.50,CLOSED,0
669680.647,0,0,0,1.000,1.000,1.000,-90.00,180.00,4.50,CLOSED,0
669680.651,0,0,0,1.000,1.000,1.000,-90.00,180.00,4.50,CLOSED,0
669680.655,0,0,0,1.000,1.000,1.000,-90.00,180.00,4.50,CLOSED,0
669680.659,0,0,0,1.000,1.000,1.000,-90.00,180.00,4.50,CLOSED,0
669680.665,0,0,0,1.000,1.000,1.000,-90.00,180.00,4.50,CLOSED,0
669680.669,0,0,0,1.000,1.000,1.000,-90.00,180.00,4.50,CLOSED,0
669680.672,0,0,0,1.000,1.000,1.000,-90.00,180.00,4.50,CLOSED,0
669680.676,0,0,0,1.000,1.000,1.000,-90.00,180.00,4.50,CLOSED,0
669680.684,0,0,0,1.000,1.000,1.000,-90.00,180.00,4.50,CLOSED,0
669680.688,0,0,0,1.000,1.000,1.000,-90.00,180.00,4.50,CLOSED,0
669680.691,0,0,0,1.000,1.000,1.000,-90.00,180.00,4.50,CLOSED,0
669680.695,0,0,0,1.000,1.000,1.000,-90.00,180.00,4.50,CLOSED,0
669680.699,0,0,0,1.000,1.000,1.000,-90.00,180.00,4.50,CLOSED,0
669680.703,0,0,0,1.000,1.000,1.000,-90.00,180.00,4.50,CLOSED,0
669680.707,0,0,0,1.000,1.000,1.000,-90.00,180.00,4.50,CLOSED,0
669680.711,0,0,0,1.000,1.000,1.000,-90.00,180.00,4.50,CLOSED,0
669680.715,0,0,0,1.000,1.000,1.000,-90.00,180.00,4.50,CLOSED,0
669680.720,0,0,0,1.000,1.000,1.000,-90.00,180.00,4.50,CLOSED,0
669680.725,0,0,0,1.000,1.000,1.000,-90.00,180.00,4.50,CLOSED,0
669680.729,0,0,0,1.000,1.000,1.000,-90.00,180.00,4.50,CLOSED,0
669680.733,0,0,0,1.000,1.000,1.000,-90.00,180.00,4.50,CLOSED,0
669680.738,0,0,0,1.000,1.000,1.000,-90.00,180.00,4.50,CLOSED,0
669680.742,0,0,0,1.000,1.000,1.000,-90.00,180.00,4.50,CLOSED,0
669680.746,0,0,0,1.000,1.000,1.000,-90.00,180.00,4.50,CLOSED,0
669680.750,0,0,0,1.000,1.000,1.000,-90.00,180.00,4.50,CLOSED,0
669680.755,0,0,0,0.999,1.000,1.000,-90.00,180.00,4.50,CLOSED,0
669680.759,0,0,0,0.999,1.000,1.000,-90.00,180.00,4.50,CLOSED,0
669680.764,0,0,0,0.999,1.000,1.000,-90.00,180.00,4.50,CLOSED,0
669680.768,0,0,0,0.981,1.000,1.000,-90.00,180.00,4.50,CLOSED,0
669680.773,0,0,0,0.708,1.000,1.000,-90.00,180.00,4.50,CLOSED,0
669680.777,0,0,0,0.646,1.000,1.000,-90.00,180.00,4.50,CLOSED,0
669680.784,0,0,0,0.869,1.000,1.000,-90.00,180.00,4.50,CLOSED,0
669680.789,0,0,0,0.515,1.000,1.000,-90.00,180.00,4.50,CLOSED,0
669680.793,0,0,0,0.846,1.000,1.000,-90.00,180.00,4.50,CLOSED,0
669680.797,0,0,0,0.986,1.000,1.000,-90.00,180.00,4.50,CLOSED,0
669680.802,0,0,0,0.996,1.000,1.000,-90.00,180.00,4.50,CLOSED,0
669680.809,0,0,0,0.999,1.000,1.000,-90.00,180.00,4.50,CLOSED,0
669680.817,0,0,0,0.999,1.000,1.000,-90.00,180.00,4.50,CLOSED,0
669680.823,0,0,0,0.999,1.000,1.000,-90.00,180.00,4.50,CLOSED,0
669680.830,0,0,0,0.999,1.000,1.000,-90.00,180.00,4.50,CLOSED,0
669680.835,3,0,0,0.999,1.000,1.000,-90.00,180.00,4.50,OPEN,0
669680.844,3,0,0,0.998,1.000,1.000,-90.00,180.00,4.50,OPEN,0
669680.850,3,0,0,0.997,1.000,1.000,-90.00,180.00,4.50,OPEN,0
669680.855,3,0,0,0.996,1.000,1.000,-90.00,180.00,4.50,OPEN,0
669680.861,3,0,0,0.993,1.000,1.000,-90.00,180.00,4.50,OPEN,0
669680.868,3,0,0,0.992,1.000,1.000,-90.00,180.00,4.50,OPEN,0
669680.873,3,0,0,0.990,1.000,1.000,-90.00,180.00,4.50,OPEN,0
669680.877,3,0,0,0.990,1.000,1.000,-90.00,180.00,4.50,OPEN,0
669680.881,3,0,0,0.994,1.000,1.000,-90.00,180.00,4.50,OPEN,0
669680.888,3,0,0,0.997,1.000,1.000,-90.00,180.00,4.50,OPEN,0
669680.895,3,0,0,0.999,1.000,1.000,-90.00,180.00,4.50,OPEN,0
669680.900,3,0,0,0.999,1.000,1.000,-90.00,180.00,4.50,OPEN,0
669680.904,3,0,0,1.000,1.000,1.000,-90.00,180.00,4.50,OPEN,0
669680.908,3,0,0,1.000,1.000,1.000,-90.00,180.00,4.50,OPEN,0
669680.911,3,0,0,1.000,1.000,1.000,-90.00,180.00,4.50,OPEN,0
669680.915,3,0,0,1.000,1.000,1.000,-90.00,180.00,4.50,OPEN,0
669680.919,3,0,0,1.000,1.000,1.000,-90.00,180.00,4.50,OPEN,0
669680.923,3,0,0,1.000,1.000,1.000,-90.00,180.00,4.50,OPEN,0
669680.927,3,0,0,1.000,1.000,1.000,-90.00,180.00,4.50,OPEN,0
669680.932,3,0,0,1.000,1.000,1.000,-90.00,180.00,4.50,OPEN,0
669680.935,3,0,0,1.000,1.000,1.000,-90.00,180.00,4.50,OPEN,0
669680.944,3,0,0,1.000,1.000,1.000,-90.00,180.00,4.50,OPEN,0
669680.948,3,0,0,1.000,1.000,1.000,-90.00,180.00,4.50,OPEN,0
669680.952,3,0,0,1.000,1.000,1.000,-90.00,180.00,4.50,OPEN,0
669680.961,3,0,0,1.000,1.000,1.000,-90.00,180.00,4.50,OPEN,0
669680.965,3,0,0,1.000,1.000,1.000,-90.00,180.00,4.50,OPEN,0
669680.969,3,0,0,1.000,1.000,1.000,-90.00,180.00,4.50,OPEN,0
669680.973,3,0,0,1.000,1.000,1.000,-90.00,180.00,4.50,OPEN,0
669680.977,3,0,0,1.000,1.000,1.000,-90.00,180.00,4.50,OPEN,0
669680.981,3,0,0,1.000,1.000,1.000,-90.00,180.00,4.50,OPEN,0
669680.984,3,0,0,1.000,1.000,1.000,-90.00,180.00,4.50,OPEN,0
669680.989,3,0,0,1.000,1.000,1.000,-90.00,180.00,4.50,OPEN,0
669680.996,3,0,0,1.000,1.000,1.000,-90.00,180.00,4.50,OPEN,0
669681.000,3,0,0,1.000,1.000,1.000,-90.00,180.00,4.50,OPEN,0
669681.005,3,0,0,1.000,1.000,1.000,-90.00,180.00,4.50,OPEN,0
669681.009,3,0,0,1.000,1.000,1.000,-90.00,180.00,4.50,OPEN,0
669681.014,3,0,0,1.000,1.000,1.000,-90.00,180.00,4.50,OPEN,0
669681.022,3,0,0,1.000,1.000,1.000,-90.00,180.00,4.50,OPEN,0
669681.027,3,0,0,1.000,1.000,1.000,-90.00,180.00,4.50,OPEN,0
669681.032,3,0,0,1.000,1.000,1.000,-90.00,180.00,4.50,OPEN,0
669681.037,3,0,0,1.000,1.000,1.000,-90.00,180.00,4.50,OPEN,0
669681.041,3,0,0,1.000,1.000,1.000,-90.00,180.00,4.50,OPEN,0
669681.045,3,0,0,1.000,1.000,1.000,-90.00,180.00,4.50,OPEN,0
669681.049,3,0,0,1.000,1.000,1.000,-90.00,180.00,4.50,OPEN,0
669681.054,3,0,0,1.000,1.000,1.000,-90.00,180.00,4.50,OPEN,0
669681.058,3,0,0,1.000,1.000,1.000,-90.00,180.00,4.50,OPEN,0
669681.061,3,0,0,1.000,1.000,1.000,-90.00,180.00,4.50,OPEN,0
669681.065,3,0,0,1.000,1.000,1.000,-90.00,180.00,4.50,OPEN,0
669681.070,3,0,0,1.000,1.000,1.000,-90.00,180.00,4.50,OPEN,0
669681.073,3,0,0,1.000,1.000,1.000,-90.00,180.00,4.50,OPEN,0
669681.077,3,0,0,1.000,1.000,1.000,-90.00,180.00,4.50,OPEN,0
669681.081,3,0,0,1.000,1.000,1.000,-90.00,180.00,4.50,OPEN,0
669681.085,3,0,0,1.000,1.000,1.000,-90.00,180.00,4.50,OPEN,0
669681.089,3,0,0,1.000,1.000,1.000,-90.00,180.00,4.50,OPEN,0
669681.094,3,0,0,1.000,1.000,1.000,-90.00,180.00,4.50,OPEN,0
669681.099,3,0,0,1.000,1.000,1.000,-90.00,180.00,4.50,OPEN,0
669681.105,3,0,0,1.000,1.000,1.000,-90.00,180.00,4.50,OPEN,0
669681.110,3,0,0,1.000,1.000,1.000,-90.00,180.00,4.50,OPEN,0
669681.122,3,0,0,1.000,1.000,1.000,-90.00,180.00,4.50,OPEN,0
669681.133,3,0,0,1.000,1.000,1.000,-90.00,180.00,4.50,OPEN,0
669681.139,3,0,0,1.000,1.000,1.000,-90.00,180.00,4.50,OPEN,0
669681.150,3,0,0,1.000,1.000,1.000,-90.00,180.00,4.50,OPEN,0
669681.159,3,0,0,1.000,1.000,1.000,-90.00,180.00,4.50,OPEN,0
669681.168,3,0,0,1.000,1.000,1.000,-90.00,180.00,4.50,OPEN,0
669681.177,3,0,0,1.000,1.000,1.000,-90.00,180.00,4.50,OPEN,0
669681.185,3,0,0,1.000,1.000,1.000,-90.00,180.00,4.50,OPEN,0
669681.194,3,0,0,1.000,1.000,1.000,-90.00,180.00,4.50,OPEN,0
669681.199,3,0,0,1.000,1.000,1.000,-90.00,180.00,4.50,OPEN,0
669681.207,3,0,0,1.000,1.000,1.000,-90.00,180.00,4.50,OPEN,0
669681.215,3,0,0,1.000,1.000,1.000,-90.00,180.00,4.50,OPEN,0
669681.224,3,0,0,1.000,1.000,1.000,-90.00,180.00,4.50,OPEN,0
669681.232,3,0,0,1.000,1.000,1.000,-90.00,180.00,4.50,OPEN,0
669681.240,3,0,0,1.000,1.000,1.000,-90.00,180.00,4.50,OPEN,0
669681.248,3,0,0,1.000,1.000,1.000,-90.00,180.00,4.50,OPEN,0
669681.256,3,0,0,1.000,1.000,1.000,-90.00,180.00,4.50,OPEN,0
669681.264,3,0,0,1.000,1.000,1.000,-90.00,180.00,4.50,OPEN,0
669681.272,3,0,0,1.000,1.000,1.000,-90.00,180.00,4.50,OPEN,0
669681.276,3,0,0,1.000,1.000,1.000,-90.00,180.00,4.50,OPEN,0
669681.280,3,0,0,1.000,1.000,1.000,-90.00,180.00,4.50,OPEN,0
669681.284,3,0,0,1.000,1.000,1.000,-90.00,180.00,4.50,OPEN,0
669681.293,3,0,0,1.000,1.000,1.000,-90.00,180.00,4.50,OPEN,0
669681.297,3,0,0,1.000,1.000,1.000,-90.00,180.00,4.50,OPEN,0
669681.301,3,0,0,1.000,1.000,1.000,-90.00,180.00,4.50,OPEN,0
669681.305,3,0,0,1.000,1.000,1.000,-90.00,180.00,4.50,OPEN,0
669681.312,3,0,0,1.000,1.000,1.000,-90.00,180.00,4.50,OPEN,0
669681.321,3,0,0,1.000,1.000,1.000,-90.00,180.00,4.50,OPEN,0
669681.325,3,0,0,1.000,1.000,1.000,-90.00,180.00,4.50,OPEN,0
669681.329,3,0,0,1.000,1.000,1.000,-90.00,180.00,4.50,OPEN,0
669681.334,3,0,0,1.000,1.000,1.000,-90.00,180.00,4.50,OPEN,0
669681.338,3,0,0,1.000,1.000,1.000,-90.00,180.00,4.50,OPEN,0
669681.342,3,0,0,1.000,1.000,1.000,-90.00,180.00,4.50,OPEN,0
669681.346,3,0,0,1.000,1.000,1.000,-90.00,180.00,4.50,OPEN,0
669681.350,3,0,0,1.000,1.000,1.000,-90.00,180.00,4.50,OPEN,0
669681.354,3,0,0,1.000,1.000,1.000,-90.00,180.00,4.50,OPEN,0
669681.358,3,0,0,1.000,1.000,1.000,-90.00,180.00,4.50,OPEN,0
669681.366,3,0,0,1.000,1.000,1.000,-90.00,180.00,4.50,OPEN,0
669681.371,3,0,0,1.000,1.000,1.000,-90.00,180.00,4.50,OPEN,0
669681.377,3,0,0,1.000,1.000,1.000,-90.00,180.00,4.50,OPEN,0
669681.381,3,0,0,1.000,1.000,1.000,-90.00,180.00,4.50,OPEN,0
669681.385,3,0,0,1.000,1.000,1.000,-90.00,180.00,4.50,OPEN,0
669681.388,3,0,0,1.000,1.000,1.000,-90.00,180.00,4.50,OPEN,0
669681.392,3,0,0,1.000,1.000,1.000,-90.00,180.00,4.50,OPEN,0
669681.397,3,0,0,0.999,1.000,1.000,-90.00,180.00,4.50,OPEN,0
669681.404,3,0,0,0.997,1.000,1.000,-90.00,180.00,4.50,OPEN,0
669681.411,3,0,0,0.986,1.000,1.000,-90.00,180.00,4.50,OPEN,0
669681.415,3,0,0,0.584,1.000,1.000,-90.00,180.00,4.50,OPEN,0
669681.419,3,0,0,0.989,1.000,1.000,-90.00,180.00,4.50,OPEN,0
669681.428,3,0,0,0.999,1.000,1.000,-90.00,180.00,4.50,OPEN,0
669681.434,3,0,0,1.000,1.000,1.000,-90.00,180.00,4.50,OPEN,0
669681.439,3,0,0,1.000,1.000,1.000,-90.00,180.00,4.50,OPEN,0
669681.446,3,0,0,0.999,1.000,1.000,-90.00,180.00,4.50,OPEN,0
669681.450,3,0,0,1.000,1.000,1.000,-90.00,180.00,4.50,OPEN,0
669681.454,3,0,0,1.000,1.000,1.000,-90.00,180.00,4.50,OPEN,0
669681.459,0,0,0,1.000,1.000,1.000,-90.00,180.00,4.50,OPEN,0
669681.463,0,0,0,1.000,1.000,1.000,-90.00,180.00,4.50,OPEN,0
669681.467,0,0,0,1.000,1.000,1.000,-90.00,180.00,4.50,OPEN,0
669681.471,0,0,0,1.000,1.000,1.000,-90.00,180.00,4.50,OPEN,0
669681.475,0,0,0,1.000,1.000,1.000,-90.00,180.00,4.50,OPEN,0
669681.480,0,0,0,1.000,1.000,1.000,-90.00,180.00,4.50,OPEN,0
669681.484,0,0,0,1.000,1.000,1.000,-90.00,180.00,4.50,OPEN,0
669681.489,0,0,0,1.000,1.000,1.000,-90.00,180.00,4.50,OPEN,0
669681.492,0,0,0,1.000,1.000,1.000,-90.00,180.00,4.50,OPEN,0
669681.496,0,0,0,1.000,1.000,1.000,-90.00,180.00,4.50,OPEN,0
669681.500,0,0,0,1.000,1.000,1.000,-90.00,180.00,4.50,OPEN,0
669681.504,0,0,0,1.000,1.000,1.000,-90.00,180.00,4.50,OPEN,0
669681.508,0,0,0,1.000,1.000,1.000,-90.00,180.00,4.50,OPEN,0
669681.516,0,0,0,1.000,1.000,1.000,-90.00,180.00,4.50,OPEN,0
669681.520,0,0,0,1.000,1.000,1.000,-90.00,180.00,4.50,OPEN,0
669681.524,0,0,0,1.000,1.000,1.000,-90.00,180.00,4.50,OPEN,0
669681.527,0,0,0,1.000,1.000,1.000,-90.00,180.00,4.50,OPEN,0
669681.531,0,0,0,1.000,1.000,1.000,-90.00,180.00,4.50,OPEN,0
669681.537,0,0,0,1.000,1.000,1.000,-90.00,180.00,4.50,OPEN,0
669681.540,0,0,0,1.000,1.000,1.000,-90.00,180.00,4.50,OPEN,0
669681.544,0,0,0,1.000,1.000,1.000,-90.00,180.00,4.50,OPEN,0
669681.548,0,0,0,1.000,1.000,1.000,-90.00,180.00,4.50,OPEN,0
669681.554,0,0,0,1.000,1.000,1.000,-90.00,180.00,4.50,OPEN,0
669681.558,0,0,0,1.000,1.000,1.000,-90.00,180.00,4.50,OPEN,0
669681.562,0,0,0,1.000,1.000,1.000,-90.00,180.00,4.50,OPEN,0
669681.572,0,0,0,1.000,1.000,1.000,-90.00,180.00,4.50,OPEN,0
669681.575,0,0,0,1.000,1.000,1.000,-90.00,180.00,4.50,OPEN,0
669681.579,0,0,0,1.000,1.000,1.000,-90.00,180.00,4.50,OPEN,0
669681.584,0,0,0,1.000,1.000,1.000,-90.00,180.00,4.50,OPEN,0
669681.589,0,0,0,1.000,1.000,1.000,-90.00,180.00,4.50,OPEN,0
669681.594,0,0,0,1.000,1.000,1.000,-90.00,180.00,4.50,OPEN,0
669681.602,0,0,0,1.000,1.000,1.000,-90.00,180.00,4.50,OPEN,0
669681.609,0,0,0,1.000,1.000,1.000,-90.00,180.00,4.50,OPEN,0
669681.616,0,0,0,1.000,1.000,1.000,-90.00,180.00,4.50,OPEN,0
669681.625,0,0,0,1.000,1.000,1.000,-90.00,180.00,4.50,OPEN,0
669681.631,0,0,0,1.000,1.000,1.000,-90.00,180.00,4.50,OPEN,0
669681.641,0,0,0,1.000,1.000,1.000,-90.00,180.00,4.50,OPEN,0
669681.651,0,0,0,1.000,1.000,1.000,-90.00,180.00,4.50,OPEN,0
669681.659,0,0,0,1.000,1.000,1.000,-90.00,180.00,4.50,OPEN,0
669681.667,0,0,0,1.000,1.000,1.000,-90.00,180.00,4.50,OPEN,0
669681.675,0,0,0,1.000,1.000,1.000,-90.00,180.00,4.50,OPEN,0
669681.683,0,0,0,1.000,1.000,1.000,-90.00,180.00,4.50,OPEN,0
669681.691,0,0,0,1.000,1.000,1.000,-90.00,180.00,4.50,OPEN,0
669681.699,0,0,0,1.000,1.000,1.000,-90.00,180.00,4.50,OPEN,0
669681.707,0,0,0,1.000,1.000,1.000,-90.00,180.00,4.50,OPEN,0
669681.711,0,0,0,1.000,1.000,1.000,-90.00,180.00,4.50,OPEN,0
669681.717,0,0,0,1.000,1.000,1.000,-90.00,180.00,4.50,OPEN,0
669681.723,0,0,0,1.000,1.000,1.000,-90.00,180.00,4.50,OPEN,0
669681.727,0,0,0,1.000,1.000,1.000,-90.00,180.00,4.50,OPEN,0
669681.731,0,0,0,1.000,1.000,1.000,-90.00,180.00,4.50,OPEN,0
669681.735,0,0,0,1.000,1.000,1.000,-90.00,180.00,4.50,OPEN,0
669681.741,0,0,0,1.000,1.000,1.000,-90.00,180.00,4.50,OPEN,0
669681.745,0,0,0,1.000,1.000,1.000,-90.00,180.00,4.50,OPEN,0
669681.749,0,0,0,1.000,1.000,1.000,-90.00,180.00,4.50,OPEN,0
669681.754,0,0,0,1.000,1.000,1.000,-90.00,180.00,4.50,OPEN,0
669681.762,0,0,0,1.000,1.000,1.000,-90.00,180.00,4.50,OPEN,0
669681.770,0,0,0,1.000,1.000,1.000,-90.00,180.00,4.50,OPEN,0
669681.774,0,0,0,1.000,1.000,1.000,-90.00,180.00,4.50,OPEN,0
669681.778,0,0,0,1.000,1.000,1.000,-90.00,180.00,4.50,OPEN,0
669681.782,0,0,0,1.000,1.000,1.000,-90.00,180.00,4.50,OPEN,0
669681.786,0,0,0,1.000,1.000,1.000,-90.00,180.00,4.50,OPEN,0
669681.790,0,0,0,1.000,1.000,1.000,-90.00,180.00,4.50,OPEN,0
669681.795,0,0,0,1.000,1.000,1.000,-90.00,180.00,4.50,OPEN,0
669681.798,0,0,0,1.000,1.000,1.000,-90.00,180.00,4.50,OPEN,0
669681.805,0,0,0,1.000,1.000,1.000,-90.00,180.00,4.50,OPEN,0
669681.809,0,0,0,1.000,1.000,1.000,-90.00,180.00,4.50,OPEN,0
669681.813,0,0,0,1.000,1.000,1.000,-90.00,180.00,4.50,OPEN,0
669681.818,0,0,0,1.000,1.000,1.000,-90.00,180.00,4.50,OPEN,0
669681.823,0,0,0,1.000,1.000,1.000,-90.00,180.00,4.50,OPEN,0
669681.827,0,0,0,1.000,1.000,1.000,-90.00,180.00,4.50,OPEN,0
669681.832,0,0,0,1.000,1.000,1.000,-90.00,180.00,4.50,OPEN,0
669681.836,0,0,0,1.000,1.000,1.000,-90.00,180.00,4.50,OPEN,0
669681.840,0,0,0,1.000,1.000,1.000,-90.00,180.00,4.50,OPEN,0
669681.844,0,0,0,1.000,1.000,1.000,-90.00,180.00,4.50,OPEN,0
669681.849,0,0,0,1.000,1.000,1.000,-90.00,180.00,4.50,OPEN,0
669681.854,0,0,0,1.000,1.000,1.000,-90.00,180.00,4.50,OPEN,0
669681.858,0,0,0,1.000,1.000,1.000,-90.00,180.00,4.50,OPEN,0
669681.863,0,0,0,1.000,1.000,1.000,-90.00,180.00,4.50,OPEN,0
669681.867,0,0,0,1.000,1.000,1.000,-90.00,180.00,4.50,OPEN,0
669681.871,0,0,0,1.000,1.000,1.000,-90.00,180.00,4.50,OPEN,0
669681.875,0,0,0,1.000,1.000,1.000,-90.00,180.00,4.50,OPEN,0
669681.879,0,0,0,1.000,1.000,1.000,-90.00,180.00,4.50,OPEN,0
669681.883,0,0,0,1.000,1.000,1.000,-90.00,180.00,4.50,OPEN,0
669681.887,0,0,0,1.000,1.000,1.000,-90.00,180.00,4.50,OPEN,0
669681.892,0,0,0,1.000,1.000,1.000,-90.00,180.00,4.50,OPEN,0
669681.898,0,0,0,1.000,1.000,1.000,-90.00,180.00,4.50,OPEN,0
669681.902,0,0,0,1.000,1.000,1.000,-90.00,180.00,4.50,OPEN,0
669681.910,0,0,0,1.000,1.000,1.000,-90.00,180.00,4.50,OPEN,0
669681.914,0,0,0,1.000,1.000,1.000,-90.00,180.00,4.50,OPEN,0
669681.918,0,0,0,1.000,1.000,1.000,-90.00,180.00,4.50,OPEN,0
669681.922,0,0,0,1.000,1.000,1.000,-90.00,180.00,4.50,OPEN,0
669681.926,0,0,0,1.000,1.000,1.000,-90.00,180.00,4.50,OPEN,0
669681.930,0,0,0,1.000,1.000,1.000,-90.00,180.00,4.50,OPEN,0
669681.934,0,0,0,1.000,1.000,1.000,-90.00,180.00,4.50,OPEN,0
669681.940,0,0,0,1.000,1.000,1.000,-90.00,180.00,4.50,OPEN,0
669681.944,0,0,0,1.000,1.000,1.000,-90.00,180.00,4.50,OPEN,0
669681.948,0,0,0,1.000,1.000,1.000,-90.00,180.00,4.50,OPEN,0
669681.952,0,0,0,1.000,1.000,1.000,-90.00,180.00,4.50,OPEN,0
669681.956,0,0,0,1.000,1.000,1.000,-90.00,180.00,4.50,OPEN,0
669681.959,0,0,0,1.000,1.000,1.000,-90.00,180.00,4.50,OPEN,0
669681.963,0,0,0,1.000,1.000,1.000,-90.00,180.00,4.50,OPEN,0
669681.967,0,0,0,1.000,1.000,1.000,-90.00,180.00,4.50,OPEN,0
669681.973,0,0,0,1.000,1.000,1.000,-90.00,180.00,4.50,OPEN,0
669681.977,0,0,0,1.000,1.000,1.000,-90.00,180.00,4.50,OPEN,0
669681.980,0,0,0,1.000,1.000,1.000,-90.00,180.00,4.50,OPEN,0
669681.985,0,0,0,1.000,1.000,1.000,-90.00,180.00,4.50,OPEN,0
669681.989,0,0,0,1.000,1.000,1.000,-90.00,180.00,4.50,OPEN,0
669681.994,0,0,0,1.000,1.000,1.000,-90.00,180.00,4.50,OPEN,0
669682.001,0,0,0,1.000,1.000,1.000,-90.00,180.00,4.50,OPEN,0
669682.006,0,0,0,1.000,1.000,1.000,-90.00,180.00,4.50,OPEN,0
669682.010,0,0,0,1.000,1.000,1.000,-90.00,180.00,4.50,OPEN,0
669682.014,0,0,0,1.000,1.000,1.000,-90.00,180.00,4.50,OPEN,0
669682.018,0,0,0,1.000,1.000,1.000,-90.00,180.00,4.50,OPEN,0
669682.022,0,0,0,1.000,1.000,1.000,-90.00,180.00,4.50,OPEN,0
669682.026,0,0,0,1.000,1.000,1.000,-90.00,180.00,4.50,OPEN,0
669682.030,0,0,0,1.000,1.000,1.000,-90.00,180.00,4.50,OPEN,0
669682.037,0,0,0,1.000,1.000,1.000,-90.00,180.00,4.50,OPEN,0
669682.045,0,0,0,1.000,1.000,1.000,-90.00,180.00,4.50,OPEN,0
669682.053,0,0,0,1.000,1.000,1.000,-90.00,180.00,4.50,OPEN,0
669682.057,0,0,0,1.000,1.000,1.000,-90.00,180.00,4.50,OPEN,0
669682.060,0,0,0,1.000,1.000,1.000,-90.00,180.00,4.50,OPEN,0
669682.065,0,0,0,1.000,1.000,1.000,-90.00,180.00,4.50,OPEN,0
669682.068,0,0,0,1.000,1.000,1.000,-90.00,180.00,4.50,OPEN,0
669682.072,0,0,0,1.000,1.000,1.000,-90.00,180.00,4.50,OPEN,0
669682.076,0,0,0,1.000,1.000,1.000,-90.00,180.00,4.50,OPEN,0
669682.080,0,0,0,1.000,1.000,1.000,-90.00,180.00,4.50,OPEN,0
669682.084,0,0,0,1.000,1.000,1.000,-90.00,180.00,4.50,OPEN,0
669682.091,0,0,0,1.000,1.000,1.000,-90.00,180.00,4.50,OPEN,0
669682.095,0,0,0,1.000,1.000,1.000,-90.00,180.00,4.50,OPEN,0
669682.100,0,0,0,1.000,1.000,1.000,-90.00,180.00,4.50,OPEN,0
669682.108,0,0,0,1.000,1.000,1.000,-90.00,180.00,4.50,OPEN,0
669682.118,0,0,0,1.000,1.000,1.000,-90.00,180.00,4.50,OPEN,0
669682.126,0,0,0,1.000,1.000,1.000,-90.00,180.00,4.50,OPEN,0
669682.130,0,0,0,1.000,1.000,1.000,-90.00,180.00,4.50,OPEN,0
669682.134,0,0,0,1.000,1.000,1.000,-90.00,180.00,4.50,OPEN,0
669682.139,0,0,0,1.000,1.000,1.000,-90.00,180.00,4.50,OPEN,0
669682.144,0,0,0,0.994,1.000,1.000,-90.00,180.00,4.50,OPEN,0
669682.149,0,0,0,0.980,1.000,1.000,-90.00,180.00,4.50,OPEN,0
669682.154,0,0,0,0.993,1.000,1.000,-90.00,180.00,4.50,OPEN,0
669682.158,0,0,0,1.000,1.000,1.000,-90.00,180.00,4.50,OPEN,0
669682.166,0,0,0,1.000,1.000,1.000,-90.00,180.00,4.50,OPEN,0
669682.174,0,0,0,1.000,1.000,1.000,-90.00,180.00,4.50,OPEN,0
669682.182,0,0,0,1.000,1.000,1.000,-90.00,180.00,4.50,OPEN,0
669682.186,0,0,0,1.000,1.000,1.000,-90.00,180.00,4.50,OPEN,0
669682.191,0,0,0,1.000,1.000,1.000,-90.00,180.00,4.50,OPEN,0
669682.196,0,0,0,1.000,1.000,1.000,-90.00,180.00,4.50,OPEN,0
669682.205,0,0,0,1.000,1.000,1.000,-90.00,180.00,4.50,OPEN,0
669682.213,0,0,0,1.000,1.000,1.000,-90.00,180.00,4.50,OPEN,0
669682.221,0,0,0,1.000,1.000,1.000,-90.00,180.00,4.50,OPEN,0
669682.228,0,0,0,1.000,1.000,1.000,-90.00,180.00,4.50,OPEN,0
669682.236,0,0,0,1.000,1.000,1.000,-90.00,180.00,4.50,OPEN,0
669682.244,0,0,0,1.000,1.000,1.000,-90.00,180.00,4.50,OPEN,0
669682.252,0,0,0,1.000,1.000,1.000,-90.00,180.00,4.50,OPEN,0
669682.256,0,0,0,1.000,1.000,1.000,-90.00,180.00,4.50,OPEN,0
669682.259,0,0,0,1.000,1.000,1.000,-90.00,180.00,4.50,OPEN,0
669682.264,0,0,0,1.000,1.000,1.000,-90.00,180.00,4.50,OPEN,0
669682.267,0,0,0,1.000,1.000,1.000,-90.00,180.00,4.50,OPEN,0
669682.272,0,0,0,1.000,1.000,1.000,-90.00,180.00,4.50,OPEN,0
669682.276,0,0,0,1.000,1.000,1.000,-90.00,180.00,4.50,OPEN,0
669682.280,0,0,0,1.000,1.000,1.000,-90.00,180.00,4.50,OPEN,0
669682.284,0,0,0,1.000,1.000,1.000,-90.00,180.00,4.50,OPEN,0
669682.288,0,0,0,1.000,1.000,1.000,-90.00,180.00,4.50,OPEN,0
669682.292,0,0,0,1.000,1.000,1.000,-90.00,180.00,4.50,OPEN,0
669682.296,0,0,0,1.000,1.000,1.000,-90.00,180.00,4.50,OPEN,0
669682.300,0,0,0,1.000,1.000,1.000,-90.00,180.00,4.50,OPEN,0
669682.304,0,0,0,1.000,1.000,1.000,-90.00,180.00,4.50,OPEN,0
669682.308,0,0,0,1.000,1.000,1.000,-90.00,180.00,4.50,OPEN,0
669682.311,0,0,0,1.000,1.000,1.000,-90.00,180.00,4.50,OPEN,0
669682.315,0,0,0,1.000,1.000,1.000,-90.00,180.00,4.50,OPEN,0
669682.321,0,0,0,1.000,1.000,1.000,-90.00,180.00,4.50,OPEN,0
669682.327,0,0,0,1.000,1.000,1.000,-90.00,180.00,4.50,OPEN,0
669682.333,0,0,0,1.000,1.000,1.000,-90.00,180.00,4.50,OPEN,0
669682.338,0,0,0,1.000,1.000,1.000,-90.00,180.00,4.50,OPEN,0
669682.346,0,0,0,1.000,1.000,1.000,-90.00,180.00,4.50,OPEN,0
669682.351,0,0,0,1.000,1.000,1.000,-90.00,180.00,4.50,OPEN,0
669682.355,0,0,0,1.000,1.000,1.000,-90.00,180.00,4.50,OPEN,0
669682.362,0,0,0,1.000,1.000,1.000,-90.00,180.00,4.50,OPEN,0
669682.369,0,0,0,1.000,1.000,1.000,-90.00,180.00,4.50,OPEN,0
669682.374,0,0,0,1.000,1.000,1.000,-90.00,180.00,4.50,OPEN,0
669682.378,0,0,0,1.000,1.000,1.000,-90.00,180.00,4.50,OPEN,0
669682.386,0,0,0,1.000,1.000,1.000,-90.00,180.00,4.50,OPEN,0
669682.391,0,0,0,1.000,1.000,1.000,-90.00,180.00,4.50,OPEN,0
669682.396,0,0,0,1.000,1.000,1.000,-90.00,180.00,4.50,OPEN,0
669682.401,0,0,0,1.000,1.000,1.000,-90.00,180.00,4.50,OPEN,0
669682.405,0,0,0,1.000,1.000,1.000,-90.00,180.00,4.50,OPEN,0
669682.411,0,0,0,1.000,1.000,1.000,-90.00,180.00,4.50,OPEN,0
669682.416,0,0,0,1.000,1.000,1.000,-90.00,180.00,4.50,OPEN,0
669682.420,0,0,0,1.000,1.000,1.000,-90.00,180.00,4.50,OPEN,0
669682.423,0,0,0,1.000,1.000,1.000,-90.00,180.00,4.50,OPEN,0
669682.427,0,0,0,1.000,1.000,1.000,-90.00,180.00,4.50,OPEN,0
669682.430,0,0,0,1.000,1.000,1.000,-90.00,180.00,4.50,OPEN,0
669682.435,0,0,0,1.000,1.000,1.000,-90.00,180.00,4.50,OPEN,0
669682.439,0,0,0,1.000,1.000,1.000,-90.00,180.00,4.50,OPEN,0
669682.443,0,0,0,1.000,1.000,1.000,-90.00,180.00,4.50,OPEN,0
669682.447,0,0,0,1.000,1.000,1.000,-90.00,180.00,4.50,OPEN,0
669682.451,0,0,0,1.000,1.000,1.000,-90.00,180.00,4.50,OPEN,0
669682.457,0,0,0,1.000,1.000,1.000,-90.00,180.00,4.50,OPEN,0
669682.461,0,0,0,1.000,1.000,1.000,-90.00,180.00,4.50,OPEN,0
669682.467,0,0,0,1.000,1.000,1.000,-90.00,180.00,4.50,OPEN,0
669682.476,0,0,0,1.000,1.000,1.000,-90.00,180.00,4.50,OPEN,0
669682.480,0,0,0,1.000,1.000,1.000,-90.00,180.00,4.50,OPEN,0
669682.485,0,0,0,1.000,1.000,1.000,-90.00,180.00,4.50,OPEN,0
669682.489,0,0,0,1.000,1.000,1.000,-90.00,180.00,4.50,OPEN,0
669682.492,0,0,0,1.000,1.000,1.000,-90.00,180.00,4.50,OPEN,0
669682.500,0,0,0,1.000,1.000,1.000,-90.00,180.00,4.50,OPEN,0
669682.509,0,0,0,1.000,1.000,1.000,-90.00,180.00,4.50,OPEN,0
669682.513,0,0,0,1.000,1.000,1.000,-90.00,180.00,4.50,OPEN,0
669682.516,0,0,0,1.000,1.000,1.000,-90.00,180.00,4.50,OPEN,0
669682.521,0,0,0,1.000,1.000,1.000,-90.00,180.00,4.50,OPEN,0
669682.525,0,0,0,1.000,1.000,1.000,-90.00,180.00,4.50,OPEN,0
669682.529,0,0,0,1.000,1.000,1.000,-90.00,180.00,4.50,OPEN,0
669682.534,0,0,0,1.000,1.000,1.000,-90.00,180.00,4.50,OPEN,0
669682.540,0,0,0,1.000,1.000,1.000,-90.00,180.00,4.50,OPEN,0
669682.544,0,0,0,1.000,1.000,1.000,-90.00,180.00,4.50,OPEN,0
669682.548,0,0,0,1.000,1.000,1.000,-90.00,180.00,4.50,OPEN,0
669682.553,0,0,0,1.000,1.000,1.000,-90.00,180.00,4.50,OPEN,0
669682.557,0,0,0,1.000,1.000,1.000,-90.00,180.00,4.50,OPEN,0
669682.561,0,0,0,1.000,1.000,1.000,-90.00,180.00,4.50,OPEN,0
669682.566,0,0,0,1.000,1.000,1.000,-90.00,180.00,4.50,OPEN,0
669682.570,0,0,0,1.000,1.000,1.000,-90.00,180.00,4.50,OPEN,0
669682.574,0,0,0,1.000,1.000,1.000,-90.00,180.00,4.50,OPEN,0
669682.578,0,0,0,1.000,1.000,1.000,-90.00,180.00,4.50,OPEN,0
669682.583,0,0,0,1.000,1.000,1.000,-90.00,180.00,4.50,OPEN,0
669682.589,0,0,0,1.000,1.000,1.000,-90.00,180.00,4.50,OPEN,0
669682.593,0,0,0,1.000,1.000,1.000,-90.00,180.00,4.50,OPEN,0
669682.597,0,0,0,1.000,1.000,1.000,-90.00,180.00,4.50,OPEN,0
669682.601,0,0,0,1.000,1.000,1.000,-90.00,180.00,4.50,OPEN,0
669682.605,0,0,0,1.000,1.000,1.000,-90.00,180.00,4.50,OPEN,0
669682.610,0,0,0,1.000,1.000,1.000,-90.00,180.00,4.50,OPEN,0
669682.614,0,0,0,1.000,1.000,1.000,-90.00,180.00,4.50,OPEN,0
669682.617,0,0,0,1.000,1.000,1.000,-90.00,180.00,4.50,OPEN,0
669682.622,0,0,0,1.000,1.000,1.000,-90.00,180.00,4.50,OPEN,0
669682.626,0,0,0,1.000,1.000,1.000,-90.00,180.00,4.50,OPEN,0
669682.630,0,0,0,1.000,1.000,1.000,-90.00,180.00,4.50,OPEN,0
669682.634,0,0,0,1.000,1.000,1.000,-90.00,180.00,4.50,OPEN,0
669682.638,0,0,0,1.000,1.000,1.000,-90.00,180.00,4.50,OPEN,0
669682.642,0,0,0,1.000,1.000,1.000,-90.00,180.00,4.50,OPEN,0
669682.646,0,0,0,1.000,1.000,1.000,-90.00,180.00,4.50,OPEN,0
669682.651,0,0,0,1.000,1.000,1.000,-90.00,180.00,4.50,OPEN,0
669682.655,0,0,0,1.000,1.000,1.000,-90.00,180.00,4.50,OPEN,0
669682.660,0,0,0,1.000,1.000,1.000,-90.00,180.00,4.50,OPEN,0
669682.666,0,0,0,1.000,1.000,1.000,-90.00,180.00,4.50,OPEN,0
669682.670,0,0,0,1.000,1.000,1.000,-90.00,180.00,4.50,OPEN,0
669682.675,0,0,0,1.000,1.000,1.000,-90.00,180.00,4.50,OPEN,0
669682.682,0,0,0,1.000,1.000,1.000,-90.00,180.00,4.50,OPEN,0
669682.686,0,0,0,1.000,1.000,1.000,-90.00,180.00,4.50,OPEN,0
669682.695,0,0,0,1.000,1.000,1.000,-90.00,180.00,4.50,OPEN,0
669682.702,0,0,0,1.000,1.000,1.000,-90.00,180.00,4.50,OPEN,0
669682.711,0,0,0,1.000,1.000,1.000,-90.00,180.00,4.50,OPEN,0
669682.715,0,0,0,1.000,1.000,1.000,-90.00,180.00,4.50,OPEN,0
669682.720,0,0,0,1.000,1.000,1.000,-90.00,180.00,4.50,OPEN,0
669682.727,0,0,0,1.000,1.000,1.000,-90.00,180.00,4.50,OPEN,0
669682.735,0,0,0,1.000,1.000,1.000,-90.00,180.00,4.50,OPEN,0
669682.743,0,0,0,1.000,1.000,1.000,-90.00,180.00,4.50,OPEN,0
669682.750,0,0,0,1.000,1.000,1.000,-90.00,180.00,4.50,OPEN,0
669682.759,0,0,0,1.000,1.000,1.000,-90.00,180.00,4.50,OPEN,0
669682.767,0,0,0,1.000,1.000,1.000,-90.00,180.00,4.50,OPEN,0
669682.774,0,0,0,1.000,1.000,1.000,-90.00,180.00,4.50,OPEN,0
669682.782,0,0,0,1.000,1.000,1.000,-90.00,180.00,4.50,OPEN,0
669682.788,0,0,0,1.000,1.000,1.000,-90.00,180.00,4.50,OPEN,0
669682.796,0,0,0,1.000,1.000,1.000,-90.00,180.00,4.50,OPEN,0
669682.800,0,0,0,1.000,1.000,1.000,-90.00,180.00,4.50,OPEN,0
669682.804,0,0,0,1.000,1.000,1.000,-90.00,180.00,4.50,OPEN,0
669682.808,0,0,0,1.000,1.000,1.000,-90.00,180.00,4.50,OPEN,0
669682.812,0,0,0,1.000,1.000,1.000,-90.00,180.00,4.50,OPEN,0
669682.819,0,0,0,1.000,1.000,1.000,-90.00,180.00,4.50,OPEN,0
669682.825,0,0,0,1.000,1.000,1.000,-90.00,180.00,4.50,OPEN,0
669682.833,0,0,0,1.000,1.000,1.000,-90.00,180.00,4.50,OPEN,0
669682.839,0,0,0,1.000,1.000,1.000,-90.00,180.00,4.50,OPEN,0
669682.843,0,0,0,1.000,1.000,1.000,-90.00,180.00,4.50,OPEN,0
669682.846,0,0,0,1.000,1.000,1.000,-90.00,180.00,4.50,OPEN,0
669682.850,0,0,0,1.000,1.000,1.000,-90.00,180.00,4.50,OPEN,0
669682.859,0,0,0,1.000,1.000,1.000,-90.00,180.00,4.50,OPEN,0
669682.863,0,0,0,1.000,1.000,1.000,-90.00,180.00,4.50,OPEN,0
669682.867,0,0,0,1.000,1.000,1.000,-90.00,180.00,4.50,OPEN,0
669682.872,0,0,0,1.000,1.000,1.000,-90.00,180.00,4.50,OPEN,0
669682.876,0,0,0,1.000,1.000,1.000,-90.00,180.00,4.50,OPEN,0
669682.880,0,0,0,1.000,1.000,1.000,-90.00,180.00,4.50,OPEN,0
669682.883,0,0,0,1.000,1.000,1.000,-90.00,180.00,4.50,OPEN,0
669682.887,0,0,0,1.000,1.000,1.000,-90.00,180.00,4.50,OPEN,0
669682.894,0,0,0,1.000,1.000,1.000,-90.00,180.00,4.50,OPEN,0
669682.898,0,0,0,1.000,1.000,1.000,-90.00,180.00,4.50,OPEN,0
669682.902,0,0,0,1.000,1.000,1.000,-90.00,180.00,4.50,OPEN,0
669682.906,0,0,0,1.000,1.000,1.000,-90.00,180.00,4.50,OPEN,0
669682.910,0,0,0,1.000,1.000,1.000,-90.00,180.00,4.50,OPEN,0
669682.914,0,0,0,1.000,1.000,1.000,-90.00,180.00,4.50,OPEN,0
669682.918,0,0,0,1.000,1.000,1.000,-90.00,180.00,4.50,OPEN,0
669682.922,0,0,0,1.000,1.000,1.000,-90.00,180.00,4.50,OPEN,0
669682.927,0,0,0,1.000,1.000,1.000,-90.00,180.00,4.50,OPEN,0
669682.932,0,0,0,1.000,1.000,1.000,-90.00,180.00,4.50,OPEN,0
669682.937,0,0,0,1.000,1.000,1.000,-90.00,180.00,4.50,OPEN,0
669682.941,0,0,0,1.000,1.000,1.000,-90.00,180.00,4.50,OPEN,0
669682.947,0,0,0,1.000,1.000,1.000,-90.00,180.00,4.50,OPEN,0
669682.951,0,0,0,1.000,1.000,1.000,-90.00,180.00,4.50,OPEN,0
669682.955,0,0,0,1.000,1.000,1.000,-90.00,180.00,4.50,OPEN,0
669682.958,0,0,0,1.000,1.000,1.000,-90.00,180.00,4.50,OPEN,0
669682.962,0,0,0,1.000,1.000,1.000,-90.00,180.00,4.50,OPEN,0
669682.970,0,0,0,1.000,1.000,1.000,-90.00,180.00,4.50,OPEN,0
669682.974,0,0,0,1.000,1.000,1.000,-90.00,180.00,4.50,OPEN,0
669682.981,0,0,0,1.000,1.000,1.000,-90.00,180.00,4.50,OPEN,0
669682.985,0,0,0,1.000,1.000,1.000,-90.00,180.00,4.50,OPEN,0
669682.989,0,0,0,1.000,1.000,1.000,-90.00,180.00,4.50,OPEN,0
669682.993,0,0,0,1.000,1.000,1.000,-90.00,180.00,4.50,OPEN,0
669682.997,0,0,0,1.000,1.000,1.000,-90.00,180.00,4.50,OPEN,0
669683.002,0,0,0,1.000,1.000,1.000,-90.00,180.00,4.50,OPEN,0
669683.009,0,0,0,1.000,1.000,1.000,-90.00,180.00,4.50,OPEN,0
669683.014,0,0,0,1.000,1.000,1.000,-90.00,180.00,4.50,OPEN,0
669683.018,0,0,0,1.000,1.000,1.000,-90.00,180.00,4.50,OPEN,0
669683.023,0,0,0,1.000,1.000,1.000,-90.00,180.00,4.50,OPEN,0
669683.028,0,0,0,1.000,1.000,1.000,-90.00,180.00,4.50,OPEN,0
669683.032,0,0,0,1.000,1.000,1.000,-90.00,180.00,4.50,OPEN,0
669683.036,0,0,0,1.000,1.000,1.000,-90.00,180.00,4.50,OPEN,0
669683.040,0,0,0,1.000,1.000,1.000,-90.00,180.00,4.50,OPEN,0
669683.044,0,0,0,1.000,1.000,1.000,-90.00,180.00,4.50,OPEN,0
669683.049,0,0,0,1.000,1.000,1.000,-90.00,180.00,4.50,OPEN,0
669683.053,0,0,0,1.000,1.000,1.000,-90.00,180.00,4.50,OPEN,0
669683.056,0,0,0,1.000,1.000,1.000,-90.00,180.00,4.50,OPEN,0
669683.060,0,0,0,1.000,1.000,1.000,-90.00,180.00,4.50,OPEN,0
669683.064,0,0,0,1.000,1.000,1.000,-90.00,180.00,4.50,OPEN,0
669683.069,0,0,0,1.000,1.000,1.000,-90.00,180.00,4.50,OPEN,0
669683.073,0,0,0,1.000,1.000,1.000,-90.00,180.00,4.50,OPEN,0
669683.077,0,0,0,1.000,1.000,1.000,-90.00,180.00,4.50,OPEN,0
669683.081,0,0,0,1.000,1.000,1.000,-90.00,180.00,4.50,OPEN,0
669683.086,0,0,0,1.000,1.000,1.000,-90.00,180.00,4.50,OPEN,0
669683.089,0,0,0,1.000,1.000,1.000,-90.00,180.00,4.50,OPEN,0
669683.093,0,0,0,1.000,1.000,1.000,-90.00,180.00,4.50,OPEN,0
669683.097,0,0,0,1.000,1.000,1.000,-90.00,180.00,4.50,OPEN,0
669683.102,0,0,0,1.000,1.000,1.000,-90.00,180.00,4.50,OPEN,0
669683.106,0,0,0,1.000,1.000,1.000,-90.00,180.00,4.50,OPEN,0
669683.110,0,0,0,1.000,1.000,1.000,-90.00,180.00,4.50,OPEN,0
669683.114,0,0,0,1.000,1.000,1.000,-90.00,180.00,4.50,OPEN,0
669683.118,0,0,0,1.000,1.000,1.000,-90.00,180.00,4.50,OPEN,0
669683.124,0,0,0,1.000,1.000,1.000,-90.00,180.00,4.50,OPEN,0
669683.127,0,0,0,1.000,1.000,1.000,-90.00,180.00,4.50,OPEN,0
669683.132,0,0,0,1.000,1.000,1.000,-90.00,180.00,4.50,OPEN,0
669683.136,0,0,0,1.000,1.000,1.000,-90.00,180.00,4.50,OPEN,0
669683.141,0,0,0,1.000,1.000,1.000,-90.00,180.00,4.50,OPEN,0
669683.145,0,0,0,1.000,1.000,1.000,-90.00,180.00,4.50,OPEN,0
669683.151,0,0,0,1.000,1.000,1.000,-90.00,180.00,4.50,OPEN,0
669683.155,0,0,0,1.000,1.000,1.000,-90.00,180.00,4.50,OPEN,0
669683.159,0,0,0,1.000,1.000,1.000,-90.00,180.00,4.50,OPEN,0
669683.168,0,0,0,1.000,1.000,1.000,-90.00,180.00,4.50,OPEN,0
669683.172,0,0,0,1.000,1.000,1.000,-90.00,180.00,4.50,OPEN,0
669683.181,0,0,0,1.000,1.000,1.000,-90.00,180.00,4.50,OPEN,0
669683.187,0,0,0,1.000,1.000,1.000,-90.00,180.00,4.50,OPEN,0
669683.191,0,0,0,1.000,1.000,1.000,-90.00,180.00,4.50,OPEN,0
669683.195,0,0,0,1.000,1.000,1.000,-90.00,180.00,4.50,OPEN,0
669683.199,0,0,0,1.000,1.000,1.000,-90.00,180.00,4.50,OPEN,0
669683.203,0,0,0,1.000,1.000,1.000,-90.00,180.00,4.50,OPEN,0
669683.207,0,0,0,1.000,1.000,1.000,-90.00,180.00,4.50,OPEN,0
669683.211,0,0,0,1.000,1.000,1.000,-90.00,180.00,4.50,OPEN,0
669683.215,0,0,0,1.000,1.000,1.000,-90.00,180.00,4.50,OPEN,0
669683.223,0,0,0,1.000,1.000,1.000,-90.00,180.00,4.50,OPEN,0
669683.227,0,0,0,1.000,1.000,1.000,-90.00,180.00,4.50,OPEN,0
669683.238,0,0,0,1.000,1.000,1.000,-90.00,180.00,4.50,OPEN,0
669683.242,0,0,0,1.000,1.000,1.000,-90.00,180.00,4.50,OPEN,0
669683.246,0,0,0,1.000,1.000,1.000,-90.00,180.00,4.50,OPEN,0
669683.250,0,0,0,1.000,1.000,1.000,-90.00,180.00,4.50,OPEN,0
669683.254,0,0,0,1.000,1.000,1.000,-90.00,180.00,4.50,OPEN,0
669683.258,0,0,0,1.000,1.000,1.000,-90.00,180.00,4.50,OPEN,0
669683.266,0,0,0,1.000,1.000,1.000,-90.00,180.00,4.50,OPEN,0
669683.270,0,0,0,1.000,1.000,1.000,-90.00,180.00,4.50,OPEN,0
669683.275,0,0,0,1.000,1.000,1.000,-90.00,180.00,4.50,OPEN,0
669683.279,0,0,0,1.000,1.000,1.000,-90.00,180.00,4.50,OPEN,0
669683.282,0,0,0,1.000,1.000,1.000,-90.00,180.00,4.50,OPEN,0
669683.286,0,0,0,1.000,1.000,1.000,-90.00,180.00,4.50,OPEN,0
669683.290,0,0,0,1.000,1.000,1.000,-90.00,180.00,4.50,OPEN,0
669683.294,0,0,0,1.000,1.000,1.000,-90.00,180.00,4.50,OPEN,0
669683.298,0,0,0,1.000,1.000,1.000,-90.00,180.00,4.50,OPEN,0
669683.302,0,0,0,1.000,1.000,1.000,-90.00,180.00,4.50,OPEN,0
669683.307,0,0,0,1.000,1.000,1.000,-90.00,180.00,4.50,OPEN,0
669683.311,0,0,0,1.000,1.000,1.000,-90.00,180.00,4.50,OPEN,0
669683.314,0,0,0,1.000,1.000,1.000,-90.00,180.00,4.50,OPEN,0
669683.318,0,0,0,1.000,1.000,1.000,-90.00,180.00,4.50,OPEN,0
669683.322,0,0,0,1.000,1.000,1.000,-90.00,180.00,4.50,OPEN,0
669683.326,0,0,0,1.000,1.000,1.000,-90.00,180.00,4.50,OPEN,0
669683.331,0,0,0,1.000,1.000,1.000,-90.00,180.00,4.50,OPEN,0
669683.338,0,0,0,1.000,1.000,1.000,-90.00,180.00,4.50,OPEN,0
669683.342,0,0,0,1.000,1.000,1.000,-90.00,180.00,4.50,OPEN,0
669683.346,0,0,0,1.000,1.000,1.000,-90.00,180.00,4.50,OPEN,0
669683.350,0,0,0,1.000,1.000,1.000,-90.00,180.00,4.50,OPEN,0
669683.354,0,0,0,1.000,1.000,1.000,-90.00,180.00,4.50,OPEN,0
669683.358,0,0,0,1.000,1.000,1.000,-90.00,180.00,4.50,OPEN,0
669683.362,0,0,0,1.000,1.000,1.000,-90.00,180.00,4.50,OPEN,0
669683.366,0,0,0,1.000,1.000,1.000,-90.00,180.00,4.50,OPEN,0
669683.371,0,0,0,1.000,1.000,1.000,-90.00,180.00,4.50,OPEN,0
669683.379,0,0,0,1.000,1.000,1.000,-90.00,180.00,4.50,OPEN,0
669683.387,0,0,0,1.000,1.000,1.000,-90.00,180.00,4.50,OPEN,0
669683.391,0,0,0,1.000,1.000,1.000,-90.00,180.00,4.50,OPEN,0
669683.394,0,0,0,1.000,1.000,1.000,-90.00,180.00,4.50,OPEN,0
669683.399,0,0,0,1.000,1.000,1.000,-90.00,180.00,4.50,OPEN,0
669683.402,0,0,0,1.000,1.000,1.000,-90.00,180.00,4.50,OPEN,0
669683.406,0,0,0,1.000,1.000,1.000,-90.00,180.00,4.50,OPEN,0
669683.409,0,0,0,1.000,1.000,1.000,-90.00,180.00,4.50,OPEN,0
669683.413,0,0,0,1.000,1.000,1.000,-90.00,180.00,4.50,OPEN,0
669683.421,0,0,0,1.000,1.000,1.000,-90.00,180.00,4.50,OPEN,0
669683.425,0,0,0,1.000,1.000,1.000,-90.00,180.00,4.50,OPEN,0
669683.429,0,0,0,1.000,1.000,1.000,-90.00,180.00,4.50,OPEN,0
669683.433,0,0,0,1.000,1.000,1.000,-90.00,180.00,4.50,OPEN,0
669683.437,0,0,0,1.000,1.000,1.000,-90.00,180.00,4.50,OPEN,0
669683.441,0,0,0,1.000,1.000,1.000,-90.00,180.00,4.50,OPEN,0
669683.445,0,0,0,1.000,1.000,1.000,-90.00,180.00,4.50,OPEN,0
669683.448,0,0,0,1.000,1.000,1.000,-90.00,180.00,4.50,OPEN,0
669683.453,0,0,0,0.999,1.000,1.000,-90.00,180.00,4.50,OPEN,0
669683.457,0,0,0,0.994,1.000,1.000,-90.00,180.00,4.50,OPEN,0
669683.463,0,0,0,1.000,1.000,1.000,-90.00,180.00,4.50,OPEN,0
669683.467,0,0,0,1.000,1.000,1.000,-90.00,180.00,4.50,OPEN,0
669683.471,0,0,0,1.000,1.000,1.000,-90.00,180.00,4.50,OPEN,0
669683.474,0,0,0,1.000,0.994,1.000,-90.00,180.00,4.50,OPEN,0
669683.479,0,0,0,1.000,0.937,1.000,-90.00,180.00,4.50,OPEN,0
669683.482,0,0,0,1.000,0.961,1.000,-90.00,180.00,4.50,OPEN,0
669683.487,0,0,0,1.000,0.900,1.000,-90.00,180.00,4.50,OPEN,0
669683.491,0,0,0,0.999,1.000,1.000,-90.00,180.00,4.50,OPEN,0
669683.494,0,0,0,0.996,1.000,1.000,-90.00,180.00,4.50,OPEN,0
669683.498,0,0,0,0.991,1.000,1.000,-90.00,180.00,4.50,OPEN,0
669683.502,0,0,0,0.962,1.000,1.000,-90.00,180.00,4.50,OPEN,0
669683.506,0,0,0,0.815,1.000,1.000,-90.00,180.00,4.50,OPEN,0
669683.510,0,0,0,0.530,1.000,1.000,-90.00,180.00,4.50,OPEN,0
669683.514,0,0,0,0.560,1.000,1.000,-90.00,180.00,4.50,OPEN,0
669683.518,0,0,0,0.630,1.000,1.000,-90.00,180.00,4.50,OPEN,0
669683.522,0,0,0,0.765,1.000,1.000,-90.00,180.00,4.50,OPEN,0
669683.527,0,0,0,0.821,1.000,1.000,-90.00,180.00,4.50,OPEN,0
669683.531,0,0,0,0.826,1.000,1.000,-90.00,180.00,4.50,OPEN,0
669683.535,0,0,0,0.786,1.000,1.000,-90.00,180.00,4.50,OPEN,0
669683.539,0,0,0,0.626,1.000,1.000,-90.00,180.00,4.50,OPEN,0
669683.543,0,0,0,0.659,1.000,1.000,-90.00,180.00,4.50,OPEN,0
669683.547,0,0,0,0.939,1.000,1.000,-90.00,180.00,4.50,OPEN,0
669683.551,0,0,0,0.991,1.000,1.000,-90.00,180.00,4.50,OPEN,0
669683.555,0,0,0,0.999,1.000,1.000,-90.00,180.00,4.50,OPEN,0
669683.560,0,0,0,1.000,1.000,1.000,-90.00,180.00,4.50,OPEN,0
669683.563,0,0,0,1.000,0.984,1.000,-90.00,180.00,4.50,OPEN,0
669683.568,0,0,0,1.000,0.983,0.942,-90.00,180.00,4.50,OPEN,0
669683.573,0,0,0,1.000,0.909,0.881,-90.00,180.00,4.50,OPEN,0
669683.578,0,0,0,1.000,0.657,0.733,-90.00,180.00,4.50,OPEN,0
669683.582,0,0,0,1.000,0.589,0.563,-90.00,180.00,4.50,OPEN,0
669683.586,0,0,0,1.000,0.758,0.571,-90.00,180.00,4.50,OPEN,0
669683.594,0,0,0,1.000,0.809,0.665,-90.00,180.00,4.50,OPEN,0
669683.598,0,0,0,1.000,0.825,0.663,-90.00,180.00,4.50,OPEN,0
669683.604,0,0,0,1.000,0.802,0.583,-90.00,180.00,4.50,OPEN,0
669683.608,0,0,0,1.000,0.704,0.531,-90.00,180.00,4.50,OPEN,0
669683.612,0,0,0,1.000,0.621,0.698,-90.00,180.00,4.50,OPEN,0
669683.616,0,0,0,1.000,0.523,0.845,-90.00,180.00,4.50,OPEN,0
669683.621,0,0,0,1.000,0.642,0.908,-90.00,180.00,4.50,OPEN,0
669683.626,0,0,0,1.000,0.710,0.939,-90.00,180.00,4.50,OPEN,0
669683.630,0,0,0,1.000,0.692,0.951,-90.00,180.00,4.50,OPEN,0
669683.635,0,0,0,1.000,0.702,0.954,-90.00,180.00,4.50,OPEN,0
669683.640,0,0,0,1.000,0.704,0.954,-90.00,180.00,4.50,OPEN,0
669683.644,0,0,0,1.000,0.669,0.950,-90.00,180.00,4.50,OPEN,0
669683.648,0,0,0,1.000,0.600,0.944,-90.00,180.00,4.50,OPEN,0
669683.655,0,0,0,1.000,0.608,0.934,-90.00,180.00,4.50,OPEN,0
669683.659,0,0,0,1.000,0.601,0.923,-90.00,180.00,4.50,OPEN,0
669683.663,0,0,0,1.000,0.640,0.910,-90.00,180.00,4.50,OPEN,0
669683.667,0,0,0,1.000,0.715,0.892,-90.00,180.00,4.50,OPEN,0
669683.671,0,0,0,1.000,0.833,0.871,-90.00,180.00,4.50,OPEN,0
669683.675,0,0,0,1.000,0.884,0.832,-90.00,180.00,4.50,OPEN,0
669683.679,0,0,0,1.000,0.902,0.782,-90.00,180.00,4.50,OPEN,0
669683.685,0,0,0,1.000,0.901,0.759,-90.00,180.00,4.50,OPEN,0
669683.689,0,0,0,1.000,0.884,0.776,-90.00,180.00,4.50,OPEN,0
669683.693,0,0,0,1.000,0.813,0.763,-90.00,180.00,4.50,OPEN,0
669683.697,0,0,0,1.000,0.700,0.756,-90.00,180.00,4.50,OPEN,0
669683.701,0,0,0,1.000,0.599,0.743,-90.00,180.00,4.50,OPEN,0
669683.707,0,0,0,1.000,0.519,0.714,-90.00,180.00,4.50,OPEN,0
669683.713,0,0,0,1.000,0.542,0.697,-90.00,180.00,4.50,OPEN,0
669683.720,0,0,0,1.000,0.503,0.706,-90.00,180.00,4.50,OPEN,0
669683.726,0,0,0,1.000,0.609,0.751,-90.00,180.00,4.50,OPEN,0
669683.733,0,0,0,1.000,0.790,0.841,-90.00,180.00,4.50,OPEN,0
669683.739,0,0,0,1.000,0.871,0.914,-90.00,180.00,4.50,OPEN,0
669683.743,0,0,0,1.000,0.909,0.947,-90.00,180.00,4.50,OPEN,0
669683.752,0,0,0,1.000,0.918,0.971,-90.00,180.00,4.50,OPEN,0
669683.757,0,0,0,1.000,0.915,0.977,-90.00,180.00,4.50,OPEN,0
669683.761,0,0,0,1.000,0.859,0.975,-90.00,180.00,4.50,OPEN,0
669683.770,0,0,0,1.000,0.672,0.967,-90.00,180.00,4.50,OPEN,0
669683.774,0,0,0,1.000,0.555,0.958,-90.00,180.00,4.50,OPEN,0
669683.778,0,0,0,1.000,0.721,0.935,-90.00,180.00,4.50,OPEN,0
669683.781,0,0,0,1.000,0.827,0.896,-90.00,180.00,4.50,OPEN,0
669683.786,0,0,0,1.000,0.858,0.877,-90.00,180.00,4.50,OPEN,0
669683.794,0,0,0,1.000,0.848,0.855,-90.00,180.00,4.50,OPEN,0
669683.798,0,0,0,1.000,0.843,0.840,-90.00,180.00,4.50,OPEN,0
669683.803,0,0,0,1.000,0.837,0.873,-90.00,180.00,4.50,OPEN,0
669683.807,0,0,0,1.000,0.823,0.914,-90.00,180.00,4.50,OPEN,0
669683.811,0,0,0,1.000,0.851,0.958,-90.00,180.00,4.50,OPEN,0
669683.815,0,0,0,1.000,0.849,0.975,-90.00,180.00,4.50,OPEN,0
669683.820,0,0,0,1.000,0.859,0.980,-90.00,180.00,4.50,OPEN,0
669683.826,0,0,0,1.000,0.885,0.983,-90.00,180.00,4.50,OPEN,0
669683.831,0,0,0,1.000,0.899,0.982,-90.00,180.00,4.50,OPEN,0
669683.836,0,0,0,1.000,0.895,0.978,-90.00,180.00,4.50,OPEN,0
669683.843,0,0,0,1.000,0.870,0.968,-90.00,180.00,4.50,OPEN,0
669683.848,0,0,0,1.000,0.859,0.938,-90.00,180.00,4.50,OPEN,0
669683.852,0,0,0,1.000,0.815,0.893,-90.00,180.00,4.50,OPEN,0
669683.857,0,0,0,1.000,0.734,0.830,-90.00,180.00,4.50,OPEN,0
669683.865,0,0,0,1.000,0.687,0.804,-90.00,180.00,4.50,OPEN,0
669683.870,0,0,0,1.000,0.527,0.859,-90.00,180.00,4.50,OPEN,0
669683.874,0,0,0,1.000,0.740,0.923,-90.00,180.00,4.50,OPEN,0
669683.877,0,0,0,1.000,0.880,0.964,-90.00,180.00,4.50,OPEN,0
669683.881,0,0,0,1.000,0.944,0.982,-90.00,180.00,4.50,OPEN,0
669683.886,0,0,0,1.000,0.971,0.986,-90.00,180.00,4.50,OPEN,0
669683.892,0,0,0,1.000,0.977,0.989,-90.00,180.00,4.50,OPEN,0
669683.897,0,0,0,1.000,0.980,0.989,-90.00,180.00,4.50,OPEN,0
669683.904,0,0,0,1.000,0.986,0.989,-90.00,180.00,4.50,OPEN,0
669683.908,0,0,0,1.000,0.990,0.987,-90.00,180.00,4.50,OPEN,0
669683.912,0,0,0,1.000,0.991,0.979,-90.00,180.00,4.50,OPEN,0
669683.916,0,0,0,1.000,0.993,0.941,-90.00,180.00,4.50,OPEN,0
669683.921,0,0,0,1.000,0.988,0.796,-90.00,180.00,4.50,OPEN,0
669683.925,0,0,0,1.000,0.962,0.590,-90.00,180.00,4.50,OPEN,0
669683.929,0,0,0,1.000,0.822,0.541,-90.00,180.00,4.50,OPEN,0
669683.933,0,0,0,1.000,0.578,0.581,-90.00,180.00,4.50,OPEN,0
669683.937,0,0,0,1.000,0.660,0.626,-90.00,180.00,4.50,OPEN,0
669683.940,0,0,0,1.000,0.817,0.702,-90.00,180.00,4.50,OPEN,0
669683.944,0,0,0,1.000,0.889,0.824,-90.00,180.00,4.50,OPEN,0
669683.951,0,0,0,1.000,0.905,0.893,-90.00,180.00,4.50,OPEN,0
669683.959,0,0,0,1.000,0.864,0.933,-90.00,180.00,4.50,OPEN,0
669683.962,0,0,0,1.000,0.836,0.955,-90.00,180.00,4.50,OPEN,0
669683.967,0,0,0,1.000,0.708,0.965,-90.00,180.00,4.50,OPEN,0
669683.970,0,0,0,1.000,0.563,0.955,-90.00,180.00,4.50,OPEN,0
669683.979,0,0,0,1.000,0.799,0.918,-90.00,180.00,4.50,OPEN,0
669683.983,0,0,0,1.000,0.999,0.999,-90.00,180.00,4.50,OPEN,0
669683.987,0,0,0,1.000,0.982,1.000,-90.00,180.00,4.50,OPEN,0
669683.994,0,0,0,1.000,0.890,1.000,-90.00,180.00,4.50,OPEN,0
669683.998,0,0,0,1.000,0.571,1.000,-90.00,180.00,4.50,OPEN,0
669684.002,0,0,0,1.000,0.711,1.000,-90.00,180.00,4.50,OPEN,0
669684.005,0,0,0,1.000,0.871,0.999,-90.00,180.00,4.50,OPEN,0
669684.013,0,0,0,1.000,0.980,0.998,-90.00,180.00,4.50,OPEN,0
669684.018,0,0,0,1.000,0.997,0.996,-90.00,180.00,4.50,OPEN,0
669684.022,0,0,0,1.000,1.000,0.988,-90.00,180.00,4.50,OPEN,0
669684.026,0,0,0,1.000,1.000,0.976,-90.00,180.00,4.50,OPEN,0
669684.035,0,0,0,1.000,1.000,0.969,-90.00,180.00,4.50,OPEN,0
669684.040,0,0,0,1.000,1.000,0.973,-90.00,180.00,4.50,OPEN,0
669684.044,0,0,0,1.000,1.000,0.983,-90.00,180.00,4.50,OPEN,0
669684.048,0,0,0,0.999,1.000,0.989,-90.00,180.00,4.50,OPEN,0
669684.052,0,0,0,0.997,1.000,0.996,-90.00,180.00,4.50,OPEN,0
669684.056,0,0,0,0.998,1.000,0.999,-90.00,180.00,4.50,OPEN,0
669684.060,0,0,0,0.990,1.000,1.000,-90.00,180.00,4.50,OPEN,0
669684.064,0,0,0,0.977,1.000,1.000,-90.00,180.00,4.50,OPEN,0
669684.068,0,0,0,0.984,1.000,1.000,-90.00,180.00,4.50,OPEN,0
669684.071,0,0,0,0.993,1.000,1.000,-90.00,180.00,4.50,OPEN,0
669684.079,0,0,0,0.990,1.000,1.000,-90.00,180.00,4.50,OPEN,0
669684.086,0,0,0,0.998,1.000,1.000,-90.00,180.00,4.50,OPEN,0
669684.104,0,0,0,0.999,1.000,1.000,-90.00,180.00,4.50,OPEN,0
669684.118,0,0,0,1.000,1.000,1.000,-90.00,180.00,4.50,OPEN,0
669684.126,0,0,0,1.000,1.000,1.000,-90.00,180.00,4.50,OPEN,0
669684.139,0,0,0,1.000,1.000,1.000,-90.00,180.00,4.50,OPEN,0
669684.149,0,0,0,1.000,1.000,1.000,-90.00,180.00,4.50,OPEN,0
669684.158,0,0,0,1.000,1.000,1.000,-90.00,180.00,4.50,OPEN,0
669684.166,0,0,0,1.000,1.000,1.000,-90.00,180.00,4.50,OPEN,0
669684.174,0,0,0,1.000,1.000,1.000,-90.00,180.00,4.50,OPEN,0
669684.182,0,0,0,1.000,1.000,1.000,-90.00,180.00,4.50,OPEN,0
669684.190,0,0,0,1.000,1.000,1.000,-90.00,180.00,4.50,OPEN,0
669684.198,0,0,0,1.000,1.000,1.000,-90.00,180.00,4.50,OPEN,0
669684.204,0,0,0,1.000,1.000,1.000,-90.00,180.00,4.50,OPEN,0
669684.212,0,0,0,1.000,1.000,1.000,-90.00,180.00,4.50,OPEN,0
669684.216,0,0,0,1.000,1.000,1.000,-90.00,180.00,4.50,OPEN,0
669684.220,0,0,0,1.000,1.000,1.000,-90.00,180.00,4.50,OPEN,0
669684.224,0,0,0,1.000,1.000,1.000,-90.00,180.00,4.50,OPEN,0
669684.227,0,0,0,1.000,1.000,1.000,-90.00,180.00,4.50,OPEN,0
669684.231,0,0,0,1.000,1.000,1.000,-90.00,180.00,4.50,OPEN,0
669684.235,0,0,0,1.000,1.000,1.000,-90.00,180.00,4.50,OPEN,0
669684.239,0,0,0,1.000,1.000,1.000,-90.00,180.00,4.50,OPEN,0
669684.243,0,0,0,1.000,1.000,1.000,-90.00,180.00,4.50,OPEN,0
669684.250,0,0,0,1.000,1.000,1.000,-90.00,180.00,4.50,OPEN,0
669684.254,0,0,0,1.000,1.000,1.000,-90.00,180.00,4.50,OPEN,0
669684.262,0,0,0,1.000,1.000,1.000,-90.00,180.00,4.50,OPEN,0
669684.266,0,0,0,1.000,1.000,1.000,-90.00,180.00,4.50,OPEN,0
669684.270,0,0,0,1.000,1.000,1.000,-90.00,180.00,4.50,OPEN,0
669684.274,0,0,0,1.000,1.000,1.000,-90.00,180.00,4.50,OPEN,0
669684.279,0,0,0,1.000,1.000,1.000,-90.00,180.00,4.50,OPEN,0
669684.282,0,0,0,1.000,1.000,1.000,-90.00,180.00,4.50,OPEN,0
669684.286,0,0,0,1.000,1.000,1.000,-90.00,180.00,4.50,OPEN,0
669684.290,0,0,0,1.000,1.000,1.000,-90.00,180.00,4.50,OPEN,0
669684.295,0,0,0,1.000,1.000,1.000,-90.00,180.00,4.50,OPEN,0
669684.299,0,0,0,1.000,1.000,1.000,-90.00,180.00,4.50,OPEN,0
669684.303,0,0,0,1.000,1.000,1.000,-90.00,180.00,4.50,OPEN,0
669684.306,0,0,0,1.000,1.000,1.000,-90.00,180.00,4.50,OPEN,0
669684.311,0,0,0,1.000,1.000,1.000,-90.00,180.00,4.50,OPEN,0
669684.317,0,0,0,1.000,1.000,1.000,-90.00,180.00,4.50,OPEN,0
669684.326,0,0,0,1.000,1.000,1.000,-90.00,180.00,4.50,OPEN,0
669684.334,0,0,0,1.000,1.000,1.000,-90.00,180.00,4.50,OPEN,0
669684.341,0,0,0,1.000,1.000,1.000,-90.00,180.00,4.50,OPEN,0
669684.349,0,0,0,1.000,1.000,1.000,-90.00,180.00,4.50,OPEN,0
669684.356,0,0,0,1.000,1.000,1.000,-90.00,180.00,4.50,OPEN,0
669684.363,0,0,0,1.000,1.000,1.000,-90.00,180.00,4.50,OPEN,0
669684.371,0,0,0,1.000,1.000,1.000,-90.00,180.00,4.50,OPEN,0
669684.377,0,0,0,1.000,1.000,1.000,-90.00,180.00,4.50,OPEN,0
669684.385,0,0,0,1.000,1.000,1.000,-90.00,180.00,4.50,OPEN,0
669684.393,0,0,0,1.000,1.000,1.000,-90.00,180.00,4.50,OPEN,0
669684.400,0,0,0,1.000,1.000,1.000,-90.00,180.00,4.50,OPEN,0
669684.405,0,0,0,1.000,1.000,1.000,-90.00,180.00,4.50,OPEN,0
669684.410,0,0,0,1.000,1.000,1.000,-90.00,180.00,4.50,OPEN,0
669684.414,0,0,0,1.000,1.000,1.000,-90.00,180.00,4.50,OPEN,0
669684.421,0,0,0,1.000,1.000,1.000,-90.00,180.00,4.50,OPEN,0
669684.429,0,0,0,1.000,1.000,1.000,-90.00,180.00,4.50,OPEN,0
669684.432,0,0,0,1.000,1.000,1.000,-90.00,180.00,4.50,OPEN,0
669684.437,0,0,0,1.000,1.000,1.000,-90.00,180.00,4.50,OPEN,0
669684.444,0,0,0,1.000,1.000,1.000,-90.00,180.00,4.50,OPEN,0
669684.449,0,0,0,1.000,1.000,1.000,-90.00,180.00,4.50,OPEN,0
669684.453,0,0,0,1.000,1.000,1.000,-90.00,180.00,4.50,OPEN,0
669684.457,0,0,0,1.000,1.000,1.000,-90.00,180.00,4.50,OPEN,0
669684.461,0,0,0,1.000,1.000,1.000,-90.00,180.00,4.50,OPEN,0
669684.466,0,0,0,1.000,1.000,1.000,-90.00,180.00,4.50,OPEN,0
669684.470,0,0,0,1.000,1.000,1.000,-90.00,180.00,4.50,OPEN,0
669684.474,0,0,0,1.000,1.000,1.000,-90.00,180.00,4.50,OPEN,0
669684.477,0,0,0,1.000,1.000,1.000,-90.00,180.00,4.50,OPEN,0
669684.481,0,0,0,1.000,1.000,1.000,-90.00,180.00,4.50,OPEN,0
669684.486,0,0,0,1.000,1.000,1.000,-90.00,180.00,4.50,OPEN,0
669684.489,0,0,0,1.000,1.000,1.000,-90.00,180.00,4.50,OPEN,0
669684.493,0,0,0,1.000,1.000,1.000,-90.00,180.00,4.50,OPEN,0
669684.498,0,0,0,1.000,1.000,1.000,-90.00,180.00,4.50,OPEN,0
669684.503,0,0,0,1.000,1.000,1.000,-90.00,180.00,4.50,OPEN,0
669684.506,0,0,0,1.000,1.000,1.000,-90.00,180.00,4.50,OPEN,0
669684.510,0,0,0,1.000,1.000,1.000,-90.00,180.00,4.50,OPEN,0
669684.514,0,0,0,1.000,1.000,1.000,-90.00,180.00,4.50,OPEN,0
669684.518,0,0,0,1.000,1.000,1.000,-90.00,180.00,4.50,OPEN,0
669684.522,0,0,0,1.000,1.000,1.000,-90.00,180.00,4.50,OPEN,0
669684.526,0,0,0,1.000,1.000,1.000,-90.00,180.00,4.50,OPEN,0
669684.529,0,0,0,1.000,1.000,1.000,-90.00,180.00,4.50,OPEN,0
669684.533,0,0,0,1.000,1.000,1.000,-90.00,180.00,4.50,OPEN,0
669684.537,0,0,0,1.000,1.000,1.000,-90.00,180.00,4.50,OPEN,0
669684.540,0,0,0,1.000,1.000,1.000,-90.00,180.00,4.50,OPEN,0
669684.544,0,0,0,1.000,1.000,1.000,-90.00,180.00,4.50,OPEN,0
669684.548,0,0,0,1.000,1.000,1.000,-90.00,180.00,4.50,OPEN,0
669684.552,0,0,0,1.000,1.000,1.000,-90.00,180.00,4.50,OPEN,0
669684.560,0,0,0,1.000,1.000,1.000,-90.00,180.00,4.50,OPEN,0
669684.564,0,0,0,1.000,1.000,1.000,-90.00,180.00,4.50,OPEN,0
669684.567,0,0,0,1.000,1.000,1.000,-90.00,180.00,4.50,OPEN,0
669684.571,0,0,0,1.000,1.000,1.000,-90.00,180.00,4.50,OPEN,0
669684.576,0,0,0,1.000,1.000,1.000,-90.00,180.00,4.50,OPEN,0
669684.580,0,0,0,1.000,1.000,1.000,-90.00,180.00,4.50,OPEN,0
669684.583,0,0,0,1.000,1.000,1.000,-90.00,180.00,4.50,OPEN,0
669684.587,0,0,0,1.000,1.000,1.000,-90.00,180.00,4.50,OPEN,0
669684.597,0,0,0,1.000,1.000,1.000,-90.00,180.00,4.50,OPEN,0
669684.601,0,0,0,1.000,1.000,1.000,-90.00,180.00,4.50,OPEN,0
669684.606,0,0,0,1.000,1.000,1.000,-90.00,180.00,4.50,OPEN,0
669684.610,0,0,0,1.000,1.000,1.000,-90.00,180.00,4.50,OPEN,0
669684.614,0,0,0,1.000,1.000,1.000,-90.00,180.00,4.50,OPEN,0
669684.618,0,0,0,1.000,1.000,1.000,-90.00,180.00,4.50,OPEN,0
669684.622,0,0,0,1.000,1.000,1.000,-90.00,180.00,4.50,OPEN,0
669684.628,0,0,0,1.000,1.000,1.000,-90.00,180.00,4.50,OPEN,0
669684.633,0,0,0,1.000,1.000,1.000,-90.00,180.00,4.50,OPEN,0
669684.639,0,0,0,1.000,1.000,1.000,-90.00,180.00,4.50,OPEN,0
669684.644,0,0,0,1.000,1.000,1.000,-90.00,180.00,4.50,OPEN,0
669684.648,0,0,0,1.000,1.000,1.000,-90.00,180.00,4.50,OPEN,0
669684.653,0,0,0,1.000,1.000,1.000,-90.00,180.00,4.50,OPEN,0
669684.657,0,0,0,1.000,1.000,1.000,-90.00,180.00,4.50,OPEN,0
669684.661,0,0,0,1.000,1.000,1.000,-90.00,180.00,4.50,OPEN,0
669684.665,0,0,0,1.000,1.000,1.000,-90.00,180.00,4.50,OPEN,0
669684.669,0,0,0,1.000,1.000,1.000,-90.00,180.00,4.50,OPEN,0
669684.673,0,0,0,1.000,1.000,1.000,-90.00,180.00,4.50,OPEN,0
669684.677,0,0,0,1.000,1.000,1.000,-90.00,180.00,4.50,OPEN,0
669684.682,0,0,0,1.000,1.000,1.000,-90.00,180.00,4.50,OPEN,0
669684.686,0,0,0,1.000,1.000,1.000,-90.00,180.00,4.50,OPEN,0
669684.689,0,0,0,1.000,1.000,1.000,-90.00,180.00,4.50,OPEN,0
669684.693,0,0,0,1.000,1.000,1.000,-90.00,180.00,4.50,OPEN,0
669684.697,0,0,0,1.000,1.000,1.000,-90.00,180.00,4.50,OPEN,0
669684.704,0,0,0,1.000,1.000,1.000,-90.00,180.00,4.50,OPEN,0
669684.708,0,0,0,1.000,1.000,1.000,-90.00,180.00,4.50,OPEN,0
669684.714,0,0,0,1.000,1.000,1.000,-90.00,180.00,4.50,OPEN,0
669684.719,0,0,0,1.000,1.000,1.000,-90.00,180.00,4.50,OPEN,0
669684.723,0,0,0,1.000,1.000,1.000,-90.00,180.00,4.50,OPEN,0
669684.727,0,0,0,1.000,1.000,1.000,-90.00,180.00,4.50,OPEN,0
669684.731,0,0,0,1.000,1.000,1.000,-90.00,180.00,4.50,OPEN,0
669684.734,0,0,0,1.000,1.000,1.000,-90.00,180.00,4.50,OPEN,0
669684.738,0,0,0,1.000,1.000,1.000,-90.00,180.00,4.50,OPEN,0
669684.742,0,0,0,1.000,1.000,1.000,-90.00,180.00,4.50,OPEN,0
669684.747,0,0,0,1.000,1.000,1.000,-90.00,180.00,4.50,OPEN,0
669684.751,0,0,0,1.000,1.000,1.000,-90.00,180.00,4.50,OPEN,0
669684.755,0,0,0,1.000,1.000,1.000,-90.00,180.00,4.50,OPEN,0
669684.759,0,0,0,1.000,1.000,1.000,-90.00,180.00,4.50,OPEN,0
669684.763,0,0,0,1.000,1.000,1.000,-90.00,180.00,4.50,OPEN,0
669684.767,0,0,0,1.000,1.000,1.000,-90.00,180.00,4.50,OPEN,0
669684.771,0,0,0,1.000,1.000,1.000,-90.00,180.00,4.50,OPEN,0
669684.774,0,0,0,1.000,1.000,1.000,-90.00,180.00,4.50,OPEN,0
669684.779,0,0,0,1.000,1.000,1.000,-90.00,180.00,4.50,OPEN,0
669684.783,0,0,0,1.000,1.000,1.000,-90.00,180.00,4.50,OPEN,0
669684.787,0,0,0,1.000,1.000,1.000,-90.00,180.00,4.50,OPEN,0
669684.790,0,0,0,1.000,1.000,1.000,-90.00,180.00,4.50,OPEN,0
669684.795,0,0,0,1.000,1.000,1.000,-90.00,180.00,4.50,OPEN,0
669684.799,0,0,0,1.000,1.000,1.000,-90.00,180.00,4.50,OPEN,0
669684.804,0,0,0,1.000,1.000,1.000,-90.00,180.00,4.50,OPEN,0
669684.810,0,0,0,1.000,1.000,1.000,-90.00,180.00,4.50,OPEN,0
669684.815,0,0,0,1.000,1.000,1.000,-90.00,180.00,4.50,OPEN,0
669684.820,0,0,0,1.000,1.000,1.000,-90.00,180.00,4.50,OPEN,0
669684.832,0,0,0,0.999,1.000,1.000,-90.00,180.00,4.50,OPEN,0
669684.838,0,0,0,1.000,1.000,1.000,-90.00,180.00,4.50,OPEN,0
669684.847,0,0,0,1.000,1.000,1.000,-90.00,180.00,4.50,OPEN,0
669684.851,0,0,0,1.000,1.000,1.000,-90.00,180.00,4.50,OPEN,0
669684.858,0,0,0,1.000,1.000,1.000,-90.00,180.00,4.50,OPEN,0
669684.862,0,0,0,1.000,1.000,1.000,-90.00,180.00,4.50,OPEN,0
669684.865,0,0,0,1.000,0.999,1.000,-90.00,180.00,4.50,OPEN,0
669684.870,0,0,0,1.000,0.993,1.000,-90.00,180.00,4.50,OPEN,0
669684.874,0,0,0,1.000,0.944,1.000,-90.00,180.00,4.50,OPEN,0
669684.878,0,0,0,1.000,0.554,1.000,-90.00,180.00,4.50,OPEN,0
669684.881,0,0,0,1.000,0.937,0.999,-90.00,180.00,4.50,OPEN,0
669684.885,0,0,0,1.000,0.995,0.999,-90.00,180.00,4.50,OPEN,0
669684.889,0,0,0,1.000,0.999,0.998,-90.00,180.00,4.50,OPEN,0
669684.893,0,0,0,1.000,1.000,0.998,-90.00,180.00,4.50,OPEN,0
669684.897,0,0,0,1.000,0.999,0.997,-90.00,180.00,4.50,OPEN,0
669684.901,0,0,0,1.000,0.999,0.995,-90.00,180.00,4.50,OPEN,0
669684.905,0,0,0,1.000,0.995,0.988,-90.00,180.00,4.50,OPEN,0
669684.909,0,0,0,1.000,0.895,0.916,-90.00,180.00,4.50,OPEN,0
669684.912,0,0,0,1.000,0.600,0.781,-90.00,180.00,4.50,OPEN,0
669684.916,0,0,0,1.000,0.842,0.606,-90.00,180.00,4.50,OPEN,0
669684.920,0,0,0,1.000,0.938,0.501,-90.00,180.00,4.50,OPEN,0
669684.924,0,0,0,1.000,0.966,0.530,-90.00,180.00,4.50,OPEN,0
669684.928,0,0,0,1.000,0.974,0.539,-90.00,180.00,4.50,OPEN,0
669684.931,0,0,0,1.000,0.978,0.571,-90.00,180.00,4.50,OPEN,0
669684.936,0,0,0,1.000,0.982,0.539,-90.00,180.00,4.50,OPEN,0
669684.940,0,0,0,1.000,0.983,0.510,-90.00,180.00,4.50,OPEN,0
669684.944,0,0,0,1.000,0.984,0.532,-90.00,180.00,4.50,OPEN,0
669684.951,0,0,0,1.000,0.984,0.579,-90.00,180.00,4.50,OPEN,0
669684.957,0,0,0,1.000,0.978,0.613,-90.00,180.00,4.50,OPEN,0
669684.962,0,0,0,1.000,0.947,0.627,-90.00,180.00,4.50,OPEN,0
669684.968,0,0,0,1.000,0.871,0.649,-90.00,180.00,4.50,OPEN,0
669684.973,0,0,0,1.000,0.685,0.651,-90.00,180.00,4.50,OPEN,0
669684.978,0,0,0,1.000,0.615,0.687,-90.00,180.00,4.50,OPEN,0
669684.982,0,0,0,1.000,0.866,0.726,-90.00,180.00,4.50,OPEN,0
669684.987,0,0,0,1.000,0.949,0.799,-90.00,180.00,4.50,OPEN,0
669684.991,0,0,0,1.000,0.977,0.857,-90.00,180.00,4.50,OPEN,0
669684.994,0,0,0,1.000,0.985,0.864,-90.00,180.00,4.50,OPEN,0
669684.998,0,0,0,1.000,0.984,0.907,-90.00,180.00,4.50,OPEN,0
669685.002,0,0,0,1.000,0.985,0.912,-90.00,180.00,4.50,OPEN,0
669685.010,0,0,0,1.000,0.976,0.936,-90.00,180.00,4.50,OPEN,0
669685.016,0,0,0,1.000,0.973,0.953,-90.00,180.00,4.50,OPEN,0
669685.020,0,0,0,1.000,0.966,0.964,-90.00,180.00,4.50,OPEN,0
669685.024,0,0,0,1.000,0.941,0.971,-90.00,180.00,4.50,OPEN,0
669685.028,0,0,0,1.000,0.900,0.974,-90.00,180.00,4.50,OPEN,0
669685.032,0,0,0,1.000,0.848,0.970,-90.00,180.00,4.50,OPEN,0
669685.038,0,0,0,1.000,0.823,0.964,-90.00,180.00,4.50,OPEN,0
669685.042,0,0,0,1.000,0.781,0.959,-90.00,180.00,4.50,OPEN,0
669685.046,0,0,0,1.000,0.816,0.939,-90.00,180.00,4.50,OPEN,0
669685.051,0,0,0,1.000,0.879,0.892,-90.00,180.00,4.50,OPEN,0
669685.060,0,0,0,1.000,0.916,0.787,-90.00,180.00,4.50,OPEN,0
669685.066,0,0,0,1.000,0.901,0.666,-90.00,180.00,4.50,OPEN,0
669685.071,0,0,0,1.000,0.895,0.519,-90.00,180.00,4.50,OPEN,0
669685.078,0,0,0,1.000,0.871,0.590,-90.00,180.00,4.50,OPEN,0
669685.083,0,0,0,1.000,0.827,0.660,-90.00,180.00,4.50,OPEN,0
669685.087,0,0,0,1.000,0.794,0.718,-90.00,180.00,4.50,OPEN,0
669685.092,0,0,0,1.000,0.791,0.702,-90.00,180.00,4.50,OPEN,0
669685.096,0,0,0,1.000,0.748,0.616,-90.00,180.00,4.50,OPEN,0
669685.101,0,0,0,1.000,0.760,0.533,-90.00,180.00,4.50,OPEN,0
669685.105,0,0,0,1.000,0.807,0.644,-90.00,180.00,4.50,OPEN,0
669685.109,0,0,0,1.000,0.840,0.762,-90.00,180.00,4.50,OPEN,0
669685.113,0,0,0,1.000,0.862,0.838,-90.00,180.00,4.50,OPEN,0
669685.118,0,0,0,1.000,0.853,0.881,-90.00,180.00,4.50,OPEN,0
669685.122,0,0,0,1.000,0.833,0.896,-90.00,180.00,4.50,OPEN,0
669685.126,0,0,0,1.000,0.759,0.903,-90.00,180.00,4.50,OPEN,0
669685.134,0,0,0,1.000,0.753,0.896,-90.00,180.00,4.50,OPEN,0
669685.138,0,0,0,1.000,0.724,0.883,-90.00,180.00,4.50,OPEN,0
669685.145,0,0,0,1.000,0.749,0.868,-90.00,180.00,4.50,OPEN,0
669685.150,0,0,0,1.000,0.769,0.873,-90.00,180.00,4.50,OPEN,0
669685.154,0,0,0,1.000,0.803,0.898,-90.00,180.00,4.50,OPEN,0
669685.157,0,0,0,1.000,0.819,0.913,-90.00,180.00,4.50,OPEN,0
669685.161,0,0,0,1.000,0.796,0.940,-90.00,180.00,4.50,OPEN,0
669685.168,0,0,0,1.000,0.765,0.953,-90.00,180.00,4.50,OPEN,0
669685.172,0,0,0,1.000,0.728,0.955,-90.00,180.00,4.50,OPEN,0
669685.180,0,0,0,1.000,0.636,0.953,-90.00,180.00,4.50,OPEN,0
669685.184,0,0,0,1.000,0.605,0.939,-90.00,180.00,4.50,OPEN,0
669685.189,0,0,0,1.000,0.609,0.898,-90.00,180.00,4.50,OPEN,0
669685.192,0,0,0,1.000,0.531,0.844,-90.00,180.00,4.50,OPEN,0
669685.196,0,0,0,1.000,0.643,0.760,-90.00,180.00,4.50,OPEN,0
669685.202,0,0,0,1.000,0.737,0.762,-90.00,180.00,4.50,OPEN,0
669685.206,0,0,0,1.000,0.824,0.809,-90.00,180.00,4.50,OPEN,0
669685.210,0,0,0,1.000,0.888,0.838,-90.00,180.00,4.50,OPEN,0
669685.214,0,0,0,1.000,0.940,0.877,-90.00,180.00,4.50,OPEN,0
669685.218,0,0,0,1.000,0.967,0.923,-90.00,180.00,4.50,OPEN,0
669685.221,0,0,0,1.000,0.986,0.926,-90.00,180.00,4.50,OPEN,0
669685.224,0,0,0,1.000,0.992,0.909,-90.00,180.00,4.50,OPEN,0
669685.228,0,0,0,1.000,0.992,0.887,-90.00,180.00,4.50,OPEN,0
669685.234,0,0,0,1.000,0.994,0.804,-90.00,180.00,4.50,OPEN,0
669685.238,0,0,0,1.000,0.992,0.700,-90.00,180.00,4.50,OPEN,0
669685.242,0,0,0,1.000,0.993,0.559,-90.00,180.00,4.50,OPEN,0
669685.247,0,0,0,1.000,0.990,0.648,-90.00,180.00,4.50,OPEN,0
669685.252,0,0,0,1.000,0.978,0.798,-90.00,180.00,4.50,OPEN,0
669685.257,0,0,0,1.000,0.946,0.861,-90.00,180.00,4.50,OPEN,0
669685.260,0,0,0,1.000,0.899,0.900,-90.00,180.00,4.50,OPEN,0
669685.268,0,0,0,1.000,0.851,0.880,-90.00,180.00,4.50,OPEN,0
669685.277,0,0,0,1.000,0.862,0.855,-90.00,180.00,4.50,OPEN,0
669685.281,0,0,0,1.000,0.868,0.804,-90.00,180.00,4.50,OPEN,0
669685.286,0,0,0,1.000,0.925,0.691,-90.00,180.00,4.50,OPEN,0
669685.289,0,0,0,1.000,0.939,0.588,-90.00,180.00,4.50,OPEN,0
669685.293,0,0,0,1.000,0.971,0.533,-90.00,180.00,4.50,OPEN,0
669685.298,0,0,0,1.000,0.982,0.669,-90.00,180.00,4.50,OPEN,0
669685.302,0,0,0,1.000,0.987,0.739,-90.00,180.00,4.50,OPEN,0
669685.310,0,0,0,1.000,0.990,0.792,-90.00,180.00,4.50,OPEN,0
669685.313,0,0,0,1.000,0.990,0.843,-90.00,180.00,4.50,OPEN,0
669685.317,0,0,0,1.000,0.991,0.833,-90.00,180.00,4.50,OPEN,0
669685.321,0,0,0,1.000,0.989,0.873,-90.00,180.00,4.50,OPEN,0
669685.324,0,0,0,1.000,0.992,0.870,-90.00,180.00,4.50,OPEN,0
669685.328,0,0,0,1.000,0.991,0.862,-90.00,180.00,4.50,OPEN,0
669685.332,0,0,0,1.000,0.989,0.870,-90.00,180.00,4.50,OPEN,0
669685.337,0,0,0,1.000,0.983,0.882,-90.00,180.00,4.50,OPEN,0
669685.340,0,0,0,1.000,0.974,0.888,-90.00,180.00,4.50,OPEN,0
669685.345,0,0,0,1.000,0.940,0.924,-90.00,180.00,4.50,OPEN,0
669685.348,0,0,0,1.000,0.867,0.944,-90.00,180.00,4.50,OPEN,0
669685.352,0,0,0,1.000,0.750,0.968,-90.00,180.00,4.50,OPEN,0
669685.357,0,0,0,1.000,0.622,0.987,-90.00,180.00,4.50,OPEN,0
669685.363,0,0,0,1.000,0.822,0.996,-90.00,180.00,4.50,OPEN,0
669685.368,0,0,0,1.000,0.906,0.998,-90.00,180.00,4.50,OPEN,0
669685.374,0,0,0,1.000,0.970,0.999,-90.00,180.00,4.50,OPEN,0
669685.383,0,0,0,1.000,0.987,1.000,-90.00,180.00,4.50,OPEN,0
669685.390,0,0,0,1.000,0.995,1.000,-90.00,180.00,4.50,OPEN,0
669685.394,0,0,0,1.000,0.997,1.000,-90.00,180.00,4.50,OPEN,0
669685.397,0,0,0,1.000,0.999,1.000,-90.00,180.00,4.50,OPEN,0
669685.401,0,0,0,1.000,1.000,1.000,-90.00,180.00,4.50,OPEN,0
669685.406,0,0,0,0.998,1.000,1.000,-90.00,180.00,4.50,OPEN,0
669685.414,0,0,0,0.998,1.000,1.000,-90.00,180.00,4.50,OPEN,0
669685.418,0,0,0,0.995,1.000,1.000,-90.00,180.00,4.50,OPEN,0
669685.424,0,0,0,0.991,1.000,1.000,-90.00,180.00,4.50,OPEN,0
669685.428,0,0,0,0.990,1.000,1.000,-90.00,180.00,4.50,OPEN,0
669685.432,0,0,0,0.986,1.000,1.000,-90.00,180.00,4.50,OPEN,0
669685.435,0,0,0,0.939,1.000,1.000,-90.00,180.00,4.50,OPEN,0
669685.439,0,0,0,0.927,1.000,1.000,-90.00,180.00,4.50,OPEN,0
669685.443,0,0,0,0.946,1.000,1.000,-90.00,180.00,4.50,OPEN,0
669685.447,0,0,0,0.933,1.000,1.000,-90.00,180.00,4.50,OPEN,0
669685.451,0,0,0,0.966,1.000,1.000,-90.00,180.00,4.50,OPEN,0
669685.454,0,0,0,0.971,1.000,1.000,-90.00,180.00,4.50,OPEN,0
669685.458,0,0,0,0.955,1.000,1.000,-90.00,180.00,4.50,OPEN,0
669685.462,0,0,0,0.969,1.000,1.000,-90.00,180.00,4.50,OPEN,0
669685.466,0,0,0,0.976,1.000,1.000,-90.00,180.00,4.50,OPEN,0
669685.470,0,0,0,0.976,1.000,1.000,-90.00,180.00,4.50,OPEN,0
669685.473,0,0,0,0.977,1.000,1.000,-90.00,180.00,4.50,OPEN,0
669685.478,0,0,0,0.970,1.000,1.000,-90.00,180.00,4.50,OPEN,0
669685.481,0,0,0,0.961,1.000,1.000,-90.00,180.00,4.50,OPEN,0
669685.485,0,0,0,0.980,1.000,1.000,-90.00,180.00,4.50,OPEN,0
669685.489,0,0,0,0.996,1.000,1.000,-90.00,180.00,4.50,OPEN,0
669685.493,0,0,0,0.992,1.000,1.000,-90.00,180.00,4.50,OPEN,0
669685.497,0,0,0,0.993,1.000,1.000,-90.00,180.00,4.50,OPEN,0
669685.500,0,0,0,0.994,1.000,1.000,-90.00,180.00,4.50,OPEN,0
669685.504,0,0,0,0.992,1.000,1.000,-90.00,180.00,4.50,OPEN,0
669685.508,0,0,0,0.991,1.000,1.000,-90.00,180.00,4.50,OPEN,0
669685.511,0,0,0,0.993,1.000,1.000,-90.00,180.00,4.50,OPEN,0
669685.515,0,0,0,0.990,1.000,1.000,-90.00,180.00,4.50,OPEN,0
669685.521,0,0,0,0.990,1.000,1.000,-90.00,180.00,4.50,OPEN,0
669685.525,0,0,0,0.993,1.000,1.000,-90.00,180.00,4.50,OPEN,0
669685.529,0,0,0,0.992,1.000,1.000,-90.00,180.00,4.50,OPEN,0
669685.533,0,0,0,0.988,1.000,1.000,-90.00,180.00,4.50,OPEN,0
669685.536,0,0,0,0.992,1.000,1.000,-90.00,180.00,4.50,OPEN,0
669685.544,0,0,0,0.999,1.000,1.000,-90.00,180.00,4.50,OPEN,0
669685.549,0,0,0,1.000,1.000,1.000,-90.00,180.00,4.50,OPEN,0
669685.552,0,0,0,1.000,1.000,1.000,-90.00,180.00,4.50,OPEN,0
669685.557,0,0,0,1.000,1.000,1.000,-90.00,180.00,4.50,OPEN,0
669685.565,0,0,0,1.000,1.000,1.000,-90.00,180.00,4.50,OPEN,0
669685.569,0,0,0,1.000,1.000,1.000,-90.00,180.00,4.50,OPEN,0
669685.577,0,0,0,1.000,1.000,1.000,-90.00,180.00,4.50,OPEN,0
669685.583,0,0,0,1.000,1.000,1.000,-90.00,180.00,4.50,OPEN,0
669685.587,0,0,0,1.000,1.000,1.000,-90.00,180.00,4.50,OPEN,0
669685.591,0,0,0,1.000,1.000,1.000,-90.00,180.00,4.50,OPEN,0
669685.600,0,0,0,1.000,1.000,1.000,-90.00,180.00,4.50,OPEN,0
669685.609,0,0,0,1.000,1.000,1.000,-90.00,180.00,4.50,OPEN,0
669685.616,0,0,0,1.000,1.000,1.000,-90.00,180.00,4.50,OPEN,0
669685.625,0,0,0,1.000,1.000,1.000,-90.00,180.00,4.50,OPEN,0
669685.633,0,0,0,0.960,1.000,1.000,-90.00,180.00,4.50,OPEN,0
669685.640,0,0,0,0.952,1.000,1.000,-90.00,180.00,4.50,OPEN,0
669685.649,0,0,0,0.970,1.000,1.000,-90.00,180.00,4.50,OPEN,0
669685.657,0,0,0,0.986,1.000,1.000,-90.00,180.00,4.50,OPEN,0
669685.666,0,0,0,0.994,1.000,1.000,-90.00,180.00,4.50,OPEN,0
669685.674,0,0,0,0.999,1.000,1.000,-90.00,180.00,4.50,OPEN,0
669685.682,0,0,0,1.000,1.000,1.000,-90.00,180.00,4.50,OPEN,0
669685.690,0,0,0,1.000,1.000,1.000,-90.00,180.00,4.50,OPEN,0
669685.699,0,0,0,1.000,1.000,1.000,-90.00,180.00,4.50,OPEN,0
669685.704,0,0,0,1.000,1.000,1.000,-90.00,180.00,4.50,OPEN,0
669685.712,0,0,0,1.000,1.000,1.000,-90.00,180.00,4.50,OPEN,0
669685.716,0,0,0,1.000,1.000,1.000,-90.00,180.00,4.50,OPEN,0
669685.720,0,0,0,1.000,1.000,1.000,-90.00,180.00,4.50,OPEN,0
669685.724,0,0,0,1.000,1.000,1.000,-90.00,180.00,4.50,OPEN,0
669685.728,0,0,0,1.000,1.000,1.000,-90.00,180.00,4.50,OPEN,0
669685.732,0,0,0,1.000,1.000,1.000,-90.00,180.00,4.50,OPEN,0
669685.736,0,0,0,1.000,1.000,1.000,-90.00,180.00,4.50,OPEN,0
669685.739,0,0,0,1.000,1.000,1.000,-90.00,180.00,4.50,OPEN,0
669685.744,0,0,0,1.000,1.000,1.000,-90.00,180.00,4.50,OPEN,0
669685.748,0,0,0,1.000,1.000,1.000,-90.00,180.00,4.50,OPEN,0
669685.752,0,0,0,1.000,1.000,1.000,-90.00,180.00,4.50,OPEN,0
669685.761,0,0,0,1.000,1.000,1.000,-90.00,180.00,4.50,OPEN,0
669685.764,0,0,0,1.000,1.000,1.000,-90.00,180.00,4.50,OPEN,0
669685.769,0,0,0,1.000,1.000,1.000,-90.00,180.00,4.50,OPEN,0
669685.773,0,0,0,1.000,1.000,1.000,-90.00,180.00,4.50,OPEN,0
669685.777,0,0,0,1.000,1.000,1.000,-90.00,180.00,4.50,OPEN,0
669685.782,0,0,0,1.000,1.000,1.000,-90.00,180.00,4.50,OPEN,0
669685.788,0,0,0,1.000,1.000,1.000,-90.00,180.00,4.50,OPEN,0
669685.791,0,0,0,1.000,1.000,1.000,-90.00,180.00,4.50,OPEN,0
669685.795,0,0,0,1.000,1.000,1.000,-90.00,180.00,4.50,OPEN,0
669685.799,0,0,0,1.000,1.000,1.000,-90.00,180.00,4.50,OPEN,0
669685.804,0,0,0,1.000,1.000,1.000,-90.00,180.00,4.50,OPEN,0
669685.812,0,0,0,1.000,1.000,1.000,-90.00,180.00,4.50,OPEN,0
669685.820,0,0,0,1.000,1.000,1.000,-90.00,180.00,4.50,OPEN,0
669685.827,0,0,0,1.000,1.000,1.000,-90.00,180.00,4.50,OPEN,0
669685.832,0,0,0,1.000,1.000,1.000,-90.00,180.00,4.50,OPEN,0
669685.838,0,0,0,1.000,1.000,1.000,-90.00,180.00,4.50,OPEN,0
669685.845,0,0,0,1.000,1.000,1.000,-90.00,180.00,4.50,OPEN,0
669685.853,0,0,0,1.000,1.000,1.000,-90.00,180.00,4.50,OPEN,0
669685.857,0,0,0,1.000,1.000,1.000,-90.00,180.00,4.50,OPEN,0
669685.865,0,0,0,1.000,1.000,1.000,-90.00,180.00,4.50,OPEN,0
669685.869,0,0,0,1.000,1.000,1.000,-90.00,180.00,4.50,OPEN,0
669685.873,0,0,0,1.000,1.000,1.000,-90.00,180.00,4.50,OPEN,0
669685.876,0,0,0,1.000,1.000,1.000,-90.00,180.00,4.50,OPEN,0
669685.882,0,0,0,1.000,1.000,1.000,-90.00,180.00,4.50,OPEN,0
669685.886,0,0,0,1.000,1.000,1.000,-90.00,180.00,4.50,OPEN,0
669685.890,0,0,0,1.000,1.000,1.000,-90.00,180.00,4.50,OPEN,0
669685.893,0,0,0,1.000,1.000,1.000,-90.00,180.00,4.50,OPEN,0
669685.897,0,0,0,1.000,1.000,1.000,-90.00,180.00,4.50,OPEN,0
669685.901,0,0,0,1.000,1.000,1.000,-90.00,180.00,4.50,OPEN,0
669685.905,0,0,0,1.000,1.000,1.000,-90.00,180.00,4.50,OPEN,0
669685.908,0,0,0,1.000,1.000,1.000,-90.00,180.00,4.50,OPEN,0
669685.915,0,0,0,1.000,1.000,1.000,-90.00,180.00,4.50,OPEN,0
669685.924,0,0,0,1.000,1.000,1.000,-90.00,180.00,4.50,OPEN,0
669685.932,0,0,0,1.000,1.000,1.000,-90.00,180.00,4.50,OPEN,0
669685.940,0,0,0,1.000,1.000,1.000,-90.00,180.00,4.50,OPEN,0
669685.948,0,0,0,1.000,1.000,1.000,-90.00,180.00,4.50,OPEN,0
669685.956,0,0,0,1.000,1.000,1.000,-90.00,180.00,4.50,OPEN,0
669685.964,0,0,0,1.000,1.000,1.000,-90.00,180.00,4.50,OPEN,0
669685.973,0,0,0,1.000,1.000,1.000,-90.00,180.00,4.50,OPEN,0
669685.981,0,0,0,1.000,1.000,1.000,-90.00,180.00,4.50,OPEN,0
669685.989,0,0,0,1.000,1.000,1.000,-90.00,180.00,4.50,OPEN,0
669685.997,0,0,0,1.000,1.000,1.000,-90.00,180.00,4.50,OPEN,0
669686.006,0,0,0,1.000,1.000,1.000,-90.00,180.00,4.50,OPEN,0
669686.014,0,0,0,1.000,1.000,1.000,-90.00,180.00,4.50,OPEN,0
669686.022,0,0,0,1.000,1.000,1.000,-90.00,180.00,4.50,OPEN,0
669686.031,0,0,0,1.000,1.000,1.000,-90.00,180.00,4.50,OPEN,0
669686.035,0,0,0,1.000,1.000,1.000,-90.00,180.00,4.50,OPEN,0
669686.039,0,0,0,1.000,1.000,1.000,-90.00,180.00,4.50,OPEN,0
669686.043,0,0,0,1.000,1.000,1.000,-90.00,180.00,4.50,OPEN,0
669686.047,0,0,0,1.000,1.000,1.000,-90.00,180.00,4.50,OPEN,0
669686.051,0,0,0,1.000,1.000,1.000,-90.00,180.00,4.50,OPEN,0
669686.055,0,0,0,1.000,1.000,1.000,-90.00,180.00,4.50,OPEN,0
669686.061,0,0,0,1.000,1.000,1.000,-90.00,180.00,4.50,OPEN,0
669686.065,0,0,0,1.000,1.000,1.000,-90.00,180.00,4.50,OPEN,0
669686.074,0,0,0,1.000,1.000,1.000,-90.00,180.00,4.50,OPEN,0
669686.078,0,0,0,1.000,1.000,1.000,-90.00,180.00,4.50,OPEN,0
669686.082,0,0,0,1.000,1.000,1.000,-90.00,180.00,4.50,OPEN,0
669686.086,0,0,0,1.000,1.000,1.000,-90.00,180.00,4.50,OPEN,0
669686.090,0,0,0,1.000,1.000,1.000,-90.00,180.00,4.50,OPEN,0
669686.094,0,0,0,1.000,1.000,1.000,-90.00,180.00,4.50,OPEN,0
669686.098,0,0,0,1.000,1.000,1.000,-90.00,180.00,4.50,OPEN,0
669686.102,0,0,0,1.000,1.000,1.000,-90.00,180.00,4.50,OPEN,0
669686.106,0,0,0,1.000,1.000,1.000,-90.00,180.00,4.50,OPEN,0
669686.109,0,0,0,1.000,1.000,1.000,-90.00,180.00,4.50,OPEN,0
669686.113,0,0,0,1.000,1.000,1.000,-90.00,180.00,4.50,OPEN,0
669686.118,0,0,0,1.000,1.000,1.000,-90.00,180.00,4.50,OPEN,0
669686.121,0,0,0,1.000,1.000,1.000,-90.00,180.00,4.50,OPEN,0
669686.129,0,0,0,1.000,1.000,1.000,-90.00,180.00,4.50,OPEN,0
669686.137,0,0,0,1.000,1.000,1.000,-90.00,180.00,4.50,OPEN,0
669686.140,0,0,0,1.000,1.000,1.000,-90.00,180.00,4.50,OPEN,0
669686.144,0,0,0,0.876,1.000,1.000,-90.00,180.00,4.50,OPEN,0
669686.152,0,0,0,0.474,1.000,1.000,-90.00,180.00,4.50,OPEN,0
669686.156,0,0,0,0.707,1.000,1.000,-90.00,180.00,4.50,OPEN,0
669686.161,0,0,0,0.774,1.000,1.000,-90.00,180.00,4.50,OPEN,0
669686.164,0,0,0,0.533,1.000,1.000,-90.00,180.00,4.50,OPEN,0
669686.173,0,0,0,0.813,1.000,1.000,-90.00,180.00,4.50,OPEN,0
669686.177,0,0,0,0.967,1.000,1.000,-90.00,180.00,4.50,OPEN,0
669686.181,0,0,0,0.992,1.000,1.000,-90.00,180.00,4.50,OPEN,0
669686.185,0,0,0,0.998,1.000,1.000,-90.00,180.00,4.50,OPEN,0
669686.189,0,0,0,0.999,1.000,1.000,-90.00,180.00,4.50,OPEN,0
669686.193,0,0,0,1.000,1.000,1.000,-90.00,180.00,4.50,OPEN,0
669686.197,0,0,0,1.000,1.000,1.000,-90.00,180.00,4.50,OPEN,0
669686.201,3,0,0,1.000,1.000,1.000,-90.00,180.00,4.50,CLOSED,0
669686.205,3,0,0,0.999,1.000,1.000,-90.00,180.00,4.50,CLOSED,0
669686.210,3,0,0,0.999,1.000,1.000,-90.00,180.00,4.50,CLOSED,0
669686.213,3,0,0,0.997,1.000,1.000,-90.00,180.00,4.50,CLOSED,0
669686.217,3,0,0,0.995,1.000,1.000,-90.00,180.00,4.50,CLOSED,0
669686.224,3,0,0,0.993,1.000,1.000,-90.00,180.00,4.50,CLOSED,0
669686.228,3,0,0,0.991,1.000,1.000,-90.00,180.00,4.50,CLOSED,0
669686.232,3,0,0,0.995,1.000,1.000,-90.00,180.00,4.50,CLOSED,0
669686.235,3,0,0,0.998,1.000,1.000,-90.00,180.00,4.50,CLOSED,0
669686.239,3,0,0,1.000,1.000,1.000,-90.00,180.00,4.50,CLOSED,0
669686.243,3,0,0,1.000,1.000,1.000,-90.00,180.00,4.50,CLOSED,0
669686.247,3,0,0,1.000,1.000,1.000,-90.00,180.00,4.50,CLOSED,0
669686.251,3,0,0,1.000,1.000,1.000,-90.00,180.00,4.50,CLOSED,0
669686.255,3,0,0,1.000,1.000,1.000,-90.00,180.00,4.50,CLOSED,0
669686.259,3,0,0,1.000,1.000,1.000,-90.00,180.00,4.50,CLOSED,0
669686.262,3,0,0,1.000,1.000,1.000,-90.00,180.00,4.50,CLOSED,0
669686.266,3,0,0,1.000,1.000,1.000,-90.00,180.00,4.50,CLOSED,0
669686.271,3,0,0,1.000,1.000,1.000,-90.00,180.00,4.50,CLOSED,0
669686.274,3,0,0,1.000,1.000,1.000,-90.00,180.00,4.50,CLOSED,0
669686.278,3,0,0,1.000,1.000,1.000,-90.00,180.00,4.50,CLOSED,0
669686.282,3,0,0,1.000,1.000,1.000,-90.00,180.00,4.50,CLOSED,0
669686.287,3,0,0,1.000,1.000,1.000,-90.00,180.00,4.50,CLOSED,0
669686.295,3,0,0,1.000,1.000,1.000,-90.00,180.00,4.50,CLOSED,0
669686.300,3,0,0,1.000,1.000,1.000,-90.00,180.00,4.50,CLOSED,0
669686.305,3,0,0,1.000,1.000,1.000,-90.00,180.00,4.50,CLOSED,0
669686.314,3,0,0,1.000,1.000,1.000,-90.00,180.00,4.50,CLOSED,0
669686.321,3,0,0,1.000,1.000,1.000,-90.00,180.00,4.50,CLOSED,0
669686.325,3,0,0,1.000,1.000,1.000,-90.00,180.00,4.50,CLOSED,0
669686.329,3,0,0,1.000,1.000,1.000,-90.00,180.00,4.50,CLOSED,0
669686.339,3,0,0,1.000,1.000,1.000,-90.00,180.00,4.50,CLOSED,0
669686.345,3,0,0,1.000,1.000,1.000,-90.00,180.00,4.50,CLOSED,0
669686.350,3,0,0,1.000,1.000,1.000,-90.00,180.00,4.50,CLOSED,0
669686.355,3,0,0,1.000,1.000,1.000,-90.00,180.00,4.50,CLOSED,0
669686.360,3,0,0,1.000,1.000,1.000,-90.00,180.00,4.50,CLOSED,0
669686.369,3,0,0,1.000,1.000,1.000,-90.00,180.00,4.50,CLOSED,0
669686.377,3,0,0,1.000,1.000,1.000,-90.00,180.00,4.50,CLOSED,0
669686.383,3,0,0,1.000,1.000,1.000,-90.00,180.00,4.50,CLOSED,0
669686.387,3,0,0,1.000,1.000,1.000,-90.00,180.00,4.50,CLOSED,0
669686.391,3,0,0,1.000,1.000,1.000,-90.00,180.00,4.50,CLOSED,0
669686.395,3,0,0,1.000,1.000,1.000,-90.00,180.00,4.50,CLOSED,0
669686.400,3,0,0,1.000,1.000,1.000,-90.00,180.00,4.50,CLOSED,0
669686.403,3,0,0,1.000,1.000,1.000,-90.00,180.00,4.50,CLOSED,0
669686.407,3,0,0,1.000,1.000,1.000,-90.00,180.00,4.50,CLOSED,0
669686.411,3,0,0,1.000,1.000,1.000,-90.00,180.00,4.50,CLOSED,0
669686.415,3,0,0,1.000,1.000,1.000,-90.00,180.00,4.50,CLOSED,0
669686.423,3,0,0,1.000,1.000,1.000,-90.00,180.00,4.50,CLOSED,0
669686.430,3,0,0,1.000,1.000,1.000,-90.00,180.00,4.50,CLOSED,0
669686.434,3,0,0,1.000,1.000,1.000,-90.00,180.00,4.50,CLOSED,0
669686.438,3,0,0,1.000,1.000,1.000,-90.00,180.00,4.50,CLOSED,0
669686.441,3,0,0,1.000,1.000,1.000,-90.00,180.00,4.50,CLOSED,0
669686.445,3,0,0,1.000,1.000,1.000,-90.00,180.00,4.50,CLOSED,0
669686.449,3,0,0,1.000,1.000,1.000,-90.00,180.00,4.50,CLOSED,0
669686.453,3,0,0,1.000,1.000,1.000,-90.00,180.00,4.50,CLOSED,0
669686.457,3,0,0,1.000,1.000,1.000,-90.00,180.00,4.50,CLOSED,0
669686.462,3,0,0,1.000,1.000,1.000,-90.00,180.00,4.50,CLOSED,0
669686.470,3,0,0,1.000,1.000,1.000,-90.00,180.00,4.50,CLOSED,0
669686.474,3,0,0,1.000,1.000,1.000,-90.00,180.00,4.50,CLOSED,0
669686.479,3,0,0,1.000,1.000,1.000,-90.00,180.00,4.50,CLOSED,0
669686.487,3,0,0,1.000,1.000,1.000,-90.00,180.00,4.50,CLOSED,0
669686.495,3,0,0,1.000,1.000,1.000,-90.00,180.00,4.50,CLOSED,0
669686.499,3,0,0,1.000,1.000,1.000,-90.00,180.00,4.50,CLOSED,0
669686.503,3,0,0,1.000,1.000,1.000,-90.00,180.00,4.50,CLOSED,0
669686.509,3,0,0,1.000,1.000,1.000,-90.00,180.00,4.50,CLOSED,0
669686.512,3,0,0,1.000,1.000,1.000,-90.00,180.00,4.50,CLOSED,0
669686.516,3,0,0,1.000,1.000,1.000,-90.00,180.00,4.50,CLOSED,0
669686.520,3,0,0,1.000,1.000,1.000,-90.00,180.00,4.50,CLOSED,0
669686.525,3,0,0,1.000,1.000,1.000,-90.00,180.00,4.50,CLOSED,0
669686.530,3,0,0,1.000,1.000,1.000,-90.00,180.00,4.50,CLOSED,0
669686.541,3,0,0,1.000,1.000,1.000,-90.00,180.00,4.50,CLOSED,0
669686.551,3,0,0,1.000,1.000,1.000,-90.00,180.00,4.50,CLOSED,0
669686.558,3,0,0,1.000,1.000,1.000,-90.00,180.00,4.50,CLOSED,0
669686.566,3,0,0,1.000,1.000,1.000,-90.00,180.00,4.50,CLOSED,0
669686.574,3,0,0,1.000,1.000,1.000,-90.00,180.00,4.50,CLOSED,0
669686.579,3,0,0,1.000,1.000,1.000,-90.00,180.00,4.50,CLOSED,0
669686.585,3,0,0,1.000,1.000,1.000,-90.00,180.00,4.50,CLOSED,0
669686.590,3,0,0,1.000,1.000,1.000,-90.00,180.00,4.50,CLOSED,0
669686.594,3,0,0,1.000,1.000,1.000,-90.00,180.00,4.50,CLOSED,0
669686.598,3,0,0,1.000,1.000,1.000,-90.00,180.00,4.50,CLOSED,0
669686.602,3,0,0,1.000,1.000,1.000,-90.00,180.00,4.50,CLOSED,0
669686.607,3,0,0,1.000,1.000,1.000,-90.00,180.00,4.50,CLOSED,0
669686.611,3,0,0,1.000,1.000,1.000,-90.00,180.00,4.50,CLOSED,0
669686.615,3,0,0,1.000,1.000,1.000,-90.00,180.00,4.50,CLOSED,0
669686.619,3,0,0,1.000,1.000,1.000,-90.00,180.00,4.50,CLOSED,0
669686.626,3,0,0,1.000,1.000,1.000,-90.00,180.00,4.50,CLOSED,0
669686.631,3,0,0,1.000,1.000,1.000,-90.00,180.00,4.50,CLOSED,0
669686.635,3,0,0,1.000,1.000,1.000,-90.00,180.00,4.50,CLOSED,0
669686.644,3,0,0,1.000,1.000,1.000,-90.00,180.00,4.50,CLOSED,0
669686.649,3,0,0,1.000,1.000,1.000,-90.00,180.00,4.50,CLOSED,0
669686.652,3,0,0,1.000,1.000,1.000,-90.00,180.00,4.50,CLOSED,0
669686.656,3,0,0,1.000,1.000,1.000,-90.00,180.00,4.50,CLOSED,0
669686.661,3,0,0,1.000,1.000,1.000,-90.00,180.00,4.50,CLOSED,0
669686.666,3,0,0,1.000,1.000,1.000,-90.00,180.00,4.50,CLOSED,0
669686.671,3,0,0,1.000,1.000,1.000,-90.00,180.00,4.50,CLOSED,0
669686.677,3,0,0,1.000,1.000,1.000,-90.00,180.00,4.50,CLOSED,0
669686.682,3,0,0,1.000,1.000,1.000,-90.00,180.00,4.50,CLOSED,0
669686.686,3,0,0,1.000,1.000,1.000,-90.00,180.00,4.50,CLOSED,0
669686.691,3,0,0,1.000,1.000,1.000,-90.00,180.00,4.50,CLOSED,0
669686.696,3,0,0,1.000,1.000,1.000,-90.00,180.00,4.50,CLOSED,0
669686.701,3,0,0,1.000,1.000,1.000,-90.00,180.00,4.50,CLOSED,0
669686.705,3,0,0,1.000,1.000,1.000,-90.00,180.00,4.50,CLOSED,0
669686.709,3,0,0,1.000,1.000,1.000,-90.00,180.00,4.50,CLOSED,0
669686.713,3,0,0,1.000,1.000,1.000,-90.00,180.00,4.50,CLOSED,0
669686.717,3,0,0,1.000,1.000,1.000,-90.00,180.00,4.50,CLOSED,0
669686.721,3,0,0,1.000,1.000,1.000,-90.00,180.00,4.50,CLOSED,0
669686.727,3,0,0,1.000,1.000,1.000,-90.00,180.00,4.50,CLOSED,0
669686.730,3,0,0,1.000,1.000,1.000,-90.00,180.00,4.50,CLOSED,0
669686.734,3,0,0,1.000,1.000,1.000,-90.00,180.00,4.50,CLOSED,0
669686.738,3,0,0,1.000,1.000,1.000,-90.00,180.00,4.50,CLOSED,0
669686.742,3,0,0,1.000,1.000,1.000,-90.00,180.00,4.50,CLOSED,0
669686.746,3,0,0,0.995,1.000,1.000,-90.00,180.00,4.50,CLOSED,0
669686.750,3,0,0,0.935,1.000,1.000,-90.00,180.00,4.50,CLOSED,0
669686.753,3,0,0,0.551,1.000,1.000,-90.00,180.00,4.50,CLOSED,0
669686.757,3,0,0,0.605,1.000,1.000,-90.00,180.00,4.50,CLOSED,0
669686.760,3,0,0,0.907,1.000,1.000,-90.00,180.00,4.50,CLOSED,0
669686.765,3,0,0,0.998,1.000,1.000,-90.00,180.00,4.50,CLOSED,0
669686.769,3,0,0,1.000,1.000,1.000,-90.00,180.00,4.50,CLOSED,0
669686.775,3,0,0,1.000,1.000,1.000,-90.00,180.00,4.50,CLOSED,0
669686.779,3,0,0,1.000,1.000,1.000,-90.00,180.00,4.50,CLOSED,0
669686.783,3,0,0,1.000,1.000,1.000,-90.00,180.00,4.50,CLOSED,0
669686.788,3,0,0,1.000,1.000,1.000,-90.00,180.00,4.50,CLOSED,0
669686.797,0,0,0,1.000,1.000,1.000,-90.00,180.00,4.50,CLOSED,0
669686.800,0,0,0,1.000,1.000,1.000,-90.00,180.00,4.50,CLOSED,0
669686.804,0,0,0,1.000,1.000,1.000,-90.00,180.00,4.50,CLOSED,0
669686.812,0,0,0,1.000,1.000,1.000,-90.00,180.00,4.50,CLOSED,0
669686.819,0,0,0,1.000,1.000,1.000,-90.00,180.00,4.50,CLOSED,0
669686.826,0,0,0,1.000,1.000,1.000,-90.00,180.00,4.50,CLOSED,0
669686.830,0,0,0,1.000,1.000,1.000,-90.00,180.00,4.50,CLOSED,0
669686.834,0,0,0,1.000,1.000,1.000,-90.00,180.00,4.50,CLOSED,0
669686.838,0,0,0,1.000,1.000,1.000,-90.00,180.00,4.50,CLOSED,0
669686.843,0,0,0,1.000,1.000,1.000,-90.00,180.00,4.50,CLOSED,0
669686.849,0,0,0,1.000,1.000,1.000,-90.00,180.00,4.50,CLOSED,0
669686.855,0,0,0,1.000,1.000,1.000,-90.00,180.00,4.50,CLOSED,0
669686.861,0,0,0,1.000,1.000,1.000,-90.00,180.00,4.50,CLOSED,0
669686.867,0,0,0,1.000,1.000,1.000,-90.00,180.00,4.50,CLOSED,0
669686.873,0,0,0,1.000,1.000,1.000,-90.00,180.00,4.50,CLOSED,0
669686.878,0,0,0,1.000,1.000,1.000,-90.00,180.00,4.50,CLOSED,0
669686.883,0,0,0,1.000,1.000,1.000,-90.00,180.00,4.50,CLOSED,0
669686.887,0,0,0,1.000,1.000,1.000,-90.00,180.00,4.50,CLOSED,0
669686.891,0,0,0,1.000,1.000,1.000,-90.00,180.00,4.50,CLOSED,0
669686.895,0,0,0,1.000,1.000,1.000,-90.00,180.00,4.50,CLOSED,0
669686.899,0,0,0,1.000,1.000,1.000,-90.00,180.00,4.50,CLOSED,0
669686.903,0,0,0,1.000,1.000,1.000,-90.00,180.00,4.50,CLOSED,0
669686.907,0,0,0,1.000,1.000,1.000,-90.00,180.00,4.50,CLOSED,0
669686.910,0,0,0,1.000,1.000,1.000,-90.00,180.00,4.50,CLOSED,0
669686.914,0,0,0,1.000,1.000,1.000,-90.00,180.00,4.50,CLOSED,0
669686.918,0,0,0,1.000,1.000,1.000,-90.00,180.00,4.50,CLOSED,0
669686.921,0,0,0,1.000,1.000,1.000,-90.00,180.00,4.50,CLOSED,0
669686.925,0,0,0,1.000,1.000,1.000,-90.00,180.00,4.50,CLOSED,0
669686.930,0,0,0,1.000,1.000,1.000,-90.00,180.00,4.50,CLOSED,0
669686.935,0,0,0,1.000,1.000,1.000,-90.00,180.00,4.50,CLOSED,0
669686.939,0,0,0,1.000,1.000,1.000,-90.00,180.00,4.50,CLOSED,0
669686.942,0,0,0,1.000,1.000,1.000,-90.00,180.00,4.50,CLOSED,0
669686.951,0,0,0,1.000,1.000,1.000,-90.00,180.00,4.50,CLOSED,0
669686.955,0,0,0,1.000,1.000,1.000,-90.00,180.00,4.50,CLOSED,0
669686.963,0,0,0,1.000,1.000,1.000,-90.00,180.00,4.50,CLOSED,0
669686.967,0,0,0,1.000,1.000,1.000,-90.00,180.00,4.50,CLOSED,0
669686.971,0,0,0,1.000,1.000,1.000,-90.00,180.00,4.50,CLOSED,0
669686.975,0,0,0,1.000,1.000,1.000,-90.00,180.00,4.50,CLOSED,0
669686.984,0,0,0,1.000,1.000,1.000,-90.00,180.00,4.50,CLOSED,0
669686.988,0,0,0,1.000,1.000,1.000,-90.00,180.00,4.50,CLOSED,0
669686.991,0,0,0,1.000,1.000,1.000,-90.00,180.00,4.50,CLOSED,0
669686.995,0,0,0,1.000,1.000,1.000,-90.00,180.00,4.50,CLOSED,0
669686.999,0,0,0,1.000,1.000,1.000,-90.00,180.00,4.50,CLOSED,0
669687.003,0,0,0,1.000,1.000,1.000,-90.00,180.00,4.50,CLOSED,0
669687.011,0,0,0,1.000,1.000,1.000,-90.00,180.00,4.50,CLOSED,0
669687.025,0,0,0,1.000,1.000,1.000,-90.00,180.00,4.50,CLOSED,0
669687.035,0,0,0,1.000,1.000,1.000,-90.00,180.00,4.50,CLOSED,0
669687.039,0,0,0,1.000,1.000,1.000,-90.00,180.00,4.50,CLOSED,0
669687.044,0,0,0,1.000,1.000,1.000,-90.00,180.00,4.50,CLOSED,0
669687.053,0,0,0,1.000,1.000,1.000,-90.00,180.00,4.50,CLOSED,0
669687.058,0,0,0,1.000,1.000,1.000,-90.00,180.00,4.50,CLOSED,0
669687.062,0,0,0,1.000,1.000,1.000,-90.00,180.00,4.50,CLOSED,0
669687.066,0,0,0,1.000,1.000,1.000,-90.00,180.00,4.50,CLOSED,0
669687.070,0,0,0,1.000,1.000,1.000,-90.00,180.00,4.50,CLOSED,0
669687.074,0,0,0,1.000,1.000,1.000,-90.00,180.00,4.50,CLOSED,0
669687.080,0,0,0,1.000,1.000,1.000,-90.00,180.00,4.50,CLOSED,0
669687.089,0,0,0,1.000,1.000,1.000,-90.00,180.00,4.50,CLOSED,0
669687.096,0,0,0,1.000,1.000,1.000,-90.00,180.00,4.50,CLOSED,0
669687.104,0,0,0,1.000,1.000,1.000,-90.00,180.00,4.50,CLOSED,0
669687.111,0,0,0,1.000,1.000,1.000,-90.00,180.00,4.50,CLOSED,0
669687.115,0,0,0,1.000,1.000,1.000,-90.00,180.00,4.50,CLOSED,0
669687.119,0,0,0,1.000,1.000,1.000,-90.00,180.00,4.50,CLOSED,0
669687.122,0,0,0,1.000,1.000,1.000,-90.00,180.00,4.50,CLOSED,0
669687.126,0,0,0,1.000,1.000,1.000,-90.00,180.00,4.50,CLOSED,0
669687.130,0,0,0,1.000,1.000,1.000,-90.00,180.00,4.50,CLOSED,0
669687.135,0,0,0,1.000,1.000,1.000,-90.00,180.00,4.50,CLOSED,0
669687.140,0,0,0,1.000,1.000,1.000,-90.00,180.00,4.50,CLOSED,0
669687.145,0,0,0,1.000,1.000,1.000,-90.00,180.00,4.50,CLOSED,0
669687.149,0,0,0,1.000,1.000,1.000,-90.00,180.00,4.50,CLOSED,0
669687.154,0,0,0,1.000,1.000,1.000,-90.00,180.00,4.50,CLOSED,0
669687.158,0,0,0,1.000,1.000,1.000,-90.00,180.00,4.50,CLOSED,0
669687.163,0,0,0,1.000,1.000,1.000,-90.00,180.00,4.50,CLOSED,0
669687.170,0,0,0,1.000,1.000,1.000,-90.00,180.00,4.50,CLOSED,0
669687.174,0,0,0,1.000,1.000,1.000,-90.00,180.00,4.50,CLOSED,0
669687.181,0,0,0,1.000,1.000,1.000,-90.00,180.00,4.50,CLOSED,0
669687.184,0,0,0,1.000,1.000,1.000,-90.00,180.00,4.50,CLOSED,0
669687.189,0,0,0,1.000,1.000,1.000,-90.00,180.00,4.50,CLOSED,0
669687.197,0,0,0,1.000,1.000,1.000,-90.00,180.00,4.50,CLOSED,0
669687.201,0,0,0,1.000,1.000,1.000,-90.00,180.00,4.50,CLOSED,0
669687.206,0,0,0,1.000,1.000,1.000,-90.00,180.00,4.50,CLOSED,0
669687.210,0,0,0,1.000,1.000,1.000,-90.00,180.00,4.50,CLOSED,0
669687.214,0,0,0,1.000,1.000,1.000,-90.00,180.00,4.50,CLOSED,0
669687.218,0,0,0,1.000,1.000,1.000,-90.00,180.00,4.50,CLOSED,0
669687.222,0,0,0,1.000,1.000,1.000,-90.00,180.00,4.50,CLOSED,0
669687.226,0,0,0,1.000,1.000,1.000,-90.00,180.00,4.50,CLOSED,0
669687.230,0,0,0,1.000,1.000,1.000,-90.00,180.00,4.50,CLOSED,0
669687.234,0,0,0,1.000,1.000,1.000,-90.00,180.00,4.50,CLOSED,0
669687.237,0,0,0,1.000,1.000,1.000,-90.00,180.00,4.50,CLOSED,0
669687.241,0,0,0,1.000,1.000,1.000,-90.00,180.00,4.50,CLOSED,0
669687.245,0,0,0,1.000,1.000,1.000,-90.00,180.00,4.50,CLOSED,0
669687.250,0,0,0,1.000,1.000,1.000,-90.00,180.00,4.50,CLOSED,0
669687.257,0,0,0,1.000,1.000,1.000,-90.00,180.00,4.50,CLOSED,0
669687.262,0,0,0,1.000,1.000,1.000,-90.00,180.00,4.50,CLOSED,0
669687.266,0,0,0,1.000,1.000,1.000,-90.00,180.00,4.50,CLOSED,0
669687.270,0,0,0,1.000,1.000,1.000,-90.00,180.00,4.50,CLOSED,0
669687.273,0,0,0,1.000,1.000,1.000,-90.00,180.00,4.50,CLOSED,0
669687.277,0,0,0,1.000,1.000,1.000,-90.00,180.00,4.50,CLOSED,0
669687.281,0,0,0,1.000,1.000,1.000,-90.00,180.00,4.50,CLOSED,0
669687.286,0,0,0,1.000,1.000,1.000,-90.00,180.00,4.50,CLOSED,0
669687.289,0,0,0,1.000,1.000,1.000,-90.00,180.00,4.50,CLOSED,0
669687.297,0,0,0,1.000,1.000,1.000,-90.00,180.00,4.50,CLOSED,0
669687.301,0,0,0,1.000,1.000,1.000,-90.00,180.00,4.50,CLOSED,0
669687.305,0,0,0,1.000,1.000,1.000,-90.00,180.00,4.50,CLOSED,0
669687.310,0,0,0,1.000,1.000,1.000,-90.00,180.00,4.50,CLOSED,0
669687.315,0,0,0,1.000,1.000,1.000,-90.00,180.00,4.50,CLOSED,0
669687.319,0,0,0,1.000,1.000,1.000,-90.00,180.00,4.50,CLOSED,0
669687.325,0,0,0,1.000,1.000,1.000,-90.00,180.00,4.50,CLOSED,0
669687.329,0,0,0,1.000,1.000,1.000,-90.00,180.00,4.50,CLOSED,0
669687.333,0,0,0,1.000,1.000,1.000,-90.00,180.00,4.50,CLOSED,0
669687.338,0,0,0,1.000,1.000,1.000,-90.00,180.00,4.50,CLOSED,0
669687.342,0,0,0,1.000,1.000,1.000,-90.00,180.00,4.50,CLOSED,0
669687.345,0,0,0,1.000,1.000,1.000,-90.00,180.00,4.50,CLOSED,0
669687.349,0,0,0,1.000,1.000,1.000,-90.00,180.00,4.50,CLOSED,0
669687.353,0,0,0,1.000,1.000,1.000,-90.00,180.00,4.50,CLOSED,0
669687.357,0,0,0,1.000,1.000,1.000,-90.00,180.00,4.50,CLOSED,0
669687.362,0,0,0,1.000,1.000,1.000,-90.00,180.00,4.50,CLOSED,0
669687.366,0,0,0,1.000,1.000,1.000,-90.00,180.00,4.50,CLOSED,0
669687.371,0,0,0,1.000,1.000,1.000,-90.00,180.00,4.50,CLOSED,0
669687.376,0,0,0,1.000,1.000,1.000,-90.00,180.00,4.50,CLOSED,0
669687.381,0,0,0,1.000,1.000,1.000,-90.00,180.00,4.50,CLOSED,0
669687.384,0,0,0,1.000,1.000,1.000,-90.00,180.00,4.50,CLOSED,0
669687.388,0,0,0,1.000,1.000,1.000,-90.00,180.00,4.50,CLOSED,0
669687.392,0,0,0,1.000,1.000,1.000,-90.00,180.00,4.50,CLOSED,0
669687.396,0,0,0,1.000,1.000,1.000,-90.00,180.00,4.50,CLOSED,0
669687.400,0,0,0,1.000,1.000,1.000,-90.00,180.00,4.50,CLOSED,0
669687.404,0,0,0,1.000,1.000,1.000,-90.00,180.00,4.50,CLOSED,0
669687.407,0,0,0,1.000,1.000,1.000,-90.00,180.00,4.50,CLOSED,0
669687.411,0,0,0,1.000,1.000,1.000,-90.00,180.00,4.50,CLOSED,0
669687.415,0,0,0,1.000,1.000,1.000,-90.00,180.00,4.50,CLOSED,0
669687.421,0,0,0,1.000,1.000,1.000,-90.00,180.00,4.50,CLOSED,0
669687.425,0,0,0,1.000,1.000,1.000,-90.00,180.00,4.50,CLOSED,0
669687.430,0,0,0,1.000,1.000,1.000,-90.00,180.00,4.50,CLOSED,0
669687.434,0,0,0,1.000,1.000,1.000,-90.00,180.00,4.50,CLOSED,0
669687.439,0,0,0,1.000,1.000,1.000,-90.00,180.00,4.50,CLOSED,0
669687.447,0,0,0,1.000,1.000,1.000,-90.00,180.00,4.50,CLOSED,0
669687.451,0,0,0,1.000,1.000,1.000,-90.00,180.00,4.50,CLOSED,0
669687.459,0,0,0,1.000,1.000,1.000,-90.00,180.00,4.50,CLOSED,0
669687.463,0,0,0,1.000,1.000,1.000,-90.00,180.00,4.50,CLOSED,0
669687.467,0,0,0,1.000,1.000,1.000,-90.00,180.00,4.50,CLOSED,0
669687.476,0,0,0,1.000,1.000,1.000,-90.00,180.00,4.50,CLOSED,0
669687.480,0,0,0,0.998,1.000,1.000,-90.00,180.00,4.50,CLOSED,0
669687.488,0,0,0,0.993,1.000,1.000,-90.00,180.00,4.50,CLOSED,0
669687.492,0,0,0,0.671,1.000,1.000,-90.00,180.00,4.50,CLOSED,0
669687.496,0,0,0,0.654,1.000,1.000,-90.00,180.00,4.50,CLOSED,0
669687.500,0,0,0,0.988,1.000,1.000,-90.00,180.00,4.50,CLOSED,0
669687.504,0,0,0,0.986,1.000,1.000,-90.00,180.00,4.50,CLOSED,0
669687.508,0,0,0,0.806,1.000,1.000,-90.00,180.00,4.50,CLOSED,0
669687.513,0,0,0,0.946,0.999,1.000,-90.00,180.00,4.50,CLOSED,0
669687.518,0,0,0,0.996,0.998,1.000,-90.00,180.00,4.50,CLOSED,0
669687.522,0,0,0,0.999,0.991,1.000,-90.00,180.00,4.50,CLOSED,0
669687.526,0,0,0,1.000,0.983,1.000,-90.00,180.00,4.50,CLOSED,0
669687.531,0,0,0,1.000,0.709,1.000,-90.00,180.00,4.50,CLOSED,0
669687.535,0,0,0,1.000,0.885,1.000,-90.00,180.00,4.50,CLOSED,0
669687.539,0,0,0,1.000,0.990,0.997,-90.00,180.00,4.50,CLOSED,0
669687.543,3,0,0,1.000,0.999,0.959,-90.00,180.00,4.50,OPEN,0
669687.548,3,0,0,1.000,1.000,0.577,-90.00,180.00,4.50,OPEN,0
669687.554,3,0,0,1.000,1.000,0.834,-90.00,180.00,4.50,OPEN,0
669687.558,3,0,0,1.000,1.000,0.957,-90.00,180.00,4.50,OPEN,0
669687.563,3,0,0,1.000,1.000,0.977,-90.00,180.00,4.50,OPEN,0
669687.567,3,0,0,1.000,1.000,0.959,-90.00,180.00,4.50,OPEN,0
669687.571,3,0,0,1.000,1.000,0.933,-90.00,180.00,4.50,OPEN,0
669687.574,3,0,0,1.000,1.000,0.925,-90.00,180.00,4.50,OPEN,0
669687.583,3,0,0,1.000,1.000,0.890,-90.00,180.00,4.50,OPEN,0
669687.587,3,0,0,1.000,1.000,0.865,-90.00,180.00,4.50,OPEN,0
669687.597,3,0,0,1.000,1.000,0.864,-90.00,180.00,4.50,OPEN,0
669687.601,3,0,0,1.000,1.000,0.866,-90.00,180.00,4.50,OPEN,0
669687.606,3,0,0,1.000,1.000,0.865,-90.00,180.00,4.50,OPEN,0
669687.613,3,0,0,1.000,1.000,0.856,-90.00,180.00,4.50,OPEN,0
669687.617,3,0,0,1.000,1.000,0.852,-90.00,180.00,4.50,OPEN,0
669687.621,3,0,0,1.000,1.000,0.863,-90.00,180.00,4.50,OPEN,0
669687.629,3,0,0,1.000,1.000,0.877,-90.00,180.00,4.50,OPEN,0
669687.633,3,0,0,1.000,1.000,0.871,-90.00,180.00,4.50,OPEN,0
669687.642,3,0,0,1.000,1.000,0.848,-90.00,180.00,4.50,OPEN,0
669687.647,3,0,0,1.000,1.000,0.852,-90.00,180.00,4.50,OPEN,0
669687.651,3,0,0,1.000,1.000,0.856,-90.00,180.00,4.50,OPEN,0
669687.655,3,0,0,1.000,1.000,0.842,-90.00,180.00,4.50,OPEN,0
669687.659,3,0,0,1.000,1.000,0.792,-90.00,180.00,4.50,OPEN,0
669687.663,3,0,0,1.000,1.000,0.757,-90.00,180.00,4.50,OPEN,0
669687.667,3,0,0,1.000,1.000,0.719,-90.00,180.00,4.50,OPEN,0
669687.672,3,0,0,1.000,0.999,0.722,-90.00,180.00,4.50,OPEN,0
669687.676,3,0,0,1.000,0.999,0.702,-90.00,180.00,4.50,OPEN,0
669687.679,3,0,0,1.000,0.999,0.750,-90.00,180.00,4.50,OPEN,0
669687.683,3,0,0,1.000,0.999,0.800,-90.00,180.00,4.50,OPEN,0
669687.687,3,0,0,1.000,0.999,0.813,-90.00,180.00,4.50,OPEN,0
669687.691,3,0,0,1.000,1.000,0.830,-90.00,180.00,4.50,OPEN,0
669687.695,3,0,0,1.000,1.000,0.849,-90.00,180.00,4.50,OPEN,0
669687.699,3,0,0,1.000,1.000,0.867,-90.00,180.00,4.50,OPEN,0
669687.706,3,0,0,1.000,1.000,0.864,-90.00,180.00,4.50,OPEN,0
669687.712,3,0,0,1.000,0.999,0.867,-90.00,180.00,4.50,OPEN,0
669687.716,3,0,0,1.000,0.998,0.864,-90.00,180.00,4.50,OPEN,0
669687.719,3,0,0,1.000,0.998,0.840,-90.00,180.00,4.50,OPEN,0
669687.726,3,0,0,1.000,0.997,0.814,-90.00,180.00,4.50,OPEN,0
669687.730,3,0,0,1.000,0.998,0.798,-90.00,180.00,4.50,OPEN,0
669687.733,3,0,0,1.000,0.997,0.724,-90.00,180.00,4.50,OPEN,0
669687.738,3,0,0,1.000,0.998,0.704,-90.00,180.00,4.50,OPEN,0
669687.742,3,0,0,1.000,0.999,0.722,-90.00,180.00,4.50,OPEN,0
669687.746,3,0,0,1.000,0.999,0.707,-90.00,180.00,4.50,OPEN,0
669687.750,3,0,0,1.000,1.000,0.729,-90.00,180.00,4.50,OPEN,0
669687.754,3,0,0,1.000,1.000,0.649,-90.00,180.00,4.50,OPEN,0
669687.758,3,0,0,1.000,1.000,0.588,-90.00,180.00,4.50,OPEN,0
669687.762,3,0,0,1.000,1.000,0.503,-90.00,180.00,4.50,OPEN,0
669687.766,3,0,0,1.000,1.000,0.515,-90.00,180.00,4.50,OPEN,0
669687.770,3,0,0,1.000,1.000,0.543,-90.00,180.00,4.50,OPEN,0
669687.774,3,0,0,1.000,1.000,0.502,-90.00,180.00,4.50,OPEN,0
669687.778,3,0,0,1.000,1.000,0.516,-90.00,180.00,4.50,OPEN,0
669687.782,3,0,0,1.000,1.000,0.518,-90.00,180.00,4.50,OPEN,0
669687.786,3,0,0,1.000,1.000,0.561,-90.00,180.00,4.50,OPEN,0
669687.790,3,0,0,1.000,1.000,0.599,-90.00,180.00,4.50,OPEN,0
669687.794,3,0,0,1.000,1.000,0.647,-90.00,180.00,4.50,OPEN,0
669687.798,3,0,0,1.000,1.000,0.695,-90.00,180.00,4.50,OPEN,0
669687.801,3,0,0,1.000,1.000,0.715,-90.00,180.00,4.50,OPEN,0
669687.807,3,0,0,1.000,1.000,0.711,-90.00,180.00,4.50,OPEN,0
669687.813,3,0,0,1.000,1.000,0.667,-90.00,180.00,4.50,OPEN,0
669687.816,3,0,0,1.000,1.000,0.579,-90.00,180.00,4.50,OPEN,0
669687.821,3,0,0,1.000,1.000,0.542,-90.00,180.00,4.50,OPEN,0
669687.825,3,0,0,1.000,1.000,0.532,-90.00,180.00,4.50,OPEN,0
669687.829,3,0,0,1.000,1.000,0.520,-90.00,180.00,4.50,OPEN,0
669687.834,3,0,0,1.000,1.000,0.603,-90.00,180.00,4.50,OPEN,0
669687.839,3,0,0,1.000,1.000,0.609,-90.00,180.00,4.50,OPEN,0
669687.843,3,0,0,1.000,1.000,0.613,-90.00,180.00,4.50,OPEN,0
669687.848,3,0,0,1.000,1.000,0.583,-90.00,180.00,4.50,OPEN,0
669687.852,3,0,0,1.000,1.000,0.539,-90.00,180.00,4.50,OPEN,0
669687.856,3,0,0,1.000,1.000,0.507,-90.00,180.00,4.50,OPEN,0
669687.863,3,0,0,1.000,1.000,0.573,-90.00,180.00,4.50,OPEN,0
669687.866,3,0,0,1.000,1.000,0.611,-90.00,180.00,4.50,OPEN,0
669687.870,3,0,0,1.000,1.000,0.655,-90.00,180.00,4.50,OPEN,0
669687.875,3,0,0,1.000,1.000,0.703,-90.00,180.00,4.50,OPEN,0
669687.878,3,0,0,1.000,1.000,0.698,-90.00,180.00,4.50,OPEN,0
669687.882,3,0,0,1.000,1.000,0.735,-90.00,180.00,4.50,OPEN,0
669687.887,3,0,0,1.000,0.999,0.701,-90.00,180.00,4.50,OPEN,0
669687.893,3,0,0,1.000,0.998,0.684,-90.00,180.00,4.50,OPEN,0
669687.897,3,0,0,1.000,0.997,0.665,-90.00,180.00,4.50,OPEN,0
669687.901,3,0,0,1.000,0.995,0.626,-90.00,180.00,4.50,OPEN,0
669687.905,3,0,0,1.000,0.996,0.536,-90.00,180.00,4.50,OPEN,0
669687.910,3,0,0,1.000,0.997,0.520,-90.00,180.00,4.50,OPEN,0
669687.916,3,0,0,1.000,0.998,0.513,-90.00,180.00,4.50,OPEN,0
669687.922,3,0,0,1.000,0.998,0.544,-90.00,180.00,4.50,OPEN,0
669687.927,3,0,0,1.000,0.998,0.607,-90.00,180.00,4.50,OPEN,0
669687.932,3,0,0,1.000,0.998,0.602,-90.00,180.00,4.50,OPEN,0
669687.937,3,0,0,1.000,0.997,0.628,-90.00,180.00,4.50,OPEN,0
669687.941,3,0,0,1.000,0.996,0.634,-90.00,180.00,4.50,OPEN,0
669687.946,3,0,0,1.000,0.992,0.632,-90.00,180.00,4.50,OPEN,0
669687.949,3,0,0,1.000,0.990,0.709,-90.00,180.00,4.50,OPEN,0
669687.954,3,0,0,1.000,0.991,0.774,-90.00,180.00,4.50,OPEN,0
669687.958,3,0,0,1.000,0.988,0.799,-90.00,180.00,4.50,OPEN,0
669687.961,3,0,0,1.000,0.989,0.850,-90.00,180.00,4.50,OPEN,0
669687.965,3,0,0,1.000,0.996,0.904,-90.00,180.00,4.50,OPEN,0
669687.975,3,0,0,1.000,0.996,0.911,-90.00,180.00,4.50,OPEN,0
669687.979,3,0,0,1.000,0.998,0.934,-90.00,180.00,4.50,OPEN,0
669687.985,3,0,0,1.000,0.999,0.941,-90.00,180.00,4.50,OPEN,0
669687.989,3,0,0,1.000,0.999,0.948,-90.00,180.00,4.50,OPEN,0
669687.993,3,0,0,1.000,0.999,0.938,-90.00,180.00,4.50,OPEN,0
669687.997,3,0,0,1.000,0.998,0.910,-90.00,180.00,4.50,OPEN,0
669688.002,3,0,0,1.000,0.997,0.848,-90.00,180.00,4.50,OPEN,0
669688.005,3,0,0,1.000,0.997,0.701,-90.00,180.00,4.50,OPEN,0
669688.010,3,0,0,1.000,0.994,0.530,-90.00,180.00,4.50,OPEN,0
669688.014,3,0,0,1.000,0.982,0.804,-90.00,180.00,4.50,OPEN,0
669688.018,3,0,0,1.000,0.973,0.899,-90.00,180.00,4.50,OPEN,0
669688.022,3,0,0,1.000,0.953,0.938,-90.00,180.00,4.50,OPEN,0
669688.026,3,0,0,1.000,0.892,0.967,-90.00,180.00,4.50,OPEN,0
669688.032,3,0,0,0.999,0.658,0.983,-90.00,180.00,4.50,OPEN,0
669688.037,3,0,0,0.998,0.969,0.977,-90.00,180.00,4.50,OPEN,0
669688.041,3,0,0,0.991,0.999,0.989,-90.00,180.00,4.50,OPEN,0
669688.046,3,0,0,0.961,1.000,0.992,-90.00,180.00,4.50,OPEN,0
669688.050,3,0,0,0.815,1.000,0.996,-90.00,180.00,4.50,OPEN,0
669688.054,3,0,0,0.521,1.000,0.997,-90.00,180.00,4.50,OPEN,0
669688.058,3,0,0,0.338,1.000,0.999,-90.00,180.00,4.50,OPEN,0
669688.062,3,0,0,0.851,1.000,1.000,-90.00,180.00,4.50,OPEN,0
669688.066,3,0,0,0.991,1.000,1.000,-90.00,180.00,4.50,OPEN,0
669688.070,3,0,0,0.991,1.000,1.000,-90.00,180.00,4.50,OPEN,0
669688.075,3,0,0,0.997,1.000,1.000,-90.00,180.00,4.50,OPEN,0
669688.079,3,0,0,0.998,1.000,1.000,-90.00,180.00,4.50,OPEN,0
669688.083,3,0,0,0.996,1.000,1.000,-90.00,180.00,4.50,OPEN,0
669688.087,3,0,0,0.992,1.000,1.000,-90.00,180.00,4.50,OPEN,0
669688.091,0,0,0,0.990,0.999,1.000,-90.00,180.00,4.50,OPEN,0
669688.100,0,0,0,0.996,0.989,1.000,-90.00,180.00,4.50,OPEN,0
669688.104,0,0,0,0.997,0.780,1.000,-90.00,180.00,4.50,OPEN,0
669688.108,0,0,0,0.996,1.000,1.000,-90.00,180.00,4.50,OPEN,0
669688.112,0,0,0,0.995,1.000,1.000,-90.00,180.00,4.50,OPEN,0
669688.116,0,0,0,0.994,1.000,1.000,-90.00,180.00,4.50,OPEN,0
669688.120,0,0,0,1.000,1.000,1.000,-90.00,180.00,4.50,OPEN,0
669688.124,0,0,0,1.000,1.000,1.000,-90.00,180.00,4.50,OPEN,0
669688.132,0,0,0,1.000,1.000,1.000,-90.00,180.00,4.50,OPEN,0
669688.137,0,0,0,1.000,1.000,1.000,-90.00,180.00,4.50,OPEN,0
669688.141,0,0,0,1.000,1.000,1.000,-90.00,180.00,4.50,OPEN,0
669688.149,0,0,0,1.000,1.000,1.000,-90.00,180.00,4.50,OPEN,0
669688.153,0,0,0,1.000,1.000,1.000,-90.00,180.00,4.50,OPEN,0
669688.158,0,0,0,1.000,1.000,1.000,-90.00,180.00,4.50,OPEN,0
669688.162,0,0,0,1.000,1.000,1.000,-90.00,180.00,4.50,OPEN,0
669688.166,0,0,0,1.000,1.000,1.000,-90.00,180.00,4.50,OPEN,0
669688.170,0,0,0,1.000,1.000,1.000,-90.00,180.00,4.50,OPEN,0
669688.178,0,0,0,1.000,1.000,1.000,-90.00,180.00,4.50,OPEN,0
669688.181,0,0,0,1.000,1.000,1.000,-90.00,180.00,4.50,OPEN,0
669688.185,0,0,0,1.000,1.000,1.000,-90.00,180.00,4.50,OPEN,0
669688.189,0,0,0,1.000,1.000,1.000,-90.00,180.00,4.50,OPEN,0
669688.193,0,0,0,1.000,1.000,1.000,-90.00,180.00,4.50,OPEN,0
669688.197,0,0,0,1.000,1.000,1.000,-90.00,180.00,4.50,OPEN,0
669688.201,0,0,0,1.000,1.000,1.000,-90.00,180.00,4.50,OPEN,0
669688.205,0,0,0,1.000,1.000,1.000,-90.00,180.00,4.50,OPEN,0
669688.213,0,0,0,1.000,1.000,1.000,-90.00,180.00,4.50,OPEN,0
669688.218,0,0,0,1.000,1.000,1.000,-90.00,180.00,4.50,OPEN,0
669688.222,0,0,0,1.000,1.000,1.000,-90.00,180.00,4.50,OPEN,0
669688.226,0,0,0,1.000,1.000,1.000,-90.00,180.00,4.50,OPEN,0
669688.236,0,0,0,1.000,1.000,1.000,-90.00,180.00,4.50,OPEN,0
669688.242,0,0,0,1.000,1.000,1.000,-90.00,180.00,4.50,OPEN,0
669688.245,0,0,0,1.000,1.000,1.000,-90.00,180.00,4.50,OPEN,0
669688.249,0,0,0,1.000,1.000,1.000,-90.00,180.00,4.50,OPEN,0
669688.257,0,0,0,1.000,1.000,1.000,-90.00,180.00,4.50,OPEN,0
669688.260,0,0,0,1.000,1.000,1.000,-90.00,180.00,4.50,OPEN,0
669688.264,0,0,0,1.000,1.000,1.000,-90.00,180.00,4.50,OPEN,0
669688.270,0,0,0,1.000,1.000,1.000,-90.00,180.00,4.50,OPEN,0
669688.279,0,0,0,1.000,1.000,1.000,-90.00,180.00,4.50,OPEN,0
669688.285,0,0,0,1.000,1.000,1.000,-90.00,180.00,4.50,OPEN,0
669688.290,0,0,0,1.000,1.000,1.000,-90.00,180.00,4.50,OPEN,0
669688.294,0,0,0,1.000,1.000,1.000,-90.00,180.00,4.50,OPEN,0
669688.298,0,0,0,1.000,1.000,1.000,-90.00,180.00,4.50,OPEN,0
669688.303,0,0,0,1.000,1.000,1.000,-90.00,180.00,4.50,OPEN,0
669688.308,0,0,0,1.000,1.000,1.000,-90.00,180.00,4.50,OPEN,0
669688.311,0,0,0,1.000,1.000,1.000,-90.00,180.00,4.50,OPEN,0
669688.315,0,0,0,1.000,1.000,1.000,-90.00,180.00,4.50,OPEN,0
669688.319,0,0,0,1.000,1.000,1.000,-90.00,180.00,4.50,OPEN,0
669688.324,0,0,0,1.000,1.000,1.000,-90.00,180.00,4.50,OPEN,0
669688.334,0,0,0,1.000,1.000,1.000,-90.00,180.00,4.50,OPEN,0
669688.343,0,0,0,1.000,1.000,1.000,-90.00,180.00,4.50,OPEN,0
669688.353,0,0,0,1.000,1.000,1.000,-90.00,180.00,4.50,OPEN,0
669688.365,0,0,0,1.000,1.000,1.000,-90.00,180.00,4.50,OPEN,0
669688.377,0,0,0,1.000,1.000,1.000,-90.00,180.00,4.50,OPEN,0
669688.387,0,0,0,1.000,1.000,1.000,-90.00,180.00,4.50,OPEN,0
669688.395,0,0,0,1.000,1.000,1.000,-90.00,180.00,4.50,OPEN,0
669688.404,0,0,0,1.000,1.000,1.000,-90.00,180.00,4.50,OPEN,0
669688.412,0,0,0,1.000,1.000,1.000,-90.00,180.00,4.50,OPEN,0
669688.420,0,0,0,1.000,1.000,1.000,-90.00,180.00,4.50,OPEN,0
669688.428,0,0,0,1.000,1.000,1.000,-90.00,180.00,4.50,OPEN,0
669688.433,0,0,0,1.000,1.000,1.000,-90.00,180.00,4.50,OPEN,0
669688.438,0,0,0,1.000,1.000,1.000,-90.00,180.00,4.50,OPEN,0
669688.442,0,0,0,1.000,1.000,1.000,-90.00,180.00,4.50,OPEN,0
669688.446,0,0,0,1.000,1.000,1.000,-90.00,180.00,4.50,OPEN,0
669688.450,0,0,0,1.000,1.000,1.000,-90.00,180.00,4.50,OPEN,0
669688.454,0,0,0,1.000,1.000,1.000,-90.00,180.00,4.50,OPEN,0
669688.461,0,0,0,1.000,1.000,1.000,-90.00,180.00,4.50,OPEN,0
669688.465,0,0,0,1.000,1.000,1.000,-90.00,180.00,4.50,OPEN,0
669688.469,0,0,0,1.000,1.000,1.000,-90.00,180.00,4.50,OPEN,0
669688.473,0,0,0,1.000,1.000,1.000,-90.00,180.00,4.50,OPEN,0
669688.477,0,0,0,1.000,1.000,1.000,-90.00,180.00,4.50,OPEN,0
669688.481,0,0,0,1.000,1.000,1.000,-90.00,180.00,4.50,OPEN,0
669688.485,0,0,0,1.000,1.000,1.000,-90.00,180.00,4.50,OPEN,0
669688.490,0,0,0,1.000,1.000,1.000,-90.00,180.00,4.50,OPEN,0
669688.495,0,0,0,1.000,1.000,1.000,-90.00,180.00,4.50,OPEN,0
669688.499,0,0,0,1.000,1.000,1.000,-90.00,180.00,4.50,OPEN,0
669688.504,0,0,0,1.000,1.000,1.000,-90.00,180.00,4.50,OPEN,0
669688.507,0,0,0,1.000,1.000,1.000,-90.00,180.00,4.50,OPEN,0
669688.511,0,0,0,1.000,1.000,1.000,-90.00,180.00,4.50,OPEN,0
669688.515,0,0,0,1.000,1.000,1.000,-90.00,180.00,4.50,OPEN,0
669688.518,0,0,0,1.000,1.000,1.000,-90.00,180.00,4.50,OPEN,0
669688.522,0,0,0,1.000,1.000,1.000,-90.00,180.00,4.50,OPEN,0
669688.527,0,0,0,1.000,1.000,1.000,-90.00,180.00,4.50,OPEN,0
669688.531,0,0,0,1.000,1.000,1.000,-90.00,180.00,4.50,OPEN,0
669688.535,0,0,0,1.000,1.000,1.000,-90.00,180.00,4.50,OPEN,0
669688.538,0,0,0,1.000,1.000,1.000,-90.00,180.00,4.50,OPEN,0
669688.542,0,0,0,1.000,1.000,1.000,-90.00,180.00,4.50,OPEN,0
669688.546,0,0,0,1.000,1.000,1.000,-90.00,180.00,4.50,OPEN,0
669688.550,0,0,0,1.000,1.000,1.000,-90.00,180.00,4.50,OPEN,0
669688.555,0,0,0,1.000,1.000,1.000,-90.00,180.00,4.50,OPEN,0
669688.559,0,0,0,1.000,1.000,1.000,-90.00,180.00,4.50,OPEN,0
669688.563,0,0,0,1.000,1.000,1.000,-90.00,180.00,4.50,OPEN,0
669688.567,0,0,0,1.000,1.000,1.000,-90.00,180.00,4.50,OPEN,0
669688.571,0,0,0,1.000,1.000,1.000,-90.00,180.00,4.50,OPEN,0
669688.580,0,0,0,1.000,1.000,1.000,-90.00,180.00,4.50,OPEN,0
669688.584,0,0,0,1.000,1.000,1.000,-90.00,180.00,4.50,OPEN,0
669688.593,0,0,0,1.000,1.000,1.000,-90.00,180.00,4.50,OPEN,0
669688.597,0,0,0,1.000,1.000,1.000,-90.00,180.00,4.50,OPEN,0
669688.605,0,0,0,1.000,1.000,1.000,-90.00,180.00,4.50,OPEN,0
669688.609,0,0,0,1.000,1.000,1.000,-90.00,180.00,4.50,OPEN,0
669688.613,0,0,0,1.000,1.000,1.000,-90.00,180.00,4.50,OPEN,0
669688.616,0,0,0,1.000,1.000,1.000,-90.00,180.00,4.50,OPEN,0
669688.623,0,0,0,1.000,1.000,1.000,-90.00,180.00,4.50,OPEN,0
669688.630,0,0,0,1.000,1.000,1.000,-90.00,180.00,4.50,OPEN,0
669688.636,0,0,0,1.000,1.000,1.000,-90.00,180.00,4.50,OPEN,0
669688.641,0,0,0,1.000,1.000,1.000,-90.00,180.00,4.50,OPEN,0
669688.649,0,0,0,1.000,1.000,1.000,-90.00,180.00,4.50,OPEN,0
669688.654,0,0,0,1.000,1.000,1.000,-90.00,180.00,4.50,OPEN,0
669688.658,0,0,0,1.000,1.000,1.000,-90.00,180.00,4.50,OPEN,0
669688.669,0,0,0,1.000,1.000,1.000,-90.00,180.00,4.50,OPEN,0
669688.673,0,0,0,1.000,1.000,1.000,-90.00,180.00,4.50,OPEN,0
669688.683,0,0,0,1.000,1.000,1.000,-90.00,180.00,4.50,OPEN,0
669688.694,0,0,0,1.000,1.000,1.000,-90.00,180.00,4.50,OPEN,0
669688.709,0,0,0,1.000,1.000,1.000,-90.00,180.00,4.50,OPEN,0
669688.718,0,0,0,1.000,1.000,1.000,-90.00,180.00,4.50,OPEN,0
669688.727,0,0,0,1.000,1.000,1.000,-90.00,180.00,4.50,OPEN,0
669688.735,0,0,0,1.000,1.000,1.000,-90.00,180.00,4.50,OPEN,0
669688.743,0,0,0,1.000,1.000,1.000,-90.00,180.00,4.50,OPEN,0
669688.751,0,0,0,1.000,1.000,1.000,-90.00,180.00,4.50,OPEN,0
669688.758,0,0,0,1.000,1.000,1.000,-90.00,180.00,4.50,OPEN,0
669688.766,0,0,0,1.000,1.000,1.000,-90.00,180.00,4.50,OPEN,0
669688.774,0,0,0,1.000,1.000,1.000,-90.00,180.00,4.50,OPEN,0
669688.782,0,0,0,1.000,1.000,1.000,-90.00,180.00,4.50,OPEN,0
669688.790,0,0,0,1.000,1.000,1.000,-90.00,180.00,4.50,OPEN,0
669688.799,0,0,0,1.000,1.000,1.000,-90.00,180.00,4.50,OPEN,0
669688.805,0,0,0,1.000,1.000,1.000,-90.00,180.00,4.50,OPEN,0
669688.812,0,0,0,1.000,1.000,1.000,-90.00,180.00,4.50,OPEN,0
669688.816,0,0,0,1.000,1.000,1.000,-90.00,180.00,4.50,OPEN,0
669688.820,0,0,0,1.000,1.000,1.000,-90.00,180.00,4.50,OPEN,0
669688.824,0,0,0,1.000,1.000,1.000,-90.00,180.00,4.50,OPEN,0
669688.828,0,0,0,1.000,1.000,1.000,-90.00,180.00,4.50,OPEN,0
669688.835,0,0,0,1.000,1.000,1.000,-90.00,180.00,4.50,OPEN,0
669688.847,0,0,0,1.000,1.000,1.000,-90.00,180.00,4.50,OPEN,0
669688.851,0,0,0,1.000,1.000,1.000,-90.00,180.00,4.50,OPEN,0
669688.855,0,0,0,1.000,1.000,1.000,-90.00,180.00,4.50,OPEN,0
669688.861,0,0,0,1.000,1.000,1.000,-90.00,180.00,4.50,OPEN,0
669688.865,0,0,0,0.998,1.000,1.000,-90.00,180.00,4.50,OPEN,0
669688.869,0,0,0,0.991,1.000,1.000,-90.00,180.00,4.50,OPEN,0
669688.873,0,0,0,0.944,1.000,1.000,-90.00,180.00,4.50,OPEN,0
669688.876,0,0,0,0.535,1.000,1.000,-90.00,180.00,4.50,OPEN,0
669688.882,0,0,0,0.947,1.000,1.000,-90.00,180.00,4.50,OPEN,0
669688.886,0,0,0,1.000,1.000,1.000,-90.00,180.00,4.50,OPEN,0
669688.889,0,0,0,1.000,1.000,1.000,-90.00,180.00,4.50,OPEN,0
669688.893,0,0,0,1.000,1.000,1.000,-90.00,180.00,4.50,OPEN,0
669688.901,0,0,0,1.000,1.000,1.000,-90.00,180.00,4.50,OPEN,0
669688.909,0,0,0,1.000,1.000,1.000,-90.00,180.00,4.50,OPEN,0
669688.913,0,0,0,1.000,1.000,1.000,-90.00,180.00,4.50,OPEN,0
669688.921,1,0,0,1.000,1.000,1.000,-90.00,180.00,9.00,OPEN,1
669688.926,1,0,0,1.000,1.000,1.000,-90.00,180.00,9.00,OPEN,0
669688.929,1,0,0,1.000,1.000,1.000,-90.00,180.00,9.00,OPEN,0
669688.935,1,0,0,1.000,1.000,1.000,-90.00,180.00,9.00,OPEN,0
669688.941,1,0,0,1.000,1.000,1.000,-90.00,180.00,9.00,OPEN,0
669688.951,1,0,0,1.000,1.000,1.000,-90.00,180.00,9.00,OPEN,0
669688.957,1,0,0,1.000,1.000,1.000,-90.00,180.00,9.00,OPEN,0
669688.961,1,0,0,1.000,1.000,1.000,-90.00,180.00,9.00,OPEN,0
669688.965,1,0,0,1.000,1.000,1.000,-90.00,180.00,9.00,OPEN,0
669688.972,1,0,0,1.000,1.000,1.000,-90.00,180.00,9.00,OPEN,0
669688.976,1,0,0,1.000,1.000,1.000,-90.00,180.00,9.00,OPEN,0
669688.983,1,0,0,1.000,1.000,1.000,-90.00,180.00,9.00,OPEN,0
669688.987,1,0,0,1.000,1.000,1.000,-90.00,180.00,9.00,OPEN,0
669688.997,1,0,0,1.000,1.000,1.000,-90.00,180.00,9.00,OPEN,0
669689.001,1,0,0,1.000,1.000,1.000,-90.00,180.00,9.00,OPEN,0
669689.006,1,0,0,1.000,1.000,1.000,-90.00,180.00,9.00,OPEN,0
669689.011,1,0,0,1.000,1.000,1.000,-90.00,180.00,9.00,OPEN,0
669689.015,1,0,0,1.000,1.000,1.000,-90.00,180.00,9.00,OPEN,0
669689.022,1,0,0,1.000,1.000,1.000,-90.00,180.00,13.50,OPEN,1
669689.025,1,0,0,1.000,1.000,1.000,-90.00,180.00,13.50,OPEN,0
669689.029,1,0,0,1.000,1.000,1.000,-90.00,180.00,13.50,OPEN,0
669689.033,1,0,0,1.000,1.000,1.000,-90.00,180.00,13.50,OPEN,0
669689.040,1,0,0,1.000,1.000,1.000,-90.00,180.00,13.50,OPEN,0
669689.044,1,0,0,1.000,1.000,1.000,-90.00,180.00,13.50,OPEN,0
669689.048,1,0,0,1.000,1.000,1.000,-90.00,180.00,13.50,OPEN,0
669689.052,1,0,0,1.000,1.000,1.000,-90.00,180.00,13.50,OPEN,0
669689.056,1,0,0,1.000,1.000,1.000,-90.00,180.00,13.50,OPEN,0
669689.059,1,0,0,1.000,1.000,1.000,-90.00,180.00,13.50,OPEN,0
669689.067,1,0,0,1.000,1.000,1.000,-90.00,180.00,13.50,OPEN,0
669689.071,1,0,0,1.000,1.000,1.000,-90.00,180.00,13.50,OPEN,0
669689.075,1,0,0,1.000,1.000,1.000,-90.00,180.00,13.50,OPEN,0
669689.079,1,0,0,1.000,1.000,1.000,-90.00,180.00,13.50,OPEN,0
669689.083,1,0,0,1.000,1.000,1.000,-90.00,180.00,13.50,OPEN,0
669689.091,1,0,0,1.000,1.000,1.000,-90.00,180.00,13.50,OPEN,0
669689.099,1,0,0,1.000,1.000,1.000,-90.00,180.00,13.50,OPEN,0
669689.104,1,0,0,1.000,1.000,1.000,-90.00,180.00,13.50,OPEN,0
669689.112,1,0,0,1.000,1.000,1.000,-90.00,180.00,13.50,OPEN,0
669689.120,1,0,0,1.000,1.000,1.000,-90.00,180.00,13.50,OPEN,0
669689.127,1,0,0,1.000,1.000,1.000,-90.00,180.00,18.00,OPEN,1
669689.135,1,0,0,1.000,1.000,1.000,-90.00,180.00,18.00,OPEN,0
669689.139,1,0,0,1.000,1.000,1.000,-90.00,180.00,18.00,OPEN,0
669689.143,1,0,0,1.000,1.000,1.000,-90.00,180.00,18.00,OPEN,0
669689.147,1,0,0,1.000,1.000,1.000,-90.00,180.00,18.00,OPEN,0
669689.152,1,0,0,1.000,1.000,1.000,-90.00,180.00,18.00,OPEN,0
669689.160,1,0,0,1.000,1.000,1.000,-90.00,180.00,18.00,OPEN,0
669689.165,1,0,0,1.000,1.000,1.000,-90.00,180.00,18.00,OPEN,0
669689.168,1,0,0,1.000,1.000,1.000,-90.00,180.00,18.00,OPEN,0
669689.172,1,0,0,1.000,1.000,1.000,-90.00,180.00,18.00,OPEN,0
669689.176,1,0,0,1.000,1.000,1.000,-90.00,180.00,18.00,OPEN,0
669689.180,1,0,0,1.000,1.000,1.000,-90.00,180.00,18.00,OPEN,0
669689.183,1,0,0,1.000,1.000,1.000,-90.00,180.00,18.00,OPEN,0
669689.187,1,0,0,1.000,1.000,1.000,-90.00,180.00,18.00,OPEN,0
669689.191,1,0,0,1.000,1.000,1.000,-90.00,180.00,18.00,OPEN,0
669689.198,1,0,0,1.000,1.000,1.000,-90.00,180.00,18.00,OPEN,0
669689.204,1,0,0,1.000,1.000,1.000,-90.00,180.00,18.00,OPEN,0
669689.207,1,0,0,1.000,1.000,1.000,-90.00,180.00,18.00,OPEN,0
669689.215,1,0,0,1.000,1.000,1.000,-90.00,180.00,18.00,OPEN,0
669689.220,1,0,0,1.000,1.000,1.000,-90.00,180.00,18.00,OPEN,0
669689.224,1,0,0,1.000,1.000,1.000,-90.00,180.00,18.00,OPEN,0
669689.227,1,0,0,1.000,1.000,1.000,-90.00,180.00,22.50,OPEN,1
669689.231,1,0,0,1.000,1.000,1.000,-90.00,180.00,22.50,OPEN,0
669689.235,1,0,0,1.000,1.000,1.000,-90.00,180.00,22.50,OPEN,0
669689.242,1,0,0,1.000,1.000,1.000,-90.00,180.00,22.50,OPEN,0
669689.250,1,0,0,1.000,1.000,1.000,-90.00,180.00,22.50,OPEN,0
669689.254,1,0,0,1.000,1.000,1.000,-90.00,180.00,22.50,OPEN,0
669689.258,1,0,0,1.000,1.000,1.000,-90.00,180.00,22.50,OPEN,0
669689.261,1,0,0,1.000,1.000,1.000,-90.00,180.00,22.50,OPEN,0
669689.269,1,0,0,1.000,1.000,1.000,-90.00,180.00,22.50,OPEN,0
669689.273,1,0,0,1.000,1.000,1.000,-90.00,180.00,22.50,OPEN,0
669689.283,1,0,0,1.000,1.000,1.000,-90.00,180.00,22.50,OPEN,0
669689.288,1,0,0,1.000,1.000,1.000,-90.00,180.00,22.50,OPEN,0
669689.292,1,0,0,1.000,1.000,1.000,-90.00,180.00,22.50,OPEN,0
669689.302,1,0,0,1.000,1.000,1.000,-90.00,180.00,22.50,OPEN,0
669689.313,1,0,0,1.000,1.000,1.000,-90.00,180.00,22.50,OPEN,0
669689.317,1,0,0,1.000,1.000,1.000,-90.00,180.00,22.50,OPEN,0
669689.324,1,0,0,1.000,1.000,1.000,-90.00,180.00,22.50,OPEN,0
669689.328,1,0,0,1.000,1.000,1.000,-90.00,180.00,27.00,OPEN,1
669689.331,1,0,0,1.000,1.000,1.000,-90.00,180.00,27.00,OPEN,0
669689.337,1,0,0,1.000,1.000,1.000,-90.00,180.00,27.00,OPEN,0
669689.341,1,0,0,1.000,1.000,1.000,-90.00,180.00,27.00,OPEN,0
669689.344,1,0,0,1.000,1.000,1.000,-90.00,180.00,27.00,OPEN,0
669689.348,1,0,0,1.000,1.000,1.000,-90.00,180.00,27.00,OPEN,0
669689.352,1,0,0,1.000,1.000,1.000,-90.00,180.00,27.00,OPEN,0
669689.355,1,0,0,1.000,1.000,1.000,-90.00,180.00,27.00,OPEN,0
669689.359,1,0,0,1.000,1.000,1.000,-90.00,180.00,27.00,OPEN,0
669689.363,1,0,0,1.000,1.000,1.000,-90.00,180.00,27.00,OPEN,0
669689.367,1,0,0,1.000,1.000,1.000,-90.00,180.00,27.00,OPEN,0
669689.371,1,0,0,1.000,1.000,1.000,-90.00,180.00,27.00,OPEN,0
669689.375,1,0,0,1.000,1.000,1.000,-90.00,180.00,27.00,OPEN,0
669689.379,1,0,0,1.000,1.000,1.000,-90.00,180.00,27.00,OPEN,0
669689.383,1,0,0,1.000,1.000,1.000,-90.00,180.00,27.00,OPEN,0
669689.387,1,0,0,1.000,1.000,1.000,-90.00,180.00,27.00,OPEN,0
669689.391,1,0,0,1.000,1.000,1.000,-90.00,180.00,27.00,OPEN,0
669689.396,1,0,0,1.000,1.000,1.000,-90.00,180.00,27.00,OPEN,0
669689.400,1,0,0,1.000,1.000,1.000,-90.00,180.00,27.00,OPEN,0
669689.404,1,0,0,1.000,1.000,1.000,-90.00,180.00,27.00,OPEN,0
669689.407,1,0,0,1.000,1.000,1.000,-90.00,180.00,27.00,OPEN,0
669689.411,1,0,0,1.000,1.000,1.000,-90.00,180.00,27.00,OPEN,0
669689.415,1,0,0,1.000,1.000,1.000,-90.00,180.00,27.00,OPEN,0
669689.420,1,0,0,1.000,1.000,1.000,-90.00,180.00,27.00,OPEN,0
669689.426,1,0,0,1.000,1.000,1.000,-90.00,180.00,27.00,OPEN,0
669689.430,1,0,0,1.000,1.000,1.000,-90.00,180.00,31.50,OPEN,1
669689.434,1,0,0,1.000,1.000,1.000,-90.00,180.00,31.50,OPEN,0
669689.439,1,0,0,1.000,1.000,1.000,-90.00,180.00,31.50,OPEN,0
669689.443,1,0,0,1.000,1.000,1.000,-90.00,180.00,31.50,OPEN,0
669689.447,1,0,0,1.000,1.000,1.000,-90.00,180.00,31.50,OPEN,0
669689.451,1,0,0,1.000,1.000,1.000,-90.00,180.00,31.50,OPEN,0
669689.459,1,0,0,1.000,1.000,1.000,-90.00,180.00,31.50,OPEN,0
669689.465,1,0,0,1.000,1.000,1.000,-90.00,180.00,31.50,OPEN,0
669689.471,1,0,0,1.000,1.000,1.000,-90.00,180.00,31.50,OPEN,0
669689.474,1,0,0,1.000,1.000,1.000,-90.00,180.00,31.50,OPEN,0
669689.478,1,0,0,1.000,1.000,1.000,-90.00,180.00,31.50,OPEN,0
669689.481,1,0,0,1.000,1.000,1.000,-90.00,180.00,31.50,OPEN,0
669689.485,1,0,0,1.000,1.000,1.000,-90.00,180.00,31.50,OPEN,0
669689.495,1,0,0,1.000,1.000,1.000,-90.00,180.00,31.50,OPEN,0
669689.500,1,0,0,0.984,1.000,1.000,-90.00,180.00,31.50,OPEN,0
669689.503,1,0,0,0.979,1.000,1.000,-90.00,180.00,31.50,OPEN,0
669689.508,1,0,0,0.997,1.000,1.000,-90.00,180.00,31.50,OPEN,0
669689.511,1,0,0,0.999,1.000,1.000,-90.00,180.00,31.50,OPEN,0
669689.515,1,0,0,1.000,1.000,1.000,-90.00,180.00,31.50,OPEN,0
669689.519,1,0,0,1.000,1.000,1.000,-90.00,180.00,31.50,OPEN,0
669689.523,1,0,0,1.000,1.000,1.000,-90.00,180.00,31.50,OPEN,0
669689.526,1,0,0,1.000,1.000,1.000,-90.00,180.00,31.50,OPEN,0
669689.530,1,0,0,1.000,1.000,1.000,-90.00,180.00,31.50,OPEN,0
669689.534,0,0,0,1.000,1.000,1.000,-90.00,180.00,31.50,OPEN,0
669689.538,0,0,0,1.000,1.000,1.000,-90.00,180.00,31.50,OPEN,0
669689.546,0,0,0,1.000,1.000,1.000,-90.00,180.00,31.50,OPEN,0
669689.550,0,0,0,1.000,1.000,1.000,-90.00,180.00,31.50,OPEN,0
669689.554,0,0,0,1.000,1.000,1.000,-90.00,180.00,31.50,OPEN,0
669689.557,0,0,0,1.000,1.000,1.000,-90.00,180.00,31.50,OPEN,0
669689.561,0,0,0,1.000,1.000,1.000,-90.00,180.00,31.50,OPEN,0
669689.566,0,0,0,1.000,1.000,1.000,-90.00,180.00,31.50,OPEN,0
669689.572,0,0,0,1.000,1.000,1.000,-90.00,180.00,31.50,OPEN,0
669689.578,0,0,0,1.000,1.000,1.000,-90.00,180.00,31.50,OPEN,0
669689.584,0,0,0,1.000,1.000,1.000,-90.00,180.00,31.50,OPEN,0
669689.595,0,0,0,1.000,1.000,1.000,-90.00,180.00,31.50,OPEN,0
669689.599,0,0,0,1.000,1.000,1.000,-90.00,180.00,31.50,OPEN,0
669689.603,0,0,0,1.000,1.000,1.000,-90.00,180.00,31.50,OPEN,0
669689.607,0,0,0,1.000,1.000,1.000,-90.00,180.00,31.50,OPEN,0
669689.611,0,0,0,1.000,1.000,1.000,-90.00,180.00,31.50,OPEN,0
669689.615,0,0,0,1.000,1.000,1.000,-90.00,180.00,31.50,OPEN,0
669689.619,0,0,0,1.000,1.000,1.000,-90.00,180.00,31.50,OPEN,0
669689.623,0,0,0,1.000,1.000,1.000,-90.00,180.00,31.50,OPEN,0
669689.627,0,0,0,1.000,1.000,1.000,-90.00,180.00,31.50,OPEN,0
669689.631,0,0,0,1.000,1.000,1.000,-90.00,180.00,31.50,OPEN,0
669689.635,0,0,0,1.000,1.000,1.000,-90.00,180.00,31.50,OPEN,0
669689.643,0,0,0,1.000,1.000,1.000,-90.00,180.00,31.50,OPEN,0
669689.647,0,0,0,1.000,1.000,1.000,-90.00,180.00,31.50,OPEN,0
669689.651,0,0,0,1.000,1.000,1.000,-90.00,180.00,31.50,OPEN,0
669689.655,0,0,0,1.000,1.000,1.000,-90.00,180.00,31.50,OPEN,0
669689.658,0,0,0,1.000,1.000,1.000,-90.00,180.00,31.50,OPEN,0
669689.662,0,0,0,1.000,1.000,1.000,-90.00,180.00,31.50,OPEN,0
669689.666,0,0,0,1.000,1.000,1.000,-90.00,180.00,31.50,OPEN,0
669689.674,0,0,0,1.000,1.000,1.000,-90.00,180.00,31.50,OPEN,0
669689.681,0,0,0,1.000,1.000,1.000,-90.00,180.00,31.50,OPEN,0
669689.689,0,0,0,1.000,1.000,1.000,-90.00,180.00,31.50,OPEN,0
669689.696,0,0,0,1.000,1.000,1.000,-90.00,180.00,31.50,OPEN,0
669689.702,0,0,0,1.000,1.000,1.000,-90.00,180.00,31.50,OPEN,0
669689.707,0,0,0,1.000,1.000,1.000,-90.00,180.00,31.50,OPEN,0
669689.713,0,0,0,1.000,1.000,1.000,-90.00,180.00,31.50,OPEN,0
669689.717,0,0,0,1.000,1.000,1.000,-90.00,180.00,31.50,OPEN,0
669689.722,0,0,0,1.000,1.000,1.000,-90.00,180.00,31.50,OPEN,0
669689.726,0,0,0,1.000,1.000,1.000,-90.00,180.00,31.50,OPEN,0
669689.730,0,0,0,1.000,1.000,1.000,-90.00,180.00,31.50,OPEN,0
669689.734,0,0,0,1.000,1.000,1.000,-90.00,180.00,31.50,OPEN,0
669689.739,0,0,0,1.000,1.000,1.000,-90.00,180.00,31.50,OPEN,0
669689.749,0,0,0,1.000,1.000,1.000,-90.00,180.00,31.50,OPEN,0
669689.753,0,0,0,1.000,1.000,1.000,-90.00,180.00,31.50,OPEN,0
669689.756,0,0,0,1.000,1.000,1.000,-90.00,180.00,31.50,OPEN,0
669689.760,0,0,0,1.000,1.000,1.000,-90.00,180.00,31.50,OPEN,0
669689.769,0,0,0,1.000,1.000,1.000,-90.00,180.00,31.50,OPEN,0
669689.772,0,0,0,1.000,1.000,1.000,-90.00,180.00,31.50,OPEN,0
669689.776,0,0,0,1.000,1.000,1.000,-90.00,180.00,31.50,OPEN,0
669689.780,0,0,0,1.000,1.000,1.000,-90.00,180.00,31.50,OPEN,0
669689.784,0,0,0,1.000,1.000,1.000,-90.00,180.00,31.50,OPEN,0
669689.787,0,0,0,1.000,1.000,1.000,-90.00,180.00,31.50,OPEN,0
669689.794,0,0,0,1.000,1.000,1.000,-90.00,180.00,31.50,OPEN,0
669689.798,0,0,0,1.000,1.000,1.000,-90.00,180.00,31.50,OPEN,0
669689.802,0,0,0,1.000,1.000,1.000,-90.00,180.00,31.50,OPEN,0
669689.807,0,0,0,1.000,1.000,1.000,-90.00,180.00,31.50,OPEN,0
669689.811,0,0,0,1.000,1.000,1.000,-90.00,180.00,31.50,OPEN,0
669689.819,0,0,0,1.000,1.000,1.000,-90.00,180.00,31.50,OPEN,0
669689.823,0,0,0,1.000,1.000,1.000,-90.00,180.00,31.50,OPEN,0
669689.826,0,0,0,1.000,1.000,1.000,-90.00,180.00,31.50,OPEN,0
669689.830,0,0,0,1.000,1.000,1.000,-90.00,180.00,31.50,OPEN,0
669689.834,0,0,0,1.000,1.000,1.000,-90.00,180.00,31.50,OPEN,0
669689.839,0,0,0,1.000,1.000,1.000,-90.00,180.00,31.50,OPEN,0
669689.843,0,0,0,1.000,1.000,1.000,-90.00,180.00,31.50,OPEN,0
669689.847,0,0,0,1.000,1.000,1.000,-90.00,180.00,31.50,OPEN,0
669689.855,0,0,0,1.000,1.000,1.000,-90.00,180.00,31.50,OPEN,0
669689.859,0,0,0,1.000,1.000,1.000,-90.00,180.00,31.50,OPEN,0
669689.863,0,0,0,1.000,1.000,1.000,-90.00,180.00,31.50,OPEN,0
669689.867,0,0,0,1.000,1.000,1.000,-90.00,180.00,31.50,OPEN,0
669689.872,0,0,0,1.000,1.000,1.000,-90.00,180.00,31.50,OPEN,0
669689.876,0,0,0,1.000,1.000,1.000,-90.00,180.00,31.50,OPEN,0
669689.880,0,0,0,1.000,1.000,1.000,-90.00,180.00,31.50,OPEN,0
669689.884,0,0,0,1.000,1.000,1.000,-90.00,180.00,31.50,OPEN,0
669689.888,0,0,0,1.000,1.000,1.000,-90.00,180.00,31.50,OPEN,0
669689.892,0,0,0,1.000,1.000,1.000,-90.00,180.00,31.50,OPEN,0
669689.896,0,0,0,1.000,1.000,1.000,-90.00,180.00,31.50,OPEN,0
669689.900,0,0,0,1.000,1.000,1.000,-90.00,180.00,31.50,OPEN,0
669689.908,0,0,0,1.000,1.000,1.000,-90.00,180.00,31.50,OPEN,0
669689.912,0,0,0,1.000,1.000,1.000,-90.00,180.00,31.50,OPEN,0
669689.916,0,0,0,1.000,1.000,1.000,-90.00,180.00,31.50,OPEN,0
669689.921,0,0,0,1.000,1.000,1.000,-90.00,180.00,31.50,OPEN,0
669689.925,0,0,0,1.000,1.000,1.000,-90.00,180.00,31.50,OPEN,0
669689.932,0,0,0,1.000,1.000,1.000,-90.00,180.00,31.50,OPEN,0
669689.936,0,0,0,1.000,1.000,1.000,-90.00,180.00,31.50,OPEN,0
669689.940,0,0,0,1.000,1.000,1.000,-90.00,180.00,31.50,OPEN,0
669689.948,0,0,0,1.000,1.000,1.000,-90.00,180.00,31.50,OPEN,0
669689.952,0,0,0,1.000,1.000,1.000,-90.00,180.00,31.50,OPEN,0
669689.955,0,0,0,1.000,1.000,1.000,-90.00,180.00,31.50,OPEN,0
669689.963,0,0,0,1.000,1.000,1.000,-90.00,180.00,31.50,OPEN,0
669689.967,0,0,0,1.000,1.000,1.000,-90.00,180.00,31.50,OPEN,0
669689.975,0,0,0,1.000,1.000,1.000,-90.00,180.00,31.50,OPEN,0
669689.979,0,0,0,1.000,1.000,1.000,-90.00,180.00,31.50,OPEN,0
669689.987,0,0,0,1.000,1.000,1.000,-90.00,180.00,31.50,OPEN,0
669689.991,0,0,0,1.000,1.000,1.000,-90.00,180.00,31.50,OPEN,0
669689.994,0,0,0,1.000,1.000,1.000,-90.00,180.00,31.50,OPEN,0
669689.998,0,0,0,1.000,1.000,1.000,-90.00,180.00,31.50,OPEN,0
669690.004,0,0,0,1.000,1.000,1.000,-90.00,180.00,31.50,OPEN,0
669690.007,0,0,0,1.000,1.000,1.000,-90.00,180.00,31.50,OPEN,0
669690.013,0,0,0,1.000,1.000,1.000,-90.00,180.00,31.50,OPEN,0
669690.017,0,0,0,1.000,1.000,1.000,-90.00,180.00,31.50,OPEN,0
669690.021,0,0,0,1.000,1.000,1.000,-90.00,180.00,31.50,OPEN,0
669690.024,0,0,0,1.000,1.000,1.000,-90.00,180.00,31.50,OPEN,0
669690.030,0,0,0,1.000,1.000,1.000,-90.00,180.00,31.50,OPEN,0
669690.037,0,0,0,1.000,1.000,1.000,-90.00,180.00,31.50,OPEN,0
669690.044,0,0,0,1.000,1.000,1.000,-90.00,180.00,31.50,OPEN,0
669690.049,0,0,0,1.000,1.000,1.000,-90.00,180.00,31.50,OPEN,0
669690.053,0,0,0,1.000,1.000,1.000,-90.00,180.00,31.50,OPEN,0
669690.059,0,0,0,1.000,1.000,1.000,-90.00,180.00,31.50,OPEN,0
669690.063,0,0,0,1.000,1.000,1.000,-90.00,180.00,31.50,OPEN,0
669690.067,0,0,0,1.000,1.000,1.000,-90.00,180.00,31.50,OPEN,0
669690.071,0,0,0,1.000,1.000,1.000,-90.00,180.00,31.50,OPEN,0
669690.075,0,0,0,1.000,1.000,1.000,-90.00,180.00,31.50,OPEN,0
669690.079,0,0,0,1.000,1.000,1.000,-90.00,180.00,31.50,OPEN,0
669690.083,0,0,0,0.999,1.000,1.000,-90.00,180.00,31.50,OPEN,0
669690.086,0,0,0,0.999,1.000,1.000,-90.00,180.00,31.50,OPEN,0
669690.091,0,0,0,1.000,1.000,1.000,-90.00,180.00,31.50,OPEN,0
669690.094,0,0,0,1.000,1.000,1.000,-90.00,180.00,31.50,OPEN,0
669690.098,0,0,0,1.000,1.000,1.000,-90.00,180.00,31.50,OPEN,0
669690.102,0,0,0,1.000,1.000,1.000,-90.00,180.00,31.50,OPEN,0
669690.106,0,0,0,1.000,1.000,1.000,-90.00,180.00,31.50,OPEN,0
669690.114,0,0,0,1.000,1.000,1.000,-90.00,180.00,31.50,OPEN,0
669690.118,0,0,0,1.000,1.000,1.000,-90.00,180.00,31.50,OPEN,0
669690.122,0,0,0,1.000,1.000,1.000,-90.00,180.00,31.50,OPEN,0
669690.126,0,0,0,1.000,1.000,1.000,-90.00,180.00,31.50,OPEN,0
669690.130,0,0,0,1.000,1.000,1.000,-90.00,180.00,31.50,OPEN,0
669690.134,0,0,0,1.000,1.000,1.000,-90.00,180.00,31.50,OPEN,0
669690.137,0,0,0,1.000,1.000,1.000,-90.00,180.00,31.50,OPEN,0
669690.141,0,0,0,1.000,1.000,1.000,-90.00,180.00,31.50,OPEN,0
669690.145,0,0,0,1.000,1.000,1.000,-90.00,180.00,31.50,OPEN,0
669690.148,0,0,0,1.000,1.000,1.000,-90.00,180.00,31.50,OPEN,0
669690.153,0,0,0,1.000,1.000,1.000,-90.00,180.00,31.50,OPEN,0
669690.157,0,0,0,1.000,1.000,1.000,-90.00,180.00,31.50,OPEN,0
669690.161,0,0,0,1.000,1.000,1.000,-90.00,180.00,31.50,OPEN,0
669690.165,0,0,0,1.000,1.000,1.000,-90.00,180.00,31.50,OPEN,0
669690.170,0,0,0,0.987,1.000,1.000,-90.00,180.00,31.50,OPEN,0
669690.174,0,0,0,0.950,1.000,1.000,-90.00,180.00,31.50,OPEN,0
669690.178,0,0,0,0.995,1.000,1.000,-90.00,180.00,31.50,OPEN,0
669690.182,0,0,0,0.999,1.000,1.000,-90.00,180.00,31.50,OPEN,0
669690.185,0,0,0,1.000,1.000,1.000,-90.00,180.00,31.50,OPEN,0
669690.189,0,0,0,1.000,1.000,1.000,-90.00,180.00,31.50,OPEN,0
669690.193,0,0,0,1.000,1.000,1.000,-90.00,180.00,31.50,OPEN,0
669690.197,0,0,0,1.000,1.000,1.000,-90.00,180.00,31.50,OPEN,0
669690.201,0,0,0,1.000,1.000,1.000,-90.00,180.00,31.50,OPEN,0
669690.205,2,0,0,1.000,1.000,1.000,-90.00,180.00,27.00,OPEN,1
669690.213,2,0,0,1.000,1.000,1.000,-90.00,180.00,27.00,OPEN,0
669690.218,2,0,0,1.000,1.000,1.000,-90.00,180.00,27.00,OPEN,0
669690.222,2,0,0,1.000,1.000,1.000,-90.00,180.00,27.00,OPEN,0
669690.226,2,0,0,1.000,1.000,1.000,-90.00,180.00,27.00,OPEN,0
669690.230,2,0,0,1.000,1.000,1.000,-90.00,180.00,27.00,OPEN,0
669690.233,2,0,0,1.000,1.000,1.000,-90.00,180.00,27.00,OPEN,0
669690.237,2,0,0,1.000,1.000,1.000,-90.00,180.00,27.00,OPEN,0
669690.241,2,0,0,1.000,1.000,1.000,-90.00,180.00,27.00,OPEN,0
669690.246,2,0,0,1.000,1.000,1.000,-90.00,180.00,27.00,OPEN,0
669690.251,2,0,0,1.000,1.000,1.000,-90.00,180.00,27.00,OPEN,0
669690.255,2,0,0,1.000,1.000,1.000,-90.00,180.00,27.00,OPEN,0
669690.261,2,0,0,1.000,1.000,1.000,-90.00,180.00,27.00,OPEN,0
669690.265,2,0,0,1.000,1.000,1.000,-90.00,180.00,27.00,OPEN,0
669690.269,2,0,0,1.000,1.000,1.000,-90.00,180.00,27.00,OPEN,0
669690.273,2,0,0,1.000,1.000,1.000,-90.00,180.00,27.00,OPEN,0
669690.277,2,0,0,1.000,1.000,1.000,-90.00,180.00,27.00,OPEN,0
669690.280,2,0,0,1.000,1.000,1.000,-90.00,180.00,27.00,OPEN,0
669690.284,2,0,0,1.000,1.000,1.000,-90.00,180.00,27.00,OPEN,0
669690.288,2,0,0,1.000,1.000,1.000,-90.00,180.00,27.00,OPEN,0
669690.295,2,0,0,1.000,1.000,1.000,-90.00,180.00,27.00,OPEN,0
669690.300,2,0,0,1.000,1.000,1.000,-90.00,180.00,27.00,OPEN,0
669690.304,2,0,0,1.000,1.000,1.000,-90.00,180.00,27.00,OPEN,0
669690.309,2,0,0,1.000,1.000,1.000,-90.00,180.00,22.50,OPEN,1
669690.312,2,0,0,1.000,1.000,1.000,-90.00,180.00,22.50,OPEN,0
669690.316,2,0,0,1.000,1.000,1.000,-90.00,180.00,22.50,OPEN,0
669690.320,2,0,0,1.000,1.000,1.000,-90.00,180.00,22.50,OPEN,0
669690.325,2,0,0,1.000,1.000,1.000,-90.00,180.00,22.50,OPEN,0
669690.328,2,0,0,1.000,1.000,1.000,-90.00,180.00,22.50,OPEN,0
669690.332,2,0,0,1.000,1.000,1.000,-90.00,180.00,22.50,OPEN,0
669690.337,2,0,0,1.000,1.000,1.000,-90.00,180.00,22.50,OPEN,0
669690.341,2,0,0,1.000,1.000,1.000,-90.00,180.00,22.50,OPEN,0
669690.345,2,0,0,1.000,1.000,1.000,-90.00,180.00,22.50,OPEN,0
669690.352,2,0,0,1.000,1.000,1.000,-90.00,180.00,22.50,OPEN,0
669690.356,2,0,0,1.000,1.000,1.000,-90.00,180.00,22.50,OPEN,0
669690.360,2,0,0,1.000,1.000,1.000,-90.00,180.00,22.50,OPEN,0
669690.364,2,0,0,1.000,1.000,1.000,-90.00,180.00,22.50,OPEN,0
669690.368,2,0,0,1.000,1.000,1.000,-90.00,180.00,22.50,OPEN,0
669690.372,2,0,0,1.000,1.000,1.000,-90.00,180.00,22.50,OPEN,0
669690.376,2,0,0,1.000,1.000,1.000,-90.00,180.00,22.50,OPEN,0
669690.380,2,0,0,1.000,1.000,1.000,-90.00,180.00,22.50,OPEN,0
669690.384,2,0,0,1.000,1.000,1.000,-90.00,180.00,22.50,OPEN,0
669690.391,2,0,0,1.000,1.000,1.000,-90.00,180.00,22.50,OPEN,0
669690.395,2,0,0,1.000,1.000,1.000,-90.00,180.00,22.50,OPEN,0
669690.399,2,0,0,1.000,1.000,1.000,-90.00,180.00,22.50,OPEN,0
669690.409,2,0,0,1.000,1.000,1.000,-90.00,180.00,18.00,OPEN,1
669690.417,2,0,0,1.000,1.000,1.000,-90.00,180.00,18.00,OPEN,0
669690.425,2,0,0,1.000,1.000,1.000,-90.00,180.00,18.00,OPEN,0
669690.433,2,0,0,1.000,1.000,1.000,-90.00,180.00,18.00,OPEN,0
669690.441,2,0,0,1.000,1.000,1.000,-90.00,180.00,18.00,OPEN,0
669690.450,2,0,0,1.000,1.000,1.000,-90.00,180.00,18.00,OPEN,0
669690.454,2,0,0,1.000,1.000,1.000,-90.00,180.00,18.00,OPEN,0
669690.458,2,0,0,1.000,1.000,1.000,-90.00,180.00,18.00,OPEN,0
669690.462,2,0,0,1.000,1.000,1.000,-90.00,180.00,18.00,OPEN,0
669690.466,2,0,0,1.000,1.000,1.000,-90.00,180.00,18.00,OPEN,0
669690.470,2,0,0,1.000,1.000,1.000,-90.00,180.00,18.00,OPEN,0
669690.474,2,0,0,1.000,1.000,1.000,-90.00,180.00,18.00,OPEN,0
669690.478,2,0,0,1.000,1.000,1.000,-90.00,180.00,18.00,OPEN,0
669690.482,2,0,0,1.000,1.000,1.000,-90.00,180.00,18.00,OPEN,0
669690.485,2,0,0,1.000,1.000,1.000,-90.00,180.00,18.00,OPEN,0
669690.493,2,0,0,1.000,1.000,1.000,-90.00,180.00,18.00,OPEN,0
669690.500,2,0,0,1.000,1.000,1.000,-90.00,180.00,18.00,OPEN,0
669690.504,2,0,0,1.000,1.000,1.000,-90.00,180.00,18.00,OPEN,0
669690.508,2,0,0,1.000,1.000,1.000,-90.00,180.00,18.00,OPEN,0
669690.512,2,0,0,1.000,1.000,1.000,-90.00,180.00,13.50,OPEN,1
669690.520,2,0,0,1.000,1.000,1.000,-90.00,180.00,13.50,OPEN,0
669690.524,2,0,0,1.000,1.000,1.000,-90.00,180.00,13.50,OPEN,0
669690.527,2,0,0,1.000,1.000,1.000,-90.00,180.00,13.50,OPEN,0
669690.531,2,0,0,1.000,1.000,1.000,-90.00,180.00,13.50,OPEN,0
669690.534,2,0,0,1.000,1.000,1.000,-90.00,180.00,13.50,OPEN,0
669690.538,2,0,0,1.000,1.000,1.000,-90.00,180.00,13.50,OPEN,0
669690.542,2,0,0,1.000,1.000,1.000,-90.00,180.00,13.50,OPEN,0
669690.547,2,0,0,1.000,1.000,1.000,-90.00,180.00,13.50,OPEN,0
669690.550,2,0,0,1.000,1.000,1.000,-90.00,180.00,13.50,OPEN,0
669690.558,2,0,0,1.000,1.000,1.000,-90.00,180.00,13.50,OPEN,0
669690.562,2,0,0,1.000,1.000,1.000,-90.00,180.00,13.50,OPEN,0
669690.566,2,0,0,1.000,1.000,1.000,-90.00,180.00,13.50,OPEN,0
669690.570,2,0,0,1.000,1.000,1.000,-90.00,180.00,13.50,OPEN,0
669690.574,2,0,0,1.000,1.000,1.000,-90.00,180.00,13.50,OPEN,0
669690.577,2,0,0,1.000,1.000,1.000,-90.00,180.00,13.50,OPEN,0
669690.581,2,0,0,1.000,1.000,1.000,-90.00,180.00,13.50,OPEN,0
669690.585,2,0,0,1.000,1.000,1.000,-90.00,180.00,13.50,OPEN,0
669690.590,2,0,0,1.000,1.000,1.000,-90.00,180.00,13.50,OPEN,0
669690.594,2,0,0,1.000,1.000,1.000,-90.00,180.00,13.50,OPEN,0
669690.598,2,0,0,1.000,1.000,1.000,-90.00,180.00,13.50,OPEN,0
669690.602,2,0,0,1.000,1.000,1.000,-90.00,180.00,13.50,OPEN,0
669690.608,2,0,0,1.000,1.000,1.000,-90.00,180.00,13.50,OPEN,0
669690.612,2,0,0,1.000,1.000,1.000,-90.00,180.00,9.00,OPEN,1
669690.616,2,0,0,1.000,1.000,1.000,-90.00,180.00,9.00,OPEN,0
669690.620,2,0,0,1.000,1.000,1.000,-90.00,180.00,9.00,OPEN,0
669690.625,2,0,0,1.000,1.000,1.000,-90.00,180.00,9.00,OPEN,0
669690.629,2,0,0,1.000,1.000,1.000,-90.00,180.00,9.00,OPEN,0
669690.632,2,0,0,1.000,1.000,1.000,-90.00,180.00,9.00,OPEN,0
669690.636,2,0,0,1.000,1.000,1.000,-90.00,180.00,9.00,OPEN,0
669690.640,2,0,0,1.000,1.000,1.000,-90.00,180.00,9.00,OPEN,0
669690.643,2,0,0,1.000,1.000,1.000,-90.00,180.00,9.00,OPEN,0
669690.654,2,0,0,1.000,1.000,1.000,-90.00,180.00,9.00,OPEN,0
669690.659,2,0,0,1.000,1.000,1.000,-90.00,180.00,9.00,OPEN,0
669690.663,2,0,0,1.000,1.000,1.000,-90.00,180.00,9.00,OPEN,0
669690.667,2,0,0,1.000,1.000,1.000,-90.00,180.00,9.00,OPEN,0
669690.673,2,0,0,1.000,1.000,1.000,-90.00,180.00,9.00,OPEN,0
669690.676,2,0,0,1.000,1.000,1.000,-90.00,180.00,9.00,OPEN,0
669690.682,2,0,0,1.000,1.000,1.000,-90.00,180.00,9.00,OPEN,0
669690.691,2,0,0,1.000,1.000,1.000,-90.00,180.00,9.00,OPEN,0
669690.695,2,0,0,1.000,1.000,1.000,-90.00,180.00,9.00,OPEN,0
669690.699,2,0,0,1.000,1.000,1.000,-90.00,180.00,9.00,OPEN,0
669690.703,2,0,0,1.000,1.000,1.000,-90.00,180.00,9.00,OPEN,0
669690.711,2,0,0,1.000,1.000,1.000,-90.00,180.00,9.00,OPEN,0
669690.719,2,0,0,1.000,1.000,1.000,-90.00,180.00,4.50,OPEN,1
669690.725,2,0,0,1.000,1.000,1.000,-90.00,180.00,4.50,OPEN,0
669690.732,2,0,0,0.998,1.000,1.000,-90.00,180.00,4.50,OPEN,0
669690.738,2,0,0,0.965,1.000,1.000,-90.00,180.00,4.50,OPEN,0
669690.741,2,0,0,0.756,1.000,1.000,-90.00,180.00,4.50,OPEN,0
669690.745,2,0,0,0.497,1.000,1.000,-90.00,180.00,4.50,OPEN,0
669690.748,2,0,0,0.483,1.000,1.000,-90.00,180.00,4.50,OPEN,0
669690.752,2,0,0,0.485,1.000,1.000,-90.00,180.00,4.50,OPEN,0
669690.760,2,0,0,0.576,1.000,1.000,-90.00,180.00,4.50,OPEN,0
669690.767,2,0,0,0.719,1.000,1.000,-90.00,180.00,4.50,OPEN,0
669690.772,2,0,0,0.803,1.000,1.000,-90.00,180.00,4.50,OPEN,0
669690.775,2,0,0,0.917,1.000,1.000,-90.00,180.00,4.50,OPEN,0
669690.780,2,0,0,0.899,1.000,1.000,-90.00,180.00,4.50,OPEN,0
669690.783,2,0,0,0.913,1.000,1.000,-90.00,180.00,4.50,OPEN,0
669690.787,2,0,0,0.941,1.000,1.000,-90.00,180.00,4.50,OPEN,0
669690.791,0,0,0,0.967,1.000,1.000,-90.00,180.00,4.50,OPEN,0
669690.795,0,0,0,0.987,1.000,1.000,-90.00,180.00,4.50,OPEN,0
669690.803,0,0,0,0.999,1.000,1.000,-90.00,180.00,4.50,OPEN,0
669690.807,0,0,0,1.000,1.000,1.000,-90.00,180.00,4.50,OPEN,0
669690.812,0,0,0,1.000,1.000,1.000,-90.00,180.00,4.50,OPEN,0
669690.820,0,0,0,1.000,1.000,1.000,-90.00,180.00,4.50,OPEN,0
669690.824,0,0,0,1.000,1.000,1.000,-90.00,180.00,4.50,OPEN,0
669690.828,0,0,0,1.000,1.000,1.000,-90.00,180.00,4.50,OPEN,0
669690.832,0,0,0,1.000,1.000,1.000,-90.00,180.00,4.50,OPEN,0
669690.836,0,0,0,1.000,1.000,1.000,-90.00,180.00,4.50,OPEN,0
669690.843,0,0,0,1.000,1.000,1.000,-90.00,180.00,4.50,OPEN,0
669690.847,0,0,0,1.000,1.000,1.000,-90.00,180.00,4.50,OPEN,0
669690.851,0,0,0,1.000,1.000,1.000,-90.00,180.00,4.50,OPEN,0
669690.856,0,0,0,1.000,1.000,1.000,-90.00,180.00,4.50,OPEN,0
669690.859,0,0,0,1.000,1.000,1.000,-90.00,180.00,4.50,OPEN,0
669690.863,0,0,0,1.000,1.000,1.000,-90.00,180.00,4.50,OPEN,0
669690.867,0,0,0,1.000,1.000,1.000,-90.00,180.00,4.50,OPEN,0
669690.872,0,0,0,1.000,1.000,1.000,-90.00,180.00,4.50,OPEN,0
669690.875,0,0,0,1.000,1.000,1.000,-90.00,180.00,4.50,OPEN,0
669690.879,0,0,0,1.000,1.000,1.000,-90.00,180.00,4.50,OPEN,0
669690.883,0,0,0,1.000,1.000,1.000,-90.00,180.00,4.50,OPEN,0
669690.888,0,0,0,1.000,1.000,1.000,-90.00,180.00,4.50,OPEN,0
669690.892,0,0,0,1.000,1.000,1.000,-90.00,180.00,4.50,OPEN,0
669690.896,0,0,0,1.000,1.000,1.000,-90.00,180.00,4.50,OPEN,0
669690.900,0,0,0,1.000,1.000,1.000,-90.00,180.00,4.50,OPEN,0
669690.905,0,0,0,1.000,1.000,1.000,-90.00,180.00,4.50,OPEN,0
669690.909,0,0,0,1.000,1.000,1.000,-90.00,180.00,4.50,OPEN,0
669690.913,0,0,0,1.000,1.000,1.000,-90.00,180.00,4.50,OPEN,0
669690.918,0,0,0,1.000,1.000,1.000,-90.00,180.00,4.50,OPEN,0
669690.923,0,0,0,1.000,1.000,1.000,-90.00,180.00,4.50,OPEN,0
669690.926,0,0,0,1.000,1.000,1.000,-90.00,180.00,4.50,OPEN,0
669690.931,0,0,0,1.000,1.000,1.000,-90.00,180.00,4.50,OPEN,0
669690.935,0,0,0,1.000,1.000,1.000,-90.00,180.00,4.50,OPEN,0
669690.944,0,0,0,1.000,1.000,1.000,-90.00,180.00,4.50,OPEN,0
669690.951,0,0,0,1.000,1.000,1.000,-90.00,180.00,4.50,OPEN,0
669690.955,0,0,0,1.000,1.000,1.000,-90.00,180.00,4.50,OPEN,0
669690.958,0,0,0,1.000,1.000,1.000,-90.00,180.00,4.50,OPEN,0
669690.962,0,0,0,1.000,1.000,1.000,-90.00,180.00,4.50,OPEN,0
669690.971,0,0,0,1.000,1.000,1.000,-90.00,180.00,4.50,OPEN,0
669690.975,0,0,0,1.000,1.000,1.000,-90.00,180.00,4.50,OPEN,0
669690.979,0,0,0,1.000,1.000,1.000,-90.00,180.00,4.50,OPEN,0
669690.983,0,0,0,1.000,1.000,1.000,-90.00,180.00,4.50,OPEN,0
669690.987,0,0,0,1.000,1.000,1.000,-90.00,180.00,4.50,OPEN,0
669690.991,0,0,0,1.000,1.000,1.000,-90.00,180.00,4.50,OPEN,0
669690.995,0,0,0,1.000,1.000,1.000,-90.00,180.00,4.50,OPEN,0
669690.999,0,0,0,1.000,1.000,1.000,-90.00,180.00,4.50,OPEN,0
669691.004,0,0,0,1.000,1.000,1.000,-90.00,180.00,4.50,OPEN,0
669691.008,0,0,0,1.000,1.000,1.000,-90.00,180.00,4.50,OPEN,0
669691.013,0,0,0,1.000,1.000,1.000,-90.00,180.00,4.50,OPEN,0
669691.017,0,0,0,1.000,1.000,1.000,-90.00,180.00,4.50,OPEN,0
669691.024,0,0,0,1.000,1.000,1.000,-90.00,180.00,4.50,OPEN,0
669691.028,0,0,0,1.000,1.000,1.000,-90.00,180.00,4.50,OPEN,0
669691.032,0,0,0,1.000,1.000,1.000,-90.00,180.00,4.50,OPEN,0
669691.036,0,0,0,1.000,1.000,1.000,-90.00,180.00,4.50,OPEN,0
669691.046,0,0,0,1.000,1.000,1.000,-90.00,180.00,4.50,OPEN,0
669691.050,0,0,0,1.000,1.000,1.000,-90.00,180.00,4.50,OPEN,0
669691.054,0,0,0,1.000,1.000,1.000,-90.00,180.00,4.50,OPEN,0
669691.058,0,0,0,1.000,1.000,1.000,-90.00,180.00,4.50,OPEN,0
669691.065,0,0,0,1.000,1.000,1.000,-90.00,180.00,4.50,OPEN,0
669691.069,0,0,0,1.000,1.000,1.000,-90.00,180.00,4.50,OPEN,0
669691.072,0,0,0,1.000,1.000,1.000,-90.00,180.00,4.50,OPEN,0
669691.077,0,0,0,1.000,1.000,1.000,-90.00,180.00,4.50,OPEN,0
669691.081,0,0,0,1.000,1.000,1.000,-90.00,180.00,4.50,OPEN,0
669691.084,0,0,0,1.000,1.000,1.000,-90.00,180.00,4.50,OPEN,0
669691.088,0,0,0,1.000,1.000,1.000,-90.00,180.00,4.50,OPEN,0
669691.092,0,0,0,1.000,1.000,1.000,-90.00,180.00,4.50,OPEN,0
669691.096,0,0,0,1.000,1.000,1.000,-90.00,180.00,4.50,OPEN,0
669691.100,0,0,0,1.000,1.000,1.000,-90.00,180.00,4.50,OPEN,0
669691.103,0,0,0,1.000,1.000,1.000,-90.00,180.00,4.50,OPEN,0
669691.107,0,0,0,1.000,1.000,1.000,-90.00,180.00,4.50,OPEN,0
669691.111,0,0,0,1.000,1.000,1.000,-90.00,180.00,4.50,OPEN,0
669691.115,0,0,0,1.000,1.000,1.000,-90.00,180.00,4.50,OPEN,0
669691.126,0,0,0,1.000,1.000,1.000,-90.00,180.00,4.50,OPEN,0
669691.134,0,0,0,1.000,1.000,1.000,-90.00,180.00,4.50,OPEN,0
669691.137,0,0,0,1.000,1.000,1.000,-90.00,180.00,4.50,OPEN,0
669691.141,0,0,0,1.000,1.000,1.000,-90.00,180.00,4.50,OPEN,0
669691.146,0,0,0,1.000,1.000,1.000,-90.00,180.00,4.50,OPEN,0
669691.149,0,0,0,1.000,1.000,1.000,-90.00,180.00,4.50,OPEN,0
669691.153,0,0,0,1.000,1.000,1.000,-90.00,180.00,4.50,OPEN,0
669691.157,0,0,0,1.000,1.000,1.000,-90.00,180.00,4.50,OPEN,0
669691.169,0,0,0,1.000,1.000,1.000,-90.00,180.00,4.50,OPEN,0
669691.174,0,0,0,1.000,1.000,1.000,-90.00,180.00,4.50,OPEN,0
669691.183,0,0,0,1.000,1.000,1.000,-90.00,180.00,4.50,OPEN,0
669691.186,0,0,0,1.000,1.000,1.000,-90.00,180.00,4.50,OPEN,0
669691.190,0,0,0,1.000,1.000,1.000,-90.00,180.00,4.50,OPEN,0
669691.194,0,0,0,1.000,1.000,1.000,-90.00,180.00,4.50,OPEN,0
669691.197,0,0,0,1.000,1.000,1.000,-90.00,180.00,4.50,OPEN,0
669691.201,0,0,0,1.000,1.000,1.000,-90.00,180.00,4.50,OPEN,0
669691.205,0,0,0,1.000,1.000,1.000,-90.00,180.00,4.50,OPEN,0
669691.209,0,0,0,1.000,1.000,1.000,-90.00,180.00,4.50,OPEN,0
669691.214,0,0,0,1.000,1.000,1.000,-90.00,180.00,4.50,OPEN,0
669691.219,0,0,0,1.000,1.000,1.000,-90.00,180.00,4.50,OPEN,0
669691.224,0,0,0,1.000,1.000,1.000,-90.00,180.00,4.50,OPEN,0
669691.232,0,0,0,1.000,1.000,1.000,-90.00,180.00,4.50,OPEN,0
669691.237,0,0,0,1.000,1.000,1.000,-90.00,180.00,4.50,OPEN,0
669691.241,0,0,0,1.000,1.000,1.000,-90.00,180.00,4.50,OPEN,0
669691.245,0,0,0,1.000,1.000,1.000,-90.00,180.00,4.50,OPEN,0
669691.248,0,0,0,1.000,1.000,1.000,-90.00,180.00,4.50,OPEN,0
669691.252,0,0,0,1.000,1.000,1.000,-90.00,180.00,4.50,OPEN,0
669691.256,0,0,0,1.000,1.000,1.000,-90.00,180.00,4.50,OPEN,0
669691.260,0,0,0,1.000,1.000,1.000,-90.00,180.00,4.50,OPEN,0
669691.264,0,0,0,1.000,1.000,1.000,-90.00,180.00,4.50,OPEN,0
669691.268,0,0,0,1.000,1.000,1.000,-90.00,180.00,4.50,OPEN,0
669691.272,0,0,0,1.000,1.000,1.000,-90.00,180.00,4.50,OPEN,0
669691.279,0,0,0,1.000,1.000,1.000,-90.00,180.00,4.50,OPEN,0
669691.283,0,0,0,1.000,1.000,1.000,-90.00,180.00,4.50,OPEN,0
669691.287,0,0,0,1.000,1.000,1.000,-90.00,180.00,4.50,OPEN,0
669691.291,0,0,0,1.000,1.000,1.000,-90.00,180.00,4.50,OPEN,0
669691.295,0,0,0,1.000,1.000,1.000,-90.00,180.00,4.50,OPEN,0
669691.299,0,0,0,1.000,1.000,1.000,-90.00,180.00,4.50,OPEN,0
669691.302,0,0,0,1.000,1.000,1.000,-90.00,180.00,4.50,OPEN,0
669691.307,0,0,0,1.000,1.000,1.000,-90.00,180.00,4.50,OPEN,0
669691.311,0,0,0,1.000,1.000,1.000,-90.00,180.00,4.50,OPEN,0
669691.315,0,0,0,1.000,1.000,1.000,-90.00,180.00,4.50,OPEN,0
669691.320,0,0,0,1.000,1.000,1.000,-90.00,180.00,4.50,OPEN,0
669691.326,0,0,0,1.000,1.000,1.000,-90.00,180.00,4.50,OPEN,0
669691.330,0,0,0,1.000,1.000,1.000,-90.00,180.00,4.50,OPEN,0
669691.334,0,0,0,1.000,1.000,1.000,-90.00,180.00,4.50,OPEN,0
669691.337,0,0,0,1.000,1.000,1.000,-90.00,180.00,4.50,OPEN,0
669691.341,0,0,0,1.000,1.000,1.000,-90.00,180.00,4.50,OPEN,0
669691.345,0,0,0,1.000,1.000,1.000,-90.00,180.00,4.50,OPEN,0
669691.350,0,0,0,1.000,1.000,1.000,-90.00,180.00,4.50,OPEN,0
669691.353,0,0,0,1.000,1.000,1.000,-90.00,180.00,4.50,OPEN,0
669691.357,0,0,0,1.000,1.000,1.000,-90.00,180.00,4.50,OPEN,0
669691.361,0,0,0,1.000,1.000,1.000,-90.00,180.00,4.50,OPEN,0
669691.365,0,0,0,1.000,1.000,1.000,-90.00,180.00,4.50,OPEN,0
669691.372,0,0,0,1.000,1.000,1.000,-90.00,180.00,4.50,OPEN,0
669691.376,0,0,0,1.000,1.000,1.000,-90.00,180.00,4.50,OPEN,0
669691.380,0,0,0,1.000,1.000,1.000,-90.00,180.00,4.50,OPEN,0
669691.383,0,0,0,1.000,1.000,1.000,-90.00,180.00,4.50,OPEN,0
669691.387,0,0,0,1.000,1.000,1.000,-90.00,180.00,4.50,OPEN,0
669691.392,0,0,0,1.000,1.000,1.000,-90.00,180.00,4.50,OPEN,0
669691.396,0,0,0,1.000,1.000,1.000,-90.00,180.00,4.50,OPEN,0
669691.401,0,0,0,1.000,1.000,1.000,-90.00,180.00,4.50,OPEN,0
669691.409,0,0,0,1.000,1.000,1.000,-90.00,180.00,4.50,OPEN,0
669691.413,0,0,0,1.000,1.000,1.000,-90.00,180.00,4.50,OPEN,0
669691.416,0,0,0,1.000,1.000,1.000,-90.00,180.00,4.50,OPEN,0
669691.421,0,0,0,1.000,1.000,1.000,-90.00,180.00,4.50,OPEN,0
669691.424,0,0,0,1.000,1.000,1.000,-90.00,180.00,4.50,OPEN,0
669691.429,0,0,0,1.000,1.000,1.000,-90.00,180.00,4.50,OPEN,0
669691.433,0,0,0,1.000,1.000,1.000,-90.00,180.00,4.50,OPEN,0
669691.437,0,0,0,1.000,1.000,1.000,-90.00,180.00,4.50,OPEN,0
669691.441,0,0,0,1.000,1.000,1.000,-90.00,180.00,4.50,OPEN,0
669691.449,0,0,0,1.000,1.000,1.000,-90.00,180.00,4.50,OPEN,0
669691.453,0,0,0,1.000,1.000,1.000,-90.00,180.00,4.50,OPEN,0
669691.460,0,0,0,1.000,1.000,1.000,-90.00,180.00,4.50,OPEN,0
669691.469,0,0,0,1.000,1.000,1.000,-90.00,180.00,4.50,OPEN,0
669691.477,0,0,0,1.000,1.000,1.000,-90.00,180.00,4.50,OPEN,0
669691.481,0,0,0,1.000,1.000,1.000,-90.00,180.00,4.50,OPEN,0
669691.486,0,0,0,1.000,1.000,1.000,-90.00,180.00,4.50,OPEN,0
669691.489,0,0,0,1.000,1.000,1.000,-90.00,180.00,4.50,OPEN,0
669691.493,0,0,0,0.999,1.000,1.000,-90.00,180.00,4.50,OPEN,0
669691.497,0,0,0,0.996,1.000,1.000,-90.00,180.00,4.50,OPEN,0
669691.501,0,0,0,0.992,1.000,1.000,-90.00,180.00,4.50,OPEN,0
669691.505,0,0,0,0.985,1.000,1.000,-90.00,180.00,4.50,OPEN,0
669691.509,0,0,0,0.997,1.000,1.000,-90.00,180.00,4.50,OPEN,0
669691.512,0,0,0,0.835,1.000,1.000,-90.00,180.00,4.50,OPEN,0
669691.516,0,0,0,0.997,1.000,1.000,-90.00,180.00,4.50,OPEN,0
669691.520,0,0,0,1.000,1.000,1.000,-90.00,180.00,4.50,OPEN,0
669691.524,0,0,0,1.000,1.000,1.000,-90.00,180.00,4.50,OPEN,0
669691.528,0,0,0,0.999,1.000,1.000,-90.00,180.00,4.50,OPEN,0
669691.534,0,0,0,0.984,1.000,1.000,-90.00,180.00,4.50,OPEN,0
669691.538,0,0,0,0.942,1.000,1.000,-90.00,180.00,4.50,OPEN,0
669691.541,0,0,0,0.531,1.000,1.000,-90.00,180.00,4.50,OPEN,0
669691.546,1,0,0,0.837,1.000,1.000,-90.00,180.00,9.00,OPEN,1
669691.557,1,0,0,0.928,1.000,1.000,-90.00,180.00,9.00,OPEN,0
669691.561,1,0,0,0.960,1.000,1.000,-90.00,180.00,9.00,OPEN,0
669691.564,1,0,0,0.968,1.000,1.000,-90.00,180.00,9.00,OPEN,0
669691.569,1,0,0,0.971,1.000,1.000,-90.00,180.00,9.00,OPEN,0
669691.577,1,0,0,0.978,1.000,1.000,-90.00,180.00,9.00,OPEN,0
669691.581,1,0,0,0.987,1.000,1.000,-90.00,180.00,9.00,OPEN,0
669691.587,1,0,0,0.994,1.000,1.000,-90.00,180.00,9.00,OPEN,0
669691.592,1,0,0,0.998,1.000,1.000,-90.00,180.00,9.00,OPEN,0
669691.595,1,0,0,0.999,1.000,1.000,-90.00,180.00,9.00,OPEN,0
669691.604,1,0,0,1.000,1.000,1.000,-90.00,180.00,9.00,OPEN,0
669691.607,1,0,0,1.000,1.000,1.000,-90.00,180.00,9.00,OPEN,0
669691.612,1,0,0,1.000,1.000,1.000,-90.00,180.00,9.00,OPEN,0
669691.616,1,0,0,1.000,1.000,1.000,-90.00,180.00,9.00,OPEN,0
669691.619,1,0,0,1.000,1.000,1.000,-90.00,180.00,9.00,OPEN,0
669691.623,1,0,0,1.000,1.000,1.000,-90.00,180.00,9.00,OPEN,0
669691.627,1,0,0,1.000,1.000,1.000,-90.00,180.00,9.00,OPEN,0
669691.631,1,0,0,1.000,1.000,1.000,-90.00,180.00,9.00,OPEN,0
669691.634,1,0,0,1.000,1.000,1.000,-90.00,180.00,9.00,OPEN,0
669691.639,1,0,0,1.000,1.000,1.000,-90.00,180.00,9.00,OPEN,0
669691.643,1,0,0,1.000,1.000,1.000,-90.00,180.00,9.00,OPEN,0
669691.648,1,0,0,1.000,1.000,1.000,-90.00,180.00,13.50,OPEN,1
669691.652,1,0,0,1.000,1.000,1.000,-90.00,180.00,13.50,OPEN,0
669691.656,1,0,0,1.000,1.000,1.000,-90.00,180.00,13.50,OPEN,0
669691.660,1,0,0,1.000,1.000,1.000,-90.00,180.00,13.50,OPEN,0
669691.665,1,0,0,1.000,1.000,1.000,-90.00,180.00,13.50,OPEN,0
669691.669,1,0,0,1.000,1.000,1.000,-90.00,180.00,13.50,OPEN,0
669691.677,1,0,0,1.000,1.000,1.000,-90.00,180.00,13.50,OPEN,0
669691.681,1,0,0,1.000,1.000,1.000,-90.00,180.00,13.50,OPEN,0
669691.685,1,0,0,1.000,1.000,1.000,-90.00,180.00,13.50,OPEN,0
669691.695,1,0,0,1.000,1.000,1.000,-90.00,180.00,13.50,OPEN,0
669691.698,1,0,0,1.000,1.000,1.000,-90.00,180.00,13.50,OPEN,0
669691.702,1,0,0,1.000,1.000,1.000,-90.00,180.00,13.50,OPEN,0
669691.706,1,0,0,1.000,1.000,1.000,-90.00,180.00,13.50,OPEN,0
669691.710,1,0,0,1.000,1.000,1.000,-90.00,180.00,13.50,OPEN,0
669691.713,1,0,0,1.000,1.000,1.000,-90.00,180.00,13.50,OPEN,0
669691.718,1,0,0,1.000,1.000,1.000,-90.00,180.00,13.50,OPEN,0
669691.721,1,0,0,1.000,1.000,1.000,-90.00,180.00,13.50,OPEN,0
669691.728,1,0,0,1.000,1.000,1.000,-90.00,180.00,13.50,OPEN,0
669691.732,1,0,0,1.000,1.000,1.000,-90.00,180.00,13.50,OPEN,0
669691.738,1,0,0,1.000,1.000,1.000,-90.00,180.00,13.50,OPEN,0
669691.742,1,0,0,1.000,1.000,1.000,-90.00,180.00,13.50,OPEN,0
669691.745,1,0,0,1.000,1.000,1.000,-90.00,180.00,13.50,OPEN,0
669691.748,1,0,0,1.000,1.000,1.000,-90.00,180.00,18.00,OPEN,1
669691.753,1,0,0,1.000,1.000,1.000,-90.00,180.00,18.00,OPEN,0
669691.756,1,0,0,1.000,1.000,1.000,-90.00,180.00,18.00,OPEN,0
669691.762,1,0,0,1.000,1.000,1.000,-90.00,180.00,18.00,OPEN,0
669691.769,1,0,0,1.000,1.000,1.000,-90.00,180.00,18.00,OPEN,0
669691.777,1,0,0,1.000,1.000,1.000,-90.00,180.00,18.00,OPEN,0
669691.780,1,0,0,1.000,1.000,1.000,-90.00,180.00,18.00,OPEN,0
669691.784,1,0,0,1.000,1.000,1.000,-90.00,180.00,18.00,OPEN,0
669691.788,1,0,0,1.000,1.000,1.000,-90.00,180.00,18.00,OPEN,0
669691.792,1,0,0,1.000,1.000,1.000,-90.00,180.00,18.00,OPEN,0
669691.796,1,0,0,1.000,1.000,1.000,-90.00,180.00,18.00,OPEN,0
669691.803,1,0,0,1.000,1.000,1.000,-90.00,180.00,18.00,OPEN,0
669691.807,1,0,0,1.000,1.000,1.000,-90.00,180.00,18.00,OPEN,0
669691.811,1,0,0,1.000,1.000,1.000,-90.00,180.00,18.00,OPEN,0
669691.815,1,0,0,1.000,1.000,1.000,-90.00,180.00,18.00,OPEN,0
669691.819,1,0,0,1.000,1.000,1.000,-90.00,180.00,18.00,OPEN,0
669691.823,1,0,0,1.000,1.000,1.000,-90.00,180.00,18.00,OPEN,0
669691.828,1,0,0,1.000,1.000,1.000,-90.00,180.00,18.00,OPEN,0
669691.835,1,0,0,1.000,1.000,1.000,-90.00,180.00,18.00,OPEN,0
669691.843,1,0,0,1.000,1.000,1.000,-90.00,180.00,18.00,OPEN,0
669691.849,1,0,0,1.000,1.000,1.000,-90.00,180.00,22.50,OPEN,1
669691.857,1,0,0,1.000,1.000,1.000,-90.00,180.00,22.50,OPEN,0
669691.867,1,0,0,1.000,1.000,1.000,-90.00,180.00,22.50,OPEN,0
669691.871,1,0,0,1.000,1.000,1.000,-90.00,180.00,22.50,OPEN,0
669691.875,1,0,0,1.000,1.000,1.000,-90.00,180.00,22.50,OPEN,0
669691.880,1,0,0,1.000,1.000,1.000,-90.00,180.00,22.50,OPEN,0
669691.885,1,0,0,1.000,1.000,1.000,-90.00,180.00,22.50,OPEN,0
669691.889,1,0,0,1.000,1.000,1.000,-90.00,180.00,22.50,OPEN,0
669691.893,1,0,0,1.000,1.000,1.000,-90.00,180.00,22.50,OPEN,0
669691.897,1,0,0,1.000,1.000,1.000,-90.00,180.00,22.50,OPEN,0
669691.904,1,0,0,1.000,1.000,1.000,-90.00,180.00,22.50,OPEN,0
669691.914,1,0,0,1.000,1.000,1.000,-90.00,180.00,22.50,OPEN,0
669691.919,1,0,0,1.000,1.000,1.000,-90.00,180.00,22.50,OPEN,0
669691.924,1,0,0,1.000,1.000,1.000,-90.00,180.00,22.50,OPEN,0
669691.928,1,0,0,1.000,1.000,1.000,-90.00,180.00,22.50,OPEN,0
669691.932,1,0,0,1.000,1.000,1.000,-90.00,180.00,22.50,OPEN,0
669691.936,1,0,0,1.000,1.000,1.000,-90.00,180.00,22.50,OPEN,0
669691.940,1,0,0,1.000,1.000,1.000,-90.00,180.00,22.50,OPEN,0
669691.944,1,0,0,1.000,1.000,1.000,-90.00,180.00,22.50,OPEN,0
669691.947,1,0,0,1.000,1.000,1.000,-90.00,180.00,22.50,OPEN,0
669691.951,1,0,0,1.000,1.000,1.000,-90.00,180.00,27.00,OPEN,1
669691.956,1,0,0,1.000,1.000,1.000,-90.00,180.00,27.00,OPEN,0
669691.960,1,0,0,1.000,1.000,1.000,-90.00,180.00,27.00,OPEN,0
669691.964,1,0,0,1.000,1.000,1.000,-90.00,180.00,27.00,OPEN,0
669691.969,1,0,0,1.000,1.000,1.000,-90.00,180.00,27.00,OPEN,0
669691.973,1,0,0,1.000,1.000,1.000,-90.00,180.00,27.00,OPEN,0
669691.978,1,0,0,1.000,1.000,1.000,-90.00,180.00,27.00,OPEN,0
669691.983,1,0,0,1.000,1.000,1.000,-90.00,180.00,27.00,OPEN,0
669691.987,1,0,0,1.000,1.000,1.000,-90.00,180.00,27.00,OPEN,0
669691.991,1,0,0,1.000,1.000,1.000,-90.00,180.00,27.00,OPEN,0
669691.995,1,0,0,1.000,1.000,1.000,-90.00,180.00,27.00,OPEN,0
669691.998,1,0,0,1.000,1.000,1.000,-90.00,180.00,27.00,OPEN,0
669692.006,1,0,0,1.000,1.000,1.000,-90.00,180.00,27.00,OPEN,0
669692.011,1,0,0,1.000,1.000,1.000,-90.00,180.00,27.00,OPEN,0
669692.015,1,0,0,1.000,1.000,1.000,-90.00,180.00,27.00,OPEN,0
669692.019,1,0,0,1.000,1.000,1.000,-90.00,180.00,27.00,OPEN,0
669692.027,1,0,0,1.000,1.000,1.000,-90.00,180.00,27.00,OPEN,0
669692.031,1,0,0,1.000,1.000,1.000,-90.00,180.00,27.00,OPEN,0
669692.035,1,0,0,0.997,1.000,1.000,-90.00,180.00,27.00,OPEN,0
669692.039,1,0,0,0.971,1.000,1.000,-90.00,180.00,27.00,OPEN,0
669692.043,1,0,0,0.568,1.000,1.000,-90.00,180.00,27.00,OPEN,0
669692.048,1,0,0,0.997,1.000,1.000,-90.00,180.00,27.00,OPEN,0
669692.052,1,0,0,1.000,1.000,1.000,-90.00,180.00,31.50,OPEN,1
669692.060,1,0,0,1.000,1.000,1.000,-90.00,180.00,31.50,OPEN,0
669692.065,1,0,0,1.000,1.000,1.000,-90.00,180.00,31.50,OPEN,0
669692.071,1,0,0,1.000,1.000,1.000,-90.00,180.00,31.50,OPEN,0
669692.075,1,0,0,1.000,1.000,1.000,-90.00,180.00,31.50,OPEN,0
669692.079,1,0,0,1.000,1.000,1.000,-90.00,180.00,31.50,OPEN,0
669692.082,0,0,0,1.000,1.000,1.000,-90.00,180.00,31.50,OPEN,0
669692.087,0,0,0,1.000,1.000,1.000,-90.00,180.00,31.50,OPEN,0
669692.091,0,0,0,1.000,1.000,1.000,-90.00,180.00,31.50,OPEN,0
669692.095,0,0,0,1.000,1.000,1.000,-90.00,180.00,31.50,OPEN,0
669692.098,0,0,0,1.000,1.000,1.000,-90.00,180.00,31.50,OPEN,0
669692.101,0,0,0,1.000,1.000,1.000,-90.00,180.00,31.50,OPEN,0
669692.109,0,0,0,1.000,1.000,1.000,-90.00,180.00,31.50,OPEN,0
669692.117,0,0,0,1.000,1.000,1.000,-90.00,180.00,31.50,OPEN,0
669692.122,0,0,0,1.000,1.000,1.000,-90.00,180.00,31.50,OPEN,0
669692.126,0,0,0,1.000,1.000,1.000,-90.00,180.00,31.50,OPEN,0
669692.130,0,0,0,1.000,1.000,1.000,-90.00,180.00,31.50,OPEN,0
669692.136,0,0,0,1.000,1.000,1.000,-90.00,180.00,31.50,OPEN,0
669692.140,0,0,0,1.000,1.000,1.000,-90.00,180.00,31.50,OPEN,0
669692.145,0,0,0,1.000,1.000,1.000,-90.00,180.00,31.50,OPEN,0
669692.150,0,0,0,1.000,1.000,1.000,-90.00,180.00,31.50,OPEN,0
669692.155,0,0,0,1.000,1.000,1.000,-90.00,180.00,31.50,OPEN,0
669692.159,0,0,0,1.000,1.000,1.000,-90.00,180.00,31.50,OPEN,0
669692.163,0,0,0,1.000,1.000,1.000,-90.00,180.00,31.50,OPEN,0
669692.171,0,0,0,1.000,1.000,1.000,-90.00,180.00,31.50,OPEN,0
669692.175,0,0,0,1.000,1.000,1.000,-90.00,180.00,31.50,OPEN,0
669692.179,0,0,0,1.000,1.000,1.000,-90.00,180.00,31.50,OPEN,0
669692.183,0,0,0,1.000,1.000,1.000,-90.00,180.00,31.50,OPEN,0
669692.186,0,0,0,1.000,1.000,1.000,-90.00,180.00,31.50,OPEN,0
669692.190,0,0,0,1.000,1.000,1.000,-90.00,180.00,31.50,OPEN,0
669692.195,0,0,0,1.000,1.000,1.000,-90.00,180.00,31.50,OPEN,0
669692.200,0,0,0,1.000,1.000,1.000,-90.00,180.00,31.50,OPEN,0
669692.205,0,0,0,1.000,1.000,1.000,-90.00,180.00,31.50,OPEN,0
669692.209,0,0,0,1.000,1.000,1.000,-90.00,180.00,31.50,OPEN,0
669692.213,0,0,0,1.000,1.000,1.000,-90.00,180.00,31.50,OPEN,0
669692.218,0,0,0,1.000,1.000,1.000,-90.00,180.00,31.50,OPEN,0
669692.222,0,0,0,1.000,1.000,1.000,-90.00,180.00,31.50,OPEN,0
669692.226,0,0,0,1.000,1.000,1.000,-90.00,180.00,31.50,OPEN,0
669692.230,0,0,0,1.000,1.000,1.000,-90.00,180.00,31.50,OPEN,0
669692.235,0,0,0,1.000,1.000,1.000,-90.00,180.00,31.50,OPEN,0
669692.243,0,0,0,1.000,1.000,1.000,-90.00,180.00,31.50,OPEN,0
669692.247,0,0,0,1.000,1.000,1.000,-90.00,180.00,31.50,OPEN,0
669692.250,0,0,0,1.000,1.000,1.000,-90.00,180.00,31.50,OPEN,0
669692.255,0,0,0,1.000,1.000,1.000,-90.00,180.00,31.50,OPEN,0
669692.261,0,0,0,1.000,1.000,1.000,-90.00,180.00,31.50,OPEN,0
669692.265,0,0,0,1.000,1.000,1.000,-90.00,180.00,31.50,OPEN,0
669692.271,0,0,0,1.000,1.000,1.000,-90.00,180.00,31.50,OPEN,0
669692.275,0,0,0,1.000,1.000,1.000,-90.00,180.00,31.50,OPEN,0
669692.279,0,0,0,1.000,1.000,1.000,-90.00,180.00,31.50,OPEN,0
669692.283,0,0,0,1.000,1.000,1.000,-90.00,180.00,31.50,OPEN,0
669692.287,0,0,0,1.000,1.000,1.000,-90.00,180.00,31.50,OPEN,0
669692.291,0,0,0,1.000,1.000,1.000,-90.00,180.00,31.50,OPEN,0
669692.299,0,0,0,1.000,1.000,1.000,-90.00,180.00,31.50,OPEN,0
669692.304,0,0,0,1.000,1.000,1.000,-90.00,180.00,31.50,OPEN,0
669692.312,0,0,0,1.000,1.000,1.000,-90.00,180.00,31.50,OPEN,0
669692.322,0,0,0,1.000,1.000,1.000,-90.00,180.00,31.50,OPEN,0
669692.329,0,0,0,1.000,1.000,1.000,-90.00,180.00,31.50,OPEN,0
669692.342,0,0,0,1.000,1.000,1.000,-90.00,180.00,31.50,OPEN,0
669692.352,0,0,0,1.000,1.000,1.000,-90.00,180.00,31.50,OPEN,0
669692.360,0,0,0,1.000,1.000,1.000,-90.00,180.00,31.50,OPEN,0
669692.370,0,0,0,1.000,1.000,1.000,-90.00,180.00,31.50,OPEN,0
669692.379,0,0,0,1.000,1.000,1.000,-90.00,180.00,31.50,OPEN,0
669692.388,0,0,0,1.000,1.000,1.000,-90.00,180.00,31.50,OPEN,0
669692.396,0,0,0,1.000,1.000,1.000,-90.00,180.00,31.50,OPEN,0
669692.404,0,0,0,1.000,1.000,1.000,-90.00,180.00,31.50,OPEN,0
669692.412,0,0,0,1.000,1.000,1.000,-90.00,180.00,31.50,OPEN,0
669692.421,0,0,0,1.000,1.000,1.000,-90.00,180.00,31.50,OPEN,0
669692.429,0,0,0,1.000,1.000,1.000,-90.00,180.00,31.50,OPEN,0
669692.433,0,0,0,1.000,1.000,1.000,-90.00,180.00,31.50,OPEN,0
669692.437,0,0,0,1.000,1.000,1.000,-90.00,180.00,31.50,OPEN,0
669692.441,0,0,0,1.000,1.000,1.000,-90.00,180.00,31.50,OPEN,0
669692.444,0,0,0,1.000,1.000,1.000,-90.00,180.00,31.50,OPEN,0
669692.448,0,0,0,1.000,1.000,1.000,-90.00,180.00,31.50,OPEN,0
669692.451,0,0,0,1.000,1.000,1.000,-90.00,180.00,31.50,OPEN,0
669692.456,0,0,0,1.000,1.000,1.000,-90.00,180.00,31.50,OPEN,0
669692.460,0,0,0,1.000,1.000,1.000,-90.00,180.00,31.50,OPEN,0
669692.468,0,0,0,1.000,1.000,1.000,-90.00,180.00,31.50,OPEN,0
669692.476,0,0,0,1.000,1.000,1.000,-90.00,180.00,31.50,OPEN,0
669692.483,0,0,0,1.000,1.000,1.000,-90.00,180.00,31.50,OPEN,0
669692.491,0,0,0,1.000,1.000,1.000,-90.00,180.00,31.50,OPEN,0
669692.495,0,0,0,1.000,1.000,1.000,-90.00,180.00,31.50,OPEN,0
669692.498,0,0,0,1.000,1.000,1.000,-90.00,180.00,31.50,OPEN,0
669692.502,0,0,0,1.000,1.000,1.000,-90.00,180.00,31.50,OPEN,0
669692.506,0,0,0,1.000,1.000,1.000,-90.00,180.00,31.50,OPEN,0
669692.510,0,0,0,1.000,1.000,1.000,-90.00,180.00,31.50,OPEN,0
669692.514,0,0,0,1.000,1.000,1.000,-90.00,180.00,31.50,OPEN,0
669692.518,0,0,0,1.000,1.000,1.000,-90.00,180.00,31.50,OPEN,0
669692.522,0,0,0,1.000,1.000,1.000,-90.00,180.00,31.50,OPEN,0
669692.530,0,0,0,1.000,1.000,1.000,-90.00,180.00,31.50,OPEN,0
669692.534,0,0,0,1.000,1.000,1.000,-90.00,180.00,31.50,OPEN,0
669692.538,0,0,0,1.000,1.000,1.000,-90.00,180.00,31.50,OPEN,0
669692.542,0,0,0,1.000,1.000,1.000,-90.00,180.00,31.50,OPEN,0
669692.546,0,0,0,1.000,1.000,1.000,-90.00,180.00,31.50,OPEN,0
669692.550,0,0,0,1.000,1.000,1.000,-90.00,180.00,31.50,OPEN,0
669692.558,0,0,0,1.000,1.000,1.000,-90.00,180.00,31.50,OPEN,0
669692.566,0,0,0,1.000,1.000,1.000,-90.00,180.00,31.50,OPEN,0
669692.570,0,0,0,1.000,1.000,1.000,-90.00,180.00,31.50,OPEN,0
669692.574,0,0,0,1.000,1.000,1.000,-90.00,180.00,31.50,OPEN,0
669692.578,0,0,0,1.000,1.000,1.000,-90.00,180.00,31.50,OPEN,0
669692.583,0,0,0,1.000,1.000,1.000,-90.00,180.00,31.50,OPEN,0
669692.587,0,0,0,1.000,1.000,1.000,-90.00,180.00,31.50,OPEN,0
669692.596,0,0,0,1.000,1.000,1.000,-90.00,180.00,31.50,OPEN,0
669692.603,0,0,0,1.000,1.000,1.000,-90.00,180.00,31.50,OPEN,0
669692.611,0,0,0,1.000,1.000,1.000,-90.00,180.00,31.50,OPEN,0
669692.620,0,0,0,1.000,1.000,1.000,-90.00,180.00,31.50,OPEN,0
669692.629,0,0,0,1.000,1.000,1.000,-90.00,180.00,31.50,OPEN,0
669692.635,0,0,0,1.000,1.000,1.000,-90.00,180.00,31.50,OPEN,0
669692.643,0,0,0,1.000,1.000,1.000,-90.00,180.00,31.50,OPEN,0
669692.652,0,0,0,1.000,1.000,1.000,-90.00,180.00,31.50,OPEN,0
669692.660,0,0,0,1.000,1.000,1.000,-90.00,180.00,31.50,OPEN,0
669692.665,0,0,0,1.000,1.000,1.000,-90.00,180.00,31.50,OPEN,0
669692.669,0,0,0,1.000,1.000,1.000,-90.00,180.00,31.50,OPEN,0
669692.674,0,0,0,1.000,1.000,1.000,-90.00,180.00,31.50,OPEN,0
669692.678,0,0,0,1.000,1.000,1.000,-90.00,180.00,31.50,OPEN,0
669692.683,0,0,0,1.000,1.000,1.000,-90.00,180.00,31.50,OPEN,0
669692.687,0,0,0,1.000,1.000,1.000,-90.00,180.00,31.50,OPEN,0
669692.693,0,0,0,1.000,1.000,1.000,-90.00,180.00,31.50,OPEN,0
669692.699,0,0,0,1.000,1.000,1.000,-90.00,180.00,31.50,OPEN,0
669692.704,0,0,0,1.000,1.000,1.000,-90.00,180.00,31.50,OPEN,0
669692.709,0,0,0,1.000,1.000,1.000,-90.00,180.00,31.50,OPEN,0
669692.714,0,0,0,1.000,1.000,1.000,-90.00,180.00,31.50,OPEN,0
669692.718,0,0,0,1.000,1.000,1.000,-90.00,180.00,31.50,OPEN,0
669692.724,0,0,0,1.000,1.000,1.000,-90.00,180.00,31.50,OPEN,0
669692.736,0,0,0,1.000,1.000,1.000,-90.00,180.00,31.50,OPEN,0
669692.747,0,0,0,1.000,1.000,1.000,-90.00,180.00,31.50,OPEN,0
669692.757,0,0,0,1.000,1.000,1.000,-90.00,180.00,31.50,OPEN,0
669692.766,0,0,0,1.000,1.000,1.000,-90.00,180.00,31.50,OPEN,0
669692.775,0,0,0,1.000,1.000,1.000,-90.00,180.00,31.50,OPEN,0
669692.784,0,0,0,1.000,1.000,1.000,-90.00,180.00,31.50,OPEN,0
669692.792,0,0,0,1.000,1.000,1.000,-90.00,180.00,31.50,OPEN,0
669692.800,0,0,0,1.000,1.000,1.000,-90.00,180.00,31.50,OPEN,0
669692.809,0,0,0,1.000,1.000,1.000,-90.00,180.00,31.50,OPEN,0
669692.817,0,0,0,1.000,1.000,1.000,-90.00,180.00,31.50,OPEN,0
669692.825,0,0,0,1.000,1.000,1.000,-90.00,180.00,31.50,OPEN,0
669692.833,0,0,0,1.000,1.000,1.000,-90.00,180.00,31.50,OPEN,0
669692.842,0,0,0,1.000,1.000,1.000,-90.00,180.00,31.50,OPEN,0
669692.847,0,0,0,1.000,1.000,1.000,-90.00,180.00,31.50,OPEN,0
669692.851,0,0,0,1.000,1.000,1.000,-90.00,180.00,31.50,OPEN,0
669692.855,0,0,0,1.000,1.000,1.000,-90.00,180.00,31.50,OPEN,0
669692.859,0,0,0,1.000,1.000,1.000,-90.00,180.00,31.50,OPEN,0
669692.865,0,0,0,1.000,1.000,1.000,-90.00,180.00,31.50,OPEN,0
669692.874,0,0,0,1.000,1.000,1.000,-90.00,180.00,31.50,OPEN,0
669692.879,0,0,0,1.000,1.000,1.000,-90.00,180.00,31.50,OPEN,0
669692.883,0,0,0,1.000,1.000,1.000,-90.00,180.00,31.50,OPEN,0
669692.888,0,0,0,1.000,1.000,1.000,-90.00,180.00,31.50,OPEN,0
669692.893,0,0,0,1.000,1.000,1.000,-90.00,180.00,31.50,OPEN,0
669692.898,0,0,0,1.000,1.000,1.000,-90.00,180.00,31.50,OPEN,0
669692.903,0,0,0,1.000,1.000,1.000,-90.00,180.00,31.50,OPEN,0
669692.907,0,0,0,1.000,1.000,1.000,-90.00,180.00,31.50,OPEN,0
669692.913,0,0,0,1.000,1.000,1.000,-90.00,180.00,31.50,OPEN,0
669692.918,0,0,0,1.000,1.000,1.000,-90.00,180.00,31.50,OPEN,0
669692.930,0,0,0,1.000,1.000,1.000,-90.00,180.00,31.50,OPEN,0
669692.939,0,0,0,1.000,1.000,1.000,-90.00,180.00,31.50,OPEN,0
669692.947,0,0,0,1.000,1.000,1.000,-90.00,180.00,31.50,OPEN,0
669692.954,0,0,0,1.000,1.000,1.000,-90.00,180.00,31.50,OPEN,0
669692.958,0,0,0,1.000,1.000,1.000,-90.00,180.00,31.50,OPEN,0
669692.965,0,0,0,1.000,1.000,1.000,-90.00,180.00,31.50,OPEN,0
669692.969,0,0,0,1.000,1.000,1.000,-90.00,180.00,31.50,OPEN,0
669692.974,0,0,0,1.000,1.000,1.000,-90.00,180.00,31.50,OPEN,0
669692.983,0,0,0,1.000,1.000,1.000,-90.00,180.00,31.50,OPEN,0
669692.988,0,0,0,1.000,1.000,1.000,-90.00,180.00,31.50,OPEN,0
669693.000,0,0,0,1.000,1.000,1.000,-90.00,180.00,31.50,OPEN,0
669693.011,0,0,0,1.000,1.000,1.000,-90.00,180.00,31.50,OPEN,0
669693.026,0,0,0,1.000,1.000,1.000,-90.00,180.00,31.50,OPEN,0
669693.048,0,0,0,1.000,1.000,1.000,-90.00,180.00,31.50,OPEN,0
669693.063,0,0,0,1.000,1.000,1.000,-90.00,180.00,31.50,OPEN,0
669693.076,0,0,0,1.000,1.000,1.000,-90.00,180.00,31.50,OPEN,0
669693.088,0,0,0,1.000,1.000,1.000,-90.00,180.00,31.50,OPEN,0
669693.098,0,0,0,1.000,1.000,1.000,-90.00,180.00,31.50,OPEN,0
669693.108,0,0,0,1.000,1.000,1.000,-90.00,180.00,31.50,OPEN,0
669693.118,0,0,0,1.000,1.000,1.000,-90.00,180.00,31.50,OPEN,0
669693.127,0,0,0,1.000,1.000,1.000,-90.00,180.00,31.50,OPEN,0
669693.138,0,0,0,1.000,1.000,1.000,-90.00,180.00,31.50,OPEN,0
669693.148,0,0,0,1.000,1.000,1.000,-90.00,180.00,31.50,OPEN,0
669693.160,0,0,0,1.000,1.000,1.000,-90.00,180.00,31.50,OPEN,0
669693.170,0,0,0,1.000,1.000,1.000,-90.00,180.00,31.50,OPEN,0
669693.181,0,0,0,1.000,1.000,1.000,-90.00,180.00,31.50,OPEN,0
669693.192,0,0,0,1.000,1.000,1.000,-90.00,180.00,31.50,OPEN,0
669693.204,0,0,0,1.000,1.000,1.000,-90.00,180.00,31.50,OPEN,0
669693.215,0,0,0,1.000,1.000,1.000,-90.00,180.00,31.50,OPEN,0
669693.226,0,0,0,1.000,1.000,1.000,-90.00,180.00,31.50,OPEN,0
669693.241,0,0,0,1.000,1.000,1.000,-90.00,180.00,31.50,OPEN,0
669693.253,0,0,0,1.000,1.000,1.000,-90.00,180.00,31.50,OPEN,0
669693.266,0,0,0,1.000,1.000,1.000,-90.00,180.00,31.50,OPEN,0
669693.276,0,0,0,1.000,1.000,1.000,-90.00,180.00,31.50,OPEN,0
669693.290,0,0,0,1.000,1.000,1.000,-90.00,180.00,31.50,OPEN,0
669693.300,0,0,0,1.000,1.000,1.000,-90.00,180.00,31.50,OPEN,0
669693.311,0,0,0,1.000,1.000,1.000,-90.00,180.00,31.50,OPEN,0
669693.319,0,0,0,1.000,1.000,1.000,-90.00,180.00,31.50,OPEN,0
669693.330,0,0,0,1.000,1.000,1.000,-90.00,180.00,31.50,OPEN,0
669693.340,0,0,0,1.000,1.000,1.000,-90.00,180.00,31.50,OPEN,0
669693.351,0,0,0,1.000,1.000,1.000,-90.00,180.00,31.50,OPEN,0
669693.361,0,0,0,1.000,1.000,1.000,-90.00,180.00,31.50,OPEN,0
669693.370,0,0,0,1.000,1.000,1.000,-90.00,180.00,31.50,OPEN,0
669693.379,0,0,0,1.000,1.000,1.000,-90.00,180.00,31.50,OPEN,0
669693.389,0,0,0,1.000,1.000,1.000,-90.00,180.00,31.50,OPEN,0
669693.398,0,0,0,1.000,1.000,1.000,-90.00,180.00,31.50,OPEN,0
669693.408,0,0,0,1.000,1.000,1.000,-90.00,180.00,31.50,OPEN,0
669693.416,0,0,0,1.000,1.000,1.000,-90.00,180.00,31.50,OPEN,0
669693.425,0,0,0,1.000,1.000,1.000,-90.00,180.00,31.50,OPEN,0
669693.437,0,0,0,1.000,1.000,1.000,-90.00,180.00,31.50,OPEN,0
669693.447,0,0,0,1.000,1.000,1.000,-90.00,180.00,31.50,OPEN,0
669693.457,0,0,0,1.000,1.000,1.000,-90.00,180.00,31.50,OPEN,0
669693.466,0,0,0,1.000,1.000,1.000,-90.00,180.00,31.50,OPEN,0
669693.476,0,0,0,1.000,1.000,1.000,-90.00,180.00,31.50,OPEN,0
669693.485,0,0,0,1.000,1.000,1.000,-90.00,180.00,31.50,OPEN,0
669693.492,0,0,0,1.000,1.000,1.000,-90.00,180.00,31.50,OPEN,0
669693.502,0,0,0,1.000,1.000,1.000,-90.00,180.00,31.50,OPEN,0
669693.512,0,0,0,1.000,1.000,1.000,-90.00,180.00,31.50,OPEN,0
669693.522,0,0,0,1.000,1.000,1.000,-90.00,180.00,31.50,OPEN,0
669693.532,0,0,0,1.000,1.000,1.000,-90.00,180.00,31.50,OPEN,0
669693.542,0,0,0,1.000,1.000,1.000,-90.00,180.00,31.50,OPEN,0
669693.551,0,0,0,1.000,1.000,1.000,-90.00,180.00,31.50,OPEN,0
669693.562,0,0,0,1.000,1.000,1.000,-90.00,180.00,31.50,OPEN,0
669693.573,0,0,0,1.000,1.000,1.000,-90.00,180.00,31.50,OPEN,0
669693.582,0,0,0,1.000,1.000,1.000,-90.00,180.00,31.50,OPEN,0
669693.591,0,0,0,1.000,1.000,1.000,-90.00,180.00,31.50,OPEN,0
669693.600,0,0,0,1.000,1.000,1.000,-90.00,180.00,31.50,OPEN,0
669693.610,0,0,0,1.000,1.000,1.000,-90.00,180.00,31.50,OPEN,0
669693.619,0,0,0,1.000,1.000,1.000,-90.00,180.00,31.50,OPEN,0
669693.629,0,0,0,1.000,1.000,1.000,-90.00,180.00,31.50,OPEN,0
669693.638,0,0,0,1.000,1.000,1.000,-90.00,180.00,31.50,OPEN,0
669693.650,0,0,0,1.000,1.000,1.000,-90.00,180.00,31.50,OPEN,0
669693.659,0,0,0,1.000,1.000,1.000,-90.00,180.00,31.50,OPEN,0
669693.668,0,0,0,1.000,1.000,1.000,-90.00,180.00,31.50,OPEN,0
669693.678,0,0,0,1.000,1.000,1.000,-90.00,180.00,31.50,OPEN,0
669693.688,0,0,0,1.000,1.000,1.000,-90.00,180.00,31.50,OPEN,0
669693.698,0,0,0,1.000,1.000,1.000,-90.00,180.00,31.50,OPEN,0
669693.707,0,0,0,1.000,1.000,1.000,-90.00,180.00,31.50,OPEN,0
669693.716,0,0,0,1.000,1.000,1.000,-90.00,180.00,31.50,OPEN,0
669693.726,0,0,0,1.000,1.000,1.000,-90.00,180.00,31.50,OPEN,0
669693.734,0,0,0,1.000,1.000,1.000,-90.00,180.00,31.50,OPEN,0
669693.744,0,0,0,1.000,1.000,1.000,-90.00,180.00,31.50,OPEN,0
669693.753,0,0,0,1.000,1.000,1.000,-90.00,180.00,31.50,OPEN,0
669693.762,0,0,0,1.000,1.000,1.000,-90.00,180.00,31.50,OPEN,0
669693.767,0,0,0,1.000,1.000,1.000,-90.00,180.00,31.50,OPEN,0
669693.775,0,0,0,1.000,1.000,1.000,-90.00,180.00,31.50,OPEN,0
669693.783,0,0,0,1.000,1.000,1.000,-90.00,180.00,31.50,OPEN,0
669693.792,0,0,0,1.000,1.000,1.000,-90.00,180.00,31.50,OPEN,0
669693.800,0,0,0,1.000,1.000,1.000,-90.00,180.00,31.50,OPEN,0
669693.809,0,0,0,1.000,1.000,1.000,-90.00,180.00,31.50,OPEN,0
669693.818,0,0,0,1.000,1.000,1.000,-90.00,180.00,31.50,OPEN,0
669693.826,0,0,0,1.000,1.000,1.000,-90.00,180.00,31.50,OPEN,0
669693.831,0,0,0,1.000,1.000,1.000,-90.00,180.00,31.50,OPEN,0
669693.836,0,0,0,1.000,1.000,1.000,-90.00,180.00,31.50,OPEN,0
669693.840,0,0,0,1.000,1.000,1.000,-90.00,180.00,31.50,OPEN,0
669693.845,0,0,0,1.000,1.000,1.000,-90.00,180.00,31.50,OPEN,0
669693.849,0,0,0,1.000,1.000,1.000,-90.00,180.00,31.50,OPEN,0
669693.854,0,0,0,1.000,1.000,1.000,-90.00,180.00,31.50,OPEN,0
669693.859,0,0,0,1.000,1.000,1.000,-90.00,180.00,31.50,OPEN,0
669693.862,0,0,0,1.000,1.000,1.000,-90.00,180.00,31.50,OPEN,0
669693.866,0,0,0,1.000,1.000,1.000,-90.00,180.00,31.50,OPEN,0
669693.871,0,0,0,1.000,1.000,1.000,-90.00,180.00,31.50,OPEN,0
669693.879,0,0,0,1.000,1.000,1.000,-90.00,180.00,31.50,OPEN,0
669693.884,0,0,0,1.000,1.000,1.000,-90.00,180.00,31.50,OPEN,0
669693.888,0,0,0,1.000,1.000,1.000,-90.00,180.00,31.50,OPEN,0
669693.893,0,0,0,1.000,1.000,1.000,-90.00,180.00,31.50,OPEN,0
669693.896,0,0,0,1.000,1.000,1.000,-90.00,180.00,31.50,OPEN,0
669693.900,0,0,0,1.000,1.000,1.000,-90.00,180.00,31.50,OPEN,0
669693.904,0,0,0,1.000,1.000,1.000,-90.00,180.00,31.50,OPEN,0
669693.912,0,0,0,1.000,1.000,1.000,-90.00,180.00,31.50,OPEN,0
669693.916,0,0,0,1.000,1.000,1.000,-90.00,180.00,31.50,OPEN,0
669693.921,0,0,0,1.000,1.000,1.000,-90.00,180.00,31.50,OPEN,0
669693.926,0,0,0,1.000,1.000,1.000,-90.00,180.00,31.50,OPEN,0
669693.930,0,0,0,1.000,1.000,1.000,-90.00,180.00,31.50,OPEN,0
669693.934,0,0,0,1.000,1.000,1.000,-90.00,180.00,31.50,OPEN,0
669693.939,0,0,0,1.000,1.000,1.000,-90.00,180.00,31.50,OPEN,0
669693.943,0,0,0,1.000,1.000,1.000,-90.00,180.00,31.50,OPEN,0
669693.949,0,0,0,1.000,1.000,1.000,-90.00,180.00,31.50,OPEN,0
669693.956,0,0,0,1.000,1.000,1.000,-90.00,180.00,31.50,OPEN,0
669693.965,0,0,0,1.000,1.000,1.000,-90.00,180.00,31.50,OPEN,0
669693.972,0,0,0,1.000,1.000,1.000,-90.00,180.00,31.50,OPEN,0
669693.977,0,0,0,1.000,1.000,1.000,-90.00,180.00,31.50,OPEN,0
669693.981,0,0,0,1.000,1.000,1.000,-90.00,180.00,31.50,OPEN,0
669693.985,0,0,0,1.000,1.000,1.000,-90.00,180.00,31.50,OPEN,0
669693.995,0,0,0,1.000,1.000,1.000,-90.00,180.00,31.50,OPEN,0
669693.999,0,0,0,1.000,1.000,1.000,-90.00,180.00,31.50,OPEN,0
669694.008,0,0,0,1.000,1.000,1.000,-90.00,180.00,31.50,OPEN,0
669694.016,0,0,0,1.000,1.000,1.000,-90.00,180.00,31.50,OPEN,0
669694.025,0,0,0,1.000,1.000,1.000,-90.00,180.00,31.50,OPEN,0
669694.034,0,0,0,1.000,1.000,1.000,-90.00,180.00,31.50,OPEN,0
669694.042,0,0,0,1.000,1.000,1.000,-90.00,180.00,31.50,OPEN,0
669694.050,0,0,0,1.000,1.000,1.000,-90.00,180.00,31.50,OPEN,0
669694.058,0,0,0,1.000,1.000,1.000,-90.00,180.00,31.50,OPEN,0
669694.067,0,0,0,1.000,1.000,1.000,-90.00,180.00,31.50,OPEN,0
669694.075,0,0,0,1.000,1.000,1.000,-90.00,180.00,31.50,OPEN,0
669694.084,0,0,0,1.000,1.000,1.000,-90.00,180.00,31.50,OPEN,0
669694.092,0,0,0,1.000,1.000,1.000,-90.00,180.00,31.50,OPEN,0
669694.100,0,0,0,1.000,1.000,1.000,-90.00,180.00,31.50,OPEN,0
669694.106,0,0,0,1.000,1.000,1.000,-90.00,180.00,31.50,OPEN,0
669694.115,0,0,0,1.000,1.000,1.000,-90.00,180.00,31.50,OPEN,0
669694.123,0,0,0,1.000,1.000,1.000,-90.00,180.00,31.50,OPEN,0
669694.130,0,0,0,1.000,1.000,1.000,-90.00,180.00,31.50,OPEN,0
669694.134,0,0,0,1.000,1.000,1.000,-90.00,180.00,31.50,OPEN,0
669694.143,0,0,0,1.000,1.000,1.000,-90.00,180.00,31.50,OPEN,0
669694.151,0,0,0,1.000,1.000,1.000,-90.00,180.00,31.50,OPEN,0
669694.158,0,0,0,1.000,1.000,1.000,-90.00,180.00,31.50,OPEN,0
669694.162,0,0,0,1.000,1.000,1.000,-90.00,180.00,31.50,OPEN,0
669694.166,0,0,0,1.000,1.000,1.000,-90.00,180.00,31.50,OPEN,0
669694.171,0,0,0,1.000,1.000,1.000,-90.00,180.00,31.50,OPEN,0
669694.179,0,0,0,1.000,1.000,1.000,-90.00,180.00,31.50,OPEN,0
669694.186,0,0,0,1.000,1.000,1.000,-90.00,180.00,31.50,OPEN,0
669694.191,0,0,0,1.000,1.000,1.000,-90.00,180.00,31.50,OPEN,0
669694.195,0,0,0,1.000,1.000,1.000,-90.00,180.00,31.50,OPEN,0
669694.199,0,0,0,1.000,1.000,1.000,-90.00,180.00,31.50,OPEN,0
669694.203,0,0,0,1.000,1.000,1.000,-90.00,180.00,31.50,OPEN,0
669694.208,0,0,0,1.000,1.000,1.000,-90.00,180.00,31.50,OPEN,0
669694.211,0,0,0,1.000,1.000,1.000,-90.00,180.00,31.50,OPEN,0
669694.215,0,0,0,1.000,1.000,1.000,-90.00,180.00,31.50,OPEN,0
669694.220,0,0,0,1.000,1.000,1.000,-90.00,180.00,31.50,OPEN,0
669694.225,0,0,0,1.000,1.000,1.000,-90.00,180.00,31.50,OPEN,0
669694.228,0,0,0,1.000,1.000,1.000,-90.00,180.00,31.50,OPEN,0
669694.232,0,0,0,1.000,1.000,1.000,-90.00,180.00,31.50,OPEN,0
669694.236,0,0,0,1.000,1.000,1.000,-90.00,180.00,31.50,OPEN,0
669694.241,0,0,0,1.000,1.000,1.000,-90.00,180.00,31.50,OPEN,0
669694.245,0,0,0,1.000,1.000,1.000,-90.00,180.00,31.50,OPEN,0
669694.249,0,0,0,1.000,1.000,1.000,-90.00,180.00,31.50,OPEN,0
669694.256,0,0,0,1.000,1.000,1.000,-90.00,180.00,31.50,OPEN,0
669694.261,0,0,0,1.000,1.000,1.000,-90.00,180.00,31.50,OPEN,0
669694.267,0,0,0,1.000,1.000,1.000,-90.00,180.00,31.50,OPEN,0
669694.272,0,0,0,1.000,1.000,1.000,-90.00,180.00,31.50,OPEN,0
669694.280,0,0,0,1.000,1.000,1.000,-90.00,180.00,31.50,OPEN,0
669694.289,0,0,0,1.000,1.000,1.000,-90.00,180.00,31.50,OPEN,0
669694.295,0,0,0,1.000,1.000,1.000,-90.00,180.00,31.50,OPEN,0
669694.305,0,0,0,1.000,1.000,1.000,-90.00,180.00,31.50,OPEN,0
669694.319,0,0,0,1.000,1.000,1.000,-90.00,180.00,31.50,OPEN,0
669694.337,0,0,0,1.000,1.000,1.000,-90.00,180.00,31.50,OPEN,0
669694.349,0,0,0,1.000,1.000,1.000,-90.00,180.00,31.50,OPEN,0
669694.359,0,0,0,1.000,1.000,1.000,-90.00,180.00,31.50,OPEN,0
669694.367,0,0,0,1.000,1.000,1.000,-90.00,180.00,31.50,OPEN,0
669694.375,0,0,0,1.000,1.000,1.000,-90.00,180.00,31.50,OPEN,0
669694.383,0,0,0,1.000,1.000,1.000,-90.00,180.00,31.50,OPEN,0
669694.392,0,0,0,1.000,1.000,1.000,-90.00,180.00,31.50,OPEN,0
669694.401,0,0,0,1.000,1.000,1.000,-90.00,180.00,31.50,OPEN,0
669694.409,0,0,0,1.000,1.000,1.000,-90.00,180.00,31.50,OPEN,0
669694.417,0,0,0,1.000,1.000,1.000,-90.00,180.00,31.50,OPEN,0
669694.425,0,0,0,1.000,1.000,1.000,-90.00,180.00,31.50,OPEN,0
669694.434,0,0,0,1.000,1.000,1.000,-90.00,180.00,31.50,OPEN,0
669694.440,0,0,0,1.000,1.000,1.000,-90.00,180.00,31.50,OPEN,0
669694.451,0,0,0,1.000,1.000,1.000,-90.00,180.00,31.50,OPEN,0
669694.456,0,0,0,1.000,1.000,1.000,-90.00,180.00,31.50,OPEN,0
669694.464,0,0,0,1.000,1.000,1.000,-90.00,180.00,31.50,OPEN,0
669694.471,0,0,0,1.000,1.000,1.000,-90.00,180.00,31.50,OPEN,0
669694.476,0,0,0,1.000,1.000,1.000,-90.00,180.00,31.50,OPEN,0
669694.480,0,0,0,1.000,1.000,1.000,-90.00,180.00,31.50,OPEN,0
669694.486,0,0,0,1.000,1.000,1.000,-90.00,180.00,31.50,OPEN,0
669694.494,0,0,0,1.000,1.000,1.000,-90.00,180.00,31.50,OPEN,0
669694.502,0,0,0,1.000,1.000,1.000,-90.00,180.00,31.50,OPEN,0
669694.510,0,0,0,1.000,1.000,1.000,-90.00,180.00,31.50,OPEN,0
669694.518,0,0,0,1.000,1.000,1.000,-90.00,180.00,31.50,OPEN,0
669694.526,0,0,0,1.000,1.000,1.000,-90.00,180.00,31.50,OPEN,0
669694.534,0,0,0,1.000,1.000,1.000,-90.00,180.00,31.50,OPEN,0
669694.540,0,0,0,1.000,1.000,1.000,-90.00,180.00,31.50,OPEN,0
669694.547,0,0,0,1.000,1.000,1.000,-90.00,180.00,31.50,OPEN,0
669694.552,0,0,0,1.000,1.000,1.000,-90.00,180.00,31.50,OPEN,0
669694.556,0,0,0,1.000,1.000,1.000,-90.00,180.00,31.50,OPEN,0
669694.560,0,0,0,1.000,1.000,1.000,-90.00,180.00,31.50,OPEN,0
669694.567,0,0,0,1.000,1.000,1.000,-90.00,180.00,31.50,OPEN,0
669694.572,0,0,0,1.000,1.000,1.000,-90.00,180.00,31.50,OPEN,0
669694.576,0,0,0,1.000,1.000,1.000,-90.00,180.00,31.50,OPEN,0
669694.583,0,0,0,1.000,1.000,1.000,-90.00,180.00,31.50,OPEN,0
669694.589,0,0,0,1.000,1.000,1.000,-90.00,180.00,31.50,OPEN,0
669694.593,0,0,0,1.000,1.000,1.000,-90.00,180.00,31.50,OPEN,0
669694.603,0,0,0,1.000,1.000,1.000,-90.00,180.00,31.50,OPEN,0
669694.607,0,0,0,1.000,1.000,1.000,-90.00,180.00,31.50,OPEN,0
669694.612,0,0,0,1.000,1.000,1.000,-90.00,180.00,31.50,OPEN,0
669694.618,0,0,0,1.000,1.000,1.000,-90.00,180.00,31.50,OPEN,0
669694.624,0,0,0,1.000,1.000,1.000,-90.00,180.00,31.50,OPEN,0
669694.632,0,0,0,1.000,1.000,1.000,-90.00,180.00,31.50,OPEN,0
669694.638,0,0,0,1.000,1.000,1.000,-90.00,180.00,31.50,OPEN,0
669694.644,0,0,0,1.000,1.000,1.000,-90.00,180.00,31.50,OPEN,0
669694.649,0,0,0,1.000,1.000,1.000,-90.00,180.00,31.50,OPEN,0
669694.653,0,0,0,1.000,1.000,1.000,-90.00,180.00,31.50,OPEN,0
669694.660,0,0,0,1.000,1.000,1.000,-90.00,180.00,31.50,OPEN,0
669694.666,0,0,0,1.000,1.000,1.000,-90.00,180.00,31.50,OPEN,0
669694.673,0,0,0,1.000,1.000,1.000,-90.00,180.00,31.50,OPEN,0
669694.678,0,0,0,1.000,1.000,1.000,-90.00,180.00,31.50,OPEN,0
669694.682,0,0,0,1.000,1.000,1.000,-90.00,180.00,31.50,OPEN,0
669694.689,0,0,0,1.000,1.000,1.000,-90.00,180.00,31.50,OPEN,0
669694.695,0,0,0,1.000,1.000,1.000,-90.00,180.00,31.50,OPEN,0
669694.699,0,0,0,1.000,1.000,1.000,-90.00,180.00,31.50,OPEN,0
669694.703,0,0,0,1.000,1.000,1.000,-90.00,180.00,31.50,OPEN,0
669694.707,0,0,0,1.000,1.000,1.000,-90.00,180.00,31.50,OPEN,0
669694.711,0,0,0,1.000,1.000,1.000,-90.00,180.00,31.50,OPEN,0
669694.720,0,0,0,1.000,1.000,1.000,-90.00,180.00,31.50,OPEN,0
669694.724,0,0,0,1.000,1.000,1.000,-90.00,180.00,31.50,OPEN,0
669694.729,0,0,0,1.000,1.000,1.000,-90.00,180.00,31.50,OPEN,0
669694.736,0,0,0,1.000,1.000,1.000,-90.00,180.00,31.50,OPEN,0
669694.741,0,0,0,1.000,1.000,1.000,-90.00,180.00,31.50,OPEN,0
669694.746,0,0,0,1.000,1.000,1.000,-90.00,180.00,31.50,OPEN,0
669694.753,0,0,0,1.000,1.000,1.000,-90.00,180.00,31.50,OPEN,0
669694.758,0,0,0,1.000,1.000,1.000,-90.00,180.00,31.50,OPEN,0
669694.763,0,0,0,1.000,1.000,1.000,-90.00,180.00,31.50,OPEN,0
669694.771,0,0,0,1.000,1.000,1.000,-90.00,180.00,31.50,OPEN,0
669694.776,0,0,0,1.000,1.000,1.000,-90.00,180.00,31.50,OPEN,0
669694.780,0,0,0,1.000,1.000,1.000,-90.00,180.00,31.50,OPEN,0
669694.790,0,0,0,1.000,1.000,1.000,-90.00,180.00,31.50,OPEN,0
669694.795,0,0,0,1.000,1.000,1.000,-90.00,180.00,31.50,OPEN,0
669694.800,0,0,0,1.000,1.000,1.000,-90.00,180.00,31.50,OPEN,0
669694.807,0,0,0,1.000,1.000,1.000,-90.00,180.00,31.50,OPEN,0
669694.821,0,0,0,1.000,1.000,1.000,-90.00,180.00,31.50,OPEN,0
669694.831,0,0,0,1.000,1.000,1.000,-90.00,180.00,31.50,OPEN,0
669694.840,0,0,0,1.000,1.000,1.000,-90.00,180.00,31.50,OPEN,0
669694.849,0,0,0,1.000,1.000,1.000,-90.00,180.00,31.50,OPEN,0
669694.858,0,0,0,1.000,1.000,1.000,-90.00,180.00,31.50,OPEN,0
669694.867,0,0,0,1.000,1.000,1.000,-90.00,180.00,31.50,OPEN,0
669694.877,0,0,0,1.000,1.000,1.000,-90.00,180.00,31.50,OPEN,0
669694.886,0,0,0,1.000,1.000,1.000,-90.00,180.00,31.50,OPEN,0
669694.893,0,0,0,1.000,1.000,1.000,-90.00,180.00,31.50,OPEN,0
669694.901,0,0,0,1.000,1.000,1.000,-90.00,180.00,31.50,OPEN,0
669694.908,0,0,0,1.000,1.000,1.000,-90.00,180.00,31.50,OPEN,0
669694.918,0,0,0,1.000,1.000,1.000,-90.00,180.00,31.50,OPEN,0
669694.928,0,0,0,1.000,1.000,1.000,-90.00,180.00,31.50,OPEN,0
669694.937,0,0,0,1.000,1.000,1.000,-90.00,180.00,31.50,OPEN,0
669694.946,0,0,0,0.999,1.000,1.000,-90.00,180.00,31.50,OPEN,0
669694.956,0,0,0,0.999,1.000,1.000,-90.00,180.00,31.50,OPEN,0
669694.964,0,0,0,0.998,0.998,1.000,-90.00,180.00,31.50,OPEN,0
669694.972,0,0,0,0.998,0.987,1.000,-90.00,180.00,31.50,OPEN,0
669694.981,0,0,0,0.997,0.885,1.000,-90.00,180.00,31.50,OPEN,0
669694.993,0,0,0,0.999,0.593,1.000,-90.00,180.00,31.50,OPEN,0
669695.005,0,0,0,1.000,0.603,0.998,-90.00,180.00,31.50,OPEN,0
669695.014,0,0,0,1.000,0.854,0.983,-90.00,180.00,31.50,OPEN,0
669695.022,0,0,0,1.000,0.870,0.828,-90.00,180.00,31.50,OPEN,0
669695.029,0,0,0,1.000,0.799,0.516,-90.00,180.00,31.50,OPEN,0
669695.041,0,0,0,1.000,0.662,0.782,-90.00,180.00,31.50,OPEN,0
669695.051,0,0,0,1.000,0.703,0.895,-90.00,180.00,31.50,OPEN,0
669695.056,0,0,0,1.000,0.933,0.911,-90.00,180.00,31.50,OPEN,0
669695.066,0,0,0,1.000,0.983,0.922,-90.00,180.00,31.50,OPEN,0
669695.076,0,0,0,1.000,0.994,0.915,-90.00,180.00,31.50,OPEN,0
669695.083,0,0,0,1.000,0.996,0.916,-90.00,180.00,31.50,OPEN,0
669695.091,0,0,0,1.000,0.996,0.905,-90.00,180.00,31.50,OPEN,0
669695.099,0,0,0,1.000,0.996,0.893,-90.00,180.00,31.50,OPEN,0
669695.108,0,0,0,1.000,0.991,0.864,-90.00,180.00,31.50,OPEN,0
669695.117,0,0,0,1.000,0.983,0.825,-90.00,180.00,31.50,OPEN,0
669695.127,0,0,0,1.000,0.974,0.773,-90.00,180.00,31.50,OPEN,0
669695.135,0,0,0,1.000,0.975,0.713,-90.00,180.00,31.50,OPEN,0
669695.143,0,0,0,1.000,0.980,0.653,-90.00,180.00,31.50,OPEN,0
669695.152,0,0,0,1.000,0.988,0.631,-90.00,180.00,31.50,OPEN,0
669695.160,0,0,0,1.000,0.993,0.620,-90.00,180.00,31.50,OPEN,0
669695.169,0,0,0,1.000,0.994,0.622,-90.00,180.00,31.50,OPEN,0
669695.177,0,0,0,1.000,0.994,0.652,-90.00,180.00,31.50,OPEN,0
669695.185,0,0,0,1.000,0.995,0.712,-90.00,180.00,31.50,OPEN,0
669695.193,0,0,0,1.000,0.993,0.766,-90.00,180.00,31.50,OPEN,0
669695.200,0,0,0,1.000,0.991,0.825,-90.00,180.00,31.50,OPEN,0
669695.208,0,0,0,1.000,0.990,0.877,-90.00,180.00,31.50,OPEN,0
669695.217,0,0,0,1.000,0.988,0.913,-90.00,180.00,31.50,OPEN,0
669695.225,0,0,0,1.000,0.981,0.944,-90.00,180.00,31.50,OPEN,0
669695.233,0,0,0,1.000,0.973,0.968,-90.00,180.00,31.50,OPEN,0
669695.240,0,0,0,1.000,0.956,0.980,-90.00,180.00,31.50,OPEN,0
669695.244,0,0,0,1.000,0.928,0.987,-90.00,180.00,31.50,OPEN,0
669695.248,0,0,0,1.000,0.880,0.988,-90.00,180.00,31.50,OPEN,0
669695.251,0,0,0,1.000,0.802,0.986,-90.00,180.00,31.50,OPEN,0
669695.256,0,0,0,1.000,0.674,0.982,-90.00,180.00,31.50,OPEN,0
669695.262,0,0,0,1.000,0.518,0.977,-90.00,180.00,31.50,OPEN,0
669695.270,0,0,0,1.000,0.585,0.970,-90.00,180.00,31.50,OPEN,0
669695.278,0,0,0,1.000,0.537,0.960,-90.00,180.00,31.50,OPEN,0
669695.284,0,0,0,1.000,0.573,0.947,-90.00,180.00,31.50,OPEN,0
669695.291,0,0,0,1.000,0.750,0.937,-90.00,180.00,31.50,OPEN,0
669695.297,0,0,0,1.000,0.852,0.939,-90.00,180.00,31.50,OPEN,0
669695.303,0,0,0,1.000,0.910,0.933,-90.00,180.00,31.50,OPEN,0
669695.311,0,0,0,1.000,0.936,0.934,-90.00,180.00,31.50,OPEN,0
669695.316,0,0,0,1.000,0.948,0.936,-90.00,180.00,31.50,OPEN,0
669695.323,0,0,0,1.000,0.944,0.933,-90.00,180.00,31.50,OPEN,0
669695.331,0,0,0,1.000,0.933,0.927,-90.00,180.00,31.50,OPEN,0
669695.338,0,0,0,1.000,0.923,0.908,-90.00,180.00,31.50,OPEN,0
669695.342,0,0,0,1.000,0.931,0.858,-90.00,180.00,31.50,OPEN,0
669695.346,0,0,0,1.000,0.924,0.786,-90.00,180.00,31.50,OPEN,0
669695.351,0,0,0,1.000,0.948,0.681,-90.00,180.00,31.50,OPEN,0
669695.357,0,0,0,1.000,0.954,0.633,-90.00,180.00,31.50,OPEN,0
669695.367,0,0,0,1.000,0.962,0.584,-90.00,180.00,31.50,OPEN,0
669695.376,0,0,0,1.000,0.973,0.583,-90.00,180.00,31.50,OPEN,0
669695.380,0,0,0,1.000,0.979,0.591,-90.00,180.00,31.50,OPEN,0
669695.385,0,0,0,1.000,0.983,0.621,-90.00,180.00,31.50,OPEN,0
669695.390,0,0,0,1.000,0.982,0.689,-90.00,180.00,31.50,OPEN,0
669695.394,0,0,0,1.000,0.980,0.713,-90.00,180.00,31.50,OPEN,0
669695.398,0,0,0,1.000,0.974,0.741,-90.00,180.00,31.50,OPEN,0
669695.403,0,0,0,1.000,0.967,0.741,-90.00,180.00,31.50,OPEN,0
669695.407,0,0,0,1.000,0.943,0.732,-90.00,180.00,31.50,OPEN,0
669695.412,0,0,0,1.000,0.946,0.639,-90.00,180.00,31.50,OPEN,0
669695.419,0,0,0,1.000,0.958,0.512,-90.00,180.00,31.50,OPEN,0
669695.424,0,0,0,1.000,0.971,0.642,-90.00,180.00,31.50,OPEN,0
669695.428,0,0,0,1.000,0.985,0.747,-90.00,180.00,31.50,OPEN,0
669695.433,0,0,0,1.000,0.989,0.802,-90.00,180.00,31.50,OPEN,0
669695.437,0,0,0,1.000,0.992,0.811,-90.00,180.00,31.50,OPEN,0
669695.442,0,0,0,1.000,0.993,0.782,-90.00,180.00,31.50,OPEN,0
669695.447,0,0,0,1.000,0.992,0.748,-90.00,180.00,31.50,OPEN,0
669695.451,0,0,0,1.000,0.988,0.659,-90.00,180.00,31.50,OPEN,0
669695.456,0,0,0,1.000,0.976,0.514,-90.00,180.00,31.50,OPEN,0
669695.460,0,0,0,1.000,0.935,0.704,-90.00,180.00,31.50,OPEN,0
669695.465,0,0,0,1.000,0.815,0.858,-90.00,180.00,31.50,OPEN,0
669695.469,0,0,0,1.000,0.652,0.919,-90.00,180.00,31.50,OPEN,0
669695.474,0,0,0,1.000,0.593,0.930,-90.00,180.00,31.50,OPEN,0
669695.479,0,0,0,1.000,0.651,0.928,-90.00,180.00,31.50,OPEN,0
669695.487,0,0,0,1.000,0.770,0.917,-90.00,180.00,31.50,OPEN,0
669695.496,0,0,0,1.000,0.857,0.893,-90.00,180.00,31.50,OPEN,0
669695.501,0,0,0,1.000,0.909,0.892,-90.00,180.00,31.50,OPEN,0
669695.506,0,0,0,1.000,0.935,0.885,-90.00,180.00,31.50,OPEN,0
669695.511,0,0,0,1.000,0.936,0.876,-90.00,180.00,31.50,OPEN,0
669695.515,0,0,0,1.000,0.933,0.857,-90.00,180.00,31.50,OPEN,0
669695.520,0,0,0,1.000,0.925,0.856,-90.00,180.00,31.50,OPEN,0
669695.528,0,0,0,1.000,0.894,0.837,-90.00,180.00,31.50,OPEN,0
669695.533,0,0,0,1.000,0.809,0.840,-90.00,180.00,31.50,OPEN,0
669695.538,0,0,0,1.000,0.664,0.847,-90.00,180.00,31.50,OPEN,0
669695.543,0,0,0,1.000,0.533,0.857,-90.00,180.00,31.50,OPEN,0
669695.547,0,0,0,1.000,0.668,0.871,-90.00,180.00,31.50,OPEN,0
669695.552,0,0,0,1.000,0.789,0.895,-90.00,180.00,31.50,OPEN,0
669695.562,0,0,0,1.000,0.862,0.932,-90.00,180.00,31.50,OPEN,0
669695.566,0,0,0,1.000,0.911,0.949,-90.00,180.00,31.50,OPEN,0
669695.574,0,0,0,1.000,0.939,0.963,-90.00,180.00,31.50,OPEN,0
669695.582,0,0,0,1.000,0.955,0.975,-90.00,180.00,31.50,OPEN,0
669695.588,0,0,0,1.000,0.962,0.984,-90.00,180.00,31.50,OPEN,0
669695.593,0,0,0,1.000,0.949,0.988,-90.00,180.00,31.50,OPEN,0
669695.602,0,0,0,1.000,0.908,0.993,-90.00,180.00,31.50,OPEN,0
669695.611,0,0,0,1.000,0.814,0.994,-90.00,180.00,31.50,OPEN,0
669695.620,0,0,0,1.000,0.675,0.995,-90.00,180.00,31.50,OPEN,0
669695.629,0,0,0,1.000,0.550,0.996,-90.00,180.00,31.50,OPEN,0
669695.640,0,0,0,1.000,0.603,0.995,-90.00,180.00,31.50,OPEN,0
669695.650,0,0,0,1.000,0.609,0.994,-90.00,180.00,31.50,OPEN,0
669695.654,0,0,0,1.000,0.605,0.991,-90.00,180.00,31.50,OPEN,0
669695.658,0,0,0,1.000,0.576,0.981,-90.00,180.00,31.50,OPEN,0
669695.666,0,0,0,1.000,0.642,0.957,-90.00,180.00,31.50,OPEN,0
669695.674,0,0,0,1.000,0.813,0.927,-90.00,180.00,31.50,OPEN,0
669695.682,0,0,0,1.000,0.900,0.905,-90.00,180.00,31.50,OPEN,0
669695.690,0,0,0,1.000,0.905,0.892,-90.00,180.00,31.50,OPEN,0
669695.699,0,0,0,1.000,0.849,0.895,-90.00,180.00,31.50,OPEN,0
669695.707,0,0,0,1.000,0.722,0.910,-90.00,180.00,31.50,OPEN,0
669695.715,0,0,0,1.000,0.562,0.927,-90.00,180.00,31.50,OPEN,0
669695.723,0,0,0,1.000,0.642,0.944,-90.00,180.00,31.50,OPEN,0
669695.731,0,0,0,1.000,0.805,0.935,-90.00,180.00,31.50,OPEN,0
669695.738,0,0,0,1.000,0.872,0.921,-90.00,180.00,31.50,OPEN,0
669695.747,0,0,0,1.000,0.915,0.880,-90.00,180.00,31.50,OPEN,0
669695.752,0,0,0,1.000,0.937,0.687,-90.00,180.00,31.50,OPEN,0
669695.756,0,0,0,1.000,0.953,0.655,-90.00,180.00,31.50,OPEN,0
669695.760,0,0,0,1.000,0.954,0.934,-90.00,180.00,31.50,OPEN,0
669695.764,0,0,0,1.000,0.959,0.992,-90.00,180.00,31.50,OPEN,0
669695.768,0,0,0,1.000,0.976,0.999,-90.00,180.00,31.50,OPEN,0
669695.771,0,0,0,0.998,0.984,1.000,-90.00,180.00,31.50,OPEN,0
669695.776,0,0,0,0.986,0.990,1.000,-90.00,180.00,31.50,OPEN,0
669695.780,0,0,0,0.973,0.994,1.000,-90.00,180.00,31.50,OPEN,0
669695.784,0,0,0,0.948,0.996,1.000,-90.00,180.00,31.50,OPEN,0
669695.788,0,0,0,0.953,0.998,1.000,-90.00,180.00,31.50,OPEN,0
669695.791,0,0,0,0.970,0.999,1.000,-90.00,180.00,31.50,OPEN,0
669695.795,0,0,0,0.985,1.000,1.000,-90.00,180.00,31.50,OPEN,0
669695.798,0,0,0,0.996,1.000,1.000,-90.00,180.00,31.50,OPEN,0
669695.802,0,0,0,0.999,1.000,1.000,-90.00,180.00,31.50,OPEN,0
669695.806,0,0,0,1.000,1.000,1.000,-90.00,180.00,31.50,OPEN,0
669695.811,0,0,0,1.000,1.000,1.000,-90.00,180.00,31.50,OPEN,0
669695.814,0,0,0,1.000,1.000,1.000,-90.00,180.00,31.50,OPEN,0
669695.818,0,0,0,1.000,1.000,1.000,-90.00,180.00,31.50,OPEN,0
669695.821,0,0,0,1.000,1.000,1.000,-90.00,180.00,31.50,OPEN,0
669695.825,0,0,0,1.000,1.000,1.000,-90.00,180.00,31.50,OPEN,0
669695.829,0,0,0,1.000,1.000,1.000,-90.00,180.00,31.50,OPEN,0
669695.832,0,0,0,1.000,1.000,1.000,-90.00,180.00,31.50,OPEN,0
669695.836,0,0,0,1.000,1.000,1.000,-90.00,180.00,31.50,OPEN,0
669695.840,0,0,0,1.000,1.000,1.000,-90.00,180.00,31.50,OPEN,0
669695.844,0,0,0,1.000,1.000,1.000,-90.00,180.00,31.50,OPEN,0
669695.847,0,0,0,1.000,1.000,1.000,-90.00,180.00,31.50,OPEN,0
669695.851,0,0,0,1.000,1.000,1.000,-90.00,180.00,31.50,OPEN,0
669695.858,0,0,0,1.000,1.000,1.000,-90.00,180.00,31.50,OPEN,0
669695.862,0,0,0,1.000,1.000,1.000,-90.00,180.00,31.50,OPEN,0
669695.866,0,0,0,1.000,1.000,1.000,-90.00,180.00,31.50,OPEN,0
669695.870,0,0,0,1.000,1.000,1.000,-90.00,180.00,31.50,OPEN,0
669695.874,0,0,0,1.000,1.000,1.000,-90.00,180.00,31.50,OPEN,0
669695.877,0,0,0,1.000,1.000,1.000,-90.00,180.00,31.50,OPEN,0
669695.881,0,0,0,1.000,1.000,1.000,-90.00,180.00,31.50,OPEN,0
669695.886,0,0,0,1.000,1.000,1.000,-90.00,180.00,31.50,OPEN,0
669695.889,0,0,0,1.000,1.000,1.000,-90.00,180.00,31.50,OPEN,0
669695.893,0,0,0,1.000,1.000,1.000,-90.00,180.00,31.50,OPEN,0
669695.898,0,0,0,1.000,1.000,1.000,-90.00,180.00,31.50,OPEN,0
669695.903,0,0,0,1.000,1.000,1.000,-90.00,180.00,31.50,OPEN,0
669695.908,0,0,0,1.000,1.000,1.000,-90.00,180.00,31.50,OPEN,0
669695.913,0,0,0,1.000,1.000,1.000,-90.00,180.00,31.50,OPEN,0
669695.920,0,0,0,1.000,1.000,1.000,-90.00,180.00,31.50,OPEN,0
669695.928,0,0,0,1.000,1.000,1.000,-90.00,180.00,31.50,OPEN,0
669695.934,0,0,0,1.000,1.000,1.000,-90.00,180.00,31.50,OPEN,0
669695.938,0,0,0,1.000,1.000,1.000,-90.00,180.00,31.50,OPEN,0
669695.946,0,0,0,1.000,1.000,1.000,-90.00,180.00,31.50,OPEN,0
669695.956,0,0,0,1.000,1.000,1.000,-90.00,180.00,31.50,OPEN,0
669695.961,0,0,0,1.000,1.000,1.000,-90.00,180.00,31.50,OPEN,0
669695.965,0,0,0,1.000,1.000,1.000,-90.00,180.00,31.50,OPEN,0
669695.969,0,0,0,1.000,1.000,1.000,-90.00,180.00,31.50,OPEN,0
669695.973,0,0,0,1.000,1.000,1.000,-90.00,180.00,31.50,OPEN,0
669695.978,0,0,0,1.000,1.000,1.000,-90.00,180.00,31.50,OPEN,0
669695.983,0,0,0,1.000,1.000,1.000,-90.00,180.00,31.50,OPEN,0
669695.986,0,0,0,1.000,1.000,1.000,-90.00,180.00,31.50,OPEN,0
669695.990,0,0,0,1.000,1.000,1.000,-90.00,180.00,31.50,OPEN,0
669695.994,0,0,0,1.000,1.000,1.000,-90.00,180.00,31.50,OPEN,0
669695.998,0,0,0,1.000,1.000,1.000,-90.00,180.00,31.50,OPEN,0
669696.002,0,0,0,1.000,1.000,1.000,-90.00,180.00,31.50,OPEN,0
669696.005,0,0,0,1.000,1.000,1.000,-90.00,180.00,31.50,OPEN,0
669696.009,0,0,0,1.000,1.000,1.000,-90.00,180.00,31.50,OPEN,0
669696.019,0,0,0,1.000,1.000,1.000,-90.00,180.00,31.50,OPEN,0
669696.024,0,0,0,1.000,1.000,1.000,-90.00,180.00,31.50,OPEN,0
669696.029,0,0,0,1.000,1.000,1.000,-90.00,180.00,31.50,OPEN,0
669696.036,0,0,0,1.000,1.000,1.000,-90.00,180.00,31.50,OPEN,0
669696.041,0,0,0,1.000,1.000,1.000,-90.00,180.00,31.50,OPEN,0
669696.045,0,0,0,1.000,1.000,1.000,-90.00,180.00,31.50,OPEN,0
669696.049,0,0,0,1.000,1.000,1.000,-90.00,180.00,31.50,OPEN,0
669696.053,0,0,0,1.000,1.000,1.000,-90.00,180.00,31.50,OPEN,0
669696.057,0,0,0,1.000,1.000,1.000,-90.00,180.00,31.50,OPEN,0
669696.060,0,0,0,1.000,1.000,1.000,-90.00,180.00,31.50,OPEN,0
669696.068,0,0,0,1.000,1.000,1.000,-90.00,180.00,31.50,OPEN,0
669696.074,0,0,0,1.000,1.000,1.000,-90.00,180.00,31.50,OPEN,0
669696.077,0,0,0,1.000,1.000,1.000,-90.00,180.00,31.50,OPEN,0
669696.081,0,0,0,1.000,1.000,1.000,-90.00,180.00,31.50,OPEN,0
669696.087,0,0,0,1.000,1.000,1.000,-90.00,180.00,31.50,OPEN,0
669696.091,0,0,0,1.000,1.000,1.000,-90.00,180.00,31.50,OPEN,0
669696.094,0,0,0,1.000,1.000,1.000,-90.00,180.00,31.50,OPEN,0
669696.098,0,0,0,1.000,1.000,1.000,-90.00,180.00,31.50,OPEN,0
669696.103,0,0,0,1.000,1.000,1.000,-90.00,180.00,31.50,OPEN,0
669696.111,0,0,0,1.000,1.000,1.000,-90.00,180.00,31.50,OPEN,0
669696.115,0,0,0,1.000,1.000,1.000,-90.00,180.00,31.50,OPEN,0
669696.119,0,0,0,1.000,1.000,1.000,-90.00,180.00,31.50,OPEN,0
669696.122,0,0,0,1.000,1.000,1.000,-90.00,180.00,31.50,OPEN,0
669696.126,0,0,0,1.000,1.000,1.000,-90.00,180.00,31.50,OPEN,0
669696.134,0,0,0,1.000,1.000,1.000,-90.00,180.00,31.50,OPEN,0
669696.138,0,0,0,1.000,1.000,1.000,-90.00,180.00,31.50,OPEN,0
669696.142,0,0,0,1.000,1.000,1.000,-90.00,180.00,31.50,OPEN,0
669696.146,0,0,0,1.000,1.000,1.000,-90.00,180.00,31.50,OPEN,0
669696.150,0,0,0,1.000,1.000,1.000,-90.00,180.00,31.50,OPEN,0
669696.155,0,0,0,1.000,1.000,1.000,-90.00,180.00,31.50,OPEN,0
669696.159,0,0,0,1.000,1.000,1.000,-90.00,180.00,31.50,OPEN,0
669696.163,0,0,0,1.000,1.000,1.000,-90.00,180.00,31.50,OPEN,0
669696.170,0,0,0,1.000,1.000,1.000,-90.00,180.00,31.50,OPEN,0
669696.175,0,0,0,1.000,1.000,1.000,-90.00,180.00,31.50,OPEN,0
669696.180,0,0,0,1.000,1.000,1.000,-90.00,180.00,31.50,OPEN,0
669696.185,0,0,0,1.000,1.000,1.000,-90.00,180.00,31.50,OPEN,0
669696.190,0,0,0,1.000,1.000,1.000,-90.00,180.00,31.50,OPEN,0
669696.194,0,0,0,1.000,1.000,1.000,-90.00,180.00,31.50,OPEN,0
669696.197,0,0,0,1.000,1.000,1.000,-90.00,180.00,31.50,OPEN,0
669696.201,0,0,0,1.000,1.000,1.000,-90.00,180.00,31.50,OPEN,0
669696.205,0,0,0,1.000,1.000,1.000,-90.00,180.00,31.50,OPEN,0
669696.209,0,0,0,1.000,1.000,1.000,-90.00,180.00,31.50,OPEN,0
669696.212,0,0,0,1.000,1.000,1.000,-90.00,180.00,31.50,OPEN,0
669696.217,0,0,0,1.000,1.000,1.000,-90.00,180.00,31.50,OPEN,0
669696.220,0,0,0,1.000,1.000,1.000,-90.00,180.00,31.50,OPEN,0
669696.224,0,0,0,1.000,1.000,1.000,-90.00,180.00,31.50,OPEN,0
669696.228,0,0,0,1.000,1.000,1.000,-90.00,180.00,31.50,OPEN,0
669696.232,0,0,0,1.000,1.000,1.000,-90.00,180.00,31.50,OPEN,0
669696.236,0,0,0,1.000,1.000,1.000,-90.00,180.00,31.50,OPEN,0
669696.240,0,0,0,1.000,1.000,1.000,-90.00,180.00,31.50,OPEN,0
669696.247,0,0,0,1.000,1.000,1.000,-90.00,180.00,31.50,OPEN,0
669696.256,0,0,0,1.000,1.000,1.000,-90.00,180.00,31.50,OPEN,0
669696.270,0,0,0,1.000,1.000,1.000,-90.00,180.00,31.50,OPEN,0
669696.276,0,0,0,1.000,1.000,1.000,-90.00,180.00,31.50,OPEN,0
669696.281,0,0,0,1.000,1.000,1.000,-90.00,180.00,31.50,OPEN,0
669696.286,0,0,0,1.000,1.000,1.000,-90.00,180.00,31.50,OPEN,0
669696.290,0,0,0,1.000,1.000,1.000,-90.00,180.00,31.50,OPEN,0
669696.295,0,0,0,1.000,1.000,1.000,-90.00,180.00,31.50,OPEN,0
669696.299,0,0,0,1.000,1.000,1.000,-90.00,180.00,31.50,OPEN,0
669696.303,0,0,0,1.000,1.000,1.000,-90.00,180.00,31.50,OPEN,0
669696.306,0,0,0,1.000,1.000,1.000,-90.00,180.00,31.50,OPEN,0
669696.311,0,0,0,1.000,1.000,1.000,-90.00,180.00,31.50,OPEN,0
669696.314,0,0,0,1.000,1.000,1.000,-90.00,180.00,31.50,OPEN,0
669696.319,0,0,0,1.000,1.000,1.000,-90.00,180.00,31.50,OPEN,0
669696.324,0,0,0,1.000,1.000,1.000,-90.00,180.00,31.50,OPEN,0
669696.328,0,0,0,1.000,1.000,1.000,-90.00,180.00,31.50,OPEN,0
669696.332,0,0,0,1.000,1.000,1.000,-90.00,180.00,31.50,OPEN,0
669696.336,0,0,0,1.000,1.000,1.000,-90.00,180.00,31.50,OPEN,0
669696.341,0,0,0,1.000,1.000,1.000,-90.00,180.00,31.50,OPEN,0
669696.345,0,0,0,1.000,1.000,1.000,-90.00,180.00,31.50,OPEN,0
669696.349,0,0,0,1.000,1.000,1.000,-90.00,180.00,31.50,OPEN,0
669696.352,0,0,0,1.000,1.000,1.000,-90.00,180.00,31.50,OPEN,0
669696.359,0,0,0,1.000,1.000,1.000,-90.00,180.00,31.50,OPEN,0
669696.362,0,0,0,1.000,1.000,1.000,-90.00,180.00,31.50,OPEN,0
669696.366,0,0,0,1.000,1.000,1.000,-90.00,180.00,31.50,OPEN,0
669696.370,0,0,0,1.000,1.000,1.000,-90.00,180.00,31.50,OPEN,0
669696.379,0,0,0,1.000,1.000,1.000,-90.00,180.00,31.50,OPEN,0
669696.386,0,0,0,1.000,1.000,1.000,-90.00,180.00,31.50,OPEN,0
669696.390,0,0,0,1.000,1.000,1.000,-90.00,180.00,31.50,OPEN,0
669696.394,0,0,0,1.000,1.000,1.000,-90.00,180.00,31.50,OPEN,0
669696.398,0,0,0,1.000,1.000,1.000,-90.00,180.00,31.50,OPEN,0
669696.403,0,0,0,1.000,1.000,1.000,-90.00,180.00,31.50,OPEN,0
669696.406,0,0,0,1.000,1.000,1.000,-90.00,180.00,31.50,OPEN,0
669696.410,0,0,0,1.000,1.000,1.000,-90.00,180.00,31.50,OPEN,0
669696.413,0,0,0,1.000,1.000,1.000,-90.00,180.00,31.50,OPEN,0
669696.417,0,0,0,1.000,1.000,1.000,-90.00,180.00,31.50,OPEN,0
669696.422,0,0,0,1.000,1.000,1.000,-90.00,180.00,31.50,OPEN,0
669696.427,0,0,0,1.000,1.000,1.000,-90.00,180.00,31.50,OPEN,0
669696.434,0,0,0,1.000,1.000,1.000,-90.00,180.00,31.50,OPEN,0
669696.440,0,0,0,1.000,1.000,1.000,-90.00,180.00,31.50,OPEN,0
669696.446,0,0,0,1.000,1.000,1.000,-90.00,180.00,31.50,OPEN,0
669696.454,0,0,0,1.000,1.000,1.000,-90.00,180.00,31.50,OPEN,0
669696.459,0,0,0,1.000,1.000,1.000,-90.00,180.00,31.50,OPEN,0
669696.463,0,0,0,1.000,1.000,1.000,-90.00,180.00,31.50,OPEN,0
669696.468,0,0,0,1.000,1.000,1.000,-90.00,180.00,31.50,OPEN,0
669696.473,0,0,0,1.000,1.000,1.000,-90.00,180.00,31.50,OPEN,0
669696.477,0,0,0,1.000,1.000,1.000,-90.00,180.00,31.50,OPEN,0
669696.481,0,0,0,1.000,1.000,1.000,-90.00,180.00,31.50,OPEN,0
669696.484,0,0,0,1.000,0.999,1.000,-90.00,180.00,31.50,OPEN,0
669696.488,0,0,0,1.000,0.995,1.000,-90.00,180.00,31.50,OPEN,0
669696.491,0,0,0,1.000,0.962,0.998,-90.00,180.00,31.50,OPEN,0
669696.500,0,0,0,1.000,0.795,0.965,-90.00,180.00,31.50,OPEN,0
669696.504,0,0,0,1.000,0.787,0.819,-90.00,180.00,31.50,OPEN,0
669696.507,0,0,0,1.000,0.989,0.639,-90.00,180.00,31.50,OPEN,0
669696.511,0,0,0,1.000,0.999,0.600,-90.00,180.00,31.50,OPEN,0
669696.519,0,0,0,1.000,1.000,0.630,-90.00,180.00,31.50,OPEN,0
669696.523,0,0,0,1.000,1.000,0.686,-90.00,180.00,31.50,OPEN,0
669696.527,0,0,0,1.000,1.000,0.777,-90.00,180.00,31.50,OPEN,0
669696.531,0,0,0,1.000,1.000,0.832,-90.00,180.00,31.50,OPEN,0
669696.535,0,0,0,1.000,0.999,0.859,-90.00,180.00,31.50,OPEN,0
669696.538,0,0,0,1.000,0.999,0.869,-90.00,180.00,31.50,OPEN,0
669696.548,0,0,0,1.000,0.997,0.859,-90.00,180.00,31.50,OPEN,0
669696.552,0,0,0,1.000,0.992,0.829,-90.00,180.00,31.50,OPEN,0
669696.556,0,0,0,1.000,0.980,0.766,-90.00,180.00,31.50,OPEN,0
669696.565,0,0,0,1.000,0.954,0.671,-90.00,180.00,31.50,OPEN,0
669696.569,0,0,0,1.000,0.918,0.573,-90.00,180.00,31.50,OPEN,0
669696.573,0,0,0,1.000,0.892,0.530,-90.00,180.00,31.50,OPEN,0
669696.577,0,0,0,1.000,0.872,0.629,-90.00,180.00,31.50,OPEN,0
669696.585,0,0,0,1.000,0.743,0.623,-90.00,180.00,31.50,OPEN,0
669696.589,0,0,0,1.000,0.595,0.601,-90.00,180.00,31.50,OPEN,0
669696.596,0,0,0,1.000,0.570,0.603,-90.00,180.00,31.50,OPEN,0
669696.601,0,0,0,1.000,0.709,0.588,-90.00,180.00,31.50,OPEN,0
669696.606,0,0,0,1.000,0.698,0.594,-90.00,180.00,31.50,OPEN,0
669696.610,0,0,0,1.000,0.643,0.643,-90.00,180.00,31.50,OPEN,0
669696.614,0,0,0,1.000,0.577,0.671,-90.00,180.00,31.50,OPEN,0
669696.617,0,0,0,1.000,0.513,0.730,-90.00,180.00,31.50,OPEN,0
669696.621,0,0,0,1.000,0.617,0.777,-90.00,180.00,31.50,OPEN,0
669696.625,0,0,0,1.000,0.704,0.787,-90.00,180.00,31.50,OPEN,0
669696.629,0,0,0,1.000,0.790,0.793,-90.00,180.00,31.50,OPEN,0
669696.632,0,0,0,1.000,0.854,0.795,-90.00,180.00,31.50,OPEN,0
669696.640,0,0,0,1.000,0.908,0.730,-90.00,180.00,31.50,OPEN,0
669696.647,0,0,0,1.000,0.940,0.635,-90.00,180.00,31.50,OPEN,0
669696.660,0,0,0,1.000,0.949,0.560,-90.00,180.00,31.50,OPEN,0
669696.674,0,0,0,1.000,0.962,0.554,-90.00,180.00,31.50,OPEN,0
669696.687,0,0,0,1.000,0.977,0.647,-90.00,180.00,31.50,OPEN,0
669696.697,0,0,0,1.000,0.982,0.686,-90.00,180.00,31.50,OPEN,0
669696.706,0,0,0,1.000,0.988,0.713,-90.00,180.00,31.50,OPEN,0
669696.715,0,0,0,1.000,0.991,0.747,-90.00,180.00,31.50,OPEN,0
669696.723,0,0,0,1.000,0.993,0.714,-90.00,180.00,31.50,OPEN,0
669696.731,0,0,0,1.000,0.993,0.729,-90.00,180.00,31.50,OPEN,0
669696.740,0,0,0,1.000,0.995,0.650,-90.00,180.00,31.50,OPEN,0
669696.748,0,0,0,1.000,0.996,0.591,-90.00,180.00,31.50,OPEN,0
669696.756,0,0,0,1.000,0.998,0.522,-90.00,180.00,31.50,OPEN,0
669696.765,0,0,0,1.000,0.999,0.558,-90.00,180.00,31.50,OPEN,0
669696.773,0,0,0,1.000,0.999,0.617,-90.00,180.00,31.50,OPEN,0
669696.781,0,0,0,1.000,0.999,0.668,-90.00,180.00,31.50,OPEN,0
669696.788,0,0,0,1.000,1.000,0.673,-90.00,180.00,31.50,OPEN,0
669696.797,0,0,0,1.000,1.000,0.636,-90.00,180.00,31.50,OPEN,0
669696.805,0,0,0,1.000,1.000,0.637,-90.00,180.00,31.50,OPEN,0
669696.813,0,0,0,1.000,1.000,0.660,-90.00,180.00,31.50,OPEN,0
669696.820,0,0,0,1.000,0.999,0.685,-90.00,180.00,31.50,OPEN,0
669696.828,0,0,0,1.000,0.999,0.664,-90.00,180.00,31.50,OPEN,0
669696.836,0,0,0,1.000,0.996,0.675,-90.00,180.00,31.50,OPEN,0
669696.840,0,0,0,1.000,0.985,0.692,-90.00,180.00,31.50,OPEN,0
669696.844,0,0,0,1.000,0.954,0.742,-90.00,180.00,31.50,OPEN,0
669696.848,0,0,0,1.000,0.934,0.819,-90.00,180.00,31.50,OPEN,0
669696.851,0,0,0,1.000,0.946,0.890,-90.00,180.00,31.50,OPEN,0
669696.855,0,0,0,1.000,0.972,0.897,-90.00,180.00,31.50,OPEN,0
669696.858,0,0,0,1.000,0.985,0.877,-90.00,180.00,31.50,OPEN,0
669696.862,0,0,0,1.000,0.989,0.859,-90.00,180.00,31.50,OPEN,0
669696.866,0,0,0,1.000,0.992,0.831,-90.00,180.00,31.50,OPEN,0
669696.871,0,0,0,1.000,0.995,0.796,-90.00,180.00,31.50,OPEN,0
669696.876,0,0,0,1.000,0.996,0.760,-90.00,180.00,31.50,OPEN,0
669696.880,0,0,0,1.000,0.996,0.744,-90.00,180.00,31.50,OPEN,0
669696.884,0,0,0,1.000,0.994,0.730,-90.00,180.00,31.50,OPEN,0
669696.888,0,0,0,1.000,0.987,0.712,-90.00,180.00,31.50,OPEN,0
669696.891,0,0,0,1.000,0.975,0.686,-90.00,180.00,31.50,OPEN,0
669696.895,0,0,0,1.000,0.949,0.758,-90.00,180.00,31.50,OPEN,0
669696.899,0,0,0,1.000,0.888,0.804,-90.00,180.00,31.50,OPEN,0
669696.903,0,0,0,1.000,0.833,0.842,-90.00,180.00,31.50,OPEN,0
669696.907,0,0,0,1.000,0.770,0.859,-90.00,180.00,31.50,OPEN,0
669696.911,0,0,0,1.000,0.804,0.852,-90.00,180.00,31.50,OPEN,0
669696.915,0,0,0,1.000,0.817,0.818,-90.00,180.00,31.50,OPEN,0
669696.920,0,0,0,1.000,0.822,0.794,-90.00,180.00,31.50,OPEN,0
669696.924,0,0,0,1.000,0.857,0.775,-90.00,180.00,31.50,OPEN,0
669696.928,0,0,0,1.000,0.919,0.727,-90.00,180.00,31.50,OPEN,0
669696.932,0,0,0,1.000,0.952,0.701,-90.00,180.00,31.50,OPEN,0
669696.940,0,0,0,1.000,0.974,0.674,-90.00,180.00,31.50,OPEN,0
669696.944,0,0,0,1.000,0.987,0.608,-90.00,180.00,31.50,OPEN,0
669696.948,0,0,0,1.000,0.991,0.557,-90.00,180.00,31.50,OPEN,0
669696.952,0,0,0,1.000,0.991,0.593,-90.00,180.00,31.50,OPEN,0
669696.961,0,0,0,1.000,0.988,0.598,-90.00,180.00,31.50,OPEN,0
669696.966,0,0,0,1.000,0.983,0.592,-90.00,180.00,31.50,OPEN,0
669696.969,0,0,0,1.000,0.977,0.574,-90.00,180.00,31.50,OPEN,0
669696.973,0,0,0,1.000,0.959,0.551,-90.00,180.00,31.50,OPEN,0
669696.981,0,0,0,1.000,0.911,0.551,-90.00,180.00,31.50,OPEN,0
669696.984,0,0,0,1.000,0.835,0.681,-90.00,180.00,31.50,OPEN,0
669696.988,0,0,0,1.000,0.722,0.808,-90.00,180.00,31.50,OPEN,0
669696.996,0,0,0,1.000,0.635,0.865,-90.00,180.00,31.50,OPEN,0
669697.000,0,0,0,1.000,0.590,0.903,-90.00,180.00,31.50,OPEN,0
669697.004,0,0,0,1.000,0.683,0.917,-90.00,180.00,31.50,OPEN,0
669697.008,0,0,0,1.000,0.734,0.923,-90.00,180.00,31.50,OPEN,0
669697.014,0,0,0,1.000,0.802,0.928,-90.00,180.00,31.50,OPEN,0
669697.018,0,0,0,1.000,0.899,0.905,-90.00,180.00,31.50,OPEN,0
669697.022,0,0,0,1.000,0.941,0.848,-90.00,180.00,31.50,OPEN,0
669697.028,0,0,0,1.000,0.974,0.785,-90.00,180.00,31.50,OPEN,0
669697.033,0,0,0,1.000,0.986,0.704,-90.00,180.00,31.50,OPEN,0
669697.038,0,1,0,1.000,0.991,0.640,-90.00,179.67,31.50,OPEN,0
669697.048,0,1,0,1.000,0.994,0.642,-90.00,179.06,31.50,OPEN,1
669697.054,0,1,0,1.000,0.996,0.675,-90.00,178.74,31.50,OPEN,0
669697.059,0,1,0,1.000,0.996,0.737,-90.00,178.43,31.50,OPEN,0
669697.063,0,1,0,1.000,0.996,0.797,-90.00,178.15,31.50,OPEN,0
669697.068,0,1,0,1.000,0.996,0.846,-90.00,177.89,31.50,OPEN,0
669697.072,0,1,0,1.000,0.993,0.890,-90.00,177.64,31.50,OPEN,0
669697.076,0,1,0,1.000,0.992,0.906,-90.00,177.39,31.50,OPEN,0
669697.080,0,1,0,1.000,0.993,0.917,-90.00,177.14,31.50,OPEN,0
669697.084,0,1,0,1.000,0.992,0.897,-90.00,176.89,31.50,OPEN,0
669697.089,0,1,0,1.000,0.995,0.846,-90.00,176.64,31.50,OPEN,0
669697.093,0,1,0,1.000,0.997,0.739,-90.00,176.39,31.50,OPEN,0
669697.097,0,1,0,1.000,0.998,0.597,-90.00,176.14,31.50,OPEN,0
669697.101,0,1,0,1.000,0.999,0.548,-90.00,175.89,31.50,OPEN,0
669697.105,0,1,0,1.000,0.999,0.722,-90.00,175.65,31.50,OPEN,0
669697.109,0,1,0,1.000,0.999,0.841,-90.00,175.41,31.50,OPEN,0
669697.113,0,1,0,1.000,0.999,0.855,-90.00,175.17,31.50,OPEN,0
669697.117,0,1,0,1.000,0.998,0.849,-90.00,174.95,31.50,OPEN,0
669697.124,0,1,0,1.000,0.997,0.769,-90.00,174.54,31.50,OPEN,0
669697.132,0,1,0,1.000,0.992,0.643,-90.00,174.03,31.50,OPEN,0
669697.140,0,1,0,1.000,0.976,0.575,-90.00,173.53,31.50,OPEN,0
669697.147,0,1,0,1.000,0.896,0.803,-90.00,173.14,31.50,OPEN,0
669697.154,0,1,0,1.000,0.689,0.936,-90.00,172.71,31.50,OPEN,1
669697.162,0,1,0,1.000,0.546,0.970,-90.00,172.23,31.50,OPEN,0
669697.170,0,1,0,1.000,0.516,0.984,-90.00,171.74,31.50,OPEN,0
669697.178,0,1,0,1.000,0.550,0.989,-90.00,171.25,31.50,OPEN,0
669697.186,0,1,0,1.000,0.516,0.991,-90.00,170.77,31.50,OPEN,0
669697.194,0,1,0,1.000,0.613,0.992,-90.00,170.29,31.50,OPEN,0
669697.203,0,1,0,1.000,0.752,0.994,-90.00,169.80,31.50,OPEN,0
669697.211,0,1,0,1.000,0.839,0.997,-90.00,169.32,31.50,OPEN,0
669697.219,0,1,0,1.000,0.914,0.999,-90.00,168.82,31.50,OPEN,0
669697.225,0,1,0,1.000,0.899,1.000,-90.00,168.45,31.50,OPEN,0
669697.229,0,1,0,1.000,0.711,1.000,-90.00,168.21,31.50,OPEN,0
669697.233,0,1,0,1.000,0.749,1.000,-90.00,168.00,31.50,OPEN,0
669697.236,0,1,0,1.000,0.981,1.000,-90.00,167.78,31.50,OPEN,0
669697.240,0,1,0,1.000,0.999,1.000,-90.00,167.55,31.50,OPEN,0
669697.247,0,1,0,1.000,1.000,1.000,-90.00,167.11,31.50,OPEN,0
669697.251,0,1,0,1.000,1.000,1.000,-90.00,166.87,31.50,OPEN,0
669697.257,0,1,0,1.000,1.000,1.000,-90.00,166.55,31.50,OPEN,1
669697.260,0,1,0,1.000,1.000,1.000,-90.00,166.33,31.50,OPEN,0
669697.264,0,1,0,1.000,1.000,1.000,-90.00,166.14,31.50,OPEN,0
669697.273,0,1,0,1.000,1.000,1.000,-90.00,165.57,31.50,OPEN,0
669697.279,0,1,0,1.000,1.000,1.000,-90.00,165.23,31.50,OPEN,0
669697.283,0,1,0,1.000,1.000,1.000,-90.00,165.00,31.50,OPEN,0
669697.288,0,1,0,1.000,1.000,1.000,-90.00,164.69,31.50,OPEN,0
669697.292,0,1,0,1.000,1.000,1.000,-90.00,164.43,31.50,OPEN,0
669697.297,0,1,0,1.000,1.000,1.000,-90.00,164.12,31.50,OPEN,0
669697.308,0,1,0,1.000,1.000,1.000,-90.00,163.47,31.50,OPEN,0
669697.322,0,1,0,1.000,1.000,1.000,-90.00,162.66,31.50,OPEN,0
669697.337,0,1,0,1.000,1.000,1.000,-90.00,161.77,31.50,OPEN,0
669697.348,0,1,0,1.000,1.000,1.000,-90.00,161.08,31.50,OPEN,0
669697.359,0,1,0,1.000,1.000,1.000,-90.00,160.40,31.50,OPEN,1
669697.369,0,1,0,1.000,1.000,1.000,-90.00,159.84,31.50,OPEN,0
669697.376,0,1,0,1.000,1.000,1.000,-90.00,159.38,31.50,OPEN,0
669697.385,0,1,0,1.000,1.000,1.000,-90.00,158.86,31.50,OPEN,0
669697.394,0,1,0,1.000,1.000,1.000,-90.00,158.32,31.50,OPEN,0
669697.403,0,1,0,1.000,1.000,1.000,-90.00,157.77,31.50,OPEN,0
669697.411,0,1,0,1.000,1.000,1.000,-90.00,157.28,31.50,OPEN,0
669697.419,0,1,0,1.000,1.000,1.000,-90.00,156.81,31.50,OPEN,0
669697.427,0,1,0,1.000,1.000,1.000,-90.00,156.31,31.50,OPEN,0
669697.433,0,1,0,1.000,1.000,1.000,-90.00,155.97,31.50,OPEN,0
669697.437,0,1,0,1.000,1.000,1.000,-90.00,155.75,31.50,OPEN,0
669697.441,0,1,0,1.000,1.000,1.000,-90.00,155.51,31.50,OPEN,0
669697.445,0,1,0,1.000,1.000,1.000,-90.00,155.28,31.50,OPEN,0
669697.449,0,1,0,1.000,1.000,1.000,-90.00,155.04,31.50,OPEN,0
669697.453,0,1,0,1.000,1.000,1.000,-90.00,154.76,31.50,OPEN,0
669697.457,0,1,0,1.000,1.000,1.000,-90.00,154.52,31.50,OPEN,0
669697.462,0,1,0,1.000,1.000,1.000,-90.00,154.25,31.50,OPEN,1
669697.469,0,1,0,1.000,1.000,1.000,-90.00,153.84,31.50,OPEN,0
669697.473,0,1,0,1.000,1.000,1.000,-90.00,153.59,31.50,OPEN,0
669697.477,0,1,0,1.000,1.000,1.000,-90.00,153.31,31.50,OPEN,0
669697.484,0,1,0,1.000,1.000,1.000,-90.00,152.94,31.50,OPEN,0
669697.488,0,1,0,1.000,1.000,1.000,-90.00,152.69,31.50,OPEN,0
669697.491,0,1,0,1.000,1.000,1.000,-90.00,152.48,31.50,OPEN,0
669697.496,0,1,0,1.000,1.000,1.000,-90.00,152.19,31.50,OPEN,0
669697.500,0,1,0,1.000,1.000,1.000,-90.00,151.98,31.50,OPEN,0
669697.503,0,1,0,1.000,1.000,1.000,-90.00,151.76,31.50,OPEN,0
669697.507,0,1,0,1.000,1.000,1.000,-90.00,151.52,31.50,OPEN,0
669697.511,0,1,0,1.000,1.000,1.000,-90.00,151.30,31.50,OPEN,0
669697.516,0,1,0,1.000,1.000,1.000,-90.00,151.02,31.50,OPEN,0
669697.520,0,1,0,1.000,1.000,1.000,-90.00,150.74,31.50,OPEN,0
669697.524,0,1,0,1.000,1.000,1.000,-90.00,150.50,31.50,OPEN,0
669697.529,0,1,0,1.000,1.000,1.000,-90.00,150.24,31.50,OPEN,0
669697.533,0,1,0,1.000,1.000,1.000,-90.00,149.97,31.50,OPEN,0
669697.542,0,1,0,1.000,1.000,1.000,-90.00,149.47,31.50,OPEN,0
669697.545,0,1,0,1.000,1.000,1.000,-90.00,149.24,31.50,OPEN,0
669697.555,0,1,0,1.000,1.000,1.000,-90.00,148.67,31.50,OPEN,0
669697.560,0,1,0,1.000,1.000,1.000,-90.00,148.37,31.50,OPEN,0
669697.564,0,1,0,1.000,1.000,1.000,-90.00,148.14,31.50,OPEN,1
669697.568,0,1,0,1.000,1.000,1.000,-90.00,147.87,31.50,OPEN,0
669697.572,0,1,0,1.000,1.000,1.000,-90.00,147.67,31.50,OPEN,0
669697.577,0,1,0,1.000,1.000,1.000,-90.00,147.32,31.50,OPEN,0
669697.581,0,1,0,1.000,1.000,1.000,-90.00,147.11,31.50,OPEN,0
669697.585,0,1,0,1.000,1.000,1.000,-90.00,146.88,31.50,OPEN,0
669697.588,0,1,0,1.000,1.000,1.000,-90.00,146.66,31.50,OPEN,0
669697.594,0,1,0,1.000,1.000,1.000,-90.00,146.35,31.50,OPEN,0
669697.598,0,1,0,1.000,1.000,1.000,-90.00,146.10,31.50,OPEN,0
669697.602,0,1,0,1.000,1.000,1.000,-90.00,145.84,31.50,OPEN,0
669697.606,0,1,0,1.000,1.000,1.000,-90.00,145.57,31.50,OPEN,0
669697.611,0,1,0,1.000,1.000,1.000,-90.00,145.27,31.50,OPEN,0
669697.616,0,1,0,1.000,1.000,1.000,-90.00,145.02,31.50,OPEN,0
669697.621,0,1,0,1.000,1.000,1.000,-90.00,144.70,31.50,OPEN,0
669697.624,0,1,0,1.000,1.000,1.000,-90.00,144.50,31.50,OPEN,0
669697.629,0,1,0,1.000,1.000,1.000,-90.00,144.24,31.50,OPEN,0
669697.634,0,1,0,1.000,1.000,1.000,-90.00,143.90,31.50,OPEN,0
669697.642,0,1,0,1.000,1.000,1.000,-90.00,143.43,31.50,OPEN,0
669697.649,0,1,0,1.000,1.000,1.000,-90.00,143.00,31.50,OPEN,0
669697.655,0,1,0,1.000,1.000,1.000,-90.00,142.66,31.50,OPEN,0
669697.664,0,1,0,1.000,1.000,1.000,-90.00,142.12,31.50,OPEN,1
669697.671,0,1,0,1.000,1.000,1.000,-90.00,141.70,31.50,OPEN,0
669697.677,0,1,0,1.000,1.000,1.000,-90.00,141.35,31.50,OPEN,0
669697.680,0,1,0,1.000,1.000,1.000,-90.00,141.14,31.50,OPEN,0
669697.684,0,1,0,1.000,1.000,1.000,-90.00,140.90,31.50,OPEN,0
669697.688,0,1,0,1.000,1.000,1.000,-90.00,140.66,31.50,OPEN,0
669697.693,0,1,0,1.000,1.000,1.000,-90.00,140.40,31.50,OPEN,0
669697.697,0,1,0,1.000,1.000,1.000,-90.00,140.16,31.50,OPEN,0
669697.701,0,1,0,1.000,1.000,1.000,-90.00,139.88,31.50,OPEN,0
669697.706,0,1,0,1.000,1.000,1.000,-90.00,139.63,31.50,OPEN,0
669697.714,0,1,0,1.000,1.000,1.000,-90.00,139.10,31.50,OPEN,0
669697.719,0,1,0,1.000,1.000,1.000,-90.00,138.79,31.50,OPEN,0
669697.723,0,1,0,1.000,1.000,1.000,-90.00,138.57,31.50,OPEN,0
669697.728,0,1,0,1.000,1.000,1.000,-90.00,138.25,31.50,OPEN,0
669697.733,0,1,0,1.000,1.000,1.000,-90.00,137.97,31.50,OPEN,0
669697.737,0,1,0,1.000,1.000,1.000,-90.00,137.73,31.50,OPEN,0
669697.741,0,1,0,1.000,1.000,1.000,-90.00,137.50,31.50,OPEN,0
669697.745,0,1,0,1.000,1.000,1.000,-90.00,137.26,31.50,OPEN,0
669697.749,0,1,0,1.000,1.000,1.000,-90.00,136.99,31.50,OPEN,0
669697.753,0,1,0,1.000,1.000,1.000,-90.00,136.75,31.50,OPEN,0
669697.757,0,1,0,1.000,1.000,1.000,-90.00,136.55,31.50,OPEN,0
669697.761,0,1,0,1.000,1.000,1.000,-90.00,136.33,31.50,OPEN,0
669697.764,0,0,0,1.000,1.000,1.000,-90.00,136.57,31.50,OPEN,1
669697.768,0,0,0,1.000,1.000,1.000,-90.00,136.79,31.50,OPEN,0
669697.772,0,0,0,1.000,1.000,1.000,-90.00,137.02,31.50,OPEN,0
669697.776,0,0,0,1.000,1.000,1.000,-90.00,137.25,31.50,OPEN,0
669697.780,0,0,0,1.000,1.000,1.000,-90.00,137.48,31.50,OPEN,0
669697.783,0,0,0,1.000,1.000,1.000,-90.00,137.70,31.50,OPEN,0
669697.787,0,0,0,1.000,1.000,1.000,-90.00,137.92,31.50,OPEN,0
669697.791,0,0,0,1.000,1.000,1.000,-90.00,138.14,31.50,OPEN,0
669697.794,0,0,0,1.000,1.000,1.000,-90.00,138.36,31.50,OPEN,0
669697.798,0,0,0,1.000,1.000,1.000,-90.00,138.59,31.50,OPEN,0
669697.802,0,0,0,1.000,1.000,1.000,-90.00,138.82,31.50,OPEN,0
669697.806,0,0,0,1.000,1.000,1.000,-90.00,139.03,31.50,OPEN,0
669697.809,0,0,0,1.000,1.000,1.000,-90.00,139.26,31.50,OPEN,0
669697.813,0,0,0,1.000,1.000,1.000,-90.00,139.49,31.50,OPEN,0
669697.817,0,0,0,1.000,1.000,1.000,-90.00,139.73,31.50,OPEN,0
669697.821,0,0,0,1.000,1.000,1.000,-90.00,139.96,31.50,OPEN,0
669697.829,0,0,0,1.000,1.000,1.000,-90.00,140.43,31.50,OPEN,0
669697.833,0,0,0,1.000,1.000,1.000,-90.00,140.69,31.50,OPEN,0
669697.837,0,0,0,1.000,1.000,1.000,-90.00,140.92,31.50,OPEN,0
669697.841,0,0,0,1.000,1.000,1.000,-90.00,141.15,31.50,OPEN,0
669697.845,0,0,0,1.000,1.000,1.000,-90.00,141.39,31.50,OPEN,0
669697.853,0,0,0,1.000,1.000,1.000,-90.00,141.85,31.50,OPEN,0
669697.856,0,0,0,1.000,1.000,1.000,-90.00,142.07,31.50,OPEN,0
669697.864,0,0,0,1.000,1.000,1.000,-90.00,142.52,31.50,OPEN,0
669697.868,0,0,0,1.000,1.000,1.000,-90.00,142.75,31.50,OPEN,1
669697.872,0,0,0,1.000,1.000,1.000,-90.00,143.01,31.50,OPEN,0
669697.877,0,0,0,1.000,1.000,1.000,-90.00,143.29,31.50,OPEN,0
669697.882,0,0,0,1.000,1.000,1.000,-90.00,143.60,31.50,OPEN,0
669697.887,0,0,0,0.999,1.000,1.000,-90.00,143.93,31.50,OPEN,0
669697.891,0,0,0,0.998,1.000,1.000,-90.00,144.16,31.50,OPEN,0
669697.895,0,0,0,0.999,1.000,1.000,-90.00,144.39,31.50,OPEN,0
669697.899,0,0,0,0.975,1.000,1.000,-90.00,144.62,31.50,OPEN,0
669697.903,0,0,0,0.597,1.000,1.000,-90.00,144.87,31.50,OPEN,0
669697.907,0,0,0,0.934,1.000,1.000,-90.00,145.10,31.50,OPEN,0
669697.911,0,0,0,0.951,1.000,1.000,-90.00,145.38,31.50,OPEN,0
669697.918,0,0,0,0.603,1.000,1.000,-90.00,145.80,31.50,OPEN,0
669697.932,0,0,0,0.919,1.000,1.000,-90.00,146.63,31.50,OPEN,0
669697.939,0,0,0,0.987,1.000,1.000,-90.00,147.01,31.50,OPEN,0
669697.944,0,0,0,0.997,1.000,1.000,-90.00,147.31,31.50,OPEN,0
669697.948,0,0,0,0.999,1.000,1.000,-90.00,147.59,31.50,OPEN,0
669697.953,0,0,0,0.999,1.000,1.000,-90.00,147.86,31.50,OPEN,0
669697.958,0,0,0,1.000,1.000,1.000,-90.00,148.15,31.50,OPEN,0
669697.962,0,0,0,1.000,1.000,1.000,-90.00,148.41,31.50,OPEN,0
669697.966,3,0,0,1.000,1.000,1.000,-90.00,148.67,31.50,CLOSED,0
669697.971,3,0,0,1.000,1.000,1.000,-90.00,148.98,31.50,CLOSED,1
669697.980,3,0,0,1.000,1.000,1.000,-90.00,149.51,31.50,CLOSED,0
669697.984,3,0,0,1.000,1.000,1.000,-90.00,149.76,31.50,CLOSED,0
669697.988,3,0,0,1.000,1.000,1.000,-90.00,149.98,31.50,CLOSED,0
669697.992,3,0,0,1.000,1.000,1.000,-90.00,150.21,31.50,CLOSED,0
669697.996,3,0,0,1.000,1.000,1.000,-90.00,150.45,31.50,CLOSED,0
669698.000,3,0,0,1.000,1.000,1.000,-90.00,150.71,31.50,CLOSED,0
669698.004,3,0,0,1.000,1.000,1.000,-90.00,150.92,31.50,CLOSED,0
669698.008,3,0,0,1.000,1.000,1.000,-90.00,151.16,31.50,CLOSED,0
669698.012,3,0,0,1.000,1.000,1.000,-90.00,151.40,31.50,CLOSED,0
669698.018,3,0,0,1.000,1.000,1.000,-90.00,151.76,31.50,CLOSED,0
669698.022,3,0,0,1.000,1.000,1.000,-90.00,151.99,31.50,CLOSED,0
669698.026,3,0,0,1.000,1.000,1.000,-90.00,152.23,31.50,CLOSED,0
669698.030,3,0,0,1.000,1.000,1.000,-90.00,152.51,31.50,CLOSED,0
669698.034,3,0,0,1.000,1.000,1.000,-90.00,152.71,31.50,CLOSED,0
669698.037,3,0,0,1.000,1.000,1.000,-90.00,152.93,31.50,CLOSED,0
669698.045,3,0,0,1.000,1.000,1.000,-90.00,153.40,31.50,CLOSED,0
669698.049,3,0,0,1.000,1.000,1.000,-90.00,153.63,31.50,CLOSED,0
669698.053,3,0,0,1.000,1.000,1.000,-90.00,153.91,31.50,CLOSED,0
669698.060,3,0,0,1.000,1.000,1.000,-90.00,154.29,31.50,CLOSED,0
669698.067,3,0,0,1.000,1.000,1.000,-90.00,154.74,31.50,CLOSED,0
669698.074,3,0,0,1.000,1.000,1.000,-90.00,155.15,31.50,CLOSED,1
669698.080,3,0,0,1.000,1.000,1.000,-90.00,155.53,31.50,CLOSED,0
669698.086,3,0,0,1.000,1.000,1.000,-90.00,155.86,31.50,CLOSED,0
669698.091,3,0,0,1.000,1.000,1.000,-90.00,156.15,31.50,CLOSED,0
669698.096,3,0,0,1.000,1.000,1.000,-90.00,156.43,31.50,CLOSED,0
669698.100,3,0,0,1.000,1.000,1.000,-90.00,156.69,31.50,CLOSED,0
669698.104,3,0,0,1.000,1.000,1.000,-90.00,156.93,31.50,CLOSED,0
669698.108,3,0,0,1.000,1.000,1.000,-90.00,157.17,31.50,CLOSED,0
669698.112,3,0,0,1.000,1.000,1.000,-90.00,157.41,31.50,CLOSED,0
669698.116,3,0,0,1.000,1.000,1.000,-90.00,157.64,31.50,CLOSED,0
669698.120,3,0,0,1.000,1.000,1.000,-90.00,157.87,31.50,CLOSED,0
669698.123,3,0,0,1.000,1.000,1.000,-90.00,158.09,31.50,CLOSED,0
669698.127,3,0,0,1.000,1.000,1.000,-90.00,158.34,31.50,CLOSED,0
669698.131,3,0,0,1.000,1.000,1.000,-90.00,158.57,31.50,CLOSED,0
669698.135,3,0,0,1.000,1.000,1.000,-90.00,158.81,31.50,CLOSED,0
669698.143,3,0,0,1.000,1.000,1.000,-90.00,159.31,31.50,CLOSED,0
669698.148,3,0,0,1.000,1.000,1.000,-90.00,159.55,31.50,CLOSED,0
669698.152,3,0,0,1.000,1.000,1.000,-90.00,159.80,31.50,CLOSED,0
669698.156,3,0,0,1.000,1.000,1.000,-90.00,160.07,31.50,CLOSED,0
669698.160,3,0,0,1.000,1.000,1.000,-90.00,160.31,31.50,CLOSED,0
669698.164,3,0,0,1.000,1.000,1.000,-90.00,160.55,31.50,CLOSED,0
669698.168,3,0,0,1.000,1.000,1.000,-90.00,160.78,31.50,CLOSED,0
669698.172,3,0,0,1.000,1.000,1.000,-90.00,161.02,31.50,CLOSED,0
669698.176,3,0,0,1.000,1.000,1.000,-90.00,161.24,31.50,CLOSED,1
669698.181,3,0,0,1.000,1.000,1.000,-90.00,161.54,31.50,CLOSED,0
669698.185,3,0,0,1.000,1.000,1.000,-90.00,161.80,31.50,CLOSED,0
669698.190,3,0,0,1.000,1.000,1.000,-90.00,162.11,31.50,CLOSED,0
669698.194,3,0,0,1.000,1.000,1.000,-90.00,162.36,31.50,CLOSED,0
669698.198,3,0,0,1.000,1.000,1.000,-90.00,162.60,31.50,CLOSED,0
669698.202,3,0,0,1.000,1.000,1.000,-90.00,162.83,31.50,CLOSED,0
669698.208,3,0,0,1.000,1.000,1.000,-90.00,163.19,31.50,CLOSED,0
669698.212,3,0,0,1.000,1.000,1.000,-90.00,163.42,31.50,CLOSED,0
669698.216,3,0,0,1.000,1.000,1.000,-90.00,163.65,31.50,CLOSED,0
669698.220,3,0,0,1.000,1.000,1.000,-90.00,163.90,31.50,CLOSED,0
669698.223,3,0,0,1.000,1.000,1.000,-90.00,164.11,31.50,CLOSED,0
669698.231,3,0,0,1.000,1.000,1.000,-90.00,164.58,31.50,CLOSED,0
669698.236,3,0,0,1.000,1.000,1.000,-90.00,164.85,31.50,CLOSED,0
669698.239,3,0,0,1.000,1.000,1.000,-90.00,165.05,31.50,CLOSED,0
669698.244,3,0,0,1.000,1.000,1.000,-90.00,165.31,31.50,CLOSED,0
669698.247,3,0,0,1.000,1.000,1.000,-90.00,165.55,31.50,CLOSED,0
669698.252,3,0,0,1.000,1.000,1.000,-90.00,165.81,31.50,CLOSED,0
669698.256,3,0,0,1.000,1.000,1.000,-90.00,166.05,31.50,CLOSED,0
669698.260,3,0,0,1.000,1.000,1.000,-90.00,166.30,31.50,CLOSED,0
669698.264,3,0,0,1.000,1.000,1.000,-90.00,166.55,31.50,CLOSED,0
669698.268,3,0,0,1.000,1.000,1.000,-90.00,166.80,31.50,CLOSED,0
669698.273,3,0,0,1.000,1.000,1.000,-90.00,167.06,31.50,CLOSED,0
669698.277,3,0,0,1.000,1.000,1.000,-90.00,167.31,31.50,CLOSED,1
669698.281,3,0,0,1.000,1.000,1.000,-90.00,167.58,31.50,CLOSED,0
669698.286,3,0,0,1.000,1.000,1.000,-90.00,167.85,31.50,CLOSED,0
669698.291,3,0,0,1.000,1.000,1.000,-90.00,168.15,31.50,CLOSED,0
669698.295,3,0,0,1.000,1.000,1.000,-90.00,168.39,31.50,CLOSED,0
669698.303,3,0,0,1.000,1.000,1.000,-90.00,168.88,31.50,CLOSED,0
669698.311,3,0,0,1.000,1.000,1.000,-90.00,169.36,31.50,CLOSED,0
669698.316,3,0,0,1.000,1.000,1.000,-90.00,169.67,31.50,CLOSED,0
669698.320,3,0,0,1.000,1.000,1.000,-90.00,169.88,31.50,CLOSED,0
669698.324,3,0,0,1.000,1.000,1.000,-90.00,170.11,31.50,CLOSED,0
669698.328,3,0,0,1.000,1.000,1.000,-90.00,170.37,31.50,CLOSED,0
669698.332,3,0,0,1.000,1.000,1.000,-90.00,170.64,31.50,CLOSED,0
669698.336,3,0,0,1.000,1.000,1.000,-90.00,170.87,31.50,CLOSED,0
669698.340,3,0,0,1.000,1.000,1.000,-90.00,171.07,31.50,CLOSED,0
669698.343,3,0,0,1.000,1.000,1.000,-90.00,171.28,31.50,CLOSED,0
669698.349,3,0,0,1.000,1.000,1.000,-90.00,171.67,31.50,CLOSED,0
669698.353,3,0,0,1.000,1.000,1.000,-90.00,171.90,31.50,CLOSED,0
669698.357,3,0,0,1.000,1.000,1.000,-90.00,172.12,31.50,CLOSED,0
669698.361,3,0,0,1.000,1.000,1.000,-90.00,172.33,31.50,CLOSED,0
669698.365,3,0,0,1.000,1.000,1.000,-90.00,172.59,31.50,CLOSED,0
669698.368,3,0,0,1.000,1.000,1.000,-90.00,172.80,31.50,CLOSED,0
669698.377,3,0,0,1.000,1.000,1.000,-90.00,173.34,31.50,CLOSED,1
669698.382,3,0,0,1.000,1.000,1.000,-90.00,173.65,31.50,CLOSED,0
669698.391,3,0,0,1.000,1.000,1.000,-90.00,174.16,31.50,CLOSED,0
669698.395,3,0,0,1.000,1.000,1.000,-90.00,174.39,31.50,CLOSED,0
669698.399,3,0,0,1.000,1.000,1.000,-90.00,174.62,31.50,CLOSED,0
669698.403,3,0,0,1.000,1.000,1.000,-90.00,174.88,31.50,CLOSED,0
669698.407,3,0,0,1.000,1.000,1.000,-90.00,175.12,31.50,CLOSED,0
669698.411,3,0,0,1.000,1.000,1.000,-90.00,175.35,31.50,CLOSED,0
669698.419,3,0,0,1.000,1.000,1.000,-90.00,175.85,31.50,CLOSED,0
669698.423,3,0,0,1.000,1.000,1.000,-90.00,176.07,31.50,CLOSED,0
669698.427,3,0,0,1.000,1.000,1.000,-90.00,176.34,31.50,CLOSED,0
669698.433,3,0,0,1.000,1.000,1.000,-90.00,176.68,31.50,CLOSED,0
669698.440,3,0,0,1.000,1.000,1.000,-90.00,177.11,31.50,CLOSED,0
669698.445,3,0,0,1.000,1.000,1.000,-90.00,177.43,31.50,CLOSED,0
669698.450,3,0,0,1.000,1.000,1.000,-90.00,177.72,31.50,CLOSED,0
669698.456,3,0,0,1.000,1.000,1.000,-90.00,178.06,31.50,CLOSED,0
669698.460,3,0,0,1.000,1.000,1.000,-90.00,178.32,31.50,CLOSED,0
669698.464,3,0,0,1.000,1.000,1.000,-90.00,178.56,31.50,CLOSED,0
669698.468,3,0,0,1.000,1.000,1.000,-90.00,178.79,31.50,CLOSED,0
669698.476,3,0,0,1.000,1.000,1.000,-90.00,179.27,31.50,CLOSED,0
669698.480,3,0,0,1.000,1.000,1.000,-90.00,179.52,31.50,CLOSED,1
669698.485,3,0,0,0.999,1.000,1.000,-90.00,179.78,31.50,CLOSED,0
669698.489,3,0,0,0.790,1.000,1.000,-90.00,180.00,31.50,CLOSED,0
669698.493,3,0,0,1.000,1.000,1.000,-90.00,180.00,31.50,CLOSED,0
669698.496,3,0,0,1.000,1.000,1.000,-90.00,180.00,31.50,CLOSED,0
669698.501,3,0,0,1.000,1.000,1.000,-90.00,180.00,31.50,CLOSED,0
669698.505,3,0,0,1.000,1.000,1.000,-90.00,180.00,31.50,CLOSED,0
669698.511,3,0,0,1.000,1.000,1.000,-90.00,180.00,31.50,CLOSED,0
669698.516,3,0,0,1.000,1.000,1.000,-90.00,180.00,31.50,CLOSED,0
669698.521,3,0,0,1.000,1.000,1.000,-90.00,180.00,31.50,CLOSED,0
669698.526,0,0,0,1.000,1.000,1.000,-90.00,180.00,31.50,CLOSED,0
669698.535,0,0,0,1.000,1.000,1.000,-90.00,180.00,31.50,CLOSED,0
669698.543,0,0,0,1.000,1.000,1.000,-90.00,180.00,31.50,CLOSED,0
669698.549,0,0,0,1.000,1.000,1.000,-90.00,180.00,31.50,CLOSED,0
669698.557,0,0,0,1.000,1.000,1.000,-90.00,180.00,31.50,CLOSED,0
669698.562,0,0,0,1.000,1.000,1.000,-90.00,180.00,31.50,CLOSED,0
669698.568,0,0,0,1.000,1.000,1.000,-90.00,180.00,31.50,CLOSED,0
669698.574,0,0,0,1.000,1.000,1.000,-90.00,180.00,31.50,CLOSED,0
669698.582,0,0,0,1.000,1.000,1.000,-90.00,180.00,31.50,CLOSED,0
669698.587,0,0,0,1.000,1.000,1.000,-90.00,180.00,31.50,CLOSED,0
669698.590,0,0,0,1.000,1.000,1.000,-90.00,180.00,31.50,CLOSED,0
669698.595,0,0,0,1.000,1.000,1.000,-90.00,180.00,31.50,CLOSED,0
669698.601,0,0,0,1.000,1.000,1.000,-90.00,180.00,31.50,CLOSED,0
669698.605,0,0,0,1.000,1.000,1.000,-90.00,180.00,31.50,CLOSED,0
669698.612,0,0,0,1.000,1.000,1.000,-90.00,180.00,31.50,CLOSED,0
669698.618,0,0,0,1.000,1.000,1.000,-90.00,180.00,31.50,CLOSED,0
669698.624,0,0,0,1.000,1.000,1.000,-90.00,180.00,31.50,CLOSED,0
669698.632,0,0,0,1.000,1.000,1.000,-90.00,180.00,31.50,CLOSED,0
669698.639,0,0,0,1.000,1.000,1.000,-90.00,180.00,31.50,CLOSED,0
669698.646,0,0,0,1.000,1.000,1.000,-90.00,180.00,31.50,CLOSED,0
669698.654,0,0,0,1.000,1.000,1.000,-90.00,180.00,31.50,CLOSED,0
669698.661,0,0,0,1.000,1.000,1.000,-90.00,180.00,31.50,CLOSED,0
669698.669,0,0,0,1.000,1.000,1.000,-90.00,180.00,31.50,CLOSED,0
669698.673,0,0,0,1.000,1.000,1.000,-90.00,180.00,31.50,CLOSED,0
669698.677,0,0,0,1.000,1.000,1.000,-90.00,180.00,31.50,CLOSED,0
669698.681,0,0,0,1.000,1.000,1.000,-90.00,180.00,31.50,CLOSED,0
669698.685,0,0,0,1.000,1.000,1.000,-90.00,180.00,31.50,CLOSED,0
669698.689,0,0,0,1.000,1.000,1.000,-90.00,180.00,31.50,CLOSED,0
669698.694,0,0,0,1.000,1.000,1.000,-90.00,180.00,31.50,CLOSED,0
669698.698,0,0,0,1.000,1.000,1.000,-90.00,180.00,31.50,CLOSED,0
669698.702,0,0,0,1.000,1.000,1.000,-90.00,180.00,31.50,CLOSED,0
669698.706,0,0,0,1.000,1.000,1.000,-90.00,180.00,31.50,CLOSED,0
669698.715,0,0,0,1.000,1.000,1.000,-90.00,180.00,31.50,CLOSED,0
669698.718,0,0,0,1.000,1.000,1.000,-90.00,180.00,31.50,CLOSED,0
669698.722,0,0,0,1.000,1.000,1.000,-90.00,180.00,31.50,CLOSED,0
669698.726,0,0,0,1.000,1.000,1.000,-90.00,180.00,31.50,CLOSED,0
669698.730,0,0,0,1.000,1.000,1.000,-90.00,180.00,31.50,CLOSED,0
669698.733,0,0,0,1.000,1.000,1.000,-90.00,180.00,31.50,CLOSED,0
669698.738,0,0,0,1.000,1.000,1.000,-90.00,180.00,31.50,CLOSED,0
669698.742,0,0,0,1.000,1.000,1.000,-90.00,180.00,31.50,CLOSED,0
669698.750,0,0,0,1.000,1.000,1.000,-90.00,180.00,31.50,CLOSED,0
669698.755,0,0,0,1.000,1.000,1.000,-90.00,180.00,31.50,CLOSED,0
669698.760,0,0,0,1.000,1.000,1.000,-90.00,180.00,31.50,CLOSED,0
669698.764,0,0,0,1.000,1.000,1.000,-90.00,180.00,31.50,CLOSED,0
669698.768,0,0,0,1.000,1.000,1.000,-90.00,180.00,31.50,CLOSED,0
669698.772,0,0,0,1.000,1.000,1.000,-90.00,180.00,31.50,CLOSED,0
669698.776,0,0,0,1.000,1.000,1.000,-90.00,180.00,31.50,CLOSED,0
669698.780,0,0,0,1.000,1.000,1.000,-90.00,180.00,31.50,CLOSED,0
669698.784,0,0,0,1.000,1.000,1.000,-90.00,180.00,31.50,CLOSED,0
669698.788,0,0,0,1.000,1.000,1.000,-90.00,180.00,31.50,CLOSED,0
669698.792,0,0,0,1.000,1.000,1.000,-90.00,180.00,31.50,CLOSED,0
669698.796,0,0,0,1.000,1.000,1.000,-90.00,180.00,31.50,CLOSED,0
669698.800,0,0,0,1.000,1.000,1.000,-90.00,180.00,31.50,CLOSED,0
669698.809,0,0,0,1.000,1.000,1.000,-90.00,180.00,31.50,CLOSED,0
669698.813,0,0,0,1.000,1.000,1.000,-90.00,180.00,31.50,CLOSED,0
669698.818,0,0,0,1.000,1.000,1.000,-90.00,180.00,31.50,CLOSED,0
669698.822,0,0,0,1.000,1.000,1.000,-90.00,180.00,31.50,CLOSED,0
669698.826,0,0,0,1.000,1.000,1.000,-90.00,180.00,31.50,CLOSED,0
669698.834,0,0,0,1.000,1.000,1.000,-90.00,180.00,31.50,CLOSED,0
669698.839,0,0,0,1.000,1.000,1.000,-90.00,180.00,31.50,CLOSED,0
669698.843,0,0,0,1.000,1.000,1.000,-90.00,180.00,31.50,CLOSED,0
669698.846,0,0,0,1.000,1.000,1.000,-90.00,180.00,31.50,CLOSED,0
669698.850,0,0,0,1.000,1.000,1.000,-90.00,180.00,31.50,CLOSED,0
669698.854,0,0,0,1.000,1.000,1.000,-90.00,180.00,31.50,CLOSED,0
669698.859,0,0,0,1.000,1.000,1.000,-90.00,180.00,31.50,CLOSED,0
669698.863,0,0,0,1.000,1.000,1.000,-90.00,180.00,31.50,CLOSED,0
669698.867,0,0,0,1.000,1.000,1.000,-90.00,180.00,31.50,CLOSED,0
669698.871,0,0,0,1.000,1.000,1.000,-90.00,180.00,31.50,CLOSED,0
669698.875,0,0,0,1.000,1.000,1.000,-90.00,180.00,31.50,CLOSED,0
669698.882,0,0,0,1.000,1.000,1.000,-90.00,180.00,31.50,CLOSED,0
669698.886,0,0,0,1.000,1.000,1.000,-90.00,180.00,31.50,CLOSED,0
669698.890,0,0,0,1.000,1.000,1.000,-90.00,180.00,31.50,CLOSED,0
669698.898,0,0,0,1.000,1.000,1.000,-90.00,180.00,31.50,CLOSED,0
669698.903,0,0,0,1.000,1.000,1.000,-90.00,180.00,31.50,CLOSED,0
669698.907,0,0,0,1.000,1.000,1.000,-90.00,180.00,31.50,CLOSED,0
669698.914,0,0,0,1.000,1.000,1.000,-90.00,180.00,31.50,CLOSED,0
669698.922,0,0,0,1.000,1.000,1.000,-90.00,180.00,31.50,CLOSED,0
669698.930,0,0,0,1.000,1.000,1.000,-90.00,180.00,31.50,CLOSED,0
669698.936,0,0,0,1.000,1.000,1.000,-90.00,180.00,31.50,CLOSED,0
669698.942,0,0,0,1.000,1.000,1.000,-90.00,180.00,31.50,CLOSED,0
669698.947,0,0,0,1.000,1.000,1.000,-90.00,180.00,31.50,CLOSED,0
669698.952,0,0,0,1.000,1.000,1.000,-90.00,180.00,31.50,CLOSED,0
669698.957,0,0,0,1.000,1.000,1.000,-90.00,180.00,31.50,CLOSED,0
669698.965,0,0,0,1.000,1.000,1.000,-90.00,180.00,31.50,CLOSED,0
669698.970,0,0,0,1.000,1.000,1.000,-90.00,180.00,31.50,CLOSED,0
669698.974,0,0,0,1.000,1.000,1.000,-90.00,180.00,31.50,CLOSED,0
669698.978,0,0,0,1.000,1.000,1.000,-90.00,180.00,31.50,CLOSED,0
669698.982,0,0,0,1.000,1.000,1.000,-90.00,180.00,31.50,CLOSED,0
669698.986,0,0,0,1.000,1.000,1.000,-90.00,180.00,31.50,CLOSED,0
669698.989,0,0,0,1.000,1.000,1.000,-90.00,180.00,31.50,CLOSED,0
669698.993,0,0,0,1.000,1.000,1.000,-90.00,180.00,31.50,CLOSED,0
669698.997,0,0,0,1.000,1.000,1.000,-90.00,180.00,31.50,CLOSED,0
669699.001,0,0,0,1.000,1.000,1.000,-90.00,180.00,31.50,CLOSED,0
669699.005,0,0,0,1.000,1.000,1.000,-90.00,180.00,31.50,CLOSED,0
669699.009,0,0,0,1.000,1.000,1.000,-90.00,180.00,31.50,CLOSED,0
669699.013,0,0,0,1.000,1.000,1.000,-90.00,180.00,31.50,CLOSED,0
669699.017,0,0,0,1.000,1.000,1.000,-90.00,180.00,31.50,CLOSED,0
669699.021,0,0,0,1.000,1.000,1.000,-90.00,180.00,31.50,CLOSED,0
669699.025,0,0,0,1.000,1.000,1.000,-90.00,180.00,31.50,CLOSED,0
669699.029,0,0,0,1.000,1.000,1.000,-90.00,180.00,31.50,CLOSED,0
669699.033,0,0,0,1.000,1.000,1.000,-90.00,180.00,31.50,CLOSED,0
669699.037,0,0,0,1.000,1.000,1.000,-90.00,180.00,31.50,CLOSED,0
669699.041,0,0,0,1.000,1.000,1.000,-90.00,180.00,31.50,CLOSED,0
669699.044,0,0,0,1.000,1.000,1.000,-90.00,180.00,31.50,CLOSED,0
669699.048,0,0,0,1.000,1.000,1.000,-90.00,180.00,31.50,CLOSED,0
669699.052,0,0,0,1.000,1.000,1.000,-90.00,180.00,31.50,CLOSED,0
669699.056,0,0,0,1.000,1.000,1.000,-90.00,180.00,31.50,CLOSED,0
669699.060,0,0,0,1.000,1.000,1.000,-90.00,180.00,31.50,CLOSED,0
669699.068,0,0,0,1.000,1.000,1.000,-90.00,180.00,31.50,CLOSED,0
669699.073,0,0,0,1.000,1.000,1.000,-90.00,180.00,31.50,CLOSED,0
669699.076,0,0,0,1.000,1.000,1.000,-90.00,180.00,31.50,CLOSED,0
669699.083,0,0,0,1.000,1.000,1.000,-90.00,180.00,31.50,CLOSED,0
669699.087,0,0,0,1.000,1.000,1.000,-90.00,180.00,31.50,CLOSED,0
669699.091,0,0,0,1.000,1.000,1.000,-90.00,180.00,31.50,CLOSED,0
669699.098,0,0,0,1.000,1.000,1.000,-90.00,180.00,31.50,CLOSED,0
669699.102,0,0,0,0.942,1.000,1.000,-90.00,180.00,31.50,CLOSED,0
669699.111,0,0,0,0.792,1.000,1.000,-90.00,180.00,31.50,CLOSED,0
669699.124,0,0,0,0.870,1.000,1.000,-90.00,180.00,31.50,CLOSED,0
669699.128,0,0,0,0.898,1.000,1.000,-90.00,180.00,31.50,CLOSED,0
669699.132,0,0,0,0.956,1.000,1.000,-90.00,180.00,31.50,CLOSED,0
669699.136,0,0,0,0.979,1.000,1.000,-90.00,180.00,31.50,CLOSED,0
669699.139,0,0,0,0.991,1.000,1.000,-90.00,180.00,31.50,CLOSED,0
669699.143,0,0,0,0.996,1.000,1.000,-90.00,180.00,31.50,CLOSED,0
669699.152,0,0,0,0.999,1.000,1.000,-90.00,180.00,31.50,CLOSED,0
669699.159,3,0,0,0.999,1.000,1.000,-90.00,180.00,31.50,OPEN,0
669699.163,3,0,0,1.000,0.991,1.000,-90.00,180.00,31.50,OPEN,0
669699.169,3,0,0,1.000,0.859,1.000,-90.00,180.00,31.50,OPEN,0
669699.173,3,0,0,1.000,0.702,1.000,-90.00,180.00,31.50,OPEN,0
669699.179,3,0,0,1.000,0.981,1.000,-90.00,180.00,31.50,OPEN,0
669699.183,3,0,0,1.000,0.997,1.000,-90.00,180.00,31.50,OPEN,0
669699.187,3,0,0,1.000,0.999,1.000,-90.00,180.00,31.50,OPEN,0
669699.197,3,0,0,1.000,1.000,1.000,-90.00,180.00,31.50,OPEN,0
669699.201,3,0,0,1.000,1.000,1.000,-90.00,180.00,31.50,OPEN,0
669699.205,3,0,0,1.000,1.000,1.000,-90.00,180.00,31.50,OPEN,0
669699.210,3,0,0,1.000,1.000,0.999,-90.00,180.00,31.50,OPEN,0
669699.214,3,0,0,1.000,1.000,0.994,-90.00,180.00,31.50,OPEN,0
669699.218,3,0,0,1.000,1.000,0.944,-90.00,180.00,31.50,OPEN,0
669699.223,3,0,0,1.000,1.000,0.603,-90.00,180.00,31.50,OPEN,0
669699.226,3,0,0,1.000,1.000,0.792,-90.00,180.00,31.50,OPEN,0
669699.232,3,0,0,1.000,1.000,0.918,-90.00,180.00,31.50,OPEN,0
669699.239,3,0,0,1.000,1.000,0.955,-90.00,180.00,31.50,OPEN,0
669699.247,3,0,0,1.000,1.000,0.969,-90.00,180.00,31.50,OPEN,0
669699.256,3,0,0,1.000,1.000,0.965,-90.00,180.00,31.50,OPEN,0
669699.263,3,0,0,1.000,0.999,0.949,-90.00,180.00,31.50,OPEN,0
669699.271,3,0,0,1.000,0.999,0.913,-90.00,180.00,31.50,OPEN,0
669699.276,3,0,0,1.000,0.997,0.858,-90.00,180.00,31.50,OPEN,0
669699.281,3,0,0,1.000,0.995,0.828,-90.00,180.00,31.50,OPEN,0
669699.286,3,0,0,1.000,0.995,0.825,-90.00,180.00,31.50,OPEN,0
669699.290,3,0,0,1.000,0.994,0.864,-90.00,180.00,31.50,OPEN,0
669699.294,3,0,0,1.000,0.998,0.903,-90.00,180.00,31.50,OPEN,0
669699.298,3,0,0,1.000,0.999,0.943,-90.00,180.00,31.50,OPEN,0
669699.301,3,0,0,1.000,0.999,0.953,-90.00,180.00,31.50,OPEN,0
669699.306,3,0,0,1.000,0.999,0.959,-90.00,180.00,31.50,OPEN,0
669699.312,3,0,0,1.000,1.000,0.948,-90.00,180.00,31.50,OPEN,0
669699.319,3,0,0,1.000,1.000,0.931,-90.00,180.00,31.50,OPEN,0
669699.324,3,0,0,1.000,1.000,0.868,-90.00,180.00,31.50,OPEN,0
669699.330,3,0,0,1.000,1.000,0.720,-90.00,180.00,31.50,OPEN,0
669699.336,3,0,0,1.000,1.000,0.563,-90.00,180.00,31.50,OPEN,0
669699.341,3,0,0,1.000,1.000,0.559,-90.00,180.00,31.50,OPEN,0
669699.345,3,0,0,1.000,0.999,0.687,-90.00,180.00,31.50,OPEN,0
669699.351,3,0,0,1.000,0.999,0.763,-90.00,180.00,31.50,OPEN,0
669699.355,3,0,0,1.000,0.998,0.763,-90.00,180.00,31.50,OPEN,0
669699.363,3,0,0,1.000,0.994,0.759,-90.00,180.00,31.50,OPEN,0
669699.367,3,0,0,1.000,0.984,0.690,-90.00,180.00,31.50,OPEN,0
669699.371,3,0,0,1.000,0.960,0.569,-90.00,180.00,31.50,OPEN,0
669699.375,3,0,0,1.000,0.941,0.626,-90.00,180.00,31.50,OPEN,0
669699.381,3,0,0,1.000,0.917,0.744,-90.00,180.00,31.50,OPEN,0
669699.385,3,0,0,1.000,0.907,0.830,-90.00,180.00,31.50,OPEN,0
669699.393,3,0,0,1.000,0.927,0.866,-90.00,180.00,31.50,OPEN,0
669699.399,3,0,0,1.000,0.939,0.878,-90.00,180.00,31.50,OPEN,0
669699.408,3,0,0,1.000,0.960,0.834,-90.00,180.00,31.50,OPEN,0
669699.413,3,0,0,1.000,0.973,0.763,-90.00,180.00,31.50,OPEN,0
669699.416,3,0,0,1.000,0.983,0.670,-90.00,180.00,31.50,OPEN,0
669699.420,3,0,0,1.000,0.992,0.552,-90.00,180.00,31.50,OPEN,0
669699.424,3,0,0,1.000,0.993,0.553,-90.00,180.00,31.50,OPEN,0
669699.428,3,0,0,1.000,0.993,0.651,-90.00,180.00,31.50,OPEN,0
669699.436,3,0,0,1.000,0.994,0.650,-90.00,180.00,31.50,OPEN,0
669699.443,3,0,0,1.000,0.994,0.559,-90.00,180.00,31.50,OPEN,0
669699.448,3,0,0,1.000,0.993,0.529,-90.00,180.00,31.50,OPEN,0
669699.453,3,0,0,1.000,0.993,0.655,-90.00,180.00,31.50,OPEN,0
669699.457,3,0,0,1.000,0.994,0.745,-90.00,180.00,31.50,OPEN,0
669699.462,3,0,0,1.000,0.996,0.789,-90.00,180.00,31.50,OPEN,0
669699.466,3,0,0,1.000,0.998,0.822,-90.00,180.00,31.50,OPEN,0
669699.470,3,0,0,1.000,0.999,0.849,-90.00,180.00,31.50,OPEN,0
669699.474,3,0,0,1.000,0.999,0.823,-90.00,180.00,31.50,OPEN,0
669699.483,3,0,0,1.000,1.000,0.736,-90.00,180.00,31.50,OPEN,0
669699.487,3,0,0,1.000,1.000,0.568,-90.00,180.00,31.50,OPEN,0
669699.492,3,0,0,1.000,1.000,0.705,-90.00,180.00,31.50,OPEN,0
669699.497,3,0,0,1.000,1.000,0.860,-90.00,180.00,31.50,OPEN,0
669699.503,3,0,0,1.000,1.000,0.921,-90.00,180.00,31.50,OPEN,0
669699.509,3,0,0,1.000,0.999,0.957,-90.00,180.00,31.50,OPEN,0
669699.518,3,0,0,1.000,0.999,0.963,-90.00,180.00,31.50,OPEN,0
669699.523,3,0,0,1.000,0.998,0.959,-90.00,180.00,31.50,OPEN,0
669699.527,3,0,0,1.000,0.997,0.941,-90.00,180.00,31.50,OPEN,0
669699.531,3,0,0,1.000,0.996,0.866,-90.00,180.00,31.50,OPEN,0
669699.538,3,0,0,1.000,0.996,0.747,-90.00,180.00,31.50,OPEN,0
669699.542,3,0,0,1.000,0.997,0.553,-90.00,180.00,31.50,OPEN,0
669699.546,3,0,0,1.000,0.998,0.672,-90.00,180.00,31.50,OPEN,0
669699.550,3,0,0,1.000,0.998,0.780,-90.00,180.00,31.50,OPEN,0
669699.554,3,0,0,1.000,0.999,0.802,-90.00,180.00,31.50,OPEN,0
669699.558,3,0,0,1.000,0.999,0.786,-90.00,180.00,31.50,OPEN,0
669699.562,3,0,0,1.000,0.999,0.687,-90.00,180.00,31.50,OPEN,0
669699.566,3,0,0,1.000,0.999,0.528,-90.00,180.00,31.50,OPEN,0
669699.571,3,0,0,1.000,1.000,0.663,-90.00,180.00,31.50,OPEN,0
669699.575,3,0,0,1.000,0.999,0.761,-90.00,180.00,31.50,OPEN,0
669699.581,3,0,0,1.000,0.999,0.855,-90.00,180.00,31.50,OPEN,0
669699.587,3,0,0,1.000,0.999,0.903,-90.00,180.00,31.50,OPEN,0
669699.592,3,0,0,1.000,1.000,0.899,-90.00,180.00,31.50,OPEN,0
669699.598,3,0,0,1.000,1.000,0.911,-90.00,180.00,31.50,OPEN,0
669699.607,3,0,0,1.000,1.000,0.919,-90.00,180.00,31.50,OPEN,0
669699.611,3,0,0,1.000,1.000,0.917,-90.00,180.00,31.50,OPEN,0
669699.616,3,0,0,1.000,1.000,0.908,-90.00,180.00,31.50,OPEN,0
669699.620,3,0,0,1.000,1.000,0.898,-90.00,180.00,31.50,OPEN,0
669699.624,3,0,0,1.000,1.000,0.890,-90.00,180.00,31.50,OPEN,0
669699.629,3,0,0,1.000,1.000,0.911,-90.00,180.00,31.50,OPEN,0
669699.633,3,0,0,1.000,0.999,0.919,-90.00,180.00,31.50,OPEN,0
669699.638,3,0,0,1.000,0.999,0.922,-90.00,180.00,31.50,OPEN,0
669699.644,3,0,0,1.000,0.999,0.946,-90.00,180.00,31.50,OPEN,0
669699.652,3,0,0,1.000,0.998,0.955,-90.00,180.00,31.50,OPEN,0
669699.665,3,0,0,1.000,0.998,0.958,-90.00,180.00,31.50,OPEN,0
669699.671,3,0,0,1.000,0.998,0.960,-90.00,180.00,31.50,OPEN,0
669699.675,3,0,0,1.000,0.999,0.964,-90.00,180.00,31.50,OPEN,0
669699.679,3,0,0,1.000,0.999,0.956,-90.00,180.00,31.50,OPEN,0
669699.687,3,0,0,1.000,0.999,0.957,-90.00,180.00,31.50,OPEN,0
669699.690,3,0,0,1.000,0.999,0.951,-90.00,180.00,31.50,OPEN,0
669699.695,3,0,0,1.000,0.999,0.939,-90.00,180.00,31.50,OPEN,0
669699.699,3,0,0,1.000,0.999,0.932,-90.00,180.00,31.50,OPEN,0
669699.702,3,0,0,1.000,0.999,0.922,-90.00,180.00,31.50,OPEN,0
669699.706,3,0,0,1.000,0.999,0.921,-90.00,180.00,31.50,OPEN,0
669699.714,3,0,0,1.000,0.999,0.945,-90.00,180.00,31.50,OPEN,0
669699.717,3,1,0,1.000,0.999,0.966,-90.00,179.77,31.50,OPEN,0
669699.721,3,1,0,1.000,0.999,0.979,-90.00,179.56,31.50,OPEN,0
669699.725,3,1,0,1.000,0.999,0.987,-90.00,179.34,31.50,OPEN,0
669699.733,3,1,0,1.000,0.999,0.988,-90.00,178.84,31.50,OPEN,1
669699.737,3,1,0,1.000,0.999,0.987,-90.00,178.60,31.50,OPEN,0
669699.743,3,1,0,1.000,0.998,0.986,-90.00,178.27,31.50,OPEN,0
669699.746,3,1,0,1.000,0.998,0.979,-90.00,178.03,31.50,OPEN,0
669699.751,3,1,0,1.000,0.998,0.962,-90.00,177.75,31.50,OPEN,0
669699.756,3,1,0,1.000,0.996,0.910,-90.00,177.47,31.50,OPEN,0
669699.764,3,1,0,1.000,0.993,0.726,-90.00,176.99,31.50,OPEN,0
669699.768,3,1,0,1.000,0.989,0.565,-90.00,176.76,31.50,OPEN,0
669699.772,3,1,0,1.000,0.983,0.817,-90.00,176.51,31.50,OPEN,0
669699.776,3,1,0,1.000,0.975,0.914,-90.00,176.28,31.50,OPEN,0
669699.781,3,1,0,1.000,0.981,0.932,-90.00,175.97,31.50,OPEN,0
669699.785,3,1,0,1.000,0.985,0.922,-90.00,175.72,31.50,OPEN,0
669699.789,3,1,0,1.000,0.986,0.886,-90.00,175.50,31.50,OPEN,0
669699.793,3,1,0,1.000,0.995,0.757,-90.00,175.27,31.50,OPEN,0
669699.796,3,1,0,1.000,0.998,0.585,-90.00,175.04,31.50,OPEN,0
669699.800,3,1,0,1.000,0.999,0.516,-90.00,174.80,31.50,OPEN,0
669699.804,3,1,0,1.000,0.999,0.623,-90.00,174.57,31.50,OPEN,0
669699.808,3,1,0,1.000,1.000,0.665,-90.00,174.33,31.50,OPEN,0
669699.812,3,1,0,1.000,0.999,0.658,-90.00,174.08,31.50,OPEN,0
669699.816,3,1,0,1.000,1.000,0.576,-90.00,173.84,31.50,OPEN,0
669699.821,3,1,0,1.000,0.999,0.523,-90.00,173.59,31.50,OPEN,0
669699.824,3,1,0,1.000,0.999,0.657,-90.00,173.36,31.50,OPEN,0
669699.828,3,1,0,1.000,0.999,0.789,-90.00,173.12,31.50,OPEN,0
669699.835,3,1,0,1.000,0.999,0.833,-90.00,172.69,31.50,OPEN,1
669699.839,3,1,0,1.000,0.999,0.840,-90.00,172.48,31.50,OPEN,0
669699.843,3,1,0,1.000,0.999,0.798,-90.00,172.26,31.50,OPEN,0
669699.846,3,1,0,1.000,0.999,0.714,-90.00,172.04,31.50,OPEN,0
669699.851,3,1,0,1.000,0.999,0.569,-90.00,171.77,31.50,OPEN,0
669699.855,3,1,0,1.000,0.999,0.584,-90.00,171.52,31.50,OPEN,0
669699.859,3,1,0,1.000,0.998,0.689,-90.00,171.29,31.50,OPEN,0
669699.863,3,1,0,1.000,0.998,0.784,-90.00,171.05,31.50,OPEN,0
669699.867,3,1,0,1.000,0.996,0.816,-90.00,170.80,31.50,OPEN,0
669699.871,3,1,0,1.000,0.993,0.811,-90.00,170.57,31.50,OPEN,0
669699.874,3,1,0,1.000,0.987,0.820,-90.00,170.35,31.50,OPEN,0
669699.878,3,1,0,1.000,0.981,0.831,-90.00,170.13,31.50,OPEN,0
669699.884,3,1,0,1.000,0.977,0.848,-90.00,169.80,31.50,OPEN,0
669699.887,3,1,0,1.000,0.960,0.859,-90.00,169.58,31.50,OPEN,0
669699.891,3,1,0,1.000,0.922,0.897,-90.00,169.37,31.50,OPEN,0
669699.895,3,1,0,0.999,0.885,0.939,-90.00,169.13,31.50,OPEN,0
669699.898,3,1,0,0.944,0.841,0.976,-90.00,168.91,31.50,OPEN,0
669699.902,3,1,0,0.599,0.742,0.991,-90.00,168.68,31.50,OPEN,0
669699.906,3,1,0,0.616,0.668,0.999,-90.00,168.48,31.50,OPEN,0
669699.909,3,1,0,0.846,0.546,1.000,-90.00,168.25,31.50,OPEN,0
669699.913,3,1,0,0.963,0.566,1.000,-90.00,168.03,31.50,OPEN,0
669699.920,3,1,0,0.996,0.776,1.000,-90.00,167.61,31.50,OPEN,0
669699.925,3,1,0,0.999,0.934,1.000,-90.00,167.34,31.50,OPEN,0
669699.929,3,1,0,0.999,0.991,1.000,-90.00,167.07,31.50,OPEN,0
669699.933,3,1,0,0.997,0.995,1.000,-90.00,166.85,31.50,OPEN,0
669699.940,3,1,0,0.996,0.997,1.000,-90.00,166.43,31.50,OPEN,1
669699.944,0,1,0,0.995,0.997,1.000,-90.00,166.17,31.50,OPEN,0
669699.950,0,1,0,0.994,0.997,1.000,-90.00,165.84,31.50,OPEN,0
669699.954,0,1,0,0.995,0.997,1.000,-90.00,165.60,31.50,OPEN,0
669699.957,0,1,0,0.992,0.996,1.000,-90.00,165.38,31.50,OPEN,0
669699.962,0,1,0,0.982,0.997,1.000,-90.00,165.07,31.50,OPEN,0
669699.966,0,1,0,0.987,0.999,1.000,-90.00,164.86,31.50,OPEN,0
669699.970,0,1,0,0.998,0.999,1.000,-90.00,164.63,31.50,OPEN,0
669699.974,0,1,0,1.000,1.000,1.000,-90.00,164.39,31.50,OPEN,0
669699.979,0,1,0,1.000,1.000,1.000,-90.00,164.10,31.50,OPEN,0
669699.988,0,1,0,1.000,1.000,1.000,-90.00,163.53,31.50,OPEN,0
669699.995,0,1,0,1.000,1.000,1.000,-90.00,163.13,31.50,OPEN,0
669700.004,0,1,0,1.000,1.000,1.000,-90.00,162.59,31.50,OPEN,0
669700.009,0,1,0,1.000,1.000,1.000,-90.00,162.30,31.50,OPEN,0
669700.017,0,1,0,1.000,1.000,1.000,-90.00,161.81,31.50,OPEN,0
669700.021,0,1,0,1.000,1.000,1.000,-90.00,161.56,31.50,OPEN,0
669700.025,0,1,0,1.000,1.000,1.000,-90.00,161.32,31.50,OPEN,0
669700.029,0,1,0,1.000,1.000,1.000,-90.00,161.06,31.50,OPEN,0
669700.033,0,1,0,1.000,1.000,1.000,-90.00,160.82,31.50,OPEN,0
669700.037,0,1,0,1.000,1.000,1.000,-90.00,160.59,31.50,OPEN,0
669700.041,0,1,0,1.000,1.000,1.000,-90.00,160.38,31.50,OPEN,1
669700.044,0,1,0,1.000,1.000,1.000,-90.00,160.15,31.50,OPEN,0
669700.049,0,1,0,1.000,1.000,1.000,-90.00,159.90,31.50,OPEN,0
669700.053,0,1,0,1.000,1.000,1.000,-90.00,159.67,31.50,OPEN,0
669700.057,0,1,0,1.000,1.000,1.000,-90.00,159.40,31.50,OPEN,0
669700.061,0,1,0,1.000,1.000,1.000,-90.00,159.16,31.50,OPEN,0
669700.065,0,1,0,1.000,1.000,1.000,-90.00,158.93,31.50,OPEN,0
669700.069,0,1,0,1.000,1.000,1.000,-90.00,158.67,31.50,OPEN,0
669700.073,0,1,0,1.000,1.000,1.000,-90.00,158.41,31.50,OPEN,0
669700.078,0,1,0,1.000,1.000,1.000,-90.00,158.12,31.50,OPEN,0
669700.082,0,1,0,1.000,1.000,1.000,-90.00,157.88,31.50,OPEN,0
669700.091,0,1,0,1.000,1.000,1.000,-90.00,157.34,31.50,OPEN,0
669700.096,0,1,0,1.000,1.000,1.000,-90.00,157.09,31.50,OPEN,0
669700.100,0,1,0,1.000,1.000,1.000,-90.00,156.84,31.50,OPEN,0
669700.107,0,1,0,1.000,1.000,1.000,-90.00,156.38,31.50,OPEN,0
669700.111,0,1,0,1.000,1.000,1.000,-90.00,156.17,31.50,OPEN,0
669700.119,0,1,0,1.000,1.000,1.000,-90.00,155.69,31.50,OPEN,0
669700.122,0,1,0,1.000,1.000,1.000,-90.00,155.48,31.50,OPEN,0
669700.126,0,1,0,1.000,1.000,1.000,-90.00,155.26,31.50,OPEN,0
669700.134,0,1,0,1.000,1.000,1.000,-90.00,154.76,31.50,OPEN,0
669700.138,0,1,0,1.000,1.000,1.000,-90.00,154.52,31.50,OPEN,0
669700.142,0,1,0,1.000,1.000,1.000,-90.00,154.28,31.50,OPEN,1
669700.146,0,1,0,1.000,1.000,1.000,-90.00,154.04,31.50,OPEN,0
669700.150,0,1,0,1.000,1.000,1.000,-90.00,153.81,31.50,OPEN,0
669700.158,0,1,0,1.000,1.000,1.000,-90.00,153.34,31.50,OPEN,0
669700.164,0,1,0,1.000,1.000,1.000,-90.00,153.01,31.50,OPEN,0
669700.167,0,1,0,1.000,1.000,1.000,-90.00,152.77,31.50,OPEN,0
669700.172,0,1,0,1.000,1.000,1.000,-90.00,152.50,31.50,OPEN,0
669700.180,0,1,0,1.000,1.000,1.000,-90.00,152.03,31.50,OPEN,0
669700.185,0,1,0,1.000,1.000,1.000,-90.00,151.74,31.50,OPEN,0
669700.189,0,1,0,1.000,1.000,1.000,-90.00,151.49,31.50,OPEN,0
669700.195,0,1,0,1.000,1.000,1.000,-90.00,151.12,31.50,OPEN,0
669700.199,0,1,0,1.000,1.000,1.000,-90.00,150.89,31.50,OPEN,0
669700.203,0,1,0,1.000,1.000,1.000,-90.00,150.66,31.50,OPEN,0
669700.206,0,1,0,1.000,1.000,1.000,-90.00,150.45,31.50,OPEN,0
669700.211,0,1,0,1.000,1.000,1.000,-90.00,150.18,31.50,OPEN,0
669700.219,0,1,0,1.000,1.000,1.000,-90.00,149.69,31.50,OPEN,0
669700.222,0,1,0,1.000,1.000,1.000,-90.00,149.48,31.50,OPEN,0
669700.226,0,1,0,1.000,1.000,1.000,-90.00,149.26,31.50,OPEN,0
669700.233,0,1,0,1.000,1.000,1.000,-90.00,148.86,31.50,OPEN,0
669700.238,0,1,0,1.000,1.000,1.000,-90.00,148.54,31.50,OPEN,0
669700.242,0,1,0,1.000,1.000,1.000,-90.00,148.32,31.50,OPEN,0
669700.246,0,1,0,1.000,1.000,1.000,-90.00,148.07,31.50,OPEN,1
669700.250,0,1,0,1.000,1.000,1.000,-90.00,147.85,31.50,OPEN,0
669700.253,0,1,0,1.000,1.000,1.000,-90.00,147.62,31.50,OPEN,0
669700.257,0,1,0,1.000,1.000,1.000,-90.00,147.41,31.50,OPEN,0
669700.265,0,1,0,1.000,1.000,1.000,-90.00,146.92,31.50,OPEN,0
669700.269,0,1,0,1.000,1.000,1.000,-90.00,146.68,31.50,OPEN,0
669700.274,0,1,0,1.000,1.000,1.000,-90.00,146.38,31.50,OPEN,0
669700.278,0,1,0,1.000,1.000,1.000,-90.00,146.15,31.50,OPEN,0
669700.282,0,1,0,1.000,1.000,1.000,-90.00,145.88,31.50,OPEN,0
669700.289,0,1,0,1.000,1.000,1.000,-90.00,145.50,31.50,OPEN,0
669700.296,0,1,0,1.000,1.000,1.000,-90.00,145.09,31.50,OPEN,0
669700.302,0,1,0,1.000,1.000,1.000,-90.00,144.73,31.50,OPEN,0
669700.308,0,1,0,1.000,1.000,1.000,-90.00,144.36,31.50,OPEN,0
669700.314,0,1,0,1.000,1.000,1.000,-90.00,144.00,31.50,OPEN,0
669700.320,0,1,0,1.000,1.000,1.000,-90.00,143.65,31.50,OPEN,0
669700.325,0,1,0,1.000,1.000,1.000,-90.00,143.30,31.50,OPEN,0
669700.334,0,1,0,1.000,1.000,1.000,-90.00,142.79,31.50,OPEN,0
669700.339,0,1,0,1.000,1.000,1.000,-90.00,142.49,31.50,OPEN,0
669700.343,0,1,0,1.000,1.000,1.000,-90.00,142.22,31.50,OPEN,0
669700.347,0,1,0,1.000,1.000,1.000,-90.00,141.98,31.50,OPEN,1
669700.351,0,1,0,1.000,1.000,1.000,-90.00,141.74,31.50,OPEN,0
669700.355,0,1,0,1.000,1.000,1.000,-90.00,141.52,31.50,OPEN,0
669700.359,0,1,0,1.000,1.000,1.000,-90.00,141.28,31.50,OPEN,0
669700.364,0,1,0,1.000,1.000,1.000,-90.00,141.00,31.50,OPEN,0
669700.370,0,1,0,1.000,1.000,1.000,-90.00,140.63,31.50,OPEN,0
669700.375,0,1,0,1.000,1.000,1.000,-90.00,140.30,31.50,OPEN,0
669700.380,0,1,0,1.000,1.000,1.000,-90.00,139.99,31.50,OPEN,0
669700.386,0,1,0,1.000,1.000,1.000,-90.00,139.67,31.50,OPEN,0
669700.391,0,1,0,1.000,1.000,1.000,-90.00,139.34,31.50,OPEN,0
669700.397,0,1,0,1.000,1.000,1.000,-90.00,139.02,31.50,OPEN,0
669700.404,0,1,0,1.000,1.000,1.000,-90.00,138.57,31.50,OPEN,0
669700.408,0,1,0,1.000,1.000,1.000,-90.00,138.32,31.50,OPEN,0
669700.412,0,1,0,1.000,1.000,1.000,-90.00,138.09,31.50,OPEN,0
669700.416,0,1,0,1.000,1.000,1.000,-90.00,137.86,31.50,OPEN,0
669700.420,0,1,0,1.000,1.000,1.000,-90.00,137.64,31.50,OPEN,0
669700.424,0,1,0,1.000,1.000,1.000,-90.00,137.40,31.50,OPEN,0
669700.428,0,1,0,1.000,1.000,1.000,-90.00,137.15,31.50,OPEN,0
669700.433,0,1,0,1.000,1.000,1.000,-90.00,136.84,31.50,OPEN,0
669700.439,0,1,0,1.000,1.000,1.000,-90.00,136.47,31.50,OPEN,0
669700.444,0,1,0,1.000,1.000,1.000,-90.00,136.17,31.50,OPEN,0
669700.449,0,1,0,1.000,1.000,1.000,-90.00,135.87,31.50,OPEN,1
669700.455,0,0,0,1.000,1.000,1.000,-90.00,136.24,31.50,OPEN,0
669700.460,0,0,0,1.000,1.000,1.000,-90.00,136.52,31.50,OPEN,0
669700.464,0,0,0,1.000,1.000,1.000,-90.00,136.79,31.50,OPEN,0
669700.468,0,0,0,1.000,1.000,1.000,-90.00,137.02,31.50,OPEN,0
669700.472,0,0,0,1.000,1.000,1.000,-90.00,137.26,31.50,OPEN,0
669700.476,0,0,0,1.000,1.000,1.000,-90.00,137.51,31.50,OPEN,0
669700.484,0,0,0,1.000,1.000,1.000,-90.00,137.99,31.50,OPEN,0
669700.488,0,0,0,1.000,1.000,1.000,-90.00,138.21,31.50,OPEN,0
669700.497,0,0,0,1.000,1.000,1.000,-90.00,138.74,31.50,OPEN,0
669700.501,0,0,0,1.000,1.000,1.000,-90.00,139.00,31.50,OPEN,0
669700.505,0,0,0,1.000,1.000,1.000,-90.00,139.23,31.50,OPEN,0
669700.509,0,0,0,1.000,1.000,1.000,-90.00,139.48,31.50,OPEN,0
669700.513,0,0,0,1.000,1.000,1.000,-90.00,139.69,31.50,OPEN,0
669700.517,0,0,0,1.000,1.000,1.000,-90.00,139.93,31.50,OPEN,0
669700.521,0,0,0,1.000,1.000,1.000,-90.00,140.16,31.50,OPEN,0
669700.529,0,0,0,1.000,1.000,1.000,-90.00,140.64,31.50,OPEN,0
669700.532,0,0,0,1.000,1.000,1.000,-90.00,140.87,31.50,OPEN,0
669700.536,0,0,0,1.000,1.000,1.000,-90.00,141.10,31.50,OPEN,0
669700.541,0,0,0,1.000,1.000,1.000,-90.00,141.39,31.50,OPEN,0
669700.547,0,0,0,1.000,1.000,1.000,-90.00,141.74,31.50,OPEN,0
669700.556,0,0,0,1.000,1.000,1.000,-90.00,142.30,31.50,OPEN,1
669700.563,0,0,0,1.000,1.000,1.000,-90.00,142.70,31.50,OPEN,0
669700.571,0,0,0,1.000,1.000,1.000,-90.00,143.22,31.50,OPEN,0
669700.578,0,0,0,0.973,1.000,1.000,-90.00,143.60,31.50,OPEN,0
669700.583,0,0,0,0.689,1.000,1.000,-90.00,143.93,31.50,OPEN,0
669700.592,0,0,0,0.486,1.000,1.000,-90.00,144.47,31.50,OPEN,0
669700.601,0,0,0,0.407,1.000,1.000,-90.00,144.99,31.50,OPEN,0
669700.606,0,0,0,0.446,1.000,1.000,-90.00,145.29,31.50,OPEN,0
669700.610,0,0,0,0.434,1.000,1.000,-90.00,145.55,31.50,OPEN,0
669700.619,0,0,0,0.888,1.000,1.000,-90.00,146.05,31.50,OPEN,0
669700.625,0,0,0,0.919,1.000,1.000,-90.00,146.43,31.50,OPEN,0
669700.633,0,0,0,0.989,1.000,1.000,-90.00,146.92,31.50,OPEN,0
669700.644,0,0,0,0.996,1.000,1.000,-90.00,147.55,31.50,OPEN,0
669700.653,0,0,0,1.000,1.000,1.000,-90.00,148.11,31.50,OPEN,0
669700.674,0,0,0,1.000,1.000,1.000,-90.00,149.38,31.50,OPEN,1
669700.689,0,0,0,1.000,1.000,1.000,-90.00,150.28,31.50,OPEN,0
669700.702,1,0,0,1.000,1.000,1.000,-90.00,151.06,36.00,OPEN,0
669700.711,1,0,0,1.000,1.000,1.000,-90.00,151.60,36.00,OPEN,0
669700.722,1,0,0,1.000,1.000,1.000,-90.00,152.25,36.00,OPEN,0
669700.731,1,0,0,1.000,1.000,1.000,-90.00,152.77,36.00,OPEN,0
669700.739,1,0,0,1.000,1.000,1.000,-90.00,153.25,36.00,OPEN,0
669700.747,1,0,0,1.000,1.000,1.000,-90.00,153.73,36.00,OPEN,0
669700.754,1,0,0,1.000,1.000,1.000,-90.00,154.20,36.00,OPEN,0
669700.759,1,0,0,1.000,1.000,1.000,-90.00,154.46,36.00,OPEN,0
669700.767,1,0,0,1.000,1.000,1.000,-90.00,154.93,36.00,OPEN,0
669700.775,1,0,0,1.000,1.000,1.000,-90.00,155.41,36.00,OPEN,1
669700.783,1,0,0,1.000,1.000,1.000,-90.00,155.91,36.00,OPEN,0
669700.791,1,0,0,1.000,1.000,1.000,-90.00,156.41,36.00,OPEN,0
669700.799,1,0,0,1.000,1.000,1.000,-90.00,156.89,36.00,OPEN,0
669700.808,1,0,0,1.000,1.000,1.000,-90.00,157.39,40.50,OPEN,0
669700.816,1,0,0,1.000,1.000,1.000,-90.00,157.87,40.50,OPEN,0
669700.822,1,0,0,1.000,1.000,1.000,-90.00,158.23,40.50,OPEN,0
669700.825,1,0,0,1.000,1.000,1.000,-90.00,158.46,40.50,OPEN,0
669700.829,1,0,0,1.000,1.000,1.000,-90.00,158.69,40.50,OPEN,0
669700.836,1,0,0,1.000,1.000,1.000,-90.00,159.09,40.50,OPEN,0
669700.844,1,0,0,1.000,1.000,1.000,-90.00,159.56,40.50,OPEN,0
669700.848,1,0,0,1.000,1.000,1.000,-90.00,159.79,40.50,OPEN,0
669700.854,1,0,0,1.000,1.000,1.000,-90.00,160.16,40.50,OPEN,0
669700.858,1,0,0,1.000,1.000,1.000,-90.00,160.43,40.50,OPEN,0
669700.866,1,0,0,1.000,1.000,1.000,-90.00,160.87,40.50,OPEN,0
669700.872,1,0,0,1.000,1.000,1.000,-90.00,161.25,40.50,OPEN,0
669700.879,1,0,0,1.000,1.000,1.000,-90.00,161.66,40.50,OPEN,1
669700.884,1,0,0,1.000,1.000,1.000,-90.00,161.98,40.50,OPEN,0
669700.889,1,0,0,1.000,1.000,1.000,-90.00,162.26,40.50,OPEN,0
669700.893,1,0,0,1.000,1.000,1.000,-90.00,162.51,40.50,OPEN,0
669700.897,1,0,0,1.000,1.000,1.000,-90.00,162.75,40.50,OPEN,0
669700.901,1,0,0,1.000,1.000,1.000,-90.00,162.97,40.50,OPEN,0
669700.905,1,0,0,1.000,1.000,1.000,-90.00,163.22,40.50,OPEN,0
669700.909,1,0,0,1.000,1.000,1.000,-90.00,163.45,45.00,OPEN,0
669700.913,1,0,0,1.000,1.000,1.000,-90.00,163.69,45.00,OPEN,0
669700.917,1,0,0,1.000,1.000,1.000,-90.00,163.95,45.00,OPEN,0
669700.921,1,0,0,1.000,1.000,1.000,-90.00,164.19,45.00,OPEN,0
669700.925,1,0,0,1.000,1.000,1.000,-90.00,164.41,45.00,OPEN,0
669700.929,1,0,0,1.000,1.000,1.000,-90.00,164.70,45.00,OPEN,0
669700.933,1,0,0,1.000,1.000,1.000,-90.00,164.91,45.00,OPEN,0
669700.937,1,0,0,1.000,1.000,1.000,-90.00,165.13,45.00,OPEN,0
669700.940,1,0,0,1.000,1.000,1.000,-90.00,165.33,45.00,OPEN,0
669700.945,1,0,0,1.000,1.000,1.000,-90.00,165.60,45.00,OPEN,0
669700.948,1,0,0,1.000,1.000,1.000,-90.00,165.83,45.00,OPEN,0
669700.952,1,0,0,1.000,1.000,1.000,-90.00,166.04,45.00,OPEN,0
669700.955,1,0,0,1.000,1.000,1.000,-90.00,166.25,45.00,OPEN,0
669700.960,1,0,0,1.000,1.000,1.000,-90.00,166.54,45.00,OPEN,0
669700.968,1,0,0,1.000,1.000,1.000,-90.00,167.02,45.00,OPEN,0
669700.972,1,0,0,1.000,1.000,1.000,-90.00,167.25,45.00,OPEN,0
669700.976,1,0,0,1.000,1.000,1.000,-90.00,167.47,45.00,OPEN,0
669700.979,1,0,0,1.000,1.000,1.000,-90.00,167.69,45.00,OPEN,1
669700.983,1,0,0,1.000,1.000,1.000,-90.00,167.93,45.00,OPEN,0
669700.987,1,0,0,1.000,1.000,1.000,-90.00,168.16,45.00,OPEN,0
669700.991,1,0,0,1.000,1.000,1.000,-90.00,168.39,45.00,OPEN,0
669700.995,1,0,0,1.000,1.000,1.000,-90.00,168.62,45.00,OPEN,0
669700.998,1,0,0,1.000,1.000,1.000,-90.00,168.84,45.00,OPEN,0
669701.002,1,0,0,1.000,1.000,1.000,-90.00,169.07,45.00,OPEN,0
669701.006,1,0,0,1.000,1.000,1.000,-90.00,169.31,45.00,OPEN,0
669701.010,1,0,0,1.000,1.000,1.000,-90.00,169.52,49.50,OPEN,0
669701.014,1,0,0,1.000,1.000,1.000,-90.00,169.75,49.50,OPEN,0
669701.017,1,0,0,1.000,1.000,1.000,-90.00,169.97,49.50,OPEN,0
669701.026,1,0,0,1.000,1.000,1.000,-90.00,170.48,49.50,OPEN,0
669701.030,1,0,0,1.000,1.000,1.000,-90.00,170.72,49.50,OPEN,0
669701.034,1,0,0,1.000,1.000,1.000,-90.00,170.96,49.50,OPEN,0
669701.038,1,0,0,1.000,1.000,1.000,-90.00,171.23,49.50,OPEN,0
669701.046,1,0,0,1.000,1.000,1.000,-90.00,171.70,49.50,OPEN,0
669701.050,1,0,0,1.000,1.000,1.000,-90.00,171.94,49.50,OPEN,0
669701.054,1,0,0,1.000,1.000,1.000,-90.00,172.17,49.50,OPEN,0
669701.059,1,0,0,1.000,1.000,1.000,-90.00,172.47,49.50,OPEN,0
669701.063,1,0,0,1.000,1.000,1.000,-90.00,172.69,49.50,OPEN,0
669701.067,1,0,0,1.000,1.000,1.000,-90.00,172.93,49.50,OPEN,0
669701.070,1,0,0,1.000,1.000,1.000,-90.00,173.15,49.50,OPEN,0
669701.074,1,0,0,1.000,1.000,1.000,-90.00,173.40,49.50,OPEN,0
669701.079,1,0,0,1.000,1.000,1.000,-90.00,173.66,49.50,OPEN,0
669701.083,1,0,0,1.000,1.000,1.000,-90.00,173.93,49.50,OPEN,1
669701.091,1,0,0,1.000,1.000,1.000,-90.00,174.39,49.50,OPEN,0
669701.095,1,0,0,1.000,1.000,1.000,-90.00,174.63,49.50,OPEN,0
669701.100,1,0,0,1.000,1.000,1.000,-90.00,174.91,49.50,OPEN,0
669701.103,1,0,0,1.000,1.000,1.000,-90.00,175.12,49.50,OPEN,0
669701.107,1,0,0,1.000,1.000,1.000,-90.00,175.35,49.50,OPEN,0
669701.111,1,0,0,1.000,1.000,1.000,-90.00,175.59,54.00,OPEN,0
669701.115,1,0,0,1.000,1.000,1.000,-90.00,175.86,54.00,OPEN,0
669701.119,1,0,0,1.000,1.000,1.000,-90.00,176.07,54.00,OPEN,0
669701.122,1,0,0,1.000,1.000,1.000,-90.00,176.27,54.00,OPEN,0
669701.126,1,0,0,1.000,1.000,1.000,-90.00,176.51,54.00,OPEN,0
669701.130,1,0,0,1.000,1.000,1.000,-90.00,176.73,54.00,OPEN,0
669701.134,1,0,0,1.000,1.000,1.000,-90.00,176.97,54.00,OPEN,0
669701.138,1,0,0,1.000,1.000,1.000,-90.00,177.20,54.00,OPEN,0
669701.142,1,0,0,1.000,1.000,1.000,-90.00,177.43,54.00,OPEN,0
669701.146,1,0,0,1.000,1.000,1.000,-90.00,177.67,54.00,OPEN,0
669701.149,1,0,0,1.000,1.000,1.000,-90.00,177.90,54.00,OPEN,0
669701.153,1,0,0,1.000,1.000,1.000,-90.00,178.12,54.00,OPEN,0
669701.162,1,0,0,1.000,1.000,1.000,-90.00,178.63,54.00,OPEN,0
669701.166,1,0,0,1.000,1.000,1.000,-90.00,178.87,54.00,OPEN,0
669701.169,1,0,0,1.000,1.000,1.000,-90.00,179.10,54.00,OPEN,0
669701.173,1,0,0,1.000,1.000,1.000,-90.00,179.31,54.00,OPEN,0
669701.183,1,0,0,1.000,1.000,1.000,-90.00,179.91,54.00,OPEN,0
669701.187,1,0,0,1.000,1.000,1.000,-90.00,180.00,54.00,OPEN,1
669701.191,1,0,0,1.000,1.000,1.000,-90.00,180.00,54.00,OPEN,0
669701.198,1,0,0,1.000,1.000,1.000,-90.00,180.00,54.00,OPEN,0
669701.203,1,0,0,1.000,1.000,1.000,-90.00,180.00,54.00,OPEN,0
669701.210,1,0,0,1.000,1.000,1.000,-90.00,180.00,54.00,OPEN,0
669701.218,1,0,0,1.000,1.000,1.000,-90.00,180.00,58.50,OPEN,0
669701.225,1,0,0,1.000,1.000,1.000,-90.00,180.00,58.50,OPEN,0
669701.229,1,0,0,1.000,1.000,1.000,-90.00,180.00,58.50,OPEN,0
669701.233,1,0,0,1.000,1.000,1.000,-90.00,180.00,58.50,OPEN,0
669701.236,1,0,0,1.000,1.000,1.000,-90.00,180.00,58.50,OPEN,0
669701.244,1,0,0,1.000,1.000,1.000,-90.00,180.00,58.50,OPEN,0
669701.248,1,0,0,1.000,1.000,1.000,-90.00,180.00,58.50,OPEN,0
669701.254,1,0,0,1.000,1.000,1.000,-90.00,180.00,58.50,OPEN,0
669701.257,1,0,0,1.000,1.000,1.000,-90.00,180.00,58.50,OPEN,0
669701.265,1,0,0,1.000,1.000,1.000,-90.00,180.00,58.50,OPEN,0
669701.269,1,0,0,1.000,1.000,1.000,-90.00,180.00,58.50,OPEN,0
669701.277,1,0,0,1.000,1.000,1.000,-90.00,180.00,58.50,OPEN,0
669701.281,1,0,0,1.000,1.000,1.000,-90.00,180.00,58.50,OPEN,0
669701.287,1,0,0,1.000,1.000,1.000,-90.00,180.00,58.50,OPEN,0
669701.296,1,0,0,0.988,1.000,1.000,-90.00,180.00,58.50,OPEN,1
669701.300,1,0,0,0.885,1.000,1.000,-90.00,180.00,58.50,OPEN,0
669701.304,1,0,0,0.994,1.000,1.000,-90.00,180.00,58.50,OPEN,0
669701.308,1,0,0,0.998,1.000,1.000,-90.00,180.00,58.50,OPEN,0
669701.313,1,0,0,1.000,1.000,1.000,-90.00,180.00,58.50,OPEN,0
669701.318,1,0,0,1.000,1.000,1.000,-90.00,180.00,63.00,OPEN,0
669701.324,1,0,0,1.000,1.000,1.000,-90.00,180.00,63.00,OPEN,0
669701.334,1,0,0,1.000,1.000,1.000,-90.00,180.00,63.00,OPEN,0
669701.339,1,0,0,1.000,1.000,1.000,-90.00,180.00,63.00,OPEN,0
669701.346,0,0,0,1.000,1.000,1.000,-90.00,180.00,63.00,OPEN,0
669701.350,0,0,0,1.000,1.000,1.000,-90.00,180.00,63.00,OPEN,0
669701.354,0,0,0,1.000,1.000,1.000,-90.00,180.00,63.00,OPEN,0
669701.358,0,0,0,1.000,1.000,1.000,-90.00,180.00,63.00,OPEN,0
669701.362,0,0,0,1.000,1.000,1.000,-90.00,180.00,63.00,OPEN,0
669701.365,0,0,0,1.000,1.000,1.000,-90.00,180.00,63.00,OPEN,0
669701.370,0,0,0,1.000,1.000,1.000,-90.00,180.00,63.00,OPEN,0
669701.376,0,0,0,1.000,1.000,1.000,-90.00,180.00,63.00,OPEN,0
669701.380,0,0,0,1.000,1.000,1.000,-90.00,180.00,63.00,OPEN,0
669701.384,0,0,0,1.000,1.000,1.000,-90.00,180.00,63.00,OPEN,0
669701.387,0,0,0,1.000,1.000,1.000,-90.00,180.00,63.00,OPEN,0
669701.391,0,0,0,1.000,1.000,1.000,-90.00,180.00,63.00,OPEN,0
669701.396,0,0,0,1.000,1.000,1.000,-90.00,180.00,63.00,OPEN,1
669701.400,0,0,0,1.000,1.000,1.000,-90.00,180.00,63.00,OPEN,0
669701.404,0,0,0,1.000,1.000,1.000,-90.00,180.00,63.00,OPEN,0
669701.408,0,0,0,1.000,1.000,1.000,-90.00,180.00,63.00,OPEN,0
669701.412,0,0,0,1.000,1.000,1.000,-90.00,180.00,63.00,OPEN,0
669701.421,0,0,0,1.000,1.000,1.000,-90.00,180.00,63.00,OPEN,0
669701.425,0,0,0,1.000,1.000,1.000,-90.00,180.00,63.00,OPEN,0
669701.433,0,0,0,1.000,1.000,1.000,-90.00,180.00,63.00,OPEN,0
669701.437,0,0,0,1.000,1.000,1.000,-90.00,180.00,63.00,OPEN,0
669701.446,0,0,0,1.000,1.000,1.000,-90.00,180.00,63.00,OPEN,0
669701.449,0,0,0,1.000,1.000,1.000,-90.00,180.00,63.00,OPEN,0
669701.453,0,0,0,1.000,1.000,1.000,-90.00,180.00,63.00,OPEN,0
669701.457,0,0,0,1.000,1.000,1.000,-90.00,180.00,63.00,OPEN,0
669701.461,0,0,0,1.000,1.000,1.000,-90.00,180.00,63.00,OPEN,0
669701.465,0,0,0,1.000,1.000,1.000,-90.00,180.00,63.00,OPEN,0
669701.472,0,0,0,1.000,1.000,1.000,-90.00,180.00,63.00,OPEN,0
669701.476,0,0,0,1.000,1.000,1.000,-90.00,180.00,63.00,OPEN,0
669701.480,0,0,0,1.000,1.000,1.000,-90.00,180.00,63.00,OPEN,0
669701.483,0,0,0,1.000,1.000,1.000,-90.00,180.00,63.00,OPEN,0
669701.487,0,0,0,1.000,1.000,1.000,-90.00,180.00,63.00,OPEN,0
669701.494,0,0,0,1.000,1.000,1.000,-90.00,180.00,63.00,OPEN,0
669701.499,0,0,0,1.000,1.000,1.000,-90.00,180.00,63.00,OPEN,0
669701.503,0,0,0,1.000,1.000,1.000,-90.00,180.00,63.00,OPEN,0
669701.513,0,0,0,1.000,1.000,1.000,-90.00,180.00,63.00,OPEN,0
669701.518,0,0,0,1.000,1.000,1.000,-90.00,180.00,63.00,OPEN,0
669701.527,0,0,0,1.000,1.000,1.000,-90.00,180.00,63.00,OPEN,0
669701.533,0,0,0,1.000,1.000,1.000,-90.00,180.00,63.00,OPEN,0
669701.538,0,0,0,1.000,1.000,1.000,-90.00,180.00,63.00,OPEN,0
669701.548,0,0,0,1.000,1.000,1.000,-90.00,180.00,63.00,OPEN,0
669701.552,0,0,0,1.000,1.000,1.000,-90.00,180.00,63.00,OPEN,0
669701.562,0,0,0,1.000,1.000,1.000,-90.00,180.00,63.00,OPEN,0
669701.570,0,0,0,1.000,1.000,1.000,-90.00,180.00,63.00,OPEN,0
669701.575,0,0,0,1.000,1.000,1.000,-90.00,180.00,63.00,OPEN,0
669701.579,0,0,0,1.000,1.000,1.000,-90.00,180.00,63.00,OPEN,0
669701.582,0,0,0,1.000,1.000,1.000,-90.00,180.00,63.00,OPEN,0
669701.586,0,0,0,1.000,1.000,1.000,-90.00,180.00,63.00,OPEN,0
669701.594,0,0,0,1.000,1.000,1.000,-90.00,180.00,63.00,OPEN,0
669701.604,0,0,0,1.000,1.000,1.000,-90.00,180.00,63.00,OPEN,0
669701.609,0,0,0,1.000,1.000,1.000,-90.00,180.00,63.00,OPEN,0
669701.614,0,0,0,1.000,1.000,1.000,-90.00,180.00,63.00,OPEN,0
669701.618,0,0,0,1.000,1.000,1.000,-90.00,180.00,63.00,OPEN,0
669701.623,0,0,0,1.000,1.000,1.000,-90.00,180.00,63.00,OPEN,0
669701.627,0,0,0,1.000,1.000,1.000,-90.00,180.00,63.00,OPEN,0
669701.631,0,0,0,1.000,1.000,1.000,-90.00,180.00,63.00,OPEN,0
669701.635,0,0,0,1.000,1.000,1.000,-90.00,180.00,63.00,OPEN,0
669701.644,0,0,0,1.000,1.000,1.000,-90.00,180.00,63.00,OPEN,0
669701.647,0,0,0,1.000,1.000,1.000,-90.00,180.00,63.00,OPEN,0
669701.651,0,0,0,1.000,1.000,1.000,-90.00,180.00,63.00,OPEN,0
669701.656,0,0,0,1.000,1.000,1.000,-90.00,180.00,63.00,OPEN,0
669701.660,0,0,0,1.000,1.000,1.000,-90.00,180.00,63.00,OPEN,0
669701.664,0,0,0,1.000,1.000,1.000,-90.00,180.00,63.00,OPEN,0
669701.668,0,0,0,1.000,1.000,1.000,-90.00,180.00,63.00,OPEN,0
669701.677,0,0,0,1.000,1.000,1.000,-90.00,180.00,63.00,OPEN,0
669701.684,0,0,0,1.000,1.000,1.000,-90.00,180.00,63.00,OPEN,0
669701.689,0,0,0,1.000,1.000,1.000,-90.00,180.00,63.00,OPEN,0
669701.697,0,0,0,1.000,1.000,1.000,-90.00,180.00,63.00,OPEN,0
669701.700,0,0,0,1.000,1.000,1.000,-90.00,180.00,63.00,OPEN,0
669701.708,0,0,0,1.000,1.000,1.000,-90.00,180.00,63.00,OPEN,0
669701.712,0,0,0,1.000,1.000,1.000,-90.00,180.00,63.00,OPEN,0
669701.717,0,0,0,1.000,1.000,1.000,-90.00,180.00,63.00,OPEN,0
669701.721,0,0,0,1.000,1.000,1.000,-90.00,180.00,63.00,OPEN,0
669701.727,0,0,0,1.000,1.000,1.000,-90.00,180.00,63.00,OPEN,0
669701.732,0,0,0,1.000,1.000,1.000,-90.00,180.00,63.00,OPEN,0
669701.737,0,0,0,1.000,1.000,1.000,-90.00,180.00,63.00,OPEN,0
669701.741,0,0,0,1.000,1.000,1.000,-90.00,180.00,63.00,OPEN,0
669701.746,0,0,0,1.000,1.000,1.000,-90.00,180.00,63.00,OPEN,0
669701.750,0,0,0,1.000,1.000,1.000,-90.00,180.00,63.00,OPEN,0
669701.754,0,0,0,1.000,1.000,1.000,-90.00,180.00,63.00,OPEN,0
669701.758,0,0,0,1.000,1.000,1.000,-90.00,180.00,63.00,OPEN,0
669701.763,0,0,0,1.000,1.000,1.000,-90.00,180.00,63.00,OPEN,0
669701.766,0,0,0,1.000,1.000,1.000,-90.00,180.00,63.00,OPEN,0
669701.771,0,0,0,1.000,1.000,1.000,-90.00,180.00,63.00,OPEN,0
669701.774,0,0,0,1.000,1.000,1.000,-90.00,180.00,63.00,OPEN,0
669701.778,0,0,0,1.000,1.000,1.000,-90.00,180.00,63.00,OPEN,0
669701.782,0,0,0,1.000,1.000,1.000,-90.00,180.00,63.00,OPEN,0
669701.786,0,0,0,1.000,1.000,1.000,-90.00,180.00,63.00,OPEN,0
669701.790,0,0,0,1.000,1.000,1.000,-90.00,180.00,63.00,OPEN,0
669701.794,0,0,0,1.000,1.000,1.000,-90.00,180.00,63.00,OPEN,0
669701.802,0,0,0,1.000,1.000,1.000,-90.00,180.00,63.00,OPEN,0
669701.806,0,0,0,1.000,1.000,1.000,-90.00,180.00,63.00,OPEN,0
669701.814,0,0,0,1.000,1.000,1.000,-90.00,180.00,63.00,OPEN,0
669701.818,0,0,0,1.000,1.000,1.000,-90.00,180.00,63.00,OPEN,0
669701.821,0,0,0,1.000,1.000,1.000,-90.00,180.00,63.00,OPEN,0
669701.826,0,0,0,1.000,1.000,1.000,-90.00,180.00,63.00,OPEN,0
669701.829,0,0,0,1.000,1.000,1.000,-90.00,180.00,63.00,OPEN,0
669701.833,0,0,0,1.000,1.000,1.000,-90.00,180.00,63.00,OPEN,0
669701.837,0,0,0,1.000,1.000,1.000,-90.00,180.00,63.00,OPEN,0
669701.841,0,0,0,1.000,1.000,1.000,-90.00,180.00,63.00,OPEN,0
669701.845,0,0,0,1.000,1.000,1.000,-90.00,180.00,63.00,OPEN,0
669701.853,0,0,0,1.000,1.000,1.000,-90.00,180.00,63.00,OPEN,0
669701.856,0,0,0,1.000,1.000,1.000,-90.00,180.00,63.00,OPEN,0
669701.860,0,0,0,1.000,1.000,1.000,-90.00,180.00,63.00,OPEN,0
669701.865,0,0,0,1.000,1.000,1.000,-90.00,180.00,63.00,OPEN,0
669701.869,0,0,0,1.000,1.000,1.000,-90.00,180.00,63.00,OPEN,0
669701.876,0,0,0,1.000,1.000,1.000,-90.00,180.00,63.00,OPEN,0
669701.880,0,0,0,1.000,1.000,1.000,-90.00,180.00,63.00,OPEN,0
669701.885,0,0,0,1.000,1.000,1.000,-90.00,180.00,63.00,OPEN,0
669701.889,0,0,0,1.000,1.000,1.000,-90.00,180.00,63.00,OPEN,0
669701.893,0,0,0,1.000,1.000,1.000,-90.00,180.00,63.00,OPEN,0
669701.897,0,0,0,1.000,1.000,1.000,-90.00,180.00,63.00,OPEN,0
669701.904,0,0,0,1.000,1.000,1.000,-90.00,180.00,63.00,OPEN,0
669701.908,0,0,0,1.000,1.000,1.000,-90.00,180.00,63.00,OPEN,0
669701.912,0,0,0,1.000,1.000,1.000,-90.00,180.00,63.00,OPEN,0
669701.919,0,0,0,1.000,1.000,1.000,-90.00,180.00,63.00,OPEN,0
669701.923,0,0,0,1.000,1.000,1.000,-90.00,180.00,63.00,OPEN,0
669701.927,0,0,0,1.000,1.000,1.000,-90.00,180.00,63.00,OPEN,0
669701.931,0,0,0,1.000,1.000,1.000,-90.00,180.00,63.00,OPEN,0
669701.935,0,0,0,1.000,1.000,1.000,-90.00,180.00,63.00,OPEN,0
669701.939,0,0,0,1.000,1.000,1.000,-90.00,180.00,63.00,OPEN,0
669701.942,0,0,0,1.000,1.000,1.000,-90.00,180.00,63.00,OPEN,0
669701.946,0,0,0,1.000,1.000,1.000,-90.00,180.00,63.00,OPEN,0
669701.951,0,0,0,1.000,1.000,1.000,-90.00,180.00,63.00,OPEN,0
669701.955,0,0,0,1.000,1.000,1.000,-90.00,180.00,63.00,OPEN,0
669701.958,0,0,0,1.000,1.000,1.000,-90.00,180.00,63.00,OPEN,0
669701.962,0,0,0,1.000,1.000,1.000,-90.00,180.00,63.00,OPEN,0
669701.966,0,0,0,1.000,1.000,1.000,-90.00,180.00,63.00,OPEN,0
669701.970,0,0,0,1.000,1.000,1.000,-90.00,180.00,63.00,OPEN,0
669701.973,0,0,0,1.000,1.000,1.000,-90.00,180.00,63.00,OPEN,0
669701.977,0,0,0,1.000,1.000,1.000,-90.00,180.00,63.00,OPEN,0
669701.981,0,0,0,1.000,1.000,1.000,-90.00,180.00,63.00,OPEN,0
669701.985,0,0,0,1.000,1.000,1.000,-90.00,180.00,63.00,OPEN,0
669701.993,0,0,0,1.000,1.000,1.000,-90.00,180.00,63.00,OPEN,0
669701.997,0,0,0,0.998,1.000,1.000,-90.00,180.00,63.00,OPEN,0
669702.001,0,0,0,0.980,1.000,1.000,-90.00,180.00,63.00,OPEN,0
669702.005,0,0,0,0.982,1.000,1.000,-90.00,180.00,63.00,OPEN,0
669702.009,0,0,0,0.999,1.000,1.000,-90.00,180.00,63.00,OPEN,0
669702.012,0,0,0,1.000,1.000,1.000,-90.00,180.00,63.00,OPEN,0
669702.018,0,0,0,1.000,1.000,1.000,-90.00,180.00,63.00,OPEN,0
669702.026,0,0,0,1.000,1.000,1.000,-90.00,180.00,63.00,OPEN,0
669702.030,0,0,0,1.000,1.000,1.000,-90.00,180.00,63.00,OPEN,0
669702.034,0,0,0,1.000,1.000,1.000,-90.00,180.00,63.00,OPEN,0
669702.038,0,0,0,1.000,1.000,1.000,-90.00,180.00,63.00,OPEN,0
669702.041,2,0,0,1.000,1.000,1.000,-90.00,180.00,58.50,OPEN,1
669702.045,2,0,0,1.000,1.000,1.000,-90.00,180.00,58.50,OPEN,0
669702.050,2,0,0,1.000,1.000,1.000,-90.00,180.00,58.50,OPEN,0
669702.054,2,0,0,1.000,1.000,1.000,-90.00,180.00,58.50,OPEN,0
669702.058,2,0,0,1.000,1.000,1.000,-90.00,180.00,58.50,OPEN,0
669702.063,2,0,0,1.000,1.000,1.000,-90.00,180.00,58.50,OPEN,0
669702.070,2,0,0,1.000,1.000,1.000,-90.00,180.00,58.50,OPEN,0
669702.075,2,0,0,1.000,1.000,1.000,-90.00,180.00,58.50,OPEN,0
669702.078,2,0,0,1.000,1.000,1.000,-90.00,180.00,58.50,OPEN,0
669702.082,2,0,0,1.000,1.000,1.000,-90.00,180.00,58.50,OPEN,0
669702.086,2,0,0,1.000,1.000,1.000,-90.00,180.00,58.50,OPEN,0
669702.090,2,0,0,1.000,1.000,1.000,-90.00,180.00,58.50,OPEN,0
669702.094,2,0,0,1.000,1.000,1.000,-90.00,180.00,58.50,OPEN,0
669702.098,2,0,0,1.000,1.000,1.000,-90.00,180.00,58.50,OPEN,0
669702.102,2,0,0,1.000,1.000,1.000,-90.00,180.00,58.50,OPEN,0
669702.106,2,0,0,1.000,1.000,1.000,-90.00,180.00,58.50,OPEN,0
669702.110,2,0,0,1.000,1.000,1.000,-90.00,180.00,58.50,OPEN,0
669702.114,2,0,0,1.000,1.000,1.000,-90.00,180.00,58.50,OPEN,0
669702.118,2,0,0,1.000,1.000,1.000,-90.00,180.00,58.50,OPEN,0
669702.127,2,0,0,1.000,1.000,1.000,-90.00,180.00,58.50,OPEN,0
669702.131,2,0,0,1.000,1.000,1.000,-90.00,180.00,58.50,OPEN,0
669702.136,2,0,0,1.000,1.000,1.000,-90.00,180.00,58.50,OPEN,0
669702.141,2,0,0,1.000,1.000,1.000,-90.00,180.00,58.50,OPEN,0
669702.149,2,0,0,1.000,1.000,1.000,-90.00,180.00,54.00,OPEN,1
669702.154,2,0,0,1.000,1.000,1.000,-90.00,180.00,54.00,OPEN,0
669702.158,2,0,0,1.000,1.000,1.000,-90.00,180.00,54.00,OPEN,0
669702.161,2,0,0,1.000,1.000,1.000,-90.00,180.00,54.00,OPEN,0
669702.169,2,0,0,1.000,1.000,1.000,-90.00,180.00,54.00,OPEN,0
669702.173,2,0,0,1.000,1.000,1.000,-90.00,180.00,54.00,OPEN,0
669702.176,2,0,0,1.000,1.000,1.000,-90.00,180.00,54.00,OPEN,0
669702.180,2,0,0,1.000,1.000,1.000,-90.00,180.00,54.00,OPEN,0
669702.184,2,0,0,1.000,1.000,1.000,-90.00,180.00,54.00,OPEN,0
669702.188,2,0,0,1.000,1.000,1.000,-90.00,180.00,54.00,OPEN,0
669702.192,2,0,0,1.000,1.000,1.000,-90.00,180.00,54.00,OPEN,0
669702.195,2,0,0,1.000,1.000,1.000,-90.00,180.00,54.00,OPEN,0
669702.203,2,0,0,1.000,1.000,1.000,-90.00,180.00,54.00,OPEN,0
669702.206,2,0,0,1.000,1.000,1.000,-90.00,180.00,54.00,OPEN,0
669702.210,2,0,0,1.000,1.000,1.000,-90.00,180.00,54.00,OPEN,0
669702.214,2,0,0,1.000,1.000,1.000,-90.00,180.00,54.00,OPEN,0
669702.220,2,0,0,1.000,1.000,1.000,-90.00,180.00,54.00,OPEN,0
669702.224,2,0,0,1.000,1.000,1.000,-90.00,180.00,54.00,OPEN,0
669702.228,2,0,0,1.000,1.000,1.000,-90.00,180.00,54.00,OPEN,0
669702.232,2,0,0,1.000,1.000,1.000,-90.00,180.00,54.00,OPEN,0
669702.238,2,0,0,1.000,1.000,1.000,-90.00,180.00,54.00,OPEN,0
669702.242,2,0,0,1.000,1.000,1.000,-90.00,180.00,54.00,OPEN,0
669702.246,2,0,0,1.000,1.000,1.000,-90.00,180.00,54.00,OPEN,0
669702.252,2,0,0,1.000,1.000,1.000,-90.00,180.00,49.50,OPEN,1
669702.261,2,0,0,1.000,1.000,1.000,-90.00,180.00,49.50,OPEN,0
669702.266,2,0,0,1.000,1.000,1.000,-90.00,180.00,49.50,OPEN,0
669702.270,2,0,0,1.000,1.000,1.000,-90.00,180.00,49.50,OPEN,0
669702.274,2,0,0,1.000,1.000,1.000,-90.00,180.00,49.50,OPEN,0
669702.277,2,0,0,1.000,1.000,1.000,-90.00,180.00,49.50,OPEN,0
669702.282,2,0,0,1.000,1.000,1.000,-90.00,180.00,49.50,OPEN,0
669702.286,2,0,0,1.000,1.000,1.000,-90.00,180.00,49.50,OPEN,0
669702.290,2,0,0,1.000,1.000,1.000,-90.00,180.00,49.50,OPEN,0
669702.294,2,0,0,1.000,1.000,1.000,-90.00,180.00,49.50,OPEN,0
669702.298,2,0,0,1.000,1.000,1.000,-90.00,180.00,49.50,OPEN,0
669702.302,2,0,0,1.000,1.000,1.000,-90.00,180.00,49.50,OPEN,0
669702.306,2,0,0,1.000,1.000,1.000,-90.00,180.00,49.50,OPEN,0
669702.309,2,0,0,1.000,1.000,1.000,-90.00,180.00,49.50,OPEN,0
669702.313,2,0,0,1.000,1.000,1.000,-90.00,180.00,49.50,OPEN,0
669702.317,2,0,0,1.000,1.000,1.000,-90.00,180.00,49.50,OPEN,0
669702.321,2,0,0,1.000,1.000,1.000,-90.00,180.00,49.50,OPEN,0
669702.329,2,0,0,1.000,1.000,1.000,-90.00,180.00,49.50,OPEN,0
669702.333,2,0,0,1.000,1.000,1.000,-90.00,180.00,49.50,OPEN,0
669702.337,2,0,0,1.000,1.000,1.000,-90.00,180.00,49.50,OPEN,0
669702.340,2,0,0,1.000,1.000,1.000,-90.00,180.00,49.50,OPEN,0
669702.345,2,0,0,1.000,1.000,1.000,-90.00,180.00,49.50,OPEN,0
669702.349,2,0,0,1.000,1.000,1.000,-90.00,180.00,49.50,OPEN,0
669702.353,2,0,0,1.000,1.000,1.000,-90.00,180.00,45.00,OPEN,1
669702.358,2,0,0,1.000,1.000,1.000,-90.00,180.00,45.00,OPEN,0
669702.363,2,0,0,1.000,1.000,1.000,-90.00,180.00,45.00,OPEN,0
669702.368,2,0,0,1.000,1.000,1.000,-90.00,180.00,45.00,OPEN,0
669702.372,2,0,0,1.000,1.000,1.000,-90.00,180.00,45.00,OPEN,0
669702.378,2,0,0,1.000,1.000,1.000,-90.00,180.00,45.00,OPEN,0
669702.381,2,0,0,1.000,1.000,1.000,-90.00,180.00,45.00,OPEN,0
669702.386,2,0,0,1.000,1.000,1.000,-90.00,180.00,45.00,OPEN,0
669702.389,2,0,0,1.000,1.000,1.000,-90.00,180.00,45.00,OPEN,0
669702.394,2,0,0,1.000,1.000,1.000,-90.00,180.00,45.00,OPEN,0
669702.400,2,0,0,1.000,1.000,1.000,-90.00,180.00,45.00,OPEN,0
669702.405,2,0,0,1.000,1.000,1.000,-90.00,180.00,45.00,OPEN,0
669702.410,2,0,0,1.000,1.000,1.000,-90.00,180.00,45.00,OPEN,0
669702.415,2,0,0,1.000,1.000,1.000,-90.00,180.00,45.00,OPEN,0
669702.420,2,0,0,1.000,1.000,1.000,-90.00,180.00,45.00,OPEN,0
669702.424,2,0,0,1.000,1.000,1.000,-90.00,180.00,45.00,OPEN,0
669702.428,2,0,0,1.000,1.000,1.000,-90.00,180.00,45.00,OPEN,0
669702.432,2,0,0,1.000,1.000,1.000,-90.00,180.00,45.00,OPEN,0
669702.436,2,0,0,1.000,1.000,1.000,-90.00,180.00,45.00,OPEN,0
669702.440,2,0,0,1.000,1.000,1.000,-90.00,180.00,45.00,OPEN,0
669702.444,2,0,0,1.000,1.000,1.000,-90.00,180.00,45.00,OPEN,0
669702.452,2,0,0,1.000,1.000,1.000,-90.00,180.00,45.00,OPEN,0
669702.459,2,0,0,1.000,1.000,1.000,-90.00,180.00,40.50,OPEN,1
669702.463,2,0,0,1.000,1.000,1.000,-90.00,180.00,40.50,OPEN,0
669702.467,2,0,0,1.000,1.000,1.000,-90.00,180.00,40.50,OPEN,0
669702.471,2,0,0,1.000,1.000,1.000,-90.00,180.00,40.50,OPEN,0
669702.476,2,0,0,1.000,1.000,1.000,-90.00,180.00,40.50,OPEN,0
669702.480,2,0,0,1.000,1.000,1.000,-90.00,180.00,40.50,OPEN,0
669702.487,2,0,0,1.000,1.000,1.000,-90.00,180.00,40.50,OPEN,0
669702.492,2,0,0,1.000,1.000,1.000,-90.00,180.00,40.50,OPEN,0
669702.499,2,0,0,1.000,1.000,1.000,-90.00,180.00,40.50,OPEN,0
669702.502,2,0,0,1.000,1.000,1.000,-90.00,180.00,40.50,OPEN,0
669702.506,2,0,0,1.000,1.000,1.000,-90.00,180.00,40.50,OPEN,0
669702.510,2,0,0,1.000,1.000,1.000,-90.00,180.00,40.50,OPEN,0
669702.514,2,0,0,1.000,1.000,1.000,-90.00,180.00,40.50,OPEN,0
669702.518,2,0,0,1.000,1.000,1.000,-90.00,180.00,40.50,OPEN,0
669702.522,2,0,0,1.000,1.000,1.000,-90.00,180.00,40.50,OPEN,0
669702.526,2,0,0,1.000,1.000,1.000,-90.00,180.00,40.50,OPEN,0
669702.530,2,0,0,1.000,1.000,1.000,-90.00,180.00,40.50,OPEN,0
669702.534,2,0,0,1.000,1.000,1.000,-90.00,180.00,40.50,OPEN,0
669702.539,2,0,0,1.000,1.000,1.000,-90.00,180.00,40.50,OPEN,0
669702.543,2,0,0,1.000,1.000,1.000,-90.00,180.00,40.50,OPEN,0
669702.548,2,0,0,1.000,1.000,1.000,-90.00,180.00,40.50,OPEN,0
669702.556,2,0,0,1.000,1.000,1.000,-90.00,180.00,40.50,OPEN,0
669702.560,2,0,0,1.000,1.000,1.000,-90.00,180.00,36.00,OPEN,1
669702.564,2,0,0,1.000,1.000,1.000,-90.00,180.00,36.00,OPEN,0
669702.570,2,0,0,1.000,1.000,1.000,-90.00,180.00,36.00,OPEN,0
669702.581,2,0,0,1.000,1.000,1.000,-90.00,180.00,36.00,OPEN,0
669702.595,2,0,0,1.000,1.000,1.000,-90.00,180.00,36.00,OPEN,0
669702.603,2,0,0,1.000,1.000,1.000,-90.00,180.00,36.00,OPEN,0
669702.610,2,0,0,1.000,1.000,1.000,-90.00,180.00,36.00,OPEN,0
669702.617,2,0,0,1.000,1.000,1.000,-90.00,180.00,36.00,OPEN,0
669702.626,2,0,0,0.999,1.000,1.000,-90.00,180.00,36.00,OPEN,0
669702.635,2,0,0,0.967,1.000,1.000,-90.00,180.00,36.00,OPEN,0
669702.643,2,0,0,0.760,1.000,1.000,-90.00,180.00,36.00,OPEN,0
669702.651,2,0,0,1.000,1.000,1.000,-90.00,180.00,36.00,OPEN,0
669702.657,2,0,0,1.000,1.000,1.000,-90.00,180.00,36.00,OPEN,0
669702.661,2,0,0,1.000,1.000,1.000,-90.00,180.00,31.50,OPEN,1
669702.665,2,0,0,1.000,1.000,1.000,-90.00,180.00,31.50,OPEN,0
669702.668,2,0,0,1.000,1.000,1.000,-90.00,180.00,31.50,OPEN,0
669702.675,2,0,0,1.000,1.000,1.000,-90.00,180.00,31.50,OPEN,0
669702.684,2,0,0,1.000,1.000,1.000,-90.00,180.00,31.50,OPEN,0
669702.689,0,0,0,1.000,1.000,1.000,-90.00,180.00,31.50,OPEN,0
669702.697,0,0,0,1.000,1.000,1.000,-90.00,180.00,31.50,OPEN,0
669702.705,0,0,0,1.000,1.000,1.000,-90.00,180.00,31.50,OPEN,0
669702.710,0,0,0,1.000,1.000,1.000,-90.00,180.00,31.50,OPEN,0
669702.714,0,0,0,1.000,1.000,1.000,-90.00,180.00,31.50,OPEN,0
669702.718,0,0,0,1.000,1.000,1.000,-90.00,180.00,31.50,OPEN,0
669702.722,0,0,0,1.000,1.000,1.000,-90.00,180.00,31.50,OPEN,0
669702.726,0,0,0,1.000,1.000,1.000,-90.00,180.00,31.50,OPEN,0
669702.730,0,0,0,1.000,1.000,1.000,-90.00,180.00,31.50,OPEN,0
669702.734,0,0,0,1.000,1.000,1.000,-90.00,180.00,31.50,OPEN,0
669702.737,0,0,0,1.000,1.000,1.000,-90.00,180.00,31.50,OPEN,0
669702.742,0,0,0,1.000,1.000,1.000,-90.00,180.00,31.50,OPEN,0
669702.745,0,0,0,1.000,1.000,1.000,-90.00,180.00,31.50,OPEN,0
669702.749,0,0,0,1.000,1.000,1.000,-90.00,180.00,31.50,OPEN,0
669702.753,0,0,0,1.000,1.000,1.000,-90.00,180.00,31.50,OPEN,0
669702.757,0,0,0,1.000,1.000,1.000,-90.00,180.00,31.50,OPEN,0
669702.761,0,0,0,1.000,1.000,1.000,-90.00,180.00,31.50,OPEN,0
669702.766,0,0,0,1.000,1.000,1.000,-90.00,180.00,31.50,OPEN,0
669702.770,0,0,0,1.000,1.000,1.000,-90.00,180.00,31.50,OPEN,0
669702.774,0,0,0,1.000,1.000,1.000,-90.00,180.00,31.50,OPEN,0
669702.778,0,0,0,1.000,1.000,1.000,-90.00,180.00,31.50,OPEN,0
669702.783,0,0,0,1.000,1.000,1.000,-90.00,180.00,31.50,OPEN,0
669702.788,0,0,0,1.000,1.000,1.000,-90.00,180.00,31.50,OPEN,0
669702.793,0,0,0,1.000,1.000,1.000,-90.00,180.00,31.50,OPEN,0
669702.799,0,0,0,1.000,1.000,1.000,-90.00,180.00,31.50,OPEN,0
669702.803,0,0,0,1.000,1.000,1.000,-90.00,180.00,31.50,OPEN,0
669702.807,0,0,0,1.000,1.000,1.000,-90.00,180.00,31.50,OPEN,0
669702.814,0,0,0,1.000,1.000,1.000,-90.00,180.00,31.50,OPEN,0
669702.818,0,0,0,1.000,1.000,1.000,-90.00,180.00,31.50,OPEN,0
669702.822,0,0,0,1.000,1.000,1.000,-90.00,180.00,31.50,OPEN,0
669702.827,0,0,0,1.000,1.000,1.000,-90.00,180.00,31.50,OPEN,0
669702.831,0,0,0,1.000,1.000,1.000,-90.00,180.00,31.50,OPEN,0
669702.835,0,0,0,1.000,1.000,1.000,-90.00,180.00,31.50,OPEN,0
669702.838,0,0,0,1.000,1.000,1.000,-90.00,180.00,31.50,OPEN,0
669702.843,0,0,0,1.000,1.000,1.000,-90.00,180.00,31.50,OPEN,0
669702.846,0,0,0,1.000,1.000,1.000,-90.00,180.00,31.50,OPEN,0
669702.851,0,0,0,1.000,1.000,1.000,-90.00,180.00,31.50,OPEN,0
669702.855,0,0,0,1.000,1.000,1.000,-90.00,180.00,31.50,OPEN,0
669702.860,0,0,0,1.000,1.000,1.000,-90.00,180.00,31.50,OPEN,0
669702.864,0,0,0,1.000,1.000,1.000,-90.00,180.00,31.50,OPEN,0
669702.868,0,0,0,1.000,1.000,1.000,-90.00,180.00,31.50,OPEN,0
669702.872,0,0,0,1.000,1.000,1.000,-90.00,180.00,31.50,OPEN,0
669702.877,0,0,0,1.000,1.000,1.000,-90.00,180.00,31.50,OPEN,0
669702.881,0,0,0,1.000,1.000,1.000,-90.00,180.00,31.50,OPEN,0
669702.885,0,0,0,1.000,1.000,1.000,-90.00,180.00,31.50,OPEN,0
669702.889,0,0,0,1.000,1.000,1.000,-90.00,180.00,31.50,OPEN,0
669702.893,0,0,0,1.000,1.000,1.000,-90.00,180.00,31.50,OPEN,0
669702.897,0,0,0,1.000,1.000,1.000,-90.00,180.00,31.50,OPEN,0
669702.901,0,0,0,1.000,1.000,1.000,-90.00,180.00,31.50,OPEN,0
669702.905,0,0,0,1.000,1.000,1.000,-90.00,180.00,31.50,OPEN,0
669702.909,0,0,0,1.000,1.000,1.000,-90.00,180.00,31.50,OPEN,0
669702.914,0,0,0,1.000,1.000,1.000,-90.00,180.00,31.50,OPEN,0
669702.918,0,0,0,1.000,1.000,1.000,-90.00,180.00,31.50,OPEN,0
669702.922,0,0,0,1.000,1.000,1.000,-90.00,180.00,31.50,OPEN,0
669702.926,0,0,0,1.000,1.000,1.000,-90.00,180.00,31.50,OPEN,0
669702.930,0,0,0,1.000,1.000,1.000,-90.00,180.00,31.50,OPEN,0
669702.934,0,0,0,1.000,1.000,1.000,-90.00,180.00,31.50,OPEN,0
669702.938,0,0,0,1.000,1.000,1.000,-90.00,180.00,31.50,OPEN,0
669702.942,0,0,0,1.000,1.000,1.000,-90.00,180.00,31.50,OPEN,0
669702.946,0,0,0,1.000,1.000,1.000,-90.00,180.00,31.50,OPEN,0
669702.951,0,0,0,1.000,1.000,1.000,-90.00,180.00,31.50,OPEN,0
669702.956,0,0,0,1.000,1.000,1.000,-90.00,180.00,31.50,OPEN,0
669702.961,0,0,0,1.000,1.000,1.000,-90.00,180.00,31.50,OPEN,0
669702.967,0,0,0,1.000,1.000,1.000,-90.00,180.00,31.50,OPEN,0
669702.971,0,0,0,1.000,1.000,1.000,-90.00,180.00,31.50,OPEN,0
669702.975,0,0,0,1.000,1.000,1.000,-90.00,180.00,31.50,OPEN,0
669702.980,0,0,0,1.000,1.000,1.000,-90.00,180.00,31.50,OPEN,0
669702.986,0,0,0,1.000,1.000,1.000,-90.00,180.00,31.50,OPEN,0
669702.989,0,0,0,1.000,1.000,1.000,-90.00,180.00,31.50,OPEN,0
669702.993,0,0,0,1.000,1.000,1.000,-90.00,180.00,31.50,OPEN,0
669702.997,0,0,0,1.000,1.000,1.000,-90.00,180.00,31.50,OPEN,0
669703.009,0,0,0,1.000,1.000,1.000,-90.00,180.00,31.50,OPEN,0
669703.013,0,0,0,1.000,1.000,1.000,-90.00,180.00,31.50,OPEN,0
669703.023,0,0,0,1.000,1.000,1.000,-90.00,180.00,31.50,OPEN,0
669703.028,0,0,0,1.000,1.000,1.000,-90.00,180.00,31.50,OPEN,0
669703.032,0,0,0,1.000,1.000,1.000,-90.00,180.00,31.50,OPEN,0
669703.036,0,0,0,1.000,1.000,1.000,-90.00,180.00,31.50,OPEN,0
669703.039,0,0,0,1.000,1.000,1.000,-90.00,180.00,31.50,OPEN,0
669703.046,0,0,0,1.000,1.000,1.000,-90.00,180.00,31.50,OPEN,0
669703.049,0,0,0,1.000,1.000,1.000,-90.00,180.00,31.50,OPEN,0
669703.053,0,0,0,1.000,1.000,1.000,-90.00,180.00,31.50,OPEN,0
669703.057,0,0,0,1.000,1.000,1.000,-90.00,180.00,31.50,OPEN,0
669703.061,0,0,0,1.000,1.000,1.000,-90.00,180.00,31.50,OPEN,0
669703.065,0,0,0,1.000,1.000,1.000,-90.00,180.00,31.50,OPEN,0
669703.069,0,0,0,1.000,1.000,1.000,-90.00,180.00,31.50,OPEN,0
669703.073,0,0,0,1.000,1.000,1.000,-90.00,180.00,31.50,OPEN,0
669703.079,0,0,0,1.000,1.000,1.000,-90.00,180.00,31.50,OPEN,0
669703.085,0,0,0,1.000,1.000,1.000,-90.00,180.00,31.50,OPEN,0
669703.090,0,0,0,1.000,1.000,1.000,-90.00,180.00,31.50,OPEN,0
669703.097,0,0,0,1.000,1.000,1.000,-90.00,180.00,31.50,OPEN,0
669703.102,0,0,0,1.000,1.000,1.000,-90.00,180.00,31.50,OPEN,0
669703.107,0,0,0,1.000,1.000,1.000,-90.00,180.00,31.50,OPEN,0
669703.111,0,0,0,1.000,1.000,1.000,-90.00,180.00,31.50,OPEN,0
669703.115,0,0,0,1.000,1.000,1.000,-90.00,180.00,31.50,OPEN,0
669703.119,0,0,0,1.000,1.000,1.000,-90.00,180.00,31.50,OPEN,0
669703.123,0,0,0,1.000,1.000,1.000,-90.00,180.00,31.50,OPEN,0
669703.127,0,0,0,1.000,1.000,1.000,-90.00,180.00,31.50,OPEN,0
669703.131,0,0,0,1.000,1.000,1.000,-90.00,180.00,31.50,OPEN,0
669703.135,0,0,0,1.000,1.000,1.000,-90.00,180.00,31.50,OPEN,0
669703.139,0,0,0,1.000,1.000,1.000,-90.00,180.00,31.50,OPEN,0
669703.143,0,0,0,1.000,1.000,1.000,-90.00,180.00,31.50,OPEN,0
669703.147,0,0,0,1.000,1.000,1.000,-90.00,180.00,31.50,OPEN,0
669703.152,0,0,0,1.000,1.000,1.000,-90.00,180.00,31.50,OPEN,0
669703.156,0,0,0,1.000,1.000,1.000,-90.00,180.00,31.50,OPEN,0
669703.161,0,0,0,1.000,1.000,1.000,-90.00,180.00,31.50,OPEN,0
669703.165,0,0,0,1.000,1.000,1.000,-90.00,180.00,31.50,OPEN,0
669703.170,0,0,0,1.000,1.000,1.000,-90.00,180.00,31.50,OPEN,0
669703.174,0,0,0,1.000,1.000,1.000,-90.00,180.00,31.50,OPEN,0
669703.179,0,0,0,1.000,1.000,1.000,-90.00,180.00,31.50,OPEN,0
669703.183,0,0,0,1.000,1.000,1.000,-90.00,180.00,31.50,OPEN,0
669703.188,0,0,0,1.000,1.000,1.000,-90.00,180.00,31.50,OPEN,0
669703.192,0,0,0,1.000,1.000,1.000,-90.00,180.00,31.50,OPEN,0
669703.195,0,0,0,1.000,1.000,1.000,-90.00,180.00,31.50,OPEN,0
669703.199,0,0,0,1.000,1.000,1.000,-90.00,180.00,31.50,OPEN,0
669703.202,0,0,0,1.000,1.000,1.000,-90.00,180.00,31.50,OPEN,0
669703.207,0,0,0,1.000,1.000,1.000,-90.00,180.00,31.50,OPEN,0
669703.211,0,0,0,1.000,1.000,1.000,-90.00,180.00,31.50,OPEN,0
669703.214,0,0,0,1.000,1.000,1.000,-90.00,180.00,31.50,OPEN,0
669703.218,0,0,0,1.000,1.000,1.000,-90.00,180.00,31.50,OPEN,0
669703.222,0,0,0,1.000,1.000,1.000,-90.00,180.00,31.50,OPEN,0
669703.226,0,0,0,1.000,1.000,1.000,-90.00,180.00,31.50,OPEN,0
669703.229,0,0,0,1.000,1.000,1.000,-90.00,180.00,31.50,OPEN,0
669703.236,0,0,0,1.000,1.000,1.000,-90.00,180.00,31.50,OPEN,0
669703.244,0,0,0,1.000,1.000,1.000,-90.00,180.00,31.50,OPEN,0
669703.250,0,0,0,1.000,1.000,1.000,-90.00,180.00,31.50,OPEN,0
669703.254,0,0,0,1.000,1.000,1.000,-90.00,180.00,31.50,OPEN,0
669703.258,0,0,0,1.000,1.000,1.000,-90.00,180.00,31.50,OPEN,0
669703.266,0,0,0,1.000,1.000,1.000,-90.00,180.00,31.50,OPEN,0
669703.270,0,0,0,1.000,1.000,1.000,-90.00,180.00,31.50,OPEN,0
669703.273,0,0,0,1.000,1.000,1.000,-90.00,180.00,31.50,OPEN,0
669703.277,0,0,0,1.000,1.000,1.000,-90.00,180.00,31.50,OPEN,0
669703.281,0,0,0,0.987,1.000,1.000,-90.00,180.00,31.50,OPEN,0
669703.287,0,0,0,0.483,1.000,1.000,-90.00,180.00,31.50,OPEN,0
669703.290,0,0,0,0.711,1.000,1.000,-90.00,180.00,31.50,OPEN,0
669703.294,0,0,0,0.684,1.000,1.000,-90.00,180.00,31.50,OPEN,0
669703.302,0,0,0,0.632,1.000,1.000,-90.00,180.00,31.50,OPEN,0
669703.306,0,0,0,0.503,1.000,1.000,-90.00,180.00,31.50,OPEN,0
669703.310,0,0,0,0.626,1.000,1.000,-90.00,180.00,31.50,OPEN,0
669703.318,0,0,0,0.630,1.000,1.000,-90.00,180.00,31.50,OPEN,0
669703.321,0,0,0,0.574,1.000,1.000,-90.00,180.00,31.50,OPEN,0
669703.325,0,0,0,0.575,1.000,1.000,-90.00,180.00,31.50,OPEN,0
669703.329,0,0,0,0.767,1.000,1.000,-90.00,180.00,31.50,OPEN,0
669703.332,0,0,0,0.916,1.000,1.000,-90.00,180.00,31.50,OPEN,0
669703.337,0,0,0,0.964,1.000,1.000,-90.00,180.00,31.50,OPEN,0
669703.340,0,0,0,0.986,1.000,1.000,-90.00,180.00,31.50,OPEN,0
669703.345,0,0,0,0.994,1.000,1.000,-90.00,180.00,31.50,OPEN,0
669703.350,0,0,0,0.997,1.000,1.000,-90.00,180.00,31.50,OPEN,0
669703.355,3,0,0,0.998,1.000,1.000,-90.00,180.00,31.50,CLOSED,0
669703.361,3,0,0,0.999,1.000,1.000,-90.00,180.00,31.50,CLOSED,0
669703.372,3,0,0,0.999,1.000,1.000,-90.00,180.00,31.50,CLOSED,0
669703.378,3,0,0,1.000,1.000,1.000,-90.00,180.00,31.50,CLOSED,0
669703.383,3,0,0,1.000,1.000,1.000,-90.00,180.00,31.50,CLOSED,0
669703.390,3,0,0,0.999,1.000,1.000,-90.00,180.00,31.50,CLOSED,0
669703.397,3,0,0,0.999,1.000,1.000,-90.00,180.00,31.50,CLOSED,0
669703.401,3,0,0,0.999,1.000,1.000,-90.00,180.00,31.50,CLOSED,0
669703.405,3,0,0,0.997,1.000,1.000,-90.00,180.00,31.50,CLOSED,0
669703.409,3,0,0,0.993,1.000,1.000,-90.00,180.00,31.50,CLOSED,0
669703.412,3,0,0,0.990,1.000,1.000,-90.00,180.00,31.50,CLOSED,0
669703.417,3,0,0,0.990,1.000,1.000,-90.00,180.00,31.50,CLOSED,0
669703.421,3,0,0,0.992,1.000,1.000,-90.00,180.00,31.50,CLOSED,0
669703.425,3,0,0,0.996,1.000,1.000,-90.00,180.00,31.50,CLOSED,0
669703.430,3,0,0,0.998,1.000,1.000,-90.00,180.00,31.50,CLOSED,0
669703.434,3,0,0,0.999,1.000,1.000,-90.00,180.00,31.50,CLOSED,0
669703.438,3,0,0,1.000,1.000,1.000,-90.00,180.00,31.50,CLOSED,0
669703.443,3,0,0,1.000,1.000,1.000,-90.00,180.00,31.50,CLOSED,0
669703.447,3,0,0,1.000,1.000,1.000,-90.00,180.00,31.50,CLOSED,0
669703.459,3,0,0,1.000,1.000,1.000,-90.00,180.00,31.50,CLOSED,0
669703.465,3,0,0,1.000,1.000,1.000,-90.00,180.00,31.50,CLOSED,0
669703.470,3,0,0,1.000,1.000,1.000,-90.00,180.00,31.50,CLOSED,0
669703.475,3,0,0,1.000,1.000,1.000,-90.00,180.00,31.50,CLOSED,0
669703.480,3,0,0,1.000,1.000,1.000,-90.00,180.00,31.50,CLOSED,0
669703.483,3,0,0,1.000,1.000,1.000,-90.00,180.00,31.50,CLOSED,0
669703.488,3,0,0,1.000,1.000,1.000,-90.00,180.00,31.50,CLOSED,0
669703.492,3,0,0,1.000,1.000,1.000,-90.00,180.00,31.50,CLOSED,0
669703.496,3,0,0,1.000,1.000,1.000,-90.00,180.00,31.50,CLOSED,0
669703.500,3,0,0,1.000,1.000,1.000,-90.00,180.00,31.50,CLOSED,0
669703.504,3,0,0,1.000,1.000,1.000,-90.00,180.00,31.50,CLOSED,0
669703.508,3,0,0,1.000,1.000,1.000,-90.00,180.00,31.50,CLOSED,0
669703.512,3,0,0,1.000,1.000,1.000,-90.00,180.00,31.50,CLOSED,0
669703.516,3,0,0,1.000,1.000,1.000,-90.00,180.00,31.50,CLOSED,0
669703.520,3,0,0,1.000,1.000,1.000,-90.00,180.00,31.50,CLOSED,0
669703.524,3,0,0,1.000,1.000,1.000,-90.00,180.00,31.50,CLOSED,0
669703.528,3,0,0,1.000,1.000,1.000,-90.00,180.00,31.50,CLOSED,0
669703.532,3,0,0,1.000,1.000,1.000,-90.00,180.00,31.50,CLOSED,0
669703.536,3,0,0,1.000,1.000,1.000,-90.00,180.00,31.50,CLOSED,0
669703.540,3,0,0,1.000,1.000,1.000,-90.00,180.00,31.50,CLOSED,0
669703.544,3,0,0,1.000,1.000,1.000,-90.00,180.00,31.50,CLOSED,0
669703.547,3,0,0,1.000,1.000,1.000,-90.00,180.00,31.50,CLOSED,0
669703.552,3,0,0,1.000,1.000,1.000,-90.00,180.00,31.50,CLOSED,0
669703.557,3,0,0,1.000,1.000,1.000,-90.00,180.00,31.50,CLOSED,0
669703.561,3,0,0,1.000,1.000,1.000,-90.00,180.00,31.50,CLOSED,0
669703.565,3,0,0,1.000,1.000,1.000,-90.00,180.00,31.50,CLOSED,0
669703.569,3,0,0,1.000,1.000,1.000,-90.00,180.00,31.50,CLOSED,0
669703.574,3,0,0,1.000,1.000,1.000,-90.00,180.00,31.50,CLOSED,0
669703.579,3,0,0,1.000,1.000,1.000,-90.00,180.00,31.50,CLOSED,0
669703.583,3,0,0,1.000,1.000,1.000,-90.00,180.00,31.50,CLOSED,0
669703.586,3,0,0,1.000,1.000,1.000,-90.00,180.00,31.50,CLOSED,0
669703.591,3,0,0,1.000,1.000,1.000,-90.00,180.00,31.50,CLOSED,0
669703.600,3,0,0,1.000,1.000,1.000,-90.00,180.00,31.50,CLOSED,0
669703.607,3,0,0,1.000,1.000,1.000,-90.00,180.00,31.50,CLOSED,0
669703.612,3,0,0,1.000,1.000,1.000,-90.00,180.00,31.50,CLOSED,0
669703.616,3,0,0,1.000,1.000,1.000,-90.00,180.00,31.50,CLOSED,0
669703.619,3,0,0,1.000,1.000,1.000,-90.00,180.00,31.50,CLOSED,0
669703.624,3,0,0,1.000,1.000,1.000,-90.00,180.00,31.50,CLOSED,0
669703.631,3,0,0,1.000,1.000,1.000,-90.00,180.00,31.50,CLOSED,0
669703.643,3,0,0,1.000,1.000,1.000,-90.00,180.00,31.50,CLOSED,0
669703.659,3,0,0,1.000,1.000,1.000,-90.00,180.00,31.50,CLOSED,0
669703.672,3,0,0,1.000,1.000,1.000,-90.00,180.00,31.50,CLOSED,0
669703.678,3,0,0,1.000,1.000,1.000,-90.00,180.00,31.50,CLOSED,0
669703.683,3,0,0,1.000,1.000,1.000,-90.00,180.00,31.50,CLOSED,0
669703.689,3,0,0,1.000,1.000,1.000,-90.00,180.00,31.50,CLOSED,0
669703.698,3,0,0,1.000,1.000,1.000,-90.00,180.00,31.50,CLOSED,0
669703.705,3,0,0,1.000,1.000,1.000,-90.00,180.00,31.50,CLOSED,0
669703.713,3,0,0,1.000,1.000,1.000,-90.00,180.00,31.50,CLOSED,0
669703.717,3,0,0,1.000,1.000,1.000,-90.00,180.00,31.50,CLOSED,0
669703.725,3,0,0,1.000,1.000,1.000,-90.00,180.00,31.50,CLOSED,0
669703.731,3,0,0,1.000,1.000,1.000,-90.00,180.00,31.50,CLOSED,0
669703.734,3,0,0,1.000,1.000,1.000,-90.00,180.00,31.50,CLOSED,0
669703.738,3,0,0,1.000,1.000,1.000,-90.00,180.00,31.50,CLOSED,0
669703.742,3,0,0,1.000,1.000,1.000,-90.00,180.00,31.50,CLOSED,0
669703.746,3,0,0,1.000,1.000,1.000,-90.00,180.00,31.50,CLOSED,0
669703.750,3,0,0,1.000,1.000,1.000,-90.00,180.00,31.50,CLOSED,0
669703.754,3,0,0,1.000,1.000,1.000,-90.00,180.00,31.50,CLOSED,0
669703.758,3,0,0,1.000,1.000,1.000,-90.00,180.00,31.50,CLOSED,0
669703.761,3,0,0,1.000,1.000,1.000,-90.00,180.00,31.50,CLOSED,0
669703.766,3,0,0,1.000,1.000,1.000,-90.00,180.00,31.50,CLOSED,0
669703.770,3,0,0,1.000,1.000,1.000,-90.00,180.00,31.50,CLOSED,0
669703.774,3,0,0,1.000,1.000,1.000,-90.00,180.00,31.50,CLOSED,0
669703.777,3,0,0,1.000,1.000,1.000,-90.00,180.00,31.50,CLOSED,0
669703.781,3,0,0,1.000,1.000,1.000,-90.00,180.00,31.50,CLOSED,0
669703.785,3,0,0,1.000,1.000,1.000,-90.00,180.00,31.50,CLOSED,0
669703.789,3,0,0,1.000,1.000,1.000,-90.00,180.00,31.50,CLOSED,0
669703.793,3,0,0,1.000,1.000,1.000,-90.00,180.00,31.50,CLOSED,0
669703.797,3,0,0,1.000,1.000,1.000,-90.00,180.00,31.50,CLOSED,0
669703.801,3,0,0,1.000,1.000,1.000,-90.00,180.00,31.50,CLOSED,0
669703.805,3,0,0,1.000,1.000,1.000,-90.00,180.00,31.50,CLOSED,0
669703.809,3,0,0,1.000,1.000,1.000,-90.00,180.00,31.50,CLOSED,0
669703.813,3,0,0,1.000,1.000,1.000,-90.00,180.00,31.50,CLOSED,0
669703.816,3,0,0,1.000,1.000,1.000,-90.00,180.00,31.50,CLOSED,0
669703.822,3,0,0,1.000,1.000,1.000,-90.00,180.00,31.50,CLOSED,0
669703.826,3,0,0,1.000,1.000,1.000,-90.00,180.00,31.50,CLOSED,0
669703.830,3,0,0,1.000,1.000,1.000,-90.00,180.00,31.50,CLOSED,0
669703.834,3,0,0,1.000,1.000,1.000,-90.00,180.00,31.50,CLOSED,0
669703.838,3,0,0,1.000,1.000,1.000,-90.00,180.00,31.50,CLOSED,0
669703.843,3,0,0,1.000,1.000,1.000,-90.00,180.00,31.50,CLOSED,0
669703.848,3,0,0,1.000,1.000,1.000,-90.00,180.00,31.50,CLOSED,0
669703.852,3,0,0,1.000,1.000,1.000,-90.00,180.00,31.50,CLOSED,0
669703.857,3,0,0,1.000,1.000,1.000,-90.00,180.00,31.50,CLOSED,0
669703.861,3,0,0,1.000,1.000,1.000,-90.00,180.00,31.50,CLOSED,0
669703.865,3,0,0,1.000,1.000,1.000,-90.00,180.00,31.50,CLOSED,0
669703.869,3,0,0,1.000,1.000,1.000,-90.00,180.00,31.50,CLOSED,0
669703.873,3,0,0,1.000,1.000,1.000,-90.00,180.00,31.50,CLOSED,0
669703.877,3,0,0,1.000,1.000,1.000,-90.00,180.00,31.50,CLOSED,0
669703.881,3,0,0,1.000,1.000,1.000,-90.00,180.00,31.50,CLOSED,0
669703.885,3,0,0,1.000,1.000,1.000,-90.00,180.00,31.50,CLOSED,0
669703.890,3,0,0,1.000,1.000,1.000,-90.00,180.00,31.50,CLOSED,0
669703.894,3,0,0,1.000,1.000,1.000,-90.00,180.00,31.50,CLOSED,0
669703.897,3,0,0,1.000,1.000,1.000,-90.00,180.00,31.50,CLOSED,0
669703.901,3,0,0,1.000,1.000,1.000,-90.00,180.00,31.50,CLOSED,0
669703.908,3,0,0,1.000,1.000,1.000,-90.00,180.00,31.50,CLOSED,0
669703.912,3,0,0,1.000,1.000,1.000,-90.00,180.00,31.50,CLOSED,0
669703.916,3,0,0,1.000,1.000,1.000,-90.00,180.00,31.50,CLOSED,0
669703.921,3,0,0,1.000,1.000,1.000,-90.00,180.00,31.50,CLOSED,0
669703.928,3,0,0,1.000,1.000,1.000,-90.00,180.00,31.50,CLOSED,0
669703.932,3,0,0,0.999,1.000,1.000,-90.00,180.00,31.50,CLOSED,0
669703.937,3,0,0,0.998,1.000,1.000,-90.00,180.00,31.50,CLOSED,0
669703.942,3,0,0,0.995,1.000,1.000,-90.00,180.00,31.50,CLOSED,0
669703.947,3,0,0,0.978,1.000,1.000,-90.00,180.00,31.50,CLOSED,0
669703.952,3,0,0,0.936,1.000,1.000,-90.00,180.00,31.50,CLOSED,0
669703.956,3,0,0,0.824,1.000,1.000,-90.00,180.00,31.50,CLOSED,0
669703.960,3,0,0,0.625,1.000,1.000,-90.00,180.00,31.50,CLOSED,0
669703.964,3,0,0,0.941,1.000,1.000,-90.00,180.00,31.50,CLOSED,0
669703.969,3,0,0,1.000,1.000,1.000,-90.00,180.00,31.50,CLOSED,0
669703.972,3,0,0,1.000,1.000,1.000,-90.00,180.00,31.50,CLOSED,0
669703.976,3,0,0,1.000,1.000,1.000,-90.00,180.00,31.50,CLOSED,0
669703.985,3,0,0,1.000,1.000,1.000,-90.00,180.00,31.50,CLOSED,0
669703.993,3,0,0,1.000,1.000,1.000,-90.00,180.00,31.50,CLOSED,0
669704.001,3,0,0,1.000,1.000,1.000,-90.00,180.00,31.50,CLOSED,0
669704.008,0,0,0,1.000,1.000,1.000,-90.00,180.00,31.50,CLOSED,0
669704.017,0,0,0,1.000,1.000,1.000,-90.00,180.00,31.50,CLOSED,0
669704.023,0,0,0,1.000,1.000,1.000,-90.00,180.00,31.50,CLOSED,0
669704.028,0,0,0,1.000,1.000,1.000,-90.00,180.00,31.50,CLOSED,0
669704.038,0,0,0,1.000,1.000,1.000,-90.00,180.00,31.50,CLOSED,0
669704.046,0,0,0,1.000,1.000,1.000,-90.00,180.00,31.50,CLOSED,0
669704.050,0,0,0,1.000,1.000,1.000,-90.00,180.00,31.50,CLOSED,0
669704.055,0,0,0,1.000,1.000,1.000,-90.00,180.00,31.50,CLOSED,0
669704.060,0,0,0,1.000,1.000,1.000,-90.00,180.00,31.50,CLOSED,0
669704.063,0,0,0,1.000,1.000,1.000,-90.00,180.00,31.50,CLOSED,0
669704.068,0,0,0,1.000,1.000,1.000,-90.00,180.00,31.50,CLOSED,0
669704.072,0,0,0,1.000,1.000,1.000,-90.00,180.00,31.50,CLOSED,0
669704.075,0,0,0,1.000,1.000,1.000,-90.00,180.00,31.50,CLOSED,0
669704.080,0,0,0,1.000,1.000,1.000,-90.00,180.00,31.50,CLOSED,0
669704.084,0,0,0,1.000,1.000,1.000,-90.00,180.00,31.50,CLOSED,0
669704.088,0,0,0,1.000,1.000,1.000,-90.00,180.00,31.50,CLOSED,0
669704.093,0,0,0,1.000,1.000,1.000,-90.00,180.00,31.50,CLOSED,0
669704.102,0,0,0,1.000,1.000,1.000,-90.00,180.00,31.50,CLOSED,0
669704.112,0,0,0,1.000,1.000,1.000,-90.00,180.00,31.50,CLOSED,0
669704.120,0,0,0,1.000,1.000,1.000,-90.00,180.00,31.50,CLOSED,0
669704.124,0,0,0,1.000,1.000,1.000,-90.00,180.00,31.50,CLOSED,0
669704.129,0,0,0,1.000,1.000,1.000,-90.00,180.00,31.50,CLOSED,0
669704.133,0,0,0,1.000,1.000,1.000,-90.00,180.00,31.50,CLOSED,0
669704.137,0,0,0,1.000,1.000,1.000,-90.00,180.00,31.50,CLOSED,0
669704.146,0,0,0,1.000,1.000,1.000,-90.00,180.00,31.50,CLOSED,0
669704.150,0,0,0,1.000,1.000,1.000,-90.00,180.00,31.50,CLOSED,0
669704.155,0,0,0,1.000,1.000,1.000,-90.00,180.00,31.50,CLOSED,0
669704.159,0,0,0,1.000,1.000,1.000,-90.00,180.00,31.50,CLOSED,0
669704.163,0,0,0,1.000,1.000,1.000,-90.00,180.00,31.50,CLOSED,0
669704.167,0,0,0,1.000,1.000,1.000,-90.00,180.00,31.50,CLOSED,0
669704.175,0,0,0,1.000,1.000,1.000,-90.00,180.00,31.50,CLOSED,0
669704.179,0,0,0,1.000,1.000,1.000,-90.00,180.00,31.50,CLOSED,0
669704.184,0,0,0,1.000,1.000,1.000,-90.00,180.00,31.50,CLOSED,0
669704.187,0,0,0,1.000,1.000,1.000,-90.00,180.00,31.50,CLOSED,0
669704.191,0,0,0,1.000,1.000,1.000,-90.00,180.00,31.50,CLOSED,0
669704.195,0,0,0,1.000,1.000,1.000,-90.00,180.00,31.50,CLOSED,0
669704.199,0,0,0,1.000,1.000,1.000,-90.00,180.00,31.50,CLOSED,0
669704.203,0,0,0,1.000,1.000,1.000,-90.00,180.00,31.50,CLOSED,0
669704.207,0,0,0,1.000,1.000,1.000,-90.00,180.00,31.50,CLOSED,0
669704.212,0,0,0,1.000,1.000,1.000,-90.00,180.00,31.50,CLOSED,0
669704.221,0,0,0,1.000,1.000,1.000,-90.00,180.00,31.50,CLOSED,0
669704.226,0,0,0,1.000,1.000,1.000,-90.00,180.00,31.50,CLOSED,0
669704.232,0,0,0,1.000,1.000,1.000,-90.00,180.00,31.50,CLOSED,0
669704.237,0,0,0,1.000,1.000,1.000,-90.00,180.00,31.50,CLOSED,0
669704.242,0,0,0,1.000,1.000,1.000,-90.00,180.00,31.50,CLOSED,0
669704.247,0,0,0,1.000,1.000,1.000,-90.00,180.00,31.50,CLOSED,0
669704.252,0,0,0,1.000,1.000,1.000,-90.00,180.00,31.50,CLOSED,0
669704.260,0,0,0,1.000,1.000,1.000,-90.00,180.00,31.50,CLOSED,0
669704.265,0,0,0,1.000,1.000,1.000,-90.00,180.00,31.50,CLOSED,0
669704.269,0,0,0,1.000,1.000,1.000,-90.00,180.00,31.50,CLOSED,0
669704.274,0,0,0,1.000,1.000,1.000,-90.00,180.00,31.50,CLOSED,0
669704.277,0,0,0,1.000,1.000,1.000,-90.00,180.00,31.50,CLOSED,0
669704.288,0,0,0,1.000,1.000,1.000,-90.00,180.00,31.50,CLOSED,0
669704.292,0,0,0,1.000,1.000,1.000,-90.00,180.00,31.50,CLOSED,0
669704.297,0,0,0,1.000,1.000,1.000,-90.00,180.00,31.50,CLOSED,0
669704.301,0,0,0,1.000,1.000,1.000,-90.00,180.00,31.50,CLOSED,0
669704.305,0,0,0,1.000,1.000,1.000,-90.00,180.00,31.50,CLOSED,0
669704.309,0,0,0,1.000,1.000,1.000,-90.00,180.00,31.50,CLOSED,0
669704.313,0,0,0,1.000,1.000,1.000,-90.00,180.00,31.50,CLOSED,0
669704.317,0,0,0,1.000,1.000,1.000,-90.00,180.00,31.50,CLOSED,0
669704.321,0,0,0,1.000,1.000,1.000,-90.00,180.00,31.50,CLOSED,0
669704.326,0,0,0,1.000,1.000,1.000,-90.00,180.00,31.50,CLOSED,0
669704.330,0,0,0,1.000,1.000,1.000,-90.00,180.00,31.50,CLOSED,0
669704.338,0,0,0,1.000,1.000,1.000,-90.00,180.00,31.50,CLOSED,0
669704.342,0,0,0,1.000,1.000,1.000,-90.00,180.00,31.50,CLOSED,0
669704.346,0,0,0,1.000,1.000,1.000,-90.00,180.00,31.50,CLOSED,0
669704.360,0,0,0,1.000,1.000,1.000,-90.00,180.00,31.50,CLOSED,0
669704.377,0,0,0,1.000,1.000,1.000,-90.00,180.00,31.50,CLOSED,0
669704.393,0,0,0,1.000,1.000,1.000,-90.00,180.00,31.50,CLOSED,0
669704.407,0,0,0,1.000,1.000,1.000,-90.00,180.00,31.50,CLOSED,0
669704.417,0,0,0,1.000,1.000,1.000,-90.00,180.00,31.50,CLOSED,0
669704.426,0,0,0,1.000,1.000,1.000,-90.00,180.00,31.50,CLOSED,0
669704.435,0,0,0,1.000,1.000,1.000,-90.00,180.00,31.50,CLOSED,0
669704.443,0,0,0,1.000,1.000,1.000,-90.00,180.00,31.50,CLOSED,0
669704.452,0,0,0,1.000,1.000,1.000,-90.00,180.00,31.50,CLOSED,0
669704.459,0,0,0,1.000,1.000,1.000,-90.00,180.00,31.50,CLOSED,0
669704.464,0,0,0,1.000,1.000,1.000,-90.00,180.00,31.50,CLOSED,0
669704.468,0,0,0,1.000,1.000,1.000,-90.00,180.00,31.50,CLOSED,0
669704.472,0,0,0,1.000,1.000,1.000,-90.00,180.00,31.50,CLOSED,0
669704.477,0,0,0,1.000,1.000,1.000,-90.00,180.00,31.50,CLOSED,0
669704.481,0,0,0,1.000,1.000,1.000,-90.00,180.00,31.50,CLOSED,0
669704.487,0,0,0,1.000,1.000,1.000,-90.00,180.00,31.50,CLOSED,0
669704.490,0,0,0,1.000,1.000,1.000,-90.00,180.00,31.50,CLOSED,0
669704.494,0,0,0,1.000,1.000,1.000,-90.00,180.00,31.50,CLOSED,0
669704.498,0,0,0,1.000,1.000,1.000,-90.00,180.00,31.50,CLOSED,0
669704.502,0,0,0,1.000,1.000,1.000,-90.00,180.00,31.50,CLOSED,0
669704.512,0,0,0,1.000,1.000,1.000,-90.00,180.00,31.50,CLOSED,0
669704.517,0,0,0,1.000,1.000,1.000,-90.00,180.00,31.50,CLOSED,0
669704.521,0,0,0,1.000,1.000,1.000,-90.00,180.00,31.50,CLOSED,0
669704.525,0,0,0,1.000,1.000,1.000,-90.00,180.00,31.50,CLOSED,0
669704.529,0,0,0,1.000,1.000,1.000,-90.00,180.00,31.50,CLOSED,0
669704.533,0,0,0,1.000,1.000,1.000,-90.00,180.00,31.50,CLOSED,0
669704.536,0,0,0,1.000,1.000,1.000,-90.00,180.00,31.50,CLOSED,0
669704.540,0,0,0,1.000,1.000,1.000,-90.00,180.00,31.50,CLOSED,0
669704.543,0,0,0,1.000,1.000,1.000,-90.00,180.00,31.50,CLOSED,0
669704.548,0,0,0,1.000,1.000,1.000,-90.00,180.00,31.50,CLOSED,0
669704.551,0,0,0,1.000,1.000,1.000,-90.00,180.00,31.50,CLOSED,0
669704.555,0,0,0,1.000,1.000,1.000,-90.00,180.00,31.50,CLOSED,0
669704.558,0,0,0,1.000,1.000,1.000,-90.00,180.00,31.50,CLOSED,0
669704.562,0,0,0,1.000,1.000,1.000,-90.00,180.00,31.50,CLOSED,0
669704.567,0,0,0,1.000,1.000,1.000,-90.00,180.00,31.50,CLOSED,0
669704.573,0,0,0,1.000,1.000,1.000,-90.00,180.00,31.50,CLOSED,0
669704.581,0,0,0,1.000,1.000,1.000,-90.00,180.00,31.50,CLOSED,0
669704.587,0,0,0,1.000,1.000,1.000,-90.00,180.00,31.50,CLOSED,0
669704.594,0,0,0,1.000,1.000,1.000,-90.00,180.00,31.50,CLOSED,0
669704.600,0,0,0,1.000,1.000,1.000,-90.00,180.00,31.50,CLOSED,0
669704.606,0,0,0,1.000,1.000,1.000,-90.00,180.00,31.50,CLOSED,0
669704.612,0,0,0,1.000,1.000,1.000,-90.00,180.00,31.50,CLOSED,0
669704.616,0,0,0,1.000,1.000,1.000,-90.00,180.00,31.50,CLOSED,0
669704.620,0,0,0,1.000,1.000,1.000,-90.00,180.00,31.50,CLOSED,0
669704.625,0,0,0,1.000,1.000,1.000,-90.00,180.00,31.50,CLOSED,0
669704.630,0,0,0,1.000,1.000,1.000,-90.00,180.00,31.50,CLOSED,0
669704.634,0,0,0,1.000,1.000,1.000,-90.00,180.00,31.50,CLOSED,0
669704.640,0,0,0,1.000,1.000,1.000,-90.00,180.00,31.50,CLOSED,0
669704.646,0,0,0,1.000,1.000,1.000,-90.00,180.00,31.50,CLOSED,0
669704.649,0,0,0,1.000,1.000,1.000,-90.00,180.00,31.50,CLOSED,0
669704.653,0,0,0,1.000,1.000,1.000,-90.00,180.00,31.50,CLOSED,0
669704.658,0,0,0,1.000,1.000,1.000,-90.00,180.00,31.50,CLOSED,0
669704.666,0,0,0,1.000,1.000,1.000,-90.00,180.00,31.50,CLOSED,0
669704.674,0,0,0,1.000,1.000,1.000,-90.00,180.00,31.50,CLOSED,0
669704.682,0,0,0,1.000,1.000,1.000,-90.00,180.00,31.50,CLOSED,0
669704.689,0,0,0,1.000,1.000,1.000,-90.00,180.00,31.50,CLOSED,0
669704.693,0,0,0,1.000,1.000,1.000,-90.00,180.00,31.50,CLOSED,0
669704.696,0,0,0,1.000,1.000,1.000,-90.00,180.00,31.50,CLOSED,0
669704.700,0,0,0,1.000,1.000,1.000,-90.00,180.00,31.50,CLOSED,0
669704.705,0,0,0,1.000,1.000,1.000,-90.00,180.00,31.50,CLOSED,0
669704.709,0,0,0,1.000,1.000,1.000,-90.00,180.00,31.50,CLOSED,0
669704.713,0,0,0,1.000,1.000,1.000,-90.00,180.00,31.50,CLOSED,0
669704.717,0,0,0,1.000,1.000,1.000,-90.00,180.00,31.50,CLOSED,0
669704.721,0,0,0,1.000,1.000,1.000,-90.00,180.00,31.50,CLOSED,0
669704.727,0,0,0,1.000,1.000,1.000,-90.00,180.00,31.50,CLOSED,0
669704.732,0,0,0,1.000,1.000,1.000,-90.00,180.00,31.50,CLOSED,0
669704.737,0,0,0,1.000,1.000,1.000,-90.00,180.00,31.50,CLOSED,0
669704.743,0,0,0,1.000,1.000,1.000,-90.00,180.00,31.50,CLOSED,0
669704.748,0,0,0,1.000,1.000,1.000,-90.00,180.00,31.50,CLOSED,0
669704.753,0,0,0,1.000,1.000,1.000,-90.00,180.00,31.50,CLOSED,0
669704.758,0,0,0,1.000,1.000,1.000,-90.00,180.00,31.50,CLOSED,0
669704.762,0,0,0,1.000,1.000,1.000,-90.00,180.00,31.50,CLOSED,0
669704.767,0,0,0,1.000,1.000,1.000,-90.00,180.00,31.50,CLOSED,0
669704.771,0,0,0,1.000,1.000,1.000,-90.00,180.00,31.50,CLOSED,0
669704.775,0,0,0,1.000,1.000,1.000,-90.00,180.00,31.50,CLOSED,0
669704.778,0,0,0,1.000,1.000,1.000,-90.00,180.00,31.50,CLOSED,0
669704.783,0,0,0,1.000,1.000,1.000,-90.00,180.00,31.50,CLOSED,0
669704.786,0,0,0,1.000,1.000,1.000,-90.00,180.00,31.50,CLOSED,0
669704.794,0,0,0,1.000,1.000,1.000,-90.00,180.00,31.50,CLOSED,0
669704.808,0,0,0,1.000,1.000,1.000,-90.00,180.00,31.50,CLOSED,0
669704.819,0,0,0,1.000,1.000,1.000,-90.00,180.00,31.50,CLOSED,0
669704.834,0,0,0,1.000,1.000,1.000,-90.00,180.00,31.50,CLOSED,0
669704.846,0,0,0,1.000,1.000,1.000,-90.00,180.00,31.50,CLOSED,0
669704.862,0,0,0,1.000,1.000,1.000,-90.00,180.00,31.50,CLOSED,0
669704.870,0,0,0,1.000,1.000,1.000,-90.00,180.00,31.50,CLOSED,0
669704.878,0,0,0,1.000,1.000,1.000,-90.00,180.00,31.50,CLOSED,0
669704.886,0,0,0,1.000,1.000,1.000,-90.00,180.00,31.50,CLOSED,0
669704.894,0,0,0,1.000,1.000,1.000,-90.00,180.00,31.50,CLOSED,0
669704.901,0,0,0,1.000,1.000,1.000,-90.00,180.00,31.50,CLOSED,0
669704.905,0,0,0,1.000,1.000,1.000,-90.00,180.00,31.50,CLOSED,0
669704.909,0,0,0,1.000,1.000,1.000,-90.00,180.00,31.50,CLOSED,0
669704.915,0,0,0,1.000,1.000,1.000,-90.00,180.00,31.50,CLOSED,0
669704.922,0,0,0,1.000,1.000,1.000,-90.00,180.00,31.50,CLOSED,0
669704.929,0,0,0,1.000,1.000,1.000,-90.00,180.00,31.50,CLOSED,0
669704.939,0,0,0,1.000,1.000,1.000,-90.00,180.00,31.50,CLOSED,0
669704.944,0,0,0,1.000,1.000,1.000,-90.00,180.00,31.50,CLOSED,0
669704.949,0,0,0,1.000,1.000,1.000,-90.00,180.00,31.50,CLOSED,0
669704.955,0,0,0,1.000,1.000,1.000,-90.00,180.00,31.50,CLOSED,0
669704.959,0,0,0,1.000,1.000,1.000,-90.00,180.00,31.50,CLOSED,0
669704.964,0,0,0,1.000,1.000,1.000,-90.00,180.00,31.50,CLOSED,0
669704.968,0,0,0,1.000,1.000,1.000,-90.00,180.00,31.50,CLOSED,0
669704.972,0,0,0,1.000,1.000,1.000,-90.00,180.00,31.50,CLOSED,0
669704.976,0,0,0,1.000,1.000,1.000,-90.00,180.00,31.50,CLOSED,0
669704.980,0,0,0,1.000,1.000,1.000,-90.00,180.00,31.50,CLOSED,0
669704.983,0,0,0,1.000,1.000,1.000,-90.00,180.00,31.50,CLOSED,0
669704.987,0,0,0,1.000,1.000,1.000,-90.00,180.00,31.50,CLOSED,0
669704.993,0,0,0,1.000,1.000,1.000,-90.00,180.00,31.50,CLOSED,0
669704.997,0,0,0,1.000,1.000,1.000,-90.00,180.00,31.50,CLOSED,0
669705.003,0,0,0,1.000,1.000,1.000,-90.00,180.00,31.50,CLOSED,0
669705.007,0,0,0,1.000,1.000,1.000,-90.00,180.00,31.50,CLOSED,0
669705.015,0,0,0,1.000,1.000,1.000,-90.00,180.00,31.50,CLOSED,0
669705.019,0,0,0,1.000,1.000,1.000,-90.00,180.00,31.50,CLOSED,0
669705.023,0,0,0,1.000,1.000,1.000,-90.00,180.00,31.50,CLOSED,0
669705.027,0,0,0,1.000,1.000,1.000,-90.00,180.00,31.50,CLOSED,0
669705.033,0,0,0,1.000,1.000,1.000,-90.00,180.00,31.50,CLOSED,0
669705.037,0,0,0,1.000,1.000,1.000,-90.00,180.00,31.50,CLOSED,0
669705.042,0,0,0,1.000,1.000,1.000,-90.00,180.00,31.50,CLOSED,0
669705.049,0,0,0,1.000,1.000,1.000,-90.00,180.00,31.50,CLOSED,0
669705.053,0,0,0,1.000,1.000,1.000,-90.00,180.00,31.50,CLOSED,0
669705.060,0,0,0,1.000,1.000,1.000,-90.00,180.00,31.50,CLOSED,0
669705.065,0,0,0,1.000,1.000,1.000,-90.00,180.00,31.50,CLOSED,0
669705.070,0,0,0,1.000,1.000,1.000,-90.00,180.00,31.50,CLOSED,0
669705.074,0,0,0,1.000,1.000,1.000,-90.00,180.00,31.50,CLOSED,0
669705.078,0,0,0,1.000,1.000,1.000,-90.00,180.00,31.50,CLOSED,0
669705.083,0,0,0,1.000,1.000,1.000,-90.00,180.00,31.50,CLOSED,0
669705.087,0,0,0,1.000,1.000,1.000,-90.00,180.00,31.50,CLOSED,0
669705.092,0,0,0,1.000,1.000,1.000,-90.00,180.00,31.50,CLOSED,0
669705.096,0,0,0,1.000,1.000,1.000,-90.00,180.00,31.50,CLOSED,0
669705.100,0,0,0,1.000,1.000,1.000,-90.00,180.00,31.50,CLOSED,0
669705.103,0,0,0,1.000,1.000,1.000,-90.00,180.00,31.50,CLOSED,0
669705.108,0,0,0,1.000,1.000,1.000,-90.00,180.00,31.50,CLOSED,0
669705.112,0,0,0,1.000,1.000,1.000,-90.00,180.00,31.50,CLOSED,0
669705.116,0,0,0,1.000,1.000,1.000,-90.00,180.00,31.50,CLOSED,0
669705.120,0,0,0,1.000,1.000,1.000,-90.00,180.00,31.50,CLOSED,0
669705.124,0,0,0,1.000,1.000,1.000,-90.00,180.00,31.50,CLOSED,0
669705.128,0,0,0,1.000,1.000,1.000,-90.00,180.00,31.50,CLOSED,0
669705.132,0,0,0,1.000,1.000,1.000,-90.00,180.00,31.50,CLOSED,0
669705.136,0,0,0,1.000,1.000,1.000,-90.00,180.00,31.50,CLOSED,0
669705.139,0,0,0,1.000,1.000,1.000,-90.00,180.00,31.50,CLOSED,0
669705.143,0,0,0,1.000,1.000,1.000,-90.00,180.00,31.50,CLOSED,0
669705.148,0,0,0,1.000,1.000,1.000,-90.00,180.00,31.50,CLOSED,0
669705.153,0,0,0,1.000,1.000,1.000,-90.00,180.00,31.50,CLOSED,0
669705.158,0,0,0,1.000,1.000,1.000,-90.00,180.00,31.50,CLOSED,0
669705.163,0,0,0,1.000,1.000,1.000,-90.00,180.00,31.50,CLOSED,0
669705.167,0,0,0,1.000,1.000,1.000,-90.00,180.00,31.50,CLOSED,0
669705.173,0,0,0,1.000,1.000,1.000,-90.00,180.00,31.50,CLOSED,0
669705.177,0,0,0,1.000,1.000,1.000,-90.00,180.00,31.50,CLOSED,0
669705.181,0,0,0,1.000,1.000,1.000,-90.00,180.00,31.50,CLOSED,0
669705.184,0,0,0,1.000,1.000,1.000,-90.00,180.00,31.50,CLOSED,0
669705.188,0,0,0,1.000,1.000,1.000,-90.00,180.00,31.50,CLOSED,0
669705.192,0,0,0,1.000,1.000,1.000,-90.00,180.00,31.50,CLOSED,0
669705.196,0,0,0,1.000,1.000,1.000,-90.00,180.00,31.50,CLOSED,0
669705.200,0,0,0,1.000,1.000,1.000,-90.00,180.00,31.50,CLOSED,0
669705.206,0,0,0,1.000,1.000,1.000,-90.00,180.00,31.50,CLOSED,0
669705.211,0,0,0,1.000,1.000,1.000,-90.00,180.00,31.50,CLOSED,0
669705.214,0,0,0,1.000,1.000,1.000,-90.00,180.00,31.50,CLOSED,0
669705.218,0,0,0,1.000,1.000,1.000,-90.00,180.00,31.50,CLOSED,0
669705.222,0,0,0,1.000,1.000,1.000,-90.00,180.00,31.50,CLOSED,0
669705.230,0,0,0,1.000,1.000,1.000,-90.00,180.00,31.50,CLOSED,0
669705.239,0,0,0,1.000,1.000,1.000,-90.00,180.00,31.50,CLOSED,0
669705.246,0,0,0,1.000,1.000,1.000,-90.00,180.00,31.50,CLOSED,0
669705.251,0,0,0,1.000,1.000,1.000,-90.00,180.00,31.50,CLOSED,0
669705.255,0,0,0,1.000,1.000,1.000,-90.00,180.00,31.50,CLOSED,0
669705.259,0,0,0,1.000,1.000,1.000,-90.00,180.00,31.50,CLOSED,0
669705.264,0,0,0,1.000,1.000,1.000,-90.00,180.00,31.50,CLOSED,0
669705.269,0,0,0,1.000,1.000,1.000,-90.00,180.00,31.50,CLOSED,0
669705.274,0,0,0,1.000,1.000,1.000,-90.00,180.00,31.50,CLOSED,0
669705.278,0,0,0,1.000,1.000,1.000,-90.00,180.00,31.50,CLOSED,0
669705.284,0,0,0,1.000,1.000,1.000,-90.00,180.00,31.50,CLOSED,0
669705.288,0,0,0,1.000,1.000,1.000,-90.00,180.00,31.50,CLOSED,0
669705.292,0,0,0,1.000,1.000,1.000,-90.00,180.00,31.50,CLOSED,0
669705.295,0,0,0,1.000,1.000,1.000,-90.00,180.00,31.50,CLOSED,0
669705.300,0,0,0,1.000,1.000,1.000,-90.00,180.00,31.50,CLOSED,0
669705.303,0,0,0,1.000,1.000,1.000,-90.00,180.00,31.50,CLOSED,0
669705.307,0,0,0,1.000,1.000,1.000,-90.00,180.00,31.50,CLOSED,0
669705.312,0,0,0,1.000,1.000,1.000,-90.00,180.00,31.50,CLOSED,0
669705.316,0,0,0,1.000,1.000,1.000,-90.00,180.00,31.50,CLOSED,0
669705.321,0,0,0,1.000,1.000,1.000,-90.00,180.00,31.50,CLOSED,0
669705.324,0,0,0,1.000,1.000,1.000,-90.00,180.00,31.50,CLOSED,0
669705.330,0,0,0,1.000,1.000,1.000,-90.00,180.00,31.50,CLOSED,0
669705.333,0,0,0,1.000,1.000,1.000,-90.00,180.00,31.50,CLOSED,0
669705.337,0,0,0,1.000,1.000,1.000,-90.00,180.00,31.50,CLOSED,0
669705.341,0,0,0,1.000,1.000,1.000,-90.00,180.00,31.50,CLOSED,0
669705.346,0,0,0,1.000,1.000,1.000,-90.00,180.00,31.50,CLOSED,0
669705.350,0,0,0,1.000,1.000,1.000,-90.00,180.00,31.50,CLOSED,0
669705.356,0,0,0,1.000,1.000,1.000,-90.00,180.00,31.50,CLOSED,0
669705.360,0,0,0,1.000,1.000,1.000,-90.00,180.00,31.50,CLOSED,0
669705.364,0,0,0,1.000,1.000,1.000,-90.00,180.00,31.50,CLOSED,0
669705.368,0,0,0,1.000,1.000,1.000,-90.00,180.00,31.50,CLOSED,0
669705.372,0,0,0,1.000,1.000,1.000,-90.00,180.00,31.50,CLOSED,0
669705.380,0,0,0,1.000,1.000,1.000,-90.00,180.00,31.50,CLOSED,0
669705.383,0,0,0,1.000,1.000,1.000,-90.00,180.00,31.50,CLOSED,0
669705.390,0,0,0,1.000,1.000,1.000,-90.00,180.00,31.50,CLOSED,0
669705.400,0,0,0,1.000,1.000,1.000,-90.00,180.00,31.50,CLOSED,0
669705.406,0,0,0,1.000,1.000,1.000,-90.00,180.00,31.50,CLOSED,0
669705.410,0,0,0,1.000,1.000,1.000,-90.00,180.00,31.50,CLOSED,0
669705.415,0,0,0,1.000,1.000,1.000,-90.00,180.00,31.50,CLOSED,0
669705.423,0,0,0,1.000,1.000,1.000,-90.00,180.00,31.50,CLOSED,0
669705.427,0,0,0,1.000,1.000,1.000,-90.00,180.00,31.50,CLOSED,0
669705.431,0,0,0,1.000,1.000,1.000,-90.00,180.00,31.50,CLOSED,0
669705.436,0,0,0,1.000,1.000,1.000,-90.00,180.00,31.50,CLOSED,0
669705.439,0,0,0,1.000,1.000,1.000,-90.00,180.00,31.50,CLOSED,0
669705.443,0,0,0,1.000,1.000,1.000,-90.00,180.00,31.50,CLOSED,0
669705.446,0,0,0,1.000,1.000,1.000,-90.00,180.00,31.50,CLOSED,0
669705.450,0,0,0,1.000,1.000,1.000,-90.00,180.00,31.50,CLOSED,0
669705.454,0,0,0,1.000,1.000,1.000,-90.00,180.00,31.50,CLOSED,0
669705.458,0,0,0,1.000,1.000,1.000,-90.00,180.00,31.50,CLOSED,0
669705.464,0,0,0,1.000,1.000,1.000,-90.00,180.00,31.50,CLOSED,0
669705.470,0,0,0,1.000,1.000,1.000,-90.00,180.00,31.50,CLOSED,0
669705.475,0,0,0,1.000,1.000,1.000,-90.00,180.00,31.50,CLOSED,0
669705.481,0,0,0,1.000,1.000,1.000,-90.00,180.00,31.50,CLOSED,0
669705.487,0,0,0,1.000,1.000,1.000,-90.00,180.00,31.50,CLOSED,0
669705.492,0,0,0,1.000,1.000,1.000,-90.00,180.00,31.50,CLOSED,0
669705.501,0,0,0,1.000,1.000,1.000,-90.00,180.00,31.50,CLOSED,0
669705.505,0,0,0,1.000,1.000,1.000,-90.00,180.00,31.50,CLOSED,0
669705.514,0,0,0,1.000,1.000,1.000,-90.00,180.00,31.50,CLOSED,0
669705.518,0,0,0,1.000,1.000,1.000,-90.00,180.00,31.50,CLOSED,0
669705.526,0,0,0,1.000,1.000,1.000,-90.00,180.00,31.50,CLOSED,0
669705.530,0,0,0,1.000,1.000,1.000,-90.00,180.00,31.50,CLOSED,0
669705.537,0,0,0,1.000,1.000,1.000,-90.00,180.00,31.50,CLOSED,0
669705.544,0,0,0,1.000,1.000,1.000,-90.00,180.00,31.50,CLOSED,0
669705.549,0,0,0,1.000,1.000,1.000,-90.00,180.00,31.50,CLOSED,0
669705.556,0,0,0,1.000,1.000,1.000,-90.00,180.00,31.50,CLOSED,0
669705.562,0,0,0,1.000,1.000,1.000,-90.00,180.00,31.50,CLOSED,0
669705.570,0,0,0,1.000,1.000,1.000,-90.00,180.00,31.50,CLOSED,0
669705.574,0,0,0,1.000,1.000,1.000,-90.00,180.00,31.50,CLOSED,0
669705.580,0,0,0,1.000,1.000,1.000,-90.00,180.00,31.50,CLOSED,0
669705.584,0,0,0,1.000,1.000,1.000,-90.00,180.00,31.50,CLOSED,0
669705.589,0,0,0,1.000,1.000,1.000,-90.00,180.00,31.50,CLOSED,0
669705.593,0,0,0,1.000,1.000,1.000,-90.00,180.00,31.50,CLOSED,0
669705.603,0,0,0,1.000,1.000,1.000,-90.00,180.00,31.50,CLOSED,0
669705.607,0,0,0,1.000,1.000,1.000,-90.00,180.00,31.50,CLOSED,0
669705.612,0,0,0,1.000,1.000,1.000,-90.00,180.00,31.50,CLOSED,0
669705.615,0,0,0,1.000,1.000,1.000,-90.00,180.00,31.50,CLOSED,0
669705.622,0,0,0,1.000,1.000,1.000,-90.00,180.00,31.50,CLOSED,0
669705.629,0,0,0,1.000,1.000,1.000,-90.00,180.00,31.50,CLOSED,0
669705.638,0,0,0,1.000,1.000,1.000,-90.00,180.00,31.50,CLOSED,0
669705.646,0,0,0,1.000,1.000,1.000,-90.00,180.00,31.50,CLOSED,0
669705.654,0,0,0,1.000,1.000,1.000,-90.00,180.00,31.50,CLOSED,0
669705.662,0,0,0,1.000,1.000,1.000,-90.00,180.00,31.50,CLOSED,0
669705.670,0,0,0,1.000,1.000,1.000,-90.00,180.00,31.50,CLOSED,0
669705.674,0,0,0,1.000,1.000,1.000,-90.00,180.00,31.50,CLOSED,0
669705.678,0,0,0,1.000,1.000,1.000,-90.00,180.00,31.50,CLOSED,0
669705.683,0,0,0,1.000,1.000,1.000,-90.00,180.00,31.50,CLOSED,0
669705.690,0,0,0,1.000,1.000,1.000,-90.00,180.00,31.50,CLOSED,0
669705.694,0,0,0,1.000,1.000,1.000,-90.00,180.00,31.50,CLOSED,0
669705.698,0,0,0,1.000,1.000,1.000,-90.00,180.00,31.50,CLOSED,0
669705.705,0,0,0,1.000,1.000,1.000,-90.00,180.00,31.50,CLOSED,0
669705.709,0,0,0,1.000,1.000,1.000,-90.00,180.00,31.50,CLOSED,0
669705.713,0,0,0,1.000,1.000,1.000,-90.00,180.00,31.50,CLOSED,0
669705.718,0,0,0,1.000,1.000,1.000,-90.00,180.00,31.50,CLOSED,0
669705.722,0,0,0,1.000,1.000,1.000,-90.00,180.00,31.50,CLOSED,0
669705.726,0,0,0,1.000,1.000,1.000,-90.00,180.00,31.50,CLOSED,0
669705.729,0,0,0,1.000,1.000,1.000,-90.00,180.00,31.50,CLOSED,0
669705.733,0,0,0,1.000,1.000,1.000,-90.00,180.00,31.50,CLOSED,0
669705.737,0,0,0,1.000,1.000,1.000,-90.00,180.00,31.50,CLOSED,0
669705.741,0,0,0,1.000,1.000,1.000,-90.00,180.00,31.50,CLOSED,0
669705.745,0,0,0,1.000,1.000,1.000,-90.00,180.00,31.50,CLOSED,0
669705.752,0,0,0,1.000,1.000,1.000,-90.00,180.00,31.50,CLOSED,0
669705.756,0,0,0,1.000,1.000,1.000,-90.00,180.00,31.50,CLOSED,0
669705.762,0,0,0,1.000,1.000,1.000,-90.00,180.00,31.50,CLOSED,0
669705.766,0,0,0,1.000,1.000,1.000,-90.00,180.00,31.50,CLOSED,0
669705.770,0,0,0,1.000,1.000,1.000,-90.00,180.00,31.50,CLOSED,0
669705.774,0,0,0,1.000,1.000,1.000,-90.00,180.00,31.50,CLOSED,0
669705.778,0,0,0,1.000,1.000,1.000,-90.00,180.00,31.50,CLOSED,0
669705.782,0,0,0,1.000,1.000,1.000,-90.00,180.00,31.50,CLOSED,0
669705.786,0,0,0,1.000,1.000,1.000,-90.00,180.00,31.50,CLOSED,0
669705.795,0,0,0,1.000,1.000,1.000,-90.00,180.00,31.50,CLOSED,0
669705.802,0,0,0,1.000,1.000,1.000,-90.00,180.00,31.50,CLOSED,0
669705.806,0,0,0,1.000,1.000,1.000,-90.00,180.00,31.50,CLOSED,0
669705.810,0,0,0,1.000,1.000,1.000,-90.00,180.00,31.50,CLOSED,0
669705.814,0,0,0,1.000,1.000,1.000,-90.00,180.00,31.50,CLOSED,0
669705.819,0,0,0,1.000,1.000,1.000,-90.00,180.00,31.50,CLOSED,0
669705.827,0,0,0,1.000,1.000,1.000,-90.00,180.00,31.50,CLOSED,0
669705.837,0,0,0,1.000,1.000,1.000,-90.00,180.00,31.50,CLOSED,0
669705.846,0,0,0,1.000,1.000,1.000,-90.00,180.00,31.50,CLOSED,0
669705.850,0,0,0,1.000,1.000,1.000,-90.00,180.00,31.50,CLOSED,0
669705.855,0,0,0,1.000,1.000,1.000,-90.00,180.00,31.50,CLOSED,0
669705.864,0,0,0,1.000,1.000,1.000,-90.00,180.00,31.50,CLOSED,0
669705.870,0,0,0,1.000,1.000,1.000,-90.00,180.00,31.50,CLOSED,0
669705.874,0,0,0,1.000,1.000,1.000,-90.00,180.00,31.50,CLOSED,0
669705.878,0,0,0,1.000,1.000,1.000,-90.00,180.00,31.50,CLOSED,0
669705.883,0,0,0,1.000,1.000,1.000,-90.00,180.00,31.50,CLOSED,0
669705.888,0,0,0,1.000,1.000,1.000,-90.00,180.00,31.50,CLOSED,0
669705.892,0,0,0,1.000,1.000,1.000,-90.00,180.00,31.50,CLOSED,0
669705.897,0,0,0,1.000,1.000,1.000,-90.00,180.00,31.50,CLOSED,0
669705.901,0,0,0,1.000,1.000,1.000,-90.00,180.00,31.50,CLOSED,0
669705.905,0,0,0,1.000,1.000,1.000,-90.00,180.00,31.50,CLOSED,0
669705.909,0,0,0,1.000,1.000,1.000,-90.00,180.00,31.50,CLOSED,0
669705.913,0,0,0,1.000,1.000,1.000,-90.00,180.00,31.50,CLOSED,0
669705.917,0,0,0,1.000,1.000,1.000,-90.00,180.00,31.50,CLOSED,0
669705.921,0,0,0,1.000,1.000,1.000,-90.00,180.00,31.50,CLOSED,0
669705.924,0,0,0,1.000,1.000,1.000,-90.00,180.00,31.50,CLOSED,0
669705.929,0,0,0,1.000,1.000,1.000,-90.00,180.00,31.50,CLOSED,0
669705.933,0,0,0,1.000,1.000,1.000,-90.00,180.00,31.50,CLOSED,0
669705.937,0,0,0,1.000,1.000,1.000,-90.00,180.00,31.50,CLOSED,0
669705.942,0,0,0,1.000,1.000,1.000,-90.00,180.00,31.50,CLOSED,0
669705.950,0,0,0,1.000,1.000,1.000,-90.00,180.00,31.50,CLOSED,0
669705.957,0,0,0,1.000,1.000,1.000,-90.00,180.00,31.50,CLOSED,0
669705.963,0,0,0,1.000,1.000,1.000,-90.00,180.00,31.50,CLOSED,0
669705.969,0,0,0,1.000,1.000,1.000,-90.00,180.00,31.50,CLOSED,0
669705.974,0,0,0,1.000,1.000,1.000,-90.00,180.00,31.50,CLOSED,0
669705.979,0,0,0,1.000,1.000,1.000,-90.00,180.00,31.50,CLOSED,0
669705.984,0,0,0,1.000,1.000,1.000,-90.00,180.00,31.50,CLOSED,0
669705.988,0,0,0,1.000,1.000,1.000,-90.00,180.00,31.50,CLOSED,0
669705.992,0,0,0,1.000,0.999,1.000,-90.00,180.00,31.50,CLOSED,0
669705.996,0,0,0,1.000,0.993,1.000,-90.00,180.00,31.50,CLOSED,0
669706.000,0,0,0,1.000,0.951,1.000,-90.00,180.00,31.50,CLOSED,0
669706.005,0,0,0,1.000,0.745,1.000,-90.00,180.00,31.50,CLOSED,0
669706.009,0,0,0,1.000,0.707,1.000,-90.00,180.00,31.50,CLOSED,0
669706.012,0,0,0,1.000,0.899,0.999,-90.00,180.00,31.50,CLOSED,0
669706.017,0,0,0,1.000,0.973,0.986,-90.00,180.00,31.50,CLOSED,0
669706.021,0,0,0,1.000,0.989,0.843,-90.00,180.00,31.50,CLOSED,0
669706.025,0,0,0,1.000,0.991,0.561,-90.00,180.00,31.50,CLOSED,0
669706.028,0,0,0,1.000,0.991,0.606,-90.00,180.00,31.50,CLOSED,0
669706.033,0,0,0,1.000,0.987,0.674,-90.00,180.00,31.50,CLOSED,0
669706.037,0,0,0,1.000,0.977,0.684,-90.00,180.00,31.50,CLOSED,0
669706.042,0,0,0,1.000,0.963,0.656,-90.00,180.00,31.50,CLOSED,0
669706.048,0,0,0,1.000,0.951,0.683,-90.00,180.00,31.50,CLOSED,0
669706.053,0,0,0,1.000,0.949,0.735,-90.00,180.00,31.50,CLOSED,0
669706.058,0,0,0,1.000,0.938,0.786,-90.00,180.00,31.50,CLOSED,0
669706.062,0,0,0,1.000,0.935,0.845,-90.00,180.00,31.50,CLOSED,0
669706.067,0,0,0,1.000,0.923,0.901,-90.00,180.00,31.50,CLOSED,0
669706.072,0,0,0,1.000,0.940,0.940,-90.00,180.00,31.50,CLOSED,0
669706.077,0,0,0,1.000,0.932,0.962,-90.00,180.00,31.50,CLOSED,0
669706.082,0,0,0,1.000,0.938,0.969,-90.00,180.00,31.50,CLOSED,0
669706.087,0,0,0,1.000,0.949,0.969,-90.00,180.00,31.50,CLOSED,0
669706.092,0,0,0,1.000,0.951,0.970,-90.00,180.00,31.50,CLOSED,0
669706.096,0,0,0,1.000,0.950,0.961,-90.00,180.00,31.50,CLOSED,0
669706.101,0,0,0,1.000,0.948,0.942,-90.00,180.00,31.50,CLOSED,0
669706.105,0,0,0,1.000,0.933,0.916,-90.00,180.00,31.50,CLOSED,0
669706.110,0,0,0,1.000,0.846,0.862,-90.00,180.00,31.50,CLOSED,0
669706.113,0,0,0,1.000,0.693,0.768,-90.00,180.00,31.50,CLOSED,0
669706.118,0,0,0,1.000,0.583,0.668,-90.00,180.00,31.50,CLOSED,0
669706.121,0,0,0,1.000,0.780,0.582,-90.00,180.00,31.50,CLOSED,0
669706.127,0,0,0,1.000,0.897,0.501,-90.00,180.00,31.50,CLOSED,0
669706.131,0,0,0,1.000,0.917,0.541,-90.00,180.00,31.50,CLOSED,0
669706.135,0,0,0,1.000,0.894,0.557,-90.00,180.00,31.50,CLOSED,0
669706.140,0,0,0,1.000,0.858,0.535,-90.00,180.00,31.50,CLOSED,0
669706.147,0,0,0,1.000,0.776,0.533,-90.00,180.00,31.50,CLOSED,0
669706.154,0,0,0,1.000,0.565,0.612,-90.00,180.00,31.50,CLOSED,0
669706.162,0,0,0,1.000,0.647,0.703,-90.00,180.00,31.50,CLOSED,0
669706.170,0,0,0,1.000,0.811,0.748,-90.00,180.00,31.50,CLOSED,0
669706.181,0,0,0,1.000,0.920,0.781,-90.00,180.00,31.50,CLOSED,0
669706.188,0,0,0,1.000,0.973,0.766,-90.00,180.00,31.50,CLOSED,0
669706.193,0,0,0,1.000,0.987,0.746,-90.00,180.00,31.50,CLOSED,0
669706.197,0,0,0,1.000,0.993,0.639,-90.00,180.00,31.50,CLOSED,0
669706.201,0,0,0,1.000,0.996,0.524,-90.00,180.00,31.50,CLOSED,0
669706.206,0,0,0,1.000,0.997,0.576,-90.00,180.00,31.50,CLOSED,0
669706.210,0,0,0,1.000,0.996,0.662,-90.00,180.00,31.50,CLOSED,0
669706.214,0,0,0,1.000,0.995,0.701,-90.00,180.00,31.50,CLOSED,0
669706.220,0,0,0,1.000,0.994,0.731,-90.00,180.00,31.50,CLOSED,0
669706.223,0,0,0,1.000,0.987,0.710,-90.00,180.00,31.50,CLOSED,0
669706.227,0,0,0,1.000,0.964,0.634,-90.00,180.00,31.50,CLOSED,0
669706.235,0,0,0,1.000,0.877,0.512,-90.00,180.00,31.50,CLOSED,0
669706.238,0,0,0,1.000,0.672,0.655,-90.00,180.00,31.50,CLOSED,0
669706.242,0,0,0,1.000,0.690,0.770,-90.00,180.00,31.50,CLOSED,0
669706.246,0,0,0,1.000,0.862,0.825,-90.00,180.00,31.50,CLOSED,0
669706.250,0,0,0,1.000,0.929,0.839,-90.00,180.00,31.50,CLOSED,0
669706.254,0,0,0,1.000,0.945,0.862,-90.00,180.00,31.50,CLOSED,0
669706.263,0,0,0,1.000,0.951,0.833,-90.00,180.00,31.50,CLOSED,0
669706.267,0,0,0,1.000,0.931,0.769,-90.00,180.00,31.50,CLOSED,0
669706.271,0,0,0,1.000,0.832,0.647,-90.00,180.00,31.50,CLOSED,0
669706.279,0,0,0,1.000,0.655,0.538,-90.00,180.00,31.50,CLOSED,0
669706.286,0,0,0,1.000,0.529,0.531,-90.00,180.00,31.50,CLOSED,0
669706.290,0,0,0,1.000,0.517,0.648,-90.00,180.00,31.50,CLOSED,0
669706.293,0,0,0,1.000,0.524,0.636,-90.00,180.00,31.50,CLOSED,0
669706.297,0,0,0,1.000,0.560,0.556,-90.00,180.00,31.50,CLOSED,0
669706.301,0,0,0,1.000,0.656,0.552,-90.00,180.00,31.50,CLOSED,0
669706.307,0,0,0,1.000,0.789,0.712,-90.00,180.00,31.50,CLOSED,0
669706.311,0,0,0,1.000,0.914,0.861,-90.00,180.00,31.50,CLOSED,0
669706.315,0,0,0,1.000,0.958,0.949,-90.00,180.00,31.50,CLOSED,0
669706.319,0,0,0,1.000,0.978,0.982,-90.00,180.00,31.50,CLOSED,0
669706.323,0,0,0,1.000,0.978,0.988,-90.00,180.00,31.50,CLOSED,0
669706.327,0,0,0,1.000,0.978,0.990,-90.00,180.00,31.50,CLOSED,0
669706.332,0,0,0,1.000,0.970,0.989,-90.00,180.00,31.50,CLOSED,0
669706.341,0,0,0,1.000,0.945,0.985,-90.00,180.00,31.50,CLOSED,0
669706.348,0,0,0,1.000,0.890,0.977,-90.00,180.00,31.50,CLOSED,0
669706.352,0,0,0,1.000,0.787,0.955,-90.00,180.00,31.50,CLOSED,0
669706.360,0,0,0,1.000,0.665,0.891,-90.00,180.00,31.50,CLOSED,0
669706.363,0,0,0,1.000,0.664,0.823,-90.00,180.00,31.50,CLOSED,0
669706.367,0,0,0,1.000,0.716,0.662,-90.00,180.00,31.50,CLOSED,0
669706.371,0,0,0,1.000,0.891,0.528,-90.00,180.00,31.50,CLOSED,0
669706.377,0,0,0,1.000,0.955,0.672,-90.00,180.00,31.50,CLOSED,0
669706.380,0,0,0,1.000,0.982,0.774,-90.00,180.00,31.50,CLOSED,0
669706.385,0,0,0,1.000,0.990,0.800,-90.00,180.00,31.50,CLOSED,0
669706.390,0,0,0,1.000,0.995,0.772,-90.00,180.00,31.50,CLOSED,0
669706.401,0,0,0,1.000,0.997,0.768,-90.00,180.00,31.50,CLOSED,0
669706.406,0,0,0,1.000,0.998,0.734,-90.00,180.00,31.50,CLOSED,0
669706.410,0,0,0,1.000,0.998,0.665,-90.00,180.00,31.50,CLOSED,0
669706.415,0,0,0,1.000,0.999,0.595,-90.00,180.00,31.50,CLOSED,0
669706.420,0,0,0,1.000,0.998,0.508,-90.00,180.00,31.50,CLOSED,0
669706.425,0,0,0,1.000,0.997,0.596,-90.00,180.00,31.50,CLOSED,0
669706.429,0,0,0,1.000,0.996,0.660,-90.00,180.00,31.50,CLOSED,0
669706.433,0,0,0,1.000,0.989,0.738,-90.00,180.00,31.50,CLOSED,0
669706.439,0,0,0,1.000,0.969,0.762,-90.00,180.00,31.50,CLOSED,0
669706.443,0,0,0,1.000,0.890,0.818,-90.00,180.00,31.50,CLOSED,0
669706.447,0,0,0,1.000,0.699,0.846,-90.00,180.00,31.50,CLOSED,0
669706.451,0,0,0,1.000,0.531,0.859,-90.00,180.00,31.50,CLOSED,0
669706.456,0,0,0,1.000,0.525,0.905,-90.00,180.00,31.50,CLOSED,0
669706.463,0,0,0,1.000,0.581,0.931,-90.00,180.00,31.50,CLOSED,0
669706.467,0,0,0,1.000,0.720,0.953,-90.00,180.00,31.50,CLOSED,0
669706.472,0,0,0,1.000,0.790,0.973,-90.00,180.00,31.50,CLOSED,0
669706.476,0,0,0,1.000,0.802,0.977,-90.00,180.00,31.50,CLOSED,0
669706.479,0,0,0,1.000,0.793,0.981,-90.00,180.00,31.50,CLOSED,0
669706.483,0,0,0,1.000,0.813,0.983,-90.00,180.00,31.50,CLOSED,0
669706.492,0,0,0,1.000,0.788,0.978,-90.00,180.00,31.50,CLOSED,0
669706.496,0,0,0,1.000,0.793,0.967,-90.00,180.00,31.50,CLOSED,0
669706.500,0,0,0,1.000,0.792,0.949,-90.00,180.00,31.50,CLOSED,0
669706.509,0,0,0,1.000,0.851,0.915,-90.00,180.00,31.50,CLOSED,0
669706.515,0,0,0,1.000,0.880,0.881,-90.00,180.00,31.50,CLOSED,0
669706.518,0,0,0,1.000,0.899,0.840,-90.00,180.00,31.50,CLOSED,0
669706.527,0,0,0,1.000,0.902,0.819,-90.00,180.00,31.50,CLOSED,0
669706.531,0,0,0,1.000,0.868,0.845,-90.00,180.00,31.50,CLOSED,0
669706.535,0,0,0,1.000,0.777,0.863,-90.00,180.00,31.50,CLOSED,0
669706.543,0,0,0,1.000,0.706,0.908,-90.00,180.00,31.50,CLOSED,0
669706.547,0,0,0,1.000,0.674,0.946,-90.00,180.00,31.50,CLOSED,0
669706.553,0,0,0,1.000,0.731,0.968,-90.00,180.00,31.50,CLOSED,0
669706.557,0,0,0,1.000,0.808,0.976,-90.00,180.00,31.50,CLOSED,0
669706.565,0,0,0,1.000,0.895,0.977,-90.00,180.00,31.50,CLOSED,0
669706.569,0,0,0,1.000,0.947,0.977,-90.00,180.00,31.50,CLOSED,0
669706.576,0,0,0,1.000,0.978,0.968,-90.00,180.00,31.50,CLOSED,0
669706.580,0,0,0,1.000,0.990,0.947,-90.00,180.00,31.50,CLOSED,0
669706.584,0,0,0,1.000,0.993,0.904,-90.00,180.00,31.50,CLOSED,0
669706.588,0,0,0,1.000,0.990,0.787,-90.00,180.00,31.50,CLOSED,0
669706.591,0,0,0,1.000,0.979,0.610,-90.00,180.00,31.50,CLOSED,0
669706.598,0,0,0,1.000,0.924,0.613,-90.00,180.00,31.50,CLOSED,0
669706.603,0,0,0,1.000,0.770,0.694,-90.00,180.00,31.50,CLOSED,0
669706.612,0,0,0,1.000,0.541,0.735,-90.00,180.00,31.50,CLOSED,0
669706.619,0,0,0,1.000,0.585,0.659,-90.00,180.00,31.50,CLOSED,0
669706.627,0,0,0,1.000,0.703,0.513,-90.00,180.00,31.50,CLOSED,0
669706.635,0,0,0,1.000,0.763,0.790,-90.00,180.00,31.50,CLOSED,0
669706.643,0,0,0,1.000,0.739,0.938,-90.00,180.00,31.50,CLOSED,0
669706.648,0,0,0,1.000,0.723,0.975,-90.00,180.00,31.50,CLOSED,0
669706.652,0,0,0,1.000,0.654,0.989,-90.00,180.00,31.50,CLOSED,0
669706.661,0,0,0,1.000,0.523,0.994,-90.00,180.00,31.50,CLOSED,0
669706.669,0,0,0,1.000,0.668,0.994,-90.00,180.00,31.50,CLOSED,0
669706.677,0,0,0,1.000,0.883,0.992,-90.00,180.00,31.50,CLOSED,0
669706.685,0,0,0,1.000,0.967,0.986,-90.00,180.00,31.50,CLOSED,0
669706.692,0,0,0,1.000,0.991,0.968,-90.00,180.00,31.50,CLOSED,0
669706.701,0,0,0,1.000,0.998,0.922,-90.00,180.00,31.50,CLOSED,0
669706.705,0,0,0,1.000,0.999,0.838,-90.00,180.00,31.50,CLOSED,0
669706.709,0,0,0,1.000,0.999,0.684,-90.00,180.00,31.50,CLOSED,0
669706.713,0,0,0,1.000,0.999,0.526,-90.00,180.00,31.50,CLOSED,0
669706.721,0,0,0,1.000,0.999,0.598,-90.00,180.00,31.50,CLOSED,0
669706.725,0,0,0,1.000,0.997,0.646,-90.00,180.00,31.50,CLOSED,0
669706.729,0,0,0,1.000,0.995,0.633,-90.00,180.00,31.50,CLOSED,0
669706.733,0,0,0,1.000,0.989,0.539,-90.00,180.00,31.50,CLOSED,0
669706.737,0,0,0,1.000,0.981,0.522,-90.00,180.00,31.50,CLOSED,0
669706.745,0,0,0,1.000,0.975,0.512,-90.00,180.00,31.50,CLOSED,0
669706.749,0,0,0,1.000,0.973,0.539,-90.00,180.00,31.50,CLOSED,0
669706.753,0,0,0,1.000,0.967,0.614,-90.00,180.00,31.50,CLOSED,0
669706.757,0,0,0,1.000,0.960,0.751,-90.00,180.00,31.50,CLOSED,0
669706.760,0,0,0,1.000,0.941,0.849,-90.00,180.00,31.50,CLOSED,0
669706.764,0,0,0,1.000,0.890,0.907,-90.00,180.00,31.50,CLOSED,0
669706.771,0,0,0,1.000,0.801,0.956,-90.00,180.00,31.50,CLOSED,0
669706.776,0,0,0,1.000,0.768,0.984,-90.00,180.00,31.50,CLOSED,0
669706.780,0,0,0,1.000,0.691,0.995,-90.00,180.00,31.50,CLOSED,0
669706.784,0,0,0,1.000,0.565,0.998,-90.00,180.00,31.50,CLOSED,0
669706.789,0,0,0,1.000,0.553,0.999,-90.00,180.00,31.50,CLOSED,0
669706.792,0,0,0,1.000,0.531,1.000,-90.00,180.00,31.50,CLOSED,0
669706.796,0,0,0,1.000,0.530,1.000,-90.00,180.00,31.50,CLOSED,0
669706.806,0,0,0,1.000,0.655,1.000,-90.00,180.00,31.50,CLOSED,0
669706.810,0,0,0,1.000,0.758,1.000,-90.00,180.00,31.50,CLOSED,0
669706.821,0,0,0,1.000,0.922,1.000,-90.00,180.00,31.50,CLOSED,0
669706.825,0,0,0,1.000,0.990,1.000,-90.00,180.00,31.50,CLOSED,0
669706.836,0,0,0,1.000,1.000,1.000,-90.00,180.00,31.50,CLOSED,0
669706.840,0,0,0,1.000,1.000,1.000,-90.00,180.00,31.50,CLOSED,0
669706.844,0,0,0,1.000,1.000,1.000,-90.00,180.00,31.50,CLOSED,0
669706.848,0,0,0,1.000,1.000,1.000,-90.00,180.00,31.50,CLOSED,0
669706.854,0,0,0,1.000,1.000,1.000,-90.00,180.00,31.50,CLOSED,0
669706.857,0,0,0,1.000,1.000,1.000,-90.00,180.00,31.50,CLOSED,0
669706.861,0,0,0,1.000,1.000,1.000,-90.00,180.00,31.50,CLOSED,0
669706.865,0,0,0,1.000,1.000,1.000,-90.00,180.00,31.50,CLOSED,0
669706.869,0,0,0,1.000,1.000,1.000,-90.00,180.00,31.50,CLOSED,0
669706.873,0,0,0,1.000,1.000,1.000,-90.00,180.00,31.50,CLOSED,0
669706.877,0,0,0,1.000,1.000,1.000,-90.00,180.00,31.50,CLOSED,0
669706.881,0,0,0,1.000,1.000,1.000,-90.00,180.00,31.50,CLOSED,0
669706.884,0,0,0,1.000,1.000,1.000,-90.00,180.00,31.50,CLOSED,0
669706.889,0,0,0,1.000,1.000,1.000,-90.00,180.00,31.50,CLOSED,0
669706.892,0,0,0,1.000,1.000,1.000,-90.00,180.00,31.50,CLOSED,0
669706.899,0,0,0,1.000,1.000,1.000,-90.00,180.00,31.50,CLOSED,0
669706.906,0,0,0,1.000,1.000,1.000,-90.00,180.00,31.50,CLOSED,0
669706.913,0,0,0,1.000,1.000,1.000,-90.00,180.00,31.50,CLOSED,0
669706.920,0,0,0,1.000,1.000,1.000,-90.00,180.00,31.50,CLOSED,0
669706.924,0,0,0,1.000,1.000,1.000,-90.00,180.00,31.50,CLOSED,0
669706.928,0,0,0,1.000,1.000,1.000,-90.00,180.00,31.50,CLOSED,0
669706.932,0,0,0,1.000,1.000,1.000,-90.00,180.00,31.50,CLOSED,0
669706.936,0,0,0,1.000,1.000,1.000,-90.00,180.00,31.50,CLOSED,0
669706.940,0,0,0,1.000,1.000,1.000,-90.00,180.00,31.50,CLOSED,0
669706.947,0,0,0,1.000,1.000,1.000,-90.00,180.00,31.50,CLOSED,0
669706.956,0,0,0,1.000,1.000,1.000,-90.00,180.00,31.50,CLOSED,0
669706.960,0,0,0,1.000,1.000,1.000,-90.00,180.00,31.50,CLOSED,0
669706.965,0,0,0,1.000,1.000,1.000,-90.00,180.00,31.50,CLOSED,0
669706.968,0,0,0,1.000,1.000,1.000,-90.00,180.00,31.50,CLOSED,0
669706.974,0,0,0,1.000,1.000,1.000,-90.00,180.00,31.50,CLOSED,0
669706.983,0,0,0,1.000,1.000,1.000,-90.00,180.00,31.50,CLOSED,0
669706.992,0,0,0,1.000,1.000,1.000,-90.00,180.00,31.50,CLOSED,0
669707.000,0,0,0,1.000,1.000,1.000,-90.00,180.00,31.50,CLOSED,0
669707.004,0,0,0,1.000,1.000,1.000,-90.00,180.00,31.50,CLOSED,0
669707.007,0,0,0,1.000,1.000,1.000,-90.00,180.00,31.50,CLOSED,0
669707.016,0,0,0,1.000,1.000,1.000,-90.00,180.00,31.50,CLOSED,0
669707.024,0,0,0,1.000,1.000,1.000,-90.00,180.00,31.50,CLOSED,0
669707.033,0,0,0,1.000,1.000,1.000,-90.00,180.00,31.50,CLOSED,0
669707.041,0,0,0,1.000,1.000,1.000,-90.00,180.00,31.50,CLOSED,0
669707.050,0,0,0,1.000,1.000,1.000,-90.00,180.00,31.50,CLOSED,0
669707.060,0,0,0,1.000,1.000,1.000,-90.00,180.00,31.50,CLOSED,0
669707.068,0,0,0,1.000,1.000,1.000,-90.00,180.00,31.50,CLOSED,0
669707.076,0,0,0,1.000,1.000,1.000,-90.00,180.00,31.50,CLOSED,0
669707.084,0,0,0,1.000,1.000,1.000,-90.00,180.00,31.50,CLOSED,0
669707.092,0,0,0,1.000,1.000,1.000,-90.00,180.00,31.50,CLOSED,0
669707.096,0,0,0,1.000,1.000,1.000,-90.00,180.00,31.50,CLOSED,0
669707.102,0,0,0,1.000,1.000,1.000,-90.00,180.00,31.50,CLOSED,0
669707.110,0,0,0,1.000,1.000,1.000,-90.00,180.00,31.50,CLOSED,0
669707.118,0,0,0,1.000,1.000,1.000,-90.00,180.00,31.50,CLOSED,0
669707.126,0,0,0,1.000,1.000,1.000,-90.00,180.00,31.50,CLOSED,0
669707.134,0,0,0,1.000,1.000,1.000,-90.00,180.00,31.50,CLOSED,0
669707.138,0,0,0,1.000,1.000,1.000,-90.00,180.00,31.50,CLOSED,0
669707.142,0,0,0,1.000,1.000,1.000,-90.00,180.00,31.50,CLOSED,0
669707.151,0,0,0,1.000,1.000,1.000,-90.00,180.00,31.50,CLOSED,0
669707.160,0,0,0,1.000,1.000,1.000,-90.00,180.00,31.50,CLOSED,0
669707.168,0,0,0,1.000,1.000,1.000,-90.00,180.00,31.50,CLOSED,0
669707.177,0,0,0,1.000,1.000,1.000,-90.00,180.00,31.50,CLOSED,0
669707.181,0,0,0,1.000,1.000,1.000,-90.00,180.00,31.50,CLOSED,0
669707.186,0,0,0,1.000,1.000,1.000,-90.00,180.00,31.50,CLOSED,0
669707.189,0,0,0,1.000,1.000,1.000,-90.00,180.00,31.50,CLOSED,0
669707.195,0,0,0,1.000,1.000,1.000,-90.00,180.00,31.50,CLOSED,0
669707.200,0,0,0,1.000,1.000,1.000,-90.00,180.00,31.50,CLOSED,0
669707.204,0,0,0,1.000,1.000,1.000,-90.00,180.00,31.50,CLOSED,0
669707.208,0,0,0,1.000,1.000,1.000,-90.00,180.00,31.50,CLOSED,0
669707.214,0,0,0,1.000,1.000,1.000,-90.00,180.00,31.50,CLOSED,0
669707.222,0,0,0,1.000,1.000,1.000,-90.00,180.00,31.50,CLOSED,0
669707.230,0,0,0,1.000,1.000,1.000,-90.00,180.00,31.50,CLOSED,0
669707.234,0,0,0,1.000,1.000,1.000,-90.00,180.00,31.50,CLOSED,0
669707.238,0,0,0,1.000,1.000,1.000,-90.00,180.00,31.50,CLOSED,0
669707.247,0,0,0,1.000,1.000,1.000,-90.00,180.00,31.50,CLOSED,0
669707.255,0,0,0,1.000,1.000,1.000,-90.00,180.00,31.50,CLOSED,0
669707.259,0,0,0,1.000,1.000,1.000,-90.00,180.00,31.50,CLOSED,0
669707.263,0,0,0,1.000,1.000,1.000,-90.00,180.00,31.50,CLOSED,0
669707.270,0,0,0,1.000,1.000,1.000,-90.00,180.00,31.50,CLOSED,0
669707.278,0,0,0,1.000,1.000,1.000,-90.00,180.00,31.50,CLOSED,0
669707.286,0,0,0,1.000,1.000,1.000,-90.00,180.00,31.50,CLOSED,0
669707.291,0,0,0,1.000,1.000,1.000,-90.00,180.00,31.50,CLOSED,0
669707.295,0,0,0,1.000,1.000,1.000,-90.00,180.00,31.50,CLOSED,0
669707.299,0,0,0,1.000,1.000,1.000,-90.00,180.00,31.50,CLOSED,0
669707.306,0,0,0,1.000,1.000,1.000,-90.00,180.00,31.50,CLOSED,0
669707.314,0,0,0,1.000,1.000,1.000,-90.00,180.00,31.50,CLOSED,0
669707.320,0,0,0,1.000,1.000,1.000,-90.00,180.00,31.50,CLOSED,0
669707.327,0,0,0,1.000,1.000,1.000,-90.00,180.00,31.50,CLOSED,0
669707.335,0,0,0,1.000,1.000,1.000,-90.00,180.00,31.50,CLOSED,0
669707.342,0,0,0,1.000,1.000,1.000,-90.00,180.00,31.50,CLOSED,0
669707.350,0,0,0,1.000,1.000,1.000,-90.00,180.00,31.50,CLOSED,0
669707.354,0,0,0,1.000,1.000,1.000,-90.00,180.00,31.50,CLOSED,0
669707.362,0,0,0,1.000,1.000,1.000,-90.00,180.00,31.50,CLOSED,0
669707.370,0,0,0,1.000,1.000,1.000,-90.00,180.00,31.50,CLOSED,0
669707.378,0,0,0,1.000,1.000,1.000,-90.00,180.00,31.50,CLOSED,0
669707.386,0,0,0,1.000,1.000,1.000,-90.00,180.00,31.50,CLOSED,0
669707.392,0,0,0,1.000,1.000,1.000,-90.00,180.00,31.50,CLOSED,0
669707.396,0,0,0,1.000,1.000,1.000,-90.00,180.00,31.50,CLOSED,0
669707.401,0,0,0,1.000,1.000,1.000,-90.00,180.00,31.50,CLOSED,0
669707.406,0,0,0,1.000,1.000,1.000,-90.00,180.00,31.50,CLOSED,0
669707.411,0,0,0,1.000,1.000,1.000,-90.00,180.00,31.50,CLOSED,0
669707.416,0,0,0,1.000,1.000,1.000,-90.00,180.00,31.50,CLOSED,0
669707.420,0,0,0,1.000,1.000,1.000,-90.00,180.00,31.50,CLOSED,0
669707.424,0,0,0,1.000,1.000,1.000,-90.00,180.00,31.50,CLOSED,0
669707.428,0,0,0,1.000,1.000,1.000,-90.00,180.00,31.50,CLOSED,0
669707.432,0,0,0,1.000,1.000,1.000,-90.00,180.00,31.50,CLOSED,0
669707.435,0,0,0,1.000,1.000,1.000,-90.00,180.00,31.50,CLOSED,0
669707.443,0,0,0,1.000,1.000,1.000,-90.00,180.00,31.50,CLOSED,0
669707.451,0,0,0,1.000,1.000,1.000,-90.00,180.00,31.50,CLOSED,0
669707.455,0,0,0,1.000,1.000,1.000,-90.00,180.00,31.50,CLOSED,0
669707.459,0,0,0,1.000,1.000,1.000,-90.00,180.00,31.50,CLOSED,0
669707.468,0,0,0,1.000,1.000,1.000,-90.00,180.00,31.50,CLOSED,0
669707.472,0,0,0,1.000,1.000,1.000,-90.00,180.00,31.50,CLOSED,0
669707.477,0,0,0,1.000,1.000,1.000,-90.00,180.00,31.50,CLOSED,0
669707.485,0,0,0,1.000,1.000,1.000,-90.00,180.00,31.50,CLOSED,0
669707.489,0,0,0,1.000,1.000,1.000,-90.00,180.00,31.50,CLOSED,0
669707.494,0,0,0,1.000,1.000,1.000,-90.00,180.00,31.50,CLOSED,0
669707.498,0,0,0,1.000,1.000,1.000,-90.00,180.00,31.50,CLOSED,0
669707.501,0,0,0,1.000,1.000,1.000,-90.00,180.00,31.50,CLOSED,0
669707.509,0,0,0,1.000,1.000,1.000,-90.00,180.00,31.50,CLOSED,0
669707.518,0,0,0,1.000,1.000,1.000,-90.00,180.00,31.50,CLOSED,0
669707.523,0,0,0,1.000,1.000,1.000,-90.00,180.00,31.50,CLOSED,0
669707.527,0,0,0,1.000,1.000,1.000,-90.00,180.00,31.50,CLOSED,0
669707.530,0,0,0,1.000,1.000,1.000,-90.00,180.00,31.50,CLOSED,0
669707.535,0,0,0,1.000,1.000,1.000,-90.00,180.00,31.50,CLOSED,0
669707.539,0,0,0,1.000,1.000,1.000,-90.00,180.00,31.50,CLOSED,0
669707.546,0,0,0,1.000,1.000,1.000,-90.00,180.00,31.50,CLOSED,0
669707.553,0,0,0,1.000,1.000,1.000,-90.00,180.00,31.50,CLOSED,0
669707.557,0,0,0,1.000,1.000,1.000,-90.00,180.00,31.50,CLOSED,0
669707.561,0,0,0,1.000,1.000,1.000,-90.00,180.00,31.50,CLOSED,0
669707.565,0,0,0,1.000,1.000,1.000,-90.00,180.00,31.50,CLOSED,0
669707.571,0,0,0,1.000,1.000,1.000,-90.00,180.00,31.50,CLOSED,0
669707.579,0,0,0,1.000,1.000,1.000,-90.00,180.00,31.50,CLOSED,0
669707.583,0,0,0,1.000,1.000,1.000,-90.00,180.00,31.50,CLOSED,0
669707.587,0,0,0,1.000,1.000,1.000,-90.00,180.00,31.50,CLOSED,0
669707.591,0,0,0,1.000,1.000,1.000,-90.00,180.00,31.50,CLOSED,0
669707.595,0,0,0,1.000,1.000,1.000,-90.00,180.00,31.50,CLOSED,0
669707.601,0,0,0,1.000,1.000,1.000,-90.00,180.00,31.50,CLOSED,0
669707.605,0,0,0,1.000,1.000,1.000,-90.00,180.00,31.50,CLOSED,0
669707.609,0,0,0,1.000,1.000,1.000,-90.00,180.00,31.50,CLOSED,0
669707.614,0,0,0,1.000,1.000,1.000,-90.00,180.00,31.50,CLOSED,0
669707.621,0,0,0,1.000,1.000,1.000,-90.00,180.00,31.50,CLOSED,0
669707.626,0,0,0,1.000,1.000,1.000,-90.00,180.00,31.50,CLOSED,0
669707.630,0,0,0,1.000,0.999,1.000,-90.00,180.00,31.50,CLOSED,0
669707.634,0,0,0,1.000,0.963,1.000,-90.00,180.00,31.50,CLOSED,0
669707.638,0,0,0,1.000,0.584,1.000,-90.00,180.00,31.50,CLOSED,0
669707.642,0,0,0,1.000,0.887,0.999,-90.00,180.00,31.50,CLOSED,0
669707.646,0,0,0,1.000,0.977,0.995,-90.00,180.00,31.50,CLOSED,0
669707.652,0,0,0,1.000,0.993,0.982,-90.00,180.00,31.50,CLOSED,0
669707.656,0,0,0,1.000,0.998,0.976,-90.00,180.00,31.50,CLOSED,0
669707.664,0,0,0,1.000,0.999,0.978,-90.00,180.00,31.50,CLOSED,0
669707.667,0,0,0,1.000,0.999,0.983,-90.00,180.00,31.50,CLOSED,0
669707.671,0,0,0,1.000,0.999,0.990,-90.00,180.00,31.50,CLOSED,0
669707.675,0,0,0,1.000,0.998,0.992,-90.00,180.00,31.50,CLOSED,0
669707.679,0,0,0,1.000,0.996,0.990,-90.00,180.00,31.50,CLOSED,0
669707.684,0,0,0,1.000,0.989,0.987,-90.00,180.00,31.50,CLOSED,0
669707.688,0,0,0,1.000,0.979,0.981,-90.00,180.00,31.50,CLOSED,0
669707.692,0,0,0,1.000,0.940,0.959,-90.00,180.00,31.50,CLOSED,0
669707.699,0,0,0,1.000,0.861,0.906,-90.00,180.00,31.50,CLOSED,0
669707.703,0,0,0,1.000,0.640,0.814,-90.00,180.00,31.50,CLOSED,0
669707.707,0,0,0,1.000,0.607,0.586,-90.00,180.00,31.50,CLOSED,0
669707.711,0,0,0,1.000,0.832,0.655,-90.00,180.00,31.50,CLOSED,0
669707.714,0,0,0,1.000,0.907,0.803,-90.00,180.00,31.50,CLOSED,0
669707.718,0,0,0,1.000,0.911,0.875,-90.00,180.00,31.50,CLOSED,0
669707.722,0,0,0,1.000,0.873,0.907,-90.00,180.00,31.50,CLOSED,0
669707.727,0,0,0,1.000,0.740,0.941,-90.00,180.00,31.50,CLOSED,0
669707.730,0,0,0,1.000,0.572,0.950,-90.00,180.00,31.50,CLOSED,0
669707.734,0,0,0,1.000,0.628,0.951,-90.00,180.00,31.50,CLOSED,0
669707.738,0,0,0,1.000,0.731,0.965,-90.00,180.00,31.50,CLOSED,0
669707.742,0,0,0,1.000,0.714,0.970,-90.00,180.00,31.50,CLOSED,0
669707.747,0,0,0,1.000,0.692,0.974,-90.00,180.00,31.50,CLOSED,0
669707.752,0,0,0,1.000,0.654,0.978,-90.00,180.00,31.50,CLOSED,0
669707.759,0,0,0,1.000,0.706,0.982,-90.00,180.00,31.50,CLOSED,0
669707.764,0,0,0,1.000,0.738,0.983,-90.00,180.00,31.50,CLOSED,0
669707.769,0,0,0,1.000,0.760,0.985,-90.00,180.00,31.50,CLOSED,0
669707.774,0,0,0,1.000,0.819,0.984,-90.00,180.00,31.50,CLOSED,0
669707.779,0,0,0,1.000,0.887,0.973,-90.00,180.00,31.50,CLOSED,0
669707.783,0,0,0,1.000,0.941,0.962,-90.00,180.00,31.50,CLOSED,0
669707.787,0,0,0,1.000,0.960,0.944,-90.00,180.00,31.50,CLOSED,0
669707.791,0,0,0,1.000,0.980,0.906,-90.00,180.00,31.50,CLOSED,0
669707.795,0,0,0,1.000,0.983,0.854,-90.00,180.00,31.50,CLOSED,0
669707.798,0,0,0,1.000,0.987,0.764,-90.00,180.00,31.50,CLOSED,0
669707.802,0,0,0,1.000,0.989,0.625,-90.00,180.00,31.50,CLOSED,0
669707.807,0,0,0,1.000,0.990,0.543,-90.00,180.00,31.50,CLOSED,0
669707.810,0,0,0,1.000,0.986,0.638,-90.00,180.00,31.50,CLOSED,0
669707.814,0,0,0,1.000,0.971,0.653,-90.00,180.00,31.50,CLOSED,0
669707.818,0,0,0,1.000,0.950,0.656,-90.00,180.00,31.50,CLOSED,0
669707.822,0,0,0,1.000,0.954,0.640,-90.00,180.00,31.50,CLOSED,0
669707.826,0,0,0,1.000,0.943,0.572,-90.00,180.00,31.50,CLOSED,0
669707.830,0,0,0,1.000,0.933,0.536,-90.00,180.00,31.50,CLOSED,0
669707.837,0,0,0,1.000,0.964,0.531,-90.00,180.00,31.50,CLOSED,0
669707.840,0,0,0,1.000,0.978,0.532,-90.00,180.00,31.50,CLOSED,0
669707.844,0,0,0,1.000,0.981,0.618,-90.00,180.00,31.50,CLOSED,0
669707.848,0,0,0,1.000,0.978,0.740,-90.00,180.00,31.50,CLOSED,0
669707.852,0,0,0,1.000,0.965,0.827,-90.00,180.00,31.50,CLOSED,0
669707.857,0,0,0,1.000,0.906,0.877,-90.00,180.00,31.50,CLOSED,0
669707.860,0,0,0,1.000,0.797,0.881,-90.00,180.00,31.50,CLOSED,0
669707.864,0,0,0,1.000,0.697,0.871,-90.00,180.00,31.50,CLOSED,0
669707.869,0,0,0,1.000,0.669,0.814,-90.00,180.00,31.50,CLOSED,0
669707.872,0,0,0,1.000,0.705,0.669,-90.00,180.00,31.50,CLOSED,0
669707.877,0,0,0,1.000,0.745,0.541,-90.00,180.00,31.50,CLOSED,0
669707.883,0,0,0,1.000,0.801,0.768,-90.00,180.00,31.50,CLOSED,0
669707.889,0,0,0,1.000,0.782,0.895,-90.00,180.00,31.50,CLOSED,0
669707.895,0,0,0,1.000,0.733,0.950,-90.00,180.00,31.50,CLOSED,0
669707.901,0,0,0,1.000,0.639,0.968,-90.00,180.00,31.50,CLOSED,0
669707.907,0,0,0,1.000,0.541,0.967,-90.00,180.00,31.50,CLOSED,0
669707.912,0,0,0,1.000,0.551,0.953,-90.00,180.00,31.50,CLOSED,0
669707.917,0,0,0,1.000,0.645,0.901,-90.00,180.00,31.50,CLOSED,0
669707.921,0,0,0,1.000,0.718,0.764,-90.00,180.00,31.50,CLOSED,0
669707.926,0,0,0,1.000,0.805,0.511,-90.00,180.00,31.50,CLOSED,0
669707.930,0,0,0,1.000,0.818,0.724,-90.00,180.00,31.50,CLOSED,0
669707.934,0,0,0,1.000,0.832,0.825,-90.00,180.00,31.50,CLOSED,0
669707.938,0,0,0,1.000,0.847,0.858,-90.00,180.00,31.50,CLOSED,0
669707.942,0,0,0,1.000,0.804,0.867,-90.00,180.00,31.50,CLOSED,0
669707.946,0,0,0,1.000,0.741,0.862,-90.00,180.00,31.50,CLOSED,0
669707.949,0,0,0,1.000,0.644,0.834,-90.00,180.00,31.50,CLOSED,0
669707.953,0,0,0,1.000,0.599,0.809,-90.00,180.00,31.50,CLOSED,0
669707.957,0,0,0,1.000,0.801,0.778,-90.00,180.00,31.50,CLOSED,0
669707.961,0,0,0,1.000,0.918,0.719,-90.00,180.00,31.50,CLOSED,0
669707.965,0,0,0,1.000,0.964,0.714,-90.00,180.00,31.50,CLOSED,0
669707.969,0,0,0,1.000,0.983,0.664,-90.00,180.00,31.50,CLOSED,0
669707.973,0,0,0,1.000,0.987,0.590,-90.00,180.00,31.50,CLOSED,0
669707.976,0,0,0,1.000,0.986,0.558,-90.00,180.00,31.50,CLOSED,0
669707.984,0,0,0,1.000,0.980,0.509,-90.00,180.00,31.50,CLOSED,0
669707.988,0,0,0,1.000,0.974,0.623,-90.00,180.00,31.50,CLOSED,0
669707.992,0,0,0,1.000,0.957,0.613,-90.00,180.00,31.50,CLOSED,0
669708.000,0,0,0,1.000,0.954,0.642,-90.00,180.00,31.50,CLOSED,0
669708.003,0,0,0,1.000,0.942,0.676,-90.00,180.00,31.50,CLOSED,0
669708.007,0,0,0,1.000,0.923,0.646,-90.00,180.00,31.50,CLOSED,0
669708.012,0,0,0,1.000,0.946,0.634,-90.00,180.00,31.50,CLOSED,0
669708.015,0,0,0,1.000,0.941,0.616,-90.00,180.00,31.50,CLOSED,0
669708.020,0,0,0,1.000,0.953,0.554,-90.00,180.00,31.50,CLOSED,0
669708.025,0,0,0,1.000,0.951,0.588,-90.00,180.00,31.50,CLOSED,0
669708.030,0,0,0,1.000,0.934,0.518,-90.00,180.00,31.50,CLOSED,0
669708.035,0,0,0,1.000,0.931,0.507,-90.00,180.00,31.50,CLOSED,0
669708.040,0,0,0,1.000,0.916,0.536,-90.00,180.00,31.50,CLOSED,0
669708.044,0,0,0,1.000,0.900,0.624,-90.00,180.00,31.50,CLOSED,0
669708.048,0,0,0,1.000,0.897,0.687,-90.00,180.00,31.50,CLOSED,0
669708.053,0,0,0,1.000,0.886,0.702,-90.00,180.00,31.50,CLOSED,0
669708.057,0,0,0,1.000,0.827,0.684,-90.00,180.00,31.50,CLOSED,0
669708.061,0,0,0,1.000,0.704,0.627,-90.00,180.00,31.50,CLOSED,0
669708.065,0,0,0,1.000,0.576,0.555,-90.00,180.00,31.50,CLOSED,0
669708.068,0,0,0,1.000,0.559,0.547,-90.00,180.00,31.50,CLOSED,0
669708.074,0,0,0,1.000,0.741,0.690,-90.00,180.00,31.50,CLOSED,0
669708.079,0,0,0,1.000,0.816,0.821,-90.00,180.00,31.50,CLOSED,0
669708.082,0,0,0,1.000,0.845,0.891,-90.00,180.00,31.50,CLOSED,0
669708.086,0,0,0,1.000,0.897,0.946,-90.00,180.00,31.50,CLOSED,0
669708.090,0,0,0,1.000,0.917,0.958,-90.00,180.00,31.50,CLOSED,0
669708.094,0,0,0,1.000,0.889,0.951,-90.00,180.00,31.50,CLOSED,0
669708.099,0,0,0,1.000,0.881,0.929,-90.00,180.00,31.50,CLOSED,0
669708.108,0,0,0,1.000,0.911,0.851,-90.00,180.00,31.50,CLOSED,0
669708.113,0,0,0,1.000,0.900,0.681,-90.00,180.00,31.50,CLOSED,0
669708.118,0,0,0,1.000,0.910,0.635,-90.00,180.00,31.50,CLOSED,0
669708.122,0,0,0,1.000,0.941,0.888,-90.00,180.00,31.50,CLOSED,0
669708.128,0,0,0,1.000,0.974,0.964,-90.00,180.00,31.50,CLOSED,0
669708.131,0,0,0,1.000,0.993,0.987,-90.00,180.00,31.50,CLOSED,0
669708.138,0,0,0,1.000,0.997,0.992,-90.00,180.00,31.50,CLOSED,0
669708.146,0,0,0,1.000,0.998,0.995,-90.00,180.00,31.50,CLOSED,0
669708.150,0,0,0,1.000,0.999,0.996,-90.00,180.00,31.50,CLOSED,0
669708.154,0,0,0,1.000,1.000,0.997,-90.00,180.00,31.50,CLOSED,0
669708.159,0,0,0,1.000,1.000,0.998,-90.00,180.00,31.50,CLOSED,0
669708.168,0,0,0,1.000,1.000,0.998,-90.00,180.00,31.50,CLOSED,0
669708.172,0,0,0,1.000,1.000,0.999,-90.00,180.00,31.50,CLOSED,0
669708.178,0,0,0,1.000,1.000,1.000,-90.00,180.00,31.50,CLOSED,0
669708.181,0,0,0,1.000,1.000,1.000,-90.00,180.00,31.50,CLOSED,0
669708.185,0,0,0,1.000,1.000,1.000,-90.00,180.00,31.50,CLOSED,0
669708.189,0,0,0,0.999,1.000,1.000,-90.00,180.00,31.50,CLOSED,0
669708.194,0,0,0,1.000,1.000,1.000,-90.00,180.00,31.50,CLOSED,0
669708.197,0,0,0,1.000,1.000,1.000,-90.00,180.00,31.50,CLOSED,0
669708.201,0,0,0,1.000,1.000,1.000,-90.00,180.00,31.50,CLOSED,0
669708.205,0,0,0,1.000,1.000,1.000,-90.00,180.00,31.50,CLOSED,0
669708.208,0,0,0,1.000,1.000,1.000,-90.00,180.00,31.50,CLOSED,0
669708.212,0,0,0,1.000,1.000,1.000,-90.00,180.00,31.50,CLOSED,0
669708.220,0,0,0,1.000,1.000,1.000,-90.00,180.00,31.50,CLOSED,0
669708.224,0,0,0,1.000,1.000,1.000,-90.00,180.00,31.50,CLOSED,0
669708.228,0,0,0,1.000,1.000,1.000,-90.00,180.00,31.50,CLOSED,0
669708.231,0,0,0,1.000,1.000,1.000,-90.00,180.00,31.50,CLOSED,0
669708.235,0,0,0,1.000,1.000,1.000,-90.00,180.00,31.50,CLOSED,0
669708.239,0,0,0,1.000,1.000,1.000,-90.00,180.00,31.50,CLOSED,0
669708.245,0,0,0,1.000,1.000,1.000,-90.00,180.00,31.50,CLOSED,0
669708.250,0,0,0,1.000,1.000,1.000,-90.00,180.00,31.50,CLOSED,0
669708.257,0,0,0,1.000,1.000,1.000,-90.00,180.00,31.50,CLOSED,0
669708.265,0,0,0,1.000,1.000,1.000,-90.00,180.00,31.50,CLOSED,0
669708.274,0,0,0,1.000,1.000,1.000,-90.00,180.00,31.50,CLOSED,0
669708.286,0,0,0,1.000,1.000,1.000,-90.00,180.00,31.50,CLOSED,0
669708.292,0,0,0,1.000,1.000,1.000,-90.00,180.00,31.50,CLOSED,0
669708.296,0,0,0,1.000,1.000,1.000,-90.00,180.00,31.50,CLOSED,0
669708.301,0,0,0,1.000,1.000,1.000,-90.00,180.00,31.50,CLOSED,0
669708.306,0,0,0,1.000,1.000,1.000,-90.00,180.00,31.50,CLOSED,0
669708.311,0,0,0,1.000,1.000,1.000,-90.00,180.00,31.50,CLOSED,0
669708.315,0,0,0,1.000,1.000,1.000,-90.00,180.00,31.50,CLOSED,0
669708.319,0,0,0,1.000,1.000,1.000,-90.00,180.00,31.50,CLOSED,0
669708.323,0,0,0,1.000,1.000,1.000,-90.00,180.00,31.50,CLOSED,0
669708.327,0,0,0,1.000,1.000,1.000,-90.00,180.00,31.50,CLOSED,0
669708.331,0,0,0,1.000,1.000,1.000,-90.00,180.00,31.50,CLOSED,0
669708.337,0,0,0,1.000,1.000,1.000,-90.00,180.00,31.50,CLOSED,0
669708.344,0,0,0,1.000,1.000,1.000,-90.00,180.00,31.50,CLOSED,0
669708.351,0,0,0,1.000,1.000,1.000,-90.00,180.00,31.50,CLOSED,0
669708.357,0,0,0,1.000,1.000,1.000,-90.00,180.00,31.50,CLOSED,0
669708.363,0,0,0,1.000,1.000,1.000,-90.00,180.00,31.50,CLOSED,0
669708.368,0,0,0,1.000,1.000,1.000,-90.00,180.00,31.50,CLOSED,0
669708.373,0,0,0,1.000,1.000,1.000,-90.00,180.00,31.50,CLOSED,0
669708.377,0,0,0,1.000,1.000,1.000,-90.00,180.00,31.50,CLOSED,0
669708.381,0,0,0,1.000,1.000,1.000,-90.00,180.00,31.50,CLOSED,0
669708.385,0,0,0,1.000,1.000,1.000,-90.00,180.00,31.50,CLOSED,0
669708.388,0,0,0,1.000,1.000,1.000,-90.00,180.00,31.50,CLOSED,0
669708.392,0,0,0,1.000,1.000,1.000,-90.00,180.00,31.50,CLOSED,0
669708.396,0,0,0,1.000,1.000,1.000,-90.00,180.00,31.50,CLOSED,0
669708.401,0,0,0,1.000,1.000,1.000,-90.00,180.00,31.50,CLOSED,0
669708.404,0,0,0,1.000,1.000,1.000,-90.00,180.00,31.50,CLOSED,0
669708.408,0,0,0,1.000,1.000,1.000,-90.00,180.00,31.50,CLOSED,0
669708.412,0,0,0,1.000,1.000,1.000,-90.00,180.00,31.50,CLOSED,0
669708.416,0,0,0,1.000,1.000,1.000,-90.00,180.00,31.50,CLOSED,0
669708.420,0,0,0,1.000,1.000,1.000,-90.00,180.00,31.50,CLOSED,0
669708.423,0,0,0,1.000,1.000,1.000,-90.00,180.00,31.50,CLOSED,0
669708.431,0,0,0,1.000,1.000,1.000,-90.00,180.00,31.50,CLOSED,0
669708.439,0,0,0,1.000,1.000,1.000,-90.00,180.00,31.50,CLOSED,0
669708.442,0,0,0,1.000,1.000,1.000,-90.00,180.00,31.50,CLOSED,0
669708.446,0,0,0,1.000,1.000,1.000,-90.00,180.00,31.50,CLOSED,0
669708.449,0,0,0,1.000,1.000,1.000,-90.00,180.00,31.50,CLOSED,0
669708.453,0,0,0,1.000,1.000,1.000,-90.00,180.00,31.50,CLOSED,0
669708.461,0,0,0,1.000,1.000,1.000,-90.00,180.00,31.50,CLOSED,0
669708.466,0,0,0,1.000,1.000,1.000,-90.00,180.00,31.50,CLOSED,0
669708.469,0,0,0,1.000,1.000,1.000,-90.00,180.00,31.50,CLOSED,0
669708.477,0,0,0,1.000,1.000,1.000,-90.00,180.00,31.50,CLOSED,0
669708.482,0,0,0,1.000,1.000,1.000,-90.00,180.00,31.50,CLOSED,0
669708.487,0,0,0,1.000,1.000,1.000,-90.00,180.00,31.50,CLOSED,0
669708.495,0,0,0,1.000,1.000,1.000,-90.00,180.00,31.50,CLOSED,0
669708.503,0,0,0,1.000,1.000,1.000,-90.00,180.00,31.50,CLOSED,0
669708.507,0,0,0,1.000,1.000,1.000,-90.00,180.00,31.50,CLOSED,0
669708.513,0,0,0,1.000,1.000,1.000,-90.00,180.00,31.50,CLOSED,0
669708.519,0,0,0,1.000,1.000,1.000,-90.00,180.00,31.50,CLOSED,0
669708.529,0,0,0,1.000,1.000,1.000,-90.00,180.00,31.50,CLOSED,0
669708.534,0,0,0,1.000,1.000,1.000,-90.00,180.00,31.50,CLOSED,0
669708.538,0,0,0,1.000,1.000,1.000,-90.00,180.00,31.50,CLOSED,0
669708.542,0,0,0,1.000,1.000,1.000,-90.00,180.00,31.50,CLOSED,0
669708.553,0,0,0,1.000,1.000,1.000,-90.00,180.00,31.50,CLOSED,0
669708.557,0,0,0,1.000,1.000,1.000,-90.00,180.00,31.50,CLOSED,0
669708.561,0,0,0,1.000,1.000,1.000,-90.00,180.00,31.50,CLOSED,0
669708.566,0,0,0,1.000,1.000,1.000,-90.00,180.00,31.50,CLOSED,0
669708.570,0,0,0,1.000,1.000,1.000,-90.00,180.00,31.50,CLOSED,0
669708.573,0,0,0,1.000,1.000,1.000,-90.00,180.00,31.50,CLOSED,0
669708.581,0,0,0,1.000,1.000,1.000,-90.00,180.00,31.50,CLOSED,0
669708.586,0,0,0,1.000,1.000,1.000,-90.00,180.00,31.50,CLOSED,0
669708.589,0,0,0,1.000,1.000,1.000,-90.00,180.00,31.50,CLOSED,0
669708.599,0,0,0,1.000,1.000,1.000,-90.00,180.00,31.50,CLOSED,0
669708.603,0,0,0,1.000,1.000,1.000,-90.00,180.00,31.50,CLOSED,0
669708.609,0,0,0,1.000,1.000,1.000,-90.00,180.00,31.50,CLOSED,0
669708.617,0,0,0,1.000,1.000,1.000,-90.00,180.00,31.50,CLOSED,0
669708.622,0,0,0,1.000,1.000,1.000,-90.00,180.00,31.50,CLOSED,0
669708.626,0,0,0,1.000,1.000,1.000,-90.00,180.00,31.50,CLOSED,0
669708.631,0,0,0,1.000,1.000,1.000,-90.00,180.00,31.50,CLOSED,0
669708.643,0,0,0,1.000,1.000,1.000,-90.00,180.00,31.50,CLOSED,0
669708.647,0,0,0,1.000,1.000,1.000,-90.00,180.00,31.50,CLOSED,0
669708.651,0,0,0,1.000,1.000,1.000,-90.00,180.00,31.50,CLOSED,0
669708.655,0,0,0,1.000,1.000,1.000,-90.00,180.00,31.50,CLOSED,0
669708.662,0,0,0,1.000,1.000,1.000,-90.00,180.00,31.50,CLOSED,0
669708.672,0,0,0,1.000,1.000,1.000,-90.00,180.00,31.50,CLOSED,0
669708.693,0,0,0,1.000,1.000,1.000,-90.00,180.00,31.50,CLOSED,0
669708.712,0,0,0,1.000,1.000,1.000,-90.00,180.00,31.50,CLOSED,0
669708.724,0,0,0,1.000,1.000,1.000,-90.00,180.00,31.50,CLOSED,0
669708.734,0,0,0,1.000,1.000,1.000,-90.00,180.00,31.50,CLOSED,0
669708.744,0,0,0,1.000,1.000,1.000,-90.00,180.00,31.50,CLOSED,0
669708.752,0,0,0,1.000,1.000,1.000,-90.00,180.00,31.50,CLOSED,0
669708.758,0,0,0,1.000,1.000,1.000,-90.00,180.00,31.50,CLOSED,0
669708.767,0,0,0,1.000,1.000,1.000,-90.00,180.00,31.50,CLOSED,0
669708.773,0,0,0,1.000,1.000,1.000,-90.00,180.00,31.50,CLOSED,0
669708.782,0,0,0,1.000,1.000,1.000,-90.00,180.00,31.50,CLOSED,0
669708.787,0,0,0,1.000,1.000,1.000,-90.00,180.00,31.50,CLOSED,0
669708.796,0,0,0,1.000,1.000,1.000,-90.00,180.00,31.50,CLOSED,0
669708.799,0,0,0,1.000,1.000,1.000,-90.00,180.00,31.50,CLOSED,0
669708.803,0,0,0,1.000,1.000,1.000,-90.00,180.00,31.50,CLOSED,0
669708.808,0,0,0,1.000,1.000,1.000,-90.00,180.00,31.50,CLOSED,0
669708.812,0,0,0,1.000,1.000,1.000,-90.00,180.00,31.50,CLOSED,0
669708.816,0,0,0,1.000,1.000,1.000,-90.00,180.00,31.50,CLOSED,0
669708.821,0,0,0,1.000,1.000,1.000,-90.00,180.00,31.50,CLOSED,0
669708.825,0,0,0,1.000,1.000,1.000,-90.00,180.00,31.50,CLOSED,0
669708.829,0,0,0,1.000,1.000,1.000,-90.00,180.00,31.50,CLOSED,0
669708.835,0,0,0,1.000,1.000,1.000,-90.00,180.00,31.50,CLOSED,0
669708.844,0,0,0,1.000,1.000,1.000,-90.00,180.00,31.50,CLOSED,0
669708.848,0,0,0,1.000,1.000,1.000,-90.00,180.00,31.50,CLOSED,0
669708.852,0,0,0,1.000,1.000,1.000,-90.00,180.00,31.50,CLOSED,0
669708.856,0,0,0,1.000,1.000,1.000,-90.00,180.00,31.50,CLOSED,0
669708.860,0,0,0,1.000,1.000,1.000,-90.00,180.00,31.50,CLOSED,0
669708.863,0,0,0,1.000,1.000,1.000,-90.00,180.00,31.50,CLOSED,0
669708.868,0,0,0,1.000,1.000,1.000,-90.00,180.00,31.50,CLOSED,0
669708.871,0,0,0,1.000,1.000,1.000,-90.00,180.00,31.50,CLOSED,0
669708.876,0,0,0,1.000,1.000,1.000,-90.00,180.00,31.50,CLOSED,0
669708.880,0,0,0,1.000,1.000,1.000,-90.00,180.00,31.50,CLOSED,0
669708.886,0,0,0,1.000,1.000,1.000,-90.00,180.00,31.50,CLOSED,0
669708.894,0,0,0,1.000,1.000,1.000,-90.00,180.00,31.50,CLOSED,0
669708.900,0,0,0,1.000,1.000,1.000,-90.00,180.00,31.50,CLOSED,0
669708.906,0,0,0,1.000,1.000,1.000,-90.00,180.00,31.50,CLOSED,0
669708.911,0,0,0,1.000,1.000,1.000,-90.00,180.00,31.50,CLOSED,0
669708.916,0,0,0,1.000,1.000,1.000,-90.00,180.00,31.50,CLOSED,0
669708.920,0,0,0,1.000,1.000,1.000,-90.00,180.00,31.50,CLOSED,0
669708.925,0,0,0,1.000,1.000,1.000,-90.00,180.00,31.50,CLOSED,0
669708.929,0,0,0,1.000,1.000,1.000,-90.00,180.00,31.50,CLOSED,0
669708.933,0,0,0,1.000,1.000,1.000,-90.00,180.00,31.50,CLOSED,0
669708.938,0,0,0,1.000,1.000,1.000,-90.00,180.00,31.50,CLOSED,0
669708.942,0,0,0,1.000,1.000,1.000,-90.00,180.00,31.50,CLOSED,0
669708.945,0,0,0,1.000,1.000,1.000,-90.00,180.00,31.50,CLOSED,0
669708.949,0,0,0,1.000,1.000,1.000,-90.00,180.00,31.50,CLOSED,0
669708.955,0,0,0,1.000,1.000,1.000,-90.00,180.00,31.50,CLOSED,0
669708.958,0,0,0,1.000,1.000,1.000,-90.00,180.00,31.50,CLOSED,0
669708.965,0,0,0,1.000,1.000,1.000,-90.00,180.00,31.50,CLOSED,0
669708.970,0,0,0,1.000,1.000,1.000,-90.00,180.00,31.50,CLOSED,0
669708.974,0,0,0,1.000,1.000,1.000,-90.00,180.00,31.50,CLOSED,0
669708.978,0,0,0,1.000,1.000,1.000,-90.00,180.00,31.50,CLOSED,0
669708.982,0,0,0,1.000,1.000,1.000,-90.00,180.00,31.50,CLOSED,0
669708.991,0,0,0,1.000,1.000,1.000,-90.00,180.00,31.50,CLOSED,0
669708.995,0,0,0,1.000,1.000,1.000,-90.00,180.00,31.50,CLOSED,0
669708.998,0,0,0,1.000,1.000,1.000,-90.00,180.00,31.50,CLOSED,0
669709.003,0,0,0,1.000,1.000,1.000,-90.00,180.00,31.50,CLOSED,0
669709.007,0,0,0,1.000,1.000,1.000,-90.00,180.00,31.50,CLOSED,0
669709.011,0,0,0,1.000,1.000,1.000,-90.00,180.00,31.50,CLOSED,0
669709.015,0,0,0,1.000,1.000,1.000,-90.00,180.00,31.50,CLOSED,0
669709.021,0,0,0,1.000,1.000,1.000,-90.00,180.00,31.50,CLOSED,0
669709.025,0,0,0,1.000,1.000,1.000,-90.00,180.00,31.50,CLOSED,0
669709.029,0,0,0,1.000,1.000,1.000,-90.00,180.00,31.50,CLOSED,0
669709.034,0,0,0,1.000,1.000,1.000,-90.00,180.00,31.50,CLOSED,0
669709.038,0,0,0,0.997,1.000,1.000,-90.00,180.00,31.50,CLOSED,0
669709.042,0,0,0,0.857,1.000,1.000,-90.00,180.00,31.50,CLOSED,0
669709.047,0,0,0,0.976,1.000,1.000,-90.00,180.00,31.50,CLOSED,0
669709.050,0,0,0,0.990,1.000,1.000,-90.00,180.00,31.50,CLOSED,0
669709.055,0,0,0,0.994,1.000,1.000,-90.00,180.00,31.50,CLOSED,0
669709.059,0,0,0,0.996,1.000,1.000,-90.00,180.00,31.50,CLOSED,0
669709.063,0,0,0,0.996,1.000,1.000,-90.00,180.00,31.50,CLOSED,0
669709.067,0,0,0,1.000,1.000,1.000,-90.00,180.00,31.50,CLOSED,0
669709.071,0,0,0,1.000,1.000,1.000,-90.00,180.00,31.50,CLOSED,0
669709.076,1,0,0,1.000,1.000,1.000,-90.00,180.00,36.00,CLOSED,1
669709.080,1,0,0,0.999,1.000,1.000,-90.00,180.00,36.00,CLOSED,0
669709.092,1,0,0,0.997,1.000,1.000,-90.00,180.00,36.00,CLOSED,0
669709.102,1,0,0,0.993,1.000,1.000,-90.00,180.00,36.00,CLOSED,0
669709.106,1,0,0,0.983,1.000,1.000,-90.00,180.00,36.00,CLOSED,0
669709.109,1,0,0,0.931,1.000,1.000,-90.00,180.00,36.00,CLOSED,0
669709.113,1,0,0,0.697,1.000,1.000,-90.00,180.00,36.00,CLOSED,0
669709.117,1,0,0,0.853,1.000,1.000,-90.00,180.00,36.00,CLOSED,0
669709.121,1,0,0,0.991,1.000,1.000,-90.00,180.00,36.00,CLOSED,0
669709.126,1,0,0,0.999,1.000,1.000,-90.00,180.00,36.00,CLOSED,0
669709.131,1,0,0,1.000,1.000,1.000,-90.00,180.00,36.00,CLOSED,0
669709.135,1,0,0,1.000,1.000,1.000,-90.00,180.00,36.00,CLOSED,0
669709.139,1,0,0,1.000,1.000,1.000,-90.00,180.00,36.00,CLOSED,0
669709.145,1,0,0,1.000,1.000,1.000,-90.00,180.00,36.00,CLOSED,0
669709.150,1,0,0,1.000,1.000,1.000,-90.00,180.00,36.00,CLOSED,0
669709.155,1,0,0,1.000,1.000,1.000,-90.00,180.00,36.00,CLOSED,0
669709.160,1,0,0,1.000,1.000,1.000,-90.00,180.00,36.00,CLOSED,0
669709.164,1,0,0,1.000,1.000,1.000,-90.00,180.00,36.00,CLOSED,0
669709.169,1,0,0,1.000,1.000,1.000,-90.00,180.00,36.00,CLOSED,0
669709.173,1,0,0,1.000,1.000,1.000,-90.00,180.00,36.00,CLOSED,0
669709.177,1,0,0,1.000,1.000,1.000,-90.00,180.00,40.50,CLOSED,1
669709.181,1,0,0,1.000,1.000,1.000,-90.00,180.00,40.50,CLOSED,0
669709.185,1,0,0,1.000,1.000,1.000,-90.00,180.00,40.50,CLOSED,0
669709.189,1,0,0,1.000,1.000,1.000,-90.00,180.00,40.50,CLOSED,0
669709.193,1,0,0,1.000,1.000,1.000,-90.00,180.00,40.50,CLOSED,0
669709.197,1,0,0,1.000,1.000,1.000,-90.00,180.00,40.50,CLOSED,0
669709.201,1,0,0,1.000,1.000,1.000,-90.00,180.00,40.50,CLOSED,0
669709.212,1,0,0,1.000,1.000,1.000,-90.00,180.00,40.50,CLOSED,0
669709.217,1,0,0,1.000,1.000,1.000,-90.00,180.00,40.50,CLOSED,0
669709.222,1,0,0,1.000,1.000,1.000,-90.00,180.00,40.50,CLOSED,0
669709.226,1,0,0,1.000,1.000,1.000,-90.00,180.00,40.50,CLOSED,0
669709.230,1,0,0,1.000,1.000,1.000,-90.00,180.00,40.50,CLOSED,0
669709.238,1,0,0,1.000,1.000,1.000,-90.00,180.00,40.50,CLOSED,0
669709.242,1,0,0,1.000,1.000,1.000,-90.00,180.00,40.50,CLOSED,0
669709.246,1,0,0,1.000,1.000,1.000,-90.00,180.00,40.50,CLOSED,0
669709.250,1,0,0,1.000,1.000,1.000,-90.00,180.00,40.50,CLOSED,0
669709.254,1,0,0,1.000,1.000,1.000,-90.00,180.00,40.50,CLOSED,0
669709.258,1,0,0,1.000,1.000,1.000,-90.00,180.00,40.50,CLOSED,0
669709.262,1,0,0,1.000,1.000,1.000,-90.00,180.00,40.50,CLOSED,0
669709.266,1,0,0,1.000,1.000,1.000,-90.00,180.00,40.50,CLOSED,0
669709.272,1,0,0,1.000,1.000,1.000,-90.00,180.00,40.50,CLOSED,0
669709.276,1,0,0,1.000,1.000,1.000,-90.00,180.00,40.50,CLOSED,0
669709.280,1,0,0,1.000,1.000,1.000,-90.00,180.00,45.00,CLOSED,1
669709.285,1,0,0,1.000,1.000,1.000,-90.00,180.00,45.00,CLOSED,0
669709.290,1,0,0,1.000,1.000,1.000,-90.00,180.00,45.00,CLOSED,0
669709.294,1,0,0,1.000,1.000,1.000,-90.00,180.00,45.00,CLOSED,0
669709.298,1,0,0,1.000,1.000,1.000,-90.00,180.00,45.00,CLOSED,0
669709.302,1,0,0,1.000,1.000,1.000,-90.00,180.00,45.00,CLOSED,0
669709.306,1,0,0,1.000,1.000,1.000,-90.00,180.00,45.00,CLOSED,0
669709.309,1,0,0,1.000,1.000,1.000,-90.00,180.00,45.00,CLOSED,0
669709.313,1,0,0,1.000,1.000,1.000,-90.00,180.00,45.00,CLOSED,0
669709.317,1,0,0,1.000,1.000,1.000,-90.00,180.00,45.00,CLOSED,0
669709.321,1,0,0,1.000,1.000,1.000,-90.00,180.00,45.00,CLOSED,0
669709.324,1,0,0,1.000,1.000,1.000,-90.00,180.00,45.00,CLOSED,0
669709.329,1,0,0,1.000,1.000,1.000,-90.00,180.00,45.00,CLOSED,0
669709.332,1,0,0,1.000,1.000,1.000,-90.00,180.00,45.00,CLOSED,0
669709.336,1,0,0,1.000,1.000,1.000,-90.00,180.00,45.00,CLOSED,0
669709.340,1,0,0,1.000,1.000,1.000,-90.00,180.00,45.00,CLOSED,0
669709.344,1,0,0,1.000,1.000,1.000,-90.00,180.00,45.00,CLOSED,0
669709.348,1,0,0,1.000,1.000,1.000,-90.00,180.00,45.00,CLOSED,0
669709.352,1,0,0,1.000,1.000,1.000,-90.00,180.00,45.00,CLOSED,0
669709.356,1,0,0,1.000,1.000,1.000,-90.00,180.00,45.00,CLOSED,0
669709.360,1,0,0,1.000,1.000,1.000,-90.00,180.00,45.00,CLOSED,0
669709.363,1,0,0,1.000,1.000,1.000,-90.00,180.00,45.00,CLOSED,0
669709.367,1,0,0,1.000,1.000,1.000,-90.00,180.00,45.00,CLOSED,0
669709.375,1,0,0,1.000,1.000,1.000,-90.00,180.00,45.00,CLOSED,0
669709.379,1,0,0,1.000,1.000,1.000,-90.00,180.00,45.00,CLOSED,0
669709.382,1,0,0,1.000,1.000,1.000,-90.00,180.00,49.50,CLOSED,1
669709.388,1,0,0,1.000,1.000,1.000,-90.00,180.00,49.50,CLOSED,0
669709.395,1,0,0,1.000,1.000,1.000,-90.00,180.00,49.50,CLOSED,0
669709.401,1,0,0,1.000,1.000,1.000,-90.00,180.00,49.50,CLOSED,0
669709.405,1,0,0,1.000,1.000,1.000,-90.00,180.00,49.50,CLOSED,0
669709.410,1,0,0,1.000,1.000,1.000,-90.00,180.00,49.50,CLOSED,0
669709.414,1,0,0,1.000,1.000,1.000,-90.00,180.00,49.50,CLOSED,0
669709.420,1,0,0,1.000,1.000,1.000,-90.00,180.00,49.50,CLOSED,0
669709.423,1,0,0,1.000,1.000,1.000,-90.00,180.00,49.50,CLOSED,0
669709.428,1,0,0,1.000,1.000,1.000,-90.00,180.00,49.50,CLOSED,0
669709.432,1,0,0,1.000,1.000,1.000,-90.00,180.00,49.50,CLOSED,0
669709.436,1,0,0,1.000,1.000,1.000,-90.00,180.00,49.50,CLOSED,0
669709.444,1,0,0,1.000,1.000,1.000,-90.00,180.00,49.50,CLOSED,0
669709.448,1,0,0,1.000,1.000,1.000,-90.00,180.00,49.50,CLOSED,0
669709.453,1,0,0,1.000,1.000,1.000,-90.00,180.00,49.50,CLOSED,0
669709.457,1,0,0,1.000,1.000,1.000,-90.00,180.00,49.50,CLOSED,0
669709.461,1,0,0,1.000,1.000,1.000,-90.00,180.00,49.50,CLOSED,0
669709.466,1,0,0,1.000,1.000,1.000,-90.00,180.00,49.50,CLOSED,0
669709.473,1,0,0,1.000,1.000,1.000,-90.00,180.00,49.50,CLOSED,0
669709.477,1,0,0,1.000,1.000,1.000,-90.00,180.00,49.50,CLOSED,0
669709.482,1,0,0,1.000,1.000,1.000,-90.00,180.00,49.50,CLOSED,0
669709.488,1,0,0,1.000,1.000,1.000,-90.00,180.00,54.00,CLOSED,1
669709.497,1,0,0,1.000,1.000,1.000,-90.00,180.00,54.00,CLOSED,0
669709.500,1,0,0,1.000,1.000,1.000,-90.00,180.00,54.00,CLOSED,0
669709.505,1,0,0,1.000,1.000,1.000,-90.00,180.00,54.00,CLOSED,0
669709.513,1,0,0,1.000,1.000,1.000,-90.00,180.00,54.00,CLOSED,0
669709.517,1,0,0,1.000,1.000,1.000,-90.00,180.00,54.00,CLOSED,0
669709.521,1,0,0,1.000,1.000,1.000,-90.00,180.00,54.00,CLOSED,0
669709.525,1,0,0,1.000,1.000,1.000,-90.00,180.00,54.00,CLOSED,0
669709.529,1,0,0,1.000,1.000,1.000,-90.00,180.00,54.00,CLOSED,0
669709.534,1,0,0,1.000,1.000,1.000,-90.00,180.00,54.00,CLOSED,0
669709.541,1,0,0,1.000,1.000,1.000,-90.00,180.00,54.00,CLOSED,0
669709.555,1,0,0,0.999,1.000,1.000,-90.00,180.00,54.00,CLOSED,0
669709.562,1,0,0,0.972,1.000,1.000,-90.00,180.00,54.00,CLOSED,0
669709.568,1,0,0,0.644,1.000,1.000,-90.00,180.00,54.00,CLOSED,0
669709.574,1,0,0,0.756,1.000,1.000,-90.00,180.00,54.00,CLOSED,0
669709.579,1,0,0,0.776,1.000,1.000,-90.00,180.00,54.00,CLOSED,0
669709.583,1,0,0,0.804,1.000,1.000,-90.00,180.00,54.00,CLOSED,0
669709.588,1,0,0,0.577,1.000,1.000,-90.00,180.00,58.50,CLOSED,1
669709.593,1,0,0,0.972,1.000,1.000,-90.00,180.00,58.50,CLOSED,0
669709.597,1,0,0,0.999,1.000,1.000,-90.00,180.00,58.50,CLOSED,0
669709.600,1,0,0,0.999,1.000,1.000,-90.00,180.00,58.50,CLOSED,0
669709.604,1,0,0,1.000,1.000,1.000,-90.00,180.00,58.50,CLOSED,0
669709.609,1,0,0,1.000,1.000,1.000,-90.00,180.00,58.50,CLOSED,0
669709.613,1,0,0,1.000,1.000,1.000,-90.00,180.00,58.50,CLOSED,0
669709.617,1,0,0,1.000,1.000,1.000,-90.00,180.00,58.50,CLOSED,0
669709.621,0,0,0,1.000,1.000,1.000,-90.00,180.00,58.50,CLOSED,0
669709.628,0,0,0,1.000,1.000,1.000,-90.00,180.00,58.50,CLOSED,0
669709.632,0,0,0,1.000,1.000,1.000,-90.00,180.00,58.50,CLOSED,0
669709.636,0,0,0,1.000,1.000,1.000,-90.00,180.00,58.50,CLOSED,0
669709.644,0,0,0,1.000,1.000,1.000,-90.00,180.00,58.50,CLOSED,0
669709.648,0,0,0,1.000,1.000,1.000,-90.00,180.00,58.50,CLOSED,0
669709.652,0,0,0,1.000,1.000,1.000,-90.00,180.00,58.50,CLOSED,0
669709.656,0,0,0,1.000,1.000,1.000,-90.00,180.00,58.50,CLOSED,0
669709.662,0,0,0,1.000,1.000,1.000,-90.00,180.00,58.50,CLOSED,0
669709.666,0,0,0,1.000,1.000,1.000,-90.00,180.00,58.50,CLOSED,0
669709.671,0,0,0,1.000,1.000,1.000,-90.00,180.00,58.50,CLOSED,0
669709.676,0,0,0,1.000,1.000,1.000,-90.00,180.00,58.50,CLOSED,0
669709.680,0,0,0,0.999,1.000,1.000,-90.00,180.00,58.50,CLOSED,0
669709.684,0,0,0,0.999,1.000,1.000,-90.00,180.00,58.50,CLOSED,0
669709.688,0,0,0,0.998,1.000,1.000,-90.00,180.00,58.50,CLOSED,0
669709.692,0,0,0,0.999,1.000,1.000,-90.00,180.00,58.50,CLOSED,0
669709.696,0,0,0,1.000,1.000,1.000,-90.00,180.00,58.50,CLOSED,0
669709.700,0,0,0,1.000,1.000,1.000,-90.00,180.00,58.50,CLOSED,0
669709.704,0,0,0,1.000,1.000,1.000,-90.00,180.00,58.50,CLOSED,0
669709.708,0,0,0,1.000,1.000,1.000,-90.00,180.00,58.50,CLOSED,0
669709.712,0,0,0,1.000,1.000,1.000,-90.00,180.00,58.50,CLOSED,0
669709.717,0,0,0,1.000,1.000,1.000,-90.00,180.00,58.50,CLOSED,0
669709.721,0,0,0,1.000,1.000,1.000,-90.00,180.00,58.50,CLOSED,0
669709.725,0,0,0,1.000,1.000,1.000,-90.00,180.00,58.50,CLOSED,0
669709.729,0,0,0,1.000,1.000,1.000,-90.00,180.00,58.50,CLOSED,0
669709.733,0,0,0,1.000,1.000,1.000,-90.00,180.00,58.50,CLOSED,0
669709.737,0,0,0,1.000,1.000,1.000,-90.00,180.00,58.50,CLOSED,0
669709.742,0,0,0,1.000,1.000,1.000,-90.00,180.00,58.50,CLOSED,0
669709.749,0,0,0,1.000,1.000,1.000,-90.00,180.00,58.50,CLOSED,0
669709.755,0,0,0,1.000,1.000,1.000,-90.00,180.00,58.50,CLOSED,0
669709.761,0,0,0,1.000,1.000,1.000,-90.00,180.00,58.50,CLOSED,0
669709.766,0,0,0,1.000,1.000,1.000,-90.00,180.00,58.50,CLOSED,0
669709.771,0,0,0,1.000,1.000,1.000,-90.00,180.00,58.50,CLOSED,0
669709.777,0,0,0,1.000,1.000,1.000,-90.00,180.00,58.50,CLOSED,0
669709.781,0,0,0,1.000,1.000,1.000,-90.00,180.00,58.50,CLOSED,0
669709.786,0,0,0,1.000,1.000,1.000,-90.00,180.00,58.50,CLOSED,0
669709.789,0,0,0,1.000,1.000,1.000,-90.00,180.00,58.50,CLOSED,0
669709.795,0,0,0,1.000,1.000,1.000,-90.00,180.00,58.50,CLOSED,0
669709.799,0,0,0,1.000,1.000,1.000,-90.00,180.00,58.50,CLOSED,0
669709.803,0,0,0,1.000,1.000,1.000,-90.00,180.00,58.50,CLOSED,0
669709.807,0,0,0,1.000,1.000,1.000,-90.00,180.00,58.50,CLOSED,0
669709.811,0,0,0,1.000,1.000,1.000,-90.00,180.00,58.50,CLOSED,0
669709.819,0,0,0,1.000,1.000,1.000,-90.00,180.00,58.50,CLOSED,0
669709.822,0,0,0,1.000,1.000,1.000,-90.00,180.00,58.50,CLOSED,0
669709.829,0,0,0,1.000,1.000,1.000,-90.00,180.00,58.50,CLOSED,0
669709.833,0,0,0,1.000,1.000,1.000,-90.00,180.00,58.50,CLOSED,0
669709.838,0,0,0,1.000,1.000,1.000,-90.00,180.00,58.50,CLOSED,0
669709.842,0,0,0,1.000,1.000,1.000,-90.00,180.00,58.50,CLOSED,0
669709.846,0,0,0,1.000,1.000,1.000,-90.00,180.00,58.50,CLOSED,0
669709.850,0,0,0,1.000,1.000,1.000,-90.00,180.00,58.50,CLOSED,0
669709.854,0,0,0,1.000,1.000,1.000,-90.00,180.00,58.50,CLOSED,0
669709.858,0,0,0,1.000,1.000,1.000,-90.00,180.00,58.50,CLOSED,0
669709.862,0,0,0,1.000,1.000,1.000,-90.00,180.00,58.50,CLOSED,0
669709.866,0,0,0,1.000,1.000,1.000,-90.00,180.00,58.50,CLOSED,0
669709.869,0,0,0,1.000,1.000,1.000,-90.00,180.00,58.50,CLOSED,0
669709.878,0,0,0,1.000,1.000,1.000,-90.00,180.00,58.50,CLOSED,0
669709.881,0,0,0,1.000,1.000,1.000,-90.00,180.00,58.50,CLOSED,0
669709.885,0,0,0,1.000,1.000,1.000,-90.00,180.00,58.50,CLOSED,0
669709.890,0,0,0,1.000,1.000,1.000,-90.00,180.00,58.50,CLOSED,0
669709.894,0,0,0,1.000,1.000,1.000,-90.00,180.00,58.50,CLOSED,0
669709.899,0,0,0,1.000,1.000,1.000,-90.00,180.00,58.50,CLOSED,0
669709.906,0,0,0,1.000,1.000,1.000,-90.00,180.00,58.50,CLOSED,0
669709.911,0,0,0,1.000,1.000,1.000,-90.00,180.00,58.50,CLOSED,0
669709.916,0,0,0,1.000,1.000,1.000,-90.00,180.00,58.50,CLOSED,0
669709.921,0,0,0,1.000,1.000,1.000,-90.00,180.00,58.50,CLOSED,0
669709.930,0,0,0,1.000,1.000,1.000,-90.00,180.00,58.50,CLOSED,0
669709.939,0,0,0,1.000,1.000,1.000,-90.00,180.00,58.50,CLOSED,0
669709.944,0,0,0,1.000,1.000,1.000,-90.00,180.00,58.50,CLOSED,0
669709.948,0,0,0,1.000,1.000,1.000,-90.00,180.00,58.50,CLOSED,0
669709.952,0,0,0,1.000,1.000,1.000,-90.00,180.00,58.50,CLOSED,0
669709.956,0,0,0,1.000,1.000,1.000,-90.00,180.00,58.50,CLOSED,0
669709.961,0,0,0,1.000,1.000,1.000,-90.00,180.00,58.50,CLOSED,0
669709.964,0,0,0,1.000,1.000,1.000,-90.00,180.00,58.50,CLOSED,0
669709.968,0,0,0,1.000,1.000,1.000,-90.00,180.00,58.50,CLOSED,0
669709.972,0,0,0,1.000,1.000,1.000,-90.00,180.00,58.50,CLOSED,0
669709.976,0,0,0,1.000,1.000,1.000,-90.00,180.00,58.50,CLOSED,0
669709.980,0,0,0,1.000,1.000,1.000,-90.00,180.00,58.50,CLOSED,0
669709.984,0,0,0,1.000,1.000,1.000,-90.00,180.00,58.50,CLOSED,0
669709.988,0,0,0,1.000,1.000,1.000,-90.00,180.00,58.50,CLOSED,0
669709.993,0,0,0,1.000,1.000,1.000,-90.00,180.00,58.50,CLOSED,0
669709.997,0,0,0,1.000,1.000,1.000,-90.00,180.00,58.50,CLOSED,0
669710.001,0,0,0,1.000,1.000,1.000,-90.00,180.00,58.50,CLOSED,0
669710.005,0,0,0,1.000,1.000,1.000,-90.00,180.00,58.50,CLOSED,0
669710.009,0,0,0,1.000,1.000,1.000,-90.00,180.00,58.50,CLOSED,0
669710.013,0,0,0,1.000,1.000,1.000,-90.00,180.00,58.50,CLOSED,0
669710.019,0,0,0,1.000,1.000,1.000,-90.00,180.00,58.50,CLOSED,0
669710.022,0,0,0,1.000,1.000,1.000,-90.00,180.00,58.50,CLOSED,0
669710.026,0,0,0,1.000,1.000,1.000,-90.00,180.00,58.50,CLOSED,0
669710.030,0,0,0,1.000,1.000,1.000,-90.00,180.00,58.50,CLOSED,0
669710.034,0,0,0,1.000,1.000,1.000,-90.00,180.00,58.50,CLOSED,0
669710.038,0,0,0,1.000,1.000,1.000,-90.00,180.00,58.50,CLOSED,0
669710.042,0,0,0,1.000,1.000,1.000,-90.00,180.00,58.50,CLOSED,0
669710.046,0,0,0,1.000,1.000,1.000,-90.00,180.00,58.50,CLOSED,0
669710.050,0,0,0,1.000,1.000,1.000,-90.00,180.00,58.50,CLOSED,0
669710.054,0,0,0,1.000,1.000,1.000,-90.00,180.00,58.50,CLOSED,0
669710.058,0,0,0,1.000,1.000,1.000,-90.00,180.00,58.50,CLOSED,0
669710.065,0,0,0,1.000,1.000,1.000,-90.00,180.00,58.50,CLOSED,0
669710.069,0,0,0,1.000,1.000,1.000,-90.00,180.00,58.50,CLOSED,0
669710.072,0,0,0,1.000,1.000,1.000,-90.00,180.00,58.50,CLOSED,0
669710.076,0,0,0,1.000,1.000,1.000,-90.00,180.00,58.50,CLOSED,0
669710.081,0,0,0,1.000,1.000,1.000,-90.00,180.00,58.50,CLOSED,0
669710.087,0,0,0,1.000,1.000,1.000,-90.00,180.00,58.50,CLOSED,0
669710.092,0,0,0,1.000,1.000,1.000,-90.00,180.00,58.50,CLOSED,0
669710.098,0,0,0,1.000,1.000,1.000,-90.00,180.00,58.50,CLOSED,0
669710.103,0,0,0,1.000,1.000,1.000,-90.00,180.00,58.50,CLOSED,0
669710.109,0,0,0,1.000,1.000,1.000,-90.00,180.00,58.50,CLOSED,0
669710.114,0,0,0,1.000,1.000,1.000,-90.00,180.00,58.50,CLOSED,0
669710.119,0,0,0,1.000,1.000,1.000,-90.00,180.00,58.50,CLOSED,0
669710.124,0,0,0,1.000,1.000,1.000,-90.00,180.00,58.50,CLOSED,0
669710.128,0,0,0,1.000,1.000,1.000,-90.00,180.00,58.50,CLOSED,0
669710.132,0,0,0,1.000,1.000,1.000,-90.00,180.00,58.50,CLOSED,0
669710.137,0,0,0,1.000,1.000,1.000,-90.00,180.00,58.50,CLOSED,0
669710.145,0,0,0,1.000,1.000,1.000,-90.00,180.00,58.50,CLOSED,0
669710.148,0,0,0,1.000,1.000,1.000,-90.00,180.00,58.50,CLOSED,0
669710.155,0,0,0,1.000,1.000,1.000,-90.00,180.00,58.50,CLOSED,0
669710.164,0,0,0,1.000,1.000,1.000,-90.00,180.00,58.50,CLOSED,0
669710.168,0,0,0,1.000,1.000,1.000,-90.00,180.00,58.50,CLOSED,0
669710.175,0,0,0,1.000,1.000,1.000,-90.00,180.00,58.50,CLOSED,0
669710.179,0,0,0,1.000,1.000,1.000,-90.00,180.00,58.50,CLOSED,0
669710.182,0,0,0,1.000,1.000,1.000,-90.00,180.00,58.50,CLOSED,0
669710.187,0,0,0,1.000,1.000,1.000,-90.00,180.00,58.50,CLOSED,0
669710.190,0,0,0,1.000,1.000,1.000,-90.00,180.00,58.50,CLOSED,0
669710.195,0,0,0,1.000,1.000,1.000,-90.00,180.00,58.50,CLOSED,0
669710.199,0,0,0,1.000,1.000,1.000,-90.00,180.00,58.50,CLOSED,0
669710.203,0,0,0,1.000,1.000,1.000,-90.00,180.00,58.50,CLOSED,0
669710.207,0,0,0,1.000,1.000,1.000,-90.00,180.00,58.50,CLOSED,0
669710.212,0,0,0,1.000,1.000,1.000,-90.00,180.00,58.50,CLOSED,0
669710.219,0,0,0,1.000,1.000,1.000,-90.00,180.00,58.50,CLOSED,0
669710.226,0,0,0,0.999,1.000,1.000,-90.00,180.00,58.50,CLOSED,0
669710.231,0,0,0,0.997,1.000,1.000,-90.00,180.00,58.50,CLOSED,0
669710.241,0,0,0,0.979,1.000,1.000,-90.00,180.00,58.50,CLOSED,0
669710.246,0,0,0,0.921,1.000,1.000,-90.00,180.00,58.50,CLOSED,0
669710.250,0,0,0,0.768,1.000,1.000,-90.00,180.00,58.50,CLOSED,0
669710.263,0,0,0,0.721,1.000,1.000,-90.00,180.00,58.50,CLOSED,0
669710.268,0,0,0,0.425,1.000,1.000,-90.00,180.00,58.50,CLOSED,0
669710.272,0,0,0,0.625,1.000,1.000,-90.00,180.00,58.50,CLOSED,0
669710.276,0,0,0,0.866,1.000,1.000,-90.00,180.00,58.50,CLOSED,0
669710.280,0,0,0,0.963,1.000,1.000,-90.00,180.00,58.50,CLOSED,0
669710.283,0,0,0,0.975,1.000,1.000,-90.00,180.00,58.50,CLOSED,0
669710.288,0,0,0,0.877,1.000,1.000,-90.00,180.00,58.50,CLOSED,0
669710.293,0,0,0,0.749,1.000,1.000,-90.00,180.00,58.50,CLOSED,0
669710.303,0,0,0,0.975,1.000,1.000,-90.00,180.00,58.50,CLOSED,0
669710.307,0,0,0,0.997,1.000,1.000,-90.00,180.00,58.50,CLOSED,0
669710.312,0,0,0,0.999,1.000,1.000,-90.00,180.00,58.50,CLOSED,0
669710.321,0,0,0,1.000,0.993,1.000,-90.00,180.00,58.50,CLOSED,0
669710.325,0,0,0,1.000,0.961,1.000,-90.00,180.00,58.50,CLOSED,0
669710.329,0,0,0,1.000,0.795,1.000,-90.00,180.00,58.50,CLOSED,0
669710.332,0,0,0,1.000,0.729,1.000,-90.00,180.00,58.50,CLOSED,0
669710.338,3,0,0,1.000,0.941,1.000,-90.00,180.00,58.50,OPEN,0
669710.342,3,0,0,1.000,0.984,1.000,-90.00,180.00,58.50,OPEN,0
669710.348,3,0,0,1.000,0.996,1.000,-90.00,180.00,58.50,OPEN,0
669710.353,3,0,0,1.000,0.999,1.000,-90.00,180.00,58.50,OPEN,0
669710.359,3,0,0,1.000,1.000,1.000,-90.00,180.00,58.50,OPEN,0
669710.364,3,0,0,1.000,1.000,1.000,-90.00,180.00,58.50,OPEN,0
669710.369,3,0,0,1.000,1.000,1.000,-90.00,180.00,58.50,OPEN,0
669710.374,3,0,0,1.000,1.000,1.000,-90.00,180.00,58.50,OPEN,0
669710.378,3,0,0,1.000,1.000,0.999,-90.00,180.00,58.50,OPEN,0
669710.383,3,0,0,1.000,1.000,0.998,-90.00,180.00,58.50,OPEN,0
669710.387,3,0,0,1.000,1.000,0.996,-90.00,180.00,58.50,OPEN,0
669710.390,3,0,0,1.000,1.000,0.991,-90.00,180.00,58.50,OPEN,0
669710.395,3,0,0,1.000,1.000,0.979,-90.00,180.00,58.50,OPEN,0
669710.398,3,0,0,1.000,1.000,0.954,-90.00,180.00,58.50,OPEN,0
669710.404,3,0,0,1.000,1.000,0.893,-90.00,180.00,58.50,OPEN,0
669710.409,3,0,0,1.000,0.999,0.763,-90.00,180.00,58.50,OPEN,0
669710.417,3,0,0,1.000,0.998,0.603,-90.00,180.00,58.50,OPEN,0
669710.420,3,0,0,1.000,0.995,0.545,-90.00,180.00,58.50,OPEN,0
669710.424,3,0,0,1.000,0.981,0.624,-90.00,180.00,58.50,OPEN,0
669710.428,3,0,0,1.000,0.940,0.607,-90.00,180.00,58.50,OPEN,0
669710.431,3,0,0,1.000,0.745,0.540,-90.00,180.00,58.50,OPEN,0
669710.436,3,0,0,1.000,0.519,0.563,-90.00,180.00,58.50,OPEN,0
669710.440,3,0,0,1.000,0.658,0.651,-90.00,180.00,58.50,OPEN,0
669710.444,3,0,0,1.000,0.731,0.722,-90.00,180.00,58.50,OPEN,0
669710.448,3,0,0,1.000,0.737,0.754,-90.00,180.00,58.50,OPEN,0
669710.453,3,0,0,1.000,0.661,0.757,-90.00,180.00,58.50,OPEN,0
669710.458,3,0,0,1.000,0.548,0.696,-90.00,180.00,58.50,OPEN,0
669710.462,3,0,0,1.000,0.546,0.575,-90.00,180.00,58.50,OPEN,0
669710.466,3,0,0,1.000,0.583,0.594,-90.00,180.00,58.50,OPEN,0
669710.475,3,0,0,1.000,0.574,0.750,-90.00,180.00,58.50,OPEN,0
669710.479,3,0,0,1.000,0.546,0.855,-90.00,180.00,58.50,OPEN,0
669710.484,3,0,0,1.000,0.723,0.895,-90.00,180.00,58.50,OPEN,0
669710.487,3,0,0,1.000,0.809,0.902,-90.00,180.00,58.50,OPEN,0
669710.491,3,0,0,1.000,0.818,0.897,-90.00,180.00,58.50,OPEN,0
669710.495,3,0,0,1.000,0.791,0.887,-90.00,180.00,58.50,OPEN,0
669710.499,3,0,0,1.000,0.711,0.868,-90.00,180.00,58.50,OPEN,0
669710.503,3,0,0,1.000,0.546,0.811,-90.00,180.00,58.50,OPEN,0
669710.507,3,0,0,1.000,0.627,0.733,-90.00,180.00,58.50,OPEN,0
669710.512,3,0,0,1.000,0.757,0.668,-90.00,180.00,58.50,OPEN,0
669710.522,3,0,0,1.000,0.775,0.620,-90.00,180.00,58.50,OPEN,0
669710.527,3,0,0,1.000,0.743,0.606,-90.00,180.00,58.50,OPEN,0
669710.536,3,0,0,1.000,0.751,0.657,-90.00,180.00,58.50,OPEN,0
669710.540,3,0,0,1.000,0.747,0.746,-90.00,180.00,58.50,OPEN,0
669710.544,3,0,0,1.000,0.703,0.793,-90.00,180.00,58.50,OPEN,0
669710.549,3,0,0,1.000,0.689,0.828,-90.00,180.00,58.50,OPEN,0
669710.554,3,0,0,1.000,0.684,0.827,-90.00,180.00,58.50,OPEN,0
669710.558,3,0,0,1.000,0.670,0.788,-90.00,180.00,58.50,OPEN,0
669710.563,3,0,0,1.000,0.680,0.622,-90.00,180.00,58.50,OPEN,0
669710.571,3,0,0,1.000,0.746,0.664,-90.00,180.00,58.50,OPEN,0
669710.581,3,0,0,1.000,0.741,0.855,-90.00,180.00,58.50,OPEN,0
669710.585,3,0,0,1.000,0.799,0.954,-90.00,180.00,58.50,OPEN,0
669710.589,3,0,0,1.000,0.837,0.986,-90.00,180.00,58.50,OPEN,0
669710.593,3,0,0,1.000,0.853,0.992,-90.00,180.00,58.50,OPEN,0
669710.596,3,0,0,1.000,0.865,0.994,-90.00,180.00,58.50,OPEN,0
669710.603,3,0,0,1.000,0.849,0.995,-90.00,180.00,58.50,OPEN,0
669710.608,3,0,0,1.000,0.878,0.994,-90.00,180.00,58.50,OPEN,0
669710.613,3,0,0,1.000,0.885,0.992,-90.00,180.00,58.50,OPEN,0
669710.617,3,0,0,1.000,0.910,0.989,-90.00,180.00,58.50,OPEN,0
669710.621,3,0,0,1.000,0.944,0.975,-90.00,180.00,58.50,OPEN,0
669710.627,3,0,0,1.000,0.962,0.943,-90.00,180.00,58.50,OPEN,0
669710.631,3,0,0,1.000,0.968,0.872,-90.00,180.00,58.50,OPEN,0
669710.636,3,0,0,1.000,0.958,0.710,-90.00,180.00,58.50,OPEN,0
669710.640,3,0,0,1.000,0.940,0.557,-90.00,180.00,58.50,OPEN,0
669710.643,3,0,0,1.000,0.927,0.558,-90.00,180.00,58.50,OPEN,0
669710.648,3,0,0,1.000,0.929,0.635,-90.00,180.00,58.50,OPEN,0
669710.652,3,0,0,1.000,0.919,0.674,-90.00,180.00,58.50,OPEN,0
669710.660,3,0,0,1.000,0.921,0.634,-90.00,180.00,58.50,OPEN,0
669710.668,3,0,0,1.000,0.902,0.583,-90.00,180.00,58.50,OPEN,0
669710.672,3,0,0,1.000,0.891,0.502,-90.00,180.00,58.50,OPEN,0
669710.680,3,0,0,1.000,0.892,0.607,-90.00,180.00,58.50,OPEN,0
669710.685,3,0,0,1.000,0.904,0.705,-90.00,180.00,58.50,OPEN,0
669710.690,3,0,0,1.000,0.900,0.741,-90.00,180.00,58.50,OPEN,0
669710.698,3,0,0,1.000,0.897,0.740,-90.00,180.00,58.50,OPEN,0
669710.706,3,0,0,1.000,0.881,0.730,-90.00,180.00,58.50,OPEN,0
669710.714,3,0,0,1.000,0.867,0.701,-90.00,180.00,58.50,OPEN,0
669710.722,3,0,0,1.000,0.879,0.649,-90.00,180.00,58.50,OPEN,0
669710.727,3,0,0,1.000,0.887,0.560,-90.00,180.00,58.50,OPEN,0
669710.730,3,0,0,1.000,0.899,0.507,-90.00,180.00,58.50,OPEN,0
669710.735,3,0,0,1.000,0.921,0.595,-90.00,180.00,58.50,OPEN,0
669710.743,3,0,0,1.000,0.919,0.646,-90.00,180.00,58.50,OPEN,0
669710.747,3,0,0,1.000,0.910,0.652,-90.00,180.00,58.50,OPEN,0
669710.751,3,0,0,1.000,0.886,0.637,-90.00,180.00,58.50,OPEN,0
669710.756,3,0,0,1.000,0.876,0.543,-90.00,180.00,58.50,OPEN,0
669710.760,3,0,0,1.000,0.888,0.569,-90.00,180.00,58.50,OPEN,0
669710.764,3,0,0,1.000,0.888,0.679,-90.00,180.00,58.50,OPEN,0
669710.774,3,0,0,1.000,0.879,0.757,-90.00,180.00,58.50,OPEN,0
669710.778,3,0,0,1.000,0.893,0.789,-90.00,180.00,58.50,OPEN,0
669710.782,3,0,0,1.000,0.878,0.818,-90.00,180.00,58.50,OPEN,0
669710.786,3,0,0,1.000,0.844,0.829,-90.00,180.00,58.50,OPEN,0
669710.790,3,0,0,1.000,0.768,0.792,-90.00,180.00,58.50,OPEN,0
669710.794,3,0,0,1.000,0.650,0.752,-90.00,180.00,58.50,OPEN,0
669710.798,3,0,0,1.000,0.650,0.701,-90.00,180.00,58.50,OPEN,0
669710.803,3,0,0,1.000,0.596,0.620,-90.00,180.00,58.50,OPEN,0
669710.811,3,0,0,1.000,0.633,0.552,-90.00,180.00,58.50,OPEN,0
669710.819,3,0,0,1.000,0.712,0.505,-90.00,180.00,58.50,OPEN,0
669710.825,3,0,0,1.000,0.780,0.524,-90.00,180.00,58.50,OPEN,0
669710.835,3,0,0,1.000,0.803,0.523,-90.00,180.00,58.50,OPEN,0
669710.840,3,0,0,1.000,0.768,0.652,-90.00,180.00,58.50,OPEN,0
669710.845,3,0,0,1.000,0.654,0.775,-90.00,180.00,58.50,OPEN,0
669710.850,3,0,0,1.000,0.563,0.836,-90.00,180.00,58.50,OPEN,0
669710.854,3,0,0,1.000,0.726,0.871,-90.00,180.00,58.50,OPEN,0
669710.859,3,0,0,1.000,0.816,0.892,-90.00,180.00,58.50,OPEN,0
669710.863,3,0,0,1.000,0.837,0.878,-90.00,180.00,58.50,OPEN,0
669710.867,3,0,0,1.000,0.829,0.871,-90.00,180.00,58.50,OPEN,0
669710.871,3,0,0,1.000,0.776,0.870,-90.00,180.00,58.50,OPEN,0
669710.875,3,0,0,1.000,0.715,0.858,-90.00,180.00,58.50,OPEN,0
669710.879,3,0,0,1.000,0.763,0.931,-90.00,180.00,58.50,OPEN,0
669710.883,3,0,0,1.000,0.899,0.971,-90.00,180.00,58.50,OPEN,0
669710.887,3,0,0,1.000,0.979,0.992,-90.00,180.00,58.50,OPEN,0
669710.892,3,0,0,0.999,0.993,0.998,-90.00,180.00,58.50,OPEN,0
669710.896,3,0,0,0.997,0.995,1.000,-90.00,180.00,58.50,OPEN,0
669710.900,3,0,0,0.974,0.996,1.000,-90.00,180.00,58.50,OPEN,0
669710.904,3,0,0,0.848,0.994,1.000,-90.00,180.00,58.50,OPEN,0
669710.908,3,0,0,0.664,0.989,1.000,-90.00,180.00,58.50,OPEN,0
669710.912,3,0,0,0.948,0.986,1.000,-90.00,180.00,58.50,OPEN,0
669710.916,3,0,0,0.987,0.985,1.000,-90.00,180.00,58.50,OPEN,0
669710.920,3,0,0,1.000,0.991,1.000,-90.00,180.00,58.50,OPEN,0
669710.924,3,0,0,1.000,0.997,1.000,-90.00,180.00,58.50,OPEN,0
669710.928,3,0,0,1.000,0.999,1.000,-90.00,180.00,58.50,OPEN,0
669710.932,3,0,0,1.000,1.000,1.000,-90.00,180.00,58.50,OPEN,0
669710.935,3,0,0,1.000,1.000,1.000,-90.00,180.00,58.50,OPEN,0
669710.939,0,0,0,1.000,1.000,1.000,-90.00,180.00,58.50,OPEN,0
669710.943,0,0,0,1.000,1.000,1.000,-90.00,180.00,58.50,OPEN,0
669710.948,0,0,0,1.000,1.000,1.000,-90.00,180.00,58.50,OPEN,0
669710.956,0,0,0,1.000,1.000,1.000,-90.00,180.00,58.50,OPEN,0
669710.968,0,0,0,1.000,1.000,1.000,-90.00,180.00,58.50,OPEN,0
669710.974,0,0,0,1.000,1.000,1.000,-90.00,180.00,58.50,OPEN,0
669710.979,0,0,0,1.000,1.000,1.000,-90.00,180.00,58.50,OPEN,0
669710.984,0,0,0,1.000,1.000,1.000,-90.00,180.00,58.50,OPEN,0
669710.989,0,0,0,1.000,1.000,1.000,-90.00,180.00,58.50,OPEN,0
669710.994,0,0,0,1.000,1.000,1.000,-90.00,180.00,58.50,OPEN,0
669710.998,0,0,0,1.000,1.000,1.000,-90.00,180.00,58.50,OPEN,0
669711.007,0,0,0,0.999,1.000,1.000,-90.00,180.00,58.50,OPEN,0
669711.011,0,0,0,1.000,1.000,1.000,-90.00,180.00,58.50,OPEN,0
669711.015,0,0,0,0.982,1.000,1.000,-90.00,180.00,58.50,OPEN,0
669711.019,0,0,0,0.906,1.000,1.000,-90.00,180.00,58.50,OPEN,0
669711.023,0,0,0,0.903,1.000,1.000,-90.00,180.00,58.50,OPEN,0
669711.027,0,0,0,0.729,1.000,1.000,-90.00,180.00,58.50,OPEN,0
669711.030,0,0,0,0.524,1.000,1.000,-90.00,180.00,58.50,OPEN,0
669711.034,0,0,0,0.721,1.000,1.000,-90.00,180.00,58.50,OPEN,0
669711.038,0,0,0,0.648,1.000,1.000,-90.00,180.00,58.50,OPEN,0
669711.042,0,0,0,0.892,1.000,1.000,-90.00,180.00,58.50,OPEN,0
669711.045,0,0,0,0.631,1.000,1.000,-90.00,180.00,58.50,OPEN,0
669711.049,0,0,0,0.557,1.000,1.000,-90.00,180.00,58.50,OPEN,0
669711.053,0,0,0,0.508,1.000,1.000,-90.00,180.00,58.50,OPEN,0
669711.057,0,0,0,0.527,1.000,1.000,-90.00,180.00,58.50,OPEN,0
669711.060,0,0,0,0.555,1.000,1.000,-90.00,180.00,58.50,OPEN,0
669711.069,0,0,0,0.672,1.000,1.000,-90.00,180.00,58.50,OPEN,0
669711.074,0,0,0,0.802,1.000,1.000,-90.00,180.00,58.50,OPEN,0
669711.082,0,0,0,0.957,1.000,1.000,-90.00,180.00,58.50,OPEN,0
669711.086,0,0,0,1.000,1.000,1.000,-90.00,180.00,58.50,OPEN,0
669711.089,0,0,0,1.000,1.000,1.000,-90.00,180.00,58.50,OPEN,0
669711.093,0,0,0,1.000,1.000,1.000,-90.00,180.00,58.50,OPEN,0
669711.100,0,0,0,1.000,1.000,1.000,-90.00,180.00,58.50,OPEN,0
669711.103,0,0,0,1.000,1.000,1.000,-90.00,180.00,58.50,OPEN,0
669711.107,0,0,0,1.000,1.000,1.000,-90.00,180.00,58.50,OPEN,0
669711.115,0,0,0,1.000,1.000,1.000,-90.00,180.00,58.50,OPEN,0
669711.120,0,0,0,1.000,1.000,1.000,-90.00,180.00,58.50,OPEN,0
669711.124,0,0,0,1.000,1.000,1.000,-90.00,180.00,58.50,OPEN,0
669711.128,0,0,0,1.000,1.000,1.000,-90.00,180.00,58.50,OPEN,0
669711.132,0,0,0,1.000,1.000,1.000,-90.00,180.00,58.50,OPEN,0
669711.137,0,0,0,1.000,1.000,1.000,-90.00,180.00,58.50,OPEN,0
669711.145,0,0,0,1.000,1.000,1.000,-90.00,180.00,58.50,OPEN,0
669711.153,0,0,0,1.000,1.000,1.000,-90.00,180.00,58.50,OPEN,0
669711.161,0,0,0,1.000,1.000,1.000,-90.00,180.00,58.50,OPEN,0
669711.167,0,0,0,1.000,1.000,1.000,-90.00,180.00,58.50,OPEN,0
669711.173,0,0,0,1.000,1.000,1.000,-90.00,180.00,58.50,OPEN,0
669711.177,0,0,0,1.000,1.000,1.000,-90.00,180.00,58.50,OPEN,0
669711.181,0,0,0,1.000,1.000,1.000,-90.00,180.00,58.50,OPEN,0
669711.185,0,0,0,1.000,1.000,1.000,-90.00,180.00,58.50,OPEN,0
669711.190,0,0,0,1.000,1.000,1.000,-90.00,180.00,58.50,OPEN,0
669711.194,0,0,0,1.000,1.000,1.000,-90.00,180.00,58.50,OPEN,0
669711.198,0,0,0,1.000,1.000,1.000,-90.00,180.00,58.50,OPEN,0
669711.202,0,0,0,1.000,1.000,1.000,-90.00,180.00,58.50,OPEN,0
669711.211,0,0,0,1.000,1.000,1.000,-90.00,180.00,58.50,OPEN,0
669711.216,0,0,0,1.000,1.000,1.000,-90.00,180.00,58.50,OPEN,0
669711.220,0,0,0,1.000,1.000,1.000,-90.00,180.00,58.50,OPEN,0
669711.225,0,0,0,1.000,1.000,1.000,-90.00,180.00,58.50,OPEN,0
669711.229,0,0,0,1.000,1.000,1.000,-90.00,180.00,58.50,OPEN,0
669711.232,0,0,0,1.000,1.000,1.000,-90.00,180.00,58.50,OPEN,0
669711.238,0,0,0,1.000,1.000,1.000,-90.00,180.00,58.50,OPEN,0
669711.244,0,0,0,1.000,1.000,1.000,-90.00,180.00,58.50,OPEN,0
669711.248,0,0,0,1.000,1.000,1.000,-90.00,180.00,58.50,OPEN,0
669711.252,0,0,0,1.000,1.000,1.000,-90.00,180.00,58.50,OPEN,0
669711.255,0,0,0,1.000,1.000,1.000,-90.00,180.00,58.50,OPEN,0
669711.259,0,0,0,1.000,1.000,1.000,-90.00,180.00,58.50,OPEN,0
669711.263,0,0,0,1.000,1.000,1.000,-90.00,180.00,58.50,OPEN,0
669711.268,0,0,0,1.000,1.000,1.000,-90.00,180.00,58.50,OPEN,0
669711.271,0,0,0,1.000,1.000,1.000,-90.00,180.00,58.50,OPEN,0
669711.275,0,0,0,1.000,1.000,1.000,-90.00,180.00,58.50,OPEN,0
669711.279,0,0,0,1.000,1.000,1.000,-90.00,180.00,58.50,OPEN,0
669711.284,0,0,0,1.000,1.000,1.000,-90.00,180.00,58.50,OPEN,0
669711.288,0,0,0,1.000,1.000,1.000,-90.00,180.00,58.50,OPEN,0
669711.291,0,0,0,1.000,1.000,1.000,-90.00,180.00,58.50,OPEN,0
669711.295,0,0,0,1.000,1.000,1.000,-90.00,180.00,58.50,OPEN,0
669711.301,0,0,0,1.000,1.000,1.000,-90.00,180.00,58.50,OPEN,0
669711.306,0,0,0,1.000,1.000,1.000,-90.00,180.00,58.50,OPEN,0
669711.310,0,0,0,1.000,1.000,1.000,-90.00,180.00,58.50,OPEN,0
669711.319,0,0,0,1.000,1.000,1.000,-90.00,180.00,58.50,OPEN,0
669711.324,0,0,0,1.000,1.000,1.000,-90.00,180.00,58.50,OPEN,0
669711.330,0,0,0,1.000,1.000,1.000,-90.00,180.00,58.50,OPEN,0
669711.334,0,0,0,1.000,1.000,1.000,-90.00,180.00,58.50,OPEN,0
669711.338,0,0,0,1.000,1.000,1.000,-90.00,180.00,58.50,OPEN,0
669711.342,0,0,0,1.000,1.000,1.000,-90.00,180.00,58.50,OPEN,0
669711.350,0,0,0,1.000,1.000,1.000,-90.00,180.00,58.50,OPEN,0
669711.355,0,0,0,1.000,1.000,1.000,-90.00,180.00,58.50,OPEN,0
669711.359,0,0,0,1.000,1.000,1.000,-90.00,180.00,58.50,OPEN,0
669711.366,0,0,0,1.000,1.000,1.000,-90.00,180.00,58.50,OPEN,0
669711.370,0,0,0,1.000,1.000,1.000,-90.00,180.00,58.50,OPEN,0
669711.375,0,0,0,1.000,1.000,1.000,-90.00,180.00,58.50,OPEN,0
669711.379,0,0,0,1.000,1.000,1.000,-90.00,180.00,58.50,OPEN,0
669711.383,0,0,0,1.000,1.000,1.000,-90.00,180.00,58.50,OPEN,0
669711.388,0,0,0,1.000,1.000,1.000,-90.00,180.00,58.50,OPEN,0
669711.396,0,0,0,1.000,1.000,1.000,-90.00,180.00,58.50,OPEN,0
669711.407,0,0,0,1.000,1.000,1.000,-90.00,180.00,58.50,OPEN,0
669711.417,0,0,0,1.000,1.000,1.000,-90.00,180.00,58.50,OPEN,0
669711.422,0,0,0,1.000,1.000,1.000,-90.00,180.00,58.50,OPEN,0
669711.428,0,0,0,1.000,1.000,1.000,-90.00,180.00,58.50,OPEN,0
669711.437,0,0,0,1.000,1.000,1.000,-90.00,180.00,58.50,OPEN,0
669711.445,0,0,0,1.000,1.000,1.000,-90.00,180.00,58.50,OPEN,0
669711.453,0,0,0,1.000,1.000,1.000,-90.00,180.00,58.50,OPEN,0
669711.461,0,0,0,1.000,1.000,1.000,-90.00,180.00,58.50,OPEN,0
669711.469,0,0,0,1.000,1.000,1.000,-90.00,180.00,58.50,OPEN,0
669711.475,0,0,0,1.000,1.000,1.000,-90.00,180.00,58.50,OPEN,0
669711.482,0,0,0,1.000,1.000,1.000,-90.00,180.00,58.50,OPEN,0
669711.488,0,0,0,1.000,1.000,1.000,-90.00,180.00,58.50,OPEN,0
669711.496,0,0,0,1.000,1.000,1.000,-90.00,180.00,58.50,OPEN,0
669711.502,0,0,0,1.000,1.000,1.000,-90.00,180.00,58.50,OPEN,0
669711.510,0,0,0,1.000,1.000,1.000,-90.00,180.00,58.50,OPEN,0
669711.515,0,0,0,1.000,1.000,1.000,-90.00,180.00,58.50,OPEN,0
669711.520,0,0,0,1.000,1.000,1.000,-90.00,180.00,58.50,OPEN,0
669711.523,0,0,0,1.000,1.000,1.000,-90.00,180.00,58.50,OPEN,0
669711.527,0,0,0,1.000,1.000,1.000,-90.00,180.00,58.50,OPEN,0
669711.531,0,0,0,1.000,1.000,1.000,-90.00,180.00,58.50,OPEN,0
669711.536,0,0,0,1.000,1.000,1.000,-90.00,180.00,58.50,OPEN,0
669711.540,0,0,0,1.000,1.000,1.000,-90.00,180.00,58.50,OPEN,0
669711.544,0,0,0,1.000,1.000,1.000,-90.00,180.00,58.50,OPEN,0
669711.548,0,0,0,1.000,1.000,1.000,-90.00,180.00,58.50,OPEN,0
669711.552,0,0,0,1.000,1.000,1.000,-90.00,180.00,58.50,OPEN,0
669711.560,0,0,0,1.000,1.000,1.000,-90.00,180.00,58.50,OPEN,0
669711.565,0,0,0,1.000,1.000,1.000,-90.00,180.00,58.50,OPEN,0
669711.569,0,0,0,1.000,1.000,1.000,-90.00,180.00,58.50,OPEN,0
669711.577,0,0,0,1.000,1.000,1.000,-90.00,180.00,58.50,OPEN,0
669711.581,0,0,0,1.000,1.000,1.000,-90.00,180.00,58.50,OPEN,0
669711.585,0,0,0,1.000,1.000,1.000,-90.00,180.00,58.50,OPEN,0
669711.590,0,0,0,1.000,1.000,1.000,-90.00,180.00,58.50,OPEN,0
669711.599,0,0,0,1.000,1.000,1.000,-90.00,180.00,58.50,OPEN,0
669711.603,0,0,0,1.000,1.000,1.000,-90.00,180.00,58.50,OPEN,0
669711.608,0,0,0,1.000,1.000,1.000,-90.00,180.00,58.50,OPEN,0
669711.613,0,0,0,1.000,1.000,1.000,-90.00,180.00,58.50,OPEN,0
669711.626,0,0,0,1.000,1.000,1.000,-90.00,180.00,58.50,OPEN,0
669711.629,0,0,0,1.000,1.000,1.000,-90.00,180.00,58.50,OPEN,0
669711.640,0,0,0,0.999,1.000,1.000,-90.00,180.00,58.50,OPEN,0
669711.644,0,0,0,0.996,1.000,1.000,-90.00,180.00,58.50,OPEN,0
669711.649,0,0,0,0.991,1.000,1.000,-90.00,180.00,58.50,OPEN,0
669711.653,0,0,0,0.956,1.000,1.000,-90.00,180.00,58.50,OPEN,0
669711.657,0,0,0,0.788,1.000,1.000,-90.00,180.00,58.50,OPEN,0
669711.661,0,0,0,0.548,1.000,1.000,-90.00,180.00,58.50,OPEN,0
669711.666,0,0,0,0.446,1.000,1.000,-90.00,180.00,58.50,OPEN,0
669711.671,0,0,0,0.535,1.000,1.000,-90.00,180.00,58.50,OPEN,0
669711.675,0,0,0,0.741,1.000,1.000,-90.00,180.00,58.50,OPEN,0
669711.680,0,0,0,0.978,1.000,1.000,-90.00,180.00,58.50,OPEN,0
669711.688,0,0,0,0.999,1.000,1.000,-90.00,180.00,58.50,OPEN,0
669711.692,0,0,0,1.000,1.000,1.000,-90.00,180.00,58.50,OPEN,0
669711.696,0,0,0,1.000,1.000,1.000,-90.00,180.00,58.50,OPEN,0
669711.700,0,0,0,1.000,1.000,1.000,-90.00,180.00,58.50,OPEN,0
669711.704,0,0,0,1.000,1.000,1.000,-90.00,180.00,58.50,OPEN,0
669711.707,1,0,0,1.000,1.000,1.000,-90.00,180.00,63.00,OPEN,1
669711.711,1,0,0,1.000,1.000,1.000,-90.00,180.00,63.00,OPEN,0
669711.715,1,0,0,1.000,1.000,1.000,-90.00,180.00,63.00,OPEN,0
669711.719,1,0,0,1.000,1.000,1.000,-90.00,180.00,63.00,OPEN,0
669711.725,1,0,0,1.000,1.000,1.000,-90.00,180.00,63.00,OPEN,0
669711.728,1,0,0,1.000,1.000,1.000,-90.00,180.00,63.00,OPEN,0
669711.732,1,0,0,1.000,1.000,1.000,-90.00,180.00,63.00,OPEN,0
669711.736,1,0,0,1.000,1.000,1.000,-90.00,180.00,63.00,OPEN,0
669711.740,1,0,0,1.000,1.000,1.000,-90.00,180.00,63.00,OPEN,0
669711.744,1,0,0,1.000,1.000,1.000,-90.00,180.00,63.00,OPEN,0
669711.748,1,0,0,1.000,1.000,1.000,-90.00,180.00,63.00,OPEN,0
669711.752,1,0,0,1.000,1.000,1.000,-90.00,180.00,63.00,OPEN,0
669711.756,1,0,0,1.000,1.000,1.000,-90.00,180.00,63.00,OPEN,0
669711.759,1,0,0,1.000,1.000,1.000,-90.00,180.00,63.00,OPEN,0
669711.763,1,0,0,1.000,1.000,1.000,-90.00,180.00,63.00,OPEN,0
669711.767,1,0,0,1.000,1.000,1.000,-90.00,180.00,63.00,OPEN,0
669711.771,1,0,0,1.000,1.000,1.000,-90.00,180.00,63.00,OPEN,0
669711.775,1,0,0,1.000,1.000,1.000,-90.00,180.00,63.00,OPEN,0
669711.779,1,0,0,1.000,1.000,1.000,-90.00,180.00,63.00,OPEN,0
669711.782,1,0,0,1.000,1.000,1.000,-90.00,180.00,63.00,OPEN,0
669711.786,1,0,0,1.000,1.000,1.000,-90.00,180.00,63.00,OPEN,0
669711.792,1,0,0,1.000,1.000,1.000,-90.00,180.00,63.00,OPEN,0
669711.797,1,0,0,1.000,1.000,1.000,-90.00,180.00,63.00,OPEN,0
669711.802,1,0,0,1.000,1.000,1.000,-90.00,180.00,63.00,OPEN,0
669711.806,1,0,0,1.000,1.000,1.000,-90.00,180.00,63.00,OPEN,0
669711.809,1,0,0,1.000,1.000,1.000,-90.00,180.00,67.50,OPEN,1
669711.814,1,0,0,1.000,1.000,1.000,-90.00,180.00,67.50,OPEN,0
669711.819,1,0,0,1.000,1.000,1.000,-90.00,180.00,67.50,OPEN,0
669711.824,1,0,0,1.000,1.000,1.000,-90.00,180.00,67.50,OPEN,0
669711.829,1,0,0,1.000,1.000,1.000,-90.00,180.00,67.50,OPEN,0
669711.837,1,0,0,1.000,1.000,1.000,-90.00,180.00,67.50,OPEN,0
669711.845,1,0,0,1.000,1.000,1.000,-90.00,180.00,67.50,OPEN,0
669711.852,1,0,0,1.000,1.000,1.000,-90.00,180.00,67.50,OPEN,0
669711.856,1,0,0,1.000,1.000,1.000,-90.00,180.00,67.50,OPEN,0
669711.865,1,0,0,1.000,1.000,1.000,-90.00,180.00,67.50,OPEN,0
669711.873,1,0,0,1.000,1.000,1.000,-90.00,180.00,67.50,OPEN,0
669711.877,1,0,0,1.000,1.000,1.000,-90.00,180.00,67.50,OPEN,0
669711.885,1,0,0,1.000,1.000,1.000,-90.00,180.00,67.50,OPEN,0
669711.889,1,0,0,1.000,1.000,1.000,-90.00,180.00,67.50,OPEN,0
669711.897,1,0,0,1.000,1.000,1.000,-90.00,180.00,67.50,OPEN,0
669711.901,1,0,0,1.000,1.000,1.000,-90.00,180.00,67.50,OPEN,0
669711.905,1,0,0,1.000,1.000,1.000,-90.00,180.00,67.50,OPEN,0
669711.909,1,0,0,1.000,1.000,1.000,-90.00,180.00,67.50,OPEN,0
669711.913,1,0,0,1.000,1.000,1.000,-90.00,180.00,72.00,OPEN,1
669711.917,1,0,0,1.000,1.000,1.000,-90.00,180.00,72.00,OPEN,0
669711.921,1,0,0,1.000,1.000,1.000,-90.00,180.00,72.00,OPEN,0
669711.925,1,0,0,1.000,1.000,1.000,-90.00,180.00,72.00,OPEN,0
669711.929,1,0,0,1.000,1.000,1.000,-90.00,180.00,72.00,OPEN,0
669711.936,1,0,0,1.000,1.000,1.000,-90.00,180.00,72.00,OPEN,0
669711.939,1,0,0,1.000,1.000,1.000,-90.00,180.00,72.00,OPEN,0
669711.948,1,0,0,1.000,1.000,1.000,-90.00,180.00,72.00,OPEN,0
669711.952,1,0,0,1.000,1.000,1.000,-90.00,180.00,72.00,OPEN,0
669711.960,1,0,0,1.000,1.000,1.000,-90.00,180.00,72.00,OPEN,0
669711.971,1,0,0,1.000,1.000,1.000,-90.00,180.00,72.00,OPEN,0
669711.975,1,0,0,1.000,1.000,1.000,-90.00,180.00,72.00,OPEN,0
669711.979,1,0,0,1.000,1.000,1.000,-90.00,180.00,72.00,OPEN,0
669711.986,1,0,0,1.000,1.000,1.000,-90.00,180.00,72.00,OPEN,0
669711.993,1,0,0,1.000,1.000,1.000,-90.00,180.00,72.00,OPEN,0
669711.997,1,0,0,1.000,1.000,1.000,-90.00,180.00,72.00,OPEN,0
669712.002,1,0,0,1.000,1.000,1.000,-90.00,180.00,72.00,OPEN,0
669712.006,1,0,0,1.000,1.000,1.000,-90.00,180.00,72.00,OPEN,0
669712.011,1,0,0,1.000,1.000,1.000,-90.00,180.00,72.00,OPEN,0
669712.019,1,0,0,1.000,1.000,1.000,-90.00,180.00,76.50,OPEN,1
669712.024,1,0,0,1.000,1.000,1.000,-90.00,180.00,76.50,OPEN,0
669712.028,1,0,0,1.000,1.000,1.000,-90.00,180.00,76.50,OPEN,0
669712.032,1,0,0,1.000,1.000,1.000,-90.00,180.00,76.50,OPEN,0
669712.036,1,0,0,1.000,1.000,1.000,-90.00,180.00,76.50,OPEN,0
669712.046,1,0,0,1.000,1.000,1.000,-90.00,180.00,76.50,OPEN,0
669712.050,1,0,0,1.000,1.000,1.000,-90.00,180.00,76.50,OPEN,0
669712.054,1,0,0,1.000,1.000,1.000,-90.00,180.00,76.50,OPEN,0
669712.058,1,0,0,1.000,1.000,1.000,-90.00,180.00,76.50,OPEN,0
669712.062,1,0,0,1.000,1.000,1.000,-90.00,180.00,76.50,OPEN,0
669712.066,1,0,0,1.000,1.000,1.000,-90.00,180.00,76.50,OPEN,0
669712.070,1,0,0,1.000,1.000,1.000,-90.00,180.00,76.50,OPEN,0
669712.074,1,0,0,1.000,1.000,1.000,-90.00,180.00,76.50,OPEN,0
669712.078,1,0,0,1.000,1.000,1.000,-90.00,180.00,76.50,OPEN,0
669712.082,1,0,0,1.000,1.000,1.000,-90.00,180.00,76.50,OPEN,0
669712.086,1,0,0,1.000,1.000,1.000,-90.00,180.00,76.50,OPEN,0
669712.090,1,0,0,1.000,1.000,1.000,-90.00,180.00,76.50,OPEN,0
669712.094,1,0,0,1.000,1.000,1.000,-90.00,180.00,76.50,OPEN,0
669712.099,1,0,0,1.000,1.000,1.000,-90.00,180.00,76.50,OPEN,0
669712.104,1,0,0,1.000,1.000,1.000,-90.00,180.00,76.50,OPEN,0
669712.108,1,0,0,1.000,1.000,1.000,-90.00,180.00,76.50,OPEN,0
669712.112,1,0,0,1.000,1.000,1.000,-90.00,180.00,76.50,OPEN,0
669712.119,1,0,0,1.000,1.000,1.000,-90.00,180.00,76.50,OPEN,0
669712.123,1,0,0,1.000,1.000,1.000,-90.00,180.00,81.00,OPEN,1
669712.126,1,0,0,1.000,1.000,1.000,-90.00,180.00,81.00,OPEN,0
669712.130,1,0,0,1.000,1.000,1.000,-90.00,180.00,81.00,OPEN,0
669712.134,1,0,0,1.000,1.000,1.000,-90.00,180.00,81.00,OPEN,0
669712.138,1,0,0,1.000,1.000,1.000,-90.00,180.00,81.00,OPEN,0
669712.142,1,0,0,1.000,1.000,1.000,-90.00,180.00,81.00,OPEN,0
669712.146,1,0,0,1.000,1.000,1.000,-90.00,180.00,81.00,OPEN,0
669712.151,1,0,0,1.000,1.000,1.000,-90.00,180.00,81.00,OPEN,0
669712.156,1,0,0,1.000,1.000,1.000,-90.00,180.00,81.00,OPEN,0
669712.160,1,0,0,1.000,1.000,1.000,-90.00,180.00,81.00,OPEN,0
669712.165,1,0,0,1.000,1.000,1.000,-90.00,180.00,81.00,OPEN,0
669712.171,1,0,0,1.000,1.000,1.000,-90.00,180.00,81.00,OPEN,0
669712.175,1,0,0,1.000,1.000,1.000,-90.00,180.00,81.00,OPEN,0
669712.181,1,0,0,1.000,1.000,1.000,-90.00,180.00,81.00,OPEN,0
669712.185,1,0,0,1.000,1.000,1.000,-90.00,180.00,81.00,OPEN,0
669712.189,1,0,0,1.000,1.000,1.000,-90.00,180.00,81.00,OPEN,0
669712.194,1,0,0,1.000,1.000,1.000,-90.00,180.00,81.00,OPEN,0
669712.197,1,0,0,1.000,1.000,1.000,-90.00,180.00,81.00,OPEN,0
669712.201,1,0,0,1.000,1.000,1.000,-90.00,180.00,81.00,OPEN,0
669712.204,1,0,0,1.000,1.000,1.000,-90.00,180.00,81.00,OPEN,0
669712.208,1,0,0,1.000,1.000,1.000,-90.00,180.00,81.00,OPEN,0
669712.214,1,0,0,1.000,1.000,1.000,-90.00,180.00,81.00,OPEN,0
669712.218,1,0,0,1.000,1.000,1.000,-90.00,180.00,81.00,OPEN,0
669712.226,1,0,0,1.000,1.000,1.000,-90.00,180.00,85.50,OPEN,1
669712.233,1,0,0,1.000,1.000,1.000,-90.00,180.00,85.50,OPEN,0
669712.237,1,0,0,1.000,1.000,1.000,-90.00,180.00,85.50,OPEN,0
669712.245,1,0,0,1.000,1.000,1.000,-90.00,180.00,85.50,OPEN,0
669712.250,1,0,0,1.000,1.000,1.000,-90.00,180.00,85.50,OPEN,0
669712.254,1,0,0,1.000,1.000,1.000,-90.00,180.00,85.50,OPEN,0
669712.259,1,0,0,1.000,1.000,1.000,-90.00,180.00,85.50,OPEN,0
669712.262,1,0,0,1.000,1.000,1.000,-90.00,180.00,85.50,OPEN,0
669712.267,1,0,0,0.960,1.000,1.000,-90.00,180.00,85.50,OPEN,0
669712.274,1,0,0,0.557,1.000,1.000,-90.00,180.00,85.50,OPEN,0
669712.279,1,0,0,0.975,1.000,1.000,-90.00,180.00,85.50,OPEN,0
669712.284,1,0,0,0.576,1.000,1.000,-90.00,180.00,85.50,OPEN,0
669712.289,1,0,0,0.978,1.000,1.000,-90.00,180.00,85.50,OPEN,0
669712.293,1,0,0,0.993,1.000,1.000,-90.00,180.00,85.50,OPEN,0
669712.297,1,0,0,1.000,1.000,1.000,-90.00,180.00,85.50,OPEN,0
669712.301,1,0,0,1.000,1.000,1.000,-90.00,180.00,85.50,OPEN,0
669712.309,1,0,0,1.000,1.000,1.000,-90.00,180.00,85.50,OPEN,0
669712.313,1,0,0,1.000,1.000,1.000,-90.00,180.00,85.50,OPEN,0
669712.318,0,0,0,1.000,1.000,1.000,-90.00,180.00,85.50,OPEN,0
669712.322,0,0,0,1.000,1.000,1.000,-90.00,180.00,85.50,OPEN,0
669712.326,0,0,0,1.000,1.000,1.000,-90.00,180.00,85.50,OPEN,0
669712.334,0,0,0,1.000,1.000,1.000,-90.00,180.00,85.50,OPEN,0
669712.339,0,0,0,1.000,1.000,1.000,-90.00,180.00,85.50,OPEN,0
669712.342,0,0,0,1.000,1.000,1.000,-90.00,180.00,85.50,OPEN,0
669712.347,0,0,0,1.000,1.000,1.000,-90.00,180.00,85.50,OPEN,0
669712.354,0,0,0,1.000,1.000,1.000,-90.00,180.00,85.50,OPEN,0
669712.361,0,0,0,1.000,1.000,1.000,-90.00,180.00,85.50,OPEN,0
669712.369,0,0,0,1.000,1.000,1.000,-90.00,180.00,85.50,OPEN,0
669712.376,0,0,0,1.000,1.000,1.000,-90.00,180.00,85.50,OPEN,0
669712.381,0,0,0,1.000,1.000,1.000,-90.00,180.00,85.50,OPEN,0
669712.386,0,0,0,1.000,1.000,1.000,-90.00,180.00,85.50,OPEN,0
669712.390,0,0,0,1.000,1.000,1.000,-90.00,180.00,85.50,OPEN,0
669712.394,0,0,0,1.000,1.000,1.000,-90.00,180.00,85.50,OPEN,0
669712.398,0,0,0,1.000,1.000,1.000,-90.00,180.00,85.50,OPEN,0
669712.402,0,0,0,1.000,1.000,1.000,-90.00,180.00,85.50,OPEN,0
669712.406,0,0,0,1.000,1.000,1.000,-90.00,180.00,85.50,OPEN,0
669712.410,0,0,0,1.000,1.000,1.000,-90.00,180.00,85.50,OPEN,0
669712.413,0,0,0,1.000,1.000,1.000,-90.00,180.00,85.50,OPEN,0
669712.417,0,0,0,1.000,1.000,1.000,-90.00,180.00,85.50,OPEN,0
669712.422,0,0,0,1.000,1.000,1.000,-90.00,180.00,85.50,OPEN,0
669712.429,0,0,0,1.000,1.000,1.000,-90.00,180.00,85.50,OPEN,0
669712.433,0,0,0,1.000,1.000,1.000,-90.00,180.00,85.50,OPEN,0
669712.436,0,0,0,1.000,1.000,1.000,-90.00,180.00,85.50,OPEN,0
669712.440,0,0,0,1.000,1.000,1.000,-90.00,180.00,85.50,OPEN,0
669712.445,0,0,0,1.000,1.000,1.000,-90.00,180.00,85.50,OPEN,0
669712.449,0,0,0,1.000,1.000,1.000,-90.00,180.00,85.50,OPEN,0
669712.454,0,0,0,1.000,1.000,1.000,-90.00,180.00,85.50,OPEN,0
669712.458,0,0,0,1.000,1.000,1.000,-90.00,180.00,85.50,OPEN,0
669712.465,0,0,0,1.000,1.000,1.000,-90.00,180.00,85.50,OPEN,0
669712.469,0,0,0,1.000,1.000,1.000,-90.00,180.00,85.50,OPEN,0
669712.473,0,0,0,1.000,1.000,1.000,-90.00,180.00,85.50,OPEN,0
669712.478,0,0,0,1.000,1.000,1.000,-90.00,180.00,85.50,OPEN,0
669712.481,0,0,0,1.000,1.000,1.000,-90.00,180.00,85.50,OPEN,0
669712.485,0,0,0,1.000,1.000,1.000,-90.00,180.00,85.50,OPEN,0
669712.489,0,0,0,1.000,1.000,1.000,-90.00,180.00,85.50,OPEN,0
669712.494,0,0,0,1.000,1.000,1.000,-90.00,180.00,85.50,OPEN,0
669712.504,0,0,0,1.000,1.000,1.000,-90.00,180.00,85.50,OPEN,0
669712.513,0,0,0,1.000,1.000,1.000,-90.00,180.00,85.50,OPEN,0
669712.520,0,0,0,1.000,1.000,1.000,-90.00,180.00,85.50,OPEN,0
669712.527,0,0,0,1.000,1.000,1.000,-90.00,180.00,85.50,OPEN,0
669712.532,0,0,0,1.000,1.000,1.000,-90.00,180.00,85.50,OPEN,0
669712.538,0,0,0,1.000,1.000,1.000,-90.00,180.00,85.50,OPEN,0
669712.543,0,0,0,1.000,1.000,1.000,-90.00,180.00,85.50,OPEN,0
669712.547,0,0,0,1.000,1.000,1.000,-90.00,180.00,85.50,OPEN,0
669712.552,0,0,0,1.000,1.000,1.000,-90.00,180.00,85.50,OPEN,0
669712.556,0,0,0,1.000,1.000,1.000,-90.00,180.00,85.50,OPEN,0
669712.560,0,0,0,1.000,1.000,1.000,-90.00,180.00,85.50,OPEN,0
669712.564,0,0,0,1.000,1.000,1.000,-90.00,180.00,85.50,OPEN,0
669712.567,0,0,0,1.000,1.000,1.000,-90.00,180.00,85.50,OPEN,0
669712.571,0,0,0,1.000,1.000,1.000,-90.00,180.00,85.50,OPEN,0
669712.575,0,0,0,1.000,1.000,1.000,-90.00,180.00,85.50,OPEN,0
669712.580,0,0,0,1.000,1.000,1.000,-90.00,180.00,85.50,OPEN,0
669712.586,0,0,0,1.000,1.000,1.000,-90.00,180.00,85.50,OPEN,0
669712.591,0,0,0,1.000,1.000,1.000,-90.00,180.00,85.50,OPEN,0
669712.597,0,0,0,1.000,1.000,1.000,-90.00,180.00,85.50,OPEN,0
669712.604,0,0,0,1.000,1.000,1.000,-90.00,180.00,85.50,OPEN,0
669712.609,0,0,0,1.000,1.000,1.000,-90.00,180.00,85.50,OPEN,0
669712.613,0,0,0,1.000,1.000,1.000,-90.00,180.00,85.50,OPEN,0
669712.617,0,0,0,1.000,1.000,1.000,-90.00,180.00,85.50,OPEN,0
669712.622,0,0,0,1.000,1.000,1.000,-90.00,180.00,85.50,OPEN,0
669712.626,0,0,0,1.000,1.000,1.000,-90.00,180.00,85.50,OPEN,0
669712.630,0,0,0,1.000,1.000,1.000,-90.00,180.00,85.50,OPEN,0
669712.634,0,0,0,1.000,1.000,1.000,-90.00,180.00,85.50,OPEN,0
669712.638,0,0,0,1.000,1.000,1.000,-90.00,180.00,85.50,OPEN,0
669712.642,0,0,0,1.000,1.000,1.000,-90.00,180.00,85.50,OPEN,0
669712.647,0,0,0,1.000,1.000,1.000,-90.00,180.00,85.50,OPEN,0
669712.651,0,0,0,1.000,1.000,1.000,-90.00,180.00,85.50,OPEN,0
669712.655,0,0,0,1.000,1.000,1.000,-90.00,180.00,85.50,OPEN,0
669712.658,0,0,0,1.000,1.000,1.000,-90.00,180.00,85.50,OPEN,0
669712.662,0,0,0,1.000,1.000,1.000,-90.00,180.00,85.50,OPEN,0
669712.666,0,0,0,1.000,1.000,1.000,-90.00,180.00,85.50,OPEN,0
669712.674,0,0,0,1.000,1.000,1.000,-90.00,180.00,85.50,OPEN,0
669712.678,0,0,0,1.000,1.000,1.000,-90.00,180.00,85.50,OPEN,0
669712.684,0,0,0,1.000,1.000,1.000,-90.00,180.00,85.50,OPEN,0
669712.688,0,0,0,1.000,1.000,1.000,-90.00,180.00,85.50,OPEN,0
669712.695,0,0,0,1.000,1.000,1.000,-90.00,180.00,85.50,OPEN,0
669712.699,0,0,0,1.000,1.000,1.000,-90.00,180.00,85.50,OPEN,0
669712.709,0,0,0,1.000,1.000,1.000,-90.00,180.00,85.50,OPEN,0
669712.716,0,0,0,1.000,1.000,1.000,-90.00,180.00,85.50,OPEN,0
669712.725,0,0,0,1.000,1.000,1.000,-90.00,180.00,85.50,OPEN,0
669712.731,0,0,0,1.000,1.000,1.000,-90.00,180.00,85.50,OPEN,0
669712.739,0,0,0,1.000,1.000,1.000,-90.00,180.00,85.50,OPEN,0
669712.747,0,0,0,1.000,1.000,1.000,-90.00,180.00,85.50,OPEN,0
669712.755,0,0,0,1.000,1.000,1.000,-90.00,180.00,85.50,OPEN,0
669712.763,0,0,0,1.000,1.000,1.000,-90.00,180.00,85.50,OPEN,0
669712.770,0,0,0,1.000,1.000,1.000,-90.00,180.00,85.50,OPEN,0
669712.778,0,0,0,1.000,1.000,1.000,-90.00,180.00,85.50,OPEN,0
669712.786,0,0,0,1.000,1.000,1.000,-90.00,180.00,85.50,OPEN,0
669712.791,0,0,0,1.000,1.000,1.000,-90.00,180.00,85.50,OPEN,0
669712.795,0,0,0,1.000,1.000,1.000,-90.00,180.00,85.50,OPEN,0
669712.799,0,0,0,1.000,1.000,1.000,-90.00,180.00,85.50,OPEN,0
669712.804,0,0,0,1.000,1.000,1.000,-90.00,180.00,85.50,OPEN,0
669712.807,0,0,0,1.000,1.000,1.000,-90.00,180.00,85.50,OPEN,0
669712.811,0,0,0,1.000,1.000,1.000,-90.00,180.00,85.50,OPEN,0
669712.816,0,0,0,1.000,1.000,1.000,-90.00,180.00,85.50,OPEN,0
669712.820,0,0,0,1.000,1.000,1.000,-90.00,180.00,85.50,OPEN,0
669712.823,0,0,0,1.000,1.000,1.000,-90.00,180.00,85.50,OPEN,0
669712.827,0,0,0,1.000,1.000,1.000,-90.00,180.00,85.50,OPEN,0
669712.831,0,0,0,1.000,1.000,1.000,-90.00,180.00,85.50,OPEN,0
669712.835,0,0,0,1.000,1.000,1.000,-90.00,180.00,85.50,OPEN,0
669712.838,0,0,0,1.000,1.000,1.000,-90.00,180.00,85.50,OPEN,0
669712.842,0,0,0,1.000,1.000,1.000,-90.00,180.00,85.50,OPEN,0
669712.846,0,0,0,1.000,1.000,1.000,-90.00,180.00,85.50,OPEN,0
669712.850,0,0,0,1.000,1.000,1.000,-90.00,180.00,85.50,OPEN,0
669712.854,0,0,0,1.000,1.000,1.000,-90.00,180.00,85.50,OPEN,0
669712.858,0,0,0,1.000,1.000,1.000,-90.00,180.00,85.50,OPEN,0
669712.862,0,0,0,1.000,1.000,1.000,-90.00,180.00,85.50,OPEN,0
669712.866,0,0,0,1.000,1.000,1.000,-90.00,180.00,85.50,OPEN,0
669712.870,0,0,0,1.000,1.000,1.000,-90.00,180.00,85.50,OPEN,0
669712.873,0,0,0,1.000,1.000,1.000,-90.00,180.00,85.50,OPEN,0
669712.877,0,0,0,1.000,1.000,1.000,-90.00,180.00,85.50,OPEN,0
669712.882,0,0,0,1.000,1.000,1.000,-90.00,180.00,85.50,OPEN,0
669712.887,0,0,0,1.000,1.000,1.000,-90.00,180.00,85.50,OPEN,0
669712.891,0,0,0,1.000,1.000,1.000,-90.00,180.00,85.50,OPEN,0
669712.899,0,0,0,1.000,1.000,1.000,-90.00,180.00,85.50,OPEN,0
669712.903,0,0,0,1.000,1.000,1.000,-90.00,180.00,85.50,OPEN,0
669712.907,0,0,0,1.000,1.000,1.000,-90.00,180.00,85.50,OPEN,0
669712.912,0,0,0,1.000,1.000,1.000,-90.00,180.00,85.50,OPEN,0
669712.921,0,0,0,1.000,1.000,1.000,-90.00,180.00,85.50,OPEN,0
669712.927,0,0,0,1.000,1.000,1.000,-90.00,180.00,85.50,OPEN,0
669712.939,0,0,0,1.000,1.000,1.000,-90.00,180.00,85.50,OPEN,0
669712.946,0,0,0,1.000,1.000,1.000,-90.00,180.00,85.50,OPEN,0
669712.956,0,0,0,1.000,1.000,1.000,-90.00,180.00,85.50,OPEN,0
669712.971,0,0,0,1.000,1.000,1.000,-90.00,180.00,85.50,OPEN,0
669712.977,0,0,0,1.000,1.000,1.000,-90.00,180.00,85.50,OPEN,0
669712.982,0,0,0,0.991,1.000,1.000,-90.00,180.00,85.50,OPEN,0
669712.990,0,0,0,0.911,1.000,1.000,-90.00,180.00,85.50,OPEN,0
669713.000,0,0,0,0.706,1.000,1.000,-90.00,180.00,85.50,OPEN,0
669713.008,0,0,0,0.765,1.000,1.000,-90.00,180.00,85.50,OPEN,0
669713.016,0,0,0,0.981,1.000,1.000,-90.00,180.00,85.50,OPEN,0
669713.024,0,0,0,1.000,1.000,1.000,-90.00,180.00,85.50,OPEN,0
669713.031,0,0,0,1.000,1.000,1.000,-90.00,180.00,85.50,OPEN,0
669713.038,0,0,0,1.000,1.000,1.000,-90.00,180.00,85.50,OPEN,0
669713.041,0,0,0,1.000,1.000,1.000,-90.00,180.00,85.50,OPEN,0
669713.050,0,0,0,1.000,1.000,1.000,-90.00,180.00,85.50,OPEN,0
669713.056,2,0,0,1.000,1.000,1.000,-90.00,180.00,81.00,OPEN,1
669713.060,2,0,0,1.000,1.000,1.000,-90.00,180.00,81.00,OPEN,0
669713.064,2,0,0,1.000,1.000,1.000,-90.00,180.00,81.00,OPEN,0
669713.070,2,0,0,1.000,1.000,1.000,-90.00,180.00,81.00,OPEN,0
669713.078,2,0,0,1.000,1.000,1.000,-90.00,180.00,81.00,OPEN,0
669713.083,2,0,0,1.000,1.000,1.000,-90.00,180.00,81.00,OPEN,0
669713.088,2,0,0,1.000,1.000,1.000,-90.00,180.00,81.00,OPEN,0
669713.092,2,0,0,1.000,1.000,1.000,-90.00,180.00,81.00,OPEN,0
669713.095,2,0,0,1.000,1.000,1.000,-90.00,180.00,81.00,OPEN,0
669713.100,2,0,0,1.000,1.000,1.000,-90.00,180.00,81.00,OPEN,0
669713.104,2,0,0,1.000,1.000,1.000,-90.00,180.00,81.00,OPEN,0
669713.108,2,0,0,1.000,1.000,1.000,-90.00,180.00,81.00,OPEN,0
669713.112,2,0,0,1.000,1.000,1.000,-90.00,180.00,81.00,OPEN,0
669713.119,2,0,0,1.000,1.000,1.000,-90.00,180.00,81.00,OPEN,0
669713.125,2,0,0,1.000,1.000,1.000,-90.00,180.00,81.00,OPEN,0
669713.131,2,0,0,1.000,1.000,1.000,-90.00,180.00,81.00,OPEN,0
669713.135,2,0,0,1.000,1.000,1.000,-90.00,180.00,81.00,OPEN,0
669713.139,2,0,0,1.000,1.000,1.000,-90.00,180.00,81.00,OPEN,0
669713.145,2,0,0,1.000,1.000,1.000,-90.00,180.00,81.00,OPEN,0
669713.149,2,0,0,1.000,1.000,1.000,-90.00,180.00,81.00,OPEN,0
669713.153,2,0,0,1.000,1.000,1.000,-90.00,180.00,81.00,OPEN,0
669713.158,2,0,0,1.000,1.000,1.000,-90.00,180.00,76.50,OPEN,1
669713.162,2,0,0,1.000,1.000,1.000,-90.00,180.00,76.50,OPEN,0
669713.166,2,0,0,1.000,1.000,1.000,-90.00,180.00,76.50,OPEN,0
669713.170,2,0,0,1.000,1.000,1.000,-90.00,180.00,76.50,OPEN,0
669713.174,2,0,0,1.000,1.000,1.000,-90.00,180.00,76.50,OPEN,0
669713.179,2,0,0,1.000,1.000,1.000,-90.00,180.00,76.50,OPEN,0
669713.183,2,0,0,1.000,1.000,1.000,-90.00,180.00,76.50,OPEN,0
669713.187,2,0,0,1.000,1.000,1.000,-90.00,180.00,76.50,OPEN,0
669713.190,2,0,0,1.000,1.000,1.000,-90.00,180.00,76.50,OPEN,0
669713.194,2,0,0,1.000,1.000,1.000,-90.00,180.00,76.50,OPEN,0
669713.199,2,0,0,1.000,1.000,1.000,-90.00,180.00,76.50,OPEN,0
669713.203,2,0,0,1.000,1.000,1.000,-90.00,180.00,76.50,OPEN,0
669713.206,2,0,0,1.000,1.000,1.000,-90.00,180.00,76.50,OPEN,0
669713.213,2,0,0,1.000,1.000,1.000,-90.00,180.00,76.50,OPEN,0
669713.217,2,0,0,1.000,1.000,1.000,-90.00,180.00,76.50,OPEN,0
669713.221,2,0,0,1.000,1.000,1.000,-90.00,180.00,76.50,OPEN,0
669713.225,2,0,0,1.000,1.000,1.000,-90.00,180.00,76.50,OPEN,0
669713.228,2,0,0,1.000,1.000,1.000,-90.00,180.00,76.50,OPEN,0
669713.232,2,0,0,1.000,1.000,1.000,-90.00,180.00,76.50,OPEN,0
669713.236,2,0,0,1.000,1.000,1.000,-90.00,180.00,76.50,OPEN,0
669713.240,2,0,0,1.000,1.000,1.000,-90.00,180.00,76.50,OPEN,0
669713.244,2,0,0,1.000,1.000,1.000,-90.00,180.00,76.50,OPEN,0
669713.248,2,0,0,1.000,1.000,1.000,-90.00,180.00,76.50,OPEN,0
669713.253,2,0,0,1.000,1.000,1.000,-90.00,180.00,76.50,OPEN,0
669713.257,2,0,0,1.000,1.000,1.000,-90.00,180.00,76.50,OPEN,0
669713.261,2,0,0,1.000,1.000,1.000,-90.00,180.00,72.00,OPEN,1
669713.265,2,0,0,1.000,1.000,1.000,-90.00,180.00,72.00,OPEN,0
669713.270,2,0,0,1.000,1.000,1.000,-90.00,180.00,72.00,OPEN,0
669713.277,2,0,0,1.000,1.000,1.000,-90.00,180.00,72.00,OPEN,0
669713.282,2,0,0,1.000,1.000,1.000,-90.00,180.00,72.00,OPEN,0
669713.288,2,0,0,1.000,1.000,1.000,-90.00,180.00,72.00,OPEN,0
669713.296,2,0,0,1.000,1.000,1.000,-90.00,180.00,72.00,OPEN,0
669713.304,2,0,0,1.000,1.000,1.000,-90.00,180.00,72.00,OPEN,0
669713.308,2,0,0,1.000,1.000,1.000,-90.00,180.00,72.00,OPEN,0
669713.311,2,0,0,1.000,1.000,1.000,-90.00,180.00,72.00,OPEN,0
669713.315,2,0,0,1.000,1.000,1.000,-90.00,180.00,72.00,OPEN,0
669713.319,2,0,0,1.000,1.000,1.000,-90.00,180.00,72.00,OPEN,0
669713.324,2,0,0,1.000,1.000,1.000,-90.00,180.00,72.00,OPEN,0
669713.328,2,0,0,1.000,1.000,1.000,-90.00,180.00,72.00,OPEN,0
669713.332,2,0,0,1.000,1.000,1.000,-90.00,180.00,72.00,OPEN,0
669713.337,2,0,0,1.000,1.000,1.000,-90.00,180.00,72.00,OPEN,0
669713.342,2,0,0,1.000,1.000,1.000,-90.00,180.00,72.00,OPEN,0
669713.347,2,0,0,1.000,1.000,1.000,-90.00,180.00,72.00,OPEN,0
669713.352,2,0,0,1.000,1.000,1.000,-90.00,180.00,72.00,OPEN,0
669713.356,2,0,0,1.000,1.000,1.000,-90.00,180.00,72.00,OPEN,0
669713.361,2,0,0,1.000,1.000,1.000,-90.00,180.00,72.00,OPEN,0
669713.365,2,0,0,1.000,1.000,1.000,-90.00,180.00,67.50,OPEN,1
669713.369,2,0,0,1.000,1.000,1.000,-90.00,180.00,67.50,OPEN,0
669713.373,2,0,0,1.000,1.000,1.000,-90.00,180.00,67.50,OPEN,0
669713.377,2,0,0,1.000,1.000,1.000,-90.00,180.00,67.50,OPEN,0
669713.383,2,0,0,1.000,1.000,1.000,-90.00,180.00,67.50,OPEN,0
669713.386,2,0,0,1.000,1.000,1.000,-90.00,180.00,67.50,OPEN,0
669713.390,2,0,0,1.000,1.000,1.000,-90.00,180.00,67.50,OPEN,0
669713.396,2,0,0,1.000,1.000,1.000,-90.00,180.00,67.50,OPEN,0
669713.399,2,0,0,1.000,1.000,1.000,-90.00,180.00,67.50,OPEN,0
669713.404,2,0,0,1.000,1.000,1.000,-90.00,180.00,67.50,OPEN,0
669713.411,2,0,0,1.000,1.000,1.000,-90.00,180.00,67.50,OPEN,0
669713.414,2,0,0,1.000,1.000,1.000,-90.00,180.00,67.50,OPEN,0
669713.418,2,0,0,1.000,1.000,1.000,-90.00,180.00,67.50,OPEN,0
669713.427,2,0,0,1.000,1.000,1.000,-90.00,180.00,67.50,OPEN,0
669713.431,2,0,0,1.000,1.000,1.000,-90.00,180.00,67.50,OPEN,0
669713.435,2,0,0,1.000,1.000,1.000,-90.00,180.00,67.50,OPEN,0
669713.439,2,0,0,1.000,1.000,1.000,-90.00,180.00,67.50,OPEN,0
669713.443,2,0,0,1.000,1.000,1.000,-90.00,180.00,67.50,OPEN,0
669713.447,2,0,0,1.000,1.000,1.000,-90.00,180.00,67.50,OPEN,0
669713.453,2,0,0,1.000,1.000,1.000,-90.00,180.00,67.50,OPEN,0
669713.460,2,0,0,1.000,1.000,1.000,-90.00,180.00,67.50,OPEN,0
669713.464,2,0,0,1.000,1.000,1.000,-90.00,180.00,67.50,OPEN,0
669713.468,2,0,0,1.000,1.000,1.000,-90.00,180.00,63.00,OPEN,1
669713.472,2,0,0,1.000,1.000,1.000,-90.00,180.00,63.00,OPEN,0
669713.476,2,0,0,1.000,1.000,1.000,-90.00,180.00,63.00,OPEN,0
669713.481,2,0,0,1.000,1.000,1.000,-90.00,180.00,63.00,OPEN,0
669713.484,2,0,0,1.000,1.000,1.000,-90.00,180.00,63.00,OPEN,0
669713.488,2,0,0,1.000,1.000,1.000,-90.00,180.00,63.00,OPEN,0
669713.492,2,0,0,1.000,1.000,1.000,-90.00,180.00,63.00,OPEN,0
669713.496,2,0,0,1.000,1.000,1.000,-90.00,180.00,63.00,OPEN,0
669713.500,2,0,0,1.000,1.000,1.000,-90.00,180.00,63.00,OPEN,0
669713.504,2,0,0,1.000,1.000,1.000,-90.00,180.00,63.00,OPEN,0
669713.508,2,0,0,1.000,1.000,1.000,-90.00,180.00,63.00,OPEN,0
669713.512,2,0,0,1.000,1.000,1.000,-90.00,180.00,63.00,OPEN,0
669713.516,2,0,0,1.000,1.000,1.000,-90.00,180.00,63.00,OPEN,0
669713.519,2,0,0,1.000,1.000,1.000,-90.00,180.00,63.00,OPEN,0
669713.527,2,0,0,1.000,1.000,1.000,-90.00,180.00,63.00,OPEN,0
669713.531,2,0,0,1.000,1.000,1.000,-90.00,180.00,63.00,OPEN,0
669713.537,2,0,0,1.000,1.000,1.000,-90.00,180.00,63.00,OPEN,0
669713.541,2,0,0,1.000,1.000,1.000,-90.00,180.00,63.00,OPEN,0
669713.545,2,0,0,1.000,1.000,1.000,-90.00,180.00,63.00,OPEN,0
669713.549,2,0,0,1.000,1.000,1.000,-90.00,180.00,63.00,OPEN,0
669713.553,2,0,0,1.000,1.000,1.000,-90.00,180.00,63.00,OPEN,0
669713.557,2,0,0,1.000,1.000,1.000,-90.00,180.00,63.00,OPEN,0
669713.561,2,0,0,1.000,1.000,1.000,-90.00,180.00,63.00,OPEN,0
669713.566,2,0,0,1.000,1.000,1.000,-90.00,180.00,63.00,OPEN,0
669713.572,2,0,0,1.000,1.000,1.000,-90.00,180.00,58.50,OPEN,1
669713.578,2,0,0,0.999,1.000,1.000,-90.00,180.00,58.50,OPEN,0
669713.584,2,0,0,0.997,1.000,1.000,-90.00,180.00,58.50,OPEN,0
669713.589,2,0,0,0.982,1.000,1.000,-90.00,180.00,58.50,OPEN,0
669713.594,2,0,0,0.939,1.000,1.000,-90.00,180.00,58.50,OPEN,0
669713.598,2,0,0,0.729,1.000,1.000,-90.00,180.00,58.50,OPEN,0
669713.603,2,0,0,0.734,1.000,1.000,-90.00,180.00,58.50,OPEN,0
669713.607,2,0,0,0.950,1.000,1.000,-90.00,180.00,58.50,OPEN,0
669713.611,2,0,0,0.993,1.000,1.000,-90.00,180.00,58.50,OPEN,0
669713.616,2,0,0,0.979,1.000,1.000,-90.00,180.00,58.50,OPEN,0
669713.620,2,0,0,0.990,1.000,1.000,-90.00,180.00,58.50,OPEN,0
669713.624,2,0,0,0.995,1.000,1.000,-90.00,180.00,58.50,OPEN,0
669713.627,2,0,0,0.997,1.000,1.000,-90.00,180.00,58.50,OPEN,0
669713.631,2,0,0,0.998,1.000,1.000,-90.00,180.00,58.50,OPEN,0
669713.635,0,0,0,0.999,1.000,1.000,-90.00,180.00,58.50,OPEN,0
669713.639,0,0,0,1.000,1.000,1.000,-90.00,180.00,58.50,OPEN,0
669713.642,0,0,0,1.000,1.000,1.000,-90.00,180.00,58.50,OPEN,0
669713.646,0,0,0,1.000,1.000,1.000,-90.00,180.00,58.50,OPEN,0
669713.650,0,0,0,1.000,1.000,1.000,-90.00,180.00,58.50,OPEN,0
669713.654,0,0,0,1.000,1.000,1.000,-90.00,180.00,58.50,OPEN,0
669713.658,0,0,0,1.000,1.000,1.000,-90.00,180.00,58.50,OPEN,0
669713.667,0,0,0,1.000,1.000,1.000,-90.00,180.00,58.50,OPEN,0
669713.679,0,0,0,1.000,1.000,1.000,-90.00,180.00,58.50,OPEN,0
669713.704,0,0,0,1.000,1.000,1.000,-90.00,180.00,58.50,OPEN,0
669713.721,0,0,0,1.000,1.000,1.000,-90.00,180.00,58.50,OPEN,0
669713.733,0,0,0,1.000,1.000,1.000,-90.00,180.00,58.50,OPEN,0
669713.743,0,0,0,1.000,1.000,1.000,-90.00,180.00,58.50,OPEN,0
669713.751,0,0,0,1.000,1.000,1.000,-90.00,180.00,58.50,OPEN,0
669713.759,0,0,0,1.000,1.000,1.000,-90.00,180.00,58.50,OPEN,0
669713.767,0,0,0,1.000,1.000,1.000,-90.00,180.00,58.50,OPEN,0
669713.775,0,0,0,1.000,1.000,1.000,-90.00,180.00,58.50,OPEN,0
669713.782,0,0,0,1.000,1.000,1.000,-90.00,180.00,58.50,OPEN,0
669713.786,0,0,0,1.000,1.000,1.000,-90.00,180.00,58.50,OPEN,0
669713.795,0,0,0,1.000,1.000,1.000,-90.00,180.00,58.50,OPEN,0
669713.799,0,0,0,1.000,1.000,1.000,-90.00,180.00,58.50,OPEN,0
669713.804,0,0,0,1.000,1.000,1.000,-90.00,180.00,58.50,OPEN,0
669713.807,0,0,0,1.000,1.000,1.000,-90.00,180.00,58.50,OPEN,0
669713.811,0,0,0,1.000,1.000,1.000,-90.00,180.00,58.50,OPEN,0
669713.816,0,0,0,1.000,1.000,1.000,-90.00,180.00,58.50,OPEN,0
669713.823,0,0,0,1.000,1.000,1.000,-90.00,180.00,58.50,OPEN,0
669713.829,0,0,0,1.000,1.000,1.000,-90.00,180.00,58.50,OPEN,0
669713.835,0,0,0,1.000,1.000,1.000,-90.00,180.00,58.50,OPEN,0
669713.840,0,0,0,1.000,1.000,1.000,-90.00,180.00,58.50,OPEN,0
669713.845,0,0,0,1.000,1.000,1.000,-90.00,180.00,58.50,OPEN,0
669713.849,0,0,0,1.000,1.000,1.000,-90.00,180.00,58.50,OPEN,0
669713.854,0,0,0,1.000,1.000,1.000,-90.00,180.00,58.50,OPEN,0
669713.859,0,0,0,1.000,1.000,1.000,-90.00,180.00,58.50,OPEN,0
669713.866,0,0,0,1.000,1.000,1.000,-90.00,180.00,58.50,OPEN,0
669713.875,0,0,0,1.000,1.000,1.000,-90.00,180.00,58.50,OPEN,0
669713.879,0,0,0,1.000,1.000,1.000,-90.00,180.00,58.50,OPEN,0
669713.883,0,0,0,1.000,1.000,1.000,-90.00,180.00,58.50,OPEN,0
669713.887,0,0,0,1.000,1.000,1.000,-90.00,180.00,58.50,OPEN,0
669713.891,0,0,0,1.000,1.000,1.000,-90.00,180.00,58.50,OPEN,0
669713.894,0,0,0,1.000,1.000,1.000,-90.00,180.00,58.50,OPEN,0
669713.898,0,0,0,1.000,1.000,1.000,-90.00,180.00,58.50,OPEN,0
669713.902,0,0,0,1.000,1.000,1.000,-90.00,180.00,58.50,OPEN,0
669713.911,0,0,0,1.000,1.000,1.000,-90.00,180.00,58.50,OPEN,0
669713.915,0,0,0,1.000,1.000,1.000,-90.00,180.00,58.50,OPEN,0
669713.919,0,0,0,1.000,1.000,1.000,-90.00,180.00,58.50,OPEN,0
669713.922,0,0,0,1.000,1.000,1.000,-90.00,180.00,58.50,OPEN,0
669713.926,0,0,0,1.000,1.000,1.000,-90.00,180.00,58.50,OPEN,0
669713.931,0,0,0,1.000,1.000,1.000,-90.00,180.00,58.50,OPEN,0
669713.934,0,0,0,1.000,1.000,1.000,-90.00,180.00,58.50,OPEN,0
669713.938,0,0,0,1.000,1.000,1.000,-90.00,180.00,58.50,OPEN,0
669713.942,0,0,0,1.000,1.000,1.000,-90.00,180.00,58.50,OPEN,0
669713.946,0,0,0,1.000,1.000,1.000,-90.00,180.00,58.50,OPEN,0
669713.953,0,0,0,1.000,1.000,1.000,-90.00,180.00,58.50,OPEN,0
669713.957,0,0,0,1.000,1.000,1.000,-90.00,180.00,58.50,OPEN,0
669713.961,0,0,0,1.000,1.000,1.000,-90.00,180.00,58.50,OPEN,0
669713.965,0,0,0,1.000,1.000,1.000,-90.00,180.00,58.50,OPEN,0
669713.970,0,0,0,1.000,1.000,1.000,-90.00,180.00,58.50,OPEN,0
669713.974,0,0,0,1.000,1.000,1.000,-90.00,180.00,58.50,OPEN,0
669713.982,0,0,0,1.000,1.000,1.000,-90.00,180.00,58.50,OPEN,0
669713.986,0,0,0,1.000,1.000,1.000,-90.00,180.00,58.50,OPEN,0
669713.990,0,0,0,1.000,1.000,1.000,-90.00,180.00,58.50,OPEN,0
669713.999,0,0,0,1.000,1.000,1.000,-90.00,180.00,58.50,OPEN,0
669714.004,0,0,0,1.000,1.000,1.000,-90.00,180.00,58.50,OPEN,0
669714.008,0,0,0,1.000,1.000,1.000,-90.00,180.00,58.50,OPEN,0
669714.015,0,0,0,1.000,1.000,1.000,-90.00,180.00,58.50,OPEN,0
669714.020,0,0,0,1.000,1.000,1.000,-90.00,180.00,58.50,OPEN,0
669714.024,0,0,0,1.000,1.000,1.000,-90.00,180.00,58.50,OPEN,0
669714.027,0,0,0,1.000,1.000,1.000,-90.00,180.00,58.50,OPEN,0
669714.031,0,0,0,1.000,1.000,1.000,-90.00,180.00,58.50,OPEN,0
669714.034,0,0,0,1.000,1.000,1.000,-90.00,180.00,58.50,OPEN,0
669714.039,0,0,0,1.000,1.000,1.000,-90.00,180.00,58.50,OPEN,0
669714.043,0,0,0,1.000,1.000,1.000,-90.00,180.00,58.50,OPEN,0
669714.047,0,0,0,1.000,1.000,1.000,-90.00,180.00,58.50,OPEN,0
669714.051,0,0,0,1.000,1.000,1.000,-90.00,180.00,58.50,OPEN,0
669714.054,0,0,0,1.000,1.000,1.000,-90.00,180.00,58.50,OPEN,0
669714.058,0,0,0,1.000,1.000,1.000,-90.00,180.00,58.50,OPEN,0
669714.061,0,0,0,1.000,1.000,1.000,-90.00,180.00,58.50,OPEN,0
669714.071,0,0,0,1.000,1.000,1.000,-90.00,180.00,58.50,OPEN,0
669714.083,0,0,0,1.000,1.000,1.000,-90.00,180.00,58.50,OPEN,0
669714.093,0,0,0,1.000,1.000,1.000,-90.00,180.00,58.50,OPEN,0
669714.101,0,0,0,1.000,1.000,1.000,-90.00,180.00,58.50,OPEN,0
669714.108,0,0,0,1.000,1.000,1.000,-90.00,180.00,58.50,OPEN,0
669714.115,0,0,0,1.000,1.000,1.000,-90.00,180.00,58.50,OPEN,0
669714.121,0,0,0,1.000,1.000,1.000,-90.00,180.00,58.50,OPEN,0
669714.129,0,0,0,1.000,1.000,1.000,-90.00,180.00,58.50,OPEN,0
669714.133,0,0,0,1.000,1.000,1.000,-90.00,180.00,58.50,OPEN,0
669714.138,0,0,0,1.000,1.000,1.000,-90.00,180.00,58.50,OPEN,0
669714.146,0,0,0,1.000,1.000,1.000,-90.00,180.00,58.50,OPEN,0
669714.150,0,0,0,1.000,1.000,1.000,-90.00,180.00,58.50,OPEN,0
669714.153,0,0,0,1.000,1.000,1.000,-90.00,180.00,58.50,OPEN,0
669714.161,0,0,0,1.000,1.000,1.000,-90.00,180.00,58.50,OPEN,0
669714.165,0,0,0,1.000,1.000,1.000,-90.00,180.00,58.50,OPEN,0
669714.169,0,0,0,1.000,1.000,1.000,-90.00,180.00,58.50,OPEN,0
669714.173,0,0,0,1.000,1.000,1.000,-90.00,180.00,58.50,OPEN,0
669714.177,0,0,0,1.000,1.000,1.000,-90.00,180.00,58.50,OPEN,0
669714.181,0,0,0,1.000,1.000,1.000,-90.00,180.00,58.50,OPEN,0
669714.186,0,0,0,1.000,1.000,1.000,-90.00,180.00,58.50,OPEN,0
669714.194,0,0,0,1.000,1.000,1.000,-90.00,180.00,58.50,OPEN,0
669714.198,0,0,0,1.000,1.000,1.000,-90.00,180.00,58.50,OPEN,0
669714.204,0,0,0,1.000,1.000,1.000,-90.00,180.00,58.50,OPEN,0
669714.207,0,0,0,1.000,1.000,1.000,-90.00,180.00,58.50,OPEN,0
669714.211,0,0,0,1.000,1.000,1.000,-90.00,180.00,58.50,OPEN,0
669714.215,0,0,0,1.000,1.000,1.000,-90.00,180.00,58.50,OPEN,0
669714.220,0,0,0,1.000,1.000,1.000,-90.00,180.00,58.50,OPEN,0
669714.223,0,0,0,1.000,1.000,1.000,-90.00,180.00,58.50,OPEN,0
669714.227,0,0,0,0.999,1.000,1.000,-90.00,180.00,58.50,OPEN,0
669714.230,0,0,0,0.995,1.000,1.000,-90.00,180.00,58.50,OPEN,0
669714.234,0,0,0,0.982,1.000,1.000,-90.00,180.00,58.50,OPEN,0
669714.239,0,0,0,0.482,1.000,1.000,-90.00,180.00,58.50,OPEN,0
669714.242,0,0,0,0.898,1.000,1.000,-90.00,180.00,58.50,OPEN,0
669714.250,0,0,0,0.973,1.000,1.000,-90.00,180.00,58.50,OPEN,0
669714.254,0,0,0,0.988,1.000,1.000,-90.00,180.00,58.50,OPEN,0
669714.261,0,0,0,0.998,1.000,1.000,-90.00,180.00,58.50,OPEN,0
669714.269,0,0,0,0.999,1.000,1.000,-90.00,180.00,58.50,OPEN,0
669714.276,0,0,0,0.998,1.000,1.000,-90.00,180.00,58.50,OPEN,0
669714.283,0,0,0,0.998,1.000,1.000,-90.00,180.00,58.50,OPEN,0
669714.287,3,0,0,0.997,1.000,1.000,-90.00,180.00,58.50,CLOSED,0
669714.293,3,0,0,0.993,1.000,1.000,-90.00,180.00,58.50,CLOSED,0
669714.297,3,0,0,0.991,1.000,1.000,-90.00,180.00,58.50,CLOSED,0
669714.301,3,0,0,0.992,1.000,1.000,-90.00,180.00,58.50,CLOSED,0
669714.307,3,0,0,0.996,1.000,1.000,-90.00,180.00,58.50,CLOSED,0
669714.311,3,0,0,0.998,1.000,1.000,-90.00,180.00,58.50,CLOSED,0
669714.315,3,0,0,0.999,1.000,1.000,-90.00,180.00,58.50,CLOSED,0
669714.318,3,0,0,1.000,1.000,1.000,-90.00,180.00,58.50,CLOSED,0
669714.322,3,0,0,1.000,1.000,1.000,-90.00,180.00,58.50,CLOSED,0
669714.332,3,0,0,1.000,1.000,1.000,-90.00,180.00,58.50,CLOSED,0
669714.335,3,0,0,1.000,1.000,1.000,-90.00,180.00,58.50,CLOSED,0
669714.343,3,0,0,1.000,1.000,1.000,-90.00,180.00,58.50,CLOSED,0
669714.347,3,0,0,1.000,1.000,1.000,-90.00,180.00,58.50,CLOSED,0
669714.350,3,0,0,1.000,1.000,1.000,-90.00,180.00,58.50,CLOSED,0
669714.356,3,0,0,1.000,1.000,1.000,-90.00,180.00,58.50,CLOSED,0
669714.364,3,0,0,1.000,1.000,1.000,-90.00,180.00,58.50,CLOSED,0
669714.368,3,0,0,1.000,1.000,1.000,-90.00,180.00,58.50,CLOSED,0
669714.372,3,0,0,1.000,1.000,1.000,-90.00,180.00,58.50,CLOSED,0
669714.376,3,0,0,1.000,1.000,1.000,-90.00,180.00,58.50,CLOSED,0
669714.380,3,0,0,1.000,1.000,1.000,-90.00,180.00,58.50,CLOSED,0
669714.384,3,0,0,1.000,1.000,1.000,-90.00,180.00,58.50,CLOSED,0
669714.389,3,0,0,1.000,1.000,1.000,-90.00,180.00,58.50,CLOSED,0
669714.395,3,0,0,1.000,1.000,1.000,-90.00,180.00,58.50,CLOSED,0
669714.398,3,0,0,1.000,1.000,1.000,-90.00,180.00,58.50,CLOSED,0
669714.402,3,0,0,1.000,1.000,1.000,-90.00,180.00,58.50,CLOSED,0
669714.408,3,0,0,1.000,1.000,1.000,-90.00,180.00,58.50,CLOSED,0
669714.412,3,0,0,1.000,1.000,1.000,-90.00,180.00,58.50,CLOSED,0
669714.416,3,0,0,1.000,1.000,1.000,-90.00,180.00,58.50,CLOSED,0
669714.421,3,0,0,1.000,1.000,1.000,-90.00,180.00,58.50,CLOSED,0
669714.424,3,0,0,1.000,1.000,1.000,-90.00,180.00,58.50,CLOSED,0
669714.428,3,0,0,1.000,1.000,1.000,-90.00,180.00,58.50,CLOSED,0
669714.434,3,0,0,1.000,1.000,1.000,-90.00,180.00,58.50,CLOSED,0
669714.438,3,0,0,1.000,1.000,1.000,-90.00,180.00,58.50,CLOSED,0
669714.445,3,0,0,1.000,1.000,1.000,-90.00,180.00,58.50,CLOSED,0
669714.455,3,0,0,1.000,1.000,1.000,-90.00,180.00,58.50,CLOSED,0
669714.462,3,0,0,1.000,1.000,1.000,-90.00,180.00,58.50,CLOSED,0
669714.470,3,0,0,1.000,1.000,1.000,-90.00,180.00,58.50,CLOSED,0
669714.476,3,0,0,1.000,1.000,1.000,-90.00,180.00,58.50,CLOSED,0
669714.487,3,0,0,1.000,1.000,1.000,-90.00,180.00,58.50,CLOSED,0
669714.492,3,0,0,1.000,1.000,1.000,-90.00,180.00,58.50,CLOSED,0
669714.497,3,0,0,1.000,1.000,1.000,-90.00,180.00,58.50,CLOSED,0
669714.501,3,0,0,1.000,1.000,1.000,-90.00,180.00,58.50,CLOSED,0
669714.510,3,0,0,1.000,1.000,1.000,-90.00,180.00,58.50,CLOSED,0
669714.514,3,0,0,1.000,1.000,1.000,-90.00,180.00,58.50,CLOSED,0
669714.518,3,0,0,1.000,1.000,1.000,-90.00,180.00,58.50,CLOSED,0
669714.521,3,0,0,1.000,1.000,1.000,-90.00,180.00,58.50,CLOSED,0
669714.525,3,0,0,1.000,1.000,1.000,-90.00,180.00,58.50,CLOSED,0
669714.535,3,0,0,1.000,1.000,1.000,-90.00,180.00,58.50,CLOSED,0
669714.539,3,0,0,1.000,1.000,1.000,-90.00,180.00,58.50,CLOSED,0
669714.547,3,0,0,1.000,1.000,1.000,-90.00,180.00,58.50,CLOSED,0
669714.551,3,0,0,1.000,1.000,1.000,-90.00,180.00,58.50,CLOSED,0
669714.555,3,0,0,1.000,1.000,1.000,-90.00,180.00,58.50,CLOSED,0
669714.563,3,0,0,1.000,1.000,1.000,-90.00,180.00,58.50,CLOSED,0
669714.567,3,0,0,1.000,1.000,1.000,-90.00,180.00,58.50,CLOSED,0
669714.571,3,0,0,1.000,1.000,1.000,-90.00,180.00,58.50,CLOSED,0
669714.575,3,0,0,1.000,1.000,1.000,-90.00,180.00,58.50,CLOSED,0
669714.579,3,0,0,1.000,1.000,1.000,-90.00,180.00,58.50,CLOSED,0
669714.583,3,0,0,1.000,1.000,1.000,-90.00,180.00,58.50,CLOSED,0
669714.587,3,0,0,1.000,1.000,1.000,-90.00,180.00,58.50,CLOSED,0
669714.591,3,0,0,1.000,1.000,1.000,-90.00,180.00,58.50,CLOSED,0
669714.595,3,0,0,1.000,1.000,1.000,-90.00,180.00,58.50,CLOSED,0
669714.599,3,0,0,1.000,1.000,1.000,-90.00,180.00,58.50,CLOSED,0
669714.603,3,0,0,1.000,1.000,1.000,-90.00,180.00,58.50,CLOSED,0
669714.607,3,0,0,1.000,1.000,1.000,-90.00,180.00,58.50,CLOSED,0
669714.616,3,0,0,1.000,1.000,1.000,-90.00,180.00,58.50,CLOSED,0
669714.624,3,0,0,1.000,1.000,1.000,-90.00,180.00,58.50,CLOSED,0
669714.637,3,0,0,1.000,1.000,1.000,-90.00,180.00,58.50,CLOSED,0
669714.647,3,0,0,1.000,1.000,1.000,-90.00,180.00,58.50,CLOSED,0
669714.656,3,0,0,1.000,1.000,1.000,-90.00,180.00,58.50,CLOSED,0
669714.664,3,0,0,1.000,1.000,1.000,-90.00,180.00,58.50,CLOSED,0
669714.673,3,0,0,1.000,1.000,1.000,-90.00,180.00,58.50,CLOSED,0
669714.682,3,0,0,1.000,1.000,1.000,-90.00,180.00,58.50,CLOSED,0
669714.690,3,0,0,1.000,1.000,1.000,-90.00,180.00,58.50,CLOSED,0
669714.699,3,0,0,1.000,1.000,1.000,-90.00,180.00,58.50,CLOSED,0
669714.708,3,0,0,1.000,1.000,1.000,-90.00,180.00,58.50,CLOSED,0
669714.717,3,0,0,1.000,1.000,1.000,-90.00,180.00,58.50,CLOSED,0
669714.726,3,0,0,1.000,1.000,1.000,-90.00,180.00,58.50,CLOSED,0
669714.734,3,0,0,1.000,1.000,1.000,-90.00,180.00,58.50,CLOSED,0
669714.743,3,0,0,1.000,1.000,1.000,-90.00,180.00,58.50,CLOSED,0
669714.751,3,0,0,1.000,1.000,1.000,-90.00,180.00,58.50,CLOSED,0
669714.759,3,0,0,1.000,1.000,1.000,-90.00,180.00,58.50,CLOSED,0
669714.768,3,0,0,1.000,1.000,1.000,-90.00,180.00,58.50,CLOSED,0
669714.776,3,0,0,1.000,1.000,1.000,-90.00,180.00,58.50,CLOSED,0
669714.784,3,0,0,1.000,1.000,1.000,-90.00,180.00,58.50,CLOSED,0
669714.792,3,0,0,1.000,1.000,1.000,-90.00,180.00,58.50,CLOSED,0
669714.801,3,0,0,1.000,1.000,1.000,-90.00,180.00,58.50,CLOSED,0
669714.809,3,0,0,1.000,1.000,1.000,-90.00,180.00,58.50,CLOSED,0
669714.817,3,0,0,1.000,1.000,1.000,-90.00,180.00,58.50,CLOSED,0
669714.825,3,0,0,1.000,1.000,1.000,-90.00,180.00,58.50,CLOSED,0
669714.831,3,0,0,1.000,1.000,1.000,-90.00,180.00,58.50,CLOSED,0
669714.836,3,0,0,1.000,1.000,1.000,-90.00,180.00,58.50,CLOSED,0
669714.840,3,0,0,1.000,1.000,1.000,-90.00,180.00,58.50,CLOSED,0
669714.844,3,0,0,1.000,1.000,1.000,-90.00,180.00,58.50,CLOSED,0
669714.848,3,0,0,1.000,1.000,1.000,-90.00,180.00,58.50,CLOSED,0
669714.853,3,0,0,1.000,1.000,1.000,-90.00,180.00,58.50,CLOSED,0
669714.859,3,0,0,1.000,1.000,1.000,-90.00,180.00,58.50,CLOSED,0
669714.863,3,0,0,1.000,1.000,1.000,-90.00,180.00,58.50,CLOSED,0
669714.867,3,0,0,1.000,1.000,1.000,-90.00,180.00,58.50,CLOSED,0
669714.871,3,0,0,1.000,1.000,1.000,-90.00,180.00,58.50,CLOSED,0
669714.875,3,0,0,1.000,1.000,1.000,-90.00,180.00,58.50,CLOSED,0
669714.879,3,0,0,0.999,1.000,1.000,-90.00,180.00,58.50,CLOSED,0
669714.882,3,0,0,0.999,1.000,1.000,-90.00,180.00,58.50,CLOSED,0
669714.886,3,0,0,1.000,1.000,1.000,-90.00,180.00,58.50,CLOSED,0
669714.890,3,0,0,1.000,1.000,1.000,-90.00,180.00,58.50,CLOSED,0
669714.895,3,0,0,1.000,1.000,1.000,-90.00,180.00,58.50,CLOSED,0
669714.898,3,0,0,1.000,1.000,1.000,-90.00,180.00,58.50,CLOSED,0
669714.902,3,0,0,1.000,1.000,1.000,-90.00,180.00,58.50,CLOSED,0
669714.906,3,0,0,1.000,1.000,1.000,-90.00,180.00,58.50,CLOSED,0
669714.910,3,0,0,1.000,1.000,1.000,-90.00,180.00,58.50,CLOSED,0
669714.915,3,0,0,1.000,1.000,1.000,-90.00,180.00,58.50,CLOSED,0
669714.921,3,0,0,1.000,1.000,1.000,-90.00,180.00,58.50,CLOSED,0
669714.925,3,0,0,1.000,1.000,1.000,-90.00,180.00,58.50,CLOSED,0
669714.929,3,0,0,1.000,1.000,1.000,-90.00,180.00,58.50,CLOSED,0
669714.934,3,0,0,1.000,1.000,1.000,-90.00,180.00,58.50,CLOSED,0
669714.938,3,0,0,1.000,1.000,1.000,-90.00,180.00,58.50,CLOSED,0
669714.942,3,0,0,1.000,1.000,1.000,-90.00,180.00,58.50,CLOSED,0
669714.950,3,0,0,1.000,1.000,1.000,-90.00,180.00,58.50,CLOSED,0
669714.954,3,0,0,1.000,1.000,1.000,-90.00,180.00,58.50,CLOSED,0
669714.958,3,0,0,1.000,1.000,1.000,-90.00,180.00,58.50,CLOSED,0
669714.961,3,0,0,1.000,1.000,1.000,-90.00,180.00,58.50,CLOSED,0
669714.965,3,0,0,1.000,1.000,1.000,-90.00,180.00,58.50,CLOSED,0
669714.969,3,0,0,1.000,1.000,1.000,-90.00,180.00,58.50,CLOSED,0
669714.973,3,0,0,1.000,1.000,1.000,-90.00,180.00,58.50,CLOSED,0
669714.976,3,0,0,0.999,1.000,1.000,-90.00,180.00,58.50,CLOSED,0
669714.981,3,0,0,0.999,1.000,1.000,-90.00,180.00,58.50,CLOSED,0
669714.986,3,0,0,0.998,1.000,1.000,-90.00,180.00,58.50,CLOSED,0
669714.990,3,0,0,0.997,1.000,1.000,-90.00,180.00,58.50,CLOSED,0
669714.994,3,0,0,0.998,1.000,1.000,-90.00,180.00,58.50,CLOSED,0
669714.998,3,0,0,0.999,1.000,1.000,-90.00,180.00,58.50,CLOSED,0
669715.003,3,0,0,0.999,1.000,1.000,-90.00,180.00,58.50,CLOSED,0
669715.006,3,0,0,1.000,1.000,1.000,-90.00,180.00,58.50,CLOSED,0
669715.010,3,0,0,1.000,1.000,1.000,-90.00,180.00,58.50,CLOSED,0
669715.015,3,0,0,1.000,1.000,1.000,-90.00,180.00,58.50,CLOSED,0
669715.018,3,0,0,1.000,1.000,1.000,-90.00,180.00,58.50,CLOSED,0
669715.022,3,0,0,1.000,1.000,1.000,-90.00,180.00,58.50,CLOSED,0
669715.026,3,0,0,1.000,1.000,1.000,-90.00,180.00,58.50,CLOSED,0
669715.031,3,0,0,1.000,1.000,1.000,-90.00,180.00,58.50,CLOSED,0
669715.035,3,0,0,1.000,1.000,1.000,-90.00,180.00,58.50,CLOSED,0
669715.039,3,0,0,1.000,1.000,1.000,-90.00,180.00,58.50,CLOSED,0
669715.043,3,0,0,1.000,1.000,1.000,-90.00,180.00,58.50,CLOSED,0
669715.048,3,0,0,1.000,1.000,1.000,-90.00,180.00,58.50,CLOSED,0
669715.053,3,0,0,0.999,1.000,1.000,-90.00,180.00,58.50,CLOSED,0
669715.057,3,0,0,0.976,1.000,1.000,-90.00,180.00,58.50,CLOSED,0
669715.062,3,0,0,0.897,1.000,1.000,-90.00,180.00,58.50,CLOSED,0
669715.066,3,0,0,0.837,1.000,1.000,-90.00,180.00,58.50,CLOSED,0
669715.071,3,0,0,0.824,1.000,1.000,-90.00,180.00,58.50,CLOSED,0
669715.076,3,0,0,0.780,1.000,1.000,-90.00,180.00,58.50,CLOSED,0
669715.084,3,0,0,0.673,1.000,1.000,-90.00,180.00,58.50,CLOSED,0
669715.088,3,0,0,0.567,1.000,1.000,-90.00,180.00,58.50,CLOSED,0
669715.092,3,0,0,0.992,1.000,1.000,-90.00,180.00,58.50,CLOSED,0
669715.100,3,0,0,1.000,1.000,1.000,-90.00,180.00,58.50,CLOSED,0
669715.105,3,0,0,1.000,1.000,1.000,-90.00,180.00,58.50,CLOSED,0
669715.111,3,0,0,1.000,1.000,1.000,-90.00,180.00,58.50,CLOSED,0
669715.117,3,0,0,1.000,1.000,1.000,-90.00,180.00,58.50,CLOSED,0
669715.121,3,0,0,1.000,1.000,1.000,-90.00,180.00,58.50,CLOSED,0
669715.125,0,0,0,1.000,1.000,1.000,-90.00,180.00,58.50,CLOSED,0
669715.130,0,0,0,1.000,1.000,1.000,-90.00,180.00,58.50,CLOSED,0
669715.136,0,0,0,1.000,1.000,1.000,-90.00,180.00,58.50,CLOSED,0
669715.141,0,0,0,1.000,1.000,1.000,-90.00,180.00,58.50,CLOSED,0
669715.146,0,0,0,1.000,1.000,1.000,-90.00,180.00,58.50,CLOSED,0
669715.151,0,0,0,1.000,1.000,1.000,-90.00,180.00,58.50,CLOSED,0
669715.155,0,0,0,1.000,1.000,1.000,-90.00,180.00,58.50,CLOSED,0
669715.160,0,0,0,1.000,1.000,1.000,-90.00,180.00,58.50,CLOSED,0
669715.168,0,0,0,1.000,1.000,1.000,-90.00,180.00,58.50,CLOSED,0
669715.172,0,0,0,1.000,1.000,1.000,-90.00,180.00,58.50,CLOSED,0
669715.180,0,0,0,1.000,1.000,1.000,-90.00,180.00,58.50,CLOSED,0
669715.184,0,0,0,1.000,1.000,1.000,-90.00,180.00,58.50,CLOSED,0
669715.189,0,0,0,1.000,1.000,1.000,-90.00,180.00,58.50,CLOSED,0
669715.193,0,0,0,1.000,1.000,1.000,-90.00,180.00,58.50,CLOSED,0
669715.201,0,0,0,1.000,1.000,1.000,-90.00,180.00,58.50,CLOSED,0
669715.211,0,0,0,1.000,1.000,1.000,-90.00,180.00,58.50,CLOSED,0
669715.215,0,0,0,1.000,1.000,1.000,-90.00,180.00,58.50,CLOSED,0
669715.219,0,0,0,1.000,1.000,1.000,-90.00,180.00,58.50,CLOSED,0
669715.223,0,0,0,1.000,1.000,1.000,-90.00,180.00,58.50,CLOSED,0
669715.227,0,0,0,1.000,1.000,1.000,-90.00,180.00,58.50,CLOSED,0
669715.235,0,0,0,1.000,1.000,1.000,-90.00,180.00,58.50,CLOSED,0
669715.240,0,0,0,1.000,1.000,1.000,-90.00,180.00,58.50,CLOSED,0
669715.245,0,0,0,1.000,1.000,1.000,-90.00,180.00,58.50,CLOSED,0
669715.249,0,0,0,1.000,1.000,1.000,-90.00,180.00,58.50,CLOSED,0
669715.252,0,0,0,1.000,1.000,1.000,-90.00,180.00,58.50,CLOSED,0
669715.261,0,0,0,1.000,1.000,1.000,-90.00,180.00,58.50,CLOSED,0
669715.266,0,0,0,1.000,1.000,1.000,-90.00,180.00,58.50,CLOSED,0
669715.270,0,0,0,1.000,1.000,1.000,-90.00,180.00,58.50,CLOSED,0
669715.274,0,0,0,1.000,1.000,1.000,-90.00,180.00,58.50,CLOSED,0
669715.278,0,0,0,1.000,1.000,1.000,-90.00,180.00,58.50,CLOSED,0
669715.282,0,0,0,1.000,1.000,1.000,-90.00,180.00,58.50,CLOSED,0
669715.286,0,0,0,1.000,1.000,1.000,-90.00,180.00,58.50,CLOSED,0
669715.290,0,0,0,1.000,1.000,1.000,-90.00,180.00,58.50,CLOSED,0
669715.293,0,0,0,1.000,1.000,1.000,-90.00,180.00,58.50,CLOSED,0
669715.298,0,0,0,1.000,1.000,1.000,-90.00,180.00,58.50,CLOSED,0
669715.302,0,0,0,1.000,1.000,1.000,-90.00,180.00,58.50,CLOSED,0
669715.305,0,0,0,1.000,1.000,1.000,-90.00,180.00,58.50,CLOSED,0
669715.310,0,0,0,1.000,1.000,1.000,-90.00,180.00,58.50,CLOSED,0
669715.315,0,0,0,1.000,1.000,1.000,-90.00,180.00,58.50,CLOSED,0
669715.320,0,0,0,1.000,1.000,1.000,-90.00,180.00,58.50,CLOSED,0
669715.331,0,0,0,1.000,1.000,1.000,-90.00,180.00,58.50,CLOSED,0
669715.337,0,0,0,1.000,1.000,1.000,-90.00,180.00,58.50,CLOSED,0
669715.342,0,0,0,1.000,1.000,1.000,-90.00,180.00,58.50,CLOSED,0
669715.351,0,0,0,1.000,1.000,1.000,-90.00,180.00,58.50,CLOSED,0
669715.355,0,0,0,1.000,1.000,1.000,-90.00,180.00,58.50,CLOSED,0
669715.361,0,0,0,1.000,1.000,1.000,-90.00,180.00,58.50,CLOSED,0
669715.367,0,0,0,1.000,1.000,1.000,-90.00,180.00,58.50,CLOSED,0
669715.370,0,0,0,1.000,1.000,1.000,-90.00,180.00,58.50,CLOSED,0
669715.375,0,0,0,1.000,1.000,1.000,-90.00,180.00,58.50,CLOSED,0
669715.383,0,0,0,1.000,1.000,1.000,-90.00,180.00,58.50,CLOSED,0
669715.387,0,0,0,1.000,1.000,1.000,-90.00,180.00,58.50,CLOSED,0
669715.391,0,0,0,1.000,1.000,1.000,-90.00,180.00,58.50,CLOSED,0
669715.397,0,0,0,1.000,1.000,1.000,-90.00,180.00,58.50,CLOSED,0
669715.407,0,0,0,1.000,1.000,1.000,-90.00,180.00,58.50,CLOSED,0
669715.415,0,0,0,1.000,1.000,1.000,-90.00,180.00,58.50,CLOSED,0
669715.423,0,0,0,1.000,1.000,1.000,-90.00,180.00,58.50,CLOSED,0
669715.429,0,0,0,1.000,1.000,1.000,-90.00,180.00,58.50,CLOSED,0
669715.434,0,0,0,1.000,1.000,1.000,-90.00,180.00,58.50,CLOSED,0
669715.440,0,0,0,1.000,1.000,1.000,-90.00,180.00,58.50,CLOSED,0
669715.445,0,0,0,1.000,1.000,1.000,-90.00,180.00,58.50,CLOSED,0
669715.453,0,0,0,1.000,1.000,1.000,-90.00,180.00,58.50,CLOSED,0
669715.457,0,0,0,1.000,1.000,1.000,-90.00,180.00,58.50,CLOSED,0
669715.461,0,0,0,1.000,1.000,1.000,-90.00,180.00,58.50,CLOSED,0
669715.465,0,0,0,1.000,1.000,1.000,-90.00,180.00,58.50,CLOSED,0
669715.469,0,0,0,1.000,1.000,1.000,-90.00,180.00,58.50,CLOSED,0
669715.473,0,0,0,1.000,1.000,1.000,-90.00,180.00,58.50,CLOSED,0
669715.477,0,0,0,1.000,1.000,1.000,-90.00,180.00,58.50,CLOSED,0
669715.481,0,0,0,1.000,1.000,1.000,-90.00,180.00,58.50,CLOSED,0
669715.486,0,0,0,1.000,1.000,1.000,-90.00,180.00,58.50,CLOSED,0
669715.490,0,0,0,1.000,1.000,1.000,-90.00,180.00,58.50,CLOSED,0
669715.494,0,0,0,1.000,1.000,1.000,-90.00,180.00,58.50,CLOSED,0
669715.498,0,0,0,1.000,1.000,1.000,-90.00,180.00,58.50,CLOSED,0
669715.502,0,0,0,1.000,1.000,1.000,-90.00,180.00,58.50,CLOSED,0
669715.506,0,0,0,1.000,1.000,1.000,-90.00,180.00,58.50,CLOSED,0
669715.513,0,0,0,1.000,1.000,1.000,-90.00,180.00,58.50,CLOSED,0
669715.521,0,0,0,1.000,1.000,1.000,-90.00,180.00,58.50,CLOSED,0
669715.529,0,0,0,1.000,1.000,1.000,-90.00,180.00,58.50,CLOSED,0
669715.539,0,0,0,1.000,1.000,1.000,-90.00,180.00,58.50,CLOSED,0
669715.546,0,0,0,1.000,1.000,1.000,-90.00,180.00,58.50,CLOSED,0
669715.551,0,0,0,1.000,1.000,1.000,-90.00,180.00,58.50,CLOSED,0
669715.556,0,0,0,1.000,1.000,1.000,-90.00,180.00,58.50,CLOSED,0
669715.563,0,0,0,1.000,1.000,1.000,-90.00,180.00,58.50,CLOSED,0
669715.568,0,0,0,1.000,1.000,1.000,-90.00,180.00,58.50,CLOSED,0
669715.576,0,0,0,1.000,1.000,1.000,-90.00,180.00,58.50,CLOSED,0
669715.581,0,0,0,1.000,1.000,1.000,-90.00,180.00,58.50,CLOSED,0
669715.584,0,0,0,1.000,1.000,1.000,-90.00,180.00,58.50,CLOSED,0
669715.588,0,0,0,1.000,1.000,1.000,-90.00,180.00,58.50,CLOSED,0
669715.595,0,0,0,1.000,1.000,1.000,-90.00,180.00,58.50,CLOSED,0
669715.599,0,0,0,1.000,1.000,1.000,-90.00,180.00,58.50,CLOSED,0
669715.604,0,0,0,1.000,1.000,1.000,-90.00,180.00,58.50,CLOSED,0
669715.607,0,0,0,1.000,1.000,1.000,-90.00,180.00,58.50,CLOSED,0
669715.611,0,0,0,1.000,1.000,1.000,-90.00,180.00,58.50,CLOSED,0
669715.615,0,0,0,1.000,1.000,1.000,-90.00,180.00,58.50,CLOSED,0
669715.620,0,0,0,1.000,1.000,1.000,-90.00,180.00,58.50,CLOSED,0
669715.625,0,0,0,1.000,1.000,1.000,-90.00,180.00,58.50,CLOSED,0
669715.630,0,0,0,1.000,1.000,1.000,-90.00,180.00,58.50,CLOSED,0
669715.637,0,0,0,1.000,1.000,1.000,-90.00,180.00,58.50,CLOSED,0
669715.650,0,0,0,1.000,1.000,1.000,-90.00,180.00,58.50,CLOSED,0
669715.656,0,0,0,1.000,1.000,1.000,-90.00,180.00,58.50,CLOSED,0
669715.662,0,0,0,1.000,1.000,1.000,-90.00,180.00,58.50,CLOSED,0
669715.667,0,0,0,1.000,1.000,1.000,-90.00,180.00,58.50,CLOSED,0
669715.672,0,0,0,1.000,1.000,1.000,-90.00,180.00,58.50,CLOSED,0
669715.681,0,0,0,1.000,1.000,1.000,-90.00,180.00,58.50,CLOSED,0
669715.686,0,0,0,1.000,1.000,1.000,-90.00,180.00,58.50,CLOSED,0
669715.690,0,0,0,1.000,1.000,1.000,-90.00,180.00,58.50,CLOSED,0
669715.694,0,0,0,1.000,1.000,1.000,-90.00,180.00,58.50,CLOSED,0
669715.698,0,0,0,1.000,1.000,1.000,-90.00,180.00,58.50,CLOSED,0
669715.702,0,0,0,1.000,1.000,1.000,-90.00,180.00,58.50,CLOSED,0
669715.706,0,0,0,1.000,1.000,1.000,-90.00,180.00,58.50,CLOSED,0
669715.711,0,0,0,1.000,1.000,1.000,-90.00,180.00,58.50,CLOSED,0
669715.717,0,0,0,1.000,1.000,1.000,-90.00,180.00,58.50,CLOSED,0
669715.726,0,0,0,1.000,1.000,1.000,-90.00,180.00,58.50,CLOSED,0
669715.731,0,0,0,1.000,1.000,1.000,-90.00,180.00,58.50,CLOSED,0
669715.735,0,0,0,1.000,1.000,1.000,-90.00,180.00,58.50,CLOSED,0
669715.739,0,0,0,1.000,1.000,1.000,-90.00,180.00,58.50,CLOSED,0
669715.743,0,0,0,1.000,1.000,1.000,-90.00,180.00,58.50,CLOSED,0
669715.747,0,0,0,1.000,1.000,1.000,-90.00,180.00,58.50,CLOSED,0
669715.751,0,0,0,1.000,1.000,1.000,-90.00,180.00,58.50,CLOSED,0
669715.755,0,0,0,1.000,1.000,1.000,-90.00,180.00,58.50,CLOSED,0
669715.758,0,0,0,1.000,1.000,1.000,-90.00,180.00,58.50,CLOSED,0
669715.764,0,0,0,1.000,1.000,1.000,-90.00,180.00,58.50,CLOSED,0
669715.768,0,0,0,1.000,1.000,1.000,-90.00,180.00,58.50,CLOSED,0
669715.771,0,0,0,1.000,1.000,1.000,-90.00,180.00,58.50,CLOSED,0
669715.775,0,0,0,1.000,1.000,1.000,-90.00,180.00,58.50,CLOSED,0
669715.778,0,0,0,1.000,1.000,1.000,-90.00,180.00,58.50,CLOSED,0
669715.782,0,0,0,1.000,1.000,1.000,-90.00,180.00,58.50,CLOSED,0
669715.786,0,0,0,1.000,1.000,1.000,-90.00,180.00,58.50,CLOSED,0
669715.790,0,0,0,1.000,1.000,1.000,-90.00,180.00,58.50,CLOSED,0
669715.794,0,0,0,1.000,1.000,1.000,-90.00,180.00,58.50,CLOSED,0
669715.799,0,0,0,1.000,1.000,1.000,-90.00,180.00,58.50,CLOSED,0
669715.805,0,0,0,1.000,1.000,1.000,-90.00,180.00,58.50,CLOSED,0
669715.810,0,0,0,1.000,1.000,1.000,-90.00,180.00,58.50,CLOSED,0
669715.815,0,0,0,1.000,1.000,1.000,-90.00,180.00,58.50,CLOSED,0
669715.819,0,0,0,1.000,1.000,1.000,-90.00,180.00,58.50,CLOSED,0
669715.824,0,0,0,0.999,1.000,1.000,-90.00,180.00,58.50,CLOSED,0
669715.829,0,0,0,0.999,1.000,1.000,-90.00,180.00,58.50,CLOSED,0
669715.839,0,0,0,0.994,1.000,1.000,-90.00,180.00,58.50,CLOSED,0
669715.843,0,0,0,0.960,1.000,1.000,-90.00,180.00,58.50,CLOSED,0
669715.846,0,0,0,0.911,1.000,1.000,-90.00,180.00,58.50,CLOSED,0
669715.850,0,0,0,0.933,1.000,1.000,-90.00,180.00,58.50,CLOSED,0
669715.855,0,0,0,0.978,1.000,1.000,-90.00,180.00,58.50,CLOSED,0
669715.863,0,0,0,0.994,1.000,1.000,-90.00,180.00,58.50,CLOSED,0
669715.867,0,0,0,0.999,1.000,1.000,-90.00,180.00,58.50,CLOSED,0
669715.871,0,0,0,0.999,1.000,1.000,-90.00,180.00,58.50,CLOSED,0
669715.875,0,0,0,1.000,1.000,1.000,-90.00,180.00,58.50,CLOSED,0
669715.883,0,0,0,1.000,1.000,1.000,-90.00,180.00,58.50,CLOSED,0
669715.887,0,0,0,1.000,1.000,1.000,-90.00,180.00,58.50,CLOSED,0
669715.896,0,0,0,1.000,1.000,1.000,-90.00,180.00,58.50,CLOSED,0
669715.900,0,0,0,1.000,1.000,1.000,-90.00,180.00,58.50,CLOSED,0
669715.905,0,0,0,1.000,1.000,1.000,-90.00,180.00,58.50,CLOSED,0
669715.909,0,0,0,1.000,1.000,1.000,-90.00,180.00,58.50,CLOSED,0
669715.913,0,0,0,1.000,1.000,1.000,-90.00,180.00,58.50,CLOSED,0
669715.916,0,0,0,1.000,1.000,1.000,-90.00,180.00,58.50,CLOSED,0
669715.920,0,0,0,1.000,1.000,1.000,-90.00,180.00,58.50,CLOSED,0
669715.924,0,0,0,1.000,1.000,1.000,-90.00,180.00,58.50,CLOSED,0
669715.932,0,0,0,1.000,1.000,1.000,-90.00,180.00,58.50,CLOSED,0
669715.940,0,0,0,1.000,1.000,1.000,-90.00,180.00,58.50,CLOSED,0
669715.949,0,0,0,1.000,1.000,1.000,-90.00,180.00,58.50,CLOSED,0
669715.957,0,0,0,1.000,1.000,1.000,-90.00,180.00,58.50,CLOSED,0
669715.963,0,0,0,1.000,1.000,1.000,-90.00,180.00,58.50,CLOSED,0
669715.969,0,0,0,1.000,1.000,1.000,-90.00,180.00,58.50,CLOSED,0
669715.974,0,0,0,1.000,1.000,1.000,-90.00,180.00,58.50,CLOSED,0
669715.978,0,0,0,1.000,1.000,1.000,-90.00,180.00,58.50,CLOSED,0
669715.983,0,0,0,1.000,1.000,1.000,-90.00,180.00,58.50,CLOSED,0
669715.986,0,0,0,1.000,1.000,1.000,-90.00,180.00,58.50,CLOSED,0
669715.990,0,0,0,1.000,1.000,1.000,-90.00,180.00,58.50,CLOSED,0
669715.994,0,0,0,1.000,1.000,1.000,-90.00,180.00,58.50,CLOSED,0
669715.998,0,0,0,1.000,1.000,1.000,-90.00,180.00,58.50,CLOSED,0
669716.002,0,0,0,1.000,1.000,1.000,-90.00,180.00,58.50,CLOSED,0
669716.010,0,0,0,1.000,1.000,1.000,-90.00,180.00,58.50,CLOSED,0
669716.015,0,0,0,1.000,1.000,1.000,-90.00,180.00,58.50,CLOSED,0
669716.019,0,0,0,1.000,1.000,1.000,-90.00,180.00,58.50,CLOSED,0
669716.023,0,0,0,1.000,1.000,1.000,-90.00,180.00,58.50,CLOSED,0
669716.028,0,0,0,1.000,1.000,1.000,-90.00,180.00,58.50,CLOSED,0
669716.032,0,0,0,1.000,1.000,1.000,-90.00,180.00,58.50,CLOSED,0
669716.036,0,0,0,1.000,1.000,1.000,-90.00,180.00,58.50,CLOSED,0
669716.039,0,0,0,1.000,1.000,1.000,-90.00,180.00,58.50,CLOSED,0
669716.043,0,0,0,1.000,1.000,1.000,-90.00,180.00,58.50,CLOSED,0
669716.047,0,0,0,1.000,1.000,1.000,-90.00,180.00,58.50,CLOSED,0
669716.051,0,0,0,1.000,1.000,1.000,-90.00,180.00,58.50,CLOSED,0
669716.055,0,0,0,1.000,1.000,1.000,-90.00,180.00,58.50,CLOSED,0
669716.059,0,0,0,1.000,1.000,1.000,-90.00,180.00,58.50,CLOSED,0
669716.063,0,0,0,1.000,1.000,1.000,-90.00,180.00,58.50,CLOSED,0
669716.067,0,0,0,1.000,1.000,1.000,-90.00,180.00,58.50,CLOSED,0
669716.070,0,0,0,1.000,1.000,1.000,-90.00,180.00,58.50,CLOSED,0
669716.075,0,0,0,1.000,1.000,1.000,-90.00,180.00,58.50,CLOSED,0
669716.078,0,0,0,1.000,1.000,1.000,-90.00,180.00,58.50,CLOSED,0
669716.083,0,0,0,1.000,1.000,1.000,-90.00,180.00,58.50,CLOSED,0
669716.087,0,0,0,1.000,1.000,1.000,-90.00,180.00,58.50,CLOSED,0
669716.097,0,0,0,1.000,1.000,1.000,-90.00,180.00,58.50,CLOSED,0
669716.102,0,0,0,1.000,1.000,1.000,-90.00,180.00,58.50,CLOSED,0
669716.107,0,0,0,1.000,1.000,1.000,-90.00,180.00,58.50,CLOSED,0
669716.112,0,0,0,1.000,1.000,1.000,-90.00,180.00,58.50,CLOSED,0
669716.116,0,0,0,1.000,1.000,1.000,-90.00,180.00,58.50,CLOSED,0
669716.122,0,0,0,1.000,1.000,1.000,-90.00,180.00,58.50,CLOSED,0
669716.127,0,0,0,1.000,1.000,1.000,-90.00,180.00,58.50,CLOSED,0
669716.130,0,0,0,1.000,1.000,1.000,-90.00,180.00,58.50,CLOSED,0
669716.134,0,0,0,1.000,1.000,1.000,-90.00,180.00,58.50,CLOSED,0
669716.138,0,0,0,1.000,1.000,1.000,-90.00,180.00,58.50,CLOSED,0
669716.142,0,0,0,1.000,1.000,1.000,-90.00,180.00,58.50,CLOSED,0
669716.150,0,0,0,1.000,1.000,1.000,-90.00,180.00,58.50,CLOSED,0
669716.153,0,0,0,1.000,1.000,1.000,-90.00,180.00,58.50,CLOSED,0
669716.158,0,0,0,1.000,1.000,1.000,-90.00,180.00,58.50,CLOSED,0
669716.161,0,0,0,1.000,1.000,1.000,-90.00,180.00,58.50,CLOSED,0
669716.165,0,0,0,1.000,1.000,1.000,-90.00,180.00,58.50,CLOSED,0
669716.169,0,0,0,1.000,1.000,1.000,-90.00,180.00,58.50,CLOSED,0
669716.173,0,0,0,1.000,1.000,1.000,-90.00,180.00,58.50,CLOSED,0
669716.177,0,0,0,1.000,1.000,1.000,-90.00,180.00,58.50,CLOSED,0
669716.181,0,0,0,1.000,1.000,1.000,-90.00,180.00,58.50,CLOSED,0
669716.185,0,0,0,1.000,1.000,1.000,-90.00,180.00,58.50,CLOSED,0
669716.191,0,0,0,1.000,1.000,1.000,-90.00,180.00,58.50,CLOSED,0
669716.199,0,0,0,1.000,1.000,1.000,-90.00,180.00,58.50,CLOSED,0
669716.209,0,0,0,1.000,1.000,1.000,-90.00,180.00,58.50,CLOSED,0
669716.220,0,0,0,1.000,1.000,1.000,-90.00,180.00,58.50,CLOSED,0
669716.226,0,0,0,1.000,1.000,1.000,-90.00,180.00,58.50,CLOSED,0
669716.231,0,0,0,1.000,1.000,1.000,-90.00,180.00,58.50,CLOSED,0
669716.236,0,0,0,1.000,1.000,1.000,-90.00,180.00,58.50,CLOSED,0
669716.241,0,0,0,1.000,1.000,1.000,-90.00,180.00,58.50,CLOSED,0
669716.246,0,0,0,1.000,1.000,1.000,-90.00,180.00,58.50,CLOSED,0
669716.250,0,0,0,1.000,1.000,1.000,-90.00,180.00,58.50,CLOSED,0
669716.255,0,0,0,1.000,1.000,1.000,-90.00,180.00,58.50,CLOSED,0
669716.259,0,0,0,1.000,1.000,1.000,-90.00,180.00,58.50,CLOSED,0
669716.264,0,0,0,1.000,1.000,1.000,-90.00,180.00,58.50,CLOSED,0
669716.268,0,0,0,1.000,1.000,1.000,-90.00,180.00,58.50,CLOSED,0
669716.272,0,0,0,1.000,1.000,1.000,-90.00,180.00,58.50,CLOSED,0
669716.275,0,0,0,1.000,1.000,1.000,-90.00,180.00,58.50,CLOSED,0
669716.279,0,0,0,1.000,1.000,1.000,-90.00,180.00,58.50,CLOSED,0
669716.283,0,0,0,1.000,1.000,1.000,-90.00,180.00,58.50,CLOSED,0
669716.287,0,0,0,1.000,1.000,1.000,-90.00,180.00,58.50,CLOSED,0
669716.292,0,0,0,1.000,1.000,1.000,-90.00,180.00,58.50,CLOSED,0
669716.297,0,0,0,1.000,1.000,1.000,-90.00,180.00,58.50,CLOSED,0
669716.302,0,0,0,1.000,1.000,1.000,-90.00,180.00,58.50,CLOSED,0
669716.308,0,0,0,1.000,1.000,1.000,-90.00,180.00,58.50,CLOSED,0
669716.314,0,0,0,1.000,1.000,1.000,-90.00,180.00,58.50,CLOSED,0
669716.319,0,0,0,1.000,1.000,1.000,-90.00,180.00,58.50,CLOSED,0
669716.324,0,0,0,1.000,1.000,1.000,-90.00,180.00,58.50,CLOSED,0
669716.337,0,0,0,1.000,1.000,1.000,-90.00,180.00,58.50,CLOSED,0
669716.344,0,0,0,1.000,1.000,1.000,-90.00,180.00,58.50,CLOSED,0
669716.349,0,0,0,1.000,1.000,1.000,-90.00,180.00,58.50,CLOSED,0
669716.356,0,0,0,1.000,1.000,1.000,-90.00,180.00,58.50,CLOSED,0
669716.366,0,0,0,1.000,1.000,1.000,-90.00,180.00,58.50,CLOSED,0
669716.371,0,0,0,1.000,1.000,1.000,-90.00,180.00,58.50,CLOSED,0
669716.380,0,0,0,1.000,1.000,1.000,-90.00,180.00,58.50,CLOSED,0
669716.388,0,0,0,1.000,1.000,1.000,-90.00,180.00,58.50,CLOSED,0
669716.396,0,0,0,1.000,1.000,1.000,-90.00,180.00,58.50,CLOSED,0
669716.404,0,0,0,1.000,1.000,1.000,-90.00,180.00,58.50,CLOSED,0
669716.412,0,0,0,1.000,1.000,1.000,-90.00,180.00,58.50,CLOSED,0
669716.421,0,0,0,1.000,1.000,1.000,-90.00,180.00,58.50,CLOSED,0
669716.425,0,0,0,1.000,1.000,1.000,-90.00,180.00,58.50,CLOSED,0
669716.429,0,0,0,1.000,1.000,1.000,-90.00,180.00,58.50,CLOSED,0
669716.433,0,0,0,1.000,1.000,1.000,-90.00,180.00,58.50,CLOSED,0
669716.441,0,0,0,1.000,1.000,1.000,-90.00,180.00,58.50,CLOSED,0
669716.448,0,0,0,1.000,1.000,1.000,-90.00,180.00,58.50,CLOSED,0
669716.452,0,0,0,1.000,1.000,1.000,-90.00,180.00,58.50,CLOSED,0
669716.456,0,0,0,1.000,1.000,1.000,-90.00,180.00,58.50,CLOSED,0
669716.460,0,0,0,1.000,1.000,1.000,-90.00,180.00,58.50,CLOSED,0
669716.465,0,0,0,1.000,1.000,1.000,-90.00,180.00,58.50,CLOSED,0
669716.469,0,0,0,1.000,1.000,1.000,-90.00,180.00,58.50,CLOSED,0
669716.472,0,0,0,1.000,1.000,1.000,-90.00,180.00,58.50,CLOSED,0
669716.476,0,0,0,1.000,1.000,1.000,-90.00,180.00,58.50,CLOSED,0
669716.480,0,0,0,1.000,1.000,1.000,-90.00,180.00,58.50,CLOSED,0
669716.485,0,0,0,1.000,1.000,1.000,-90.00,180.00,58.50,CLOSED,0
669716.489,0,0,0,1.000,1.000,1.000,-90.00,180.00,58.50,CLOSED,0
669716.493,0,0,0,1.000,1.000,1.000,-90.00,180.00,58.50,CLOSED,0
669716.496,0,0,0,1.000,1.000,1.000,-90.00,180.00,58.50,CLOSED,0
669716.501,0,0,0,1.000,1.000,1.000,-90.00,180.00,58.50,CLOSED,0
669716.505,0,0,0,1.000,1.000,1.000,-90.00,180.00,58.50,CLOSED,0
669716.509,0,0,0,1.000,1.000,1.000,-90.00,180.00,58.50,CLOSED,0
669716.512,0,0,0,1.000,1.000,1.000,-90.00,180.00,58.50,CLOSED,0
669716.516,0,0,0,1.000,1.000,1.000,-90.00,180.00,58.50,CLOSED,0
669716.520,0,0,0,1.000,1.000,1.000,-90.00,180.00,58.50,CLOSED,0
669716.524,0,0,0,1.000,1.000,1.000,-90.00,180.00,58.50,CLOSED,0
669716.528,0,0,0,1.000,1.000,1.000,-90.00,180.00,58.50,CLOSED,0
669716.532,0,0,0,1.000,1.000,1.000,-90.00,180.00,58.50,CLOSED,0
669716.536,0,0,0,1.000,1.000,1.000,-90.00,180.00,58.50,CLOSED,0
669716.540,0,0,0,1.000,1.000,1.000,-90.00,180.00,58.50,CLOSED,0
669716.544,0,0,0,1.000,1.000,1.000,-90.00,180.00,58.50,CLOSED,0
669716.549,0,0,0,1.000,1.000,1.000,-90.00,180.00,58.50,CLOSED,0
669716.554,0,0,0,1.000,1.000,1.000,-90.00,180.00,58.50,CLOSED,0
669716.561,0,0,0,1.000,1.000,1.000,-90.00,180.00,58.50,CLOSED,0
669716.573,0,0,0,1.000,1.000,1.000,-90.00,180.00,58.50,CLOSED,0
669716.578,0,0,0,1.000,1.000,1.000,-90.00,180.00,58.50,CLOSED,0
669716.583,0,0,0,1.000,1.000,1.000,-90.00,180.00,58.50,CLOSED,0
669716.588,0,0,0,1.000,1.000,1.000,-90.00,180.00,58.50,CLOSED,0
669716.592,0,0,0,1.000,1.000,1.000,-90.00,180.00,58.50,CLOSED,0
669716.597,0,0,0,1.000,1.000,1.000,-90.00,180.00,58.50,CLOSED,0
669716.600,0,0,0,1.000,1.000,1.000,-90.00,180.00,58.50,CLOSED,0
669716.605,0,0,0,1.000,1.000,1.000,-90.00,180.00,58.50,CLOSED,0
669716.614,0,0,0,1.000,1.000,1.000,-90.00,180.00,58.50,CLOSED,0
669716.619,0,0,0,1.000,1.000,1.000,-90.00,180.00,58.50,CLOSED,0
669716.622,0,0,0,1.000,1.000,1.000,-90.00,180.00,58.50,CLOSED,0
669716.626,0,0,0,1.000,1.000,1.000,-90.00,180.00,58.50,CLOSED,0
669716.630,0,0,0,1.000,1.000,1.000,-90.00,180.00,58.50,CLOSED,0
669716.634,0,0,0,1.000,1.000,1.000,-90.00,180.00,58.50,CLOSED,0
669716.638,0,0,0,1.000,1.000,1.000,-90.00,180.00,58.50,CLOSED,0
669716.648,0,0,0,1.000,1.000,1.000,-90.00,180.00,58.50,CLOSED,0
669716.652,0,0,0,1.000,1.000,1.000,-90.00,180.00,58.50,CLOSED,0
669716.655,0,0,0,1.000,1.000,1.000,-90.00,180.00,58.50,CLOSED,0
669716.659,0,0,0,1.000,1.000,1.000,-90.00,180.00,58.50,CLOSED,0
669716.663,0,0,0,1.000,1.000,1.000,-90.00,180.00,58.50,CLOSED,0
669716.667,0,0,0,1.000,1.000,1.000,-90.00,180.00,58.50,CLOSED,0
669716.672,0,0,0,1.000,1.000,1.000,-90.00,180.00,58.50,CLOSED,0
669716.676,0,0,0,1.000,1.000,1.000,-90.00,180.00,58.50,CLOSED,0
669716.680,0,0,0,1.000,1.000,1.000,-90.00,180.00,58.50,CLOSED,0
669716.684,0,0,0,1.000,1.000,1.000,-90.00,180.00,58.50,CLOSED,0
669716.689,0,0,0,1.000,1.000,1.000,-90.00,180.00,58.50,CLOSED,0
669716.693,0,0,0,1.000,1.000,1.000,-90.00,180.00,58.50,CLOSED,0
669716.697,0,0,0,1.000,1.000,1.000,-90.00,180.00,58.50,CLOSED,0
669716.701,0,0,0,1.000,1.000,1.000,-90.00,180.00,58.50,CLOSED,0
669716.705,0,0,0,1.000,1.000,1.000,-90.00,180.00,58.50,CLOSED,0
669716.709,0,0,0,1.000,1.000,1.000,-90.00,180.00,58.50,CLOSED,0
669716.713,0,0,0,1.000,1.000,1.000,-90.00,180.00,58.50,CLOSED,0
669716.719,0,0,0,1.000,1.000,1.000,-90.00,180.00,58.50,CLOSED,0
669716.724,0,0,0,1.000,1.000,1.000,-90.00,180.00,58.50,CLOSED,0
669716.728,0,0,0,1.000,1.000,1.000,-90.00,180.00,58.50,CLOSED,0
669716.735,0,0,0,1.000,1.000,1.000,-90.00,180.00,58.50,CLOSED,0
669716.743,0,0,0,1.000,1.000,1.000,-90.00,180.00,58.50,CLOSED,0
669716.747,0,0,0,1.000,1.000,1.000,-90.00,180.00,58.50,CLOSED,0
669716.754,0,0,0,1.000,1.000,1.000,-90.00,180.00,58.50,CLOSED,0
669716.760,0,0,0,1.000,1.000,1.000,-90.00,180.00,58.50,CLOSED,0
669716.766,0,0,0,1.000,1.000,1.000,-90.00,180.00,58.50,CLOSED,0
669716.774,0,0,0,1.000,1.000,1.000,-90.00,180.00,58.50,CLOSED,0
669716.782,0,0,0,1.000,1.000,1.000,-90.00,180.00,58.50,CLOSED,0
669716.790,0,0,0,1.000,1.000,1.000,-90.00,180.00,58.50,CLOSED,0
669716.799,0,0,0,1.000,1.000,1.000,-90.00,180.00,58.50,CLOSED,0
669716.808,0,0,0,1.000,1.000,1.000,-90.00,180.00,58.50,CLOSED,0
669716.817,0,0,0,1.000,1.000,1.000,-90.00,180.00,58.50,CLOSED,0
669716.825,0,0,0,1.000,1.000,1.000,-90.00,180.00,58.50,CLOSED,0
669716.833,0,0,0,1.000,1.000,1.000,-90.00,180.00,58.50,CLOSED,0
669716.839,0,0,0,1.000,1.000,1.000,-90.00,180.00,58.50,CLOSED,0
669716.844,0,0,0,1.000,1.000,1.000,-90.00,180.00,58.50,CLOSED,0
669716.848,0,0,0,1.000,1.000,1.000,-90.00,180.00,58.50,CLOSED,0
669716.852,0,0,0,1.000,1.000,1.000,-90.00,180.00,58.50,CLOSED,0
669716.856,0,0,0,1.000,1.000,1.000,-90.00,180.00,58.50,CLOSED,0
669716.863,0,0,0,1.000,1.000,1.000,-90.00,180.00,58.50,CLOSED,0
669716.869,0,0,0,1.000,1.000,1.000,-90.00,180.00,58.50,CLOSED,0
669716.873,0,0,0,1.000,1.000,1.000,-90.00,180.00,58.50,CLOSED,0
669716.878,0,0,0,1.000,1.000,1.000,-90.00,180.00,58.50,CLOSED,0
669716.882,0,0,0,1.000,1.000,1.000,-90.00,180.00,58.50,CLOSED,0
669716.885,0,0,0,1.000,1.000,1.000,-90.00,180.00,58.50,CLOSED,0
669716.890,0,0,0,1.000,1.000,1.000,-90.00,180.00,58.50,CLOSED,0
669716.898,0,0,0,1.000,1.000,1.000,-90.00,180.00,58.50,CLOSED,0
669716.907,0,0,0,1.000,1.000,1.000,-90.00,180.00,58.50,CLOSED,0
669716.910,0,0,0,1.000,1.000,1.000,-90.00,180.00,58.50,CLOSED,0
669716.914,0,0,0,1.000,1.000,1.000,-90.00,180.00,58.50,CLOSED,0
669716.919,0,0,0,1.000,1.000,1.000,-90.00,180.00,58.50,CLOSED,0
669716.928,0,0,0,1.000,1.000,1.000,-90.00,180.00,58.50,CLOSED,0
669716.933,0,0,0,1.000,1.000,1.000,-90.00,180.00,58.50,CLOSED,0
669716.942,0,0,0,1.000,1.000,1.000,-90.00,180.00,58.50,CLOSED,0
669716.947,0,0,0,1.000,1.000,1.000,-90.00,180.00,58.50,CLOSED,0
669716.951,0,0,0,1.000,1.000,1.000,-90.00,180.00,58.50,CLOSED,0
669716.961,0,0,0,1.000,1.000,1.000,-90.00,180.00,58.50,CLOSED,0
669716.965,0,0,0,1.000,1.000,1.000,-90.00,180.00,58.50,CLOSED,0
669716.970,0,0,0,1.000,1.000,1.000,-90.00,180.00,58.50,CLOSED,0
669716.974,0,0,0,1.000,1.000,1.000,-90.00,180.00,58.50,CLOSED,0
669716.978,0,0,0,1.000,1.000,1.000,-90.00,180.00,58.50,CLOSED,0
669716.982,0,0,0,1.000,1.000,1.000,-90.00,180.00,58.50,CLOSED,0
669716.986,0,0,0,1.000,1.000,1.000,-90.00,180.00,58.50,CLOSED,0
669716.991,0,0,0,1.000,1.000,1.000,-90.00,180.00,58.50,CLOSED,0
669716.996,0,0,0,1.000,1.000,1.000,-90.00,180.00,58.50,CLOSED,0
669717.001,0,0,0,1.000,1.000,1.000,-90.00,180.00,58.50,CLOSED,0
669717.011,0,0,0,1.000,1.000,1.000,-90.00,180.00,58.50,CLOSED,0
669717.015,0,0,0,1.000,1.000,1.000,-90.00,180.00,58.50,CLOSED,0
669717.020,0,0,0,1.000,1.000,1.000,-90.00,180.00,58.50,CLOSED,0
669717.024,0,0,0,1.000,1.000,1.000,-90.00,180.00,58.50,CLOSED,0
669717.028,0,0,0,1.000,1.000,1.000,-90.00,180.00,58.50,CLOSED,0
669717.035,0,0,0,1.000,1.000,1.000,-90.00,180.00,58.50,CLOSED,0
669717.040,0,0,0,1.000,1.000,1.000,-90.00,180.00,58.50,CLOSED,0
669717.044,0,0,0,1.000,1.000,1.000,-90.00,180.00,58.50,CLOSED,0
669717.048,0,0,0,1.000,1.000,1.000,-90.00,180.00,58.50,CLOSED,0
669717.052,0,0,0,1.000,1.000,1.000,-90.00,180.00,58.50,CLOSED,0
669717.060,0,0,0,1.000,1.000,1.000,-90.00,180.00,58.50,CLOSED,0
669717.067,0,0,0,1.000,1.000,1.000,-90.00,180.00,58.50,CLOSED,0
669717.070,0,0,0,1.000,1.000,1.000,-90.00,180.00,58.50,CLOSED,0
669717.074,0,0,0,1.000,1.000,1.000,-90.00,180.00,58.50,CLOSED,0
669717.078,0,0,0,1.000,1.000,1.000,-90.00,180.00,58.50,CLOSED,0
669717.086,0,0,0,1.000,1.000,1.000,-90.00,180.00,58.50,CLOSED,0
669717.094,0,0,0,1.000,1.000,1.000,-90.00,180.00,58.50,CLOSED,0
669717.098,0,0,0,1.000,1.000,1.000,-90.00,180.00,58.50,CLOSED,0
669717.103,0,0,0,1.000,1.000,1.000,-90.00,180.00,58.50,CLOSED,0
669717.107,0,0,0,1.000,1.000,1.000,-90.00,180.00,58.50,CLOSED,0
669717.113,0,0,0,1.000,1.000,1.000,-90.00,180.00,58.50,CLOSED,0
669717.117,0,0,0,1.000,1.000,1.000,-90.00,180.00,58.50,CLOSED,0
669717.126,0,0,0,1.000,1.000,1.000,-90.00,180.00,58.50,CLOSED,0
669717.131,0,0,0,1.000,1.000,1.000,-90.00,180.00,58.50,CLOSED,0
669717.136,0,0,0,1.000,1.000,1.000,-90.00,180.00,58.50,CLOSED,0
669717.140,0,0,0,1.000,1.000,1.000,-90.00,180.00,58.50,CLOSED,0
669717.145,0,0,0,1.000,1.000,1.000,-90.00,180.00,58.50,CLOSED,0
669717.149,0,0,0,1.000,1.000,1.000,-90.00,180.00,58.50,CLOSED,0
669717.153,0,0,0,1.000,1.000,1.000,-90.00,180.00,58.50,CLOSED,0
669717.160,0,0,0,1.000,1.000,1.000,-90.00,180.00,58.50,CLOSED,0
669717.165,0,0,0,1.000,1.000,1.000,-90.00,180.00,58.50,CLOSED,0
669717.171,0,0,0,1.000,1.000,1.000,-90.00,180.00,58.50,CLOSED,0
669717.176,0,0,0,1.000,1.000,1.000,-90.00,180.00,58.50,CLOSED,0
669717.181,0,0,0,1.000,1.000,1.000,-90.00,180.00,58.50,CLOSED,0
669717.185,0,0,0,1.000,1.000,1.000,-90.00,180.00,58.50,CLOSED,0
669717.193,0,0,0,1.000,1.000,1.000,-90.00,180.00,58.50,CLOSED,0
669717.197,0,0,0,1.000,1.000,1.000,-90.00,180.00,58.50,CLOSED,0
669717.201,0,0,0,1.000,1.000,1.000,-90.00,180.00,58.50,CLOSED,0
669717.204,0,0,0,1.000,1.000,1.000,-90.00,180.00,58.50,CLOSED,0
669717.209,0,0,0,1.000,1.000,1.000,-90.00,180.00,58.50,CLOSED,0
669717.213,0,0,0,1.000,1.000,1.000,-90.00,180.00,58.50,CLOSED,0
669717.218,0,0,0,1.000,1.000,1.000,-90.00,180.00,58.50,CLOSED,0
669717.224,0,0,0,1.000,1.000,1.000,-90.00,180.00,58.50,CLOSED,0
669717.230,0,0,0,1.000,1.000,1.000,-90.00,180.00,58.50,CLOSED,0
669717.236,0,0,0,1.000,1.000,1.000,-90.00,180.00,58.50,CLOSED,0
669717.242,0,0,0,1.000,1.000,1.000,-90.00,180.00,58.50,CLOSED,0
669717.253,0,0,0,1.000,1.000,1.000,-90.00,180.00,58.50,CLOSED,0
669717.258,0,0,0,1.000,1.000,1.000,-90.00,180.00,58.50,CLOSED,0
669717.263,0,0,0,1.000,1.000,1.000,-90.00,180.00,58.50,CLOSED,0
669717.267,0,0,0,1.000,1.000,1.000,-90.00,180.00,58.50,CLOSED,0
669717.271,0,0,0,1.000,1.000,1.000,-90.00,180.00,58.50,CLOSED,0
669717.275,0,0,0,1.000,1.000,1.000,-90.00,180.00,58.50,CLOSED,0
669717.279,0,0,0,1.000,0.770,1.000,-90.00,180.00,58.50,CLOSED,0
669717.283,0,0,0,0.984,0.997,1.000,-90.00,180.00,58.50,CLOSED,0
669717.291,0,0,0,0.907,1.000,1.000,-90.00,180.00,58.50,CLOSED,0
669717.295,0,0,0,0.883,1.000,1.000,-90.00,180.00,58.50,CLOSED,0
669717.300,0,0,0,0.918,1.000,1.000,-90.00,180.00,58.50,CLOSED,0
669717.304,0,0,0,0.997,1.000,1.000,-90.00,180.00,58.50,CLOSED,0
669717.308,0,0,0,0.989,1.000,1.000,-90.00,180.00,58.50,CLOSED,0
669717.312,0,0,0,0.993,1.000,1.000,-90.00,180.00,58.50,CLOSED,0
669717.319,0,0,0,0.998,1.000,1.000,-90.00,180.00,58.50,CLOSED,0
669717.323,0,0,0,0.976,1.000,1.000,-90.00,180.00,58.50,CLOSED,0
669717.327,0,0,0,1.000,1.000,1.000,-90.00,180.00,58.50,CLOSED,0
669717.333,0,0,0,1.000,1.000,1.000,-90.00,180.00,58.50,CLOSED,0
669717.338,0,0,0,1.000,1.000,1.000,-90.00,180.00,58.50,CLOSED,0
669717.343,0,0,0,1.000,1.000,1.000,-90.00,180.00,58.50,CLOSED,0
669717.348,0,0,0,1.000,1.000,1.000,-90.00,180.00,58.50,CLOSED,0
669717.353,0,0,0,1.000,1.000,1.000,-90.00,180.00,58.50,CLOSED,0
669717.357,0,0,0,1.000,1.000,1.000,-90.00,180.00,58.50,CLOSED,0
669717.362,0,0,0,1.000,0.970,1.000,-90.00,180.00,58.50,CLOSED,0
669717.366,0,0,0,1.000,0.609,1.000,-90.00,180.00,58.50,CLOSED,0
669717.369,0,0,0,1.000,0.724,0.997,-90.00,180.00,58.50,CLOSED,0
669717.373,0,0,0,1.000,0.663,0.998,-90.00,180.00,58.50,CLOSED,0
669717.378,0,0,0,1.000,0.635,0.999,-90.00,180.00,58.50,CLOSED,0
669717.382,0,0,0,1.000,0.687,0.999,-90.00,180.00,58.50,CLOSED,0
669717.385,0,0,0,1.000,0.775,0.999,-90.00,180.00,58.50,CLOSED,0
669717.389,0,0,0,1.000,0.803,0.999,-90.00,180.00,58.50,CLOSED,0
669717.393,0,0,0,1.000,0.823,0.999,-90.00,180.00,58.50,CLOSED,0
669717.397,0,0,0,1.000,0.883,0.998,-90.00,180.00,58.50,CLOSED,0
669717.402,0,0,0,1.000,0.922,0.998,-90.00,180.00,58.50,CLOSED,0
669717.407,0,0,0,1.000,0.942,0.996,-90.00,180.00,58.50,CLOSED,0
669717.412,0,0,0,1.000,0.962,0.995,-90.00,180.00,58.50,CLOSED,0
669717.416,0,0,0,1.000,0.974,0.994,-90.00,180.00,58.50,CLOSED,0
669717.420,0,0,0,1.000,0.977,0.991,-90.00,180.00,58.50,CLOSED,0
669717.424,0,0,0,1.000,0.982,0.987,-90.00,180.00,58.50,CLOSED,0
669717.428,0,0,0,1.000,0.982,0.981,-90.00,180.00,58.50,CLOSED,0
669717.432,0,0,0,1.000,0.978,0.969,-90.00,180.00,58.50,CLOSED,0
669717.436,0,0,0,1.000,0.964,0.948,-90.00,180.00,58.50,CLOSED,0
669717.439,0,0,0,1.000,0.937,0.928,-90.00,180.00,58.50,CLOSED,0
669717.443,0,0,0,1.000,0.893,0.881,-90.00,180.00,58.50,CLOSED,0
669717.447,0,0,0,1.000,0.894,0.843,-90.00,180.00,58.50,CLOSED,0
669717.454,0,0,0,1.000,0.910,0.842,-90.00,180.00,58.50,CLOSED,0
669717.457,0,0,0,1.000,0.961,0.878,-90.00,180.00,58.50,CLOSED,0
669717.461,0,0,0,1.000,0.985,0.896,-90.00,180.00,58.50,CLOSED,0
669717.465,0,0,0,1.000,0.994,0.916,-90.00,180.00,58.50,CLOSED,0
669717.469,0,0,0,1.000,0.997,0.931,-90.00,180.00,58.50,CLOSED,0
669717.473,0,0,0,1.000,0.998,0.946,-90.00,180.00,58.50,CLOSED,0
669717.480,0,0,0,1.000,0.999,0.948,-90.00,180.00,58.50,CLOSED,0
669717.484,0,0,0,1.000,0.999,0.949,-90.00,180.00,58.50,CLOSED,0
669717.488,0,0,0,1.000,0.999,0.956,-90.00,180.00,58.50,CLOSED,0
669717.492,0,0,0,1.000,0.999,0.956,-90.00,180.00,58.50,CLOSED,0
669717.496,0,0,0,1.000,1.000,0.953,-90.00,180.00,58.50,CLOSED,0
669717.500,0,0,0,1.000,1.000,0.957,-90.00,180.00,58.50,CLOSED,0
669717.504,0,0,0,1.000,1.000,0.967,-90.00,180.00,58.50,CLOSED,0
669717.508,0,0,0,1.000,1.000,0.973,-90.00,180.00,58.50,CLOSED,0
669717.512,0,0,0,1.000,1.000,0.976,-90.00,180.00,58.50,CLOSED,0
669717.517,0,0,0,1.000,1.000,0.980,-90.00,180.00,58.50,CLOSED,0
669717.522,0,0,0,1.000,1.000,0.984,-90.00,180.00,58.50,CLOSED,0
669717.530,0,0,0,1.000,1.000,0.985,-90.00,180.00,58.50,CLOSED,0
669717.540,0,0,0,1.000,1.000,0.987,-90.00,180.00,58.50,CLOSED,0
669717.548,0,0,0,1.000,1.000,0.990,-90.00,180.00,58.50,CLOSED,0
669717.555,0,0,0,1.000,1.000,0.993,-90.00,180.00,58.50,CLOSED,0
669717.560,0,0,0,1.000,1.000,0.995,-90.00,180.00,58.50,CLOSED,0
669717.566,0,0,0,1.000,1.000,0.996,-90.00,180.00,58.50,CLOSED,0
669717.571,0,0,0,1.000,1.000,0.997,-90.00,180.00,58.50,CLOSED,0
669717.575,0,0,0,1.000,1.000,0.997,-90.00,180.00,58.50,CLOSED,0
669717.580,0,0,0,1.000,1.000,0.996,-90.00,180.00,58.50,CLOSED,0
669717.587,0,0,0,1.000,0.999,0.993,-90.00,180.00,58.50,CLOSED,0
669717.590,0,0,0,1.000,0.999,0.987,-90.00,180.00,58.50,CLOSED,0
669717.594,0,0,0,1.000,0.999,0.973,-90.00,180.00,58.50,CLOSED,0
669717.598,0,0,0,1.000,0.999,0.945,-90.00,180.00,58.50,CLOSED,0
669717.602,0,0,0,1.000,0.997,0.879,-90.00,180.00,58.50,CLOSED,0
669717.606,0,0,0,1.000,0.993,0.752,-90.00,180.00,58.50,CLOSED,0
669717.610,0,0,0,1.000,0.972,0.567,-90.00,180.00,58.50,CLOSED,0
669717.615,0,0,0,1.000,0.840,0.583,-90.00,180.00,58.50,CLOSED,0
669717.622,0,0,0,1.000,0.525,0.679,-90.00,180.00,58.50,CLOSED,0
669717.633,0,0,0,1.000,0.697,0.716,-90.00,180.00,58.50,CLOSED,0
669717.639,0,0,0,1.000,0.785,0.710,-90.00,180.00,58.50,CLOSED,0
669717.649,0,0,0,1.000,0.791,0.681,-90.00,180.00,58.50,CLOSED,0
669717.655,0,0,0,1.000,0.656,0.614,-90.00,180.00,58.50,CLOSED,0
669717.660,0,0,0,1.000,0.559,0.510,-90.00,180.00,58.50,CLOSED,0
669717.664,0,0,0,1.000,0.762,0.656,-90.00,180.00,58.50,CLOSED,0
669717.668,0,0,0,1.000,0.889,0.777,-90.00,180.00,58.50,CLOSED,0
669717.674,0,0,0,1.000,0.935,0.865,-90.00,180.00,58.50,CLOSED,0
669717.679,0,0,0,1.000,0.958,0.908,-90.00,180.00,58.50,CLOSED,0
669717.683,0,0,0,1.000,0.963,0.930,-90.00,180.00,58.50,CLOSED,0
669717.686,0,0,0,1.000,0.968,0.943,-90.00,180.00,58.50,CLOSED,0
669717.693,0,0,0,1.000,0.969,0.947,-90.00,180.00,58.50,CLOSED,0
669717.697,0,0,0,1.000,0.968,0.953,-90.00,180.00,58.50,CLOSED,0
669717.702,0,0,0,1.000,0.963,0.946,-90.00,180.00,58.50,CLOSED,0
669717.710,0,0,0,1.000,0.965,0.935,-90.00,180.00,58.50,CLOSED,0
669717.719,0,0,0,1.000,0.963,0.924,-90.00,180.00,58.50,CLOSED,0
669717.727,0,0,0,1.000,0.966,0.906,-90.00,180.00,58.50,CLOSED,0
669717.735,0,0,0,1.000,0.970,0.895,-90.00,180.00,58.50,CLOSED,0
669717.747,0,0,0,1.000,0.974,0.880,-90.00,180.00,58.50,CLOSED,0
669717.754,0,0,0,1.000,0.973,0.862,-90.00,180.00,58.50,CLOSED,0
669717.758,0,0,0,1.000,0.970,0.819,-90.00,180.00,58.50,CLOSED,0
669717.763,0,0,0,1.000,0.978,0.793,-90.00,180.00,58.50,CLOSED,0
669717.767,0,0,0,1.000,0.979,0.788,-90.00,180.00,58.50,CLOSED,0
669717.771,0,0,0,1.000,0.986,0.806,-90.00,180.00,58.50,CLOSED,0
669717.775,0,0,0,1.000,0.984,0.860,-90.00,180.00,58.50,CLOSED,0
669717.779,0,0,0,1.000,0.979,0.902,-90.00,180.00,58.50,CLOSED,0
669717.783,0,0,0,1.000,0.972,0.930,-90.00,180.00,58.50,CLOSED,0
669717.787,0,0,0,1.000,0.959,0.949,-90.00,180.00,58.50,CLOSED,0
669717.792,0,0,0,1.000,0.943,0.955,-90.00,180.00,58.50,CLOSED,0
669717.800,0,0,0,1.000,0.920,0.950,-90.00,180.00,58.50,CLOSED,0
669717.805,0,0,0,1.000,0.892,0.944,-90.00,180.00,58.50,CLOSED,0
669717.814,0,0,0,1.000,0.826,0.936,-90.00,180.00,58.50,CLOSED,0
669717.819,0,0,0,1.000,0.746,0.918,-90.00,180.00,58.50,CLOSED,0
669717.823,0,0,0,1.000,0.641,0.899,-90.00,180.00,58.50,CLOSED,0
669717.827,0,0,0,1.000,0.557,0.876,-90.00,180.00,58.50,CLOSED,0
669717.833,0,0,0,1.000,0.522,0.855,-90.00,180.00,58.50,CLOSED,0
669717.837,0,0,0,1.000,0.590,0.832,-90.00,180.00,58.50,CLOSED,0
669717.841,0,0,0,1.000,0.745,0.817,-90.00,180.00,58.50,CLOSED,0
669717.845,0,0,0,1.000,0.854,0.854,-90.00,180.00,58.50,CLOSED,0
669717.852,0,0,0,1.000,0.923,0.925,-90.00,180.00,58.50,CLOSED,0
669717.856,0,0,0,1.000,0.973,0.986,-90.00,180.00,58.50,CLOSED,0
669717.862,0,0,0,1.000,0.993,0.998,-90.00,180.00,58.50,CLOSED,0
669717.867,0,0,0,1.000,0.999,1.000,-90.00,180.00,58.50,CLOSED,0
669717.871,0,0,0,1.000,1.000,1.000,-90.00,180.00,58.50,CLOSED,0
669717.879,0,0,0,1.000,1.000,1.000,-90.00,180.00,58.50,CLOSED,0
669717.883,0,0,0,1.000,1.000,1.000,-90.00,180.00,58.50,CLOSED,0
669717.887,0,0,0,1.000,1.000,1.000,-90.00,180.00,58.50,CLOSED,0
669717.895,0,0,0,1.000,1.000,1.000,-90.00,180.00,58.50,CLOSED,0
669717.899,0,0,0,0.994,1.000,1.000,-90.00,180.00,58.50,CLOSED,0
669717.907,0,0,0,0.996,1.000,1.000,-90.00,180.00,58.50,CLOSED,0
669717.911,0,0,0,0.993,1.000,0.999,-90.00,180.00,58.50,CLOSED,0
669717.915,0,0,0,0.985,1.000,0.998,-90.00,180.00,58.50,CLOSED,0
669717.919,0,0,0,0.983,1.000,0.996,-90.00,180.00,58.50,CLOSED,0
669717.924,0,0,0,0.977,1.000,0.997,-90.00,180.00,58.50,CLOSED,0
669717.928,0,0,0,0.978,1.000,0.998,-90.00,180.00,58.50,CLOSED,0
669717.932,0,0,0,0.985,1.000,1.000,-90.00,180.00,58.50,CLOSED,0
669717.936,0,0,0,0.987,1.000,1.000,-90.00,180.00,58.50,CLOSED,0
669717.940,0,0,0,0.984,1.000,1.000,-90.00,180.00,58.50,CLOSED,0
669717.944,0,0,0,0.985,1.000,1.000,-90.00,180.00,58.50,CLOSED,0
669717.949,0,0,0,0.998,1.000,1.000,-90.00,180.00,58.50,CLOSED,0
669717.953,0,0,0,0.998,1.000,1.000,-90.00,180.00,58.50,CLOSED,0
669717.957,0,0,0,1.000,1.000,1.000,-90.00,180.00,58.50,CLOSED,0
669717.961,0,0,0,1.000,1.000,1.000,-90.00,180.00,58.50,CLOSED,0
669717.965,0,0,0,1.000,1.000,1.000,-90.00,180.00,58.50,CLOSED,0
669717.969,0,0,0,1.000,1.000,1.000,-90.00,180.00,58.50,CLOSED,0
669717.973,0,0,0,1.000,1.000,1.000,-90.00,180.00,58.50,CLOSED,0
669717.977,0,0,0,1.000,1.000,1.000,-90.00,180.00,58.50,CLOSED,0
669717.980,0,0,0,1.000,1.000,1.000,-90.00,180.00,58.50,CLOSED,0
669717.984,0,0,0,1.000,1.000,1.000,-90.00,180.00,58.50,CLOSED,0
669717.991,0,0,0,1.000,1.000,1.000,-90.00,180.00,58.50,CLOSED,0
669717.995,0,0,0,1.000,1.000,1.000,-90.00,180.00,58.50,CLOSED,0
669717.999,0,0,0,1.000,1.000,1.000,-90.00,180.00,58.50,CLOSED,0
669718.005,0,0,0,1.000,1.000,1.000,-90.00,180.00,58.50,CLOSED,0
669718.009,0,0,0,1.000,1.000,1.000,-90.00,180.00,58.50,CLOSED,0
669718.013,0,0,0,1.000,1.000,1.000,-90.00,180.00,58.50,CLOSED,0
669718.017,0,0,0,1.000,1.000,1.000,-90.00,180.00,58.50,CLOSED,0
669718.023,0,0,0,1.000,1.000,1.000,-90.00,180.00,58.50,CLOSED,0
669718.027,0,0,0,1.000,1.000,1.000,-90.00,180.00,58.50,CLOSED,0
669718.032,0,0,0,1.000,1.000,1.000,-90.00,180.00,58.50,CLOSED,0
669718.036,0,0,0,1.000,1.000,1.000,-90.00,180.00,58.50,CLOSED,0
669718.040,0,0,0,1.000,1.000,1.000,-90.00,180.00,58.50,CLOSED,0
669718.044,0,0,0,1.000,1.000,1.000,-90.00,180.00,58.50,CLOSED,0
669718.048,0,0,0,1.000,1.000,1.000,-90.00,180.00,58.50,CLOSED,0
669718.052,0,0,0,1.000,1.000,1.000,-90.00,180.00,58.50,CLOSED,0
669718.060,0,0,0,1.000,1.000,1.000,-90.00,180.00,58.50,CLOSED,0
669718.063,0,0,0,1.000,1.000,1.000,-90.00,180.00,58.50,CLOSED,0
669718.068,0,0,0,1.000,1.000,1.000,-90.00,180.00,58.50,CLOSED,0
669718.071,0,0,0,1.000,1.000,1.000,-90.00,180.00,58.50,CLOSED,0
669718.075,0,0,0,1.000,1.000,1.000,-90.00,180.00,58.50,CLOSED,0
669718.080,0,0,0,1.000,1.000,1.000,-90.00,180.00,58.50,CLOSED,0
669718.086,0,0,0,1.000,1.000,1.000,-90.00,180.00,58.50,CLOSED,0
669718.091,0,0,0,1.000,1.000,1.000,-90.00,180.00,58.50,CLOSED,0
669718.096,0,0,0,1.000,1.000,1.000,-90.00,180.00,58.50,CLOSED,0
669718.101,0,0,0,1.000,1.000,1.000,-90.00,180.00,58.50,CLOSED,0
669718.106,0,0,0,1.000,1.000,1.000,-90.00,180.00,58.50,CLOSED,0
669718.110,0,0,0,1.000,1.000,1.000,-90.00,180.00,58.50,CLOSED,0
669718.116,0,0,0,1.000,1.000,1.000,-90.00,180.00,58.50,CLOSED,0
669718.120,0,0,0,1.000,1.000,1.000,-90.00,180.00,58.50,CLOSED,0
669718.125,0,0,0,1.000,1.000,1.000,-90.00,180.00,58.50,CLOSED,0
669718.129,0,0,0,1.000,1.000,1.000,-90.00,180.00,58.50,CLOSED,0
669718.137,0,0,0,1.000,1.000,1.000,-90.00,180.00,58.50,CLOSED,0
669718.141,0,0,0,1.000,1.000,1.000,-90.00,180.00,58.50,CLOSED,0
669718.146,0,0,0,1.000,1.000,1.000,-90.00,180.00,58.50,CLOSED,0
669718.150,0,0,0,1.000,1.000,1.000,-90.00,180.00,58.50,CLOSED,0
669718.153,0,0,0,1.000,1.000,1.000,-90.00,180.00,58.50,CLOSED,0
669718.161,0,0,0,1.000,1.000,1.000,-90.00,180.00,58.50,CLOSED,0
669718.164,0,0,0,1.000,1.000,1.000,-90.00,180.00,58.50,CLOSED,0
669718.169,0,0,0,1.000,1.000,1.000,-90.00,180.00,58.50,CLOSED,0
669718.178,0,0,0,1.000,1.000,1.000,-90.00,180.00,58.50,CLOSED,0
669718.183,0,0,0,1.000,1.000,1.000,-90.00,180.00,58.50,CLOSED,0
669718.187,0,0,0,1.000,1.000,1.000,-90.00,180.00,58.50,CLOSED,0
669718.191,0,0,0,1.000,1.000,1.000,-90.00,180.00,58.50,CLOSED,0
669718.199,0,0,0,1.000,1.000,1.000,-90.00,180.00,58.50,CLOSED,0
669718.203,0,0,0,1.000,1.000,1.000,-90.00,180.00,58.50,CLOSED,0
669718.207,0,0,0,1.000,1.000,1.000,-90.00,180.00,58.50,CLOSED,0
669718.211,0,0,0,1.000,1.000,1.000,-90.00,180.00,58.50,CLOSED,0
669718.219,0,0,0,1.000,1.000,1.000,-90.00,180.00,58.50,CLOSED,0
669718.223,0,0,0,1.000,1.000,1.000,-90.00,180.00,58.50,CLOSED,0
669718.227,0,0,0,1.000,1.000,1.000,-90.00,180.00,58.50,CLOSED,0
669718.231,0,0,0,1.000,1.000,1.000,-90.00,180.00,58.50,CLOSED,0
669718.235,0,0,0,1.000,1.000,1.000,-90.00,180.00,58.50,CLOSED,0
669718.239,0,0,0,1.000,1.000,1.000,-90.00,180.00,58.50,CLOSED,0
669718.243,0,0,0,1.000,1.000,1.000,-90.00,180.00,58.50,CLOSED,0
669718.252,0,0,0,1.000,1.000,1.000,-90.00,180.00,58.50,CLOSED,0
669718.256,0,0,0,1.000,1.000,1.000,-90.00,180.00,58.50,CLOSED,0
669718.260,0,0,0,1.000,1.000,1.000,-90.00,180.00,58.50,CLOSED,0
669718.265,0,0,0,1.000,1.000,1.000,-90.00,180.00,58.50,CLOSED,0
669718.268,0,0,0,1.000,1.000,1.000,-90.00,180.00,58.50,CLOSED,0
669718.272,0,0,0,1.000,1.000,1.000,-90.00,180.00,58.50,CLOSED,0
669718.276,0,0,0,1.000,1.000,1.000,-90.00,180.00,58.50,CLOSED,0
669718.284,0,0,0,1.000,1.000,1.000,-90.00,180.00,58.50,CLOSED,0
669718.289,0,0,0,1.000,1.000,1.000,-90.00,180.00,58.50,CLOSED,0
669718.293,0,0,0,1.000,1.000,1.000,-90.00,180.00,58.50,CLOSED,0
669718.297,0,0,0,1.000,1.000,1.000,-90.00,180.00,58.50,CLOSED,0
669718.302,0,0,0,1.000,1.000,1.000,-90.00,180.00,58.50,CLOSED,0
669718.306,0,0,0,1.000,1.000,1.000,-90.00,180.00,58.50,CLOSED,0
669718.310,0,0,0,1.000,1.000,1.000,-90.00,180.00,58.50,CLOSED,0
669718.314,0,0,0,1.000,1.000,1.000,-90.00,180.00,58.50,CLOSED,0
669718.320,0,0,0,1.000,1.000,1.000,-90.00,180.00,58.50,CLOSED,0
669718.330,0,0,0,1.000,1.000,1.000,-90.00,180.00,58.50,CLOSED,0
669718.334,0,0,0,1.000,1.000,1.000,-90.00,180.00,58.50,CLOSED,0
669718.338,0,0,0,1.000,1.000,1.000,-90.00,180.00,58.50,CLOSED,0
669718.342,0,0,0,1.000,1.000,1.000,-90.00,180.00,58.50,CLOSED,0
669718.346,0,0,0,1.000,1.000,1.000,-90.00,180.00,58.50,CLOSED,0
669718.353,0,0,0,1.000,1.000,1.000,-90.00,180.00,58.50,CLOSED,0
669718.360,0,0,0,1.000,1.000,1.000,-90.00,180.00,58.50,CLOSED,0
669718.365,0,0,0,1.000,1.000,1.000,-90.00,180.00,58.50,CLOSED,0
669718.370,0,0,0,1.000,1.000,1.000,-90.00,180.00,58.50,CLOSED,0
669718.377,0,0,0,1.000,1.000,1.000,-90.00,180.00,58.50,CLOSED,0
669718.384,0,0,0,1.000,1.000,1.000,-90.00,180.00,58.50,CLOSED,0
669718.391,0,0,0,1.000,1.000,1.000,-90.00,180.00,58.50,CLOSED,0
669718.395,0,0,0,1.000,1.000,1.000,-90.00,180.00,58.50,CLOSED,0
669718.399,0,0,0,1.000,1.000,1.000,-90.00,180.00,58.50,CLOSED,0
669718.404,0,0,0,1.000,1.000,1.000,-90.00,180.00,58.50,CLOSED,0
669718.409,0,0,0,1.000,1.000,1.000,-90.00,180.00,58.50,CLOSED,0
669718.413,0,0,0,1.000,1.000,1.000,-90.00,180.00,58.50,CLOSED,0
669718.417,0,0,0,1.000,1.000,1.000,-90.00,180.00,58.50,CLOSED,0
669718.428,0,0,0,1.000,1.000,1.000,-90.00,180.00,58.50,CLOSED,0
669718.433,0,0,0,1.000,1.000,1.000,-90.00,180.00,58.50,CLOSED,0
669718.437,0,0,0,1.000,1.000,1.000,-90.00,180.00,58.50,CLOSED,0
669718.441,0,0,0,1.000,1.000,1.000,-90.00,180.00,58.50,CLOSED,0
669718.445,0,0,0,1.000,1.000,1.000,-90.00,180.00,58.50,CLOSED,0
669718.451,0,0,0,1.000,1.000,1.000,-90.00,180.00,58.50,CLOSED,0
669718.455,0,0,0,1.000,1.000,1.000,-90.00,180.00,58.50,CLOSED,0
669718.459,0,0,0,1.000,1.000,1.000,-90.00,180.00,58.50,CLOSED,0
669718.463,0,0,0,1.000,1.000,1.000,-90.00,180.00,58.50,CLOSED,0
669718.467,0,0,0,1.000,1.000,1.000,-90.00,180.00,58.50,CLOSED,0
669718.472,0,0,0,1.000,1.000,1.000,-90.00,180.00,58.50,CLOSED,0
669718.476,0,0,0,1.000,1.000,1.000,-90.00,180.00,58.50,CLOSED,0
669718.484,0,0,0,1.000,1.000,1.000,-90.00,180.00,58.50,CLOSED,0
669718.487,0,0,0,1.000,1.000,1.000,-90.00,180.00,58.50,CLOSED,0
669718.495,0,0,0,1.000,1.000,1.000,-90.00,180.00,58.50,CLOSED,0
669718.499,0,0,0,1.000,1.000,1.000,-90.00,180.00,58.50,CLOSED,0
669718.503,0,0,0,1.000,1.000,1.000,-90.00,180.00,58.50,CLOSED,0
669718.512,0,0,0,1.000,1.000,1.000,-90.00,180.00,58.50,CLOSED,0
669718.516,0,0,0,1.000,1.000,1.000,-90.00,180.00,58.50,CLOSED,0
669718.520,0,0,0,1.000,1.000,1.000,-90.00,180.00,58.50,CLOSED,0
669718.528,0,0,0,1.000,1.000,1.000,-90.00,180.00,58.50,CLOSED,0
669718.533,0,0,0,1.000,1.000,1.000,-90.00,180.00,58.50,CLOSED,0
669718.537,0,0,0,1.000,1.000,1.000,-90.00,180.00,58.50,CLOSED,0
669718.542,0,0,0,1.000,1.000,1.000,-90.00,180.00,58.50,CLOSED,0
669718.546,0,0,0,1.000,1.000,1.000,-90.00,180.00,58.50,CLOSED,0
669718.549,0,0,0,1.000,1.000,1.000,-90.00,180.00,58.50,CLOSED,0
669718.554,0,0,0,1.000,1.000,1.000,-90.00,180.00,58.50,CLOSED,0
669718.558,0,0,0,1.000,1.000,1.000,-90.00,180.00,58.50,CLOSED,0
669718.562,0,0,0,1.000,1.000,1.000,-90.00,180.00,58.50,CLOSED,0
669718.566,0,0,0,1.000,1.000,1.000,-90.00,180.00,58.50,CLOSED,0
669718.570,0,0,0,1.000,1.000,1.000,-90.00,180.00,58.50,CLOSED,0
669718.575,0,0,0,1.000,1.000,1.000,-90.00,180.00,58.50,CLOSED,0
669718.578,0,0,0,1.000,1.000,1.000,-90.00,180.00,58.50,CLOSED,0
669718.582,0,0,0,1.000,1.000,1.000,-90.00,180.00,58.50,CLOSED,0
669718.587,0,0,0,1.000,1.000,1.000,-90.00,180.00,58.50,CLOSED,0
669718.591,0,0,0,1.000,1.000,1.000,-90.00,180.00,58.50,CLOSED,0
669718.595,0,0,0,1.000,1.000,1.000,-90.00,180.00,58.50,CLOSED,0
669718.599,0,0,0,1.000,1.000,1.000,-90.00,180.00,58.50,CLOSED,0
669718.605,0,0,0,1.000,1.000,1.000,-90.00,180.00,58.50,CLOSED,0
669718.609,0,0,0,1.000,0.999,1.000,-90.00,180.00,58.50,CLOSED,0
669718.613,0,0,0,0.999,0.988,1.000,-90.00,180.00,58.50,CLOSED,0
669718.617,0,0,0,0.999,0.937,1.000,-90.00,180.00,58.50,CLOSED,0
669718.626,0,0,0,0.997,0.500,1.000,-90.00,180.00,58.50,CLOSED,0
669718.630,0,0,0,0.993,0.990,1.000,-90.00,180.00,58.50,CLOSED,0
669718.635,0,0,0,0.991,0.997,1.000,-90.00,180.00,58.50,CLOSED,0
669718.639,0,0,0,0.990,0.999,1.000,-90.00,180.00,58.50,CLOSED,0
669718.643,0,0,0,0.995,0.970,1.000,-90.00,180.00,58.50,CLOSED,0
669718.647,0,0,0,0.985,0.945,1.000,-90.00,180.00,58.50,CLOSED,0
669718.651,0,0,0,0.961,0.999,1.000,-90.00,180.00,58.50,CLOSED,0
669718.658,0,0,0,0.527,1.000,1.000,-90.00,180.00,58.50,CLOSED,0
669718.666,0,0,0,0.794,1.000,1.000,-90.00,180.00,58.50,CLOSED,0
669718.672,0,0,0,0.928,1.000,1.000,-90.00,180.00,58.50,CLOSED,0
669718.677,0,0,0,0.957,1.000,1.000,-90.00,180.00,58.50,CLOSED,0
669718.687,0,0,0,0.962,1.000,1.000,-90.00,180.00,58.50,CLOSED,0
669718.691,0,0,0,0.963,1.000,1.000,-90.00,180.00,58.50,CLOSED,0
669718.696,0,0,0,0.975,1.000,1.000,-90.00,180.00,58.50,CLOSED,0
669718.699,0,0,0,0.982,1.000,1.000,-90.00,180.00,58.50,CLOSED,0
669718.703,3,0,0,0.982,1.000,1.000,-90.00,180.00,58.50,OPEN,0
669718.707,3,0,0,0.929,1.000,1.000,-90.00,180.00,58.50,OPEN,0
669718.711,3,0,0,0.646,1.000,1.000,-90.00,180.00,58.50,OPEN,0
669718.715,3,0,0,0.936,1.000,1.000,-90.00,180.00,58.50,OPEN,0
669718.719,3,0,0,0.985,1.000,1.000,-90.00,180.00,58.50,OPEN,0
669718.723,3,0,0,0.993,1.000,1.000,-90.00,180.00,58.50,OPEN,0
669718.728,3,0,0,0.997,1.000,1.000,-90.00,180.00,58.50,OPEN,0
669718.732,3,0,0,0.999,0.502,1.000,-90.00,180.00,58.50,OPEN,0
669718.736,3,0,0,0.999,0.697,0.881,-90.00,180.00,58.50,OPEN,0
669718.740,3,0,0,0.999,0.514,0.862,-90.00,180.00,58.50,OPEN,0
669718.744,0,0,0,0.999,0.508,0.842,-90.00,180.00,58.50,OPEN,0
669718.753,0,0,0,1.000,0.511,0.821,-90.00,180.00,58.50,OPEN,0
669718.759,0,0,0,1.000,0.525,0.797,-90.00,180.00,58.50,OPEN,0
669718.763,0,0,0,1.000,0.508,0.778,-90.00,180.00,58.50,OPEN,0
669718.767,0,0,0,1.000,0.594,0.744,-90.00,180.00,58.50,OPEN,0
669718.771,0,0,0,1.000,0.600,0.716,-90.00,180.00,58.50,OPEN,0
669718.775,0,0,0,1.000,0.549,0.740,-90.00,180.00,58.50,OPEN,0
669718.778,0,0,0,1.000,0.557,0.762,-90.00,180.00,58.50,OPEN,0
669718.782,0,0,0,1.000,0.600,0.759,-90.00,180.00,58.50,OPEN,0
669718.786,0,0,0,1.000,0.502,0.779,-90.00,180.00,58.50,OPEN,0
669718.789,0,0,0,1.000,0.534,0.789,-90.00,180.00,58.50,OPEN,0
669718.794,0,0,0,1.000,0.607,0.794,-90.00,180.00,58.50,OPEN,0
669718.798,0,0,0,1.000,0.562,0.746,-90.00,180.00,58.50,OPEN,0
669718.803,0,0,0,1.000,0.500,0.664,-90.00,180.00,58.50,OPEN,0
669718.809,0,0,0,1.000,0.756,0.592,-90.00,180.00,58.50,OPEN,0
669718.817,0,0,0,1.000,0.918,0.558,-90.00,180.00,58.50,OPEN,0
669718.822,0,0,0,1.000,0.964,0.574,-90.00,180.00,58.50,OPEN,0
669718.828,0,0,0,1.000,0.986,0.626,-90.00,180.00,58.50,OPEN,0
669718.832,0,0,0,1.000,0.994,0.675,-90.00,180.00,58.50,OPEN,0
669718.837,0,0,0,1.000,0.996,0.709,-90.00,180.00,58.50,OPEN,0
669718.841,0,0,0,1.000,0.997,0.753,-90.00,180.00,58.50,OPEN,0
669718.845,0,0,0,1.000,0.997,0.772,-90.00,180.00,58.50,OPEN,0
669718.849,0,0,0,1.000,0.996,0.792,-90.00,180.00,58.50,OPEN,0
669718.854,0,0,0,1.000,0.994,0.788,-90.00,180.00,58.50,OPEN,0
669718.857,0,0,0,1.000,0.988,0.754,-90.00,180.00,58.50,OPEN,0
669718.861,0,0,0,1.000,0.979,0.722,-90.00,180.00,58.50,OPEN,0
669718.867,0,0,0,1.000,0.971,0.644,-90.00,180.00,58.50,OPEN,0
669718.873,0,0,0,1.000,0.966,0.552,-90.00,180.00,58.50,OPEN,0
669718.883,0,0,0,1.000,0.952,0.575,-90.00,180.00,58.50,OPEN,0
669718.888,0,0,0,1.000,0.930,0.658,-90.00,180.00,58.50,OPEN,0
669718.892,0,0,0,1.000,0.903,0.716,-90.00,180.00,58.50,OPEN,0
669718.897,0,0,0,1.000,0.798,0.656,-90.00,180.00,58.50,OPEN,0
669718.901,0,0,0,1.000,0.689,0.549,-90.00,180.00,58.50,OPEN,0
669718.906,0,0,0,1.000,0.644,0.577,-90.00,180.00,58.50,OPEN,0
669718.914,0,0,0,1.000,0.560,0.740,-90.00,180.00,58.50,OPEN,0
669718.918,0,0,0,1.000,0.516,0.832,-90.00,180.00,58.50,OPEN,0
669718.922,0,0,0,1.000,0.527,0.880,-90.00,180.00,58.50,OPEN,0
669718.931,0,0,0,1.000,0.530,0.883,-90.00,180.00,58.50,OPEN,0
669718.935,0,0,0,1.000,0.538,0.865,-90.00,180.00,58.50,OPEN,0
669718.945,0,0,0,1.000,0.576,0.803,-90.00,180.00,58.50,OPEN,0
669718.950,0,0,0,1.000,0.636,0.670,-90.00,180.00,58.50,OPEN,0
669718.954,0,0,0,1.000,0.690,0.540,-90.00,180.00,58.50,OPEN,0
669718.958,0,0,0,1.000,0.705,0.630,-90.00,180.00,58.50,OPEN,0
669718.962,0,0,0,1.000,0.687,0.742,-90.00,180.00,58.50,OPEN,0
669718.967,0,0,0,1.000,0.675,0.844,-90.00,180.00,58.50,OPEN,0
669718.971,0,0,0,1.000,0.583,0.898,-90.00,180.00,58.50,OPEN,0
669718.975,0,0,0,1.000,0.513,0.921,-90.00,180.00,58.50,OPEN,0
669718.979,0,0,0,1.000,0.508,0.941,-90.00,180.00,58.50,OPEN,0
669718.983,0,0,0,1.000,0.572,0.950,-90.00,180.00,58.50,OPEN,0
669718.990,0,0,0,1.000,0.624,0.954,-90.00,180.00,58.50,OPEN,0
669718.994,0,0,0,1.000,0.669,0.947,-90.00,180.00,58.50,OPEN,0
669718.997,0,0,0,1.000,0.721,0.945,-90.00,180.00,58.50,OPEN,0
669719.001,0,0,0,1.000,0.783,0.925,-90.00,180.00,58.50,OPEN,0
669719.005,0,0,0,1.000,0.819,0.896,-90.00,180.00,58.50,OPEN,0
669719.009,0,0,0,1.000,0.839,0.879,-90.00,180.00,58.50,OPEN,0
669719.013,0,0,0,1.000,0.857,0.835,-90.00,180.00,58.50,OPEN,0
669719.017,0,0,0,1.000,0.851,0.816,-90.00,180.00,58.50,OPEN,0
669719.021,0,0,0,1.000,0.854,0.819,-90.00,180.00,58.50,OPEN,0
669719.024,0,0,0,1.000,0.783,0.837,-90.00,180.00,58.50,OPEN,0
669719.029,0,0,0,1.000,0.756,0.833,-90.00,180.00,58.50,OPEN,0
669719.033,0,0,0,1.000,0.742,0.827,-90.00,180.00,58.50,OPEN,0
669719.038,0,0,0,1.000,0.770,0.800,-90.00,180.00,58.50,OPEN,0
669719.044,0,0,0,1.000,0.746,0.784,-90.00,180.00,58.50,OPEN,0
669719.050,0,0,0,1.000,0.828,0.763,-90.00,180.00,58.50,OPEN,0
669719.056,0,0,0,1.000,0.886,0.753,-90.00,180.00,58.50,OPEN,0
669719.062,0,0,0,1.000,0.910,0.771,-90.00,180.00,58.50,OPEN,0
669719.067,0,0,0,1.000,0.938,0.765,-90.00,180.00,58.50,OPEN,0
669719.071,0,0,0,1.000,0.957,0.782,-90.00,180.00,58.50,OPEN,0
669719.076,0,0,0,1.000,0.967,0.820,-90.00,180.00,58.50,OPEN,0
669719.080,0,0,0,1.000,0.969,0.853,-90.00,180.00,58.50,OPEN,0
669719.084,0,0,0,1.000,0.967,0.882,-90.00,180.00,58.50,OPEN,0
669719.088,0,0,0,1.000,0.967,0.902,-90.00,180.00,58.50,OPEN,0
669719.095,0,0,0,1.000,0.956,0.910,-90.00,180.00,58.50,OPEN,0
669719.098,0,0,0,0.998,0.941,0.907,-90.00,180.00,58.50,OPEN,0
669719.103,0,0,0,0.998,0.908,0.890,-90.00,180.00,58.50,OPEN,0
669719.106,0,0,0,0.996,0.838,0.851,-90.00,180.00,58.50,OPEN,0
669719.110,0,0,0,0.995,0.772,0.774,-90.00,180.00,58.50,OPEN,0
669719.114,0,0,0,0.994,0.646,0.590,-90.00,180.00,58.50,OPEN,0
669719.119,0,0,0,0.999,0.559,0.599,-90.00,180.00,58.50,OPEN,0
669719.125,0,0,0,0.998,0.773,0.795,-90.00,180.00,58.50,OPEN,0
669719.130,0,0,0,0.994,0.872,0.893,-90.00,180.00,58.50,OPEN,0
669719.135,0,0,0,0.992,0.925,0.925,-90.00,180.00,58.50,OPEN,0
669719.143,0,0,0,0.990,0.952,0.921,-90.00,180.00,58.50,OPEN,0
669719.147,0,0,0,0.992,0.961,0.892,-90.00,180.00,58.50,OPEN,0
669719.155,0,0,0,0.995,0.969,0.792,-90.00,180.00,58.50,OPEN,0
669719.159,0,0,0,0.999,0.974,0.617,-90.00,180.00,58.50,OPEN,0
669719.163,0,0,0,0.999,0.976,0.690,-90.00,180.00,58.50,OPEN,0
669719.167,0,0,0,1.000,0.978,0.881,-90.00,180.00,58.50,OPEN,0
669719.171,0,0,0,1.000,0.975,0.952,-90.00,180.00,58.50,OPEN,0
669719.175,0,0,0,1.000,0.978,0.978,-90.00,180.00,58.50,OPEN,0
669719.179,0,0,0,1.000,0.989,0.983,-90.00,180.00,58.50,OPEN,0
669719.183,0,0,0,1.000,0.997,0.992,-90.00,180.00,58.50,OPEN,0
669719.188,0,0,0,1.000,1.000,0.992,-90.00,180.00,58.50,OPEN,0
669719.196,0,0,0,1.000,1.000,0.995,-90.00,180.00,58.50,OPEN,0
669719.200,0,0,0,1.000,1.000,0.997,-90.00,180.00,58.50,OPEN,0
669719.204,0,0,0,1.000,1.000,0.999,-90.00,180.00,58.50,OPEN,0
669719.207,0,0,0,1.000,1.000,0.999,-90.00,180.00,58.50,OPEN,0
669719.211,0,0,0,0.998,1.000,1.000,-90.00,180.00,58.50,OPEN,0
669719.216,0,0,0,0.995,1.000,1.000,-90.00,180.00,58.50,OPEN,0
669719.221,0,0,0,0.998,1.000,1.000,-90.00,180.00,58.50,OPEN,0
669719.225,0,0,0,0.999,1.000,1.000,-90.00,180.00,58.50,OPEN,0
669719.230,0,0,0,0.998,1.000,1.000,-90.00,180.00,58.50,OPEN,0
669719.235,0,0,0,0.999,1.000,1.000,-90.00,180.00,58.50,OPEN,0
669719.240,0,0,0,1.000,1.000,1.000,-90.00,180.00,58.50,OPEN,0
669719.244,0,0,0,1.000,1.000,1.000,-90.00,180.00,58.50,OPEN,0
669719.248,0,0,0,1.000,1.000,1.000,-90.00,180.00,58.50,OPEN,0
669719.254,0,0,0,1.000,1.000,1.000,-90.00,180.00,58.50,OPEN,0
669719.258,0,0,0,1.000,1.000,1.000,-90.00,180.00,58.50,OPEN,0
669719.261,0,0,0,1.000,1.000,1.000,-90.00,180.00,58.50,OPEN,0
669719.265,0,0,0,1.000,1.000,1.000,-90.00,180.00,58.50,OPEN,0
669719.269,0,0,0,1.000,1.000,1.000,-90.00,180.00,58.50,OPEN,0
669719.273,0,0,0,1.000,1.000,1.000,-90.00,180.00,58.50,OPEN,0
669719.281,0,0,0,1.000,1.000,1.000,-90.00,180.00,58.50,OPEN,0
669719.285,0,0,0,1.000,1.000,1.000,-90.00,180.00,58.50,OPEN,0
669719.293,0,0,0,1.000,1.000,1.000,-90.00,180.00,58.50,OPEN,0
669719.299,0,0,0,1.000,1.000,1.000,-90.00,180.00,58.50,OPEN,0
669719.303,0,0,0,1.000,1.000,1.000,-90.00,180.00,58.50,OPEN,0
669719.308,0,0,0,1.000,1.000,1.000,-90.00,180.00,58.50,OPEN,0
669719.315,0,0,0,0.997,1.000,1.000,-90.00,180.00,58.50,OPEN,0
669719.321,0,0,0,0.991,1.000,1.000,-90.00,180.00,58.50,OPEN,0
669719.328,0,0,0,1.000,1.000,1.000,-90.00,180.00,58.50,OPEN,0
669719.334,0,0,0,1.000,1.000,1.000,-90.00,180.00,58.50,OPEN,0
669719.340,0,0,0,1.000,1.000,1.000,-90.00,180.00,58.50,OPEN,0
669719.347,0,0,0,1.000,1.000,1.000,-90.00,180.00,58.50,OPEN,0
669719.356,0,0,0,1.000,1.000,1.000,-90.00,180.00,58.50,OPEN,0
669719.361,0,0,0,1.000,1.000,1.000,-90.00,180.00,58.50,OPEN,0
669719.365,0,0,0,1.000,1.000,1.000,-90.00,180.00,58.50,OPEN,0
669719.369,0,0,0,1.000,1.000,1.000,-90.00,180.00,58.50,OPEN,0
669719.376,0,0,0,1.000,1.000,1.000,-90.00,180.00,58.50,OPEN,0
669719.379,0,0,0,1.000,1.000,1.000,-90.00,180.00,58.50,OPEN,0
669719.384,0,0,0,1.000,1.000,1.000,-90.00,180.00,58.50,OPEN,0
669719.387,0,0,0,1.000,1.000,1.000,-90.00,180.00,58.50,OPEN,0
669719.396,0,0,0,1.000,1.000,1.000,-90.00,180.00,58.50,OPEN,0
669719.400,0,0,0,1.000,1.000,1.000,-90.00,180.00,58.50,OPEN,0
669719.404,0,0,0,1.000,1.000,1.000,-90.00,180.00,58.50,OPEN,0
669719.408,0,0,0,1.000,1.000,1.000,-90.00,180.00,58.50,OPEN,0
669719.416,0,0,0,1.000,1.000,1.000,-90.00,180.00,58.50,OPEN,0
669719.420,0,0,0,1.000,1.000,1.000,-90.00,180.00,58.50,OPEN,0
669719.424,0,0,0,1.000,1.000,1.000,-90.00,180.00,58.50,OPEN,0
669719.427,0,0,0,1.000,1.000,1.000,-90.00,180.00,58.50,OPEN,0
669719.431,0,0,0,1.000,1.000,1.000,-90.00,180.00,58.50,OPEN,0
669719.435,0,0,0,1.000,1.000,1.000,-90.00,180.00,58.50,OPEN,0
669719.443,0,0,0,1.000,1.000,1.000,-90.00,180.00,58.50,OPEN,0
669719.454,0,0,0,1.000,1.000,1.000,-90.00,180.00,58.50,OPEN,0
669719.467,0,0,0,1.000,1.000,1.000,-90.00,180.00,58.50,OPEN,0
669719.473,0,0,0,1.000,1.000,1.000,-90.00,180.00,58.50,OPEN,0
669719.477,0,0,0,1.000,1.000,1.000,-90.00,180.00,58.50,OPEN,0
669719.485,0,0,0,1.000,1.000,1.000,-90.00,180.00,58.50,OPEN,0
669719.489,0,0,0,1.000,1.000,1.000,-90.00,180.00,58.50,OPEN,0
669719.492,0,0,0,1.000,1.000,1.000,-90.00,180.00,58.50,OPEN,0
669719.501,0,0,0,1.000,1.000,1.000,-90.00,180.00,58.50,OPEN,0
669719.505,0,0,0,1.000,1.000,1.000,-90.00,180.00,58.50,OPEN,0
669719.510,0,0,0,1.000,1.000,1.000,-90.00,180.00,58.50,OPEN,0
669719.513,0,0,0,1.000,1.000,1.000,-90.00,180.00,58.50,OPEN,0
669719.517,0,0,0,1.000,1.000,1.000,-90.00,180.00,58.50,OPEN,0
669719.522,0,0,0,1.000,1.000,1.000,-90.00,180.00,58.50,OPEN,0
669719.529,0,0,0,1.000,1.000,1.000,-90.00,180.00,58.50,OPEN,0
669719.536,0,0,0,1.000,1.000,1.000,-90.00,180.00,58.50,OPEN,0
669719.542,0,0,0,1.000,1.000,1.000,-90.00,180.00,58.50,OPEN,0
669719.548,0,0,0,1.000,1.000,1.000,-90.00,180.00,58.50,OPEN,0
669719.554,0,0,0,1.000,1.000,1.000,-90.00,180.00,58.50,OPEN,0
669719.559,0,0,0,1.000,1.000,1.000,-90.00,180.00,58.50,OPEN,0
669719.563,0,0,0,1.000,1.000,1.000,-90.00,180.00,58.50,OPEN,0
669719.567,0,0,0,1.000,1.000,1.000,-90.00,180.00,58.50,OPEN,0
669719.571,0,0,0,1.000,1.000,1.000,-90.00,180.00,58.50,OPEN,0
669719.575,0,0,0,1.000,1.000,1.000,-90.00,180.00,58.50,OPEN,0
669719.581,0,0,0,1.000,1.000,1.000,-90.00,180.00,58.50,OPEN,0
669719.587,0,0,0,1.000,1.000,1.000,-90.00,180.00,58.50,OPEN,0
669719.590,0,0,0,1.000,1.000,1.000,-90.00,180.00,58.50,OPEN,0
669719.595,0,0,0,1.000,1.000,1.000,-90.00,180.00,58.50,OPEN,0
669719.598,0,0,0,1.000,1.000,1.000,-90.00,180.00,58.50,OPEN,0
669719.602,0,0,0,1.000,1.000,1.000,-90.00,180.00,58.50,OPEN,0
669719.605,0,0,0,1.000,1.000,1.000,-90.00,180.00,58.50,OPEN,0
669719.614,0,0,0,1.000,1.000,1.000,-90.00,180.00,58.50,OPEN,0
669719.618,0,0,0,1.000,1.000,1.000,-90.00,180.00,58.50,OPEN,0
669719.622,0,0,0,1.000,1.000,1.000,-90.00,180.00,58.50,OPEN,0
669719.627,0,0,0,1.000,1.000,1.000,-90.00,180.00,58.50,OPEN,0
669719.630,0,0,0,1.000,1.000,1.000,-90.00,180.00,58.50,OPEN,0
669719.634,0,0,0,1.000,1.000,1.000,-90.00,180.00,58.50,OPEN,0
669719.638,0,0,0,1.000,1.000,1.000,-90.00,180.00,58.50,OPEN,0
669719.642,0,0,0,1.000,1.000,1.000,-90.00,180.00,58.50,OPEN,0
669719.645,0,0,0,1.000,1.000,1.000,-90.00,180.00,58.50,OPEN,0
669719.650,0,0,0,1.000,1.000,1.000,-90.00,180.00,58.50,OPEN,0
669719.654,0,0,0,1.000,1.000,1.000,-90.00,180.00,58.50,OPEN,0
669719.658,0,0,0,1.000,1.000,1.000,-90.00,180.00,58.50,OPEN,0
669719.661,0,0,0,1.000,1.000,1.000,-90.00,180.00,58.50,OPEN,0
669719.665,0,0,0,1.000,1.000,1.000,-90.00,180.00,58.50,OPEN,0
669719.669,0,0,0,1.000,1.000,1.000,-90.00,180.00,58.50,OPEN,0
669719.676,0,0,0,1.000,1.000,1.000,-90.00,180.00,58.50,OPEN,0
669719.680,0,0,0,1.000,1.000,1.000,-90.00,180.00,58.50,OPEN,0
669719.683,0,0,0,1.000,1.000,1.000,-90.00,180.00,58.50,OPEN,0
669719.687,0,0,0,1.000,1.000,1.000,-90.00,180.00,58.50,OPEN,0
669719.691,0,0,0,1.000,1.000,1.000,-90.00,180.00,58.50,OPEN,0
669719.699,0,0,0,1.000,1.000,1.000,-90.00,180.00,58.50,OPEN,0
669719.704,0,0,0,1.000,1.000,1.000,-90.00,180.00,58.50,OPEN,0
669719.708,0,0,0,1.000,1.000,1.000,-90.00,180.00,58.50,OPEN,0
669719.712,0,0,0,1.000,1.000,1.000,-90.00,180.00,58.50,OPEN,0
669719.716,0,0,0,1.000,1.000,1.000,-90.00,180.00,58.50,OPEN,0
669719.722,0,0,0,1.000,1.000,1.000,-90.00,180.00,58.50,OPEN,0
669719.727,0,0,0,1.000,1.000,1.000,-90.00,180.00,58.50,OPEN,0
669719.732,0,0,0,1.000,1.000,1.000,-90.00,180.00,58.50,OPEN,0
669719.736,0,0,0,1.000,1.000,1.000,-90.00,180.00,58.50,OPEN,0
669719.740,0,0,0,1.000,1.000,1.000,-90.00,180.00,58.50,OPEN,0
669719.744,0,0,0,1.000,1.000,1.000,-90.00,180.00,58.50,OPEN,0
669719.748,0,0,0,1.000,1.000,1.000,-90.00,180.00,58.50,OPEN,0
669719.751,0,0,0,1.000,1.000,1.000,-90.00,180.00,58.50,OPEN,0
669719.755,0,0,0,1.000,1.000,1.000,-90.00,180.00,58.50,OPEN,0
669719.762,0,0,0,1.000,1.000,1.000,-90.00,180.00,58.50,OPEN,0
669719.766,0,0,0,1.000,1.000,1.000,-90.00,180.00,58.50,OPEN,0
669719.770,0,0,0,1.000,1.000,1.000,-90.00,180.00,58.50,OPEN,0
669719.774,0,0,0,1.000,1.000,1.000,-90.00,180.00,58.50,OPEN,0
669719.778,0,0,0,1.000,1.000,1.000,-90.00,180.00,58.50,OPEN,0
669719.782,0,0,0,1.000,1.000,1.000,-90.00,180.00,58.50,OPEN,0
669719.786,0,0,0,1.000,1.000,1.000,-90.00,180.00,58.50,OPEN,0
669719.790,0,0,0,1.000,1.000,1.000,-90.00,180.00,58.50,OPEN,0
669719.795,0,0,0,1.000,1.000,1.000,-90.00,180.00,58.50,OPEN,0
669719.800,0,0,0,1.000,1.000,1.000,-90.00,180.00,58.50,OPEN,0
669719.803,0,0,0,1.000,1.000,1.000,-90.00,180.00,58.50,OPEN,0
669719.807,0,0,0,1.000,1.000,1.000,-90.00,180.00,58.50,OPEN,0
669719.811,0,0,0,1.000,1.000,1.000,-90.00,180.00,58.50,OPEN,0
669719.815,0,0,0,1.000,1.000,1.000,-90.00,180.00,58.50,OPEN,0
669719.819,0,0,0,1.000,1.000,1.000,-90.00,180.00,58.50,OPEN,0
669719.824,0,0,0,1.000,1.000,1.000,-90.00,180.00,58.50,OPEN,0
669719.828,0,0,0,1.000,1.000,1.000,-90.00,180.00,58.50,OPEN,0
669719.832,0,0,0,1.000,1.000,1.000,-90.00,180.00,58.50,OPEN,0
669719.836,0,0,0,1.000,1.000,1.000,-90.00,180.00,58.50,OPEN,0
669719.840,0,0,0,1.000,1.000,1.000,-90.00,180.00,58.50,OPEN,0
669719.845,0,0,0,1.000,1.000,1.000,-90.00,180.00,58.50,OPEN,0
669719.849,0,0,0,1.000,1.000,1.000,-90.00,180.00,58.50,OPEN,0
669719.853,0,0,0,1.000,1.000,1.000,-90.00,180.00,58.50,OPEN,0
669719.857,0,0,0,1.000,1.000,1.000,-90.00,180.00,58.50,OPEN,0
669719.861,0,0,0,1.000,1.000,1.000,-90.00,180.00,58.50,OPEN,0
669719.865,0,0,0,1.000,1.000,1.000,-90.00,180.00,58.50,OPEN,0
669719.871,0,0,0,1.000,1.000,1.000,-90.00,180.00,58.50,OPEN,0
669719.878,0,0,0,1.000,1.000,1.000,-90.00,180.00,58.50,OPEN,0
669719.882,0,0,0,1.000,1.000,1.000,-90.00,180.00,58.50,OPEN,0
669719.887,0,0,0,1.000,1.000,1.000,-90.00,180.00,58.50,OPEN,0
669719.895,0,0,0,1.000,1.000,1.000,-90.00,180.00,58.50,OPEN,0
669719.899,0,0,0,1.000,1.000,1.000,-90.00,180.00,58.50,OPEN,0
669719.903,0,0,0,1.000,1.000,1.000,-90.00,180.00,58.50,OPEN,0
669719.907,0,0,0,1.000,1.000,1.000,-90.00,180.00,58.50,OPEN,0
669719.911,0,0,0,1.000,1.000,1.000,-90.00,180.00,58.50,OPEN,0
669719.915,0,0,0,1.000,1.000,1.000,-90.00,180.00,58.50,OPEN,0
669719.918,0,0,0,1.000,1.000,1.000,-90.00,180.00,58.50,OPEN,0
669719.923,0,0,0,1.000,1.000,1.000,-90.00,180.00,58.50,OPEN,0
669719.927,0,0,0,1.000,1.000,1.000,-90.00,180.00,58.50,OPEN,0
669719.932,0,0,0,1.000,1.000,1.000,-90.00,180.00,58.50,OPEN,0
669719.936,0,0,0,1.000,1.000,1.000,-90.00,180.00,58.50,OPEN,0
669719.940,0,0,0,1.000,1.000,1.000,-90.00,180.00,58.50,OPEN,0
669719.944,0,0,0,1.000,1.000,1.000,-90.00,180.00,58.50,OPEN,0
669719.948,0,0,0,1.000,1.000,1.000,-90.00,180.00,58.50,OPEN,0
669719.952,0,0,0,1.000,1.000,1.000,-90.00,180.00,58.50,OPEN,0
669719.957,0,0,0,1.000,1.000,1.000,-90.00,180.00,58.50,OPEN,0
669719.961,0,0,0,1.000,1.000,1.000,-90.00,180.00,58.50,OPEN,0
669719.969,0,0,0,1.000,1.000,1.000,-90.00,180.00,58.50,OPEN,0
669719.973,0,0,0,1.000,1.000,1.000,-90.00,180.00,58.50,OPEN,0
669719.977,0,0,0,0.997,1.000,1.000,-90.00,180.00,58.50,OPEN,0
669719.985,0,0,0,0.857,1.000,1.000,-90.00,180.00,58.50,OPEN,0
669719.989,0,0,0,0.980,1.000,1.000,-90.00,180.00,58.50,OPEN,0
669719.993,0,0,0,0.527,1.000,1.000,-90.00,180.00,58.50,OPEN,0
669719.997,0,0,0,0.920,1.000,1.000,-90.00,180.00,58.50,OPEN,0
669720.001,0,0,0,0.990,1.000,1.000,-90.00,180.00,58.50,OPEN,0
669720.007,0,0,0,0.998,1.000,1.000,-90.00,180.00,58.50,OPEN,0
669720.011,0,0,0,0.999,1.000,1.000,-90.00,180.00,58.50,OPEN,0
669720.019,0,0,0,1.000,0.999,1.000,-90.00,180.00,58.50,OPEN,0
669720.027,0,0,0,1.000,0.998,1.000,-90.00,180.00,58.50,OPEN,0
669720.035,0,0,0,1.000,0.997,1.000,-90.00,180.00,58.50,OPEN,0
669720.043,3,0,0,1.000,0.998,1.000,-90.00,180.00,58.50,CLOSED,0
669720.052,3,0,0,1.000,0.998,1.000,-90.00,180.00,58.50,CLOSED,0
669720.060,3,0,0,1.000,0.998,1.000,-90.00,180.00,58.50,CLOSED,0
669720.066,3,0,0,1.000,0.999,1.000,-90.00,180.00,58.50,CLOSED,0
669720.074,3,0,0,1.000,1.000,1.000,-90.00,180.00,58.50,CLOSED,0
669720.082,3,0,0,1.000,1.000,1.000,-90.00,180.00,58.50,CLOSED,0
669720.090,3,0,0,1.000,1.000,1.000,-90.00,180.00,58.50,CLOSED,0
669720.098,3,0,0,1.000,1.000,1.000,-90.00,180.00,58.50,CLOSED,0
669720.106,3,0,0,1.000,1.000,1.000,-90.00,180.00,58.50,CLOSED,0
669720.111,3,0,0,1.000,1.000,1.000,-90.00,180.00,58.50,CLOSED,0
669720.119,3,0,0,1.000,1.000,1.000,-90.00,180.00,58.50,CLOSED,0
669720.123,3,0,0,1.000,1.000,1.000,-90.00,180.00,58.50,CLOSED,0
669720.127,3,0,0,1.000,1.000,1.000,-90.00,180.00,58.50,CLOSED,0
669720.133,3,0,0,1.000,1.000,1.000,-90.00,180.00,58.50,CLOSED,0
669720.137,3,0,0,1.000,1.000,1.000,-90.00,180.00,58.50,CLOSED,0
669720.141,3,0,0,1.000,1.000,1.000,-90.00,180.00,58.50,CLOSED,0
669720.144,3,0,0,1.000,1.000,1.000,-90.00,180.00,58.50,CLOSED,0
669720.148,3,0,0,1.000,1.000,1.000,-90.00,180.00,58.50,CLOSED,0
669720.152,3,0,0,1.000,1.000,1.000,-90.00,180.00,58.50,CLOSED,0
669720.160,3,0,0,1.000,1.000,1.000,-90.00,180.00,58.50,CLOSED,0
669720.164,3,0,0,1.000,1.000,1.000,-90.00,180.00,58.50,CLOSED,0
669720.170,3,0,0,1.000,1.000,1.000,-90.00,180.00,58.50,CLOSED,0
669720.174,3,0,0,1.000,1.000,1.000,-90.00,180.00,58.50,CLOSED,0
669720.179,3,0,0,1.000,1.000,1.000,-90.00,180.00,58.50,CLOSED,0
669720.187,3,0,0,1.000,1.000,1.000,-90.00,180.00,58.50,CLOSED,0
669720.192,3,0,0,1.000,1.000,1.000,-90.00,180.00,58.50,CLOSED,0
669720.198,3,0,0,1.000,1.000,1.000,-90.00,180.00,58.50,CLOSED,0
669720.201,3,0,0,1.000,1.000,1.000,-90.00,180.00,58.50,CLOSED,0
669720.210,3,0,0,1.000,1.000,1.000,-90.00,180.00,58.50,CLOSED,0
669720.214,3,0,0,1.000,1.000,1.000,-90.00,180.00,58.50,CLOSED,0
669720.217,3,0,0,1.000,1.000,1.000,-90.00,180.00,58.50,CLOSED,0
669720.221,3,0,0,1.000,1.000,1.000,-90.00,180.00,58.50,CLOSED,0
669720.225,3,0,0,1.000,1.000,1.000,-90.00,180.00,58.50,CLOSED,0
669720.229,3,0,0,1.000,1.000,1.000,-90.00,180.00,58.50,CLOSED,0
669720.233,3,0,0,1.000,1.000,1.000,-90.00,180.00,58.50,CLOSED,0
669720.237,3,0,0,1.000,1.000,1.000,-90.00,180.00,58.50,CLOSED,0
669720.241,3,0,0,1.000,1.000,1.000,-90.00,180.00,58.50,CLOSED,0
669720.245,3,0,0,1.000,1.000,1.000,-90.00,180.00,58.50,CLOSED,0
669720.248,3,0,0,1.000,1.000,1.000,-90.00,180.00,58.50,CLOSED,0
669720.252,3,0,0,1.000,1.000,1.000,-90.00,180.00,58.50,CLOSED,0
669720.256,3,0,0,1.000,1.000,1.000,-90.00,180.00,58.50,CLOSED,0
669720.260,3,0,0,1.000,1.000,1.000,-90.00,180.00,58.50,CLOSED,0
669720.265,3,0,0,1.000,1.000,1.000,-90.00,180.00,58.50,CLOSED,0
669720.269,3,0,0,1.000,1.000,1.000,-90.00,180.00,58.50,CLOSED,0
669720.272,3,0,0,1.000,1.000,1.000,-90.00,180.00,58.50,CLOSED,0
669720.276,3,0,0,1.000,1.000,1.000,-90.00,180.00,58.50,CLOSED,0
669720.280,3,0,0,1.000,1.000,1.000,-90.00,180.00,58.50,CLOSED,0
669720.284,3,0,0,1.000,1.000,1.000,-90.00,180.00,58.50,CLOSED,0
669720.289,3,0,0,1.000,1.000,1.000,-90.00,180.00,58.50,CLOSED,0
669720.292,3,0,0,1.000,1.000,1.000,-90.00,180.00,58.50,CLOSED,0
669720.298,3,0,0,1.000,1.000,1.000,-90.00,180.00,58.50,CLOSED,0
669720.302,3,0,0,1.000,1.000,1.000,-90.00,180.00,58.50,CLOSED,0
669720.305,3,0,0,1.000,1.000,1.000,-90.00,180.00,58.50,CLOSED,0
669720.313,3,0,0,1.000,1.000,1.000,-90.00,180.00,58.50,CLOSED,0
669720.317,3,0,0,1.000,1.000,1.000,-90.00,180.00,58.50,CLOSED,0
669720.326,3,0,0,1.000,1.000,1.000,-90.00,180.00,58.50,CLOSED,0
669720.334,3,0,0,1.000,1.000,1.000,-90.00,180.00,58.50,CLOSED,0
669720.338,3,0,0,1.000,1.000,1.000,-90.00,180.00,58.50,CLOSED,0
669720.342,3,0,0,1.000,1.000,1.000,-90.00,180.00,58.50,CLOSED,0
669720.350,3,0,0,1.000,1.000,1.000,-90.00,180.00,58.50,CLOSED,0
669720.355,3,0,0,1.000,1.000,1.000,-90.00,180.00,58.50,CLOSED,0
669720.362,3,0,0,1.000,1.000,1.000,-90.00,180.00,58.50,CLOSED,0
669720.367,3,0,0,1.000,1.000,1.000,-90.00,180.00,58.50,CLOSED,0
669720.371,3,0,0,1.000,1.000,1.000,-90.00,180.00,58.50,CLOSED,0
669720.375,3,0,0,1.000,1.000,1.000,-90.00,180.00,58.50,CLOSED,0
669720.379,3,0,0,1.000,1.000,1.000,-90.00,180.00,58.50,CLOSED,0
669720.383,3,0,0,1.000,1.000,1.000,-90.00,180.00,58.50,CLOSED,0
669720.392,3,0,0,1.000,1.000,1.000,-90.00,180.00,58.50,CLOSED,0
669720.397,3,0,0,1.000,1.000,1.000,-90.00,180.00,58.50,CLOSED,0
669720.401,3,0,0,1.000,1.000,1.000,-90.00,180.00,58.50,CLOSED,0
669720.406,3,0,0,1.000,1.000,1.000,-90.00,180.00,58.50,CLOSED,0
669720.410,3,0,0,1.000,1.000,1.000,-90.00,180.00,58.50,CLOSED,0
669720.414,3,0,0,1.000,1.000,1.000,-90.00,180.00,58.50,CLOSED,0
669720.418,3,0,0,1.000,1.000,1.000,-90.00,180.00,58.50,CLOSED,0
669720.422,3,0,0,1.000,1.000,1.000,-90.00,180.00,58.50,CLOSED,0
669720.427,3,0,0,1.000,1.000,1.000,-90.00,180.00,58.50,CLOSED,0
669720.434,3,0,0,1.000,1.000,1.000,-90.00,180.00,58.50,CLOSED,0
669720.438,3,0,0,1.000,1.000,1.000,-90.00,180.00,58.50,CLOSED,0
669720.442,3,0,0,1.000,1.000,1.000,-90.00,180.00,58.50,CLOSED,0
669720.446,3,0,0,1.000,1.000,1.000,-90.00,180.00,58.50,CLOSED,0
669720.450,3,0,0,1.000,1.000,1.000,-90.00,180.00,58.50,CLOSED,0
669720.454,3,0,0,1.000,1.000,1.000,-90.00,180.00,58.50,CLOSED,0
669720.459,3,0,0,1.000,1.000,1.000,-90.00,180.00,58.50,CLOSED,0
669720.464,3,0,0,1.000,1.000,1.000,-90.00,180.00,58.50,CLOSED,0
669720.469,3,0,0,1.000,1.000,1.000,-90.00,180.00,58.50,CLOSED,0
669720.473,3,0,0,1.000,1.000,1.000,-90.00,180.00,58.50,CLOSED,0
669720.477,3,0,0,1.000,1.000,1.000,-90.00,180.00,58.50,CLOSED,0
669720.482,3,0,0,1.000,1.000,1.000,-90.00,180.00,58.50,CLOSED,0
669720.486,3,0,0,1.000,1.000,1.000,-90.00,180.00,58.50,CLOSED,0
669720.490,3,0,0,1.000,1.000,1.000,-90.00,180.00,58.50,CLOSED,0
669720.494,3,0,0,0.999,1.000,1.000,-90.00,180.00,58.50,CLOSED,0
669720.498,3,0,0,0.996,1.000,1.000,-90.00,180.00,58.50,CLOSED,0
669720.502,3,0,0,0.932,1.000,1.000,-90.00,180.00,58.50,CLOSED,0
669720.506,3,0,0,0.548,1.000,1.000,-90.00,180.00,58.50,CLOSED,0
669720.510,3,0,0,0.572,1.000,1.000,-90.00,180.00,58.50,CLOSED,0
669720.514,3,0,0,0.786,1.000,1.000,-90.00,180.00,58.50,CLOSED,0
669720.520,3,0,0,0.901,1.000,1.000,-90.00,180.00,58.50,CLOSED,0
669720.524,3,0,0,0.962,1.000,1.000,-90.00,180.00,58.50,CLOSED,0
669720.528,3,0,0,0.983,1.000,1.000,-90.00,180.00,58.50,CLOSED,0
669720.532,3,0,0,0.995,1.000,1.000,-90.00,180.00,58.50,CLOSED,0
669720.538,3,0,0,1.000,1.000,1.000,-90.00,180.00,58.50,CLOSED,0
669720.548,3,0,0,1.000,1.000,1.000,-90.00,180.00,58.50,CLOSED,0
669720.554,0,0,0,1.000,1.000,1.000,-90.00,180.00,58.50,CLOSED,0
669720.563,0,0,0,1.000,1.000,1.000,-90.00,180.00,58.50,CLOSED,0
669720.567,0,0,0,1.000,1.000,1.000,-90.00,180.00,58.50,CLOSED,0
669720.572,0,0,0,1.000,1.000,1.000,-90.00,180.00,58.50,CLOSED,0
669720.576,0,0,0,1.000,1.000,1.000,-90.00,180.00,58.50,CLOSED,0
669720.580,0,0,0,1.000,1.000,1.000,-90.00,180.00,58.50,CLOSED,0
669720.585,0,0,0,1.000,1.000,1.000,-90.00,180.00,58.50,CLOSED,0
669720.589,0,0,0,1.000,1.000,1.000,-90.00,180.00,58.50,CLOSED,0
669720.593,0,0,0,1.000,1.000,1.000,-90.00,180.00,58.50,CLOSED,0
669720.597,0,0,0,1.000,1.000,1.000,-90.00,180.00,58.50,CLOSED,0
669720.603,0,0,0,1.000,1.000,1.000,-90.00,180.00,58.50,CLOSED,0
669720.615,0,0,0,1.000,1.000,1.000,-90.00,180.00,58.50,CLOSED,0
669720.627,0,0,0,1.000,1.000,1.000,-90.00,180.00,58.50,CLOSED,0
669720.641,0,0,0,1.000,1.000,1.000,-90.00,180.00,58.50,CLOSED,0
669720.658,0,0,0,1.000,1.000,1.000,-90.00,180.00,58.50,CLOSED,0
669720.669,0,0,0,1.000,1.000,1.000,-90.00,180.00,58.50,CLOSED,0
669720.678,0,0,0,1.000,1.000,1.000,-90.00,180.00,58.50,CLOSED,0
669720.686,0,0,0,1.000,1.000,1.000,-90.00,180.00,58.50,CLOSED,0
669720.695,0,0,0,1.000,1.000,1.000,-90.00,180.00,58.50,CLOSED,0
669720.702,0,0,0,1.000,1.000,1.000,-90.00,180.00,58.50,CLOSED,0
669720.712,0,0,0,1.000,1.000,1.000,-90.00,180.00,58.50,CLOSED,0
669720.716,0,0,0,1.000,1.000,1.000,-90.00,180.00,58.50,CLOSED,0
669720.723,0,0,0,1.000,1.000,1.000,-90.00,180.00,58.50,CLOSED,0
669720.732,0,0,0,1.000,1.000,1.000,-90.00,180.00,58.50,CLOSED,0
669720.736,0,0,0,1.000,1.000,1.000,-90.00,180.00,58.50,CLOSED,0
669720.740,0,0,0,1.000,1.000,1.000,-90.00,180.00,58.50,CLOSED,0
669720.745,0,0,0,1.000,1.000,1.000,-90.00,180.00,58.50,CLOSED,0
669720.749,0,0,0,1.000,1.000,1.000,-90.00,180.00,58.50,CLOSED,0
669720.753,0,0,0,1.000,1.000,1.000,-90.00,180.00,58.50,CLOSED,0
669720.759,0,0,0,1.000,1.000,1.000,-90.00,180.00,58.50,CLOSED,0
669720.764,0,0,0,1.000,1.000,1.000,-90.00,180.00,58.50,CLOSED,0
669720.769,0,0,0,1.000,1.000,1.000,-90.00,180.00,58.50,CLOSED,0
669720.775,0,0,0,1.000,1.000,1.000,-90.00,180.00,58.50,CLOSED,0
669720.778,0,0,0,1.000,1.000,1.000,-90.00,180.00,58.50,CLOSED,0
669720.786,0,0,0,1.000,1.000,1.000,-90.00,180.00,58.50,CLOSED,0
669720.795,0,0,0,1.000,1.000,1.000,-90.00,180.00,58.50,CLOSED,0
669720.799,0,0,0,1.000,1.000,1.000,-90.00,180.00,58.50,CLOSED,0
669720.804,0,0,0,1.000,1.000,1.000,-90.00,180.00,58.50,CLOSED,0
669720.807,0,0,0,1.000,1.000,1.000,-90.00,180.00,58.50,CLOSED,0
669720.811,0,0,0,1.000,1.000,1.000,-90.00,180.00,58.50,CLOSED,0
669720.816,0,0,0,1.000,1.000,1.000,-90.00,180.00,58.50,CLOSED,0
669720.821,0,0,0,1.000,1.000,1.000,-90.00,180.00,58.50,CLOSED,0
669720.825,0,0,0,1.000,1.000,1.000,-90.00,180.00,58.50,CLOSED,0
669720.829,0,0,0,1.000,1.000,1.000,-90.00,180.00,58.50,CLOSED,0
669720.833,0,0,0,1.000,1.000,1.000,-90.00,180.00,58.50,CLOSED,0
669720.837,0,0,0,1.000,1.000,1.000,-90.00,180.00,58.50,CLOSED,0
669720.841,0,0,0,1.000,1.000,1.000,-90.00,180.00,58.50,CLOSED,0
669720.845,0,0,0,1.000,1.000,1.000,-90.00,180.00,58.50,CLOSED,0
669720.848,0,0,0,1.000,1.000,1.000,-90.00,180.00,58.50,CLOSED,0
669720.853,0,0,0,1.000,1.000,1.000,-90.00,180.00,58.50,CLOSED,0
669720.857,0,0,0,1.000,1.000,1.000,-90.00,180.00,58.50,CLOSED,0
669720.861,0,0,0,1.000,1.000,1.000,-90.00,180.00,58.50,CLOSED,0
669720.865,0,0,0,1.000,1.000,1.000,-90.00,180.00,58.50,CLOSED,0
669720.869,0,0,0,1.000,1.000,1.000,-90.00,180.00,58.50,CLOSED,0
669720.873,0,0,0,1.000,1.000,1.000,-90.00,180.00,58.50,CLOSED,0
669720.877,0,0,0,1.000,1.000,1.000,-90.00,180.00,58.50,CLOSED,0
669720.881,0,0,0,1.000,1.000,1.000,-90.00,180.00,58.50,CLOSED,0
669720.885,0,0,0,1.000,1.000,1.000,-90.00,180.00,58.50,CLOSED,0
669720.888,0,0,0,1.000,1.000,1.000,-90.00,180.00,58.50,CLOSED,0
669720.893,0,0,0,1.000,1.000,1.000,-90.00,180.00,58.50,CLOSED,0
669720.897,0,0,0,1.000,1.000,1.000,-90.00,180.00,58.50,CLOSED,0
669720.901,0,0,0,1.000,1.000,1.000,-90.00,180.00,58.50,CLOSED,0
669720.905,0,0,0,1.000,1.000,1.000,-90.00,180.00,58.50,CLOSED,0
669720.910,0,0,0,1.000,1.000,1.000,-90.00,180.00,58.50,CLOSED,0
669720.915,0,0,0,1.000,1.000,1.000,-90.00,180.00,58.50,CLOSED,0
669720.920,0,0,0,1.000,1.000,1.000,-90.00,180.00,58.50,CLOSED,0
669720.925,0,0,0,1.000,1.000,1.000,-90.00,180.00,58.50,CLOSED,0
669720.929,0,0,0,1.000,1.000,1.000,-90.00,180.00,58.50,CLOSED,0
669720.937,0,0,0,1.000,1.000,1.000,-90.00,180.00,58.50,CLOSED,0
669720.941,0,0,0,1.000,1.000,1.000,-90.00,180.00,58.50,CLOSED,0
669720.945,0,0,0,1.000,1.000,1.000,-90.00,180.00,58.50,CLOSED,0
669720.952,0,0,0,1.000,1.000,1.000,-90.00,180.00,58.50,CLOSED,0
669720.956,0,0,0,1.000,1.000,1.000,-90.00,180.00,58.50,CLOSED,0
669720.963,0,0,0,1.000,1.000,1.000,-90.00,180.00,58.50,CLOSED,0
669720.971,0,0,0,1.000,1.000,1.000,-90.00,180.00,58.50,CLOSED,0
669720.979,0,0,0,1.000,1.000,1.000,-90.00,180.00,58.50,CLOSED,0
669720.984,0,0,0,1.000,1.000,1.000,-90.00,180.00,58.50,CLOSED,0
669720.987,0,0,0,1.000,1.000,1.000,-90.00,180.00,58.50,CLOSED,0
669720.991,0,0,0,1.000,1.000,1.000,-90.00,180.00,58.50,CLOSED,0
669721.001,0,0,0,1.000,1.000,1.000,-90.00,180.00,58.50,CLOSED,0
669721.005,0,0,0,1.000,1.000,1.000,-90.00,180.00,58.50,CLOSED,0
669721.010,0,0,0,1.000,1.000,1.000,-90.00,180.00,58.50,CLOSED,0
669721.013,0,0,0,1.000,1.000,1.000,-90.00,180.00,58.50,CLOSED,0
669721.017,0,0,0,1.000,1.000,1.000,-90.00,180.00,58.50,CLOSED,0
669721.021,0,0,0,1.000,1.000,1.000,-90.00,180.00,58.50,CLOSED,0
669721.028,0,0,0,1.000,1.000,1.000,-90.00,180.00,58.50,CLOSED,0
669721.032,0,0,0,1.000,1.000,1.000,-90.00,180.00,58.50,CLOSED,0
669721.036,0,0,0,1.000,1.000,1.000,-90.00,180.00,58.50,CLOSED,0
669721.041,0,0,0,1.000,1.000,1.000,-90.00,180.00,58.50,CLOSED,0
669721.045,0,0,0,1.000,1.000,1.000,-90.00,180.00,58.50,CLOSED,0
669721.049,0,0,0,1.000,1.000,1.000,-90.00,180.00,58.50,CLOSED,0
669721.054,0,0,0,1.000,1.000,1.000,-90.00,180.00,58.50,CLOSED,0
669721.058,0,0,0,1.000,1.000,1.000,-90.00,180.00,58.50,CLOSED,0
669721.062,0,0,0,1.000,1.000,1.000,-90.00,180.00,58.50,CLOSED,0
669721.066,0,0,0,1.000,1.000,1.000,-90.00,180.00,58.50,CLOSED,0
669721.070,0,0,0,1.000,1.000,1.000,-90.00,180.00,58.50,CLOSED,0
669721.073,0,0,0,1.000,1.000,1.000,-90.00,180.00,58.50,CLOSED,0
669721.081,0,0,0,1.000,1.000,1.000,-90.00,180.00,58.50,CLOSED,0
669721.085,0,0,0,1.000,1.000,1.000,-90.00,180.00,58.50,CLOSED,0
669721.093,0,0,0,1.000,1.000,1.000,-90.00,180.00,58.50,CLOSED,0
669721.098,0,0,0,1.000,1.000,1.000,-90.00,180.00,58.50,CLOSED,0
669721.102,0,0,0,1.000,1.000,1.000,-90.00,180.00,58.50,CLOSED,0
669721.106,0,0,0,1.000,1.000,1.000,-90.00,180.00,58.50,CLOSED,0
669721.110,0,0,0,1.000,1.000,1.000,-90.00,180.00,58.50,CLOSED,0
669721.118,0,0,0,1.000,1.000,1.000,-90.00,180.00,58.50,CLOSED,0
669721.126,0,0,0,1.000,1.000,1.000,-90.00,180.00,58.50,CLOSED,0
669721.135,0,0,0,1.000,1.000,1.000,-90.00,180.00,58.50,CLOSED,0
669721.139,0,0,0,1.000,1.000,1.000,-90.00,180.00,58.50,CLOSED,0
669721.143,0,0,0,1.000,1.000,1.000,-90.00,180.00,58.50,CLOSED,0
669721.147,0,0,0,1.000,1.000,1.000,-90.00,180.00,58.50,CLOSED,0
669721.152,0,0,0,1.000,1.000,1.000,-90.00,180.00,58.50,CLOSED,0
669721.156,0,0,0,1.000,1.000,1.000,-90.00,180.00,58.50,CLOSED,0
669721.164,0,0,0,1.000,1.000,1.000,-90.00,180.00,58.50,CLOSED,0
669721.170,0,0,0,1.000,1.000,1.000,-90.00,180.00,58.50,CLOSED,0
669721.174,0,0,0,1.000,1.000,1.000,-90.00,180.00,58.50,CLOSED,0
669721.178,0,0,0,1.000,1.000,1.000,-90.00,180.00,58.50,CLOSED,0
669721.183,0,0,0,1.000,1.000,1.000,-90.00,180.00,58.50,CLOSED,0
669721.188,0,0,0,1.000,1.000,1.000,-90.00,180.00,58.50,CLOSED,0
669721.193,0,0,0,1.000,1.000,1.000,-90.00,180.00,58.50,CLOSED,0
669721.199,0,0,0,1.000,1.000,1.000,-90.00,180.00,58.50,CLOSED,0
669721.203,0,0,0,1.000,1.000,1.000,-90.00,180.00,58.50,CLOSED,0
669721.208,0,0,0,1.000,1.000,1.000,-90.00,180.00,58.50,CLOSED,0
669721.212,0,0,0,1.000,1.000,1.000,-90.00,180.00,58.50,CLOSED,0
669721.216,0,0,0,1.000,1.000,1.000,-90.00,180.00,58.50,CLOSED,0
669721.220,0,0,0,1.000,1.000,1.000,-90.00,180.00,58.50,CLOSED,0
669721.224,0,0,0,1.000,1.000,1.000,-90.00,180.00,58.50,CLOSED,0
669721.228,0,0,0,1.000,1.000,1.000,-90.00,180.00,58.50,CLOSED,0
669721.232,0,0,0,1.000,1.000,1.000,-90.00,180.00,58.50,CLOSED,0
669721.236,0,0,0,1.000,1.000,1.000,-90.00,180.00,58.50,CLOSED,0
669721.240,0,0,0,1.000,1.000,1.000,-90.00,180.00,58.50,CLOSED,0
669721.245,0,0,0,1.000,1.000,1.000,-90.00,180.00,58.50,CLOSED,0
669721.250,0,0,0,1.000,1.000,1.000,-90.00,180.00,58.50,CLOSED,0
669721.254,0,0,0,1.000,1.000,1.000,-90.00,180.00,58.50,CLOSED,0
669721.262,0,0,0,1.000,1.000,1.000,-90.00,180.00,58.50,CLOSED,0
669721.267,0,0,0,1.000,1.000,1.000,-90.00,180.00,58.50,CLOSED,0
669721.271,0,0,0,0.999,1.000,1.000,-90.00,180.00,58.50,CLOSED,0
669721.275,0,0,0,0.997,1.000,1.000,-90.00,180.00,58.50,CLOSED,0
669721.279,0,0,0,0.996,1.000,1.000,-90.00,180.00,58.50,CLOSED,0
669721.283,0,0,0,0.977,1.000,1.000,-90.00,180.00,58.50,CLOSED,0
669721.288,0,0,0,0.856,1.000,1.000,-90.00,180.00,58.50,CLOSED,0
669721.297,0,0,0,0.708,1.000,1.000,-90.00,180.00,58.50,CLOSED,0
669721.300,0,0,0,0.837,1.000,1.000,-90.00,180.00,58.50,CLOSED,0
669721.305,0,0,0,0.941,1.000,1.000,-90.00,180.00,58.50,CLOSED,0
669721.309,0,0,0,0.674,1.000,1.000,-90.00,180.00,58.50,CLOSED,0
669721.315,0,0,0,0.927,1.000,1.000,-90.00,180.00,58.50,CLOSED,0
669721.322,0,0,0,0.982,0.998,1.000,-90.00,180.00,58.50,CLOSED,0
669721.328,0,0,0,0.996,0.980,1.000,-90.00,180.00,58.50,CLOSED,0
669721.333,0,0,0,0.999,0.834,1.000,-90.00,180.00,58.50,CLOSED,0
669721.339,0,0,0,1.000,0.636,1.000,-90.00,180.00,58.50,CLOSED,0
669721.344,0,0,0,1.000,0.620,1.000,-90.00,180.00,58.50,CLOSED,0
669721.348,0,0,0,1.000,0.819,1.000,-90.00,180.00,58.50,CLOSED,0
669721.353,3,0,0,1.000,0.892,1.000,-90.00,180.00,58.50,OPEN,0
669721.358,3,0,0,1.000,0.953,1.000,-90.00,180.00,58.50,OPEN,0
669721.362,3,0,0,1.000,0.977,1.000,-90.00,180.00,58.50,OPEN,0
669721.366,3,0,0,1.000,0.991,1.000,-90.00,180.00,58.50,OPEN,0
669721.370,3,0,0,1.000,0.992,1.000,-90.00,180.00,58.50,OPEN,0
669721.374,3,0,0,1.000,0.991,1.000,-90.00,180.00,58.50,OPEN,0
669721.378,3,0,0,1.000,0.980,1.000,-90.00,180.00,58.50,OPEN,0
669721.382,3,0,0,1.000,0.979,1.000,-90.00,180.00,58.50,OPEN,0
669721.386,3,0,0,1.000,0.983,0.999,-90.00,180.00,58.50,OPEN,0
669721.391,3,0,0,1.000,0.994,0.999,-90.00,180.00,58.50,OPEN,0
669721.396,3,0,0,1.000,0.997,0.998,-90.00,180.00,58.50,OPEN,0
669721.401,3,0,0,1.000,0.997,0.996,-90.00,180.00,58.50,OPEN,0
669721.406,3,0,0,1.000,0.993,0.992,-90.00,180.00,58.50,OPEN,0
669721.411,3,0,0,1.000,0.978,0.966,-90.00,180.00,58.50,OPEN,0
669721.415,3,0,0,1.000,0.874,0.864,-90.00,180.00,58.50,OPEN,0
669721.419,3,0,0,1.000,0.641,0.625,-90.00,180.00,58.50,OPEN,0
669721.423,3,0,0,1.000,0.627,0.613,-90.00,180.00,58.50,OPEN,0
669721.427,3,0,0,1.000,0.797,0.788,-90.00,180.00,58.50,OPEN,0
669721.431,3,0,0,1.000,0.880,0.890,-90.00,180.00,58.50,OPEN,0
669721.434,3,0,0,1.000,0.916,0.921,-90.00,180.00,58.50,OPEN,0
669721.438,3,0,0,1.000,0.896,0.924,-90.00,180.00,58.50,OPEN,0
669721.442,3,0,0,1.000,0.809,0.900,-90.00,180.00,58.50,OPEN,0
669721.446,3,0,0,1.000,0.608,0.828,-90.00,180.00,58.50,OPEN,0
669721.450,3,0,0,1.000,0.771,0.644,-90.00,180.00,58.50,OPEN,0
669721.455,3,0,0,1.000,0.938,0.601,-90.00,180.00,58.50,OPEN,0
669721.459,3,0,0,1.000,0.983,0.791,-90.00,180.00,58.50,OPEN,0
669721.463,3,0,0,1.000,0.991,0.875,-90.00,180.00,58.50,OPEN,0
669721.467,3,0,0,1.000,0.993,0.927,-90.00,180.00,58.50,OPEN,0
669721.471,3,0,0,1.000,0.992,0.944,-90.00,180.00,58.50,OPEN,0
669721.475,3,0,0,1.000,0.980,0.934,-90.00,180.00,58.50,OPEN,0
669721.479,3,0,0,1.000,0.908,0.897,-90.00,180.00,58.50,OPEN,0
669721.483,3,0,0,1.000,0.686,0.809,-90.00,180.00,58.50,OPEN,0
669721.488,3,0,0,1.000,0.663,0.651,-90.00,180.00,58.50,OPEN,0
669721.492,3,0,0,1.000,0.814,0.545,-90.00,180.00,58.50,OPEN,0
669721.500,3,0,0,1.000,0.859,0.532,-90.00,180.00,58.50,OPEN,0
669721.504,3,0,0,1.000,0.849,0.561,-90.00,180.00,58.50,OPEN,0
669721.509,3,0,0,1.000,0.777,0.532,-90.00,180.00,58.50,OPEN,0
669721.516,3,0,0,1.000,0.698,0.514,-90.00,180.00,58.50,OPEN,0
669721.521,3,0,0,1.000,0.674,0.550,-90.00,180.00,58.50,OPEN,0
669721.525,3,0,0,1.000,0.660,0.614,-90.00,180.00,58.50,OPEN,0
669721.533,3,0,0,1.000,0.722,0.640,-90.00,180.00,58.50,OPEN,0
669721.537,3,0,0,1.000,0.801,0.667,-90.00,180.00,58.50,OPEN,0
669721.541,3,0,0,1.000,0.832,0.702,-90.00,180.00,58.50,OPEN,0
669721.547,3,0,0,1.000,0.873,0.707,-90.00,180.00,58.50,OPEN,0
669721.550,3,0,0,1.000,0.928,0.698,-90.00,180.00,58.50,OPEN,0
669721.555,3,0,0,1.000,0.953,0.716,-90.00,180.00,58.50,OPEN,0
669721.561,3,0,0,1.000,0.970,0.699,-90.00,180.00,58.50,OPEN,0
669721.566,3,0,0,1.000,0.980,0.691,-90.00,180.00,58.50,OPEN,0
669721.573,3,0,0,1.000,0.980,0.676,-90.00,180.00,58.50,OPEN,0
669721.578,3,0,0,1.000,0.979,0.630,-90.00,180.00,58.50,OPEN,0
669721.583,3,0,0,1.000,0.978,0.576,-90.00,180.00,58.50,OPEN,0
669721.590,3,0,0,1.000,0.980,0.568,-90.00,180.00,58.50,OPEN,0
669721.595,3,0,0,1.000,0.982,0.585,-90.00,180.00,58.50,OPEN,0
669721.599,3,0,0,1.000,0.978,0.657,-90.00,180.00,58.50,OPEN,0
669721.605,3,0,0,1.000,0.972,0.733,-90.00,180.00,58.50,OPEN,0
669721.610,3,0,0,1.000,0.964,0.806,-90.00,180.00,58.50,OPEN,0
669721.615,3,0,0,1.000,0.942,0.862,-90.00,180.00,58.50,OPEN,0
669721.619,3,0,0,1.000,0.896,0.891,-90.00,180.00,58.50,OPEN,0
669721.623,3,0,0,1.000,0.826,0.907,-90.00,180.00,58.50,OPEN,0
669721.626,3,0,0,1.000,0.702,0.920,-90.00,180.00,58.50,OPEN,0
669721.631,3,0,0,1.000,0.544,0.924,-90.00,180.00,58.50,OPEN,0
669721.635,3,0,0,1.000,0.602,0.929,-90.00,180.00,58.50,OPEN,0
669721.638,3,0,0,1.000,0.734,0.940,-90.00,180.00,58.50,OPEN,0
669721.642,3,0,0,1.000,0.786,0.954,-90.00,180.00,58.50,OPEN,0
669721.646,3,0,0,1.000,0.776,0.967,-90.00,180.00,58.50,OPEN,0
669721.651,3,0,0,1.000,0.752,0.975,-90.00,180.00,58.50,OPEN,0
669721.655,3,0,0,1.000,0.672,0.977,-90.00,180.00,58.50,OPEN,0
669721.659,3,0,0,1.000,0.629,0.980,-90.00,180.00,58.50,OPEN,0
669721.664,3,0,0,1.000,0.647,0.980,-90.00,180.00,58.50,OPEN,0
669721.669,3,0,0,1.000,0.646,0.973,-90.00,180.00,58.50,OPEN,0
669721.677,3,0,0,1.000,0.676,0.964,-90.00,180.00,58.50,OPEN,0
669721.682,3,0,0,1.000,0.642,0.960,-90.00,180.00,58.50,OPEN,0
669721.686,3,0,0,1.000,0.582,0.953,-90.00,180.00,58.50,OPEN,0
669721.690,3,0,0,1.000,0.592,0.935,-90.00,180.00,58.50,OPEN,0
669721.694,3,0,0,1.000,0.783,0.904,-90.00,180.00,58.50,OPEN,0
669721.698,3,0,0,1.000,0.907,0.839,-90.00,180.00,58.50,OPEN,0
669721.702,3,0,0,1.000,0.967,0.695,-90.00,180.00,58.50,OPEN,0
669721.707,3,0,0,1.000,0.987,0.502,-90.00,180.00,58.50,OPEN,0
669721.711,3,0,0,1.000,0.993,0.661,-90.00,180.00,58.50,OPEN,0
669721.715,3,0,0,1.000,0.996,0.786,-90.00,180.00,58.50,OPEN,0
669721.721,3,0,0,1.000,0.996,0.840,-90.00,180.00,58.50,OPEN,0
669721.725,3,0,0,1.000,0.997,0.865,-90.00,180.00,58.50,OPEN,0
669721.729,3,0,0,1.000,0.998,0.868,-90.00,180.00,58.50,OPEN,0
669721.733,3,0,0,1.000,0.997,0.813,-90.00,180.00,58.50,OPEN,0
669721.736,3,0,0,1.000,0.997,0.732,-90.00,180.00,58.50,OPEN,0
669721.740,3,0,0,1.000,0.996,0.606,-90.00,180.00,58.50,OPEN,0
669721.744,3,0,0,1.000,0.995,0.578,-90.00,180.00,58.50,OPEN,0
669721.748,3,0,0,1.000,0.989,0.707,-90.00,180.00,58.50,OPEN,0
669721.752,3,0,0,1.000,0.979,0.820,-90.00,180.00,58.50,OPEN,0
669721.755,3,0,0,1.000,0.951,0.889,-90.00,180.00,58.50,OPEN,0
669721.761,3,0,0,1.000,0.898,0.939,-90.00,180.00,58.50,OPEN,0
669721.765,3,0,0,1.000,0.783,0.957,-90.00,180.00,58.50,OPEN,0
669721.769,3,0,0,1.000,0.703,0.959,-90.00,180.00,58.50,OPEN,0
669721.779,3,0,0,1.000,0.610,0.937,-90.00,180.00,58.50,OPEN,0
669721.783,3,0,0,1.000,0.570,0.860,-90.00,180.00,58.50,OPEN,0
669721.788,3,0,0,1.000,0.512,0.731,-90.00,180.00,58.50,OPEN,0
669721.791,3,0,0,1.000,0.548,0.560,-90.00,180.00,58.50,OPEN,0
669721.795,3,0,0,1.000,0.586,0.624,-90.00,180.00,58.50,OPEN,0
669721.804,3,0,0,1.000,0.568,0.743,-90.00,180.00,58.50,OPEN,0
669721.809,3,0,0,1.000,0.565,0.779,-90.00,180.00,58.50,OPEN,0
669721.813,3,0,0,1.000,0.571,0.806,-90.00,180.00,58.50,OPEN,0
669721.817,3,0,0,1.000,0.690,0.746,-90.00,180.00,58.50,OPEN,0
669721.821,3,0,0,1.000,0.845,0.595,-90.00,180.00,58.50,OPEN,0
669721.825,3,0,0,1.000,0.952,0.602,-90.00,180.00,58.50,OPEN,0
669721.829,3,0,0,1.000,0.983,0.871,-90.00,180.00,58.50,OPEN,0
669721.837,3,0,0,1.000,0.987,0.943,-90.00,180.00,58.50,OPEN,0
669721.841,3,0,0,1.000,0.993,0.975,-90.00,180.00,58.50,OPEN,0
669721.845,3,0,0,1.000,0.994,0.988,-90.00,180.00,58.50,OPEN,0
669721.849,3,0,0,1.000,0.992,0.992,-90.00,180.00,58.50,OPEN,0
669721.855,3,0,0,1.000,0.994,0.993,-90.00,180.00,58.50,OPEN,0
669721.860,3,0,0,1.000,0.998,0.995,-90.00,180.00,58.50,OPEN,0
669721.869,3,0,0,1.000,1.000,0.996,-90.00,180.00,58.50,OPEN,0
669721.877,3,0,0,1.000,1.000,0.996,-90.00,180.00,58.50,OPEN,0
669721.881,3,0,0,0.999,1.000,0.996,-90.00,180.00,58.50,OPEN,0
669721.886,3,0,0,0.997,1.000,0.997,-90.00,180.00,58.50,OPEN,0
669721.891,3,0,0,0.991,1.000,0.998,-90.00,180.00,58.50,OPEN,0
669721.899,3,0,0,0.906,1.000,0.999,-90.00,180.00,58.50,OPEN,0
669721.903,3,0,0,0.509,1.000,1.000,-90.00,180.00,58.50,OPEN,0
669721.911,3,0,0,0.884,1.000,1.000,-90.00,180.00,58.50,OPEN,0
669721.915,3,0,0,0.983,1.000,1.000,-90.00,180.00,58.50,OPEN,0
669721.919,3,0,0,0.988,1.000,1.000,-90.00,180.00,58.50,OPEN,0
669721.922,3,0,0,0.980,1.000,1.000,-90.00,180.00,58.50,OPEN,0
669721.927,3,0,0,0.996,1.000,1.000,-90.00,180.00,58.50,OPEN,0
669721.933,3,0,0,0.999,1.000,1.000,-90.00,180.00,58.50,OPEN,0
669721.938,3,0,0,0.998,1.000,1.000,-90.00,180.00,58.50,OPEN,0
669721.943,0,0,0,0.997,1.000,1.000,-90.00,180.00,58.50,OPEN,0
669721.948,0,0,0,0.995,1.000,1.000,-90.00,180.00,58.50,OPEN,0
669721.953,0,0,0,0.992,1.000,1.000,-90.00,180.00,58.50,OPEN,0
669721.957,0,0,0,0.984,1.000,1.000,-90.00,180.00,58.50,OPEN,0
669721.962,0,0,0,0.990,1.000,1.000,-90.00,180.00,58.50,OPEN,0
669721.967,0,0,0,1.000,1.000,1.000,-90.00,180.00,58.50,OPEN,0
669721.971,0,0,0,1.000,1.000,1.000,-90.00,180.00,58.50,OPEN,0
669721.979,0,0,0,1.000,1.000,1.000,-90.00,180.00,58.50,OPEN,0
669721.982,0,0,0,1.000,1.000,1.000,-90.00,180.00,58.50,OPEN,0
669721.986,0,0,0,1.000,1.000,1.000,-90.00,180.00,58.50,OPEN,0
669721.992,0,0,0,1.000,1.000,1.000,-90.00,180.00,58.50,OPEN,0
669721.996,0,0,0,1.000,1.000,1.000,-90.00,180.00,58.50,OPEN,0
669722.002,0,0,0,1.000,1.000,1.000,-90.00,180.00,58.50,OPEN,0
669722.009,0,0,0,1.000,1.000,1.000,-90.00,180.00,58.50,OPEN,0
669722.015,0,0,0,1.000,1.000,1.000,-90.00,180.00,58.50,OPEN,0
669722.021,0,0,0,1.000,1.000,1.000,-90.00,180.00,58.50,OPEN,0
669722.025,0,0,0,1.000,1.000,1.000,-90.00,180.00,58.50,OPEN,0
669722.030,0,0,0,1.000,1.000,1.000,-90.00,180.00,58.50,OPEN,0
669722.039,0,0,0,1.000,1.000,1.000,-90.00,180.00,58.50,OPEN,0
669722.043,0,0,0,1.000,1.000,1.000,-90.00,180.00,58.50,OPEN,0
669722.046,0,0,0,1.000,1.000,1.000,-90.00,180.00,58.50,OPEN,0
669722.050,0,0,0,1.000,1.000,1.000,-90.00,180.00,58.50,OPEN,0
669722.054,0,0,0,1.000,1.000,1.000,-90.00,180.00,58.50,OPEN,0
669722.058,0,0,0,1.000,1.000,1.000,-90.00,180.00,58.50,OPEN,0
669722.062,0,0,0,1.000,1.000,1.000,-90.00,180.00,58.50,OPEN,0
669722.070,0,0,0,1.000,1.000,1.000,-90.00,180.00,58.50,OPEN,0
669722.078,0,0,0,1.000,1.000,1.000,-90.00,180.00,58.50,OPEN,0
669722.085,0,0,0,1.000,1.000,1.000,-90.00,180.00,58.50,OPEN,0
669722.091,0,0,0,1.000,1.000,1.000,-90.00,180.00,58.50,OPEN,0
669722.096,0,0,0,1.000,1.000,1.000,-90.00,180.00,58.50,OPEN,0
669722.101,0,0,0,1.000,1.000,1.000,-90.00,180.00,58.50,OPEN,0
669722.105,0,0,0,1.000,1.000,1.000,-90.00,180.00,58.50,OPEN,0
669722.110,0,0,0,1.000,1.000,1.000,-90.00,180.00,58.50,OPEN,0
669722.113,0,0,0,1.000,1.000,1.000,-90.00,180.00,58.50,OPEN,0
669722.117,0,0,0,1.000,1.000,1.000,-90.00,180.00,58.50,OPEN,0
669722.123,0,0,0,1.000,1.000,1.000,-90.00,180.00,58.50,OPEN,0
669722.128,0,0,0,1.000,1.000,1.000,-90.00,180.00,58.50,OPEN,0
669722.132,0,0,0,1.000,1.000,1.000,-90.00,180.00,58.50,OPEN,0
669722.136,0,0,0,1.000,1.000,1.000,-90.00,180.00,58.50,OPEN,0
669722.140,0,0,0,1.000,1.000,1.000,-90.00,180.00,58.50,OPEN,0
669722.144,0,0,0,1.000,1.000,1.000,-90.00,180.00,58.50,OPEN,0
669722.148,0,0,0,1.000,1.000,1.000,-90.00,180.00,58.50,OPEN,0
669722.152,0,0,0,1.000,1.000,1.000,-90.00,180.00,58.50,OPEN,0
669722.156,0,0,0,1.000,1.000,1.000,-90.00,180.00,58.50,OPEN,0
669722.161,0,0,0,1.000,1.000,1.000,-90.00,180.00,58.50,OPEN,0
669722.166,0,0,0,1.000,1.000,1.000,-90.00,180.00,58.50,OPEN,0
669722.171,0,0,0,1.000,1.000,1.000,-90.00,180.00,58.50,OPEN,0
669722.175,0,0,0,1.000,1.000,1.000,-90.00,180.00,58.50,OPEN,0
669722.179,0,0,0,1.000,1.000,1.000,-90.00,180.00,58.50,OPEN,0
669722.183,0,0,0,1.000,1.000,1.000,-90.00,180.00,58.50,OPEN,0
669722.187,0,0,0,1.000,1.000,1.000,-90.00,180.00,58.50,OPEN,0
669722.191,0,0,0,1.000,1.000,1.000,-90.00,180.00,58.50,OPEN,0
669722.195,0,0,0,1.000,1.000,1.000,-90.00,180.00,58.50,OPEN,0
669722.198,0,0,0,1.000,1.000,1.000,-90.00,180.00,58.50,OPEN,0
669722.202,0,0,0,1.000,1.000,1.000,-90.00,180.00,58.50,OPEN,0
669722.206,0,0,0,1.000,1.000,1.000,-90.00,180.00,58.50,OPEN,0
669722.210,0,0,0,1.000,1.000,1.000,-90.00,180.00,58.50,OPEN,0
669722.215,0,0,0,1.000,1.000,1.000,-90.00,180.00,58.50,OPEN,0
669722.219,0,0,0,1.000,1.000,1.000,-90.00,180.00,58.50,OPEN,0
669722.223,0,0,0,1.000,1.000,1.000,-90.00,180.00,58.50,OPEN,0
669722.228,0,0,0,1.000,1.000,1.000,-90.00,180.00,58.50,OPEN,0
669722.231,0,0,0,1.000,1.000,1.000,-90.00,180.00,58.50,OPEN,0
669722.239,0,0,0,1.000,1.000,1.000,-90.00,180.00,58.50,OPEN,0
669722.243,0,0,0,1.000,1.000,1.000,-90.00,180.00,58.50,OPEN,0
669722.247,0,0,0,1.000,1.000,1.000,-90.00,180.00,58.50,OPEN,0
669722.251,0,0,0,1.000,1.000,1.000,-90.00,180.00,58.50,OPEN,0
669722.255,0,0,0,1.000,1.000,1.000,-90.00,180.00,58.50,OPEN,0
669722.259,0,0,0,1.000,1.000,1.000,-90.00,180.00,58.50,OPEN,0
669722.262,0,0,0,1.000,1.000,1.000,-90.00,180.00,58.50,OPEN,0
669722.266,0,0,0,1.000,1.000,1.000,-90.00,180.00,58.50,OPEN,0
669722.270,0,0,0,1.000,1.000,1.000,-90.00,180.00,58.50,OPEN,0
669722.274,0,0,0,1.000,1.000,1.000,-90.00,180.00,58.50,OPEN,0
669722.278,0,0,0,1.000,1.000,1.000,-90.00,180.00,58.50,OPEN,0
669722.282,0,0,0,1.000,1.000,1.000,-90.00,180.00,58.50,OPEN,0
669722.285,0,0,0,1.000,1.000,1.000,-90.00,180.00,58.50,OPEN,0
669722.289,0,0,0,1.000,1.000,1.000,-90.00,180.00,58.50,OPEN,0
669722.293,0,0,0,1.000,1.000,1.000,-90.00,180.00,58.50,OPEN,0
669722.297,0,0,0,1.000,1.000,1.000,-90.00,180.00,58.50,OPEN,0
669722.300,0,0,0,1.000,1.000,1.000,-90.00,180.00,58.50,OPEN,0
669722.305,0,0,0,1.000,1.000,1.000,-90.00,180.00,58.50,OPEN,0
669722.308,0,0,0,1.000,1.000,1.000,-90.00,180.00,58.50,OPEN,0
669722.312,0,0,0,1.000,1.000,1.000,-90.00,180.00,58.50,OPEN,0
669722.316,0,0,0,1.000,1.000,1.000,-90.00,180.00,58.50,OPEN,0
669722.320,0,0,0,1.000,1.000,1.000,-90.00,180.00,58.50,OPEN,0
669722.324,0,0,0,1.000,1.000,1.000,-90.00,180.00,58.50,OPEN,0
669722.327,0,0,0,1.000,1.000,1.000,-90.00,180.00,58.50,OPEN,0
669722.332,0,0,0,1.000,1.000,1.000,-90.00,180.00,58.50,OPEN,0
669722.336,0,0,0,1.000,1.000,1.000,-90.00,180.00,58.50,OPEN,0
669722.340,0,0,0,1.000,1.000,1.000,-90.00,180.00,58.50,OPEN,0
669722.344,0,0,0,1.000,1.000,1.000,-90.00,180.00,58.50,OPEN,0
669722.348,0,0,0,1.000,1.000,1.000,-90.00,180.00,58.50,OPEN,0
669722.353,0,0,0,1.000,1.000,1.000,-90.00,180.00,58.50,OPEN,0
669722.356,0,0,0,1.000,1.000,1.000,-90.00,180.00,58.50,OPEN,0
669722.361,0,0,0,1.000,1.000,1.000,-90.00,180.00,58.50,OPEN,0
669722.364,0,0,0,1.000,1.000,1.000,-90.00,180.00,58.50,OPEN,0
669722.368,0,0,0,1.000,1.000,1.000,-90.00,180.00,58.50,OPEN,0
669722.372,0,0,0,1.000,1.000,1.000,-90.00,180.00,58.50,OPEN,0
669722.376,0,0,0,1.000,1.000,1.000,-90.00,180.00,58.50,OPEN,0
669722.383,0,0,0,1.000,1.000,1.000,-90.00,180.00,58.50,OPEN,0
669722.386,0,0,0,1.000,1.000,1.000,-90.00,180.00,58.50,OPEN,0
669722.390,0,0,0,1.000,1.000,1.000,-90.00,180.00,58.50,OPEN,0
669722.394,0,0,0,1.000,1.000,1.000,-90.00,180.00,58.50,OPEN,0
669722.397,0,0,0,1.000,1.000,1.000,-90.00,180.00,58.50,OPEN,0
669722.401,0,0,0,1.000,1.000,1.000,-90.00,180.00,58.50,OPEN,0
669722.406,0,0,0,1.000,1.000,1.000,-90.00,180.00,58.50,OPEN,0
669722.411,0,0,0,1.000,1.000,1.000,-90.00,180.00,58.50,OPEN,0
669722.415,0,0,0,1.000,1.000,1.000,-90.00,180.00,58.50,OPEN,0
669722.420,0,0,0,1.000,1.000,1.000,-90.00,180.00,58.50,OPEN,0
669722.424,0,0,0,1.000,1.000,1.000,-90.00,180.00,58.50,OPEN,0
669722.428,0,0,0,1.000,1.000,1.000,-90.00,180.00,58.50,OPEN,0
669722.432,0,0,0,1.000,1.000,1.000,-90.00,180.00,58.50,OPEN,0
669722.440,0,0,0,1.000,1.000,1.000,-90.00,180.00,58.50,OPEN,0
669722.444,0,0,0,1.000,1.000,1.000,-90.00,180.00,58.50,OPEN,0
669722.448,0,0,0,1.000,1.000,1.000,-90.00,180.00,58.50,OPEN,0
669722.451,0,0,0,1.000,1.000,1.000,-90.00,180.00,58.50,OPEN,0
669722.455,0,0,0,1.000,1.000,1.000,-90.00,180.00,58.50,OPEN,0
669722.461,0,0,0,1.000,1.000,1.000,-90.00,180.00,58.50,OPEN,0
669722.466,0,0,0,1.000,1.000,1.000,-90.00,180.00,58.50,OPEN,0
669722.470,0,0,0,1.000,1.000,1.000,-90.00,180.00,58.50,OPEN,0
669722.473,0,0,0,1.000,1.000,1.000,-90.00,180.00,58.50,OPEN,0
669722.477,0,0,0,1.000,1.000,1.000,-90.00,180.00,58.50,OPEN,0
669722.481,0,0,0,1.000,1.000,1.000,-90.00,180.00,58.50,OPEN,0
669722.487,0,0,0,1.000,1.000,1.000,-90.00,180.00,58.50,OPEN,0
669722.492,0,0,0,1.000,1.000,1.000,-90.00,180.00,58.50,OPEN,0
669722.496,0,0,0,1.000,1.000,1.000,-90.00,180.00,58.50,OPEN,0
669722.499,0,0,0,1.000,1.000,1.000,-90.00,180.00,58.50,OPEN,0
669722.507,0,0,0,1.000,1.000,1.000,-90.00,180.00,58.50,OPEN,0
669722.514,0,0,0,1.000,1.000,1.000,-90.00,180.00,58.50,OPEN,0
669722.519,0,0,0,1.000,1.000,1.000,-90.00,180.00,58.50,OPEN,0
669722.522,0,0,0,1.000,1.000,1.000,-90.00,180.00,58.50,OPEN,0
669722.526,0,0,0,1.000,1.000,1.000,-90.00,180.00,58.50,OPEN,0
669722.531,0,0,0,1.000,1.000,1.000,-90.00,180.00,58.50,OPEN,0
669722.536,0,0,0,1.000,1.000,1.000,-90.00,180.00,58.50,OPEN,0
669722.548,0,0,0,1.000,1.000,1.000,-90.00,180.00,58.50,OPEN,0
669722.552,0,0,0,1.000,1.000,1.000,-90.00,180.00,58.50,OPEN,0
669722.556,0,0,0,1.000,1.000,1.000,-90.00,180.00,58.50,OPEN,0
669722.560,0,0,0,1.000,1.000,1.000,-90.00,180.00,58.50,OPEN,0
669722.564,0,0,0,1.000,1.000,1.000,-90.00,180.00,58.50,OPEN,0
669722.567,0,0,0,1.000,1.000,1.000,-90.00,180.00,58.50,OPEN,0
669722.572,0,0,0,1.000,1.000,1.000,-90.00,180.00,58.50,OPEN,0
669722.576,0,0,0,1.000,1.000,1.000,-90.00,180.00,58.50,OPEN,0
669722.580,0,0,0,1.000,1.000,1.000,-90.00,180.00,58.50,OPEN,0
669722.584,0,0,0,1.000,1.000,1.000,-90.00,180.00,58.50,OPEN,0
669722.588,0,0,0,1.000,1.000,1.000,-90.00,180.00,58.50,OPEN,0
669722.592,0,0,0,1.000,1.000,1.000,-90.00,180.00,58.50,OPEN,0
669722.597,0,0,0,1.000,1.000,1.000,-90.00,180.00,58.50,OPEN,0
669722.603,0,0,0,1.000,1.000,1.000,-90.00,180.00,58.50,OPEN,0
669722.607,0,0,0,1.000,1.000,1.000,-90.00,180.00,58.50,OPEN,0
669722.613,0,0,0,1.000,1.000,1.000,-90.00,180.00,58.50,OPEN,0
669722.620,0,0,0,1.000,1.000,1.000,-90.00,180.00,58.50,OPEN,0
669722.624,0,0,0,1.000,1.000,1.000,-90.00,180.00,58.50,OPEN,0
669722.628,0,0,0,1.000,1.000,1.000,-90.00,180.00,58.50,OPEN,0
669722.631,0,0,0,1.000,1.000,1.000,-90.00,180.00,58.50,OPEN,0
669722.635,0,0,0,1.000,1.000,1.000,-90.00,180.00,58.50,OPEN,0
669722.638,0,0,0,1.000,1.000,1.000,-90.00,180.00,58.50,OPEN,0
669722.643,0,0,0,1.000,1.000,1.000,-90.00,180.00,58.50,OPEN,0
669722.649,0,0,0,1.000,1.000,1.000,-90.00,180.00,58.50,OPEN,0
669722.656,0,0,0,1.000,1.000,1.000,-90.00,180.00,58.50,OPEN,0
669722.662,0,0,0,1.000,1.000,1.000,-90.00,180.00,58.50,OPEN,0
669722.667,0,0,0,1.000,1.000,1.000,-90.00,180.00,58.50,OPEN,0
669722.673,0,0,0,1.000,1.000,1.000,-90.00,180.00,58.50,OPEN,0
669722.678,0,0,0,1.000,1.000,1.000,-90.00,180.00,58.50,OPEN,0
669722.682,0,0,0,1.000,1.000,1.000,-90.00,180.00,58.50,OPEN,0
669722.686,0,0,0,1.000,1.000,1.000,-90.00,180.00,58.50,OPEN,0
669722.690,0,0,0,1.000,1.000,1.000,-90.00,180.00,58.50,OPEN,0
669722.694,0,0,0,1.000,1.000,1.000,-90.00,180.00,58.50,OPEN,0
669722.698,0,0,0,1.000,1.000,1.000,-90.00,180.00,58.50,OPEN,0
669722.704,0,0,0,1.000,1.000,1.000,-90.00,180.00,58.50,OPEN,0
669722.708,0,0,0,1.000,1.000,1.000,-90.00,180.00,58.50,OPEN,0
669722.713,0,0,0,1.000,1.000,1.000,-90.00,180.00,58.50,OPEN,0
669722.717,0,0,0,1.000,1.000,1.000,-90.00,180.00,58.50,OPEN,0
669722.721,0,0,0,1.000,1.000,1.000,-90.00,180.00,58.50,OPEN,0
669722.725,0,0,0,1.000,1.000,1.000,-90.00,180.00,58.50,OPEN,0
669722.729,0,0,0,1.000,1.000,1.000,-90.00,180.00,58.50,OPEN,0
669722.734,0,0,0,1.000,1.000,1.000,-90.00,180.00,58.50,OPEN,0
669722.737,0,0,0,1.000,1.000,1.000,-90.00,180.00,58.50,OPEN,0
669722.742,0,0,0,1.000,1.000,1.000,-90.00,180.00,58.50,OPEN,0
669722.746,0,0,0,1.000,1.000,1.000,-90.00,180.00,58.50,OPEN,0
669722.751,0,0,0,1.000,1.000,1.000,-90.00,180.00,58.50,OPEN,0
669722.756,0,0,0,1.000,1.000,1.000,-90.00,180.00,58.50,OPEN,0
669722.760,0,0,0,1.000,1.000,1.000,-90.00,180.00,58.50,OPEN,0
669722.765,0,0,0,1.000,1.000,1.000,-90.00,180.00,58.50,OPEN,0
669722.769,0,0,0,1.000,1.000,1.000,-90.00,180.00,58.50,OPEN,0
669722.774,0,0,0,1.000,1.000,1.000,-90.00,180.00,58.50,OPEN,0
669722.780,0,0,0,1.000,1.000,1.000,-90.00,180.00,58.50,OPEN,0
669722.784,0,0,0,1.000,1.000,1.000,-90.00,180.00,58.50,OPEN,0
669722.788,0,0,0,1.000,1.000,1.000,-90.00,180.00,58.50,OPEN,0
669722.792,0,0,0,1.000,1.000,1.000,-90.00,180.00,58.50,OPEN,0
669722.796,0,0,0,1.000,1.000,1.000,-90.00,180.00,58.50,OPEN,0
669722.800,0,0,0,1.000,1.000,1.000,-90.00,180.00,58.50,OPEN,0
669722.804,0,0,0,1.000,1.000,1.000,-90.00,180.00,58.50,OPEN,0
669722.807,0,0,0,1.000,1.000,1.000,-90.00,180.00,58.50,OPEN,0
669722.811,0,0,0,1.000,1.000,1.000,-90.00,180.00,58.50,OPEN,0
669722.815,0,0,0,1.000,1.000,1.000,-90.00,180.00,58.50,OPEN,0
669722.819,0,0,0,1.000,1.000,1.000,-90.00,180.00,58.50,OPEN,0
669722.823,0,0,0,1.000,1.000,1.000,-90.00,180.00,58.50,OPEN,0
669722.827,0,0,0,1.000,1.000,1.000,-90.00,180.00,58.50,OPEN,0
669722.830,0,0,0,1.000,1.000,1.000,-90.00,180.00,58.50,OPEN,0
669722.834,0,0,0,1.000,1.000,1.000,-90.00,180.00,58.50,OPEN,0
669722.839,0,0,0,1.000,1.000,1.000,-90.00,180.00,58.50,OPEN,0
669722.842,0,0,0,1.000,1.000,1.000,-90.00,180.00,58.50,OPEN,0
669722.846,0,0,0,1.000,1.000,1.000,-90.00,180.00,58.50,OPEN,0
669722.851,0,0,0,1.000,1.000,1.000,-90.00,180.00,58.50,OPEN,0
669722.855,0,0,0,1.000,1.000,1.000,-90.00,180.00,58.50,OPEN,0
669722.860,0,0,0,1.000,1.000,1.000,-90.00,180.00,58.50,OPEN,0
669722.864,0,0,0,1.000,1.000,1.000,-90.00,180.00,58.50,OPEN,0
669722.868,0,0,0,1.000,1.000,1.000,-90.00,180.00,58.50,OPEN,0
669722.873,0,0,0,1.000,1.000,1.000,-90.00,180.00,58.50,OPEN,0
669722.877,0,0,0,1.000,1.000,1.000,-90.00,180.00,58.50,OPEN,0
669722.881,0,0,0,1.000,1.000,1.000,-90.00,180.00,58.50,OPEN,0
669722.886,0,0,0,1.000,1.000,1.000,-90.00,180.00,58.50,OPEN,0
669722.890,0,0,0,1.000,1.000,1.000,-90.00,180.00,58.50,OPEN,0
669722.894,0,0,0,1.000,1.000,1.000,-90.00,180.00,58.50,OPEN,0
669722.898,0,0,0,1.000,1.000,1.000,-90.00,180.00,58.50,OPEN,0
669722.902,0,0,0,1.000,1.000,1.000,-90.00,180.00,58.50,OPEN,0
669722.906,0,0,0,1.000,1.000,1.000,-90.00,180.00,58.50,OPEN,0
669722.910,0,0,0,1.000,1.000,1.000,-90.00,180.00,58.50,OPEN,0
