t,hand,elbow,shoulder,p_hand,p_elbow,p_shoulder,J2,J3,J6,grip_state,cmd_sent
5755.838,0,0,0,1.000,1.000,1.000,-90.00,180.00,0.00,OPEN,0
5755.854,0,0,0,1.000,1.000,1.000,-90.00,180.00,0.00,OPEN,0
5755.864,0,0,0,1.000,1.000,1.000,-90.00,180.00,0.00,OPEN,0
5755.873,0,0,0,1.000,1.000,1.000,-90.00,180.00,0.00,OPEN,0
5755.878,0,0,0,1.000,1.000,1.000,-90.00,180.00,0.00,OPEN,0
5755.886,0,0,0,1.000,1.000,1.000,-90.00,180.00,0.00,OPEN,0
5755.893,0,0,0,1.000,1.000,1.000,-90.00,180.00,0.00,OPEN,0
5755.898,0,0,0,1.000,1.000,1.000,-90.00,180.00,0.00,OPEN,0
5755.907,0,0,0,1.000,1.000,1.000,-90.00,180.00,0.00,OPEN,0
5755.913,0,0,0,1.000,1.000,1.000,-90.00,180.00,0.00,OPEN,0
5755.920,0,0,0,1.000,1.000,1.000,-90.00,180.00,0.00,OPEN,0
5755.928,0,0,0,1.000,1.000,1.000,-90.00,180.00,0.00,OPEN,0
5755.936,0,0,0,1.000,1.000,1.000,-90.00,180.00,0.00,OPEN,0
5755.945,0,0,0,1.000,1.000,1.000,-90.00,180.00,0.00,OPEN,0
5755.952,0,0,0,1.000,1.000,1.000,-90.00,180.00,0.00,OPEN,0
5755.959,0,0,0,1.000,1.000,1.000,-90.00,180.00,0.00,OPEN,0
5755.967,0,0,0,1.000,1.000,1.000,-90.00,180.00,0.00,OPEN,0
5755.976,0,0,0,1.000,1.000,1.000,-90.00,180.00,0.00,OPEN,0
5755.982,0,0,0,1.000,1.000,1.000,-90.00,180.00,0.00,OPEN,0
5755.990,0,0,0,1.000,1.000,1.000,-90.00,180.00,0.00,OPEN,0
5755.995,0,0,0,1.000,1.000,1.000,-90.00,180.00,0.00,OPEN,0
5756.002,0,0,0,1.000,1.000,1.000,-90.00,180.00,0.00,OPEN,0
5756.009,0,0,0,1.000,1.000,1.000,-90.00,180.00,0.00,OPEN,0
5756.014,0,0,0,1.000,1.000,1.000,-90.00,180.00,0.00,OPEN,0
5756.023,0,0,0,1.000,1.000,1.000,-90.00,180.00,0.00,OPEN,0
5756.029,0,0,0,1.000,1.000,1.000,-90.00,180.00,0.00,OPEN,0
5756.038,0,0,0,1.000,1.000,1.000,-90.00,180.00,0.00,OPEN,0
5756.044,0,0,0,1.000,1.000,1.000,-90.00,180.00,0.00,OPEN,0
5756.051,0,0,0,1.000,1.000,1.000,-90.00,180.00,0.00,OPEN,0
5756.060,0,0,0,1.000,1.000,1.000,-90.00,180.00,0.00,OPEN,0
5756.067,0,0,0,1.000,1.000,1.000,-90.00,180.00,0.00,OPEN,0
5756.105,0,0,0,1.000,1.000,1.000,-90.00,180.00,0.00,OPEN,0
5756.113,0,0,0,1.000,1.000,1.000,-90.00,180.00,0.00,OPEN,0
5756.123,0,0,0,1.000,1.000,1.000,-90.00,180.00,0.00,OPEN,0
5756.128,0,0,0,1.000,1.000,1.000,-90.00,180.00,0.00,OPEN,0
5756.137,0,0,0,1.000,1.000,1.000,-90.00,180.00,0.00,OPEN,0
5756.143,0,0,0,1.000,1.000,1.000,-90.00,180.00,0.00,OPEN,0
5756.149,0,0,0,1.000,1.000,1.000,-90.00,180.00,0.00,OPEN,0
5756.157,0,0,0,1.000,1.000,1.000,-90.00,180.00,0.00,OPEN,0
5756.162,0,0,0,1.000,1.000,1.000,-90.00,180.00,0.00,OPEN,0
5756.170,0,0,0,1.000,1.000,1.000,-90.00,180.00,0.00,OPEN,0
5756.176,0,0,0,1.000,1.000,1.000,-90.00,180.00,0.00,OPEN,0
5756.182,0,0,0,1.000,1.000,1.000,-90.00,180.00,0.00,OPEN,0
5756.190,0,0,0,1.000,1.000,1.000,-90.00,180.00,0.00,OPEN,0
5756.196,0,0,0,1.000,1.000,1.000,-90.00,180.00,0.00,OPEN,0
5756.205,0,0,0,1.000,1.000,1.000,-90.00,180.00,0.00,OPEN,0
5756.211,0,0,0,1.000,1.000,1.000,-90.00,180.00,0.00,OPEN,0
5756.217,0,0,0,1.000,1.000,1.000,-90.00,180.00,0.00,OPEN,0
5756.226,0,0,0,1.000,1.000,1.000,-90.00,180.00,0.00,OPEN,0
5756.232,0,0,0,1.000,1.000,1.000,-90.00,180.00,0.00,OPEN,0
5756.240,0,0,0,1.000,1.000,1.000,-90.00,180.00,0.00,OPEN,0
5756.246,0,0,0,1.000,1.000,1.000,-90.00,180.00,0.00,OPEN,0
5756.254,0,0,0,1.000,1.000,1.000,-90.00,180.00,0.00,OPEN,0
5756.261,0,0,0,1.000,1.000,1.000,-90.00,180.00,0.00,OPEN,0
5756.267,0,0,0,1.000,1.000,1.000,-90.00,180.00,0.00,OPEN,0
5756.275,0,0,0,1.000,1.000,1.000,-90.00,180.00,0.00,OPEN,0
5756.281,0,0,0,1.000,1.000,1.000,-90.00,180.00,0.00,OPEN,0
5756.289,0,0,0,1.000,1.000,1.000,-90.00,180.00,0.00,OPEN,0
5756.295,0,0,0,1.000,1.000,1.000,-90.00,180.00,0.00,OPEN,0
5756.303,0,0,0,1.000,1.000,1.000,-90.00,180.00,0.00,OPEN,0
5756.309,0,0,0,1.000,1.000,1.000,-90.00,180.00,0.00,OPEN,0
5756.316,0,0,0,1.000,1.000,1.000,-90.00,180.00,0.00,OPEN,0
5756.324,0,0,0,1.000,1.000,1.000,-90.00,180.00,0.00,OPEN,0
5756.329,0,0,0,1.000,1.000,1.000,-90.00,180.00,0.00,OPEN,0
5756.337,0,0,0,1.000,1.000,1.000,-90.00,180.00,0.00,OPEN,0
5756.343,0,0,0,1.000,1.000,1.000,-90.00,180.00,0.00,OPEN,0
5756.349,0,0,0,1.000,1.000,1.000,-90.00,180.00,0.00,OPEN,0
5756.357,0,0,0,1.000,1.000,1.000,-90.00,180.00,0.00,OPEN,0
5756.362,0,0,0,1.000,1.000,1.000,-90.00,180.00,0.00,OPEN,0
5756.373,0,0,0,1.000,1.000,1.000,-90.00,180.00,0.00,OPEN,0
5756.378,0,0,0,1.000,1.000,1.000,-90.00,180.00,0.00,OPEN,0
5756.384,0,0,0,1.000,1.000,1.000,-90.00,180.00,0.00,OPEN,0
5756.391,0,0,0,1.000,1.000,1.000,-90.00,180.00,0.00,OPEN,0
5756.397,0,0,0,1.000,1.000,1.000,-90.00,180.00,0.00,OPEN,0
5756.405,0,0,0,1.000,1.000,1.000,-90.00,180.00,0.00,OPEN,0
5756.410,0,0,0,1.000,1.000,1.000,-90.00,180.00,0.00,OPEN,0
5756.415,0,0,0,1.000,1.000,1.000,-90.00,180.00,0.00,OPEN,0
5756.424,0,0,0,1.000,1.000,1.000,-90.00,180.00,0.00,OPEN,0
5756.429,0,0,0,1.000,1.000,1.000,-90.00,180.00,0.00,OPEN,0
5756.437,0,0,0,1.000,1.000,1.000,-90.00,180.00,0.00,OPEN,0
5756.442,0,0,0,1.000,1.000,1.000,-90.00,180.00,0.00,OPEN,0
5756.447,0,0,0,1.000,1.000,1.000,-90.00,180.00,0.00,OPEN,0
5756.457,0,0,0,1.000,1.000,1.000,-90.00,180.00,0.00,OPEN,0
5756.462,0,0,0,1.000,1.000,1.000,-90.00,180.00,0.00,OPEN,0
5756.470,0,0,0,1.000,1.000,1.000,-90.00,180.00,0.00,OPEN,0
5756.476,0,0,0,1.000,1.000,1.000,-90.00,180.00,0.00,OPEN,0
5756.482,0,0,0,1.000,1.000,1.000,-90.00,180.00,0.00,OPEN,0
5756.490,0,0,0,1.000,1.000,1.000,-90.00,180.00,0.00,OPEN,0
5756.496,0,0,0,1.000,1.000,1.000,-90.00,180.00,0.00,OPEN,0
5756.505,0,0,0,1.000,1.000,1.000,-90.00,180.00,0.00,OPEN,0
5756.510,0,0,0,1.000,1.000,1.000,-90.00,180.00,0.00,OPEN,0
5756.518,0,0,0,1.000,1.000,1.000,-90.00,180.00,0.00,OPEN,0
5756.525,0,0,0,1.000,1.000,1.000,-90.00,180.00,0.00,OPEN,0
5756.531,0,0,0,1.000,1.000,1.000,-90.00,180.00,0.00,OPEN,0
5756.540,0,0,0,1.000,1.000,1.000,-90.00,180.00,0.00,OPEN,0
5756.545,0,0,0,1.000,1.000,1.000,-90.00,180.00,0.00,OPEN,0
5756.552,0,0,0,1.000,1.000,1.000,-90.00,180.00,0.00,OPEN,0
5756.558,0,0,0,1.000,1.000,1.000,-90.00,180.00,0.00,OPEN,0
5756.564,0,0,0,1.000,1.000,1.000,-90.00,180.00,0.00,OPEN,0
5756.573,0,0,0,1.000,1.000,1.000,-90.00,180.00,0.00,OPEN,0
5756.579,0,0,0,1.000,1.000,1.000,-90.00,180.00,0.00,OPEN,0
5756.621,0,0,0,1.000,1.000,1.000,-90.00,180.00,0.00,OPEN,0
5756.670,0,0,0,1.000,1.000,1.000,-90.00,180.00,0.00,OPEN,0
5756.719,0,0,0,1.000,1.000,1.000,-90.00,180.00,0.00,OPEN,0
5756.772,0,0,0,1.000,1.000,1.000,-90.00,180.00,0.00,OPEN,0
5756.822,0,0,0,1.000,1.000,1.000,-90.00,180.00,0.00,OPEN,0
5756.885,0,0,0,1.000,1.000,1.000,-90.00,180.00,0.00,OPEN,0
5756.920,0,0,0,1.000,1.000,1.000,-90.00,180.00,0.00,OPEN,0
5756.973,0,0,0,1.000,1.000,1.000,-90.00,180.00,0.00,OPEN,0
5757.020,0,0,0,1.000,1.000,1.000,-90.00,180.00,0.00,OPEN,0
5757.072,0,0,0,1.000,1.000,1.000,-90.00,180.00,0.00,OPEN,0
5757.120,0,0,0,1.000,1.000,1.000,-90.00,180.00,0.00,OPEN,0
5757.171,0,0,0,1.000,1.000,1.000,-90.00,180.00,0.00,OPEN,0
5757.221,0,0,0,1.000,1.000,1.000,-90.00,180.00,0.00,OPEN,0
5757.270,0,0,0,1.000,1.000,1.000,-90.00,180.00,0.00,OPEN,0
5757.320,0,0,0,1.000,1.000,1.000,-90.00,180.00,0.00,OPEN,0
5757.371,0,0,0,1.000,1.000,1.000,-90.00,180.00,0.00,OPEN,0
5757.421,0,0,0,1.000,1.000,1.000,-90.00,180.00,0.00,OPEN,0
5757.469,0,0,0,1.000,1.000,1.000,-90.00,180.00,0.00,OPEN,0
5757.520,0,0,0,1.000,1.000,1.000,-90.00,180.00,0.00,OPEN,0
5757.571,0,0,0,1.000,1.000,1.000,-90.00,180.00,0.00,OPEN,0
5757.620,0,0,0,1.000,1.000,1.000,-90.00,180.00,0.00,OPEN,0
5757.672,0,0,0,1.000,1.000,1.000,-90.00,180.00,0.00,OPEN,0
5757.720,0,0,0,0.993,1.000,1.000,-90.00,180.00,0.00,OPEN,0
5757.770,0,0,0,0.996,1.000,1.000,-90.00,180.00,0.00,OPEN,0
5757.822,0,0,0,1.000,1.000,1.000,-90.00,180.00,0.00,OPEN,0
5757.871,0,0,0,0.999,1.000,1.000,-90.00,180.00,0.00,OPEN,0
5757.922,0,0,0,0.977,1.000,1.000,-90.00,180.00,0.00,OPEN,0
5757.971,0,0,0,0.858,1.000,1.000,-90.00,180.00,0.00,OPEN,0
5758.022,0,0,0,0.700,1.000,1.000,-90.00,180.00,0.00,OPEN,0
5758.070,0,0,0,0.375,1.000,1.000,-90.00,180.00,0.00,OPEN,0
5758.122,0,0,0,0.652,1.000,1.000,-90.00,180.00,0.00,OPEN,0
5758.170,0,0,0,0.732,1.000,1.000,-90.00,180.00,0.00,OPEN,0
5758.221,0,0,0,0.808,1.000,1.000,-90.00,180.00,0.00,OPEN,0
5758.270,0,0,0,0.853,1.000,1.000,-90.00,180.00,0.00,OPEN,0
5758.321,0,0,0,0.835,1.000,1.000,-90.00,180.00,0.00,OPEN,0
5758.370,0,0,0,0.781,1.000,1.000,-90.00,180.00,0.00,OPEN,0
5758.421,0,0,0,0.699,1.000,1.000,-90.00,180.00,0.00,OPEN,0
5758.469,0,0,0,0.630,1.000,1.000,-90.00,180.00,0.00,OPEN,0
5758.522,0,0,0,0.878,1.000,1.000,-90.00,180.00,0.00,OPEN,0
5758.570,0,0,0,0.972,1.000,1.000,-90.00,180.00,0.00,OPEN,0
5758.622,0,0,0,0.974,1.000,1.000,-90.00,180.00,0.00,OPEN,0
5758.671,0,0,0,0.978,1.000,1.000,-90.00,180.00,0.00,OPEN,0
5758.721,0,0,0,0.844,1.000,1.000,-90.00,180.00,0.00,OPEN,0
5758.770,0,0,0,0.588,1.000,1.000,-90.00,180.00,0.00,OPEN,0
5761.456,0,0,0,0.447,1.000,1.000,-90.00,180.00,0.00,OPEN,0
5761.463,0,0,0,0.602,1.000,1.000,-90.00,180.00,0.00,OPEN,0
5761.473,0,0,0,0.791,1.000,1.000,-90.00,180.00,0.00,OPEN,0
5761.478,0,0,0,0.858,1.000,1.000,-90.00,180.00,0.00,OPEN,0
5761.488,0,0,0,0.660,1.000,1.000,-90.00,180.00,0.00,OPEN,0
5761.494,0,0,0,0.593,1.000,1.000,-90.00,180.00,0.00,OPEN,0
5761.503,0,0,0,0.521,1.000,1.000,-90.00,180.00,0.00,OPEN,0
5761.508,0,0,0,0.538,1.000,1.000,-90.00,180.00,0.00,OPEN,0
5761.515,0,0,0,0.547,1.000,1.000,-90.00,180.00,0.00,OPEN,0
5761.523,0,0,0,0.562,1.000,1.000,-90.00,180.00,0.00,OPEN,0
5761.528,0,0,0,0.650,1.000,1.000,-90.00,180.00,0.00,OPEN,0
5761.534,0,0,0,0.515,1.000,1.000,-90.00,180.00,0.00,OPEN,0
5761.541,0,0,0,0.533,1.000,1.000,-90.00,180.00,0.00,OPEN,0
5761.547,0,0,0,0.797,1.000,1.000,-90.00,180.00,0.00,OPEN,0
5761.555,0,0,0,0.508,1.000,1.000,-90.00,180.00,0.00,OPEN,0
5761.561,0,0,0,0.919,1.000,1.000,-90.00,180.00,0.00,OPEN,0
5761.568,0,0,0,0.975,1.000,1.000,-90.00,180.00,0.00,OPEN,0
5761.574,0,0,0,0.997,1.000,1.000,-90.00,180.00,0.00,OPEN,0
5761.581,0,0,0,1.000,1.000,1.000,-90.00,180.00,0.00,OPEN,0
5761.589,0,0,0,1.000,1.000,1.000,-90.00,180.00,0.00,OPEN,0
5761.595,0,0,0,1.000,1.000,1.000,-90.00,180.00,0.00,OPEN,0
5761.603,0,0,0,1.000,1.000,1.000,-90.00,180.00,0.00,OPEN,0
5761.609,0,0,0,1.000,1.000,1.000,-90.00,180.00,0.00,OPEN,0
5761.614,0,0,0,0.999,1.000,1.000,-90.00,180.00,0.00,OPEN,0
5761.623,0,0,0,1.000,1.000,1.000,-90.00,180.00,0.00,OPEN,0
5761.628,0,0,0,1.000,1.000,1.000,-90.00,180.00,0.00,OPEN,0
5761.637,0,0,0,1.000,1.000,1.000,-90.00,180.00,0.00,OPEN,0
5761.643,0,0,0,1.000,1.000,1.000,-90.00,180.00,0.00,OPEN,0
5761.649,0,0,0,1.000,1.000,1.000,-90.00,180.00,0.00,OPEN,0
5761.657,0,0,0,1.000,1.000,1.000,-90.00,180.00,0.00,OPEN,0
5761.663,0,0,0,1.000,1.000,1.000,-90.00,180.00,0.00,OPEN,0
5761.670,0,0,0,1.000,1.000,1.000,-90.00,180.00,0.00,OPEN,0
5761.677,0,0,0,1.000,1.000,1.000,-90.00,180.00,0.00,OPEN,0
5761.684,0,0,0,1.000,1.000,1.000,-90.00,180.00,0.00,OPEN,0
5761.692,0,0,0,1.000,1.000,1.000,-90.00,180.00,0.00,OPEN,0
5761.698,0,0,0,1.000,1.000,1.000,-90.00,180.00,0.00,OPEN,0
5761.705,0,0,0,1.000,1.000,1.000,-90.00,180.00,0.00,OPEN,0
5761.710,0,0,0,1.000,1.000,1.000,-90.00,180.00,0.00,OPEN,0
5761.720,0,0,0,1.000,1.000,1.000,-90.00,180.00,0.00,OPEN,0
5761.726,0,0,0,1.000,1.000,1.000,-90.00,180.00,0.00,OPEN,0
5761.732,0,0,0,1.000,1.000,1.000,-90.00,180.00,0.00,OPEN,0
5761.741,0,0,0,1.000,1.000,1.000,-90.00,180.00,0.00,OPEN,0
5761.745,0,0,0,1.000,1.000,1.000,-90.00,180.00,0.00,OPEN,0
5761.754,0,0,0,1.000,1.000,1.000,-90.00,180.00,0.00,OPEN,0
5761.759,0,0,0,1.000,1.000,1.000,-90.00,180.00,0.00,OPEN,0
5761.766,0,0,0,1.000,1.000,1.000,-90.00,180.00,0.00,OPEN,0
5761.774,0,0,0,1.000,1.000,1.000,-90.00,180.00,0.00,OPEN,0
5761.780,0,0,0,1.000,1.000,1.000,-90.00,180.00,0.00,OPEN,0
5761.788,0,0,0,1.000,1.000,1.000,-90.00,180.00,0.00,OPEN,0
5761.794,0,0,0,1.000,1.000,1.000,-90.00,180.00,0.00,OPEN,0
5761.800,0,0,0,1.000,1.000,1.000,-90.00,180.00,0.00,OPEN,0
5761.807,0,0,0,1.000,1.000,1.000,-90.00,180.00,0.00,OPEN,0
5761.813,0,0,0,1.000,1.000,1.000,-90.00,180.00,0.00,OPEN,0
5761.821,0,0,0,1.000,1.000,1.000,-90.00,180.00,0.00,OPEN,0
5761.826,0,0,0,1.000,1.000,1.000,-90.00,180.00,0.00,OPEN,0
5761.835,0,0,0,1.000,1.000,1.000,-90.00,180.00,0.00,OPEN,0
5761.842,0,0,0,1.000,1.000,0.999,-90.00,180.00,0.00,OPEN,0
5761.848,0,0,0,1.000,1.000,0.999,-90.00,180.00,0.00,OPEN,0
5761.856,0,0,0,1.000,1.000,0.999,-90.00,180.00,0.00,OPEN,0
5761.861,0,0,0,1.000,1.000,0.999,-90.00,180.00,0.00,OPEN,0
5761.869,0,0,0,1.000,1.000,0.999,-90.00,180.00,0.00,OPEN,0
5761.875,0,0,0,1.000,1.000,1.000,-90.00,180.00,0.00,OPEN,0
5761.921,0,0,0,1.000,1.000,1.000,-90.00,180.00,0.00,OPEN,0
5761.971,0,0,0,1.000,1.000,1.000,-90.00,180.00,0.00,OPEN,0
5762.020,0,0,0,1.000,0.999,1.000,-90.00,180.00,0.00,OPEN,0
5762.071,0,0,0,1.000,0.998,1.000,-90.00,180.00,0.00,OPEN,0
5762.119,0,0,0,1.000,0.997,1.000,-90.00,180.00,0.00,OPEN,0
5762.170,0,0,0,1.000,0.997,1.000,-90.00,180.00,0.00,OPEN,0
5762.221,0,0,0,1.000,0.998,1.000,-90.00,180.00,0.00,OPEN,0
5762.269,0,0,0,1.000,0.999,1.000,-90.00,180.00,0.00,OPEN,0
5762.321,0,0,0,1.000,1.000,1.000,-90.00,180.00,0.00,OPEN,0
5762.370,0,0,0,1.000,1.000,1.000,-90.00,180.00,0.00,OPEN,0
5762.422,0,0,0,1.000,1.000,1.000,-90.00,180.00,0.00,OPEN,0
5762.468,0,0,0,1.000,1.000,1.000,-90.00,180.00,0.00,OPEN,0
5762.521,0,0,0,1.000,1.000,1.000,-90.00,180.00,0.00,OPEN,0
5762.570,0,0,0,1.000,1.000,1.000,-90.00,180.00,0.00,OPEN,0
5762.620,0,0,0,1.000,1.000,1.000,-90.00,180.00,0.00,OPEN,0
5762.669,0,0,0,1.000,1.000,0.999,-90.00,180.00,0.00,OPEN,0
5762.720,0,0,0,1.000,1.000,0.999,-90.00,180.00,0.00,OPEN,0
5762.769,0,0,0,1.000,1.000,0.999,-90.00,180.00,0.00,OPEN,0
5762.820,0,0,0,1.000,1.000,0.999,-90.00,180.00,0.00,OPEN,0
5762.869,0,0,0,1.000,1.000,1.000,-90.00,180.00,0.00,OPEN,0
5762.919,0,0,0,1.000,0.999,1.000,-90.00,180.00,0.00,OPEN,0
5762.969,0,0,0,1.000,0.998,1.000,-90.00,180.00,0.00,OPEN,0
5763.019,0,0,0,1.000,0.997,1.000,-90.00,180.00,0.00,OPEN,0
5763.070,0,0,0,1.000,0.998,1.000,-90.00,180.00,0.00,OPEN,0
5763.121,0,0,0,1.000,1.000,1.000,-90.00,180.00,0.00,OPEN,0
5763.169,0,0,0,1.000,1.000,1.000,-90.00,180.00,0.00,OPEN,0
5763.221,0,0,0,1.000,1.000,1.000,-90.00,180.00,0.00,OPEN,0
5763.270,0,0,0,1.000,1.000,1.000,-90.00,180.00,0.00,OPEN,0
5763.322,0,0,0,1.000,1.000,1.000,-90.00,180.00,0.00,OPEN,0
5763.370,0,0,0,1.000,1.000,1.000,-90.00,180.00,0.00,OPEN,0
5763.422,0,0,0,1.000,1.000,1.000,-90.00,180.00,0.00,OPEN,0
5763.471,0,0,0,1.000,1.000,1.000,-90.00,180.00,0.00,OPEN,0
5763.521,0,0,0,1.000,1.000,1.000,-90.00,180.00,0.00,OPEN,0
5763.569,0,0,0,1.000,1.000,1.000,-90.00,180.00,0.00,OPEN,0
5763.621,0,0,0,1.000,1.000,1.000,-90.00,180.00,0.00,OPEN,0
5763.669,0,0,0,1.000,1.000,1.000,-90.00,180.00,0.00,OPEN,0
5763.721,0,0,0,1.000,1.000,1.000,-90.00,180.00,0.00,OPEN,0
5763.772,0,0,0,0.999,1.000,1.000,-90.00,180.00,0.00,OPEN,0
5763.820,0,0,0,0.998,1.000,1.000,-90.00,180.00,0.00,OPEN,0
5763.871,0,0,0,0.958,1.000,1.000,-90.00,180.00,0.00,OPEN,0
5763.920,0,0,0,0.977,1.000,1.000,-90.00,180.00,0.00,OPEN,0
5763.970,0,0,0,0.989,1.000,1.000,-90.00,180.00,0.00,OPEN,0
5764.020,0,0,0,0.731,1.000,1.000,-90.00,180.00,0.00,OPEN,0
5764.070,0,0,0,0.778,1.000,1.000,-90.00,180.00,0.00,OPEN,0
5764.119,0,0,0,0.862,1.000,1.000,-90.00,180.00,0.00,OPEN,0
5764.171,0,0,0,0.945,1.000,1.000,-90.00,180.00,0.00,OPEN,0
5764.219,0,0,0,0.985,1.000,1.000,-90.00,180.00,0.00,OPEN,0
5764.271,0,0,0,0.993,1.000,1.000,-90.00,180.00,0.00,OPEN,0
5764.319,1,0,0,0.995,1.000,1.000,-90.00,180.00,4.50,OPEN,1
5764.477,1,0,0,0.995,1.000,1.000,-90.00,180.00,9.00,OPEN,1
5764.496,1,0,0,0.993,1.000,1.000,-90.00,180.00,9.00,OPEN,0
5764.505,1,0,0,0.986,1.000,1.000,-90.00,180.00,9.00,OPEN,0
5764.522,1,0,0,0.959,1.000,1.000,-90.00,180.00,9.00,OPEN,0
5764.572,1,0,0,0.718,1.000,1.000,-90.00,180.00,9.00,OPEN,0
5764.620,1,0,0,0.579,1.000,1.000,-90.00,180.00,13.50,OPEN,1
5764.702,1,0,0,0.791,1.000,1.000,-90.00,180.00,13.50,OPEN,0
5764.720,1,0,0,0.694,1.000,1.000,-90.00,180.00,13.50,OPEN,0
5764.768,1,0,0,0.544,1.000,1.000,-90.00,180.00,18.00,OPEN,1
5764.901,1,0,0,0.499,1.000,1.000,-90.00,180.00,22.50,OPEN,1
5764.931,1,0,0,0.627,1.000,1.000,-90.00,180.00,22.50,OPEN,0
5764.940,1,0,0,0.670,1.000,1.000,-90.00,180.00,22.50,OPEN,0
5764.973,1,0,0,0.692,1.000,1.000,-90.00,180.00,22.50,OPEN,0
5765.020,1,0,0,0.753,1.000,1.000,-90.00,180.00,27.00,OPEN,1
5765.103,1,0,0,0.773,1.000,1.000,-90.00,180.00,27.00,OPEN,0
5765.120,1,0,0,0.798,1.000,1.000,-90.00,180.00,31.50,OPEN,1
5765.171,1,0,0,0.759,1.000,1.000,-90.00,180.00,31.50,OPEN,0
5765.219,1,0,0,0.646,1.000,1.000,-90.00,180.00,31.50,OPEN,0
5765.270,1,0,0,0.531,1.000,1.000,-90.00,180.00,36.00,OPEN,1
5765.322,1,0,0,0.698,1.000,1.000,-90.00,180.00,36.00,OPEN,0
5765.370,1,0,0,0.786,1.000,1.000,-90.00,180.00,36.00,OPEN,0
5765.420,1,0,0,0.776,1.000,1.000,-90.00,180.00,40.50,OPEN,1
5765.502,1,0,0,0.514,1.000,1.000,-90.00,180.00,40.50,OPEN,0
5765.519,1,0,0,0.587,1.000,1.000,-90.00,180.00,40.50,OPEN,0
5765.571,1,0,0,0.693,1.000,1.000,-90.00,180.00,45.00,OPEN,1
5765.620,1,0,0,0.717,1.000,1.000,-90.00,180.00,45.00,OPEN,0
5765.671,1,0,0,0.724,1.000,1.000,-90.00,180.00,45.00,OPEN,0
5765.720,1,0,0,0.712,1.000,1.000,-90.00,180.00,49.50,OPEN,1
5765.770,1,0,0,0.520,1.000,1.000,-90.00,180.00,49.50,OPEN,0
5765.819,1,0,0,0.466,1.000,1.000,-90.00,180.00,49.50,OPEN,0
5765.870,1,0,0,0.460,1.000,1.000,-90.00,180.00,54.00,OPEN,1
5765.921,1,0,0,0.371,1.000,1.000,-90.00,180.00,54.00,OPEN,0
5765.972,1,0,0,0.440,1.000,1.000,-90.00,180.00,58.50,OPEN,1
5766.102,1,0,0,0.807,1.000,1.000,-90.00,180.00,63.00,OPEN,1
5766.156,1,0,0,0.922,1.000,1.000,-90.00,180.00,63.00,OPEN,0
5766.161,1,0,0,0.906,1.000,1.000,-90.00,180.00,63.00,OPEN,0
5766.171,1,0,0,0.862,1.000,1.000,-90.00,180.00,63.00,OPEN,0
5766.220,1,0,0,0.680,1.000,1.000,-90.00,180.00,67.50,OPEN,1
5766.301,1,0,0,0.627,1.000,1.000,-90.00,180.00,67.50,OPEN,0
5766.320,1,0,0,0.763,1.000,1.000,-90.00,180.00,67.50,OPEN,0
5766.369,1,0,0,0.865,1.000,1.000,-90.00,180.00,72.00,OPEN,1
5766.420,1,0,0,0.955,1.000,1.000,-90.00,180.00,72.00,OPEN,0
5766.469,1,0,0,0.950,1.000,1.000,-90.00,180.00,76.50,OPEN,1
5766.520,1,0,0,0.800,1.000,1.000,-90.00,180.00,76.50,OPEN,0
5766.569,1,0,0,0.997,1.000,1.000,-90.00,180.00,81.00,OPEN,1
5766.620,1,0,0,1.000,1.000,1.000,-90.00,180.00,81.00,OPEN,0
5766.671,1,0,0,1.000,1.000,1.000,-90.00,180.00,85.50,OPEN,1
5766.720,1,0,0,1.000,1.000,1.000,-90.00,180.00,85.50,OPEN,0
5766.772,1,0,0,1.000,1.000,1.000,-90.00,180.00,90.00,OPEN,1
5766.821,1,0,0,1.000,1.000,1.000,-90.00,180.00,90.00,OPEN,0
5766.871,1,0,0,1.000,1.000,1.000,-90.00,180.00,90.00,OPEN,0
5766.919,0,0,0,1.000,1.000,1.000,-90.00,180.00,90.00,OPEN,0
5766.973,0,0,0,1.000,1.000,1.000,-90.00,180.00,90.00,OPEN,0
5767.018,0,0,0,1.000,1.000,1.000,-90.00,180.00,90.00,OPEN,0
5767.068,0,0,0,1.000,1.000,1.000,-90.00,180.00,90.00,OPEN,0
5767.121,0,0,0,1.000,1.000,1.000,-90.00,180.00,90.00,OPEN,0
5767.169,0,0,0,1.000,1.000,1.000,-90.00,180.00,90.00,OPEN,0
5767.220,0,0,0,1.000,1.000,1.000,-90.00,180.00,90.00,OPEN,0
5767.269,0,0,0,1.000,1.000,1.000,-90.00,180.00,90.00,OPEN,0
5767.318,0,0,0,1.000,1.000,1.000,-90.00,180.00,90.00,OPEN,0
5767.370,0,0,0,1.000,1.000,1.000,-90.00,180.00,90.00,OPEN,0
5767.418,0,0,0,1.000,1.000,1.000,-90.00,180.00,90.00,OPEN,0
5767.469,0,0,0,1.000,1.000,1.000,-90.00,180.00,90.00,OPEN,0
5767.519,0,0,0,1.000,1.000,1.000,-90.00,180.00,90.00,OPEN,0
5767.568,0,0,0,1.000,1.000,1.000,-90.00,180.00,90.00,OPEN,0
5767.621,0,0,0,1.000,1.000,1.000,-90.00,180.00,90.00,OPEN,0
5767.669,0,0,0,1.000,1.000,1.000,-90.00,180.00,90.00,OPEN,0
5767.720,0,0,0,1.000,1.000,1.000,-90.00,180.00,90.00,OPEN,0
5767.769,0,0,0,0.958,1.000,1.000,-90.00,180.00,90.00,OPEN,0
5767.821,0,0,0,0.505,1.000,1.000,-90.00,180.00,90.00,OPEN,0
5767.870,0,0,0,0.970,1.000,1.000,-90.00,180.00,90.00,OPEN,0
5767.921,0,0,0,0.997,1.000,1.000,-90.00,180.00,90.00,OPEN,0
5767.969,0,0,0,0.999,1.000,1.000,-90.00,180.00,90.00,OPEN,0
5768.021,0,0,0,1.000,1.000,1.000,-90.00,180.00,90.00,OPEN,0
5768.069,0,0,0,1.000,1.000,1.000,-90.00,180.00,90.00,OPEN,0
5768.120,0,0,0,0.999,1.000,1.000,-90.00,180.00,90.00,OPEN,0
5768.168,0,0,0,0.993,1.000,1.000,-90.00,180.00,90.00,OPEN,0
5768.220,2,0,0,0.936,1.000,1.000,-90.00,180.00,85.50,OPEN,1
5768.274,2,0,0,0.766,1.000,1.000,-90.00,180.00,85.50,OPEN,0
5768.319,2,0,0,0.707,1.000,1.000,-90.00,180.00,85.50,OPEN,0
5768.370,2,0,0,0.721,1.000,1.000,-90.00,180.00,81.00,OPEN,1
5768.421,2,0,0,0.725,1.000,1.000,-90.00,180.00,81.00,OPEN,0
5768.470,2,0,0,0.818,1.000,1.000,-90.00,180.00,76.50,OPEN,1
5768.521,2,0,0,0.971,1.000,1.000,-90.00,180.00,76.50,OPEN,0
5768.570,2,0,0,0.998,1.000,1.000,-90.00,180.00,76.50,OPEN,0
5768.619,2,0,0,1.000,1.000,1.000,-90.00,180.00,72.00,OPEN,1
5768.702,2,0,0,1.000,1.000,1.000,-90.00,180.00,72.00,OPEN,0
5768.719,2,0,0,1.000,1.000,1.000,-90.00,180.00,72.00,OPEN,0
5768.768,2,0,0,1.000,1.000,1.000,-90.00,180.00,67.50,OPEN,1
5768.821,2,0,0,1.000,1.000,1.000,-90.00,180.00,67.50,OPEN,0
5768.870,2,0,0,1.000,1.000,1.000,-90.00,180.00,63.00,OPEN,1
5768.920,2,0,0,1.000,1.000,1.000,-90.00,180.00,63.00,OPEN,0
5768.968,2,0,0,1.000,1.000,1.000,-90.00,180.00,63.00,OPEN,0
5769.018,2,0,0,1.000,1.000,1.000,-90.00,180.00,58.50,OPEN,1
5769.102,2,0,0,1.000,1.000,1.000,-90.00,180.00,58.50,OPEN,0
5769.120,2,0,0,1.000,1.000,1.000,-90.00,180.00,54.00,OPEN,1
5769.178,2,0,0,1.000,1.000,1.000,-90.00,180.00,54.00,OPEN,0
5769.219,2,0,0,1.000,1.000,1.000,-90.00,180.00,54.00,OPEN,0
5769.270,2,0,0,1.000,1.000,1.000,-90.00,180.00,49.50,OPEN,1
5769.322,2,0,0,1.000,1.000,1.000,-90.00,180.00,49.50,OPEN,0
5769.370,2,0,0,1.000,1.000,1.000,-90.00,180.00,49.50,OPEN,0
5769.419,2,0,0,1.000,1.000,1.000,-90.00,180.00,45.00,OPEN,1
5769.471,2,0,0,1.000,1.000,1.000,-90.00,180.00,45.00,OPEN,0
5769.520,2,0,0,1.000,1.000,1.000,-90.00,180.00,40.50,OPEN,1
5769.571,2,0,0,1.000,1.000,1.000,-90.00,180.00,40.50,OPEN,0
5769.620,2,0,0,1.000,1.000,1.000,-90.00,180.00,36.00,OPEN,1
5769.702,2,0,0,1.000,1.000,1.000,-90.00,180.00,36.00,OPEN,0
5769.719,2,0,0,1.000,1.000,1.000,-90.00,180.00,36.00,OPEN,0
5769.770,2,0,0,0.721,1.000,1.000,-90.00,180.00,31.50,OPEN,1
5769.829,2,0,0,0.999,1.000,1.000,-90.00,180.00,31.50,OPEN,0
5769.869,2,0,0,1.000,1.000,1.000,-90.00,180.00,31.50,OPEN,0
5769.920,2,0,0,1.000,1.000,1.000,-90.00,180.00,27.00,OPEN,1
5769.985,2,0,0,1.000,1.000,1.000,-90.00,180.00,27.00,OPEN,0
5770.018,2,0,0,1.000,1.000,1.000,-90.00,180.00,27.00,OPEN,0
5770.069,2,0,0,1.000,1.000,1.000,-90.00,180.00,22.50,OPEN,1
5770.121,2,0,0,1.000,1.000,1.000,-90.00,180.00,22.50,OPEN,0
5770.169,0,0,0,1.000,1.000,1.000,-90.00,180.00,22.50,OPEN,0
5770.219,0,0,0,1.000,1.000,1.000,-90.00,180.00,22.50,OPEN,0
5770.271,0,0,0,1.000,1.000,1.000,-90.00,180.00,22.50,OPEN,0
5770.319,0,0,0,1.000,1.000,1.000,-90.00,180.00,22.50,OPEN,0
5770.369,0,0,0,1.000,1.000,1.000,-90.00,180.00,22.50,OPEN,0
5770.419,0,0,0,1.000,1.000,1.000,-90.00,180.00,22.50,OPEN,0
5770.469,0,0,0,1.000,1.000,1.000,-90.00,180.00,22.50,OPEN,0
5770.519,0,0,0,1.000,1.000,1.000,-90.00,180.00,22.50,OPEN,0
5770.569,0,0,0,1.000,1.000,1.000,-90.00,180.00,22.50,OPEN,0
5770.619,0,0,0,1.000,1.000,1.000,-90.00,180.00,22.50,OPEN,0
5770.668,0,0,0,1.000,1.000,1.000,-90.00,180.00,22.50,OPEN,0
5770.720,0,0,0,1.000,1.000,1.000,-90.00,180.00,22.50,OPEN,0
5770.771,0,0,0,1.000,1.000,1.000,-90.00,180.00,22.50,OPEN,0
5770.818,0,0,0,1.000,1.000,1.000,-90.00,180.00,22.50,OPEN,0
5770.868,0,0,0,1.000,1.000,1.000,-90.00,180.00,22.50,OPEN,0
5770.919,0,0,0,1.000,1.000,1.000,-90.00,180.00,22.50,OPEN,0
5770.969,0,0,0,1.000,1.000,1.000,-90.00,180.00,22.50,OPEN,0
5771.019,0,0,0,1.000,1.000,1.000,-90.00,180.00,22.50,OPEN,0
5771.069,0,0,0,1.000,1.000,1.000,-90.00,180.00,22.50,OPEN,0
5771.119,0,0,0,1.000,1.000,1.000,-90.00,180.00,22.50,OPEN,0
5771.168,0,0,0,1.000,1.000,1.000,-90.00,180.00,22.50,OPEN,0
5771.221,0,0,0,0.999,1.000,1.000,-90.00,180.00,22.50,OPEN,0
5771.270,0,0,0,0.994,1.000,1.000,-90.00,180.00,22.50,OPEN,0
5771.318,0,0,0,0.913,1.000,1.000,-90.00,180.00,22.50,OPEN,0
5771.370,0,0,0,0.956,1.000,1.000,-90.00,180.00,22.50,OPEN,0
5771.419,0,0,0,1.000,1.000,1.000,-90.00,180.00,22.50,OPEN,0
5771.469,0,0,0,1.000,1.000,1.000,-90.00,180.00,22.50,OPEN,0
5771.519,0,0,0,1.000,1.000,1.000,-90.00,180.00,22.50,OPEN,0
5771.569,0,0,0,1.000,1.000,1.000,-90.00,180.00,22.50,OPEN,0
5771.618,0,0,0,1.000,1.000,1.000,-90.00,180.00,22.50,OPEN,0
5771.670,0,0,0,1.000,1.000,1.000,-90.00,180.00,22.50,OPEN,0
5771.719,3,0,0,1.000,1.000,1.000,-90.00,180.00,22.50,CLOSED,0
5771.902,3,0,0,1.000,1.000,1.000,-90.00,180.00,22.50,CLOSED,0
5771.909,3,0,0,1.000,1.000,1.000,-90.00,180.00,22.50,CLOSED,0
5771.918,3,0,0,1.000,1.000,1.000,-90.00,180.00,22.50,CLOSED,0
5771.923,3,0,0,1.000,1.000,1.000,-90.00,180.00,22.50,CLOSED,0
5771.969,3,0,0,1.000,1.000,1.000,-90.00,180.00,22.50,CLOSED,0
5772.017,3,0,0,1.000,1.000,1.000,-90.00,180.00,22.50,CLOSED,0
5772.069,3,0,0,1.000,1.000,1.000,-90.00,180.00,22.50,CLOSED,0
5772.118,3,0,0,1.000,1.000,1.000,-90.00,180.00,22.50,CLOSED,0
5772.169,3,0,0,1.000,1.000,1.000,-90.00,180.00,22.50,CLOSED,0
5772.219,3,0,0,1.000,1.000,1.000,-90.00,180.00,22.50,CLOSED,0
5772.269,3,0,0,1.000,1.000,1.000,-90.00,180.00,22.50,CLOSED,0
5772.319,3,0,0,1.000,1.000,1.000,-90.00,180.00,22.50,CLOSED,0
5772.369,3,0,0,1.000,1.000,1.000,-90.00,180.00,22.50,CLOSED,0
5772.419,3,0,0,1.000,1.000,1.000,-90.00,180.00,22.50,CLOSED,0
5772.469,3,0,0,1.000,1.000,1.000,-90.00,180.00,22.50,CLOSED,0
5772.519,3,0,0,1.000,1.000,1.000,-90.00,180.00,22.50,CLOSED,0
5772.570,3,0,0,1.000,1.000,1.000,-90.00,180.00,22.50,CLOSED,0
5772.618,3,0,0,1.000,1.000,1.000,-90.00,180.00,22.50,CLOSED,0
5772.669,3,0,0,1.000,1.000,1.000,-90.00,180.00,22.50,CLOSED,0
5772.718,3,0,0,1.000,1.000,1.000,-90.00,180.00,22.50,CLOSED,0
5772.781,3,0,0,1.000,1.000,1.000,-90.00,180.00,22.50,CLOSED,0
5772.823,3,0,0,1.000,1.000,1.000,-90.00,180.00,22.50,CLOSED,0
5772.869,3,0,0,1.000,1.000,1.000,-90.00,180.00,22.50,CLOSED,0
5772.919,3,0,0,1.000,1.000,1.000,-90.00,180.00,22.50,CLOSED,0
5772.970,3,0,0,1.000,1.000,1.000,-90.00,180.00,22.50,CLOSED,0
5773.019,3,0,0,1.000,1.000,1.000,-90.00,180.00,22.50,CLOSED,0
5773.068,3,0,0,1.000,1.000,1.000,-90.00,180.00,22.50,CLOSED,0
5773.120,3,0,0,1.000,1.000,1.000,-90.00,180.00,22.50,CLOSED,0
5773.168,3,0,0,1.000,1.000,1.000,-90.00,180.00,22.50,CLOSED,0
5773.220,3,0,0,1.000,1.000,1.000,-90.00,180.00,22.50,CLOSED,0
5773.268,3,0,0,1.000,1.000,1.000,-90.00,180.00,22.50,CLOSED,0
5773.319,3,0,0,1.000,1.000,1.000,-90.00,180.00,22.50,CLOSED,0
5773.370,3,0,0,1.000,1.000,1.000,-90.00,180.00,22.50,CLOSED,0
5773.418,3,0,0,1.000,1.000,1.000,-90.00,180.00,22.50,CLOSED,0
5773.469,3,0,0,1.000,1.000,1.000,-90.00,180.00,22.50,CLOSED,0
5773.518,3,0,0,1.000,1.000,1.000,-90.00,180.00,22.50,CLOSED,0
5773.568,3,0,0,1.000,1.000,1.000,-90.00,180.00,22.50,CLOSED,0
5773.619,3,0,0,1.000,1.000,1.000,-90.00,180.00,22.50,CLOSED,0
5773.668,3,0,0,1.000,1.000,1.000,-90.00,180.00,22.50,CLOSED,0
5773.720,3,0,0,1.000,1.000,1.000,-90.00,180.00,22.50,CLOSED,0
5773.781,3,0,0,1.000,1.000,1.000,-90.00,180.00,22.50,CLOSED,0
5773.820,3,0,0,1.000,1.000,1.000,-90.00,180.00,22.50,CLOSED,0
5773.869,3,0,0,1.000,1.000,1.000,-90.00,180.00,22.50,CLOSED,0
5773.919,3,0,0,1.000,1.000,1.000,-90.00,180.00,22.50,CLOSED,0
5773.969,3,0,0,0.938,1.000,1.000,-90.00,180.00,22.50,CLOSED,0
5774.019,3,0,0,0.999,1.000,1.000,-90.00,180.00,22.50,CLOSED,0
5774.070,3,0,0,1.000,1.000,1.000,-90.00,180.00,22.50,CLOSED,0
5774.121,3,0,0,1.000,1.000,1.000,-90.00,180.00,22.50,CLOSED,0
5774.168,3,0,0,1.000,1.000,1.000,-90.00,180.00,22.50,CLOSED,0
5774.218,3,0,0,1.000,1.000,1.000,-90.00,180.00,22.50,CLOSED,0
5774.269,3,0,0,1.000,1.000,1.000,-90.00,180.00,22.50,CLOSED,0
5774.318,3,0,0,1.000,1.000,1.000,-90.00,180.00,22.50,CLOSED,0
5774.369,0,0,0,1.000,1.000,1.000,-90.00,180.00,22.50,CLOSED,0
5774.420,0,0,0,1.000,1.000,1.000,-90.00,180.00,22.50,CLOSED,0
5774.468,0,0,0,1.000,1.000,1.000,-90.00,180.00,22.50,CLOSED,0
5774.518,0,0,0,1.000,1.000,1.000,-90.00,180.00,22.50,CLOSED,0
5774.569,0,0,0,1.000,1.000,1.000,-90.00,180.00,22.50,CLOSED,0
5774.618,0,0,0,1.000,1.000,1.000,-90.00,180.00,22.50,CLOSED,0
5774.669,0,0,0,1.000,1.000,1.000,-90.00,180.00,22.50,CLOSED,0
5774.719,0,0,0,1.000,1.000,1.000,-90.00,180.00,22.50,CLOSED,0
5774.770,0,0,0,1.000,1.000,1.000,-90.00,180.00,22.50,CLOSED,0
5774.822,0,0,0,1.000,1.000,1.000,-90.00,180.00,22.50,CLOSED,0
5774.869,0,0,0,1.000,1.000,1.000,-90.00,180.00,22.50,CLOSED,0
5774.920,0,0,0,1.000,1.000,1.000,-90.00,180.00,22.50,CLOSED,0
5774.970,0,0,0,1.000,1.000,1.000,-90.00,180.00,22.50,CLOSED,0
5775.018,0,0,0,1.000,1.000,1.000,-90.00,180.00,22.50,CLOSED,0
5775.068,0,0,0,1.000,1.000,1.000,-90.00,180.00,22.50,CLOSED,0
5775.118,0,0,0,1.000,1.000,1.000,-90.00,180.00,22.50,CLOSED,0
5775.169,0,0,0,1.000,1.000,1.000,-90.00,180.00,22.50,CLOSED,0
5775.219,0,0,0,1.000,1.000,1.000,-90.00,180.00,22.50,CLOSED,0
5775.268,0,0,0,1.000,1.000,1.000,-90.00,180.00,22.50,CLOSED,0
5775.319,0,0,0,0.973,1.000,1.000,-90.00,180.00,22.50,CLOSED,0
5775.368,0,0,0,0.951,1.000,1.000,-90.00,180.00,22.50,CLOSED,0
5775.419,0,0,0,1.000,1.000,1.000,-90.00,180.00,22.50,CLOSED,0
5775.471,0,0,0,1.000,1.000,1.000,-90.00,180.00,22.50,CLOSED,0
5775.520,0,0,0,1.000,1.000,1.000,-90.00,180.00,22.50,CLOSED,0
5775.569,0,0,0,1.000,1.000,1.000,-90.00,180.00,22.50,CLOSED,0
5775.620,0,0,0,1.000,1.000,1.000,-90.00,180.00,22.50,CLOSED,0
5775.669,0,0,0,1.000,1.000,1.000,-90.00,180.00,22.50,CLOSED,0
5775.720,0,0,0,1.000,1.000,1.000,-90.00,180.00,22.50,CLOSED,0
5775.768,3,0,0,1.000,1.000,1.000,-90.00,180.00,22.50,OPEN,0
5775.904,3,0,0,1.000,1.000,1.000,-90.00,180.00,22.50,OPEN,0
5775.913,3,0,0,1.000,1.000,1.000,-90.00,180.00,22.50,OPEN,0
5775.920,3,0,0,1.000,1.000,1.000,-90.00,180.00,22.50,OPEN,0
5775.969,3,0,0,1.000,1.000,1.000,-90.00,180.00,22.50,OPEN,0
5776.019,3,0,0,1.000,1.000,1.000,-90.00,180.00,22.50,OPEN,0
5776.069,3,0,0,1.000,1.000,1.000,-90.00,180.00,22.50,OPEN,0
5776.119,3,0,0,1.000,1.000,1.000,-90.00,180.00,22.50,OPEN,0
5776.169,3,0,0,1.000,1.000,1.000,-90.00,180.00,22.50,OPEN,0
5776.218,3,0,0,1.000,1.000,1.000,-90.00,180.00,22.50,OPEN,0
5776.268,3,0,0,1.000,1.000,1.000,-90.00,180.00,22.50,OPEN,0
5776.319,3,0,0,1.000,1.000,1.000,-90.00,180.00,22.50,OPEN,0
5776.368,3,0,0,1.000,1.000,1.000,-90.00,180.00,22.50,OPEN,0
5776.419,3,0,0,1.000,1.000,1.000,-90.00,180.00,22.50,OPEN,0
5776.469,3,0,0,1.000,1.000,1.000,-90.00,180.00,22.50,OPEN,0
5776.519,3,0,0,1.000,1.000,1.000,-90.00,180.00,22.50,OPEN,0
5776.571,3,0,0,1.000,1.000,1.000,-90.00,180.00,22.50,OPEN,0
5776.618,3,0,0,1.000,1.000,1.000,-90.00,180.00,22.50,OPEN,0
5776.668,3,0,0,1.000,1.000,1.000,-90.00,180.00,22.50,OPEN,0
5776.718,3,0,0,1.000,1.000,1.000,-90.00,180.00,22.50,OPEN,0
5776.769,3,0,0,1.000,1.000,1.000,-90.00,180.00,22.50,OPEN,0
5776.820,3,0,0,1.000,1.000,1.000,-90.00,180.00,22.50,OPEN,0
5776.868,3,0,0,1.000,1.000,1.000,-90.00,180.00,22.50,OPEN,0
5776.918,3,0,0,1.000,1.000,1.000,-90.00,180.00,22.50,OPEN,0
5776.969,3,0,0,1.000,1.000,1.000,-90.00,180.00,22.50,OPEN,0
5777.018,3,0,0,1.000,1.000,1.000,-90.00,180.00,22.50,OPEN,0
5777.069,3,0,0,0.991,1.000,1.000,-90.00,180.00,22.50,OPEN,0
5777.119,3,0,0,0.994,1.000,1.000,-90.00,180.00,22.50,OPEN,0
5777.169,3,0,0,0.990,1.000,1.000,-90.00,180.00,22.50,OPEN,0
5777.218,3,0,0,1.000,1.000,1.000,-90.00,180.00,22.50,OPEN,0
5777.269,3,0,0,1.000,1.000,1.000,-90.00,180.00,22.50,OPEN,0
5777.318,3,0,0,1.000,1.000,1.000,-90.00,180.00,22.50,OPEN,0
5777.369,3,0,0,1.000,1.000,1.000,-90.00,180.00,22.50,OPEN,0
5777.419,3,0,0,1.000,1.000,1.000,-90.00,180.00,22.50,OPEN,0
5777.469,3,0,0,1.000,1.000,1.000,-90.00,180.00,22.50,OPEN,0
5777.519,0,0,0,1.000,1.000,1.000,-90.00,180.00,22.50,OPEN,0
5777.568,0,0,0,1.000,1.000,1.000,-90.00,180.00,22.50,OPEN,0
5777.620,0,0,0,1.000,1.000,1.000,-90.00,180.00,22.50,OPEN,0
5777.669,0,0,0,1.000,1.000,1.000,-90.00,180.00,22.50,OPEN,0
5777.718,0,0,0,1.000,1.000,1.000,-90.00,180.00,22.50,OPEN,0
5777.768,0,0,0,1.000,1.000,1.000,-90.00,180.00,22.50,OPEN,0
5777.819,0,0,0,1.000,1.000,1.000,-90.00,180.00,22.50,OPEN,0
5777.869,0,0,0,1.000,1.000,1.000,-90.00,180.00,22.50,OPEN,0
5777.920,0,0,0,1.000,1.000,1.000,-90.00,180.00,22.50,OPEN,0
5777.969,0,0,0,1.000,1.000,1.000,-90.00,180.00,22.50,OPEN,0
5778.018,0,0,0,1.000,1.000,1.000,-90.00,180.00,22.50,OPEN,0
5778.068,0,0,0,1.000,1.000,1.000,-90.00,180.00,22.50,OPEN,0
5778.118,0,0,0,1.000,1.000,1.000,-90.00,180.00,22.50,OPEN,0
5778.169,0,0,0,1.000,1.000,1.000,-90.00,180.00,22.50,OPEN,0
5778.220,0,0,0,1.000,1.000,1.000,-90.00,180.00,22.50,OPEN,0
5778.267,0,0,0,1.000,1.000,1.000,-90.00,180.00,22.50,OPEN,0
5778.318,0,0,0,1.000,1.000,1.000,-90.00,180.00,22.50,OPEN,0
5778.369,0,0,0,1.000,1.000,1.000,-90.00,180.00,22.50,OPEN,0
5778.419,0,0,0,1.000,1.000,1.000,-90.00,180.00,22.50,OPEN,0
5778.468,0,0,0,1.000,1.000,1.000,-90.00,180.00,22.50,OPEN,0
5778.518,0,0,0,1.000,1.000,1.000,-90.00,180.00,22.50,OPEN,0
5778.568,0,0,0,1.000,1.000,1.000,-90.00,180.00,22.50,OPEN,0
5778.619,0,0,0,1.000,1.000,1.000,-90.00,180.00,22.50,OPEN,0
5778.668,0,0,0,1.000,1.000,1.000,-90.00,180.00,22.50,OPEN,0
5778.718,0,0,0,1.000,1.000,1.000,-90.00,180.00,22.50,OPEN,0
5778.768,0,0,0,1.000,1.000,1.000,-90.00,180.00,22.50,OPEN,0
5778.819,0,0,0,1.000,1.000,1.000,-90.00,180.00,22.50,OPEN,0
5778.869,0,0,0,1.000,1.000,1.000,-90.00,180.00,22.50,OPEN,0
5778.918,0,0,0,0.998,1.000,1.000,-90.00,180.00,22.50,OPEN,0
5778.969,0,0,0,0.889,1.000,1.000,-90.00,180.00,22.50,OPEN,0
5779.019,0,0,0,0.999,1.000,1.000,-90.00,180.00,22.50,OPEN,0
5779.069,0,0,0,1.000,1.000,1.000,-90.00,180.00,22.50,OPEN,0
5779.119,0,0,0,1.000,1.000,1.000,-90.00,180.00,22.50,OPEN,0
5779.169,0,0,0,1.000,0.881,1.000,-90.00,180.00,22.50,OPEN,0
5779.220,0,0,0,1.000,0.629,1.000,-90.00,180.00,22.50,OPEN,0
5779.268,0,0,0,0.998,0.992,1.000,-90.00,180.00,22.50,OPEN,0
5779.318,0,0,0,0.988,0.999,1.000,-90.00,180.00,22.50,OPEN,0
5779.369,2,0,0,0.815,1.000,1.000,-90.00,180.00,18.00,OPEN,1
5779.419,2,0,0,0.986,1.000,1.000,-90.00,180.00,18.00,OPEN,0
5779.468,2,0,0,0.997,1.000,1.000,-90.00,180.00,18.00,OPEN,0
5779.518,2,0,0,0.999,1.000,1.000,-90.00,180.00,13.50,OPEN,1
5779.572,2,0,0,1.000,1.000,1.000,-90.00,180.00,13.50,OPEN,0
5779.619,2,0,0,0.945,1.000,1.000,-90.00,180.00,9.00,OPEN,1
5779.704,2,0,0,0.813,1.000,1.000,-90.00,180.00,9.00,OPEN,0
5779.718,2,0,0,1.000,1.000,1.000,-90.00,180.00,9.00,OPEN,0
5779.770,2,0,0,1.000,1.000,1.000,-90.00,180.00,4.50,OPEN,1
5779.820,2,0,0,1.000,1.000,1.000,-90.00,180.00,4.50,OPEN,0
5779.868,2,0,0,1.000,1.000,1.000,-90.00,180.00,4.50,OPEN,0
5779.918,2,0,0,1.000,1.000,1.000,-90.00,180.00,0.00,OPEN,1
5779.971,3,0,0,1.000,1.000,1.000,-90.00,180.00,0.00,CLOSED,0
5780.018,3,0,0,1.000,1.000,1.000,-90.00,180.00,0.00,CLOSED,0
5780.068,3,0,0,1.000,1.000,1.000,-90.00,180.00,0.00,CLOSED,0
5780.119,3,0,0,1.000,1.000,1.000,-90.00,180.00,0.00,CLOSED,0
5780.168,3,0,0,1.000,1.000,1.000,-90.00,180.00,0.00,CLOSED,0
5780.220,3,0,0,1.000,1.000,1.000,-90.00,180.00,0.00,CLOSED,0
5780.270,3,0,0,1.000,1.000,1.000,-90.00,180.00,0.00,CLOSED,0
5780.318,3,0,0,0.996,1.000,1.000,-90.00,180.00,0.00,CLOSED,0
5780.368,3,0,0,1.000,1.000,1.000,-90.00,180.00,0.00,CLOSED,0
5780.418,3,0,0,0.997,1.000,1.000,-90.00,180.00,0.00,CLOSED,0
5780.470,3,0,0,1.000,1.000,1.000,-90.00,180.00,0.00,CLOSED,0
5780.519,3,0,0,1.000,1.000,1.000,-90.00,180.00,0.00,CLOSED,0
5780.568,3,0,0,1.000,1.000,0.901,-90.00,180.00,0.00,CLOSED,0
5780.618,3,0,0,1.000,1.000,1.000,-90.00,180.00,0.00,CLOSED,0
5780.669,3,0,0,1.000,1.000,1.000,-90.00,180.00,0.00,CLOSED,0
5780.719,0,0,0,1.000,1.000,1.000,-90.00,180.00,0.00,CLOSED,0
5780.769,0,0,0,1.000,1.000,1.000,-90.00,180.00,0.00,CLOSED,0
5780.820,0,0,0,1.000,1.000,1.000,-90.00,180.00,0.00,CLOSED,0
5780.870,0,0,0,1.000,1.000,1.000,-90.00,180.00,0.00,CLOSED,0
5780.920,0,0,0,1.000,1.000,1.000,-90.00,180.00,0.00,CLOSED,0
5780.970,0,0,0,1.000,1.000,1.000,-90.00,180.00,0.00,CLOSED,0
5781.019,0,0,0,1.000,1.000,1.000,-90.00,180.00,0.00,CLOSED,0
5781.068,0,0,0,1.000,1.000,1.000,-90.00,180.00,0.00,CLOSED,0
5781.119,0,0,0,1.000,1.000,1.000,-90.00,180.00,0.00,CLOSED,0
5781.168,0,0,0,1.000,1.000,1.000,-90.00,180.00,0.00,CLOSED,0
5781.220,0,0,0,1.000,1.000,1.000,-90.00,180.00,0.00,CLOSED,0
5781.268,0,0,0,1.000,1.000,1.000,-90.00,180.00,0.00,CLOSED,0
5781.319,0,0,0,1.000,1.000,1.000,-90.00,180.00,0.00,CLOSED,0
5781.370,0,0,0,1.000,1.000,1.000,-90.00,180.00,0.00,CLOSED,0
5781.419,0,0,0,1.000,1.000,1.000,-90.00,180.00,0.00,CLOSED,0
5781.472,0,1,1,1.000,1.000,1.000,-86.81,176.81,0.00,CLOSED,1
5781.526,0,1,1,1.000,1.000,1.000,-83.58,173.58,0.00,CLOSED,0
5781.568,0,1,1,1.000,1.000,1.000,-81.02,171.02,0.00,CLOSED,0
5781.618,0,1,1,1.000,1.000,1.000,-78.01,168.01,0.00,CLOSED,1
5781.670,0,1,1,1.000,1.000,1.000,-74.92,164.92,0.00,CLOSED,0
5781.719,0,1,1,1.000,1.000,1.000,-71.96,161.96,0.00,CLOSED,1
5781.774,0,1,1,1.000,1.000,1.000,-68.65,158.65,0.00,CLOSED,0
5781.818,0,1,1,1.000,1.000,1.000,-66.02,156.02,0.00,CLOSED,0
5781.869,0,1,1,1.000,1.000,1.000,-62.97,152.97,0.00,CLOSED,1
5781.920,0,1,1,1.000,1.000,1.000,-59.89,149.89,0.00,CLOSED,0
5781.969,0,1,1,1.000,1.000,1.000,-56.99,146.99,0.00,CLOSED,0
5782.018,0,1,1,1.000,1.000,1.000,-54.02,144.02,0.00,CLOSED,1
5782.068,0,1,1,1.000,1.000,1.000,-51.05,141.05,0.00,CLOSED,0
5782.118,0,1,1,1.000,1.000,1.000,-48.02,138.02,0.00,CLOSED,1
5782.169,0,1,1,1.000,1.000,1.000,-44.99,134.99,0.00,CLOSED,0
5782.219,0,1,1,1.000,1.000,1.000,-41.97,131.97,0.00,CLOSED,1
5782.268,0,1,1,1.000,1.000,1.000,-39.03,129.03,0.00,CLOSED,0
5782.318,0,1,1,1.000,1.000,1.000,-36.04,126.04,0.00,CLOSED,0
5782.370,0,1,1,1.000,1.000,1.000,-32.93,122.93,0.00,CLOSED,1
5782.449,0,1,1,1.000,1.000,1.000,-28.19,118.19,0.00,CLOSED,0
5782.468,0,1,1,1.000,1.000,1.000,-27.01,117.01,0.00,CLOSED,0
5782.518,0,1,1,1.000,1.000,1.000,-24.03,114.03,0.00,CLOSED,1
5782.569,0,1,1,1.000,1.000,1.000,-20.96,110.96,0.00,CLOSED,0
5782.617,0,1,1,1.000,1.000,1.000,-18.07,108.07,0.00,CLOSED,0
5782.669,0,1,1,1.000,1.000,1.000,-14.97,104.97,0.00,CLOSED,1
5782.718,0,1,1,1.000,1.000,1.000,-12.02,102.02,0.00,CLOSED,0
5782.769,0,1,1,1.000,1.000,1.000,-9.00,99.00,0.00,CLOSED,0
5782.818,0,1,1,1.000,1.000,1.000,-6.02,96.02,0.00,CLOSED,1
5782.868,0,1,1,1.000,1.000,1.000,-3.01,93.01,0.00,CLOSED,0
5782.919,0,1,1,1.000,1.000,1.000,0.00,90.00,0.00,CLOSED,1
5782.971,0,1,1,1.000,1.000,1.000,0.00,90.00,0.00,CLOSED,0
5783.018,0,1,1,1.000,1.000,1.000,0.00,90.00,0.00,CLOSED,0
5783.068,0,1,1,1.000,1.000,1.000,0.00,90.00,0.00,CLOSED,0
5783.118,0,1,1,1.000,1.000,1.000,0.00,90.00,0.00,CLOSED,0
5783.169,0,1,1,1.000,1.000,1.000,0.00,90.00,0.00,CLOSED,0
5783.218,0,1,1,1.000,1.000,1.000,0.00,90.00,0.00,CLOSED,0
5783.269,0,1,1,1.000,1.000,1.000,0.00,90.00,0.00,CLOSED,0
5783.318,0,1,1,1.000,1.000,1.000,0.00,90.00,0.00,CLOSED,0
5783.369,0,1,1,1.000,1.000,1.000,0.00,90.00,0.00,CLOSED,0
5783.418,0,1,1,1.000,1.000,1.000,0.00,90.00,0.00,CLOSED,0
5783.470,0,1,1,1.000,1.000,1.000,0.00,90.00,0.00,CLOSED,0
5783.518,0,1,1,1.000,1.000,1.000,0.00,90.00,0.00,CLOSED,0
5783.568,0,1,1,1.000,1.000,1.000,0.00,90.00,0.00,CLOSED,0
5783.618,0,1,1,1.000,1.000,1.000,0.00,90.00,0.00,CLOSED,0
5783.669,0,1,1,1.000,1.000,1.000,0.00,90.00,0.00,CLOSED,0
5783.719,0,1,1,1.000,1.000,1.000,0.00,90.00,0.00,CLOSED,0
5783.769,0,1,1,1.000,1.000,1.000,0.00,90.00,0.00,CLOSED,0
5783.819,0,1,1,1.000,1.000,1.000,0.00,90.00,0.00,CLOSED,0
5783.868,0,1,1,1.000,1.000,1.000,0.00,90.00,0.00,CLOSED,0
5783.919,0,1,1,1.000,1.000,1.000,0.00,90.00,0.00,CLOSED,0
5783.970,0,1,1,1.000,1.000,1.000,0.00,90.00,0.00,CLOSED,0
5784.020,0,1,1,1.000,1.000,1.000,0.00,90.00,0.00,CLOSED,0
5784.068,0,1,1,1.000,1.000,1.000,0.00,90.00,0.00,CLOSED,0
5784.119,0,1,1,1.000,1.000,1.000,0.00,90.00,0.00,CLOSED,0
5784.168,0,1,1,0.999,1.000,1.000,0.00,90.00,0.00,CLOSED,0
5784.218,0,1,1,0.910,1.000,1.000,0.00,90.00,0.00,CLOSED,0
5784.269,0,1,1,0.562,1.000,1.000,0.00,90.00,0.00,CLOSED,0
5784.319,0,1,1,1.000,1.000,1.000,0.00,90.00,0.00,CLOSED,0
5784.369,0,1,1,1.000,1.000,1.000,0.00,90.00,0.00,CLOSED,0
5784.418,0,1,1,1.000,1.000,1.000,0.00,90.00,0.00,CLOSED,0
5784.468,0,1,1,1.000,1.000,1.000,0.00,90.00,0.00,CLOSED,0
5784.518,0,1,1,1.000,1.000,1.000,0.00,90.00,0.00,CLOSED,0
5784.570,0,1,1,1.000,1.000,1.000,0.00,90.00,0.00,CLOSED,0
5784.617,0,1,1,1.000,1.000,1.000,0.00,90.00,0.00,CLOSED,0
5784.668,3,1,1,1.000,1.000,1.000,0.00,90.00,0.00,OPEN,0
5784.720,3,1,1,1.000,1.000,1.000,0.00,90.00,0.00,OPEN,0
5784.769,3,1,1,1.000,1.000,1.000,0.00,90.00,0.00,OPEN,0
5784.818,3,1,1,1.000,1.000,1.000,0.00,90.00,0.00,OPEN,0
5784.869,3,1,1,1.000,1.000,1.000,0.00,90.00,0.00,OPEN,0
5784.919,3,1,1,1.000,1.000,1.000,0.00,90.00,0.00,OPEN,0
5784.969,3,1,1,1.000,1.000,1.000,0.00,90.00,0.00,OPEN,0
5785.019,3,1,1,1.000,1.000,1.000,0.00,90.00,0.00,OPEN,0
5785.082,3,1,1,1.000,1.000,1.000,0.00,90.00,0.00,OPEN,0
5785.121,3,1,1,1.000,1.000,1.000,0.00,90.00,0.00,OPEN,0
5785.168,3,1,1,1.000,1.000,1.000,0.00,90.00,0.00,OPEN,0
5785.218,3,1,1,1.000,1.000,1.000,0.00,90.00,0.00,OPEN,0
5785.268,3,1,1,1.000,1.000,1.000,0.00,90.00,0.00,OPEN,0
5785.319,3,1,1,1.000,1.000,1.000,0.00,90.00,0.00,OPEN,0
5785.369,3,1,1,1.000,1.000,1.000,0.00,90.00,0.00,OPEN,0
5785.419,3,1,1,1.000,1.000,1.000,0.00,90.00,0.00,OPEN,0
5785.468,3,1,1,1.000,1.000,1.000,0.00,90.00,0.00,OPEN,0
5785.519,3,1,1,1.000,1.000,1.000,0.00,90.00,0.00,OPEN,0
5785.569,3,1,1,0.997,1.000,1.000,0.00,90.00,0.00,OPEN,0
5785.620,3,1,1,0.972,1.000,1.000,0.00,90.00,0.00,OPEN,0
5785.669,3,1,1,0.798,1.000,1.000,0.00,90.00,0.00,OPEN,0
5785.718,3,1,1,0.619,1.000,1.000,0.00,90.00,0.00,OPEN,0
5785.769,3,1,1,0.905,1.000,1.000,0.00,90.00,0.00,OPEN,0
5785.818,3,1,1,0.973,1.000,1.000,0.00,90.00,0.00,OPEN,0
5785.869,3,1,1,0.988,1.000,1.000,0.00,90.00,0.00,OPEN,0
5785.918,3,1,1,0.978,1.000,1.000,0.00,90.00,0.00,OPEN,0
5785.968,3,1,1,0.937,1.000,1.000,0.00,90.00,0.00,OPEN,0
5786.019,3,1,1,1.000,1.000,1.000,0.00,90.00,0.00,OPEN,0
5786.069,3,1,1,1.000,1.000,1.000,0.00,90.00,0.00,OPEN,0
5786.118,3,1,1,1.000,1.000,1.000,0.00,90.00,0.00,OPEN,0
5786.172,3,1,1,1.000,1.000,1.000,0.00,90.00,0.00,OPEN,0
5786.218,3,1,1,1.000,1.000,1.000,0.00,90.00,0.00,OPEN,0
5786.269,3,1,1,1.000,1.000,1.000,0.00,90.00,0.00,OPEN,0
5786.319,3,1,1,1.000,1.000,1.000,0.00,90.00,0.00,OPEN,0
5786.368,0,1,1,1.000,1.000,1.000,0.00,90.00,0.00,OPEN,0
5786.419,0,1,1,1.000,1.000,1.000,0.00,90.00,0.00,OPEN,0
5786.468,0,1,1,1.000,1.000,1.000,0.00,90.00,0.00,OPEN,0
5786.518,0,1,1,1.000,1.000,1.000,0.00,90.00,0.00,OPEN,0
5786.569,0,1,1,1.000,1.000,1.000,0.00,90.00,0.00,OPEN,0
5786.619,0,1,1,1.000,1.000,1.000,0.00,90.00,0.00,OPEN,0
5786.670,0,1,1,1.000,1.000,1.000,0.00,90.00,0.00,OPEN,0
5786.718,0,1,1,1.000,1.000,1.000,0.00,90.00,0.00,OPEN,0
5786.768,0,1,1,1.000,1.000,1.000,0.00,90.00,0.00,OPEN,0
5786.818,0,1,1,1.000,1.000,1.000,0.00,90.00,0.00,OPEN,0
5786.868,0,1,1,1.000,1.000,1.000,0.00,90.00,0.00,OPEN,0
5786.919,0,1,1,1.000,1.000,1.000,0.00,90.00,0.00,OPEN,0
5786.968,0,1,1,1.000,1.000,1.000,0.00,90.00,0.00,OPEN,0
5787.018,0,1,1,0.810,1.000,1.000,0.00,90.00,0.00,OPEN,0
5787.069,0,1,1,0.955,1.000,1.000,0.00,90.00,0.00,OPEN,0
5787.118,0,1,1,0.999,1.000,1.000,0.00,90.00,0.00,OPEN,0
5787.169,0,1,1,0.999,1.000,1.000,0.00,90.00,0.00,OPEN,0
5787.221,0,1,1,1.000,1.000,1.000,0.00,90.00,0.00,OPEN,0
5787.268,0,1,1,1.000,1.000,1.000,0.00,90.00,0.00,OPEN,0
5787.318,0,1,1,1.000,1.000,1.000,0.00,90.00,0.00,OPEN,0
5787.369,0,1,1,1.000,1.000,1.000,0.00,90.00,0.00,OPEN,0
5787.419,2,1,1,1.000,1.000,1.000,0.00,90.00,-4.50,OPEN,1
5787.508,2,1,1,0.999,1.000,1.000,0.00,90.00,-4.50,OPEN,0
5787.522,2,1,1,0.999,1.000,1.000,0.00,90.00,-9.00,OPEN,1
5787.569,2,1,1,1.000,1.000,1.000,0.00,90.00,-9.00,OPEN,0
5787.618,2,1,1,1.000,1.000,1.000,0.00,90.00,-9.00,OPEN,0
5787.669,2,1,1,1.000,1.000,1.000,0.00,90.00,-13.50,OPEN,1
5787.721,2,1,1,1.000,1.000,1.000,0.00,90.00,-13.50,OPEN,0
5787.770,2,1,1,1.000,1.000,1.000,0.00,90.00,-18.00,OPEN,1
5787.908,2,1,1,1.000,1.000,1.000,0.00,90.00,-22.50,OPEN,1
5787.948,2,1,1,1.000,1.000,1.000,0.00,90.00,-22.50,OPEN,0
5787.957,2,1,1,1.000,1.000,1.000,0.00,90.00,-22.50,OPEN,0
5787.968,2,1,1,1.000,1.000,1.000,0.00,90.00,-22.50,OPEN,0
5788.018,2,1,1,1.000,1.000,1.000,0.00,90.00,-27.00,OPEN,1
5788.108,2,1,1,1.000,1.000,1.000,0.00,90.00,-27.00,OPEN,0
5788.121,2,1,1,1.000,1.000,1.000,0.00,90.00,-31.50,OPEN,1
5788.168,2,1,1,1.000,1.000,1.000,0.00,90.00,-31.50,OPEN,0
5788.218,2,1,1,1.000,1.000,1.000,0.00,90.00,-31.50,OPEN,0
5788.271,2,1,1,1.000,1.000,1.000,0.00,90.00,-36.00,OPEN,1
5788.320,2,1,1,1.000,1.000,1.000,0.00,90.00,-36.00,OPEN,0
5788.369,2,1,1,1.000,1.000,1.000,0.00,90.00,-36.00,OPEN,0
5788.419,2,1,1,1.000,1.000,1.000,0.00,90.00,-40.50,OPEN,1
5788.486,2,1,1,1.000,1.000,1.000,0.00,90.00,-40.50,OPEN,0
5788.519,2,1,1,1.000,1.000,1.000,0.00,90.00,-45.00,OPEN,1
5788.571,2,1,1,1.000,1.000,1.000,0.00,90.00,-45.00,OPEN,0
5788.618,2,1,1,1.000,1.000,1.000,0.00,90.00,-45.00,OPEN,0
5788.668,2,1,1,1.000,1.000,1.000,0.00,90.00,-49.50,OPEN,1
5788.720,2,1,1,1.000,1.000,1.000,0.00,90.00,-49.50,OPEN,0
5788.769,2,1,1,1.000,1.000,1.000,0.00,90.00,-54.00,OPEN,1
5788.907,2,1,1,1.000,1.000,1.000,0.00,90.00,-58.50,OPEN,1
5788.954,2,1,1,1.000,1.000,1.000,0.00,90.00,-58.50,OPEN,0
5788.966,2,1,1,1.000,1.000,1.000,0.00,90.00,-58.50,OPEN,0
5788.973,2,1,1,1.000,1.000,1.000,0.00,90.00,-58.50,OPEN,0
5789.019,2,1,1,1.000,1.000,1.000,0.00,90.00,-63.00,OPEN,1
5789.108,2,1,1,1.000,1.000,1.000,0.00,90.00,-63.00,OPEN,0
5789.121,2,1,1,0.999,1.000,1.000,0.00,90.00,-67.50,OPEN,1
5789.169,2,1,1,0.894,1.000,1.000,0.00,90.00,-67.50,OPEN,0
5789.218,2,1,1,0.879,1.000,1.000,0.00,90.00,-67.50,OPEN,0
5789.268,2,1,1,0.988,1.000,1.000,0.00,90.00,-72.00,OPEN,1
5789.320,2,1,1,0.996,1.000,1.000,0.00,90.00,-72.00,OPEN,0
5789.371,2,1,1,0.998,1.000,1.000,0.00,90.00,-76.50,OPEN,1
5789.507,2,1,1,0.999,1.000,1.000,0.00,90.00,-81.00,OPEN,1
5789.552,2,1,1,0.999,1.000,1.000,0.00,90.00,-81.00,OPEN,0
5789.557,2,1,1,0.998,1.000,1.000,0.00,90.00,-81.00,OPEN,0
5789.569,2,1,1,0.993,1.000,1.000,0.00,90.00,-81.00,OPEN,0
5789.618,3,1,1,0.921,1.000,1.000,0.00,90.00,-81.00,CLOSED,0
5789.758,3,1,1,0.636,1.000,1.000,0.00,90.00,-81.00,CLOSED,0
5789.764,3,1,1,0.954,1.000,1.000,0.00,90.00,-81.00,CLOSED,0
5789.771,3,1,1,0.981,1.000,1.000,0.00,90.00,-81.00,CLOSED,0
5789.818,3,1,1,0.967,1.000,1.000,0.00,90.00,-81.00,CLOSED,0
5789.870,3,1,1,0.965,1.000,1.000,0.00,90.00,-81.00,CLOSED,0
5789.919,3,1,1,0.948,1.000,1.000,0.00,90.00,-81.00,CLOSED,0
5789.969,3,1,1,0.895,1.000,1.000,0.00,90.00,-81.00,CLOSED,0
5790.019,3,1,1,0.847,1.000,1.000,0.00,90.00,-81.00,CLOSED,0
5790.068,0,1,1,0.819,1.000,1.000,0.00,90.00,-81.00,CLOSED,0
5790.119,0,1,1,0.809,1.000,1.000,0.00,90.00,-81.00,CLOSED,0
5790.169,0,1,1,0.819,1.000,1.000,0.00,90.00,-81.00,CLOSED,0
5790.219,0,1,1,0.994,1.000,1.000,0.00,90.00,-81.00,CLOSED,0
5790.269,0,1,1,1.000,1.000,1.000,0.00,90.00,-81.00,CLOSED,0
5790.318,0,1,1,1.000,1.000,1.000,0.00,90.00,-81.00,CLOSED,0
5790.369,0,1,1,1.000,1.000,1.000,0.00,90.00,-81.00,CLOSED,0
5790.420,0,1,1,1.000,1.000,1.000,0.00,90.00,-81.00,CLOSED,0
5790.468,0,1,1,1.000,1.000,1.000,0.00,90.00,-81.00,CLOSED,0
5790.519,0,1,1,1.000,1.000,1.000,0.00,90.00,-81.00,CLOSED,0
5790.569,0,1,1,1.000,1.000,1.000,0.00,90.00,-81.00,CLOSED,0
5790.619,0,1,1,1.000,1.000,1.000,0.00,90.00,-81.00,CLOSED,0
5790.669,0,1,1,1.000,1.000,1.000,0.00,90.00,-81.00,CLOSED,0
5790.719,0,1,1,1.000,1.000,1.000,0.00,90.00,-81.00,CLOSED,0
5790.769,0,1,1,1.000,1.000,1.000,0.00,90.00,-81.00,CLOSED,0
5790.819,0,1,1,1.000,1.000,1.000,0.00,90.00,-81.00,CLOSED,0
5790.869,0,1,1,1.000,1.000,1.000,0.00,90.00,-81.00,CLOSED,0
5790.918,0,1,1,1.000,1.000,1.000,0.00,90.00,-81.00,CLOSED,0
5790.971,0,1,1,0.950,1.000,1.000,0.00,90.00,-81.00,CLOSED,0
5791.018,0,1,1,0.999,1.000,1.000,0.00,90.00,-81.00,CLOSED,0
5791.069,0,1,1,0.760,1.000,1.000,0.00,90.00,-81.00,CLOSED,0
5791.119,0,1,1,0.775,1.000,1.000,0.00,90.00,-81.00,CLOSED,0
5791.168,0,1,1,0.838,1.000,1.000,0.00,90.00,-81.00,CLOSED,0
5791.219,0,1,1,0.677,1.000,1.000,0.00,90.00,-81.00,CLOSED,0
5791.268,0,1,1,0.748,1.000,1.000,0.00,90.00,-81.00,CLOSED,0
5791.319,0,1,1,0.831,1.000,1.000,0.00,90.00,-81.00,CLOSED,0
5791.368,0,1,1,0.802,1.000,1.000,0.00,90.00,-81.00,CLOSED,0
5791.419,0,1,1,0.764,1.000,1.000,0.00,90.00,-81.00,CLOSED,0
5791.469,0,1,1,0.613,1.000,1.000,0.00,90.00,-81.00,CLOSED,0
5791.520,0,1,1,0.468,1.000,1.000,0.00,90.00,-81.00,CLOSED,0
5791.569,0,1,1,0.505,1.000,1.000,0.00,90.00,-81.00,CLOSED,0
5791.618,0,1,1,0.455,1.000,1.000,0.00,90.00,-81.00,CLOSED,0
5791.669,0,1,1,0.461,1.000,1.000,0.00,90.00,-81.00,CLOSED,0
5791.718,0,1,1,0.449,1.000,1.000,0.00,90.00,-81.00,CLOSED,0
5791.768,0,1,1,0.789,1.000,1.000,0.00,90.00,-81.00,CLOSED,0
5791.819,0,1,1,0.947,1.000,1.000,0.00,90.00,-81.00,CLOSED,0
5791.869,0,1,1,0.874,1.000,1.000,0.00,90.00,-81.00,CLOSED,0
5791.919,0,1,1,0.749,1.000,1.000,0.00,90.00,-81.00,CLOSED,0
5791.969,0,1,1,0.838,1.000,1.000,0.00,90.00,-81.00,CLOSED,0
5792.021,0,1,1,0.897,1.000,1.000,0.00,90.00,-81.00,CLOSED,0
5792.068,0,1,1,0.896,1.000,1.000,0.00,90.00,-81.00,CLOSED,0
5792.118,0,1,1,0.899,1.000,1.000,0.00,90.00,-81.00,CLOSED,0
5792.169,0,1,1,0.901,1.000,1.000,0.00,90.00,-81.00,CLOSED,0
5792.218,0,1,1,0.940,1.000,1.000,0.00,90.00,-81.00,CLOSED,0
5792.269,0,1,1,0.924,1.000,1.000,0.00,90.00,-81.00,CLOSED,0
5792.318,0,1,1,0.881,1.000,1.000,0.00,90.00,-81.00,CLOSED,0
5792.369,0,1,1,0.850,1.000,1.000,0.00,90.00,-81.00,CLOSED,0
5792.419,0,1,1,0.839,1.000,1.000,0.00,90.00,-81.00,CLOSED,0
5792.468,0,1,1,0.701,1.000,1.000,0.00,90.00,-81.00,CLOSED,0
5792.519,0,1,1,0.588,1.000,1.000,0.00,90.00,-81.00,CLOSED,0
5792.570,0,1,1,0.580,1.000,1.000,0.00,90.00,-81.00,CLOSED,0
5792.619,0,1,1,0.524,1.000,1.000,0.00,90.00,-81.00,CLOSED,0
5792.669,0,1,1,0.509,1.000,1.000,0.00,90.00,-81.00,CLOSED,0
5792.719,0,1,1,0.517,1.000,1.000,0.00,90.00,-81.00,CLOSED,0
5792.769,0,1,1,0.541,1.000,1.000,0.00,90.00,-81.00,CLOSED,0
5792.818,0,1,1,0.605,1.000,1.000,0.00,90.00,-81.00,CLOSED,0
5792.869,0,1,1,0.666,1.000,1.000,0.00,90.00,-81.00,CLOSED,0
5792.919,0,1,1,0.717,1.000,1.000,0.00,90.00,-81.00,CLOSED,0
5792.969,0,1,1,0.763,1.000,1.000,0.00,90.00,-81.00,CLOSED,0
5793.019,0,1,1,0.718,1.000,1.000,0.00,90.00,-81.00,CLOSED,0
5793.070,0,1,1,0.900,1.000,1.000,0.00,90.00,-81.00,CLOSED,0
5793.118,0,1,1,0.992,1.000,1.000,0.00,90.00,-81.00,CLOSED,0
5793.169,0,1,1,0.998,1.000,1.000,0.00,90.00,-81.00,CLOSED,0
5793.219,0,1,1,0.999,1.000,1.000,0.00,90.00,-81.00,CLOSED,0
5793.269,0,1,1,1.000,1.000,1.000,0.00,90.00,-81.00,CLOSED,0
5793.320,0,1,1,1.000,1.000,1.000,0.00,90.00,-81.00,CLOSED,0
5793.369,0,1,1,1.000,1.000,1.000,0.00,90.00,-81.00,CLOSED,0
5793.418,3,1,1,1.000,1.000,1.000,0.00,90.00,-81.00,OPEN,0
5793.470,3,1,1,1.000,1.000,1.000,0.00,90.00,-81.00,OPEN,0
5793.518,3,1,1,1.000,1.000,1.000,0.00,90.00,-81.00,OPEN,0
5793.570,3,1,1,1.000,1.000,1.000,0.00,90.00,-81.00,OPEN,0
5793.620,3,1,1,1.000,1.000,1.000,0.00,90.00,-81.00,OPEN,0
5793.669,3,1,1,1.000,1.000,1.000,0.00,90.00,-81.00,OPEN,0
5793.719,3,1,1,1.000,1.000,1.000,0.00,90.00,-81.00,OPEN,0
5793.768,3,1,1,0.998,1.000,1.000,0.00,90.00,-81.00,OPEN,0
5793.819,3,1,1,0.975,1.000,1.000,0.00,90.00,-81.00,OPEN,0
5793.869,3,1,1,0.697,1.000,1.000,0.00,90.00,-81.00,OPEN,0
5793.919,3,1,1,0.519,1.000,1.000,0.00,90.00,-81.00,OPEN,0
5793.970,3,1,1,0.985,1.000,1.000,0.00,90.00,-81.00,OPEN,0
5794.018,3,1,1,0.993,1.000,1.000,0.00,90.00,-81.00,OPEN,0
5794.069,3,1,1,0.999,1.000,1.000,0.00,90.00,-81.00,OPEN,0
5794.119,3,1,1,1.000,1.000,1.000,0.00,90.00,-81.00,OPEN,0
5794.170,3,1,1,1.000,1.000,1.000,0.00,90.00,-81.00,OPEN,0
5794.218,3,1,1,1.000,1.000,1.000,0.00,90.00,-81.00,OPEN,0
5794.270,3,1,1,1.000,1.000,1.000,0.00,90.00,-81.00,OPEN,0
5794.319,0,1,1,1.000,1.000,1.000,0.00,90.00,-81.00,OPEN,0
5794.369,0,1,1,1.000,1.000,1.000,0.00,90.00,-81.00,OPEN,0
5794.419,0,1,1,1.000,1.000,1.000,0.00,90.00,-81.00,OPEN,0
5794.468,0,1,1,0.997,1.000,1.000,0.00,90.00,-81.00,OPEN,0
5794.519,0,1,1,0.918,1.000,1.000,0.00,90.00,-81.00,OPEN,0
5794.568,0,1,1,0.532,1.000,1.000,0.00,90.00,-81.00,OPEN,0
5794.618,0,1,1,0.408,1.000,1.000,0.00,90.00,-81.00,OPEN,0
5794.670,0,1,1,0.642,1.000,1.000,0.00,90.00,-81.00,OPEN,0
5794.719,0,1,1,0.944,1.000,1.000,0.00,90.00,-81.00,OPEN,0
5794.768,0,1,1,0.868,1.000,1.000,0.00,90.00,-81.00,OPEN,0
5794.821,0,1,1,0.918,1.000,1.000,0.00,90.00,-81.00,OPEN,0
5794.870,0,1,1,0.977,1.000,1.000,0.00,90.00,-81.00,OPEN,0
5794.921,0,1,1,0.954,1.000,1.000,0.00,90.00,-81.00,OPEN,0
5794.968,0,1,1,0.928,1.000,1.000,0.00,90.00,-81.00,OPEN,0
5795.018,0,1,1,0.957,1.000,1.000,0.00,90.00,-81.00,OPEN,0
5795.070,0,1,1,0.983,1.000,1.000,0.00,90.00,-81.00,OPEN,0
5795.119,0,1,1,0.985,1.000,1.000,0.00,90.00,-81.00,OPEN,0
5795.170,0,1,1,0.994,1.000,1.000,0.00,90.00,-81.00,OPEN,0
5795.220,0,1,1,0.997,1.000,1.000,0.00,90.00,-81.00,OPEN,0
5795.268,0,1,1,0.998,1.000,1.000,0.00,90.00,-81.00,OPEN,0
5795.319,0,1,1,1.000,1.000,1.000,0.00,90.00,-81.00,OPEN,0
5795.368,0,1,1,1.000,1.000,1.000,0.00,90.00,-81.00,OPEN,0
5795.419,0,1,1,1.000,1.000,1.000,0.00,90.00,-81.00,OPEN,0
5795.470,0,1,1,1.000,1.000,1.000,0.00,90.00,-81.00,OPEN,0
5795.519,0,1,1,1.000,1.000,1.000,0.00,90.00,-81.00,OPEN,0
5795.569,0,1,1,1.000,1.000,1.000,0.00,90.00,-81.00,OPEN,0
5795.619,0,1,1,1.000,1.000,1.000,0.00,90.00,-81.00,OPEN,0
5795.669,0,1,1,1.000,1.000,1.000,0.00,90.00,-81.00,OPEN,0
5795.719,0,1,1,1.000,1.000,1.000,0.00,90.00,-81.00,OPEN,0
5795.770,0,1,1,1.000,1.000,1.000,0.00,90.00,-81.00,OPEN,0
5795.819,0,1,1,1.000,1.000,1.000,0.00,90.00,-81.00,OPEN,0
5795.868,0,1,1,1.000,1.000,1.000,0.00,90.00,-81.00,OPEN,0
5795.919,0,1,1,1.000,1.000,1.000,0.00,90.00,-81.00,OPEN,0
5795.970,0,1,1,1.000,1.000,1.000,0.00,90.00,-81.00,OPEN,0
5796.019,0,1,1,0.989,1.000,1.000,0.00,90.00,-81.00,OPEN,0
5796.069,0,1,1,0.695,1.000,1.000,0.00,90.00,-81.00,OPEN,0
5796.120,0,1,1,0.933,1.000,1.000,0.00,90.00,-81.00,OPEN,0
5796.169,0,1,1,0.650,1.000,1.000,0.00,90.00,-81.00,OPEN,0
5796.220,0,1,1,0.773,1.000,1.000,0.00,90.00,-81.00,OPEN,0
5796.271,0,1,1,0.511,1.000,1.000,0.00,90.00,-81.00,OPEN,0
5796.319,0,1,1,0.657,1.000,1.000,0.00,90.00,-81.00,OPEN,0
5796.369,0,1,1,0.898,1.000,1.000,0.00,90.00,-81.00,OPEN,0
5796.419,0,1,1,0.954,1.000,1.000,0.00,90.00,-81.00,OPEN,0
5796.469,0,1,1,0.979,1.000,1.000,0.00,90.00,-81.00,OPEN,0
5796.518,0,1,1,0.979,1.000,1.000,0.00,90.00,-81.00,OPEN,0
5796.569,0,1,1,0.977,1.000,1.000,0.00,90.00,-81.00,OPEN,0
5796.620,0,1,1,0.974,1.000,1.000,0.00,90.00,-81.00,OPEN,0
5796.669,0,1,1,0.975,1.000,1.000,0.00,90.00,-81.00,OPEN,0
5796.718,3,1,1,0.966,1.000,1.000,0.00,90.00,-81.00,CLOSED,0
5796.783,3,1,1,0.950,1.000,1.000,0.00,90.00,-81.00,CLOSED,0
5796.820,3,1,1,0.923,1.000,1.000,0.00,90.00,-81.00,CLOSED,0
5796.869,3,1,1,0.880,1.000,1.000,0.00,90.00,-81.00,CLOSED,0
5796.918,3,1,1,0.835,1.000,1.000,0.00,90.00,-81.00,CLOSED,0
5796.968,3,1,1,0.928,1.000,1.000,0.00,90.00,-81.00,CLOSED,0
5797.019,3,1,1,0.919,1.000,1.000,0.00,90.00,-81.00,CLOSED,0
5797.069,3,1,1,0.943,1.000,1.000,0.00,90.00,-81.00,CLOSED,0
5797.118,3,1,1,0.983,1.000,1.000,0.00,90.00,-81.00,CLOSED,0
5797.168,3,1,1,0.991,1.000,1.000,0.00,90.00,-81.00,CLOSED,0
5797.219,3,1,1,0.996,1.000,1.000,0.00,90.00,-81.00,CLOSED,0
5797.270,3,1,1,0.996,1.000,1.000,0.00,90.00,-81.00,CLOSED,0
5797.318,3,1,1,0.998,1.000,1.000,0.00,90.00,-81.00,CLOSED,0
5797.370,3,1,1,0.997,1.000,1.000,0.00,90.00,-81.00,CLOSED,0
5797.418,3,1,1,0.998,1.000,1.000,0.00,90.00,-81.00,CLOSED,0
5797.469,3,1,1,0.998,1.000,1.000,0.00,90.00,-81.00,CLOSED,0
5797.518,3,1,1,0.999,1.000,1.000,0.00,90.00,-81.00,CLOSED,0
5797.569,3,1,1,0.999,1.000,1.000,0.00,90.00,-81.00,CLOSED,0
5797.619,3,1,1,0.999,1.000,1.000,0.00,90.00,-81.00,CLOSED,0
5797.670,3,1,1,0.999,1.000,1.000,0.00,90.00,-81.00,CLOSED,0
5797.719,3,1,1,1.000,1.000,1.000,0.00,90.00,-81.00,CLOSED,0
5797.769,3,1,1,1.000,1.000,1.000,0.00,90.00,-81.00,CLOSED,0
5797.819,3,1,1,0.999,1.000,1.000,0.00,90.00,-81.00,CLOSED,0
5797.870,3,1,1,0.999,1.000,1.000,0.00,90.00,-81.00,CLOSED,0
5797.919,3,1,1,0.999,1.000,1.000,0.00,90.00,-81.00,CLOSED,0
5797.969,3,1,1,0.998,1.000,1.000,0.00,90.00,-81.00,CLOSED,0
5798.020,3,1,1,0.997,1.000,1.000,0.00,90.00,-81.00,CLOSED,0
5798.068,3,1,1,0.996,1.000,1.000,0.00,90.00,-81.00,CLOSED,0
5798.119,3,1,1,0.996,1.000,1.000,0.00,90.00,-81.00,CLOSED,0
5798.170,3,1,1,0.997,1.000,1.000,0.00,90.00,-81.00,CLOSED,0
5798.219,3,1,1,0.996,1.000,1.000,0.00,90.00,-81.00,CLOSED,0
5798.269,3,1,1,0.996,1.000,1.000,0.00,90.00,-81.00,CLOSED,0
5798.319,3,1,1,0.996,1.000,1.000,0.00,90.00,-81.00,CLOSED,0
5798.369,3,1,1,0.997,1.000,1.000,0.00,90.00,-81.00,CLOSED,0
5798.421,3,1,1,0.996,1.000,1.000,0.00,90.00,-81.00,CLOSED,0
5798.469,3,1,1,0.978,1.000,0.999,0.00,90.00,-81.00,CLOSED,0
5798.520,3,1,1,0.978,1.000,0.998,0.00,90.00,-81.00,CLOSED,0
5798.568,3,1,1,0.894,1.000,0.998,0.00,90.00,-81.00,CLOSED,0
5798.619,3,1,1,0.712,1.000,0.998,0.00,90.00,-81.00,CLOSED,0
5798.669,3,1,1,0.597,1.000,0.998,0.00,90.00,-81.00,CLOSED,0
5798.719,3,1,1,0.682,1.000,0.999,0.00,90.00,-81.00,CLOSED,0
5798.769,3,1,1,0.754,1.000,0.999,0.00,90.00,-81.00,CLOSED,0
5798.819,3,1,1,0.735,1.000,1.000,0.00,90.00,-81.00,CLOSED,0
5798.870,3,1,1,0.882,1.000,1.000,0.00,90.00,-81.00,CLOSED,0
5798.920,3,1,1,0.998,1.000,1.000,0.00,90.00,-81.00,CLOSED,0
5798.972,3,1,1,1.000,1.000,1.000,0.00,90.00,-81.00,CLOSED,0
5799.019,3,1,1,1.000,1.000,1.000,0.00,90.00,-81.00,CLOSED,0
5799.070,3,1,1,1.000,1.000,1.000,0.00,90.00,-81.00,CLOSED,0
5799.118,3,1,1,1.000,1.000,1.000,0.00,90.00,-81.00,CLOSED,0
5799.168,3,1,1,1.000,1.000,1.000,0.00,90.00,-81.00,CLOSED,0
5799.219,0,1,1,1.000,1.000,1.000,0.00,90.00,-81.00,CLOSED,0
5799.268,0,1,1,1.000,1.000,1.000,0.00,90.00,-81.00,CLOSED,0
5799.319,0,1,1,1.000,1.000,1.000,0.00,90.00,-81.00,CLOSED,0
5799.370,0,1,1,1.000,1.000,1.000,0.00,90.00,-81.00,CLOSED,0
5799.419,0,1,1,1.000,1.000,1.000,0.00,90.00,-81.00,CLOSED,0
5799.470,0,1,1,1.000,1.000,1.000,0.00,90.00,-81.00,CLOSED,0
5799.520,0,1,1,1.000,1.000,1.000,0.00,90.00,-81.00,CLOSED,0
5799.569,0,1,1,1.000,1.000,1.000,0.00,90.00,-81.00,CLOSED,0
5799.618,0,1,1,1.000,1.000,1.000,0.00,90.00,-81.00,CLOSED,0
5799.669,0,1,1,1.000,1.000,1.000,0.00,90.00,-81.00,CLOSED,0
5799.721,0,1,1,1.000,1.000,1.000,0.00,90.00,-81.00,CLOSED,0
5799.769,0,1,1,1.000,1.000,1.000,0.00,90.00,-81.00,CLOSED,0
5799.818,0,1,1,1.000,1.000,1.000,0.00,90.00,-81.00,CLOSED,0
5799.868,0,1,1,1.000,1.000,1.000,0.00,90.00,-81.00,CLOSED,0
5799.918,0,1,1,1.000,1.000,1.000,0.00,90.00,-81.00,CLOSED,0
5799.973,0,1,1,1.000,1.000,1.000,0.00,90.00,-81.00,CLOSED,0
5800.020,0,1,1,1.000,1.000,1.000,0.00,90.00,-81.00,CLOSED,0
5800.070,0,1,1,1.000,1.000,1.000,0.00,90.00,-81.00,CLOSED,0
5800.120,0,1,1,1.000,1.000,1.000,0.00,90.00,-81.00,CLOSED,0
5800.171,0,1,1,1.000,1.000,1.000,0.00,90.00,-81.00,CLOSED,0
5800.218,0,1,1,1.000,1.000,1.000,0.00,90.00,-81.00,CLOSED,0
5800.269,0,1,1,1.000,1.000,1.000,0.00,90.00,-81.00,CLOSED,0
5800.320,0,1,1,1.000,1.000,1.000,0.00,90.00,-81.00,CLOSED,0
5800.370,0,1,1,1.000,1.000,1.000,0.00,90.00,-81.00,CLOSED,0
5800.419,0,1,1,1.000,1.000,1.000,0.00,90.00,-81.00,CLOSED,0
5800.469,0,1,1,1.000,1.000,1.000,0.00,90.00,-81.00,CLOSED,0
5800.521,0,1,1,1.000,1.000,1.000,0.00,90.00,-81.00,CLOSED,0
5800.571,0,1,1,1.000,1.000,1.000,0.00,90.00,-81.00,CLOSED,0
5800.619,0,1,1,1.000,1.000,1.000,0.00,90.00,-81.00,CLOSED,0
5800.667,0,1,1,1.000,1.000,1.000,0.00,90.00,-81.00,CLOSED,0
5800.719,0,1,1,1.000,1.000,1.000,0.00,90.00,-81.00,CLOSED,0
5800.769,0,1,1,1.000,1.000,1.000,0.00,90.00,-81.00,CLOSED,0
5800.820,0,1,1,1.000,1.000,1.000,0.00,90.00,-81.00,CLOSED,0
5800.869,0,1,1,0.490,1.000,1.000,0.00,90.00,-81.00,CLOSED,0
5800.918,0,1,1,0.978,1.000,1.000,0.00,90.00,-81.00,CLOSED,0
5800.971,0,1,1,0.999,1.000,1.000,0.00,90.00,-81.00,CLOSED,0
5801.019,0,1,1,0.984,1.000,1.000,0.00,90.00,-81.00,CLOSED,0
5801.071,0,1,1,0.728,1.000,1.000,0.00,90.00,-81.00,CLOSED,0
5801.119,0,1,1,0.998,1.000,1.000,0.00,90.00,-81.00,CLOSED,0
5801.170,0,1,1,1.000,1.000,1.000,0.00,90.00,-81.00,CLOSED,0
5801.219,0,1,1,1.000,1.000,1.000,0.00,90.00,-81.00,CLOSED,0
5801.268,0,1,1,1.000,1.000,1.000,0.00,90.00,-81.00,CLOSED,0
5801.318,0,1,1,1.000,1.000,1.000,0.00,90.00,-81.00,CLOSED,0
5801.370,0,1,1,1.000,1.000,1.000,0.00,90.00,-81.00,CLOSED,0
5801.419,0,1,1,1.000,1.000,1.000,0.00,90.00,-81.00,CLOSED,0
5801.468,3,1,1,1.000,1.000,1.000,0.00,90.00,-81.00,OPEN,0
5801.563,3,1,1,1.000,1.000,1.000,0.00,90.00,-81.00,OPEN,0
5801.575,3,1,1,1.000,1.000,1.000,0.00,90.00,-81.00,OPEN,0
5801.621,3,1,1,1.000,1.000,1.000,0.00,90.00,-81.00,OPEN,0
5801.669,3,1,1,1.000,1.000,1.000,0.00,90.00,-81.00,OPEN,0
5801.718,3,1,1,1.000,1.000,1.000,0.00,90.00,-81.00,OPEN,0
5801.768,3,1,1,1.000,1.000,1.000,0.00,90.00,-81.00,OPEN,0
5801.820,3,1,1,1.000,1.000,1.000,0.00,90.00,-81.00,OPEN,0
5801.869,3,1,1,1.000,1.000,1.000,0.00,90.00,-81.00,OPEN,0
5801.919,3,1,1,1.000,1.000,1.000,0.00,90.00,-81.00,OPEN,0
5801.971,3,1,1,1.000,1.000,1.000,0.00,90.00,-81.00,OPEN,0
5802.019,3,1,1,1.000,1.000,1.000,0.00,90.00,-81.00,OPEN,0
5802.068,3,1,1,1.000,1.000,1.000,0.00,90.00,-81.00,OPEN,0
5802.118,3,1,1,1.000,1.000,1.000,0.00,90.00,-81.00,OPEN,0
5802.171,3,1,1,1.000,1.000,1.000,0.00,90.00,-81.00,OPEN,0
5802.219,3,1,1,1.000,1.000,1.000,0.00,90.00,-81.00,OPEN,0
5802.269,3,1,1,1.000,1.000,1.000,0.00,90.00,-81.00,OPEN,0
5802.319,3,1,1,1.000,1.000,1.000,0.00,90.00,-81.00,OPEN,0
5802.368,3,1,1,1.000,1.000,1.000,0.00,90.00,-81.00,OPEN,0
5802.419,3,1,1,1.000,1.000,1.000,0.00,90.00,-81.00,OPEN,0
5802.468,3,1,1,1.000,1.000,1.000,0.00,90.00,-81.00,OPEN,0
5802.519,3,1,1,1.000,1.000,1.000,0.00,90.00,-81.00,OPEN,0
5802.570,3,1,1,1.000,1.000,1.000,0.00,90.00,-81.00,OPEN,0
5802.619,3,1,1,1.000,1.000,1.000,0.00,90.00,-81.00,OPEN,0
5802.672,3,1,1,1.000,1.000,1.000,0.00,90.00,-81.00,OPEN,0
5802.719,3,1,1,1.000,1.000,1.000,0.00,90.00,-81.00,OPEN,0
5802.769,3,1,1,1.000,1.000,1.000,0.00,90.00,-81.00,OPEN,0
5802.818,3,1,1,1.000,1.000,1.000,0.00,90.00,-81.00,OPEN,0
5802.869,3,1,1,1.000,1.000,1.000,0.00,90.00,-81.00,OPEN,0
5802.920,3,1,1,1.000,1.000,1.000,0.00,90.00,-81.00,OPEN,0
5802.969,3,1,1,1.000,1.000,1.000,0.00,90.00,-81.00,OPEN,0
5803.019,3,1,1,1.000,1.000,1.000,0.00,90.00,-81.00,OPEN,0
5803.070,3,1,1,1.000,1.000,1.000,0.00,90.00,-81.00,OPEN,0
5803.120,3,1,1,1.000,1.000,1.000,0.00,90.00,-81.00,OPEN,0
5803.169,3,1,1,1.000,1.000,1.000,0.00,90.00,-81.00,OPEN,0
5803.221,3,1,1,1.000,1.000,1.000,0.00,90.00,-81.00,OPEN,0
5803.270,3,1,1,1.000,1.000,1.000,0.00,90.00,-81.00,OPEN,0
5803.320,3,1,1,1.000,1.000,1.000,0.00,90.00,-81.00,OPEN,0
5803.369,3,1,1,1.000,1.000,1.000,0.00,90.00,-81.00,OPEN,0
5803.418,3,1,1,1.000,1.000,1.000,0.00,90.00,-81.00,OPEN,0
5803.469,3,1,1,0.823,1.000,1.000,0.00,90.00,-81.00,OPEN,0
5803.519,3,1,1,0.998,1.000,1.000,0.00,90.00,-81.00,OPEN,0
5803.569,3,1,1,0.965,1.000,1.000,0.00,90.00,-81.00,OPEN,0
5803.618,3,1,1,0.645,1.000,1.000,0.00,90.00,-81.00,OPEN,0
5803.670,3,1,1,0.686,1.000,1.000,0.00,90.00,-81.00,OPEN,0
5803.720,3,1,1,0.696,1.000,1.000,0.00,90.00,-81.00,OPEN,0
5803.771,3,1,1,0.923,1.000,1.000,0.00,90.00,-81.00,OPEN,0
5803.821,3,1,1,0.881,1.000,1.000,0.00,90.00,-81.00,OPEN,0
5803.869,3,1,1,0.755,1.000,1.000,0.00,90.00,-81.00,OPEN,0
5803.918,3,1,1,0.718,1.000,1.000,0.00,90.00,-81.00,OPEN,0
5803.968,3,1,1,0.685,1.000,1.000,0.00,90.00,-81.00,OPEN,0
5804.019,3,1,1,0.607,1.000,1.000,0.00,90.00,-81.00,OPEN,0
5804.070,2,1,1,0.954,1.000,1.000,0.00,90.00,-85.50,OPEN,1
5804.118,2,1,1,0.996,1.000,1.000,0.00,90.00,-85.50,OPEN,0
5804.168,2,1,1,0.999,1.000,1.000,0.00,90.00,-85.50,OPEN,0
5804.218,2,1,1,1.000,1.000,1.000,0.00,90.00,-90.00,OPEN,1
5804.271,2,1,1,1.000,1.000,1.000,0.00,90.00,-90.00,OPEN,0
5804.318,2,1,1,1.000,1.000,1.000,0.00,90.00,-94.50,OPEN,1
5804.370,0,1,1,1.000,1.000,1.000,0.00,90.00,-94.50,OPEN,0
5804.419,0,1,1,0.999,1.000,1.000,0.00,90.00,-94.50,OPEN,0
5804.468,0,1,1,0.999,1.000,1.000,0.00,90.00,-94.50,OPEN,0
5804.527,0,1,1,0.999,1.000,1.000,0.00,90.00,-94.50,OPEN,0
5804.570,0,1,1,0.999,1.000,1.000,0.00,90.00,-94.50,OPEN,0
5804.619,0,1,1,0.999,1.000,1.000,0.00,90.00,-94.50,OPEN,0
5804.669,0,1,1,0.997,1.000,1.000,0.00,90.00,-94.50,OPEN,0
5804.719,0,1,1,0.997,1.000,1.000,0.00,90.00,-94.50,OPEN,0
5804.768,0,1,1,0.992,1.000,1.000,0.00,90.00,-94.50,OPEN,0
5804.820,0,1,1,0.997,1.000,1.000,0.00,90.00,-94.50,OPEN,0
5804.869,0,1,1,0.997,1.000,1.000,0.00,90.00,-94.50,OPEN,0
5804.920,0,1,1,0.998,1.000,1.000,0.00,90.00,-94.50,OPEN,0
5804.968,0,1,1,0.999,1.000,1.000,0.00,90.00,-94.50,OPEN,0
5805.019,0,1,1,0.999,1.000,1.000,0.00,90.00,-94.50,OPEN,0
5805.071,0,1,1,0.997,1.000,1.000,0.00,90.00,-94.50,OPEN,0
5805.119,0,1,1,0.996,1.000,1.000,0.00,90.00,-94.50,OPEN,0
5805.169,0,1,1,0.987,1.000,1.000,0.00,90.00,-94.50,OPEN,0
5805.218,0,1,1,0.907,1.000,1.000,0.00,90.00,-94.50,OPEN,0
5805.270,0,1,1,0.974,1.000,1.000,0.00,90.00,-94.50,OPEN,0
5805.320,0,1,1,0.571,1.000,1.000,0.00,90.00,-94.50,OPEN,0
5805.372,0,1,1,0.773,1.000,1.000,0.00,90.00,-94.50,OPEN,0
5805.420,0,1,1,0.933,1.000,1.000,0.00,90.00,-94.50,OPEN,0
5805.468,0,1,1,0.906,1.000,1.000,0.00,90.00,-94.50,OPEN,0
5805.518,0,1,1,0.887,1.000,1.000,0.00,90.00,-94.50,OPEN,0
5805.570,0,1,1,0.962,1.000,1.000,0.00,90.00,-94.50,OPEN,0
5805.620,0,1,1,0.916,1.000,1.000,0.00,90.00,-94.50,OPEN,0
5805.668,0,1,1,0.817,1.000,1.000,0.00,90.00,-94.50,OPEN,0
5805.720,0,1,1,0.689,1.000,1.000,0.00,90.00,-94.50,OPEN,0
5805.769,0,1,1,0.734,1.000,1.000,0.00,90.00,-94.50,OPEN,0
5805.820,0,1,1,0.777,1.000,1.000,0.00,90.00,-94.50,OPEN,0
5805.871,1,1,1,0.803,1.000,1.000,0.00,90.00,-90.00,OPEN,1
5805.922,1,1,1,0.811,1.000,1.000,0.00,90.00,-90.00,OPEN,0
5805.970,1,1,1,0.826,1.000,1.000,0.00,90.00,-90.00,OPEN,0
5806.019,1,1,1,0.830,1.000,1.000,0.00,90.00,-85.50,OPEN,1
5806.071,1,1,1,0.826,1.000,1.000,0.00,90.00,-85.50,OPEN,0
5806.119,1,1,1,0.772,1.000,1.000,0.00,90.00,-85.50,OPEN,0
5806.170,1,1,1,0.620,1.000,1.000,0.00,90.00,-81.00,OPEN,1
5806.267,1,1,1,0.511,1.000,1.000,0.00,90.00,-81.00,OPEN,0
5806.275,1,1,1,0.670,1.000,1.000,0.00,90.00,-76.50,OPEN,1
5806.321,1,1,1,0.645,1.000,1.000,0.00,90.00,-76.50,OPEN,0
5806.371,1,1,1,0.679,1.000,1.000,0.00,90.00,-76.50,OPEN,0
5806.422,1,1,1,0.700,1.000,1.000,0.00,90.00,-72.00,OPEN,1
5806.472,1,1,1,0.705,1.000,1.000,0.00,90.00,-72.00,OPEN,0
5806.520,1,1,1,0.735,1.000,1.000,0.00,90.00,-72.00,OPEN,0
5806.568,1,1,1,0.748,1.000,1.000,0.00,90.00,-67.50,OPEN,1
5806.676,1,1,1,0.815,1.000,1.000,0.00,90.00,-63.00,OPEN,1
5806.711,3,1,1,0.841,1.000,1.000,0.00,90.00,-63.00,CLOSED,0
5806.759,3,1,1,0.882,1.000,1.000,0.00,90.00,-63.00,CLOSED,0
5806.769,3,1,1,0.893,1.000,1.000,0.00,90.00,-63.00,CLOSED,0
5806.819,3,1,1,0.864,1.000,1.000,0.00,90.00,-63.00,CLOSED,0
5806.868,3,1,1,0.766,1.000,1.000,0.00,90.00,-63.00,CLOSED,0
5806.920,3,1,1,0.537,1.000,1.000,0.00,90.00,-63.00,CLOSED,0
5806.972,3,1,1,0.854,1.000,1.000,0.00,90.00,-63.00,CLOSED,0
5807.019,3,1,1,0.960,1.000,1.000,0.00,90.00,-63.00,CLOSED,0
5807.068,3,1,1,0.989,1.000,1.000,0.00,90.00,-63.00,CLOSED,0
5807.121,3,1,1,0.996,1.000,1.000,0.00,90.00,-63.00,CLOSED,0
5807.171,3,1,1,0.997,1.000,1.000,0.00,90.00,-63.00,CLOSED,0
5807.220,3,1,1,0.998,1.000,1.000,0.00,90.00,-63.00,CLOSED,0
5807.270,3,1,1,0.998,1.000,1.000,0.00,90.00,-63.00,CLOSED,0
5807.318,1,1,1,0.995,1.000,1.000,0.00,90.00,-58.50,CLOSED,1
5807.369,1,1,1,0.982,1.000,1.000,0.00,90.00,-58.50,CLOSED,0
5807.419,1,1,1,0.944,1.000,1.000,0.00,90.00,-54.00,CLOSED,1
5807.490,1,1,1,0.747,1.000,1.000,0.00,90.00,-54.00,CLOSED,0
5807.521,1,1,1,0.496,1.000,1.000,0.00,90.00,-49.50,CLOSED,1
5807.568,1,1,1,0.714,1.000,1.000,0.00,90.00,-49.50,CLOSED,0
5807.620,1,1,1,0.838,1.000,1.000,0.00,90.00,-49.50,CLOSED,0
5807.669,1,1,1,0.856,1.000,1.000,0.00,90.00,-45.00,CLOSED,1
5807.721,1,1,1,0.901,1.000,1.000,0.00,90.00,-45.00,CLOSED,0
5807.771,1,1,1,0.920,1.000,1.000,0.00,90.00,-40.50,CLOSED,1
5807.896,1,1,1,0.933,1.000,1.000,0.00,90.00,-36.00,CLOSED,1
5807.913,1,1,1,0.945,1.000,1.000,0.00,90.00,-36.00,CLOSED,0
5807.922,3,1,1,0.961,1.000,1.000,0.00,90.00,-36.00,OPEN,0
5808.103,3,1,1,0.975,1.000,1.000,0.00,90.00,-36.00,OPEN,0
5808.111,3,1,1,0.983,1.000,1.000,0.00,90.00,-36.00,OPEN,0
5808.117,3,1,1,0.988,1.000,1.000,0.00,90.00,-36.00,OPEN,0
5808.124,3,1,1,0.990,1.000,1.000,0.00,90.00,-36.00,OPEN,0
5808.170,3,1,1,0.983,1.000,1.000,0.00,90.00,-36.00,OPEN,0
5808.219,3,1,1,0.956,1.000,1.000,0.00,90.00,-36.00,OPEN,0
5808.270,3,1,1,0.788,1.000,1.000,0.00,90.00,-36.00,OPEN,0
5808.320,3,1,1,0.728,1.000,1.000,0.00,90.00,-36.00,OPEN,0
5808.369,3,1,1,0.921,1.000,1.000,0.00,90.00,-36.00,OPEN,0
5808.419,3,1,1,0.986,1.000,1.000,0.00,90.00,-36.00,OPEN,0
5808.470,3,1,1,0.995,1.000,1.000,0.00,90.00,-36.00,OPEN,0
5808.521,3,1,1,0.998,1.000,1.000,0.00,90.00,-36.00,OPEN,0
5808.571,3,1,1,0.999,1.000,1.000,0.00,90.00,-36.00,OPEN,0
5808.621,3,1,1,0.999,1.000,1.000,0.00,90.00,-36.00,OPEN,0
5808.670,3,1,1,1.000,1.000,1.000,0.00,90.00,-36.00,OPEN,0
5808.720,3,1,1,1.000,1.000,1.000,0.00,90.00,-36.00,OPEN,0
5808.770,3,1,1,1.000,1.000,1.000,0.00,90.00,-36.00,OPEN,0
5808.819,3,1,1,1.000,1.000,1.000,0.00,90.00,-36.00,OPEN,0
5808.870,3,1,1,1.000,1.000,1.000,0.00,90.00,-36.00,OPEN,0
5808.921,3,1,1,1.000,1.000,1.000,0.00,90.00,-36.00,OPEN,0
5808.973,3,1,1,1.000,1.000,1.000,0.00,90.00,-36.00,OPEN,0
5809.019,3,1,1,1.000,1.000,1.000,0.00,90.00,-36.00,OPEN,0
5809.072,3,1,1,1.000,1.000,1.000,0.00,90.00,-36.00,OPEN,0
5809.120,3,1,1,1.000,1.000,1.000,0.00,90.00,-36.00,OPEN,0
5809.170,3,1,1,1.000,1.000,1.000,0.00,90.00,-36.00,OPEN,0
5809.220,3,1,1,1.000,1.000,1.000,0.00,90.00,-36.00,OPEN,0
5809.271,3,1,1,1.000,1.000,1.000,0.00,90.00,-36.00,OPEN,0
5809.320,3,1,1,1.000,1.000,1.000,0.00,90.00,-36.00,OPEN,0
5809.370,3,1,1,1.000,1.000,1.000,0.00,90.00,-36.00,OPEN,0
5809.420,3,1,1,1.000,1.000,1.000,0.00,90.00,-36.00,OPEN,0
5809.469,3,1,1,0.995,1.000,1.000,0.00,90.00,-36.00,OPEN,0
5809.520,3,1,1,0.962,1.000,1.000,0.00,90.00,-36.00,OPEN,0
5809.569,3,1,1,0.970,1.000,1.000,0.00,90.00,-36.00,OPEN,0
5809.623,3,1,1,0.988,1.000,1.000,0.00,90.00,-36.00,OPEN,0
5809.669,3,1,1,0.998,1.000,1.000,0.00,90.00,-36.00,OPEN,0
5809.721,3,1,1,0.999,1.000,1.000,0.00,90.00,-36.00,OPEN,0
5809.770,3,1,1,0.999,1.000,1.000,0.00,90.00,-36.00,OPEN,0
5809.819,3,1,1,0.999,1.000,1.000,0.00,90.00,-36.00,OPEN,0
5809.869,3,1,1,0.999,1.000,1.000,0.00,90.00,-36.00,OPEN,0
5809.920,3,1,1,0.999,1.000,1.000,0.00,90.00,-36.00,OPEN,0
5809.970,3,1,1,0.999,1.000,1.000,0.00,90.00,-36.00,OPEN,0
5810.019,3,1,1,0.998,1.000,1.000,0.00,90.00,-36.00,OPEN,0
5810.070,3,1,1,0.995,1.000,1.000,0.00,90.00,-36.00,OPEN,0
5810.121,3,1,1,0.978,1.000,1.000,0.00,90.00,-36.00,OPEN,0
5810.171,3,1,1,0.944,1.000,1.000,0.00,90.00,-36.00,OPEN,0
5810.219,3,1,1,0.900,1.000,1.000,0.00,90.00,-36.00,OPEN,0
5810.270,3,1,1,0.843,1.000,1.000,0.00,90.00,-36.00,OPEN,0
5810.320,3,1,1,0.904,1.000,1.000,0.00,90.00,-36.00,OPEN,0
5810.370,3,1,1,0.965,1.000,1.000,0.00,90.00,-36.00,OPEN,0
5810.420,3,1,1,0.986,1.000,1.000,0.00,90.00,-36.00,OPEN,0
5810.470,3,1,1,0.994,1.000,1.000,0.00,90.00,-36.00,OPEN,0
5810.519,3,1,1,0.998,1.000,1.000,0.00,90.00,-36.00,OPEN,0
5810.570,3,1,1,0.999,1.000,1.000,0.00,90.00,-36.00,OPEN,0
5810.622,3,1,1,0.999,1.000,1.000,0.00,90.00,-36.00,OPEN,0
5810.671,3,1,1,1.000,1.000,1.000,0.00,90.00,-36.00,OPEN,0
5810.720,3,1,1,1.000,1.000,1.000,0.00,90.00,-36.00,OPEN,0
5810.769,3,1,1,0.999,1.000,1.000,0.00,90.00,-36.00,OPEN,0
5810.820,3,1,1,0.999,1.000,1.000,0.00,90.00,-36.00,OPEN,0
5810.869,3,1,1,0.997,1.000,1.000,0.00,90.00,-36.00,OPEN,0
5810.920,3,1,1,0.990,1.000,1.000,0.00,90.00,-36.00,OPEN,0
5810.972,3,1,1,0.969,1.000,1.000,0.00,90.00,-36.00,OPEN,0
5811.020,3,1,1,0.945,1.000,1.000,0.00,90.00,-36.00,OPEN,0
5811.070,3,1,1,0.941,1.000,1.000,0.00,90.00,-36.00,OPEN,0
5811.120,3,1,1,0.962,1.000,1.000,0.00,90.00,-36.00,OPEN,0
5811.170,3,1,1,0.979,1.000,1.000,0.00,90.00,-36.00,OPEN,0
5811.222,3,1,1,0.993,1.000,1.000,0.00,90.00,-36.00,OPEN,0
5811.270,3,1,1,0.999,1.000,1.000,0.00,90.00,-36.00,OPEN,0
5811.320,3,1,1,1.000,1.000,1.000,0.00,90.00,-36.00,OPEN,0
5811.371,3,1,1,1.000,1.000,1.000,0.00,90.00,-36.00,OPEN,0
5811.420,3,1,1,1.000,1.000,1.000,0.00,90.00,-36.00,OPEN,0
5811.470,3,1,1,1.000,1.000,1.000,0.00,90.00,-36.00,OPEN,0
5811.520,3,1,1,1.000,1.000,1.000,0.00,90.00,-36.00,OPEN,0
5811.569,3,1,1,1.000,1.000,1.000,0.00,90.00,-36.00,OPEN,0
5811.620,3,1,1,1.000,1.000,1.000,0.00,90.00,-36.00,OPEN,0
5811.671,3,1,1,1.000,1.000,1.000,0.00,90.00,-36.00,OPEN,0
5811.721,3,1,1,0.997,1.000,1.000,0.00,90.00,-36.00,OPEN,0
5811.780,3,1,1,0.944,1.000,1.000,0.00,90.00,-36.00,OPEN,0
5811.818,3,1,1,0.865,1.000,1.000,0.00,90.00,-36.00,OPEN,0
5811.871,3,1,1,0.708,1.000,1.000,0.00,90.00,-36.00,OPEN,0
5811.926,3,1,1,0.659,1.000,1.000,0.00,90.00,-36.00,OPEN,0
5811.970,3,1,1,0.669,1.000,1.000,0.00,90.00,-36.00,OPEN,0
5812.021,3,1,1,0.578,1.000,1.000,0.00,90.00,-36.00,OPEN,0
5812.070,3,1,1,0.555,1.000,1.000,0.00,90.00,-36.00,OPEN,0
5812.121,3,1,1,0.639,1.000,1.000,0.00,90.00,-36.00,OPEN,0
5812.173,3,1,1,0.560,1.000,1.000,0.00,90.00,-36.00,OPEN,0
5812.224,3,1,1,0.964,1.000,1.000,0.00,90.00,-36.00,OPEN,0
5812.274,3,1,1,0.980,1.000,1.000,0.00,90.00,-36.00,OPEN,0
5812.319,3,1,1,0.998,1.000,1.000,0.00,90.00,-36.00,OPEN,0
5812.370,3,1,1,1.000,1.000,1.000,0.00,90.00,-36.00,OPEN,0
5812.419,3,1,1,1.000,1.000,1.000,0.00,90.00,-36.00,OPEN,0
5812.468,3,1,1,1.000,1.000,1.000,0.00,90.00,-36.00,OPEN,0
5812.520,3,1,1,1.000,1.000,1.000,0.00,90.00,-36.00,OPEN,0
5812.571,0,1,1,1.000,1.000,1.000,0.00,90.00,-36.00,OPEN,0
5812.621,0,1,1,1.000,1.000,1.000,0.00,90.00,-36.00,OPEN,0
5812.669,0,1,1,1.000,1.000,1.000,0.00,90.00,-36.00,OPEN,0
5812.720,0,1,1,1.000,1.000,1.000,0.00,90.00,-36.00,OPEN,0
5812.771,0,1,1,1.000,1.000,1.000,0.00,90.00,-36.00,OPEN,0
5812.822,0,1,1,1.000,1.000,1.000,0.00,90.00,-36.00,OPEN,0
5812.869,0,1,1,1.000,1.000,1.000,0.00,90.00,-36.00,OPEN,0
5812.919,0,1,1,1.000,1.000,1.000,0.00,90.00,-36.00,OPEN,0
5812.971,0,1,1,1.000,1.000,1.000,0.00,90.00,-36.00,OPEN,0
5813.020,0,1,1,1.000,1.000,1.000,0.00,90.00,-36.00,OPEN,0
5813.069,0,1,1,1.000,1.000,1.000,0.00,90.00,-36.00,OPEN,0
5813.120,0,1,1,1.000,1.000,1.000,0.00,90.00,-36.00,OPEN,0
5813.169,0,1,1,1.000,1.000,1.000,0.00,90.00,-36.00,OPEN,0
5813.221,0,1,1,1.000,1.000,1.000,0.00,90.00,-36.00,OPEN,0
5813.271,0,1,1,1.000,1.000,1.000,0.00,90.00,-36.00,OPEN,0
5813.319,0,1,1,0.997,1.000,1.000,0.00,90.00,-36.00,OPEN,0
5813.372,0,1,1,0.751,1.000,1.000,0.00,90.00,-36.00,OPEN,0
5813.420,0,1,1,0.777,1.000,1.000,0.00,90.00,-36.00,OPEN,0
5813.469,0,1,1,0.868,1.000,1.000,0.00,90.00,-36.00,OPEN,0
5813.520,0,1,1,0.916,1.000,1.000,0.00,90.00,-36.00,OPEN,0
5813.571,0,1,1,0.975,1.000,1.000,0.00,90.00,-36.00,OPEN,0
5813.620,0,1,1,0.993,1.000,1.000,0.00,90.00,-36.00,OPEN,0
5813.670,0,1,1,0.976,1.000,1.000,0.00,90.00,-36.00,OPEN,0
5813.720,0,1,1,0.951,1.000,1.000,0.00,90.00,-36.00,OPEN,0
5813.770,0,1,1,0.973,1.000,1.000,0.00,90.00,-36.00,OPEN,0
5813.820,0,1,1,0.972,1.000,1.000,0.00,90.00,-36.00,OPEN,0
5813.871,0,1,1,0.963,1.000,1.000,0.00,90.00,-36.00,OPEN,0
5813.932,0,1,1,0.954,1.000,1.000,0.00,90.00,-36.00,OPEN,0
5813.973,0,1,1,0.956,1.000,1.000,0.00,90.00,-36.00,OPEN,0
5814.019,0,1,1,0.955,1.000,1.000,0.00,90.00,-36.00,OPEN,0
5814.070,0,1,1,0.963,1.000,1.000,0.00,90.00,-36.00,OPEN,0
5814.119,3,1,1,0.967,1.000,1.000,0.00,90.00,-36.00,CLOSED,0
5814.317,3,1,1,0.987,1.000,1.000,0.00,90.00,-36.00,CLOSED,0
5814.326,3,1,1,0.994,1.000,1.000,0.00,90.00,-36.00,CLOSED,0
5814.332,3,1,1,0.999,1.000,1.000,0.00,90.00,-36.00,CLOSED,0
5814.339,3,1,1,0.999,1.000,1.000,0.00,90.00,-36.00,CLOSED,0
5814.371,3,1,1,0.999,1.000,1.000,0.00,90.00,-36.00,CLOSED,0
5814.423,3,1,1,0.995,1.000,1.000,0.00,90.00,-36.00,CLOSED,0
5814.470,3,1,1,0.973,1.000,1.000,0.00,90.00,-36.00,CLOSED,0
5814.519,3,1,1,0.971,1.000,1.000,0.00,90.00,-36.00,CLOSED,0
5814.570,3,1,1,0.908,1.000,1.000,0.00,90.00,-36.00,CLOSED,0
5814.620,3,1,1,0.944,1.000,1.000,0.00,90.00,-36.00,CLOSED,0
5814.670,3,1,1,0.946,1.000,1.000,0.00,90.00,-36.00,CLOSED,0
5814.720,3,1,1,0.976,1.000,1.000,0.00,90.00,-36.00,CLOSED,0
5814.769,3,1,1,0.989,1.000,1.000,0.00,90.00,-36.00,CLOSED,0
5814.820,3,1,1,0.995,1.000,1.000,0.00,90.00,-36.00,CLOSED,0
5814.870,3,1,1,0.998,1.000,1.000,0.00,90.00,-36.00,CLOSED,0
5814.920,3,1,1,0.999,1.000,1.000,0.00,90.00,-36.00,CLOSED,0
5814.973,3,1,1,0.999,1.000,1.000,0.00,90.00,-36.00,CLOSED,0
5815.019,3,1,1,0.999,1.000,1.000,0.00,90.00,-36.00,CLOSED,0
5815.070,3,1,1,1.000,1.000,1.000,0.00,90.00,-36.00,CLOSED,0
5815.119,3,1,1,1.000,1.000,1.000,0.00,90.00,-36.00,CLOSED,0
5815.171,3,1,1,1.000,1.000,1.000,0.00,90.00,-36.00,CLOSED,0
5815.219,3,1,1,1.000,1.000,1.000,0.00,90.00,-36.00,CLOSED,0
5815.270,3,1,1,1.000,1.000,1.000,0.00,90.00,-36.00,CLOSED,0
5815.320,3,1,1,1.000,1.000,1.000,0.00,90.00,-36.00,CLOSED,0
5815.369,3,1,1,1.000,1.000,1.000,0.00,90.00,-36.00,CLOSED,0
5815.419,3,1,1,1.000,1.000,1.000,0.00,90.00,-36.00,CLOSED,0
5815.471,3,1,1,1.000,1.000,1.000,0.00,90.00,-36.00,CLOSED,0
5815.519,3,1,1,1.000,1.000,1.000,0.00,90.00,-36.00,CLOSED,0
5815.570,3,1,1,1.000,1.000,1.000,0.00,90.00,-36.00,CLOSED,0
5815.622,3,1,1,1.000,1.000,1.000,0.00,90.00,-36.00,CLOSED,0
5815.670,3,1,1,1.000,1.000,1.000,0.00,90.00,-36.00,CLOSED,0
5815.721,3,1,1,1.000,1.000,1.000,0.00,90.00,-36.00,CLOSED,0
5815.770,3,1,1,1.000,1.000,1.000,0.00,90.00,-36.00,CLOSED,0
5815.820,3,1,1,1.000,1.000,1.000,0.00,90.00,-36.00,CLOSED,0
5815.869,3,1,1,1.000,1.000,1.000,0.00,90.00,-36.00,CLOSED,0
5815.920,3,1,1,1.000,1.000,1.000,0.00,90.00,-36.00,CLOSED,0
5815.970,3,1,1,1.000,1.000,1.000,0.00,90.00,-36.00,CLOSED,0
5816.020,3,1,1,1.000,1.000,1.000,0.00,90.00,-36.00,CLOSED,0
5816.069,3,1,1,1.000,1.000,1.000,0.00,90.00,-36.00,CLOSED,0
5816.121,3,1,1,0.999,1.000,1.000,0.00,90.00,-36.00,CLOSED,0
5816.170,3,1,1,0.981,1.000,1.000,0.00,90.00,-36.00,CLOSED,0
5816.219,3,1,1,0.772,1.000,1.000,0.00,90.00,-36.00,CLOSED,0
5816.270,3,1,1,0.615,1.000,1.000,0.00,90.00,-36.00,CLOSED,0
5816.320,3,1,1,0.572,1.000,1.000,0.00,90.00,-36.00,CLOSED,0
5816.371,3,1,1,0.541,1.000,1.000,0.00,90.00,-36.00,CLOSED,0
5816.420,3,1,1,0.663,1.000,1.000,0.00,90.00,-36.00,CLOSED,0
5816.470,3,1,1,0.813,1.000,1.000,0.00,90.00,-36.00,CLOSED,0
5816.521,3,1,1,0.572,1.000,1.000,0.00,90.00,-36.00,CLOSED,0
5816.571,3,1,1,0.831,1.000,1.000,0.00,90.00,-36.00,CLOSED,0
5816.619,3,1,1,0.988,1.000,0.999,0.00,90.00,-36.00,CLOSED,0
5816.671,3,1,1,1.000,1.000,0.999,0.00,90.00,-36.00,CLOSED,0
5816.720,3,1,1,1.000,1.000,1.000,0.00,90.00,-36.00,CLOSED,0
5816.769,3,1,1,1.000,1.000,1.000,0.00,90.00,-36.00,CLOSED,0
5816.819,3,1,1,1.000,1.000,1.000,0.00,90.00,-36.00,CLOSED,0
5816.870,0,1,1,1.000,1.000,1.000,0.00,90.00,-36.00,CLOSED,0
5816.920,0,1,1,1.000,1.000,1.000,0.00,90.00,-36.00,CLOSED,0
5816.970,0,1,1,0.984,1.000,1.000,0.00,90.00,-36.00,CLOSED,0
5817.020,0,1,1,0.725,1.000,1.000,0.00,90.00,-36.00,CLOSED,0
5817.070,0,1,1,0.990,1.000,1.000,0.00,90.00,-36.00,CLOSED,0
5817.120,0,1,1,0.998,1.000,1.000,0.00,90.00,-36.00,CLOSED,0
5817.171,0,1,1,0.999,1.000,1.000,0.00,90.00,-36.00,CLOSED,0
5817.220,0,1,1,1.000,1.000,1.000,0.00,90.00,-36.00,CLOSED,0
5817.269,0,1,1,1.000,1.000,1.000,0.00,90.00,-36.00,CLOSED,0
5817.319,0,1,1,1.000,1.000,1.000,0.00,90.00,-36.00,CLOSED,0
5817.372,0,1,1,1.000,1.000,1.000,0.00,90.00,-36.00,CLOSED,0
5817.421,0,1,1,0.993,1.000,1.000,0.00,90.00,-36.00,CLOSED,0
5817.470,0,1,1,0.853,1.000,1.000,0.00,90.00,-36.00,CLOSED,0
5817.520,0,1,1,0.648,1.000,1.000,0.00,90.00,-36.00,CLOSED,0
5817.571,0,1,1,0.557,1.000,1.000,0.00,90.00,-36.00,CLOSED,0
5817.620,0,1,1,0.519,1.000,1.000,0.00,90.00,-36.00,CLOSED,0
5817.670,0,1,1,0.716,1.000,1.000,0.00,90.00,-36.00,CLOSED,0
5817.722,0,1,1,0.791,1.000,1.000,0.00,90.00,-36.00,CLOSED,0
5817.770,0,1,1,0.794,1.000,1.000,0.00,90.00,-36.00,CLOSED,0
5817.821,0,1,1,0.666,1.000,1.000,0.00,90.00,-36.00,CLOSED,0
5817.870,0,1,1,0.708,1.000,1.000,0.00,90.00,-36.00,CLOSED,0
5817.922,1,1,1,0.958,1.000,1.000,0.00,90.00,-31.50,CLOSED,1
5817.972,1,1,1,0.994,1.000,1.000,0.00,90.00,-31.50,CLOSED,0
5818.020,1,1,1,0.998,1.000,1.000,0.00,90.00,-31.50,CLOSED,0
5818.071,1,1,1,0.999,1.000,1.000,0.00,90.00,-27.00,CLOSED,1
5818.121,1,1,1,0.999,1.000,1.000,0.00,90.00,-27.00,CLOSED,0
5818.172,1,1,1,1.000,1.000,1.000,0.00,90.00,-22.50,CLOSED,1
5818.280,1,1,1,0.999,1.000,1.000,0.00,90.00,-18.00,CLOSED,1
5818.315,1,1,1,0.999,1.000,1.000,0.00,90.00,-18.00,CLOSED,0
5818.323,1,1,1,0.998,1.000,1.000,0.00,90.00,-18.00,CLOSED,0
5818.371,1,1,1,0.994,1.000,1.000,0.00,90.00,-18.00,CLOSED,0
5818.421,1,1,1,0.991,1.000,1.000,0.00,90.00,-13.50,CLOSED,1
5818.484,1,1,1,0.983,1.000,1.000,0.00,90.00,-13.50,CLOSED,0
5818.520,1,1,1,0.971,1.000,1.000,0.00,90.00,-13.50,CLOSED,0
5818.571,1,1,1,0.954,1.000,1.000,0.00,90.00,-9.00,CLOSED,1
5818.687,1,1,1,0.942,1.000,1.000,0.00,90.00,-4.50,CLOSED,1
5818.714,1,1,1,0.930,1.000,1.000,0.00,90.00,-4.50,CLOSED,0
5818.723,1,1,1,0.953,1.000,1.000,0.00,90.00,-4.50,CLOSED,0
5818.770,1,1,1,0.984,1.000,1.000,0.00,90.00,-4.50,CLOSED,0
5818.819,1,1,1,0.993,1.000,1.000,0.00,90.00,0.00,CLOSED,1
5818.890,1,1,1,0.997,1.000,1.000,0.00,90.00,0.00,CLOSED,0
5818.920,1,1,1,0.999,1.000,1.000,0.00,90.00,4.50,CLOSED,1
5818.972,1,1,1,1.000,1.000,1.000,0.00,90.00,4.50,CLOSED,0
5819.019,1,1,1,1.000,1.000,1.000,0.00,90.00,4.50,CLOSED,0
5819.070,1,1,1,1.000,1.000,1.000,0.00,90.00,9.00,CLOSED,1
5819.120,1,1,1,1.000,1.000,1.000,0.00,90.00,9.00,CLOSED,0
5819.170,1,1,1,1.000,1.000,1.000,0.00,90.00,13.50,CLOSED,1
5819.300,1,1,1,1.000,1.000,1.000,0.00,90.00,18.00,CLOSED,1
5819.317,1,1,1,1.000,1.000,1.000,0.00,90.00,18.00,CLOSED,0
5819.324,1,1,1,1.000,1.000,1.000,0.00,90.00,18.00,CLOSED,0
5819.371,1,1,1,1.000,1.000,1.000,0.00,90.00,18.00,CLOSED,0
5819.421,1,1,1,0.999,1.000,1.000,0.00,90.00,22.50,CLOSED,1
5819.505,1,1,1,0.999,1.000,1.000,0.00,90.00,22.50,CLOSED,0
5819.521,1,1,1,1.000,1.000,1.000,0.00,90.00,22.50,CLOSED,0
5819.571,1,1,1,1.000,1.000,1.000,0.00,90.00,27.00,CLOSED,1
5819.624,1,1,1,1.000,1.000,1.000,0.00,90.00,27.00,CLOSED,0
5819.671,1,1,1,1.000,1.000,1.000,0.00,90.00,27.00,CLOSED,0
5819.722,1,1,1,1.000,1.000,1.000,0.00,90.00,31.50,CLOSED,1
5819.774,1,1,1,1.000,1.000,1.000,0.00,90.00,31.50,CLOSED,0
5819.821,1,1,1,1.000,1.000,1.000,0.00,90.00,31.50,CLOSED,0
5819.869,1,1,1,1.000,1.000,1.000,0.00,90.00,36.00,CLOSED,1
5819.921,1,1,1,1.000,1.000,1.000,0.00,90.00,36.00,CLOSED,0
5819.973,1,1,1,1.000,1.000,1.000,0.00,90.00,40.50,CLOSED,1
5820.052,1,1,1,1.000,1.000,1.000,0.00,90.00,40.50,CLOSED,0
5820.071,1,1,1,1.000,1.000,1.000,0.00,90.00,40.50,CLOSED,0
5820.118,1,1,1,1.000,1.000,1.000,0.00,90.00,45.00,CLOSED,1
5820.170,1,1,1,1.000,1.000,1.000,0.00,90.00,45.00,CLOSED,0
5820.221,1,1,1,1.000,1.000,1.000,0.00,90.00,49.50,CLOSED,1
5820.307,1,1,1,1.000,1.000,1.000,0.00,90.00,49.50,CLOSED,0
5820.322,1,1,1,0.999,1.000,1.000,0.00,90.00,54.00,CLOSED,1
5820.368,1,1,1,0.999,1.000,1.000,0.00,90.00,54.00,CLOSED,0
5820.419,1,1,1,0.997,1.000,1.000,0.00,90.00,54.00,CLOSED,0
5820.469,1,1,1,0.995,1.000,1.000,0.00,90.00,58.50,CLOSED,1
5820.519,1,1,1,0.994,1.000,1.000,0.00,90.00,58.50,CLOSED,0
5820.570,1,1,1,0.985,1.000,1.000,0.00,90.00,63.00,CLOSED,1
5820.716,1,1,1,0.739,1.000,1.000,0.00,90.00,67.50,CLOSED,1
5820.739,1,1,1,0.728,1.000,1.000,0.00,90.00,67.50,CLOSED,0
5820.744,1,1,1,0.774,1.000,1.000,0.00,90.00,67.50,CLOSED,0
5820.772,1,1,1,0.665,1.000,1.000,0.00,90.00,67.50,CLOSED,0
5820.823,1,1,1,0.758,1.000,1.000,0.00,90.00,72.00,CLOSED,1
5820.916,1,1,1,0.740,1.000,1.000,0.00,90.00,72.00,CLOSED,0
5820.922,1,1,1,0.872,1.000,1.000,0.00,90.00,72.00,CLOSED,0
5820.972,1,1,1,0.978,1.000,1.000,0.00,90.00,76.50,CLOSED,1
5821.020,1,1,1,0.993,1.000,1.000,0.00,90.00,76.50,CLOSED,0
5821.072,1,1,1,0.997,1.000,1.000,0.00,90.00,76.50,CLOSED,0
5821.120,1,1,1,0.996,1.000,1.000,0.00,90.00,81.00,CLOSED,1
5821.171,1,1,1,0.992,1.000,1.000,0.00,90.00,81.00,CLOSED,0
5821.221,1,1,1,0.993,1.000,1.000,0.00,90.00,85.50,CLOSED,1
5821.316,1,1,1,0.940,1.000,1.000,0.00,90.00,85.50,CLOSED,0
5821.323,1,1,1,0.495,1.000,1.000,0.00,90.00,90.00,CLOSED,1
5821.372,1,1,1,0.448,1.000,1.000,0.00,90.00,90.00,CLOSED,0
5821.421,1,1,1,0.659,1.000,1.000,0.00,90.00,90.00,CLOSED,0
5821.469,1,1,1,0.717,1.000,1.000,0.00,90.00,94.50,CLOSED,1
5821.520,1,1,1,0.828,1.000,1.000,0.00,90.00,94.50,CLOSED,0
5821.570,1,1,1,0.858,1.000,1.000,0.00,90.00,99.00,CLOSED,1
5821.717,1,1,1,0.757,1.000,1.000,0.00,90.00,103.50,CLOSED,1
5821.749,1,1,1,0.951,1.000,1.000,0.00,90.00,103.50,CLOSED,0
5821.755,1,1,1,0.698,1.000,1.000,0.00,90.00,103.50,CLOSED,0
5821.771,0,1,1,0.996,1.000,1.000,0.00,90.00,103.50,CLOSED,0
5821.822,0,1,1,1.000,1.000,1.000,0.00,90.00,103.50,CLOSED,0
5821.872,0,1,1,1.000,1.000,1.000,0.00,90.00,103.50,CLOSED,0
5821.921,0,1,1,1.000,1.000,1.000,0.00,90.00,103.50,CLOSED,0
5821.971,0,1,1,1.000,1.000,1.000,0.00,90.00,103.50,CLOSED,0
5822.021,0,1,1,1.000,1.000,1.000,0.00,90.00,103.50,CLOSED,0
5822.069,0,1,1,1.000,1.000,1.000,0.00,90.00,103.50,CLOSED,0
5822.119,0,1,1,1.000,1.000,1.000,0.00,90.00,103.50,CLOSED,0
5822.171,0,1,1,1.000,1.000,1.000,0.00,90.00,103.50,CLOSED,0
5822.221,0,1,1,1.000,1.000,1.000,0.00,90.00,103.50,CLOSED,0
5822.269,0,1,1,1.000,1.000,1.000,0.00,90.00,103.50,CLOSED,0
5822.320,0,1,1,1.000,1.000,1.000,0.00,90.00,103.50,CLOSED,0
5822.370,0,1,1,1.000,1.000,1.000,0.00,90.00,103.50,CLOSED,0
5822.420,0,1,1,1.000,1.000,1.000,0.00,90.00,103.50,CLOSED,0
5822.471,0,1,1,1.000,1.000,1.000,0.00,90.00,103.50,CLOSED,0
5822.520,0,1,1,1.000,1.000,1.000,0.00,90.00,103.50,CLOSED,0
5822.570,0,1,1,1.000,1.000,1.000,0.00,90.00,103.50,CLOSED,0
5822.620,0,1,1,1.000,1.000,1.000,0.00,90.00,103.50,CLOSED,0
5822.670,0,1,1,1.000,1.000,1.000,0.00,90.00,103.50,CLOSED,0
5822.718,0,1,1,0.995,1.000,1.000,0.00,90.00,103.50,CLOSED,0
5822.770,0,1,1,0.828,1.000,1.000,0.00,90.00,103.50,CLOSED,0
5822.820,0,1,1,0.701,1.000,1.000,0.00,90.00,103.50,CLOSED,0
5822.872,0,1,1,0.931,1.000,1.000,0.00,90.00,103.50,CLOSED,0
5822.922,0,1,1,0.986,1.000,1.000,0.00,90.00,103.50,CLOSED,0
5822.970,0,1,1,0.997,1.000,0.999,0.00,90.00,103.50,CLOSED,0
5823.021,0,1,1,0.999,1.000,0.999,0.00,90.00,103.50,CLOSED,0
5823.070,0,1,1,0.999,1.000,0.999,0.00,90.00,103.50,CLOSED,0
5823.121,0,1,1,0.999,1.000,0.999,0.00,90.00,103.50,CLOSED,0
5823.169,0,1,1,0.998,1.000,0.999,0.00,90.00,103.50,CLOSED,0
5823.220,1,1,1,0.993,1.000,0.999,0.00,90.00,108.00,CLOSED,1
5823.316,1,1,1,0.987,1.000,1.000,0.00,90.00,108.00,CLOSED,0
5823.326,1,1,1,0.974,1.000,1.000,0.00,90.00,112.50,CLOSED,1
5823.379,1,1,1,0.948,1.000,1.000,0.00,90.00,112.50,CLOSED,0
5823.419,1,1,1,0.864,1.000,1.000,0.00,90.00,112.50,CLOSED,0
5823.472,1,1,1,0.655,1.000,1.000,0.00,90.00,117.00,CLOSED,1
5823.521,1,1,1,0.659,1.000,1.000,0.00,90.00,117.00,CLOSED,0
5823.570,1,1,1,0.850,1.000,1.000,0.00,90.00,117.00,CLOSED,0
5823.620,1,1,1,0.882,1.000,1.000,0.00,90.00,121.50,CLOSED,1
5823.716,1,1,1,0.764,1.000,1.000,0.00,90.00,121.50,CLOSED,0
5823.724,1,1,1,0.547,1.000,1.000,0.00,90.00,126.00,CLOSED,1
5823.769,1,1,1,0.698,1.000,1.000,0.00,90.00,126.00,CLOSED,0
5823.820,1,1,1,0.751,1.000,1.000,0.00,90.00,126.00,CLOSED,0
5823.872,1,1,1,0.772,1.000,0.999,0.00,90.00,130.50,CLOSED,1
5823.935,1,1,1,0.808,1.000,0.999,0.00,90.00,130.50,CLOSED,0
5823.972,1,1,1,0.898,1.000,0.999,0.00,90.00,135.00,CLOSED,1
5824.022,1,1,1,0.988,1.000,0.999,0.00,90.00,135.00,CLOSED,0
5824.070,1,1,1,1.000,1.000,1.000,0.00,90.00,135.00,CLOSED,0
5824.122,1,1,1,1.000,1.000,1.000,0.00,90.00,139.50,CLOSED,1
5824.171,1,1,1,1.000,1.000,1.000,0.00,90.00,139.50,CLOSED,0
5824.220,1,1,1,1.000,1.000,1.000,0.00,90.00,139.50,CLOSED,0
5824.269,1,1,1,1.000,1.000,1.000,0.00,90.00,144.00,CLOSED,1
5824.320,1,1,1,1.000,1.000,1.000,0.00,90.00,144.00,CLOSED,0
5824.372,1,1,1,1.000,1.000,1.000,0.00,90.00,148.50,CLOSED,1
5824.421,1,1,1,1.000,1.000,1.000,0.00,90.00,148.50,CLOSED,0
5824.469,1,1,1,0.999,1.000,1.000,0.00,90.00,148.50,CLOSED,0
5824.520,1,1,1,0.999,1.000,1.000,0.00,90.00,153.00,CLOSED,1
5824.572,1,1,1,0.998,1.000,1.000,0.00,90.00,153.00,CLOSED,0
5824.622,1,1,1,0.995,1.000,1.000,0.00,90.00,157.50,CLOSED,1
5824.717,1,1,1,0.991,1.000,1.000,0.00,90.00,157.50,CLOSED,0
5824.726,1,1,1,0.972,1.000,1.000,0.00,90.00,162.00,CLOSED,1
5824.769,1,1,1,0.623,1.000,1.000,0.00,90.00,162.00,CLOSED,0
5824.819,1,1,1,0.923,1.000,1.000,0.00,90.00,162.00,CLOSED,0
5824.871,1,1,1,0.993,1.000,1.000,0.00,90.00,166.50,CLOSED,1
5824.919,1,1,1,0.819,1.000,1.000,0.00,90.00,166.50,CLOSED,0
5824.969,1,1,1,0.806,1.000,1.000,0.00,90.00,166.50,CLOSED,0
5825.019,1,1,1,1.000,1.000,1.000,0.00,90.00,171.00,CLOSED,1
5825.117,1,1,1,1.000,1.000,1.000,0.00,90.00,171.00,CLOSED,0
5825.124,1,1,1,1.000,1.000,1.000,0.00,90.00,175.50,CLOSED,1
5825.169,1,1,1,1.000,1.000,1.000,0.00,90.00,175.50,CLOSED,0
5825.220,1,1,1,1.000,1.000,1.000,0.00,90.00,175.50,CLOSED,0
5825.271,1,1,1,1.000,1.000,1.000,0.00,90.00,180.00,CLOSED,1
5825.319,1,1,1,1.000,1.000,1.000,0.00,90.00,180.00,CLOSED,0
5825.369,0,1,1,1.000,1.000,1.000,0.00,90.00,180.00,CLOSED,0
5825.419,0,1,1,1.000,1.000,1.000,0.00,90.00,180.00,CLOSED,0
5825.470,0,1,1,1.000,1.000,1.000,0.00,90.00,180.00,CLOSED,0
5825.519,0,1,1,1.000,1.000,1.000,0.00,90.00,180.00,CLOSED,0
5825.570,0,1,1,1.000,1.000,1.000,0.00,90.00,180.00,CLOSED,0
5825.621,0,1,1,1.000,1.000,1.000,0.00,90.00,180.00,CLOSED,0
5825.671,0,1,1,1.000,1.000,1.000,0.00,90.00,180.00,CLOSED,0
5825.720,0,1,1,1.000,1.000,1.000,0.00,90.00,180.00,CLOSED,0
5825.770,0,1,1,1.000,1.000,1.000,0.00,90.00,180.00,CLOSED,0
5825.820,0,1,1,1.000,1.000,1.000,0.00,90.00,180.00,CLOSED,0
5825.869,0,1,1,0.999,1.000,1.000,0.00,90.00,180.00,CLOSED,0
5825.921,0,1,1,0.998,1.000,1.000,0.00,90.00,180.00,CLOSED,0
5825.970,0,1,1,0.961,1.000,1.000,0.00,90.00,180.00,CLOSED,0
5826.020,0,1,1,0.998,1.000,1.000,0.00,90.00,180.00,CLOSED,0
5826.071,0,1,1,1.000,1.000,1.000,0.00,90.00,180.00,CLOSED,0
5826.121,0,1,1,1.000,1.000,1.000,0.00,90.00,180.00,CLOSED,0
5826.169,0,1,1,1.000,1.000,1.000,0.00,90.00,180.00,CLOSED,0
5826.220,0,1,1,1.000,1.000,1.000,0.00,90.00,180.00,CLOSED,0
5826.270,0,1,1,1.000,1.000,1.000,0.00,90.00,180.00,CLOSED,0
5826.320,0,1,1,1.000,1.000,1.000,0.00,90.00,180.00,CLOSED,0
5826.370,2,1,1,1.000,1.000,1.000,0.00,90.00,175.50,CLOSED,1
5826.441,2,1,1,1.000,1.000,1.000,0.00,90.00,175.50,CLOSED,0
5826.472,2,1,1,0.999,1.000,1.000,0.00,90.00,171.00,CLOSED,1
5826.520,2,1,1,0.990,1.000,1.000,0.00,90.00,171.00,CLOSED,0
5826.571,2,1,1,0.973,1.000,1.000,0.00,90.00,171.00,CLOSED,0
5826.620,2,1,1,0.957,1.000,1.000,0.00,90.00,166.50,CLOSED,1
5826.671,2,1,1,0.960,1.000,1.000,0.00,90.00,166.50,CLOSED,0
5826.720,2,1,1,0.976,1.000,1.000,0.00,90.00,166.50,CLOSED,0
5826.771,2,1,1,0.993,1.000,1.000,0.00,90.00,162.00,CLOSED,1
5826.843,2,1,1,0.999,1.000,1.000,0.00,90.00,162.00,CLOSED,0
5826.870,2,1,1,1.000,1.000,1.000,0.00,90.00,162.00,CLOSED,0
5826.919,2,1,1,1.000,1.000,1.000,0.00,90.00,157.50,CLOSED,1
5826.969,2,1,1,1.000,1.000,1.000,0.00,90.00,157.50,CLOSED,0
5827.020,2,1,1,1.000,1.000,1.000,0.00,90.00,153.00,CLOSED,1
5827.071,2,1,1,1.000,1.000,1.000,0.00,90.00,153.00,CLOSED,0
5827.119,2,1,1,1.000,1.000,1.000,0.00,90.00,153.00,CLOSED,0
5827.169,2,1,1,1.000,1.000,1.000,0.00,90.00,148.50,CLOSED,1
5827.221,2,1,1,1.000,1.000,1.000,0.00,90.00,148.50,CLOSED,0
5827.269,2,1,1,1.000,1.000,1.000,0.00,90.00,144.00,CLOSED,1
5827.321,2,1,1,1.000,1.000,1.000,0.00,90.00,144.00,CLOSED,0
5827.371,2,1,1,1.000,1.000,1.000,0.00,90.00,139.50,CLOSED,1
5827.422,2,1,1,1.000,1.000,1.000,0.00,90.00,139.50,CLOSED,0
5827.469,2,1,1,1.000,1.000,1.000,0.00,90.00,139.50,CLOSED,0
5827.520,2,1,1,1.000,1.000,1.000,0.00,90.00,135.00,CLOSED,1
5827.569,2,1,1,1.000,1.000,1.000,0.00,90.00,135.00,CLOSED,0
5827.619,2,1,1,1.000,1.000,1.000,0.00,90.00,135.00,CLOSED,0
5827.669,2,1,1,1.000,1.000,1.000,0.00,90.00,130.50,CLOSED,1
5827.721,2,1,1,1.000,1.000,1.000,0.00,90.00,130.50,CLOSED,0
5827.771,2,1,1,1.000,1.000,1.000,0.00,90.00,126.00,CLOSED,1
5827.864,2,1,1,1.000,1.000,1.000,0.00,90.00,126.00,CLOSED,0
5827.873,2,1,1,1.000,1.000,1.000,0.00,90.00,121.50,CLOSED,1
5827.919,2,1,1,1.000,1.000,1.000,0.00,90.00,121.50,CLOSED,0
5827.975,2,1,1,1.000,1.000,1.000,0.00,90.00,117.00,CLOSED,1
5828.068,2,1,1,1.000,1.000,1.000,0.00,90.00,117.00,CLOSED,0
5828.074,2,1,1,1.000,1.000,1.000,0.00,90.00,117.00,CLOSED,0
5828.119,2,1,1,1.000,1.000,1.000,0.00,90.00,112.50,CLOSED,1
5828.170,2,1,1,1.000,1.000,1.000,0.00,90.00,112.50,CLOSED,0
5828.221,2,1,1,1.000,1.000,1.000,0.00,90.00,108.00,CLOSED,1
5828.271,2,1,1,1.000,1.000,1.000,0.00,90.00,108.00,CLOSED,0
5828.320,2,1,1,1.000,1.000,1.000,0.00,90.00,108.00,CLOSED,0
5828.370,2,1,1,1.000,1.000,1.000,0.00,90.00,103.50,CLOSED,1
5828.475,2,1,1,1.000,1.000,1.000,0.00,90.00,99.00,CLOSED,1
5828.518,2,1,1,1.000,1.000,1.000,0.00,90.00,99.00,CLOSED,0
5828.525,2,1,1,1.000,1.000,1.000,0.00,90.00,99.00,CLOSED,0
5828.571,2,1,1,1.000,1.000,1.000,0.00,90.00,99.00,CLOSED,0
5828.619,2,1,1,1.000,1.000,1.000,0.00,90.00,94.50,CLOSED,1
5828.680,2,1,1,1.000,1.000,1.000,0.00,90.00,94.50,CLOSED,0
5828.720,2,1,1,0.998,1.000,1.000,0.00,90.00,90.00,CLOSED,1
5828.769,2,1,1,0.951,1.000,1.000,0.00,90.00,90.00,CLOSED,0
5828.820,2,1,1,0.681,1.000,1.000,0.00,90.00,85.50,CLOSED,1
5828.885,2,1,1,0.533,1.000,1.000,0.00,90.00,85.50,CLOSED,0
5828.920,2,1,1,0.790,1.000,1.000,0.00,90.00,85.50,CLOSED,0
5828.969,2,1,1,0.884,1.000,1.000,0.00,90.00,81.00,CLOSED,1
5829.087,2,1,1,0.896,1.000,1.000,0.00,90.00,76.50,CLOSED,1
5829.118,2,1,1,0.817,1.000,1.000,0.00,90.00,76.50,CLOSED,0
5829.124,2,1,1,0.606,1.000,1.000,0.00,90.00,76.50,CLOSED,0
5829.171,2,1,1,0.986,1.000,1.000,0.00,90.00,76.50,CLOSED,0
5829.219,2,1,1,1.000,1.000,1.000,0.00,90.00,72.00,CLOSED,1
5829.269,2,1,1,1.000,1.000,1.000,0.00,90.00,72.00,CLOSED,0
5829.319,2,1,1,1.000,1.000,1.000,0.00,90.00,72.00,CLOSED,0
5829.368,2,1,1,1.000,1.000,1.000,0.00,90.00,67.50,CLOSED,1
5829.494,2,1,1,1.000,1.000,1.000,0.00,90.00,63.00,CLOSED,1
5829.518,2,1,1,1.000,1.000,1.000,0.00,90.00,63.00,CLOSED,0
5829.524,0,1,1,1.000,1.000,1.000,0.00,90.00,63.00,CLOSED,0
5829.570,0,1,1,1.000,1.000,1.000,0.00,90.00,63.00,CLOSED,0
5829.619,0,1,1,1.000,1.000,1.000,0.00,90.00,63.00,CLOSED,0
5829.671,0,1,1,1.000,1.000,1.000,0.00,90.00,63.00,CLOSED,0
5829.719,0,1,1,1.000,1.000,1.000,0.00,90.00,63.00,CLOSED,0
5829.769,0,1,1,0.999,1.000,1.000,0.00,90.00,63.00,CLOSED,0
5829.818,0,1,1,0.998,1.000,1.000,0.00,90.00,63.00,CLOSED,0
5829.870,0,1,1,0.997,1.000,1.000,0.00,90.00,63.00,CLOSED,0
5829.920,0,1,1,0.999,1.000,1.000,0.00,90.00,63.00,CLOSED,0
5829.969,0,1,1,0.999,1.000,1.000,0.00,90.00,63.00,CLOSED,0
5830.020,0,1,1,1.000,1.000,1.000,0.00,90.00,63.00,CLOSED,0
5830.069,0,1,1,0.996,1.000,1.000,0.00,90.00,63.00,CLOSED,0
5830.119,0,1,1,0.993,1.000,1.000,0.00,90.00,63.00,CLOSED,0
5830.170,0,1,1,0.985,1.000,1.000,0.00,90.00,63.00,CLOSED,0
5830.221,0,1,1,0.989,1.000,1.000,0.00,90.00,63.00,CLOSED,0
5830.269,0,1,1,0.999,1.000,1.000,0.00,90.00,63.00,CLOSED,0
5830.320,0,1,1,0.999,1.000,1.000,0.00,90.00,63.00,CLOSED,0
5830.370,0,1,1,0.991,1.000,1.000,0.00,90.00,63.00,CLOSED,0
5830.420,0,1,1,0.966,1.000,1.000,0.00,90.00,63.00,CLOSED,0
5830.468,0,1,1,0.931,1.000,1.000,0.00,90.00,63.00,CLOSED,0
5830.520,0,1,1,0.763,1.000,1.000,0.00,90.00,63.00,CLOSED,0
5830.568,0,1,1,0.740,1.000,1.000,0.00,90.00,63.00,CLOSED,0
5830.619,0,1,1,0.961,1.000,1.000,0.00,90.00,63.00,CLOSED,0
5830.671,0,1,1,0.999,1.000,1.000,0.00,90.00,63.00,CLOSED,0
5830.719,0,1,1,1.000,1.000,1.000,0.00,90.00,63.00,CLOSED,0
5830.771,0,1,1,1.000,1.000,1.000,0.00,90.00,63.00,CLOSED,0
5830.819,0,1,1,1.000,1.000,1.000,0.00,90.00,63.00,CLOSED,0
5830.868,0,1,1,1.000,1.000,1.000,0.00,90.00,63.00,CLOSED,0
5830.921,0,1,1,1.000,1.000,1.000,0.00,90.00,63.00,CLOSED,0
5830.971,3,1,1,1.000,1.000,1.000,0.00,90.00,63.00,OPEN,0
5831.162,3,1,1,1.000,1.000,1.000,0.00,90.00,63.00,OPEN,0
5831.173,3,1,1,1.000,1.000,1.000,0.00,90.00,63.00,OPEN,0
5831.181,3,1,1,1.000,1.000,1.000,0.00,90.00,63.00,OPEN,0
5831.188,3,1,1,1.000,1.000,1.000,0.00,90.00,63.00,OPEN,0
5831.222,3,1,1,1.000,1.000,1.000,0.00,90.00,63.00,OPEN,0
5831.270,3,1,1,1.000,1.000,1.000,0.00,90.00,63.00,OPEN,0
5831.319,3,1,1,1.000,1.000,1.000,0.00,90.00,63.00,OPEN,0
5831.369,3,1,1,1.000,1.000,1.000,0.00,90.00,63.00,OPEN,0
5831.420,3,1,1,1.000,1.000,1.000,0.00,90.00,63.00,OPEN,0
5831.471,3,1,1,1.000,1.000,1.000,0.00,90.00,63.00,OPEN,0
5831.519,3,1,1,1.000,1.000,1.000,0.00,90.00,63.00,OPEN,0
5831.570,3,1,1,1.000,1.000,1.000,0.00,90.00,63.00,OPEN,0
5831.618,3,1,1,1.000,1.000,1.000,0.00,90.00,63.00,OPEN,0
5831.671,3,1,1,1.000,1.000,1.000,0.00,90.00,63.00,OPEN,0
5831.719,3,1,1,1.000,1.000,1.000,0.00,90.00,63.00,OPEN,0
5831.769,3,1,1,1.000,1.000,1.000,0.00,90.00,63.00,OPEN,0
5831.821,3,1,1,1.000,1.000,1.000,0.00,90.00,63.00,OPEN,0
5831.870,3,1,1,1.000,1.000,1.000,0.00,90.00,63.00,OPEN,0
5831.920,3,1,1,1.000,1.000,1.000,0.00,90.00,63.00,OPEN,0
5831.970,3,1,1,1.000,1.000,1.000,0.00,90.00,63.00,OPEN,0
5832.019,3,1,1,1.000,1.000,1.000,0.00,90.00,63.00,OPEN,0
5832.068,3,1,1,1.000,1.000,1.000,0.00,90.00,63.00,OPEN,0
5832.119,3,1,1,1.000,1.000,1.000,0.00,90.00,63.00,OPEN,0
5832.169,3,1,1,0.999,1.000,1.000,0.00,90.00,63.00,OPEN,0
5832.219,3,1,1,0.995,1.000,1.000,0.00,90.00,63.00,OPEN,0
5832.269,3,1,1,0.894,1.000,1.000,0.00,90.00,63.00,OPEN,0
5832.319,3,1,1,0.515,1.000,1.000,0.00,90.00,63.00,OPEN,0
5832.370,3,1,1,0.953,1.000,1.000,0.00,90.00,63.00,OPEN,0
5832.419,3,1,1,0.988,1.000,1.000,0.00,90.00,63.00,OPEN,0
5832.472,3,1,1,0.994,1.000,1.000,0.00,90.00,63.00,OPEN,0
5832.520,3,1,1,0.985,1.000,1.000,0.00,90.00,63.00,OPEN,0
5832.574,3,1,1,0.907,1.000,1.000,0.00,90.00,63.00,OPEN,0
5832.619,3,1,1,0.937,1.000,1.000,0.00,90.00,63.00,OPEN,0
5832.671,3,1,1,1.000,1.000,1.000,0.00,90.00,63.00,OPEN,0
5832.720,3,1,1,1.000,1.000,1.000,0.00,90.00,63.00,OPEN,0
5832.770,3,1,1,1.000,1.000,1.000,0.00,90.00,63.00,OPEN,0
5832.820,3,1,1,0.999,1.000,1.000,0.00,90.00,63.00,OPEN,0
5832.871,3,1,1,0.999,1.000,1.000,0.00,90.00,63.00,OPEN,0
5832.920,3,1,1,0.998,1.000,1.000,0.00,90.00,63.00,OPEN,0
5832.970,0,1,1,0.998,1.000,1.000,0.00,90.00,63.00,OPEN,0
5833.020,0,1,1,0.997,1.000,1.000,0.00,90.00,63.00,OPEN,0
5833.071,0,1,1,0.996,1.000,1.000,0.00,90.00,63.00,OPEN,0
5833.120,0,1,1,0.991,1.000,1.000,0.00,90.00,63.00,OPEN,0
5833.170,0,1,1,0.981,1.000,1.000,0.00,90.00,63.00,OPEN,0
5833.219,0,1,1,0.968,1.000,1.000,0.00,90.00,63.00,OPEN,0
5833.269,0,1,1,0.957,1.000,1.000,0.00,90.00,63.00,OPEN,0
5833.323,0,1,1,0.992,1.000,1.000,0.00,90.00,63.00,OPEN,0
5833.372,0,1,1,0.996,1.000,1.000,0.00,90.00,63.00,OPEN,0
5833.422,0,1,1,0.989,1.000,1.000,0.00,90.00,63.00,OPEN,0
5833.471,0,1,1,0.970,1.000,1.000,0.00,90.00,63.00,OPEN,0
5833.520,0,1,1,0.953,1.000,1.000,0.00,90.00,63.00,OPEN,0
5833.571,0,1,1,0.981,1.000,1.000,0.00,90.00,63.00,OPEN,0
5833.621,0,1,1,0.971,1.000,1.000,0.00,90.00,63.00,OPEN,0
5833.670,0,1,1,0.964,1.000,1.000,0.00,90.00,63.00,OPEN,0
5833.721,0,1,1,0.885,1.000,1.000,0.00,90.00,63.00,OPEN,0
5833.770,0,1,1,0.750,1.000,1.000,0.00,90.00,63.00,OPEN,0
5833.824,0,1,1,0.985,1.000,1.000,0.00,90.00,63.00,OPEN,0
5833.879,0,1,1,0.999,1.000,1.000,0.00,90.00,63.00,OPEN,0
5833.924,0,1,1,1.000,1.000,1.000,0.00,90.00,63.00,OPEN,0
5833.971,0,1,1,1.000,1.000,1.000,0.00,90.00,63.00,OPEN,0
5834.023,0,1,1,1.000,1.000,1.000,0.00,90.00,63.00,OPEN,0
5834.070,0,1,1,1.000,1.000,1.000,0.00,90.00,63.00,OPEN,0
5834.121,0,1,1,0.999,1.000,1.000,0.00,90.00,63.00,OPEN,0
5834.174,2,1,1,0.999,1.000,1.000,0.00,90.00,58.50,OPEN,1
5834.320,2,1,1,0.999,1.000,1.000,0.00,90.00,54.00,OPEN,1
5834.363,2,1,1,1.000,1.000,1.000,0.00,90.00,54.00,OPEN,0
5834.374,2,1,1,1.000,1.000,1.000,0.00,90.00,54.00,OPEN,0
5834.388,2,1,1,1.000,1.000,1.000,0.00,90.00,54.00,OPEN,0
5834.423,2,1,1,1.000,1.000,1.000,0.00,90.00,49.50,OPEN,1
5834.469,2,1,1,1.000,1.000,1.000,0.00,90.00,49.50,OPEN,0
5834.519,2,1,1,1.000,1.000,1.000,0.00,90.00,49.50,OPEN,0
5834.570,2,1,1,1.000,1.000,1.000,0.00,90.00,45.00,OPEN,1
5834.620,2,1,1,1.000,1.000,1.000,0.00,90.00,45.00,OPEN,0
5834.671,2,1,1,1.000,1.000,1.000,0.00,90.00,40.50,OPEN,1
5834.719,2,1,1,1.000,1.000,1.000,0.00,90.00,40.50,OPEN,0
5834.769,2,1,1,1.000,1.000,1.000,0.00,90.00,40.50,OPEN,0
5834.819,2,1,1,1.000,1.000,1.000,0.00,90.00,36.00,OPEN,1
5834.919,2,1,1,1.000,1.000,1.000,0.00,90.00,36.00,OPEN,0
5834.931,2,1,1,1.000,1.000,1.000,0.00,90.00,31.50,OPEN,1
5834.986,2,1,1,1.000,1.000,1.000,0.00,90.00,31.50,OPEN,0
5835.020,2,1,1,1.000,1.000,1.000,0.00,90.00,31.50,OPEN,0
5835.069,2,1,1,1.000,1.000,1.000,0.00,90.00,27.00,OPEN,1
5835.121,2,1,1,1.000,1.000,1.000,0.00,90.00,27.00,OPEN,0
5835.168,2,1,1,1.000,1.000,1.000,0.00,90.00,27.00,OPEN,0
5835.223,2,1,1,1.000,1.000,1.000,0.00,90.00,22.50,OPEN,1
5835.318,2,1,1,1.000,1.000,1.000,0.00,90.00,22.50,OPEN,0
5835.327,2,1,1,1.000,1.000,1.000,0.00,90.00,18.00,OPEN,1
5835.368,2,1,1,1.000,1.000,1.000,0.00,90.00,18.00,OPEN,0
5835.419,2,1,1,1.000,1.000,1.000,0.00,90.00,18.00,OPEN,0
5835.470,2,1,1,1.000,1.000,1.000,0.00,90.00,13.50,OPEN,1
5835.520,2,1,1,1.000,1.000,1.000,0.00,90.00,13.50,OPEN,0
5835.569,2,1,1,1.000,1.000,1.000,0.00,90.00,13.50,OPEN,0
5835.619,2,1,1,1.000,1.000,1.000,0.00,90.00,9.00,OPEN,1
5835.719,2,1,1,1.000,1.000,1.000,0.00,90.00,4.50,OPEN,1
5835.761,2,1,1,0.995,1.000,1.000,0.00,90.00,4.50,OPEN,0
5835.772,2,1,1,0.941,1.000,1.000,0.00,90.00,4.50,OPEN,0
5835.820,2,1,1,0.748,1.000,1.000,0.00,90.00,0.00,OPEN,1
5835.888,2,1,1,0.766,1.000,1.000,0.00,90.00,0.00,OPEN,0
5835.918,2,1,1,0.947,1.000,1.000,0.00,90.00,0.00,OPEN,0
5835.969,2,1,1,0.998,1.000,1.000,0.00,90.00,-4.50,OPEN,1
5836.018,2,1,1,1.000,1.000,1.000,0.00,90.00,-4.50,OPEN,0
5836.069,2,1,1,1.000,1.000,1.000,0.00,90.00,-4.50,OPEN,0
5836.119,2,1,1,1.000,1.000,1.000,0.00,90.00,-9.00,OPEN,1
5836.174,2,1,1,1.000,1.000,1.000,0.00,90.00,-9.00,OPEN,0
5836.219,0,1,1,1.000,1.000,1.000,0.00,90.00,-9.00,OPEN,0
5836.271,0,1,1,1.000,1.000,1.000,0.00,90.00,-9.00,OPEN,0
5836.319,0,1,1,1.000,1.000,1.000,0.00,90.00,-9.00,OPEN,0
5836.369,0,1,1,0.999,1.000,1.000,0.00,90.00,-9.00,OPEN,0
5836.419,0,1,1,0.997,1.000,1.000,0.00,90.00,-9.00,OPEN,0
5836.468,0,1,1,0.997,1.000,1.000,0.00,90.00,-9.00,OPEN,0
5836.518,0,1,1,0.999,1.000,1.000,0.00,90.00,-9.00,OPEN,0
5836.569,0,1,1,0.999,1.000,1.000,0.00,90.00,-9.00,OPEN,0
5836.618,0,1,1,1.000,1.000,1.000,0.00,90.00,-9.00,OPEN,0
5836.669,0,1,1,1.000,1.000,1.000,0.00,90.00,-9.00,OPEN,0
5836.719,0,1,1,1.000,1.000,1.000,0.00,90.00,-9.00,OPEN,0
5836.769,0,1,1,1.000,1.000,1.000,0.00,90.00,-9.00,OPEN,0
5836.820,0,1,1,1.000,1.000,1.000,0.00,90.00,-9.00,OPEN,0
5836.868,0,1,1,1.000,1.000,1.000,0.00,90.00,-9.00,OPEN,0
5836.918,0,1,1,1.000,1.000,1.000,0.00,90.00,-9.00,OPEN,0
5836.969,0,1,1,1.000,1.000,1.000,0.00,90.00,-9.00,OPEN,0
5837.018,0,1,1,1.000,1.000,1.000,0.00,90.00,-9.00,OPEN,0
5837.068,0,1,1,1.000,1.000,1.000,0.00,90.00,-9.00,OPEN,0
5837.118,0,1,1,1.000,1.000,1.000,0.00,90.00,-9.00,OPEN,0
5837.168,0,1,1,1.000,1.000,1.000,0.00,90.00,-9.00,OPEN,0
5837.218,0,1,1,1.000,1.000,1.000,0.00,90.00,-9.00,OPEN,0
5837.268,0,1,1,1.000,1.000,1.000,0.00,90.00,-9.00,OPEN,0
5837.319,0,1,1,1.000,1.000,1.000,0.00,90.00,-9.00,OPEN,0
5837.370,0,1,1,1.000,1.000,1.000,0.00,90.00,-9.00,OPEN,0
5837.418,0,1,1,1.000,1.000,1.000,0.00,90.00,-9.00,OPEN,0
5837.469,0,1,1,1.000,1.000,1.000,0.00,90.00,-9.00,OPEN,0
5837.518,0,1,1,1.000,1.000,1.000,0.00,90.00,-9.00,OPEN,0
5837.569,0,1,1,1.000,1.000,1.000,0.00,90.00,-9.00,OPEN,0
5837.619,0,1,1,1.000,1.000,1.000,0.00,90.00,-9.00,OPEN,0
5837.669,0,1,1,1.000,1.000,1.000,0.00,90.00,-9.00,OPEN,0
5837.719,0,1,1,1.000,1.000,1.000,0.00,90.00,-9.00,OPEN,0
5837.768,0,1,1,1.000,1.000,1.000,0.00,90.00,-9.00,OPEN,0
5837.819,0,1,1,1.000,1.000,1.000,0.00,90.00,-9.00,OPEN,0
5837.870,0,1,1,1.000,1.000,1.000,0.00,90.00,-9.00,OPEN,0
5837.919,0,1,1,1.000,1.000,1.000,0.00,90.00,-9.00,OPEN,0
5837.968,0,1,1,1.000,1.000,1.000,0.00,90.00,-9.00,OPEN,0
5838.018,0,1,1,1.000,1.000,1.000,0.00,90.00,-9.00,OPEN,0
5838.068,0,1,1,1.000,1.000,1.000,0.00,90.00,-9.00,OPEN,0
5838.119,0,1,1,1.000,1.000,1.000,0.00,90.00,-9.00,OPEN,0
5838.168,0,1,1,1.000,1.000,1.000,0.00,90.00,-9.00,OPEN,0
5838.219,0,1,1,1.000,1.000,1.000,0.00,90.00,-9.00,OPEN,0
5838.269,0,1,1,1.000,1.000,1.000,0.00,90.00,-9.00,OPEN,0
5838.318,0,1,1,1.000,1.000,1.000,0.00,90.00,-9.00,OPEN,0
5838.368,0,1,1,1.000,1.000,1.000,0.00,90.00,-9.00,OPEN,0
5838.420,0,1,1,1.000,1.000,1.000,0.00,90.00,-9.00,OPEN,0
5838.468,0,1,1,1.000,1.000,1.000,0.00,90.00,-9.00,OPEN,0
5838.519,0,1,1,1.000,1.000,1.000,0.00,90.00,-9.00,OPEN,0
5838.568,0,1,1,0.997,1.000,1.000,0.00,90.00,-9.00,OPEN,0
5838.619,0,1,1,0.552,1.000,1.000,0.00,90.00,-9.00,OPEN,0
5838.669,0,1,1,0.977,1.000,1.000,0.00,90.00,-9.00,OPEN,0
5838.720,0,1,1,0.998,1.000,1.000,0.00,90.00,-9.00,OPEN,0
5838.768,0,1,1,1.000,1.000,1.000,0.00,90.00,-9.00,OPEN,0
5838.818,0,1,1,1.000,1.000,1.000,0.00,90.00,-9.00,OPEN,0
5838.870,0,1,1,1.000,1.000,1.000,0.00,90.00,-9.00,OPEN,0
5838.919,0,1,1,1.000,1.000,1.000,0.00,90.00,-9.00,OPEN,0
5838.970,0,1,1,1.000,1.000,1.000,0.00,90.00,-9.00,OPEN,0
5839.019,3,1,1,1.000,1.000,1.000,0.00,90.00,-9.00,CLOSED,0
5839.169,3,1,1,1.000,1.000,1.000,0.00,90.00,-9.00,CLOSED,0
5839.179,3,1,1,1.000,1.000,1.000,0.00,90.00,-9.00,CLOSED,0
5839.187,3,1,1,1.000,1.000,1.000,0.00,90.00,-9.00,CLOSED,0
5839.220,3,1,1,1.000,1.000,1.000,0.00,90.00,-9.00,CLOSED,0
5839.268,3,1,1,1.000,1.000,1.000,0.00,90.00,-9.00,CLOSED,0
5839.320,3,1,1,1.000,1.000,1.000,0.00,90.00,-9.00,CLOSED,0
5839.369,3,1,1,1.000,1.000,1.000,0.00,90.00,-9.00,CLOSED,0
5839.418,3,1,1,1.000,1.000,1.000,0.00,90.00,-9.00,CLOSED,0
5839.470,3,1,1,1.000,1.000,1.000,0.00,90.00,-9.00,CLOSED,0
5839.519,3,1,1,1.000,1.000,1.000,0.00,90.00,-9.00,CLOSED,0
5839.567,3,1,1,1.000,1.000,1.000,0.00,90.00,-9.00,CLOSED,0
5839.618,3,1,1,1.000,1.000,1.000,0.00,90.00,-9.00,CLOSED,0
5839.668,3,1,1,1.000,1.000,1.000,0.00,90.00,-9.00,CLOSED,0
5839.719,3,1,1,1.000,1.000,1.000,0.00,90.00,-9.00,CLOSED,0
5839.770,3,1,1,1.000,1.000,1.000,0.00,90.00,-9.00,CLOSED,0
5839.819,3,1,1,1.000,1.000,1.000,0.00,90.00,-9.00,CLOSED,0
5839.868,3,1,1,1.000,1.000,1.000,0.00,90.00,-9.00,CLOSED,0
5839.918,3,1,1,1.000,1.000,1.000,0.00,90.00,-9.00,CLOSED,0
5839.970,3,1,1,0.997,1.000,1.000,0.00,90.00,-9.00,CLOSED,0
5840.020,3,1,1,0.778,1.000,1.000,0.00,90.00,-9.00,CLOSED,0
5840.068,3,1,1,0.879,1.000,1.000,0.00,90.00,-9.00,CLOSED,0
5840.118,3,1,1,0.992,1.000,1.000,0.00,90.00,-9.00,CLOSED,0
5840.169,3,1,1,0.996,1.000,1.000,0.00,90.00,-9.00,CLOSED,0
5840.219,3,1,1,0.998,1.000,1.000,0.00,90.00,-9.00,CLOSED,0
5840.269,3,1,1,0.977,1.000,1.000,0.00,90.00,-9.00,CLOSED,0
5840.318,3,1,1,0.809,1.000,1.000,0.00,90.00,-9.00,CLOSED,0
5840.368,3,1,1,0.996,1.000,1.000,0.00,90.00,-9.00,CLOSED,0
5840.418,3,1,1,1.000,1.000,1.000,0.00,90.00,-9.00,CLOSED,0
5840.468,3,1,1,1.000,1.000,1.000,0.00,90.00,-9.00,CLOSED,0
5840.519,3,1,1,1.000,1.000,1.000,0.00,90.00,-9.00,CLOSED,0
5840.569,3,1,1,1.000,1.000,1.000,0.00,90.00,-9.00,CLOSED,0
5840.618,3,1,1,1.000,1.000,1.000,0.00,90.00,-9.00,CLOSED,0
5840.668,3,1,1,1.000,1.000,1.000,0.00,90.00,-9.00,CLOSED,0
5840.718,0,1,1,1.000,1.000,1.000,0.00,90.00,-9.00,CLOSED,0
5840.769,0,1,1,1.000,1.000,1.000,0.00,90.00,-9.00,CLOSED,0
5840.819,0,1,1,1.000,1.000,1.000,0.00,90.00,-9.00,CLOSED,0
5840.868,0,1,1,1.000,1.000,1.000,0.00,90.00,-9.00,CLOSED,0
5840.919,0,1,1,1.000,1.000,1.000,0.00,90.00,-9.00,CLOSED,0
5840.969,0,1,1,1.000,1.000,1.000,0.00,90.00,-9.00,CLOSED,0
5841.018,0,1,1,1.000,1.000,1.000,0.00,90.00,-9.00,CLOSED,0
5841.071,0,1,1,1.000,1.000,1.000,0.00,90.00,-9.00,CLOSED,0
5841.119,0,1,1,1.000,1.000,1.000,0.00,90.00,-9.00,CLOSED,0
5841.168,0,1,1,1.000,1.000,1.000,0.00,90.00,-9.00,CLOSED,0
5841.218,0,1,1,1.000,1.000,1.000,0.00,90.00,-9.00,CLOSED,0
5841.268,0,1,1,1.000,1.000,1.000,0.00,90.00,-9.00,CLOSED,0
5841.318,0,1,1,1.000,1.000,1.000,0.00,90.00,-9.00,CLOSED,0
5841.368,0,1,1,1.000,1.000,1.000,0.00,90.00,-9.00,CLOSED,0
5841.418,0,1,1,1.000,1.000,1.000,0.00,90.00,-9.00,CLOSED,0
5841.468,0,1,1,1.000,1.000,1.000,0.00,90.00,-9.00,CLOSED,0
5841.521,0,1,1,1.000,1.000,1.000,0.00,90.00,-9.00,CLOSED,0
5841.569,0,1,1,1.000,1.000,1.000,0.00,90.00,-9.00,CLOSED,0
5841.620,0,1,1,1.000,1.000,1.000,0.00,90.00,-9.00,CLOSED,0
5841.669,0,1,1,1.000,1.000,1.000,0.00,90.00,-9.00,CLOSED,0
5841.718,0,1,1,1.000,1.000,1.000,0.00,90.00,-9.00,CLOSED,0
5841.768,0,1,1,1.000,1.000,1.000,0.00,90.00,-9.00,CLOSED,0
5841.818,0,1,1,1.000,1.000,1.000,0.00,90.00,-9.00,CLOSED,0
5841.868,0,1,1,1.000,1.000,1.000,0.00,90.00,-9.00,CLOSED,0
5841.919,0,1,1,1.000,1.000,1.000,0.00,90.00,-9.00,CLOSED,0
5841.969,0,1,1,1.000,1.000,1.000,0.00,90.00,-9.00,CLOSED,0
5842.018,0,1,1,1.000,1.000,1.000,0.00,90.00,-9.00,CLOSED,0
5842.069,0,1,1,1.000,1.000,1.000,0.00,90.00,-9.00,CLOSED,0
5842.120,0,1,1,1.000,1.000,1.000,0.00,90.00,-9.00,CLOSED,0
5842.169,0,1,1,1.000,1.000,1.000,0.00,90.00,-9.00,CLOSED,0
5842.218,0,1,1,1.000,1.000,1.000,0.00,90.00,-9.00,CLOSED,0
5842.269,0,1,1,1.000,1.000,1.000,0.00,90.00,-9.00,CLOSED,0
5842.320,0,1,1,1.000,1.000,1.000,0.00,90.00,-9.00,CLOSED,0
5842.368,0,1,1,1.000,1.000,1.000,0.00,90.00,-9.00,CLOSED,0
5842.418,0,1,1,1.000,1.000,1.000,0.00,90.00,-9.00,CLOSED,0
5842.469,0,1,1,1.000,1.000,1.000,0.00,90.00,-9.00,CLOSED,0
5842.520,0,1,1,1.000,1.000,1.000,0.00,90.00,-9.00,CLOSED,0
5842.569,0,1,1,1.000,1.000,1.000,0.00,90.00,-9.00,CLOSED,0
5842.619,0,1,1,1.000,1.000,1.000,0.00,90.00,-9.00,CLOSED,0
5842.670,0,1,1,1.000,1.000,1.000,0.00,90.00,-9.00,CLOSED,0
5842.719,0,1,1,1.000,1.000,1.000,0.00,90.00,-9.00,CLOSED,0
5842.768,0,1,1,1.000,1.000,1.000,0.00,90.00,-9.00,CLOSED,0
5842.818,0,1,1,1.000,1.000,0.999,0.00,90.00,-9.00,CLOSED,0
5842.869,0,1,1,1.000,1.000,0.999,0.00,90.00,-9.00,CLOSED,0
5842.918,0,1,1,1.000,1.000,1.000,0.00,90.00,-9.00,CLOSED,0
5842.969,0,1,1,0.999,1.000,1.000,0.00,90.00,-9.00,CLOSED,0
5843.018,0,1,1,0.999,1.000,1.000,0.00,90.00,-9.00,CLOSED,0
5843.069,0,1,1,0.997,1.000,1.000,0.00,90.00,-9.00,CLOSED,0
5843.120,0,1,1,0.950,1.000,1.000,0.00,90.00,-9.00,CLOSED,0
5843.169,0,1,1,0.943,1.000,1.000,0.00,90.00,-9.00,CLOSED,0
5843.221,0,1,1,0.992,1.000,1.000,0.00,90.00,-9.00,CLOSED,0
5843.268,0,1,1,1.000,1.000,1.000,0.00,90.00,-9.00,CLOSED,0
5843.318,0,1,1,1.000,1.000,1.000,0.00,90.00,-9.00,CLOSED,0
5843.368,0,1,1,1.000,1.000,1.000,0.00,90.00,-9.00,CLOSED,0
5843.418,0,1,1,1.000,1.000,1.000,0.00,90.00,-9.00,CLOSED,0
5843.469,0,1,1,1.000,1.000,1.000,0.00,90.00,-9.00,CLOSED,0
5843.519,0,1,1,1.000,1.000,1.000,0.00,90.00,-9.00,CLOSED,0
5843.570,0,1,1,1.000,1.000,1.000,0.00,90.00,-9.00,CLOSED,0
5843.619,3,1,1,1.000,1.000,1.000,0.00,90.00,-9.00,OPEN,0
5843.723,3,1,1,1.000,1.000,1.000,0.00,90.00,-9.00,OPEN,0
5843.733,3,1,1,1.000,1.000,1.000,0.00,90.00,-9.00,OPEN,0
5843.769,3,1,1,1.000,1.000,1.000,0.00,90.00,-9.00,OPEN,0
5843.819,3,1,1,1.000,1.000,1.000,0.00,90.00,-9.00,OPEN,0
5843.871,3,1,1,1.000,1.000,1.000,0.00,90.00,-9.00,OPEN,0
5843.920,3,1,1,1.000,1.000,1.000,0.00,90.00,-9.00,OPEN,0
5843.981,3,1,1,1.000,1.000,1.000,0.00,90.00,-9.00,OPEN,0
5844.023,3,1,1,1.000,1.000,1.000,0.00,90.00,-9.00,OPEN,0
5844.070,3,1,1,1.000,1.000,1.000,0.00,90.00,-9.00,OPEN,0
5844.119,3,1,1,1.000,1.000,1.000,0.00,90.00,-9.00,OPEN,0
5844.171,3,1,1,1.000,1.000,1.000,0.00,90.00,-9.00,OPEN,0
5844.220,3,1,1,1.000,1.000,1.000,0.00,90.00,-9.00,OPEN,0
5844.270,3,1,1,1.000,1.000,1.000,0.00,90.00,-9.00,OPEN,0
5844.320,3,1,1,1.000,1.000,1.000,0.00,90.00,-9.00,OPEN,0
5844.369,3,1,1,0.790,1.000,1.000,0.00,90.00,-9.00,OPEN,0
5844.420,3,1,1,0.997,1.000,1.000,0.00,90.00,-9.00,OPEN,0
5844.470,3,1,1,0.998,1.000,1.000,0.00,90.00,-9.00,OPEN,0
5844.520,3,1,1,0.954,1.000,1.000,0.00,90.00,-9.00,OPEN,0
5844.570,3,1,1,0.577,1.000,1.000,0.00,90.00,-9.00,OPEN,0
5844.620,3,1,1,0.994,1.000,1.000,0.00,90.00,-9.00,OPEN,0
5844.670,3,1,1,1.000,1.000,1.000,0.00,90.00,-9.00,OPEN,0
5844.720,3,1,1,1.000,1.000,1.000,0.00,90.00,-9.00,OPEN,0
5844.770,3,1,1,1.000,1.000,1.000,0.00,90.00,-9.00,OPEN,0
5844.820,3,1,1,1.000,1.000,1.000,0.00,90.00,-9.00,OPEN,0
5844.869,3,1,1,1.000,1.000,1.000,0.00,90.00,-9.00,OPEN,0
5844.920,3,1,1,1.000,1.000,1.000,0.00,90.00,-9.00,OPEN,0
5844.970,0,1,1,1.000,1.000,1.000,0.00,90.00,-9.00,OPEN,0
5845.019,0,1,1,1.000,1.000,1.000,0.00,90.00,-9.00,OPEN,0
5845.069,0,1,1,1.000,1.000,1.000,0.00,90.00,-9.00,OPEN,0
5845.120,0,1,1,1.000,1.000,1.000,0.00,90.00,-9.00,OPEN,0
5845.169,0,1,1,1.000,1.000,1.000,0.00,90.00,-9.00,OPEN,0
5845.220,0,1,1,1.000,1.000,1.000,0.00,90.00,-9.00,OPEN,0
5845.269,0,1,1,1.000,1.000,1.000,0.00,90.00,-9.00,OPEN,0
5845.319,0,1,1,1.000,1.000,1.000,0.00,90.00,-9.00,OPEN,0
5845.372,0,1,1,1.000,1.000,1.000,0.00,90.00,-9.00,OPEN,0
5845.420,0,1,1,1.000,1.000,1.000,0.00,90.00,-9.00,OPEN,0
5845.470,0,1,1,1.000,1.000,1.000,0.00,90.00,-9.00,OPEN,0
5845.520,0,1,1,0.990,1.000,1.000,0.00,90.00,-9.00,OPEN,0
5845.569,0,1,1,0.747,1.000,1.000,0.00,90.00,-9.00,OPEN,0
5845.620,0,1,1,0.832,1.000,1.000,0.00,90.00,-9.00,OPEN,0
5845.670,0,1,1,0.988,1.000,1.000,0.00,90.00,-9.00,OPEN,0
5845.720,0,1,1,0.998,1.000,1.000,0.00,90.00,-9.00,OPEN,0
5845.770,0,1,1,1.000,1.000,1.000,0.00,90.00,-9.00,OPEN,0
5845.821,0,1,1,1.000,1.000,1.000,0.00,90.00,-9.00,OPEN,0
5845.870,0,1,1,1.000,1.000,1.000,0.00,90.00,-9.00,OPEN,0
5845.919,0,1,1,0.999,1.000,1.000,0.00,90.00,-9.00,OPEN,0
5845.969,2,1,1,0.999,1.000,1.000,0.00,90.00,-13.50,OPEN,1
5846.122,2,1,1,0.998,1.000,1.000,0.00,90.00,-18.00,OPEN,1
5846.181,2,1,1,0.997,1.000,1.000,0.00,90.00,-18.00,OPEN,0
5846.187,2,1,1,0.998,1.000,1.000,0.00,90.00,-18.00,OPEN,0
5846.193,2,1,1,0.998,1.000,1.000,0.00,90.00,-18.00,OPEN,0
5846.221,2,1,1,0.999,1.000,1.000,0.00,90.00,-18.00,OPEN,0
5846.269,2,1,1,1.000,1.000,1.000,0.00,90.00,-22.50,OPEN,1
5846.321,2,1,1,1.000,1.000,1.000,0.00,90.00,-22.50,OPEN,0
5846.370,2,1,1,1.000,1.000,1.000,0.00,90.00,-27.00,OPEN,1
5846.421,2,1,1,1.000,1.000,1.000,0.00,90.00,-27.00,OPEN,0
5846.469,2,1,1,1.000,1.000,1.000,0.00,90.00,-27.00,OPEN,0
5846.520,2,1,1,1.000,1.000,1.000,0.00,90.00,-31.50,OPEN,1
5846.570,2,1,1,1.000,1.000,1.000,0.00,90.00,-31.50,OPEN,0
5846.620,2,1,1,1.000,1.000,1.000,0.00,90.00,-31.50,OPEN,0
5846.669,2,1,1,1.000,1.000,1.000,0.00,90.00,-36.00,OPEN,1
5846.720,2,1,1,1.000,1.000,1.000,0.00,90.00,-36.00,OPEN,0
5846.770,2,1,1,1.000,1.000,1.000,0.00,90.00,-40.50,OPEN,1
5846.820,2,1,1,1.000,1.000,1.000,0.00,90.00,-40.50,OPEN,0
5846.870,2,1,1,1.000,1.000,1.000,0.00,90.00,-45.00,OPEN,1
5846.923,2,1,1,1.000,1.000,1.000,0.00,90.00,-45.00,OPEN,0
5846.971,2,1,1,1.000,1.000,1.000,0.00,90.00,-49.50,OPEN,1
5847.021,2,1,1,1.000,1.000,1.000,0.00,90.00,-49.50,OPEN,0
5847.069,2,1,1,1.000,1.000,1.000,0.00,90.00,-49.50,OPEN,0
5847.120,2,1,1,1.000,1.000,1.000,0.00,90.00,-54.00,OPEN,1
5847.172,2,1,1,1.000,1.000,1.000,0.00,90.00,-54.00,OPEN,0
5847.218,2,1,1,1.000,1.000,1.000,0.00,90.00,-54.00,OPEN,0
5847.269,2,1,1,1.000,1.000,1.000,0.00,90.00,-58.50,OPEN,1
5847.320,2,1,1,1.000,1.000,1.000,0.00,90.00,-58.50,OPEN,0
5847.369,2,1,1,1.000,1.000,1.000,0.00,90.00,-63.00,OPEN,1
5847.419,2,1,1,0.796,1.000,1.000,0.00,90.00,-63.00,OPEN,0
5847.470,2,1,1,1.000,1.000,1.000,0.00,90.00,-67.50,OPEN,1
5847.521,2,1,1,1.000,1.000,1.000,0.00,90.00,-67.50,OPEN,0
5847.569,2,1,1,1.000,1.000,1.000,0.00,90.00,-67.50,OPEN,0
5847.620,2,1,1,1.000,1.000,1.000,0.00,90.00,-72.00,OPEN,1
5847.672,2,1,1,1.000,1.000,1.000,0.00,90.00,-72.00,OPEN,0
5847.720,2,1,1,1.000,1.000,1.000,0.00,90.00,-76.50,OPEN,1
5847.779,2,1,1,1.000,1.000,1.000,0.00,90.00,-76.50,OPEN,0
5847.820,0,1,1,1.000,1.000,1.000,0.00,90.00,-76.50,OPEN,0
5847.869,0,1,1,1.000,1.000,1.000,0.00,90.00,-76.50,OPEN,0
5847.920,0,1,1,1.000,1.000,1.000,0.00,90.00,-76.50,OPEN,0
5847.971,0,1,1,1.000,1.000,1.000,0.00,90.00,-76.50,OPEN,0
5848.019,0,1,1,1.000,1.000,1.000,0.00,90.00,-76.50,OPEN,0
5848.069,0,1,1,1.000,1.000,1.000,0.00,90.00,-76.50,OPEN,0
5848.120,0,1,1,1.000,1.000,1.000,0.00,90.00,-76.50,OPEN,0
5848.169,0,1,1,1.000,1.000,1.000,0.00,90.00,-76.50,OPEN,0
5848.220,0,1,1,1.000,1.000,1.000,0.00,90.00,-76.50,OPEN,0
5848.269,0,1,1,1.000,1.000,1.000,0.00,90.00,-76.50,OPEN,0
5848.320,0,1,1,1.000,1.000,1.000,0.00,90.00,-76.50,OPEN,0
5848.371,0,1,1,0.999,1.000,1.000,0.00,90.00,-76.50,OPEN,0
5848.421,0,1,1,0.987,1.000,1.000,0.00,90.00,-76.50,OPEN,0
5848.469,0,1,1,0.842,1.000,1.000,0.00,90.00,-76.50,OPEN,0
5848.521,0,1,1,0.806,1.000,1.000,0.00,90.00,-76.50,OPEN,0
5848.571,0,1,1,0.981,1.000,1.000,0.00,90.00,-76.50,OPEN,0
5848.620,0,1,1,0.993,1.000,1.000,0.00,90.00,-76.50,OPEN,0
5848.670,0,1,1,0.943,1.000,1.000,0.00,90.00,-76.50,OPEN,0
5848.721,0,1,1,0.694,1.000,1.000,0.00,90.00,-76.50,OPEN,0
5848.769,0,1,1,0.982,1.000,1.000,0.00,90.00,-76.50,OPEN,0
5848.820,0,1,1,0.996,1.000,1.000,0.00,90.00,-76.50,OPEN,0
5848.870,0,1,1,0.997,1.000,1.000,0.00,90.00,-76.50,OPEN,0
5848.919,0,1,1,0.996,1.000,1.000,0.00,90.00,-76.50,OPEN,0
5848.969,0,1,1,0.994,1.000,1.000,0.00,90.00,-76.50,OPEN,0
5849.020,0,1,1,0.996,1.000,1.000,0.00,90.00,-76.50,OPEN,0
5849.070,0,1,1,0.997,1.000,1.000,0.00,90.00,-76.50,OPEN,0
5849.120,3,1,1,0.995,1.000,1.000,0.00,90.00,-76.50,CLOSED,0
5849.294,3,1,1,0.973,1.000,1.000,0.00,90.00,-76.50,CLOSED,0
5849.305,3,1,1,0.752,1.000,1.000,0.00,90.00,-76.50,CLOSED,0
5849.313,3,1,1,0.917,1.000,1.000,0.00,90.00,-76.50,CLOSED,0
5849.320,3,1,1,0.994,1.000,1.000,0.00,90.00,-76.50,CLOSED,0
5849.369,3,1,1,0.999,1.000,1.000,0.00,90.00,-76.50,CLOSED,0
5849.419,3,1,1,1.000,1.000,1.000,0.00,90.00,-76.50,CLOSED,0
5849.470,3,1,1,1.000,1.000,1.000,0.00,90.00,-76.50,CLOSED,0
5849.522,3,1,1,1.000,1.000,1.000,0.00,90.00,-76.50,CLOSED,0
5849.575,3,1,1,0.999,1.000,1.000,0.00,90.00,-76.50,CLOSED,0
5849.619,3,1,1,0.998,1.000,1.000,0.00,90.00,-76.50,CLOSED,0
5849.669,3,1,1,0.990,1.000,1.000,0.00,90.00,-76.50,CLOSED,0
5849.719,3,1,1,0.977,1.000,1.000,0.00,90.00,-76.50,CLOSED,0
5849.769,1,1,1,0.943,1.000,1.000,0.00,90.00,-72.00,CLOSED,1
5849.851,1,1,1,0.913,1.000,1.000,0.00,90.00,-72.00,CLOSED,0
5849.870,1,1,1,0.888,1.000,1.000,0.00,90.00,-67.50,CLOSED,1
5849.923,1,1,1,0.873,1.000,1.000,0.00,90.00,-67.50,CLOSED,0
5849.971,1,1,1,0.913,1.000,1.000,0.00,90.00,-63.00,CLOSED,1
5850.021,1,1,1,0.936,1.000,1.000,0.00,90.00,-63.00,CLOSED,0
5850.075,1,1,1,0.943,1.000,1.000,0.00,90.00,-58.50,CLOSED,1
5850.124,1,1,1,0.951,1.000,1.000,0.00,90.00,-58.50,CLOSED,0
5850.171,1,1,1,0.961,1.000,1.000,0.00,90.00,-58.50,CLOSED,0
5850.219,1,1,1,0.981,1.000,1.000,0.00,90.00,-54.00,CLOSED,1
5850.272,1,1,1,0.992,1.000,1.000,0.00,90.00,-54.00,CLOSED,0
5850.322,1,1,1,0.997,1.000,1.000,0.00,90.00,-49.50,CLOSED,1
5850.376,1,1,1,0.999,1.000,1.000,0.00,90.00,-49.50,CLOSED,0
5850.427,1,1,1,1.000,1.000,1.000,0.00,90.00,-45.00,CLOSED,1
5850.473,1,1,1,1.000,1.000,1.000,0.00,90.00,-45.00,CLOSED,0
5850.520,1,1,1,1.000,1.000,1.000,0.00,90.00,-45.00,CLOSED,0
5850.570,1,1,1,1.000,1.000,1.000,0.00,90.00,-40.50,CLOSED,1
5850.632,1,1,1,1.000,1.000,1.000,0.00,90.00,-40.50,CLOSED,0
5850.670,1,1,1,0.909,1.000,1.000,0.00,90.00,-36.00,CLOSED,1
5850.720,1,1,1,0.687,1.000,1.000,0.00,90.00,-36.00,CLOSED,0
5850.770,1,1,1,0.948,1.000,0.999,0.00,90.00,-36.00,CLOSED,0
5850.820,1,1,1,0.983,1.000,0.999,0.00,90.00,-31.50,CLOSED,1
5850.870,1,1,1,0.988,1.000,0.998,0.00,90.00,-31.50,CLOSED,0
5850.921,1,1,1,0.991,1.000,0.998,0.00,90.00,-27.00,CLOSED,1
5850.980,1,1,1,0.987,1.000,0.998,0.00,90.00,-27.00,CLOSED,0
5851.020,1,1,1,0.966,1.000,0.998,0.00,90.00,-27.00,CLOSED,0
5851.070,1,1,1,0.879,1.000,0.998,0.00,90.00,-22.50,CLOSED,1
5851.122,1,1,1,0.555,1.000,0.999,0.00,90.00,-22.50,CLOSED,0
5851.172,1,1,1,0.750,1.000,0.999,0.00,90.00,-18.00,CLOSED,1
5851.276,3,1,1,0.944,1.000,0.999,0.00,90.00,-18.00,OPEN,0
5851.373,3,1,1,0.966,1.000,0.999,0.00,90.00,-18.00,OPEN,0
5851.380,3,1,1,0.992,1.000,0.999,0.00,90.00,-18.00,OPEN,0
5851.388,3,1,1,0.996,1.000,0.998,0.00,90.00,-18.00,OPEN,0
5851.419,3,1,1,0.998,1.000,0.995,0.00,90.00,-18.00,OPEN,0
5851.469,3,1,1,0.999,1.000,0.995,0.00,90.00,-18.00,OPEN,0
5851.519,3,1,1,0.999,1.000,0.992,0.00,90.00,-18.00,OPEN,0
5851.570,3,1,1,0.999,1.000,0.989,0.00,90.00,-18.00,OPEN,0
5851.619,3,1,1,0.997,1.000,0.990,0.00,90.00,-18.00,OPEN,0
5851.670,3,1,1,0.994,1.000,0.993,0.00,90.00,-18.00,OPEN,0
5851.720,3,1,1,0.989,1.000,0.997,0.00,90.00,-18.00,OPEN,0
5851.770,3,1,1,0.939,1.000,0.999,0.00,90.00,-18.00,OPEN,0
5851.819,3,1,1,0.676,1.000,1.000,0.00,90.00,-18.00,OPEN,0
5851.870,3,1,1,0.746,1.000,1.000,0.00,90.00,-18.00,OPEN,0
5851.921,3,1,1,0.678,1.000,1.000,0.00,90.00,-18.00,OPEN,0
5851.969,1,1,1,0.993,1.000,1.000,0.00,90.00,-13.50,OPEN,1
5852.092,1,1,1,1.000,1.000,1.000,0.00,90.00,-9.00,OPEN,1
5852.119,1,1,1,1.000,1.000,1.000,0.00,90.00,-9.00,OPEN,0
5852.124,1,1,1,1.000,1.000,1.000,0.00,90.00,-9.00,OPEN,0
5852.170,1,1,1,1.000,1.000,1.000,0.00,90.00,-9.00,OPEN,0
5852.219,1,1,1,1.000,1.000,1.000,0.00,90.00,-4.50,OPEN,1
5852.295,1,1,1,1.000,1.000,1.000,0.00,90.00,-4.50,OPEN,0
5852.320,0,1,1,1.000,1.000,1.000,0.00,90.00,-4.50,OPEN,0
5852.369,0,1,1,0.999,1.000,1.000,0.00,90.00,-4.50,OPEN,0
5852.421,0,1,1,0.977,1.000,1.000,0.00,90.00,-4.50,OPEN,0
5852.470,0,1,1,0.710,1.000,1.000,0.00,90.00,-4.50,OPEN,0
5852.520,0,1,1,0.982,1.000,1.000,0.00,90.00,-4.50,OPEN,0
5852.571,0,1,1,0.988,1.000,1.000,0.00,90.00,-4.50,OPEN,0
5852.620,0,1,1,0.996,1.000,1.000,0.00,90.00,-4.50,OPEN,0
5852.670,0,1,1,0.998,1.000,1.000,0.00,90.00,-4.50,OPEN,0
5852.720,0,1,1,0.999,1.000,1.000,0.00,90.00,-4.50,OPEN,0
5852.769,0,1,1,0.983,1.000,1.000,0.00,90.00,-4.50,OPEN,0
5852.820,0,1,1,0.970,1.000,1.000,0.00,90.00,-4.50,OPEN,0
5852.871,0,1,1,0.502,1.000,1.000,0.00,90.00,-4.50,OPEN,0
5852.922,2,1,1,0.895,1.000,1.000,0.00,90.00,-9.00,OPEN,1
5852.979,2,1,1,0.926,1.000,1.000,0.00,90.00,-9.00,OPEN,0
5853.020,2,1,1,0.998,1.000,1.000,0.00,90.00,-9.00,OPEN,0
5853.071,2,1,1,1.000,1.000,1.000,0.00,90.00,-13.50,OPEN,1
5853.120,2,1,1,1.000,1.000,1.000,0.00,90.00,-13.50,OPEN,0
5853.170,2,1,1,1.000,1.000,1.000,0.00,90.00,-13.50,OPEN,0
5853.220,2,1,1,1.000,1.000,1.000,0.00,90.00,-18.00,OPEN,1
5853.315,0,1,1,1.000,1.000,1.000,0.00,90.00,-18.00,OPEN,0
5853.326,0,1,1,1.000,1.000,1.000,0.00,90.00,-18.00,OPEN,0
5853.370,0,1,1,1.000,1.000,1.000,0.00,90.00,-18.00,OPEN,0
5853.421,0,1,1,1.000,1.000,1.000,0.00,90.00,-18.00,OPEN,0
5853.469,0,1,1,1.000,1.000,1.000,0.00,90.00,-18.00,OPEN,0
5853.521,0,1,1,1.000,1.000,1.000,0.00,90.00,-18.00,OPEN,0
5853.570,0,1,1,1.000,1.000,1.000,0.00,90.00,-18.00,OPEN,0
5853.620,0,1,1,1.000,1.000,1.000,0.00,90.00,-18.00,OPEN,0
5853.670,0,1,1,1.000,1.000,1.000,0.00,90.00,-18.00,OPEN,0
5853.721,0,1,1,1.000,1.000,1.000,0.00,90.00,-18.00,OPEN,0
5853.769,0,1,1,1.000,1.000,1.000,0.00,90.00,-18.00,OPEN,0
5853.818,0,1,1,1.000,1.000,1.000,0.00,90.00,-18.00,OPEN,0
5853.870,0,1,1,1.000,1.000,1.000,0.00,90.00,-18.00,OPEN,0
5853.921,0,1,1,1.000,1.000,1.000,0.00,90.00,-18.00,OPEN,0
5853.972,0,1,1,1.000,1.000,1.000,0.00,90.00,-18.00,OPEN,0
5854.021,0,1,1,1.000,1.000,1.000,0.00,90.00,-18.00,OPEN,0
5854.069,0,1,1,1.000,1.000,1.000,0.00,90.00,-18.00,OPEN,0
5854.120,0,1,1,1.000,1.000,1.000,0.00,90.00,-18.00,OPEN,0
5854.169,0,1,1,1.000,1.000,1.000,0.00,90.00,-18.00,OPEN,0
5854.220,0,1,1,1.000,1.000,1.000,0.00,90.00,-18.00,OPEN,0
5854.270,0,1,1,1.000,1.000,1.000,0.00,90.00,-18.00,OPEN,0
5854.324,0,1,1,1.000,1.000,1.000,0.00,90.00,-18.00,OPEN,0
5854.372,0,1,1,1.000,1.000,1.000,0.00,90.00,-18.00,OPEN,0
5854.419,0,1,1,1.000,1.000,1.000,0.00,90.00,-18.00,OPEN,0
5854.469,0,1,1,1.000,1.000,1.000,0.00,90.00,-18.00,OPEN,0
5854.519,0,1,1,1.000,1.000,1.000,0.00,90.00,-18.00,OPEN,0
5854.571,0,1,1,1.000,1.000,1.000,0.00,90.00,-18.00,OPEN,0
5854.619,0,1,1,1.000,1.000,1.000,0.00,90.00,-18.00,OPEN,0
5854.670,0,1,1,1.000,1.000,1.000,0.00,90.00,-18.00,OPEN,0
5854.720,0,1,1,1.000,1.000,1.000,0.00,90.00,-18.00,OPEN,0
5854.770,0,1,1,1.000,1.000,1.000,0.00,90.00,-18.00,OPEN,0
5854.820,0,1,1,1.000,1.000,1.000,0.00,90.00,-18.00,OPEN,0
5854.870,0,1,1,1.000,1.000,1.000,0.00,90.00,-18.00,OPEN,0
5854.922,0,1,1,1.000,1.000,1.000,0.00,90.00,-18.00,OPEN,0
5854.969,0,1,1,1.000,1.000,1.000,0.00,90.00,-18.00,OPEN,0
5855.020,0,1,1,1.000,1.000,1.000,0.00,90.00,-18.00,OPEN,0
5855.070,0,1,1,0.999,1.000,1.000,0.00,90.00,-18.00,OPEN,0
5855.120,0,1,1,0.994,1.000,1.000,0.00,90.00,-18.00,OPEN,0
5855.171,0,1,1,0.984,1.000,1.000,0.00,90.00,-18.00,OPEN,0
5855.219,0,1,1,0.737,1.000,1.000,0.00,90.00,-18.00,OPEN,0
5855.270,0,1,1,0.951,1.000,1.000,0.00,90.00,-18.00,OPEN,0
5855.320,0,1,1,0.995,1.000,1.000,0.00,90.00,-18.00,OPEN,0
5855.370,0,1,1,0.999,1.000,1.000,0.00,90.00,-18.00,OPEN,0
5855.420,0,1,1,0.999,1.000,1.000,0.00,90.00,-18.00,OPEN,0
5855.469,0,1,1,0.997,1.000,1.000,0.00,90.00,-18.00,OPEN,0
5855.521,0,1,1,0.994,1.000,1.000,0.00,90.00,-18.00,OPEN,0
5855.570,0,1,1,0.992,1.000,1.000,0.00,90.00,-18.00,OPEN,0
5855.619,1,1,1,0.993,1.000,1.000,0.00,90.00,-13.50,OPEN,1
5855.673,1,1,1,0.994,1.000,1.000,0.00,90.00,-13.50,OPEN,0
5855.720,1,1,1,0.994,1.000,1.000,0.00,90.00,-9.00,OPEN,1
5855.773,1,1,1,0.994,1.000,1.000,0.00,90.00,-9.00,OPEN,0
5855.820,1,1,1,0.993,1.000,1.000,0.00,90.00,-9.00,OPEN,0
5855.871,1,1,1,0.994,1.000,1.000,0.00,90.00,-4.50,OPEN,1
5855.920,1,1,1,0.996,1.000,1.000,0.00,90.00,-4.50,OPEN,0
5855.969,1,1,1,0.998,1.000,1.000,0.00,90.00,-4.50,OPEN,0
5856.020,1,1,1,0.998,1.000,1.000,0.00,90.00,0.00,OPEN,1
5856.126,1,1,1,0.999,1.000,1.000,0.00,90.00,4.50,OPEN,1
5856.166,1,1,1,1.000,1.000,1.000,0.00,90.00,4.50,OPEN,0
5856.174,1,1,1,1.000,1.000,1.000,0.00,90.00,4.50,OPEN,0
5856.219,1,1,1,1.000,1.000,1.000,0.00,90.00,4.50,OPEN,0
5856.270,1,1,1,1.000,1.000,1.000,0.00,90.00,9.00,OPEN,1
5856.324,1,1,1,1.000,1.000,1.000,0.00,90.00,9.00,OPEN,0
5856.370,1,1,1,1.000,1.000,1.000,0.00,90.00,9.00,OPEN,0
5856.421,1,1,1,1.000,1.000,1.000,0.00,90.00,13.50,OPEN,1
5856.526,1,1,1,1.000,1.000,1.000,0.00,90.00,18.00,OPEN,1
5856.576,1,1,1,1.000,1.000,1.000,0.00,90.00,18.00,OPEN,0
5856.592,1,1,1,1.000,1.000,1.000,0.00,90.00,18.00,OPEN,0
5856.620,1,1,1,1.000,1.000,1.000,0.00,90.00,18.00,OPEN,0
5856.669,1,1,1,1.000,1.000,1.000,0.00,90.00,22.50,OPEN,1
5856.727,1,1,1,1.000,1.000,1.000,0.00,90.00,22.50,OPEN,0
5856.771,1,1,1,1.000,1.000,1.000,0.00,90.00,27.00,OPEN,1
5856.820,1,1,1,1.000,1.000,1.000,0.00,90.00,27.00,OPEN,0
5856.869,1,1,1,1.000,1.000,1.000,0.00,90.00,27.00,OPEN,0
5856.920,1,1,1,1.000,1.000,1.000,0.00,90.00,31.50,OPEN,1
5856.980,1,1,1,1.000,1.000,1.000,0.00,90.00,31.50,OPEN,0
5857.020,1,1,1,1.000,1.000,0.999,0.00,90.00,36.00,OPEN,1
5857.071,1,1,1,1.000,1.000,0.999,0.00,90.00,36.00,OPEN,0
5857.120,1,1,1,1.000,1.000,0.999,0.00,90.00,36.00,OPEN,0
5857.170,1,1,1,1.000,1.000,0.999,0.00,90.00,40.50,OPEN,1
5857.220,1,1,1,1.000,1.000,0.999,0.00,90.00,40.50,OPEN,0
5857.269,1,1,1,1.000,1.000,0.999,0.00,90.00,40.50,OPEN,0
5857.321,1,1,1,1.000,1.000,0.999,0.00,90.00,45.00,OPEN,1
5857.370,1,1,1,1.000,1.000,1.000,0.00,90.00,45.00,OPEN,0
5857.419,1,1,1,1.000,1.000,1.000,0.00,90.00,45.00,OPEN,0
5857.469,1,1,1,1.000,1.000,1.000,0.00,90.00,49.50,OPEN,1
5857.525,1,1,1,0.999,1.000,1.000,0.00,90.00,49.50,OPEN,0
5857.571,1,1,1,0.992,1.000,1.000,0.00,90.00,54.00,OPEN,1
5857.619,1,1,1,0.976,1.000,1.000,0.00,90.00,54.00,OPEN,0
5857.670,1,1,1,0.373,1.000,1.000,0.00,90.00,54.00,OPEN,0
5857.719,1,1,1,0.917,1.000,1.000,0.00,90.00,58.50,OPEN,1
5857.769,1,1,1,0.976,1.000,1.000,0.00,90.00,58.50,OPEN,0
5857.820,1,1,1,0.990,1.000,1.000,0.00,90.00,63.00,OPEN,1
5857.925,1,1,1,0.997,1.000,1.000,0.00,90.00,67.50,OPEN,1
5857.940,1,1,1,1.000,1.000,1.000,0.00,90.00,67.50,OPEN,0
5857.969,1,1,1,1.000,1.000,1.000,0.00,90.00,67.50,OPEN,0
5858.020,1,1,1,1.000,1.000,1.000,0.00,90.00,67.50,OPEN,0
5858.070,0,1,1,1.000,1.000,1.000,0.00,90.00,67.50,OPEN,0
5858.120,0,1,1,1.000,1.000,1.000,0.00,90.00,67.50,OPEN,0
5858.171,0,1,1,1.000,1.000,1.000,0.00,90.00,67.50,OPEN,0
5858.220,0,1,1,1.000,1.000,1.000,0.00,90.00,67.50,OPEN,0
5858.269,0,1,1,1.000,1.000,1.000,0.00,90.00,67.50,OPEN,0
5858.320,0,1,1,1.000,1.000,0.999,0.00,90.00,67.50,OPEN,0
5858.369,0,1,1,1.000,1.000,0.999,0.00,90.00,67.50,OPEN,0
5858.421,0,1,1,1.000,1.000,0.999,0.00,90.00,67.50,OPEN,0
5858.470,0,1,1,1.000,1.000,0.999,0.00,90.00,67.50,OPEN,0
5858.522,0,1,1,1.000,1.000,0.999,0.00,90.00,67.50,OPEN,0
5858.571,0,1,1,0.999,1.000,0.999,0.00,90.00,67.50,OPEN,0
5858.620,0,1,1,0.988,1.000,1.000,0.00,90.00,67.50,OPEN,0
5858.671,0,1,1,0.748,1.000,1.000,0.00,90.00,67.50,OPEN,0
5858.721,0,1,1,0.983,1.000,1.000,0.00,90.00,67.50,OPEN,0
5858.770,0,1,1,0.998,1.000,1.000,0.00,90.00,67.50,OPEN,0
5858.820,0,1,1,1.000,1.000,1.000,0.00,90.00,67.50,OPEN,0
5858.873,0,1,1,1.000,1.000,0.999,0.00,90.00,67.50,OPEN,0
5858.920,0,1,1,1.000,1.000,0.999,0.00,90.00,67.50,OPEN,0
5858.970,0,1,1,1.000,1.000,0.999,0.00,90.00,67.50,OPEN,0
5859.019,0,1,1,1.000,1.000,0.998,0.00,90.00,67.50,OPEN,0
5859.070,2,1,1,0.999,1.000,0.998,0.00,90.00,63.00,OPEN,1
5859.127,2,1,1,0.999,1.000,0.999,0.00,90.00,63.00,OPEN,0
5859.169,2,1,1,0.998,1.000,0.999,0.00,90.00,63.00,OPEN,0
5859.222,2,1,1,0.997,1.000,0.999,0.00,90.00,58.50,OPEN,1
5859.328,2,1,1,0.998,1.000,0.999,0.00,90.00,54.00,OPEN,1
5859.380,2,1,1,0.999,1.000,0.999,0.00,90.00,54.00,OPEN,0
5859.387,2,1,1,1.000,1.000,1.000,0.00,90.00,54.00,OPEN,0
5859.420,2,1,1,1.000,1.000,1.000,0.00,90.00,54.00,OPEN,0
5859.469,2,1,1,1.000,1.000,1.000,0.00,90.00,49.50,OPEN,1
5859.525,2,1,1,1.000,1.000,1.000,0.00,90.00,49.50,OPEN,0
5859.569,2,1,1,1.000,1.000,1.000,0.00,90.00,49.50,OPEN,0
5859.620,2,1,1,1.000,1.000,1.000,0.00,90.00,45.00,OPEN,1
5859.670,2,1,1,1.000,1.000,1.000,0.00,90.00,45.00,OPEN,0
5859.720,2,1,1,1.000,1.000,1.000,0.00,90.00,45.00,OPEN,0
5859.771,2,1,1,1.000,1.000,1.000,0.00,90.00,40.50,OPEN,1
5859.829,2,1,1,1.000,1.000,1.000,0.00,90.00,40.50,OPEN,0
5859.871,2,1,1,1.000,1.000,1.000,0.00,90.00,40.50,OPEN,0
5859.921,2,1,1,1.000,1.000,1.000,0.00,90.00,36.00,OPEN,1
5859.976,2,1,1,1.000,1.000,1.000,0.00,90.00,36.00,OPEN,0
5860.020,2,1,1,1.000,1.000,1.000,0.00,90.00,36.00,OPEN,0
5860.070,2,1,1,1.000,1.000,1.000,0.00,90.00,31.50,OPEN,1
5860.126,2,1,1,1.000,1.000,1.000,0.00,90.00,31.50,OPEN,0
5860.171,2,1,1,1.000,1.000,0.999,0.00,90.00,27.00,OPEN,1
5860.222,2,1,1,1.000,1.000,0.998,0.00,90.00,27.00,OPEN,0
5860.270,2,1,1,1.000,1.000,0.992,0.00,90.00,27.00,OPEN,0
5860.322,2,1,1,0.999,1.000,0.959,0.00,90.00,22.50,OPEN,1
5860.373,2,1,1,0.931,1.000,0.783,0.00,90.00,22.50,OPEN,0
5860.419,2,1,1,0.509,1.000,0.533,0.00,90.00,22.50,OPEN,0
5860.468,2,1,1,0.852,1.000,0.863,0.00,90.00,18.00,OPEN,1
5860.526,2,1,1,0.589,1.000,0.961,0.00,90.00,18.00,OPEN,0
5860.571,2,1,1,0.531,1.000,0.990,0.00,90.00,13.50,OPEN,1
5860.620,2,1,1,0.686,1.000,0.998,0.00,90.00,13.50,OPEN,0
5860.670,2,1,1,0.973,1.000,1.000,0.00,90.00,13.50,OPEN,0
5860.721,2,1,1,0.993,1.000,1.000,0.00,90.00,9.00,OPEN,1
5860.776,2,1,1,0.997,0.998,1.000,0.00,90.00,9.00,OPEN,0
5860.820,2,1,1,0.988,0.989,1.000,0.00,90.00,9.00,OPEN,0
5860.869,2,1,1,0.889,0.958,1.000,0.00,90.00,4.50,OPEN,1
5860.926,2,1,1,0.584,0.727,1.000,0.00,90.00,4.50,OPEN,0
5860.971,2,1,1,0.880,0.643,1.000,0.00,90.00,0.00,OPEN,1
5861.023,2,1,1,0.997,0.914,1.000,0.00,90.00,0.00,OPEN,0
5861.071,2,1,1,1.000,0.713,1.000,0.00,90.00,-4.50,OPEN,1
5861.126,2,1,1,1.000,0.865,1.000,0.00,90.00,-4.50,OPEN,0
5861.170,2,1,1,1.000,0.901,1.000,0.00,90.00,-4.50,OPEN,0
5861.222,2,1,1,0.998,0.999,1.000,0.00,90.00,-9.00,OPEN,1
5861.269,2,1,1,0.992,1.000,0.993,0.00,90.00,-9.00,OPEN,0
5861.319,3,1,1,0.975,1.000,0.797,0.00,90.00,-9.00,CLOSED,0
5861.471,3,1,0,0.910,1.000,0.629,-9.11,90.00,-9.00,CLOSED,1
5861.526,3,1,0,0.725,1.000,0.782,-12.40,90.00,-9.00,CLOSED,0
5861.531,3,1,0,0.512,1.000,0.973,-12.72,90.00,-9.00,CLOSED,0
5861.538,3,1,0,0.641,1.000,0.997,-13.14,90.00,-9.00,CLOSED,0
5861.569,3,1,0,0.838,1.000,1.000,-15.01,90.00,-9.00,CLOSED,0
5861.620,3,1,0,0.941,1.000,1.000,-18.03,90.00,-9.00,CLOSED,1
5861.676,3,1,0,0.975,1.000,1.000,-21.40,90.00,-9.00,CLOSED,0
5861.722,3,1,0,0.984,1.000,1.000,-24.13,90.00,-9.00,CLOSED,1
5861.771,3,1,0,0.989,1.000,1.000,-27.13,90.00,-9.00,CLOSED,0
5861.821,3,1,0,0.993,1.000,1.000,-30.12,90.00,-9.00,CLOSED,0
5861.871,3,1,0,0.995,1.000,1.000,-33.10,90.00,-9.00,CLOSED,1
5861.919,3,1,0,0.986,1.000,1.000,-35.99,90.00,-9.00,CLOSED,0
5861.969,2,1,0,0.852,1.000,1.000,-39.00,90.00,-13.50,CLOSED,0
5862.020,2,0,0,0.850,1.000,1.000,-42.03,93.02,-13.50,CLOSED,1
5862.069,2,0,0,0.999,1.000,1.000,-45.00,95.99,-13.50,CLOSED,0
5862.121,2,0,0,1.000,1.000,1.000,-48.10,99.10,-18.00,CLOSED,1
5862.174,2,0,0,1.000,1.000,1.000,-51.26,102.26,-18.00,CLOSED,0
5862.220,2,0,0,1.000,1.000,1.000,-54.04,105.04,-18.00,CLOSED,0
5862.269,2,0,0,1.000,1.000,1.000,-57.01,108.01,-22.50,CLOSED,1
5862.319,2,0,0,1.000,1.000,1.000,-60.01,111.00,-22.50,CLOSED,0
5862.370,0,0,0,1.000,1.000,1.000,-63.04,114.04,-22.50,CLOSED,1
5862.492,0,0,0,1.000,1.000,1.000,-70.38,121.38,-22.50,CLOSED,1
5862.527,0,0,0,1.000,1.000,1.000,-72.48,123.47,-22.50,CLOSED,0
5862.532,0,0,0,1.000,1.000,1.000,-72.79,123.78,-22.50,CLOSED,0
5862.570,0,0,0,1.000,1.000,1.000,-75.05,126.04,-22.50,CLOSED,0
5862.620,0,0,0,1.000,1.000,1.000,-78.02,129.01,-22.50,CLOSED,1
5862.695,0,0,0,1.000,1.000,1.000,-82.57,133.57,-22.50,CLOSED,0
5862.721,0,0,0,1.000,1.000,1.000,-84.11,135.10,-22.50,CLOSED,1
5862.771,0,0,0,1.000,1.000,1.000,-87.13,138.13,-22.50,CLOSED,0
5862.820,0,0,0,1.000,1.000,1.000,-90.00,141.01,-22.50,CLOSED,0
5862.869,0,0,0,1.000,1.000,1.000,-90.00,144.01,-22.50,CLOSED,1
5862.922,0,0,0,1.000,1.000,1.000,-90.00,147.17,-22.50,CLOSED,0
5862.972,0,0,0,1.000,1.000,1.000,-90.00,150.17,-22.50,CLOSED,1
5863.025,0,0,0,1.000,1.000,1.000,-90.00,153.32,-22.50,CLOSED,0
5863.070,0,0,0,1.000,1.000,1.000,-90.00,156.03,-22.50,CLOSED,0
5863.119,0,0,0,1.000,1.000,1.000,-90.00,159.00,-22.50,CLOSED,1
5863.170,0,0,0,1.000,1.000,1.000,-90.00,162.03,-22.50,CLOSED,0
5863.221,0,0,0,1.000,1.000,1.000,-90.00,165.09,-22.50,CLOSED,1
5863.309,0,0,0,1.000,1.000,1.000,-90.00,170.37,-22.50,CLOSED,0
5863.325,0,0,0,1.000,1.000,1.000,-90.00,171.35,-22.50,CLOSED,1
5863.374,0,0,0,1.000,1.000,1.000,-90.00,174.26,-22.50,CLOSED,0
5863.424,0,0,0,1.000,1.000,1.000,-90.00,177.28,-22.50,CLOSED,0
5863.472,0,0,0,1.000,1.000,1.000,-90.00,180.00,-22.50,CLOSED,1
5863.523,0,0,0,1.000,1.000,1.000,-90.00,180.00,-22.50,CLOSED,0
5863.569,0,0,0,1.000,1.000,1.000,-90.00,180.00,-22.50,CLOSED,0
5863.621,0,0,0,1.000,1.000,1.000,-90.00,180.00,-22.50,CLOSED,0
5863.669,0,0,0,1.000,1.000,1.000,-90.00,180.00,-22.50,CLOSED,0
5863.721,0,0,0,1.000,1.000,1.000,-90.00,180.00,-22.50,CLOSED,0
5863.771,0,0,0,1.000,1.000,1.000,-90.00,180.00,-22.50,CLOSED,0
5863.821,0,0,0,1.000,1.000,1.000,-90.00,180.00,-22.50,CLOSED,0
5863.872,0,0,0,1.000,1.000,1.000,-90.00,180.00,-22.50,CLOSED,0
5863.920,0,0,0,1.000,1.000,1.000,-90.00,180.00,-22.50,CLOSED,0
5863.969,0,0,0,1.000,1.000,1.000,-90.00,180.00,-22.50,CLOSED,0
5864.021,0,0,0,1.000,1.000,1.000,-90.00,180.00,-22.50,CLOSED,0
5864.073,0,0,0,1.000,1.000,1.000,-90.00,180.00,-22.50,CLOSED,0
5864.119,0,0,0,1.000,1.000,1.000,-90.00,180.00,-22.50,CLOSED,0
5864.170,0,0,0,1.000,1.000,1.000,-90.00,180.00,-22.50,CLOSED,0
5864.221,0,0,0,1.000,1.000,1.000,-90.00,180.00,-22.50,CLOSED,0
5864.270,0,0,0,1.000,1.000,1.000,-90.00,180.00,-22.50,CLOSED,0
5864.320,0,0,0,1.000,1.000,1.000,-90.00,180.00,-22.50,CLOSED,0
5864.371,0,0,0,1.000,1.000,1.000,-90.00,180.00,-22.50,CLOSED,0
5864.421,0,0,0,1.000,1.000,1.000,-90.00,180.00,-22.50,CLOSED,0
5864.471,0,0,0,1.000,1.000,1.000,-90.00,180.00,-22.50,CLOSED,0
5864.520,0,0,0,1.000,1.000,1.000,-90.00,180.00,-22.50,CLOSED,0
5864.572,0,0,0,0.999,1.000,1.000,-90.00,180.00,-22.50,CLOSED,0
5864.621,0,0,0,0.999,1.000,1.000,-90.00,180.00,-22.50,CLOSED,0
5864.670,0,0,0,1.000,1.000,1.000,-90.00,180.00,-22.50,CLOSED,0
5864.721,0,0,0,1.000,1.000,1.000,-90.00,180.00,-22.50,CLOSED,0
5864.769,0,0,0,1.000,1.000,1.000,-90.00,180.00,-22.50,CLOSED,0
5864.821,0,0,0,1.000,1.000,1.000,-90.00,180.00,-22.50,CLOSED,0
5864.871,0,0,0,1.000,1.000,1.000,-90.00,180.00,-22.50,CLOSED,0
5864.921,0,0,0,1.000,1.000,1.000,-90.00,180.00,-22.50,CLOSED,0
5864.969,0,0,0,1.000,1.000,1.000,-90.00,180.00,-22.50,CLOSED,0
5865.021,0,0,0,1.000,1.000,1.000,-90.00,180.00,-22.50,CLOSED,0
5865.071,0,0,0,1.000,1.000,1.000,-90.00,180.00,-22.50,CLOSED,0
5865.121,0,0,0,1.000,1.000,1.000,-90.00,180.00,-22.50,CLOSED,0
5865.170,0,0,0,1.000,1.000,1.000,-90.00,180.00,-22.50,CLOSED,0
5865.221,0,0,0,1.000,1.000,1.000,-90.00,180.00,-22.50,CLOSED,0
5865.269,0,0,0,1.000,1.000,1.000,-90.00,180.00,-22.50,CLOSED,0
5865.322,0,0,0,1.000,1.000,1.000,-90.00,180.00,-22.50,CLOSED,0
5865.371,0,0,0,1.000,1.000,1.000,-90.00,180.00,-22.50,CLOSED,0
5865.420,0,0,0,1.000,1.000,1.000,-90.00,180.00,-22.50,CLOSED,0
5865.469,0,0,0,1.000,1.000,1.000,-90.00,180.00,-22.50,CLOSED,0
5865.522,0,0,0,1.000,1.000,1.000,-90.00,180.00,-22.50,CLOSED,0
5865.571,0,0,0,0.994,1.000,1.000,-90.00,180.00,-22.50,CLOSED,0
5865.620,0,0,0,0.978,1.000,1.000,-90.00,180.00,-22.50,CLOSED,0
5865.671,0,0,0,0.665,1.000,1.000,-90.00,180.00,-22.50,CLOSED,0
5865.719,0,0,0,0.845,1.000,1.000,-90.00,180.00,-22.50,CLOSED,0
5865.771,0,0,0,0.977,1.000,1.000,-90.00,180.00,-22.50,CLOSED,0
5865.821,0,0,0,1.000,1.000,1.000,-90.00,180.00,-22.50,CLOSED,0
5865.871,0,0,0,1.000,1.000,1.000,-90.00,180.00,-22.50,CLOSED,0
5865.920,0,0,0,1.000,1.000,1.000,-90.00,180.00,-22.50,CLOSED,0
5865.972,0,0,0,1.000,1.000,1.000,-90.00,180.00,-22.50,CLOSED,0
5866.020,0,0,0,1.000,1.000,1.000,-90.00,180.00,-22.50,CLOSED,0
5866.069,0,0,0,1.000,1.000,1.000,-90.00,180.00,-22.50,CLOSED,0
5866.120,3,0,0,1.000,1.000,1.000,-90.00,180.00,-22.50,OPEN,0
5866.171,3,0,0,1.000,1.000,1.000,-90.00,180.00,-22.50,OPEN,0
5866.221,3,0,0,1.000,1.000,1.000,-90.00,180.00,-22.50,OPEN,0
5866.271,3,0,0,1.000,1.000,1.000,-90.00,180.00,-22.50,OPEN,0
5866.322,3,0,0,1.000,1.000,1.000,-90.00,180.00,-22.50,OPEN,0
5866.370,3,0,0,1.000,1.000,1.000,-90.00,180.00,-22.50,OPEN,0
5866.420,3,0,0,1.000,1.000,1.000,-90.00,180.00,-22.50,OPEN,0
5866.483,3,0,0,1.000,1.000,1.000,-90.00,180.00,-22.50,OPEN,0
5866.523,3,0,0,1.000,1.000,1.000,-90.00,180.00,-22.50,OPEN,0
5866.571,3,0,0,0.998,1.000,1.000,-90.00,180.00,-22.50,OPEN,0
5866.621,3,0,0,0.952,1.000,1.000,-90.00,180.00,-22.50,OPEN,0
5866.671,3,0,0,0.976,1.000,1.000,-90.00,180.00,-22.50,OPEN,0
5866.721,3,0,0,0.900,1.000,1.000,-90.00,180.00,-22.50,OPEN,0
5866.772,3,0,0,0.588,1.000,1.000,-90.00,180.00,-22.50,OPEN,0
5866.820,3,0,0,0.999,1.000,1.000,-90.00,180.00,-22.50,OPEN,0
5866.870,3,0,0,1.000,1.000,1.000,-90.00,180.00,-22.50,OPEN,0
5866.920,3,0,0,1.000,1.000,1.000,-90.00,180.00,-22.50,OPEN,0
5866.972,3,0,0,1.000,1.000,1.000,-90.00,180.00,-22.50,OPEN,0
5867.019,3,0,0,1.000,1.000,1.000,-90.00,180.00,-22.50,OPEN,0
5867.071,3,0,0,1.000,1.000,1.000,-90.00,180.00,-22.50,OPEN,0
5867.120,3,0,0,1.000,1.000,1.000,-90.00,180.00,-22.50,OPEN,0
5867.172,0,0,0,1.000,1.000,1.000,-90.00,180.00,-22.50,OPEN,0
5867.221,0,0,0,1.000,1.000,1.000,-90.00,180.00,-22.50,OPEN,0
5867.270,0,0,0,1.000,1.000,1.000,-90.00,180.00,-22.50,OPEN,0
5867.320,0,0,0,1.000,1.000,1.000,-90.00,180.00,-22.50,OPEN,0
5867.370,0,0,0,1.000,1.000,1.000,-90.00,180.00,-22.50,OPEN,0
5867.421,0,0,0,1.000,1.000,1.000,-90.00,180.00,-22.50,OPEN,0
5867.470,0,0,0,1.000,1.000,1.000,-90.00,180.00,-22.50,OPEN,0
5867.522,0,0,0,1.000,1.000,1.000,-90.00,180.00,-22.50,OPEN,0
5867.572,0,0,0,1.000,1.000,1.000,-90.00,180.00,-22.50,OPEN,0
5867.621,0,0,0,1.000,1.000,1.000,-90.00,180.00,-22.50,OPEN,0
5867.670,0,0,0,1.000,1.000,1.000,-90.00,180.00,-22.50,OPEN,0
5867.720,0,0,0,1.000,1.000,1.000,-90.00,180.00,-22.50,OPEN,0
5867.772,0,0,0,1.000,1.000,1.000,-90.00,180.00,-22.50,OPEN,0
5867.821,0,0,0,1.000,1.000,1.000,-90.00,180.00,-22.50,OPEN,0
5867.871,0,0,0,1.000,1.000,1.000,-90.00,180.00,-22.50,OPEN,0
5867.921,0,0,0,1.000,1.000,1.000,-90.00,180.00,-22.50,OPEN,0
5867.974,0,0,0,1.000,1.000,1.000,-90.00,180.00,-22.50,OPEN,0
5868.021,0,0,0,1.000,1.000,1.000,-90.00,180.00,-22.50,OPEN,0
5868.071,0,0,0,1.000,1.000,1.000,-90.00,180.00,-22.50,OPEN,0
5868.120,0,0,0,1.000,1.000,1.000,-90.00,180.00,-22.50,OPEN,0
5868.172,0,0,0,1.000,1.000,1.000,-90.00,180.00,-22.50,OPEN,0
5868.220,0,0,0,1.000,1.000,1.000,-90.00,180.00,-22.50,OPEN,0
5868.271,0,0,0,1.000,1.000,1.000,-90.00,180.00,-22.50,OPEN,0
5868.320,0,0,0,1.000,1.000,1.000,-90.00,180.00,-22.50,OPEN,0
5868.370,0,0,0,1.000,1.000,1.000,-90.00,180.00,-22.50,OPEN,0
5868.420,0,0,0,1.000,1.000,1.000,-90.00,180.00,-22.50,OPEN,0
5868.469,0,0,0,1.000,1.000,1.000,-90.00,180.00,-22.50,OPEN,0
5868.521,0,0,0,1.000,1.000,1.000,-90.00,180.00,-22.50,OPEN,0
5868.572,0,0,0,1.000,1.000,1.000,-90.00,180.00,-22.50,OPEN,0
5868.620,0,0,0,1.000,1.000,1.000,-90.00,180.00,-22.50,OPEN,0
5868.669,0,0,0,1.000,1.000,1.000,-90.00,180.00,-22.50,OPEN,0
5868.721,0,0,0,1.000,1.000,1.000,-90.00,180.00,-22.50,OPEN,0
5868.771,0,0,0,1.000,1.000,1.000,-90.00,180.00,-22.50,OPEN,0
5868.819,0,0,0,1.000,1.000,1.000,-90.00,180.00,-22.50,OPEN,0
5868.870,0,0,0,1.000,1.000,1.000,-90.00,180.00,-22.50,OPEN,0
5868.920,0,0,0,1.000,1.000,1.000,-90.00,180.00,-22.50,OPEN,0
5868.970,0,0,0,1.000,1.000,1.000,-90.00,180.00,-22.50,OPEN,0
5869.020,0,0,0,1.000,1.000,1.000,-90.00,180.00,-22.50,OPEN,0
5869.071,0,0,0,1.000,1.000,1.000,-90.00,180.00,-22.50,OPEN,0
5869.120,0,0,0,1.000,1.000,1.000,-90.00,180.00,-22.50,OPEN,0
5869.170,0,0,0,1.000,1.000,1.000,-90.00,180.00,-22.50,OPEN,0
5869.221,0,0,0,1.000,1.000,1.000,-90.00,180.00,-22.50,OPEN,0
5869.271,0,0,0,1.000,1.000,1.000,-90.00,180.00,-22.50,OPEN,0
5869.320,0,0,0,1.000,1.000,1.000,-90.00,180.00,-22.50,OPEN,0
5869.372,0,0,0,1.000,1.000,1.000,-90.00,180.00,-22.50,OPEN,0
5869.421,0,0,0,1.000,1.000,1.000,-90.00,180.00,-22.50,OPEN,0
5869.470,0,0,0,1.000,1.000,1.000,-90.00,180.00,-22.50,OPEN,0
5869.521,0,0,0,1.000,1.000,1.000,-90.00,180.00,-22.50,OPEN,0
5869.571,0,0,0,1.000,1.000,1.000,-90.00,180.00,-22.50,OPEN,0
5869.619,0,0,0,1.000,1.000,1.000,-90.00,180.00,-22.50,OPEN,0
5869.671,0,0,0,1.000,1.000,1.000,-90.00,180.00,-22.50,OPEN,0
5869.722,0,0,0,1.000,1.000,1.000,-90.00,180.00,-22.50,OPEN,0
5869.773,0,0,0,1.000,1.000,1.000,-90.00,180.00,-22.50,OPEN,0
5869.821,0,0,0,1.000,1.000,1.000,-90.00,180.00,-22.50,OPEN,0
5869.872,0,0,0,1.000,1.000,1.000,-90.00,180.00,-22.50,OPEN,0
5869.922,0,0,0,1.000,1.000,1.000,-90.00,180.00,-22.50,OPEN,0
5869.972,0,0,0,1.000,1.000,1.000,-90.00,180.00,-22.50,OPEN,0
5870.020,0,0,0,1.000,1.000,1.000,-90.00,180.00,-22.50,OPEN,0
5870.071,0,0,0,1.000,1.000,1.000,-90.00,180.00,-22.50,OPEN,0
5870.121,0,0,0,1.000,1.000,1.000,-90.00,180.00,-22.50,OPEN,0
5870.171,0,0,0,1.000,1.000,1.000,-90.00,180.00,-22.50,OPEN,0
5870.220,0,0,0,1.000,1.000,1.000,-90.00,180.00,-22.50,OPEN,0
5870.272,0,0,0,1.000,1.000,1.000,-90.00,180.00,-22.50,OPEN,0
5870.321,0,0,0,1.000,1.000,1.000,-90.00,180.00,-22.50,OPEN,0
5870.370,0,0,0,1.000,1.000,1.000,-90.00,180.00,-22.50,OPEN,0
5870.422,0,0,0,1.000,1.000,1.000,-90.00,180.00,-22.50,OPEN,0
5870.471,0,0,0,1.000,1.000,1.000,-90.00,180.00,-22.50,OPEN,0
5870.520,0,0,0,1.000,1.000,1.000,-90.00,180.00,-22.50,OPEN,0
5870.570,0,0,0,1.000,1.000,1.000,-90.00,180.00,-22.50,OPEN,0
5870.620,0,0,0,1.000,1.000,1.000,-90.00,180.00,-22.50,OPEN,0
5870.671,0,0,0,1.000,1.000,1.000,-90.00,180.00,-22.50,OPEN,0
5870.723,0,0,0,1.000,1.000,1.000,-90.00,180.00,-22.50,OPEN,0
5870.770,0,0,0,1.000,1.000,1.000,-90.00,180.00,-22.50,OPEN,0
5870.821,0,0,0,1.000,1.000,1.000,-90.00,180.00,-22.50,OPEN,0
5870.872,0,0,0,1.000,1.000,1.000,-90.00,180.00,-22.50,OPEN,0
5870.922,0,0,0,1.000,1.000,1.000,-90.00,180.00,-22.50,OPEN,0
5870.973,0,0,0,1.000,1.000,1.000,-90.00,180.00,-22.50,OPEN,0
5871.022,0,0,0,1.000,1.000,1.000,-90.00,180.00,-22.50,OPEN,0
5871.071,0,0,0,1.000,1.000,1.000,-90.00,180.00,-22.50,OPEN,0
5871.123,0,0,0,1.000,1.000,1.000,-90.00,180.00,-22.50,OPEN,0
5871.171,0,0,0,1.000,1.000,1.000,-90.00,180.00,-22.50,OPEN,0
5871.220,0,0,0,1.000,1.000,1.000,-90.00,180.00,-22.50,OPEN,0
5871.272,0,0,0,1.000,1.000,1.000,-90.00,180.00,-22.50,OPEN,0
5871.320,0,0,0,1.000,1.000,1.000,-90.00,180.00,-22.50,OPEN,0
5871.372,0,0,0,1.000,1.000,1.000,-90.00,180.00,-22.50,OPEN,0
5871.420,0,0,0,1.000,1.000,1.000,-90.00,180.00,-22.50,OPEN,0
5871.472,0,0,0,1.000,1.000,1.000,-90.00,180.00,-22.50,OPEN,0
5871.520,0,0,0,1.000,1.000,1.000,-90.00,180.00,-22.50,OPEN,0
5871.571,0,0,0,1.000,1.000,1.000,-90.00,180.00,-22.50,OPEN,0
5871.621,0,0,0,1.000,1.000,1.000,-90.00,180.00,-22.50,OPEN,0
5871.670,0,0,0,1.000,1.000,1.000,-90.00,180.00,-22.50,OPEN,0
5871.723,0,0,0,1.000,1.000,1.000,-90.00,180.00,-22.50,OPEN,0
5871.770,0,0,0,1.000,1.000,1.000,-90.00,180.00,-22.50,OPEN,0
5871.822,0,0,0,1.000,1.000,1.000,-90.00,180.00,-22.50,OPEN,0
5871.871,0,0,0,1.000,1.000,1.000,-90.00,180.00,-22.50,OPEN,0
5871.922,0,0,0,1.000,1.000,1.000,-90.00,180.00,-22.50,OPEN,0
5871.971,0,0,0,1.000,1.000,1.000,-90.00,180.00,-22.50,OPEN,0
5872.022,0,0,0,1.000,1.000,1.000,-90.00,180.00,-22.50,OPEN,0
5872.071,0,0,0,1.000,1.000,1.000,-90.00,180.00,-22.50,OPEN,0
5872.121,0,0,0,1.000,1.000,1.000,-90.00,180.00,-22.50,OPEN,0
5872.170,0,0,0,1.000,1.000,1.000,-90.00,180.00,-22.50,OPEN,0
5872.221,0,0,0,1.000,1.000,1.000,-90.00,180.00,-22.50,OPEN,0
5872.271,0,0,0,1.000,1.000,1.000,-90.00,180.00,-22.50,OPEN,0
5872.321,0,0,0,1.000,1.000,1.000,-90.00,180.00,-22.50,OPEN,0
5872.371,0,0,0,1.000,1.000,1.000,-90.00,180.00,-22.50,OPEN,0
5872.420,0,0,0,1.000,1.000,1.000,-90.00,180.00,-22.50,OPEN,0
5872.472,0,0,0,1.000,1.000,1.000,-90.00,180.00,-22.50,OPEN,0
5872.520,0,0,0,1.000,1.000,1.000,-90.00,180.00,-22.50,OPEN,0
5872.573,0,0,0,1.000,1.000,1.000,-90.00,180.00,-22.50,OPEN,0
5872.622,0,0,0,1.000,1.000,1.000,-90.00,180.00,-22.50,OPEN,0
5872.672,0,0,0,1.000,1.000,1.000,-90.00,180.00,-22.50,OPEN,0
5872.720,0,0,0,1.000,1.000,1.000,-90.00,180.00,-22.50,OPEN,0
5872.770,0,0,0,1.000,1.000,1.000,-90.00,180.00,-22.50,OPEN,0
5872.821,0,0,0,1.000,1.000,1.000,-90.00,180.00,-22.50,OPEN,0
5872.872,0,0,0,1.000,1.000,1.000,-90.00,180.00,-22.50,OPEN,0
5872.922,0,0,0,1.000,1.000,1.000,-90.00,180.00,-22.50,OPEN,0
5872.971,0,0,0,1.000,1.000,1.000,-90.00,180.00,-22.50,OPEN,0
5873.021,0,0,0,1.000,1.000,1.000,-90.00,180.00,-22.50,OPEN,0
5873.072,0,0,0,1.000,1.000,1.000,-90.00,180.00,-22.50,OPEN,0
5873.121,0,0,0,1.000,1.000,1.000,-90.00,180.00,-22.50,OPEN,0
5873.173,0,0,0,1.000,1.000,1.000,-90.00,180.00,-22.50,OPEN,0
5873.221,0,0,0,1.000,1.000,1.000,-90.00,180.00,-22.50,OPEN,0
5873.273,0,0,0,1.000,1.000,1.000,-90.00,180.00,-22.50,OPEN,0
5873.321,0,0,0,1.000,1.000,1.000,-90.00,180.00,-22.50,OPEN,0
5873.371,0,0,0,1.000,1.000,1.000,-90.00,180.00,-22.50,OPEN,0
5873.421,0,0,0,1.000,1.000,1.000,-90.00,180.00,-22.50,OPEN,0
5873.471,0,0,0,1.000,1.000,1.000,-90.00,180.00,-22.50,OPEN,0
5873.521,0,0,0,1.000,1.000,1.000,-90.00,180.00,-22.50,OPEN,0
5873.571,0,0,0,1.000,1.000,1.000,-90.00,180.00,-22.50,OPEN,0
5873.622,0,0,0,1.000,1.000,1.000,-90.00,180.00,-22.50,OPEN,0
5873.670,0,0,0,1.000,1.000,1.000,-90.00,180.00,-22.50,OPEN,0
5873.720,0,0,0,1.000,1.000,1.000,-90.00,180.00,-22.50,OPEN,0
5873.771,0,0,0,1.000,1.000,1.000,-90.00,180.00,-22.50,OPEN,0
5873.821,0,0,0,1.000,1.000,1.000,-90.00,180.00,-22.50,OPEN,0
5873.871,0,0,0,1.000,1.000,1.000,-90.00,180.00,-22.50,OPEN,0
5873.922,0,0,0,1.000,1.000,1.000,-90.00,180.00,-22.50,OPEN,0
5873.972,0,0,0,1.000,1.000,1.000,-90.00,180.00,-22.50,OPEN,0
5874.021,0,0,0,1.000,1.000,1.000,-90.00,180.00,-22.50,OPEN,0
5874.071,0,0,0,1.000,1.000,1.000,-90.00,180.00,-22.50,OPEN,0
5874.121,0,0,0,1.000,1.000,1.000,-90.00,180.00,-22.50,OPEN,0
5874.172,0,0,0,1.000,1.000,1.000,-90.00,180.00,-22.50,OPEN,0
5874.221,0,0,0,1.000,1.000,1.000,-90.00,180.00,-22.50,OPEN,0
5874.270,0,0,0,1.000,1.000,1.000,-90.00,180.00,-22.50,OPEN,0
5874.323,0,0,0,1.000,1.000,1.000,-90.00,180.00,-22.50,OPEN,0
5874.370,0,0,0,1.000,1.000,1.000,-90.00,180.00,-22.50,OPEN,0
5874.420,0,0,0,1.000,1.000,1.000,-90.00,180.00,-22.50,OPEN,0
5874.470,0,0,0,1.000,1.000,1.000,-90.00,180.00,-22.50,OPEN,0
5874.523,0,0,0,1.000,1.000,1.000,-90.00,180.00,-22.50,OPEN,0
5874.571,0,0,0,1.000,1.000,1.000,-90.00,180.00,-22.50,OPEN,0
5874.621,0,0,0,1.000,1.000,1.000,-90.00,180.00,-22.50,OPEN,0
5874.672,0,0,0,1.000,1.000,1.000,-90.00,180.00,-22.50,OPEN,0
5874.720,0,0,0,1.000,1.000,1.000,-90.00,180.00,-22.50,OPEN,0
5874.770,0,0,0,1.000,1.000,1.000,-90.00,180.00,-22.50,OPEN,0
5874.820,0,0,0,1.000,1.000,1.000,-90.00,180.00,-22.50,OPEN,0
5874.869,0,0,0,1.000,1.000,1.000,-90.00,180.00,-22.50,OPEN,0
5874.921,0,0,0,1.000,1.000,1.000,-90.00,180.00,-22.50,OPEN,0
5874.972,0,0,0,1.000,1.000,1.000,-90.00,180.00,-22.50,OPEN,0
5875.020,0,0,0,1.000,1.000,1.000,-90.00,180.00,-22.50,OPEN,0
5875.072,0,0,0,1.000,1.000,1.000,-90.00,180.00,-22.50,OPEN,0
5875.121,0,0,0,1.000,1.000,1.000,-90.00,180.00,-22.50,OPEN,0
5875.174,0,0,0,1.000,1.000,1.000,-90.00,180.00,-22.50,OPEN,0
5875.220,0,0,0,1.000,1.000,1.000,-90.00,180.00,-22.50,OPEN,0
5875.271,0,0,0,1.000,1.000,1.000,-90.00,180.00,-22.50,OPEN,0
5875.319,0,0,0,1.000,1.000,1.000,-90.00,180.00,-22.50,OPEN,0
5875.372,0,0,0,1.000,1.000,1.000,-90.00,180.00,-22.50,OPEN,0
5875.420,0,0,0,1.000,1.000,1.000,-90.00,180.00,-22.50,OPEN,0
5875.471,0,0,0,1.000,1.000,1.000,-90.00,180.00,-22.50,OPEN,0
5875.523,0,0,0,1.000,1.000,1.000,-90.00,180.00,-22.50,OPEN,0
5875.573,0,0,0,1.000,1.000,1.000,-90.00,180.00,-22.50,OPEN,0
5875.621,0,0,0,1.000,1.000,1.000,-90.00,180.00,-22.50,OPEN,0
5875.670,0,0,0,1.000,1.000,1.000,-90.00,180.00,-22.50,OPEN,0
5875.722,0,0,0,1.000,1.000,1.000,-90.00,180.00,-22.50,OPEN,0
5875.773,0,0,0,1.000,1.000,1.000,-90.00,180.00,-22.50,OPEN,0
5875.822,0,0,0,1.000,1.000,1.000,-90.00,180.00,-22.50,OPEN,0
5875.871,0,0,0,1.000,1.000,1.000,-90.00,180.00,-22.50,OPEN,0
5875.923,0,0,0,1.000,1.000,1.000,-90.00,180.00,-22.50,OPEN,0
5875.971,0,0,0,1.000,1.000,1.000,-90.00,180.00,-22.50,OPEN,0
5876.022,0,0,0,1.000,1.000,1.000,-90.00,180.00,-22.50,OPEN,0
5876.070,0,0,0,1.000,1.000,1.000,-90.00,180.00,-22.50,OPEN,0
5876.122,0,0,0,1.000,1.000,1.000,-90.00,180.00,-22.50,OPEN,0
5876.171,0,0,0,1.000,1.000,1.000,-90.00,180.00,-22.50,OPEN,0
5876.222,0,0,0,1.000,1.000,1.000,-90.00,180.00,-22.50,OPEN,0
5876.271,0,0,0,1.000,1.000,1.000,-90.00,180.00,-22.50,OPEN,0
5876.320,0,0,0,1.000,1.000,1.000,-90.00,180.00,-22.50,OPEN,0
5876.371,0,0,0,1.000,1.000,1.000,-90.00,180.00,-22.50,OPEN,0
5876.419,0,0,0,1.000,1.000,1.000,-90.00,180.00,-22.50,OPEN,0
5876.469,0,0,0,1.000,1.000,1.000,-90.00,180.00,-22.50,OPEN,0
5876.523,0,0,0,1.000,1.000,1.000,-90.00,180.00,-22.50,OPEN,0
5876.571,0,0,0,1.000,1.000,1.000,-90.00,180.00,-22.50,OPEN,0
5876.622,0,0,0,1.000,1.000,1.000,-90.00,180.00,-22.50,OPEN,0
5876.671,0,0,0,1.000,1.000,1.000,-90.00,180.00,-22.50,OPEN,0
5876.720,0,0,0,1.000,1.000,1.000,-90.00,180.00,-22.50,OPEN,0
5876.772,0,0,0,1.000,1.000,1.000,-90.00,180.00,-22.50,OPEN,0
5876.820,0,0,0,1.000,1.000,1.000,-90.00,180.00,-22.50,OPEN,0
5876.870,0,0,0,1.000,1.000,1.000,-90.00,180.00,-22.50,OPEN,0
5876.921,0,0,0,1.000,1.000,1.000,-90.00,180.00,-22.50,OPEN,0
5876.972,0,0,0,1.000,1.000,1.000,-90.00,180.00,-22.50,OPEN,0
5877.021,0,0,0,1.000,1.000,1.000,-90.00,180.00,-22.50,OPEN,0
5877.073,0,0,0,1.000,1.000,1.000,-90.00,180.00,-22.50,OPEN,0
5877.122,0,0,0,1.000,1.000,1.000,-90.00,180.00,-22.50,OPEN,0
5877.172,0,0,0,1.000,1.000,1.000,-90.00,180.00,-22.50,OPEN,0
5877.221,0,0,0,1.000,1.000,1.000,-90.00,180.00,-22.50,OPEN,0
5877.270,0,0,0,1.000,1.000,1.000,-90.00,180.00,-22.50,OPEN,0
5877.320,0,0,0,1.000,1.000,1.000,-90.00,180.00,-22.50,OPEN,0
5877.372,0,0,0,1.000,1.000,1.000,-90.00,180.00,-22.50,OPEN,0
5877.422,0,0,0,1.000,1.000,1.000,-90.00,180.00,-22.50,OPEN,0
5877.470,0,0,0,1.000,1.000,1.000,-90.00,180.00,-22.50,OPEN,0
5877.522,0,0,0,1.000,1.000,1.000,-90.00,180.00,-22.50,OPEN,0
5877.571,0,0,0,1.000,1.000,1.000,-90.00,180.00,-22.50,OPEN,0
5877.621,0,0,0,1.000,1.000,1.000,-90.00,180.00,-22.50,OPEN,0
5877.671,0,0,0,1.000,1.000,1.000,-90.00,180.00,-22.50,OPEN,0
5877.720,0,0,0,1.000,1.000,1.000,-90.00,180.00,-22.50,OPEN,0
5877.772,0,0,0,1.000,1.000,1.000,-90.00,180.00,-22.50,OPEN,0
5877.821,0,0,0,1.000,1.000,1.000,-90.00,180.00,-22.50,OPEN,0
5877.870,0,0,0,1.000,1.000,1.000,-90.00,180.00,-22.50,OPEN,0
5877.921,0,0,0,1.000,1.000,1.000,-90.00,180.00,-22.50,OPEN,0
5877.972,0,0,0,1.000,1.000,1.000,-90.00,180.00,-22.50,OPEN,0
5878.020,0,0,0,1.000,1.000,1.000,-90.00,180.00,-22.50,OPEN,0
5878.070,0,0,0,1.000,1.000,1.000,-90.00,180.00,-22.50,OPEN,0
5878.122,0,0,0,1.000,1.000,1.000,-90.00,180.00,-22.50,OPEN,0
5878.171,0,0,0,1.000,1.000,1.000,-90.00,180.00,-22.50,OPEN,0
5878.221,0,0,0,1.000,1.000,1.000,-90.00,180.00,-22.50,OPEN,0
5878.270,0,0,0,1.000,1.000,1.000,-90.00,180.00,-22.50,OPEN,0
5878.323,0,0,0,1.000,1.000,1.000,-90.00,180.00,-22.50,OPEN,0
5878.372,0,0,0,1.000,1.000,1.000,-90.00,180.00,-22.50,OPEN,0
5878.423,0,0,0,1.000,1.000,1.000,-90.00,180.00,-22.50,OPEN,0
5878.471,0,0,0,1.000,1.000,1.000,-90.00,180.00,-22.50,OPEN,0
5878.521,0,0,0,1.000,1.000,1.000,-90.00,180.00,-22.50,OPEN,0
5878.570,0,0,0,1.000,1.000,1.000,-90.00,180.00,-22.50,OPEN,0
5878.620,0,0,0,1.000,1.000,1.000,-90.00,180.00,-22.50,OPEN,0
5878.672,0,0,0,1.000,1.000,1.000,-90.00,180.00,-22.50,OPEN,0
5878.721,0,0,0,1.000,1.000,1.000,-90.00,180.00,-22.50,OPEN,0
5878.773,0,0,0,1.000,1.000,1.000,-90.00,180.00,-22.50,OPEN,0
5878.820,0,0,0,1.000,1.000,1.000,-90.00,180.00,-22.50,OPEN,0
5878.874,0,0,0,1.000,1.000,1.000,-90.00,180.00,-22.50,OPEN,0
5878.921,0,0,0,1.000,1.000,1.000,-90.00,180.00,-22.50,OPEN,0
5878.975,0,0,0,1.000,1.000,1.000,-90.00,180.00,-22.50,OPEN,0
5879.021,0,0,0,1.000,1.000,1.000,-90.00,180.00,-22.50,OPEN,0
5879.074,0,0,0,1.000,1.000,1.000,-90.00,180.00,-22.50,OPEN,0
5879.121,0,0,0,1.000,1.000,1.000,-90.00,180.00,-22.50,OPEN,0
5879.172,0,0,0,1.000,1.000,1.000,-90.00,180.00,-22.50,OPEN,0
5879.223,0,0,0,1.000,1.000,1.000,-90.00,180.00,-22.50,OPEN,0
5879.270,0,0,0,1.000,1.000,1.000,-90.00,180.00,-22.50,OPEN,0
5879.322,0,0,0,1.000,1.000,1.000,-90.00,180.00,-22.50,OPEN,0
5879.370,0,0,0,1.000,1.000,1.000,-90.00,180.00,-22.50,OPEN,0
5879.422,0,0,0,1.000,1.000,1.000,-90.00,180.00,-22.50,OPEN,0
5879.470,0,0,0,1.000,1.000,1.000,-90.00,180.00,-22.50,OPEN,0
5879.522,0,0,0,1.000,1.000,1.000,-90.00,180.00,-22.50,OPEN,0
5879.571,0,0,0,1.000,1.000,1.000,-90.00,180.00,-22.50,OPEN,0
5879.622,0,0,0,1.000,1.000,1.000,-90.00,180.00,-22.50,OPEN,0
5879.671,0,0,0,1.000,1.000,1.000,-90.00,180.00,-22.50,OPEN,0
5879.721,0,0,0,1.000,1.000,1.000,-90.00,180.00,-22.50,OPEN,0
5879.773,0,0,0,1.000,1.000,1.000,-90.00,180.00,-22.50,OPEN,0
5879.822,0,0,0,1.000,1.000,1.000,-90.00,180.00,-22.50,OPEN,0
5879.872,0,0,0,1.000,1.000,1.000,-90.00,180.00,-22.50,OPEN,0
5879.921,0,0,0,1.000,1.000,1.000,-90.00,180.00,-22.50,OPEN,0
5879.972,0,0,0,1.000,1.000,1.000,-90.00,180.00,-22.50,OPEN,0
5880.027,0,0,0,1.000,1.000,1.000,-90.00,180.00,-22.50,OPEN,0
5880.072,0,0,0,1.000,1.000,1.000,-90.00,180.00,-22.50,OPEN,0
5880.120,0,0,0,1.000,1.000,1.000,-90.00,180.00,-22.50,OPEN,0
5880.173,0,0,0,1.000,1.000,1.000,-90.00,180.00,-22.50,OPEN,0
5880.221,0,0,0,1.000,1.000,1.000,-90.00,180.00,-22.50,OPEN,0
5880.273,0,0,0,1.000,1.000,1.000,-90.00,180.00,-22.50,OPEN,0
5880.322,0,0,0,1.000,1.000,1.000,-90.00,180.00,-22.50,OPEN,0
5880.371,0,0,0,1.000,1.000,1.000,-90.00,180.00,-22.50,OPEN,0
5880.420,0,0,0,1.000,1.000,1.000,-90.00,180.00,-22.50,OPEN,0
5880.470,0,0,0,1.000,1.000,1.000,-90.00,180.00,-22.50,OPEN,0
5880.523,0,0,0,1.000,1.000,1.000,-90.00,180.00,-22.50,OPEN,0
5880.571,0,0,0,1.000,1.000,1.000,-90.00,180.00,-22.50,OPEN,0
5880.623,0,0,0,1.000,1.000,1.000,-90.00,180.00,-22.50,OPEN,0
5880.671,0,0,0,1.000,1.000,1.000,-90.00,180.00,-22.50,OPEN,0
5880.722,0,0,0,1.000,1.000,1.000,-90.00,180.00,-22.50,OPEN,0
5880.772,0,0,0,1.000,1.000,1.000,-90.00,180.00,-22.50,OPEN,0
5880.823,0,0,0,1.000,1.000,1.000,-90.00,180.00,-22.50,OPEN,0
5880.871,0,0,0,1.000,1.000,1.000,-90.00,180.00,-22.50,OPEN,0
5880.922,0,0,0,1.000,1.000,1.000,-90.00,180.00,-22.50,OPEN,0
5880.970,0,0,0,1.000,1.000,1.000,-90.00,180.00,-22.50,OPEN,0
5881.024,0,0,0,1.000,1.000,1.000,-90.00,180.00,-22.50,OPEN,0
5881.071,0,0,0,1.000,1.000,1.000,-90.00,180.00,-22.50,OPEN,0
5881.121,0,0,0,1.000,1.000,1.000,-90.00,180.00,-22.50,OPEN,0
5881.172,0,0,0,1.000,1.000,1.000,-90.00,180.00,-22.50,OPEN,0
5881.220,0,0,0,1.000,1.000,1.000,-90.00,180.00,-22.50,OPEN,0
5881.270,0,0,0,1.000,1.000,1.000,-90.00,180.00,-22.50,OPEN,0
5881.322,0,0,0,1.000,1.000,1.000,-90.00,180.00,-22.50,OPEN,0
5881.379,0,0,0,1.000,1.000,1.000,-90.00,180.00,-22.50,OPEN,0
5881.422,0,0,0,1.000,1.000,1.000,-90.00,180.00,-22.50,OPEN,0
5881.470,0,0,0,1.000,1.000,1.000,-90.00,180.00,-22.50,OPEN,0
5881.521,0,0,0,1.000,1.000,1.000,-90.00,180.00,-22.50,OPEN,0
5881.572,0,0,0,1.000,1.000,1.000,-90.00,180.00,-22.50,OPEN,0
5881.621,0,0,0,1.000,1.000,1.000,-90.00,180.00,-22.50,OPEN,0
5881.673,0,0,0,1.000,1.000,1.000,-90.00,180.00,-22.50,OPEN,0
5881.721,0,0,0,1.000,1.000,1.000,-90.00,180.00,-22.50,OPEN,0
5881.771,0,0,0,1.000,1.000,1.000,-90.00,180.00,-22.50,OPEN,0
5881.820,0,0,0,1.000,1.000,1.000,-90.00,180.00,-22.50,OPEN,0
5881.873,0,0,0,1.000,1.000,1.000,-90.00,180.00,-22.50,OPEN,0
5881.923,0,0,0,1.000,1.000,1.000,-90.00,180.00,-22.50,OPEN,0
5881.973,0,0,0,1.000,1.000,1.000,-90.00,180.00,-22.50,OPEN,0
5882.021,0,0,0,1.000,1.000,1.000,-90.00,180.00,-22.50,OPEN,0
5882.073,0,0,0,1.000,1.000,1.000,-90.00,180.00,-22.50,OPEN,0
5882.121,0,0,0,1.000,1.000,1.000,-90.00,180.00,-22.50,OPEN,0
5882.173,0,0,0,1.000,1.000,1.000,-90.00,180.00,-22.50,OPEN,0
5882.223,0,0,0,1.000,1.000,1.000,-90.00,180.00,-22.50,OPEN,0
5882.273,0,0,0,1.000,1.000,1.000,-90.00,180.00,-22.50,OPEN,0
5882.321,0,0,0,1.000,1.000,1.000,-90.00,180.00,-22.50,OPEN,0
5882.371,0,0,0,1.000,1.000,1.000,-90.00,180.00,-22.50,OPEN,0
5882.422,0,0,0,1.000,1.000,1.000,-90.00,180.00,-22.50,OPEN,0
5882.472,0,0,0,1.000,1.000,1.000,-90.00,180.00,-22.50,OPEN,0
5882.524,0,0,0,1.000,1.000,1.000,-90.00,180.00,-22.50,OPEN,0
5882.572,0,0,0,1.000,1.000,1.000,-90.00,180.00,-22.50,OPEN,0
5882.622,0,0,0,1.000,1.000,1.000,-90.00,180.00,-22.50,OPEN,0
5882.671,0,0,0,1.000,1.000,1.000,-90.00,180.00,-22.50,OPEN,0
5882.724,0,0,0,1.000,1.000,1.000,-90.00,180.00,-22.50,OPEN,0
5882.769,0,0,0,1.000,1.000,1.000,-90.00,180.00,-22.50,OPEN,0
5882.822,0,0,0,1.000,1.000,1.000,-90.00,180.00,-22.50,OPEN,0
5882.872,0,0,0,1.000,1.000,1.000,-90.00,180.00,-22.50,OPEN,0
5882.924,0,0,0,1.000,1.000,1.000,-90.00,180.00,-22.50,OPEN,0
5882.972,0,0,0,1.000,1.000,1.000,-90.00,180.00,-22.50,OPEN,0
5883.020,0,0,0,1.000,1.000,1.000,-90.00,180.00,-22.50,OPEN,0
5883.071,0,0,0,1.000,1.000,1.000,-90.00,180.00,-22.50,OPEN,0
5883.122,0,0,0,1.000,1.000,1.000,-90.00,180.00,-22.50,OPEN,0
5883.171,0,0,0,1.000,1.000,1.000,-90.00,180.00,-22.50,OPEN,0
5883.223,0,0,0,1.000,1.000,1.000,-90.00,180.00,-22.50,OPEN,0
5883.271,0,0,0,1.000,1.000,1.000,-90.00,180.00,-22.50,OPEN,0
5883.322,0,0,0,1.000,1.000,1.000,-90.00,180.00,-22.50,OPEN,0
5883.370,0,0,0,1.000,1.000,1.000,-90.00,180.00,-22.50,OPEN,0
5883.420,0,0,0,1.000,1.000,1.000,-90.00,180.00,-22.50,OPEN,0
5883.470,0,0,0,1.000,1.000,1.000,-90.00,180.00,-22.50,OPEN,0
5883.521,0,0,0,1.000,1.000,1.000,-90.00,180.00,-22.50,OPEN,0
5883.572,0,0,0,1.000,1.000,1.000,-90.00,180.00,-22.50,OPEN,0
5883.623,0,0,0,1.000,1.000,1.000,-90.00,180.00,-22.50,OPEN,0
5883.670,0,0,0,1.000,1.000,1.000,-90.00,180.00,-22.50,OPEN,0
5883.721,0,0,0,1.000,1.000,1.000,-90.00,180.00,-22.50,OPEN,0
5883.772,0,0,0,1.000,1.000,1.000,-90.00,180.00,-22.50,OPEN,0
5883.822,0,0,0,1.000,1.000,1.000,-90.00,180.00,-22.50,OPEN,0
5883.871,0,0,0,1.000,1.000,1.000,-90.00,180.00,-22.50,OPEN,0
5883.921,0,0,0,1.000,1.000,1.000,-90.00,180.00,-22.50,OPEN,0
5883.973,0,0,0,1.000,1.000,1.000,-90.00,180.00,-22.50,OPEN,0
5884.021,0,0,0,1.000,1.000,1.000,-90.00,180.00,-22.50,OPEN,0
5884.073,0,0,0,1.000,1.000,1.000,-90.00,180.00,-22.50,OPEN,0
5884.120,0,0,0,1.000,1.000,1.000,-90.00,180.00,-22.50,OPEN,0
5884.172,0,0,0,1.000,1.000,1.000,-90.00,180.00,-22.50,OPEN,0
5884.221,0,0,0,1.000,1.000,1.000,-90.00,180.00,-22.50,OPEN,0
5884.272,0,0,0,1.000,1.000,1.000,-90.00,180.00,-22.50,OPEN,0
5884.319,0,0,0,1.000,1.000,1.000,-90.00,180.00,-22.50,OPEN,0
5884.371,0,0,0,1.000,1.000,1.000,-90.00,180.00,-22.50,OPEN,0
5884.422,0,0,0,1.000,1.000,1.000,-90.00,180.00,-22.50,OPEN,0
5884.469,0,0,0,1.000,1.000,1.000,-90.00,180.00,-22.50,OPEN,0
5884.521,0,0,0,1.000,1.000,1.000,-90.00,180.00,-22.50,OPEN,0
5884.571,0,0,0,1.000,1.000,1.000,-90.00,180.00,-22.50,OPEN,0
5884.623,0,0,0,1.000,1.000,1.000,-90.00,180.00,-22.50,OPEN,0
5884.671,0,0,0,1.000,1.000,1.000,-90.00,180.00,-22.50,OPEN,0
5884.722,0,0,0,1.000,1.000,1.000,-90.00,180.00,-22.50,OPEN,0
5884.770,0,0,0,1.000,1.000,1.000,-90.00,180.00,-22.50,OPEN,0
5884.822,0,0,0,1.000,1.000,1.000,-90.00,180.00,-22.50,OPEN,0
5884.872,0,0,0,1.000,1.000,1.000,-90.00,180.00,-22.50,OPEN,0
5884.921,0,0,0,1.000,1.000,1.000,-90.00,180.00,-22.50,OPEN,0
5884.970,0,0,0,1.000,1.000,1.000,-90.00,180.00,-22.50,OPEN,0
5885.020,0,0,0,1.000,1.000,1.000,-90.00,180.00,-22.50,OPEN,0
5885.071,0,0,0,1.000,1.000,1.000,-90.00,180.00,-22.50,OPEN,0
5885.120,0,0,0,1.000,1.000,1.000,-90.00,180.00,-22.50,OPEN,0
5885.173,0,0,0,1.000,1.000,1.000,-90.00,180.00,-22.50,OPEN,0
5885.220,0,0,0,1.000,1.000,1.000,-90.00,180.00,-22.50,OPEN,0
5885.272,0,0,0,1.000,1.000,1.000,-90.00,180.00,-22.50,OPEN,0
5885.322,0,0,0,1.000,1.000,1.000,-90.00,180.00,-22.50,OPEN,0
5885.373,0,0,0,1.000,1.000,1.000,-90.00,180.00,-22.50,OPEN,0
5885.422,0,0,0,1.000,1.000,1.000,-90.00,180.00,-22.50,OPEN,0
5885.471,0,0,0,1.000,1.000,1.000,-90.00,180.00,-22.50,OPEN,0
5885.523,0,0,0,1.000,1.000,1.000,-90.00,180.00,-22.50,OPEN,0
5885.573,0,0,0,1.000,1.000,1.000,-90.00,180.00,-22.50,OPEN,0
5885.621,0,0,0,1.000,1.000,1.000,-90.00,180.00,-22.50,OPEN,0
5885.671,0,0,0,1.000,1.000,1.000,-90.00,180.00,-22.50,OPEN,0
5885.721,0,0,0,1.000,1.000,1.000,-90.00,180.00,-22.50,OPEN,0
5885.773,0,0,0,1.000,1.000,1.000,-90.00,180.00,-22.50,OPEN,0
5885.820,0,0,0,1.000,1.000,1.000,-90.00,180.00,-22.50,OPEN,0
5885.871,0,0,0,1.000,1.000,1.000,-90.00,180.00,-22.50,OPEN,0
5885.921,0,0,0,1.000,1.000,1.000,-90.00,180.00,-22.50,OPEN,0
5885.973,0,0,0,1.000,1.000,1.000,-90.00,180.00,-22.50,OPEN,0
5886.022,0,0,0,1.000,1.000,1.000,-90.00,180.00,-22.50,OPEN,0
5886.070,0,0,0,1.000,1.000,1.000,-90.00,180.00,-22.50,OPEN,0
5886.122,0,0,0,1.000,1.000,1.000,-90.00,180.00,-22.50,OPEN,0
5886.170,0,0,0,1.000,1.000,1.000,-90.00,180.00,-22.50,OPEN,0
5886.222,0,0,0,1.000,1.000,1.000,-90.00,180.00,-22.50,OPEN,0
5886.270,0,0,0,1.000,1.000,1.000,-90.00,180.00,-22.50,OPEN,0
5886.321,0,0,0,1.000,1.000,1.000,-90.00,180.00,-22.50,OPEN,0
5886.370,0,0,0,1.000,1.000,1.000,-90.00,180.00,-22.50,OPEN,0
5886.421,0,0,0,1.000,1.000,1.000,-90.00,180.00,-22.50,OPEN,0
5886.472,0,0,0,0.991,1.000,1.000,-90.00,180.00,-22.50,OPEN,0
5886.521,0,0,0,0.577,1.000,1.000,-90.00,180.00,-22.50,OPEN,0
5886.571,0,0,0,0.972,1.000,1.000,-90.00,180.00,-22.50,OPEN,0
5886.622,0,0,0,0.926,1.000,1.000,-90.00,180.00,-22.50,OPEN,0
5886.670,0,0,0,0.983,1.000,1.000,-90.00,180.00,-22.50,OPEN,0
5886.722,0,0,0,0.998,1.000,1.000,-90.00,180.00,-22.50,OPEN,0
5886.771,0,0,0,0.998,1.000,1.000,-90.00,180.00,-22.50,OPEN,0
5886.821,0,0,0,0.997,1.000,1.000,-90.00,180.00,-22.50,OPEN,0
5886.869,0,0,0,0.994,1.000,1.000,-90.00,180.00,-22.50,OPEN,0
5886.919,1,0,0,0.991,1.000,1.000,-90.00,180.00,-18.00,OPEN,1
5886.973,1,0,0,0.988,1.000,1.000,-90.00,180.00,-18.00,OPEN,0
5887.021,1,0,0,0.964,1.000,1.000,-90.00,180.00,-13.50,OPEN,1
5887.135,1,0,0,0.972,1.000,1.000,-90.00,180.00,-9.00,OPEN,1
5887.184,1,0,0,0.983,1.000,1.000,-90.00,180.00,-9.00,OPEN,0
5887.193,1,0,0,0.987,1.000,1.000,-90.00,180.00,-9.00,OPEN,0
5887.224,1,0,0,0.988,1.000,1.000,-90.00,180.00,-9.00,OPEN,0
5887.271,1,0,0,0.985,1.000,1.000,-90.00,180.00,-4.50,OPEN,1
5887.333,1,0,0,0.986,1.000,1.000,-90.00,180.00,-4.50,OPEN,0
5887.372,1,0,0,0.993,1.000,1.000,-90.00,180.00,0.00,OPEN,1
5887.421,1,0,0,0.996,1.000,1.000,-90.00,180.00,0.00,OPEN,0
5887.471,1,0,0,1.000,1.000,1.000,-90.00,180.00,0.00,OPEN,0
5887.535,1,0,0,1.000,1.000,1.000,-90.00,180.00,4.50,OPEN,1
5887.573,1,0,0,1.000,1.000,1.000,-90.00,180.00,4.50,OPEN,0
5887.622,1,0,0,1.000,1.000,1.000,-90.00,180.00,4.50,OPEN,0
5887.670,1,0,0,1.000,1.000,1.000,-90.00,180.00,9.00,OPEN,1
5887.733,1,0,0,1.000,1.000,1.000,-90.00,180.00,9.00,OPEN,0
5887.771,1,0,0,1.000,1.000,1.000,-90.00,180.00,13.50,OPEN,1
5887.934,1,0,0,1.000,1.000,1.000,-90.00,180.00,18.00,OPEN,1
5887.955,1,0,0,1.000,1.000,1.000,-90.00,180.00,18.00,OPEN,0
5887.961,1,0,0,1.000,1.000,1.000,-90.00,180.00,18.00,OPEN,0
5887.973,1,0,0,1.000,1.000,1.000,-90.00,180.00,18.00,OPEN,0
5888.021,1,0,0,1.000,1.000,1.000,-90.00,180.00,18.00,OPEN,0
5888.071,1,0,0,1.000,1.000,1.000,-90.00,180.00,22.50,OPEN,1
5888.133,1,0,0,1.000,1.000,1.000,-90.00,180.00,22.50,OPEN,0
5888.172,1,0,0,1.000,1.000,1.000,-90.00,180.00,27.00,OPEN,1
5888.225,1,0,0,1.000,1.000,1.000,-90.00,180.00,27.00,OPEN,0
5888.272,1,0,0,1.000,1.000,1.000,-90.00,180.00,27.00,OPEN,0
5888.320,1,0,0,1.000,1.000,1.000,-90.00,180.00,31.50,OPEN,1
5888.371,1,0,0,1.000,1.000,1.000,-90.00,180.00,31.50,OPEN,0
5888.421,1,0,0,1.000,1.000,1.000,-90.00,180.00,36.00,OPEN,1
5888.536,1,0,0,1.000,1.000,1.000,-90.00,180.00,40.50,OPEN,1
5888.569,1,0,0,1.000,1.000,1.000,-90.00,180.00,40.50,OPEN,0
5888.579,1,0,0,1.000,1.000,1.000,-90.00,180.00,40.50,OPEN,0
5888.622,1,0,0,1.000,1.000,1.000,-90.00,180.00,40.50,OPEN,0
5888.672,1,0,0,1.000,1.000,1.000,-90.00,180.00,45.00,OPEN,1
5888.735,1,0,0,1.000,1.000,1.000,-90.00,180.00,45.00,OPEN,0
5888.771,1,0,0,1.000,1.000,1.000,-90.00,180.00,45.00,OPEN,0
5888.821,1,0,0,1.000,1.000,1.000,-90.00,180.00,49.50,OPEN,1
5888.887,1,0,0,1.000,1.000,1.000,-90.00,180.00,49.50,OPEN,0
5888.921,1,0,0,1.000,1.000,1.000,-90.00,180.00,49.50,OPEN,0
5888.973,1,0,0,1.000,1.000,1.000,-90.00,180.00,54.00,OPEN,1
5889.027,1,0,0,1.000,1.000,1.000,-90.00,180.00,54.00,OPEN,0
5889.072,1,0,0,1.000,1.000,1.000,-90.00,180.00,54.00,OPEN,0
5889.121,1,0,0,1.000,1.000,1.000,-90.00,180.00,58.50,OPEN,1
5889.169,1,0,0,1.000,1.000,1.000,-90.00,180.00,58.50,OPEN,0
5889.219,1,0,0,1.000,1.000,1.000,-90.00,180.00,58.50,OPEN,0
5889.278,1,0,0,1.000,1.000,1.000,-90.00,180.00,63.00,OPEN,1
5889.332,1,0,0,1.000,1.000,1.000,-90.00,180.00,63.00,OPEN,0
5889.370,1,0,0,1.000,1.000,1.000,-90.00,180.00,63.00,OPEN,0
5889.420,1,0,0,1.000,1.000,1.000,-90.00,180.00,67.50,OPEN,1
5889.535,1,0,0,1.000,1.000,1.000,-90.00,180.00,72.00,OPEN,1
5889.584,1,0,0,1.000,1.000,1.000,-90.00,180.00,72.00,OPEN,0
5889.593,1,0,0,1.000,1.000,1.000,-90.00,180.00,72.00,OPEN,0
5889.622,1,0,0,1.000,1.000,1.000,-90.00,180.00,72.00,OPEN,0
5889.671,1,0,0,1.000,1.000,1.000,-90.00,180.00,76.50,OPEN,1
5889.721,1,0,0,1.000,1.000,1.000,-90.00,180.00,76.50,OPEN,0
5889.770,1,0,0,1.000,1.000,1.000,-90.00,180.00,76.50,OPEN,0
5889.822,1,0,0,1.000,1.000,1.000,-90.00,180.00,81.00,OPEN,1
5889.934,1,0,0,1.000,1.000,1.000,-90.00,180.00,85.50,OPEN,1
5889.976,1,0,0,1.000,1.000,1.000,-90.00,180.00,85.50,OPEN,0
5889.985,1,0,0,1.000,1.000,1.000,-90.00,180.00,85.50,OPEN,0
5890.021,1,0,0,1.000,1.000,1.000,-90.00,180.00,85.50,OPEN,0
5890.072,1,0,0,1.000,1.000,1.000,-90.00,180.00,90.00,OPEN,1
5890.133,1,0,0,1.000,1.000,1.000,-90.00,180.00,90.00,OPEN,0
5890.172,1,0,0,1.000,1.000,1.000,-90.00,180.00,90.00,OPEN,0
5890.222,1,0,0,1.000,1.000,1.000,-90.00,180.00,94.50,OPEN,1
5890.305,1,0,0,1.000,1.000,1.000,-90.00,180.00,94.50,OPEN,0
5890.320,1,0,0,1.000,1.000,1.000,-90.00,180.00,94.50,OPEN,0
5890.370,1,0,0,1.000,1.000,1.000,-90.00,180.00,99.00,OPEN,1
5890.421,1,0,0,0.998,1.000,1.000,-90.00,180.00,99.00,OPEN,0
5890.470,1,0,0,1.000,1.000,1.000,-90.00,180.00,99.00,OPEN,0
5890.521,1,0,0,1.000,1.000,1.000,-90.00,180.00,103.50,OPEN,1
5890.574,1,0,0,1.000,1.000,1.000,-90.00,180.00,103.50,OPEN,0
5890.621,1,0,0,0.746,1.000,1.000,-90.00,180.00,103.50,OPEN,0
5890.670,1,0,0,1.000,1.000,1.000,-90.00,180.00,108.00,OPEN,1
5890.721,1,0,0,1.000,1.000,1.000,-90.00,180.00,108.00,OPEN,0
5890.771,1,0,0,1.000,1.000,1.000,-90.00,180.00,112.50,OPEN,1
5890.822,1,0,0,1.000,1.000,1.000,-90.00,180.00,112.50,OPEN,0
5890.871,1,0,0,1.000,1.000,1.000,-90.00,180.00,112.50,OPEN,0
5890.920,1,0,0,1.000,1.000,1.000,-90.00,180.00,117.00,OPEN,1
5890.971,1,0,0,1.000,1.000,1.000,-90.00,180.00,117.00,OPEN,0
5891.019,0,0,0,1.000,1.000,1.000,-90.00,180.00,117.00,OPEN,0
5891.070,0,0,0,1.000,1.000,1.000,-90.00,180.00,117.00,OPEN,0
5891.121,0,0,0,1.000,1.000,1.000,-90.00,180.00,117.00,OPEN,0
5891.170,0,0,0,1.000,1.000,1.000,-90.00,180.00,117.00,OPEN,0
5891.220,0,0,0,1.000,1.000,1.000,-90.00,180.00,117.00,OPEN,0
5891.270,0,0,0,1.000,1.000,1.000,-90.00,180.00,117.00,OPEN,0
5891.321,0,0,0,1.000,1.000,1.000,-90.00,180.00,117.00,OPEN,0
5891.369,0,0,0,1.000,1.000,1.000,-90.00,180.00,117.00,OPEN,0
5891.421,0,0,0,1.000,1.000,1.000,-90.00,180.00,117.00,OPEN,0
5891.469,0,0,0,1.000,1.000,1.000,-90.00,180.00,117.00,OPEN,0
5891.521,0,0,0,0.998,1.000,1.000,-90.00,180.00,117.00,OPEN,0
5891.571,0,0,0,0.866,1.000,1.000,-90.00,180.00,117.00,OPEN,0
5891.620,0,0,0,0.645,1.000,1.000,-90.00,180.00,117.00,OPEN,0
5891.671,0,0,0,0.984,1.000,1.000,-90.00,180.00,117.00,OPEN,0
5891.721,0,0,0,0.999,1.000,1.000,-90.00,180.00,117.00,OPEN,0
5891.771,0,0,0,1.000,1.000,1.000,-90.00,180.00,117.00,OPEN,0
5891.821,0,0,0,1.000,1.000,1.000,-90.00,180.00,117.00,OPEN,0
5891.870,0,0,0,1.000,1.000,1.000,-90.00,180.00,117.00,OPEN,0
5891.921,0,0,0,1.000,1.000,1.000,-90.00,180.00,117.00,OPEN,0
5891.970,0,0,0,1.000,1.000,1.000,-90.00,180.00,117.00,OPEN,0
5892.021,2,0,0,1.000,1.000,1.000,-90.00,180.00,112.50,OPEN,1
5892.076,2,0,0,1.000,1.000,1.000,-90.00,180.00,112.50,OPEN,0
5892.120,2,0,0,1.000,1.000,1.000,-90.00,180.00,112.50,OPEN,0
5892.170,2,0,0,1.000,1.000,1.000,-90.00,180.00,108.00,OPEN,1
5892.223,2,0,0,1.000,1.000,1.000,-90.00,180.00,108.00,OPEN,0
5892.269,2,0,0,1.000,1.000,1.000,-90.00,180.00,108.00,OPEN,0
5892.319,2,0,0,1.000,1.000,1.000,-90.00,180.00,103.50,OPEN,1
5892.372,2,0,0,1.000,1.000,1.000,-90.00,180.00,103.50,OPEN,0
5892.419,2,0,0,1.000,1.000,1.000,-90.00,180.00,103.50,OPEN,0
5892.470,2,0,0,1.000,1.000,1.000,-90.00,180.00,99.00,OPEN,1
5892.534,2,0,0,1.000,1.000,1.000,-90.00,180.00,99.00,OPEN,0
5892.570,2,0,0,1.000,1.000,1.000,-90.00,180.00,94.50,OPEN,1
5892.621,2,0,0,1.000,1.000,1.000,-90.00,180.00,94.50,OPEN,0
5892.669,2,0,0,1.000,1.000,1.000,-90.00,180.00,94.50,OPEN,0
5892.720,2,0,0,1.000,1.000,1.000,-90.00,180.00,90.00,OPEN,1
5892.771,2,0,0,1.000,1.000,1.000,-90.00,180.00,90.00,OPEN,0
5892.820,2,0,0,1.000,1.000,1.000,-90.00,180.00,90.00,OPEN,0
5892.870,2,0,0,1.000,1.000,1.000,-90.00,180.00,85.50,OPEN,1
5892.934,2,0,0,1.000,1.000,1.000,-90.00,180.00,85.50,OPEN,0
5892.969,2,0,0,1.000,1.000,1.000,-90.00,180.00,85.50,OPEN,0
5893.021,2,0,0,1.000,1.000,1.000,-90.00,180.00,81.00,OPEN,1
5893.072,2,0,0,1.000,1.000,1.000,-90.00,180.00,81.00,OPEN,0
5893.120,2,0,0,1.000,1.000,1.000,-90.00,180.00,81.00,OPEN,0
5893.170,2,0,0,1.000,1.000,1.000,-90.00,180.00,76.50,OPEN,1
5893.220,2,0,0,1.000,1.000,1.000,-90.00,180.00,76.50,OPEN,0
5893.269,2,0,0,1.000,1.000,1.000,-90.00,180.00,76.50,OPEN,0
5893.321,2,0,0,1.000,1.000,1.000,-90.00,180.00,72.00,OPEN,1
5893.370,2,0,0,1.000,1.000,1.000,-90.00,180.00,72.00,OPEN,0
5893.419,2,0,0,1.000,1.000,1.000,-90.00,180.00,72.00,OPEN,0
5893.469,2,0,0,1.000,1.000,1.000,-90.00,180.00,67.50,OPEN,1
5893.534,2,0,0,1.000,1.000,1.000,-90.00,180.00,67.50,OPEN,0
5893.585,2,0,0,1.000,1.000,1.000,-90.00,180.00,63.00,OPEN,1
5893.636,2,0,0,1.000,1.000,1.000,-90.00,180.00,63.00,OPEN,0
5893.669,2,0,0,1.000,1.000,1.000,-90.00,180.00,63.00,OPEN,0
5893.719,2,0,0,1.000,1.000,1.000,-90.00,180.00,58.50,OPEN,1
5893.770,2,0,0,1.000,1.000,1.000,-90.00,180.00,58.50,OPEN,0
5893.822,2,0,0,1.000,1.000,1.000,-90.00,180.00,54.00,OPEN,1
5893.873,2,0,0,1.000,1.000,1.000,-90.00,180.00,54.00,OPEN,0
5893.920,2,0,0,1.000,1.000,1.000,-90.00,180.00,54.00,OPEN,0
5893.971,2,0,0,1.000,1.000,1.000,-90.00,180.00,49.50,OPEN,1
5894.075,2,0,0,1.000,1.000,1.000,-90.00,180.00,45.00,OPEN,1
5894.136,2,0,0,1.000,1.000,1.000,-90.00,180.00,45.00,OPEN,0
5894.143,2,0,0,1.000,1.000,1.000,-90.00,180.00,45.00,OPEN,0
5894.173,2,0,0,1.000,1.000,1.000,-90.00,180.00,45.00,OPEN,0
5894.220,2,0,0,1.000,1.000,1.000,-90.00,180.00,40.50,OPEN,1
5894.279,2,0,0,1.000,1.000,1.000,-90.00,180.00,40.50,OPEN,0
5894.319,2,0,0,0.999,1.000,1.000,-90.00,180.00,40.50,OPEN,0
5894.370,2,0,0,0.916,1.000,1.000,-90.00,180.00,36.00,OPEN,1
5894.432,2,0,0,0.584,1.000,1.000,-90.00,180.00,36.00,OPEN,0
5894.471,2,0,0,0.910,1.000,1.000,-90.00,180.00,31.50,OPEN,1
5894.522,2,0,0,0.973,1.000,1.000,-90.00,180.00,31.50,OPEN,0
5894.571,2,0,0,0.994,1.000,1.000,-90.00,180.00,27.00,OPEN,1
5894.620,2,0,0,0.999,1.000,1.000,-90.00,180.00,27.00,OPEN,0
5894.670,2,0,0,0.999,1.000,1.000,-90.00,180.00,27.00,OPEN,0
5894.720,2,0,0,1.000,1.000,1.000,-90.00,180.00,22.50,OPEN,1
5894.771,2,0,0,0.999,1.000,1.000,-90.00,180.00,22.50,OPEN,0
5894.820,2,0,0,0.574,1.000,1.000,-90.00,180.00,18.00,OPEN,1
5894.889,3,0,0,0.968,1.000,1.000,-90.00,180.00,18.00,CLOSED,0
5894.978,3,0,0,0.997,1.000,1.000,-90.00,180.00,18.00,CLOSED,0
5894.986,3,0,0,1.000,1.000,1.000,-90.00,180.00,18.00,CLOSED,0
5895.022,3,0,0,1.000,1.000,1.000,-90.00,180.00,18.00,CLOSED,0
5895.069,3,0,0,1.000,1.000,1.000,-90.00,180.00,18.00,CLOSED,0
5895.120,3,0,0,1.000,1.000,1.000,-90.00,180.00,18.00,CLOSED,0
5895.170,3,0,0,1.000,1.000,1.000,-90.00,180.00,18.00,CLOSED,0
5895.220,0,0,0,1.000,1.000,1.000,-90.00,180.00,18.00,CLOSED,0
5895.269,0,0,0,1.000,1.000,1.000,-90.00,180.00,18.00,CLOSED,0
5895.319,0,0,0,1.000,1.000,1.000,-90.00,180.00,18.00,CLOSED,0
5895.372,0,0,0,1.000,1.000,1.000,-90.00,180.00,18.00,CLOSED,0
5895.420,0,0,0,1.000,1.000,1.000,-90.00,180.00,18.00,CLOSED,0
5895.469,0,0,0,1.000,1.000,1.000,-90.00,180.00,18.00,CLOSED,0
5895.520,0,0,0,1.000,1.000,1.000,-90.00,180.00,18.00,CLOSED,0
5895.570,0,0,0,1.000,1.000,1.000,-90.00,180.00,18.00,CLOSED,0
5895.618,0,0,0,1.000,1.000,1.000,-90.00,180.00,18.00,CLOSED,0
5895.669,0,0,0,1.000,1.000,1.000,-90.00,180.00,18.00,CLOSED,0
5895.722,0,0,0,1.000,1.000,1.000,-90.00,180.00,18.00,CLOSED,0
5895.769,0,0,0,1.000,1.000,1.000,-90.00,180.00,18.00,CLOSED,0
5895.819,0,0,0,1.000,1.000,1.000,-90.00,180.00,18.00,CLOSED,0
5895.869,0,0,0,1.000,1.000,1.000,-90.00,180.00,18.00,CLOSED,0
5895.921,0,0,0,1.000,1.000,1.000,-90.00,180.00,18.00,CLOSED,0
5895.972,0,0,0,1.000,1.000,1.000,-90.00,180.00,18.00,CLOSED,0
5896.021,0,0,0,1.000,1.000,1.000,-90.00,180.00,18.00,CLOSED,0
5896.070,0,0,0,1.000,1.000,1.000,-90.00,180.00,18.00,CLOSED,0
5896.119,0,0,0,1.000,1.000,1.000,-90.00,180.00,18.00,CLOSED,0
5896.171,0,0,0,1.000,1.000,1.000,-90.00,180.00,18.00,CLOSED,0
5896.219,0,0,0,1.000,1.000,1.000,-90.00,180.00,18.00,CLOSED,0
5896.270,0,0,0,1.000,1.000,1.000,-90.00,180.00,18.00,CLOSED,0
5896.320,0,0,0,1.000,1.000,1.000,-90.00,180.00,18.00,CLOSED,0
5896.370,0,0,0,1.000,1.000,1.000,-90.00,180.00,18.00,CLOSED,0
5896.421,0,0,0,1.000,1.000,1.000,-90.00,180.00,18.00,CLOSED,0
5896.469,0,0,0,1.000,1.000,1.000,-90.00,180.00,18.00,CLOSED,0
5896.520,0,0,0,1.000,1.000,1.000,-90.00,180.00,18.00,CLOSED,0
5896.572,0,0,0,1.000,1.000,1.000,-90.00,180.00,18.00,CLOSED,0
5896.620,0,0,0,1.000,1.000,1.000,-90.00,180.00,18.00,CLOSED,0
5896.670,0,0,0,1.000,1.000,1.000,-90.00,180.00,18.00,CLOSED,0
5896.720,0,0,0,0.989,1.000,1.000,-90.00,180.00,18.00,CLOSED,0
5896.770,0,0,0,0.558,1.000,1.000,-90.00,180.00,18.00,CLOSED,0
5896.819,0,0,0,0.997,1.000,1.000,-90.00,180.00,18.00,CLOSED,0
5896.869,0,0,0,1.000,1.000,1.000,-90.00,180.00,18.00,CLOSED,0
5896.920,0,0,0,1.000,1.000,1.000,-90.00,180.00,18.00,CLOSED,0
5896.970,0,0,0,1.000,1.000,1.000,-90.00,180.00,18.00,CLOSED,0
5897.019,0,0,0,1.000,1.000,1.000,-90.00,180.00,18.00,CLOSED,0
5897.069,0,0,0,1.000,1.000,1.000,-90.00,180.00,18.00,CLOSED,0
5897.120,0,0,0,1.000,1.000,1.000,-90.00,180.00,18.00,CLOSED,0
5897.170,3,0,0,1.000,1.000,1.000,-90.00,180.00,18.00,OPEN,0
5897.224,3,0,0,1.000,1.000,1.000,-90.00,180.00,18.00,OPEN,0
5897.270,3,0,0,1.000,1.000,1.000,-90.00,180.00,18.00,OPEN,0
5897.320,3,0,0,1.000,1.000,1.000,-90.00,180.00,18.00,OPEN,0
5897.369,3,0,0,1.000,1.000,1.000,-90.00,180.00,18.00,OPEN,0
5897.419,3,0,0,1.000,1.000,1.000,-90.00,180.00,18.00,OPEN,0
5897.470,3,0,0,1.000,1.000,1.000,-90.00,180.00,18.00,OPEN,0
5897.521,3,0,0,1.000,1.000,1.000,-90.00,180.00,18.00,OPEN,0
5897.571,3,0,0,1.000,1.000,1.000,-90.00,180.00,18.00,OPEN,0
5897.619,3,0,0,1.000,1.000,1.000,-90.00,180.00,18.00,OPEN,0
5897.671,3,0,0,1.000,1.000,1.000,-90.00,180.00,18.00,OPEN,0
5897.719,3,0,0,1.000,1.000,1.000,-90.00,180.00,18.00,OPEN,0
5897.770,3,0,0,1.000,1.000,1.000,-90.00,180.00,18.00,OPEN,0
5897.820,3,0,0,1.000,1.000,1.000,-90.00,180.00,18.00,OPEN,0
5897.869,3,0,0,1.000,1.000,1.000,-90.00,180.00,18.00,OPEN,0
5897.920,3,0,0,1.000,1.000,1.000,-90.00,180.00,18.00,OPEN,0
5897.970,3,0,0,1.000,1.000,1.000,-90.00,180.00,18.00,OPEN,0
5898.021,3,0,0,1.000,1.000,1.000,-90.00,180.00,18.00,OPEN,0
5898.070,3,0,0,1.000,1.000,1.000,-90.00,180.00,18.00,OPEN,0
5898.120,3,0,0,1.000,1.000,1.000,-90.00,180.00,18.00,OPEN,0
5898.170,3,0,0,1.000,1.000,1.000,-90.00,180.00,18.00,OPEN,0
5898.219,3,0,0,1.000,1.000,1.000,-90.00,180.00,18.00,OPEN,0
5898.269,3,0,0,1.000,1.000,1.000,-90.00,180.00,18.00,OPEN,0
5898.320,3,0,0,1.000,1.000,1.000,-90.00,180.00,18.00,OPEN,0
5898.369,3,0,0,1.000,1.000,1.000,-90.00,180.00,18.00,OPEN,0
5898.419,3,0,0,1.000,1.000,1.000,-90.00,180.00,18.00,OPEN,0
5898.469,3,0,0,1.000,1.000,1.000,-90.00,180.00,18.00,OPEN,0
5898.519,3,0,0,0.998,1.000,1.000,-90.00,180.00,18.00,OPEN,0
5898.571,3,0,0,0.628,1.000,1.000,-90.00,180.00,18.00,OPEN,0
5898.620,3,0,0,0.992,1.000,1.000,-90.00,180.00,18.00,OPEN,0
5898.670,3,0,0,0.906,1.000,1.000,-90.00,180.00,18.00,OPEN,0
5898.720,3,0,0,0.561,1.000,1.000,-90.00,180.00,18.00,OPEN,0
5898.770,3,0,0,0.957,1.000,1.000,-90.00,180.00,18.00,OPEN,0
5898.819,3,0,0,0.980,1.000,1.000,-90.00,180.00,18.00,OPEN,0
5898.869,3,0,0,0.954,1.000,1.000,-90.00,180.00,18.00,OPEN,0
5898.920,3,0,0,0.979,1.000,1.000,-90.00,180.00,18.00,OPEN,0
5898.970,3,0,0,1.000,1.000,1.000,-90.00,180.00,18.00,OPEN,0
5899.019,3,0,0,1.000,1.000,1.000,-90.00,180.00,18.00,OPEN,0
5899.070,3,0,0,1.000,1.000,1.000,-90.00,180.00,18.00,OPEN,0
5899.121,3,0,0,1.000,1.000,1.000,-90.00,180.00,18.00,OPEN,0
5899.171,3,0,0,1.000,1.000,1.000,-90.00,180.00,18.00,OPEN,0
5899.218,3,0,0,1.000,1.000,1.000,-90.00,180.00,18.00,OPEN,0
5899.271,3,0,0,1.000,1.000,1.000,-90.00,180.00,18.00,OPEN,0
5899.319,0,0,0,1.000,1.000,1.000,-90.00,180.00,18.00,OPEN,0
5899.371,0,0,0,1.000,1.000,1.000,-90.00,180.00,18.00,OPEN,0
5899.419,0,0,0,1.000,1.000,1.000,-90.00,180.00,18.00,OPEN,0
5899.470,0,0,0,1.000,1.000,1.000,-90.00,180.00,18.00,OPEN,0
5899.520,0,0,0,1.000,1.000,1.000,-90.00,180.00,18.00,OPEN,0
5899.570,0,0,0,1.000,1.000,1.000,-90.00,180.00,18.00,OPEN,0
5899.620,0,0,0,1.000,1.000,1.000,-90.00,180.00,18.00,OPEN,0
5899.669,0,0,0,1.000,1.000,1.000,-90.00,180.00,18.00,OPEN,0
5899.720,0,0,0,1.000,1.000,1.000,-90.00,180.00,18.00,OPEN,0
5899.771,0,0,0,1.000,1.000,1.000,-90.00,180.00,18.00,OPEN,0
5899.820,0,0,0,1.000,1.000,1.000,-90.00,180.00,18.00,OPEN,0
5899.870,0,0,0,1.000,1.000,1.000,-90.00,180.00,18.00,OPEN,0
5899.919,0,0,0,1.000,1.000,1.000,-90.00,180.00,18.00,OPEN,0
5899.970,0,0,0,1.000,1.000,1.000,-90.00,180.00,18.00,OPEN,0
5900.020,0,0,0,1.000,1.000,1.000,-90.00,180.00,18.00,OPEN,0
5900.071,0,0,0,1.000,1.000,1.000,-90.00,180.00,18.00,OPEN,0
5900.119,0,0,0,1.000,1.000,1.000,-90.00,180.00,18.00,OPEN,0
5900.170,0,0,0,1.000,1.000,1.000,-90.00,180.00,18.00,OPEN,0
5900.219,0,0,0,1.000,1.000,1.000,-90.00,180.00,18.00,OPEN,0
5900.270,0,0,0,1.000,1.000,1.000,-90.00,180.00,18.00,OPEN,0
5900.322,0,0,0,1.000,1.000,1.000,-90.00,180.00,18.00,OPEN,0
5900.370,0,0,0,0.999,1.000,1.000,-90.00,180.00,18.00,OPEN,0
5900.418,0,0,0,0.997,1.000,1.000,-90.00,180.00,18.00,OPEN,0
5900.469,0,0,0,0.981,1.000,1.000,-90.00,180.00,18.00,OPEN,0
5900.519,0,0,0,0.772,1.000,1.000,-90.00,180.00,18.00,OPEN,0
5900.570,0,0,0,0.728,1.000,1.000,-90.00,180.00,18.00,OPEN,0
5900.619,0,0,0,0.995,1.000,1.000,-90.00,180.00,18.00,OPEN,0
5900.669,0,0,0,1.000,1.000,1.000,-90.00,180.00,18.00,OPEN,0
5900.720,0,0,0,1.000,1.000,1.000,-90.00,180.00,18.00,OPEN,0
5900.770,0,0,0,1.000,1.000,1.000,-90.00,180.00,18.00,OPEN,0
5900.819,0,0,0,1.000,1.000,1.000,-90.00,180.00,18.00,OPEN,0
5900.870,0,0,0,1.000,1.000,1.000,-90.00,180.00,18.00,OPEN,0
5900.919,0,0,0,1.000,1.000,1.000,-90.00,180.00,18.00,OPEN,0
5900.969,3,0,0,1.000,1.000,1.000,-90.00,180.00,18.00,CLOSED,0
5901.136,3,0,0,1.000,1.000,1.000,-90.00,180.00,18.00,CLOSED,0
5901.146,3,0,0,1.000,1.000,1.000,-90.00,180.00,18.00,CLOSED,0
5901.153,3,0,0,1.000,1.000,1.000,-90.00,180.00,18.00,CLOSED,0
5901.171,3,0,0,1.000,1.000,1.000,-90.00,180.00,18.00,CLOSED,0
5901.219,3,0,0,1.000,1.000,1.000,-90.00,180.00,18.00,CLOSED,0
5901.271,3,0,0,1.000,1.000,1.000,-90.00,180.00,18.00,CLOSED,0
5901.320,3,0,0,1.000,1.000,1.000,-90.00,180.00,18.00,CLOSED,0
5901.371,3,0,0,1.000,1.000,1.000,-90.00,180.00,18.00,CLOSED,0
5901.420,3,0,0,1.000,1.000,1.000,-90.00,180.00,18.00,CLOSED,0
5901.469,3,0,0,1.000,1.000,1.000,-90.00,180.00,18.00,CLOSED,0
5901.519,3,0,0,1.000,1.000,1.000,-90.00,180.00,18.00,CLOSED,0
5901.569,3,0,0,1.000,1.000,1.000,-90.00,180.00,18.00,CLOSED,0
5901.620,3,0,0,1.000,1.000,1.000,-90.00,180.00,18.00,CLOSED,0
5901.670,3,0,0,1.000,1.000,1.000,-90.00,180.00,18.00,CLOSED,0
5901.720,3,0,0,1.000,1.000,1.000,-90.00,180.00,18.00,CLOSED,0
5901.770,3,0,0,1.000,1.000,1.000,-90.00,180.00,18.00,CLOSED,0
5901.820,3,0,0,1.000,1.000,1.000,-90.00,180.00,18.00,CLOSED,0
5901.869,3,0,0,1.000,1.000,1.000,-90.00,180.00,18.00,CLOSED,0
5901.920,3,0,0,1.000,1.000,1.000,-90.00,180.00,18.00,CLOSED,0
5901.970,3,0,0,1.000,1.000,1.000,-90.00,180.00,18.00,CLOSED,0
5902.019,3,0,0,1.000,1.000,1.000,-90.00,180.00,18.00,CLOSED,0
5902.069,3,0,0,1.000,1.000,1.000,-90.00,180.00,18.00,CLOSED,0
5902.120,3,0,0,1.000,1.000,1.000,-90.00,180.00,18.00,CLOSED,0
5902.169,3,0,0,1.000,1.000,1.000,-90.00,180.00,18.00,CLOSED,0
5902.219,3,0,0,1.000,1.000,1.000,-90.00,180.00,18.00,CLOSED,0
5902.269,3,0,0,1.000,1.000,1.000,-90.00,180.00,18.00,CLOSED,0
5902.319,3,0,0,1.000,1.000,1.000,-90.00,180.00,18.00,CLOSED,0
5902.370,3,0,0,1.000,1.000,1.000,-90.00,180.00,18.00,CLOSED,0
5902.430,3,0,0,1.000,1.000,1.000,-90.00,180.00,18.00,CLOSED,0
5902.471,3,0,0,1.000,1.000,1.000,-90.00,180.00,18.00,CLOSED,0
5902.519,3,0,0,1.000,1.000,1.000,-90.00,180.00,18.00,CLOSED,0
5902.569,3,0,0,1.000,1.000,1.000,-90.00,180.00,18.00,CLOSED,0
5902.619,3,0,0,1.000,1.000,1.000,-90.00,180.00,18.00,CLOSED,0
5902.669,3,0,0,1.000,1.000,1.000,-90.00,180.00,18.00,CLOSED,0
5902.720,3,0,0,1.000,1.000,1.000,-90.00,180.00,18.00,CLOSED,0
5902.770,3,0,0,1.000,1.000,1.000,-90.00,180.00,18.00,CLOSED,0
5902.820,3,0,0,1.000,1.000,1.000,-90.00,180.00,18.00,CLOSED,0
5902.869,3,0,0,1.000,1.000,1.000,-90.00,180.00,18.00,CLOSED,0
5902.919,3,0,0,1.000,1.000,1.000,-90.00,180.00,18.00,CLOSED,0
5902.972,3,0,0,1.000,1.000,1.000,-90.00,180.00,18.00,CLOSED,0
5903.020,3,0,0,1.000,1.000,1.000,-90.00,180.00,18.00,CLOSED,0
5903.069,3,0,0,1.000,1.000,1.000,-90.00,180.00,18.00,CLOSED,0
5903.119,3,0,0,1.000,1.000,1.000,-90.00,180.00,18.00,CLOSED,0
5903.169,3,0,0,0.999,1.000,1.000,-90.00,180.00,18.00,CLOSED,0
5903.220,3,0,0,0.997,1.000,1.000,-90.00,180.00,18.00,CLOSED,0
5903.269,3,0,0,0.992,1.000,1.000,-90.00,180.00,18.00,CLOSED,0
5903.320,3,0,0,0.980,1.000,1.000,-90.00,180.00,18.00,CLOSED,0
5903.369,3,0,0,0.772,1.000,1.000,-90.00,180.00,18.00,CLOSED,0
5903.419,3,0,0,0.376,1.000,1.000,-90.00,180.00,18.00,CLOSED,0
5903.469,3,0,0,1.000,1.000,1.000,-90.00,180.00,18.00,CLOSED,0
5903.520,3,0,0,1.000,1.000,1.000,-90.00,180.00,18.00,CLOSED,0
5903.571,3,0,0,1.000,1.000,1.000,-90.00,180.00,18.00,CLOSED,0
5903.619,3,0,0,1.000,1.000,1.000,-90.00,180.00,18.00,CLOSED,0
5903.669,3,0,0,1.000,1.000,1.000,-90.00,180.00,18.00,CLOSED,0
5903.720,3,0,0,1.000,1.000,1.000,-90.00,180.00,18.00,CLOSED,0
5903.769,3,0,0,1.000,1.000,1.000,-90.00,180.00,18.00,CLOSED,0
5903.820,0,0,0,1.000,1.000,1.000,-90.00,180.00,18.00,CLOSED,0
5903.869,0,0,0,1.000,1.000,1.000,-90.00,180.00,18.00,CLOSED,0
5903.920,0,0,0,1.000,1.000,1.000,-90.00,180.00,18.00,CLOSED,0
5903.970,0,0,0,1.000,1.000,1.000,-90.00,180.00,18.00,CLOSED,0
5904.019,0,0,0,1.000,1.000,1.000,-90.00,180.00,18.00,CLOSED,0
5904.068,0,0,0,1.000,1.000,1.000,-90.00,180.00,18.00,CLOSED,0
5904.120,0,0,0,1.000,1.000,1.000,-90.00,180.00,18.00,CLOSED,0
5904.170,0,0,0,1.000,1.000,1.000,-90.00,180.00,18.00,CLOSED,0
5904.219,0,0,0,1.000,1.000,1.000,-90.00,180.00,18.00,CLOSED,0
5904.269,0,0,0,1.000,1.000,1.000,-90.00,180.00,18.00,CLOSED,0
5904.319,0,0,0,1.000,1.000,1.000,-90.00,180.00,18.00,CLOSED,0
5904.369,0,0,0,1.000,1.000,1.000,-90.00,180.00,18.00,CLOSED,0
5904.420,0,0,0,1.000,1.000,1.000,-90.00,180.00,18.00,CLOSED,0
5904.471,0,0,0,1.000,1.000,1.000,-90.00,180.00,18.00,CLOSED,0
5904.519,0,0,0,1.000,1.000,1.000,-90.00,180.00,18.00,CLOSED,0
5904.571,0,0,0,1.000,1.000,1.000,-90.00,180.00,18.00,CLOSED,0
5904.619,0,0,0,1.000,1.000,1.000,-90.00,180.00,18.00,CLOSED,0
5904.669,0,0,0,1.000,1.000,1.000,-90.00,180.00,18.00,CLOSED,0
5904.720,0,0,0,1.000,1.000,1.000,-90.00,180.00,18.00,CLOSED,0
5904.769,0,0,0,1.000,1.000,1.000,-90.00,180.00,18.00,CLOSED,0
5904.819,0,0,0,1.000,1.000,1.000,-90.00,180.00,18.00,CLOSED,0
5904.869,0,0,0,1.000,1.000,1.000,-90.00,180.00,18.00,CLOSED,0
5904.921,0,0,0,1.000,1.000,1.000,-90.00,180.00,18.00,CLOSED,0
5904.970,0,0,0,1.000,1.000,1.000,-90.00,180.00,18.00,CLOSED,0
5905.019,0,0,0,1.000,1.000,1.000,-90.00,180.00,18.00,CLOSED,0
5905.070,0,0,0,1.000,1.000,1.000,-90.00,180.00,18.00,CLOSED,0
5905.120,0,0,0,1.000,1.000,1.000,-90.00,180.00,18.00,CLOSED,0
5905.170,0,0,0,1.000,1.000,1.000,-90.00,180.00,18.00,CLOSED,0
5905.219,0,0,0,1.000,1.000,1.000,-90.00,180.00,18.00,CLOSED,0
5905.269,0,0,0,1.000,1.000,1.000,-90.00,180.00,18.00,CLOSED,0
5905.321,0,0,0,1.000,1.000,1.000,-90.00,180.00,18.00,CLOSED,0
5905.369,0,0,0,1.000,1.000,1.000,-90.00,180.00,18.00,CLOSED,0
5905.419,0,0,0,1.000,1.000,1.000,-90.00,180.00,18.00,CLOSED,0
5905.471,0,0,0,1.000,1.000,1.000,-90.00,180.00,18.00,CLOSED,0
5905.519,0,0,0,1.000,1.000,1.000,-90.00,180.00,18.00,CLOSED,0
5905.570,0,0,0,1.000,1.000,1.000,-90.00,180.00,18.00,CLOSED,0
5905.620,0,0,0,1.000,1.000,1.000,-90.00,180.00,18.00,CLOSED,0
5905.669,0,0,0,1.000,1.000,1.000,-90.00,180.00,18.00,CLOSED,0
5905.720,0,0,0,1.000,1.000,1.000,-90.00,180.00,18.00,CLOSED,0
5905.769,0,0,0,1.000,1.000,1.000,-90.00,180.00,18.00,CLOSED,0
5905.818,0,0,0,1.000,1.000,1.000,-90.00,180.00,18.00,CLOSED,0
5905.869,0,0,0,1.000,1.000,1.000,-90.00,180.00,18.00,CLOSED,0
5905.919,0,0,0,1.000,1.000,1.000,-90.00,180.00,18.00,CLOSED,0
5905.969,0,0,0,1.000,1.000,1.000,-90.00,180.00,18.00,CLOSED,0
5906.020,0,0,0,1.000,1.000,1.000,-90.00,180.00,18.00,CLOSED,0
5906.070,0,0,0,1.000,1.000,1.000,-90.00,180.00,18.00,CLOSED,0
5906.119,0,0,0,1.000,1.000,1.000,-90.00,180.00,18.00,CLOSED,0
5906.172,0,0,0,1.000,1.000,1.000,-90.00,180.00,18.00,CLOSED,0
5906.218,0,0,0,1.000,1.000,1.000,-90.00,180.00,18.00,CLOSED,0
5906.269,0,0,0,1.000,1.000,1.000,-90.00,180.00,18.00,CLOSED,0
5906.319,0,0,0,1.000,1.000,1.000,-90.00,180.00,18.00,CLOSED,0
5906.370,0,0,0,1.000,1.000,1.000,-90.00,180.00,18.00,CLOSED,0
5906.420,0,0,0,1.000,1.000,1.000,-90.00,180.00,18.00,CLOSED,0
5906.470,0,0,0,1.000,1.000,1.000,-90.00,180.00,18.00,CLOSED,0
5906.519,0,0,0,1.000,1.000,1.000,-90.00,180.00,18.00,CLOSED,0
5906.569,0,0,0,1.000,1.000,1.000,-90.00,180.00,18.00,CLOSED,0
5906.619,0,0,0,1.000,1.000,1.000,-90.00,180.00,18.00,CLOSED,0
5906.670,0,0,0,1.000,1.000,1.000,-90.00,180.00,18.00,CLOSED,0
5906.719,0,0,0,1.000,1.000,1.000,-90.00,180.00,18.00,CLOSED,0
5906.770,0,0,0,0.999,1.000,1.000,-90.00,180.00,18.00,CLOSED,0
5906.818,0,0,0,0.889,1.000,1.000,-90.00,180.00,18.00,CLOSED,0
5906.869,0,0,0,0.893,1.000,1.000,-90.00,180.00,18.00,CLOSED,0
5906.920,0,0,0,0.999,1.000,1.000,-90.00,180.00,18.00,CLOSED,0
5906.971,0,0,0,1.000,1.000,1.000,-90.00,180.00,18.00,CLOSED,0
5907.019,0,0,0,1.000,1.000,1.000,-90.00,180.00,18.00,CLOSED,0
5907.070,0,0,0,1.000,1.000,1.000,-90.00,180.00,18.00,CLOSED,0
5907.119,0,0,0,1.000,1.000,1.000,-90.00,180.00,18.00,CLOSED,0
5907.171,0,0,0,1.000,1.000,1.000,-90.00,180.00,18.00,CLOSED,0
5907.219,2,0,0,1.000,1.000,1.000,-90.00,180.00,13.50,CLOSED,1
5907.270,2,0,0,1.000,1.000,1.000,-90.00,180.00,13.50,CLOSED,0
5907.319,2,0,0,1.000,1.000,1.000,-90.00,180.00,13.50,CLOSED,0
5907.371,2,0,0,1.000,1.000,1.000,-90.00,180.00,9.00,CLOSED,1
5907.423,2,0,0,1.000,0.999,1.000,-90.00,180.00,9.00,CLOSED,0
5907.469,2,0,0,1.000,0.984,1.000,-90.00,180.00,9.00,CLOSED,0
5907.519,2,0,0,0.999,0.856,1.000,-90.00,180.00,4.50,CLOSED,1
5907.569,2,0,0,0.999,0.584,1.000,-90.00,180.00,4.50,CLOSED,0
5907.620,2,0,0,0.999,0.790,1.000,-90.00,180.00,0.00,CLOSED,1
5907.731,2,0,0,0.998,0.944,1.000,-90.00,180.00,-4.50,CLOSED,1
5907.795,2,0,0,0.993,0.977,1.000,-90.00,180.00,-4.50,CLOSED,0
5907.800,2,0,0,0.507,0.985,1.000,-90.00,180.00,-4.50,CLOSED,0
5907.821,2,0,0,0.999,0.986,1.000,-90.00,180.00,-4.50,CLOSED,0
5907.869,2,0,0,1.000,0.985,1.000,-90.00,180.00,-9.00,CLOSED,1
5907.936,2,0,0,1.000,0.994,1.000,-90.00,180.00,-9.00,CLOSED,0
5907.971,2,0,0,1.000,0.999,1.000,-90.00,180.00,-13.50,CLOSED,1
5908.019,2,0,0,1.000,1.000,1.000,-90.00,180.00,-13.50,CLOSED,0
5908.068,2,0,0,1.000,1.000,1.000,-90.00,180.00,-13.50,CLOSED,0
5908.119,2,0,0,1.000,1.000,1.000,-90.00,180.00,-18.00,CLOSED,1
5908.169,0,0,0,1.000,1.000,1.000,-90.00,180.00,-18.00,CLOSED,0
5908.219,0,0,0,1.000,1.000,1.000,-90.00,180.00,-18.00,CLOSED,0
5908.270,0,0,0,1.000,1.000,1.000,-90.00,180.00,-18.00,CLOSED,0
5908.320,0,0,0,1.000,1.000,1.000,-90.00,180.00,-18.00,CLOSED,0
5908.369,0,0,0,1.000,1.000,1.000,-90.00,180.00,-18.00,CLOSED,0
5908.420,0,0,0,1.000,1.000,1.000,-90.00,180.00,-18.00,CLOSED,0
5908.470,0,0,0,1.000,1.000,1.000,-90.00,180.00,-18.00,CLOSED,0
5908.520,0,1,0,1.000,1.000,1.000,-90.00,177.01,-18.00,CLOSED,1
5908.570,0,1,0,1.000,1.000,1.000,-90.00,174.01,-18.00,CLOSED,0
5908.619,0,1,0,1.000,1.000,1.000,-90.00,171.04,-18.00,CLOSED,0
5908.669,0,1,0,1.000,1.000,1.000,-90.00,168.03,-18.00,CLOSED,1
5908.738,0,1,0,1.000,1.000,1.000,-90.00,163.90,-18.00,CLOSED,0
5908.769,0,1,0,1.000,1.000,1.000,-90.00,162.07,-18.00,CLOSED,0
5908.822,0,1,0,1.000,1.000,1.000,-90.00,158.86,-18.00,CLOSED,1
5908.940,0,1,0,1.000,1.000,1.000,-90.00,151.79,-18.00,CLOSED,1
5908.958,0,1,0,1.000,1.000,1.000,-90.00,150.70,-18.00,CLOSED,0
5908.969,0,1,0,1.000,1.000,1.000,-90.00,150.02,-18.00,CLOSED,0
5909.018,0,1,0,1.000,1.000,1.000,-90.00,147.08,-18.00,CLOSED,0
5909.070,0,1,0,1.000,1.000,1.000,-90.00,143.99,-18.00,CLOSED,1
5909.139,0,1,0,1.000,1.000,1.000,-90.00,139.83,-18.00,CLOSED,0
5909.172,0,1,0,1.000,1.000,1.000,-90.00,137.89,-18.00,CLOSED,1
5909.219,0,1,0,1.000,1.000,1.000,-90.00,135.05,-18.00,CLOSED,0
5909.268,0,1,0,1.000,1.000,1.000,-90.00,132.07,-18.00,CLOSED,0
5909.320,0,1,0,1.000,1.000,1.000,-90.00,128.95,-18.00,CLOSED,1
5909.371,0,1,0,1.000,1.000,1.000,-90.00,125.90,-18.00,CLOSED,0
5909.419,0,1,0,1.000,1.000,1.000,-90.00,123.02,-18.00,CLOSED,0
5909.469,0,1,0,1.000,1.000,1.000,-90.00,120.04,-18.00,CLOSED,1
5909.538,0,1,0,1.000,1.000,1.000,-90.00,115.87,-18.00,CLOSED,0
5909.570,0,1,0,1.000,1.000,1.000,-90.00,113.99,-18.00,CLOSED,1
5909.620,0,1,0,1.000,1.000,1.000,-90.00,110.96,-18.00,CLOSED,0
5909.670,0,1,0,1.000,1.000,1.000,-90.00,107.99,-18.00,CLOSED,0
5909.720,0,1,0,1.000,1.000,1.000,-90.00,105.00,-18.00,CLOSED,1
5909.770,0,1,0,1.000,1.000,1.000,-90.00,101.96,-18.00,CLOSED,0
5909.820,0,1,0,1.000,1.000,1.000,-90.00,99.01,-18.00,CLOSED,0
5909.869,0,1,0,1.000,1.000,1.000,-90.00,96.02,-18.00,CLOSED,1
5909.938,0,1,0,1.000,1.000,1.000,-90.00,91.91,-18.00,CLOSED,0
5909.969,0,1,0,1.000,1.000,1.000,-90.00,90.05,-18.00,CLOSED,0
5910.019,0,1,0,1.000,1.000,1.000,-90.00,90.00,-18.00,CLOSED,1
5910.074,0,1,0,1.000,1.000,1.000,-90.00,90.00,-18.00,CLOSED,0
5910.119,0,1,0,1.000,1.000,1.000,-90.00,90.00,-18.00,CLOSED,0
5910.169,0,1,0,1.000,1.000,1.000,-90.00,90.00,-18.00,CLOSED,0
5910.219,0,1,0,1.000,1.000,1.000,-90.00,90.00,-18.00,CLOSED,0
5910.269,0,1,0,1.000,1.000,1.000,-90.00,90.00,-18.00,CLOSED,0
5910.319,0,1,0,1.000,1.000,1.000,-90.00,90.00,-18.00,CLOSED,0
5910.369,0,1,0,1.000,1.000,1.000,-90.00,90.00,-18.00,CLOSED,0
5910.420,0,1,0,1.000,1.000,1.000,-90.00,90.00,-18.00,CLOSED,0
5910.469,0,1,0,1.000,1.000,1.000,-90.00,90.00,-18.00,CLOSED,0
5910.520,0,1,0,1.000,1.000,1.000,-90.00,90.00,-18.00,CLOSED,0
5910.569,0,1,0,1.000,1.000,1.000,-90.00,90.00,-18.00,CLOSED,0
5910.619,0,1,0,1.000,1.000,1.000,-90.00,90.00,-18.00,CLOSED,0
5910.670,0,1,0,1.000,1.000,1.000,-90.00,90.00,-18.00,CLOSED,0
5910.719,0,1,0,1.000,1.000,1.000,-90.00,90.00,-18.00,CLOSED,0
5910.769,0,1,0,1.000,1.000,1.000,-90.00,90.00,-18.00,CLOSED,0
5910.819,0,1,0,1.000,1.000,1.000,-90.00,90.00,-18.00,CLOSED,0
5910.870,0,1,0,1.000,1.000,1.000,-90.00,90.00,-18.00,CLOSED,0
5910.920,0,1,0,1.000,1.000,1.000,-90.00,90.00,-18.00,CLOSED,0
5910.971,0,1,0,1.000,1.000,1.000,-90.00,90.00,-18.00,CLOSED,0
5911.034,0,1,0,1.000,1.000,1.000,-90.00,90.00,-18.00,CLOSED,0
5911.069,0,1,0,1.000,1.000,1.000,-90.00,90.00,-18.00,CLOSED,0
5911.119,0,1,0,1.000,1.000,1.000,-90.00,90.00,-18.00,CLOSED,0
5911.170,0,1,0,1.000,1.000,1.000,-90.00,90.00,-18.00,CLOSED,0
5911.219,0,1,0,1.000,1.000,1.000,-90.00,90.00,-18.00,CLOSED,0
5911.270,0,1,0,1.000,1.000,1.000,-90.00,90.00,-18.00,CLOSED,0
5911.319,0,1,0,1.000,1.000,1.000,-90.00,90.00,-18.00,CLOSED,0
5911.370,0,1,0,1.000,1.000,1.000,-90.00,90.00,-18.00,CLOSED,0
5911.418,0,1,0,1.000,1.000,1.000,-90.00,90.00,-18.00,CLOSED,0
5911.470,0,1,0,1.000,1.000,1.000,-90.00,90.00,-18.00,CLOSED,0
5911.519,0,1,0,1.000,1.000,1.000,-90.00,90.00,-18.00,CLOSED,0
5911.570,0,1,0,1.000,1.000,1.000,-90.00,90.00,-18.00,CLOSED,0
5911.618,0,1,0,1.000,1.000,1.000,-90.00,90.00,-18.00,CLOSED,0
5911.669,0,1,0,1.000,1.000,1.000,-90.00,90.00,-18.00,CLOSED,0
5911.719,0,1,0,1.000,1.000,1.000,-90.00,90.00,-18.00,CLOSED,0
5911.768,0,1,0,1.000,1.000,1.000,-90.00,90.00,-18.00,CLOSED,0
5911.818,0,1,0,1.000,1.000,1.000,-90.00,90.00,-18.00,CLOSED,0
5911.869,0,1,0,1.000,1.000,1.000,-90.00,90.00,-18.00,CLOSED,0
5911.919,0,1,0,1.000,1.000,1.000,-90.00,90.00,-18.00,CLOSED,0
5911.970,0,1,0,1.000,1.000,1.000,-90.00,90.00,-18.00,CLOSED,0
5912.019,0,1,0,1.000,1.000,1.000,-90.00,90.00,-18.00,CLOSED,0
5912.069,0,1,0,1.000,1.000,1.000,-90.00,90.00,-18.00,CLOSED,0
5912.118,0,1,0,1.000,1.000,1.000,-90.00,90.00,-18.00,CLOSED,0
5912.169,0,1,0,1.000,1.000,1.000,-90.00,90.00,-18.00,CLOSED,0
5912.219,0,1,0,1.000,1.000,1.000,-90.00,90.00,-18.00,CLOSED,0
5912.269,0,1,0,1.000,1.000,1.000,-90.00,90.00,-18.00,CLOSED,0
5912.319,0,1,0,1.000,1.000,1.000,-90.00,90.00,-18.00,CLOSED,0
5912.369,0,1,0,1.000,1.000,1.000,-90.00,90.00,-18.00,CLOSED,0
5912.421,0,1,0,1.000,1.000,1.000,-90.00,90.00,-18.00,CLOSED,0
5912.469,0,1,0,1.000,1.000,1.000,-90.00,90.00,-18.00,CLOSED,0
5912.521,0,1,0,1.000,1.000,1.000,-90.00,90.00,-18.00,CLOSED,0
5912.571,0,1,0,1.000,1.000,1.000,-90.00,90.00,-18.00,CLOSED,0
5912.619,0,1,0,1.000,1.000,1.000,-90.00,90.00,-18.00,CLOSED,0
5912.669,0,1,0,1.000,1.000,1.000,-90.00,90.00,-18.00,CLOSED,0
5912.720,0,1,0,1.000,1.000,1.000,-90.00,90.00,-18.00,CLOSED,0
5912.769,0,1,0,1.000,1.000,1.000,-90.00,90.00,-18.00,CLOSED,0
5912.819,0,1,0,1.000,1.000,1.000,-90.00,90.00,-18.00,CLOSED,0
5912.869,0,1,0,1.000,1.000,1.000,-90.00,90.00,-18.00,CLOSED,0
5912.919,0,1,0,1.000,1.000,1.000,-90.00,90.00,-18.00,CLOSED,0
5912.969,0,1,0,1.000,1.000,1.000,-90.00,90.00,-18.00,CLOSED,0
5913.019,0,1,0,1.000,1.000,1.000,-90.00,90.00,-18.00,CLOSED,0
5913.069,0,1,0,1.000,1.000,1.000,-90.00,90.00,-18.00,CLOSED,0
5913.118,0,1,0,1.000,1.000,1.000,-90.00,90.00,-18.00,CLOSED,0
5913.170,0,1,0,1.000,1.000,1.000,-90.00,90.00,-18.00,CLOSED,0
5913.219,0,1,0,1.000,1.000,1.000,-90.00,90.00,-18.00,CLOSED,0
5913.269,0,1,0,1.000,1.000,1.000,-90.00,90.00,-18.00,CLOSED,0
5913.320,0,1,0,1.000,1.000,1.000,-90.00,90.00,-18.00,CLOSED,0
5913.369,0,1,0,1.000,1.000,1.000,-90.00,90.00,-18.00,CLOSED,0
5913.420,0,1,0,1.000,1.000,1.000,-90.00,90.00,-18.00,CLOSED,0
5913.469,0,1,0,1.000,1.000,1.000,-90.00,90.00,-18.00,CLOSED,0
5913.519,0,1,0,1.000,1.000,1.000,-90.00,90.00,-18.00,CLOSED,0
5913.569,0,1,0,1.000,1.000,1.000,-90.00,90.00,-18.00,CLOSED,0
5913.619,0,1,0,1.000,1.000,1.000,-90.00,90.00,-18.00,CLOSED,0
5913.670,0,1,0,1.000,1.000,1.000,-90.00,90.00,-18.00,CLOSED,0
5913.721,0,1,0,1.000,1.000,1.000,-90.00,90.00,-18.00,CLOSED,0
5913.769,0,1,0,1.000,1.000,1.000,-90.00,90.00,-18.00,CLOSED,0
5913.819,0,1,0,1.000,1.000,1.000,-90.00,90.00,-18.00,CLOSED,0
5913.869,0,1,0,1.000,1.000,1.000,-90.00,90.00,-18.00,CLOSED,0
5913.919,0,1,0,1.000,1.000,1.000,-90.00,90.00,-18.00,CLOSED,0
5913.969,0,1,0,1.000,1.000,1.000,-90.00,90.00,-18.00,CLOSED,0
5914.021,0,1,0,1.000,1.000,1.000,-90.00,90.00,-18.00,CLOSED,0
5914.070,0,1,0,1.000,1.000,1.000,-90.00,90.00,-18.00,CLOSED,0
5914.120,0,1,0,1.000,1.000,1.000,-90.00,90.00,-18.00,CLOSED,0
5914.171,0,1,0,1.000,1.000,1.000,-90.00,90.00,-18.00,CLOSED,0
5914.220,0,1,0,1.000,1.000,1.000,-90.00,90.00,-18.00,CLOSED,0
5914.271,0,1,0,1.000,1.000,1.000,-90.00,90.00,-18.00,CLOSED,0
5914.320,0,1,0,1.000,1.000,1.000,-90.00,90.00,-18.00,CLOSED,0
5914.370,0,1,0,1.000,1.000,1.000,-90.00,90.00,-18.00,CLOSED,0
5914.420,0,1,0,1.000,1.000,1.000,-90.00,90.00,-18.00,CLOSED,0
5914.469,0,1,0,1.000,1.000,1.000,-90.00,90.00,-18.00,CLOSED,0
5914.520,0,1,0,1.000,1.000,1.000,-90.00,90.00,-18.00,CLOSED,0
5914.570,0,1,0,1.000,1.000,1.000,-90.00,90.00,-18.00,CLOSED,0
5914.620,0,1,0,1.000,1.000,1.000,-90.00,90.00,-18.00,CLOSED,0
5914.669,0,1,0,1.000,1.000,1.000,-90.00,90.00,-18.00,CLOSED,0
5914.719,0,1,0,1.000,1.000,1.000,-90.00,90.00,-18.00,CLOSED,0
5914.770,0,1,0,1.000,1.000,1.000,-90.00,90.00,-18.00,CLOSED,0
5914.819,0,1,0,1.000,1.000,1.000,-90.00,90.00,-18.00,CLOSED,0
5914.870,0,1,0,1.000,1.000,1.000,-90.00,90.00,-18.00,CLOSED,0
5914.919,0,1,0,1.000,1.000,1.000,-90.00,90.00,-18.00,CLOSED,0
5914.969,0,1,0,1.000,1.000,1.000,-90.00,90.00,-18.00,CLOSED,0
5915.021,0,1,0,0.973,1.000,1.000,-90.00,90.00,-18.00,CLOSED,0
5915.070,0,1,0,0.937,1.000,1.000,-90.00,90.00,-18.00,CLOSED,0
5915.120,0,1,0,0.749,1.000,1.000,-90.00,90.00,-18.00,CLOSED,0
5915.169,0,1,0,0.947,1.000,1.000,-90.00,90.00,-18.00,CLOSED,0
5915.220,0,1,0,0.981,1.000,1.000,-90.00,90.00,-18.00,CLOSED,0
5915.270,0,1,0,0.980,1.000,1.000,-90.00,90.00,-18.00,CLOSED,0
5915.320,0,1,0,0.958,1.000,1.000,-90.00,90.00,-18.00,CLOSED,0
5915.369,0,1,0,0.948,1.000,1.000,-90.00,90.00,-18.00,CLOSED,0
5915.420,0,1,0,0.939,1.000,1.000,-90.00,90.00,-18.00,CLOSED,0
5915.469,0,1,0,0.937,1.000,1.000,-90.00,90.00,-18.00,CLOSED,0
5915.520,1,1,0,0.937,1.000,1.000,-90.00,90.00,-13.50,CLOSED,1
5915.569,1,1,0,0.952,1.000,1.000,-90.00,90.00,-13.50,CLOSED,0
5915.621,1,1,0,0.956,1.000,1.000,-90.00,90.00,-9.00,CLOSED,1
5915.683,1,1,0,0.956,1.000,0.999,-90.00,90.00,-9.00,CLOSED,0
5915.721,1,1,0,0.878,1.000,1.000,-90.00,90.00,-9.00,CLOSED,0
5915.771,1,1,0,0.858,1.000,1.000,-90.00,90.00,-4.50,CLOSED,1
5915.832,1,1,0,0.597,1.000,1.000,-90.00,90.00,-4.50,CLOSED,0
5915.871,1,1,0,0.866,1.000,1.000,-90.00,90.00,0.00,CLOSED,1
5915.919,1,1,0,1.000,1.000,1.000,-90.00,90.00,0.00,CLOSED,0
5915.969,1,1,0,1.000,1.000,1.000,-90.00,90.00,0.00,CLOSED,0
5916.019,1,1,0,1.000,1.000,1.000,-90.00,90.00,4.50,CLOSED,1
5916.071,1,1,0,1.000,1.000,1.000,-90.00,90.00,4.50,CLOSED,0
5916.119,1,1,0,1.000,1.000,1.000,-90.00,90.00,9.00,CLOSED,1
5916.169,1,1,0,1.000,1.000,1.000,-90.00,90.00,9.00,CLOSED,0
5916.218,1,1,0,1.000,1.000,1.000,-90.00,90.00,9.00,CLOSED,0
5916.270,1,1,0,1.000,1.000,1.000,-90.00,90.00,13.50,CLOSED,1
5916.320,1,1,0,1.000,1.000,1.000,-90.00,90.00,13.50,CLOSED,0
5916.370,1,1,0,1.000,1.000,1.000,-90.00,90.00,18.00,CLOSED,1
5916.419,1,1,0,1.000,1.000,1.000,-90.00,90.00,18.00,CLOSED,0
5916.470,1,1,0,1.000,1.000,1.000,-90.00,90.00,18.00,CLOSED,0
5916.519,1,1,0,1.000,1.000,1.000,-90.00,90.00,22.50,CLOSED,1
5916.569,1,1,0,1.000,1.000,1.000,-90.00,90.00,22.50,CLOSED,0
5916.619,1,1,0,1.000,1.000,1.000,-90.00,90.00,27.00,CLOSED,1
5916.702,1,1,0,1.000,1.000,1.000,-90.00,90.00,27.00,CLOSED,0
5916.719,1,1,0,1.000,1.000,1.000,-90.00,90.00,27.00,CLOSED,0
5916.769,1,1,0,1.000,1.000,1.000,-90.00,90.00,31.50,CLOSED,1
5916.819,1,1,0,1.000,1.000,1.000,-90.00,90.00,31.50,CLOSED,0
5916.870,1,1,0,1.000,1.000,1.000,-90.00,90.00,36.00,CLOSED,1
5916.924,1,1,0,1.000,1.000,1.000,-90.00,90.00,36.00,CLOSED,0
5916.969,1,1,0,1.000,1.000,1.000,-90.00,90.00,36.00,CLOSED,0
5917.020,1,1,0,1.000,1.000,1.000,-90.00,90.00,40.50,CLOSED,1
5917.110,1,1,0,1.000,1.000,1.000,-90.00,90.00,40.50,CLOSED,0
5917.122,1,1,0,1.000,1.000,1.000,-90.00,90.00,45.00,CLOSED,1
5917.169,1,1,0,0.999,1.000,1.000,-90.00,90.00,45.00,CLOSED,0
5917.220,1,1,0,0.995,1.000,1.000,-90.00,90.00,45.00,CLOSED,0
5917.271,1,1,0,0.977,1.000,1.000,-90.00,90.00,49.50,CLOSED,1
5917.322,1,1,0,0.845,1.000,1.000,-90.00,90.00,49.50,CLOSED,0
5917.371,1,1,0,0.676,1.000,1.000,-90.00,90.00,54.00,CLOSED,1
5917.419,1,1,0,0.749,1.000,1.000,-90.00,90.00,54.00,CLOSED,0
5917.470,1,1,0,0.934,1.000,1.000,-90.00,90.00,54.00,CLOSED,0
5917.519,1,1,0,0.987,1.000,1.000,-90.00,90.00,58.50,CLOSED,1
5917.570,1,1,0,0.990,1.000,1.000,-90.00,90.00,58.50,CLOSED,0
5917.621,1,1,0,0.939,1.000,1.000,-90.00,90.00,63.00,CLOSED,1
5917.723,1,1,0,0.855,1.000,1.000,-90.00,90.00,67.50,CLOSED,1
5917.742,1,1,0,0.761,1.000,1.000,-90.00,90.00,67.50,CLOSED,0
5917.769,1,1,0,0.721,1.000,1.000,-90.00,90.00,67.50,CLOSED,0
5917.819,1,1,0,0.600,1.000,1.000,-90.00,90.00,67.50,CLOSED,0
5917.870,1,1,0,0.626,1.000,1.000,-90.00,90.00,72.00,CLOSED,1
5917.928,1,1,0,0.771,1.000,1.000,-90.00,90.00,72.00,CLOSED,0
5917.969,1,1,0,0.734,1.000,1.000,-90.00,90.00,72.00,CLOSED,0
5918.020,1,1,0,0.489,1.000,1.000,-90.00,90.00,76.50,CLOSED,1
5918.130,1,1,0,0.841,1.000,1.000,-90.00,90.00,81.00,CLOSED,1
5918.144,1,1,0,0.874,1.000,1.000,-90.00,90.00,81.00,CLOSED,0
5918.170,1,1,0,0.733,1.000,1.000,-90.00,90.00,81.00,CLOSED,0
5918.220,1,1,0,0.832,1.000,1.000,-90.00,90.00,81.00,CLOSED,0
5918.269,1,1,0,0.727,1.000,1.000,-90.00,90.00,85.50,CLOSED,1
5918.335,1,1,0,1.000,1.000,1.000,-90.00,90.00,85.50,CLOSED,0
5918.368,1,1,0,1.000,1.000,1.000,-90.00,90.00,85.50,CLOSED,0
5918.420,1,1,0,1.000,1.000,1.000,-90.00,90.00,90.00,CLOSED,1
5918.538,1,1,0,1.000,1.000,1.000,-90.00,90.00,94.50,CLOSED,1
5918.584,1,1,0,1.000,1.000,1.000,-90.00,90.00,94.50,CLOSED,0
5918.594,1,1,0,1.000,1.000,1.000,-90.00,90.00,94.50,CLOSED,0
5918.620,1,1,0,1.000,1.000,1.000,-90.00,90.00,94.50,CLOSED,0
5918.670,0,1,0,1.000,1.000,1.000,-90.00,90.00,94.50,CLOSED,0
5918.719,0,1,0,1.000,1.000,1.000,-90.00,90.00,94.50,CLOSED,0
5918.770,0,1,0,1.000,1.000,1.000,-90.00,90.00,94.50,CLOSED,0
5918.819,0,1,0,1.000,1.000,1.000,-90.00,90.00,94.50,CLOSED,0
5918.869,0,1,0,1.000,1.000,1.000,-90.00,90.00,94.50,CLOSED,0
5918.920,0,1,0,1.000,1.000,1.000,-90.00,90.00,94.50,CLOSED,0
5918.972,0,1,0,1.000,1.000,1.000,-90.00,90.00,94.50,CLOSED,0
5919.020,0,1,0,1.000,1.000,1.000,-90.00,90.00,94.50,CLOSED,0
5919.069,0,1,0,1.000,1.000,1.000,-90.00,90.00,94.50,CLOSED,0
5919.120,0,1,0,1.000,1.000,1.000,-90.00,90.00,94.50,CLOSED,0
5919.169,0,1,0,1.000,1.000,1.000,-90.00,90.00,94.50,CLOSED,0
5919.220,0,1,0,1.000,1.000,1.000,-90.00,90.00,94.50,CLOSED,0
5919.270,0,1,0,0.998,1.000,1.000,-90.00,90.00,94.50,CLOSED,0
5919.320,0,1,0,0.922,1.000,1.000,-90.00,90.00,94.50,CLOSED,0
5919.369,0,1,0,0.775,1.000,1.000,-90.00,90.00,94.50,CLOSED,0
5919.420,0,1,0,0.577,1.000,1.000,-90.00,90.00,94.50,CLOSED,0
5919.469,0,1,0,0.994,1.000,1.000,-90.00,90.00,94.50,CLOSED,0
5919.519,0,1,0,0.999,1.000,1.000,-90.00,90.00,94.50,CLOSED,0
5919.569,0,1,0,1.000,1.000,1.000,-90.00,90.00,94.50,CLOSED,0
5919.619,0,1,0,1.000,1.000,1.000,-90.00,90.00,94.50,CLOSED,0
5919.670,0,1,0,1.000,1.000,1.000,-90.00,90.00,94.50,CLOSED,0
5919.721,0,1,0,1.000,1.000,1.000,-90.00,90.00,94.50,CLOSED,0
5919.770,0,1,0,1.000,1.000,1.000,-90.00,90.00,94.50,CLOSED,0
5919.819,2,1,0,1.000,1.000,1.000,-90.00,90.00,90.00,CLOSED,1
5919.941,2,1,0,1.000,1.000,1.000,-90.00,90.00,85.50,CLOSED,1
5919.982,2,1,0,1.000,1.000,1.000,-90.00,90.00,85.50,CLOSED,0
5919.991,2,1,0,1.000,1.000,1.000,-90.00,90.00,85.50,CLOSED,0
5920.020,2,1,0,1.000,1.000,1.000,-90.00,90.00,85.50,CLOSED,0
5920.070,2,1,0,1.000,1.000,1.000,-90.00,90.00,81.00,CLOSED,1
5920.142,2,1,0,1.000,1.000,1.000,-90.00,90.00,81.00,CLOSED,0
5920.169,2,1,0,1.000,1.000,1.000,-90.00,90.00,81.00,CLOSED,0
5920.220,2,1,0,1.000,1.000,1.000,-90.00,90.00,76.50,CLOSED,1
5920.326,2,1,0,1.000,1.000,1.000,-90.00,90.00,72.00,CLOSED,1
5920.342,2,1,0,1.000,1.000,1.000,-90.00,90.00,72.00,CLOSED,0
5920.369,2,1,0,1.000,1.000,1.000,-90.00,90.00,72.00,CLOSED,0
5920.420,2,1,0,1.000,1.000,0.999,-90.00,90.00,72.00,CLOSED,0
5920.469,2,1,0,1.000,1.000,0.999,-90.00,90.00,67.50,CLOSED,1
5920.542,2,1,0,1.000,1.000,1.000,-90.00,90.00,67.50,CLOSED,0
5920.573,2,1,0,1.000,1.000,1.000,-90.00,90.00,63.00,CLOSED,1
5920.625,2,1,0,1.000,1.000,1.000,-90.00,90.00,63.00,CLOSED,0
5920.670,2,1,0,1.000,1.000,1.000,-90.00,90.00,63.00,CLOSED,0
5920.720,2,1,0,1.000,1.000,1.000,-90.00,90.00,58.50,CLOSED,1
5920.770,2,1,0,1.000,1.000,1.000,-90.00,90.00,58.50,CLOSED,0
5920.819,2,1,0,1.000,1.000,1.000,-90.00,90.00,58.50,CLOSED,0
5920.871,2,1,0,1.000,1.000,1.000,-90.00,90.00,54.00,CLOSED,1
5920.942,2,1,0,1.000,1.000,1.000,-90.00,90.00,54.00,CLOSED,0
5920.968,2,1,0,1.000,1.000,1.000,-90.00,90.00,54.00,CLOSED,0
5921.019,2,1,0,1.000,1.000,1.000,-90.00,90.00,49.50,CLOSED,1
5921.141,2,1,0,1.000,1.000,1.000,-90.00,90.00,45.00,CLOSED,1
5921.181,2,1,0,1.000,1.000,1.000,-90.00,90.00,45.00,CLOSED,0
5921.190,2,1,0,1.000,1.000,1.000,-90.00,90.00,45.00,CLOSED,0
5921.220,2,1,0,1.000,1.000,1.000,-90.00,90.00,45.00,CLOSED,0
5921.270,2,1,0,1.000,1.000,1.000,-90.00,90.00,40.50,CLOSED,1
5921.342,2,1,0,1.000,1.000,1.000,-90.00,90.00,40.50,CLOSED,0
5921.369,2,1,0,1.000,1.000,1.000,-90.00,90.00,40.50,CLOSED,0
5921.420,2,1,0,1.000,1.000,1.000,-90.00,90.00,36.00,CLOSED,1
5921.542,2,1,0,1.000,1.000,1.000,-90.00,90.00,31.50,CLOSED,1
5921.592,2,1,0,1.000,1.000,1.000,-90.00,90.00,31.50,CLOSED,0
5921.599,2,1,0,1.000,1.000,1.000,-90.00,90.00,31.50,CLOSED,0
5921.620,2,1,0,1.000,1.000,1.000,-90.00,90.00,31.50,CLOSED,0
5921.670,2,1,0,1.000,1.000,1.000,-90.00,90.00,27.00,CLOSED,1
5921.742,2,1,0,1.000,1.000,1.000,-90.00,90.00,27.00,CLOSED,0
5921.769,2,1,0,1.000,1.000,1.000,-90.00,90.00,27.00,CLOSED,0
5921.820,2,1,0,1.000,1.000,1.000,-90.00,90.00,22.50,CLOSED,1
5921.942,2,1,0,1.000,1.000,1.000,-90.00,90.00,18.00,CLOSED,1
5921.983,2,1,0,1.000,1.000,1.000,-90.00,90.00,18.00,CLOSED,0
5921.992,2,1,0,1.000,1.000,1.000,-90.00,90.00,18.00,CLOSED,0
5922.019,2,1,0,1.000,1.000,1.000,-90.00,90.00,18.00,CLOSED,0
5922.069,2,1,0,1.000,1.000,1.000,-90.00,90.00,13.50,CLOSED,1
5922.119,2,1,0,1.000,1.000,1.000,-90.00,90.00,13.50,CLOSED,0
5922.173,2,1,0,1.000,1.000,1.000,-90.00,90.00,9.00,CLOSED,1
5922.219,2,1,0,1.000,1.000,1.000,-90.00,90.00,9.00,CLOSED,0
5922.270,2,1,0,1.000,1.000,1.000,-90.00,90.00,9.00,CLOSED,0
5922.319,2,1,0,1.000,1.000,1.000,-90.00,90.00,4.50,CLOSED,1
5922.369,2,1,0,1.000,1.000,1.000,-90.00,90.00,4.50,CLOSED,0
5922.419,2,1,0,1.000,1.000,1.000,-90.00,90.00,0.00,CLOSED,1
5922.471,2,1,0,1.000,1.000,1.000,-90.00,90.00,0.00,CLOSED,0
5922.519,2,1,0,1.000,1.000,1.000,-90.00,90.00,-4.50,CLOSED,1
5922.570,2,1,0,0.947,1.000,1.000,-90.00,90.00,-4.50,CLOSED,0
5922.619,2,1,0,0.681,1.000,1.000,-90.00,90.00,-4.50,CLOSED,0
5922.670,2,1,0,0.976,1.000,1.000,-90.00,90.00,-9.00,CLOSED,1
5922.742,2,1,0,0.991,1.000,1.000,-90.00,90.00,-9.00,CLOSED,0
5922.770,2,1,0,0.995,1.000,1.000,-90.00,90.00,-9.00,CLOSED,0
5922.819,2,1,0,0.997,1.000,1.000,-90.00,90.00,-13.50,CLOSED,1
5922.869,2,1,0,1.000,1.000,1.000,-90.00,90.00,-13.50,CLOSED,0
5922.920,2,1,0,1.000,1.000,1.000,-90.00,90.00,-18.00,CLOSED,1
5922.970,2,1,0,1.000,1.000,1.000,-90.00,90.00,-18.00,CLOSED,0
5923.020,0,1,0,1.000,1.000,1.000,-90.00,90.00,-18.00,CLOSED,0
5923.070,0,1,0,1.000,1.000,1.000,-90.00,90.00,-18.00,CLOSED,0
5923.120,0,1,0,1.000,1.000,1.000,-90.00,90.00,-18.00,CLOSED,0
5923.170,0,1,0,1.000,1.000,1.000,-90.00,90.00,-18.00,CLOSED,0
5923.220,0,1,0,1.000,1.000,1.000,-90.00,90.00,-18.00,CLOSED,0
5923.269,0,1,0,1.000,1.000,1.000,-90.00,90.00,-18.00,CLOSED,0
5923.320,0,1,0,1.000,1.000,1.000,-90.00,90.00,-18.00,CLOSED,0
5923.370,0,1,0,1.000,1.000,1.000,-90.00,90.00,-18.00,CLOSED,0
5923.420,0,1,0,1.000,1.000,1.000,-90.00,90.00,-18.00,CLOSED,0
5923.469,0,1,0,1.000,1.000,1.000,-90.00,90.00,-18.00,CLOSED,0
5923.520,0,1,0,1.000,1.000,1.000,-90.00,90.00,-18.00,CLOSED,0
5923.570,0,1,0,1.000,1.000,1.000,-90.00,90.00,-18.00,CLOSED,0
5923.620,0,1,0,1.000,1.000,1.000,-90.00,90.00,-18.00,CLOSED,0
5923.672,0,1,0,1.000,1.000,1.000,-90.00,90.00,-18.00,CLOSED,0
5923.720,0,1,0,1.000,1.000,1.000,-90.00,90.00,-18.00,CLOSED,0
5923.772,0,1,0,1.000,1.000,1.000,-90.00,90.00,-18.00,CLOSED,0
5923.820,0,1,0,1.000,1.000,1.000,-90.00,90.00,-18.00,CLOSED,0
5923.869,0,1,0,1.000,1.000,1.000,-90.00,90.00,-18.00,CLOSED,0
5923.922,0,1,0,1.000,1.000,1.000,-90.00,90.00,-18.00,CLOSED,0
5923.969,0,1,0,1.000,1.000,1.000,-90.00,90.00,-18.00,CLOSED,0
5924.020,0,1,0,1.000,1.000,1.000,-90.00,90.00,-18.00,CLOSED,0
5924.069,0,1,0,1.000,1.000,1.000,-90.00,90.00,-18.00,CLOSED,0
5924.119,0,1,0,1.000,1.000,1.000,-90.00,90.00,-18.00,CLOSED,0
5924.172,0,1,0,1.000,1.000,1.000,-90.00,90.00,-18.00,CLOSED,0
5924.220,0,1,0,1.000,1.000,1.000,-90.00,90.00,-18.00,CLOSED,0
5924.270,0,1,0,1.000,1.000,0.999,-90.00,90.00,-18.00,CLOSED,0
5924.319,0,1,0,1.000,1.000,0.999,-90.00,90.00,-18.00,CLOSED,0
5924.368,0,1,0,1.000,1.000,0.999,-90.00,90.00,-18.00,CLOSED,0
5924.426,0,1,0,1.000,1.000,1.000,-90.00,90.00,-18.00,CLOSED,0
5924.469,0,1,0,1.000,1.000,1.000,-90.00,90.00,-18.00,CLOSED,0
5924.520,0,1,0,1.000,1.000,1.000,-90.00,90.00,-18.00,CLOSED,0
5924.570,0,1,0,1.000,1.000,1.000,-90.00,90.00,-18.00,CLOSED,0
5924.620,0,1,0,0.997,1.000,1.000,-90.00,90.00,-18.00,CLOSED,0
5924.672,0,1,0,0.913,1.000,1.000,-90.00,90.00,-18.00,CLOSED,0
5924.719,0,1,0,0.827,1.000,1.000,-90.00,90.00,-18.00,CLOSED,0
5924.770,0,1,0,0.524,1.000,1.000,-90.00,90.00,-18.00,CLOSED,0
5924.820,0,1,0,0.884,1.000,1.000,-90.00,90.00,-18.00,CLOSED,0
5924.871,0,1,0,0.996,1.000,1.000,-90.00,90.00,-18.00,CLOSED,0
5924.920,0,1,0,1.000,1.000,1.000,-90.00,90.00,-18.00,CLOSED,0
5924.971,0,1,0,1.000,1.000,1.000,-90.00,90.00,-18.00,CLOSED,0
5925.019,0,1,0,1.000,1.000,1.000,-90.00,90.00,-18.00,CLOSED,0
5925.070,0,1,0,1.000,1.000,1.000,-90.00,90.00,-18.00,CLOSED,0
5925.119,0,1,0,1.000,1.000,1.000,-90.00,90.00,-18.00,CLOSED,0
5925.169,3,1,0,1.000,1.000,1.000,-90.00,90.00,-18.00,OPEN,0
5925.219,3,1,0,1.000,1.000,1.000,-90.00,90.00,-18.00,OPEN,0
5925.269,3,1,0,1.000,1.000,1.000,-90.00,90.00,-18.00,OPEN,0
5925.320,3,1,0,1.000,1.000,1.000,-90.00,90.00,-18.00,OPEN,0
5925.373,3,1,0,1.000,1.000,1.000,-90.00,90.00,-18.00,OPEN,0
5925.420,3,1,0,1.000,1.000,1.000,-90.00,90.00,-18.00,OPEN,0
5925.470,3,1,0,1.000,1.000,1.000,-90.00,90.00,-18.00,OPEN,0
5925.522,3,1,0,1.000,1.000,1.000,-90.00,90.00,-18.00,OPEN,0
5925.570,3,1,0,1.000,1.000,1.000,-90.00,90.00,-18.00,OPEN,0
5925.619,3,1,0,1.000,1.000,1.000,-90.00,90.00,-18.00,OPEN,0
5925.669,3,1,0,1.000,1.000,1.000,-90.00,90.00,-18.00,OPEN,0
5925.720,3,1,0,1.000,1.000,1.000,-90.00,90.00,-18.00,OPEN,0
5925.771,3,1,0,1.000,1.000,1.000,-90.00,90.00,-18.00,OPEN,0
5925.821,3,1,0,1.000,1.000,1.000,-90.00,90.00,-18.00,OPEN,0
5925.871,3,1,0,1.000,1.000,1.000,-90.00,90.00,-18.00,OPEN,0
5925.919,3,1,0,1.000,1.000,1.000,-90.00,90.00,-18.00,OPEN,0
5925.978,3,1,0,1.000,1.000,1.000,-90.00,90.00,-18.00,OPEN,0
5926.019,3,1,0,1.000,1.000,1.000,-90.00,90.00,-18.00,OPEN,0
5926.069,3,1,0,1.000,1.000,1.000,-90.00,90.00,-18.00,OPEN,0
5926.120,3,1,0,1.000,1.000,1.000,-90.00,90.00,-18.00,OPEN,0
5926.171,3,1,0,1.000,1.000,1.000,-90.00,90.00,-18.00,OPEN,0
5926.219,3,1,0,1.000,1.000,1.000,-90.00,90.00,-18.00,OPEN,0
5926.306,3,1,0,1.000,1.000,1.000,-90.00,90.00,-18.00,OPEN,0
5926.328,3,1,0,1.000,1.000,1.000,-90.00,90.00,-18.00,OPEN,0
5926.391,3,1,0,1.000,1.000,1.000,-90.00,90.00,-18.00,OPEN,0
5926.433,3,1,0,1.000,1.000,1.000,-90.00,90.00,-18.00,OPEN,0
5926.482,3,1,0,1.000,1.000,1.000,-90.00,90.00,-18.00,OPEN,0
5926.523,3,1,0,1.000,1.000,1.000,-90.00,90.00,-18.00,OPEN,0
5926.573,3,1,0,1.000,1.000,1.000,-90.00,90.00,-18.00,OPEN,0
5926.619,3,1,0,1.000,1.000,1.000,-90.00,90.00,-18.00,OPEN,0
5926.668,3,1,0,1.000,1.000,1.000,-90.00,90.00,-18.00,OPEN,0
5926.719,3,1,0,1.000,1.000,1.000,-90.00,90.00,-18.00,OPEN,0
5926.774,3,1,0,1.000,1.000,1.000,-90.00,90.00,-18.00,OPEN,0
5926.819,3,1,0,1.000,1.000,1.000,-90.00,90.00,-18.00,OPEN,0
5926.869,3,1,0,1.000,1.000,1.000,-90.00,90.00,-18.00,OPEN,0
5926.921,3,1,0,1.000,1.000,1.000,-90.00,90.00,-18.00,OPEN,0
5926.974,3,1,0,1.000,1.000,1.000,-90.00,90.00,-18.00,OPEN,0
5927.021,3,1,0,1.000,1.000,1.000,-90.00,90.00,-18.00,OPEN,0
5927.070,3,1,0,1.000,1.000,1.000,-90.00,90.00,-18.00,OPEN,0
5927.121,3,1,0,1.000,1.000,1.000,-90.00,90.00,-18.00,OPEN,0
5927.171,3,1,0,1.000,1.000,1.000,-90.00,90.00,-18.00,OPEN,0
5927.221,3,1,0,1.000,1.000,1.000,-90.00,90.00,-18.00,OPEN,0
5927.271,3,1,0,1.000,1.000,1.000,-90.00,90.00,-18.00,OPEN,0
5927.321,3,1,0,1.000,1.000,1.000,-90.00,90.00,-18.00,OPEN,0
5927.370,3,1,0,1.000,1.000,1.000,-90.00,90.00,-18.00,OPEN,0
5927.422,3,1,0,1.000,1.000,1.000,-90.00,90.00,-18.00,OPEN,0
5927.471,3,1,0,1.000,1.000,1.000,-90.00,90.00,-18.00,OPEN,0
5927.520,3,1,0,0.999,1.000,1.000,-90.00,90.00,-18.00,OPEN,0
5927.570,3,1,0,0.998,1.000,1.000,-90.00,90.00,-18.00,OPEN,0
5927.620,3,1,0,0.993,1.000,1.000,-90.00,90.00,-18.00,OPEN,0
5927.670,3,1,0,0.973,1.000,1.000,-90.00,90.00,-18.00,OPEN,0
5927.721,3,1,0,0.954,1.000,1.000,-90.00,90.00,-18.00,OPEN,0
5927.771,3,1,0,0.914,1.000,1.000,-90.00,90.00,-18.00,OPEN,0
5927.819,3,1,0,0.614,1.000,1.000,-90.00,90.00,-18.00,OPEN,0
5927.871,3,1,0,0.793,1.000,1.000,-90.00,90.00,-18.00,OPEN,0
5927.921,3,1,0,0.969,1.000,1.000,-90.00,90.00,-18.00,OPEN,0
5927.971,3,1,0,0.981,1.000,1.000,-90.00,90.00,-18.00,OPEN,0
5928.021,3,1,0,0.987,1.000,1.000,-90.00,90.00,-18.00,OPEN,0
5928.071,3,1,0,0.994,1.000,1.000,-90.00,90.00,-18.00,OPEN,0
5928.121,3,1,0,0.690,1.000,1.000,-90.00,90.00,-18.00,OPEN,0
5928.170,3,1,0,0.966,1.000,1.000,-90.00,90.00,-18.00,OPEN,0
5928.220,3,1,0,0.999,1.000,1.000,-90.00,90.00,-18.00,OPEN,0
5928.271,3,1,0,1.000,1.000,1.000,-90.00,90.00,-18.00,OPEN,0
5928.321,3,1,0,1.000,1.000,1.000,-90.00,90.00,-18.00,OPEN,0
5928.371,3,1,0,1.000,1.000,1.000,-90.00,90.00,-18.00,OPEN,0
5928.421,3,1,0,1.000,1.000,1.000,-90.00,90.00,-18.00,OPEN,0
5928.470,3,1,0,1.000,1.000,1.000,-90.00,90.00,-18.00,OPEN,0
5928.521,0,1,0,1.000,1.000,1.000,-90.00,90.00,-18.00,OPEN,0
5928.573,0,1,0,1.000,1.000,1.000,-90.00,90.00,-18.00,OPEN,0
5928.619,0,1,0,0.995,1.000,1.000,-90.00,90.00,-18.00,OPEN,0
5928.671,0,1,0,0.996,1.000,1.000,-90.00,90.00,-18.00,OPEN,0
5928.721,0,1,0,0.994,1.000,1.000,-90.00,90.00,-18.00,OPEN,0
5928.768,0,1,0,0.986,1.000,1.000,-90.00,90.00,-18.00,OPEN,0
5928.819,0,1,0,0.985,1.000,1.000,-90.00,90.00,-18.00,OPEN,0
5928.870,0,1,0,0.994,1.000,1.000,-90.00,90.00,-18.00,OPEN,0
5928.919,0,1,0,0.854,1.000,1.000,-90.00,90.00,-18.00,OPEN,0
5928.971,0,1,0,0.996,1.000,1.000,-90.00,90.00,-18.00,OPEN,0
5929.019,0,1,0,1.000,1.000,1.000,-90.00,90.00,-18.00,OPEN,0
5929.070,0,1,0,1.000,1.000,1.000,-90.00,90.00,-18.00,OPEN,0
5929.121,0,1,0,1.000,1.000,1.000,-90.00,90.00,-18.00,OPEN,0
5929.171,0,1,0,1.000,1.000,1.000,-90.00,90.00,-18.00,OPEN,0
5929.220,0,1,0,1.000,1.000,1.000,-90.00,90.00,-18.00,OPEN,0
5929.270,0,1,0,1.000,1.000,1.000,-90.00,90.00,-18.00,OPEN,0
5929.319,3,1,0,1.000,1.000,1.000,-90.00,90.00,-18.00,CLOSED,0
5929.371,3,1,0,1.000,1.000,1.000,-90.00,90.00,-18.00,CLOSED,0
5929.421,3,1,0,1.000,1.000,1.000,-90.00,90.00,-18.00,CLOSED,0
5929.470,3,1,0,1.000,1.000,1.000,-90.00,90.00,-18.00,CLOSED,0
5929.519,3,1,0,1.000,1.000,1.000,-90.00,90.00,-18.00,CLOSED,0
5929.571,3,1,0,1.000,1.000,1.000,-90.00,90.00,-18.00,CLOSED,0
5929.621,3,1,0,1.000,1.000,1.000,-90.00,90.00,-18.00,CLOSED,0
5929.668,3,1,0,1.000,1.000,1.000,-90.00,90.00,-18.00,CLOSED,0
5929.720,3,1,0,1.000,1.000,1.000,-90.00,90.00,-18.00,CLOSED,0
5929.769,3,1,0,1.000,1.000,1.000,-90.00,90.00,-18.00,CLOSED,0
5929.820,3,1,0,1.000,1.000,1.000,-90.00,90.00,-18.00,CLOSED,0
5929.870,3,1,0,1.000,1.000,1.000,-90.00,90.00,-18.00,CLOSED,0
5929.920,3,1,0,1.000,1.000,1.000,-90.00,90.00,-18.00,CLOSED,0
5929.970,3,1,0,1.000,1.000,1.000,-90.00,90.00,-18.00,CLOSED,0
5930.019,3,1,0,1.000,1.000,1.000,-90.00,90.00,-18.00,CLOSED,0
5930.070,3,1,0,1.000,1.000,1.000,-90.00,90.00,-18.00,CLOSED,0
5930.122,3,1,0,1.000,1.000,1.000,-90.00,90.00,-18.00,CLOSED,0
5930.172,3,1,0,1.000,1.000,1.000,-90.00,90.00,-18.00,CLOSED,0
5930.220,3,1,0,1.000,1.000,1.000,-90.00,90.00,-18.00,CLOSED,0
5930.271,3,1,0,1.000,1.000,1.000,-90.00,90.00,-18.00,CLOSED,0
5930.320,3,1,0,1.000,1.000,1.000,-90.00,90.00,-18.00,CLOSED,0
5930.368,3,1,0,1.000,1.000,1.000,-90.00,90.00,-18.00,CLOSED,0
5930.420,3,1,0,0.999,1.000,1.000,-90.00,90.00,-18.00,CLOSED,0
5930.469,3,1,0,0.987,1.000,1.000,-90.00,90.00,-18.00,CLOSED,0
5930.521,3,1,0,0.865,1.000,1.000,-90.00,90.00,-18.00,CLOSED,0
5930.570,3,1,0,0.549,1.000,1.000,-90.00,90.00,-18.00,CLOSED,0
5930.620,3,1,0,0.822,1.000,1.000,-90.00,90.00,-18.00,CLOSED,0
5930.670,3,1,0,0.982,1.000,1.000,-90.00,90.00,-18.00,CLOSED,0
5930.720,3,1,0,0.996,1.000,1.000,-90.00,90.00,-18.00,CLOSED,0
5930.770,3,1,0,0.999,1.000,1.000,-90.00,90.00,-18.00,CLOSED,0
5930.820,3,1,0,1.000,1.000,1.000,-90.00,90.00,-18.00,CLOSED,0
5930.871,3,1,0,1.000,1.000,1.000,-90.00,90.00,-18.00,CLOSED,0
5930.921,3,1,0,1.000,1.000,1.000,-90.00,90.00,-18.00,CLOSED,0
5930.968,2,1,0,0.956,1.000,1.000,-90.00,90.00,-22.50,CLOSED,1
5931.022,2,1,0,0.994,1.000,1.000,-90.00,90.00,-22.50,CLOSED,0
5931.070,2,1,0,1.000,1.000,1.000,-90.00,90.00,-27.00,CLOSED,1
5931.145,2,1,0,1.000,1.000,1.000,-90.00,90.00,-27.00,CLOSED,0
5931.171,2,1,0,1.000,1.000,1.000,-90.00,90.00,-31.50,CLOSED,1
5931.222,2,1,0,1.000,1.000,1.000,-90.00,90.00,-31.50,CLOSED,0
5931.270,2,1,0,1.000,1.000,1.000,-90.00,90.00,-31.50,CLOSED,0
5931.320,2,1,0,1.000,1.000,1.000,-90.00,90.00,-36.00,CLOSED,1
5931.371,0,1,0,1.000,1.000,1.000,-90.00,90.00,-36.00,CLOSED,0
5931.420,0,1,0,1.000,1.000,1.000,-90.00,90.00,-36.00,CLOSED,0
5931.472,0,1,0,1.000,1.000,1.000,-90.00,90.00,-36.00,CLOSED,0
5931.520,0,1,0,1.000,1.000,1.000,-90.00,90.00,-36.00,CLOSED,0
5931.572,0,1,0,1.000,1.000,1.000,-90.00,90.00,-36.00,CLOSED,0
5931.620,0,1,0,1.000,1.000,1.000,-90.00,90.00,-36.00,CLOSED,0
5931.671,0,1,0,1.000,1.000,1.000,-90.00,90.00,-36.00,CLOSED,0
5931.721,0,1,0,1.000,1.000,1.000,-90.00,90.00,-36.00,CLOSED,0
5931.771,0,1,0,1.000,1.000,1.000,-90.00,90.00,-36.00,CLOSED,0
5931.820,0,1,0,1.000,1.000,1.000,-90.00,90.00,-36.00,CLOSED,0
5931.871,0,1,0,1.000,1.000,1.000,-90.00,90.00,-36.00,CLOSED,0
5931.920,0,1,0,1.000,1.000,1.000,-90.00,90.00,-36.00,CLOSED,0
5931.972,0,1,0,1.000,1.000,1.000,-90.00,90.00,-36.00,CLOSED,0
5932.024,0,1,0,1.000,1.000,1.000,-90.00,90.00,-36.00,CLOSED,0
5932.071,0,1,0,1.000,1.000,1.000,-90.00,90.00,-36.00,CLOSED,0
5932.121,0,1,0,1.000,1.000,1.000,-90.00,90.00,-36.00,CLOSED,0
5932.170,0,1,0,1.000,1.000,1.000,-90.00,90.00,-36.00,CLOSED,0
5932.220,0,1,0,1.000,1.000,1.000,-90.00,90.00,-36.00,CLOSED,0
5932.270,0,1,0,1.000,1.000,1.000,-90.00,90.00,-36.00,CLOSED,0
5932.320,0,1,0,1.000,1.000,1.000,-90.00,90.00,-36.00,CLOSED,0
5932.371,0,1,0,1.000,1.000,1.000,-90.00,90.00,-36.00,CLOSED,0
5932.421,0,1,0,1.000,1.000,1.000,-90.00,90.00,-36.00,CLOSED,0
5932.470,0,1,0,1.000,1.000,1.000,-90.00,90.00,-36.00,CLOSED,0
5932.521,0,1,0,1.000,1.000,1.000,-90.00,90.00,-36.00,CLOSED,0
5932.571,0,1,0,1.000,1.000,1.000,-90.00,90.00,-36.00,CLOSED,0
5932.622,0,1,0,1.000,1.000,1.000,-90.00,90.00,-36.00,CLOSED,0
5932.670,0,1,0,1.000,1.000,1.000,-90.00,90.00,-36.00,CLOSED,0
5932.721,0,1,0,1.000,1.000,1.000,-90.00,90.00,-36.00,CLOSED,0
5932.771,0,1,0,1.000,1.000,1.000,-90.00,90.00,-36.00,CLOSED,0
5932.820,0,1,0,1.000,1.000,1.000,-90.00,90.00,-36.00,CLOSED,0
5932.871,0,1,0,1.000,1.000,1.000,-90.00,90.00,-36.00,CLOSED,0
5932.920,0,1,0,1.000,1.000,1.000,-90.00,90.00,-36.00,CLOSED,0
5932.970,0,1,0,1.000,1.000,1.000,-90.00,90.00,-36.00,CLOSED,0
5933.020,0,1,0,1.000,1.000,1.000,-90.00,90.00,-36.00,CLOSED,0
5933.070,0,1,0,1.000,1.000,1.000,-90.00,90.00,-36.00,CLOSED,0
5933.120,0,1,0,1.000,1.000,1.000,-90.00,90.00,-36.00,CLOSED,0
5933.173,0,1,0,1.000,1.000,1.000,-90.00,90.00,-36.00,CLOSED,0
5933.221,0,1,0,1.000,1.000,1.000,-90.00,90.00,-36.00,CLOSED,0
5933.271,0,1,0,1.000,1.000,1.000,-90.00,90.00,-36.00,CLOSED,0
5933.319,0,1,0,1.000,1.000,1.000,-90.00,90.00,-36.00,CLOSED,0
5933.377,0,1,0,1.000,1.000,1.000,-90.00,90.00,-36.00,CLOSED,0
5933.419,0,1,0,1.000,1.000,1.000,-90.00,90.00,-36.00,CLOSED,0
5933.472,0,1,0,1.000,1.000,1.000,-90.00,90.00,-36.00,CLOSED,0
5933.520,0,1,0,1.000,1.000,1.000,-90.00,90.00,-36.00,CLOSED,0
5933.570,0,1,0,1.000,1.000,1.000,-90.00,90.00,-36.00,CLOSED,0
5933.620,0,1,0,1.000,1.000,1.000,-90.00,90.00,-36.00,CLOSED,0
5933.671,0,1,0,1.000,1.000,1.000,-90.00,90.00,-36.00,CLOSED,0
5933.722,0,1,0,1.000,1.000,1.000,-90.00,90.00,-36.00,CLOSED,0
5933.770,0,1,0,1.000,1.000,1.000,-90.00,90.00,-36.00,CLOSED,0
5933.821,0,1,0,1.000,1.000,1.000,-90.00,90.00,-36.00,CLOSED,0
5933.871,0,1,0,1.000,1.000,1.000,-90.00,90.00,-36.00,CLOSED,0
5933.921,0,1,0,1.000,1.000,1.000,-90.00,90.00,-36.00,CLOSED,0
5933.971,0,1,0,1.000,1.000,1.000,-90.00,90.00,-36.00,CLOSED,0
5934.021,0,1,0,0.999,1.000,1.000,-90.00,90.00,-36.00,CLOSED,0
5934.069,0,1,0,0.997,1.000,0.999,-90.00,90.00,-36.00,CLOSED,0
5934.121,0,1,0,0.995,1.000,0.998,-90.00,90.00,-36.00,CLOSED,0
5934.171,0,1,0,0.992,1.000,0.994,-90.00,90.00,-36.00,CLOSED,0
5934.221,0,1,0,0.994,1.000,0.986,-90.00,90.00,-36.00,CLOSED,0
5934.270,0,1,0,0.997,1.000,0.976,-90.00,90.00,-36.00,CLOSED,0
5934.320,0,1,0,0.991,1.000,0.971,-90.00,90.00,-36.00,CLOSED,0
5934.371,0,1,0,0.969,0.999,0.968,-90.00,90.00,-36.00,CLOSED,0
5934.422,0,1,0,0.970,0.998,0.943,-90.00,90.00,-36.00,CLOSED,0
5934.469,0,1,0,0.989,0.993,0.869,-90.00,90.00,-36.00,CLOSED,0
5934.521,0,1,0,1.000,0.956,0.698,-90.00,90.00,-36.00,CLOSED,0
5934.571,0,1,0,1.000,0.890,0.517,-90.00,90.00,-36.00,CLOSED,0
5934.622,0,1,0,1.000,0.868,0.723,-90.00,90.00,-36.00,CLOSED,0
5934.669,0,1,0,1.000,0.857,0.823,-90.00,90.00,-36.00,CLOSED,0
5934.721,0,1,0,1.000,0.744,0.939,-90.00,90.00,-36.00,CLOSED,0
5934.771,0,1,0,1.000,0.592,0.984,-90.00,90.00,-36.00,CLOSED,0
5934.821,0,1,0,1.000,0.978,0.999,-90.00,90.00,-36.00,CLOSED,0
5934.870,0,1,0,0.999,0.999,1.000,-90.00,90.00,-36.00,CLOSED,0
5934.920,0,1,0,0.999,1.000,1.000,-90.00,90.00,-36.00,CLOSED,0
5934.973,0,1,0,0.999,1.000,1.000,-90.00,90.00,-36.00,CLOSED,0
5935.020,0,1,0,1.000,1.000,1.000,-90.00,90.00,-36.00,CLOSED,0
5935.071,0,1,0,1.000,1.000,1.000,-90.00,90.00,-36.00,CLOSED,0
5935.120,0,1,0,1.000,1.000,1.000,-90.00,90.00,-36.00,CLOSED,0
5935.171,0,1,0,1.000,1.000,1.000,-90.00,90.00,-36.00,CLOSED,0
5935.220,0,1,0,1.000,1.000,1.000,-90.00,90.00,-36.00,CLOSED,0
5935.271,0,1,0,1.000,1.000,1.000,-90.00,90.00,-36.00,CLOSED,0
5935.321,0,1,0,1.000,1.000,1.000,-90.00,90.00,-36.00,CLOSED,0
5935.371,0,1,0,1.000,1.000,1.000,-90.00,90.00,-36.00,CLOSED,0
5935.420,0,1,0,1.000,1.000,1.000,-90.00,90.00,-36.00,CLOSED,0
5935.472,0,1,0,1.000,1.000,1.000,-90.00,90.00,-36.00,CLOSED,0
5935.521,0,1,1,1.000,1.000,1.000,-87.07,90.00,-36.00,CLOSED,1
5935.572,0,1,1,1.000,1.000,1.000,-84.01,90.00,-36.00,CLOSED,0
5935.621,0,1,1,1.000,1.000,1.000,-81.05,90.00,-36.00,CLOSED,1
5935.671,0,0,1,1.000,1.000,1.000,-78.05,93.01,-36.00,CLOSED,0
5935.721,0,0,1,1.000,1.000,1.000,-75.07,95.98,-36.00,CLOSED,0
5935.771,0,0,1,1.000,1.000,1.000,-72.05,99.00,-36.00,CLOSED,1
5935.822,0,0,1,1.000,1.000,1.000,-69.01,102.04,-36.00,CLOSED,0
5935.872,0,0,1,1.000,1.000,1.000,-65.96,105.09,-36.00,CLOSED,1
5935.945,0,0,1,1.000,1.000,1.000,-61.63,109.42,-36.00,CLOSED,0
5935.972,0,0,1,1.000,1.000,1.000,-60.02,111.03,-36.00,CLOSED,0
5936.023,0,0,1,1.000,1.000,1.000,-56.95,114.10,-36.00,CLOSED,1
5936.077,0,0,1,1.000,1.000,1.000,-53.68,117.37,-36.00,CLOSED,0
5936.120,0,0,1,1.000,1.000,1.000,-51.10,119.95,-36.00,CLOSED,0
5936.171,0,0,1,1.000,1.000,1.000,-48.07,122.98,-36.00,CLOSED,1
5936.222,0,0,1,1.000,1.000,1.000,-44.99,126.06,-36.00,CLOSED,0
5936.270,0,0,1,1.000,1.000,1.000,-42.12,128.93,-36.00,CLOSED,0
5936.320,0,0,1,1.000,1.000,1.000,-39.10,131.95,-36.00,CLOSED,1
5936.371,0,0,1,1.000,1.000,1.000,-36.08,134.97,-36.00,CLOSED,0
5936.422,0,0,1,1.000,1.000,1.000,-33.01,138.04,-36.00,CLOSED,1
5936.471,0,0,1,1.000,1.000,1.000,-30.05,141.00,-36.00,CLOSED,0
5936.521,0,0,1,1.000,1.000,1.000,-27.08,143.97,-36.00,CLOSED,0
5936.572,0,0,1,1.000,1.000,1.000,-24.01,147.04,-36.00,CLOSED,1
5936.621,0,0,1,1.000,1.000,1.000,-21.03,150.02,-36.00,CLOSED,0
5936.671,0,0,1,1.000,1.000,1.000,-18.08,152.97,-36.00,CLOSED,0
5936.720,0,0,1,1.000,1.000,1.000,-15.11,155.94,-36.00,CLOSED,1
5936.771,0,0,1,1.000,1.000,1.000,-12.04,159.01,-36.00,CLOSED,0
5936.820,0,0,1,1.000,1.000,1.000,-9.10,161.95,-36.00,CLOSED,1
5936.893,0,0,1,1.000,1.000,1.000,-4.74,166.31,-36.00,CLOSED,0
5936.922,0,0,1,1.000,1.000,1.000,-3.00,168.05,-36.00,CLOSED,1
5936.970,0,0,1,1.000,1.000,1.000,-0.11,170.94,-36.00,CLOSED,0
5937.020,0,0,1,1.000,1.000,1.000,0.00,173.93,-36.00,CLOSED,0
5937.070,0,0,1,1.000,1.000,1.000,0.00,176.97,-36.00,CLOSED,1
5937.121,0,0,1,1.000,1.000,1.000,0.00,180.00,-36.00,CLOSED,0
5937.171,0,0,1,1.000,1.000,1.000,0.00,180.00,-36.00,CLOSED,1
5937.221,0,0,1,1.000,1.000,1.000,0.00,180.00,-36.00,CLOSED,0
5937.271,0,0,1,1.000,1.000,1.000,0.00,180.00,-36.00,CLOSED,0
5937.320,0,0,1,1.000,1.000,1.000,0.00,180.00,-36.00,CLOSED,0
5937.371,0,0,1,1.000,1.000,1.000,0.00,180.00,-36.00,CLOSED,0
5937.423,0,0,1,1.000,1.000,1.000,0.00,180.00,-36.00,CLOSED,0
5937.470,0,0,1,1.000,1.000,1.000,0.00,180.00,-36.00,CLOSED,0
5937.521,0,0,1,1.000,1.000,1.000,0.00,180.00,-36.00,CLOSED,0
5937.572,0,0,1,1.000,1.000,1.000,0.00,180.00,-36.00,CLOSED,0
5937.620,0,0,1,1.000,1.000,1.000,0.00,180.00,-36.00,CLOSED,0
5937.670,0,0,1,1.000,1.000,1.000,0.00,180.00,-36.00,CLOSED,0
5937.721,0,0,1,1.000,1.000,1.000,0.00,180.00,-36.00,CLOSED,0
5937.771,0,0,1,1.000,1.000,1.000,0.00,180.00,-36.00,CLOSED,0
5937.821,0,0,1,1.000,0.999,1.000,0.00,180.00,-36.00,CLOSED,0
5937.871,0,0,1,1.000,0.996,1.000,0.00,180.00,-36.00,CLOSED,0
5937.928,0,0,1,1.000,0.991,1.000,0.00,180.00,-36.00,CLOSED,0
5937.970,0,0,1,1.000,0.991,1.000,0.00,180.00,-36.00,CLOSED,0
5938.021,0,0,1,1.000,0.992,1.000,0.00,180.00,-36.00,CLOSED,0
5938.073,0,0,1,1.000,0.993,1.000,0.00,180.00,-36.00,CLOSED,0
5938.120,0,0,1,1.000,0.991,1.000,0.00,180.00,-36.00,CLOSED,0
5938.172,0,0,1,1.000,0.995,1.000,0.00,180.00,-36.00,CLOSED,0
5938.221,0,0,1,1.000,0.996,1.000,0.00,180.00,-36.00,CLOSED,0
5938.271,0,0,1,1.000,0.998,1.000,0.00,180.00,-36.00,CLOSED,0
5938.321,0,0,1,1.000,0.998,1.000,0.00,180.00,-36.00,CLOSED,0
5938.371,0,0,1,1.000,0.998,1.000,0.00,180.00,-36.00,CLOSED,0
5938.421,0,0,1,1.000,0.998,1.000,0.00,180.00,-36.00,CLOSED,0
5938.471,0,0,1,1.000,0.996,1.000,0.00,180.00,-36.00,CLOSED,0
5938.521,0,0,1,1.000,0.994,1.000,0.00,180.00,-36.00,CLOSED,0
5938.570,0,0,1,1.000,0.993,1.000,0.00,180.00,-36.00,CLOSED,0
5938.623,0,0,1,1.000,0.992,1.000,0.00,180.00,-36.00,CLOSED,0
5938.670,0,0,1,1.000,0.994,1.000,0.00,180.00,-36.00,CLOSED,0
5938.721,0,0,1,1.000,0.997,1.000,0.00,180.00,-36.00,CLOSED,0
5938.772,0,0,1,1.000,0.999,1.000,0.00,180.00,-36.00,CLOSED,0
5938.821,0,0,1,1.000,1.000,1.000,0.00,180.00,-36.00,CLOSED,0
5938.872,0,0,1,1.000,1.000,1.000,0.00,180.00,-36.00,CLOSED,0
5938.919,0,0,1,1.000,1.000,1.000,0.00,180.00,-36.00,CLOSED,0
5938.973,0,0,1,1.000,1.000,1.000,0.00,180.00,-36.00,CLOSED,0
5939.022,0,0,1,1.000,1.000,1.000,0.00,180.00,-36.00,CLOSED,0
5939.070,0,0,1,1.000,1.000,1.000,0.00,180.00,-36.00,CLOSED,0
5939.122,0,0,1,1.000,1.000,1.000,0.00,180.00,-36.00,CLOSED,0
5939.170,0,0,1,1.000,1.000,1.000,0.00,180.00,-36.00,CLOSED,0
5939.223,0,0,1,1.000,1.000,1.000,0.00,180.00,-36.00,CLOSED,0
5939.270,0,0,1,1.000,1.000,1.000,0.00,180.00,-36.00,CLOSED,0
5939.321,0,0,1,1.000,1.000,1.000,0.00,180.00,-36.00,CLOSED,0
5939.370,0,0,1,1.000,1.000,1.000,0.00,180.00,-36.00,CLOSED,0
5939.421,0,0,1,1.000,1.000,1.000,0.00,180.00,-36.00,CLOSED,0
5939.470,0,0,1,1.000,1.000,1.000,0.00,180.00,-36.00,CLOSED,0
5939.522,0,0,1,1.000,1.000,1.000,0.00,180.00,-36.00,CLOSED,0
5939.570,0,0,1,1.000,1.000,1.000,0.00,180.00,-36.00,CLOSED,0
5939.620,0,0,1,1.000,0.998,1.000,0.00,180.00,-36.00,CLOSED,0
5939.671,0,0,1,1.000,0.990,1.000,0.00,180.00,-36.00,CLOSED,0
5939.723,0,0,1,1.000,0.968,1.000,0.00,180.00,-36.00,CLOSED,0
5939.771,0,0,1,1.000,0.949,1.000,0.00,180.00,-36.00,CLOSED,0
5939.819,0,0,1,1.000,0.969,1.000,0.00,180.00,-36.00,CLOSED,0
5939.871,0,0,1,1.000,0.983,1.000,0.00,180.00,-36.00,CLOSED,0
5939.920,0,0,1,1.000,0.992,1.000,0.00,180.00,-36.00,CLOSED,0
5939.971,0,0,1,1.000,0.996,1.000,0.00,180.00,-36.00,CLOSED,0
5940.027,0,0,1,1.000,0.998,1.000,0.00,180.00,-36.00,CLOSED,0
5940.071,0,0,1,1.000,0.999,1.000,0.00,180.00,-36.00,CLOSED,0
5940.122,0,0,1,1.000,1.000,1.000,0.00,180.00,-36.00,CLOSED,0
5940.170,0,0,1,1.000,1.000,1.000,0.00,180.00,-36.00,CLOSED,0
5940.222,0,0,1,1.000,1.000,1.000,0.00,180.00,-36.00,CLOSED,0
5940.270,0,0,1,1.000,1.000,1.000,0.00,180.00,-36.00,CLOSED,0
5940.320,0,0,1,1.000,1.000,1.000,0.00,180.00,-36.00,CLOSED,0
5940.371,0,0,1,1.000,1.000,1.000,0.00,180.00,-36.00,CLOSED,0
5940.421,0,0,1,1.000,1.000,1.000,0.00,180.00,-36.00,CLOSED,0
5940.472,0,0,1,1.000,1.000,1.000,0.00,180.00,-36.00,CLOSED,0
5940.520,0,0,1,1.000,1.000,1.000,0.00,180.00,-36.00,CLOSED,0
5940.572,0,0,1,1.000,1.000,1.000,0.00,180.00,-36.00,CLOSED,0
5940.620,0,0,1,1.000,1.000,1.000,0.00,180.00,-36.00,CLOSED,0
5940.672,0,0,1,1.000,1.000,1.000,0.00,180.00,-36.00,CLOSED,0
5940.721,0,0,1,1.000,1.000,1.000,0.00,180.00,-36.00,CLOSED,0
5940.772,0,0,1,1.000,1.000,1.000,0.00,180.00,-36.00,CLOSED,0
5940.821,0,0,1,1.000,1.000,1.000,0.00,180.00,-36.00,CLOSED,0
5940.871,0,0,1,1.000,1.000,1.000,0.00,180.00,-36.00,CLOSED,0
5940.921,0,0,1,1.000,1.000,1.000,0.00,180.00,-36.00,CLOSED,0
5940.971,0,0,1,1.000,1.000,1.000,0.00,180.00,-36.00,CLOSED,0
5941.023,0,0,1,1.000,1.000,1.000,0.00,180.00,-36.00,CLOSED,0
5941.070,0,0,1,1.000,0.998,1.000,0.00,180.00,-36.00,CLOSED,0
5941.120,0,0,1,1.000,0.975,1.000,0.00,180.00,-36.00,CLOSED,0
5941.171,0,0,1,1.000,0.769,1.000,0.00,180.00,-36.00,CLOSED,0
5941.222,0,0,1,1.000,0.534,1.000,0.00,180.00,-36.00,CLOSED,0
5941.270,0,0,1,1.000,0.604,1.000,0.00,180.00,-36.00,CLOSED,0
5941.323,0,0,1,1.000,0.595,1.000,0.00,180.00,-36.00,CLOSED,0
5941.371,0,0,1,1.000,0.872,1.000,0.00,180.00,-36.00,CLOSED,0
5941.421,0,0,1,1.000,0.965,1.000,0.00,180.00,-36.00,CLOSED,0
5941.472,0,0,1,1.000,0.994,1.000,0.00,180.00,-36.00,CLOSED,0
5941.520,0,0,1,1.000,0.999,1.000,0.00,180.00,-36.00,CLOSED,0
5941.571,0,0,1,1.000,1.000,1.000,0.00,180.00,-36.00,CLOSED,0
5941.620,0,0,1,1.000,1.000,1.000,0.00,180.00,-36.00,CLOSED,0
5941.671,0,0,1,1.000,1.000,1.000,0.00,180.00,-36.00,CLOSED,0
5941.720,0,0,1,1.000,1.000,1.000,0.00,180.00,-36.00,CLOSED,0
5941.770,0,0,1,1.000,0.999,1.000,0.00,180.00,-36.00,CLOSED,0
5941.820,0,0,1,0.999,0.998,1.000,0.00,180.00,-36.00,CLOSED,0
5941.870,0,0,1,0.842,0.998,1.000,0.00,180.00,-36.00,CLOSED,0
5941.920,0,0,1,0.749,0.996,1.000,0.00,180.00,-36.00,CLOSED,0
5941.970,0,0,1,0.898,0.997,1.000,0.00,180.00,-36.00,CLOSED,0
5942.022,0,0,1,0.875,0.998,1.000,0.00,180.00,-36.00,CLOSED,0
5942.072,0,0,1,0.692,0.999,1.000,0.00,180.00,-36.00,CLOSED,0
5942.121,0,0,1,0.816,1.000,1.000,0.00,180.00,-36.00,CLOSED,0
5942.171,0,0,1,0.931,1.000,1.000,0.00,180.00,-36.00,CLOSED,0
5942.220,0,0,1,0.970,1.000,1.000,0.00,180.00,-36.00,CLOSED,0
5942.271,0,0,1,0.984,1.000,1.000,0.00,180.00,-36.00,CLOSED,0
5942.320,1,0,1,0.990,1.000,1.000,0.00,180.00,-31.50,CLOSED,1
5942.370,1,0,1,0.995,1.000,1.000,0.00,180.00,-31.50,CLOSED,0
5942.421,1,0,1,0.997,1.000,1.000,0.00,180.00,-27.00,CLOSED,1
5942.548,1,0,1,0.998,1.000,1.000,0.00,180.00,-22.50,CLOSED,1
5942.603,1,0,1,0.999,1.000,1.000,0.00,180.00,-22.50,CLOSED,0
5942.610,1,0,1,0.999,1.000,1.000,0.00,180.00,-22.50,CLOSED,0
5942.620,1,0,1,1.000,1.000,1.000,0.00,180.00,-22.50,CLOSED,0
5942.672,1,0,1,1.000,1.000,1.000,0.00,180.00,-18.00,CLOSED,1
5942.747,1,0,1,1.000,1.000,1.000,0.00,180.00,-18.00,CLOSED,0
5942.771,1,0,1,1.000,1.000,1.000,0.00,180.00,-18.00,CLOSED,0
5942.821,1,0,1,1.000,1.000,1.000,0.00,180.00,-13.50,CLOSED,1
5942.931,1,0,1,1.000,1.000,1.000,0.00,180.00,-9.00,CLOSED,1
5942.950,1,0,1,1.000,1.000,1.000,0.00,180.00,-9.00,CLOSED,0
5942.973,1,0,1,1.000,1.000,1.000,0.00,180.00,-9.00,CLOSED,0
5943.021,1,0,1,1.000,1.000,1.000,0.00,180.00,-9.00,CLOSED,0
5943.071,1,0,1,1.000,1.000,1.000,0.00,180.00,-4.50,CLOSED,1
5943.147,1,0,1,1.000,1.000,1.000,0.00,180.00,-4.50,CLOSED,0
5943.172,1,0,1,1.000,1.000,1.000,0.00,180.00,0.00,CLOSED,1
5943.221,1,0,1,1.000,1.000,1.000,0.00,180.00,0.00,CLOSED,0
5943.271,1,0,1,1.000,1.000,1.000,0.00,180.00,0.00,CLOSED,0
5943.321,1,0,1,1.000,1.000,1.000,0.00,180.00,4.50,CLOSED,1
5943.372,1,0,1,1.000,1.000,1.000,0.00,180.00,4.50,CLOSED,0
5943.422,1,0,1,1.000,1.000,1.000,0.00,180.00,9.00,CLOSED,1
5943.548,1,0,1,1.000,1.000,1.000,0.00,180.00,13.50,CLOSED,1
5943.600,1,0,1,1.000,1.000,1.000,0.00,180.00,13.50,CLOSED,0
5943.608,1,0,1,1.000,0.999,1.000,0.00,180.00,13.50,CLOSED,0
5943.621,1,0,1,1.000,0.997,1.000,0.00,180.00,13.50,CLOSED,0
5943.671,1,0,1,1.000,0.986,1.000,0.00,180.00,18.00,CLOSED,1
5943.748,1,0,1,1.000,0.977,1.000,0.00,180.00,18.00,CLOSED,0
5943.772,1,0,1,1.000,0.975,1.000,0.00,180.00,22.50,CLOSED,1
5943.821,1,0,1,1.000,0.993,1.000,0.00,180.00,22.50,CLOSED,0
5943.871,1,0,1,1.000,0.996,1.000,0.00,180.00,22.50,CLOSED,0
5943.921,1,0,1,1.000,0.997,1.000,0.00,180.00,27.00,CLOSED,1
5943.972,1,0,1,1.000,0.997,1.000,0.00,180.00,27.00,CLOSED,0
5944.022,1,0,1,1.000,0.997,1.000,0.00,180.00,31.50,CLOSED,1
5944.072,1,0,1,1.000,0.997,1.000,0.00,180.00,31.50,CLOSED,0
5944.120,1,0,1,1.000,0.997,1.000,0.00,180.00,31.50,CLOSED,0
5944.170,1,0,1,1.000,0.998,1.000,0.00,180.00,36.00,CLOSED,1
5944.222,1,0,1,1.000,0.999,1.000,0.00,180.00,36.00,CLOSED,0
5944.270,1,0,1,0.999,1.000,1.000,0.00,180.00,40.50,CLOSED,1
5944.348,1,0,1,0.999,1.000,1.000,0.00,180.00,40.50,CLOSED,0
5944.371,1,0,1,0.999,1.000,1.000,0.00,180.00,45.00,CLOSED,1
5944.422,1,0,1,0.998,1.000,1.000,0.00,180.00,45.00,CLOSED,0
5944.471,1,0,1,0.999,1.000,1.000,0.00,180.00,45.00,CLOSED,0
5944.521,1,0,1,0.998,1.000,1.000,0.00,180.00,49.50,CLOSED,1
5944.573,1,0,1,0.988,1.000,1.000,0.00,180.00,49.50,CLOSED,0
5944.621,1,0,1,0.801,1.000,1.000,0.00,180.00,49.50,CLOSED,0
5944.671,1,0,1,0.708,1.000,1.000,0.00,180.00,54.00,CLOSED,1
5944.747,1,0,1,0.972,1.000,1.000,0.00,180.00,54.00,CLOSED,0
5944.771,1,0,1,0.996,1.000,1.000,0.00,180.00,54.00,CLOSED,0
5944.821,1,0,1,0.998,1.000,1.000,0.00,180.00,58.50,CLOSED,1
5944.871,1,0,1,0.998,1.000,1.000,0.00,180.00,58.50,CLOSED,0
5944.922,1,0,1,0.995,1.000,1.000,0.00,180.00,63.00,CLOSED,1
5944.973,1,0,1,0.980,1.000,1.000,0.00,180.00,63.00,CLOSED,0
5945.021,1,0,1,0.989,1.000,1.000,0.00,180.00,63.00,CLOSED,0
5945.070,1,0,1,1.000,1.000,1.000,0.00,180.00,67.50,CLOSED,1
5945.147,1,0,1,1.000,1.000,1.000,0.00,180.00,67.50,CLOSED,0
5945.170,1,0,1,1.000,1.000,1.000,0.00,180.00,72.00,CLOSED,1
5945.220,1,0,1,1.000,1.000,1.000,0.00,180.00,72.00,CLOSED,0
5945.271,1,0,1,1.000,1.000,1.000,0.00,180.00,76.50,CLOSED,1
5945.348,1,0,1,1.000,1.000,1.000,0.00,180.00,76.50,CLOSED,0
5945.371,0,0,1,1.000,0.999,1.000,0.00,180.00,76.50,CLOSED,0
5945.420,0,0,1,1.000,0.998,1.000,0.00,180.00,76.50,CLOSED,0
5945.470,0,0,1,1.000,0.993,1.000,0.00,180.00,76.50,CLOSED,0
5945.521,0,0,1,1.000,0.970,1.000,0.00,180.00,76.50,CLOSED,0
5945.572,0,0,1,1.000,0.887,1.000,0.00,180.00,76.50,CLOSED,0
5945.621,0,0,1,1.000,0.584,1.000,0.00,180.00,76.50,CLOSED,0
5945.669,0,0,1,1.000,0.753,1.000,0.00,180.00,76.50,CLOSED,0
5945.721,0,0,1,1.000,0.877,1.000,0.00,180.00,76.50,CLOSED,0
5945.771,0,0,1,0.999,0.862,1.000,0.00,180.00,76.50,CLOSED,0
5945.821,0,0,1,0.996,0.614,1.000,0.00,180.00,76.50,CLOSED,0
5945.872,0,0,1,1.000,0.736,1.000,0.00,180.00,76.50,CLOSED,0
5945.922,0,0,1,0.815,0.923,1.000,0.00,180.00,76.50,CLOSED,0
5945.971,0,0,1,0.895,0.974,1.000,0.00,180.00,76.50,CLOSED,0
5946.021,0,0,1,0.991,0.987,1.000,0.00,180.00,76.50,CLOSED,0
5946.071,0,0,1,1.000,0.993,1.000,0.00,180.00,76.50,CLOSED,0
5946.122,0,0,1,1.000,0.995,1.000,0.00,180.00,76.50,CLOSED,0
5946.172,0,0,1,1.000,0.993,1.000,0.00,180.00,76.50,CLOSED,0
5946.221,0,0,1,1.000,0.983,1.000,0.00,180.00,76.50,CLOSED,0
5946.270,0,0,1,1.000,0.952,1.000,0.00,180.00,76.50,CLOSED,0
5946.321,2,0,1,1.000,0.834,1.000,0.00,180.00,72.00,CLOSED,1
5946.371,2,0,1,1.000,0.783,1.000,0.00,180.00,72.00,CLOSED,0
5946.421,2,0,1,1.000,0.805,1.000,0.00,180.00,67.50,CLOSED,1
5946.483,2,0,1,1.000,0.918,1.000,0.00,180.00,67.50,CLOSED,0
5946.522,2,0,1,1.000,0.961,1.000,0.00,180.00,63.00,CLOSED,1
5946.572,2,0,1,1.000,0.987,1.000,0.00,180.00,63.00,CLOSED,0
5946.622,2,0,1,1.000,0.995,1.000,0.00,180.00,58.50,CLOSED,1
5946.686,2,0,1,1.000,0.998,1.000,0.00,180.00,58.50,CLOSED,0
5946.723,2,0,1,1.000,0.999,1.000,0.00,180.00,54.00,CLOSED,1
5946.774,2,0,1,1.000,1.000,1.000,0.00,180.00,54.00,CLOSED,0
5946.821,2,0,1,1.000,1.000,1.000,0.00,180.00,54.00,CLOSED,0
5946.872,2,0,1,1.000,1.000,1.000,0.00,180.00,49.50,CLOSED,1
5946.922,2,0,1,1.000,1.000,1.000,0.00,180.00,49.50,CLOSED,0
5946.971,2,0,1,1.000,1.000,1.000,0.00,180.00,49.50,CLOSED,0
5947.023,2,0,1,1.000,1.000,1.000,0.00,180.00,45.00,CLOSED,1
5947.093,2,0,1,1.000,1.000,1.000,0.00,180.00,45.00,CLOSED,0
5947.122,2,0,1,1.000,1.000,1.000,0.00,180.00,45.00,CLOSED,0
5947.170,2,0,1,1.000,1.000,1.000,0.00,180.00,40.50,CLOSED,1
5947.221,2,0,1,1.000,1.000,1.000,0.00,180.00,40.50,CLOSED,0
5947.271,2,0,1,1.000,1.000,1.000,0.00,180.00,36.00,CLOSED,1
5947.323,2,0,1,1.000,0.999,1.000,0.00,180.00,36.00,CLOSED,0
5947.372,2,0,1,1.000,0.997,1.000,0.00,180.00,31.50,CLOSED,1
5947.421,2,0,1,1.000,0.992,1.000,0.00,180.00,31.50,CLOSED,0
5947.472,2,0,1,1.000,0.986,1.000,0.00,180.00,31.50,CLOSED,0
5947.521,2,0,1,1.000,0.985,1.000,0.00,180.00,27.00,CLOSED,1
5947.571,2,0,1,1.000,0.991,1.000,0.00,180.00,27.00,CLOSED,0
5947.620,2,0,1,1.000,0.997,1.000,0.00,180.00,27.00,CLOSED,0
5947.671,2,0,1,1.000,0.999,1.000,0.00,180.00,22.50,CLOSED,1
5947.723,2,0,1,1.000,1.000,1.000,0.00,180.00,22.50,CLOSED,0
5947.771,2,0,1,1.000,1.000,1.000,0.00,180.00,22.50,CLOSED,0
5947.821,2,0,1,1.000,1.000,1.000,0.00,180.00,18.00,CLOSED,1
5947.909,2,0,1,1.000,1.000,1.000,0.00,180.00,18.00,CLOSED,0
5947.921,2,0,1,1.000,1.000,1.000,0.00,180.00,18.00,CLOSED,0
5947.972,2,0,1,1.000,1.000,1.000,0.00,180.00,13.50,CLOSED,1
5948.021,2,0,1,1.000,1.000,1.000,0.00,180.00,13.50,CLOSED,0
5948.072,2,0,1,1.000,1.000,1.000,0.00,180.00,13.50,CLOSED,0
5948.120,2,0,1,1.000,1.000,1.000,0.00,180.00,9.00,CLOSED,1
5948.171,2,0,1,1.000,1.000,1.000,0.00,180.00,9.00,CLOSED,0
5948.222,2,0,1,1.000,1.000,1.000,0.00,180.00,4.50,CLOSED,1
5948.291,2,0,1,1.000,1.000,1.000,0.00,180.00,4.50,CLOSED,0
5948.320,2,0,1,1.000,1.000,1.000,0.00,180.00,4.50,CLOSED,0
5948.371,2,0,1,1.000,1.000,1.000,0.00,180.00,0.00,CLOSED,1
5948.421,2,0,1,1.000,1.000,1.000,0.00,180.00,0.00,CLOSED,0
5948.471,2,0,1,1.000,1.000,1.000,0.00,180.00,0.00,CLOSED,0
5948.519,2,0,1,1.000,1.000,1.000,0.00,180.00,-4.50,CLOSED,1
5948.577,2,0,1,1.000,1.000,1.000,0.00,180.00,-4.50,CLOSED,0
5948.620,2,0,1,1.000,1.000,1.000,0.00,180.00,-9.00,CLOSED,1
5948.721,2,0,1,1.000,1.000,1.000,0.00,180.00,-13.50,CLOSED,1
5948.750,2,0,1,1.000,1.000,1.000,0.00,180.00,-13.50,CLOSED,0
5948.771,2,0,1,1.000,1.000,1.000,0.00,180.00,-13.50,CLOSED,0
5948.820,2,0,1,1.000,1.000,1.000,0.00,180.00,-13.50,CLOSED,0
5948.871,2,0,1,1.000,1.000,1.000,0.00,180.00,-18.00,CLOSED,1
5948.928,2,0,1,0.997,1.000,1.000,0.00,180.00,-18.00,CLOSED,0
5948.971,2,0,1,0.936,1.000,1.000,0.00,180.00,-22.50,CLOSED,1
5949.022,2,0,1,0.706,1.000,1.000,0.00,180.00,-22.50,CLOSED,0
5949.071,2,0,1,0.714,1.000,1.000,0.00,180.00,-27.00,CLOSED,1
5949.133,2,0,1,0.744,1.000,1.000,0.00,180.00,-27.00,CLOSED,0
5949.172,2,0,1,0.792,1.000,1.000,0.00,180.00,-31.50,CLOSED,1
5949.221,2,0,1,0.858,1.000,1.000,0.00,180.00,-31.50,CLOSED,0
5949.271,2,0,1,0.946,1.000,1.000,0.00,180.00,-31.50,CLOSED,0
5949.320,2,0,1,0.973,1.000,1.000,0.00,180.00,-36.00,CLOSED,1
5949.372,2,0,1,0.987,1.000,1.000,0.00,180.00,-36.00,CLOSED,0
5949.421,2,0,1,0.994,1.000,1.000,0.00,180.00,-40.50,CLOSED,1
5949.539,2,0,1,0.993,1.000,1.000,0.00,180.00,-45.00,CLOSED,1
5949.550,2,0,1,0.994,1.000,1.000,0.00,180.00,-45.00,CLOSED,0
5949.573,2,0,1,0.966,1.000,1.000,0.00,180.00,-45.00,CLOSED,0
5949.621,2,0,1,0.868,1.000,1.000,0.00,180.00,-45.00,CLOSED,0
5949.670,2,0,1,1.000,1.000,1.000,0.00,180.00,-49.50,CLOSED,1
5949.728,2,0,1,1.000,1.000,1.000,0.00,180.00,-49.50,CLOSED,0
5949.771,2,0,1,1.000,1.000,1.000,0.00,180.00,-54.00,CLOSED,1
5949.822,2,0,1,1.000,1.000,1.000,0.00,180.00,-54.00,CLOSED,0
5949.870,2,0,1,1.000,1.000,1.000,0.00,180.00,-54.00,CLOSED,0
5949.920,2,0,1,0.999,1.000,1.000,0.00,180.00,-58.50,CLOSED,1
5949.971,2,0,1,1.000,1.000,1.000,0.00,180.00,-58.50,CLOSED,0
5950.020,0,0,1,1.000,1.000,1.000,0.00,180.00,-58.50,CLOSED,0
5950.072,0,0,1,1.000,1.000,1.000,0.00,180.00,-58.50,CLOSED,0
5950.123,0,0,1,1.000,1.000,1.000,0.00,180.00,-58.50,CLOSED,0
5950.171,0,0,1,0.999,1.000,1.000,0.00,180.00,-58.50,CLOSED,0
5950.220,0,0,1,0.998,1.000,1.000,0.00,180.00,-58.50,CLOSED,0
5950.270,0,0,1,0.999,1.000,1.000,0.00,180.00,-58.50,CLOSED,0
5950.322,0,0,1,1.000,1.000,1.000,0.00,180.00,-58.50,CLOSED,0
5950.371,0,0,1,1.000,1.000,1.000,0.00,180.00,-58.50,CLOSED,0
5950.422,0,0,1,1.000,1.000,1.000,0.00,180.00,-58.50,CLOSED,0
5950.469,0,0,1,1.000,1.000,1.000,0.00,180.00,-58.50,CLOSED,0
5950.522,0,0,1,0.999,1.000,1.000,0.00,180.00,-58.50,CLOSED,0
5950.570,0,0,1,1.000,1.000,1.000,0.00,180.00,-58.50,CLOSED,0
5950.621,0,0,1,0.999,1.000,1.000,0.00,180.00,-58.50,CLOSED,0
5950.671,0,0,1,0.999,1.000,1.000,0.00,180.00,-58.50,CLOSED,0
5950.720,0,0,1,1.000,1.000,1.000,0.00,180.00,-58.50,CLOSED,0
5950.772,0,0,1,0.999,1.000,1.000,0.00,180.00,-58.50,CLOSED,0
5950.820,0,0,1,0.999,1.000,1.000,0.00,180.00,-58.50,CLOSED,0
5950.872,0,0,1,1.000,1.000,1.000,0.00,180.00,-58.50,CLOSED,0
5950.920,0,0,1,1.000,1.000,1.000,0.00,180.00,-58.50,CLOSED,0
5950.972,0,0,1,1.000,1.000,1.000,0.00,180.00,-58.50,CLOSED,0
5951.020,0,0,1,0.997,1.000,1.000,0.00,180.00,-58.50,CLOSED,0
5951.072,0,0,1,0.970,1.000,1.000,0.00,180.00,-58.50,CLOSED,0
5951.121,0,0,1,0.929,1.000,1.000,0.00,180.00,-58.50,CLOSED,0
5951.172,0,0,1,0.898,1.000,1.000,0.00,180.00,-58.50,CLOSED,0
5951.221,0,0,1,0.918,1.000,1.000,0.00,180.00,-58.50,CLOSED,0
5951.270,0,0,1,0.849,1.000,1.000,0.00,180.00,-58.50,CLOSED,0
5951.322,0,0,1,0.837,1.000,1.000,0.00,180.00,-58.50,CLOSED,0
5951.372,0,0,1,0.645,1.000,1.000,0.00,180.00,-58.50,CLOSED,0
5951.420,0,0,1,0.898,1.000,1.000,0.00,180.00,-58.50,CLOSED,0
5951.471,0,0,1,0.999,1.000,1.000,0.00,180.00,-58.50,CLOSED,0
5951.520,0,0,1,1.000,1.000,1.000,0.00,180.00,-58.50,CLOSED,0
5951.572,0,0,1,1.000,1.000,1.000,0.00,180.00,-58.50,CLOSED,0
5951.620,0,0,1,1.000,1.000,1.000,0.00,180.00,-58.50,CLOSED,0
5951.669,0,0,1,1.000,1.000,1.000,0.00,180.00,-58.50,CLOSED,0
5951.720,0,0,1,1.000,1.000,1.000,0.00,180.00,-58.50,CLOSED,0
5951.769,0,0,1,1.000,1.000,1.000,0.00,180.00,-58.50,CLOSED,0
5951.821,3,0,1,1.000,1.000,1.000,0.00,180.00,-58.50,OPEN,0
5951.870,3,0,1,1.000,1.000,1.000,0.00,180.00,-58.50,OPEN,0
5951.920,3,0,1,1.000,1.000,1.000,0.00,180.00,-58.50,OPEN,0
5951.971,3,0,1,1.000,1.000,1.000,0.00,180.00,-58.50,OPEN,0
5952.021,3,0,1,1.000,1.000,1.000,0.00,180.00,-58.50,OPEN,0
5952.070,3,0,1,1.000,1.000,1.000,0.00,180.00,-58.50,OPEN,0
5952.120,3,0,1,1.000,1.000,1.000,0.00,180.00,-58.50,OPEN,0
5952.169,3,0,1,1.000,1.000,1.000,0.00,180.00,-58.50,OPEN,0
5952.222,3,0,1,1.000,1.000,1.000,0.00,180.00,-58.50,OPEN,0
5952.272,3,0,1,1.000,1.000,1.000,0.00,180.00,-58.50,OPEN,0
5952.321,3,0,1,1.000,1.000,1.000,0.00,180.00,-58.50,OPEN,0
5952.372,3,0,1,1.000,1.000,1.000,0.00,180.00,-58.50,OPEN,0
5952.420,3,0,1,1.000,1.000,1.000,0.00,180.00,-58.50,OPEN,0
5952.469,3,0,1,1.000,1.000,1.000,0.00,180.00,-58.50,OPEN,0
5952.520,3,0,1,1.000,1.000,1.000,0.00,180.00,-58.50,OPEN,0
5952.571,3,0,1,1.000,1.000,1.000,0.00,180.00,-58.50,OPEN,0
5952.622,3,0,1,1.000,1.000,1.000,0.00,180.00,-58.50,OPEN,0
5952.670,3,0,1,1.000,1.000,1.000,0.00,180.00,-58.50,OPEN,0
5952.720,3,0,1,1.000,1.000,1.000,0.00,180.00,-58.50,OPEN,0
5952.770,3,0,1,1.000,1.000,1.000,0.00,180.00,-58.50,OPEN,0
5952.820,3,0,1,1.000,1.000,1.000,0.00,180.00,-58.50,OPEN,0
5952.871,3,0,1,1.000,1.000,1.000,0.00,180.00,-58.50,OPEN,0
5952.920,3,0,1,1.000,1.000,1.000,0.00,180.00,-58.50,OPEN,0
5952.972,3,0,1,1.000,1.000,1.000,0.00,180.00,-58.50,OPEN,0
5953.020,3,0,1,1.000,1.000,1.000,0.00,180.00,-58.50,OPEN,0
5953.071,3,0,1,1.000,1.000,1.000,0.00,180.00,-58.50,OPEN,0
5953.120,3,0,1,1.000,1.000,1.000,0.00,180.00,-58.50,OPEN,0
5953.172,3,0,1,1.000,1.000,1.000,0.00,180.00,-58.50,OPEN,0
5953.220,3,0,1,1.000,1.000,1.000,0.00,180.00,-58.50,OPEN,0
5953.271,3,0,1,1.000,1.000,1.000,0.00,180.00,-58.50,OPEN,0
5953.321,3,0,1,1.000,1.000,1.000,0.00,180.00,-58.50,OPEN,0
5953.371,3,0,1,1.000,1.000,1.000,0.00,180.00,-58.50,OPEN,0
5953.420,3,0,1,1.000,1.000,1.000,0.00,180.00,-58.50,OPEN,0
5953.470,3,0,1,1.000,1.000,1.000,0.00,180.00,-58.50,OPEN,0
5953.520,3,0,1,1.000,1.000,1.000,0.00,180.00,-58.50,OPEN,0
5953.571,3,0,1,1.000,1.000,1.000,0.00,180.00,-58.50,OPEN,0
5953.620,3,0,1,1.000,1.000,1.000,0.00,180.00,-58.50,OPEN,0
5953.671,3,0,1,0.999,1.000,1.000,0.00,180.00,-58.50,OPEN,0
5953.720,3,0,1,0.992,1.000,1.000,0.00,180.00,-58.50,OPEN,0
5953.771,3,0,1,0.879,1.000,1.000,0.00,180.00,-58.50,OPEN,0
5953.820,3,0,1,0.907,1.000,1.000,0.00,180.00,-58.50,OPEN,0
5953.870,3,0,1,0.998,1.000,1.000,0.00,180.00,-58.50,OPEN,0
5953.921,3,0,1,1.000,1.000,1.000,0.00,180.00,-58.50,OPEN,0
5953.968,3,0,1,1.000,1.000,1.000,0.00,180.00,-58.50,OPEN,0
5954.020,3,0,1,1.000,1.000,1.000,0.00,180.00,-58.50,OPEN,0
5954.070,3,0,1,1.000,1.000,1.000,0.00,180.00,-58.50,OPEN,0
5954.119,3,0,1,1.000,1.000,1.000,0.00,180.00,-58.50,OPEN,0
5954.170,2,0,1,1.000,1.000,1.000,0.00,180.00,-63.00,OPEN,1
5954.220,2,0,1,1.000,1.000,1.000,0.00,180.00,-63.00,OPEN,0
5954.269,2,0,1,1.000,1.000,1.000,0.00,180.00,-63.00,OPEN,0
5954.321,2,0,1,1.000,1.000,1.000,0.00,180.00,-67.50,OPEN,1
5954.372,2,0,1,1.000,1.000,1.000,0.00,180.00,-67.50,OPEN,0
5954.421,2,0,1,0.985,1.000,1.000,0.00,180.00,-72.00,OPEN,1
5954.471,2,0,1,0.689,1.000,1.000,0.00,180.00,-72.00,OPEN,0
5954.519,2,0,1,0.587,1.000,1.000,0.00,180.00,-72.00,OPEN,0
5954.569,2,0,1,0.933,1.000,1.000,0.00,180.00,-76.50,OPEN,1
5954.620,2,0,1,0.996,1.000,1.000,0.00,180.00,-76.50,OPEN,0
5954.668,2,0,1,0.998,1.000,1.000,0.00,180.00,-76.50,OPEN,0
5954.721,2,0,1,0.997,1.000,1.000,0.00,180.00,-81.00,OPEN,1
5954.772,2,0,1,0.982,1.000,1.000,0.00,180.00,-81.00,OPEN,0
5954.820,2,0,1,0.995,1.000,1.000,0.00,180.00,-81.00,OPEN,0
5954.869,2,0,1,0.999,1.000,1.000,0.00,180.00,-85.50,OPEN,1
5954.951,0,0,1,1.000,1.000,1.000,0.00,180.00,-85.50,OPEN,0
5954.971,0,0,1,0.999,1.000,1.000,0.00,180.00,-85.50,OPEN,0
5955.020,0,0,1,1.000,1.000,1.000,0.00,180.00,-85.50,OPEN,0
5955.069,0,0,1,1.000,1.000,1.000,0.00,180.00,-85.50,OPEN,0
5955.119,0,0,1,1.000,1.000,1.000,0.00,180.00,-85.50,OPEN,0
5955.170,0,0,1,1.000,1.000,1.000,0.00,180.00,-85.50,OPEN,0
5955.219,0,0,1,1.000,1.000,1.000,0.00,180.00,-85.50,OPEN,0
5955.270,0,0,1,1.000,1.000,1.000,0.00,180.00,-85.50,OPEN,0
5955.320,0,0,1,0.999,1.000,1.000,0.00,180.00,-85.50,OPEN,0
5955.369,0,0,1,0.999,1.000,1.000,0.00,180.00,-85.50,OPEN,0
5955.421,0,0,1,1.000,1.000,1.000,0.00,180.00,-85.50,OPEN,0
5955.470,0,0,1,1.000,1.000,1.000,0.00,180.00,-85.50,OPEN,0
5955.520,0,0,1,1.000,1.000,1.000,0.00,180.00,-85.50,OPEN,0
5955.569,0,0,1,1.000,1.000,1.000,0.00,180.00,-85.50,OPEN,0
5955.620,0,0,1,1.000,1.000,1.000,0.00,180.00,-85.50,OPEN,0
5955.670,0,0,1,1.000,1.000,1.000,0.00,180.00,-85.50,OPEN,0
5955.721,0,0,1,1.000,1.000,1.000,0.00,180.00,-85.50,OPEN,0
5955.771,0,0,1,1.000,1.000,1.000,0.00,180.00,-85.50,OPEN,0
5955.819,0,0,1,1.000,1.000,1.000,0.00,180.00,-85.50,OPEN,0
5955.870,0,0,1,1.000,0.999,1.000,0.00,180.00,-85.50,OPEN,0
5955.920,0,0,1,0.998,0.998,1.000,0.00,180.00,-85.50,OPEN,0
5955.970,0,0,1,1.000,0.999,1.000,0.00,180.00,-85.50,OPEN,0
5956.019,0,0,1,1.000,0.999,1.000,0.00,180.00,-85.50,OPEN,0
5956.071,0,0,1,0.997,1.000,1.000,0.00,180.00,-85.50,OPEN,0
5956.120,0,0,1,0.986,1.000,1.000,0.00,180.00,-85.50,OPEN,0
5956.171,0,0,1,0.983,1.000,1.000,0.00,180.00,-85.50,OPEN,0
5956.220,0,0,1,0.915,1.000,1.000,0.00,180.00,-85.50,OPEN,0
5956.270,0,0,1,0.772,1.000,1.000,0.00,180.00,-85.50,OPEN,0
5956.320,0,0,1,0.638,1.000,1.000,0.00,180.00,-85.50,OPEN,0
5956.370,0,0,1,0.483,1.000,1.000,0.00,180.00,-85.50,OPEN,0
5956.419,0,0,1,0.427,1.000,1.000,0.00,180.00,-85.50,OPEN,0
5956.469,0,0,1,0.999,1.000,1.000,0.00,180.00,-85.50,OPEN,0
5956.519,0,0,1,1.000,1.000,1.000,0.00,180.00,-85.50,OPEN,0
5956.568,0,0,1,1.000,1.000,1.000,0.00,180.00,-85.50,OPEN,0
5956.621,0,0,1,1.000,1.000,1.000,0.00,180.00,-85.50,OPEN,0
5956.670,0,0,1,1.000,1.000,1.000,0.00,180.00,-85.50,OPEN,0
5956.720,0,0,1,1.000,1.000,1.000,0.00,180.00,-85.50,OPEN,0
5956.770,0,0,1,1.000,1.000,1.000,0.00,180.00,-85.50,OPEN,0
5956.821,3,0,1,1.000,1.000,1.000,0.00,180.00,-85.50,CLOSED,0
5957.004,3,0,1,1.000,1.000,1.000,0.00,180.00,-85.50,CLOSED,0
5957.009,3,0,1,1.000,1.000,1.000,0.00,180.00,-85.50,CLOSED,0
5957.015,3,0,1,1.000,1.000,1.000,0.00,180.00,-85.50,CLOSED,0
5957.022,3,0,1,1.000,0.999,1.000,0.00,180.00,-85.50,CLOSED,0
5957.069,3,0,1,1.000,0.998,1.000,0.00,180.00,-85.50,CLOSED,0
5957.119,3,0,1,1.000,0.997,1.000,0.00,180.00,-85.50,CLOSED,0
5957.171,3,0,1,1.000,0.998,1.000,0.00,180.00,-85.50,CLOSED,0
5957.220,3,0,1,1.000,0.999,1.000,0.00,180.00,-85.50,CLOSED,0
5957.270,3,0,1,1.000,1.000,1.000,0.00,180.00,-85.50,CLOSED,0
5957.319,3,0,1,1.000,1.000,1.000,0.00,180.00,-85.50,CLOSED,0
5957.370,3,0,1,1.000,1.000,1.000,0.00,180.00,-85.50,CLOSED,0
5957.420,3,0,1,1.000,1.000,1.000,0.00,180.00,-85.50,CLOSED,0
5957.468,3,0,1,1.000,1.000,1.000,0.00,180.00,-85.50,CLOSED,0
5957.520,3,0,1,1.000,1.000,1.000,0.00,180.00,-85.50,CLOSED,0
5957.570,3,0,1,1.000,1.000,1.000,0.00,180.00,-85.50,CLOSED,0
5957.620,3,0,1,1.000,1.000,1.000,0.00,180.00,-85.50,CLOSED,0
5957.670,3,0,1,1.000,1.000,1.000,0.00,180.00,-85.50,CLOSED,0
5957.719,3,0,1,0.999,1.000,1.000,0.00,180.00,-85.50,CLOSED,0
5957.770,3,0,1,0.986,1.000,1.000,0.00,180.00,-85.50,CLOSED,0
5957.819,3,0,1,0.837,1.000,1.000,0.00,180.00,-85.50,CLOSED,0
5957.869,3,0,1,0.513,1.000,1.000,0.00,180.00,-85.50,CLOSED,0
5957.921,3,0,1,0.753,1.000,1.000,0.00,180.00,-85.50,CLOSED,0
5957.969,3,0,1,0.879,1.000,1.000,0.00,180.00,-85.50,CLOSED,0
5958.019,3,0,1,0.989,1.000,1.000,0.00,180.00,-85.50,CLOSED,0
5958.069,3,0,1,0.999,1.000,1.000,0.00,180.00,-85.50,CLOSED,0
5958.120,3,0,1,1.000,1.000,1.000,0.00,180.00,-85.50,CLOSED,0
5958.170,3,0,1,1.000,1.000,1.000,0.00,180.00,-85.50,CLOSED,0
5958.219,3,0,1,1.000,1.000,1.000,0.00,180.00,-85.50,CLOSED,0
5958.269,2,0,1,1.000,1.000,1.000,0.00,180.00,-90.00,CLOSED,1
5958.321,2,0,1,1.000,1.000,1.000,0.00,180.00,-90.00,CLOSED,0
5958.370,2,0,1,1.000,1.000,1.000,0.00,180.00,-94.50,CLOSED,1
5958.434,2,0,1,0.999,1.000,1.000,0.00,180.00,-94.50,CLOSED,0
5958.468,2,0,1,0.986,1.000,1.000,0.00,180.00,-94.50,CLOSED,0
5958.518,2,0,1,0.919,1.000,1.000,0.00,180.00,-99.00,CLOSED,1
5958.569,2,0,1,0.534,1.000,1.000,0.00,180.00,-99.00,CLOSED,0
5958.620,2,0,1,0.590,1.000,1.000,0.00,180.00,-103.50,CLOSED,1
5958.718,2,0,1,0.679,1.000,1.000,0.00,180.00,-103.50,CLOSED,0
5958.727,2,0,1,0.679,1.000,1.000,0.00,180.00,-108.00,CLOSED,1
5958.771,2,0,1,0.707,1.000,1.000,0.00,180.00,-108.00,CLOSED,0
5958.820,2,0,1,0.883,1.000,1.000,0.00,180.00,-108.00,CLOSED,0
5958.869,2,0,1,0.892,1.000,1.000,0.00,180.00,-112.50,CLOSED,1
5958.922,2,0,1,0.854,1.000,1.000,0.00,180.00,-112.50,CLOSED,0
5958.970,2,0,1,0.908,1.000,1.000,0.00,180.00,-117.00,CLOSED,1
5959.022,0,0,1,0.977,1.000,1.000,0.00,180.00,-117.00,CLOSED,0
5959.070,0,0,1,0.984,1.000,1.000,0.00,180.00,-117.00,CLOSED,0
5959.119,0,0,1,0.989,1.000,1.000,0.00,180.00,-117.00,CLOSED,0
5959.169,0,0,1,0.944,1.000,1.000,0.00,180.00,-117.00,CLOSED,0
5959.220,0,0,1,0.521,1.000,1.000,0.00,180.00,-117.00,CLOSED,0
5959.269,0,0,1,0.824,1.000,1.000,0.00,180.00,-117.00,CLOSED,0
5959.320,0,0,1,0.930,1.000,1.000,0.00,180.00,-117.00,CLOSED,0
5959.369,0,0,1,0.978,1.000,1.000,0.00,180.00,-117.00,CLOSED,0
5959.420,0,0,1,0.992,1.000,1.000,0.00,180.00,-117.00,CLOSED,0
5959.469,0,0,1,0.997,1.000,1.000,0.00,180.00,-117.00,CLOSED,0
5959.519,0,0,1,0.999,1.000,1.000,0.00,180.00,-117.00,CLOSED,0
5959.569,0,0,1,0.999,1.000,1.000,0.00,180.00,-117.00,CLOSED,0
5959.619,0,0,1,0.999,1.000,1.000,0.00,180.00,-117.00,CLOSED,0
5959.669,2,0,1,0.999,1.000,1.000,0.00,180.00,-121.50,CLOSED,1
5959.752,2,0,1,0.999,1.000,1.000,0.00,180.00,-121.50,CLOSED,0
5959.770,2,0,1,0.998,1.000,1.000,0.00,180.00,-126.00,CLOSED,1
5959.821,2,0,1,0.995,1.000,1.000,0.00,180.00,-126.00,CLOSED,0
5959.875,2,0,1,0.989,1.000,1.000,0.00,180.00,-130.50,CLOSED,1
5959.941,2,0,1,0.972,1.000,1.000,0.00,180.00,-130.50,CLOSED,0
5959.969,2,0,1,0.563,1.000,1.000,0.00,180.00,-130.50,CLOSED,0
5960.020,2,0,1,0.890,1.000,1.000,0.00,180.00,-135.00,CLOSED,1
5960.070,2,0,1,0.991,1.000,1.000,0.00,180.00,-135.00,CLOSED,0
5960.121,2,0,1,0.996,1.000,1.000,0.00,180.00,-139.50,CLOSED,1
5960.171,2,0,1,0.998,1.000,1.000,0.00,180.00,-139.50,CLOSED,0
5960.219,2,0,1,0.998,1.000,1.000,0.00,180.00,-139.50,CLOSED,0
5960.270,2,0,1,0.984,1.000,1.000,0.00,180.00,-144.00,CLOSED,1
5960.321,2,0,1,0.953,1.000,1.000,0.00,180.00,-144.00,CLOSED,0
5960.369,0,0,1,0.933,1.000,1.000,0.00,180.00,-144.00,CLOSED,0
5960.419,0,0,1,0.648,1.000,1.000,0.00,180.00,-144.00,CLOSED,0
5960.469,0,0,1,0.516,1.000,1.000,0.00,180.00,-144.00,CLOSED,0
5960.520,0,0,1,0.798,1.000,1.000,0.00,180.00,-144.00,CLOSED,0
5960.571,0,0,1,0.947,1.000,1.000,0.00,180.00,-144.00,CLOSED,0
5960.620,0,0,1,0.992,1.000,1.000,0.00,180.00,-144.00,CLOSED,0
5960.669,0,0,1,1.000,1.000,1.000,0.00,180.00,-144.00,CLOSED,0
5960.719,0,0,1,1.000,1.000,1.000,0.00,180.00,-144.00,CLOSED,0
5960.770,0,0,1,1.000,1.000,1.000,0.00,180.00,-144.00,CLOSED,0
5960.820,0,0,1,1.000,1.000,1.000,0.00,180.00,-144.00,CLOSED,0
5960.869,0,0,1,1.000,1.000,1.000,0.00,180.00,-144.00,CLOSED,0
5960.920,0,0,1,1.000,1.000,1.000,0.00,180.00,-144.00,CLOSED,0
5960.968,0,0,1,1.000,1.000,1.000,0.00,180.00,-144.00,CLOSED,0
5961.020,2,0,1,1.000,1.000,1.000,0.00,180.00,-148.50,CLOSED,1
5961.070,2,0,1,1.000,1.000,1.000,0.00,180.00,-148.50,CLOSED,0
5961.120,2,0,1,1.000,1.000,1.000,0.00,180.00,-148.50,CLOSED,0
5961.169,2,0,1,1.000,1.000,1.000,0.00,180.00,-153.00,CLOSED,1
5961.219,2,0,1,1.000,1.000,1.000,0.00,180.00,-153.00,CLOSED,0
5961.269,2,0,1,0.988,1.000,1.000,0.00,180.00,-153.00,CLOSED,0
5961.320,2,0,1,0.827,1.000,1.000,0.00,180.00,-157.50,CLOSED,1
5961.372,2,0,1,0.685,1.000,1.000,0.00,180.00,-157.50,CLOSED,0
5961.419,2,0,1,0.749,1.000,1.000,0.00,180.00,-157.50,CLOSED,0
5961.469,2,0,1,0.900,1.000,1.000,0.00,180.00,-162.00,CLOSED,1
5961.552,2,0,1,0.989,1.000,1.000,0.00,180.00,-162.00,CLOSED,0
5961.569,2,0,1,0.997,1.000,1.000,0.00,180.00,-162.00,CLOSED,0
5961.620,2,0,1,0.993,1.000,1.000,0.00,180.00,-166.50,CLOSED,1
5961.732,2,0,1,0.997,1.000,1.000,0.00,180.00,-171.00,CLOSED,1
5961.754,2,0,1,0.999,1.000,1.000,0.00,180.00,-171.00,CLOSED,0
5961.770,0,0,1,0.993,1.000,1.000,0.00,180.00,-171.00,CLOSED,0
5961.818,0,0,1,0.964,1.000,1.000,0.00,180.00,-171.00,CLOSED,0
5961.869,0,0,1,0.996,1.000,1.000,0.00,180.00,-171.00,CLOSED,0
5961.918,0,0,1,1.000,1.000,1.000,0.00,180.00,-171.00,CLOSED,0
5961.970,0,0,1,1.000,1.000,1.000,0.00,180.00,-171.00,CLOSED,0
5962.018,0,0,1,1.000,1.000,1.000,0.00,180.00,-171.00,CLOSED,0
5962.070,0,0,1,0.996,1.000,1.000,0.00,180.00,-171.00,CLOSED,0
5962.119,0,0,1,0.973,1.000,1.000,0.00,180.00,-171.00,CLOSED,0
5962.171,0,0,1,0.945,1.000,1.000,0.00,180.00,-171.00,CLOSED,0
5962.219,0,0,1,0.832,1.000,1.000,0.00,180.00,-171.00,CLOSED,0
5962.269,0,0,1,0.692,1.000,1.000,0.00,180.00,-171.00,CLOSED,0
5962.319,0,0,1,0.790,1.000,1.000,0.00,180.00,-171.00,CLOSED,0
5962.369,0,0,1,0.905,1.000,1.000,0.00,180.00,-171.00,CLOSED,0
5962.419,0,0,1,0.993,1.000,1.000,0.00,180.00,-171.00,CLOSED,0
5962.468,0,0,1,0.998,1.000,1.000,0.00,180.00,-171.00,CLOSED,0
5962.519,0,0,1,0.996,1.000,1.000,0.00,180.00,-171.00,CLOSED,0
5962.569,0,0,1,0.999,1.000,1.000,0.00,180.00,-171.00,CLOSED,0
5962.619,0,0,1,1.000,1.000,1.000,0.00,180.00,-171.00,CLOSED,0
5962.669,2,0,1,1.000,1.000,1.000,0.00,180.00,-175.50,CLOSED,1
5962.720,2,0,1,1.000,1.000,1.000,0.00,180.00,-175.50,CLOSED,0
5962.769,2,0,1,1.000,1.000,1.000,0.00,180.00,-175.50,CLOSED,0
5962.819,2,0,1,1.000,1.000,1.000,0.00,180.00,-180.00,CLOSED,1
5962.952,2,0,1,1.000,1.000,1.000,0.00,180.00,-180.00,CLOSED,0
5962.959,2,0,1,1.000,1.000,0.995,0.00,180.00,-180.00,CLOSED,0
5962.969,2,0,1,1.000,1.000,0.524,0.00,180.00,-180.00,CLOSED,0
5963.019,2,0,1,1.000,1.000,0.974,0.00,180.00,-180.00,CLOSED,0
5963.069,2,0,1,1.000,1.000,0.997,0.00,180.00,-180.00,CLOSED,0
5963.118,2,0,1,1.000,1.000,0.999,0.00,180.00,-180.00,CLOSED,0
5963.168,2,0,1,1.000,1.000,1.000,0.00,180.00,-180.00,CLOSED,0
5963.221,2,0,1,1.000,1.000,1.000,0.00,180.00,-180.00,CLOSED,0
5963.270,2,0,1,1.000,1.000,1.000,0.00,180.00,-180.00,CLOSED,0
5963.320,2,0,1,1.000,1.000,1.000,0.00,180.00,-180.00,CLOSED,0
5963.369,2,0,1,1.000,1.000,1.000,0.00,180.00,-180.00,CLOSED,0
5963.420,2,0,1,1.000,1.000,1.000,0.00,180.00,-180.00,CLOSED,0
5963.470,2,0,1,1.000,1.000,1.000,0.00,180.00,-180.00,CLOSED,0
5963.519,2,0,1,1.000,1.000,0.999,0.00,180.00,-180.00,CLOSED,0
5963.570,2,0,1,1.000,1.000,0.953,0.00,180.00,-180.00,CLOSED,0
5963.619,2,0,1,1.000,1.000,0.739,0.00,180.00,-180.00,CLOSED,0
5963.669,2,0,1,1.000,1.000,0.994,0.00,180.00,-180.00,CLOSED,0
5963.719,2,0,1,1.000,1.000,1.000,0.00,180.00,-180.00,CLOSED,0
5963.770,2,0,1,0.989,1.000,1.000,0.00,180.00,-180.00,CLOSED,0
5963.819,2,0,1,0.740,1.000,1.000,0.00,180.00,-180.00,CLOSED,0
5963.868,2,0,1,0.842,0.999,1.000,0.00,180.00,-180.00,CLOSED,0
5963.919,2,0,0,0.978,0.998,1.000,-3.05,180.00,-180.00,CLOSED,1
5963.970,2,0,0,1.000,0.996,1.000,-6.11,180.00,-180.00,CLOSED,0
5964.018,2,0,0,1.000,0.991,1.000,-9.00,180.00,-180.00,CLOSED,0
5964.068,2,0,0,1.000,0.990,1.000,-12.00,180.00,-180.00,CLOSED,1
5964.154,2,0,0,1.000,0.990,1.000,-17.13,180.00,-180.00,CLOSED,0
5964.171,2,0,0,1.000,0.980,1.000,-18.18,180.00,-180.00,CLOSED,1
5964.223,0,0,0,1.000,0.875,1.000,-21.26,180.00,-180.00,CLOSED,0
5964.272,0,0,0,1.000,0.593,1.000,-24.19,180.00,-180.00,CLOSED,1
5964.353,0,0,0,1.000,0.932,1.000,-29.05,180.00,-180.00,CLOSED,0
5964.368,0,0,0,1.000,0.998,1.000,-30.00,180.00,-180.00,CLOSED,0
5964.427,0,0,0,1.000,1.000,1.000,-33.54,180.00,-180.00,CLOSED,1
5964.474,0,0,0,1.000,1.000,1.000,-36.32,180.00,-180.00,CLOSED,0
5964.528,0,0,1,1.000,1.000,1.000,-33.07,180.00,-180.00,CLOSED,0
5964.575,0,0,1,1.000,1.000,1.000,-30.23,180.00,-180.00,CLOSED,1
5964.623,0,0,1,1.000,1.000,1.000,-27.35,180.00,-180.00,CLOSED,0
5964.675,0,0,1,1.000,1.000,1.000,-24.27,180.00,-180.00,CLOSED,0
5964.721,0,0,1,1.000,1.000,1.000,-21.49,180.00,-180.00,CLOSED,1
5964.770,0,0,1,1.000,1.000,1.000,-18.54,180.00,-180.00,CLOSED,0
5964.821,0,0,1,1.000,1.000,1.000,-15.49,180.00,-180.00,CLOSED,0
5964.869,0,0,1,1.000,1.000,1.000,-12.62,180.00,-180.00,CLOSED,1
5964.953,0,0,1,1.000,1.000,1.000,-7.59,180.00,-180.00,CLOSED,0
5964.969,0,0,1,1.000,1.000,1.000,-6.63,180.00,-180.00,CLOSED,0
5965.019,0,0,1,1.000,1.000,1.000,-3.58,180.00,-180.00,CLOSED,1
5965.069,0,0,1,1.000,1.000,1.000,-0.61,180.00,-180.00,CLOSED,0
5965.120,0,0,1,1.000,0.998,1.000,0.00,180.00,-180.00,CLOSED,1
5965.173,0,0,1,1.000,0.978,1.000,0.00,180.00,-180.00,CLOSED,0
5965.219,0,1,1,1.000,0.806,1.000,0.00,177.21,-180.00,CLOSED,0
5965.269,0,1,1,1.000,0.608,1.000,0.00,174.22,-180.00,CLOSED,1
5965.342,0,1,1,1.000,0.703,1.000,0.00,169.83,-180.00,CLOSED,0
5965.371,0,1,1,1.000,0.935,1.000,0.00,168.13,-180.00,CLOSED,1
5965.421,0,1,1,1.000,0.999,1.000,0.00,165.12,-180.00,CLOSED,0
5965.470,0,1,1,1.000,1.000,1.000,0.00,162.17,-180.00,CLOSED,0
5965.519,0,1,1,1.000,1.000,1.000,0.00,159.23,-180.00,CLOSED,1
5965.573,0,1,1,1.000,1.000,1.000,0.00,156.00,-180.00,CLOSED,0
5965.622,0,1,1,1.000,1.000,1.000,0.00,153.02,-180.00,CLOSED,1
5965.671,0,1,1,1.000,1.000,1.000,0.00,150.12,-180.00,CLOSED,0
5965.718,0,1,1,1.000,1.000,1.000,0.00,147.25,-180.00,CLOSED,0
5965.769,0,1,1,1.000,1.000,1.000,0.00,144.23,-180.00,CLOSED,1
5965.821,0,1,1,1.000,1.000,1.000,0.00,141.12,-180.00,CLOSED,0
5965.869,0,1,1,1.000,1.000,1.000,0.00,138.24,-180.00,CLOSED,0
5965.919,0,1,1,1.000,1.000,1.000,0.00,135.23,-180.00,CLOSED,1
5965.972,0,1,1,1.000,1.000,1.000,0.00,132.07,-180.00,CLOSED,0
5966.019,0,1,1,1.000,1.000,1.000,0.00,129.25,-180.00,CLOSED,0
5966.068,0,1,1,1.000,1.000,1.000,0.00,126.25,-180.00,CLOSED,1
5966.153,0,1,1,1.000,1.000,1.000,0.00,121.20,-180.00,CLOSED,0
5966.169,0,1,1,1.000,1.000,1.000,0.00,120.25,-180.00,CLOSED,1
5966.220,0,1,1,1.000,1.000,1.000,0.00,117.17,-180.00,CLOSED,0
5966.269,0,1,1,1.000,1.000,1.000,0.00,114.23,-180.00,CLOSED,1
5966.352,0,1,1,1.000,1.000,1.000,0.00,109.23,-180.00,CLOSED,0
5966.369,0,1,1,1.000,1.000,1.000,0.00,108.20,-180.00,CLOSED,1
5966.431,0,1,1,1.000,1.000,1.000,0.00,104.48,-180.00,CLOSED,0
5966.469,0,1,1,1.000,1.000,1.000,0.00,102.23,-180.00,CLOSED,0
5966.519,0,1,1,1.000,1.000,1.000,0.00,99.22,-180.00,CLOSED,1
5966.569,0,1,1,1.000,1.000,1.000,0.00,96.23,-180.00,CLOSED,0
5966.620,0,1,1,1.000,1.000,1.000,0.00,93.17,-180.00,CLOSED,1
5966.670,0,1,1,1.000,1.000,1.000,0.00,90.17,-180.00,CLOSED,0
5966.720,0,1,1,1.000,1.000,1.000,0.00,90.00,-180.00,CLOSED,0
5966.769,0,1,1,1.000,1.000,1.000,0.00,90.00,-180.00,CLOSED,1
5966.819,0,1,1,1.000,1.000,1.000,0.00,90.00,-180.00,CLOSED,0
5966.870,0,1,1,1.000,1.000,1.000,0.00,90.00,-180.00,CLOSED,0
5966.921,0,1,1,1.000,1.000,1.000,0.00,90.00,-180.00,CLOSED,0
5966.971,0,1,1,1.000,1.000,1.000,0.00,90.00,-180.00,CLOSED,0
5967.019,0,1,1,1.000,1.000,1.000,0.00,90.00,-180.00,CLOSED,0
5967.069,0,1,1,1.000,1.000,1.000,0.00,90.00,-180.00,CLOSED,0
5967.119,0,1,1,1.000,1.000,1.000,0.00,90.00,-180.00,CLOSED,0
5967.170,0,1,1,1.000,1.000,1.000,0.00,90.00,-180.00,CLOSED,0
5967.219,0,1,1,1.000,1.000,1.000,0.00,90.00,-180.00,CLOSED,0
5967.269,0,1,1,1.000,1.000,1.000,0.00,90.00,-180.00,CLOSED,0
5967.319,0,1,1,1.000,1.000,1.000,0.00,90.00,-180.00,CLOSED,0
5967.369,0,1,1,1.000,1.000,1.000,0.00,90.00,-180.00,CLOSED,0
5967.419,0,1,1,1.000,1.000,1.000,0.00,90.00,-180.00,CLOSED,0
5967.469,0,1,1,1.000,1.000,1.000,0.00,90.00,-180.00,CLOSED,0
5967.519,0,1,1,1.000,1.000,1.000,0.00,90.00,-180.00,CLOSED,0
5967.570,0,1,1,1.000,1.000,1.000,0.00,90.00,-180.00,CLOSED,0
5967.618,0,1,1,1.000,1.000,1.000,0.00,90.00,-180.00,CLOSED,0
5967.669,0,1,1,1.000,1.000,1.000,0.00,90.00,-180.00,CLOSED,0
5967.719,0,1,1,1.000,1.000,1.000,0.00,90.00,-180.00,CLOSED,0
5967.768,0,1,1,1.000,1.000,1.000,0.00,90.00,-180.00,CLOSED,0
5967.819,0,1,1,1.000,1.000,1.000,0.00,90.00,-180.00,CLOSED,0
5967.869,0,1,1,1.000,1.000,1.000,0.00,90.00,-180.00,CLOSED,0
5967.919,0,1,1,1.000,1.000,1.000,0.00,90.00,-180.00,CLOSED,0
5967.970,0,1,1,1.000,1.000,1.000,0.00,90.00,-180.00,CLOSED,0
5968.021,0,1,1,1.000,1.000,1.000,0.00,90.00,-180.00,CLOSED,0
5968.069,0,1,1,1.000,1.000,1.000,0.00,90.00,-180.00,CLOSED,0
5968.119,0,1,1,1.000,1.000,1.000,0.00,90.00,-180.00,CLOSED,0
5968.169,0,1,1,1.000,1.000,1.000,0.00,90.00,-180.00,CLOSED,0
5968.220,0,1,1,1.000,1.000,1.000,0.00,90.00,-180.00,CLOSED,0
5968.268,0,1,1,1.000,1.000,1.000,0.00,90.00,-180.00,CLOSED,0
5968.319,0,1,1,1.000,1.000,1.000,0.00,90.00,-180.00,CLOSED,0
5968.370,0,1,1,1.000,1.000,1.000,0.00,90.00,-180.00,CLOSED,0
5968.418,0,1,1,1.000,1.000,1.000,0.00,90.00,-180.00,CLOSED,0
5968.469,0,1,1,1.000,1.000,1.000,0.00,90.00,-180.00,CLOSED,0
5968.519,0,1,1,1.000,1.000,1.000,0.00,90.00,-180.00,CLOSED,0
5968.571,0,1,1,1.000,1.000,1.000,0.00,90.00,-180.00,CLOSED,0
5968.619,0,1,1,1.000,1.000,1.000,0.00,90.00,-180.00,CLOSED,0
5968.669,0,1,1,1.000,1.000,1.000,0.00,90.00,-180.00,CLOSED,0
5968.719,0,1,1,1.000,1.000,1.000,0.00,90.00,-180.00,CLOSED,0
5968.769,0,1,1,1.000,1.000,1.000,0.00,90.00,-180.00,CLOSED,0
5968.818,0,1,1,1.000,1.000,1.000,0.00,90.00,-180.00,CLOSED,0
5968.869,0,1,1,1.000,1.000,1.000,0.00,90.00,-180.00,CLOSED,0
5968.918,0,1,1,1.000,1.000,1.000,0.00,90.00,-180.00,CLOSED,0
5968.970,0,1,1,1.000,1.000,1.000,0.00,90.00,-180.00,CLOSED,0
5969.019,0,1,1,1.000,1.000,1.000,0.00,90.00,-180.00,CLOSED,0
5969.069,0,1,1,1.000,1.000,1.000,0.00,90.00,-180.00,CLOSED,0
5969.119,0,1,1,1.000,1.000,1.000,0.00,90.00,-180.00,CLOSED,0
5969.170,0,1,1,1.000,1.000,1.000,0.00,90.00,-180.00,CLOSED,0
5969.219,0,1,1,1.000,1.000,1.000,0.00,90.00,-180.00,CLOSED,0
5969.268,0,1,1,1.000,1.000,1.000,0.00,90.00,-180.00,CLOSED,0
5969.319,0,1,1,1.000,1.000,1.000,0.00,90.00,-180.00,CLOSED,0
5969.369,0,1,1,1.000,1.000,1.000,0.00,90.00,-180.00,CLOSED,0
5969.419,0,1,1,1.000,1.000,1.000,0.00,90.00,-180.00,CLOSED,0
5969.468,0,1,1,1.000,1.000,1.000,0.00,90.00,-180.00,CLOSED,0
5969.519,0,1,1,1.000,1.000,1.000,0.00,90.00,-180.00,CLOSED,0
5969.570,0,1,1,1.000,1.000,1.000,0.00,90.00,-180.00,CLOSED,0
5969.620,0,1,1,1.000,1.000,1.000,0.00,90.00,-180.00,CLOSED,0
5969.670,0,1,1,1.000,1.000,1.000,0.00,90.00,-180.00,CLOSED,0
5969.719,0,1,1,1.000,1.000,1.000,0.00,90.00,-180.00,CLOSED,0
5969.770,0,1,1,1.000,1.000,1.000,0.00,90.00,-180.00,CLOSED,0
5969.819,0,1,1,1.000,1.000,1.000,0.00,90.00,-180.00,CLOSED,0
5969.869,0,1,1,1.000,1.000,1.000,0.00,90.00,-180.00,CLOSED,0
5969.920,0,1,1,1.000,1.000,1.000,0.00,90.00,-180.00,CLOSED,0
5969.969,0,1,1,1.000,1.000,1.000,0.00,90.00,-180.00,CLOSED,0
5970.019,0,1,1,1.000,1.000,1.000,0.00,90.00,-180.00,CLOSED,0
5970.069,0,1,1,1.000,1.000,1.000,0.00,90.00,-180.00,CLOSED,0
5970.119,0,1,1,1.000,1.000,1.000,0.00,90.00,-180.00,CLOSED,0
5970.170,0,1,1,1.000,1.000,1.000,0.00,90.00,-180.00,CLOSED,0
5970.219,0,1,1,1.000,1.000,1.000,0.00,90.00,-180.00,CLOSED,0
5970.268,0,1,1,1.000,1.000,1.000,0.00,90.00,-180.00,CLOSED,0
5970.319,0,1,1,1.000,1.000,1.000,0.00,90.00,-180.00,CLOSED,0
5970.370,0,1,1,1.000,1.000,1.000,0.00,90.00,-180.00,CLOSED,0
5970.419,0,1,1,1.000,1.000,1.000,0.00,90.00,-180.00,CLOSED,0
5970.469,0,1,1,1.000,1.000,1.000,0.00,90.00,-180.00,CLOSED,0
5970.519,0,1,1,1.000,1.000,1.000,0.00,90.00,-180.00,CLOSED,0
5970.569,0,1,1,1.000,1.000,1.000,0.00,90.00,-180.00,CLOSED,0
5970.619,0,1,1,1.000,1.000,1.000,0.00,90.00,-180.00,CLOSED,0
5970.669,0,1,1,1.000,1.000,1.000,0.00,90.00,-180.00,CLOSED,0
5970.720,0,1,1,1.000,1.000,1.000,0.00,90.00,-180.00,CLOSED,0
5970.770,0,1,1,1.000,1.000,1.000,0.00,90.00,-180.00,CLOSED,0
5970.819,0,1,1,1.000,1.000,1.000,0.00,90.00,-180.00,CLOSED,0
5970.869,0,1,1,1.000,1.000,1.000,0.00,90.00,-180.00,CLOSED,0
5970.918,0,1,1,0.954,1.000,1.000,0.00,90.00,-180.00,CLOSED,0
5970.969,0,1,1,0.611,1.000,0.999,0.00,90.00,-180.00,CLOSED,0
5971.019,0,1,1,0.759,1.000,0.999,0.00,90.00,-180.00,CLOSED,0
5971.069,0,1,1,0.960,1.000,0.998,0.00,90.00,-180.00,CLOSED,0
5971.119,0,1,1,0.989,1.000,0.996,0.00,90.00,-180.00,CLOSED,0
5971.169,0,1,1,0.996,1.000,0.997,0.00,90.00,-180.00,CLOSED,0
5971.225,0,1,1,0.997,1.000,0.997,0.00,90.00,-180.00,CLOSED,0
5971.269,0,1,1,0.998,1.000,0.997,0.00,90.00,-180.00,CLOSED,0
5971.319,0,1,1,0.996,1.000,0.999,0.00,90.00,-180.00,CLOSED,0
5971.369,1,1,1,0.857,1.000,0.999,0.00,90.00,-175.50,CLOSED,1
5971.419,1,1,1,0.691,1.000,1.000,0.00,90.00,-175.50,CLOSED,0
5971.469,1,1,1,0.746,1.000,1.000,0.00,90.00,-171.00,CLOSED,1
5971.554,1,1,1,0.778,1.000,1.000,0.00,90.00,-171.00,CLOSED,0
5971.570,1,1,1,0.826,1.000,1.000,0.00,90.00,-166.50,CLOSED,1
5971.620,1,1,1,0.843,1.000,1.000,0.00,90.00,-166.50,CLOSED,0
5971.669,1,1,1,0.849,1.000,1.000,0.00,90.00,-166.50,CLOSED,0
5971.720,1,1,1,0.795,1.000,1.000,0.00,90.00,-162.00,CLOSED,1
5971.771,1,1,1,0.673,1.000,1.000,0.00,90.00,-162.00,CLOSED,0
5971.818,1,1,1,0.649,1.000,1.000,0.00,90.00,-162.00,CLOSED,0
5971.869,1,1,1,0.624,1.000,1.000,0.00,90.00,-157.50,CLOSED,1
5971.956,1,1,1,0.963,1.000,1.000,0.00,90.00,-157.50,CLOSED,0
5971.970,3,1,1,0.997,1.000,1.000,0.00,90.00,-157.50,OPEN,0
5972.155,3,1,1,0.998,1.000,1.000,0.00,90.00,-157.50,OPEN,0
5972.163,3,1,1,0.999,1.000,1.000,0.00,90.00,-157.50,OPEN,0
5972.169,3,1,1,0.999,1.000,1.000,0.00,90.00,-157.50,OPEN,0
5972.179,3,1,1,0.999,1.000,1.000,0.00,90.00,-157.50,OPEN,0
5972.220,3,1,1,0.999,1.000,1.000,0.00,90.00,-157.50,OPEN,0
5972.270,3,1,1,0.999,1.000,1.000,0.00,90.00,-157.50,OPEN,0
5972.320,3,1,1,0.999,1.000,1.000,0.00,90.00,-157.50,OPEN,0
5972.369,3,1,1,0.999,1.000,1.000,0.00,90.00,-157.50,OPEN,0
5972.419,3,1,1,0.999,1.000,1.000,0.00,90.00,-157.50,OPEN,0
5972.469,3,1,1,0.999,1.000,1.000,0.00,90.00,-157.50,OPEN,0
5972.520,3,1,1,1.000,1.000,1.000,0.00,90.00,-157.50,OPEN,0
5972.568,3,1,1,1.000,1.000,1.000,0.00,90.00,-157.50,OPEN,0
5972.619,1,1,1,1.000,1.000,1.000,0.00,90.00,-153.00,OPEN,1
5972.669,1,1,1,1.000,1.000,1.000,0.00,90.00,-153.00,OPEN,0
5972.719,1,1,1,1.000,1.000,1.000,0.00,90.00,-148.50,OPEN,1
5972.772,1,1,1,1.000,1.000,1.000,0.00,90.00,-148.50,OPEN,0
5972.821,1,1,1,1.000,1.000,1.000,0.00,90.00,-144.00,OPEN,1
5972.956,1,1,1,1.000,1.000,1.000,0.00,90.00,-139.50,OPEN,1
5972.992,1,1,1,1.000,1.000,1.000,0.00,90.00,-139.50,OPEN,0
5973.001,1,1,1,1.000,1.000,0.999,0.00,90.00,-139.50,OPEN,0
5973.019,1,1,1,1.000,1.000,0.998,0.00,90.00,-139.50,OPEN,0
5973.070,1,1,1,1.000,1.000,0.996,0.00,90.00,-135.00,OPEN,1
5973.155,1,1,1,1.000,1.000,0.997,0.00,90.00,-135.00,OPEN,0
5973.169,1,1,1,1.000,1.000,0.997,0.00,90.00,-135.00,OPEN,0
5973.220,1,1,1,1.000,1.000,0.997,0.00,90.00,-130.50,OPEN,1
5973.270,1,1,1,1.000,1.000,0.997,0.00,90.00,-130.50,OPEN,0
5973.322,1,1,1,1.000,1.000,0.997,0.00,90.00,-126.00,OPEN,1
5973.373,1,1,1,0.999,1.000,0.998,0.00,90.00,-126.00,OPEN,0
5973.419,1,1,1,0.999,1.000,0.999,0.00,90.00,-126.00,OPEN,0
5973.469,1,1,1,0.997,1.000,0.999,0.00,90.00,-121.50,OPEN,1
5973.555,1,1,1,0.989,1.000,0.999,0.00,90.00,-121.50,OPEN,0
5973.570,1,1,1,0.974,1.000,0.999,0.00,90.00,-117.00,OPEN,1
5973.620,1,1,1,0.945,1.000,0.999,0.00,90.00,-117.00,OPEN,0
5973.670,1,1,1,0.938,1.000,1.000,0.00,90.00,-112.50,OPEN,1
5973.721,1,1,1,0.942,1.000,1.000,0.00,90.00,-112.50,OPEN,0
5973.769,1,1,1,0.976,1.000,1.000,0.00,90.00,-112.50,OPEN,0
5973.819,1,1,1,0.992,1.000,1.000,0.00,90.00,-108.00,OPEN,1
5973.955,1,1,1,0.997,1.000,1.000,0.00,90.00,-103.50,OPEN,1
5974.003,1,1,1,0.999,1.000,1.000,0.00,90.00,-103.50,OPEN,0
5974.010,1,1,1,0.999,1.000,1.000,0.00,90.00,-103.50,OPEN,0
5974.019,1,1,1,0.998,1.000,1.000,0.00,90.00,-103.50,OPEN,0
5974.070,1,1,1,0.985,1.000,1.000,0.00,90.00,-99.00,OPEN,1
5974.157,1,1,1,0.907,1.000,1.000,0.00,90.00,-99.00,OPEN,0
5974.171,1,1,1,0.755,1.000,1.000,0.00,90.00,-94.50,OPEN,1
5974.219,1,1,1,0.526,1.000,0.999,0.00,90.00,-94.50,OPEN,0
5974.269,1,1,1,0.621,1.000,0.998,0.00,90.00,-94.50,OPEN,0
5974.320,1,1,1,0.704,1.000,0.996,0.00,90.00,-90.00,OPEN,1
5974.371,1,1,1,0.719,1.000,0.992,0.00,90.00,-90.00,OPEN,0
5974.420,1,1,1,0.610,1.000,0.986,0.00,90.00,-85.50,OPEN,1
5974.469,1,1,1,0.616,1.000,0.982,0.00,90.00,-85.50,OPEN,0
5974.518,1,1,1,0.738,1.000,0.977,0.00,90.00,-85.50,OPEN,0
5974.569,1,1,1,0.801,1.000,0.980,0.00,90.00,-81.00,OPEN,1
5974.622,1,1,1,0.868,1.000,0.985,0.00,90.00,-81.00,OPEN,0
5974.670,1,1,1,0.932,1.000,0.991,0.00,90.00,-76.50,OPEN,1
5974.756,1,1,1,0.968,1.000,0.997,0.00,90.00,-76.50,OPEN,0
5974.769,1,1,1,0.993,1.000,0.999,0.00,90.00,-76.50,OPEN,0
5974.819,1,1,1,0.998,1.000,1.000,0.00,90.00,-72.00,OPEN,1
5974.869,1,1,1,0.999,1.000,1.000,0.00,90.00,-72.00,OPEN,0
5974.919,1,1,1,0.999,1.000,1.000,0.00,90.00,-67.50,OPEN,1
5974.974,1,1,1,1.000,1.000,1.000,0.00,90.00,-67.50,OPEN,0
5975.019,1,1,1,1.000,1.000,1.000,0.00,90.00,-67.50,OPEN,0
5975.069,1,1,1,1.000,1.000,1.000,0.00,90.00,-63.00,OPEN,1
5975.145,1,1,1,0.999,1.000,1.000,0.00,90.00,-63.00,OPEN,0
5975.169,1,1,1,0.999,1.000,1.000,0.00,90.00,-58.50,OPEN,1
5975.220,1,1,1,0.998,1.000,1.000,0.00,90.00,-58.50,OPEN,0
5975.269,1,1,1,0.997,1.000,1.000,0.00,90.00,-58.50,OPEN,0
5975.319,1,1,1,0.995,1.000,1.000,0.00,90.00,-54.00,OPEN,1
5975.372,1,1,1,0.993,1.000,1.000,0.00,90.00,-54.00,OPEN,0
5975.419,1,1,1,0.992,1.000,1.000,0.00,90.00,-54.00,OPEN,0
5975.470,1,1,1,0.987,1.000,1.000,0.00,90.00,-49.50,OPEN,1
5975.558,1,1,1,0.966,1.000,1.000,0.00,90.00,-49.50,OPEN,0
5975.570,1,1,1,0.833,1.000,1.000,0.00,90.00,-49.50,OPEN,0
5975.618,1,1,1,0.613,1.000,1.000,0.00,90.00,-45.00,OPEN,1
5975.669,1,1,1,0.861,1.000,1.000,0.00,90.00,-45.00,OPEN,0
5975.720,1,1,1,0.906,1.000,1.000,0.00,90.00,-40.50,OPEN,1
5975.772,1,1,1,0.799,1.000,1.000,0.00,90.00,-40.50,OPEN,0
5975.820,1,1,1,0.619,1.000,0.999,0.00,90.00,-36.00,OPEN,1
5975.870,1,1,1,0.965,1.000,0.998,0.00,90.00,-36.00,OPEN,0
5975.919,1,1,1,0.996,1.000,0.996,0.00,90.00,-36.00,OPEN,0
5975.969,1,1,1,0.999,1.000,0.992,0.00,90.00,-31.50,OPEN,1
5976.021,1,1,1,1.000,1.000,0.990,0.00,90.00,-31.50,OPEN,0
5976.069,1,1,1,1.000,1.000,0.987,0.00,90.00,-31.50,OPEN,0
5976.119,1,1,1,1.000,1.000,0.987,0.00,90.00,-27.00,OPEN,1
5976.172,1,1,1,1.000,1.000,0.988,0.00,90.00,-27.00,OPEN,0
5976.220,2,1,1,1.000,1.000,0.993,0.00,90.00,-31.50,OPEN,1
5976.270,2,1,1,1.000,1.000,0.995,0.00,90.00,-31.50,OPEN,0
5976.320,2,1,1,1.000,1.000,0.997,0.00,90.00,-36.00,OPEN,1
5976.372,2,1,1,1.000,1.000,0.998,0.00,90.00,-36.00,OPEN,0
5976.418,2,1,1,1.000,1.000,0.997,0.00,90.00,-36.00,OPEN,0
5976.470,2,1,1,1.000,1.000,0.993,0.00,90.00,-40.50,OPEN,1
5976.558,2,1,1,0.998,1.000,0.992,0.00,90.00,-40.50,OPEN,0
5976.572,2,1,1,0.987,1.000,0.985,0.00,90.00,-45.00,OPEN,1
5976.619,2,1,1,0.957,1.000,0.982,0.00,90.00,-45.00,OPEN,0
5976.669,2,1,1,0.923,1.000,0.983,0.00,90.00,-45.00,OPEN,0
5976.719,2,1,1,0.899,1.000,0.980,0.00,90.00,-49.50,OPEN,1
5976.771,2,1,1,0.824,1.000,0.987,0.00,90.00,-49.50,OPEN,0
5976.819,2,1,1,0.709,1.000,0.991,0.00,90.00,-54.00,OPEN,1
5976.870,2,1,1,0.584,1.000,0.992,0.00,90.00,-54.00,OPEN,0
5976.920,2,1,1,0.519,1.000,0.995,0.00,90.00,-58.50,OPEN,1
5976.970,2,1,1,0.706,1.000,0.996,0.00,90.00,-58.50,OPEN,0
5977.019,2,1,1,0.932,1.000,0.998,0.00,90.00,-58.50,OPEN,0
5977.069,2,1,1,0.978,1.000,0.998,0.00,90.00,-63.00,OPEN,1
5977.156,2,1,1,0.996,1.000,0.999,0.00,90.00,-63.00,OPEN,0
5977.171,2,1,1,1.000,1.000,0.999,0.00,90.00,-67.50,OPEN,1
5977.223,2,1,1,1.000,1.000,1.000,0.00,90.00,-67.50,OPEN,0
5977.269,2,1,1,1.000,1.000,1.000,0.00,90.00,-67.50,OPEN,0
5977.319,2,1,1,1.000,1.000,1.000,0.00,90.00,-72.00,OPEN,1
5977.371,2,1,1,1.000,1.000,1.000,0.00,90.00,-72.00,OPEN,0
5977.419,2,1,1,1.000,1.000,1.000,0.00,90.00,-76.50,OPEN,1
5977.471,2,1,1,1.000,1.000,1.000,0.00,90.00,-76.50,OPEN,0
5977.520,2,1,1,1.000,1.000,1.000,0.00,90.00,-81.00,OPEN,1
5977.570,2,1,1,1.000,1.000,1.000,0.00,90.00,-81.00,OPEN,0
5977.620,2,1,1,1.000,1.000,1.000,0.00,90.00,-81.00,OPEN,0
5977.669,2,1,1,1.000,1.000,1.000,0.00,90.00,-85.50,OPEN,1
5977.719,2,1,1,1.000,1.000,1.000,0.00,90.00,-85.50,OPEN,0
5977.770,2,1,1,1.000,1.000,1.000,0.00,90.00,-90.00,OPEN,1
5977.821,2,1,1,1.000,1.000,1.000,0.00,90.00,-90.00,OPEN,0
5977.869,2,1,1,1.000,1.000,1.000,0.00,90.00,-90.00,OPEN,0
5977.920,2,1,1,1.000,1.000,1.000,0.00,90.00,-94.50,OPEN,1
5977.973,2,1,1,1.000,1.000,0.999,0.00,90.00,-94.50,OPEN,0
5978.019,2,1,1,1.000,1.000,0.998,0.00,90.00,-94.50,OPEN,0
5978.069,2,1,1,1.000,1.000,0.997,0.00,90.00,-99.00,OPEN,1
5978.119,2,1,1,1.000,1.000,0.994,0.00,90.00,-99.00,OPEN,0
5978.171,2,1,1,1.000,1.000,0.989,0.00,90.00,-103.50,OPEN,1
5978.220,2,1,1,1.000,1.000,0.983,0.00,90.00,-103.50,OPEN,0
5978.269,2,1,1,1.000,1.000,0.988,0.00,90.00,-103.50,OPEN,0
5978.319,2,1,1,1.000,1.000,0.993,0.00,90.00,-108.00,OPEN,1
5978.371,2,1,1,1.000,1.000,0.999,0.00,90.00,-108.00,OPEN,0
5978.419,2,1,1,1.000,1.000,1.000,0.00,90.00,-108.00,OPEN,0
5978.469,2,1,1,1.000,1.000,1.000,0.00,90.00,-112.50,OPEN,1
5978.520,2,1,1,1.000,1.000,1.000,0.00,90.00,-112.50,OPEN,0
5978.570,2,1,1,1.000,1.000,1.000,0.00,90.00,-117.00,OPEN,1
5978.619,2,1,1,1.000,1.000,1.000,0.00,90.00,-117.00,OPEN,0
5978.670,2,1,1,1.000,1.000,1.000,0.00,90.00,-117.00,OPEN,0
5978.719,2,1,1,1.000,1.000,1.000,0.00,90.00,-121.50,OPEN,1
5978.771,2,1,1,1.000,1.000,1.000,0.00,90.00,-121.50,OPEN,0
5978.820,2,1,1,1.000,1.000,1.000,0.00,90.00,-126.00,OPEN,1
5978.905,2,1,1,1.000,1.000,1.000,0.00,90.00,-126.00,OPEN,0
5978.919,2,1,1,1.000,1.000,1.000,0.00,90.00,-126.00,OPEN,0
5978.970,2,1,1,1.000,1.000,1.000,0.00,90.00,-130.50,OPEN,1
5979.019,2,1,1,1.000,1.000,1.000,0.00,90.00,-130.50,OPEN,0
5979.069,2,1,1,1.000,1.000,1.000,0.00,90.00,-130.50,OPEN,0
5979.119,2,1,1,1.000,1.000,1.000,0.00,90.00,-135.00,OPEN,1
5979.173,2,1,1,1.000,1.000,1.000,0.00,90.00,-135.00,OPEN,0
5979.221,2,1,1,1.000,1.000,1.000,0.00,90.00,-139.50,OPEN,1
5979.312,2,1,1,1.000,1.000,0.999,0.00,90.00,-139.50,OPEN,0
5979.321,2,1,1,1.000,1.000,0.998,0.00,90.00,-139.50,OPEN,0
5979.369,2,1,1,1.000,1.000,0.997,0.00,90.00,-144.00,OPEN,1
5979.421,2,1,1,1.000,1.000,0.995,0.00,90.00,-144.00,OPEN,0
5979.469,2,1,1,1.000,1.000,0.992,0.00,90.00,-144.00,OPEN,0
5979.519,2,1,1,1.000,1.000,0.991,0.00,90.00,-148.50,OPEN,1
5979.571,2,1,1,1.000,1.000,0.992,0.00,90.00,-148.50,OPEN,0
5979.619,2,1,1,0.999,1.000,0.993,0.00,90.00,-153.00,OPEN,1
5979.670,2,1,1,0.996,1.000,0.995,0.00,90.00,-153.00,OPEN,0
5979.721,2,1,1,0.982,1.000,0.992,0.00,90.00,-157.50,OPEN,1
5979.771,2,1,1,0.955,1.000,0.994,0.00,90.00,-157.50,OPEN,0
5979.820,2,1,1,0.950,1.000,0.996,0.00,90.00,-157.50,OPEN,0
5979.869,2,1,1,0.936,1.000,0.997,0.00,90.00,-162.00,OPEN,1
5979.928,2,1,1,0.950,1.000,0.998,0.00,90.00,-162.00,OPEN,0
5979.970,2,1,1,0.947,1.000,0.998,0.00,90.00,-166.50,OPEN,1
5980.021,2,1,1,0.942,1.000,0.998,0.00,90.00,-166.50,OPEN,0
5980.069,2,1,1,0.920,1.000,0.998,0.00,90.00,-166.50,OPEN,0
5980.120,2,1,1,0.883,1.000,0.999,0.00,90.00,-171.00,OPEN,1
5980.169,2,1,1,0.777,1.000,0.999,0.00,90.00,-171.00,OPEN,0
5980.219,2,1,1,0.574,1.000,0.999,0.00,90.00,-171.00,OPEN,0
5980.269,2,1,1,0.812,1.000,0.999,0.00,90.00,-175.50,OPEN,1
5980.332,2,1,1,0.984,1.000,0.998,0.00,90.00,-175.50,OPEN,0
5980.368,2,1,1,0.998,1.000,0.998,0.00,90.00,-175.50,OPEN,0
5980.418,2,1,1,1.000,1.000,0.997,0.00,90.00,-180.00,OPEN,1
5980.535,2,1,1,1.000,1.000,0.997,0.00,90.00,-180.00,OPEN,0
5980.544,2,1,1,1.000,1.000,0.997,0.00,90.00,-180.00,OPEN,0
5980.569,2,1,1,1.000,1.000,0.998,0.00,90.00,-180.00,OPEN,0
5980.620,3,1,1,1.000,1.000,0.998,0.00,90.00,-180.00,CLOSED,0
5980.758,3,1,1,1.000,1.000,0.998,0.00,90.00,-180.00,CLOSED,0
5980.767,3,1,1,1.000,1.000,0.999,0.00,90.00,-180.00,CLOSED,0
5980.775,3,1,1,1.000,1.000,0.999,0.00,90.00,-180.00,CLOSED,0
5980.822,3,1,1,1.000,1.000,1.000,0.00,90.00,-180.00,CLOSED,0
5980.869,3,1,1,1.000,1.000,1.000,0.00,90.00,-180.00,CLOSED,0
5980.919,3,1,1,1.000,1.000,1.000,0.00,90.00,-180.00,CLOSED,0
5980.968,3,1,1,1.000,1.000,1.000,0.00,90.00,-180.00,CLOSED,0
5981.021,3,1,1,1.000,1.000,1.000,0.00,90.00,-180.00,CLOSED,0
5981.069,3,1,1,1.000,1.000,1.000,0.00,90.00,-180.00,CLOSED,0
5981.119,3,1,1,1.000,1.000,1.000,0.00,90.00,-180.00,CLOSED,0
5981.170,3,1,1,1.000,1.000,1.000,0.00,90.00,-180.00,CLOSED,0
5981.220,3,1,1,1.000,1.000,1.000,0.00,90.00,-180.00,CLOSED,0
5981.270,3,1,1,1.000,1.000,1.000,0.00,90.00,-180.00,CLOSED,0
5981.320,3,1,1,1.000,1.000,1.000,0.00,90.00,-180.00,CLOSED,0
5981.370,3,1,1,1.000,1.000,1.000,0.00,90.00,-180.00,CLOSED,0
5981.419,3,1,1,1.000,1.000,1.000,0.00,90.00,-180.00,CLOSED,0
5981.468,3,1,1,1.000,1.000,1.000,0.00,90.00,-180.00,CLOSED,0
5981.519,3,1,1,1.000,1.000,1.000,0.00,90.00,-180.00,CLOSED,0
5981.568,3,1,1,1.000,1.000,1.000,0.00,90.00,-180.00,CLOSED,0
5981.618,3,1,1,1.000,1.000,1.000,0.00,90.00,-180.00,CLOSED,0
5981.669,3,1,1,1.000,1.000,1.000,0.00,90.00,-180.00,CLOSED,0
5981.719,3,1,1,1.000,1.000,1.000,0.00,90.00,-180.00,CLOSED,0
5981.769,3,1,1,1.000,1.000,1.000,0.00,90.00,-180.00,CLOSED,0
5981.819,3,1,1,1.000,1.000,1.000,0.00,90.00,-180.00,CLOSED,0
5981.869,3,1,1,1.000,1.000,1.000,0.00,90.00,-180.00,CLOSED,0
5981.920,3,1,1,1.000,1.000,1.000,0.00,90.00,-180.00,CLOSED,0
5981.970,3,1,1,1.000,1.000,1.000,0.00,90.00,-180.00,CLOSED,0
5982.020,3,1,1,1.000,1.000,1.000,0.00,90.00,-180.00,CLOSED,0
5982.069,3,1,1,1.000,1.000,1.000,0.00,90.00,-180.00,CLOSED,0
5982.119,3,1,1,1.000,1.000,1.000,0.00,90.00,-180.00,CLOSED,0
5982.170,3,1,1,1.000,1.000,1.000,0.00,90.00,-180.00,CLOSED,0
5982.221,3,1,1,1.000,1.000,1.000,0.00,90.00,-180.00,CLOSED,0
5982.270,3,1,1,1.000,1.000,1.000,0.00,90.00,-180.00,CLOSED,0
5982.320,3,1,1,1.000,1.000,1.000,0.00,90.00,-180.00,CLOSED,0
5982.370,3,1,1,1.000,1.000,1.000,0.00,90.00,-180.00,CLOSED,0
5982.422,3,1,1,1.000,1.000,1.000,0.00,90.00,-180.00,CLOSED,0
5982.469,3,1,1,1.000,1.000,1.000,0.00,90.00,-180.00,CLOSED,0
5982.521,3,1,1,1.000,1.000,1.000,0.00,90.00,-180.00,CLOSED,0
5982.570,3,1,1,1.000,1.000,1.000,0.00,90.00,-180.00,CLOSED,0
5982.619,3,1,1,1.000,1.000,1.000,0.00,90.00,-180.00,CLOSED,0
5982.670,3,1,1,1.000,1.000,1.000,0.00,90.00,-180.00,CLOSED,0
5982.719,3,1,1,1.000,1.000,1.000,0.00,90.00,-180.00,CLOSED,0
5982.769,3,1,1,1.000,1.000,1.000,0.00,90.00,-180.00,CLOSED,0
5982.819,3,1,1,1.000,1.000,1.000,0.00,90.00,-180.00,CLOSED,0
5982.869,3,1,1,1.000,1.000,1.000,0.00,90.00,-180.00,CLOSED,0
5982.920,3,1,1,1.000,1.000,1.000,0.00,90.00,-180.00,CLOSED,0
5982.971,3,1,1,1.000,1.000,1.000,0.00,90.00,-180.00,CLOSED,0
5983.019,3,1,1,1.000,1.000,1.000,0.00,90.00,-180.00,CLOSED,0
5983.069,3,1,1,1.000,1.000,1.000,0.00,90.00,-180.00,CLOSED,0
5983.120,3,1,1,1.000,1.000,1.000,0.00,90.00,-180.00,CLOSED,0
5983.169,3,1,1,1.000,1.000,1.000,0.00,90.00,-180.00,CLOSED,0
5983.220,3,1,1,1.000,1.000,1.000,0.00,90.00,-180.00,CLOSED,0
5983.270,3,1,1,1.000,1.000,1.000,0.00,90.00,-180.00,CLOSED,0
5983.318,3,1,1,1.000,1.000,1.000,0.00,90.00,-180.00,CLOSED,0
5983.369,3,1,1,1.000,1.000,1.000,0.00,90.00,-180.00,CLOSED,0
5983.419,3,1,1,1.000,1.000,1.000,0.00,90.00,-180.00,CLOSED,0
5983.469,3,1,1,1.000,1.000,1.000,0.00,90.00,-180.00,CLOSED,0
5983.518,3,1,1,1.000,1.000,1.000,0.00,90.00,-180.00,CLOSED,0
5983.570,3,1,1,1.000,1.000,1.000,0.00,90.00,-180.00,CLOSED,0
5983.620,3,1,1,1.000,1.000,1.000,0.00,90.00,-180.00,CLOSED,0
5983.670,3,1,1,1.000,1.000,1.000,0.00,90.00,-180.00,CLOSED,0
5983.719,3,1,1,1.000,1.000,1.000,0.00,90.00,-180.00,CLOSED,0
5983.769,3,1,1,0.998,1.000,1.000,0.00,90.00,-180.00,CLOSED,0
5983.819,3,1,1,0.760,1.000,1.000,0.00,90.00,-180.00,CLOSED,0
5983.870,3,1,1,0.860,1.000,1.000,0.00,90.00,-180.00,CLOSED,0
5983.919,3,1,1,0.956,1.000,0.999,0.00,90.00,-180.00,CLOSED,0
5983.969,3,1,1,0.989,1.000,0.998,0.00,90.00,-180.00,CLOSED,0
5984.022,3,1,1,0.997,1.000,0.997,0.00,90.00,-180.00,CLOSED,0
5984.070,3,1,1,0.999,1.000,0.997,0.00,90.00,-180.00,CLOSED,0
5984.119,3,1,1,1.000,1.000,0.994,0.00,90.00,-180.00,CLOSED,0
5984.170,3,1,1,1.000,1.000,0.994,0.00,90.00,-180.00,CLOSED,0
5984.220,2,1,1,1.000,1.000,0.998,0.00,90.00,-180.00,CLOSED,0
5984.269,2,1,1,0.990,1.000,0.999,0.00,90.00,-180.00,CLOSED,0
5984.318,2,1,1,0.972,1.000,1.000,0.00,90.00,-180.00,CLOSED,0
5984.369,2,1,1,0.997,1.000,1.000,0.00,90.00,-180.00,CLOSED,0
5984.419,2,1,1,1.000,1.000,1.000,0.00,90.00,-180.00,CLOSED,0
5984.469,2,1,1,1.000,1.000,1.000,0.00,90.00,-180.00,CLOSED,0
5984.519,2,1,1,1.000,1.000,1.000,0.00,90.00,-180.00,CLOSED,0
5984.571,2,1,1,1.000,1.000,1.000,0.00,90.00,-180.00,CLOSED,0
5984.619,2,1,1,0.999,1.000,1.000,0.00,90.00,-180.00,CLOSED,0
5984.670,2,1,1,0.998,1.000,0.999,0.00,90.00,-180.00,CLOSED,0
5984.719,0,1,1,0.995,1.000,0.996,0.00,90.00,-180.00,CLOSED,0
5984.769,0,1,1,0.994,1.000,0.993,0.00,90.00,-180.00,CLOSED,0
5984.819,0,1,1,0.995,1.000,0.991,0.00,90.00,-180.00,CLOSED,0
5984.869,0,1,1,1.000,1.000,0.987,0.00,90.00,-180.00,CLOSED,0
5984.919,0,1,1,0.999,1.000,0.981,0.00,90.00,-180.00,CLOSED,0
5984.969,0,1,1,0.999,1.000,0.964,0.00,90.00,-180.00,CLOSED,0
5985.019,0,1,1,0.991,1.000,0.938,0.00,90.00,-180.00,CLOSED,0
5985.070,0,1,1,0.546,1.000,0.954,0.00,90.00,-180.00,CLOSED,0
5985.120,0,1,1,0.991,1.000,0.980,0.00,90.00,-180.00,CLOSED,0
5985.170,0,1,1,1.000,1.000,0.990,0.00,90.00,-180.00,CLOSED,0
5985.220,0,1,1,1.000,1.000,0.995,0.00,90.00,-180.00,CLOSED,0
5985.269,0,1,1,1.000,1.000,0.997,0.00,90.00,-180.00,CLOSED,0
5985.320,0,1,1,1.000,1.000,0.999,0.00,90.00,-180.00,CLOSED,0
5985.370,0,1,1,1.000,1.000,1.000,0.00,90.00,-180.00,CLOSED,0
5985.418,0,1,1,1.000,1.000,1.000,0.00,90.00,-180.00,CLOSED,0
5985.469,3,1,1,1.000,1.000,1.000,0.00,90.00,-180.00,OPEN,0
5985.614,3,1,1,1.000,1.000,1.000,0.00,90.00,-180.00,OPEN,0
5985.625,3,1,1,1.000,1.000,1.000,0.00,90.00,-180.00,OPEN,0
5985.631,3,1,1,1.000,1.000,1.000,0.00,90.00,-180.00,OPEN,0
5985.669,3,1,1,1.000,1.000,0.999,0.00,90.00,-180.00,OPEN,0
5985.720,3,1,1,1.000,1.000,1.000,0.00,90.00,-180.00,OPEN,0
5985.769,3,1,1,1.000,1.000,0.999,0.00,90.00,-180.00,OPEN,0
5985.819,3,1,1,1.000,1.000,0.999,0.00,90.00,-180.00,OPEN,0
5985.870,3,1,1,1.000,1.000,0.999,0.00,90.00,-180.00,OPEN,0
5985.919,3,1,1,1.000,1.000,0.999,0.00,90.00,-180.00,OPEN,0
5985.969,3,1,1,1.000,1.000,0.999,0.00,90.00,-180.00,OPEN,0
5986.019,3,1,1,1.000,1.000,1.000,0.00,90.00,-180.00,OPEN,0
5986.069,3,1,1,1.000,1.000,1.000,0.00,90.00,-180.00,OPEN,0
5986.120,3,1,1,1.000,1.000,1.000,0.00,90.00,-180.00,OPEN,0
5986.171,3,1,1,1.000,1.000,1.000,0.00,90.00,-180.00,OPEN,0
5986.219,3,1,1,1.000,1.000,1.000,0.00,90.00,-180.00,OPEN,0
5986.269,3,1,1,1.000,1.000,1.000,0.00,90.00,-180.00,OPEN,0
5986.319,3,1,1,1.000,1.000,1.000,0.00,90.00,-180.00,OPEN,0
5986.370,3,1,1,1.000,1.000,1.000,0.00,90.00,-180.00,OPEN,0
5986.419,3,1,1,1.000,1.000,1.000,0.00,90.00,-180.00,OPEN,0
5986.468,3,1,1,1.000,1.000,0.999,0.00,90.00,-180.00,OPEN,0
5986.519,3,1,1,1.000,1.000,0.999,0.00,90.00,-180.00,OPEN,0
5986.569,3,1,1,0.999,1.000,0.999,0.00,90.00,-180.00,OPEN,0
5986.619,3,1,1,0.994,1.000,0.999,0.00,90.00,-180.00,OPEN,0
5986.669,3,1,1,0.944,1.000,0.999,0.00,90.00,-180.00,OPEN,0
5986.718,3,1,1,0.898,1.000,0.999,0.00,90.00,-180.00,OPEN,0
5986.771,3,1,1,0.996,1.000,0.999,0.00,90.00,-180.00,OPEN,0
5986.819,3,1,1,1.000,1.000,1.000,0.00,90.00,-180.00,OPEN,0
5986.870,3,1,1,0.999,1.000,1.000,0.00,90.00,-180.00,OPEN,0
5986.919,3,1,1,1.000,1.000,1.000,0.00,90.00,-180.00,OPEN,0
5986.970,3,1,1,1.000,1.000,0.999,0.00,90.00,-180.00,OPEN,0
5987.019,3,1,1,1.000,1.000,0.994,0.00,90.00,-180.00,OPEN,0
5987.070,3,1,1,1.000,1.000,0.993,0.00,90.00,-180.00,OPEN,0
5987.121,2,1,1,1.000,1.000,0.992,0.00,90.00,-180.00,OPEN,0
5987.169,2,1,1,1.000,1.000,0.991,0.00,90.00,-180.00,OPEN,0
5987.222,2,1,1,1.000,1.000,0.987,0.00,90.00,-180.00,OPEN,0
5987.269,2,1,1,1.000,1.000,0.986,0.00,90.00,-180.00,OPEN,0
5987.320,2,1,1,0.999,1.000,0.983,0.00,90.00,-180.00,OPEN,0
5987.371,2,1,1,0.995,1.000,0.990,0.00,90.00,-180.00,OPEN,0
5987.420,2,1,1,0.991,1.000,0.993,0.00,90.00,-180.00,OPEN,0
5987.469,2,1,1,0.987,1.000,0.997,0.00,90.00,-180.00,OPEN,0
5987.519,2,1,1,0.957,1.000,0.998,0.00,90.00,-180.00,OPEN,0
5987.570,2,1,1,0.749,1.000,0.999,0.00,90.00,-180.00,OPEN,0
5987.620,2,1,1,0.512,1.000,0.999,0.00,90.00,-180.00,OPEN,0
5987.670,2,1,1,0.771,1.000,1.000,0.00,90.00,-180.00,OPEN,0
5987.721,2,1,1,0.966,1.000,1.000,0.00,90.00,-180.00,OPEN,0
5987.772,2,1,1,0.981,1.000,1.000,0.00,90.00,-180.00,OPEN,0
5987.820,2,1,1,0.982,1.000,1.000,0.00,90.00,-180.00,OPEN,0
5987.869,2,1,1,0.984,1.000,1.000,0.00,90.00,-180.00,OPEN,0
5987.919,2,1,1,0.984,1.000,1.000,0.00,90.00,-180.00,OPEN,0
5987.970,2,1,1,0.958,1.000,1.000,0.00,90.00,-180.00,OPEN,0
5988.020,0,1,1,0.890,1.000,0.999,0.00,90.00,-180.00,OPEN,0
5988.069,0,1,1,0.845,1.000,0.999,0.00,90.00,-180.00,OPEN,0
5988.119,0,1,1,0.770,1.000,0.998,0.00,90.00,-180.00,OPEN,0
5988.169,0,1,1,0.887,1.000,0.995,0.00,90.00,-180.00,OPEN,0
5988.219,0,1,1,0.990,1.000,0.980,0.00,90.00,-180.00,OPEN,0
5988.271,0,1,1,1.000,1.000,0.905,0.00,90.00,-180.00,OPEN,0
5988.319,0,1,1,1.000,0.997,0.627,0.00,90.00,-180.00,OPEN,0
5988.369,0,1,1,1.000,0.987,0.820,0.00,90.00,-180.00,OPEN,0
5988.420,0,1,1,1.000,0.998,0.987,0.00,90.00,-180.00,OPEN,0
5988.470,0,1,1,1.000,1.000,1.000,0.00,90.00,-180.00,OPEN,0
5988.519,0,1,1,0.998,1.000,1.000,0.00,90.00,-180.00,OPEN,0
5988.569,0,1,1,0.969,1.000,1.000,0.00,90.00,-180.00,OPEN,0
5988.620,0,1,1,0.859,1.000,1.000,0.00,90.00,-180.00,OPEN,0
5988.670,0,1,1,0.931,1.000,1.000,0.00,90.00,-180.00,OPEN,0
5988.720,0,1,1,0.996,1.000,1.000,0.00,90.00,-180.00,OPEN,0
5988.770,0,1,1,0.999,1.000,1.000,0.00,90.00,-180.00,OPEN,0
5988.822,0,1,1,0.998,0.999,1.000,0.00,90.00,-180.00,OPEN,0
5988.869,0,1,1,0.997,0.998,1.000,0.00,90.00,-180.00,OPEN,0
5988.919,0,1,1,0.988,0.985,1.000,0.00,90.00,-180.00,OPEN,0
5988.969,0,1,1,0.964,0.727,1.000,0.00,90.00,-180.00,OPEN,0
5989.020,0,1,1,0.949,0.976,1.000,0.00,90.00,-180.00,OPEN,0
5989.069,0,1,1,0.603,1.000,1.000,0.00,90.00,-180.00,OPEN,0
5989.121,0,1,1,0.998,1.000,1.000,0.00,90.00,-180.00,OPEN,0
5989.169,0,1,1,1.000,1.000,1.000,0.00,90.00,-180.00,OPEN,0
5989.222,0,1,0,1.000,1.000,1.000,-3.16,90.00,-180.00,OPEN,1
5989.271,0,1,0,1.000,1.000,1.000,-6.12,90.00,-180.00,OPEN,0
5989.320,0,1,0,1.000,1.000,1.000,-9.05,90.00,-180.00,OPEN,0
5989.371,0,1,0,1.000,1.000,1.000,-12.12,90.00,-180.00,OPEN,1
5989.422,0,1,0,1.000,1.000,1.000,-15.13,90.00,-180.00,OPEN,0
5989.468,2,1,0,1.000,1.000,1.000,-17.91,90.00,-180.00,OPEN,0
5989.519,2,1,0,1.000,1.000,1.000,-20.95,90.00,-180.00,OPEN,1
5989.569,2,1,0,1.000,1.000,1.000,-23.95,90.00,-180.00,OPEN,0
5989.619,2,1,0,1.000,1.000,1.000,-26.99,90.00,-180.00,OPEN,1
5989.694,2,1,0,1.000,1.000,1.000,-31.48,90.00,-180.00,OPEN,0
5989.720,2,1,0,1.000,1.000,1.000,-33.06,90.00,-180.00,OPEN,1
5989.772,2,1,0,1.000,1.000,1.000,-36.18,90.00,-180.00,OPEN,0
5989.819,2,1,0,1.000,1.000,1.000,-39.01,90.00,-180.00,OPEN,0
5989.871,2,0,0,1.000,1.000,1.000,-42.12,93.12,-180.00,OPEN,1
5989.919,2,0,0,0.998,1.000,1.000,-44.96,95.95,-180.00,OPEN,0
5989.969,2,0,0,0.901,1.000,1.000,-48.00,99.00,-180.00,OPEN,0
5990.019,2,0,0,1.000,1.000,1.000,-50.99,101.98,-180.00,OPEN,1
5990.069,2,0,0,1.000,1.000,1.000,-54.00,105.00,-180.00,OPEN,0
5990.121,2,0,0,1.000,1.000,1.000,-57.10,108.09,-180.00,OPEN,1
5990.171,2,0,0,1.000,1.000,1.000,-60.09,111.09,-180.00,OPEN,0
5990.220,2,0,0,1.000,1.000,1.000,-63.01,114.01,-180.00,OPEN,0
5990.271,2,0,0,1.000,1.000,1.000,-66.07,117.06,-180.00,OPEN,1
5990.319,2,0,0,1.000,1.000,1.000,-68.98,119.98,-180.00,OPEN,0
5990.371,0,0,0,1.000,1.000,1.000,-72.12,123.11,-180.00,OPEN,1
5990.421,0,0,0,1.000,1.000,1.000,-75.13,126.12,-180.00,OPEN,0
5990.468,0,0,0,1.000,1.000,1.000,-77.94,128.94,-180.00,OPEN,0
5990.519,0,0,0,1.000,1.000,1.000,-80.99,131.98,-180.00,OPEN,1
5990.571,0,0,0,1.000,1.000,1.000,-84.07,135.07,-180.00,OPEN,0
5990.621,0,0,0,1.000,1.000,1.000,-87.13,138.12,-180.00,OPEN,1
5990.713,0,0,0,1.000,1.000,1.000,-90.00,143.59,-180.00,OPEN,0
5990.722,0,0,0,1.000,1.000,1.000,-90.00,144.15,-180.00,OPEN,1
5990.771,0,0,0,1.000,1.000,1.000,-90.00,147.08,-180.00,OPEN,0
5990.833,0,0,0,1.000,1.000,1.000,-90.00,150.80,-180.00,OPEN,1
5990.919,0,0,0,1.000,1.000,1.000,-90.00,155.95,-180.00,OPEN,0
5990.925,0,0,0,1.000,1.000,1.000,-90.00,156.34,-180.00,OPEN,0
5990.972,0,0,0,1.000,1.000,1.000,-90.00,159.14,-180.00,OPEN,1
5991.021,0,0,0,1.000,1.000,1.000,-90.00,162.06,-180.00,OPEN,0
5991.072,0,0,0,1.000,1.000,1.000,-90.00,165.15,-180.00,OPEN,1
5991.122,0,0,0,1.000,1.000,1.000,-90.00,168.17,-180.00,OPEN,0
5991.170,0,0,0,1.000,1.000,1.000,-90.00,171.03,-180.00,OPEN,0
5991.219,0,0,0,1.000,1.000,1.000,-90.00,173.96,-180.00,OPEN,1
5991.325,0,0,0,1.000,1.000,1.000,-90.00,180.00,-180.00,OPEN,1
5991.361,0,0,0,1.000,1.000,1.000,-90.00,180.00,-180.00,OPEN,0
5991.371,0,0,0,1.000,1.000,1.000,-90.00,180.00,-180.00,OPEN,0
5991.420,0,0,0,1.000,1.000,1.000,-90.00,180.00,-180.00,OPEN,0
5991.469,0,0,0,1.000,1.000,1.000,-90.00,180.00,-180.00,OPEN,0
5991.520,0,0,0,1.000,1.000,1.000,-90.00,180.00,-180.00,OPEN,0
5991.568,0,0,0,1.000,1.000,1.000,-90.00,180.00,-180.00,OPEN,0
5991.618,0,0,0,1.000,1.000,1.000,-90.00,180.00,-180.00,OPEN,0
5991.669,0,0,0,1.000,1.000,1.000,-90.00,180.00,-180.00,OPEN,0
5991.720,0,0,0,1.000,1.000,1.000,-90.00,180.00,-180.00,OPEN,0
5991.770,0,0,0,1.000,1.000,1.000,-90.00,180.00,-180.00,OPEN,0
5991.821,0,0,0,1.000,1.000,1.000,-90.00,180.00,-180.00,OPEN,0
5991.870,0,0,0,1.000,1.000,1.000,-90.00,180.00,-180.00,OPEN,0
5991.920,0,0,0,1.000,1.000,1.000,-90.00,180.00,-180.00,OPEN,0
5991.970,0,0,0,1.000,1.000,1.000,-90.00,180.00,-180.00,OPEN,0
5992.021,0,0,0,1.000,1.000,1.000,-90.00,180.00,-180.00,OPEN,0
5992.070,0,0,0,1.000,1.000,1.000,-90.00,180.00,-180.00,OPEN,0
5992.120,0,0,0,1.000,1.000,1.000,-90.00,180.00,-180.00,OPEN,0
5992.171,0,0,0,1.000,1.000,1.000,-90.00,180.00,-180.00,OPEN,0
5992.219,0,0,0,1.000,1.000,1.000,-90.00,180.00,-180.00,OPEN,0
5992.271,0,0,0,1.000,1.000,1.000,-90.00,180.00,-180.00,OPEN,0
5992.320,0,0,0,1.000,1.000,1.000,-90.00,180.00,-180.00,OPEN,0
5992.371,0,0,0,1.000,1.000,1.000,-90.00,180.00,-180.00,OPEN,0
5992.421,0,0,0,1.000,1.000,1.000,-90.00,180.00,-180.00,OPEN,0
5992.468,0,0,0,1.000,1.000,1.000,-90.00,180.00,-180.00,OPEN,0
5992.519,0,0,0,1.000,1.000,1.000,-90.00,180.00,-180.00,OPEN,0
5992.571,0,0,0,1.000,1.000,1.000,-90.00,180.00,-180.00,OPEN,0
5992.619,0,0,0,1.000,1.000,1.000,-90.00,180.00,-180.00,OPEN,0
5992.669,0,0,0,1.000,1.000,1.000,-90.00,180.00,-180.00,OPEN,0
5992.720,0,0,0,1.000,1.000,1.000,-90.00,180.00,-180.00,OPEN,0
5992.769,0,0,0,1.000,1.000,1.000,-90.00,180.00,-180.00,OPEN,0
5992.820,0,0,0,1.000,1.000,1.000,-90.00,180.00,-180.00,OPEN,0
5992.872,0,0,0,1.000,1.000,1.000,-90.00,180.00,-180.00,OPEN,0
5992.920,0,0,0,1.000,1.000,1.000,-90.00,180.00,-180.00,OPEN,0
5992.970,0,0,0,1.000,1.000,1.000,-90.00,180.00,-180.00,OPEN,0
5993.020,0,0,0,1.000,1.000,1.000,-90.00,180.00,-180.00,OPEN,0
5993.070,0,0,0,1.000,1.000,1.000,-90.00,180.00,-180.00,OPEN,0
5993.121,0,0,0,1.000,1.000,1.000,-90.00,180.00,-180.00,OPEN,0
5993.170,0,0,0,1.000,1.000,1.000,-90.00,180.00,-180.00,OPEN,0
5993.220,0,0,0,1.000,1.000,1.000,-90.00,180.00,-180.00,OPEN,0
5993.270,0,0,0,1.000,1.000,1.000,-90.00,180.00,-180.00,OPEN,0
5993.320,0,0,0,1.000,1.000,1.000,-90.00,180.00,-180.00,OPEN,0
5993.372,0,0,0,1.000,1.000,1.000,-90.00,180.00,-180.00,OPEN,0
5993.420,0,0,0,1.000,1.000,1.000,-90.00,180.00,-180.00,OPEN,0
5993.469,0,0,0,1.000,1.000,1.000,-90.00,180.00,-180.00,OPEN,0
5993.521,0,0,0,1.000,1.000,1.000,-90.00,180.00,-180.00,OPEN,0
5993.570,0,0,0,1.000,1.000,1.000,-90.00,180.00,-180.00,OPEN,0
5993.622,0,0,0,1.000,1.000,1.000,-90.00,180.00,-180.00,OPEN,0
5993.669,0,0,0,1.000,1.000,1.000,-90.00,180.00,-180.00,OPEN,0
5993.721,0,0,0,1.000,1.000,1.000,-90.00,180.00,-180.00,OPEN,0
5993.770,0,0,0,1.000,1.000,1.000,-90.00,180.00,-180.00,OPEN,0
5993.822,0,0,0,1.000,1.000,1.000,-90.00,180.00,-180.00,OPEN,0
5993.871,0,0,0,1.000,1.000,1.000,-90.00,180.00,-180.00,OPEN,0
5993.919,0,0,0,1.000,1.000,1.000,-90.00,180.00,-180.00,OPEN,0
5993.970,0,0,0,1.000,1.000,1.000,-90.00,180.00,-180.00,OPEN,0
5994.020,0,0,0,1.000,1.000,1.000,-90.00,180.00,-180.00,OPEN,0
5994.069,0,0,0,1.000,1.000,1.000,-90.00,180.00,-180.00,OPEN,0
5994.121,0,0,0,1.000,1.000,1.000,-90.00,180.00,-180.00,OPEN,0
5994.172,0,0,0,1.000,1.000,1.000,-90.00,180.00,-180.00,OPEN,0
5994.220,0,0,0,1.000,1.000,1.000,-90.00,180.00,-180.00,OPEN,0
5994.268,0,0,0,1.000,1.000,1.000,-90.00,180.00,-180.00,OPEN,0
5994.318,0,0,0,1.000,1.000,1.000,-90.00,180.00,-180.00,OPEN,0
5994.370,0,0,0,1.000,1.000,1.000,-90.00,180.00,-180.00,OPEN,0
5994.418,0,0,0,1.000,1.000,1.000,-90.00,180.00,-180.00,OPEN,0
5994.469,0,0,0,1.000,1.000,1.000,-90.00,180.00,-180.00,OPEN,0
5994.520,0,0,0,1.000,1.000,1.000,-90.00,180.00,-180.00,OPEN,0
5994.570,0,0,0,1.000,1.000,1.000,-90.00,180.00,-180.00,OPEN,0
5994.619,0,0,0,1.000,1.000,1.000,-90.00,180.00,-180.00,OPEN,0
5994.671,0,0,0,1.000,1.000,1.000,-90.00,180.00,-180.00,OPEN,0
5994.722,0,0,0,1.000,1.000,1.000,-90.00,180.00,-180.00,OPEN,0
5994.770,0,0,0,1.000,1.000,1.000,-90.00,180.00,-180.00,OPEN,0
5994.820,0,0,0,1.000,1.000,1.000,-90.00,180.00,-180.00,OPEN,0
5994.869,0,0,0,1.000,1.000,1.000,-90.00,180.00,-180.00,OPEN,0
5994.920,0,0,0,1.000,1.000,1.000,-90.00,180.00,-180.00,OPEN,0
5994.970,0,0,0,1.000,1.000,1.000,-90.00,180.00,-180.00,OPEN,0
5995.020,0,0,0,1.000,1.000,1.000,-90.00,180.00,-180.00,OPEN,0
5995.070,0,0,0,1.000,1.000,1.000,-90.00,180.00,-180.00,OPEN,0
5995.121,0,0,0,1.000,1.000,1.000,-90.00,180.00,-180.00,OPEN,0
5995.170,0,0,0,1.000,1.000,1.000,-90.00,180.00,-180.00,OPEN,0
5995.223,0,0,0,1.000,1.000,1.000,-90.00,180.00,-180.00,OPEN,0
5995.269,0,0,0,1.000,1.000,1.000,-90.00,180.00,-180.00,OPEN,0
5995.320,0,0,0,1.000,1.000,1.000,-90.00,180.00,-180.00,OPEN,0
5995.371,0,0,0,1.000,1.000,1.000,-90.00,180.00,-180.00,OPEN,0
5995.419,0,0,0,1.000,1.000,1.000,-90.00,180.00,-180.00,OPEN,0
