t,hand,elbow,shoulder,p_hand,p_elbow,p_shoulder,J2,J3,J6,grip_state,cmd_sent
654812.408,0,0,0,0.981,1.000,0.999,-90.00,180.00,0.00,OPEN,0
654812.424,0,0,0,0.997,1.000,0.999,-90.00,180.00,0.00,OPEN,0
654812.428,0,0,0,1.000,1.000,0.998,-90.00,180.00,0.00,OPEN,0
654812.431,0,0,0,1.000,1.000,0.999,-90.00,180.00,0.00,OPEN,0
654812.435,0,0,0,1.000,1.000,0.999,-90.00,180.00,0.00,OPEN,0
654812.438,0,0,0,1.000,1.000,0.999,-90.00,180.00,0.00,OPEN,0
654812.442,0,0,0,1.000,1.000,0.999,-90.00,180.00,0.00,OPEN,0
654812.446,0,0,0,1.000,1.000,0.999,-90.00,180.00,0.00,OPEN,0
654812.450,0,0,0,1.000,1.000,0.999,-90.00,180.00,0.00,OPEN,0
654812.455,0,0,0,1.000,1.000,0.999,-90.00,180.00,0.00,OPEN,0
654812.460,0,0,0,1.000,1.000,0.999,-90.00,180.00,0.00,OPEN,0
654812.464,0,0,0,1.000,1.000,0.998,-90.00,180.00,0.00,OPEN,0
654812.468,0,0,0,1.000,1.000,0.998,-90.00,180.00,0.00,OPEN,0
654812.472,0,0,0,1.000,1.000,0.998,-90.00,180.00,0.00,OPEN,0
654812.476,0,0,0,1.000,1.000,0.996,-90.00,180.00,0.00,OPEN,0
654812.480,0,0,0,1.000,1.000,0.995,-90.00,180.00,0.00,OPEN,0
654812.483,0,0,0,1.000,1.000,0.997,-90.00,180.00,0.00,OPEN,0
654812.486,0,0,0,1.000,1.000,0.996,-90.00,180.00,0.00,OPEN,0
654812.490,0,0,0,1.000,1.000,0.997,-90.00,180.00,0.00,OPEN,0
654812.495,0,0,0,1.000,1.000,0.997,-90.00,180.00,0.00,OPEN,0
654812.499,0,0,0,1.000,1.000,0.992,-90.00,180.00,0.00,OPEN,0
654812.503,0,0,0,1.000,1.000,0.988,-90.00,180.00,0.00,OPEN,0
654812.508,0,0,0,1.000,1.000,0.972,-90.00,180.00,0.00,OPEN,0
654812.514,0,0,0,1.000,1.000,0.994,-90.00,180.00,0.00,OPEN,0
654812.519,0,0,0,1.000,1.000,0.996,-90.00,180.00,0.00,OPEN,0
654812.524,0,0,0,1.000,1.000,0.993,-90.00,180.00,0.00,OPEN,0
654812.528,0,0,0,1.000,1.000,0.994,-90.00,180.00,0.00,OPEN,0
654812.532,0,0,0,1.000,1.000,0.993,-90.00,180.00,0.00,OPEN,0
654812.536,0,0,0,1.000,1.000,0.994,-90.00,180.00,0.00,OPEN,0
654812.540,0,0,0,1.000,1.000,0.985,-90.00,180.00,0.00,OPEN,0
654812.543,0,0,0,1.000,1.000,0.889,-90.00,180.00,0.00,OPEN,0
654812.547,0,0,0,1.000,1.000,0.814,-90.00,180.00,0.00,OPEN,0
654812.551,0,0,0,1.000,1.000,0.943,-90.00,180.00,0.00,OPEN,0
654812.555,0,0,0,1.000,1.000,0.984,-90.00,180.00,0.00,OPEN,0
654812.560,0,0,0,1.000,1.000,0.991,-90.00,180.00,0.00,OPEN,0
654812.564,0,0,0,1.000,1.000,0.992,-90.00,180.00,0.00,OPEN,0
654812.568,0,0,0,1.000,1.000,0.995,-90.00,180.00,0.00,OPEN,0
654812.571,0,0,0,1.000,1.000,0.996,-90.00,180.00,0.00,OPEN,0
654812.575,0,0,0,1.000,1.000,0.998,-90.00,180.00,0.00,OPEN,0
654812.579,0,0,0,1.000,1.000,0.998,-90.00,180.00,0.00,OPEN,0
654812.582,0,0,0,1.000,1.000,0.997,-90.00,180.00,0.00,OPEN,0
654812.586,0,0,0,1.000,1.000,0.994,-90.00,180.00,0.00,OPEN,0
654812.590,0,0,0,1.000,1.000,0.994,-90.00,180.00,0.00,OPEN,0
654812.594,0,0,0,1.000,1.000,0.993,-90.00,180.00,0.00,OPEN,0
654812.599,0,0,0,1.000,1.000,0.989,-90.00,180.00,0.00,OPEN,0
654812.603,0,0,0,1.000,1.000,0.981,-90.00,180.00,0.00,OPEN,0
654812.606,0,0,0,1.000,1.000,0.978,-90.00,180.00,0.00,OPEN,0
654812.610,0,0,0,1.000,1.000,0.983,-90.00,180.00,0.00,OPEN,0
654812.614,0,0,0,1.000,1.000,0.993,-90.00,180.00,0.00,OPEN,0
654812.618,0,0,0,1.000,1.000,0.992,-90.00,180.00,0.00,OPEN,0
654812.621,0,0,0,1.000,1.000,0.992,-90.00,180.00,0.00,OPEN,0
654812.624,0,0,0,1.000,1.000,0.989,-90.00,180.00,0.00,OPEN,0
654812.628,0,0,0,1.000,1.000,0.988,-90.00,180.00,0.00,OPEN,0
654812.632,0,0,0,1.000,1.000,0.957,-90.00,180.00,0.00,OPEN,0
654812.636,0,0,0,1.000,1.000,0.920,-90.00,180.00,0.00,OPEN,0
654812.639,0,0,0,1.000,1.000,0.942,-90.00,180.00,0.00,OPEN,0
654812.643,0,0,0,1.000,1.000,0.936,-90.00,180.00,0.00,OPEN,0
654812.647,0,0,0,1.000,1.000,0.935,-90.00,180.00,0.00,OPEN,0
654812.651,0,0,0,1.000,1.000,0.911,-90.00,180.00,0.00,OPEN,0
654812.655,0,0,0,1.000,1.000,0.908,-90.00,180.00,0.00,OPEN,0
654812.659,0,0,0,1.000,1.000,0.968,-90.00,180.00,0.00,OPEN,0
654812.663,0,0,0,1.000,1.000,0.969,-90.00,180.00,0.00,OPEN,0
654812.667,0,0,0,1.000,1.000,0.981,-90.00,180.00,0.00,OPEN,0
654812.671,0,0,0,1.000,1.000,0.995,-90.00,180.00,0.00,OPEN,0
654812.675,0,0,0,1.000,1.000,0.996,-90.00,180.00,0.00,OPEN,0
654812.679,0,0,0,1.000,1.000,0.996,-90.00,180.00,0.00,OPEN,0
654812.683,0,0,0,1.000,1.000,0.994,-90.00,180.00,0.00,OPEN,0
654812.687,0,0,0,1.000,1.000,0.990,-90.00,180.00,0.00,OPEN,0
654812.690,0,0,0,1.000,1.000,0.986,-90.00,180.00,0.00,OPEN,0
654812.694,0,0,0,1.000,1.000,0.987,-90.00,180.00,0.00,OPEN,0
654812.697,0,0,0,1.000,1.000,0.982,-90.00,180.00,0.00,OPEN,0
654812.701,0,0,0,1.000,1.000,0.978,-90.00,180.00,0.00,OPEN,0
654812.704,0,0,0,1.000,1.000,0.983,-90.00,180.00,0.00,OPEN,0
654812.708,0,0,0,1.000,1.000,0.988,-90.00,180.00,0.00,OPEN,0
654812.712,0,0,0,1.000,1.000,0.994,-90.00,180.00,0.00,OPEN,0
654812.717,0,0,0,1.000,1.000,0.994,-90.00,180.00,0.00,OPEN,0
654812.721,0,0,0,1.000,1.000,0.990,-90.00,180.00,0.00,OPEN,0
654812.724,0,0,0,1.000,1.000,0.991,-90.00,180.00,0.00,OPEN,0
654812.728,0,0,0,1.000,1.000,0.989,-90.00,180.00,0.00,OPEN,0
654812.731,0,0,0,1.000,1.000,0.986,-90.00,180.00,0.00,OPEN,0
654812.735,0,0,0,1.000,1.000,0.985,-90.00,180.00,0.00,OPEN,0
654812.739,0,0,0,1.000,1.000,0.981,-90.00,180.00,0.00,OPEN,0
654812.743,0,0,0,1.000,1.000,0.979,-90.00,180.00,0.00,OPEN,0
654812.746,0,0,0,1.000,1.000,0.988,-90.00,180.00,0.00,OPEN,0
654812.750,0,0,0,1.000,1.000,0.987,-90.00,180.00,0.00,OPEN,0
654812.754,0,0,0,1.000,1.000,0.987,-90.00,180.00,0.00,OPEN,0
654812.758,0,0,0,1.000,1.000,0.987,-90.00,180.00,0.00,OPEN,0
654812.761,0,0,0,1.000,1.000,0.990,-90.00,180.00,0.00,OPEN,0
654812.765,0,0,0,1.000,1.000,0.994,-90.00,180.00,0.00,OPEN,0
654812.771,0,0,0,1.000,1.000,0.989,-90.00,180.00,0.00,OPEN,0
654812.775,0,0,0,1.000,1.000,0.987,-90.00,180.00,0.00,OPEN,0
654812.781,0,0,0,1.000,1.000,0.987,-90.00,180.00,0.00,OPEN,0
654812.786,0,0,0,1.000,1.000,0.990,-90.00,180.00,0.00,OPEN,0
654812.791,0,0,0,1.000,1.000,0.981,-90.00,180.00,0.00,OPEN,0
654812.796,0,0,0,1.000,1.000,0.979,-90.00,180.00,0.00,OPEN,0
654812.800,0,0,0,1.000,1.000,0.985,-90.00,180.00,0.00,OPEN,0
654812.804,0,0,0,1.000,1.000,1.000,-90.00,180.00,0.00,OPEN,0
654812.808,0,0,0,1.000,1.000,1.000,-90.00,180.00,0.00,OPEN,0
654812.812,0,0,0,1.000,1.000,1.000,-90.00,180.00,0.00,OPEN,0
654812.816,0,0,0,1.000,1.000,1.000,-90.00,180.00,0.00,OPEN,0
654812.821,0,0,0,1.000,1.000,1.000,-90.00,180.00,0.00,OPEN,0
654812.825,0,0,0,1.000,1.000,1.000,-90.00,180.00,0.00,OPEN,0
654812.828,0,0,0,1.000,1.000,1.000,-90.00,180.00,0.00,OPEN,0
654812.832,0,1,1,1.000,1.000,1.000,0.00,90.00,0.00,OPEN,1
654812.838,0,1,1,1.000,1.000,1.000,0.00,90.00,0.00,OPEN,0
654812.841,0,1,1,1.000,1.000,1.000,0.00,90.00,0.00,OPEN,0
654812.845,0,1,1,1.000,1.000,1.000,0.00,90.00,0.00,OPEN,0
654812.849,0,1,1,1.000,1.000,1.000,0.00,90.00,0.00,OPEN,0
654812.853,0,1,1,1.000,1.000,1.000,0.00,90.00,0.00,OPEN,0
654812.858,0,1,1,1.000,1.000,1.000,0.00,90.00,0.00,OPEN,0
654812.863,0,1,1,1.000,1.000,1.000,0.00,90.00,0.00,OPEN,0
654812.867,0,1,1,1.000,1.000,1.000,0.00,90.00,0.00,OPEN,0
654812.871,0,1,1,1.000,1.000,1.000,0.00,90.00,0.00,OPEN,0
654812.875,0,1,1,1.000,1.000,1.000,0.00,90.00,0.00,OPEN,0
654812.879,0,1,1,1.000,1.000,0.924,0.00,90.00,0.00,OPEN,0
654812.883,0,1,1,1.000,1.000,0.700,0.00,90.00,0.00,OPEN,0
654812.887,0,1,1,1.000,1.000,0.790,0.00,90.00,0.00,OPEN,0
654812.891,0,1,1,1.000,1.000,1.000,0.00,90.00,0.00,OPEN,0
654812.895,0,1,1,1.000,1.000,1.000,0.00,90.00,0.00,OPEN,0
654812.899,0,1,1,1.000,1.000,1.000,0.00,90.00,0.00,OPEN,0
654812.902,0,1,1,0.773,1.000,1.000,0.00,90.00,0.00,OPEN,0
654812.906,0,1,1,1.000,1.000,1.000,0.00,90.00,0.00,OPEN,0
654812.912,0,0,1,1.000,1.000,1.000,0.00,180.00,0.00,OPEN,0
654812.917,0,0,1,1.000,1.000,1.000,0.00,180.00,0.00,OPEN,0
654812.922,0,0,0,1.000,1.000,1.000,-90.00,180.00,0.00,OPEN,0
654812.927,0,0,0,1.000,1.000,1.000,-90.00,180.00,0.00,OPEN,0
654812.931,0,0,0,1.000,1.000,1.000,-90.00,180.00,0.00,OPEN,0
654812.936,0,0,0,1.000,0.522,0.982,-90.00,180.00,0.00,OPEN,1
654812.940,0,0,0,1.000,0.998,0.732,-90.00,180.00,0.00,OPEN,0
654812.944,0,0,0,1.000,1.000,0.598,-90.00,180.00,0.00,OPEN,0
654812.949,0,0,0,1.000,1.000,0.546,-90.00,180.00,0.00,OPEN,0
654812.953,0,0,0,1.000,1.000,0.600,-90.00,180.00,0.00,OPEN,0
654812.957,0,0,0,1.000,1.000,0.996,-90.00,180.00,0.00,OPEN,0
654812.961,0,0,0,1.000,1.000,0.976,-90.00,180.00,0.00,OPEN,0
654812.964,0,0,0,1.000,1.000,0.959,-90.00,180.00,0.00,OPEN,0
654812.970,0,0,0,1.000,1.000,0.984,-90.00,180.00,0.00,OPEN,0
654812.977,0,0,0,1.000,0.992,0.988,-90.00,180.00,0.00,OPEN,0
654812.984,0,0,0,1.000,0.973,0.978,-90.00,180.00,0.00,OPEN,0
654812.990,0,0,0,1.000,0.743,0.999,-90.00,180.00,0.00,OPEN,0
654812.996,0,0,0,1.000,1.000,1.000,-90.00,180.00,0.00,OPEN,0
654813.001,0,0,0,1.000,1.000,0.995,-90.00,180.00,0.00,OPEN,0
654813.006,0,0,0,1.000,0.810,0.803,-90.00,180.00,0.00,OPEN,0
654813.010,0,0,0,1.000,0.977,0.574,-90.00,180.00,0.00,OPEN,0
654813.014,0,0,0,1.000,0.949,0.637,-90.00,180.00,0.00,OPEN,0
654813.019,0,0,0,1.000,0.778,0.794,-90.00,180.00,0.00,OPEN,0
654813.023,0,0,0,1.000,0.995,0.992,-90.00,180.00,0.00,OPEN,0
654813.027,0,0,0,1.000,1.000,1.000,-90.00,180.00,0.00,OPEN,0
654813.031,0,0,0,1.000,1.000,1.000,-90.00,180.00,0.00,OPEN,0
654813.035,0,0,0,1.000,1.000,1.000,-90.00,180.00,0.00,OPEN,0
654813.039,0,0,0,1.000,1.000,1.000,-90.00,180.00,0.00,OPEN,0
654813.042,0,0,0,1.000,1.000,1.000,-90.00,180.00,0.00,OPEN,0
654813.047,0,0,0,1.000,1.000,1.000,-90.00,180.00,0.00,OPEN,0
654813.050,0,0,0,1.000,1.000,1.000,-90.00,180.00,0.00,OPEN,0
654813.054,0,0,0,1.000,1.000,0.956,-90.00,180.00,0.00,OPEN,0
654813.058,0,0,0,1.000,1.000,0.562,-90.00,180.00,0.00,OPEN,0
654813.062,0,0,0,1.000,1.000,1.000,-90.00,180.00,0.00,OPEN,0
654813.066,0,0,0,1.000,1.000,1.000,-90.00,180.00,0.00,OPEN,0
654813.071,0,0,0,1.000,1.000,1.000,-90.00,180.00,0.00,OPEN,0
654813.074,0,0,0,1.000,1.000,1.000,-90.00,180.00,0.00,OPEN,0
654813.078,0,0,0,1.000,1.000,1.000,-90.00,180.00,0.00,OPEN,0
654813.081,0,0,0,1.000,1.000,1.000,-90.00,180.00,0.00,OPEN,0
654813.085,0,0,0,1.000,1.000,1.000,-90.00,180.00,0.00,OPEN,0
654813.088,0,0,0,1.000,1.000,1.000,-90.00,180.00,0.00,OPEN,0
654813.092,0,0,0,1.000,1.000,1.000,-90.00,180.00,0.00,OPEN,0
654813.096,0,0,0,1.000,1.000,1.000,-90.00,180.00,0.00,OPEN,0
654813.100,0,0,0,1.000,1.000,1.000,-90.00,180.00,0.00,OPEN,0
654813.104,0,0,0,1.000,1.000,1.000,-90.00,180.00,0.00,OPEN,0
654813.109,0,0,0,1.000,1.000,1.000,-90.00,180.00,0.00,OPEN,0
654813.113,0,0,0,1.000,1.000,1.000,-90.00,180.00,0.00,OPEN,0
654813.117,0,0,0,1.000,1.000,1.000,-90.00,180.00,0.00,OPEN,0
654813.121,0,0,0,1.000,1.000,1.000,-90.00,180.00,0.00,OPEN,0
654813.125,0,0,0,1.000,1.000,1.000,-90.00,180.00,0.00,OPEN,0
654813.129,0,0,0,1.000,0.999,1.000,-90.00,180.00,0.00,OPEN,0
654813.132,0,0,0,1.000,0.847,0.986,-90.00,180.00,0.00,OPEN,0
654813.136,0,0,0,1.000,1.000,0.759,-90.00,180.00,0.00,OPEN,0
654813.140,0,0,0,1.000,1.000,0.965,-90.00,180.00,0.00,OPEN,0
654813.144,0,0,0,1.000,1.000,0.994,-90.00,180.00,0.00,OPEN,0
654813.148,0,0,0,1.000,1.000,0.994,-90.00,180.00,0.00,OPEN,0
654813.152,0,0,0,1.000,1.000,0.993,-90.00,180.00,0.00,OPEN,0
654813.156,0,0,0,1.000,1.000,0.991,-90.00,180.00,0.00,OPEN,0
654813.160,0,0,0,1.000,1.000,0.987,-90.00,180.00,0.00,OPEN,0
654813.164,0,0,0,1.000,1.000,0.991,-90.00,180.00,0.00,OPEN,0
654813.168,0,0,0,1.000,1.000,0.995,-90.00,180.00,0.00,OPEN,0
654813.173,0,0,0,1.000,1.000,0.993,-90.00,180.00,0.00,OPEN,0
654813.179,0,0,0,1.000,1.000,0.985,-90.00,180.00,0.00,OPEN,0
654813.184,0,0,0,1.000,1.000,0.981,-90.00,180.00,0.00,OPEN,0
654813.188,0,0,0,1.000,1.000,0.991,-90.00,180.00,0.00,OPEN,0
654813.193,0,0,0,1.000,1.000,0.989,-90.00,180.00,0.00,OPEN,0
654813.198,0,0,0,1.000,1.000,0.980,-90.00,180.00,0.00,OPEN,0
654813.201,0,0,0,1.000,1.000,0.959,-90.00,180.00,0.00,OPEN,0
654813.205,0,0,0,1.000,1.000,0.587,-90.00,180.00,0.00,OPEN,0
654813.209,0,0,0,1.000,1.000,0.505,-90.00,180.00,0.00,OPEN,0
654813.212,0,0,0,1.000,1.000,0.514,-90.00,180.00,0.00,OPEN,0
654813.216,0,0,0,1.000,1.000,0.504,-90.00,180.00,0.00,OPEN,0
654813.220,0,0,0,1.000,1.000,0.527,-90.00,180.00,0.00,OPEN,0
654813.223,0,0,0,1.000,1.000,0.761,-90.00,180.00,0.00,OPEN,0
654813.227,0,0,0,1.000,1.000,0.892,-90.00,180.00,0.00,OPEN,0
654813.230,0,0,0,1.000,1.000,0.929,-90.00,180.00,0.00,OPEN,0
654813.234,0,0,0,1.000,1.000,0.940,-90.00,180.00,0.00,OPEN,0
654813.237,0,0,0,1.000,1.000,0.913,-90.00,180.00,0.00,OPEN,0
654813.241,0,0,0,1.000,1.000,0.912,-90.00,180.00,0.00,OPEN,0
654813.245,0,0,0,1.000,1.000,0.848,-90.00,180.00,0.00,OPEN,0
654813.249,0,0,0,1.000,1.000,0.874,-90.00,180.00,0.00,OPEN,0
654813.253,0,0,0,1.000,1.000,0.876,-90.00,180.00,0.00,OPEN,0
654813.256,0,0,0,1.000,1.000,0.909,-90.00,180.00,0.00,OPEN,0
654813.260,0,0,0,1.000,1.000,0.925,-90.00,180.00,0.00,OPEN,0
654813.264,0,0,0,1.000,1.000,0.970,-90.00,180.00,0.00,OPEN,0
654813.267,0,0,0,1.000,1.000,0.980,-90.00,180.00,0.00,OPEN,0
654813.272,0,0,0,1.000,1.000,0.982,-90.00,180.00,0.00,OPEN,0
654813.276,0,0,0,1.000,1.000,0.990,-90.00,180.00,0.00,OPEN,0
654813.281,0,0,0,1.000,1.000,0.993,-90.00,180.00,0.00,OPEN,0
654813.285,0,0,0,1.000,1.000,0.991,-90.00,180.00,0.00,OPEN,0
654813.290,0,0,0,1.000,1.000,0.993,-90.00,180.00,0.00,OPEN,0
654813.293,0,0,0,1.000,1.000,0.995,-90.00,180.00,0.00,OPEN,0
654813.297,0,0,0,1.000,1.000,0.995,-90.00,180.00,0.00,OPEN,0
654813.301,0,0,0,1.000,1.000,0.996,-90.00,180.00,0.00,OPEN,0
654813.305,0,0,0,1.000,1.000,0.997,-90.00,180.00,0.00,OPEN,0
654813.308,0,0,0,1.000,1.000,0.988,-90.00,180.00,0.00,OPEN,0
654813.312,0,0,0,1.000,1.000,0.949,-90.00,180.00,0.00,OPEN,0
654813.316,0,0,0,1.000,1.000,0.769,-90.00,180.00,0.00,OPEN,0
654813.320,0,0,0,1.000,1.000,0.682,-90.00,180.00,0.00,OPEN,0
654813.324,0,0,0,1.000,1.000,0.598,-90.00,180.00,0.00,OPEN,0
654813.327,0,0,0,1.000,1.000,0.619,-90.00,180.00,0.00,OPEN,0
654813.331,0,0,0,1.000,1.000,0.518,-90.00,180.00,0.00,OPEN,0
654813.335,0,0,0,1.000,1.000,0.527,-90.00,180.00,0.00,OPEN,0
654813.338,0,0,0,1.000,1.000,0.560,-90.00,180.00,0.00,OPEN,0
654813.342,0,0,0,1.000,1.000,0.534,-90.00,180.00,0.00,OPEN,0
654813.346,0,0,0,1.000,1.000,0.687,-90.00,180.00,0.00,OPEN,0
654813.349,0,0,0,1.000,1.000,0.702,-90.00,180.00,0.00,OPEN,0
654813.353,0,0,1,1.000,1.000,0.818,0.00,180.00,0.00,OPEN,1
654813.357,0,0,1,1.000,1.000,0.739,0.00,180.00,0.00,OPEN,0
654813.360,0,0,1,1.000,1.000,0.771,0.00,180.00,0.00,OPEN,0
654813.364,0,0,1,1.000,1.000,0.750,0.00,180.00,0.00,OPEN,0
654813.368,0,0,1,1.000,1.000,0.721,0.00,180.00,0.00,OPEN,0
654813.372,0,0,1,1.000,1.000,0.617,0.00,180.00,0.00,OPEN,0
654813.376,0,0,1,1.000,1.000,0.580,0.00,180.00,0.00,OPEN,0
654813.380,0,0,1,1.000,1.000,0.666,0.00,180.00,0.00,OPEN,0
654813.385,0,0,1,1.000,1.000,0.615,0.00,180.00,0.00,OPEN,0
654813.390,0,0,1,1.000,1.000,0.527,0.00,180.00,0.00,OPEN,0
654813.394,0,0,1,1.000,1.000,0.607,0.00,180.00,0.00,OPEN,0
654813.398,0,0,1,1.000,1.000,0.608,0.00,180.00,0.00,OPEN,0
654813.402,0,0,1,1.000,1.000,0.708,0.00,180.00,0.00,OPEN,0
654813.406,0,0,1,1.000,1.000,0.855,0.00,180.00,0.00,OPEN,0
654813.410,0,0,1,1.000,1.000,0.816,0.00,180.00,0.00,OPEN,0
654813.414,0,0,1,1.000,1.000,0.858,0.00,180.00,0.00,OPEN,0
654813.417,0,0,1,1.000,1.000,0.850,0.00,180.00,0.00,OPEN,0
654813.421,0,0,1,1.000,1.000,0.653,0.00,180.00,0.00,OPEN,0
654813.425,0,0,1,1.000,1.000,0.612,0.00,180.00,0.00,OPEN,0
654813.428,0,0,1,1.000,1.000,0.638,0.00,180.00,0.00,OPEN,0
654813.432,0,0,1,1.000,1.000,0.707,0.00,180.00,0.00,OPEN,0
654813.436,0,0,1,1.000,1.000,0.766,0.00,180.00,0.00,OPEN,0
654813.440,0,0,1,1.000,1.000,0.682,0.00,180.00,0.00,OPEN,0
654813.444,0,0,1,1.000,1.000,0.505,0.00,180.00,0.00,OPEN,0
654813.447,0,0,1,1.000,1.000,0.640,0.00,180.00,0.00,OPEN,0
654813.452,0,0,1,1.000,1.000,0.733,0.00,180.00,0.00,OPEN,0
654813.456,0,0,1,1.000,1.000,1.000,0.00,180.00,0.00,OPEN,0
654813.460,0,0,1,1.000,1.000,1.000,0.00,180.00,0.00,OPEN,0
654813.464,0,0,1,1.000,1.000,1.000,0.00,180.00,0.00,OPEN,0
654813.468,0,0,1,1.000,1.000,1.000,0.00,180.00,0.00,OPEN,0
654813.472,0,0,1,1.000,1.000,1.000,0.00,180.00,0.00,OPEN,0
654813.476,0,0,0,1.000,1.000,1.000,-90.00,180.00,0.00,OPEN,1
654813.480,0,0,0,1.000,1.000,1.000,-90.00,180.00,0.00,OPEN,0
654813.484,0,0,0,1.000,1.000,1.000,-90.00,180.00,0.00,OPEN,0
654813.487,0,0,0,1.000,1.000,1.000,-90.00,180.00,0.00,OPEN,0
654813.491,0,0,0,1.000,1.000,1.000,-90.00,180.00,0.00,OPEN,0
654813.494,0,0,0,0.984,1.000,1.000,-90.00,180.00,0.00,OPEN,0
654813.498,0,0,0,0.985,1.000,1.000,-90.00,180.00,0.00,OPEN,0
654813.503,0,0,0,0.968,1.000,1.000,-90.00,180.00,0.00,OPEN,0
654813.507,0,0,0,0.966,1.000,1.000,-90.00,180.00,0.00,OPEN,0
654813.513,0,0,0,0.962,1.000,1.000,-90.00,180.00,0.00,OPEN,0
654813.517,0,0,0,0.957,1.000,1.000,-90.00,180.00,0.00,OPEN,0
654813.521,0,0,0,0.937,1.000,1.000,-90.00,180.00,0.00,OPEN,0
654813.525,0,1,0,0.984,1.000,1.000,-90.00,90.00,0.00,OPEN,0
654813.529,0,1,0,0.999,1.000,1.000,-90.00,90.00,0.00,OPEN,0
654813.533,0,1,0,1.000,1.000,1.000,-90.00,90.00,0.00,OPEN,0
654813.537,0,1,0,1.000,0.985,0.999,-90.00,90.00,0.00,OPEN,0
654813.541,0,1,0,1.000,1.000,1.000,-90.00,90.00,0.00,OPEN,0
654813.544,0,1,0,1.000,1.000,1.000,-90.00,90.00,0.00,OPEN,0
654813.548,0,1,0,1.000,0.997,1.000,-90.00,90.00,0.00,OPEN,0
654813.552,2,1,0,1.000,1.000,1.000,-90.00,90.00,-4.50,OPEN,0
654813.555,2,1,0,1.000,1.000,1.000,-90.00,90.00,-4.50,OPEN,0
654813.559,2,1,0,1.000,1.000,1.000,-90.00,90.00,-4.50,OPEN,0
654813.563,2,1,0,1.000,1.000,1.000,-90.00,90.00,-4.50,OPEN,0
654813.567,2,1,0,1.000,0.996,0.988,-90.00,90.00,-4.50,OPEN,0
654813.571,2,1,0,1.000,0.999,0.980,-90.00,90.00,-4.50,OPEN,0
654813.574,2,1,0,1.000,0.999,0.977,-90.00,90.00,-4.50,OPEN,0
654813.578,2,1,0,1.000,0.998,0.962,-90.00,90.00,-4.50,OPEN,1
654813.581,2,1,0,1.000,0.958,0.800,-90.00,90.00,-4.50,OPEN,0
654813.585,2,1,0,1.000,1.000,0.998,-90.00,90.00,-4.50,OPEN,0
654813.588,2,1,0,1.000,1.000,1.000,-90.00,90.00,-4.50,OPEN,0
654813.592,2,1,0,1.000,1.000,1.000,-90.00,90.00,-4.50,OPEN,0
654813.597,2,1,0,1.000,1.000,1.000,-90.00,90.00,-4.50,OPEN,0
654813.602,2,1,0,1.000,1.000,1.000,-90.00,90.00,-4.50,OPEN,0
654813.608,2,1,0,1.000,1.000,1.000,-90.00,90.00,-4.50,OPEN,0
654813.613,2,1,0,1.000,1.000,1.000,-90.00,90.00,-4.50,OPEN,0
654813.617,2,0,0,1.000,1.000,1.000,-90.00,180.00,-4.50,OPEN,0
654813.622,2,0,0,1.000,1.000,1.000,-90.00,180.00,-4.50,OPEN,0
654813.625,2,0,0,1.000,1.000,1.000,-90.00,180.00,-4.50,OPEN,0
654813.629,2,0,0,1.000,1.000,1.000,-90.00,180.00,-4.50,OPEN,0
654813.633,2,0,0,1.000,1.000,1.000,-90.00,180.00,-4.50,OPEN,0
654813.637,2,0,0,1.000,1.000,1.000,-90.00,180.00,-4.50,OPEN,0
654813.640,2,0,0,1.000,1.000,1.000,-90.00,180.00,-4.50,OPEN,0
654813.645,2,0,0,1.000,1.000,1.000,-90.00,180.00,-4.50,OPEN,0
654813.649,2,0,0,1.000,1.000,1.000,-90.00,180.00,-4.50,OPEN,0
654813.652,2,0,0,1.000,1.000,1.000,-90.00,180.00,-9.00,OPEN,0
654813.656,2,0,0,1.000,1.000,1.000,-90.00,180.00,-9.00,OPEN,0
654813.660,2,0,0,1.000,1.000,1.000,-90.00,180.00,-9.00,OPEN,0
654813.664,2,0,0,1.000,1.000,1.000,-90.00,180.00,-9.00,OPEN,0
654813.668,2,0,0,1.000,1.000,1.000,-90.00,180.00,-9.00,OPEN,0
654813.671,2,0,0,1.000,1.000,1.000,-90.00,180.00,-9.00,OPEN,0
654813.675,2,0,0,1.000,1.000,1.000,-90.00,180.00,-9.00,OPEN,0
654813.678,2,0,0,1.000,1.000,1.000,-90.00,180.00,-9.00,OPEN,1
654813.683,2,0,0,1.000,1.000,1.000,-90.00,180.00,-9.00,OPEN,0
654813.687,2,0,0,1.000,1.000,1.000,-90.00,180.00,-9.00,OPEN,0
654813.691,2,0,0,1.000,1.000,1.000,-90.00,180.00,-9.00,OPEN,0
654813.695,2,0,0,1.000,1.000,1.000,-90.00,180.00,-9.00,OPEN,0
654813.699,2,0,0,1.000,1.000,1.000,-90.00,180.00,-9.00,OPEN,0
654813.703,2,0,0,1.000,1.000,1.000,-90.00,180.00,-9.00,OPEN,0
654813.707,2,0,0,1.000,1.000,1.000,-90.00,180.00,-9.00,OPEN,0
654813.711,2,0,0,1.000,1.000,1.000,-90.00,180.00,-9.00,OPEN,0
654813.714,2,0,0,1.000,1.000,1.000,-90.00,180.00,-9.00,OPEN,0
654813.718,2,0,0,1.000,1.000,1.000,-90.00,180.00,-9.00,OPEN,0
654813.721,2,0,0,1.000,1.000,1.000,-90.00,180.00,-9.00,OPEN,0
654813.725,2,0,0,1.000,1.000,1.000,-90.00,180.00,-9.00,OPEN,0
654813.729,2,0,0,1.000,1.000,1.000,-90.00,180.00,-9.00,OPEN,0
654813.734,2,0,0,1.000,1.000,1.000,-90.00,180.00,-9.00,OPEN,0
654813.738,2,0,0,1.000,1.000,1.000,-90.00,180.00,-9.00,OPEN,0
654813.742,2,0,0,1.000,1.000,1.000,-90.00,180.00,-9.00,OPEN,0
654813.745,2,0,0,1.000,1.000,1.000,-90.00,180.00,-9.00,OPEN,0
654813.749,2,0,0,1.000,1.000,1.000,-90.00,180.00,-9.00,OPEN,0
654813.753,2,0,0,1.000,1.000,1.000,-90.00,180.00,-13.50,OPEN,0
654813.756,2,0,0,1.000,1.000,1.000,-90.00,180.00,-13.50,OPEN,0
654813.760,2,0,0,1.000,1.000,1.000,-90.00,180.00,-13.50,OPEN,0
654813.764,2,0,0,1.000,1.000,1.000,-90.00,180.00,-13.50,OPEN,0
654813.768,2,0,0,1.000,1.000,1.000,-90.00,180.00,-13.50,OPEN,0
654813.771,2,0,0,1.000,1.000,1.000,-90.00,180.00,-13.50,OPEN,0
654813.775,2,0,0,1.000,1.000,1.000,-90.00,180.00,-13.50,OPEN,0
654813.779,2,0,0,1.000,1.000,1.000,-90.00,180.00,-13.50,OPEN,1
654813.784,2,0,0,1.000,1.000,1.000,-90.00,180.00,-13.50,OPEN,0
654813.790,2,0,0,1.000,1.000,1.000,-90.00,180.00,-13.50,OPEN,0
654813.799,2,0,0,1.000,1.000,1.000,-90.00,180.00,-13.50,OPEN,0
654813.809,2,0,0,1.000,1.000,1.000,-90.00,180.00,-13.50,OPEN,0
654813.814,2,0,0,1.000,1.000,1.000,-90.00,180.00,-13.50,OPEN,0
654813.820,2,0,0,1.000,1.000,1.000,-90.00,180.00,-13.50,OPEN,0
654813.826,2,0,0,1.000,1.000,1.000,-90.00,180.00,-13.50,OPEN,0
654813.832,2,0,0,1.000,1.000,1.000,-90.00,180.00,-13.50,OPEN,0
654813.841,2,0,0,1.000,1.000,1.000,-90.00,180.00,-13.50,OPEN,0
654813.846,2,0,0,1.000,1.000,1.000,-90.00,180.00,-13.50,OPEN,0
654813.850,2,0,0,1.000,1.000,1.000,-90.00,180.00,-13.50,OPEN,0
654813.854,2,0,0,1.000,1.000,1.000,-90.00,180.00,-18.00,OPEN,0
654813.858,2,0,0,1.000,1.000,1.000,-90.00,180.00,-18.00,OPEN,0
654813.862,2,0,0,1.000,1.000,1.000,-90.00,180.00,-18.00,OPEN,0
654813.866,2,0,0,1.000,1.000,1.000,-90.00,180.00,-18.00,OPEN,0
654813.870,2,0,0,1.000,1.000,1.000,-90.00,180.00,-18.00,OPEN,0
654813.875,2,0,0,1.000,1.000,1.000,-90.00,180.00,-18.00,OPEN,0
654813.879,2,0,0,1.000,1.000,1.000,-90.00,180.00,-18.00,OPEN,0
654813.882,2,0,0,1.000,1.000,1.000,-90.00,180.00,-18.00,OPEN,1
654813.886,2,0,0,1.000,1.000,1.000,-90.00,180.00,-18.00,OPEN,0
654813.890,2,0,0,1.000,1.000,1.000,-90.00,180.00,-18.00,OPEN,0
654813.895,2,0,0,1.000,1.000,1.000,-90.00,180.00,-18.00,OPEN,0
654813.899,2,0,0,1.000,1.000,1.000,-90.00,180.00,-18.00,OPEN,0
654813.904,2,0,0,1.000,1.000,1.000,-90.00,180.00,-18.00,OPEN,0
654813.907,2,0,0,1.000,1.000,1.000,-90.00,180.00,-18.00,OPEN,0
654813.911,2,0,0,1.000,1.000,1.000,-90.00,180.00,-18.00,OPEN,0
654813.915,2,0,0,1.000,1.000,1.000,-90.00,180.00,-18.00,OPEN,0
654813.919,2,0,0,1.000,1.000,1.000,-90.00,180.00,-18.00,OPEN,0
654813.923,2,0,0,1.000,1.000,1.000,-90.00,180.00,-18.00,OPEN,0
654813.927,2,0,0,1.000,1.000,1.000,-90.00,180.00,-18.00,OPEN,0
654813.930,2,0,0,1.000,1.000,1.000,-90.00,180.00,-18.00,OPEN,0
654813.934,2,0,0,1.000,1.000,1.000,-90.00,180.00,-18.00,OPEN,0
654813.938,2,0,0,1.000,1.000,1.000,-90.00,180.00,-18.00,OPEN,0
654813.942,2,0,0,1.000,1.000,1.000,-90.00,180.00,-18.00,OPEN,0
654813.946,2,0,0,1.000,1.000,1.000,-90.00,180.00,-18.00,OPEN,0
654813.951,2,0,0,1.000,1.000,1.000,-90.00,180.00,-18.00,OPEN,0
654813.955,2,0,0,1.000,1.000,1.000,-90.00,180.00,-22.50,OPEN,0
654813.959,2,0,0,1.000,1.000,1.000,-90.00,180.00,-22.50,OPEN,0
654813.963,2,0,0,1.000,1.000,1.000,-90.00,180.00,-22.50,OPEN,0
654813.966,2,0,0,1.000,1.000,1.000,-90.00,180.00,-22.50,OPEN,0
654813.970,2,0,0,1.000,1.000,1.000,-90.00,180.00,-22.50,OPEN,0
654813.974,2,0,0,1.000,1.000,1.000,-90.00,180.00,-22.50,OPEN,0
654813.978,2,0,0,1.000,1.000,1.000,-90.00,180.00,-22.50,OPEN,0
654813.981,2,0,0,1.000,1.000,1.000,-90.00,180.00,-22.50,OPEN,0
654813.985,2,0,0,1.000,1.000,1.000,-90.00,180.00,-22.50,OPEN,1
654813.988,2,0,0,1.000,1.000,1.000,-90.00,180.00,-22.50,OPEN,0
654813.992,2,0,0,1.000,1.000,1.000,-90.00,180.00,-22.50,OPEN,0
654813.996,2,0,0,1.000,1.000,1.000,-90.00,180.00,-22.50,OPEN,0
654814.000,2,0,0,1.000,1.000,1.000,-90.00,180.00,-22.50,OPEN,0
654814.003,2,0,0,1.000,1.000,1.000,-90.00,180.00,-22.50,OPEN,0
654814.007,2,0,0,1.000,1.000,1.000,-90.00,180.00,-22.50,OPEN,0
654814.010,2,0,0,1.000,1.000,1.000,-90.00,180.00,-22.50,OPEN,0
654814.014,2,0,0,0.999,1.000,1.000,-90.00,180.00,-22.50,OPEN,0
654814.017,2,0,0,0.998,1.000,1.000,-90.00,180.00,-22.50,OPEN,0
654814.022,2,0,0,0.994,1.000,1.000,-90.00,180.00,-22.50,OPEN,0
654814.026,2,0,0,0.963,1.000,1.000,-90.00,180.00,-22.50,OPEN,0
654814.030,2,0,0,0.904,1.000,1.000,-90.00,180.00,-22.50,OPEN,0
654814.035,2,0,0,0.723,1.000,1.000,-90.00,180.00,-22.50,OPEN,0
654814.038,2,0,0,0.684,1.000,1.000,-90.00,180.00,-22.50,OPEN,0
654814.042,2,0,0,0.927,1.000,1.000,-90.00,180.00,-22.50,OPEN,0
654814.046,2,0,0,0.966,1.000,1.000,-90.00,180.00,-22.50,OPEN,0
654814.049,2,0,0,0.999,1.000,1.000,-90.00,180.00,-22.50,OPEN,0
654814.053,2,0,0,1.000,1.000,1.000,-90.00,180.00,-22.50,OPEN,0
654814.056,2,0,0,1.000,1.000,1.000,-90.00,180.00,-27.00,OPEN,0
654814.060,2,0,0,1.000,1.000,1.000,-90.00,180.00,-27.00,OPEN,0
654814.063,2,0,0,1.000,1.000,1.000,-90.00,180.00,-27.00,OPEN,0
654814.066,0,0,0,1.000,1.000,1.000,-90.00,180.00,-27.00,OPEN,0
654814.071,0,0,0,1.000,1.000,1.000,-90.00,180.00,-27.00,OPEN,0
654814.074,0,0,0,1.000,1.000,1.000,-90.00,180.00,-27.00,OPEN,0
654814.078,0,0,0,1.000,1.000,1.000,-90.00,180.00,-27.00,OPEN,0
654814.082,0,0,0,1.000,1.000,1.000,-90.00,180.00,-27.00,OPEN,0
654814.086,0,0,0,1.000,1.000,1.000,-90.00,180.00,-27.00,OPEN,1
654814.089,0,0,0,1.000,1.000,1.000,-90.00,180.00,-27.00,OPEN,0
654814.093,0,0,0,1.000,1.000,1.000,-90.00,180.00,-27.00,OPEN,0
654814.096,0,0,0,1.000,1.000,1.000,-90.00,180.00,-27.00,OPEN,0
654814.100,0,0,0,1.000,1.000,1.000,-90.00,180.00,-27.00,OPEN,0
654814.103,0,0,0,1.000,1.000,1.000,-90.00,180.00,-27.00,OPEN,0
654814.107,0,0,0,1.000,1.000,1.000,-90.00,180.00,-27.00,OPEN,0
654814.112,0,0,0,1.000,1.000,1.000,-90.00,180.00,-27.00,OPEN,0
654814.116,0,0,0,1.000,1.000,1.000,-90.00,180.00,-27.00,OPEN,0
654814.121,0,0,0,1.000,1.000,1.000,-90.00,180.00,-27.00,OPEN,0
654814.127,0,0,0,1.000,1.000,1.000,-90.00,180.00,-27.00,OPEN,0
654814.132,0,0,0,1.000,1.000,1.000,-90.00,180.00,-27.00,OPEN,0
654814.136,0,0,0,1.000,1.000,1.000,-90.00,180.00,-27.00,OPEN,0
654814.140,0,0,0,1.000,1.000,1.000,-90.00,180.00,-27.00,OPEN,0
654814.144,0,0,0,1.000,1.000,1.000,-90.00,180.00,-27.00,OPEN,0
654814.148,0,0,0,1.000,1.000,1.000,-90.00,180.00,-27.00,OPEN,0
654814.151,0,0,0,1.000,1.000,1.000,-90.00,180.00,-27.00,OPEN,0
654814.154,0,0,0,1.000,1.000,1.000,-90.00,180.00,-27.00,OPEN,0
654814.158,0,0,0,1.000,1.000,1.000,-90.00,180.00,-27.00,OPEN,0
654814.162,0,0,0,1.000,1.000,1.000,-90.00,180.00,-27.00,OPEN,0
654814.165,0,0,0,1.000,1.000,1.000,-90.00,180.00,-27.00,OPEN,0
654814.169,0,0,0,1.000,1.000,1.000,-90.00,180.00,-27.00,OPEN,0
654814.173,0,0,0,1.000,1.000,1.000,-90.00,180.00,-27.00,OPEN,0
654814.176,0,0,0,1.000,1.000,1.000,-90.00,180.00,-27.00,OPEN,0
654814.180,0,0,0,1.000,1.000,1.000,-90.00,180.00,-27.00,OPEN,0
654814.185,0,0,0,1.000,1.000,1.000,-90.00,180.00,-27.00,OPEN,0
654814.189,0,0,0,1.000,1.000,1.000,-90.00,180.00,-27.00,OPEN,0
654814.193,0,0,0,1.000,1.000,1.000,-90.00,180.00,-27.00,OPEN,0
654814.197,0,0,0,1.000,1.000,1.000,-90.00,180.00,-27.00,OPEN,0
654814.200,0,0,0,1.000,1.000,1.000,-90.00,180.00,-27.00,OPEN,0
654814.204,0,0,0,1.000,1.000,1.000,-90.00,180.00,-27.00,OPEN,0
654814.208,0,0,0,1.000,1.000,1.000,-90.00,180.00,-27.00,OPEN,0
654814.212,0,0,0,1.000,1.000,1.000,-90.00,180.00,-27.00,OPEN,0
654814.216,0,0,0,1.000,1.000,1.000,-90.00,180.00,-27.00,OPEN,0
654814.220,0,0,0,1.000,1.000,1.000,-90.00,180.00,-27.00,OPEN,0
654814.225,0,0,0,1.000,1.000,1.000,-90.00,180.00,-27.00,OPEN,0
654814.228,0,0,0,1.000,1.000,1.000,-90.00,180.00,-27.00,OPEN,0
654814.232,0,0,0,1.000,1.000,1.000,-90.00,180.00,-27.00,OPEN,0
654814.235,0,0,0,1.000,1.000,1.000,-90.00,180.00,-27.00,OPEN,0
654814.239,0,0,0,1.000,1.000,1.000,-90.00,180.00,-27.00,OPEN,0
654814.242,0,0,0,1.000,1.000,1.000,-90.00,180.00,-27.00,OPEN,0
654814.246,0,0,0,1.000,1.000,1.000,-90.00,180.00,-27.00,OPEN,0
654814.250,0,0,0,1.000,1.000,1.000,-90.00,180.00,-27.00,OPEN,0
654814.253,0,0,0,1.000,1.000,1.000,-90.00,180.00,-27.00,OPEN,0
654814.257,0,0,0,1.000,1.000,1.000,-90.00,180.00,-27.00,OPEN,0
654814.261,0,0,0,1.000,1.000,1.000,-90.00,180.00,-27.00,OPEN,0
654814.265,0,0,0,1.000,1.000,1.000,-90.00,180.00,-27.00,OPEN,0
654814.268,0,0,0,1.000,1.000,1.000,-90.00,180.00,-27.00,OPEN,0
654814.272,0,0,0,1.000,1.000,1.000,-90.00,180.00,-27.00,OPEN,0
654814.276,0,0,0,1.000,1.000,1.000,-90.00,180.00,-27.00,OPEN,0
654814.281,0,0,0,1.000,1.000,1.000,-90.00,180.00,-27.00,OPEN,0
654814.285,0,0,0,1.000,1.000,1.000,-90.00,180.00,-27.00,OPEN,0
654814.289,0,0,0,1.000,1.000,1.000,-90.00,180.00,-27.00,OPEN,0
654814.292,0,0,0,1.000,1.000,1.000,-90.00,180.00,-27.00,OPEN,0
654814.296,0,0,0,1.000,1.000,1.000,-90.00,180.00,-27.00,OPEN,0
654814.299,0,0,0,1.000,1.000,1.000,-90.00,180.00,-27.00,OPEN,0
654814.303,0,0,0,1.000,1.000,1.000,-90.00,180.00,-27.00,OPEN,0
654814.307,0,0,0,1.000,1.000,1.000,-90.00,180.00,-27.00,OPEN,0
654814.311,0,0,0,1.000,1.000,1.000,-90.00,180.00,-27.00,OPEN,0
654814.315,0,0,0,1.000,1.000,1.000,-90.00,180.00,-27.00,OPEN,0
654814.319,0,0,0,1.000,1.000,1.000,-90.00,180.00,-27.00,OPEN,0
654814.322,0,0,0,1.000,1.000,1.000,-90.00,180.00,-27.00,OPEN,0
654814.326,0,0,0,1.000,1.000,1.000,-90.00,180.00,-27.00,OPEN,0
654814.330,0,0,0,1.000,1.000,1.000,-90.00,180.00,-27.00,OPEN,0
654814.333,0,0,0,1.000,1.000,1.000,-90.00,180.00,-27.00,OPEN,0
654814.337,0,0,0,1.000,1.000,1.000,-90.00,180.00,-27.00,OPEN,0
654814.341,0,0,0,1.000,1.000,1.000,-90.00,180.00,-27.00,OPEN,0
654814.344,0,0,0,1.000,1.000,1.000,-90.00,180.00,-27.00,OPEN,0
654814.348,0,0,0,1.000,1.000,1.000,-90.00,180.00,-27.00,OPEN,0
654814.352,0,0,0,1.000,1.000,1.000,-90.00,180.00,-27.00,OPEN,0
654814.355,0,0,0,1.000,1.000,1.000,-90.00,180.00,-27.00,OPEN,0
654814.359,0,0,0,1.000,1.000,1.000,-90.00,180.00,-27.00,OPEN,0
654814.363,0,0,0,1.000,1.000,1.000,-90.00,180.00,-27.00,OPEN,0
654814.366,0,0,0,1.000,1.000,1.000,-90.00,180.00,-27.00,OPEN,0
654814.370,0,0,0,1.000,1.000,1.000,-90.00,180.00,-27.00,OPEN,0
654814.374,0,0,0,1.000,1.000,1.000,-90.00,180.00,-27.00,OPEN,0
654814.378,0,0,0,1.000,1.000,1.000,-90.00,180.00,-27.00,OPEN,0
654814.382,0,0,0,1.000,1.000,1.000,-90.00,180.00,-27.00,OPEN,0
654814.386,0,0,0,1.000,1.000,1.000,-90.00,180.00,-27.00,OPEN,0
654814.390,0,0,0,1.000,1.000,1.000,-90.00,180.00,-27.00,OPEN,0
654814.394,0,0,0,1.000,1.000,1.000,-90.00,180.00,-27.00,OPEN,0
654814.397,0,0,0,1.000,1.000,1.000,-90.00,180.00,-27.00,OPEN,0
654814.401,0,0,0,1.000,1.000,1.000,-90.00,180.00,-27.00,OPEN,0
654814.405,0,0,0,1.000,1.000,1.000,-90.00,180.00,-27.00,OPEN,0
654814.409,0,0,0,1.000,1.000,1.000,-90.00,180.00,-27.00,OPEN,0
654814.412,0,0,0,1.000,1.000,1.000,-90.00,180.00,-27.00,OPEN,0
654814.416,0,0,0,1.000,1.000,1.000,-90.00,180.00,-27.00,OPEN,0
654814.420,0,0,0,1.000,1.000,1.000,-90.00,180.00,-27.00,OPEN,0
654814.423,0,0,0,1.000,1.000,1.000,-90.00,180.00,-27.00,OPEN,0
654814.427,0,0,0,1.000,1.000,1.000,-90.00,180.00,-27.00,OPEN,0
654814.431,0,0,0,1.000,1.000,1.000,-90.00,180.00,-27.00,OPEN,0
654814.434,0,0,0,1.000,1.000,1.000,-90.00,180.00,-27.00,OPEN,0
654814.438,0,0,0,1.000,1.000,1.000,-90.00,180.00,-27.00,OPEN,0
654814.441,0,0,0,1.000,1.000,1.000,-90.00,180.00,-27.00,OPEN,0
654814.446,0,0,0,1.000,1.000,1.000,-90.00,180.00,-27.00,OPEN,0
654814.450,0,0,0,1.000,1.000,1.000,-90.00,180.00,-27.00,OPEN,0
654814.455,0,0,0,1.000,1.000,1.000,-90.00,180.00,-27.00,OPEN,0
654814.459,0,0,0,0.999,1.000,1.000,-90.00,180.00,-27.00,OPEN,0
654814.463,0,0,0,0.997,1.000,1.000,-90.00,180.00,-27.00,OPEN,0
654814.467,0,0,0,0.997,1.000,1.000,-90.00,180.00,-27.00,OPEN,0
654814.470,0,0,0,0.991,1.000,1.000,-90.00,180.00,-27.00,OPEN,0
654814.474,0,0,0,0.989,1.000,1.000,-90.00,180.00,-27.00,OPEN,0
654814.478,0,0,0,0.999,1.000,1.000,-90.00,180.00,-27.00,OPEN,0
654814.482,0,0,0,1.000,1.000,1.000,-90.00,180.00,-27.00,OPEN,0
654814.487,0,0,0,1.000,1.000,1.000,-90.00,180.00,-27.00,OPEN,0
654814.491,0,0,0,1.000,1.000,1.000,-90.00,180.00,-27.00,OPEN,0
654814.495,0,0,0,1.000,1.000,1.000,-90.00,180.00,-27.00,OPEN,0
654814.500,0,0,0,1.000,1.000,1.000,-90.00,180.00,-27.00,OPEN,0
654814.504,0,0,0,1.000,1.000,1.000,-90.00,180.00,-27.00,OPEN,0
654814.508,0,0,0,1.000,1.000,1.000,-90.00,180.00,-27.00,OPEN,0
654814.512,0,0,0,1.000,1.000,1.000,-90.00,180.00,-27.00,OPEN,0
654814.516,0,0,0,1.000,1.000,1.000,-90.00,180.00,-27.00,OPEN,0
654814.520,0,0,0,1.000,1.000,1.000,-90.00,180.00,-27.00,OPEN,0
654814.525,0,0,0,1.000,1.000,1.000,-90.00,180.00,-27.00,OPEN,0
654814.531,0,0,0,1.000,1.000,1.000,-90.00,180.00,-27.00,OPEN,0
654814.537,0,0,0,1.000,1.000,1.000,-90.00,180.00,-27.00,OPEN,0
654814.543,0,0,0,1.000,1.000,1.000,-90.00,180.00,-27.00,OPEN,0
654814.548,0,0,0,1.000,1.000,1.000,-90.00,180.00,-27.00,OPEN,0
654814.554,0,0,0,1.000,1.000,1.000,-90.00,180.00,-27.00,OPEN,0
654814.560,0,0,0,1.000,1.000,1.000,-90.00,180.00,-27.00,OPEN,0
654814.564,0,0,0,1.000,1.000,1.000,-90.00,180.00,-27.00,OPEN,0
654814.568,0,0,0,1.000,1.000,1.000,-90.00,180.00,-27.00,OPEN,0
654814.572,0,0,0,1.000,1.000,1.000,-90.00,180.00,-27.00,OPEN,0
654814.576,0,0,0,1.000,1.000,1.000,-90.00,180.00,-27.00,OPEN,0
654814.579,0,0,0,1.000,1.000,1.000,-90.00,180.00,-27.00,OPEN,0
654814.583,0,0,0,1.000,1.000,1.000,-90.00,180.00,-27.00,OPEN,0
654814.586,0,0,0,1.000,1.000,1.000,-90.00,180.00,-27.00,OPEN,0
654814.590,0,0,0,1.000,1.000,1.000,-90.00,180.00,-27.00,OPEN,0
654814.593,0,0,0,1.000,1.000,1.000,-90.00,180.00,-27.00,OPEN,0
654814.597,0,0,0,0.863,1.000,1.000,-90.00,180.00,-27.00,OPEN,0
654814.600,0,0,0,0.956,1.000,1.000,-90.00,180.00,-27.00,OPEN,0
654814.604,0,0,0,0.993,1.000,1.000,-90.00,180.00,-27.00,OPEN,0
654814.608,0,0,0,0.993,1.000,1.000,-90.00,180.00,-27.00,OPEN,0
654814.612,0,0,0,0.970,1.000,1.000,-90.00,180.00,-27.00,OPEN,0
654814.616,0,0,0,0.616,1.000,1.000,-90.00,180.00,-27.00,OPEN,0
654814.620,0,0,0,0.909,1.000,1.000,-90.00,180.00,-27.00,OPEN,0
654814.625,0,0,0,0.990,1.000,1.000,-90.00,180.00,-27.00,OPEN,0
654814.628,0,0,0,0.994,1.000,1.000,-90.00,180.00,-27.00,OPEN,0
654814.632,0,0,0,0.995,1.000,1.000,-90.00,180.00,-27.00,OPEN,0
654814.636,0,0,0,0.996,1.000,1.000,-90.00,180.00,-27.00,OPEN,0
654814.640,0,0,0,0.995,1.000,1.000,-90.00,180.00,-27.00,OPEN,0
654814.644,0,0,0,0.993,1.000,1.000,-90.00,180.00,-27.00,OPEN,0
654814.648,0,0,0,0.990,1.000,1.000,-90.00,180.00,-27.00,OPEN,0
654814.652,0,0,0,0.985,1.000,1.000,-90.00,180.00,-27.00,OPEN,0
654814.656,0,0,0,0.983,1.000,1.000,-90.00,180.00,-27.00,OPEN,0
654814.660,0,0,0,0.985,1.000,1.000,-90.00,180.00,-27.00,OPEN,0
654814.663,0,0,0,0.989,1.000,1.000,-90.00,180.00,-27.00,OPEN,0
654814.667,3,0,0,0.995,1.000,1.000,-90.00,180.00,-27.00,CLOSED,0
654814.670,3,0,0,0.997,1.000,1.000,-90.00,180.00,-27.00,CLOSED,0
654814.674,3,0,0,0.999,1.000,1.000,-90.00,180.00,-27.00,CLOSED,0
654814.679,3,0,0,0.999,1.000,1.000,-90.00,180.00,-27.00,CLOSED,0
654814.683,3,0,0,1.000,1.000,1.000,-90.00,180.00,-27.00,CLOSED,0
654814.687,3,0,0,1.000,1.000,1.000,-90.00,180.00,-27.00,CLOSED,0
654814.691,3,0,0,1.000,1.000,1.000,-90.00,180.00,-27.00,CLOSED,0
654814.696,3,0,0,1.000,1.000,1.000,-90.00,180.00,-27.00,CLOSED,0
654814.700,3,0,0,1.000,1.000,1.000,-90.00,180.00,-27.00,CLOSED,0
654814.704,3,0,0,1.000,1.000,1.000,-90.00,180.00,-27.00,CLOSED,0
654814.708,3,0,0,1.000,1.000,1.000,-90.00,180.00,-27.00,CLOSED,0
654814.712,3,0,0,1.000,1.000,1.000,-90.00,180.00,-27.00,CLOSED,0
654814.715,3,0,0,1.000,1.000,1.000,-90.00,180.00,-27.00,CLOSED,0
654814.719,3,0,0,1.000,1.000,1.000,-90.00,180.00,-27.00,CLOSED,0
654814.722,3,0,0,1.000,1.000,1.000,-90.00,180.00,-27.00,CLOSED,0
654814.726,3,0,0,1.000,1.000,1.000,-90.00,180.00,-27.00,CLOSED,0
654814.730,3,0,0,1.000,1.000,1.000,-90.00,180.00,-27.00,CLOSED,0
654814.734,3,0,0,1.000,1.000,1.000,-90.00,180.00,-27.00,CLOSED,0
654814.738,3,0,0,1.000,1.000,1.000,-90.00,180.00,-27.00,CLOSED,0
654814.742,3,0,0,1.000,1.000,1.000,-90.00,180.00,-27.00,CLOSED,0
654814.745,3,0,0,0.999,1.000,1.000,-90.00,180.00,-27.00,CLOSED,0
654814.749,3,0,0,0.997,1.000,1.000,-90.00,180.00,-27.00,CLOSED,0
654814.753,3,0,0,0.992,1.000,1.000,-90.00,180.00,-27.00,CLOSED,0
654814.757,3,0,0,0.987,1.000,1.000,-90.00,180.00,-27.00,CLOSED,0
654814.760,3,0,0,0.985,1.000,1.000,-90.00,180.00,-27.00,CLOSED,0
654814.764,3,0,0,0.989,1.000,1.000,-90.00,180.00,-27.00,CLOSED,0
654814.767,3,0,0,0.993,1.000,1.000,-90.00,180.00,-27.00,CLOSED,0
654814.772,3,0,0,0.996,1.000,1.000,-90.00,180.00,-27.00,CLOSED,0
654814.776,3,0,0,0.997,1.000,1.000,-90.00,180.00,-27.00,CLOSED,0
654814.781,3,0,0,0.998,1.000,1.000,-90.00,180.00,-27.00,CLOSED,0
654814.784,3,0,0,0.998,1.000,1.000,-90.00,180.00,-27.00,CLOSED,0
654814.788,3,0,0,0.999,1.000,1.000,-90.00,180.00,-27.00,CLOSED,0
654814.792,3,0,0,0.999,1.000,1.000,-90.00,180.00,-27.00,CLOSED,0
654814.796,3,0,0,0.999,1.000,1.000,-90.00,180.00,-27.00,CLOSED,0
654814.800,3,0,0,1.000,1.000,1.000,-90.00,180.00,-27.00,CLOSED,0
654814.804,3,0,0,1.000,1.000,1.000,-90.00,180.00,-27.00,CLOSED,0
654814.808,3,0,0,1.000,1.000,1.000,-90.00,180.00,-27.00,CLOSED,0
654814.812,3,0,0,1.000,1.000,1.000,-90.00,180.00,-27.00,CLOSED,0
654814.816,3,0,0,1.000,1.000,1.000,-90.00,180.00,-27.00,CLOSED,0
654814.820,3,0,0,1.000,1.000,1.000,-90.00,180.00,-27.00,CLOSED,0
654814.825,3,0,0,1.000,1.000,1.000,-90.00,180.00,-27.00,CLOSED,0
654814.829,3,0,0,1.000,1.000,1.000,-90.00,180.00,-27.00,CLOSED,0
654814.832,3,0,0,1.000,1.000,1.000,-90.00,180.00,-27.00,CLOSED,0
654814.836,3,0,0,1.000,1.000,1.000,-90.00,180.00,-27.00,CLOSED,0
654814.839,3,0,0,1.000,1.000,1.000,-90.00,180.00,-27.00,CLOSED,0
654814.843,3,0,0,1.000,1.000,1.000,-90.00,180.00,-27.00,CLOSED,0
654814.847,3,0,0,1.000,1.000,1.000,-90.00,180.00,-27.00,CLOSED,0
654814.851,3,0,0,1.000,1.000,1.000,-90.00,180.00,-27.00,CLOSED,0
654814.855,3,0,0,1.000,1.000,1.000,-90.00,180.00,-27.00,CLOSED,0
654814.859,3,0,0,1.000,1.000,1.000,-90.00,180.00,-27.00,CLOSED,0
654814.863,3,0,0,1.000,1.000,1.000,-90.00,180.00,-27.00,CLOSED,0
654814.867,3,0,0,1.000,1.000,1.000,-90.00,180.00,-27.00,CLOSED,0
654814.871,3,0,0,1.000,1.000,1.000,-90.00,180.00,-27.00,CLOSED,0
654814.875,3,0,0,1.000,1.000,1.000,-90.00,180.00,-27.00,CLOSED,0
654814.879,3,0,0,1.000,1.000,1.000,-90.00,180.00,-27.00,CLOSED,0
654814.883,3,0,0,1.000,1.000,1.000,-90.00,180.00,-27.00,CLOSED,0
654814.886,3,0,0,1.000,1.000,1.000,-90.00,180.00,-27.00,CLOSED,0
654814.890,3,0,0,1.000,1.000,1.000,-90.00,180.00,-27.00,CLOSED,0
654814.894,3,0,0,1.000,1.000,1.000,-90.00,180.00,-27.00,CLOSED,0
654814.898,3,0,0,1.000,1.000,1.000,-90.00,180.00,-27.00,CLOSED,0
654814.901,3,0,0,1.000,1.000,1.000,-90.00,180.00,-27.00,CLOSED,0
654814.905,3,0,0,1.000,1.000,1.000,-90.00,180.00,-27.00,CLOSED,0
654814.909,3,0,0,1.000,1.000,1.000,-90.00,180.00,-27.00,CLOSED,0
654814.913,3,0,0,1.000,1.000,1.000,-90.00,180.00,-27.00,CLOSED,0
654814.916,3,0,0,1.000,1.000,1.000,-90.00,180.00,-27.00,CLOSED,0
654814.920,3,0,0,1.000,1.000,1.000,-90.00,180.00,-27.00,CLOSED,0
654814.924,3,0,0,1.000,1.000,1.000,-90.00,180.00,-27.00,CLOSED,0
654814.927,3,0,0,1.000,1.000,1.000,-90.00,180.00,-27.00,CLOSED,0
654814.931,3,0,0,1.000,1.000,1.000,-90.00,180.00,-27.00,CLOSED,0
654814.935,3,0,0,1.000,1.000,1.000,-90.00,180.00,-27.00,CLOSED,0
654814.938,3,0,0,1.000,1.000,1.000,-90.00,180.00,-27.00,CLOSED,0
654814.942,3,0,0,1.000,1.000,1.000,-90.00,180.00,-27.00,CLOSED,0
654814.945,3,0,0,1.000,1.000,1.000,-90.00,180.00,-27.00,CLOSED,0
654814.949,3,0,0,1.000,1.000,1.000,-90.00,180.00,-27.00,CLOSED,0
654814.952,3,0,0,1.000,1.000,1.000,-90.00,180.00,-27.00,CLOSED,0
654814.956,3,0,0,1.000,1.000,1.000,-90.00,180.00,-27.00,CLOSED,0
654814.960,3,0,0,1.000,1.000,1.000,-90.00,180.00,-27.00,CLOSED,0
654814.964,3,0,0,1.000,1.000,1.000,-90.00,180.00,-27.00,CLOSED,0
654814.969,3,0,0,1.000,1.000,1.000,-90.00,180.00,-27.00,CLOSED,0
654814.973,3,0,0,1.000,1.000,1.000,-90.00,180.00,-27.00,CLOSED,0
654814.978,3,0,0,1.000,1.000,1.000,-90.00,180.00,-27.00,CLOSED,0
654814.983,3,0,0,1.000,1.000,1.000,-90.00,180.00,-27.00,CLOSED,0
654814.987,3,0,0,1.000,1.000,1.000,-90.00,180.00,-27.00,CLOSED,0
654814.992,3,0,0,1.000,1.000,1.000,-90.00,180.00,-27.00,CLOSED,0
654814.996,3,0,0,1.000,1.000,1.000,-90.00,180.00,-27.00,CLOSED,0
654815.000,3,0,0,1.000,1.000,1.000,-90.00,180.00,-27.00,CLOSED,0
654815.003,3,0,0,1.000,1.000,1.000,-90.00,180.00,-27.00,CLOSED,0
654815.007,3,0,0,1.000,1.000,1.000,-90.00,180.00,-27.00,CLOSED,0
654815.010,3,0,0,0.999,1.000,1.000,-90.00,180.00,-27.00,CLOSED,0
654815.014,3,0,0,0.999,1.000,1.000,-90.00,180.00,-27.00,CLOSED,0
654815.018,3,0,0,0.999,1.000,1.000,-90.00,180.00,-27.00,CLOSED,0
654815.023,3,0,0,1.000,1.000,1.000,-90.00,180.00,-27.00,CLOSED,0
654815.027,3,0,0,1.000,1.000,1.000,-90.00,180.00,-27.00,CLOSED,0
654815.032,3,0,0,1.000,1.000,1.000,-90.00,180.00,-27.00,CLOSED,0
654815.036,3,0,0,1.000,1.000,1.000,-90.00,180.00,-27.00,CLOSED,0
654815.040,3,0,0,1.000,1.000,1.000,-90.00,180.00,-27.00,CLOSED,0
654815.043,3,0,0,1.000,1.000,1.000,-90.00,180.00,-27.00,CLOSED,0
654815.047,3,0,0,1.000,1.000,1.000,-90.00,180.00,-27.00,CLOSED,0
654815.050,3,0,0,1.000,1.000,1.000,-90.00,180.00,-27.00,CLOSED,0
654815.054,3,0,0,1.000,1.000,1.000,-90.00,180.00,-27.00,CLOSED,0
654815.059,3,0,0,1.000,1.000,1.000,-90.00,180.00,-27.00,CLOSED,0
654815.063,3,0,0,1.000,1.000,1.000,-90.00,180.00,-27.00,CLOSED,0
654815.067,3,0,0,1.000,1.000,1.000,-90.00,180.00,-27.00,CLOSED,0
654815.071,3,0,0,1.000,1.000,1.000,-90.00,180.00,-27.00,CLOSED,0
654815.075,3,0,0,1.000,1.000,1.000,-90.00,180.00,-27.00,CLOSED,0
654815.078,3,0,0,1.000,1.000,1.000,-90.00,180.00,-27.00,CLOSED,0
654815.082,3,0,0,1.000,1.000,1.000,-90.00,180.00,-27.00,CLOSED,0
654815.086,3,0,0,0.984,1.000,1.000,-90.00,180.00,-27.00,CLOSED,0
654815.090,3,0,0,0.751,1.000,1.000,-90.00,180.00,-27.00,CLOSED,0
654815.093,3,0,0,0.676,1.000,1.000,-90.00,180.00,-27.00,CLOSED,0
654815.097,3,0,0,0.897,1.000,1.000,-90.00,180.00,-27.00,CLOSED,0
654815.101,3,0,0,0.933,1.000,1.000,-90.00,180.00,-27.00,CLOSED,0
654815.105,3,0,0,0.995,1.000,1.000,-90.00,180.00,-27.00,CLOSED,0
654815.109,3,0,0,1.000,1.000,1.000,-90.00,180.00,-27.00,CLOSED,0
654815.113,3,0,0,1.000,1.000,1.000,-90.00,180.00,-27.00,CLOSED,0
654815.117,3,0,0,1.000,1.000,1.000,-90.00,180.00,-27.00,CLOSED,0
654815.120,3,0,0,1.000,1.000,1.000,-90.00,180.00,-27.00,CLOSED,0
654815.124,0,0,0,1.000,1.000,1.000,-90.00,180.00,-27.00,CLOSED,0
654815.128,0,0,0,1.000,1.000,1.000,-90.00,180.00,-27.00,CLOSED,0
654815.132,0,0,0,1.000,1.000,1.000,-90.00,180.00,-27.00,CLOSED,0
654815.135,0,0,0,1.000,1.000,1.000,-90.00,180.00,-27.00,CLOSED,0
654815.139,0,0,0,1.000,1.000,1.000,-90.00,180.00,-27.00,CLOSED,0
654815.143,0,0,0,1.000,1.000,1.000,-90.00,180.00,-27.00,CLOSED,0
654815.147,0,0,0,1.000,1.000,1.000,-90.00,180.00,-27.00,CLOSED,0
654815.151,0,0,0,1.000,1.000,1.000,-90.00,180.00,-27.00,CLOSED,0
654815.155,0,0,0,1.000,1.000,1.000,-90.00,180.00,-27.00,CLOSED,0
654815.158,0,0,0,1.000,1.000,1.000,-90.00,180.00,-27.00,CLOSED,0
654815.162,0,0,0,1.000,1.000,1.000,-90.00,180.00,-27.00,CLOSED,0
654815.165,0,0,0,1.000,1.000,1.000,-90.00,180.00,-27.00,CLOSED,0
654815.170,0,0,0,1.000,1.000,1.000,-90.00,180.00,-27.00,CLOSED,0
654815.176,0,0,0,1.000,1.000,1.000,-90.00,180.00,-27.00,CLOSED,0
654815.183,0,0,0,1.000,1.000,1.000,-90.00,180.00,-27.00,CLOSED,0
654815.188,0,0,0,1.000,1.000,1.000,-90.00,180.00,-27.00,CLOSED,0
654815.194,0,0,0,1.000,1.000,1.000,-90.00,180.00,-27.00,CLOSED,0
654815.198,0,0,0,1.000,1.000,1.000,-90.00,180.00,-27.00,CLOSED,0
654815.202,0,0,0,1.000,1.000,1.000,-90.00,180.00,-27.00,CLOSED,0
654815.206,0,0,0,1.000,1.000,1.000,-90.00,180.00,-27.00,CLOSED,0
654815.210,0,0,0,1.000,1.000,1.000,-90.00,180.00,-27.00,CLOSED,0
654815.213,0,0,0,1.000,1.000,1.000,-90.00,180.00,-27.00,CLOSED,0
654815.217,0,0,0,1.000,1.000,1.000,-90.00,180.00,-27.00,CLOSED,0
654815.220,0,0,0,1.000,1.000,1.000,-90.00,180.00,-27.00,CLOSED,0
654815.224,0,0,0,1.000,1.000,1.000,-90.00,180.00,-27.00,CLOSED,0
654815.228,0,0,0,1.000,1.000,1.000,-90.00,180.00,-27.00,CLOSED,0
654815.232,0,0,0,1.000,1.000,1.000,-90.00,180.00,-27.00,CLOSED,0
654815.236,0,0,0,1.000,1.000,1.000,-90.00,180.00,-27.00,CLOSED,0
654815.240,0,0,0,1.000,1.000,1.000,-90.00,180.00,-27.00,CLOSED,0
654815.244,0,0,0,1.000,1.000,1.000,-90.00,180.00,-27.00,CLOSED,0
654815.247,0,0,0,1.000,1.000,1.000,-90.00,180.00,-27.00,CLOSED,0
654815.251,0,0,0,1.000,1.000,1.000,-90.00,180.00,-27.00,CLOSED,0
654815.255,0,0,0,1.000,1.000,1.000,-90.00,180.00,-27.00,CLOSED,0
654815.258,0,0,0,1.000,1.000,1.000,-90.00,180.00,-27.00,CLOSED,0
654815.262,0,0,0,1.000,1.000,1.000,-90.00,180.00,-27.00,CLOSED,0
654815.266,0,0,0,1.000,1.000,1.000,-90.00,180.00,-27.00,CLOSED,0
654815.270,0,0,0,1.000,1.000,1.000,-90.00,180.00,-27.00,CLOSED,0
654815.273,0,0,0,1.000,1.000,1.000,-90.00,180.00,-27.00,CLOSED,0
654815.277,0,0,0,1.000,1.000,1.000,-90.00,180.00,-27.00,CLOSED,0
654815.280,0,0,0,1.000,1.000,1.000,-90.00,180.00,-27.00,CLOSED,0
654815.283,0,0,0,1.000,1.000,1.000,-90.00,180.00,-27.00,CLOSED,0
654815.287,0,0,0,1.000,1.000,1.000,-90.00,180.00,-27.00,CLOSED,0
654815.292,0,0,0,1.000,1.000,1.000,-90.00,180.00,-27.00,CLOSED,0
654815.296,0,0,0,1.000,1.000,1.000,-90.00,180.00,-27.00,CLOSED,0
654815.300,0,0,0,1.000,1.000,1.000,-90.00,180.00,-27.00,CLOSED,0
654815.304,0,0,0,1.000,1.000,1.000,-90.00,180.00,-27.00,CLOSED,0
654815.308,0,0,0,1.000,1.000,1.000,-90.00,180.00,-27.00,CLOSED,0
654815.312,0,0,0,1.000,1.000,1.000,-90.00,180.00,-27.00,CLOSED,0
654815.315,0,0,0,1.000,1.000,1.000,-90.00,180.00,-27.00,CLOSED,0
654815.320,0,0,0,1.000,1.000,1.000,-90.00,180.00,-27.00,CLOSED,0
654815.324,0,0,0,1.000,1.000,1.000,-90.00,180.00,-27.00,CLOSED,0
654815.328,0,0,0,1.000,1.000,1.000,-90.00,180.00,-27.00,CLOSED,0
654815.332,0,0,0,1.000,1.000,1.000,-90.00,180.00,-27.00,CLOSED,0
654815.336,0,0,0,1.000,1.000,1.000,-90.00,180.00,-27.00,CLOSED,0
654815.340,0,0,0,1.000,1.000,1.000,-90.00,180.00,-27.00,CLOSED,0
654815.345,0,0,0,1.000,1.000,1.000,-90.00,180.00,-27.00,CLOSED,0
654815.349,0,0,0,1.000,1.000,1.000,-90.00,180.00,-27.00,CLOSED,0
654815.353,0,0,0,1.000,1.000,1.000,-90.00,180.00,-27.00,CLOSED,0
654815.358,0,0,0,1.000,1.000,1.000,-90.00,180.00,-27.00,CLOSED,0
654815.362,0,0,0,1.000,1.000,1.000,-90.00,180.00,-27.00,CLOSED,0
654815.366,0,0,0,1.000,1.000,1.000,-90.00,180.00,-27.00,CLOSED,0
654815.370,0,0,0,1.000,1.000,1.000,-90.00,180.00,-27.00,CLOSED,0
654815.374,0,0,0,1.000,1.000,1.000,-90.00,180.00,-27.00,CLOSED,0
654815.377,0,0,0,1.000,1.000,1.000,-90.00,180.00,-27.00,CLOSED,0
654815.381,0,0,0,1.000,1.000,1.000,-90.00,180.00,-27.00,CLOSED,0
654815.385,0,0,0,1.000,1.000,1.000,-90.00,180.00,-27.00,CLOSED,0
654815.388,0,0,0,1.000,1.000,1.000,-90.00,180.00,-27.00,CLOSED,0
654815.392,0,0,0,1.000,1.000,1.000,-90.00,180.00,-27.00,CLOSED,0
654815.396,0,0,0,1.000,1.000,1.000,-90.00,180.00,-27.00,CLOSED,0
654815.399,0,0,0,1.000,1.000,1.000,-90.00,180.00,-27.00,CLOSED,0
654815.403,0,0,0,1.000,1.000,1.000,-90.00,180.00,-27.00,CLOSED,0
654815.407,0,0,0,1.000,1.000,1.000,-90.00,180.00,-27.00,CLOSED,0
654815.410,0,0,0,1.000,1.000,1.000,-90.00,180.00,-27.00,CLOSED,0
654815.414,0,0,0,1.000,1.000,1.000,-90.00,180.00,-27.00,CLOSED,0
654815.418,0,0,0,1.000,1.000,1.000,-90.00,180.00,-27.00,CLOSED,0
654815.422,0,0,0,1.000,1.000,1.000,-90.00,180.00,-27.00,CLOSED,0
654815.426,0,0,0,1.000,1.000,1.000,-90.00,180.00,-27.00,CLOSED,0
654815.430,0,0,0,1.000,1.000,1.000,-90.00,180.00,-27.00,CLOSED,0
654815.434,0,0,0,1.000,1.000,1.000,-90.00,180.00,-27.00,CLOSED,0
654815.438,0,0,0,1.000,1.000,1.000,-90.00,180.00,-27.00,CLOSED,0
654815.442,0,0,0,1.000,1.000,1.000,-90.00,180.00,-27.00,CLOSED,0
654815.446,0,0,0,1.000,1.000,1.000,-90.00,180.00,-27.00,CLOSED,0
654815.451,0,0,0,1.000,1.000,1.000,-90.00,180.00,-27.00,CLOSED,0
654815.455,0,0,0,1.000,1.000,1.000,-90.00,180.00,-27.00,CLOSED,0
654815.459,0,0,0,1.000,1.000,1.000,-90.00,180.00,-27.00,CLOSED,0
654815.462,0,0,0,1.000,1.000,1.000,-90.00,180.00,-27.00,CLOSED,0
654815.466,0,0,0,1.000,1.000,1.000,-90.00,180.00,-27.00,CLOSED,0
654815.469,0,0,0,1.000,1.000,1.000,-90.00,180.00,-27.00,CLOSED,0
654815.473,0,0,0,1.000,1.000,1.000,-90.00,180.00,-27.00,CLOSED,0
654815.477,0,0,0,1.000,1.000,1.000,-90.00,180.00,-27.00,CLOSED,0
654815.482,0,0,0,1.000,1.000,1.000,-90.00,180.00,-27.00,CLOSED,0
654815.486,0,0,0,1.000,1.000,1.000,-90.00,180.00,-27.00,CLOSED,0
654815.491,0,0,0,1.000,1.000,1.000,-90.00,180.00,-27.00,CLOSED,0
654815.495,0,0,0,1.000,1.000,1.000,-90.00,180.00,-27.00,CLOSED,0
654815.499,0,0,0,1.000,1.000,1.000,-90.00,180.00,-27.00,CLOSED,0
654815.503,0,0,0,1.000,1.000,1.000,-90.00,180.00,-27.00,CLOSED,0
654815.507,0,0,0,1.000,1.000,1.000,-90.00,180.00,-27.00,CLOSED,0
654815.512,0,0,0,1.000,1.000,1.000,-90.00,180.00,-27.00,CLOSED,0
654815.516,0,0,0,1.000,1.000,1.000,-90.00,180.00,-27.00,CLOSED,0
654815.519,0,0,0,1.000,1.000,1.000,-90.00,180.00,-27.00,CLOSED,0
654815.523,0,0,0,1.000,1.000,1.000,-90.00,180.00,-27.00,CLOSED,0
654815.527,0,0,0,1.000,1.000,1.000,-90.00,180.00,-27.00,CLOSED,0
654815.530,0,0,0,1.000,1.000,1.000,-90.00,180.00,-27.00,CLOSED,0
654815.534,0,0,0,1.000,1.000,1.000,-90.00,180.00,-27.00,CLOSED,0
654815.537,0,0,0,1.000,1.000,1.000,-90.00,180.00,-27.00,CLOSED,0
654815.541,0,0,0,1.000,1.000,1.000,-90.00,180.00,-27.00,CLOSED,0
654815.545,0,0,0,1.000,1.000,1.000,-90.00,180.00,-27.00,CLOSED,0
654815.549,0,0,0,1.000,1.000,1.000,-90.00,180.00,-27.00,CLOSED,0
654815.553,0,0,0,1.000,1.000,1.000,-90.00,180.00,-27.00,CLOSED,0
654815.556,0,0,0,1.000,1.000,1.000,-90.00,180.00,-27.00,CLOSED,0
654815.560,0,0,0,1.000,1.000,1.000,-90.00,180.00,-27.00,CLOSED,0
654815.564,0,0,0,1.000,1.000,1.000,-90.00,180.00,-27.00,CLOSED,0
654815.569,0,0,0,1.000,1.000,1.000,-90.00,180.00,-27.00,CLOSED,0
654815.573,0,0,0,1.000,1.000,1.000,-90.00,180.00,-27.00,CLOSED,0
654815.578,0,0,0,1.000,1.000,1.000,-90.00,180.00,-27.00,CLOSED,0
654815.582,0,0,0,1.000,1.000,1.000,-90.00,180.00,-27.00,CLOSED,0
654815.587,0,0,0,1.000,1.000,1.000,-90.00,180.00,-27.00,CLOSED,0
654815.591,0,0,0,1.000,1.000,1.000,-90.00,180.00,-27.00,CLOSED,0
654815.595,0,0,0,1.000,1.000,1.000,-90.00,180.00,-27.00,CLOSED,0
654815.600,0,0,0,1.000,1.000,1.000,-90.00,180.00,-27.00,CLOSED,0
654815.604,0,0,0,1.000,1.000,1.000,-90.00,180.00,-27.00,CLOSED,0
654815.607,0,0,0,1.000,1.000,1.000,-90.00,180.00,-27.00,CLOSED,0
654815.611,0,0,0,1.000,1.000,1.000,-90.00,180.00,-27.00,CLOSED,0
654815.615,0,0,0,1.000,1.000,1.000,-90.00,180.00,-27.00,CLOSED,0
654815.619,0,0,0,1.000,1.000,1.000,-90.00,180.00,-27.00,CLOSED,0
654815.623,0,0,0,1.000,1.000,1.000,-90.00,180.00,-27.00,CLOSED,0
654815.627,0,0,0,1.000,1.000,1.000,-90.00,180.00,-27.00,CLOSED,0
654815.631,0,0,0,1.000,1.000,1.000,-90.00,180.00,-27.00,CLOSED,0
654815.635,0,0,0,1.000,1.000,1.000,-90.00,180.00,-27.00,CLOSED,0
654815.639,0,0,0,1.000,1.000,1.000,-90.00,180.00,-27.00,CLOSED,0
654815.644,0,0,0,1.000,1.000,1.000,-90.00,180.00,-27.00,CLOSED,0
654815.649,0,0,0,1.000,1.000,1.000,-90.00,180.00,-27.00,CLOSED,0
654815.656,0,0,0,1.000,1.000,1.000,-90.00,180.00,-27.00,CLOSED,0
654815.661,0,0,0,1.000,1.000,1.000,-90.00,180.00,-27.00,CLOSED,0
654815.667,0,0,0,1.000,1.000,1.000,-90.00,180.00,-27.00,CLOSED,0
654815.671,0,0,0,1.000,1.000,1.000,-90.00,180.00,-27.00,CLOSED,0
654815.676,0,0,0,1.000,1.000,1.000,-90.00,180.00,-27.00,CLOSED,0
654815.680,0,0,0,1.000,1.000,1.000,-90.00,180.00,-27.00,CLOSED,0
654815.685,0,0,0,1.000,1.000,1.000,-90.00,180.00,-27.00,CLOSED,0
654815.689,0,0,0,1.000,1.000,1.000,-90.00,180.00,-27.00,CLOSED,0
654815.693,0,0,0,1.000,1.000,1.000,-90.00,180.00,-27.00,CLOSED,0
654815.697,0,0,0,1.000,1.000,1.000,-90.00,180.00,-27.00,CLOSED,0
654815.702,0,0,0,1.000,1.000,1.000,-90.00,180.00,-27.00,CLOSED,0
654815.706,0,0,0,1.000,1.000,1.000,-90.00,180.00,-27.00,CLOSED,0
654815.709,0,0,0,1.000,1.000,1.000,-90.00,180.00,-27.00,CLOSED,0
654815.713,0,0,0,1.000,1.000,1.000,-90.00,180.00,-27.00,CLOSED,0
654815.720,0,0,0,1.000,1.000,1.000,-90.00,180.00,-27.00,CLOSED,0
654815.725,0,0,0,1.000,1.000,1.000,-90.00,180.00,-27.00,CLOSED,0
654815.729,0,0,0,1.000,1.000,1.000,-90.00,180.00,-27.00,CLOSED,0
654815.733,0,0,0,1.000,1.000,1.000,-90.00,180.00,-27.00,CLOSED,0
654815.739,0,0,0,1.000,1.000,1.000,-90.00,180.00,-27.00,CLOSED,0
654815.744,0,0,0,1.000,1.000,1.000,-90.00,180.00,-27.00,CLOSED,0
654815.750,0,0,0,1.000,1.000,1.000,-90.00,180.00,-27.00,CLOSED,0
654815.757,0,0,0,1.000,1.000,1.000,-90.00,180.00,-27.00,CLOSED,0
654815.763,0,0,0,1.000,1.000,1.000,-90.00,180.00,-27.00,CLOSED,0
654815.769,0,0,0,1.000,1.000,1.000,-90.00,180.00,-27.00,CLOSED,0
654815.773,0,0,0,1.000,1.000,1.000,-90.00,180.00,-27.00,CLOSED,0
654815.778,0,0,0,1.000,1.000,1.000,-90.00,180.00,-27.00,CLOSED,0
654815.783,0,0,0,1.000,1.000,1.000,-90.00,180.00,-27.00,CLOSED,0
654815.786,0,0,0,1.000,1.000,1.000,-90.00,180.00,-27.00,CLOSED,0
654815.790,0,0,0,1.000,1.000,1.000,-90.00,180.00,-27.00,CLOSED,0
654815.794,0,0,0,1.000,1.000,1.000,-90.00,180.00,-27.00,CLOSED,0
654815.798,0,0,0,1.000,1.000,1.000,-90.00,180.00,-27.00,CLOSED,0
654815.802,0,0,0,1.000,1.000,1.000,-90.00,180.00,-27.00,CLOSED,0
654815.807,0,0,0,1.000,1.000,1.000,-90.00,180.00,-27.00,CLOSED,0
654815.811,0,0,0,1.000,1.000,1.000,-90.00,180.00,-27.00,CLOSED,0
654815.815,0,0,0,1.000,1.000,1.000,-90.00,180.00,-27.00,CLOSED,0
654815.821,0,0,0,1.000,1.000,1.000,-90.00,180.00,-27.00,CLOSED,0
654815.827,0,0,0,1.000,1.000,1.000,-90.00,180.00,-27.00,CLOSED,0
654815.835,0,0,0,1.000,1.000,1.000,-90.00,180.00,-27.00,CLOSED,0
654815.842,0,0,0,1.000,1.000,1.000,-90.00,180.00,-27.00,CLOSED,0
654815.848,0,0,0,1.000,1.000,1.000,-90.00,180.00,-27.00,CLOSED,0
654815.853,0,0,0,1.000,1.000,1.000,-90.00,180.00,-27.00,CLOSED,0
654815.857,0,0,0,1.000,1.000,1.000,-90.00,180.00,-27.00,CLOSED,0
654815.861,0,0,0,1.000,1.000,1.000,-90.00,180.00,-27.00,CLOSED,0
654815.865,0,0,0,1.000,1.000,1.000,-90.00,180.00,-27.00,CLOSED,0
654815.870,0,0,0,1.000,1.000,1.000,-90.00,180.00,-27.00,CLOSED,0
654815.874,0,0,0,1.000,1.000,1.000,-90.00,180.00,-27.00,CLOSED,0
654815.878,0,0,0,1.000,1.000,1.000,-90.00,180.00,-27.00,CLOSED,0
654815.882,0,0,0,1.000,1.000,1.000,-90.00,180.00,-27.00,CLOSED,0
654815.886,0,0,0,1.000,1.000,1.000,-90.00,180.00,-27.00,CLOSED,0
654815.889,0,0,0,1.000,1.000,1.000,-90.00,180.00,-27.00,CLOSED,0
654815.893,0,0,0,1.000,1.000,1.000,-90.00,180.00,-27.00,CLOSED,0
654815.897,0,0,0,1.000,1.000,1.000,-90.00,180.00,-27.00,CLOSED,0
654815.901,0,0,0,1.000,1.000,1.000,-90.00,180.00,-27.00,CLOSED,0
654815.906,0,0,0,1.000,1.000,1.000,-90.00,180.00,-27.00,CLOSED,0
654815.910,0,0,0,1.000,1.000,1.000,-90.00,180.00,-27.00,CLOSED,0
654815.914,0,0,0,1.000,1.000,1.000,-90.00,180.00,-27.00,CLOSED,0
654815.918,0,0,0,1.000,1.000,1.000,-90.00,180.00,-27.00,CLOSED,0
654815.922,0,0,0,1.000,1.000,1.000,-90.00,180.00,-27.00,CLOSED,0
654815.927,0,0,0,1.000,1.000,1.000,-90.00,180.00,-27.00,CLOSED,0
654815.931,0,0,0,1.000,1.000,1.000,-90.00,180.00,-27.00,CLOSED,0
654815.935,0,0,0,1.000,1.000,1.000,-90.00,180.00,-27.00,CLOSED,0
654815.939,0,0,0,1.000,1.000,1.000,-90.00,180.00,-27.00,CLOSED,0
654815.943,0,0,0,1.000,1.000,1.000,-90.00,180.00,-27.00,CLOSED,0
654815.947,0,0,0,1.000,1.000,1.000,-90.00,180.00,-27.00,CLOSED,0
654815.951,0,0,0,1.000,1.000,1.000,-90.00,180.00,-27.00,CLOSED,0
654815.955,0,0,0,1.000,1.000,1.000,-90.00,180.00,-27.00,CLOSED,0
654815.959,0,0,0,1.000,1.000,1.000,-90.00,180.00,-27.00,CLOSED,0
654815.963,0,0,0,1.000,1.000,1.000,-90.00,180.00,-27.00,CLOSED,0
654815.970,0,0,0,1.000,1.000,1.000,-90.00,180.00,-27.00,CLOSED,0
654815.977,0,0,0,1.000,1.000,1.000,-90.00,180.00,-27.00,CLOSED,0
654815.983,0,0,0,1.000,1.000,1.000,-90.00,180.00,-27.00,CLOSED,0
654815.989,0,0,0,1.000,1.000,1.000,-90.00,180.00,-27.00,CLOSED,0
654815.996,0,0,0,1.000,1.000,1.000,-90.00,180.00,-27.00,CLOSED,0
654816.002,0,0,0,1.000,1.000,1.000,-90.00,180.00,-27.00,CLOSED,0
654816.007,0,0,0,1.000,1.000,1.000,-90.00,180.00,-27.00,CLOSED,0
654816.011,0,0,0,1.000,1.000,1.000,-90.00,180.00,-27.00,CLOSED,0
654816.015,0,0,0,1.000,1.000,1.000,-90.00,180.00,-27.00,CLOSED,0
654816.019,0,0,0,1.000,1.000,1.000,-90.00,180.00,-27.00,CLOSED,0
654816.022,0,0,0,1.000,1.000,1.000,-90.00,180.00,-27.00,CLOSED,0
654816.026,0,0,0,1.000,1.000,1.000,-90.00,180.00,-27.00,CLOSED,0
654816.030,0,0,0,1.000,1.000,1.000,-90.00,180.00,-27.00,CLOSED,0
654816.033,0,0,0,1.000,1.000,1.000,-90.00,180.00,-27.00,CLOSED,0
654816.037,0,0,0,1.000,1.000,1.000,-90.00,180.00,-27.00,CLOSED,0
654816.041,0,0,0,1.000,1.000,1.000,-90.00,180.00,-27.00,CLOSED,0
654816.045,0,0,0,1.000,1.000,1.000,-90.00,180.00,-27.00,CLOSED,0
654816.049,0,0,0,1.000,1.000,1.000,-90.00,180.00,-27.00,CLOSED,0
654816.053,0,0,0,1.000,1.000,1.000,-90.00,180.00,-27.00,CLOSED,0
654816.058,0,0,0,1.000,1.000,1.000,-90.00,180.00,-27.00,CLOSED,0
654816.062,0,0,0,1.000,1.000,1.000,-90.00,180.00,-27.00,CLOSED,0
654816.066,0,0,0,1.000,1.000,1.000,-90.00,180.00,-27.00,CLOSED,0
654816.070,0,0,0,1.000,1.000,1.000,-90.00,180.00,-27.00,CLOSED,0
654816.074,0,0,0,1.000,1.000,1.000,-90.00,180.00,-27.00,CLOSED,0
654816.078,0,0,0,1.000,1.000,1.000,-90.00,180.00,-27.00,CLOSED,0
654816.082,0,0,0,1.000,1.000,1.000,-90.00,180.00,-27.00,CLOSED,0
654816.086,0,0,0,1.000,1.000,1.000,-90.00,180.00,-27.00,CLOSED,0
654816.091,0,0,0,1.000,1.000,1.000,-90.00,180.00,-27.00,CLOSED,0
654816.095,0,0,0,1.000,1.000,1.000,-90.00,180.00,-27.00,CLOSED,0
654816.099,0,0,0,1.000,1.000,1.000,-90.00,180.00,-27.00,CLOSED,0
654816.103,0,0,0,1.000,1.000,1.000,-90.00,180.00,-27.00,CLOSED,0
654816.107,0,0,0,1.000,1.000,1.000,-90.00,180.00,-27.00,CLOSED,0
654816.111,0,0,0,1.000,1.000,1.000,-90.00,180.00,-27.00,CLOSED,0
654816.116,0,0,0,1.000,1.000,1.000,-90.00,180.00,-27.00,CLOSED,0
654816.120,0,0,0,1.000,1.000,1.000,-90.00,180.00,-27.00,CLOSED,0
654816.124,0,0,0,1.000,1.000,1.000,-90.00,180.00,-27.00,CLOSED,0
654816.128,0,0,0,1.000,1.000,1.000,-90.00,180.00,-27.00,CLOSED,0
654816.133,0,0,0,1.000,1.000,1.000,-90.00,180.00,-27.00,CLOSED,0
654816.137,0,0,0,1.000,1.000,1.000,-90.00,180.00,-27.00,CLOSED,0
654816.141,0,0,0,1.000,1.000,1.000,-90.00,180.00,-27.00,CLOSED,0
654816.145,0,0,0,1.000,1.000,1.000,-90.00,180.00,-27.00,CLOSED,0
654816.148,0,0,0,1.000,1.000,1.000,-90.00,180.00,-27.00,CLOSED,0
654816.152,0,0,0,1.000,1.000,1.000,-90.00,180.00,-27.00,CLOSED,0
654816.156,0,0,0,1.000,1.000,1.000,-90.00,180.00,-27.00,CLOSED,0
654816.162,0,0,0,1.000,1.000,1.000,-90.00,180.00,-27.00,CLOSED,0
654816.168,0,0,0,1.000,1.000,1.000,-90.00,180.00,-27.00,CLOSED,0
654816.176,0,0,0,1.000,1.000,1.000,-90.00,180.00,-27.00,CLOSED,0
654816.183,0,0,0,1.000,1.000,1.000,-90.00,180.00,-27.00,CLOSED,0
654816.189,0,0,0,1.000,1.000,1.000,-90.00,180.00,-27.00,CLOSED,0
654816.193,0,0,0,1.000,1.000,1.000,-90.00,180.00,-27.00,CLOSED,0
654816.198,0,0,0,1.000,1.000,1.000,-90.00,180.00,-27.00,CLOSED,0
654816.202,0,0,0,1.000,1.000,1.000,-90.00,180.00,-27.00,CLOSED,0
654816.206,0,0,0,1.000,1.000,1.000,-90.00,180.00,-27.00,CLOSED,0
654816.210,0,0,0,1.000,1.000,1.000,-90.00,180.00,-27.00,CLOSED,0
654816.214,0,0,0,1.000,1.000,1.000,-90.00,180.00,-27.00,CLOSED,0
654816.217,0,0,0,1.000,1.000,1.000,-90.00,180.00,-27.00,CLOSED,0
654816.221,0,0,0,1.000,1.000,1.000,-90.00,180.00,-27.00,CLOSED,0
654816.225,0,0,0,1.000,1.000,1.000,-90.00,180.00,-27.00,CLOSED,0
654816.228,0,0,0,1.000,1.000,1.000,-90.00,180.00,-27.00,CLOSED,0
654816.232,0,0,0,1.000,1.000,1.000,-90.00,180.00,-27.00,CLOSED,0
654816.236,0,0,0,1.000,1.000,1.000,-90.00,180.00,-27.00,CLOSED,0
654816.241,0,0,0,1.000,1.000,1.000,-90.00,180.00,-27.00,CLOSED,0
654816.247,0,0,0,1.000,1.000,1.000,-90.00,180.00,-27.00,CLOSED,0
654816.252,0,0,0,1.000,1.000,1.000,-90.00,180.00,-27.00,CLOSED,0
654816.258,0,0,0,1.000,1.000,1.000,-90.00,180.00,-27.00,CLOSED,0
654816.263,0,0,0,1.000,1.000,1.000,-90.00,180.00,-27.00,CLOSED,0
654816.268,0,0,0,1.000,1.000,1.000,-90.00,180.00,-27.00,CLOSED,0
654816.273,0,0,0,1.000,1.000,1.000,-90.00,180.00,-27.00,CLOSED,0
654816.277,0,0,0,0.996,1.000,1.000,-90.00,180.00,-27.00,CLOSED,0
654816.282,0,0,0,0.993,1.000,1.000,-90.00,180.00,-27.00,CLOSED,0
654816.286,0,0,0,1.000,1.000,1.000,-90.00,180.00,-27.00,CLOSED,0
654816.291,0,0,0,1.000,1.000,1.000,-90.00,180.00,-27.00,CLOSED,0
654816.294,0,0,0,1.000,1.000,1.000,-90.00,180.00,-27.00,CLOSED,0
654816.298,0,0,0,1.000,1.000,1.000,-90.00,180.00,-27.00,CLOSED,0
654816.302,0,0,0,1.000,1.000,1.000,-90.00,180.00,-27.00,CLOSED,0
654816.306,0,0,0,1.000,1.000,1.000,-90.00,180.00,-27.00,CLOSED,0
654816.309,0,0,0,0.990,1.000,1.000,-90.00,180.00,-27.00,CLOSED,0
654816.314,0,0,0,0.999,1.000,1.000,-90.00,180.00,-27.00,CLOSED,0
654816.318,0,0,0,0.991,1.000,1.000,-90.00,180.00,-27.00,CLOSED,0
654816.321,0,0,0,0.992,1.000,1.000,-90.00,180.00,-27.00,CLOSED,0
654816.325,0,0,0,0.998,1.000,1.000,-90.00,180.00,-27.00,CLOSED,0
654816.329,0,0,0,1.000,1.000,1.000,-90.00,180.00,-27.00,CLOSED,0
654816.333,0,0,0,1.000,1.000,1.000,-90.00,180.00,-27.00,CLOSED,0
654816.337,0,0,0,1.000,1.000,1.000,-90.00,180.00,-27.00,CLOSED,0
654816.341,0,0,0,1.000,1.000,1.000,-90.00,180.00,-27.00,CLOSED,0
654816.345,0,0,0,1.000,1.000,1.000,-90.00,180.00,-27.00,CLOSED,0
654816.349,0,0,0,1.000,1.000,1.000,-90.00,180.00,-27.00,CLOSED,0
654816.353,0,0,0,1.000,1.000,1.000,-90.00,180.00,-27.00,CLOSED,0
654816.357,0,0,0,1.000,1.000,1.000,-90.00,180.00,-27.00,CLOSED,0
654816.361,0,0,0,1.000,1.000,1.000,-90.00,180.00,-27.00,CLOSED,0
654816.364,0,0,0,1.000,1.000,1.000,-90.00,180.00,-27.00,CLOSED,0
654816.368,0,0,0,1.000,1.000,1.000,-90.00,180.00,-27.00,CLOSED,0
654816.372,0,0,0,1.000,1.000,1.000,-90.00,180.00,-27.00,CLOSED,0
654816.375,0,0,0,1.000,1.000,1.000,-90.00,180.00,-27.00,CLOSED,0
654816.379,0,0,0,1.000,1.000,1.000,-90.00,180.00,-27.00,CLOSED,0
654816.383,0,0,0,1.000,1.000,1.000,-90.00,180.00,-27.00,CLOSED,0
654816.386,0,0,0,1.000,1.000,1.000,-90.00,180.00,-27.00,CLOSED,0
654816.390,0,0,0,1.000,1.000,1.000,-90.00,180.00,-27.00,CLOSED,0
654816.396,0,0,0,1.000,1.000,1.000,-90.00,180.00,-27.00,CLOSED,0
654816.401,0,0,0,1.000,1.000,1.000,-90.00,180.00,-27.00,CLOSED,0
654816.406,0,0,0,1.000,1.000,1.000,-90.00,180.00,-27.00,CLOSED,0
654816.412,0,0,0,1.000,1.000,1.000,-90.00,180.00,-27.00,CLOSED,0
654816.418,0,0,0,1.000,1.000,1.000,-90.00,180.00,-27.00,CLOSED,0
654816.423,0,0,0,1.000,1.000,1.000,-90.00,180.00,-27.00,CLOSED,0
654816.429,0,0,0,1.000,1.000,1.000,-90.00,180.00,-27.00,CLOSED,0
654816.434,0,0,0,1.000,1.000,1.000,-90.00,180.00,-27.00,CLOSED,0
654816.438,0,0,0,1.000,1.000,1.000,-90.00,180.00,-27.00,CLOSED,0
654816.443,0,0,0,1.000,1.000,1.000,-90.00,180.00,-27.00,CLOSED,0
654816.447,0,0,0,1.000,1.000,1.000,-90.00,180.00,-27.00,CLOSED,0
654816.451,0,0,0,1.000,1.000,1.000,-90.00,180.00,-27.00,CLOSED,0
654816.454,0,0,0,1.000,1.000,1.000,-90.00,180.00,-27.00,CLOSED,0
654816.458,0,0,0,1.000,1.000,1.000,-90.00,180.00,-27.00,CLOSED,0
654816.461,0,0,0,1.000,1.000,1.000,-90.00,180.00,-27.00,CLOSED,0
654816.465,0,0,0,1.000,1.000,1.000,-90.00,180.00,-27.00,CLOSED,0
654816.469,0,0,0,1.000,1.000,1.000,-90.00,180.00,-27.00,CLOSED,0
654816.472,0,0,0,1.000,1.000,1.000,-90.00,180.00,-27.00,CLOSED,0
654816.476,0,0,0,1.000,1.000,1.000,-90.00,180.00,-27.00,CLOSED,0
654816.480,0,0,0,1.000,1.000,1.000,-90.00,180.00,-27.00,CLOSED,0
654816.484,0,0,0,1.000,1.000,1.000,-90.00,180.00,-27.00,CLOSED,0
654816.488,0,0,0,1.000,1.000,1.000,-90.00,180.00,-27.00,CLOSED,0
654816.492,0,0,0,1.000,1.000,1.000,-90.00,180.00,-27.00,CLOSED,0
654816.496,0,0,0,1.000,1.000,1.000,-90.00,180.00,-27.00,CLOSED,0
654816.500,0,0,0,1.000,1.000,1.000,-90.00,180.00,-27.00,CLOSED,0
654816.504,0,0,0,1.000,1.000,1.000,-90.00,180.00,-27.00,CLOSED,0
654816.507,0,0,0,1.000,1.000,1.000,-90.00,180.00,-27.00,CLOSED,0
654816.511,0,0,0,1.000,1.000,1.000,-90.00,180.00,-27.00,CLOSED,0
654816.515,0,0,0,1.000,1.000,1.000,-90.00,180.00,-27.00,CLOSED,0
654816.519,0,0,0,1.000,1.000,1.000,-90.00,180.00,-27.00,CLOSED,0
654816.522,0,0,0,1.000,1.000,1.000,-90.00,180.00,-27.00,CLOSED,0
654816.526,0,0,0,1.000,1.000,1.000,-90.00,180.00,-27.00,CLOSED,0
654816.531,0,0,0,1.000,1.000,1.000,-90.00,180.00,-27.00,CLOSED,0
654816.534,0,0,0,1.000,1.000,1.000,-90.00,180.00,-27.00,CLOSED,0
654816.538,0,0,0,1.000,1.000,1.000,-90.00,180.00,-27.00,CLOSED,0
654816.542,0,0,0,1.000,1.000,1.000,-90.00,180.00,-27.00,CLOSED,0
654816.546,0,0,0,1.000,1.000,1.000,-90.00,180.00,-27.00,CLOSED,0
654816.550,0,0,0,1.000,1.000,1.000,-90.00,180.00,-27.00,CLOSED,0
654816.554,0,0,0,1.000,1.000,1.000,-90.00,180.00,-27.00,CLOSED,0
654816.558,0,0,0,1.000,1.000,1.000,-90.00,180.00,-27.00,CLOSED,0
654816.562,0,0,0,1.000,1.000,1.000,-90.00,180.00,-27.00,CLOSED,0
654816.567,0,0,0,1.000,1.000,1.000,-90.00,180.00,-27.00,CLOSED,0
654816.572,0,0,0,1.000,1.000,1.000,-90.00,180.00,-27.00,CLOSED,0
654816.578,0,0,0,1.000,1.000,1.000,-90.00,180.00,-27.00,CLOSED,0
654816.584,0,0,0,1.000,1.000,1.000,-90.00,180.00,-27.00,CLOSED,0
654816.590,0,0,0,1.000,1.000,1.000,-90.00,180.00,-27.00,CLOSED,0
654816.595,0,0,0,1.000,1.000,1.000,-90.00,180.00,-27.00,CLOSED,0
654816.600,0,0,0,1.000,1.000,1.000,-90.00,180.00,-27.00,CLOSED,0
654816.604,0,0,0,1.000,1.000,1.000,-90.00,180.00,-27.00,CLOSED,0
654816.608,0,0,0,1.000,1.000,1.000,-90.00,180.00,-27.00,CLOSED,0
654816.613,0,0,0,1.000,1.000,1.000,-90.00,180.00,-27.00,CLOSED,0
654816.617,0,0,0,1.000,1.000,1.000,-90.00,180.00,-27.00,CLOSED,0
654816.622,0,0,0,1.000,1.000,1.000,-90.00,180.00,-27.00,CLOSED,0
654816.625,0,0,0,1.000,1.000,1.000,-90.00,180.00,-27.00,CLOSED,0
654816.630,0,0,0,1.000,1.000,1.000,-90.00,180.00,-27.00,CLOSED,0
654816.634,0,0,0,1.000,1.000,1.000,-90.00,180.00,-27.00,CLOSED,0
654816.638,0,0,0,1.000,1.000,1.000,-90.00,180.00,-27.00,CLOSED,0
654816.642,0,0,0,1.000,1.000,1.000,-90.00,180.00,-27.00,CLOSED,0
654816.647,0,0,0,1.000,1.000,1.000,-90.00,180.00,-27.00,CLOSED,0
654816.652,0,0,0,1.000,1.000,1.000,-90.00,180.00,-27.00,CLOSED,0
654816.656,0,0,0,1.000,1.000,1.000,-90.00,180.00,-27.00,CLOSED,0
654816.661,0,0,0,1.000,1.000,1.000,-90.00,180.00,-27.00,CLOSED,0
654816.665,0,0,0,1.000,1.000,1.000,-90.00,180.00,-27.00,CLOSED,0
654816.669,0,0,0,1.000,1.000,1.000,-90.00,180.00,-27.00,CLOSED,0
654816.673,0,0,0,1.000,1.000,1.000,-90.00,180.00,-27.00,CLOSED,0
654816.676,0,0,0,1.000,1.000,1.000,-90.00,180.00,-27.00,CLOSED,0
654816.681,0,0,0,1.000,1.000,1.000,-90.00,180.00,-27.00,CLOSED,0
654816.684,0,0,0,1.000,1.000,1.000,-90.00,180.00,-27.00,CLOSED,0
654816.688,0,0,0,1.000,1.000,1.000,-90.00,180.00,-27.00,CLOSED,0
654816.692,0,0,0,1.000,1.000,1.000,-90.00,180.00,-27.00,CLOSED,0
654816.696,0,0,0,1.000,1.000,1.000,-90.00,180.00,-27.00,CLOSED,0
654816.700,0,0,0,1.000,1.000,1.000,-90.00,180.00,-27.00,CLOSED,0
654816.703,0,0,0,1.000,1.000,1.000,-90.00,180.00,-27.00,CLOSED,0
654816.707,0,0,0,1.000,1.000,1.000,-90.00,180.00,-27.00,CLOSED,0
654816.711,0,0,0,1.000,1.000,1.000,-90.00,180.00,-27.00,CLOSED,0
654816.716,0,0,0,1.000,1.000,1.000,-90.00,180.00,-27.00,CLOSED,0
654816.720,0,0,0,1.000,1.000,1.000,-90.00,180.00,-27.00,CLOSED,0
654816.724,0,0,0,1.000,1.000,1.000,-90.00,180.00,-27.00,CLOSED,0
654816.728,0,0,0,1.000,1.000,1.000,-90.00,180.00,-27.00,CLOSED,0
654816.732,0,0,0,1.000,1.000,1.000,-90.00,180.00,-27.00,CLOSED,0
654816.736,0,0,0,1.000,1.000,1.000,-90.00,180.00,-27.00,CLOSED,0
654816.740,0,0,0,1.000,1.000,1.000,-90.00,180.00,-27.00,CLOSED,0
654816.744,0,0,0,1.000,1.000,1.000,-90.00,180.00,-27.00,CLOSED,0
654816.748,0,0,0,1.000,1.000,1.000,-90.00,180.00,-27.00,CLOSED,0
654816.752,0,0,0,1.000,1.000,1.000,-90.00,180.00,-27.00,CLOSED,0
654816.756,0,0,0,1.000,1.000,1.000,-90.00,180.00,-27.00,CLOSED,0
654816.760,0,0,0,1.000,1.000,1.000,-90.00,180.00,-27.00,CLOSED,0
654816.765,0,0,0,1.000,1.000,1.000,-90.00,180.00,-27.00,CLOSED,0
654816.769,0,0,0,1.000,1.000,1.000,-90.00,180.00,-27.00,CLOSED,0
654816.773,0,0,0,1.000,1.000,1.000,-90.00,180.00,-27.00,CLOSED,0
654816.778,0,0,0,1.000,1.000,1.000,-90.00,180.00,-27.00,CLOSED,0
654816.783,0,0,0,1.000,1.000,1.000,-90.00,180.00,-27.00,CLOSED,0
654816.787,0,0,0,1.000,1.000,1.000,-90.00,180.00,-27.00,CLOSED,0
654816.791,0,0,0,1.000,1.000,1.000,-90.00,180.00,-27.00,CLOSED,0
654816.794,0,0,0,1.000,1.000,1.000,-90.00,180.00,-27.00,CLOSED,0
654816.798,0,0,0,1.000,1.000,1.000,-90.00,180.00,-27.00,CLOSED,0
654816.803,0,0,0,1.000,1.000,1.000,-90.00,180.00,-27.00,CLOSED,0
654816.807,0,0,0,1.000,1.000,1.000,-90.00,180.00,-27.00,CLOSED,0
654816.811,0,0,0,1.000,1.000,1.000,-90.00,180.00,-27.00,CLOSED,0
654816.816,0,0,0,1.000,1.000,1.000,-90.00,180.00,-27.00,CLOSED,0
654816.824,0,0,0,1.000,1.000,1.000,-90.00,180.00,-27.00,CLOSED,0
654816.833,0,0,0,1.000,1.000,1.000,-90.00,180.00,-27.00,CLOSED,0
654816.841,0,0,0,1.000,1.000,1.000,-90.00,180.00,-27.00,CLOSED,0
654816.848,0,0,0,1.000,1.000,1.000,-90.00,180.00,-27.00,CLOSED,0
654816.853,0,0,0,1.000,1.000,1.000,-90.00,180.00,-27.00,CLOSED,0
654816.862,0,0,0,1.000,1.000,1.000,-90.00,180.00,-27.00,CLOSED,0
654816.869,0,0,0,1.000,1.000,1.000,-90.00,180.00,-27.00,CLOSED,0
654816.877,0,0,0,1.000,1.000,1.000,-90.00,180.00,-27.00,CLOSED,0
654816.886,0,0,0,1.000,1.000,1.000,-90.00,180.00,-27.00,CLOSED,0
654816.895,0,0,0,1.000,1.000,1.000,-90.00,180.00,-27.00,CLOSED,0
654816.907,0,0,0,1.000,1.000,1.000,-90.00,180.00,-27.00,CLOSED,0
654816.916,0,0,0,1.000,0.999,1.000,-90.00,180.00,-27.00,CLOSED,0
654816.927,0,0,0,1.000,0.998,1.000,-90.00,180.00,-27.00,CLOSED,0
654816.940,0,0,0,1.000,0.994,1.000,-90.00,180.00,-27.00,CLOSED,0
654816.951,0,0,0,1.000,0.973,1.000,-90.00,180.00,-27.00,CLOSED,0
654816.961,0,0,0,1.000,0.706,1.000,-90.00,180.00,-27.00,CLOSED,0
654816.971,0,0,0,1.000,0.835,1.000,-90.00,180.00,-27.00,CLOSED,0
654816.982,0,0,0,1.000,0.947,1.000,-90.00,180.00,-27.00,CLOSED,0
654816.993,0,0,0,1.000,0.962,1.000,-90.00,180.00,-27.00,CLOSED,0
654817.003,0,0,0,1.000,0.954,1.000,-90.00,180.00,-27.00,CLOSED,0
654817.013,0,0,0,1.000,0.886,1.000,-90.00,180.00,-27.00,CLOSED,0
654817.022,0,0,0,1.000,0.583,1.000,-90.00,180.00,-27.00,CLOSED,0
654817.031,0,0,0,1.000,0.745,1.000,-90.00,180.00,-27.00,CLOSED,0
654817.040,0,0,0,1.000,0.909,1.000,-90.00,180.00,-27.00,CLOSED,0
654817.044,0,0,0,1.000,0.961,0.999,-90.00,180.00,-27.00,CLOSED,0
654817.053,0,0,0,1.000,0.986,0.998,-90.00,180.00,-27.00,CLOSED,0
654817.059,0,0,0,1.000,0.994,0.997,-90.00,180.00,-27.00,CLOSED,0
654817.068,0,0,0,1.000,0.996,0.996,-90.00,180.00,-27.00,CLOSED,0
654817.072,0,0,0,1.000,0.997,0.995,-90.00,180.00,-27.00,CLOSED,0
654817.077,0,0,0,1.000,0.998,0.995,-90.00,180.00,-27.00,CLOSED,0
654817.082,0,0,0,1.000,0.998,0.994,-90.00,180.00,-27.00,CLOSED,0
654817.087,0,0,0,1.000,0.998,0.994,-90.00,180.00,-27.00,CLOSED,0
654817.092,0,0,0,1.000,0.999,0.992,-90.00,180.00,-27.00,CLOSED,0
654817.098,0,0,0,1.000,0.999,0.987,-90.00,180.00,-27.00,CLOSED,0
654817.102,0,0,0,1.000,0.999,0.979,-90.00,180.00,-27.00,CLOSED,0
654817.112,0,0,0,1.000,0.999,0.969,-90.00,180.00,-27.00,CLOSED,0
654817.121,0,0,0,1.000,1.000,0.968,-90.00,180.00,-27.00,CLOSED,0
654817.129,0,0,0,1.000,1.000,0.970,-90.00,180.00,-27.00,CLOSED,0
654817.138,0,0,0,1.000,1.000,0.976,-90.00,180.00,-27.00,CLOSED,0
654817.147,0,0,0,1.000,1.000,0.979,-90.00,180.00,-27.00,CLOSED,0
654817.152,0,0,0,1.000,0.999,0.980,-90.00,180.00,-27.00,CLOSED,0
654817.160,0,0,0,1.000,0.999,0.982,-90.00,180.00,-27.00,CLOSED,0
654817.169,0,0,0,1.000,0.998,0.983,-90.00,180.00,-27.00,CLOSED,0
654817.178,0,0,0,1.000,0.994,0.979,-90.00,180.00,-27.00,CLOSED,0
654817.186,0,0,0,1.000,0.980,0.973,-90.00,180.00,-27.00,CLOSED,0
654817.196,0,0,0,1.000,0.943,0.951,-90.00,180.00,-27.00,CLOSED,0
654817.201,0,0,0,1.000,0.888,0.924,-90.00,180.00,-27.00,CLOSED,0
654817.205,0,0,0,1.000,0.865,0.897,-90.00,180.00,-27.00,CLOSED,0
654817.211,0,0,0,1.000,0.869,0.887,-90.00,180.00,-27.00,CLOSED,0
654817.217,0,0,0,1.000,0.854,0.901,-90.00,180.00,-27.00,CLOSED,0
654817.222,0,0,0,1.000,0.831,0.929,-90.00,180.00,-27.00,CLOSED,0
654817.229,0,0,0,1.000,0.825,0.960,-90.00,180.00,-27.00,CLOSED,0
654817.237,0,0,0,1.000,0.859,0.977,-90.00,180.00,-27.00,CLOSED,0
654817.246,0,0,0,1.000,0.906,0.988,-90.00,180.00,-27.00,CLOSED,0
654817.255,0,0,0,1.000,0.942,0.992,-90.00,180.00,-27.00,CLOSED,0
654817.265,0,0,0,1.000,0.969,0.995,-90.00,180.00,-27.00,CLOSED,0
654817.273,0,0,0,1.000,0.981,0.997,-90.00,180.00,-27.00,CLOSED,0
654817.282,0,0,0,1.000,0.989,0.998,-90.00,180.00,-27.00,CLOSED,0
654817.290,0,0,0,1.000,0.992,0.998,-90.00,180.00,-27.00,CLOSED,0
654817.295,0,0,0,1.000,0.995,0.998,-90.00,180.00,-27.00,CLOSED,0
654817.304,0,0,0,1.000,0.996,0.998,-90.00,180.00,-27.00,CLOSED,0
654817.315,0,0,0,1.000,0.997,0.998,-90.00,180.00,-27.00,CLOSED,0
654817.320,0,0,0,1.000,0.996,0.997,-90.00,180.00,-27.00,CLOSED,0
654817.330,0,0,0,1.000,0.995,0.996,-90.00,180.00,-27.00,CLOSED,0
654817.339,0,0,0,1.000,0.989,0.994,-90.00,180.00,-27.00,CLOSED,0
654817.349,0,0,0,1.000,0.962,0.989,-90.00,180.00,-27.00,CLOSED,0
654817.354,0,0,0,1.000,0.843,0.982,-90.00,180.00,-27.00,CLOSED,0
654817.358,0,0,0,1.000,0.502,0.973,-90.00,180.00,-27.00,CLOSED,0
654817.363,0,0,0,1.000,0.804,0.970,-90.00,180.00,-27.00,CLOSED,0
654817.367,0,0,0,1.000,0.892,0.972,-90.00,180.00,-27.00,CLOSED,0
654817.372,0,0,0,1.000,0.892,0.979,-90.00,180.00,-27.00,CLOSED,0
654817.376,0,0,0,1.000,0.818,0.984,-90.00,180.00,-27.00,CLOSED,0
654817.381,0,0,0,1.000,0.657,0.989,-90.00,180.00,-27.00,CLOSED,0
654817.385,0,0,0,1.000,0.515,0.990,-90.00,180.00,-27.00,CLOSED,0
654817.395,0,0,0,1.000,0.650,0.990,-90.00,180.00,-27.00,CLOSED,0
654817.401,0,0,0,1.000,0.754,0.989,-90.00,180.00,-27.00,CLOSED,0
654817.410,0,0,0,1.000,0.770,0.988,-90.00,180.00,-27.00,CLOSED,0
654817.420,0,0,0,1.000,0.735,0.985,-90.00,180.00,-27.00,CLOSED,0
654817.429,0,0,0,1.000,0.698,0.983,-90.00,180.00,-27.00,CLOSED,0
654817.438,0,0,0,1.000,0.645,0.984,-90.00,180.00,-27.00,CLOSED,0
654817.447,0,0,0,1.000,0.608,0.985,-90.00,180.00,-27.00,CLOSED,0
654817.456,0,0,0,1.000,0.618,0.989,-90.00,180.00,-27.00,CLOSED,0
654817.466,0,0,0,1.000,0.718,0.990,-90.00,180.00,-27.00,CLOSED,0
654817.475,0,0,0,1.000,0.775,0.992,-90.00,180.00,-27.00,CLOSED,0
654817.486,0,0,0,1.000,0.844,0.990,-90.00,180.00,-27.00,CLOSED,0
654817.495,0,0,0,1.000,0.898,0.991,-90.00,180.00,-27.00,CLOSED,0
654817.502,0,0,0,1.000,0.915,0.989,-90.00,180.00,-27.00,CLOSED,0
654817.511,0,0,0,1.000,0.913,0.986,-90.00,180.00,-27.00,CLOSED,0
654817.520,0,0,0,1.000,0.908,0.983,-90.00,180.00,-27.00,CLOSED,0
654817.530,0,0,0,1.000,0.883,0.972,-90.00,180.00,-27.00,CLOSED,0
654817.538,0,0,0,1.000,0.875,0.955,-90.00,180.00,-27.00,CLOSED,0
654817.548,0,0,0,1.000,0.937,0.949,-90.00,180.00,-27.00,CLOSED,0
654817.557,0,0,0,1.000,0.978,0.950,-90.00,180.00,-27.00,CLOSED,0
654817.567,0,0,0,1.000,0.992,0.962,-90.00,180.00,-27.00,CLOSED,0
654817.577,0,0,0,1.000,0.996,0.970,-90.00,180.00,-27.00,CLOSED,0
654817.586,0,0,0,1.000,0.997,0.974,-90.00,180.00,-27.00,CLOSED,0
654817.595,0,0,0,1.000,0.998,0.978,-90.00,180.00,-27.00,CLOSED,0
654817.602,0,0,0,1.000,0.998,0.979,-90.00,180.00,-27.00,CLOSED,0
654817.610,0,0,0,1.000,0.997,0.977,-90.00,180.00,-27.00,CLOSED,0
654817.618,0,0,0,1.000,0.994,0.975,-90.00,180.00,-27.00,CLOSED,0
654817.633,0,0,0,1.000,0.987,0.974,-90.00,180.00,-27.00,CLOSED,0
654817.643,0,0,0,1.000,0.955,0.970,-90.00,180.00,-27.00,CLOSED,0
654817.654,0,0,0,1.000,0.852,0.962,-90.00,180.00,-27.00,CLOSED,0
654817.659,0,0,0,1.000,0.690,0.959,-90.00,180.00,-27.00,CLOSED,0
654817.667,0,0,0,1.000,0.531,0.957,-90.00,180.00,-27.00,CLOSED,0
654817.675,0,0,0,1.000,0.596,0.954,-90.00,180.00,-27.00,CLOSED,0
654817.685,0,0,0,1.000,0.509,0.960,-90.00,180.00,-27.00,CLOSED,0
654817.694,0,0,0,1.000,0.617,0.963,-90.00,180.00,-27.00,CLOSED,0
654817.704,0,0,0,1.000,0.725,0.964,-90.00,180.00,-27.00,CLOSED,0
654817.713,0,0,0,1.000,0.760,0.968,-90.00,180.00,-27.00,CLOSED,0
654817.718,0,0,0,1.000,0.755,0.971,-90.00,180.00,-27.00,CLOSED,0
654817.727,0,0,0,1.000,0.711,0.976,-90.00,180.00,-27.00,CLOSED,0
654817.736,0,0,0,1.000,0.637,0.980,-90.00,180.00,-27.00,CLOSED,0
654817.745,0,0,0,1.000,0.555,0.980,-90.00,180.00,-27.00,CLOSED,0
654817.754,0,0,0,1.000,0.519,0.983,-90.00,180.00,-27.00,CLOSED,0
654817.759,0,0,0,1.000,0.550,0.983,-90.00,180.00,-27.00,CLOSED,0
654817.770,0,0,0,1.000,0.720,0.981,-90.00,180.00,-27.00,CLOSED,0
654817.775,0,0,0,1.000,0.863,0.972,-90.00,180.00,-27.00,CLOSED,0
654817.783,0,0,0,1.000,0.956,0.953,-90.00,180.00,-27.00,CLOSED,0
654817.793,0,0,0,1.000,0.980,0.932,-90.00,180.00,-27.00,CLOSED,0
654817.798,0,0,0,1.000,0.987,0.903,-90.00,180.00,-27.00,CLOSED,0
654817.808,0,0,0,1.000,0.988,0.892,-90.00,180.00,-27.00,CLOSED,0
654817.817,0,0,0,1.000,0.986,0.895,-90.00,180.00,-27.00,CLOSED,0
654817.825,0,0,0,1.000,0.977,0.924,-90.00,180.00,-27.00,CLOSED,0
654817.834,0,0,0,1.000,0.950,0.968,-90.00,180.00,-27.00,CLOSED,0
654817.843,0,0,0,1.000,0.926,0.987,-90.00,180.00,-27.00,CLOSED,0
654817.854,0,0,0,1.000,0.941,0.996,-90.00,180.00,-27.00,CLOSED,0
654817.863,0,0,0,1.000,0.975,0.999,-90.00,180.00,-27.00,CLOSED,0
654817.872,0,0,0,1.000,0.987,0.999,-90.00,180.00,-27.00,CLOSED,0
654817.881,0,0,0,1.000,0.995,0.999,-90.00,180.00,-27.00,CLOSED,0
654817.891,0,0,0,1.000,0.999,0.999,-90.00,180.00,-27.00,CLOSED,0
654817.901,0,0,0,1.000,1.000,0.999,-90.00,180.00,-27.00,CLOSED,0
654817.910,0,0,0,1.000,1.000,0.999,-90.00,180.00,-27.00,CLOSED,0
654817.921,0,0,0,1.000,1.000,0.999,-90.00,180.00,-27.00,CLOSED,0
654817.931,0,0,0,1.000,1.000,1.000,-90.00,180.00,-27.00,CLOSED,0
654817.936,0,0,0,1.000,1.000,1.000,-90.00,180.00,-27.00,CLOSED,0
654817.945,0,0,0,1.000,1.000,1.000,-90.00,180.00,-27.00,CLOSED,0
654817.955,0,0,0,1.000,1.000,1.000,-90.00,180.00,-27.00,CLOSED,0
654817.965,0,0,0,1.000,0.998,1.000,-90.00,180.00,-27.00,CLOSED,0
654817.975,0,0,0,0.999,0.998,1.000,-90.00,180.00,-27.00,CLOSED,0
654817.984,0,0,0,0.999,0.998,1.000,-90.00,180.00,-27.00,CLOSED,0
654817.993,0,0,0,0.999,0.999,1.000,-90.00,180.00,-27.00,CLOSED,0
654818.002,0,0,0,1.000,1.000,1.000,-90.00,180.00,-27.00,CLOSED,0
654818.011,0,0,0,1.000,1.000,1.000,-90.00,180.00,-27.00,CLOSED,0
654818.022,0,0,0,1.000,1.000,1.000,-90.00,180.00,-27.00,CLOSED,0
654818.030,0,0,0,1.000,1.000,1.000,-90.00,180.00,-27.00,CLOSED,0
654818.039,0,0,0,1.000,1.000,1.000,-90.00,180.00,-27.00,CLOSED,0
654818.048,0,0,0,1.000,1.000,1.000,-90.00,180.00,-27.00,CLOSED,0
654818.058,0,0,0,1.000,1.000,1.000,-90.00,180.00,-27.00,CLOSED,0
654818.070,0,0,0,1.000,1.000,1.000,-90.00,180.00,-27.00,CLOSED,0
654818.079,0,0,0,1.000,1.000,1.000,-90.00,180.00,-27.00,CLOSED,0
654818.090,0,0,0,1.000,1.000,1.000,-90.00,180.00,-27.00,CLOSED,0
654818.100,0,0,0,1.000,1.000,1.000,-90.00,180.00,-27.00,CLOSED,0
654818.110,0,0,0,1.000,1.000,1.000,-90.00,180.00,-27.00,CLOSED,0
654818.121,0,0,0,1.000,1.000,1.000,-90.00,180.00,-27.00,CLOSED,0
654818.129,0,0,0,1.000,1.000,1.000,-90.00,180.00,-27.00,CLOSED,0
654818.139,0,0,0,1.000,1.000,1.000,-90.00,180.00,-27.00,CLOSED,0
654818.148,0,0,0,1.000,1.000,1.000,-90.00,180.00,-27.00,CLOSED,0
654818.158,0,0,0,1.000,1.000,1.000,-90.00,180.00,-27.00,CLOSED,0
654818.169,0,0,0,1.000,1.000,1.000,-90.00,180.00,-27.00,CLOSED,0
654818.177,0,0,0,1.000,1.000,1.000,-90.00,180.00,-27.00,CLOSED,0
654818.188,0,0,0,1.000,1.000,1.000,-90.00,180.00,-27.00,CLOSED,0
654818.198,0,0,0,1.000,1.000,1.000,-90.00,180.00,-27.00,CLOSED,0
654818.209,0,0,0,1.000,1.000,1.000,-90.00,180.00,-27.00,CLOSED,0
654818.220,0,0,0,1.000,1.000,1.000,-90.00,180.00,-27.00,CLOSED,0
654818.230,0,0,0,1.000,1.000,1.000,-90.00,180.00,-27.00,CLOSED,0
654818.240,0,0,0,1.000,1.000,1.000,-90.00,180.00,-27.00,CLOSED,0
654818.251,0,0,0,1.000,1.000,1.000,-90.00,180.00,-27.00,CLOSED,0
654818.260,0,0,0,1.000,1.000,1.000,-90.00,180.00,-27.00,CLOSED,0
654818.270,0,0,0,1.000,1.000,1.000,-90.00,180.00,-27.00,CLOSED,0
654818.279,0,0,0,1.000,1.000,1.000,-90.00,180.00,-27.00,CLOSED,0
654818.289,0,0,0,1.000,1.000,1.000,-90.00,180.00,-27.00,CLOSED,0
654818.298,0,0,0,1.000,1.000,1.000,-90.00,180.00,-27.00,CLOSED,0
654818.307,0,0,0,1.000,1.000,1.000,-90.00,180.00,-27.00,CLOSED,0
654818.317,0,0,0,1.000,1.000,1.000,-90.00,180.00,-27.00,CLOSED,0
654818.323,0,0,0,1.000,1.000,1.000,-90.00,180.00,-27.00,CLOSED,0
654818.328,0,0,0,1.000,1.000,1.000,-90.00,180.00,-27.00,CLOSED,0
654818.336,0,0,0,1.000,1.000,1.000,-90.00,180.00,-27.00,CLOSED,0
654818.344,0,0,0,1.000,1.000,1.000,-90.00,180.00,-27.00,CLOSED,0
654818.353,0,0,0,1.000,1.000,1.000,-90.00,180.00,-27.00,CLOSED,0
654818.362,0,0,0,1.000,1.000,1.000,-90.00,180.00,-27.00,CLOSED,0
654818.367,0,0,0,1.000,1.000,1.000,-90.00,180.00,-27.00,CLOSED,0
654818.375,0,0,0,1.000,1.000,1.000,-90.00,180.00,-27.00,CLOSED,0
654818.384,0,0,0,1.000,1.000,1.000,-90.00,180.00,-27.00,CLOSED,0
654818.393,0,0,0,1.000,1.000,1.000,-90.00,180.00,-27.00,CLOSED,0
654818.401,0,0,0,1.000,1.000,1.000,-90.00,180.00,-27.00,CLOSED,0
654818.409,0,0,0,1.000,1.000,1.000,-90.00,180.00,-27.00,CLOSED,0
654818.416,0,0,0,1.000,1.000,1.000,-90.00,180.00,-27.00,CLOSED,0
654818.425,0,0,0,1.000,1.000,1.000,-90.00,180.00,-27.00,CLOSED,0
654818.432,0,0,0,1.000,1.000,1.000,-90.00,180.00,-27.00,CLOSED,0
654818.437,0,0,0,1.000,1.000,1.000,-90.00,180.00,-27.00,CLOSED,0
654818.442,0,0,0,1.000,1.000,1.000,-90.00,180.00,-27.00,CLOSED,0
654818.448,0,0,0,1.000,1.000,1.000,-90.00,180.00,-27.00,CLOSED,0
654818.457,0,0,0,1.000,1.000,1.000,-90.00,180.00,-27.00,CLOSED,0
654818.465,0,0,0,1.000,1.000,1.000,-90.00,180.00,-27.00,CLOSED,0
654818.473,0,0,0,1.000,1.000,1.000,-90.00,180.00,-27.00,CLOSED,0
654818.480,0,0,0,1.000,1.000,1.000,-90.00,180.00,-27.00,CLOSED,0
654818.489,0,0,0,1.000,1.000,1.000,-90.00,180.00,-27.00,CLOSED,0
654818.498,0,0,0,1.000,1.000,1.000,-90.00,180.00,-27.00,CLOSED,0
654818.505,0,0,0,1.000,1.000,1.000,-90.00,180.00,-27.00,CLOSED,0
654818.518,0,0,0,1.000,1.000,1.000,-90.00,180.00,-27.00,CLOSED,0
654818.530,0,0,0,1.000,1.000,1.000,-90.00,180.00,-27.00,CLOSED,0
654818.539,0,0,0,1.000,1.000,1.000,-90.00,180.00,-27.00,CLOSED,0
654818.549,0,0,0,1.000,1.000,1.000,-90.00,180.00,-27.00,CLOSED,0
654818.557,0,0,0,1.000,1.000,1.000,-90.00,180.00,-27.00,CLOSED,0
654818.568,0,0,0,1.000,1.000,1.000,-90.00,180.00,-27.00,CLOSED,0
654818.577,0,0,0,1.000,1.000,1.000,-90.00,180.00,-27.00,CLOSED,0
654818.588,0,0,0,1.000,1.000,1.000,-90.00,180.00,-27.00,CLOSED,0
654818.599,0,0,0,1.000,1.000,1.000,-90.00,180.00,-27.00,CLOSED,0
654818.609,0,0,0,1.000,1.000,1.000,-90.00,180.00,-27.00,CLOSED,0
654818.620,0,0,0,1.000,1.000,1.000,-90.00,180.00,-27.00,CLOSED,0
654818.631,0,0,0,1.000,1.000,1.000,-90.00,180.00,-27.00,CLOSED,0
654818.641,0,0,0,1.000,1.000,1.000,-90.00,180.00,-27.00,CLOSED,0
654818.651,0,0,0,1.000,1.000,1.000,-90.00,180.00,-27.00,CLOSED,0
654818.661,0,0,0,1.000,1.000,1.000,-90.00,180.00,-27.00,CLOSED,0
654818.670,0,0,0,1.000,1.000,1.000,-90.00,180.00,-27.00,CLOSED,0
654818.681,0,0,0,1.000,1.000,1.000,-90.00,180.00,-27.00,CLOSED,0
654818.690,0,0,0,1.000,1.000,1.000,-90.00,180.00,-27.00,CLOSED,0
654818.700,0,0,0,1.000,1.000,1.000,-90.00,180.00,-27.00,CLOSED,0
654818.709,0,0,0,1.000,1.000,1.000,-90.00,180.00,-27.00,CLOSED,0
654818.718,0,0,0,1.000,1.000,1.000,-90.00,180.00,-27.00,CLOSED,0
654818.723,0,0,0,1.000,1.000,1.000,-90.00,180.00,-27.00,CLOSED,0
654818.732,0,0,0,1.000,1.000,1.000,-90.00,180.00,-27.00,CLOSED,0
654818.741,0,0,0,1.000,1.000,1.000,-90.00,180.00,-27.00,CLOSED,0
654818.751,0,0,0,1.000,1.000,1.000,-90.00,180.00,-27.00,CLOSED,0
654818.760,0,0,0,1.000,1.000,1.000,-90.00,180.00,-27.00,CLOSED,0
654818.769,0,0,0,1.000,1.000,1.000,-90.00,180.00,-27.00,CLOSED,0
654818.776,0,0,0,1.000,1.000,1.000,-90.00,180.00,-27.00,CLOSED,0
654818.786,0,0,0,1.000,1.000,1.000,-90.00,180.00,-27.00,CLOSED,0
654818.790,0,0,0,1.000,1.000,1.000,-90.00,180.00,-27.00,CLOSED,0
654818.800,0,0,0,1.000,1.000,1.000,-90.00,180.00,-27.00,CLOSED,0
654818.809,0,0,0,1.000,1.000,1.000,-90.00,180.00,-27.00,CLOSED,0
654818.820,0,0,0,1.000,1.000,1.000,-90.00,180.00,-27.00,CLOSED,0
654818.825,0,0,0,1.000,1.000,1.000,-90.00,180.00,-27.00,CLOSED,0
654818.835,0,0,0,1.000,1.000,1.000,-90.00,180.00,-27.00,CLOSED,0
654818.844,0,0,0,1.000,1.000,1.000,-90.00,180.00,-27.00,CLOSED,0
654818.854,0,0,0,1.000,1.000,1.000,-90.00,180.00,-27.00,CLOSED,0
654818.862,0,0,0,1.000,1.000,1.000,-90.00,180.00,-27.00,CLOSED,0
654818.872,0,0,0,1.000,1.000,1.000,-90.00,180.00,-27.00,CLOSED,0
654818.880,0,0,0,1.000,1.000,1.000,-90.00,180.00,-27.00,CLOSED,0
654818.890,0,0,0,1.000,1.000,1.000,-90.00,180.00,-27.00,CLOSED,0
654818.895,0,0,0,1.000,1.000,1.000,-90.00,180.00,-27.00,CLOSED,0
654818.903,0,0,0,1.000,1.000,1.000,-90.00,180.00,-27.00,CLOSED,0
654818.913,0,0,0,1.000,1.000,1.000,-90.00,180.00,-27.00,CLOSED,0
654818.923,0,0,0,1.000,1.000,1.000,-90.00,180.00,-27.00,CLOSED,0
654818.934,0,0,0,1.000,1.000,1.000,-90.00,180.00,-27.00,CLOSED,0
654818.943,0,0,0,1.000,1.000,1.000,-90.00,180.00,-27.00,CLOSED,0
654818.954,0,0,0,1.000,1.000,1.000,-90.00,180.00,-27.00,CLOSED,0
654818.963,0,0,0,1.000,1.000,1.000,-90.00,180.00,-27.00,CLOSED,0
654818.972,0,0,0,1.000,1.000,1.000,-90.00,180.00,-27.00,CLOSED,0
654818.977,0,0,0,1.000,1.000,1.000,-90.00,180.00,-27.00,CLOSED,0
654818.987,0,0,0,1.000,1.000,1.000,-90.00,180.00,-27.00,CLOSED,0
654818.998,0,0,0,1.000,1.000,1.000,-90.00,180.00,-27.00,CLOSED,0
654819.008,0,0,0,1.000,1.000,1.000,-90.00,180.00,-27.00,CLOSED,0
654819.019,0,0,0,1.000,1.000,1.000,-90.00,180.00,-27.00,CLOSED,0
654819.028,0,0,0,1.000,1.000,1.000,-90.00,180.00,-27.00,CLOSED,0
654819.038,0,0,0,1.000,1.000,1.000,-90.00,180.00,-27.00,CLOSED,0
654819.048,0,0,0,1.000,1.000,1.000,-90.00,180.00,-27.00,CLOSED,0
654819.057,0,0,0,1.000,1.000,1.000,-90.00,180.00,-27.00,CLOSED,0
654819.066,0,0,0,1.000,1.000,1.000,-90.00,180.00,-27.00,CLOSED,0
654819.076,0,0,0,1.000,1.000,1.000,-90.00,180.00,-27.00,CLOSED,0
654819.085,0,0,0,1.000,1.000,1.000,-90.00,180.00,-27.00,CLOSED,0
654819.094,0,0,0,1.000,1.000,1.000,-90.00,180.00,-27.00,CLOSED,0
654819.103,0,0,0,1.000,1.000,1.000,-90.00,180.00,-27.00,CLOSED,0
654819.111,0,0,0,1.000,1.000,1.000,-90.00,180.00,-27.00,CLOSED,0
654819.121,0,0,0,1.000,1.000,1.000,-90.00,180.00,-27.00,CLOSED,0
654819.131,0,0,0,1.000,1.000,1.000,-90.00,180.00,-27.00,CLOSED,0
654819.143,0,0,0,1.000,1.000,1.000,-90.00,180.00,-27.00,CLOSED,0
654819.155,0,0,0,1.000,1.000,1.000,-90.00,180.00,-27.00,CLOSED,0
654819.168,0,0,0,1.000,1.000,1.000,-90.00,180.00,-27.00,CLOSED,0
654819.184,0,0,0,1.000,1.000,1.000,-90.00,180.00,-27.00,CLOSED,0
654819.198,0,0,0,1.000,1.000,1.000,-90.00,180.00,-27.00,CLOSED,0
654819.209,0,0,0,1.000,1.000,1.000,-90.00,180.00,-27.00,CLOSED,0
654819.218,0,0,0,1.000,1.000,1.000,-90.00,180.00,-27.00,CLOSED,0
654819.228,0,0,0,1.000,1.000,1.000,-90.00,180.00,-27.00,CLOSED,0
654819.238,0,0,0,1.000,1.000,1.000,-90.00,180.00,-27.00,CLOSED,0
654819.248,0,0,0,1.000,1.000,1.000,-90.00,180.00,-27.00,CLOSED,0
654819.257,0,0,0,1.000,1.000,1.000,-90.00,180.00,-27.00,CLOSED,0
654819.267,0,0,0,1.000,1.000,1.000,-90.00,180.00,-27.00,CLOSED,0
654819.275,0,0,0,1.000,1.000,1.000,-90.00,180.00,-27.00,CLOSED,0
654819.285,0,0,0,1.000,1.000,1.000,-90.00,180.00,-27.00,CLOSED,0
654819.295,0,0,0,1.000,1.000,1.000,-90.00,180.00,-27.00,CLOSED,0
654819.304,0,0,0,0.999,1.000,1.000,-90.00,180.00,-27.00,CLOSED,0
654819.314,0,0,0,0.992,1.000,1.000,-90.00,180.00,-27.00,CLOSED,0
654819.324,0,0,0,0.991,1.000,1.000,-90.00,180.00,-27.00,CLOSED,0
654819.334,0,0,0,0.997,1.000,1.000,-90.00,180.00,-27.00,CLOSED,0
654819.344,0,0,0,0.992,1.000,1.000,-90.00,180.00,-27.00,CLOSED,0
654819.354,0,0,0,0.989,1.000,1.000,-90.00,180.00,-27.00,CLOSED,0
654819.363,0,0,0,0.995,1.000,1.000,-90.00,180.00,-27.00,CLOSED,0
654819.373,0,0,0,0.987,1.000,1.000,-90.00,180.00,-27.00,CLOSED,0
654819.383,0,0,0,0.986,1.000,1.000,-90.00,180.00,-27.00,CLOSED,0
654819.392,0,0,0,0.989,1.000,1.000,-90.00,180.00,-27.00,CLOSED,0
654819.401,0,0,0,0.998,0.999,1.000,-90.00,180.00,-27.00,CLOSED,0
654819.410,0,0,0,0.999,0.950,1.000,-90.00,180.00,-27.00,CLOSED,0
654819.419,0,0,0,0.999,0.765,1.000,-90.00,180.00,-27.00,CLOSED,0
654819.428,0,0,0,0.995,0.989,1.000,-90.00,180.00,-27.00,CLOSED,0
654819.437,0,0,0,0.985,0.999,1.000,-90.00,180.00,-27.00,CLOSED,0
654819.448,0,0,0,0.989,1.000,1.000,-90.00,180.00,-27.00,CLOSED,0
654819.455,0,0,0,0.994,1.000,1.000,-90.00,180.00,-27.00,CLOSED,0
654819.460,0,0,0,0.997,1.000,1.000,-90.00,180.00,-27.00,CLOSED,0
654819.470,0,0,0,0.999,1.000,1.000,-90.00,180.00,-27.00,CLOSED,0
654819.478,0,0,0,0.999,1.000,1.000,-90.00,180.00,-27.00,CLOSED,0
654819.487,0,1,0,0.996,1.000,1.000,-90.00,90.00,-27.00,CLOSED,1
654819.497,0,1,0,0.999,1.000,1.000,-90.00,90.00,-27.00,CLOSED,0
654819.506,0,1,0,1.000,1.000,1.000,-90.00,90.00,-27.00,CLOSED,0
654819.516,0,1,0,1.000,1.000,1.000,-90.00,90.00,-27.00,CLOSED,0
654819.525,0,1,0,1.000,1.000,0.999,-90.00,90.00,-27.00,CLOSED,0
654819.535,0,1,0,1.000,1.000,0.998,-90.00,90.00,-27.00,CLOSED,0
654819.544,0,1,0,1.000,1.000,0.996,-90.00,90.00,-27.00,CLOSED,0
654819.551,0,1,0,1.000,1.000,0.994,-90.00,90.00,-27.00,CLOSED,0
654819.561,0,1,0,1.000,1.000,0.993,-90.00,90.00,-27.00,CLOSED,0
654819.570,0,1,0,1.000,1.000,0.992,-90.00,90.00,-27.00,CLOSED,0
654819.581,0,1,0,1.000,1.000,0.990,-90.00,90.00,-27.00,CLOSED,0
654819.590,0,1,0,1.000,1.000,0.988,-90.00,90.00,-27.00,CLOSED,0
654819.599,0,1,0,1.000,1.000,0.987,-90.00,90.00,-27.00,CLOSED,0
654819.608,0,1,0,1.000,1.000,0.986,-90.00,90.00,-27.00,CLOSED,0
654819.617,0,1,0,1.000,1.000,0.986,-90.00,90.00,-27.00,CLOSED,0
654819.627,0,1,0,1.000,1.000,0.989,-90.00,90.00,-27.00,CLOSED,0
654819.636,0,1,0,1.000,1.000,0.991,-90.00,90.00,-27.00,CLOSED,0
654819.645,0,1,0,1.000,1.000,0.993,-90.00,90.00,-27.00,CLOSED,0
654819.655,0,1,0,1.000,0.999,0.994,-90.00,90.00,-27.00,CLOSED,0
654819.664,0,1,0,1.000,0.999,0.994,-90.00,90.00,-27.00,CLOSED,0
654819.674,0,1,0,1.000,0.999,0.994,-90.00,90.00,-27.00,CLOSED,0
654819.684,0,1,0,1.000,0.999,0.994,-90.00,90.00,-27.00,CLOSED,0
654819.689,0,1,0,1.000,0.999,0.993,-90.00,90.00,-27.00,CLOSED,0
654819.699,0,1,0,1.000,0.999,0.993,-90.00,90.00,-27.00,CLOSED,0
654819.708,0,1,0,1.000,0.999,0.991,-90.00,90.00,-27.00,CLOSED,0
654819.718,0,1,0,1.000,0.999,0.989,-90.00,90.00,-27.00,CLOSED,0
654819.728,0,1,0,1.000,1.000,0.989,-90.00,90.00,-27.00,CLOSED,0
654819.738,0,1,0,1.000,1.000,0.988,-90.00,90.00,-27.00,CLOSED,0
654819.745,0,1,0,1.000,1.000,0.991,-90.00,90.00,-27.00,CLOSED,0
654819.755,0,1,0,1.000,1.000,0.995,-90.00,90.00,-27.00,CLOSED,0
654819.764,0,1,0,1.000,1.000,0.997,-90.00,90.00,-27.00,CLOSED,0
654819.773,0,1,0,1.000,1.000,0.998,-90.00,90.00,-27.00,CLOSED,0
654819.783,0,1,0,1.000,1.000,0.999,-90.00,90.00,-27.00,CLOSED,0
654819.792,0,1,0,1.000,1.000,0.999,-90.00,90.00,-27.00,CLOSED,0
654819.802,0,1,0,1.000,1.000,0.999,-90.00,90.00,-27.00,CLOSED,0
654819.811,0,1,0,1.000,1.000,0.999,-90.00,90.00,-27.00,CLOSED,0
654819.820,0,1,0,1.000,1.000,0.999,-90.00,90.00,-27.00,CLOSED,0
654819.830,0,1,0,1.000,1.000,0.998,-90.00,90.00,-27.00,CLOSED,0
654819.837,0,1,0,1.000,1.000,0.997,-90.00,90.00,-27.00,CLOSED,0
654819.848,0,1,0,1.000,1.000,0.994,-90.00,90.00,-27.00,CLOSED,0
654819.857,0,1,0,1.000,0.999,0.988,-90.00,90.00,-27.00,CLOSED,0
654819.866,0,1,0,1.000,0.999,0.982,-90.00,90.00,-27.00,CLOSED,0
654819.875,0,1,0,1.000,0.998,0.985,-90.00,90.00,-27.00,CLOSED,0
654819.885,0,1,0,1.000,0.997,0.991,-90.00,90.00,-27.00,CLOSED,0
654819.895,0,1,0,1.000,0.997,0.995,-90.00,90.00,-27.00,CLOSED,0
654819.904,0,1,0,1.000,0.996,0.997,-90.00,90.00,-27.00,CLOSED,0
654819.913,0,1,0,1.000,0.995,0.998,-90.00,90.00,-27.00,CLOSED,0
654819.922,0,1,0,1.000,0.996,0.999,-90.00,90.00,-27.00,CLOSED,0
654819.931,0,1,0,1.000,0.997,0.998,-90.00,90.00,-27.00,CLOSED,0
654819.941,0,1,0,1.000,0.997,0.998,-90.00,90.00,-27.00,CLOSED,0
654819.950,0,1,0,1.000,0.998,0.997,-90.00,90.00,-27.00,CLOSED,0
654819.958,0,1,0,1.000,0.998,0.994,-90.00,90.00,-27.00,CLOSED,0
654819.967,0,1,0,1.000,0.999,0.988,-90.00,90.00,-27.00,CLOSED,0
654819.976,0,1,0,1.000,0.999,0.979,-90.00,90.00,-27.00,CLOSED,0
654819.985,0,1,0,1.000,0.999,0.976,-90.00,90.00,-27.00,CLOSED,0
654819.995,0,1,0,1.000,0.999,0.981,-90.00,90.00,-27.00,CLOSED,0
654820.003,0,1,0,1.000,0.999,0.984,-90.00,90.00,-27.00,CLOSED,0
654820.013,0,1,0,1.000,0.998,0.988,-90.00,90.00,-27.00,CLOSED,0
654820.022,0,1,0,1.000,0.998,0.993,-90.00,90.00,-27.00,CLOSED,0
654820.032,0,1,0,1.000,0.998,0.995,-90.00,90.00,-27.00,CLOSED,0
654820.041,0,1,0,1.000,0.998,0.997,-90.00,90.00,-27.00,CLOSED,0
654820.051,0,1,0,1.000,0.999,0.998,-90.00,90.00,-27.00,CLOSED,0
654820.059,0,1,0,1.000,0.999,0.998,-90.00,90.00,-27.00,CLOSED,0
654820.068,0,1,0,1.000,0.999,0.999,-90.00,90.00,-27.00,CLOSED,0
654820.077,0,1,0,1.000,0.999,0.999,-90.00,90.00,-27.00,CLOSED,0
654820.085,0,1,0,1.000,1.000,0.999,-90.00,90.00,-27.00,CLOSED,0
654820.093,0,1,0,1.000,1.000,0.998,-90.00,90.00,-27.00,CLOSED,0
654820.102,0,1,0,1.000,1.000,0.998,-90.00,90.00,-27.00,CLOSED,0
654820.113,0,1,0,1.000,1.000,0.998,-90.00,90.00,-27.00,CLOSED,0
654820.122,0,1,0,1.000,1.000,0.999,-90.00,90.00,-27.00,CLOSED,0
654820.130,0,1,0,1.000,1.000,0.999,-90.00,90.00,-27.00,CLOSED,0
654820.139,0,1,0,1.000,1.000,1.000,-90.00,90.00,-27.00,CLOSED,0
654820.143,0,1,0,1.000,1.000,1.000,-90.00,90.00,-27.00,CLOSED,0
654820.152,0,1,0,1.000,1.000,1.000,-90.00,90.00,-27.00,CLOSED,0
654820.157,0,1,0,1.000,1.000,1.000,-90.00,90.00,-27.00,CLOSED,0
654820.161,0,1,0,1.000,1.000,1.000,-90.00,90.00,-27.00,CLOSED,0
654820.166,0,1,0,1.000,1.000,1.000,-90.00,90.00,-27.00,CLOSED,0
654820.176,0,1,0,1.000,1.000,1.000,-90.00,90.00,-27.00,CLOSED,0
654820.185,0,1,0,1.000,1.000,1.000,-90.00,90.00,-27.00,CLOSED,0
654820.189,0,1,0,1.000,1.000,1.000,-90.00,90.00,-27.00,CLOSED,0
654820.193,0,1,0,1.000,1.000,1.000,-90.00,90.00,-27.00,CLOSED,0
654820.198,0,1,0,1.000,1.000,0.999,-90.00,90.00,-27.00,CLOSED,0
654820.207,0,1,0,1.000,1.000,0.999,-90.00,90.00,-27.00,CLOSED,0
654820.217,0,1,0,1.000,1.000,0.999,-90.00,90.00,-27.00,CLOSED,0
654820.222,0,1,0,1.000,1.000,0.999,-90.00,90.00,-27.00,CLOSED,0
654820.231,0,1,0,1.000,1.000,0.999,-90.00,90.00,-27.00,CLOSED,0
654820.241,0,1,0,1.000,1.000,0.999,-90.00,90.00,-27.00,CLOSED,0
654820.249,0,1,0,1.000,1.000,0.999,-90.00,90.00,-27.00,CLOSED,0
654820.259,0,1,0,1.000,1.000,0.999,-90.00,90.00,-27.00,CLOSED,0
654820.267,0,1,0,1.000,1.000,0.999,-90.00,90.00,-27.00,CLOSED,0
654820.276,0,1,0,1.000,1.000,0.999,-90.00,90.00,-27.00,CLOSED,0
654820.285,0,1,0,1.000,1.000,0.998,-90.00,90.00,-27.00,CLOSED,0
654820.293,0,1,0,1.000,1.000,0.996,-90.00,90.00,-27.00,CLOSED,0
654820.302,0,1,0,1.000,0.999,0.992,-90.00,90.00,-27.00,CLOSED,0
654820.310,0,1,0,1.000,0.998,0.985,-90.00,90.00,-27.00,CLOSED,0
654820.319,0,1,0,1.000,0.988,0.978,-90.00,90.00,-27.00,CLOSED,0
654820.327,0,1,0,1.000,0.924,0.974,-90.00,90.00,-27.00,CLOSED,0
654820.334,0,1,0,1.000,0.623,0.976,-90.00,90.00,-27.00,CLOSED,0
654820.343,0,1,0,1.000,0.959,0.989,-90.00,90.00,-27.00,CLOSED,0
654820.353,0,1,0,1.000,0.995,0.995,-90.00,90.00,-27.00,CLOSED,0
654820.362,0,1,0,1.000,0.999,0.996,-90.00,90.00,-27.00,CLOSED,0
654820.366,0,1,0,1.000,1.000,0.998,-90.00,90.00,-27.00,CLOSED,0
654820.371,0,1,0,1.000,1.000,0.998,-90.00,90.00,-27.00,CLOSED,0
654820.379,0,1,0,1.000,1.000,0.999,-90.00,90.00,-27.00,CLOSED,0
654820.388,0,1,0,1.000,1.000,0.999,-90.00,90.00,-27.00,CLOSED,0
654820.398,0,0,0,1.000,1.000,0.999,-90.00,180.00,-27.00,CLOSED,1
654820.403,0,0,0,1.000,0.999,1.000,-90.00,180.00,-27.00,CLOSED,0
654820.411,0,0,0,1.000,0.999,1.000,-90.00,180.00,-27.00,CLOSED,0
654820.420,0,0,0,1.000,0.998,1.000,-90.00,180.00,-27.00,CLOSED,0
654820.430,0,0,0,1.000,0.996,1.000,-90.00,180.00,-27.00,CLOSED,0
654820.440,0,0,0,0.999,0.994,1.000,-90.00,180.00,-27.00,CLOSED,0
654820.450,0,0,0,0.999,0.986,1.000,-90.00,180.00,-27.00,CLOSED,0
654820.459,0,0,0,0.999,0.981,1.000,-90.00,180.00,-27.00,CLOSED,0
654820.468,0,0,0,0.999,0.985,1.000,-90.00,180.00,-27.00,CLOSED,0
654820.477,0,0,0,0.999,0.996,1.000,-90.00,180.00,-27.00,CLOSED,0
654820.486,0,0,0,0.997,0.996,1.000,-90.00,180.00,-27.00,CLOSED,0
654820.490,0,0,0,0.997,1.000,1.000,-90.00,180.00,-27.00,CLOSED,0
654820.502,0,0,0,0.994,1.000,1.000,-90.00,180.00,-27.00,CLOSED,0
654820.514,0,0,0,0.998,1.000,1.000,-90.00,180.00,-27.00,CLOSED,0
654820.524,0,0,0,0.999,1.000,1.000,-90.00,180.00,-27.00,CLOSED,0
654820.535,0,0,0,1.000,1.000,1.000,-90.00,180.00,-27.00,CLOSED,0
654820.545,0,0,0,1.000,1.000,1.000,-90.00,180.00,-27.00,CLOSED,0
654820.555,0,0,0,1.000,1.000,1.000,-90.00,180.00,-27.00,CLOSED,0
654820.565,0,0,0,1.000,1.000,1.000,-90.00,180.00,-27.00,CLOSED,0
654820.574,0,0,0,0.999,1.000,1.000,-90.00,180.00,-27.00,CLOSED,0
654820.585,0,0,0,1.000,1.000,1.000,-90.00,180.00,-27.00,CLOSED,0
654820.594,0,0,0,1.000,1.000,1.000,-90.00,180.00,-27.00,CLOSED,0
654820.604,0,0,0,1.000,1.000,1.000,-90.00,180.00,-27.00,CLOSED,0
654820.614,0,0,0,1.000,1.000,1.000,-90.00,180.00,-27.00,CLOSED,0
654820.623,0,0,0,1.000,1.000,1.000,-90.00,180.00,-27.00,CLOSED,0
654820.632,0,0,0,1.000,1.000,1.000,-90.00,180.00,-27.00,CLOSED,0
654820.640,0,0,0,1.000,1.000,1.000,-90.00,180.00,-27.00,CLOSED,0
654820.649,0,0,0,1.000,1.000,1.000,-90.00,180.00,-27.00,CLOSED,0
654820.658,0,0,0,1.000,1.000,1.000,-90.00,180.00,-27.00,CLOSED,0
654820.668,0,0,0,1.000,1.000,1.000,-90.00,180.00,-27.00,CLOSED,0
654820.677,0,0,0,1.000,1.000,1.000,-90.00,180.00,-27.00,CLOSED,0
654820.687,0,0,0,1.000,1.000,1.000,-90.00,180.00,-27.00,CLOSED,0
654820.696,0,0,0,1.000,1.000,1.000,-90.00,180.00,-27.00,CLOSED,0
654820.705,0,0,0,1.000,1.000,1.000,-90.00,180.00,-27.00,CLOSED,0
654820.715,0,0,0,1.000,1.000,1.000,-90.00,180.00,-27.00,CLOSED,0
654820.723,0,0,0,1.000,1.000,1.000,-90.00,180.00,-27.00,CLOSED,0
654820.732,0,0,0,1.000,1.000,1.000,-90.00,180.00,-27.00,CLOSED,0
654820.740,0,0,0,1.000,1.000,1.000,-90.00,180.00,-27.00,CLOSED,0
654820.749,0,0,0,1.000,1.000,1.000,-90.00,180.00,-27.00,CLOSED,0
654820.757,0,0,0,1.000,1.000,1.000,-90.00,180.00,-27.00,CLOSED,0
654820.766,0,0,0,1.000,1.000,1.000,-90.00,180.00,-27.00,CLOSED,0
654820.774,0,0,0,1.000,1.000,1.000,-90.00,180.00,-27.00,CLOSED,0
654820.783,0,0,0,1.000,1.000,1.000,-90.00,180.00,-27.00,CLOSED,0
654820.791,0,0,0,1.000,1.000,1.000,-90.00,180.00,-27.00,CLOSED,0
654820.795,0,0,0,1.000,1.000,1.000,-90.00,180.00,-27.00,CLOSED,0
654820.801,0,0,0,1.000,1.000,1.000,-90.00,180.00,-27.00,CLOSED,0
654820.805,0,0,0,1.000,1.000,1.000,-90.00,180.00,-27.00,CLOSED,0
654820.813,0,0,0,1.000,1.000,1.000,-90.00,180.00,-27.00,CLOSED,0
654820.817,0,0,0,1.000,1.000,1.000,-90.00,180.00,-27.00,CLOSED,0
654820.824,0,0,0,1.000,1.000,1.000,-90.00,180.00,-27.00,CLOSED,0
654820.828,0,0,0,1.000,1.000,1.000,-90.00,180.00,-27.00,CLOSED,0
654820.835,0,0,0,1.000,1.000,1.000,-90.00,180.00,-27.00,CLOSED,0
654820.839,0,0,0,1.000,1.000,1.000,-90.00,180.00,-27.00,CLOSED,0
654820.844,0,0,0,1.000,1.000,1.000,-90.00,180.00,-27.00,CLOSED,0
654820.849,0,0,0,1.000,1.000,1.000,-90.00,180.00,-27.00,CLOSED,0
654820.858,0,0,0,1.000,1.000,1.000,-90.00,180.00,-27.00,CLOSED,0
654820.867,0,0,0,1.000,1.000,1.000,-90.00,180.00,-27.00,CLOSED,0
654820.876,0,0,0,1.000,1.000,1.000,-90.00,180.00,-27.00,CLOSED,0
654820.881,0,0,0,1.000,1.000,1.000,-90.00,180.00,-27.00,CLOSED,0
654820.886,0,0,0,1.000,1.000,1.000,-90.00,180.00,-27.00,CLOSED,0
654820.894,0,0,0,1.000,1.000,1.000,-90.00,180.00,-27.00,CLOSED,0
654820.904,0,0,0,1.000,1.000,1.000,-90.00,180.00,-27.00,CLOSED,0
654820.913,0,0,0,1.000,1.000,1.000,-90.00,180.00,-27.00,CLOSED,0
654820.923,0,0,0,1.000,1.000,1.000,-90.00,180.00,-27.00,CLOSED,0
654820.932,0,0,0,1.000,1.000,1.000,-90.00,180.00,-27.00,CLOSED,0
654820.940,0,0,0,1.000,1.000,1.000,-90.00,180.00,-27.00,CLOSED,0
654820.949,0,0,0,1.000,1.000,1.000,-90.00,180.00,-27.00,CLOSED,0
654820.958,0,0,0,1.000,1.000,1.000,-90.00,180.00,-27.00,CLOSED,0
654820.967,0,0,0,1.000,1.000,1.000,-90.00,180.00,-27.00,CLOSED,0
654820.976,0,0,0,1.000,1.000,1.000,-90.00,180.00,-27.00,CLOSED,0
654820.985,0,0,0,1.000,1.000,1.000,-90.00,180.00,-27.00,CLOSED,0
654820.993,0,0,0,1.000,1.000,1.000,-90.00,180.00,-27.00,CLOSED,0
654821.003,0,0,0,1.000,1.000,1.000,-90.00,180.00,-27.00,CLOSED,0
654821.014,0,0,0,1.000,1.000,1.000,-90.00,180.00,-27.00,CLOSED,0
654821.023,0,0,0,1.000,1.000,1.000,-90.00,180.00,-27.00,CLOSED,0
654821.032,0,0,0,1.000,1.000,1.000,-90.00,180.00,-27.00,CLOSED,0
654821.041,0,0,0,1.000,1.000,1.000,-90.00,180.00,-27.00,CLOSED,0
654821.051,0,0,0,1.000,1.000,1.000,-90.00,180.00,-27.00,CLOSED,0
654821.059,0,0,0,1.000,1.000,1.000,-90.00,180.00,-27.00,CLOSED,0
654821.069,0,0,0,1.000,1.000,1.000,-90.00,180.00,-27.00,CLOSED,0
654821.078,0,0,0,1.000,1.000,1.000,-90.00,180.00,-27.00,CLOSED,0
654821.087,0,0,0,1.000,1.000,1.000,-90.00,180.00,-27.00,CLOSED,0
654821.097,0,0,0,1.000,1.000,1.000,-90.00,180.00,-27.00,CLOSED,0
654821.105,0,0,0,1.000,1.000,1.000,-90.00,180.00,-27.00,CLOSED,0
654821.114,0,0,0,1.000,1.000,1.000,-90.00,180.00,-27.00,CLOSED,0
654821.123,0,0,0,1.000,1.000,1.000,-90.00,180.00,-27.00,CLOSED,0
654821.132,0,0,0,1.000,1.000,1.000,-90.00,180.00,-27.00,CLOSED,0
654821.141,0,0,0,1.000,1.000,1.000,-90.00,180.00,-27.00,CLOSED,0
654821.150,0,0,0,1.000,1.000,1.000,-90.00,180.00,-27.00,CLOSED,0
654821.159,0,0,0,1.000,1.000,1.000,-90.00,180.00,-27.00,CLOSED,0
654821.168,0,0,0,1.000,1.000,1.000,-90.00,180.00,-27.00,CLOSED,0
654821.177,0,0,0,1.000,1.000,1.000,-90.00,180.00,-27.00,CLOSED,0
654821.186,0,0,0,1.000,1.000,1.000,-90.00,180.00,-27.00,CLOSED,0
654821.194,0,0,0,1.000,1.000,1.000,-90.00,180.00,-27.00,CLOSED,0
654821.203,0,0,0,1.000,1.000,1.000,-90.00,180.00,-27.00,CLOSED,0
654821.212,0,0,0,1.000,1.000,1.000,-90.00,180.00,-27.00,CLOSED,0
654821.221,0,0,0,1.000,1.000,1.000,-90.00,180.00,-27.00,CLOSED,0
654821.229,0,0,0,1.000,1.000,1.000,-90.00,180.00,-27.00,CLOSED,0
654821.238,0,0,0,1.000,1.000,1.000,-90.00,180.00,-27.00,CLOSED,0
654821.248,0,0,0,1.000,1.000,1.000,-90.00,180.00,-27.00,CLOSED,0
654821.256,0,0,0,1.000,1.000,1.000,-90.00,180.00,-27.00,CLOSED,0
654821.266,0,0,0,1.000,1.000,1.000,-90.00,180.00,-27.00,CLOSED,0
654821.275,0,0,0,1.000,1.000,1.000,-90.00,180.00,-27.00,CLOSED,0
654821.284,0,0,0,1.000,1.000,1.000,-90.00,180.00,-27.00,CLOSED,0
654821.292,0,0,0,1.000,1.000,1.000,-90.00,180.00,-27.00,CLOSED,0
654821.301,0,0,0,1.000,1.000,1.000,-90.00,180.00,-27.00,CLOSED,0
654821.310,0,0,0,1.000,1.000,1.000,-90.00,180.00,-27.00,CLOSED,0
654821.319,0,0,0,1.000,1.000,1.000,-90.00,180.00,-27.00,CLOSED,0
654821.327,0,0,0,1.000,1.000,1.000,-90.00,180.00,-27.00,CLOSED,0
654821.337,0,0,0,1.000,1.000,1.000,-90.00,180.00,-27.00,CLOSED,0
654821.346,0,0,0,1.000,1.000,1.000,-90.00,180.00,-27.00,CLOSED,0
654821.355,0,0,0,1.000,1.000,1.000,-90.00,180.00,-27.00,CLOSED,0
654821.365,0,0,0,1.000,1.000,1.000,-90.00,180.00,-27.00,CLOSED,0
654821.375,0,0,0,1.000,1.000,1.000,-90.00,180.00,-27.00,CLOSED,0
654821.383,0,0,0,1.000,1.000,1.000,-90.00,180.00,-27.00,CLOSED,0
654821.391,0,0,0,1.000,1.000,1.000,-90.00,180.00,-27.00,CLOSED,0
654821.401,0,0,0,1.000,1.000,1.000,-90.00,180.00,-27.00,CLOSED,0
654821.410,0,0,0,1.000,1.000,1.000,-90.00,180.00,-27.00,CLOSED,0
654821.419,0,0,0,1.000,1.000,1.000,-90.00,180.00,-27.00,CLOSED,0
654821.428,0,0,0,1.000,1.000,1.000,-90.00,180.00,-27.00,CLOSED,0
654821.436,0,0,0,1.000,1.000,1.000,-90.00,180.00,-27.00,CLOSED,0
654821.445,0,0,0,1.000,1.000,1.000,-90.00,180.00,-27.00,CLOSED,0
654821.454,0,0,0,1.000,1.000,1.000,-90.00,180.00,-27.00,CLOSED,0
654821.464,0,0,0,1.000,1.000,1.000,-90.00,180.00,-27.00,CLOSED,0
654821.472,0,0,0,1.000,1.000,1.000,-90.00,180.00,-27.00,CLOSED,0
654821.481,0,0,0,1.000,1.000,1.000,-90.00,180.00,-27.00,CLOSED,0
654821.489,0,0,0,1.000,1.000,1.000,-90.00,180.00,-27.00,CLOSED,0
654821.493,0,0,0,1.000,1.000,1.000,-90.00,180.00,-27.00,CLOSED,0
654821.500,0,0,0,1.000,1.000,1.000,-90.00,180.00,-27.00,CLOSED,0
654821.508,0,0,0,1.000,1.000,1.000,-90.00,180.00,-27.00,CLOSED,0
654821.518,0,0,0,1.000,1.000,1.000,-90.00,180.00,-27.00,CLOSED,0
654821.526,0,0,0,1.000,1.000,1.000,-90.00,180.00,-27.00,CLOSED,0
654821.534,0,0,0,1.000,1.000,1.000,-90.00,180.00,-27.00,CLOSED,0
654821.543,0,0,0,1.000,1.000,1.000,-90.00,180.00,-27.00,CLOSED,0
654821.548,0,0,0,1.000,1.000,1.000,-90.00,180.00,-27.00,CLOSED,0
654821.556,0,0,0,1.000,1.000,1.000,-90.00,180.00,-27.00,CLOSED,0
654821.563,0,0,0,1.000,1.000,1.000,-90.00,180.00,-27.00,CLOSED,0
654821.568,0,0,0,1.000,1.000,1.000,-90.00,180.00,-27.00,CLOSED,0
654821.571,0,0,0,1.000,1.000,1.000,-90.00,180.00,-27.00,CLOSED,0
654821.580,0,0,0,0.999,1.000,1.000,-90.00,180.00,-27.00,CLOSED,0
654821.585,0,0,0,0.858,1.000,1.000,-90.00,180.00,-27.00,CLOSED,0
654821.594,0,0,0,0.484,1.000,1.000,-90.00,180.00,-27.00,CLOSED,0
654821.601,0,0,0,0.481,1.000,1.000,-90.00,180.00,-27.00,CLOSED,0
654821.610,0,0,0,0.604,1.000,1.000,-90.00,180.00,-27.00,CLOSED,0
654821.620,0,0,0,0.670,1.000,1.000,-90.00,180.00,-27.00,CLOSED,0
654821.630,0,0,0,0.776,1.000,1.000,-90.00,180.00,-27.00,CLOSED,0
654821.639,0,0,0,0.937,1.000,1.000,-90.00,180.00,-27.00,CLOSED,0
654821.648,0,0,0,0.997,1.000,1.000,-90.00,180.00,-27.00,CLOSED,0
654821.657,0,0,0,1.000,1.000,1.000,-90.00,180.00,-27.00,CLOSED,0
654821.666,0,0,0,1.000,1.000,1.000,-90.00,180.00,-27.00,CLOSED,0
654821.676,0,0,0,1.000,1.000,1.000,-90.00,180.00,-27.00,CLOSED,0
654821.685,3,0,0,1.000,1.000,1.000,-90.00,180.00,-27.00,OPEN,0
654821.694,3,0,0,1.000,1.000,1.000,-90.00,180.00,-27.00,OPEN,0
654821.704,3,0,0,1.000,1.000,1.000,-90.00,180.00,-27.00,OPEN,0
654821.714,3,0,0,1.000,1.000,1.000,-90.00,180.00,-27.00,OPEN,0
654821.723,3,0,0,1.000,1.000,1.000,-90.00,180.00,-27.00,OPEN,0
654821.731,3,0,0,1.000,1.000,1.000,-90.00,180.00,-27.00,OPEN,0
654821.740,3,0,0,1.000,1.000,1.000,-90.00,180.00,-27.00,OPEN,0
654821.749,3,0,0,1.000,1.000,1.000,-90.00,180.00,-27.00,OPEN,0
654821.757,3,0,0,1.000,1.000,1.000,-90.00,180.00,-27.00,OPEN,0
654821.767,3,0,0,1.000,1.000,1.000,-90.00,180.00,-27.00,OPEN,0
654821.776,3,0,0,1.000,1.000,1.000,-90.00,180.00,-27.00,OPEN,0
654821.787,3,0,0,1.000,1.000,1.000,-90.00,180.00,-27.00,OPEN,0
654821.797,3,0,0,1.000,1.000,1.000,-90.00,180.00,-27.00,OPEN,0
654821.806,3,0,0,1.000,1.000,1.000,-90.00,180.00,-27.00,OPEN,0
654821.816,3,0,0,1.000,1.000,1.000,-90.00,180.00,-27.00,OPEN,0
654821.824,3,0,0,1.000,1.000,1.000,-90.00,180.00,-27.00,OPEN,0
654821.831,3,0,0,1.000,1.000,1.000,-90.00,180.00,-27.00,OPEN,0
654821.839,3,0,0,1.000,1.000,1.000,-90.00,180.00,-27.00,OPEN,0
654821.848,3,0,0,1.000,1.000,1.000,-90.00,180.00,-27.00,OPEN,0
654821.857,3,0,0,1.000,1.000,1.000,-90.00,180.00,-27.00,OPEN,0
654821.864,3,0,0,1.000,1.000,1.000,-90.00,180.00,-27.00,OPEN,0
654821.872,3,0,0,1.000,1.000,1.000,-90.00,180.00,-27.00,OPEN,0
654821.880,3,0,0,1.000,1.000,1.000,-90.00,180.00,-27.00,OPEN,0
654821.888,3,0,0,1.000,1.000,1.000,-90.00,180.00,-27.00,OPEN,0
654821.897,3,0,0,1.000,1.000,1.000,-90.00,180.00,-27.00,OPEN,0
654821.906,3,0,0,1.000,1.000,1.000,-90.00,180.00,-27.00,OPEN,0
654821.913,3,0,0,1.000,1.000,1.000,-90.00,180.00,-27.00,OPEN,0
654821.922,3,0,0,1.000,1.000,1.000,-90.00,180.00,-27.00,OPEN,0
654821.926,3,0,0,1.000,1.000,1.000,-90.00,180.00,-27.00,OPEN,0
654821.932,3,0,0,1.000,1.000,1.000,-90.00,180.00,-27.00,OPEN,0
654821.940,3,0,0,1.000,1.000,1.000,-90.00,180.00,-27.00,OPEN,0
654821.950,3,0,0,1.000,1.000,1.000,-90.00,180.00,-27.00,OPEN,0
654821.959,3,0,0,1.000,1.000,1.000,-90.00,180.00,-27.00,OPEN,0
654821.968,3,0,0,1.000,1.000,1.000,-90.00,180.00,-27.00,OPEN,0
654821.977,3,0,0,1.000,1.000,1.000,-90.00,180.00,-27.00,OPEN,0
654821.986,3,0,0,1.000,1.000,1.000,-90.00,180.00,-27.00,OPEN,0
654821.994,3,0,0,1.000,1.000,1.000,-90.00,180.00,-27.00,OPEN,0
654822.002,3,0,0,1.000,1.000,1.000,-90.00,180.00,-27.00,OPEN,0
654822.010,3,0,0,1.000,1.000,1.000,-90.00,180.00,-27.00,OPEN,0
654822.016,3,0,0,1.000,1.000,1.000,-90.00,180.00,-27.00,OPEN,0
654822.022,3,0,0,1.000,1.000,1.000,-90.00,180.00,-27.00,OPEN,0
654822.031,3,0,0,1.000,1.000,1.000,-90.00,180.00,-27.00,OPEN,0
654822.040,3,0,0,1.000,1.000,1.000,-90.00,180.00,-27.00,OPEN,0
654822.050,3,0,0,1.000,1.000,1.000,-90.00,180.00,-27.00,OPEN,0
654822.058,3,0,0,1.000,1.000,1.000,-90.00,180.00,-27.00,OPEN,0
654822.067,3,0,0,1.000,1.000,1.000,-90.00,180.00,-27.00,OPEN,0
654822.076,3,0,0,1.000,1.000,1.000,-90.00,180.00,-27.00,OPEN,0
654822.085,3,0,0,1.000,1.000,1.000,-90.00,180.00,-27.00,OPEN,0
654822.093,3,0,0,1.000,1.000,1.000,-90.00,180.00,-27.00,OPEN,0
654822.103,3,0,0,1.000,1.000,1.000,-90.00,180.00,-27.00,OPEN,0
654822.112,3,0,0,1.000,1.000,1.000,-90.00,180.00,-27.00,OPEN,0
654822.122,3,0,0,1.000,1.000,1.000,-90.00,180.00,-27.00,OPEN,0
654822.132,3,0,0,1.000,1.000,1.000,-90.00,180.00,-27.00,OPEN,0
654822.140,3,0,0,1.000,1.000,1.000,-90.00,180.00,-27.00,OPEN,0
654822.148,3,0,0,1.000,1.000,1.000,-90.00,180.00,-27.00,OPEN,0
654822.157,3,0,0,1.000,1.000,1.000,-90.00,180.00,-27.00,OPEN,0
654822.162,3,0,0,1.000,1.000,1.000,-90.00,180.00,-27.00,OPEN,0
654822.171,3,0,0,1.000,1.000,1.000,-90.00,180.00,-27.00,OPEN,0
654822.180,3,0,0,1.000,1.000,1.000,-90.00,180.00,-27.00,OPEN,0
654822.189,3,0,0,1.000,1.000,1.000,-90.00,180.00,-27.00,OPEN,0
654822.198,3,0,0,1.000,1.000,1.000,-90.00,180.00,-27.00,OPEN,0
654822.207,3,0,0,1.000,1.000,1.000,-90.00,180.00,-27.00,OPEN,0
654822.215,3,0,0,1.000,1.000,1.000,-90.00,180.00,-27.00,OPEN,0
654822.224,3,0,0,1.000,1.000,1.000,-90.00,180.00,-27.00,OPEN,0
654822.231,3,0,0,1.000,1.000,1.000,-90.00,180.00,-27.00,OPEN,0
654822.235,3,0,0,1.000,1.000,1.000,-90.00,180.00,-27.00,OPEN,0
654822.239,3,0,0,1.000,1.000,1.000,-90.00,180.00,-27.00,OPEN,0
654822.243,3,0,0,1.000,1.000,1.000,-90.00,180.00,-27.00,OPEN,0
654822.248,3,0,0,1.000,1.000,1.000,-90.00,180.00,-27.00,OPEN,0
654822.252,3,0,0,1.000,1.000,1.000,-90.00,180.00,-27.00,OPEN,0
654822.257,3,0,0,1.000,1.000,1.000,-90.00,180.00,-27.00,OPEN,0
654822.261,3,0,0,1.000,1.000,1.000,-90.00,180.00,-27.00,OPEN,0
654822.272,3,0,0,1.000,1.000,1.000,-90.00,180.00,-27.00,OPEN,0
654822.280,3,0,0,1.000,1.000,1.000,-90.00,180.00,-27.00,OPEN,0
654822.288,3,0,0,1.000,1.000,1.000,-90.00,180.00,-27.00,OPEN,0
654822.296,3,0,0,1.000,1.000,1.000,-90.00,180.00,-27.00,OPEN,0
654822.300,3,0,0,1.000,1.000,1.000,-90.00,180.00,-27.00,OPEN,0
654822.308,3,0,0,1.000,1.000,1.000,-90.00,180.00,-27.00,OPEN,0
654822.317,3,0,0,1.000,1.000,1.000,-90.00,180.00,-27.00,OPEN,0
654822.325,3,0,0,1.000,1.000,1.000,-90.00,180.00,-27.00,OPEN,0
654822.334,3,0,0,1.000,1.000,1.000,-90.00,180.00,-27.00,OPEN,0
654822.343,3,0,0,1.000,1.000,1.000,-90.00,180.00,-27.00,OPEN,0
654822.348,3,0,0,1.000,1.000,1.000,-90.00,180.00,-27.00,OPEN,0
654822.356,3,0,0,1.000,1.000,1.000,-90.00,180.00,-27.00,OPEN,0
654822.362,3,0,0,1.000,1.000,1.000,-90.00,180.00,-27.00,OPEN,0
654822.371,3,0,0,1.000,1.000,1.000,-90.00,180.00,-27.00,OPEN,0
654822.379,3,0,0,1.000,1.000,1.000,-90.00,180.00,-27.00,OPEN,0
654822.387,3,0,0,1.000,1.000,1.000,-90.00,180.00,-27.00,OPEN,0
654822.396,3,0,0,1.000,1.000,1.000,-90.00,180.00,-27.00,OPEN,0
654822.400,3,0,0,1.000,1.000,1.000,-90.00,180.00,-27.00,OPEN,0
654822.405,3,0,0,1.000,1.000,1.000,-90.00,180.00,-27.00,OPEN,0
654822.409,3,0,0,1.000,1.000,1.000,-90.00,180.00,-27.00,OPEN,0
654822.415,3,0,0,1.000,1.000,1.000,-90.00,180.00,-27.00,OPEN,0
654822.419,3,0,0,1.000,1.000,1.000,-90.00,180.00,-27.00,OPEN,0
654822.424,3,0,0,1.000,1.000,1.000,-90.00,180.00,-27.00,OPEN,0
654822.429,3,0,0,1.000,1.000,1.000,-90.00,180.00,-27.00,OPEN,0
654822.434,3,0,0,1.000,1.000,1.000,-90.00,180.00,-27.00,OPEN,0
654822.438,3,0,0,1.000,1.000,1.000,-90.00,180.00,-27.00,OPEN,0
654822.442,3,0,0,1.000,1.000,1.000,-90.00,180.00,-27.00,OPEN,0
654822.452,3,0,0,1.000,1.000,1.000,-90.00,180.00,-27.00,OPEN,0
654822.461,3,0,0,1.000,1.000,1.000,-90.00,180.00,-27.00,OPEN,0
654822.470,3,0,0,1.000,1.000,1.000,-90.00,180.00,-27.00,OPEN,0
654822.477,3,0,0,1.000,1.000,1.000,-90.00,180.00,-27.00,OPEN,0
654822.483,3,0,0,1.000,1.000,1.000,-90.00,180.00,-27.00,OPEN,0
654822.487,3,0,0,1.000,1.000,1.000,-90.00,180.00,-27.00,OPEN,0
654822.495,3,0,0,1.000,1.000,1.000,-90.00,180.00,-27.00,OPEN,0
654822.505,3,0,0,1.000,1.000,1.000,-90.00,180.00,-27.00,OPEN,0
654822.513,3,0,0,0.999,1.000,1.000,-90.00,180.00,-27.00,OPEN,0
654822.522,3,0,0,0.975,1.000,1.000,-90.00,180.00,-27.00,OPEN,0
654822.530,3,0,0,0.869,1.000,1.000,-90.00,180.00,-27.00,OPEN,0
654822.539,3,0,0,0.666,1.000,1.000,-90.00,180.00,-27.00,OPEN,0
654822.548,3,0,0,0.511,1.000,1.000,-90.00,180.00,-27.00,OPEN,0
654822.559,3,0,0,0.589,1.000,1.000,-90.00,180.00,-27.00,OPEN,0
654822.568,3,0,0,0.639,1.000,1.000,-90.00,180.00,-27.00,OPEN,0
654822.578,3,0,0,0.562,1.000,1.000,-90.00,180.00,-27.00,OPEN,0
654822.589,3,0,0,0.920,1.000,1.000,-90.00,180.00,-27.00,OPEN,0
654822.599,3,0,0,1.000,1.000,1.000,-90.00,180.00,-27.00,OPEN,0
654822.608,3,0,0,1.000,1.000,1.000,-90.00,180.00,-27.00,OPEN,0
654822.618,3,0,0,1.000,1.000,1.000,-90.00,180.00,-27.00,OPEN,0
654822.626,3,0,0,1.000,1.000,1.000,-90.00,180.00,-27.00,OPEN,0
654822.636,3,0,0,1.000,1.000,1.000,-90.00,180.00,-27.00,OPEN,0
654822.645,3,0,0,1.000,1.000,1.000,-90.00,180.00,-27.00,OPEN,0
654822.655,0,0,0,1.000,1.000,1.000,-90.00,180.00,-27.00,OPEN,0
654822.664,0,0,0,1.000,1.000,1.000,-90.00,180.00,-27.00,OPEN,0
654822.673,0,0,0,1.000,1.000,1.000,-90.00,180.00,-27.00,OPEN,0
654822.682,0,0,0,1.000,1.000,1.000,-90.00,180.00,-27.00,OPEN,0
654822.692,0,0,0,1.000,1.000,1.000,-90.00,180.00,-27.00,OPEN,0
654822.700,0,0,0,1.000,1.000,1.000,-90.00,180.00,-27.00,OPEN,0
654822.709,0,0,0,1.000,1.000,1.000,-90.00,180.00,-27.00,OPEN,0
654822.719,0,0,0,1.000,1.000,1.000,-90.00,180.00,-27.00,OPEN,0
654822.728,0,0,0,1.000,1.000,1.000,-90.00,180.00,-27.00,OPEN,0
654822.733,0,0,0,1.000,1.000,1.000,-90.00,180.00,-27.00,OPEN,0
654822.741,0,0,0,1.000,1.000,1.000,-90.00,180.00,-27.00,OPEN,0
654822.750,0,0,0,1.000,1.000,1.000,-90.00,180.00,-27.00,OPEN,0
654822.758,0,0,0,1.000,1.000,1.000,-90.00,180.00,-27.00,OPEN,0
654822.767,0,0,0,1.000,1.000,1.000,-90.00,180.00,-27.00,OPEN,0
654822.776,0,0,0,1.000,1.000,1.000,-90.00,180.00,-27.00,OPEN,0
654822.785,0,0,0,1.000,1.000,1.000,-90.00,180.00,-27.00,OPEN,0
654822.790,0,0,0,1.000,1.000,1.000,-90.00,180.00,-27.00,OPEN,0
654822.797,0,0,0,1.000,1.000,1.000,-90.00,180.00,-27.00,OPEN,0
654822.806,0,0,0,1.000,1.000,1.000,-90.00,180.00,-27.00,OPEN,0
654822.815,0,0,0,1.000,1.000,1.000,-90.00,180.00,-27.00,OPEN,0
654822.824,0,0,0,0.999,1.000,1.000,-90.00,180.00,-27.00,OPEN,0
654822.833,0,0,0,1.000,1.000,1.000,-90.00,180.00,-27.00,OPEN,0
654822.841,0,0,0,1.000,1.000,1.000,-90.00,180.00,-27.00,OPEN,0
654822.851,0,0,0,1.000,1.000,1.000,-90.00,180.00,-27.00,OPEN,0
654822.859,0,0,0,1.000,1.000,1.000,-90.00,180.00,-27.00,OPEN,0
654822.868,0,0,0,1.000,1.000,1.000,-90.00,180.00,-27.00,OPEN,0
654822.877,0,0,0,1.000,1.000,1.000,-90.00,180.00,-27.00,OPEN,0
654822.886,0,0,0,1.000,1.000,1.000,-90.00,180.00,-27.00,OPEN,0
654822.895,0,0,0,1.000,1.000,1.000,-90.00,180.00,-27.00,OPEN,0
654822.902,0,0,0,1.000,1.000,1.000,-90.00,180.00,-27.00,OPEN,0
654822.910,0,0,0,1.000,1.000,1.000,-90.00,180.00,-27.00,OPEN,0
654822.920,0,0,0,1.000,1.000,1.000,-90.00,180.00,-27.00,OPEN,0
654822.930,0,0,0,1.000,1.000,1.000,-90.00,180.00,-27.00,OPEN,0
654822.939,0,0,0,1.000,1.000,1.000,-90.00,180.00,-27.00,OPEN,0
654822.948,0,0,0,1.000,1.000,1.000,-90.00,180.00,-27.00,OPEN,0
654822.957,0,0,0,1.000,1.000,1.000,-90.00,180.00,-27.00,OPEN,0
654822.966,0,0,0,1.000,1.000,1.000,-90.00,180.00,-27.00,OPEN,0
654822.975,0,0,0,1.000,1.000,1.000,-90.00,180.00,-27.00,OPEN,0
654822.985,0,0,0,1.000,1.000,1.000,-90.00,180.00,-27.00,OPEN,0
654822.993,0,0,0,1.000,1.000,1.000,-90.00,180.00,-27.00,OPEN,0
654823.004,0,0,0,1.000,1.000,1.000,-90.00,180.00,-27.00,OPEN,0
654823.013,0,0,0,1.000,1.000,1.000,-90.00,180.00,-27.00,OPEN,0
654823.024,0,0,0,1.000,1.000,1.000,-90.00,180.00,-27.00,OPEN,0
654823.033,0,0,0,1.000,1.000,1.000,-90.00,180.00,-27.00,OPEN,0
654823.042,0,0,0,1.000,1.000,1.000,-90.00,180.00,-27.00,OPEN,0
654823.052,0,0,0,1.000,1.000,1.000,-90.00,180.00,-27.00,OPEN,0
654823.062,0,0,0,1.000,1.000,1.000,-90.00,180.00,-27.00,OPEN,0
654823.071,0,0,0,1.000,1.000,1.000,-90.00,180.00,-27.00,OPEN,0
654823.081,0,0,0,1.000,1.000,1.000,-90.00,180.00,-27.00,OPEN,0
654823.090,0,0,0,1.000,1.000,1.000,-90.00,180.00,-27.00,OPEN,0
654823.100,0,0,0,1.000,1.000,1.000,-90.00,180.00,-27.00,OPEN,0
654823.109,0,0,0,1.000,1.000,1.000,-90.00,180.00,-27.00,OPEN,0
654823.117,0,0,0,1.000,1.000,1.000,-90.00,180.00,-27.00,OPEN,0
654823.126,0,0,0,1.000,1.000,1.000,-90.00,180.00,-27.00,OPEN,0
654823.132,0,0,0,1.000,1.000,1.000,-90.00,180.00,-27.00,OPEN,0
654823.137,0,0,0,1.000,1.000,1.000,-90.00,180.00,-27.00,OPEN,0
654823.142,0,0,0,1.000,1.000,1.000,-90.00,180.00,-27.00,OPEN,0
654823.150,0,0,0,1.000,1.000,1.000,-90.00,180.00,-27.00,OPEN,0
654823.159,0,0,0,1.000,1.000,1.000,-90.00,180.00,-27.00,OPEN,0
654823.165,0,0,0,1.000,1.000,1.000,-90.00,180.00,-27.00,OPEN,0
654823.174,0,0,0,1.000,1.000,1.000,-90.00,180.00,-27.00,OPEN,0
654823.182,0,0,0,1.000,1.000,1.000,-90.00,180.00,-27.00,OPEN,0
654823.190,0,0,0,1.000,1.000,1.000,-90.00,180.00,-27.00,OPEN,0
654823.200,0,0,0,1.000,1.000,1.000,-90.00,180.00,-27.00,OPEN,0
654823.208,0,0,0,1.000,1.000,1.000,-90.00,180.00,-27.00,OPEN,0
654823.213,0,0,0,1.000,1.000,1.000,-90.00,180.00,-27.00,OPEN,0
654823.222,0,0,0,1.000,1.000,1.000,-90.00,180.00,-27.00,OPEN,0
654823.231,0,0,0,1.000,1.000,1.000,-90.00,180.00,-27.00,OPEN,0
654823.241,0,0,0,1.000,1.000,1.000,-90.00,180.00,-27.00,OPEN,0
654823.248,0,0,0,1.000,1.000,1.000,-90.00,180.00,-27.00,OPEN,0
654823.256,0,0,0,1.000,1.000,1.000,-90.00,180.00,-27.00,OPEN,0
654823.267,0,0,0,1.000,1.000,1.000,-90.00,180.00,-27.00,OPEN,0
654823.276,0,0,0,1.000,1.000,1.000,-90.00,180.00,-27.00,OPEN,0
654823.285,0,0,0,1.000,1.000,1.000,-90.00,180.00,-27.00,OPEN,0
654823.294,0,0,0,1.000,1.000,1.000,-90.00,180.00,-27.00,OPEN,0
654823.305,0,0,0,1.000,1.000,1.000,-90.00,180.00,-27.00,OPEN,0
654823.313,0,0,0,1.000,1.000,1.000,-90.00,180.00,-27.00,OPEN,0
654823.322,0,0,0,1.000,1.000,1.000,-90.00,180.00,-27.00,OPEN,0
654823.331,0,0,0,1.000,1.000,1.000,-90.00,180.00,-27.00,OPEN,0
654823.340,0,0,0,1.000,1.000,1.000,-90.00,180.00,-27.00,OPEN,0
654823.348,0,0,0,1.000,1.000,1.000,-90.00,180.00,-27.00,OPEN,0
654823.356,0,0,0,1.000,1.000,1.000,-90.00,180.00,-27.00,OPEN,0
654823.365,0,0,0,1.000,1.000,1.000,-90.00,180.00,-27.00,OPEN,0
654823.374,0,0,0,1.000,1.000,1.000,-90.00,180.00,-27.00,OPEN,0
654823.383,0,0,0,1.000,1.000,1.000,-90.00,180.00,-27.00,OPEN,0
654823.392,0,0,0,1.000,1.000,1.000,-90.00,180.00,-27.00,OPEN,0
654823.402,0,0,0,1.000,1.000,1.000,-90.00,180.00,-27.00,OPEN,0
654823.411,0,0,0,1.000,1.000,1.000,-90.00,180.00,-27.00,OPEN,0
654823.421,0,0,0,1.000,1.000,1.000,-90.00,180.00,-27.00,OPEN,0
654823.430,0,0,0,1.000,1.000,1.000,-90.00,180.00,-27.00,OPEN,0
654823.439,0,0,0,1.000,1.000,1.000,-90.00,180.00,-27.00,OPEN,0
654823.448,0,0,0,1.000,1.000,1.000,-90.00,180.00,-27.00,OPEN,0
654823.457,0,0,0,1.000,1.000,1.000,-90.00,180.00,-27.00,OPEN,0
654823.466,0,0,0,1.000,1.000,1.000,-90.00,180.00,-27.00,OPEN,0
654823.476,0,0,0,1.000,1.000,1.000,-90.00,180.00,-27.00,OPEN,0
654823.486,0,0,0,1.000,1.000,1.000,-90.00,180.00,-27.00,OPEN,0
654823.495,0,0,0,1.000,1.000,1.000,-90.00,180.00,-27.00,OPEN,0
654823.505,0,0,0,1.000,1.000,1.000,-90.00,180.00,-27.00,OPEN,0
654823.514,0,0,0,1.000,1.000,1.000,-90.00,180.00,-27.00,OPEN,0
654823.523,0,0,0,1.000,1.000,1.000,-90.00,180.00,-27.00,OPEN,0
654823.533,0,0,0,1.000,1.000,1.000,-90.00,180.00,-27.00,OPEN,0
654823.541,0,0,0,1.000,1.000,1.000,-90.00,180.00,-27.00,OPEN,0
654823.548,0,0,0,1.000,1.000,1.000,-90.00,180.00,-27.00,OPEN,0
654823.556,0,0,0,1.000,1.000,1.000,-90.00,180.00,-27.00,OPEN,0
654823.565,0,0,0,1.000,1.000,1.000,-90.00,180.00,-27.00,OPEN,0
654823.574,0,0,0,1.000,1.000,1.000,-90.00,180.00,-27.00,OPEN,0
654823.584,0,0,0,1.000,1.000,1.000,-90.00,180.00,-27.00,OPEN,0
654823.593,0,0,0,1.000,1.000,1.000,-90.00,180.00,-27.00,OPEN,0
654823.603,0,0,0,1.000,1.000,1.000,-90.00,180.00,-27.00,OPEN,0
654823.612,0,0,0,1.000,1.000,1.000,-90.00,180.00,-27.00,OPEN,0
654823.622,0,0,0,1.000,1.000,1.000,-90.00,180.00,-27.00,OPEN,0
654823.631,0,0,0,1.000,1.000,1.000,-90.00,180.00,-27.00,OPEN,0
654823.639,0,0,0,1.000,1.000,1.000,-90.00,180.00,-27.00,OPEN,0
654823.648,0,0,0,1.000,1.000,1.000,-90.00,180.00,-27.00,OPEN,0
654823.658,0,0,0,1.000,1.000,1.000,-90.00,180.00,-27.00,OPEN,0
654823.666,0,0,0,1.000,1.000,1.000,-90.00,180.00,-27.00,OPEN,0
654823.675,0,0,0,1.000,1.000,1.000,-90.00,180.00,-27.00,OPEN,0
654823.684,0,0,0,1.000,1.000,1.000,-90.00,180.00,-27.00,OPEN,0
654823.693,0,0,0,1.000,1.000,1.000,-90.00,180.00,-27.00,OPEN,0
654823.703,0,0,0,1.000,1.000,1.000,-90.00,180.00,-27.00,OPEN,0
654823.714,0,0,0,1.000,1.000,1.000,-90.00,180.00,-27.00,OPEN,0
654823.724,0,0,0,1.000,1.000,1.000,-90.00,180.00,-27.00,OPEN,0
654823.733,0,0,0,1.000,1.000,1.000,-90.00,180.00,-27.00,OPEN,0
654823.742,0,0,0,1.000,1.000,1.000,-90.00,180.00,-27.00,OPEN,0
654823.750,0,0,0,1.000,1.000,1.000,-90.00,180.00,-27.00,OPEN,0
654823.759,0,0,0,1.000,1.000,1.000,-90.00,180.00,-27.00,OPEN,0
654823.768,0,0,0,1.000,1.000,1.000,-90.00,180.00,-27.00,OPEN,0
654823.776,0,0,0,1.000,1.000,1.000,-90.00,180.00,-27.00,OPEN,0
654823.785,0,0,0,1.000,1.000,1.000,-90.00,180.00,-27.00,OPEN,0
654823.795,0,0,0,1.000,1.000,1.000,-90.00,180.00,-27.00,OPEN,0
654823.805,0,0,0,1.000,1.000,1.000,-90.00,180.00,-27.00,OPEN,0
654823.815,0,0,0,1.000,1.000,1.000,-90.00,180.00,-27.00,OPEN,0
654823.824,0,0,0,1.000,1.000,1.000,-90.00,180.00,-27.00,OPEN,0
654823.834,0,0,0,1.000,1.000,1.000,-90.00,180.00,-27.00,OPEN,0
654823.842,0,0,0,1.000,1.000,1.000,-90.00,180.00,-27.00,OPEN,0
654823.851,0,0,0,1.000,1.000,1.000,-90.00,180.00,-27.00,OPEN,0
654823.860,0,0,0,0.982,1.000,1.000,-90.00,180.00,-27.00,OPEN,0
654823.869,0,0,0,0.952,1.000,1.000,-90.00,180.00,-27.00,OPEN,0
654823.879,0,0,0,0.999,1.000,1.000,-90.00,180.00,-27.00,OPEN,0
654823.888,0,0,0,1.000,1.000,1.000,-90.00,180.00,-27.00,OPEN,0
654823.898,0,0,0,1.000,1.000,1.000,-90.00,180.00,-27.00,OPEN,0
654823.907,0,0,0,1.000,1.000,1.000,-90.00,180.00,-27.00,OPEN,0
654823.913,0,0,0,0.999,1.000,1.000,-90.00,180.00,-27.00,OPEN,0
654823.923,0,0,0,0.996,1.000,1.000,-90.00,180.00,-27.00,OPEN,0
654823.933,0,0,0,0.806,1.000,1.000,-90.00,180.00,-27.00,OPEN,0
654823.937,1,0,0,0.951,1.000,1.000,-90.00,180.00,-22.50,OPEN,1
654823.941,1,0,0,0.993,0.999,1.000,-90.00,180.00,-22.50,OPEN,0
654823.951,1,0,0,0.998,0.990,1.000,-90.00,180.00,-22.50,OPEN,0
654823.959,1,0,0,0.999,0.931,1.000,-90.00,180.00,-22.50,OPEN,0
654823.968,1,0,0,1.000,0.866,1.000,-90.00,180.00,-22.50,OPEN,0
654823.976,1,0,0,1.000,0.816,1.000,-90.00,180.00,-22.50,OPEN,0
654823.984,1,0,0,1.000,0.773,1.000,-90.00,180.00,-22.50,OPEN,0
654823.993,1,0,0,1.000,0.744,1.000,-90.00,180.00,-22.50,OPEN,0
654824.001,1,0,0,1.000,0.728,1.000,-90.00,180.00,-22.50,OPEN,0
654824.009,1,0,0,1.000,0.690,1.000,-90.00,180.00,-22.50,OPEN,0
654824.020,1,0,0,1.000,0.648,1.000,-90.00,180.00,-22.50,OPEN,0
654824.028,1,0,0,1.000,0.651,1.000,-90.00,180.00,-22.50,OPEN,0
654824.040,1,0,0,1.000,0.551,1.000,-90.00,180.00,-18.00,OPEN,1
654824.044,1,0,0,1.000,0.662,1.000,-90.00,180.00,-18.00,OPEN,0
654824.051,1,0,0,1.000,0.952,1.000,-90.00,180.00,-18.00,OPEN,0
654824.056,1,0,0,1.000,0.996,1.000,-90.00,180.00,-18.00,OPEN,0
654824.062,1,0,0,1.000,0.999,0.999,-90.00,180.00,-18.00,OPEN,0
654824.071,1,0,0,1.000,1.000,0.965,-90.00,180.00,-18.00,OPEN,0
654824.081,1,0,0,1.000,1.000,0.972,-90.00,180.00,-18.00,OPEN,0
654824.091,1,0,0,1.000,1.000,0.979,-90.00,180.00,-18.00,OPEN,0
654824.100,1,1,0,1.000,1.000,0.981,-90.00,90.00,-18.00,OPEN,0
654824.109,1,1,0,1.000,1.000,0.981,-90.00,90.00,-18.00,OPEN,0
654824.118,1,1,0,1.000,1.000,0.979,-90.00,90.00,-18.00,OPEN,0
654824.127,1,1,0,1.000,1.000,0.972,-90.00,90.00,-18.00,OPEN,0
654824.137,1,1,0,1.000,1.000,0.946,-90.00,90.00,-18.00,OPEN,0
654824.146,1,1,0,1.000,1.000,0.910,-90.00,90.00,-13.50,OPEN,1
654824.155,1,1,0,1.000,1.000,0.848,-90.00,90.00,-13.50,OPEN,0
654824.165,1,1,0,1.000,1.000,0.789,-90.00,90.00,-13.50,OPEN,0
654824.174,1,1,0,1.000,1.000,0.723,-90.00,90.00,-13.50,OPEN,0
654824.184,1,1,0,1.000,1.000,0.663,-90.00,90.00,-13.50,OPEN,0
654824.192,1,1,0,1.000,1.000,0.627,-90.00,90.00,-13.50,OPEN,0
654824.202,1,1,0,1.000,0.999,0.636,-90.00,90.00,-13.50,OPEN,0
654824.211,1,1,0,1.000,0.999,0.620,-90.00,90.00,-13.50,OPEN,0
654824.220,1,1,0,1.000,0.998,0.647,-90.00,90.00,-13.50,OPEN,0
654824.229,1,1,0,1.000,0.995,0.725,-90.00,90.00,-13.50,OPEN,0
654824.238,1,1,0,1.000,0.989,0.789,-90.00,90.00,-13.50,OPEN,0
654824.247,1,1,0,1.000,0.975,0.826,-90.00,90.00,-9.00,OPEN,1
654824.256,1,1,0,1.000,0.961,0.817,-90.00,90.00,-9.00,OPEN,0
654824.265,1,1,0,1.000,0.954,0.817,-90.00,90.00,-9.00,OPEN,0
654824.273,1,1,0,1.000,0.965,0.816,-90.00,90.00,-9.00,OPEN,0
654824.282,1,1,0,1.000,0.978,0.832,-90.00,90.00,-9.00,OPEN,0
654824.291,1,1,0,1.000,0.995,0.915,-90.00,90.00,-9.00,OPEN,0
654824.301,1,1,0,1.000,0.999,0.964,-90.00,90.00,-9.00,OPEN,0
654824.310,1,1,0,1.000,1.000,0.983,-90.00,90.00,-9.00,OPEN,0
654824.321,1,1,0,1.000,1.000,0.994,-90.00,90.00,-9.00,OPEN,0
654824.330,1,1,0,1.000,1.000,0.996,-90.00,90.00,-9.00,OPEN,0
654824.340,1,1,0,1.000,1.000,0.996,-90.00,90.00,-9.00,OPEN,0
654824.349,1,1,0,1.000,1.000,0.996,-90.00,90.00,-4.50,OPEN,1
654824.359,1,1,0,1.000,1.000,0.995,-90.00,90.00,-4.50,OPEN,0
654824.370,1,1,0,1.000,1.000,0.995,-90.00,90.00,-4.50,OPEN,0
654824.380,1,1,0,1.000,1.000,0.994,-90.00,90.00,-4.50,OPEN,0
654824.391,1,1,0,1.000,1.000,0.990,-90.00,90.00,-4.50,OPEN,0
654824.401,1,1,0,1.000,1.000,0.982,-90.00,90.00,-4.50,OPEN,0
654824.410,1,1,0,1.000,1.000,0.976,-90.00,90.00,-4.50,OPEN,0
654824.420,1,1,0,1.000,1.000,0.975,-90.00,90.00,-4.50,OPEN,0
654824.431,1,1,0,1.000,1.000,0.984,-90.00,90.00,-4.50,OPEN,0
654824.441,1,1,0,1.000,0.999,0.990,-90.00,90.00,-4.50,OPEN,0
654824.450,1,1,0,1.000,0.999,0.994,-90.00,90.00,0.00,OPEN,1
654824.460,1,1,0,1.000,0.999,0.997,-90.00,90.00,0.00,OPEN,0
654824.469,1,1,0,1.000,0.999,0.998,-90.00,90.00,0.00,OPEN,0
654824.480,1,1,0,1.000,0.999,0.999,-90.00,90.00,0.00,OPEN,0
654824.489,1,1,0,1.000,0.999,0.999,-90.00,90.00,0.00,OPEN,0
654824.498,1,1,0,1.000,1.000,0.999,-90.00,90.00,0.00,OPEN,0
654824.507,1,1,0,1.000,1.000,0.999,-90.00,90.00,0.00,OPEN,0
654824.517,1,1,0,1.000,1.000,0.999,-90.00,90.00,0.00,OPEN,0
654824.525,1,1,0,1.000,1.000,0.998,-90.00,90.00,0.00,OPEN,0
654824.535,1,1,0,1.000,1.000,0.997,-90.00,90.00,0.00,OPEN,0
654824.543,3,1,0,1.000,1.000,0.997,-90.00,90.00,0.00,CLOSED,0
654824.552,3,1,0,1.000,1.000,0.997,-90.00,90.00,0.00,CLOSED,0
654824.561,3,1,0,1.000,1.000,0.997,-90.00,90.00,0.00,CLOSED,0
654824.570,3,1,0,1.000,1.000,0.997,-90.00,90.00,0.00,CLOSED,0
654824.580,3,1,0,1.000,1.000,0.997,-90.00,90.00,0.00,CLOSED,0
654824.589,3,1,0,1.000,1.000,0.996,-90.00,90.00,0.00,CLOSED,0
654824.597,3,1,0,1.000,1.000,0.995,-90.00,90.00,0.00,CLOSED,0
654824.610,3,1,0,1.000,1.000,0.995,-90.00,90.00,0.00,CLOSED,0
654824.620,3,1,0,1.000,1.000,0.992,-90.00,90.00,0.00,CLOSED,0
654824.641,3,1,0,1.000,1.000,0.985,-90.00,90.00,0.00,CLOSED,0
654824.658,3,1,0,1.000,0.999,0.967,-90.00,90.00,0.00,CLOSED,0
654824.676,3,1,0,1.000,0.999,0.928,-90.00,90.00,0.00,CLOSED,0
654824.689,3,1,0,1.000,0.999,0.843,-90.00,90.00,0.00,CLOSED,0
654824.700,3,1,0,1.000,0.999,0.762,-90.00,90.00,0.00,CLOSED,0
654824.711,3,1,0,1.000,1.000,0.710,-90.00,90.00,0.00,CLOSED,0
654824.722,3,1,0,1.000,1.000,0.760,-90.00,90.00,0.00,CLOSED,0
654824.732,3,1,0,1.000,1.000,0.890,-90.00,90.00,0.00,CLOSED,0
654824.742,3,1,0,1.000,1.000,0.955,-90.00,90.00,0.00,CLOSED,0
654824.752,3,1,0,1.000,1.000,0.985,-90.00,90.00,0.00,CLOSED,0
654824.761,3,1,0,1.000,1.000,0.996,-90.00,90.00,0.00,CLOSED,0
654824.766,3,1,0,1.000,1.000,0.998,-90.00,90.00,0.00,CLOSED,0
654824.776,3,1,0,1.000,1.000,0.999,-90.00,90.00,0.00,CLOSED,0
654824.785,3,1,0,1.000,1.000,0.999,-90.00,90.00,0.00,CLOSED,0
654824.795,3,1,0,1.000,1.000,0.999,-90.00,90.00,0.00,CLOSED,0
654824.806,3,1,0,1.000,0.999,0.999,-90.00,90.00,0.00,CLOSED,0
654824.816,3,1,0,1.000,0.999,0.999,-90.00,90.00,0.00,CLOSED,0
654824.826,3,1,0,1.000,0.998,0.999,-90.00,90.00,0.00,CLOSED,0
654824.836,3,1,0,1.000,0.997,0.999,-90.00,90.00,0.00,CLOSED,0
654824.846,3,1,0,1.000,0.995,0.998,-90.00,90.00,0.00,CLOSED,0
654824.855,3,1,0,1.000,0.994,0.997,-90.00,90.00,0.00,CLOSED,0
654824.865,3,1,0,1.000,0.995,0.997,-90.00,90.00,0.00,CLOSED,0
654824.874,3,1,0,1.000,0.997,0.997,-90.00,90.00,0.00,CLOSED,0
654824.884,3,1,0,1.000,0.999,0.997,-90.00,90.00,0.00,CLOSED,0
654824.893,3,1,0,1.000,0.999,0.997,-90.00,90.00,0.00,CLOSED,0
654824.902,3,1,0,1.000,1.000,0.998,-90.00,90.00,0.00,CLOSED,0
654824.911,3,1,0,1.000,1.000,0.997,-90.00,90.00,0.00,CLOSED,0
654824.920,3,1,0,1.000,1.000,0.996,-90.00,90.00,0.00,CLOSED,0
654824.930,3,1,0,1.000,1.000,0.994,-90.00,90.00,0.00,CLOSED,0
654824.940,3,1,0,1.000,1.000,0.993,-90.00,90.00,0.00,CLOSED,0
654824.949,3,1,0,1.000,1.000,0.990,-90.00,90.00,0.00,CLOSED,0
654824.957,3,1,0,1.000,1.000,0.981,-90.00,90.00,0.00,CLOSED,0
654824.966,3,1,0,1.000,0.999,0.976,-90.00,90.00,0.00,CLOSED,0
654824.973,3,1,0,1.000,0.995,0.974,-90.00,90.00,0.00,CLOSED,0
654824.983,3,1,0,1.000,0.947,0.979,-90.00,90.00,0.00,CLOSED,0
654824.992,3,1,0,1.000,0.548,0.992,-90.00,90.00,0.00,CLOSED,0
654825.001,3,1,0,1.000,0.891,0.997,-90.00,90.00,0.00,CLOSED,0
654825.009,3,1,0,1.000,0.988,0.999,-90.00,90.00,0.00,CLOSED,0
654825.017,3,1,0,0.997,0.998,1.000,-90.00,90.00,0.00,CLOSED,0
654825.023,3,1,0,0.995,0.999,1.000,-90.00,90.00,0.00,CLOSED,0
654825.033,3,1,0,0.916,1.000,1.000,-90.00,90.00,0.00,CLOSED,0
654825.043,3,1,0,0.975,1.000,1.000,-90.00,90.00,0.00,CLOSED,0
654825.052,3,1,0,1.000,1.000,1.000,-90.00,90.00,0.00,CLOSED,0
654825.063,3,0,0,0.998,1.000,1.000,-90.00,180.00,0.00,CLOSED,1
654825.073,3,0,0,0.998,1.000,1.000,-90.00,180.00,0.00,CLOSED,0
654825.078,3,0,0,0.998,1.000,1.000,-90.00,180.00,0.00,CLOSED,0
654825.088,3,0,0,0.997,1.000,1.000,-90.00,180.00,0.00,CLOSED,0
654825.098,3,0,0,0.994,1.000,1.000,-90.00,180.00,0.00,CLOSED,0
654825.107,0,0,0,0.991,1.000,1.000,-90.00,180.00,0.00,CLOSED,0
654825.117,0,0,0,0.991,1.000,1.000,-90.00,180.00,0.00,CLOSED,0
654825.126,0,0,0,0.765,0.996,1.000,-90.00,180.00,0.00,CLOSED,0
654825.135,0,0,0,0.975,1.000,1.000,-90.00,180.00,0.00,CLOSED,0
654825.145,0,0,0,0.637,1.000,1.000,-90.00,180.00,0.00,CLOSED,0
654825.154,0,0,0,0.962,1.000,1.000,-90.00,180.00,0.00,CLOSED,0
654825.165,0,0,0,0.935,1.000,1.000,-90.00,180.00,0.00,CLOSED,0
654825.176,0,0,0,0.959,1.000,1.000,-90.00,180.00,0.00,CLOSED,0
654825.185,0,0,0,0.817,1.000,1.000,-90.00,180.00,0.00,CLOSED,0
654825.195,0,0,0,0.875,1.000,1.000,-90.00,180.00,0.00,CLOSED,0
654825.205,0,0,0,0.834,1.000,1.000,-90.00,180.00,0.00,CLOSED,0
654825.215,0,0,0,0.585,1.000,1.000,-90.00,180.00,0.00,CLOSED,0
654825.224,0,0,0,0.861,1.000,1.000,-90.00,180.00,0.00,CLOSED,0
654825.234,0,0,0,0.935,1.000,1.000,-90.00,180.00,0.00,CLOSED,0
654825.242,0,0,0,0.961,1.000,1.000,-90.00,180.00,0.00,CLOSED,0
654825.252,0,0,0,0.967,1.000,1.000,-90.00,180.00,0.00,CLOSED,0
654825.257,0,0,0,0.969,1.000,1.000,-90.00,180.00,0.00,CLOSED,0
654825.266,0,0,0,0.980,1.000,1.000,-90.00,180.00,0.00,CLOSED,0
654825.272,0,0,0,0.989,1.000,1.000,-90.00,180.00,0.00,CLOSED,0
654825.281,0,0,0,0.996,1.000,1.000,-90.00,180.00,0.00,CLOSED,0
654825.290,0,0,0,1.000,1.000,1.000,-90.00,180.00,0.00,CLOSED,0
654825.294,0,0,0,1.000,1.000,1.000,-90.00,180.00,0.00,CLOSED,0
654825.300,0,0,0,1.000,1.000,1.000,-90.00,180.00,0.00,CLOSED,0
654825.308,0,0,0,1.000,1.000,1.000,-90.00,180.00,0.00,CLOSED,0
654825.316,0,0,0,1.000,1.000,1.000,-90.00,180.00,0.00,CLOSED,0
654825.324,0,0,0,1.000,1.000,1.000,-90.00,180.00,0.00,CLOSED,0
654825.334,0,0,0,1.000,1.000,1.000,-90.00,180.00,0.00,CLOSED,0
654825.342,0,0,0,1.000,1.000,1.000,-90.00,180.00,0.00,CLOSED,0
654825.352,0,0,0,1.000,1.000,1.000,-90.00,180.00,0.00,CLOSED,0
654825.361,0,0,0,1.000,1.000,1.000,-90.00,180.00,0.00,CLOSED,0
654825.370,0,0,0,1.000,1.000,1.000,-90.00,180.00,0.00,CLOSED,0
654825.378,0,0,0,1.000,1.000,1.000,-90.00,180.00,0.00,CLOSED,0
654825.388,0,0,0,1.000,1.000,1.000,-90.00,180.00,0.00,CLOSED,0
654825.396,0,0,0,1.000,1.000,1.000,-90.00,180.00,0.00,CLOSED,0
654825.406,0,0,0,1.000,1.000,1.000,-90.00,180.00,0.00,CLOSED,0
654825.416,0,0,0,1.000,1.000,1.000,-90.00,180.00,0.00,CLOSED,0
654825.425,0,0,0,1.000,1.000,1.000,-90.00,180.00,0.00,CLOSED,0
654825.434,0,0,0,1.000,1.000,1.000,-90.00,180.00,0.00,CLOSED,0
654825.443,0,0,0,1.000,1.000,1.000,-90.00,180.00,0.00,CLOSED,0
654825.453,0,0,0,1.000,1.000,1.000,-90.00,180.00,0.00,CLOSED,0
654825.462,0,0,0,1.000,1.000,1.000,-90.00,180.00,0.00,CLOSED,0
654825.471,0,0,0,1.000,1.000,1.000,-90.00,180.00,0.00,CLOSED,0
654825.481,0,0,0,1.000,1.000,1.000,-90.00,180.00,0.00,CLOSED,0
654825.490,0,0,0,1.000,1.000,1.000,-90.00,180.00,0.00,CLOSED,0
654825.499,0,0,0,1.000,1.000,1.000,-90.00,180.00,0.00,CLOSED,0
654825.509,0,0,0,1.000,1.000,1.000,-90.00,180.00,0.00,CLOSED,0
654825.518,0,0,0,1.000,1.000,1.000,-90.00,180.00,0.00,CLOSED,0
654825.527,0,0,0,1.000,1.000,1.000,-90.00,180.00,0.00,CLOSED,0
654825.537,0,0,0,1.000,1.000,1.000,-90.00,180.00,0.00,CLOSED,0
654825.546,0,0,0,1.000,1.000,1.000,-90.00,180.00,0.00,CLOSED,0
654825.555,0,0,0,1.000,1.000,1.000,-90.00,180.00,0.00,CLOSED,0
654825.565,0,0,0,1.000,1.000,1.000,-90.00,180.00,0.00,CLOSED,0
654825.575,0,0,0,1.000,1.000,1.000,-90.00,180.00,0.00,CLOSED,0
654825.585,0,0,0,1.000,1.000,1.000,-90.00,180.00,0.00,CLOSED,0
654825.593,0,0,0,1.000,1.000,1.000,-90.00,180.00,0.00,CLOSED,0
654825.603,0,0,0,1.000,1.000,1.000,-90.00,180.00,0.00,CLOSED,0
654825.612,0,0,0,1.000,1.000,1.000,-90.00,180.00,0.00,CLOSED,0
654825.622,0,0,0,1.000,1.000,1.000,-90.00,180.00,0.00,CLOSED,0
654825.632,0,0,0,1.000,1.000,1.000,-90.00,180.00,0.00,CLOSED,0
654825.641,0,0,0,1.000,1.000,1.000,-90.00,180.00,0.00,CLOSED,0
654825.651,0,0,0,1.000,1.000,1.000,-90.00,180.00,0.00,CLOSED,0
654825.660,0,0,0,1.000,1.000,1.000,-90.00,180.00,0.00,CLOSED,0
654825.669,0,0,0,1.000,1.000,1.000,-90.00,180.00,0.00,CLOSED,0
654825.678,0,0,0,1.000,1.000,1.000,-90.00,180.00,0.00,CLOSED,0
654825.687,0,0,0,1.000,1.000,1.000,-90.00,180.00,0.00,CLOSED,0
654825.696,0,0,0,1.000,1.000,1.000,-90.00,180.00,0.00,CLOSED,0
654825.705,0,0,0,1.000,1.000,1.000,-90.00,180.00,0.00,CLOSED,0
654825.713,0,0,0,1.000,1.000,1.000,-90.00,180.00,0.00,CLOSED,0
654825.719,0,0,0,1.000,1.000,1.000,-90.00,180.00,0.00,CLOSED,0
654825.729,0,0,0,1.000,1.000,1.000,-90.00,180.00,0.00,CLOSED,0
654825.739,0,0,0,1.000,1.000,1.000,-90.00,180.00,0.00,CLOSED,0
654825.748,0,0,0,1.000,1.000,1.000,-90.00,180.00,0.00,CLOSED,0
654825.758,0,0,0,1.000,1.000,1.000,-90.00,180.00,0.00,CLOSED,0
654825.767,0,0,0,1.000,1.000,1.000,-90.00,180.00,0.00,CLOSED,0
654825.776,0,0,0,1.000,1.000,1.000,-90.00,180.00,0.00,CLOSED,0
654825.784,0,0,0,1.000,1.000,1.000,-90.00,180.00,0.00,CLOSED,0
654825.794,0,0,0,1.000,1.000,1.000,-90.00,180.00,0.00,CLOSED,0
654825.804,0,0,0,1.000,1.000,1.000,-90.00,180.00,0.00,CLOSED,0
654825.815,0,0,0,1.000,1.000,1.000,-90.00,180.00,0.00,CLOSED,0
654825.824,0,0,0,1.000,1.000,1.000,-90.00,180.00,0.00,CLOSED,0
654825.835,0,0,0,1.000,1.000,1.000,-90.00,180.00,0.00,CLOSED,0
654825.845,0,0,0,1.000,1.000,1.000,-90.00,180.00,0.00,CLOSED,0
654825.857,0,0,0,1.000,1.000,1.000,-90.00,180.00,0.00,CLOSED,0
654825.865,0,0,0,1.000,1.000,1.000,-90.00,180.00,0.00,CLOSED,0
654825.873,0,0,0,1.000,1.000,1.000,-90.00,180.00,0.00,CLOSED,0
654825.883,0,0,0,1.000,1.000,1.000,-90.00,180.00,0.00,CLOSED,0
654825.892,0,0,0,1.000,1.000,1.000,-90.00,180.00,0.00,CLOSED,0
654825.901,0,0,0,1.000,1.000,1.000,-90.00,180.00,0.00,CLOSED,0
654825.909,0,0,0,1.000,1.000,1.000,-90.00,180.00,0.00,CLOSED,0
654825.918,0,0,0,1.000,1.000,1.000,-90.00,180.00,0.00,CLOSED,0
654825.926,0,0,0,1.000,1.000,1.000,-90.00,180.00,0.00,CLOSED,0
654825.937,0,0,0,1.000,1.000,1.000,-90.00,180.00,0.00,CLOSED,0
654825.944,0,0,0,1.000,1.000,1.000,-90.00,180.00,0.00,CLOSED,0
654825.954,0,0,0,1.000,1.000,1.000,-90.00,180.00,0.00,CLOSED,0
654825.963,0,0,0,1.000,1.000,1.000,-90.00,180.00,0.00,CLOSED,0
654825.968,0,0,0,1.000,1.000,1.000,-90.00,180.00,0.00,CLOSED,0
654825.972,0,0,0,1.000,1.000,1.000,-90.00,180.00,0.00,CLOSED,0
654825.976,0,0,0,1.000,1.000,1.000,-90.00,180.00,0.00,CLOSED,0
654825.983,0,0,0,1.000,1.000,1.000,-90.00,180.00,0.00,CLOSED,0
654825.993,0,0,0,1.000,1.000,1.000,-90.00,180.00,0.00,CLOSED,0
654826.002,0,0,0,1.000,1.000,1.000,-90.00,180.00,0.00,CLOSED,0
654826.007,0,0,0,1.000,1.000,1.000,-90.00,180.00,0.00,CLOSED,0
654826.016,0,0,0,1.000,1.000,1.000,-90.00,180.00,0.00,CLOSED,0
654826.025,0,0,0,1.000,1.000,1.000,-90.00,180.00,0.00,CLOSED,0
654826.034,0,0,0,1.000,1.000,1.000,-90.00,180.00,0.00,CLOSED,0
654826.042,0,0,0,1.000,1.000,1.000,-90.00,180.00,0.00,CLOSED,0
654826.051,0,0,0,1.000,1.000,1.000,-90.00,180.00,0.00,CLOSED,0
654826.060,0,0,0,1.000,1.000,1.000,-90.00,180.00,0.00,CLOSED,0
654826.068,0,0,0,1.000,1.000,1.000,-90.00,180.00,0.00,CLOSED,0
654826.077,0,0,0,1.000,1.000,1.000,-90.00,180.00,0.00,CLOSED,0
654826.086,0,0,0,1.000,1.000,1.000,-90.00,180.00,0.00,CLOSED,0
654826.095,0,0,0,1.000,1.000,1.000,-90.00,180.00,0.00,CLOSED,0
654826.105,0,0,0,1.000,1.000,1.000,-90.00,180.00,0.00,CLOSED,0
654826.114,0,0,0,1.000,1.000,1.000,-90.00,180.00,0.00,CLOSED,0
654826.123,0,0,0,1.000,1.000,1.000,-90.00,180.00,0.00,CLOSED,0
654826.132,0,0,0,1.000,1.000,1.000,-90.00,180.00,0.00,CLOSED,0
654826.141,0,0,0,1.000,1.000,1.000,-90.00,180.00,0.00,CLOSED,0
654826.151,0,0,0,1.000,1.000,1.000,-90.00,180.00,0.00,CLOSED,0
654826.160,0,0,0,1.000,1.000,1.000,-90.00,180.00,0.00,CLOSED,0
654826.170,0,0,0,1.000,1.000,1.000,-90.00,180.00,0.00,CLOSED,0
654826.180,0,0,0,1.000,1.000,1.000,-90.00,180.00,0.00,CLOSED,0
654826.189,0,0,0,1.000,1.000,1.000,-90.00,180.00,0.00,CLOSED,0
654826.198,0,0,0,1.000,1.000,1.000,-90.00,180.00,0.00,CLOSED,0
654826.207,0,0,0,1.000,1.000,1.000,-90.00,180.00,0.00,CLOSED,0
654826.215,0,0,0,1.000,1.000,1.000,-90.00,180.00,0.00,CLOSED,0
654826.224,0,0,0,1.000,1.000,1.000,-90.00,180.00,0.00,CLOSED,0
654826.232,0,0,0,1.000,1.000,1.000,-90.00,180.00,0.00,CLOSED,0
654826.241,0,0,0,1.000,1.000,1.000,-90.00,180.00,0.00,CLOSED,0
654826.249,0,0,0,1.000,1.000,1.000,-90.00,180.00,0.00,CLOSED,0
654826.258,0,0,0,1.000,1.000,1.000,-90.00,180.00,0.00,CLOSED,0
654826.266,0,0,0,1.000,1.000,1.000,-90.00,180.00,0.00,CLOSED,0
654826.274,0,0,0,1.000,1.000,1.000,-90.00,180.00,0.00,CLOSED,0
654826.281,0,0,0,0.999,1.000,1.000,-90.00,180.00,0.00,CLOSED,0
654826.286,0,0,0,0.998,1.000,1.000,-90.00,180.00,0.00,CLOSED,0
654826.290,0,0,0,0.994,1.000,1.000,-90.00,180.00,0.00,CLOSED,0
654826.296,0,0,0,0.992,1.000,1.000,-90.00,180.00,0.00,CLOSED,0
654826.304,0,0,0,0.980,1.000,1.000,-90.00,180.00,0.00,CLOSED,0
654826.309,0,0,0,0.884,1.000,1.000,-90.00,180.00,0.00,CLOSED,0
654826.315,0,0,0,0.625,1.000,1.000,-90.00,180.00,0.00,CLOSED,0
654826.323,0,0,0,0.999,1.000,1.000,-90.00,180.00,0.00,CLOSED,0
654826.328,0,0,0,1.000,1.000,1.000,-90.00,180.00,0.00,CLOSED,0
654826.334,0,0,0,1.000,1.000,1.000,-90.00,180.00,0.00,CLOSED,0
654826.338,0,0,0,1.000,1.000,1.000,-90.00,180.00,0.00,CLOSED,0
654826.342,0,0,0,1.000,1.000,1.000,-90.00,180.00,0.00,CLOSED,0
654826.353,0,0,0,1.000,1.000,1.000,-90.00,180.00,0.00,CLOSED,0
654826.362,0,0,0,1.000,1.000,1.000,-90.00,180.00,0.00,CLOSED,0
654826.371,1,0,0,1.000,1.000,1.000,-90.00,180.00,4.50,CLOSED,1
654826.376,1,0,0,1.000,1.000,1.000,-90.00,180.00,4.50,CLOSED,0
654826.386,1,0,0,1.000,1.000,1.000,-90.00,180.00,4.50,CLOSED,0
654826.392,1,0,0,1.000,1.000,1.000,-90.00,180.00,4.50,CLOSED,0
654826.401,1,0,0,1.000,1.000,1.000,-90.00,180.00,4.50,CLOSED,0
654826.410,1,0,0,1.000,1.000,1.000,-90.00,180.00,4.50,CLOSED,0
