t,hand,elbow,shoulder,p_hand,p_elbow,p_shoulder,J2,J3,J6,grip_state,cmd_sent
665662.518,0,0,0,0.981,1.000,0.999,-90.00,180.00,0.00,OPEN,0
665662.535,0,0,0,0.997,1.000,0.999,-90.00,180.00,0.00,OPEN,0
665662.540,0,0,0,1.000,1.000,0.998,-90.00,180.00,0.00,OPEN,0
665662.546,0,0,0,1.000,1.000,0.999,-90.00,180.00,0.00,OPEN,0
665662.552,0,0,0,1.000,1.000,0.999,-90.00,180.00,0.00,OPEN,0
665662.557,0,0,0,1.000,1.000,0.999,-90.00,180.00,0.00,OPEN,0
665662.563,0,0,0,1.000,1.000,0.999,-90.00,180.00,0.00,OPEN,0
665662.567,0,0,0,1.000,1.000,0.999,-90.00,180.00,0.00,OPEN,0
665662.572,0,0,0,1.000,1.000,0.999,-90.00,180.00,0.00,OPEN,0
665662.577,0,0,0,1.000,1.000,0.999,-90.00,180.00,0.00,OPEN,0
665662.582,0,0,0,1.000,1.000,0.999,-90.00,180.00,0.00,OPEN,0
665662.586,0,0,0,1.000,1.000,0.998,-90.00,180.00,0.00,OPEN,0
665662.592,0,0,0,1.000,1.000,0.998,-90.00,180.00,0.00,OPEN,0
665662.597,0,0,0,1.000,1.000,0.998,-90.00,180.00,0.00,OPEN,0
665662.606,0,0,0,1.000,1.000,0.996,-90.00,180.00,0.00,OPEN,0
665662.654,0,0,0,1.000,1.000,0.995,-90.00,180.00,0.00,OPEN,0
665662.704,0,0,0,1.000,1.000,0.997,-90.00,180.00,0.00,OPEN,0
665662.754,0,0,0,1.000,1.000,0.996,-90.00,180.00,0.00,OPEN,0
665662.805,0,0,0,1.000,1.000,0.997,-90.00,180.00,0.00,OPEN,0
665662.855,0,0,0,1.000,1.000,0.997,-90.00,180.00,0.00,OPEN,0
665662.904,0,0,0,1.000,1.000,0.992,-90.00,180.00,0.00,OPEN,0
665662.954,0,0,0,1.000,1.000,0.988,-90.00,180.00,0.00,OPEN,0
665663.004,0,0,0,1.000,1.000,0.972,-90.00,180.00,0.00,OPEN,0
665663.055,0,0,0,1.000,1.000,0.994,-90.00,180.00,0.00,OPEN,0
665663.104,0,0,0,1.000,1.000,0.996,-90.00,180.00,0.00,OPEN,0
665663.155,1,0,0,1.000,1.000,0.993,-90.00,180.00,0.00,OPEN,0
665663.204,1,0,0,1.000,1.000,0.994,-90.00,180.00,0.00,OPEN,0
665663.254,1,0,0,1.000,1.000,0.993,-90.00,180.00,0.00,OPEN,0
665663.304,1,0,0,1.000,1.000,0.994,-90.00,180.00,0.00,OPEN,0
665663.354,1,0,0,1.000,1.000,0.985,-90.00,180.00,0.00,OPEN,0
665663.404,1,0,0,1.000,1.000,0.889,-90.00,180.00,0.00,OPEN,0
665663.454,1,0,0,1.000,1.000,0.814,-90.00,180.00,0.00,OPEN,0
665663.504,1,0,0,1.000,1.000,0.943,-90.00,180.00,0.00,OPEN,0
665663.554,1,0,0,1.000,1.000,0.984,-90.00,180.00,0.00,OPEN,0
665663.604,1,0,0,1.000,1.000,0.991,-90.00,180.00,0.00,OPEN,0
665663.654,1,0,0,1.000,1.000,0.992,-90.00,180.00,0.00,OPEN,0
665663.705,1,0,0,1.000,1.000,0.995,-90.00,180.00,0.00,OPEN,0
665663.754,1,0,0,1.000,1.000,0.996,-90.00,180.00,0.00,OPEN,0
665663.805,1,0,0,1.000,1.000,0.998,-90.00,180.00,0.00,OPEN,0
665663.854,1,0,0,1.000,1.000,0.998,-90.00,180.00,0.00,OPEN,0
665663.904,1,0,0,1.000,1.000,0.997,-90.00,180.00,0.00,OPEN,0
665663.954,1,0,0,1.000,1.000,0.994,-90.00,180.00,0.00,OPEN,0
665664.004,1,0,0,1.000,1.000,0.994,-90.00,180.00,0.00,OPEN,0
665664.054,1,0,0,1.000,1.000,0.993,-90.00,180.00,0.00,OPEN,0
665664.104,1,0,0,1.000,1.000,0.989,-90.00,180.00,0.00,OPEN,0
665664.154,1,0,0,1.000,1.000,0.981,-90.00,180.00,0.00,OPEN,0
665664.204,1,0,0,1.000,1.000,0.978,-90.00,180.00,0.00,OPEN,0
665664.254,1,0,0,1.000,1.000,0.983,-90.00,180.00,0.00,OPEN,0
665664.304,1,0,0,1.000,1.000,0.993,-90.00,180.00,0.00,OPEN,0
665664.354,1,0,0,1.000,1.000,0.992,-90.00,180.00,0.00,OPEN,0
665664.405,1,0,0,1.000,1.000,0.992,-90.00,180.00,0.00,OPEN,0
665664.454,1,0,0,1.000,1.000,0.989,-90.00,180.00,0.00,OPEN,0
665664.504,1,0,0,1.000,1.000,0.988,-90.00,180.00,0.00,OPEN,0
665664.554,1,0,0,1.000,1.000,0.957,-90.00,180.00,0.00,OPEN,0
665664.604,1,0,0,1.000,1.000,0.920,-90.00,180.00,0.00,OPEN,0
665664.654,1,0,0,1.000,1.000,0.942,-90.00,180.00,0.00,OPEN,0
665664.704,1,0,0,1.000,1.000,0.936,-90.00,180.00,0.00,OPEN,0
665664.754,1,0,0,1.000,1.000,0.935,-90.00,180.00,0.00,OPEN,0
665664.804,1,0,0,1.000,1.000,0.911,-90.00,180.00,0.00,OPEN,0
665664.854,1,0,0,1.000,1.000,0.908,-90.00,180.00,0.00,OPEN,0
665664.904,1,0,0,1.000,1.000,0.968,-90.00,180.00,0.00,OPEN,0
665664.954,1,0,0,1.000,1.000,0.969,-90.00,180.00,0.00,OPEN,0
665665.004,1,0,0,1.000,1.000,0.981,-90.00,180.00,0.00,OPEN,0
665665.054,1,0,0,1.000,1.000,0.995,-90.00,180.00,0.00,OPEN,0
665665.105,1,0,0,1.000,1.000,0.996,-90.00,180.00,0.00,OPEN,0
665665.154,1,0,0,1.000,1.000,0.996,-90.00,180.00,0.00,OPEN,0
665665.204,1,0,0,1.000,1.000,0.994,-90.00,180.00,0.00,OPEN,0
665665.254,1,0,0,1.000,1.000,0.990,-90.00,180.00,0.00,OPEN,0
665665.304,1,0,0,1.000,1.000,0.986,-90.00,180.00,0.00,OPEN,0
665665.353,1,0,0,1.000,1.000,0.987,-90.00,180.00,0.00,OPEN,0
665665.403,1,0,0,1.000,1.000,0.982,-90.00,180.00,0.00,OPEN,0
665665.454,1,0,0,1.000,1.000,0.978,-90.00,180.00,0.00,OPEN,0
665665.504,1,0,0,1.000,1.000,0.983,-90.00,180.00,0.00,OPEN,0
665665.554,1,0,0,1.000,1.000,0.988,-90.00,180.00,0.00,OPEN,0
665665.604,1,0,0,1.000,1.000,0.994,-90.00,180.00,0.00,OPEN,0
665665.654,1,0,0,1.000,1.000,0.994,-90.00,180.00,0.00,OPEN,0
665665.704,1,0,0,1.000,1.000,0.990,-90.00,180.00,0.00,OPEN,0
665665.754,1,0,0,1.000,1.000,0.991,-90.00,180.00,0.00,OPEN,0
665665.804,1,0,0,1.000,1.000,0.989,-90.00,180.00,0.00,OPEN,0
665665.854,1,0,0,1.000,1.000,0.986,-90.00,180.00,0.00,OPEN,0
665665.904,1,0,0,1.000,1.000,0.985,-90.00,180.00,0.00,OPEN,0
665665.954,1,0,0,1.000,1.000,0.981,-90.00,180.00,0.00,OPEN,0
665666.004,1,0,0,1.000,1.000,0.979,-90.00,180.00,0.00,OPEN,0
665666.055,1,0,0,1.000,1.000,0.988,-90.00,180.00,0.00,OPEN,0
665666.104,1,0,0,1.000,1.000,0.987,-90.00,180.00,0.00,OPEN,0
665666.154,1,0,0,1.000,1.000,0.987,-90.00,180.00,0.00,OPEN,0
665666.204,1,0,0,1.000,1.000,0.987,-90.00,180.00,0.00,OPEN,0
665666.254,1,0,0,1.000,1.000,0.990,-90.00,180.00,0.00,OPEN,0
665666.304,1,0,0,1.000,1.000,0.994,-90.00,180.00,0.00,OPEN,0
665666.354,1,0,0,1.000,1.000,0.989,-90.00,180.00,0.00,OPEN,0
665666.404,1,0,0,1.000,1.000,0.987,-90.00,180.00,0.00,OPEN,0
665666.454,1,0,0,1.000,1.000,0.987,-90.00,180.00,0.00,OPEN,0
665666.504,1,0,0,1.000,1.000,0.990,-90.00,180.00,0.00,OPEN,0
665666.554,1,0,0,1.000,1.000,0.981,-90.00,180.00,0.00,OPEN,0
665666.604,1,0,0,1.000,1.000,0.979,-90.00,180.00,0.00,OPEN,0
665666.654,1,0,0,1.000,1.000,0.985,-90.00,180.00,0.00,OPEN,0
665666.704,1,0,0,1.000,1.000,1.000,-90.00,180.00,0.00,OPEN,0
665666.768,1,0,0,1.000,1.000,1.000,-90.00,180.00,0.00,OPEN,0
665666.812,1,0,0,1.000,1.000,1.000,-90.00,180.00,0.00,OPEN,0
665666.854,1,0,0,1.000,1.000,1.000,-90.00,180.00,0.00,OPEN,0
665666.904,1,0,0,1.000,1.000,1.000,-90.00,180.00,0.00,OPEN,0
665666.954,1,0,0,1.000,1.000,1.000,-90.00,180.00,0.00,OPEN,0
665667.004,1,0,0,1.000,1.000,1.000,-90.00,180.00,0.00,OPEN,0
665667.054,1,0,0,1.000,1.000,1.000,-90.00,180.00,0.00,OPEN,0
665667.104,1,0,0,1.000,1.000,1.000,-90.00,180.00,0.00,OPEN,0
665667.155,1,0,0,1.000,1.000,1.000,-90.00,180.00,0.00,OPEN,0
665667.204,1,0,0,1.000,1.000,1.000,-90.00,180.00,0.00,OPEN,0
665667.254,1,0,0,1.000,1.000,1.000,-90.00,180.00,0.00,OPEN,0
665667.304,1,0,0,1.000,1.000,1.000,-90.00,180.00,0.00,OPEN,0
665667.353,1,0,0,1.000,1.000,1.000,-90.00,180.00,0.00,OPEN,0
665667.403,1,0,0,1.000,1.000,1.000,-90.00,180.00,0.00,OPEN,0
665667.454,1,0,0,1.000,1.000,1.000,-90.00,180.00,0.00,OPEN,0
665667.503,1,0,0,1.000,1.000,1.000,-90.00,180.00,0.00,OPEN,0
665667.554,1,1,1,1.000,1.000,1.000,-90.00,180.00,0.00,OPEN,0
665667.604,1,1,1,1.000,1.000,0.924,-90.00,180.00,0.00,OPEN,0
665667.654,1,1,1,1.000,1.000,0.700,-90.00,180.00,0.00,OPEN,0
665667.704,1,1,1,1.000,1.000,0.790,-90.00,180.00,0.00,OPEN,0
665667.754,1,1,1,1.000,1.000,1.000,-90.00,180.00,0.00,OPEN,0
665667.803,1,1,1,1.000,1.000,1.000,-90.00,180.00,0.00,OPEN,0
665667.853,1,1,1,1.000,1.000,1.000,-90.00,180.00,0.00,OPEN,0
665667.903,1,1,1,0.773,1.000,1.000,-90.00,180.00,0.00,OPEN,0
665667.953,1,1,1,1.000,1.000,1.000,-90.00,180.00,0.00,OPEN,0
665668.004,1,1,1,1.000,1.000,1.000,-90.00,180.00,0.00,OPEN,0
665668.054,1,1,1,1.000,1.000,1.000,-90.00,180.00,0.00,OPEN,0
665668.103,1,1,1,1.000,1.000,1.000,-90.00,180.00,0.00,OPEN,0
665668.154,1,1,1,1.000,1.000,1.000,-90.00,180.00,0.00,OPEN,0
665668.219,1,1,1,1.000,1.000,1.000,-90.00,180.00,0.00,OPEN,0
665668.255,1,1,1,1.000,0.522,0.982,-90.00,180.00,0.00,OPEN,0
665668.304,0,1,1,1.000,0.998,0.732,-90.00,180.00,0.00,OPEN,0
665668.353,0,1,1,1.000,1.000,0.598,-90.00,180.00,0.00,OPEN,0
665668.403,0,1,1,1.000,1.000,0.546,-90.00,180.00,0.00,OPEN,0
665668.454,0,1,1,1.000,1.000,0.600,-90.00,180.00,0.00,OPEN,0
665668.504,0,1,1,1.000,1.000,0.996,-90.00,180.00,0.00,OPEN,0
665668.554,0,0,1,1.000,1.000,0.976,-90.00,180.00,0.00,OPEN,0
665668.603,0,0,1,1.000,1.000,0.959,-90.00,180.00,0.00,OPEN,0
665668.654,0,0,0,1.000,1.000,0.984,-90.00,180.00,0.00,OPEN,0
665668.703,0,0,0,1.000,0.992,0.988,-90.00,180.00,0.00,OPEN,0
665668.753,0,0,0,1.000,0.973,0.978,-90.00,180.00,0.00,OPEN,0
665668.804,0,0,0,1.000,0.743,0.999,-90.00,180.00,0.00,OPEN,0
665668.853,0,0,0,1.000,1.000,1.000,-90.00,180.00,0.00,OPEN,0
665668.903,0,0,0,1.000,1.000,0.995,-90.00,180.00,0.00,OPEN,0
665668.953,0,0,0,1.000,0.810,0.803,-90.00,180.00,0.00,OPEN,0
665669.003,0,0,0,1.000,0.977,0.574,-90.00,180.00,0.00,OPEN,0
665669.053,0,0,0,1.000,0.949,0.637,-90.00,180.00,0.00,OPEN,0
665669.104,0,0,0,1.000,0.778,0.794,-90.00,180.00,0.00,OPEN,0
665669.153,0,0,0,1.000,0.995,0.992,-90.00,180.00,0.00,OPEN,0
665669.203,0,0,0,1.000,1.000,1.000,-90.00,180.00,0.00,OPEN,0
665669.253,0,0,0,1.000,1.000,1.000,-90.00,180.00,0.00,OPEN,0
665669.304,0,0,0,1.000,1.000,1.000,-90.00,180.00,0.00,OPEN,0
665669.354,0,0,0,1.000,1.000,1.000,-90.00,180.00,0.00,OPEN,0
665669.404,0,0,0,1.000,1.000,1.000,-90.00,180.00,0.00,OPEN,0
665669.454,0,0,0,1.000,1.000,1.000,-90.00,180.00,0.00,OPEN,0
665669.503,0,0,0,1.000,1.000,1.000,-90.00,180.00,0.00,OPEN,0
665669.553,0,0,0,1.000,1.000,0.956,-90.00,180.00,0.00,OPEN,0
665669.603,0,0,0,1.000,1.000,0.562,-90.00,180.00,0.00,OPEN,0
665669.654,0,0,0,1.000,1.000,1.000,-90.00,180.00,0.00,OPEN,0
665669.704,0,0,0,1.000,1.000,1.000,-90.00,180.00,0.00,OPEN,0
665669.754,0,0,0,1.000,1.000,1.000,-90.00,180.00,0.00,OPEN,0
665669.804,0,0,0,1.000,1.000,1.000,-90.00,180.00,0.00,OPEN,0
665669.854,0,0,0,1.000,1.000,1.000,-90.00,180.00,0.00,OPEN,0
665669.904,0,0,0,1.000,1.000,1.000,-90.00,180.00,0.00,OPEN,0
665669.954,0,0,0,1.000,1.000,1.000,-90.00,180.00,0.00,OPEN,0
665670.003,0,0,0,1.000,1.000,1.000,-90.00,180.00,0.00,OPEN,0
665670.053,0,0,0,1.000,1.000,1.000,-90.00,180.00,0.00,OPEN,0
665670.103,0,0,0,1.000,1.000,1.000,-90.00,180.00,0.00,OPEN,0
665670.154,0,0,0,1.000,1.000,1.000,-90.00,180.00,0.00,OPEN,0
665670.203,0,0,0,1.000,1.000,1.000,-90.00,180.00,0.00,OPEN,0
665670.253,0,0,0,1.000,1.000,1.000,-90.00,180.00,0.00,OPEN,0
665670.303,0,0,0,1.000,1.000,1.000,-90.00,180.00,0.00,OPEN,0
665670.355,0,0,0,1.000,1.000,1.000,-90.00,180.00,0.00,OPEN,0
665670.405,0,0,0,1.000,1.000,1.000,-90.00,180.00,0.00,OPEN,0
665670.453,0,0,0,1.000,1.000,1.000,-90.00,180.00,0.00,OPEN,0
665670.503,0,0,0,1.000,0.999,1.000,-90.00,180.00,0.00,OPEN,0
665670.554,0,0,0,1.000,0.847,0.986,-90.00,180.00,0.00,OPEN,0
665670.604,0,0,0,1.000,1.000,0.759,-90.00,180.00,0.00,OPEN,0
665670.654,0,0,0,1.000,1.000,0.965,-90.00,180.00,0.00,OPEN,0
665670.703,0,0,0,1.000,1.000,0.994,-90.00,180.00,0.00,OPEN,0
665670.753,0,0,0,1.000,1.000,0.994,-90.00,180.00,0.00,OPEN,0
665670.804,0,0,0,1.000,1.000,0.993,-90.00,180.00,0.00,OPEN,0
665670.853,0,0,0,1.000,1.000,0.991,-90.00,180.00,0.00,OPEN,0
665670.904,0,0,0,1.000,1.000,0.987,-90.00,180.00,0.00,OPEN,0
665670.954,0,0,0,1.000,1.000,0.991,-90.00,180.00,0.00,OPEN,0
665671.003,0,0,1,1.000,1.000,0.995,-90.00,180.00,0.00,OPEN,0
665671.054,0,0,1,1.000,1.000,0.993,-90.00,180.00,0.00,OPEN,0
665671.103,0,0,1,1.000,1.000,0.985,-90.00,180.00,0.00,OPEN,0
665671.153,0,0,1,1.000,1.000,0.981,-90.00,180.00,0.00,OPEN,0
665671.204,0,0,1,1.000,1.000,0.991,-90.00,180.00,0.00,OPEN,0
665671.254,0,0,1,1.000,1.000,0.989,-90.00,180.00,0.00,OPEN,0
665671.303,0,0,1,1.000,1.000,0.980,-90.00,180.00,0.00,OPEN,0
665671.353,0,0,1,1.000,1.000,0.959,-90.00,180.00,0.00,OPEN,0
665671.404,0,0,1,1.000,1.000,0.587,-90.00,180.00,0.00,OPEN,0
665671.454,0,0,1,1.000,1.000,0.505,-90.00,180.00,0.00,OPEN,0
665671.505,0,0,1,1.000,1.000,0.514,-90.00,180.00,0.00,OPEN,0
665671.554,0,0,1,1.000,1.000,0.504,-90.00,180.00,0.00,OPEN,0
665671.604,0,0,1,1.000,1.000,0.527,-90.00,180.00,0.00,OPEN,0
665671.654,0,0,1,1.000,1.000,0.761,-90.00,180.00,0.00,OPEN,0
665671.704,0,0,1,1.000,1.000,0.892,-90.00,180.00,0.00,OPEN,0
665671.753,0,0,1,1.000,1.000,0.929,-90.00,180.00,0.00,OPEN,0
665671.803,0,0,1,1.000,1.000,0.940,-90.00,180.00,0.00,OPEN,0
665671.854,0,0,1,1.000,1.000,0.913,-90.00,180.00,0.00,OPEN,0
665671.904,0,0,1,1.000,1.000,0.912,-90.00,180.00,0.00,OPEN,0
665671.953,0,0,1,1.000,1.000,0.848,-90.00,180.00,0.00,OPEN,0
665672.004,0,0,1,1.000,1.000,0.874,-90.00,180.00,0.00,OPEN,0
665672.053,0,0,1,1.000,1.000,0.876,-90.00,180.00,0.00,OPEN,0
665672.103,0,0,1,1.000,1.000,0.909,-90.00,180.00,0.00,OPEN,0
665672.153,0,0,1,1.000,1.000,0.925,-90.00,180.00,0.00,OPEN,0
665672.205,0,0,1,1.000,1.000,0.970,-90.00,180.00,0.00,OPEN,0
665672.253,0,0,1,1.000,1.000,0.980,-90.00,180.00,0.00,OPEN,0
665672.304,0,0,1,1.000,1.000,0.982,-90.00,180.00,0.00,OPEN,0
665672.354,0,0,1,1.000,1.000,0.990,-90.00,180.00,0.00,OPEN,0
665672.404,0,0,1,1.000,1.000,0.993,-90.00,180.00,0.00,OPEN,0
665672.454,0,0,1,1.000,1.000,0.991,-90.00,180.00,0.00,OPEN,0
665672.503,0,0,1,1.000,1.000,0.993,-90.00,180.00,0.00,OPEN,0
665672.554,0,0,1,1.000,1.000,0.995,-90.00,180.00,0.00,OPEN,0
665672.604,0,0,1,1.000,1.000,0.995,-90.00,180.00,0.00,OPEN,0
665672.653,0,0,1,1.000,1.000,0.996,-90.00,180.00,0.00,OPEN,0
665672.703,0,0,1,1.000,1.000,0.997,-90.00,180.00,0.00,OPEN,0
665672.763,0,0,1,1.000,1.000,0.988,-90.00,180.00,0.00,OPEN,0
665672.805,0,0,1,1.000,1.000,0.949,-90.00,180.00,0.00,OPEN,0
665672.853,0,0,1,1.000,1.000,0.769,-90.00,180.00,0.00,OPEN,0
665672.904,0,0,1,1.000,1.000,0.682,-90.00,180.00,0.00,OPEN,0
665672.953,0,0,1,1.000,1.000,0.598,-90.00,180.00,0.00,OPEN,0
665673.003,0,0,1,1.000,1.000,0.619,-90.00,180.00,0.00,OPEN,0
665673.054,0,0,1,1.000,1.000,0.518,-90.00,180.00,0.00,OPEN,0
665673.105,0,0,1,1.000,1.000,0.527,-90.00,180.00,0.00,OPEN,0
665673.153,0,0,1,1.000,1.000,0.560,-90.00,180.00,0.00,OPEN,0
665673.204,0,0,1,1.000,1.000,0.534,-90.00,180.00,0.00,OPEN,0
665673.254,0,0,1,1.000,1.000,0.687,-90.00,180.00,0.00,OPEN,0
665673.303,0,0,1,1.000,1.000,0.702,-90.00,180.00,0.00,OPEN,0
665673.354,0,0,1,1.000,1.000,0.818,-90.00,180.00,0.00,OPEN,0
665673.404,0,0,1,1.000,1.000,0.739,-90.00,180.00,0.00,OPEN,0
665673.453,0,0,1,1.000,1.000,0.771,-90.00,180.00,0.00,OPEN,0
665673.504,0,0,1,1.000,1.000,0.750,-90.00,180.00,0.00,OPEN,0
665673.553,0,0,1,1.000,1.000,0.721,-90.00,180.00,0.00,OPEN,0
665673.603,0,0,1,1.000,1.000,0.617,-90.00,180.00,0.00,OPEN,0
665673.654,0,0,1,1.000,1.000,0.580,-90.00,180.00,0.00,OPEN,0
665673.704,0,0,1,1.000,1.000,0.666,-90.00,180.00,0.00,OPEN,0
665673.754,0,0,1,1.000,1.000,0.615,-90.00,180.00,0.00,OPEN,0
665673.804,0,0,1,1.000,1.000,0.527,-90.00,180.00,0.00,OPEN,0
665673.854,0,0,1,1.000,1.000,0.607,-90.00,180.00,0.00,OPEN,0
665673.904,0,0,1,1.000,1.000,0.608,-90.00,180.00,0.00,OPEN,0
665673.953,0,0,1,1.000,1.000,0.708,-90.00,180.00,0.00,OPEN,0
665674.004,0,0,1,1.000,1.000,0.855,-90.00,180.00,0.00,OPEN,0
665674.053,0,0,1,1.000,1.000,0.816,-90.00,180.00,0.00,OPEN,0
665674.103,0,0,1,1.000,1.000,0.858,-90.00,180.00,0.00,OPEN,0
665674.153,0,0,1,1.000,1.000,0.850,-90.00,180.00,0.00,OPEN,0
665674.204,0,0,1,1.000,1.000,0.653,-90.00,180.00,0.00,OPEN,0
665674.253,0,0,1,1.000,1.000,0.612,-90.00,180.00,0.00,OPEN,0
665674.304,0,0,1,1.000,1.000,0.638,-90.00,180.00,0.00,OPEN,0
665674.354,0,0,1,1.000,1.000,0.707,-90.00,180.00,0.00,OPEN,0
665674.403,0,0,1,1.000,1.000,0.766,-90.00,180.00,0.00,OPEN,0
665674.453,0,0,1,1.000,1.000,0.682,-90.00,180.00,0.00,OPEN,0
665674.504,0,0,1,1.000,1.000,0.505,-90.00,180.00,0.00,OPEN,0
665674.561,0,0,1,1.000,1.000,0.640,-90.00,180.00,0.00,OPEN,0
665674.605,0,0,1,1.000,1.000,0.733,-90.00,180.00,0.00,OPEN,0
665674.654,0,0,1,1.000,1.000,1.000,-90.00,180.00,0.00,OPEN,0
665674.704,0,0,1,1.000,1.000,1.000,-90.00,180.00,0.00,OPEN,0
665674.753,0,0,1,1.000,1.000,1.000,-90.00,180.00,0.00,OPEN,0
665674.803,0,0,1,1.000,1.000,1.000,-90.00,180.00,0.00,OPEN,0
665674.853,0,0,1,1.000,1.000,1.000,-90.00,180.00,0.00,OPEN,0
665674.903,0,0,1,1.000,1.000,1.000,-90.00,180.00,0.00,OPEN,0
665674.954,0,0,1,1.000,1.000,1.000,-90.00,180.00,0.00,OPEN,0
665675.004,0,0,1,1.000,1.000,1.000,-90.00,180.00,0.00,OPEN,0
665675.053,0,0,1,1.000,1.000,1.000,-90.00,180.00,0.00,OPEN,0
665675.103,0,0,1,1.000,1.000,1.000,-90.00,180.00,0.00,OPEN,0
665675.153,0,0,1,0.984,1.000,1.000,-90.00,180.00,0.00,OPEN,0
665675.204,0,0,1,0.985,1.000,1.000,-90.00,180.00,0.00,OPEN,0
665675.254,0,0,1,0.968,1.000,1.000,-90.00,180.00,0.00,OPEN,0
665675.304,0,0,1,0.966,1.000,1.000,-90.00,180.00,0.00,OPEN,0
665675.354,0,0,1,0.962,1.000,1.000,-90.00,180.00,0.00,OPEN,0
665675.403,0,0,1,0.957,1.000,1.000,-90.00,180.00,0.00,OPEN,0
665675.454,0,0,0,0.937,1.000,1.000,-90.00,180.00,0.00,OPEN,0
665675.504,0,0,0,0.984,1.000,1.000,-90.00,180.00,0.00,OPEN,0
665675.553,0,0,0,0.999,1.000,1.000,-90.00,180.00,0.00,OPEN,0
665675.603,0,0,0,1.000,1.000,1.000,-90.00,180.00,0.00,OPEN,0
665675.654,0,0,0,1.000,0.985,0.999,-90.00,180.00,0.00,OPEN,0
665675.704,0,0,0,1.000,1.000,1.000,-90.00,180.00,0.00,OPEN,0
665675.754,0,0,0,1.000,1.000,1.000,-90.00,180.00,0.00,OPEN,0
665675.804,0,0,0,1.000,0.997,1.000,-90.00,180.00,0.00,OPEN,0
665675.853,2,0,0,1.000,1.000,1.000,-90.00,180.00,0.00,OPEN,0
665675.921,2,0,0,1.000,1.000,1.000,-90.00,180.00,0.00,OPEN,0
665675.956,2,0,0,1.000,1.000,1.000,-90.00,180.00,0.00,OPEN,0
665676.004,2,0,0,1.000,1.000,1.000,-90.00,180.00,0.00,OPEN,0
665676.054,2,1,1,1.000,0.996,0.988,-90.00,180.00,0.00,OPEN,0
665676.105,2,1,1,1.000,0.999,0.980,-90.00,180.00,0.00,OPEN,0
665676.154,2,1,1,1.000,0.999,0.977,-90.00,180.00,0.00,OPEN,0
665676.203,2,1,1,1.000,0.998,0.962,-90.00,180.00,0.00,OPEN,0
665676.254,2,1,1,1.000,0.958,0.800,-90.00,180.00,0.00,OPEN,0
665676.304,2,1,1,1.000,1.000,0.998,-90.00,180.00,0.00,OPEN,0
665676.353,2,1,1,1.000,1.000,1.000,-90.00,180.00,0.00,OPEN,0
665676.404,2,1,1,1.000,1.000,1.000,-90.00,180.00,0.00,OPEN,0
665676.454,2,1,1,1.000,1.000,1.000,-90.00,180.00,0.00,OPEN,0
665676.503,2,1,1,1.000,1.000,1.000,-90.00,180.00,0.00,OPEN,0
665676.553,2,1,1,1.000,1.000,1.000,-90.00,180.00,0.00,OPEN,0
665676.603,2,1,1,1.000,1.000,1.000,-90.00,180.00,0.00,OPEN,0
665676.653,2,1,1,1.000,1.000,1.000,-90.00,180.00,0.00,OPEN,0
665676.703,2,1,1,1.000,1.000,1.000,-90.00,180.00,0.00,OPEN,0
665676.753,2,1,1,1.000,1.000,1.000,-90.00,180.00,0.00,OPEN,0
665676.804,2,1,1,1.000,1.000,1.000,-90.00,180.00,0.00,OPEN,0
665676.854,2,1,1,1.000,1.000,1.000,-90.00,180.00,0.00,OPEN,0
665676.905,2,1,1,1.000,1.000,1.000,-90.00,180.00,0.00,OPEN,0
665676.954,2,1,1,1.000,1.000,1.000,-90.00,180.00,0.00,OPEN,0
665677.003,2,1,1,1.000,1.000,1.000,-90.00,180.00,0.00,OPEN,0
665677.053,2,1,1,1.000,1.000,1.000,-90.00,180.00,0.00,OPEN,0
665677.105,2,1,1,1.000,1.000,1.000,-90.00,180.00,0.00,OPEN,0
665677.154,2,0,0,1.000,1.000,1.000,-90.00,180.00,0.00,OPEN,0
665677.204,2,0,0,1.000,1.000,1.000,-90.00,180.00,0.00,OPEN,0
665677.253,2,0,0,1.000,1.000,1.000,-90.00,180.00,0.00,OPEN,0
665677.303,2,0,0,1.000,1.000,1.000,-90.00,180.00,0.00,OPEN,0
665677.354,2,0,0,1.000,1.000,1.000,-90.00,180.00,0.00,OPEN,0
665677.403,2,0,0,1.000,1.000,1.000,-90.00,180.00,0.00,OPEN,0
665677.455,2,0,0,1.000,1.000,1.000,-90.00,180.00,0.00,OPEN,0
665677.503,2,0,0,1.000,1.000,1.000,-90.00,180.00,0.00,OPEN,0
665677.554,2,0,0,1.000,1.000,1.000,-90.00,180.00,0.00,OPEN,0
665677.603,2,0,0,1.000,1.000,1.000,-90.00,180.00,0.00,OPEN,0
665677.653,2,0,0,1.000,1.000,1.000,-90.00,180.00,0.00,OPEN,0
665677.704,2,0,0,1.000,1.000,1.000,-90.00,180.00,0.00,OPEN,0
665677.753,2,0,0,1.000,1.000,1.000,-90.00,180.00,0.00,OPEN,0
665677.803,2,0,0,1.000,1.000,1.000,-90.00,180.00,0.00,OPEN,0
665677.854,2,0,0,1.000,1.000,1.000,-90.00,180.00,0.00,OPEN,0
665677.903,2,0,0,1.000,1.000,1.000,-90.00,180.00,0.00,OPEN,0
665677.954,2,0,0,1.000,1.000,1.000,-90.00,180.00,0.00,OPEN,0
665678.004,2,0,0,1.000,1.000,1.000,-90.00,180.00,0.00,OPEN,0
665678.054,2,0,0,1.000,1.000,1.000,-90.00,180.00,0.00,OPEN,0
665678.103,2,0,0,1.000,1.000,1.000,-90.00,180.00,0.00,OPEN,0
665678.154,2,0,0,1.000,1.000,1.000,-90.00,180.00,0.00,OPEN,0
665678.204,2,0,0,1.000,1.000,1.000,-90.00,180.00,0.00,OPEN,0
665678.254,2,0,0,1.000,1.000,1.000,-90.00,180.00,0.00,OPEN,0
665678.305,2,0,0,1.000,1.000,1.000,-90.00,180.00,0.00,OPEN,0
665678.353,2,0,0,1.000,1.000,1.000,-90.00,180.00,0.00,OPEN,0
665678.404,2,0,0,1.000,1.000,1.000,-90.00,180.00,0.00,OPEN,0
665678.454,2,0,0,1.000,1.000,1.000,-90.00,180.00,0.00,OPEN,0
665678.505,2,0,0,1.000,1.000,1.000,-90.00,180.00,0.00,OPEN,0
665678.554,2,0,0,1.000,1.000,1.000,-90.00,180.00,0.00,OPEN,0
665678.604,2,0,0,1.000,1.000,1.000,-90.00,180.00,0.00,OPEN,0
665678.654,2,0,0,1.000,1.000,1.000,-90.00,180.00,0.00,OPEN,0
665678.703,2,0,0,1.000,1.000,1.000,-90.00,180.00,0.00,OPEN,0
665678.754,2,0,0,1.000,1.000,1.000,-90.00,180.00,0.00,OPEN,0
665678.804,2,0,0,1.000,1.000,1.000,-90.00,180.00,0.00,OPEN,0
665678.854,2,0,0,1.000,1.000,1.000,-90.00,180.00,0.00,OPEN,0
665678.903,2,0,0,1.000,1.000,1.000,-90.00,180.00,0.00,OPEN,0
665678.953,2,0,0,1.000,1.000,1.000,-90.00,180.00,0.00,OPEN,0
665679.004,2,0,0,1.000,1.000,1.000,-90.00,180.00,0.00,OPEN,0
665679.054,2,0,0,1.000,1.000,1.000,-90.00,180.00,0.00,OPEN,0
665679.104,2,0,0,1.000,1.000,1.000,-90.00,180.00,0.00,OPEN,0
665679.154,2,0,0,1.000,1.000,1.000,-90.00,180.00,0.00,OPEN,0
665679.204,2,0,0,1.000,1.000,1.000,-90.00,180.00,0.00,OPEN,0
665679.253,2,0,0,1.000,1.000,1.000,-90.00,180.00,0.00,OPEN,0
665679.304,2,0,0,1.000,1.000,1.000,-90.00,180.00,0.00,OPEN,0
665679.355,2,0,0,1.000,1.000,1.000,-90.00,180.00,0.00,OPEN,0
665679.403,2,0,0,1.000,1.000,1.000,-90.00,180.00,0.00,OPEN,0
665679.454,2,0,0,1.000,1.000,1.000,-90.00,180.00,0.00,OPEN,0
665679.504,2,0,0,1.000,1.000,1.000,-90.00,180.00,0.00,OPEN,0
665679.554,2,0,0,1.000,1.000,1.000,-90.00,180.00,0.00,OPEN,0
665679.612,2,0,0,1.000,1.000,1.000,-90.00,180.00,0.00,OPEN,0
665679.655,2,0,0,1.000,1.000,1.000,-90.00,180.00,0.00,OPEN,0
665679.703,2,0,0,1.000,1.000,1.000,-90.00,180.00,0.00,OPEN,0
665679.753,2,0,0,1.000,1.000,1.000,-90.00,180.00,0.00,OPEN,0
665679.804,2,0,0,1.000,1.000,1.000,-90.00,180.00,0.00,OPEN,0
665679.853,2,0,0,1.000,1.000,1.000,-90.00,180.00,0.00,OPEN,0
665679.903,2,0,0,1.000,1.000,1.000,-90.00,180.00,0.00,OPEN,0
665679.954,2,0,0,1.000,1.000,1.000,-90.00,180.00,0.00,OPEN,0
665680.003,2,0,0,1.000,1.000,1.000,-90.00,180.00,0.00,OPEN,0
665680.054,2,0,0,1.000,1.000,1.000,-90.00,180.00,0.00,OPEN,0
665680.105,2,0,0,1.000,1.000,1.000,-90.00,180.00,0.00,OPEN,0
665680.154,2,0,0,1.000,1.000,1.000,-90.00,180.00,0.00,OPEN,0
665680.204,2,0,0,1.000,1.000,1.000,-90.00,180.00,0.00,OPEN,0
665680.253,2,0,0,1.000,1.000,1.000,-90.00,180.00,0.00,OPEN,0
665680.304,2,0,0,1.000,1.000,1.000,-90.00,180.00,0.00,OPEN,0
665680.353,2,0,0,1.000,1.000,1.000,-90.00,180.00,0.00,OPEN,0
665680.404,2,0,0,1.000,1.000,1.000,-90.00,180.00,0.00,OPEN,0
665680.454,2,0,0,1.000,1.000,1.000,-90.00,180.00,0.00,OPEN,0
665680.503,2,0,0,1.000,1.000,1.000,-90.00,180.00,0.00,OPEN,0
665680.553,2,0,0,1.000,1.000,1.000,-90.00,180.00,0.00,OPEN,0
665680.604,2,0,0,1.000,1.000,1.000,-90.00,180.00,0.00,OPEN,0
665680.654,2,0,0,1.000,1.000,1.000,-90.00,180.00,0.00,OPEN,0
665680.704,2,0,0,1.000,1.000,1.000,-90.00,180.00,0.00,OPEN,0
665680.754,2,0,0,1.000,1.000,1.000,-90.00,180.00,0.00,OPEN,0
665680.803,2,0,0,1.000,1.000,1.000,-90.00,180.00,0.00,OPEN,0
665680.853,2,0,0,1.000,1.000,1.000,-90.00,180.00,0.00,OPEN,0
665680.904,2,0,0,1.000,1.000,1.000,-90.00,180.00,0.00,OPEN,0
665680.954,2,0,0,1.000,1.000,1.000,-90.00,180.00,0.00,OPEN,0
665681.003,2,0,0,1.000,1.000,1.000,-90.00,180.00,0.00,OPEN,0
665681.054,2,0,0,1.000,1.000,1.000,-90.00,180.00,0.00,OPEN,0
665681.103,2,0,0,1.000,1.000,1.000,-90.00,180.00,0.00,OPEN,0
665681.165,2,0,0,1.000,1.000,1.000,-90.00,180.00,0.00,OPEN,0
665681.205,2,0,0,1.000,1.000,1.000,-90.00,180.00,0.00,OPEN,0
665681.254,2,0,0,1.000,1.000,1.000,-90.00,180.00,0.00,OPEN,0
665681.303,2,0,0,1.000,1.000,1.000,-90.00,180.00,0.00,OPEN,0
665681.354,2,0,0,1.000,1.000,1.000,-90.00,180.00,0.00,OPEN,0
665681.404,2,0,0,0.999,1.000,1.000,-90.00,180.00,0.00,OPEN,0
665681.454,2,0,0,0.998,1.000,1.000,-90.00,180.00,0.00,OPEN,0
665681.503,2,0,0,0.994,1.000,1.000,-90.00,180.00,0.00,OPEN,0
665681.554,2,0,0,0.963,1.000,1.000,-90.00,180.00,0.00,OPEN,0
665681.603,2,0,0,0.904,1.000,1.000,-90.00,180.00,0.00,OPEN,0
665681.657,2,0,0,0.723,1.000,1.000,-90.00,180.00,0.00,OPEN,0
665681.704,2,0,0,0.684,1.000,1.000,-90.00,180.00,0.00,OPEN,0
665681.753,2,0,0,0.927,1.000,1.000,-90.00,180.00,0.00,OPEN,0
665681.803,2,0,0,0.966,1.000,1.000,-90.00,180.00,0.00,OPEN,0
665681.855,2,0,0,0.999,1.000,1.000,-90.00,180.00,0.00,OPEN,0
665681.909,2,0,0,1.000,1.000,1.000,-90.00,180.00,0.00,OPEN,0
665681.954,2,0,0,1.000,1.000,1.000,-90.00,180.00,0.00,OPEN,0
665682.004,2,0,0,1.000,1.000,1.000,-90.00,180.00,0.00,OPEN,0
665682.054,2,0,0,1.000,1.000,1.000,-90.00,180.00,0.00,OPEN,0
665682.104,0,0,0,1.000,1.000,1.000,-90.00,180.00,0.00,OPEN,0
665682.154,0,0,0,1.000,1.000,1.000,-90.00,180.00,0.00,OPEN,0
665682.209,0,0,0,1.000,1.000,1.000,-90.00,180.00,0.00,OPEN,0
665682.254,0,0,0,1.000,1.000,1.000,-90.00,180.00,0.00,OPEN,0
665682.304,0,0,0,1.000,1.000,1.000,-90.00,180.00,0.00,OPEN,0
665682.354,0,0,0,1.000,1.000,1.000,-90.00,180.00,0.00,OPEN,0
665682.404,0,0,0,1.000,1.000,1.000,-90.00,180.00,0.00,OPEN,0
665682.454,0,0,0,1.000,1.000,1.000,-90.00,180.00,0.00,OPEN,0
665682.503,0,0,0,1.000,1.000,1.000,-90.00,180.00,0.00,OPEN,0
665682.553,0,0,0,1.000,1.000,1.000,-90.00,180.00,0.00,OPEN,0
665682.603,0,0,0,1.000,1.000,1.000,-90.00,180.00,0.00,OPEN,0
665682.654,0,0,0,1.000,1.000,1.000,-90.00,180.00,0.00,OPEN,0
665682.735,0,0,0,1.000,1.000,1.000,-90.00,180.00,0.00,OPEN,0
665682.759,0,0,0,1.000,1.000,1.000,-90.00,180.00,0.00,OPEN,0
665682.804,0,0,0,1.000,1.000,1.000,-90.00,180.00,0.00,OPEN,0
665682.854,0,0,0,1.000,1.000,1.000,-90.00,180.00,0.00,OPEN,0
665682.904,0,0,0,1.000,1.000,1.000,-90.00,180.00,0.00,OPEN,0
665682.955,0,0,0,1.000,1.000,1.000,-90.00,180.00,0.00,OPEN,0
665683.004,0,0,0,1.000,1.000,1.000,-90.00,180.00,0.00,OPEN,0
665683.054,0,0,0,1.000,1.000,1.000,-90.00,180.00,0.00,OPEN,0
665683.104,0,0,0,1.000,1.000,1.000,-90.00,180.00,0.00,OPEN,0
665683.154,0,0,0,1.000,1.000,1.000,-90.00,180.00,0.00,OPEN,0
665683.204,0,0,0,1.000,1.000,1.000,-90.00,180.00,0.00,OPEN,0
665683.254,0,0,0,1.000,1.000,1.000,-90.00,180.00,0.00,OPEN,0
665683.304,0,0,0,1.000,1.000,1.000,-90.00,180.00,0.00,OPEN,0
665683.354,0,0,0,1.000,1.000,1.000,-90.00,180.00,0.00,OPEN,0
665683.405,0,0,0,1.000,1.000,1.000,-90.00,180.00,0.00,OPEN,0
665683.453,0,0,0,1.000,1.000,1.000,-90.00,180.00,0.00,OPEN,0
665683.504,0,0,0,1.000,1.000,1.000,-90.00,180.00,0.00,OPEN,0
665683.554,0,0,0,1.000,1.000,1.000,-90.00,180.00,0.00,OPEN,0
665683.604,0,0,0,1.000,1.000,1.000,-90.00,180.00,0.00,OPEN,0
665683.653,0,0,0,1.000,1.000,1.000,-90.00,180.00,0.00,OPEN,0
665683.704,0,0,0,1.000,1.000,1.000,-90.00,180.00,0.00,OPEN,0
665683.754,0,0,0,1.000,1.000,1.000,-90.00,180.00,0.00,OPEN,0
665683.803,0,0,0,1.000,1.000,1.000,-90.00,180.00,0.00,OPEN,0
665683.854,0,0,0,1.000,1.000,1.000,-90.00,180.00,0.00,OPEN,0
665683.904,0,0,0,1.000,1.000,1.000,-90.00,180.00,0.00,OPEN,0
665683.953,0,0,0,1.000,1.000,1.000,-90.00,180.00,0.00,OPEN,0
665684.004,0,0,0,1.000,1.000,1.000,-90.00,180.00,0.00,OPEN,0
665684.054,0,0,0,1.000,1.000,1.000,-90.00,180.00,0.00,OPEN,0
665684.103,0,0,0,1.000,1.000,1.000,-90.00,180.00,0.00,OPEN,0
665684.154,0,0,0,1.000,1.000,1.000,-90.00,180.00,0.00,OPEN,0
665684.203,0,0,0,1.000,1.000,1.000,-90.00,180.00,0.00,OPEN,0
665684.254,0,0,0,1.000,1.000,1.000,-90.00,180.00,0.00,OPEN,0
665684.304,0,0,0,1.000,1.000,1.000,-90.00,180.00,0.00,OPEN,0
665684.354,0,0,0,1.000,1.000,1.000,-90.00,180.00,0.00,OPEN,0
665684.404,0,0,0,1.000,1.000,1.000,-90.00,180.00,0.00,OPEN,0
665684.454,0,0,0,1.000,1.000,1.000,-90.00,180.00,0.00,OPEN,0
665684.504,0,0,0,1.000,1.000,1.000,-90.00,180.00,0.00,OPEN,0
665684.554,0,0,0,1.000,1.000,1.000,-90.00,180.00,0.00,OPEN,0
665684.603,0,0,0,1.000,1.000,1.000,-90.00,180.00,0.00,OPEN,0
665684.653,0,0,0,1.000,1.000,1.000,-90.00,180.00,0.00,OPEN,0
665684.704,0,0,0,1.000,1.000,1.000,-90.00,180.00,0.00,OPEN,0
665684.754,0,0,0,1.000,1.000,1.000,-90.00,180.00,0.00,OPEN,0
665684.803,0,0,0,1.000,1.000,1.000,-90.00,180.00,0.00,OPEN,0
665684.853,0,0,0,1.000,1.000,1.000,-90.00,180.00,0.00,OPEN,0
665684.903,0,0,0,1.000,1.000,1.000,-90.00,180.00,0.00,OPEN,0
665684.954,0,0,0,1.000,1.000,1.000,-90.00,180.00,0.00,OPEN,0
665685.004,0,0,0,1.000,1.000,1.000,-90.00,180.00,0.00,OPEN,0
665685.054,0,0,0,1.000,1.000,1.000,-90.00,180.00,0.00,OPEN,0
665685.106,0,0,0,1.000,1.000,1.000,-90.00,180.00,0.00,OPEN,0
665685.153,0,0,0,1.000,1.000,1.000,-90.00,180.00,0.00,OPEN,0
665685.203,0,0,0,1.000,1.000,1.000,-90.00,180.00,0.00,OPEN,0
665685.254,0,0,0,1.000,1.000,1.000,-90.00,180.00,0.00,OPEN,0
665685.304,0,0,0,1.000,1.000,1.000,-90.00,180.00,0.00,OPEN,0
665685.354,0,0,0,1.000,1.000,1.000,-90.00,180.00,0.00,OPEN,0
665685.404,0,0,0,1.000,1.000,1.000,-90.00,180.00,0.00,OPEN,0
665685.454,0,0,0,1.000,1.000,1.000,-90.00,180.00,0.00,OPEN,0
665685.504,0,0,0,1.000,1.000,1.000,-90.00,180.00,0.00,OPEN,0
665685.554,0,0,0,1.000,1.000,1.000,-90.00,180.00,0.00,OPEN,0
665685.603,0,0,0,1.000,1.000,1.000,-90.00,180.00,0.00,OPEN,0
665685.654,0,0,0,1.000,1.000,1.000,-90.00,180.00,0.00,OPEN,0
665685.703,0,0,0,1.000,1.000,1.000,-90.00,180.00,0.00,OPEN,0
665685.753,0,0,0,1.000,1.000,1.000,-90.00,180.00,0.00,OPEN,0
665685.804,0,0,0,1.000,1.000,1.000,-90.00,180.00,0.00,OPEN,0
665685.854,0,0,0,1.000,1.000,1.000,-90.00,180.00,0.00,OPEN,0
665685.903,0,0,0,1.000,1.000,1.000,-90.00,180.00,0.00,OPEN,0
665685.954,0,0,0,1.000,1.000,1.000,-90.00,180.00,0.00,OPEN,0
665686.004,0,0,0,1.000,1.000,1.000,-90.00,180.00,0.00,OPEN,0
665686.053,0,0,0,1.000,1.000,1.000,-90.00,180.00,0.00,OPEN,0
665686.104,0,0,0,1.000,1.000,1.000,-90.00,180.00,0.00,OPEN,0
665686.154,0,0,0,1.000,1.000,1.000,-90.00,180.00,0.00,OPEN,0
665686.204,0,0,0,1.000,1.000,1.000,-90.00,180.00,0.00,OPEN,0
665686.254,0,0,0,1.000,1.000,1.000,-90.00,180.00,0.00,OPEN,0
665686.303,0,0,0,1.000,1.000,1.000,-90.00,180.00,0.00,OPEN,0
665686.353,0,0,0,1.000,1.000,1.000,-90.00,180.00,0.00,OPEN,0
665686.403,0,0,0,1.000,1.000,1.000,-90.00,180.00,0.00,OPEN,0
665686.454,0,0,0,1.000,1.000,1.000,-90.00,180.00,0.00,OPEN,0
665686.507,0,0,0,1.000,1.000,1.000,-90.00,180.00,0.00,OPEN,0
665686.554,0,0,0,1.000,1.000,1.000,-90.00,180.00,0.00,OPEN,0
665686.605,0,0,0,1.000,1.000,1.000,-90.00,180.00,0.00,OPEN,0
665686.654,0,0,0,1.000,1.000,1.000,-90.00,180.00,0.00,OPEN,0
665686.703,0,0,0,1.000,1.000,1.000,-90.00,180.00,0.00,OPEN,0
665686.753,0,0,0,1.000,1.000,1.000,-90.00,180.00,0.00,OPEN,0
665686.803,0,0,0,1.000,1.000,1.000,-90.00,180.00,0.00,OPEN,0
665686.854,0,0,0,1.000,1.000,1.000,-90.00,180.00,0.00,OPEN,0
665686.904,0,0,0,1.000,1.000,1.000,-90.00,180.00,0.00,OPEN,0
665686.953,0,0,0,1.000,1.000,1.000,-90.00,180.00,0.00,OPEN,0
665687.003,0,0,0,1.000,1.000,1.000,-90.00,180.00,0.00,OPEN,0
665687.053,0,0,0,1.000,1.000,1.000,-90.00,180.00,0.00,OPEN,0
665687.104,0,0,0,1.000,1.000,1.000,-90.00,180.00,0.00,OPEN,0
665687.154,0,0,0,1.000,1.000,1.000,-90.00,180.00,0.00,OPEN,0
665687.204,0,0,0,0.999,1.000,1.000,-90.00,180.00,0.00,OPEN,0
665687.253,0,0,0,0.997,1.000,1.000,-90.00,180.00,0.00,OPEN,0
665687.303,0,0,0,0.997,1.000,1.000,-90.00,180.00,0.00,OPEN,0
665687.353,0,0,0,0.991,1.000,1.000,-90.00,180.00,0.00,OPEN,0
665687.404,0,0,0,0.989,1.000,1.000,-90.00,180.00,0.00,OPEN,0
665687.454,0,0,0,0.999,1.000,1.000,-90.00,180.00,0.00,OPEN,0
665687.504,0,0,0,1.000,1.000,1.000,-90.00,180.00,0.00,OPEN,0
665687.553,0,0,0,1.000,1.000,1.000,-90.00,180.00,0.00,OPEN,0
665687.603,0,0,0,1.000,1.000,1.000,-90.00,180.00,0.00,OPEN,0
665687.653,0,0,0,1.000,1.000,1.000,-90.00,180.00,0.00,OPEN,0
665687.704,0,0,0,1.000,1.000,1.000,-90.00,180.00,0.00,OPEN,0
665687.754,0,0,0,1.000,1.000,1.000,-90.00,180.00,0.00,OPEN,0
665687.803,0,0,0,1.000,1.000,1.000,-90.00,180.00,0.00,OPEN,0
665687.853,0,0,0,1.000,1.000,1.000,-90.00,180.00,0.00,OPEN,0
665687.904,0,0,0,1.000,1.000,1.000,-90.00,180.00,0.00,OPEN,0
665687.954,0,0,0,1.000,1.000,1.000,-90.00,180.00,0.00,OPEN,0
665688.003,0,0,0,1.000,1.000,1.000,-90.00,180.00,0.00,OPEN,0
665688.054,0,0,0,1.000,1.000,1.000,-90.00,180.00,0.00,OPEN,0
665688.103,0,0,0,1.000,1.000,1.000,-90.00,180.00,0.00,OPEN,0
665688.153,0,0,0,1.000,1.000,1.000,-90.00,180.00,0.00,OPEN,0
665688.203,0,0,0,1.000,1.000,1.000,-90.00,180.00,0.00,OPEN,0
665688.253,0,0,0,1.000,1.000,1.000,-90.00,180.00,0.00,OPEN,0
665688.304,0,0,0,1.000,1.000,1.000,-90.00,180.00,0.00,OPEN,0
665688.353,0,0,0,1.000,1.000,1.000,-90.00,180.00,0.00,OPEN,0
665688.403,0,0,0,1.000,1.000,1.000,-90.00,180.00,0.00,OPEN,0
665688.453,0,0,0,1.000,1.000,1.000,-90.00,180.00,0.00,OPEN,0
665688.504,0,0,0,1.000,1.000,1.000,-90.00,180.00,0.00,OPEN,0
665688.561,0,0,0,1.000,1.000,1.000,-90.00,180.00,0.00,OPEN,0
665688.609,0,0,0,1.000,1.000,1.000,-90.00,180.00,0.00,OPEN,0
665688.653,0,0,0,1.000,1.000,1.000,-90.00,180.00,0.00,OPEN,0
665688.703,0,0,0,1.000,1.000,1.000,-90.00,180.00,0.00,OPEN,0
665688.753,0,0,0,1.000,1.000,1.000,-90.00,180.00,0.00,OPEN,0
665688.804,0,0,0,0.863,1.000,1.000,-90.00,180.00,0.00,OPEN,0
665688.855,0,0,0,0.956,1.000,1.000,-90.00,180.00,0.00,OPEN,0
665688.903,0,0,0,0.993,1.000,1.000,-90.00,180.00,0.00,OPEN,0
665688.953,0,0,0,0.993,1.000,1.000,-90.00,180.00,0.00,OPEN,0
665689.004,0,0,0,0.970,1.000,1.000,-90.00,180.00,0.00,OPEN,0
665689.054,0,0,0,0.616,1.000,1.000,-90.00,180.00,0.00,OPEN,0
665689.103,0,0,0,0.909,1.000,1.000,-90.00,180.00,0.00,OPEN,0
665689.153,0,0,0,0.990,1.000,1.000,-90.00,180.00,0.00,OPEN,0
665689.203,0,0,0,0.994,1.000,1.000,-90.00,180.00,0.00,OPEN,0
665689.253,0,0,0,0.995,1.000,1.000,-90.00,180.00,0.00,OPEN,0
665689.305,0,0,0,0.996,1.000,1.000,-90.00,180.00,0.00,OPEN,0
665689.354,0,0,0,0.995,1.000,1.000,-90.00,180.00,0.00,OPEN,0
665689.403,0,0,0,0.993,1.000,1.000,-90.00,180.00,0.00,OPEN,0
665689.453,3,0,0,0.990,1.000,1.000,-90.00,180.00,0.00,OPEN,0
665689.504,3,0,0,0.985,1.000,1.000,-90.00,180.00,0.00,OPEN,0
665689.553,3,0,0,0.983,1.000,1.000,-90.00,180.00,0.00,OPEN,0
665689.604,3,0,0,0.985,1.000,1.000,-90.00,180.00,0.00,OPEN,0
665689.654,3,0,0,0.989,1.000,1.000,-90.00,180.00,0.00,OPEN,0
665689.703,3,0,0,0.995,1.000,1.000,-90.00,180.00,0.00,OPEN,0
665689.754,3,0,0,0.997,1.000,1.000,-90.00,180.00,0.00,OPEN,0
665689.803,3,0,0,0.999,1.000,1.000,-90.00,180.00,0.00,OPEN,0
665689.854,3,0,0,0.999,1.000,1.000,-90.00,180.00,0.00,OPEN,0
665689.904,3,0,0,1.000,1.000,1.000,-90.00,180.00,0.00,OPEN,0
665689.953,3,0,0,1.000,1.000,1.000,-90.00,180.00,0.00,OPEN,0
665690.004,3,0,0,1.000,1.000,1.000,-90.00,180.00,0.00,OPEN,0
665690.054,3,0,0,1.000,1.000,1.000,-90.00,180.00,0.00,OPEN,0
665690.103,3,0,0,1.000,1.000,1.000,-90.00,180.00,0.00,OPEN,0
665690.154,3,0,0,1.000,1.000,1.000,-90.00,180.00,0.00,OPEN,0
665690.204,3,0,0,1.000,1.000,1.000,-90.00,180.00,0.00,OPEN,0
665690.254,3,0,0,1.000,1.000,1.000,-90.00,180.00,0.00,OPEN,0
665690.304,3,0,0,1.000,1.000,1.000,-90.00,180.00,0.00,OPEN,0
665690.354,3,0,0,1.000,1.000,1.000,-90.00,180.00,0.00,OPEN,0
665690.404,3,0,0,1.000,1.000,1.000,-90.00,180.00,0.00,OPEN,0
665690.455,3,0,0,1.000,1.000,1.000,-90.00,180.00,0.00,OPEN,0
665690.503,3,0,0,1.000,1.000,1.000,-90.00,180.00,0.00,OPEN,0
665690.553,3,0,0,1.000,1.000,1.000,-90.00,180.00,0.00,OPEN,0
665690.604,3,0,0,1.000,1.000,1.000,-90.00,180.00,0.00,OPEN,0
665690.654,3,0,0,1.000,1.000,1.000,-90.00,180.00,0.00,OPEN,0
665690.705,3,0,0,0.999,1.000,1.000,-90.00,180.00,0.00,OPEN,0
665690.753,3,0,0,0.997,1.000,1.000,-90.00,180.00,0.00,OPEN,0
665690.803,3,0,0,0.992,1.000,1.000,-90.00,180.00,0.00,OPEN,0
665690.853,3,0,0,0.987,1.000,1.000,-90.00,180.00,0.00,OPEN,0
665690.903,3,0,0,0.985,1.000,1.000,-90.00,180.00,0.00,OPEN,0
665690.954,3,0,0,0.989,1.000,1.000,-90.00,180.00,0.00,OPEN,0
665691.003,3,0,0,0.993,1.000,1.000,-90.00,180.00,0.00,OPEN,0
665691.053,3,0,0,0.996,1.000,1.000,-90.00,180.00,0.00,OPEN,0
665691.103,3,0,0,0.997,1.000,1.000,-90.00,180.00,0.00,OPEN,0
665691.154,3,0,0,0.998,1.000,1.000,-90.00,180.00,0.00,OPEN,0
665691.203,3,0,0,0.998,1.000,1.000,-90.00,180.00,0.00,OPEN,0
665691.254,3,0,0,0.999,1.000,1.000,-90.00,180.00,0.00,OPEN,0
665691.304,3,0,0,0.999,1.000,1.000,-90.00,180.00,0.00,OPEN,0
665691.356,3,0,0,0.999,1.000,1.000,-90.00,180.00,0.00,OPEN,0
665691.407,3,0,0,1.000,1.000,1.000,-90.00,180.00,0.00,OPEN,0
665691.454,3,0,0,1.000,1.000,1.000,-90.00,180.00,0.00,OPEN,0
665691.504,3,0,0,1.000,1.000,1.000,-90.00,180.00,0.00,OPEN,0
665691.554,3,0,0,1.000,1.000,1.000,-90.00,180.00,0.00,OPEN,0
665691.603,3,0,0,1.000,1.000,1.000,-90.00,180.00,0.00,OPEN,0
665691.654,3,0,0,1.000,1.000,1.000,-90.00,180.00,0.00,OPEN,0
665691.704,3,0,0,1.000,1.000,1.000,-90.00,180.00,0.00,OPEN,0
665691.754,3,0,0,1.000,1.000,1.000,-90.00,180.00,0.00,OPEN,0
665691.804,3,0,0,1.000,1.000,1.000,-90.00,180.00,0.00,OPEN,0
665691.853,3,0,0,1.000,1.000,1.000,-90.00,180.00,0.00,OPEN,0
665691.903,3,0,0,1.000,1.000,1.000,-90.00,180.00,0.00,OPEN,0
665691.953,3,0,0,1.000,1.000,1.000,-90.00,180.00,0.00,OPEN,0
665692.004,3,0,0,1.000,1.000,1.000,-90.00,180.00,0.00,OPEN,0
665692.054,3,0,0,1.000,1.000,1.000,-90.00,180.00,0.00,OPEN,0
665692.104,3,0,0,1.000,1.000,1.000,-90.00,180.00,0.00,OPEN,0
665692.153,3,0,0,1.000,1.000,1.000,-90.00,180.00,0.00,OPEN,0
665692.204,3,0,0,1.000,1.000,1.000,-90.00,180.00,0.00,OPEN,0
665692.253,3,0,0,1.000,1.000,1.000,-90.00,180.00,0.00,OPEN,0
665692.304,3,0,0,1.000,1.000,1.000,-90.00,180.00,0.00,OPEN,0
665692.355,3,0,0,1.000,1.000,1.000,-90.00,180.00,0.00,OPEN,0
665692.403,3,0,0,1.000,1.000,1.000,-90.00,180.00,0.00,OPEN,0
665692.454,3,0,0,1.000,1.000,1.000,-90.00,180.00,0.00,OPEN,0
665692.504,3,0,0,1.000,1.000,1.000,-90.00,180.00,0.00,OPEN,0
665692.553,3,0,0,1.000,1.000,1.000,-90.00,180.00,0.00,OPEN,0
665692.603,3,0,0,1.000,1.000,1.000,-90.00,180.00,0.00,OPEN,0
665692.653,3,0,0,1.000,1.000,1.000,-90.00,180.00,0.00,OPEN,0
665692.704,3,0,0,1.000,1.000,1.000,-90.00,180.00,0.00,OPEN,0
665692.754,3,0,0,1.000,1.000,1.000,-90.00,180.00,0.00,OPEN,0
665692.803,3,0,0,1.000,1.000,1.000,-90.00,180.00,0.00,OPEN,0
665692.853,3,0,0,1.000,1.000,1.000,-90.00,180.00,0.00,OPEN,0
665692.903,3,0,0,1.000,1.000,1.000,-90.00,180.00,0.00,OPEN,0
665692.953,3,0,0,1.000,1.000,1.000,-90.00,180.00,0.00,OPEN,0
665693.004,3,0,0,1.000,1.000,1.000,-90.00,180.00,0.00,OPEN,0
665693.066,3,0,0,1.000,1.000,1.000,-90.00,180.00,0.00,OPEN,0
665693.105,3,0,0,1.000,1.000,1.000,-90.00,180.00,0.00,OPEN,0
665693.153,3,0,0,1.000,1.000,1.000,-90.00,180.00,0.00,OPEN,0
665693.204,3,0,0,1.000,1.000,1.000,-90.00,180.00,0.00,OPEN,0
665693.253,3,0,0,1.000,1.000,1.000,-90.00,180.00,0.00,OPEN,0
665693.304,3,0,0,1.000,1.000,1.000,-90.00,180.00,0.00,OPEN,0
665693.353,3,0,0,1.000,1.000,1.000,-90.00,180.00,0.00,OPEN,0
665693.403,3,0,0,1.000,1.000,1.000,-90.00,180.00,0.00,OPEN,0
665693.454,3,0,0,1.000,1.000,1.000,-90.00,180.00,0.00,OPEN,0
665693.504,3,0,0,1.000,1.000,1.000,-90.00,180.00,0.00,OPEN,0
665693.553,3,0,0,1.000,1.000,1.000,-90.00,180.00,0.00,OPEN,0
665693.603,3,0,0,1.000,1.000,1.000,-90.00,180.00,0.00,OPEN,0
665693.654,3,0,0,1.000,1.000,1.000,-90.00,180.00,0.00,OPEN,0
665693.703,3,0,0,1.000,1.000,1.000,-90.00,180.00,0.00,OPEN,0
665693.753,3,0,0,1.000,1.000,1.000,-90.00,180.00,0.00,OPEN,0
665693.803,3,0,0,1.000,1.000,1.000,-90.00,180.00,0.00,OPEN,0
665693.853,3,0,0,1.000,1.000,1.000,-90.00,180.00,0.00,OPEN,0
665693.903,3,0,0,1.000,1.000,1.000,-90.00,180.00,0.00,OPEN,0
665693.954,3,0,0,1.000,1.000,1.000,-90.00,180.00,0.00,OPEN,0
665694.003,3,0,0,1.000,1.000,1.000,-90.00,180.00,0.00,OPEN,0
665694.053,3,0,0,1.000,1.000,1.000,-90.00,180.00,0.00,OPEN,0
665694.103,3,0,0,0.999,1.000,1.000,-90.00,180.00,0.00,OPEN,0
665694.154,3,0,0,0.999,1.000,1.000,-90.00,180.00,0.00,OPEN,0
665694.204,3,0,0,0.999,1.000,1.000,-90.00,180.00,0.00,OPEN,0
665694.253,3,0,0,1.000,1.000,1.000,-90.00,180.00,0.00,OPEN,0
665694.303,3,0,0,1.000,1.000,1.000,-90.00,180.00,0.00,OPEN,0
665694.354,3,0,0,1.000,1.000,1.000,-90.00,180.00,0.00,OPEN,0
665694.404,3,0,0,1.000,1.000,1.000,-90.00,180.00,0.00,OPEN,0
665694.454,3,0,0,1.000,1.000,1.000,-90.00,180.00,0.00,OPEN,0
665694.504,3,0,0,1.000,1.000,1.000,-90.00,180.00,0.00,OPEN,0
665694.553,3,0,0,1.000,1.000,1.000,-90.00,180.00,0.00,OPEN,0
665694.603,3,0,0,1.000,1.000,1.000,-90.00,180.00,0.00,OPEN,0
665694.653,3,0,0,1.000,1.000,1.000,-90.00,180.00,0.00,OPEN,0
665694.704,3,0,0,1.000,1.000,1.000,-90.00,180.00,0.00,OPEN,0
665694.764,3,0,0,1.000,1.000,1.000,-90.00,180.00,0.00,OPEN,0
665694.805,3,0,0,1.000,1.000,1.000,-90.00,180.00,0.00,OPEN,0
665694.853,3,0,0,1.000,1.000,1.000,-90.00,180.00,0.00,OPEN,0
665694.903,3,0,0,1.000,1.000,1.000,-90.00,180.00,0.00,OPEN,0
665694.954,3,0,0,1.000,1.000,1.000,-90.00,180.00,0.00,OPEN,0
665695.003,3,0,0,1.000,1.000,1.000,-90.00,180.00,0.00,OPEN,0
665695.054,3,0,0,0.984,1.000,1.000,-90.00,180.00,0.00,OPEN,0
665695.103,3,0,0,0.751,1.000,1.000,-90.00,180.00,0.00,OPEN,0
665695.153,3,0,0,0.676,1.000,1.000,-90.00,180.00,0.00,OPEN,0
665695.203,3,0,0,0.897,1.000,1.000,-90.00,180.00,0.00,OPEN,0
665695.254,3,0,0,0.933,1.000,1.000,-90.00,180.00,0.00,OPEN,0
665695.304,3,0,0,0.995,1.000,1.000,-90.00,180.00,0.00,OPEN,0
665695.353,3,0,0,1.000,1.000,1.000,-90.00,180.00,0.00,OPEN,0
665695.403,3,0,0,1.000,1.000,1.000,-90.00,180.00,0.00,OPEN,0
665695.454,3,0,0,1.000,1.000,1.000,-90.00,180.00,0.00,OPEN,0
665695.503,3,0,0,1.000,1.000,1.000,-90.00,180.00,0.00,OPEN,0
665695.553,0,0,0,1.000,1.000,1.000,-90.00,180.00,0.00,OPEN,0
665695.604,0,0,0,1.000,1.000,1.000,-90.00,180.00,0.00,OPEN,0
665695.653,0,0,0,1.000,1.000,1.000,-90.00,180.00,0.00,OPEN,0
665695.704,0,0,0,1.000,1.000,1.000,-90.00,180.00,0.00,OPEN,0
665695.754,0,0,0,1.000,1.000,1.000,-90.00,180.00,0.00,OPEN,0
665695.804,0,0,0,1.000,1.000,1.000,-90.00,180.00,0.00,OPEN,0
665695.853,0,0,0,1.000,1.000,1.000,-90.00,180.00,0.00,OPEN,0
665695.903,0,0,0,1.000,1.000,1.000,-90.00,180.00,0.00,OPEN,0
665695.954,0,0,0,1.000,1.000,1.000,-90.00,180.00,0.00,OPEN,0
665696.004,0,0,0,1.000,1.000,1.000,-90.00,180.00,0.00,OPEN,0
665696.054,0,0,0,1.000,1.000,1.000,-90.00,180.00,0.00,OPEN,0
665696.103,0,0,0,1.000,1.000,1.000,-90.00,180.00,0.00,OPEN,0
665696.154,0,0,0,1.000,1.000,1.000,-90.00,180.00,0.00,OPEN,0
665696.203,0,0,0,1.000,1.000,1.000,-90.00,180.00,0.00,OPEN,0
665696.255,0,0,0,1.000,1.000,1.000,-90.00,180.00,0.00,OPEN,0
665696.312,0,0,0,1.000,1.000,1.000,-90.00,180.00,0.00,OPEN,0
665696.355,0,0,0,1.000,1.000,1.000,-90.00,180.00,0.00,OPEN,0
665696.404,0,0,0,1.000,1.000,1.000,-90.00,180.00,0.00,OPEN,0
665696.453,0,0,0,1.000,1.000,1.000,-90.00,180.00,0.00,OPEN,0
665696.503,0,0,0,1.000,1.000,1.000,-90.00,180.00,0.00,OPEN,0
665696.554,0,0,0,1.000,1.000,1.000,-90.00,180.00,0.00,OPEN,0
665696.603,0,0,0,1.000,1.000,1.000,-90.00,180.00,0.00,OPEN,0
665696.653,0,0,0,1.000,1.000,1.000,-90.00,180.00,0.00,OPEN,0
665696.704,0,0,0,1.000,1.000,1.000,-90.00,180.00,0.00,OPEN,0
665696.754,0,0,0,1.000,1.000,1.000,-90.00,180.00,0.00,OPEN,0
665696.804,0,0,0,1.000,1.000,1.000,-90.00,180.00,0.00,OPEN,0
665696.854,0,0,0,1.000,1.000,1.000,-90.00,180.00,0.00,OPEN,0
665696.904,0,0,0,1.000,1.000,1.000,-90.00,180.00,0.00,OPEN,0
665696.953,0,0,0,1.000,1.000,1.000,-90.00,180.00,0.00,OPEN,0
665697.004,0,0,0,1.000,1.000,1.000,-90.00,180.00,0.00,OPEN,0
665697.054,0,0,0,1.000,1.000,1.000,-90.00,180.00,0.00,OPEN,0
665697.103,0,0,0,1.000,1.000,1.000,-90.00,180.00,0.00,OPEN,0
665697.153,0,0,0,1.000,1.000,1.000,-90.00,180.00,0.00,OPEN,0
665697.204,0,0,0,1.000,1.000,1.000,-90.00,180.00,0.00,OPEN,0
665697.254,0,0,0,1.000,1.000,1.000,-90.00,180.00,0.00,OPEN,0
665697.305,0,0,0,1.000,1.000,1.000,-90.00,180.00,0.00,OPEN,0
665697.353,0,0,0,1.000,1.000,1.000,-90.00,180.00,0.00,OPEN,0
665697.404,0,0,0,1.000,1.000,1.000,-90.00,180.00,0.00,OPEN,0
665697.454,0,0,0,1.000,1.000,1.000,-90.00,180.00,0.00,OPEN,0
665697.504,0,0,0,1.000,1.000,1.000,-90.00,180.00,0.00,OPEN,0
665697.553,0,0,0,1.000,1.000,1.000,-90.00,180.00,0.00,OPEN,0
665697.604,0,0,0,1.000,1.000,1.000,-90.00,180.00,0.00,OPEN,0
665697.654,0,0,0,1.000,1.000,1.000,-90.00,180.00,0.00,OPEN,0
665697.704,0,0,0,1.000,1.000,1.000,-90.00,180.00,0.00,OPEN,0
665697.754,0,0,0,1.000,1.000,1.000,-90.00,180.00,0.00,OPEN,0
665697.804,0,0,0,1.000,1.000,1.000,-90.00,180.00,0.00,OPEN,0
665697.854,0,0,0,1.000,1.000,1.000,-90.00,180.00,0.00,OPEN,0
665697.904,0,0,0,1.000,1.000,1.000,-90.00,180.00,0.00,OPEN,0
665697.953,0,0,0,1.000,1.000,1.000,-90.00,180.00,0.00,OPEN,0
665698.004,0,0,0,1.000,1.000,1.000,-90.00,180.00,0.00,OPEN,0
665698.053,0,0,0,1.000,1.000,1.000,-90.00,180.00,0.00,OPEN,0
665698.104,0,0,0,1.000,1.000,1.000,-90.00,180.00,0.00,OPEN,0
665698.154,0,0,0,1.000,1.000,1.000,-90.00,180.00,0.00,OPEN,0
665698.204,0,0,0,1.000,1.000,1.000,-90.00,180.00,0.00,OPEN,0
665698.254,0,0,0,1.000,1.000,1.000,-90.00,180.00,0.00,OPEN,0
665698.303,0,0,0,1.000,1.000,1.000,-90.00,180.00,0.00,OPEN,0
665698.354,0,0,0,1.000,1.000,1.000,-90.00,180.00,0.00,OPEN,0
665698.404,0,0,0,1.000,1.000,1.000,-90.00,180.00,0.00,OPEN,0
665698.453,0,0,0,1.000,1.000,1.000,-90.00,180.00,0.00,OPEN,0
665698.504,0,0,0,1.000,1.000,1.000,-90.00,180.00,0.00,OPEN,0
665698.554,0,0,0,1.000,1.000,1.000,-90.00,180.00,0.00,OPEN,0
665698.603,0,0,0,1.000,1.000,1.000,-90.00,180.00,0.00,OPEN,0
665698.654,0,0,0,1.000,1.000,1.000,-90.00,180.00,0.00,OPEN,0
665698.704,0,0,0,1.000,1.000,1.000,-90.00,180.00,0.00,OPEN,0
665698.753,0,0,0,1.000,1.000,1.000,-90.00,180.00,0.00,OPEN,0
665698.803,0,0,0,1.000,1.000,1.000,-90.00,180.00,0.00,OPEN,0
665698.853,0,0,0,1.000,1.000,1.000,-90.00,180.00,0.00,OPEN,0
665698.903,0,0,0,1.000,1.000,1.000,-90.00,180.00,0.00,OPEN,0
665698.953,0,0,0,1.000,1.000,1.000,-90.00,180.00,0.00,OPEN,0
665699.003,0,0,0,1.000,1.000,1.000,-90.00,180.00,0.00,OPEN,0
665699.054,0,0,0,1.000,1.000,1.000,-90.00,180.00,0.00,OPEN,0
665699.105,0,0,0,1.000,1.000,1.000,-90.00,180.00,0.00,OPEN,0
665699.158,0,0,0,1.000,1.000,1.000,-90.00,180.00,0.00,OPEN,0
665699.204,0,0,0,1.000,1.000,1.000,-90.00,180.00,0.00,OPEN,0
665699.254,0,0,0,1.000,1.000,1.000,-90.00,180.00,0.00,OPEN,0
665699.304,0,0,0,1.000,1.000,1.000,-90.00,180.00,0.00,OPEN,0
665699.354,0,0,0,1.000,1.000,1.000,-90.00,180.00,0.00,OPEN,0
665699.404,0,0,0,1.000,1.000,1.000,-90.00,180.00,0.00,OPEN,0
665699.453,0,0,0,1.000,1.000,1.000,-90.00,180.00,0.00,OPEN,0
665699.503,0,0,0,1.000,1.000,1.000,-90.00,180.00,0.00,OPEN,0
665699.554,0,0,0,1.000,1.000,1.000,-90.00,180.00,0.00,OPEN,0
665699.605,0,0,0,1.000,1.000,1.000,-90.00,180.00,0.00,OPEN,0
665699.654,0,0,0,1.000,1.000,1.000,-90.00,180.00,0.00,OPEN,0
665699.704,0,0,0,1.000,1.000,1.000,-90.00,180.00,0.00,OPEN,0
665699.753,0,0,0,1.000,1.000,1.000,-90.00,180.00,0.00,OPEN,0
665699.803,0,0,0,1.000,1.000,1.000,-90.00,180.00,0.00,OPEN,0
665699.853,0,0,0,1.000,1.000,1.000,-90.00,180.00,0.00,OPEN,0
665699.903,0,0,0,1.000,1.000,1.000,-90.00,180.00,0.00,OPEN,0
665699.953,0,0,0,1.000,1.000,1.000,-90.00,180.00,0.00,OPEN,0
665700.004,0,0,0,1.000,1.000,1.000,-90.00,180.00,0.00,OPEN,0
665700.054,0,0,0,1.000,1.000,1.000,-90.00,180.00,0.00,OPEN,0
665700.104,0,0,0,1.000,1.000,1.000,-90.00,180.00,0.00,OPEN,0
665700.153,0,0,0,1.000,1.000,1.000,-90.00,180.00,0.00,OPEN,0
665700.203,0,0,0,1.000,1.000,1.000,-90.00,180.00,0.00,OPEN,0
665700.254,0,0,0,1.000,1.000,1.000,-90.00,180.00,0.00,OPEN,0
665700.304,0,0,0,1.000,1.000,1.000,-90.00,180.00,0.00,OPEN,0
665700.354,0,0,0,1.000,1.000,1.000,-90.00,180.00,0.00,OPEN,0
665700.404,0,0,0,1.000,1.000,1.000,-90.00,180.00,0.00,OPEN,0
665700.453,0,0,0,1.000,1.000,1.000,-90.00,180.00,0.00,OPEN,0
665700.503,0,0,0,1.000,1.000,1.000,-90.00,180.00,0.00,OPEN,0
665700.553,0,0,0,1.000,1.000,1.000,-90.00,180.00,0.00,OPEN,0
665700.604,0,0,0,1.000,1.000,1.000,-90.00,180.00,0.00,OPEN,0
665700.653,0,0,0,1.000,1.000,1.000,-90.00,180.00,0.00,OPEN,0
665700.704,0,0,0,1.000,1.000,1.000,-90.00,180.00,0.00,OPEN,0
665700.753,0,0,0,1.000,1.000,1.000,-90.00,180.00,0.00,OPEN,0
665700.804,0,0,0,1.000,1.000,1.000,-90.00,180.00,0.00,OPEN,0
665700.867,0,0,0,1.000,1.000,1.000,-90.00,180.00,0.00,OPEN,0
665700.905,0,0,0,1.000,1.000,1.000,-90.00,180.00,0.00,OPEN,0
665700.955,0,0,0,1.000,1.000,1.000,-90.00,180.00,0.00,OPEN,0
665701.003,0,0,0,1.000,1.000,1.000,-90.00,180.00,0.00,OPEN,0
665701.053,0,0,0,1.000,1.000,1.000,-90.00,180.00,0.00,OPEN,0
665701.103,0,0,0,1.000,1.000,1.000,-90.00,180.00,0.00,OPEN,0
665701.154,0,0,0,1.000,1.000,1.000,-90.00,180.00,0.00,OPEN,0
665701.203,0,0,0,1.000,1.000,1.000,-90.00,180.00,0.00,OPEN,0
665701.253,0,0,0,1.000,1.000,1.000,-90.00,180.00,0.00,OPEN,0
665701.303,0,0,0,1.000,1.000,1.000,-90.00,180.00,0.00,OPEN,0
665701.354,0,0,0,1.000,1.000,1.000,-90.00,180.00,0.00,OPEN,0
665701.404,0,0,0,1.000,1.000,1.000,-90.00,180.00,0.00,OPEN,0
665701.453,0,0,0,1.000,1.000,1.000,-90.00,180.00,0.00,OPEN,0
665701.503,0,0,0,1.000,1.000,1.000,-90.00,180.00,0.00,OPEN,0
665701.554,0,0,0,1.000,1.000,1.000,-90.00,180.00,0.00,OPEN,0
665701.604,0,0,0,1.000,1.000,1.000,-90.00,180.00,0.00,OPEN,0
665701.654,0,0,0,1.000,1.000,1.000,-90.00,180.00,0.00,OPEN,0
665701.705,0,0,0,1.000,1.000,1.000,-90.00,180.00,0.00,OPEN,0
665701.754,0,0,0,1.000,1.000,1.000,-90.00,180.00,0.00,OPEN,0
665701.804,0,0,0,1.000,1.000,1.000,-90.00,180.00,0.00,OPEN,0
665701.854,0,0,0,1.000,1.000,1.000,-90.00,180.00,0.00,OPEN,0
665701.904,0,0,0,1.000,1.000,1.000,-90.00,180.00,0.00,OPEN,0
665701.953,0,0,0,1.000,1.000,1.000,-90.00,180.00,0.00,OPEN,0
665702.004,0,0,0,1.000,1.000,1.000,-90.00,180.00,0.00,OPEN,0
665702.053,0,0,0,1.000,1.000,1.000,-90.00,180.00,0.00,OPEN,0
665702.104,0,0,0,1.000,1.000,1.000,-90.00,180.00,0.00,OPEN,0
665702.154,0,0,0,1.000,1.000,1.000,-90.00,180.00,0.00,OPEN,0
665702.203,0,0,0,1.000,1.000,1.000,-90.00,180.00,0.00,OPEN,0
665702.253,0,0,0,1.000,1.000,1.000,-90.00,180.00,0.00,OPEN,0
665702.304,0,0,0,1.000,1.000,1.000,-90.00,180.00,0.00,OPEN,0
665702.354,0,0,0,1.000,1.000,1.000,-90.00,180.00,0.00,OPEN,0
665702.404,0,0,0,1.000,1.000,1.000,-90.00,180.00,0.00,OPEN,0
665702.453,0,0,0,1.000,1.000,1.000,-90.00,180.00,0.00,OPEN,0
665702.504,0,0,0,1.000,1.000,1.000,-90.00,180.00,0.00,OPEN,0
665702.554,0,0,0,1.000,1.000,1.000,-90.00,180.00,0.00,OPEN,0
665702.616,0,0,0,1.000,1.000,1.000,-90.00,180.00,0.00,OPEN,0
665702.654,0,0,0,1.000,1.000,1.000,-90.00,180.00,0.00,OPEN,0
665702.704,0,0,0,1.000,1.000,1.000,-90.00,180.00,0.00,OPEN,0
665702.753,0,0,0,1.000,1.000,1.000,-90.00,180.00,0.00,OPEN,0
665702.803,0,0,0,1.000,1.000,1.000,-90.00,180.00,0.00,OPEN,0
665702.854,0,0,0,1.000,1.000,1.000,-90.00,180.00,0.00,OPEN,0
665702.903,0,0,0,1.000,1.000,1.000,-90.00,180.00,0.00,OPEN,0
665702.954,0,0,0,1.000,1.000,1.000,-90.00,180.00,0.00,OPEN,0
665703.003,0,0,0,1.000,1.000,1.000,-90.00,180.00,0.00,OPEN,0
665703.053,0,0,0,1.000,1.000,1.000,-90.00,180.00,0.00,OPEN,0
665703.103,0,0,0,1.000,1.000,1.000,-90.00,180.00,0.00,OPEN,0
665703.154,0,0,0,1.000,1.000,1.000,-90.00,180.00,0.00,OPEN,0
665703.203,0,0,0,1.000,1.000,1.000,-90.00,180.00,0.00,OPEN,0
665703.253,0,0,0,1.000,1.000,1.000,-90.00,180.00,0.00,OPEN,0
665703.303,0,0,0,1.000,1.000,1.000,-90.00,180.00,0.00,OPEN,0
665703.354,0,0,0,1.000,1.000,1.000,-90.00,180.00,0.00,OPEN,0
665703.404,0,0,0,1.000,1.000,1.000,-90.00,180.00,0.00,OPEN,0
665703.454,0,0,0,1.000,1.000,1.000,-90.00,180.00,0.00,OPEN,0
665703.504,0,0,0,1.000,1.000,1.000,-90.00,180.00,0.00,OPEN,0
665703.554,0,0,0,1.000,1.000,1.000,-90.00,180.00,0.00,OPEN,0
665703.603,0,0,0,1.000,1.000,1.000,-90.00,180.00,0.00,OPEN,0
665703.654,0,0,0,1.000,1.000,1.000,-90.00,180.00,0.00,OPEN,0
665703.704,0,0,0,1.000,1.000,1.000,-90.00,180.00,0.00,OPEN,0
665703.754,0,0,0,1.000,1.000,1.000,-90.00,180.00,0.00,OPEN,0
665703.803,0,0,0,1.000,1.000,1.000,-90.00,180.00,0.00,OPEN,0
665703.854,0,0,0,1.000,1.000,1.000,-90.00,180.00,0.00,OPEN,0
665703.904,0,0,0,1.000,1.000,1.000,-90.00,180.00,0.00,OPEN,0
665703.953,0,0,0,1.000,1.000,1.000,-90.00,180.00,0.00,OPEN,0
665704.003,0,0,0,1.000,1.000,1.000,-90.00,180.00,0.00,OPEN,0
665704.054,0,0,0,1.000,1.000,1.000,-90.00,180.00,0.00,OPEN,0
665704.104,0,0,0,1.000,1.000,1.000,-90.00,180.00,0.00,OPEN,0
665704.153,0,0,0,1.000,1.000,1.000,-90.00,180.00,0.00,OPEN,0
665704.203,0,0,0,1.000,1.000,1.000,-90.00,180.00,0.00,OPEN,0
665704.254,0,0,0,1.000,1.000,1.000,-90.00,180.00,0.00,OPEN,0
665704.304,0,0,0,1.000,1.000,1.000,-90.00,180.00,0.00,OPEN,0
665704.354,0,0,0,1.000,1.000,1.000,-90.00,180.00,0.00,OPEN,0
665704.404,0,0,0,1.000,1.000,1.000,-90.00,180.00,0.00,OPEN,0
665704.453,0,0,0,1.000,1.000,1.000,-90.00,180.00,0.00,OPEN,0
665704.504,0,0,0,1.000,1.000,1.000,-90.00,180.00,0.00,OPEN,0
665704.553,0,0,0,1.000,1.000,1.000,-90.00,180.00,0.00,OPEN,0
665704.603,0,0,0,1.000,1.000,1.000,-90.00,180.00,0.00,OPEN,0
665704.653,0,0,0,1.000,1.000,1.000,-90.00,180.00,0.00,OPEN,0
665704.704,0,0,0,1.000,1.000,1.000,-90.00,180.00,0.00,OPEN,0
665704.755,0,0,0,1.000,1.000,1.000,-90.00,180.00,0.00,OPEN,0
665704.804,0,0,0,1.000,1.000,1.000,-90.00,180.00,0.00,OPEN,0
665704.853,0,0,0,1.000,1.000,1.000,-90.00,180.00,0.00,OPEN,0
665704.904,0,0,0,1.000,1.000,1.000,-90.00,180.00,0.00,OPEN,0
665704.953,0,0,0,1.000,1.000,1.000,-90.00,180.00,0.00,OPEN,0
665705.004,0,0,0,1.000,1.000,1.000,-90.00,180.00,0.00,OPEN,0
665705.053,0,0,0,1.000,1.000,1.000,-90.00,180.00,0.00,OPEN,0
665705.104,0,0,0,1.000,1.000,1.000,-90.00,180.00,0.00,OPEN,0
665705.157,0,0,0,1.000,1.000,1.000,-90.00,180.00,0.00,OPEN,0
665705.205,0,0,0,1.000,1.000,1.000,-90.00,180.00,0.00,OPEN,0
665705.253,0,0,0,1.000,1.000,1.000,-90.00,180.00,0.00,OPEN,0
665705.304,0,0,0,1.000,1.000,1.000,-90.00,180.00,0.00,OPEN,0
665705.353,0,0,0,1.000,1.000,1.000,-90.00,180.00,0.00,OPEN,0
665705.403,0,0,0,1.000,1.000,1.000,-90.00,180.00,0.00,OPEN,0
665705.454,0,0,0,1.000,1.000,1.000,-90.00,180.00,0.00,OPEN,0
665705.504,0,0,0,1.000,1.000,1.000,-90.00,180.00,0.00,OPEN,0
665705.554,0,0,0,1.000,1.000,1.000,-90.00,180.00,0.00,OPEN,0
665705.603,0,0,0,1.000,1.000,1.000,-90.00,180.00,0.00,OPEN,0
665705.653,0,0,0,1.000,1.000,1.000,-90.00,180.00,0.00,OPEN,0
665705.704,0,0,0,1.000,1.000,1.000,-90.00,180.00,0.00,OPEN,0
665705.754,0,0,0,1.000,1.000,1.000,-90.00,180.00,0.00,OPEN,0
665705.804,0,0,0,1.000,1.000,1.000,-90.00,180.00,0.00,OPEN,0
665705.853,0,0,0,1.000,1.000,1.000,-90.00,180.00,0.00,OPEN,0
665705.903,0,0,0,1.000,1.000,1.000,-90.00,180.00,0.00,OPEN,0
665705.954,0,0,0,1.000,1.000,1.000,-90.00,180.00,0.00,OPEN,0
665706.004,0,0,0,1.000,1.000,1.000,-90.00,180.00,0.00,OPEN,0
665706.054,0,0,0,1.000,1.000,1.000,-90.00,180.00,0.00,OPEN,0
665706.104,0,0,0,1.000,1.000,1.000,-90.00,180.00,0.00,OPEN,0
665706.153,0,0,0,1.000,1.000,1.000,-90.00,180.00,0.00,OPEN,0
665706.203,0,0,0,1.000,1.000,1.000,-90.00,180.00,0.00,OPEN,0
665706.254,0,0,0,1.000,1.000,1.000,-90.00,180.00,0.00,OPEN,0
665706.303,0,0,0,1.000,1.000,1.000,-90.00,180.00,0.00,OPEN,0
665706.353,0,0,0,1.000,1.000,1.000,-90.00,180.00,0.00,OPEN,0
665706.403,0,0,0,1.000,1.000,1.000,-90.00,180.00,0.00,OPEN,0
665706.453,0,0,0,1.000,1.000,1.000,-90.00,180.00,0.00,OPEN,0
665706.503,0,0,0,1.000,1.000,1.000,-90.00,180.00,0.00,OPEN,0
665706.553,0,0,0,1.000,1.000,1.000,-90.00,180.00,0.00,OPEN,0
665706.603,0,0,0,1.000,1.000,1.000,-90.00,180.00,0.00,OPEN,0
665706.653,0,0,0,1.000,1.000,1.000,-90.00,180.00,0.00,OPEN,0
665706.704,0,0,0,1.000,1.000,1.000,-90.00,180.00,0.00,OPEN,0
665706.754,0,0,0,1.000,1.000,1.000,-90.00,180.00,0.00,OPEN,0
665706.816,0,0,0,1.000,1.000,1.000,-90.00,180.00,0.00,OPEN,0
665706.855,0,0,0,1.000,1.000,1.000,-90.00,180.00,0.00,OPEN,0
665706.904,0,0,0,1.000,1.000,1.000,-90.00,180.00,0.00,OPEN,0
665706.954,0,0,0,1.000,1.000,1.000,-90.00,180.00,0.00,OPEN,0
665707.003,0,0,0,1.000,1.000,1.000,-90.00,180.00,0.00,OPEN,0
665707.055,0,0,0,1.000,1.000,1.000,-90.00,180.00,0.00,OPEN,0
665707.103,0,0,0,1.000,1.000,1.000,-90.00,180.00,0.00,OPEN,0
665707.160,0,0,0,1.000,1.000,1.000,-90.00,180.00,0.00,OPEN,0
665707.204,0,0,0,1.000,1.000,1.000,-90.00,180.00,0.00,OPEN,0
665707.254,0,0,0,1.000,1.000,1.000,-90.00,180.00,0.00,OPEN,0
665707.304,0,0,0,1.000,1.000,1.000,-90.00,180.00,0.00,OPEN,0
665707.354,0,0,0,1.000,1.000,1.000,-90.00,180.00,0.00,OPEN,0
665707.404,0,0,0,1.000,1.000,1.000,-90.00,180.00,0.00,OPEN,0
665707.454,0,0,0,1.000,1.000,1.000,-90.00,180.00,0.00,OPEN,0
665707.503,0,0,0,1.000,1.000,1.000,-90.00,180.00,0.00,OPEN,0
665707.554,0,0,0,1.000,1.000,1.000,-90.00,180.00,0.00,OPEN,0
665707.603,0,0,0,1.000,1.000,1.000,-90.00,180.00,0.00,OPEN,0
665707.655,0,0,0,1.000,1.000,1.000,-90.00,180.00,0.00,OPEN,0
665707.703,0,0,0,1.000,1.000,1.000,-90.00,180.00,0.00,OPEN,0
665707.753,0,0,0,1.000,1.000,1.000,-90.00,180.00,0.00,OPEN,0
665707.803,0,0,0,1.000,1.000,1.000,-90.00,180.00,0.00,OPEN,0
665707.853,0,0,0,1.000,1.000,1.000,-90.00,180.00,0.00,OPEN,0
665707.905,0,0,0,1.000,1.000,1.000,-90.00,180.00,0.00,OPEN,0
665707.955,0,0,0,1.000,1.000,1.000,-90.00,180.00,0.00,OPEN,0
665708.004,0,0,0,1.000,1.000,1.000,-90.00,180.00,0.00,OPEN,0
665708.054,0,0,0,1.000,1.000,1.000,-90.00,180.00,0.00,OPEN,0
665708.103,0,0,0,1.000,1.000,1.000,-90.00,180.00,0.00,OPEN,0
665708.154,0,0,0,1.000,1.000,1.000,-90.00,180.00,0.00,OPEN,0
665708.204,0,0,0,1.000,1.000,1.000,-90.00,180.00,0.00,OPEN,0
665708.254,0,0,0,1.000,1.000,1.000,-90.00,180.00,0.00,OPEN,0
665708.304,0,0,0,1.000,1.000,1.000,-90.00,180.00,0.00,OPEN,0
665708.354,0,0,0,1.000,1.000,1.000,-90.00,180.00,0.00,OPEN,0
665708.404,0,0,0,1.000,1.000,1.000,-90.00,180.00,0.00,OPEN,0
665708.454,0,0,0,1.000,1.000,1.000,-90.00,180.00,0.00,OPEN,0
665708.503,0,0,0,1.000,1.000,1.000,-90.00,180.00,0.00,OPEN,0
665708.554,0,0,0,1.000,1.000,1.000,-90.00,180.00,0.00,OPEN,0
665708.613,0,0,0,1.000,1.000,1.000,-90.00,180.00,0.00,OPEN,0
665708.654,0,0,0,1.000,1.000,1.000,-90.00,180.00,0.00,OPEN,0
665708.703,0,0,0,1.000,1.000,1.000,-90.00,180.00,0.00,OPEN,0
665708.755,0,0,0,1.000,1.000,1.000,-90.00,180.00,0.00,OPEN,0
665708.804,0,0,0,1.000,1.000,1.000,-90.00,180.00,0.00,OPEN,0
665708.853,0,0,0,1.000,1.000,1.000,-90.00,180.00,0.00,OPEN,0
665708.905,0,0,0,1.000,1.000,1.000,-90.00,180.00,0.00,OPEN,0
665708.953,0,0,0,0.996,1.000,1.000,-90.00,180.00,0.00,OPEN,0
665709.004,0,0,0,0.993,1.000,1.000,-90.00,180.00,0.00,OPEN,0
665709.054,0,0,0,1.000,1.000,1.000,-90.00,180.00,0.00,OPEN,0
665709.103,0,0,0,1.000,1.000,1.000,-90.00,180.00,0.00,OPEN,0
665709.153,0,0,0,1.000,1.000,1.000,-90.00,180.00,0.00,OPEN,0
665709.204,0,0,0,1.000,1.000,1.000,-90.00,180.00,0.00,OPEN,0
665709.254,0,0,0,1.000,1.000,1.000,-90.00,180.00,0.00,OPEN,0
665709.304,0,0,0,1.000,1.000,1.000,-90.00,180.00,0.00,OPEN,0
665709.354,0,0,0,0.990,1.000,1.000,-90.00,180.00,0.00,OPEN,0
665709.404,0,0,0,0.999,1.000,1.000,-90.00,180.00,0.00,OPEN,0
665709.453,0,0,0,0.991,1.000,1.000,-90.00,180.00,0.00,OPEN,0
665709.504,0,0,0,0.992,1.000,1.000,-90.00,180.00,0.00,OPEN,0
665709.554,0,0,0,0.998,1.000,1.000,-90.00,180.00,0.00,OPEN,0
665709.604,0,0,0,1.000,1.000,1.000,-90.00,180.00,0.00,OPEN,0
665709.653,0,0,0,1.000,1.000,1.000,-90.00,180.00,0.00,OPEN,0
665709.703,0,0,0,1.000,1.000,1.000,-90.00,180.00,0.00,OPEN,0
665709.753,0,0,0,1.000,1.000,1.000,-90.00,180.00,0.00,OPEN,0
665709.804,0,0,0,1.000,1.000,1.000,-90.00,180.00,0.00,OPEN,0
665709.854,0,0,0,1.000,1.000,1.000,-90.00,180.00,0.00,OPEN,0
665709.904,0,0,0,1.000,1.000,1.000,-90.00,180.00,0.00,OPEN,0
665709.953,0,0,0,1.000,1.000,1.000,-90.00,180.00,0.00,OPEN,0
665710.004,0,0,0,1.000,1.000,1.000,-90.00,180.00,0.00,OPEN,0
665710.054,0,0,0,1.000,1.000,1.000,-90.00,180.00,0.00,OPEN,0
665710.103,0,0,0,1.000,1.000,1.000,-90.00,180.00,0.00,OPEN,0
665710.154,0,0,0,1.000,1.000,1.000,-90.00,180.00,0.00,OPEN,0
665710.203,0,0,0,1.000,1.000,1.000,-90.00,180.00,0.00,OPEN,0
665710.255,0,0,0,1.000,1.000,1.000,-90.00,180.00,0.00,OPEN,0
665710.307,0,0,0,1.000,1.000,1.000,-90.00,180.00,0.00,OPEN,0
665710.354,0,0,0,1.000,1.000,1.000,-90.00,180.00,0.00,OPEN,0
665710.404,0,0,0,1.000,1.000,1.000,-90.00,180.00,0.00,OPEN,0
665710.456,0,0,0,1.000,1.000,1.000,-90.00,180.00,0.00,OPEN,0
665710.505,0,0,0,1.000,1.000,1.000,-90.00,180.00,0.00,OPEN,0
665710.554,0,0,0,1.000,1.000,1.000,-90.00,180.00,0.00,OPEN,0
665710.604,0,0,0,1.000,1.000,1.000,-90.00,180.00,0.00,OPEN,0
665710.654,0,0,0,1.000,1.000,1.000,-90.00,180.00,0.00,OPEN,0
665710.704,0,0,0,1.000,1.000,1.000,-90.00,180.00,0.00,OPEN,0
665710.753,0,0,0,1.000,1.000,1.000,-90.00,180.00,0.00,OPEN,0
665710.803,0,0,0,1.000,1.000,1.000,-90.00,180.00,0.00,OPEN,0
665710.853,0,0,0,1.000,1.000,1.000,-90.00,180.00,0.00,OPEN,0
665710.904,0,0,0,1.000,1.000,1.000,-90.00,180.00,0.00,OPEN,0
665710.954,0,0,0,1.000,1.000,1.000,-90.00,180.00,0.00,OPEN,0
665711.003,0,0,0,1.000,1.000,1.000,-90.00,180.00,0.00,OPEN,0
665711.054,0,0,0,1.000,1.000,1.000,-90.00,180.00,0.00,OPEN,0
665711.103,0,0,0,1.000,1.000,1.000,-90.00,180.00,0.00,OPEN,0
665711.154,0,0,0,1.000,1.000,1.000,-90.00,180.00,0.00,OPEN,0
665711.204,0,0,0,1.000,1.000,1.000,-90.00,180.00,0.00,OPEN,0
665711.253,0,0,0,1.000,1.000,1.000,-90.00,180.00,0.00,OPEN,0
665711.304,0,0,0,1.000,1.000,1.000,-90.00,180.00,0.00,OPEN,0
665711.355,0,0,0,1.000,1.000,1.000,-90.00,180.00,0.00,OPEN,0
665711.404,0,0,0,1.000,1.000,1.000,-90.00,180.00,0.00,OPEN,0
665711.453,0,0,0,1.000,1.000,1.000,-90.00,180.00,0.00,OPEN,0
665711.504,0,0,0,1.000,1.000,1.000,-90.00,180.00,0.00,OPEN,0
665711.554,0,0,0,1.000,1.000,1.000,-90.00,180.00,0.00,OPEN,0
665711.603,0,0,0,1.000,1.000,1.000,-90.00,180.00,0.00,OPEN,0
665711.654,0,0,0,1.000,1.000,1.000,-90.00,180.00,0.00,OPEN,0
665711.704,0,0,0,1.000,1.000,1.000,-90.00,180.00,0.00,OPEN,0
665711.753,0,0,0,1.000,1.000,1.000,-90.00,180.00,0.00,OPEN,0
665711.804,0,0,0,1.000,1.000,1.000,-90.00,180.00,0.00,OPEN,0
665711.854,0,0,0,1.000,1.000,1.000,-90.00,180.00,0.00,OPEN,0
665711.903,0,0,0,1.000,1.000,1.000,-90.00,180.00,0.00,OPEN,0
665711.953,0,0,0,1.000,1.000,1.000,-90.00,180.00,0.00,OPEN,0
665712.003,0,0,0,1.000,1.000,1.000,-90.00,180.00,0.00,OPEN,0
665712.054,0,0,0,1.000,1.000,1.000,-90.00,180.00,0.00,OPEN,0
665712.103,0,0,0,1.000,1.000,1.000,-90.00,180.00,0.00,OPEN,0
665712.154,0,0,0,1.000,1.000,1.000,-90.00,180.00,0.00,OPEN,0
665712.204,0,0,0,1.000,1.000,1.000,-90.00,180.00,0.00,OPEN,0
665712.254,0,0,0,1.000,1.000,1.000,-90.00,180.00,0.00,OPEN,0
665712.304,0,0,0,1.000,1.000,1.000,-90.00,180.00,0.00,OPEN,0
665712.354,0,0,0,1.000,1.000,1.000,-90.00,180.00,0.00,OPEN,0
665712.404,0,0,0,1.000,1.000,1.000,-90.00,180.00,0.00,OPEN,0
665712.454,0,0,0,1.000,1.000,1.000,-90.00,180.00,0.00,OPEN,0
665712.504,0,0,0,1.000,1.000,1.000,-90.00,180.00,0.00,OPEN,0
665712.553,0,0,0,1.000,1.000,1.000,-90.00,180.00,0.00,OPEN,0
665712.620,0,0,0,1.000,1.000,1.000,-90.00,180.00,0.00,OPEN,0
665712.655,0,0,0,1.000,1.000,1.000,-90.00,180.00,0.00,OPEN,0
665712.704,0,0,0,1.000,1.000,1.000,-90.00,180.00,0.00,OPEN,0
665712.754,0,0,0,1.000,1.000,1.000,-90.00,180.00,0.00,OPEN,0
665712.804,0,0,0,1.000,1.000,1.000,-90.00,180.00,0.00,OPEN,0
665712.854,0,0,0,1.000,1.000,1.000,-90.00,180.00,0.00,OPEN,0
665712.904,0,0,0,1.000,1.000,1.000,-90.00,180.00,0.00,OPEN,0
665712.954,0,0,0,1.000,1.000,1.000,-90.00,180.00,0.00,OPEN,0
665713.003,0,0,0,1.000,1.000,1.000,-90.00,180.00,0.00,OPEN,0
665713.054,0,0,0,1.000,1.000,1.000,-90.00,180.00,0.00,OPEN,0
665713.104,0,0,0,1.000,1.000,1.000,-90.00,180.00,0.00,OPEN,0
665713.154,0,0,0,1.000,1.000,1.000,-90.00,180.00,0.00,OPEN,0
665713.204,0,0,0,1.000,1.000,1.000,-90.00,180.00,0.00,OPEN,0
665713.253,0,0,0,1.000,1.000,1.000,-90.00,180.00,0.00,OPEN,0
665713.303,0,0,0,1.000,1.000,1.000,-90.00,180.00,0.00,OPEN,0
665713.354,0,0,0,1.000,1.000,1.000,-90.00,180.00,0.00,OPEN,0
665713.403,0,0,0,1.000,1.000,1.000,-90.00,180.00,0.00,OPEN,0
665713.453,0,0,0,1.000,1.000,1.000,-90.00,180.00,0.00,OPEN,0
665713.504,0,0,0,1.000,1.000,1.000,-90.00,180.00,0.00,OPEN,0
665713.553,0,0,0,1.000,1.000,1.000,-90.00,180.00,0.00,OPEN,0
665713.603,0,0,0,1.000,1.000,1.000,-90.00,180.00,0.00,OPEN,0
665713.654,0,0,0,1.000,1.000,1.000,-90.00,180.00,0.00,OPEN,0
665713.704,0,0,0,1.000,1.000,1.000,-90.00,180.00,0.00,OPEN,0
665713.754,0,0,0,1.000,1.000,1.000,-90.00,180.00,0.00,OPEN,0
665713.804,0,0,0,1.000,1.000,1.000,-90.00,180.00,0.00,OPEN,0
665713.854,0,0,0,1.000,1.000,1.000,-90.00,180.00,0.00,OPEN,0
665713.904,0,0,0,1.000,1.000,1.000,-90.00,180.00,0.00,OPEN,0
665713.954,0,0,0,1.000,1.000,1.000,-90.00,180.00,0.00,OPEN,0
665714.005,0,0,0,1.000,1.000,1.000,-90.00,180.00,0.00,OPEN,0
665714.054,0,0,0,1.000,1.000,1.000,-90.00,180.00,0.00,OPEN,0
665714.104,0,0,0,1.000,1.000,1.000,-90.00,180.00,0.00,OPEN,0
665714.154,0,0,0,1.000,1.000,1.000,-90.00,180.00,0.00,OPEN,0
665714.203,0,0,0,1.000,1.000,1.000,-90.00,180.00,0.00,OPEN,0
665714.254,0,0,0,1.000,1.000,1.000,-90.00,180.00,0.00,OPEN,0
665714.318,0,0,0,1.000,1.000,1.000,-90.00,180.00,0.00,OPEN,0
665714.354,0,0,0,1.000,1.000,1.000,-90.00,180.00,0.00,OPEN,0
665714.403,0,0,0,1.000,1.000,1.000,-90.00,180.00,0.00,OPEN,0
665714.453,0,0,0,1.000,1.000,1.000,-90.00,180.00,0.00,OPEN,0
665714.504,0,0,0,1.000,1.000,1.000,-90.00,180.00,0.00,OPEN,0
665714.554,0,0,0,1.000,1.000,1.000,-90.00,180.00,0.00,OPEN,0
665714.604,0,0,0,1.000,1.000,1.000,-90.00,180.00,0.00,OPEN,0
665714.653,0,0,0,1.000,1.000,1.000,-90.00,180.00,0.00,OPEN,0
665714.703,0,0,0,1.000,1.000,1.000,-90.00,180.00,0.00,OPEN,0
665714.754,0,0,0,1.000,1.000,1.000,-90.00,180.00,0.00,OPEN,0
665714.804,0,0,0,1.000,1.000,1.000,-90.00,180.00,0.00,OPEN,0
665714.853,0,0,0,1.000,1.000,1.000,-90.00,180.00,0.00,OPEN,0
665714.903,0,0,0,1.000,1.000,1.000,-90.00,180.00,0.00,OPEN,0
665714.953,0,0,0,1.000,1.000,1.000,-90.00,180.00,0.00,OPEN,0
665715.004,0,0,0,1.000,1.000,1.000,-90.00,180.00,0.00,OPEN,0
665715.054,0,0,0,1.000,1.000,1.000,-90.00,180.00,0.00,OPEN,0
665715.104,0,0,0,1.000,1.000,1.000,-90.00,180.00,0.00,OPEN,0
665715.154,0,0,0,1.000,1.000,1.000,-90.00,180.00,0.00,OPEN,0
665715.204,0,0,0,1.000,1.000,1.000,-90.00,180.00,0.00,OPEN,0
665715.254,0,0,0,1.000,1.000,1.000,-90.00,180.00,0.00,OPEN,0
665715.303,0,0,0,1.000,1.000,1.000,-90.00,180.00,0.00,OPEN,0
665715.353,0,0,0,1.000,1.000,1.000,-90.00,180.00,0.00,OPEN,0
665715.406,0,0,0,1.000,1.000,1.000,-90.00,180.00,0.00,OPEN,0
665715.454,0,0,0,1.000,1.000,1.000,-90.00,180.00,0.00,OPEN,0
665715.504,0,0,0,1.000,1.000,1.000,-90.00,180.00,0.00,OPEN,0
665715.554,0,0,0,1.000,1.000,1.000,-90.00,180.00,0.00,OPEN,0
665715.603,0,0,0,1.000,1.000,1.000,-90.00,180.00,0.00,OPEN,0
665715.654,0,0,0,1.000,1.000,1.000,-90.00,180.00,0.00,OPEN,0
665715.704,0,0,0,1.000,1.000,1.000,-90.00,180.00,0.00,OPEN,0
665715.754,0,0,0,1.000,1.000,1.000,-90.00,180.00,0.00,OPEN,0
665715.804,0,0,0,1.000,1.000,1.000,-90.00,180.00,0.00,OPEN,0
665715.854,0,0,0,1.000,1.000,1.000,-90.00,180.00,0.00,OPEN,0
665715.903,0,0,0,1.000,1.000,1.000,-90.00,180.00,0.00,OPEN,0
665715.953,0,0,0,1.000,1.000,1.000,-90.00,180.00,0.00,OPEN,0
665716.015,0,0,0,1.000,0.999,1.000,-90.00,180.00,0.00,OPEN,0
665716.055,0,0,0,1.000,0.998,1.000,-90.00,180.00,0.00,OPEN,0
665716.104,0,0,0,1.000,0.994,1.000,-90.00,180.00,0.00,OPEN,0
665716.153,0,0,0,1.000,0.973,1.000,-90.00,180.00,0.00,OPEN,0
665716.204,0,0,0,1.000,0.706,1.000,-90.00,180.00,0.00,OPEN,0
665716.254,0,0,0,1.000,0.835,1.000,-90.00,180.00,0.00,OPEN,0
665716.304,0,0,0,1.000,0.947,1.000,-90.00,180.00,0.00,OPEN,0
665716.353,0,0,0,1.000,0.962,1.000,-90.00,180.00,0.00,OPEN,0
665716.404,0,0,0,1.000,0.954,1.000,-90.00,180.00,0.00,OPEN,0
665716.454,0,0,0,1.000,0.886,1.000,-90.00,180.00,0.00,OPEN,0
665716.503,0,0,0,1.000,0.583,1.000,-90.00,180.00,0.00,OPEN,0
665716.554,0,0,0,1.000,0.745,1.000,-90.00,180.00,0.00,OPEN,0
665716.603,0,0,0,1.000,0.909,1.000,-90.00,180.00,0.00,OPEN,0
665716.654,0,0,0,1.000,0.961,0.999,-90.00,180.00,0.00,OPEN,0
665716.703,0,0,0,1.000,0.986,0.998,-90.00,180.00,0.00,OPEN,0
665716.754,0,0,0,1.000,0.994,0.997,-90.00,180.00,0.00,OPEN,0
665716.804,0,0,0,1.000,0.996,0.996,-90.00,180.00,0.00,OPEN,0
665716.853,0,0,0,1.000,0.997,0.995,-90.00,180.00,0.00,OPEN,0
665716.904,0,0,0,1.000,0.998,0.995,-90.00,180.00,0.00,OPEN,0
665716.953,0,0,0,1.000,0.998,0.994,-90.00,180.00,0.00,OPEN,0
665717.003,0,0,0,1.000,0.998,0.994,-90.00,180.00,0.00,OPEN,0
665717.054,0,0,0,1.000,0.999,0.992,-90.00,180.00,0.00,OPEN,0
665717.104,0,0,0,1.000,0.999,0.987,-90.00,180.00,0.00,OPEN,0
665717.153,0,0,0,1.000,0.999,0.979,-90.00,180.00,0.00,OPEN,0
665717.203,0,0,0,1.000,0.999,0.969,-90.00,180.00,0.00,OPEN,0
665717.253,0,0,0,1.000,1.000,0.968,-90.00,180.00,0.00,OPEN,0
665717.305,0,0,0,1.000,1.000,0.970,-90.00,180.00,0.00,OPEN,0
665717.354,0,0,0,1.000,1.000,0.976,-90.00,180.00,0.00,OPEN,0
665717.403,0,0,0,1.000,1.000,0.979,-90.00,180.00,0.00,OPEN,0
665717.454,0,0,0,1.000,0.999,0.980,-90.00,180.00,0.00,OPEN,0
665717.503,0,0,0,1.000,0.999,0.982,-90.00,180.00,0.00,OPEN,0
665717.554,0,0,0,1.000,0.998,0.983,-90.00,180.00,0.00,OPEN,0
665717.604,0,0,0,1.000,0.994,0.979,-90.00,180.00,0.00,OPEN,0
665717.654,0,0,0,1.000,0.980,0.973,-90.00,180.00,0.00,OPEN,0
665717.720,0,0,0,1.000,0.943,0.951,-90.00,180.00,0.00,OPEN,0
665717.755,0,0,0,1.000,0.888,0.924,-90.00,180.00,0.00,OPEN,0
665717.803,0,0,0,1.000,0.865,0.897,-90.00,180.00,0.00,OPEN,0
665717.853,0,0,0,1.000,0.869,0.887,-90.00,180.00,0.00,OPEN,0
665717.904,0,0,0,1.000,0.854,0.901,-90.00,180.00,0.00,OPEN,0
665717.954,0,0,0,1.000,0.831,0.929,-90.00,180.00,0.00,OPEN,0
665718.004,0,0,0,1.000,0.825,0.960,-90.00,180.00,0.00,OPEN,0
665718.054,0,0,0,1.000,0.859,0.977,-90.00,180.00,0.00,OPEN,0
665718.104,0,0,0,1.000,0.906,0.988,-90.00,180.00,0.00,OPEN,0
665718.154,0,0,0,1.000,0.942,0.992,-90.00,180.00,0.00,OPEN,0
665718.203,0,0,0,1.000,0.969,0.995,-90.00,180.00,0.00,OPEN,0
665718.253,0,0,0,1.000,0.981,0.997,-90.00,180.00,0.00,OPEN,0
665718.304,0,0,0,1.000,0.989,0.998,-90.00,180.00,0.00,OPEN,0
665718.354,0,0,0,1.000,0.992,0.998,-90.00,180.00,0.00,OPEN,0
665718.404,0,0,0,1.000,0.995,0.998,-90.00,180.00,0.00,OPEN,0
665718.454,0,0,0,1.000,0.996,0.998,-90.00,180.00,0.00,OPEN,0
665718.504,0,0,0,1.000,0.997,0.998,-90.00,180.00,0.00,OPEN,0
665718.554,0,0,0,1.000,0.996,0.997,-90.00,180.00,0.00,OPEN,0
665718.603,0,0,0,1.000,0.995,0.996,-90.00,180.00,0.00,OPEN,0
665718.654,0,0,0,1.000,0.989,0.994,-90.00,180.00,0.00,OPEN,0
665718.703,0,0,0,1.000,0.962,0.989,-90.00,180.00,0.00,OPEN,0
665718.753,0,0,0,1.000,0.843,0.982,-90.00,180.00,0.00,OPEN,0
665718.803,0,0,0,1.000,0.502,0.973,-90.00,180.00,0.00,OPEN,0
665718.853,0,0,0,1.000,0.804,0.970,-90.00,180.00,0.00,OPEN,0
665718.904,0,0,0,1.000,0.892,0.972,-90.00,180.00,0.00,OPEN,0
665718.954,0,0,0,1.000,0.892,0.979,-90.00,180.00,0.00,OPEN,0
665719.005,0,0,0,1.000,0.818,0.984,-90.00,180.00,0.00,OPEN,0
665719.053,0,0,0,1.000,0.657,0.989,-90.00,180.00,0.00,OPEN,0
665719.104,0,0,0,1.000,0.515,0.990,-90.00,180.00,0.00,OPEN,0
665719.154,0,0,0,1.000,0.650,0.990,-90.00,180.00,0.00,OPEN,0
665719.204,0,0,0,1.000,0.754,0.989,-90.00,180.00,0.00,OPEN,0
665719.254,0,0,0,1.000,0.770,0.988,-90.00,180.00,0.00,OPEN,0
665719.303,0,0,0,1.000,0.735,0.985,-90.00,180.00,0.00,OPEN,0
665719.354,0,0,0,1.000,0.698,0.983,-90.00,180.00,0.00,OPEN,0
665719.411,0,0,0,1.000,0.645,0.984,-90.00,180.00,0.00,OPEN,0
665719.454,0,0,0,1.000,0.608,0.985,-90.00,180.00,0.00,OPEN,0
665719.503,0,0,0,1.000,0.618,0.989,-90.00,180.00,0.00,OPEN,0
665719.553,0,0,0,1.000,0.718,0.990,-90.00,180.00,0.00,OPEN,0
665719.603,0,0,0,1.000,0.775,0.992,-90.00,180.00,0.00,OPEN,0
665719.654,0,0,0,1.000,0.844,0.990,-90.00,180.00,0.00,OPEN,0
665719.704,0,0,0,1.000,0.898,0.991,-90.00,180.00,0.00,OPEN,0
665719.754,0,0,0,1.000,0.915,0.989,-90.00,180.00,0.00,OPEN,0
665719.803,0,0,0,1.000,0.913,0.986,-90.00,180.00,0.00,OPEN,0
665719.854,0,0,0,1.000,0.908,0.983,-90.00,180.00,0.00,OPEN,0
665719.904,0,0,0,1.000,0.883,0.972,-90.00,180.00,0.00,OPEN,0
665719.954,0,0,0,1.000,0.875,0.955,-90.00,180.00,0.00,OPEN,0
665720.004,0,0,0,1.000,0.937,0.949,-90.00,180.00,0.00,OPEN,0
665720.053,0,0,0,1.000,0.978,0.950,-90.00,180.00,0.00,OPEN,0
665720.103,0,0,0,1.000,0.992,0.962,-90.00,180.00,0.00,OPEN,0
665720.154,0,0,0,1.000,0.996,0.970,-90.00,180.00,0.00,OPEN,0
665720.203,0,0,0,1.000,0.997,0.974,-90.00,180.00,0.00,OPEN,0
665720.254,0,0,0,1.000,0.998,0.978,-90.00,180.00,0.00,OPEN,0
665720.304,0,0,0,1.000,0.998,0.979,-90.00,180.00,0.00,OPEN,0
665720.353,0,0,0,1.000,0.997,0.977,-90.00,180.00,0.00,OPEN,0
665720.404,0,0,0,1.000,0.994,0.975,-90.00,180.00,0.00,OPEN,0
665720.455,0,0,0,1.000,0.987,0.974,-90.00,180.00,0.00,OPEN,0
665720.504,0,0,0,1.000,0.955,0.970,-90.00,180.00,0.00,OPEN,0
665720.553,0,0,0,1.000,0.852,0.962,-90.00,180.00,0.00,OPEN,0
665720.604,0,0,0,1.000,0.690,0.959,-90.00,180.00,0.00,OPEN,0
665720.654,0,0,0,1.000,0.531,0.957,-90.00,180.00,0.00,OPEN,0
665720.703,0,0,0,1.000,0.596,0.954,-90.00,180.00,0.00,OPEN,0
665720.754,0,0,0,1.000,0.509,0.960,-90.00,180.00,0.00,OPEN,0
665720.804,0,0,0,1.000,0.617,0.963,-90.00,180.00,0.00,OPEN,0
665720.854,0,0,0,1.000,0.725,0.964,-90.00,180.00,0.00,OPEN,0
665720.904,0,0,0,1.000,0.760,0.968,-90.00,180.00,0.00,OPEN,0
665720.953,0,0,0,1.000,0.755,0.971,-90.00,180.00,0.00,OPEN,0
665721.004,0,0,0,1.000,0.711,0.976,-90.00,180.00,0.00,OPEN,0
665721.054,0,0,0,1.000,0.637,0.980,-90.00,180.00,0.00,OPEN,0
665721.104,0,0,0,1.000,0.555,0.980,-90.00,180.00,0.00,OPEN,0
665721.153,0,0,0,1.000,0.519,0.983,-90.00,180.00,0.00,OPEN,0
665721.219,0,0,0,1.000,0.550,0.983,-90.00,180.00,0.00,OPEN,0
665721.255,0,0,0,1.000,0.720,0.981,-90.00,180.00,0.00,OPEN,0
665721.303,0,0,0,1.000,0.863,0.972,-90.00,180.00,0.00,OPEN,0
665721.353,0,0,0,1.000,0.956,0.953,-90.00,180.00,0.00,OPEN,0
665721.403,0,0,0,1.000,0.980,0.932,-90.00,180.00,0.00,OPEN,0
665721.453,0,0,0,1.000,0.987,0.903,-90.00,180.00,0.00,OPEN,0
665721.504,0,0,0,1.000,0.988,0.892,-90.00,180.00,0.00,OPEN,0
665721.554,0,0,0,1.000,0.986,0.895,-90.00,180.00,0.00,OPEN,0
665721.604,0,0,0,1.000,0.977,0.924,-90.00,180.00,0.00,OPEN,0
665721.653,0,0,0,1.000,0.950,0.968,-90.00,180.00,0.00,OPEN,0
665721.703,0,0,0,1.000,0.926,0.987,-90.00,180.00,0.00,OPEN,0
665721.754,0,0,0,1.000,0.941,0.996,-90.00,180.00,0.00,OPEN,0
665721.804,0,0,0,1.000,0.975,0.999,-90.00,180.00,0.00,OPEN,0
665721.854,0,0,0,1.000,0.987,0.999,-90.00,180.00,0.00,OPEN,0
665721.903,0,0,0,1.000,0.995,0.999,-90.00,180.00,0.00,OPEN,0
665721.954,0,0,0,1.000,0.999,0.999,-90.00,180.00,0.00,OPEN,0
665722.004,0,0,0,1.000,1.000,0.999,-90.00,180.00,0.00,OPEN,0
665722.054,0,0,0,1.000,1.000,0.999,-90.00,180.00,0.00,OPEN,0
665722.104,0,0,0,1.000,1.000,0.999,-90.00,180.00,0.00,OPEN,0
665722.154,0,0,0,1.000,1.000,1.000,-90.00,180.00,0.00,OPEN,0
665722.204,0,0,0,1.000,1.000,1.000,-90.00,180.00,0.00,OPEN,0
665722.254,0,0,0,1.000,1.000,1.000,-90.00,180.00,0.00,OPEN,0
665722.304,0,0,0,1.000,1.000,1.000,-90.00,180.00,0.00,OPEN,0
665722.354,0,0,0,1.000,0.998,1.000,-90.00,180.00,0.00,OPEN,0
665722.404,0,0,0,0.999,0.998,1.000,-90.00,180.00,0.00,OPEN,0
665722.454,0,0,0,0.999,0.998,1.000,-90.00,180.00,0.00,OPEN,0
665722.503,0,0,0,0.999,0.999,1.000,-90.00,180.00,0.00,OPEN,0
665722.553,0,0,0,1.000,1.000,1.000,-90.00,180.00,0.00,OPEN,0
665722.604,0,0,0,1.000,1.000,1.000,-90.00,180.00,0.00,OPEN,0
665722.653,0,0,0,1.000,1.000,1.000,-90.00,180.00,0.00,OPEN,0
665722.704,0,0,0,1.000,1.000,1.000,-90.00,180.00,0.00,OPEN,0
665722.754,0,0,0,1.000,1.000,1.000,-90.00,180.00,0.00,OPEN,0
665722.804,0,0,0,1.000,1.000,1.000,-90.00,180.00,0.00,OPEN,0
665722.854,0,0,0,1.000,1.000,1.000,-90.00,180.00,0.00,OPEN,0
665722.923,0,0,0,1.000,1.000,1.000,-90.00,180.00,0.00,OPEN,0
665722.955,0,0,0,1.000,1.000,1.000,-90.00,180.00,0.00,OPEN,0
665723.004,0,0,0,1.000,1.000,1.000,-90.00,180.00,0.00,OPEN,0
665723.054,0,0,0,1.000,1.000,1.000,-90.00,180.00,0.00,OPEN,0
665723.104,0,0,0,1.000,1.000,1.000,-90.00,180.00,0.00,OPEN,0
665723.154,0,0,0,1.000,1.000,1.000,-90.00,180.00,0.00,OPEN,0
665723.203,0,0,0,1.000,1.000,1.000,-90.00,180.00,0.00,OPEN,0
665723.254,0,0,0,1.000,1.000,1.000,-90.00,180.00,0.00,OPEN,0
665723.304,0,0,0,1.000,1.000,1.000,-90.00,180.00,0.00,OPEN,0
665723.354,0,0,0,1.000,1.000,1.000,-90.00,180.00,0.00,OPEN,0
665723.404,0,0,0,1.000,1.000,1.000,-90.00,180.00,0.00,OPEN,0
665723.454,0,0,0,1.000,1.000,1.000,-90.00,180.00,0.00,OPEN,0
665723.504,0,0,0,1.000,1.000,1.000,-90.00,180.00,0.00,OPEN,0
665723.553,0,0,0,1.000,1.000,1.000,-90.00,180.00,0.00,OPEN,0
665723.604,0,0,0,1.000,1.000,1.000,-90.00,180.00,0.00,OPEN,0
665723.654,0,0,0,1.000,1.000,1.000,-90.00,180.00,0.00,OPEN,0
665723.703,0,0,0,1.000,1.000,1.000,-90.00,180.00,0.00,OPEN,0
665723.754,0,0,0,1.000,1.000,1.000,-90.00,180.00,0.00,OPEN,0
665723.804,0,0,0,1.000,1.000,1.000,-90.00,180.00,0.00,OPEN,0
665723.853,0,0,0,1.000,1.000,1.000,-90.00,180.00,0.00,OPEN,0
665723.904,0,0,0,1.000,1.000,1.000,-90.00,180.00,0.00,OPEN,0
665723.954,0,0,0,1.000,1.000,1.000,-90.00,180.00,0.00,OPEN,0
665724.004,0,0,0,1.000,1.000,1.000,-90.00,180.00,0.00,OPEN,0
665724.053,0,0,0,1.000,1.000,1.000,-90.00,180.00,0.00,OPEN,0
665724.104,0,0,0,1.000,1.000,1.000,-90.00,180.00,0.00,OPEN,0
665724.156,0,0,0,1.000,1.000,1.000,-90.00,180.00,0.00,OPEN,0
665724.204,0,0,0,1.000,1.000,1.000,-90.00,180.00,0.00,OPEN,0
665724.253,0,0,0,1.000,1.000,1.000,-90.00,180.00,0.00,OPEN,0
665724.304,0,0,0,1.000,1.000,1.000,-90.00,180.00,0.00,OPEN,0
665724.353,0,0,0,1.000,1.000,1.000,-90.00,180.00,0.00,OPEN,0
665724.403,0,0,0,1.000,1.000,1.000,-90.00,180.00,0.00,OPEN,0
665724.454,0,0,0,1.000,1.000,1.000,-90.00,180.00,0.00,OPEN,0
665724.504,0,0,0,1.000,1.000,1.000,-90.00,180.00,0.00,OPEN,0
665724.553,0,0,0,1.000,1.000,1.000,-90.00,180.00,0.00,OPEN,0
665724.609,0,0,0,1.000,1.000,1.000,-90.00,180.00,0.00,OPEN,0
665724.655,0,0,0,1.000,1.000,1.000,-90.00,180.00,0.00,OPEN,0
665724.705,0,0,0,1.000,1.000,1.000,-90.00,180.00,0.00,OPEN,0
665724.755,0,0,0,1.000,1.000,1.000,-90.00,180.00,0.00,OPEN,0
665724.804,0,0,0,1.000,1.000,1.000,-90.00,180.00,0.00,OPEN,0
665724.853,0,0,0,1.000,1.000,1.000,-90.00,180.00,0.00,OPEN,0
665724.904,0,0,0,1.000,1.000,1.000,-90.00,180.00,0.00,OPEN,0
665724.954,0,0,0,1.000,1.000,1.000,-90.00,180.00,0.00,OPEN,0
665725.004,0,0,0,1.000,1.000,1.000,-90.00,180.00,0.00,OPEN,0
665725.053,0,0,0,1.000,1.000,1.000,-90.00,180.00,0.00,OPEN,0
665725.103,0,0,0,1.000,1.000,1.000,-90.00,180.00,0.00,OPEN,0
665725.154,0,0,0,1.000,1.000,1.000,-90.00,180.00,0.00,OPEN,0
665725.204,0,0,0,1.000,1.000,1.000,-90.00,180.00,0.00,OPEN,0
665725.253,0,0,0,1.000,1.000,1.000,-90.00,180.00,0.00,OPEN,0
665725.303,0,0,0,1.000,1.000,1.000,-90.00,180.00,0.00,OPEN,0
665725.353,0,0,0,1.000,1.000,1.000,-90.00,180.00,0.00,OPEN,0
665725.404,0,0,0,1.000,1.000,1.000,-90.00,180.00,0.00,OPEN,0
665725.454,0,0,0,1.000,1.000,1.000,-90.00,180.00,0.00,OPEN,0
665725.503,0,0,0,1.000,1.000,1.000,-90.00,180.00,0.00,OPEN,0
665725.554,0,0,0,1.000,1.000,1.000,-90.00,180.00,0.00,OPEN,0
665725.603,0,0,0,1.000,1.000,1.000,-90.00,180.00,0.00,OPEN,0
665725.653,0,0,0,1.000,1.000,1.000,-90.00,180.00,0.00,OPEN,0
665725.704,0,0,0,1.000,1.000,1.000,-90.00,180.00,0.00,OPEN,0
665725.754,0,0,0,1.000,1.000,1.000,-90.00,180.00,0.00,OPEN,0
665725.804,0,0,0,1.000,1.000,1.000,-90.00,180.00,0.00,OPEN,0
665725.854,0,0,0,1.000,1.000,1.000,-90.00,180.00,0.00,OPEN,0
665725.904,0,0,0,1.000,1.000,1.000,-90.00,180.00,0.00,OPEN,0
665725.954,0,0,0,1.000,1.000,1.000,-90.00,180.00,0.00,OPEN,0
665726.004,0,0,0,1.000,1.000,1.000,-90.00,180.00,0.00,OPEN,0
665726.053,0,0,0,1.000,1.000,1.000,-90.00,180.00,0.00,OPEN,0
665726.103,0,0,0,1.000,1.000,1.000,-90.00,180.00,0.00,OPEN,0
665726.154,0,0,0,1.000,1.000,1.000,-90.00,180.00,0.00,OPEN,0
665726.204,0,0,0,1.000,1.000,1.000,-90.00,180.00,0.00,OPEN,0
665726.254,0,0,0,1.000,1.000,1.000,-90.00,180.00,0.00,OPEN,0
665726.319,0,0,0,1.000,1.000,1.000,-90.00,180.00,0.00,OPEN,0
665726.355,0,0,0,1.000,1.000,1.000,-90.00,180.00,0.00,OPEN,0
665726.404,0,0,0,1.000,1.000,1.000,-90.00,180.00,0.00,OPEN,0
665726.453,0,0,0,1.000,1.000,1.000,-90.00,180.00,0.00,OPEN,0
665726.504,0,0,0,1.000,1.000,1.000,-90.00,180.00,0.00,OPEN,0
665726.553,0,0,0,1.000,1.000,1.000,-90.00,180.00,0.00,OPEN,0
665726.604,0,0,0,1.000,1.000,1.000,-90.00,180.00,0.00,OPEN,0
665726.654,0,0,0,1.000,1.000,1.000,-90.00,180.00,0.00,OPEN,0
665726.704,0,0,0,1.000,1.000,1.000,-90.00,180.00,0.00,OPEN,0
665726.754,0,0,0,1.000,1.000,1.000,-90.00,180.00,0.00,OPEN,0
665726.803,0,0,0,1.000,1.000,1.000,-90.00,180.00,0.00,OPEN,0
665726.853,0,0,0,1.000,1.000,1.000,-90.00,180.00,0.00,OPEN,0
665726.903,0,0,0,1.000,1.000,1.000,-90.00,180.00,0.00,OPEN,0
665726.953,0,0,0,1.000,1.000,1.000,-90.00,180.00,0.00,OPEN,0
665727.004,0,0,0,1.000,1.000,1.000,-90.00,180.00,0.00,OPEN,0
665727.054,0,0,0,1.000,1.000,1.000,-90.00,180.00,0.00,OPEN,0
665727.103,0,0,0,1.000,1.000,1.000,-90.00,180.00,0.00,OPEN,0
665727.153,0,0,0,1.000,1.000,1.000,-90.00,180.00,0.00,OPEN,0
665727.203,0,0,0,1.000,1.000,1.000,-90.00,180.00,0.00,OPEN,0
665727.253,0,0,0,1.000,1.000,1.000,-90.00,180.00,0.00,OPEN,0
665727.304,0,0,0,1.000,1.000,1.000,-90.00,180.00,0.00,OPEN,0
665727.353,0,0,0,1.000,1.000,1.000,-90.00,180.00,0.00,OPEN,0
665727.404,0,0,0,1.000,1.000,1.000,-90.00,180.00,0.00,OPEN,0
665727.454,0,0,0,1.000,1.000,1.000,-90.00,180.00,0.00,OPEN,0
665727.503,0,0,0,1.000,1.000,1.000,-90.00,180.00,0.00,OPEN,0
665727.554,0,0,0,1.000,1.000,1.000,-90.00,180.00,0.00,OPEN,0
665727.603,0,0,0,1.000,1.000,1.000,-90.00,180.00,0.00,OPEN,0
665727.653,0,0,0,1.000,1.000,1.000,-90.00,180.00,0.00,OPEN,0
665727.704,0,0,0,1.000,1.000,1.000,-90.00,180.00,0.00,OPEN,0
665727.754,0,0,0,1.000,1.000,1.000,-90.00,180.00,0.00,OPEN,0
665727.804,0,0,0,1.000,1.000,1.000,-90.00,180.00,0.00,OPEN,0
665727.854,0,0,0,1.000,1.000,1.000,-90.00,180.00,0.00,OPEN,0
665727.904,0,0,0,1.000,1.000,1.000,-90.00,180.00,0.00,OPEN,0
665727.954,0,0,0,1.000,1.000,1.000,-90.00,180.00,0.00,OPEN,0
665728.014,0,0,0,1.000,1.000,1.000,-90.00,180.00,0.00,OPEN,0
665728.056,0,0,0,1.000,1.000,1.000,-90.00,180.00,0.00,OPEN,0
665728.104,0,0,0,1.000,1.000,1.000,-90.00,180.00,0.00,OPEN,0
665728.153,0,0,0,1.000,1.000,1.000,-90.00,180.00,0.00,OPEN,0
665728.204,0,0,0,1.000,1.000,1.000,-90.00,180.00,0.00,OPEN,0
665728.254,0,0,0,1.000,1.000,1.000,-90.00,180.00,0.00,OPEN,0
665728.304,0,0,0,1.000,1.000,1.000,-90.00,180.00,0.00,OPEN,0
665728.353,0,0,0,1.000,1.000,1.000,-90.00,180.00,0.00,OPEN,0
665728.403,0,0,0,1.000,1.000,1.000,-90.00,180.00,0.00,OPEN,0
665728.454,0,0,0,1.000,1.000,1.000,-90.00,180.00,0.00,OPEN,0
665728.504,0,0,0,1.000,1.000,1.000,-90.00,180.00,0.00,OPEN,0
665728.554,0,0,0,1.000,1.000,1.000,-90.00,180.00,0.00,OPEN,0
665728.603,0,0,0,1.000,1.000,1.000,-90.00,180.00,0.00,OPEN,0
665728.654,0,0,0,1.000,1.000,1.000,-90.00,180.00,0.00,OPEN,0
665728.703,0,0,0,1.000,1.000,1.000,-90.00,180.00,0.00,OPEN,0
665728.754,0,0,0,1.000,1.000,1.000,-90.00,180.00,0.00,OPEN,0
665728.804,0,0,0,1.000,1.000,1.000,-90.00,180.00,0.00,OPEN,0
665728.853,0,0,0,1.000,1.000,1.000,-90.00,180.00,0.00,OPEN,0
665728.904,0,0,0,1.000,1.000,1.000,-90.00,180.00,0.00,OPEN,0
665728.954,0,0,0,1.000,1.000,1.000,-90.00,180.00,0.00,OPEN,0
665729.004,0,0,0,1.000,1.000,1.000,-90.00,180.00,0.00,OPEN,0
665729.054,0,0,0,1.000,1.000,1.000,-90.00,180.00,0.00,OPEN,0
665729.103,0,0,0,1.000,1.000,1.000,-90.00,180.00,0.00,OPEN,0
665729.154,0,0,0,1.000,1.000,1.000,-90.00,180.00,0.00,OPEN,0
665729.204,0,0,0,1.000,1.000,1.000,-90.00,180.00,0.00,OPEN,0
665729.254,0,0,0,1.000,1.000,1.000,-90.00,180.00,0.00,OPEN,0
665729.303,0,0,0,1.000,1.000,1.000,-90.00,180.00,0.00,OPEN,0
665729.354,0,0,0,1.000,1.000,1.000,-90.00,180.00,0.00,OPEN,0
665729.404,0,0,0,1.000,1.000,1.000,-90.00,180.00,0.00,OPEN,0
665729.454,0,0,0,1.000,1.000,1.000,-90.00,180.00,0.00,OPEN,0
665729.504,0,0,0,1.000,1.000,1.000,-90.00,180.00,0.00,OPEN,0
665729.553,0,0,0,0.999,1.000,1.000,-90.00,180.00,0.00,OPEN,0
665729.603,0,0,0,0.992,1.000,1.000,-90.00,180.00,0.00,OPEN,0
665729.654,0,0,0,0.991,1.000,1.000,-90.00,180.00,0.00,OPEN,0
665729.703,0,0,0,0.997,1.000,1.000,-90.00,180.00,0.00,OPEN,0
665729.766,0,0,0,0.992,1.000,1.000,-90.00,180.00,0.00,OPEN,0
665729.805,0,0,0,0.989,1.000,1.000,-90.00,180.00,0.00,OPEN,0
665729.854,0,0,0,0.995,1.000,1.000,-90.00,180.00,0.00,OPEN,0
665729.904,0,0,0,0.987,1.000,1.000,-90.00,180.00,0.00,OPEN,0
665729.954,0,0,0,0.986,1.000,1.000,-90.00,180.00,0.00,OPEN,0
665730.004,0,0,0,0.989,1.000,1.000,-90.00,180.00,0.00,OPEN,0
665730.054,0,0,0,0.998,0.999,1.000,-90.00,180.00,0.00,OPEN,0
665730.104,0,0,0,0.999,0.950,1.000,-90.00,180.00,0.00,OPEN,0
665730.154,0,0,0,0.999,0.765,1.000,-90.00,180.00,0.00,OPEN,0
665730.204,0,0,0,0.995,0.989,1.000,-90.00,180.00,0.00,OPEN,0
665730.253,0,0,0,0.985,0.999,1.000,-90.00,180.00,0.00,OPEN,0
665730.304,0,0,0,0.989,1.000,1.000,-90.00,180.00,0.00,OPEN,0
665730.353,0,0,0,0.994,1.000,1.000,-90.00,180.00,0.00,OPEN,0
665730.403,0,0,0,0.997,1.000,1.000,-90.00,180.00,0.00,OPEN,0
665730.454,0,0,0,0.999,1.000,1.000,-90.00,180.00,0.00,OPEN,0
665730.504,0,0,0,0.999,1.000,1.000,-90.00,180.00,0.00,OPEN,0
665730.554,0,0,0,0.996,1.000,1.000,-90.00,180.00,0.00,OPEN,0
665730.604,0,0,0,0.999,1.000,1.000,-90.00,180.00,0.00,OPEN,0
665730.654,0,0,0,1.000,1.000,1.000,-90.00,180.00,0.00,OPEN,0
665730.704,0,0,0,1.000,1.000,1.000,-90.00,180.00,0.00,OPEN,0
665730.754,0,0,0,1.000,1.000,0.999,-90.00,180.00,0.00,OPEN,0
665730.806,0,0,0,1.000,1.000,0.998,-90.00,180.00,0.00,OPEN,0
665730.853,0,0,0,1.000,1.000,0.996,-90.00,180.00,0.00,OPEN,0
665730.904,0,0,0,1.000,1.000,0.994,-90.00,180.00,0.00,OPEN,0
665730.954,0,0,0,1.000,1.000,0.993,-90.00,180.00,0.00,OPEN,0
665731.004,0,0,0,1.000,1.000,0.992,-90.00,180.00,0.00,OPEN,0
665731.053,0,0,0,1.000,1.000,0.990,-90.00,180.00,0.00,OPEN,0
665731.104,0,1,0,1.000,1.000,0.988,-90.00,180.00,0.00,OPEN,0
665731.153,0,1,0,1.000,1.000,0.987,-90.00,180.00,0.00,OPEN,0
665731.204,0,1,0,1.000,1.000,0.986,-90.00,180.00,0.00,OPEN,0
665731.253,0,1,0,1.000,1.000,0.986,-90.00,180.00,0.00,OPEN,0
665731.314,0,1,0,1.000,1.000,0.989,-90.00,180.00,0.00,OPEN,0
665731.354,0,1,0,1.000,1.000,0.991,-90.00,180.00,0.00,OPEN,0
665731.404,0,1,0,1.000,1.000,0.993,-90.00,180.00,0.00,OPEN,0
665731.454,0,1,0,1.000,0.999,0.994,-90.00,180.00,0.00,OPEN,0
665731.503,0,1,0,1.000,0.999,0.994,-90.00,180.00,0.00,OPEN,0
665731.554,0,1,0,1.000,0.999,0.994,-90.00,180.00,0.00,OPEN,0
665731.605,0,1,0,1.000,0.999,0.994,-90.00,180.00,0.00,OPEN,0
665731.654,0,1,0,1.000,0.999,0.993,-90.00,180.00,0.00,OPEN,0
665731.703,0,1,0,1.000,0.999,0.993,-90.00,180.00,0.00,OPEN,0
665731.754,0,1,0,1.000,0.999,0.991,-90.00,180.00,0.00,OPEN,0
665731.804,0,1,0,1.000,0.999,0.989,-90.00,180.00,0.00,OPEN,0
665731.854,0,1,0,1.000,1.000,0.989,-90.00,180.00,0.00,OPEN,0
665731.904,0,1,0,1.000,1.000,0.988,-90.00,180.00,0.00,OPEN,0
665731.954,0,1,0,1.000,1.000,0.991,-90.00,180.00,0.00,OPEN,0
665732.004,0,1,0,1.000,1.000,0.995,-90.00,180.00,0.00,OPEN,0
665732.054,0,1,0,1.000,1.000,0.997,-90.00,180.00,0.00,OPEN,0
665732.104,0,1,0,1.000,1.000,0.998,-90.00,180.00,0.00,OPEN,0
665732.153,0,1,0,1.000,1.000,0.999,-90.00,180.00,0.00,OPEN,0
665732.203,0,1,0,1.000,1.000,0.999,-90.00,180.00,0.00,OPEN,0
665732.254,0,1,0,1.000,1.000,0.999,-90.00,180.00,0.00,OPEN,0
665732.303,0,1,0,1.000,1.000,0.999,-90.00,180.00,0.00,OPEN,0
665732.354,0,1,0,1.000,1.000,0.999,-90.00,180.00,0.00,OPEN,0
665732.404,0,1,0,1.000,1.000,0.998,-90.00,180.00,0.00,OPEN,0
665732.454,0,1,0,1.000,1.000,0.997,-90.00,180.00,0.00,OPEN,0
665732.504,0,1,0,1.000,1.000,0.994,-90.00,180.00,0.00,OPEN,0
665732.554,0,1,0,1.000,0.999,0.988,-90.00,180.00,0.00,OPEN,0
665732.604,0,1,0,1.000,0.999,0.982,-90.00,180.00,0.00,OPEN,0
665732.654,0,1,0,1.000,0.998,0.985,-90.00,180.00,0.00,OPEN,0
665732.704,0,1,0,1.000,0.997,0.991,-90.00,180.00,0.00,OPEN,0
665732.753,0,1,0,1.000,0.997,0.995,-90.00,180.00,0.00,OPEN,0
665732.804,0,1,0,1.000,0.996,0.997,-90.00,180.00,0.00,OPEN,0
665732.853,0,1,0,1.000,0.995,0.998,-90.00,180.00,0.00,OPEN,0
665732.904,0,1,0,1.000,0.996,0.999,-90.00,180.00,0.00,OPEN,0
665732.954,0,1,0,1.000,0.997,0.998,-90.00,180.00,0.00,OPEN,0
665733.004,0,1,0,1.000,0.997,0.998,-90.00,180.00,0.00,OPEN,0
665733.054,0,1,0,1.000,0.998,0.997,-90.00,180.00,0.00,OPEN,0
665733.104,0,1,0,1.000,0.998,0.994,-90.00,180.00,0.00,OPEN,0
665733.154,0,1,0,1.000,0.999,0.988,-90.00,180.00,0.00,OPEN,0
665733.203,0,1,0,1.000,0.999,0.979,-90.00,180.00,0.00,OPEN,0
665733.253,0,1,0,1.000,0.999,0.976,-90.00,180.00,0.00,OPEN,0
665733.304,0,1,0,1.000,0.999,0.981,-90.00,180.00,0.00,OPEN,0
665733.354,0,1,0,1.000,0.999,0.984,-90.00,180.00,0.00,OPEN,0
665733.404,0,1,0,1.000,0.998,0.988,-90.00,180.00,0.00,OPEN,0
665733.454,0,1,0,1.000,0.998,0.993,-90.00,180.00,0.00,OPEN,0
665733.503,0,1,0,1.000,0.998,0.995,-90.00,180.00,0.00,OPEN,0
665733.553,0,1,0,1.000,0.998,0.997,-90.00,180.00,0.00,OPEN,0
665733.604,0,1,0,1.000,0.999,0.998,-90.00,180.00,0.00,OPEN,0
665733.654,0,1,0,1.000,0.999,0.998,-90.00,180.00,0.00,OPEN,0
665733.704,0,1,0,1.000,0.999,0.999,-90.00,180.00,0.00,OPEN,0
665733.768,0,1,0,1.000,0.999,0.999,-90.00,180.00,0.00,OPEN,0
665733.804,0,1,0,1.000,1.000,0.999,-90.00,180.00,0.00,OPEN,0
665733.854,0,1,0,1.000,1.000,0.998,-90.00,180.00,0.00,OPEN,0
665733.903,0,1,0,1.000,1.000,0.998,-90.00,180.00,0.00,OPEN,0
665733.953,0,1,0,1.000,1.000,0.998,-90.00,180.00,0.00,OPEN,0
665734.003,0,1,0,1.000,1.000,0.999,-90.00,180.00,0.00,OPEN,0
665734.054,0,1,0,1.000,1.000,0.999,-90.00,180.00,0.00,OPEN,0
665734.104,0,1,0,1.000,1.000,1.000,-90.00,180.00,0.00,OPEN,0
665734.154,0,1,0,1.000,1.000,1.000,-90.00,180.00,0.00,OPEN,0
665734.204,0,1,0,1.000,1.000,1.000,-90.00,180.00,0.00,OPEN,0
665734.254,0,1,0,1.000,1.000,1.000,-90.00,180.00,0.00,OPEN,0
665734.304,0,1,0,1.000,1.000,1.000,-90.00,180.00,0.00,OPEN,0
665734.354,0,1,0,1.000,1.000,1.000,-90.00,180.00,0.00,OPEN,0
665734.404,0,1,0,1.000,1.000,1.000,-90.00,180.00,0.00,OPEN,0
665734.454,0,1,0,1.000,1.000,1.000,-90.00,180.00,0.00,OPEN,0
665734.504,0,1,0,1.000,1.000,1.000,-90.00,180.00,0.00,OPEN,0
665734.554,0,1,0,1.000,1.000,1.000,-90.00,180.00,0.00,OPEN,0
665734.604,0,1,0,1.000,1.000,0.999,-90.00,180.00,0.00,OPEN,0
665734.653,0,1,0,1.000,1.000,0.999,-90.00,180.00,0.00,OPEN,0
665734.703,0,1,0,1.000,1.000,0.999,-90.00,180.00,0.00,OPEN,0
665734.754,0,1,0,1.000,1.000,0.999,-90.00,180.00,0.00,OPEN,0
665734.804,0,1,0,1.000,1.000,0.999,-90.00,180.00,0.00,OPEN,0
665734.855,0,1,0,1.000,1.000,0.999,-90.00,180.00,0.00,OPEN,0
665734.904,0,1,0,1.000,1.000,0.999,-90.00,180.00,0.00,OPEN,0
665734.954,0,1,0,1.000,1.000,0.999,-90.00,180.00,0.00,OPEN,0
665735.003,0,1,0,1.000,1.000,0.999,-90.00,180.00,0.00,OPEN,0
665735.054,0,1,0,1.000,1.000,0.999,-90.00,180.00,0.00,OPEN,0
665735.104,0,1,0,1.000,1.000,0.998,-90.00,180.00,0.00,OPEN,0
665735.154,0,1,0,1.000,1.000,0.996,-90.00,180.00,0.00,OPEN,0
665735.203,0,1,0,1.000,0.999,0.992,-90.00,180.00,0.00,OPEN,0
665735.254,0,1,0,1.000,0.998,0.985,-90.00,180.00,0.00,OPEN,0
665735.304,0,1,0,1.000,0.988,0.978,-90.00,180.00,0.00,OPEN,0
665735.355,0,1,0,1.000,0.924,0.974,-90.00,180.00,0.00,OPEN,0
665735.404,0,1,0,1.000,0.623,0.976,-90.00,180.00,0.00,OPEN,0
665735.453,0,1,0,1.000,0.959,0.989,-90.00,180.00,0.00,OPEN,0
665735.511,0,1,0,1.000,0.995,0.995,-90.00,180.00,0.00,OPEN,0
665735.554,0,1,0,1.000,0.999,0.996,-90.00,180.00,0.00,OPEN,0
665735.604,0,1,0,1.000,1.000,0.998,-90.00,180.00,0.00,OPEN,0
665735.653,0,1,0,1.000,1.000,0.998,-90.00,180.00,0.00,OPEN,0
665735.704,0,1,0,1.000,1.000,0.999,-90.00,180.00,0.00,OPEN,0
665735.754,0,1,0,1.000,1.000,0.999,-90.00,180.00,0.00,OPEN,0
665735.803,0,1,0,1.000,1.000,0.999,-90.00,180.00,0.00,OPEN,0
665735.856,0,1,0,1.000,0.999,1.000,-90.00,180.00,0.00,OPEN,0
665735.904,0,1,0,1.000,0.999,1.000,-90.00,180.00,0.00,OPEN,0
665735.953,0,1,0,1.000,0.998,1.000,-90.00,180.00,0.00,OPEN,0
665736.004,0,1,0,1.000,0.996,1.000,-90.00,180.00,0.00,OPEN,0
665736.053,0,1,0,0.999,0.994,1.000,-90.00,180.00,0.00,OPEN,0
665736.104,0,1,0,0.999,0.986,1.000,-90.00,180.00,0.00,OPEN,0
665736.154,0,1,0,0.999,0.981,1.000,-90.00,180.00,0.00,OPEN,0
665736.204,0,1,0,0.999,0.985,1.000,-90.00,180.00,0.00,OPEN,0
665736.254,0,1,0,0.999,0.996,1.000,-90.00,180.00,0.00,OPEN,0
665736.303,0,0,0,0.997,0.996,1.000,-90.00,180.00,0.00,OPEN,0
665736.355,0,0,0,0.997,1.000,1.000,-90.00,180.00,0.00,OPEN,0
665736.404,0,0,0,0.994,1.000,1.000,-90.00,180.00,0.00,OPEN,0
665736.454,0,0,0,0.998,1.000,1.000,-90.00,180.00,0.00,OPEN,0
665736.504,0,0,0,0.999,1.000,1.000,-90.00,180.00,0.00,OPEN,0
665736.554,0,0,0,1.000,1.000,1.000,-90.00,180.00,0.00,OPEN,0
665736.604,0,0,0,1.000,1.000,1.000,-90.00,180.00,0.00,OPEN,0
665736.654,0,0,0,1.000,1.000,1.000,-90.00,180.00,0.00,OPEN,0
665736.704,0,0,0,1.000,1.000,1.000,-90.00,180.00,0.00,OPEN,0
665736.754,0,0,0,0.999,1.000,1.000,-90.00,180.00,0.00,OPEN,0
665736.804,0,0,0,1.000,1.000,1.000,-90.00,180.00,0.00,OPEN,0
665736.854,0,0,0,1.000,1.000,1.000,-90.00,180.00,0.00,OPEN,0
665736.904,0,0,0,1.000,1.000,1.000,-90.00,180.00,0.00,OPEN,0
665736.954,0,0,0,1.000,1.000,1.000,-90.00,180.00,0.00,OPEN,0
665737.004,0,0,0,1.000,1.000,1.000,-90.00,180.00,0.00,OPEN,0
665737.054,0,0,0,1.000,1.000,1.000,-90.00,180.00,0.00,OPEN,0
665737.104,0,0,0,1.000,1.000,1.000,-90.00,180.00,0.00,OPEN,0
665737.154,0,0,0,1.000,1.000,1.000,-90.00,180.00,0.00,OPEN,0
665737.204,0,0,0,1.000,1.000,1.000,-90.00,180.00,0.00,OPEN,0
665737.254,0,0,0,1.000,1.000,1.000,-90.00,180.00,0.00,OPEN,0
665737.303,0,0,0,1.000,1.000,1.000,-90.00,180.00,0.00,OPEN,0
665737.353,0,0,0,1.000,1.000,1.000,-90.00,180.00,0.00,OPEN,0
665737.404,0,0,0,1.000,1.000,1.000,-90.00,180.00,0.00,OPEN,0
665737.454,0,0,0,1.000,1.000,1.000,-90.00,180.00,0.00,OPEN,0
665737.504,0,0,0,1.000,1.000,1.000,-90.00,180.00,0.00,OPEN,0
665737.574,0,0,0,1.000,1.000,1.000,-90.00,180.00,0.00,OPEN,0
665737.605,0,0,0,1.000,1.000,1.000,-90.00,180.00,0.00,OPEN,0
665737.654,0,0,0,1.000,1.000,1.000,-90.00,180.00,0.00,OPEN,0
665737.704,0,0,0,1.000,1.000,1.000,-90.00,180.00,0.00,OPEN,0
665737.754,0,0,0,1.000,1.000,1.000,-90.00,180.00,0.00,OPEN,0
665737.803,0,0,0,1.000,1.000,1.000,-90.00,180.00,0.00,OPEN,0
665737.854,0,0,0,1.000,1.000,1.000,-90.00,180.00,0.00,OPEN,0
665737.904,0,0,0,1.000,1.000,1.000,-90.00,180.00,0.00,OPEN,0
665737.954,0,0,0,1.000,1.000,1.000,-90.00,180.00,0.00,OPEN,0
665738.003,0,0,0,1.000,1.000,1.000,-90.00,180.00,0.00,OPEN,0
665738.054,0,0,0,1.000,1.000,1.000,-90.00,180.00,0.00,OPEN,0
665738.104,0,0,0,1.000,1.000,1.000,-90.00,180.00,0.00,OPEN,0
665738.154,0,0,0,1.000,1.000,1.000,-90.00,180.00,0.00,OPEN,0
665738.204,0,0,0,1.000,1.000,1.000,-90.00,180.00,0.00,OPEN,0
665738.253,0,0,0,1.000,1.000,1.000,-90.00,180.00,0.00,OPEN,0
665738.304,0,0,0,1.000,1.000,1.000,-90.00,180.00,0.00,OPEN,0
665738.354,0,0,0,1.000,1.000,1.000,-90.00,180.00,0.00,OPEN,0
665738.404,0,0,0,1.000,1.000,1.000,-90.00,180.00,0.00,OPEN,0
665738.454,0,0,0,1.000,1.000,1.000,-90.00,180.00,0.00,OPEN,0
665738.503,0,0,0,1.000,1.000,1.000,-90.00,180.00,0.00,OPEN,0
665738.554,0,0,0,1.000,1.000,1.000,-90.00,180.00,0.00,OPEN,0
665738.604,0,0,0,1.000,1.000,1.000,-90.00,180.00,0.00,OPEN,0
665738.654,0,0,0,1.000,1.000,1.000,-90.00,180.00,0.00,OPEN,0
665738.703,0,0,0,1.000,1.000,1.000,-90.00,180.00,0.00,OPEN,0
665738.754,0,0,0,1.000,1.000,1.000,-90.00,180.00,0.00,OPEN,0
665738.803,0,0,0,1.000,1.000,1.000,-90.00,180.00,0.00,OPEN,0
665738.854,0,0,0,1.000,1.000,1.000,-90.00,180.00,0.00,OPEN,0
665738.904,0,0,0,1.000,1.000,1.000,-90.00,180.00,0.00,OPEN,0
665738.953,0,0,0,1.000,1.000,1.000,-90.00,180.00,0.00,OPEN,0
665739.004,0,0,0,1.000,1.000,1.000,-90.00,180.00,0.00,OPEN,0
665739.054,0,0,0,1.000,1.000,1.000,-90.00,180.00,0.00,OPEN,0
665739.104,0,0,0,1.000,1.000,1.000,-90.00,180.00,0.00,OPEN,0
665739.154,0,0,0,1.000,1.000,1.000,-90.00,180.00,0.00,OPEN,0
665739.204,0,0,0,1.000,1.000,1.000,-90.00,180.00,0.00,OPEN,0
665739.265,0,0,0,1.000,1.000,1.000,-90.00,180.00,0.00,OPEN,0
665739.304,0,0,0,1.000,1.000,1.000,-90.00,180.00,0.00,OPEN,0
665739.354,0,0,0,1.000,1.000,1.000,-90.00,180.00,0.00,OPEN,0
665739.404,0,0,0,1.000,1.000,1.000,-90.00,180.00,0.00,OPEN,0
665739.454,0,0,0,1.000,1.000,1.000,-90.00,180.00,0.00,OPEN,0
665739.504,0,0,0,1.000,1.000,1.000,-90.00,180.00,0.00,OPEN,0
665739.554,0,0,0,1.000,1.000,1.000,-90.00,180.00,0.00,OPEN,0
665739.604,0,0,0,1.000,1.000,1.000,-90.00,180.00,0.00,OPEN,0
665739.654,0,0,0,1.000,1.000,1.000,-90.00,180.00,0.00,OPEN,0
665739.704,0,0,0,1.000,1.000,1.000,-90.00,180.00,0.00,OPEN,0
665739.753,0,0,0,1.000,1.000,1.000,-90.00,180.00,0.00,OPEN,0
665739.804,0,0,0,1.000,1.000,1.000,-90.00,180.00,0.00,OPEN,0
665739.853,0,0,0,1.000,1.000,1.000,-90.00,180.00,0.00,OPEN,0
665739.904,0,0,0,1.000,1.000,1.000,-90.00,180.00,0.00,OPEN,0
665739.954,0,0,0,1.000,1.000,1.000,-90.00,180.00,0.00,OPEN,0
665740.004,0,0,0,1.000,1.000,1.000,-90.00,180.00,0.00,OPEN,0
665740.053,0,0,0,1.000,1.000,1.000,-90.00,180.00,0.00,OPEN,0
665740.104,0,0,0,1.000,1.000,1.000,-90.00,180.00,0.00,OPEN,0
665740.153,0,0,0,1.000,1.000,1.000,-90.00,180.00,0.00,OPEN,0
665740.204,0,0,0,1.000,1.000,1.000,-90.00,180.00,0.00,OPEN,0
665740.254,0,0,0,1.000,1.000,1.000,-90.00,180.00,0.00,OPEN,0
665740.303,0,0,0,1.000,1.000,1.000,-90.00,180.00,0.00,OPEN,0
665740.354,0,0,0,1.000,1.000,1.000,-90.00,180.00,0.00,OPEN,0
665740.404,0,0,0,1.000,1.000,1.000,-90.00,180.00,0.00,OPEN,0
665740.454,0,0,0,1.000,1.000,1.000,-90.00,180.00,0.00,OPEN,0
665740.504,0,0,0,1.000,1.000,1.000,-90.00,180.00,0.00,OPEN,0
665740.554,0,0,0,1.000,1.000,1.000,-90.00,180.00,0.00,OPEN,0
665740.604,0,0,0,1.000,1.000,1.000,-90.00,180.00,0.00,OPEN,0
665740.654,0,0,0,1.000,1.000,1.000,-90.00,180.00,0.00,OPEN,0
665740.704,0,0,0,1.000,1.000,1.000,-90.00,180.00,0.00,OPEN,0
665740.754,0,0,0,1.000,1.000,1.000,-90.00,180.00,0.00,OPEN,0
665740.804,0,0,0,1.000,1.000,1.000,-90.00,180.00,0.00,OPEN,0
665740.853,0,0,0,1.000,1.000,1.000,-90.00,180.00,0.00,OPEN,0
665740.904,0,0,0,1.000,1.000,1.000,-90.00,180.00,0.00,OPEN,0
665740.965,0,0,0,1.000,1.000,1.000,-90.00,180.00,0.00,OPEN,0
665741.006,0,0,0,1.000,1.000,1.000,-90.00,180.00,0.00,OPEN,0
665741.054,0,0,0,1.000,1.000,1.000,-90.00,180.00,0.00,OPEN,0
665741.103,0,0,0,1.000,1.000,1.000,-90.00,180.00,0.00,OPEN,0
665741.154,0,0,0,1.000,1.000,1.000,-90.00,180.00,0.00,OPEN,0
665741.204,0,0,0,1.000,1.000,1.000,-90.00,180.00,0.00,OPEN,0
665741.253,0,0,0,1.000,1.000,1.000,-90.00,180.00,0.00,OPEN,0
665741.304,0,0,0,1.000,1.000,1.000,-90.00,180.00,0.00,OPEN,0
665741.354,0,0,0,1.000,1.000,1.000,-90.00,180.00,0.00,OPEN,0
665741.404,0,0,0,1.000,1.000,1.000,-90.00,180.00,0.00,OPEN,0
665741.454,0,0,0,1.000,1.000,1.000,-90.00,180.00,0.00,OPEN,0
665741.504,0,0,0,1.000,1.000,1.000,-90.00,180.00,0.00,OPEN,0
665741.553,0,0,0,1.000,1.000,1.000,-90.00,180.00,0.00,OPEN,0
665741.604,0,0,0,1.000,1.000,1.000,-90.00,180.00,0.00,OPEN,0
665741.654,0,0,0,1.000,1.000,1.000,-90.00,180.00,0.00,OPEN,0
665741.704,0,0,0,1.000,1.000,1.000,-90.00,180.00,0.00,OPEN,0
665741.754,0,0,0,1.000,1.000,1.000,-90.00,180.00,0.00,OPEN,0
665741.804,0,0,0,1.000,1.000,1.000,-90.00,180.00,0.00,OPEN,0
665741.854,0,0,0,1.000,1.000,1.000,-90.00,180.00,0.00,OPEN,0
665741.904,0,0,0,1.000,1.000,1.000,-90.00,180.00,0.00,OPEN,0
665741.954,0,0,0,1.000,1.000,1.000,-90.00,180.00,0.00,OPEN,0
665742.004,0,0,0,1.000,1.000,1.000,-90.00,180.00,0.00,OPEN,0
665742.054,0,0,0,1.000,1.000,1.000,-90.00,180.00,0.00,OPEN,0
665742.104,0,0,0,1.000,1.000,1.000,-90.00,180.00,0.00,OPEN,0
665742.154,0,0,0,1.000,1.000,1.000,-90.00,180.00,0.00,OPEN,0
665742.205,0,0,0,1.000,1.000,1.000,-90.00,180.00,0.00,OPEN,0
665742.254,0,0,0,1.000,1.000,1.000,-90.00,180.00,0.00,OPEN,0
665742.304,0,0,0,1.000,1.000,1.000,-90.00,180.00,0.00,OPEN,0
665742.354,0,0,0,1.000,1.000,1.000,-90.00,180.00,0.00,OPEN,0
665742.404,0,0,0,1.000,1.000,1.000,-90.00,180.00,0.00,OPEN,0
665742.454,0,0,0,1.000,1.000,1.000,-90.00,180.00,0.00,OPEN,0
665742.504,0,0,0,1.000,1.000,1.000,-90.00,180.00,0.00,OPEN,0
665742.553,0,0,0,1.000,1.000,1.000,-90.00,180.00,0.00,OPEN,0
665742.604,0,0,0,1.000,1.000,1.000,-90.00,180.00,0.00,OPEN,0
665742.671,0,0,0,1.000,1.000,1.000,-90.00,180.00,0.00,OPEN,0
665742.710,0,0,0,1.000,1.000,1.000,-90.00,180.00,0.00,OPEN,0
665742.754,0,0,0,0.999,1.000,1.000,-90.00,180.00,0.00,OPEN,0
665742.804,0,0,0,0.858,1.000,1.000,-90.00,180.00,0.00,OPEN,0
665742.854,0,0,0,0.484,1.000,1.000,-90.00,180.00,0.00,OPEN,0
665742.903,0,0,0,0.481,1.000,1.000,-90.00,180.00,0.00,OPEN,0
665742.954,0,0,0,0.604,1.000,1.000,-90.00,180.00,0.00,OPEN,0
665743.004,0,0,0,0.670,1.000,1.000,-90.00,180.00,0.00,OPEN,0
665743.054,0,0,0,0.776,1.000,1.000,-90.00,180.00,0.00,OPEN,0
665743.103,0,0,0,0.937,1.000,1.000,-90.00,180.00,0.00,OPEN,0
665743.154,0,0,0,0.997,1.000,1.000,-90.00,180.00,0.00,OPEN,0
665743.204,0,0,0,1.000,1.000,1.000,-90.00,180.00,0.00,OPEN,0
665743.254,0,0,0,1.000,1.000,1.000,-90.00,180.00,0.00,OPEN,0
665743.304,0,0,0,1.000,1.000,1.000,-90.00,180.00,0.00,OPEN,0
665743.353,3,0,0,1.000,1.000,1.000,-90.00,180.00,0.00,OPEN,0
665743.403,3,0,0,1.000,1.000,1.000,-90.00,180.00,0.00,OPEN,0
665743.454,3,0,0,1.000,1.000,1.000,-90.00,180.00,0.00,OPEN,0
665743.504,3,0,0,1.000,1.000,1.000,-90.00,180.00,0.00,OPEN,0
665743.554,3,0,0,1.000,1.000,1.000,-90.00,180.00,0.00,OPEN,0
665743.604,3,0,0,1.000,1.000,1.000,-90.00,180.00,0.00,OPEN,0
665743.654,3,0,0,1.000,1.000,1.000,-90.00,180.00,0.00,OPEN,0
665743.704,3,0,0,1.000,1.000,1.000,-90.00,180.00,0.00,OPEN,0
665743.754,3,0,0,1.000,1.000,1.000,-90.00,180.00,0.00,OPEN,0
665743.804,3,0,0,1.000,1.000,1.000,-90.00,180.00,0.00,OPEN,0
665743.854,3,0,0,1.000,1.000,1.000,-90.00,180.00,0.00,OPEN,0
665743.904,3,0,0,1.000,1.000,1.000,-90.00,180.00,0.00,OPEN,0
665743.954,3,0,0,1.000,1.000,1.000,-90.00,180.00,0.00,OPEN,0
665744.004,3,0,0,1.000,1.000,1.000,-90.00,180.00,0.00,OPEN,0
665744.054,3,0,0,1.000,1.000,1.000,-90.00,180.00,0.00,OPEN,0
665744.104,3,0,0,1.000,1.000,1.000,-90.00,180.00,0.00,OPEN,0
665744.153,3,0,0,1.000,1.000,1.000,-90.00,180.00,0.00,OPEN,0
665744.204,3,0,0,1.000,1.000,1.000,-90.00,180.00,0.00,OPEN,0
665744.254,3,0,0,1.000,1.000,1.000,-90.00,180.00,0.00,OPEN,0
665744.321,3,0,0,1.000,1.000,1.000,-90.00,180.00,0.00,OPEN,0
665744.355,3,0,0,1.000,1.000,1.000,-90.00,180.00,0.00,OPEN,0
665744.404,3,0,0,1.000,1.000,1.000,-90.00,180.00,0.00,OPEN,0
665744.454,3,0,0,1.000,1.000,1.000,-90.00,180.00,0.00,OPEN,0
665744.503,3,0,0,1.000,1.000,1.000,-90.00,180.00,0.00,OPEN,0
665744.554,3,0,0,1.000,1.000,1.000,-90.00,180.00,0.00,OPEN,0
665744.603,3,0,0,1.000,1.000,1.000,-90.00,180.00,0.00,OPEN,0
665744.654,3,0,0,1.000,1.000,1.000,-90.00,180.00,0.00,OPEN,0
665744.704,3,0,0,1.000,1.000,1.000,-90.00,180.00,0.00,OPEN,0
665744.753,3,0,0,1.000,1.000,1.000,-90.00,180.00,0.00,OPEN,0
665744.804,3,0,0,1.000,1.000,1.000,-90.00,180.00,0.00,OPEN,0
665744.854,3,0,0,1.000,1.000,1.000,-90.00,180.00,0.00,OPEN,0
665744.903,3,0,0,1.000,1.000,1.000,-90.00,180.00,0.00,OPEN,0
665744.953,3,0,0,1.000,1.000,1.000,-90.00,180.00,0.00,OPEN,0
665745.004,3,0,0,1.000,1.000,1.000,-90.00,180.00,0.00,OPEN,0
665745.055,3,0,0,1.000,1.000,1.000,-90.00,180.00,0.00,OPEN,0
665745.104,3,0,0,1.000,1.000,1.000,-90.00,180.00,0.00,OPEN,0
665745.154,3,0,0,1.000,1.000,1.000,-90.00,180.00,0.00,OPEN,0
665745.203,3,0,0,1.000,1.000,1.000,-90.00,180.00,0.00,OPEN,0
665745.254,3,0,0,1.000,1.000,1.000,-90.00,180.00,0.00,OPEN,0
665745.304,3,0,0,1.000,1.000,1.000,-90.00,180.00,0.00,OPEN,0
665745.354,3,0,0,1.000,1.000,1.000,-90.00,180.00,0.00,OPEN,0
665745.403,3,0,0,1.000,1.000,1.000,-90.00,180.00,0.00,OPEN,0
665745.454,3,0,0,1.000,1.000,1.000,-90.00,180.00,0.00,OPEN,0
665745.504,3,0,0,1.000,1.000,1.000,-90.00,180.00,0.00,OPEN,0
665745.554,3,0,0,1.000,1.000,1.000,-90.00,180.00,0.00,OPEN,0
665745.604,3,0,0,1.000,1.000,1.000,-90.00,180.00,0.00,OPEN,0
665745.654,3,0,0,1.000,1.000,1.000,-90.00,180.00,0.00,OPEN,0
665745.703,3,0,0,1.000,1.000,1.000,-90.00,180.00,0.00,OPEN,0
665745.754,3,0,0,1.000,1.000,1.000,-90.00,180.00,0.00,OPEN,0
665745.804,3,0,0,1.000,1.000,1.000,-90.00,180.00,0.00,OPEN,0
665745.854,3,0,0,1.000,1.000,1.000,-90.00,180.00,0.00,OPEN,0
665745.904,3,0,0,1.000,1.000,1.000,-90.00,180.00,0.00,OPEN,0
665745.954,3,0,0,1.000,1.000,1.000,-90.00,180.00,0.00,OPEN,0
665746.004,3,0,0,1.000,1.000,1.000,-90.00,180.00,0.00,OPEN,0
665746.054,3,0,0,1.000,1.000,1.000,-90.00,180.00,0.00,OPEN,0
665746.104,3,0,0,1.000,1.000,1.000,-90.00,180.00,0.00,OPEN,0
665746.167,3,0,0,1.000,1.000,1.000,-90.00,180.00,0.00,OPEN,0
665746.205,3,0,0,1.000,1.000,1.000,-90.00,180.00,0.00,OPEN,0
665746.254,3,0,0,1.000,1.000,1.000,-90.00,180.00,0.00,OPEN,0
665746.304,3,0,0,1.000,1.000,1.000,-90.00,180.00,0.00,OPEN,0
665746.354,3,0,0,1.000,1.000,1.000,-90.00,180.00,0.00,OPEN,0
665746.404,3,0,0,1.000,1.000,1.000,-90.00,180.00,0.00,OPEN,0
665746.453,3,0,0,1.000,1.000,1.000,-90.00,180.00,0.00,OPEN,0
665746.504,3,0,0,1.000,1.000,1.000,-90.00,180.00,0.00,OPEN,0
665746.554,3,0,0,1.000,1.000,1.000,-90.00,180.00,0.00,OPEN,0
665746.604,3,0,0,1.000,1.000,1.000,-90.00,180.00,0.00,OPEN,0
665746.654,3,0,0,1.000,1.000,1.000,-90.00,180.00,0.00,OPEN,0
665746.704,3,0,0,1.000,1.000,1.000,-90.00,180.00,0.00,OPEN,0
665746.753,3,0,0,1.000,1.000,1.000,-90.00,180.00,0.00,OPEN,0
665746.804,3,0,0,1.000,1.000,1.000,-90.00,180.00,0.00,OPEN,0
665746.854,3,0,0,1.000,1.000,1.000,-90.00,180.00,0.00,OPEN,0
665746.904,3,0,0,1.000,1.000,1.000,-90.00,180.00,0.00,OPEN,0
665746.954,3,0,0,1.000,1.000,1.000,-90.00,180.00,0.00,OPEN,0
665747.004,3,0,0,1.000,1.000,1.000,-90.00,180.00,0.00,OPEN,0
665747.053,3,0,0,1.000,1.000,1.000,-90.00,180.00,0.00,OPEN,0
665747.104,3,0,0,1.000,1.000,1.000,-90.00,180.00,0.00,OPEN,0
665747.154,3,0,0,1.000,1.000,1.000,-90.00,180.00,0.00,OPEN,0
665747.204,3,0,0,1.000,1.000,1.000,-90.00,180.00,0.00,OPEN,0
665747.254,3,0,0,1.000,1.000,1.000,-90.00,180.00,0.00,OPEN,0
665747.303,3,0,0,1.000,1.000,1.000,-90.00,180.00,0.00,OPEN,0
665747.354,3,0,0,1.000,1.000,1.000,-90.00,180.00,0.00,OPEN,0
665747.404,3,0,0,1.000,1.000,1.000,-90.00,180.00,0.00,OPEN,0
665747.454,3,0,0,1.000,1.000,1.000,-90.00,180.00,0.00,OPEN,0
665747.504,3,0,0,1.000,1.000,1.000,-90.00,180.00,0.00,OPEN,0
665747.553,3,0,0,1.000,1.000,1.000,-90.00,180.00,0.00,OPEN,0
665747.604,3,0,0,1.000,1.000,1.000,-90.00,180.00,0.00,OPEN,0
665747.654,3,0,0,1.000,1.000,1.000,-90.00,180.00,0.00,OPEN,0
665747.704,3,0,0,1.000,1.000,1.000,-90.00,180.00,0.00,OPEN,0
665747.754,3,0,0,1.000,1.000,1.000,-90.00,180.00,0.00,OPEN,0
665747.804,3,0,0,1.000,1.000,1.000,-90.00,180.00,0.00,OPEN,0
665747.854,3,0,0,1.000,1.000,1.000,-90.00,180.00,0.00,OPEN,0
665747.927,3,0,0,1.000,1.000,1.000,-90.00,180.00,0.00,OPEN,0
665747.955,3,0,0,1.000,1.000,1.000,-90.00,180.00,0.00,OPEN,0
665748.004,3,0,0,1.000,1.000,1.000,-90.00,180.00,0.00,OPEN,0
665748.053,3,0,0,1.000,1.000,1.000,-90.00,180.00,0.00,OPEN,0
665748.104,3,0,0,1.000,1.000,1.000,-90.00,180.00,0.00,OPEN,0
665748.154,3,0,0,1.000,1.000,1.000,-90.00,180.00,0.00,OPEN,0
665748.205,3,0,0,1.000,1.000,1.000,-90.00,180.00,0.00,OPEN,0
665748.254,3,0,0,1.000,1.000,1.000,-90.00,180.00,0.00,OPEN,0
665748.304,3,0,0,1.000,1.000,1.000,-90.00,180.00,0.00,OPEN,0
665748.354,3,0,0,1.000,1.000,1.000,-90.00,180.00,0.00,OPEN,0
665748.403,3,0,0,1.000,1.000,1.000,-90.00,180.00,0.00,OPEN,0
665748.454,3,0,0,1.000,1.000,1.000,-90.00,180.00,0.00,OPEN,0
665748.504,3,0,0,1.000,1.000,1.000,-90.00,180.00,0.00,OPEN,0
665748.554,3,0,0,1.000,1.000,1.000,-90.00,180.00,0.00,OPEN,0
665748.603,3,0,0,1.000,1.000,1.000,-90.00,180.00,0.00,OPEN,0
665748.653,3,0,0,1.000,1.000,1.000,-90.00,180.00,0.00,OPEN,0
665748.705,3,0,0,0.999,1.000,1.000,-90.00,180.00,0.00,OPEN,0
665748.754,3,0,0,0.975,1.000,1.000,-90.00,180.00,0.00,OPEN,0
665748.804,3,0,0,0.869,1.000,1.000,-90.00,180.00,0.00,OPEN,0
665748.854,3,0,0,0.666,1.000,1.000,-90.00,180.00,0.00,OPEN,0
665748.903,3,0,0,0.511,1.000,1.000,-90.00,180.00,0.00,OPEN,0
665748.954,3,0,0,0.589,1.000,1.000,-90.00,180.00,0.00,OPEN,0
665749.004,3,0,0,0.639,1.000,1.000,-90.00,180.00,0.00,OPEN,0
665749.054,3,0,0,0.562,1.000,1.000,-90.00,180.00,0.00,OPEN,0
665749.104,3,0,0,0.920,1.000,1.000,-90.00,180.00,0.00,OPEN,0
665749.153,3,0,0,1.000,1.000,1.000,-90.00,180.00,0.00,OPEN,0
665749.204,3,0,0,1.000,1.000,1.000,-90.00,180.00,0.00,OPEN,0
665749.254,3,0,0,1.000,1.000,1.000,-90.00,180.00,0.00,OPEN,0
665749.304,3,0,0,1.000,1.000,1.000,-90.00,180.00,0.00,OPEN,0
665749.354,3,0,0,1.000,1.000,1.000,-90.00,180.00,0.00,OPEN,0
665749.403,3,0,0,1.000,1.000,1.000,-90.00,180.00,0.00,OPEN,0
665749.454,0,0,0,1.000,1.000,1.000,-90.00,180.00,0.00,OPEN,0
665749.504,0,0,0,1.000,1.000,1.000,-90.00,180.00,0.00,OPEN,0
665749.565,0,0,0,1.000,1.000,1.000,-90.00,180.00,0.00,OPEN,0
665749.605,0,0,0,1.000,1.000,1.000,-90.00,180.00,0.00,OPEN,0
665749.653,0,0,0,1.000,1.000,1.000,-90.00,180.00,0.00,OPEN,0
665749.703,0,0,0,1.000,1.000,1.000,-90.00,180.00,0.00,OPEN,0
665749.754,0,0,0,1.000,1.000,1.000,-90.00,180.00,0.00,OPEN,0
665749.804,0,0,0,1.000,1.000,1.000,-90.00,180.00,0.00,OPEN,0
665749.854,0,0,0,1.000,1.000,1.000,-90.00,180.00,0.00,OPEN,0
665749.903,0,0,0,1.000,1.000,1.000,-90.00,180.00,0.00,OPEN,0
665749.954,0,0,0,1.000,1.000,1.000,-90.00,180.00,0.00,OPEN,0
665750.003,0,0,0,1.000,1.000,1.000,-90.00,180.00,0.00,OPEN,0
665750.054,0,0,0,1.000,1.000,1.000,-90.00,180.00,0.00,OPEN,0
665750.104,0,0,0,1.000,1.000,1.000,-90.00,180.00,0.00,OPEN,0
665750.154,0,0,0,1.000,1.000,1.000,-90.00,180.00,0.00,OPEN,0
665750.204,0,0,0,1.000,1.000,1.000,-90.00,180.00,0.00,OPEN,0
665750.254,0,0,0,1.000,1.000,1.000,-90.00,180.00,0.00,OPEN,0
665750.304,0,0,0,1.000,1.000,1.000,-90.00,180.00,0.00,OPEN,0
665750.355,0,0,0,1.000,1.000,1.000,-90.00,180.00,0.00,OPEN,0
665750.404,0,0,0,1.000,1.000,1.000,-90.00,180.00,0.00,OPEN,0
665750.455,0,0,0,0.999,1.000,1.000,-90.00,180.00,0.00,OPEN,0
665750.504,0,0,0,1.000,1.000,1.000,-90.00,180.00,0.00,OPEN,0
665750.554,0,0,0,1.000,1.000,1.000,-90.00,180.00,0.00,OPEN,0
665750.604,0,0,0,1.000,1.000,1.000,-90.00,180.00,0.00,OPEN,0
665750.654,0,0,0,1.000,1.000,1.000,-90.00,180.00,0.00,OPEN,0
665750.704,0,0,0,1.000,1.000,1.000,-90.00,180.00,0.00,OPEN,0
665750.754,0,0,0,1.000,1.000,1.000,-90.00,180.00,0.00,OPEN,0
665750.804,0,0,0,1.000,1.000,1.000,-90.00,180.00,0.00,OPEN,0
665750.854,0,0,0,1.000,1.000,1.000,-90.00,180.00,0.00,OPEN,0
665750.904,0,0,0,1.000,1.000,1.000,-90.00,180.00,0.00,OPEN,0
665750.955,0,0,0,1.000,1.000,1.000,-90.00,180.00,0.00,OPEN,0
665751.005,0,0,0,1.000,1.000,1.000,-90.00,180.00,0.00,OPEN,0
665751.054,0,0,0,1.000,1.000,1.000,-90.00,180.00,0.00,OPEN,0
665751.104,0,0,0,1.000,1.000,1.000,-90.00,180.00,0.00,OPEN,0
665751.154,0,0,0,1.000,1.000,1.000,-90.00,180.00,0.00,OPEN,0
665751.204,0,0,0,1.000,1.000,1.000,-90.00,180.00,0.00,OPEN,0
665751.253,0,0,0,1.000,1.000,1.000,-90.00,180.00,0.00,OPEN,0
665751.304,0,0,0,1.000,1.000,1.000,-90.00,180.00,0.00,OPEN,0
665751.354,0,0,0,1.000,1.000,1.000,-90.00,180.00,0.00,OPEN,0
665751.404,0,0,0,1.000,1.000,1.000,-90.00,180.00,0.00,OPEN,0
665751.454,0,0,0,1.000,1.000,1.000,-90.00,180.00,0.00,OPEN,0
665751.504,0,0,0,1.000,1.000,1.000,-90.00,180.00,0.00,OPEN,0
665751.554,0,0,0,1.000,1.000,1.000,-90.00,180.00,0.00,OPEN,0
665751.604,0,0,0,1.000,1.000,1.000,-90.00,180.00,0.00,OPEN,0
665751.654,0,0,0,1.000,1.000,1.000,-90.00,180.00,0.00,OPEN,0
665751.704,0,0,0,1.000,1.000,1.000,-90.00,180.00,0.00,OPEN,0
665751.754,0,0,0,1.000,1.000,1.000,-90.00,180.00,0.00,OPEN,0
665751.804,0,0,0,1.000,1.000,1.000,-90.00,180.00,0.00,OPEN,0
665751.853,0,0,0,1.000,1.000,1.000,-90.00,180.00,0.00,OPEN,0
665751.915,0,0,0,1.000,1.000,1.000,-90.00,180.00,0.00,OPEN,0
665751.955,0,0,0,1.000,1.000,1.000,-90.00,180.00,0.00,OPEN,0
665752.003,0,0,0,1.000,1.000,1.000,-90.00,180.00,0.00,OPEN,0
665752.054,0,0,0,1.000,1.000,1.000,-90.00,180.00,0.00,OPEN,0
665752.103,0,0,0,1.000,1.000,1.000,-90.00,180.00,0.00,OPEN,0
665752.154,0,0,0,1.000,1.000,1.000,-90.00,180.00,0.00,OPEN,0
665752.204,0,0,0,1.000,1.000,1.000,-90.00,180.00,0.00,OPEN,0
665752.254,0,0,0,1.000,1.000,1.000,-90.00,180.00,0.00,OPEN,0
665752.304,0,0,0,1.000,1.000,1.000,-90.00,180.00,0.00,OPEN,0
665752.354,0,0,0,1.000,1.000,1.000,-90.00,180.00,0.00,OPEN,0
665752.404,0,0,0,1.000,1.000,1.000,-90.00,180.00,0.00,OPEN,0
665752.454,0,0,0,1.000,1.000,1.000,-90.00,180.00,0.00,OPEN,0
665752.504,0,0,0,1.000,1.000,1.000,-90.00,180.00,0.00,OPEN,0
665752.554,0,0,0,1.000,1.000,1.000,-90.00,180.00,0.00,OPEN,0
665752.604,0,0,0,1.000,1.000,1.000,-90.00,180.00,0.00,OPEN,0
665752.654,0,0,0,1.000,1.000,1.000,-90.00,180.00,0.00,OPEN,0
665752.707,0,0,0,1.000,1.000,1.000,-90.00,180.00,0.00,OPEN,0
665752.755,0,0,0,1.000,1.000,1.000,-90.00,180.00,0.00,OPEN,0
665752.804,0,0,0,1.000,1.000,1.000,-90.00,180.00,0.00,OPEN,0
665752.854,0,0,0,1.000,1.000,1.000,-90.00,180.00,0.00,OPEN,0
665752.904,0,0,0,1.000,1.000,1.000,-90.00,180.00,0.00,OPEN,0
665752.954,0,0,0,1.000,1.000,1.000,-90.00,180.00,0.00,OPEN,0
665753.004,0,0,0,1.000,1.000,1.000,-90.00,180.00,0.00,OPEN,0
665753.054,0,0,0,1.000,1.000,1.000,-90.00,180.00,0.00,OPEN,0
665753.104,0,0,0,1.000,1.000,1.000,-90.00,180.00,0.00,OPEN,0
665753.157,0,0,0,1.000,1.000,1.000,-90.00,180.00,0.00,OPEN,0
665753.204,0,0,0,1.000,1.000,1.000,-90.00,180.00,0.00,OPEN,0
665753.254,0,0,0,1.000,1.000,1.000,-90.00,180.00,0.00,OPEN,0
665753.304,0,0,0,1.000,1.000,1.000,-90.00,180.00,0.00,OPEN,0
665753.354,0,0,0,1.000,1.000,1.000,-90.00,180.00,0.00,OPEN,0
665753.405,0,0,0,1.000,1.000,1.000,-90.00,180.00,0.00,OPEN,0
665753.454,0,0,0,1.000,1.000,1.000,-90.00,180.00,0.00,OPEN,0
665753.504,0,0,0,1.000,1.000,1.000,-90.00,180.00,0.00,OPEN,0
665753.554,0,0,0,1.000,1.000,1.000,-90.00,180.00,0.00,OPEN,0
665753.607,0,0,0,1.000,1.000,1.000,-90.00,180.00,0.00,OPEN,0
665753.654,0,0,0,1.000,1.000,1.000,-90.00,180.00,0.00,OPEN,0
665753.704,0,0,0,1.000,1.000,1.000,-90.00,180.00,0.00,OPEN,0
665753.754,0,0,0,1.000,1.000,1.000,-90.00,180.00,0.00,OPEN,0
665753.804,0,0,0,1.000,1.000,1.000,-90.00,180.00,0.00,OPEN,0
665753.854,0,0,0,1.000,1.000,1.000,-90.00,180.00,0.00,OPEN,0
665753.904,0,0,0,1.000,1.000,1.000,-90.00,180.00,0.00,OPEN,0
665753.954,0,0,0,1.000,1.000,1.000,-90.00,180.00,0.00,OPEN,0
665754.004,0,0,0,1.000,1.000,1.000,-90.00,180.00,0.00,OPEN,0
665754.054,0,0,0,1.000,1.000,1.000,-90.00,180.00,0.00,OPEN,0
665754.104,0,0,0,1.000,1.000,1.000,-90.00,180.00,0.00,OPEN,0
665754.154,0,0,0,1.000,1.000,1.000,-90.00,180.00,0.00,OPEN,0
665754.209,0,0,0,1.000,1.000,1.000,-90.00,180.00,0.00,OPEN,0
665754.257,0,0,0,1.000,1.000,1.000,-90.00,180.00,0.00,OPEN,0
665754.304,0,0,0,1.000,1.000,1.000,-90.00,180.00,0.00,OPEN,0
665754.354,0,0,0,1.000,1.000,1.000,-90.00,180.00,0.00,OPEN,0
665754.404,0,0,0,1.000,1.000,1.000,-90.00,180.00,0.00,OPEN,0
665754.453,0,0,0,1.000,1.000,1.000,-90.00,180.00,0.00,OPEN,0
665754.504,0,0,0,1.000,1.000,1.000,-90.00,180.00,0.00,OPEN,0
665754.554,0,0,0,1.000,1.000,1.000,-90.00,180.00,0.00,OPEN,0
665754.604,0,0,0,1.000,1.000,1.000,-90.00,180.00,0.00,OPEN,0
665754.654,0,0,0,1.000,1.000,1.000,-90.00,180.00,0.00,OPEN,0
665754.704,0,0,0,1.000,1.000,1.000,-90.00,180.00,0.00,OPEN,0
665754.754,0,0,0,1.000,1.000,1.000,-90.00,180.00,0.00,OPEN,0
665754.805,0,0,0,1.000,1.000,1.000,-90.00,180.00,0.00,OPEN,0
665754.854,0,0,0,1.000,1.000,1.000,-90.00,180.00,0.00,OPEN,0
665754.904,0,0,0,1.000,1.000,1.000,-90.00,180.00,0.00,OPEN,0
665754.954,0,0,0,1.000,1.000,1.000,-90.00,180.00,0.00,OPEN,0
665755.004,0,0,0,1.000,1.000,1.000,-90.00,180.00,0.00,OPEN,0
665755.054,0,0,0,1.000,1.000,1.000,-90.00,180.00,0.00,OPEN,0
665755.104,0,0,0,1.000,1.000,1.000,-90.00,180.00,0.00,OPEN,0
665755.154,0,0,0,1.000,1.000,1.000,-90.00,180.00,0.00,OPEN,0
665755.204,0,0,0,1.000,1.000,1.000,-90.00,180.00,0.00,OPEN,0
665755.254,0,0,0,1.000,1.000,1.000,-90.00,180.00,0.00,OPEN,0
665755.305,0,0,0,1.000,1.000,1.000,-90.00,180.00,0.00,OPEN,0
665755.354,0,0,0,1.000,1.000,1.000,-90.00,180.00,0.00,OPEN,0
665755.404,0,0,0,1.000,1.000,1.000,-90.00,180.00,0.00,OPEN,0
665755.454,0,0,0,1.000,1.000,1.000,-90.00,180.00,0.00,OPEN,0
665755.504,0,0,0,1.000,1.000,1.000,-90.00,180.00,0.00,OPEN,0
665755.555,0,0,0,1.000,1.000,1.000,-90.00,180.00,0.00,OPEN,0
665755.604,0,0,0,1.000,1.000,1.000,-90.00,180.00,0.00,OPEN,0
665755.654,0,0,0,1.000,1.000,1.000,-90.00,180.00,0.00,OPEN,0
665755.704,0,0,0,1.000,1.000,1.000,-90.00,180.00,0.00,OPEN,0
665755.754,0,0,0,1.000,1.000,1.000,-90.00,180.00,0.00,OPEN,0
665755.804,0,0,0,1.000,1.000,1.000,-90.00,180.00,0.00,OPEN,0
665755.854,0,0,0,1.000,1.000,1.000,-90.00,180.00,0.00,OPEN,0
665755.904,0,0,0,1.000,1.000,1.000,-90.00,180.00,0.00,OPEN,0
665755.954,0,0,0,1.000,1.000,1.000,-90.00,180.00,0.00,OPEN,0
665756.015,0,0,0,1.000,1.000,1.000,-90.00,180.00,0.00,OPEN,0
665756.056,0,0,0,1.000,1.000,1.000,-90.00,180.00,0.00,OPEN,0
665756.104,0,0,0,1.000,1.000,1.000,-90.00,180.00,0.00,OPEN,0
665756.154,0,0,0,1.000,1.000,1.000,-90.00,180.00,0.00,OPEN,0
665756.204,0,0,0,1.000,1.000,1.000,-90.00,180.00,0.00,OPEN,0
665756.254,0,0,0,0.982,1.000,1.000,-90.00,180.00,0.00,OPEN,0
665756.304,0,0,0,0.952,1.000,1.000,-90.00,180.00,0.00,OPEN,0
665756.354,0,0,0,0.999,1.000,1.000,-90.00,180.00,0.00,OPEN,0
665756.404,0,0,0,1.000,1.000,1.000,-90.00,180.00,0.00,OPEN,0
665756.454,0,0,0,1.000,1.000,1.000,-90.00,180.00,0.00,OPEN,0
665756.504,0,0,0,1.000,1.000,1.000,-90.00,180.00,0.00,OPEN,0
665756.554,0,0,0,0.999,1.000,1.000,-90.00,180.00,0.00,OPEN,0
665756.605,0,0,0,0.996,1.000,1.000,-90.00,180.00,0.00,OPEN,0
665756.654,0,0,0,0.806,1.000,1.000,-90.00,180.00,0.00,OPEN,0
665756.704,1,0,0,0.951,1.000,1.000,-90.00,180.00,0.00,OPEN,0
665756.754,1,0,0,0.993,0.999,1.000,-90.00,180.00,0.00,OPEN,0
665756.804,1,0,0,0.998,0.990,1.000,-90.00,180.00,0.00,OPEN,0
665756.853,1,0,0,0.999,0.931,1.000,-90.00,180.00,0.00,OPEN,0
665756.905,1,0,0,1.000,0.866,1.000,-90.00,180.00,0.00,OPEN,0
665756.954,1,0,0,1.000,0.816,1.000,-90.00,180.00,0.00,OPEN,0
665757.003,1,0,0,1.000,0.773,1.000,-90.00,180.00,0.00,OPEN,0
665757.053,1,0,0,1.000,0.744,1.000,-90.00,180.00,0.00,OPEN,0
665757.104,1,0,0,1.000,0.728,1.000,-90.00,180.00,0.00,OPEN,0
665757.154,1,0,0,1.000,0.690,1.000,-90.00,180.00,0.00,OPEN,0
665757.204,1,0,0,1.000,0.648,1.000,-90.00,180.00,0.00,OPEN,0
665757.254,1,0,0,1.000,0.651,1.000,-90.00,180.00,0.00,OPEN,0
665757.304,1,0,0,1.000,0.551,1.000,-90.00,180.00,0.00,OPEN,0
665757.363,3,0,0,1.000,0.662,1.000,-90.00,180.00,0.00,OPEN,0
665757.405,3,0,0,1.000,0.952,1.000,-90.00,180.00,0.00,OPEN,0
665757.453,3,0,0,1.000,0.996,1.000,-90.00,180.00,0.00,OPEN,0
665757.504,3,0,0,1.000,0.999,0.999,-90.00,180.00,0.00,OPEN,0
665757.554,3,0,0,1.000,1.000,0.965,-90.00,180.00,0.00,OPEN,0
665757.604,3,0,0,1.000,1.000,0.972,-90.00,180.00,0.00,OPEN,0
665757.654,3,0,0,1.000,1.000,0.979,-90.00,180.00,0.00,OPEN,0
665757.704,3,0,0,1.000,1.000,0.981,-90.00,180.00,0.00,OPEN,0
665757.754,3,0,0,1.000,1.000,0.981,-90.00,180.00,0.00,OPEN,0
665757.804,3,0,0,1.000,1.000,0.979,-90.00,180.00,0.00,OPEN,0
665757.854,3,0,0,1.000,1.000,0.972,-90.00,180.00,0.00,OPEN,0
665757.903,3,0,0,1.000,1.000,0.946,-90.00,180.00,0.00,OPEN,0
665757.954,3,0,0,1.000,1.000,0.910,-90.00,180.00,0.00,OPEN,0
665758.004,3,0,0,1.000,1.000,0.848,-90.00,180.00,0.00,OPEN,0
665758.054,3,0,0,1.000,1.000,0.789,-90.00,180.00,0.00,OPEN,0
665758.104,3,0,0,1.000,1.000,0.723,-90.00,180.00,0.00,OPEN,0
665758.154,3,0,0,1.000,1.000,0.663,-90.00,180.00,0.00,OPEN,0
665758.204,3,1,0,1.000,1.000,0.627,-90.00,180.00,0.00,OPEN,0
665758.254,3,1,0,1.000,0.999,0.636,-90.00,180.00,0.00,OPEN,0
665758.304,3,1,0,1.000,0.999,0.620,-90.00,180.00,0.00,OPEN,0
665758.354,3,1,0,1.000,0.998,0.647,-90.00,180.00,0.00,OPEN,0
665758.404,3,1,0,1.000,0.995,0.725,-90.00,180.00,0.00,OPEN,0
665758.454,3,1,0,1.000,0.989,0.789,-90.00,180.00,0.00,OPEN,0
665758.504,3,1,0,1.000,0.975,0.826,-90.00,180.00,0.00,OPEN,0
665758.554,3,1,0,1.000,0.961,0.817,-90.00,180.00,0.00,OPEN,0
665758.603,3,1,0,1.000,0.954,0.817,-90.00,180.00,0.00,OPEN,0
665758.654,3,1,0,1.000,0.965,0.816,-90.00,180.00,0.00,OPEN,0
665758.704,3,1,0,1.000,0.978,0.832,-90.00,180.00,0.00,OPEN,0
665758.755,3,1,0,1.000,0.995,0.915,-90.00,180.00,0.00,OPEN,0
665758.804,3,1,0,1.000,0.999,0.964,-90.00,180.00,0.00,OPEN,0
665758.853,3,1,0,1.000,1.000,0.983,-90.00,180.00,0.00,OPEN,0
665758.904,3,1,0,1.000,1.000,0.994,-90.00,180.00,0.00,OPEN,0
665758.954,3,1,0,1.000,1.000,0.996,-90.00,180.00,0.00,OPEN,0
665759.004,3,1,0,1.000,1.000,0.996,-90.00,180.00,0.00,OPEN,0
665759.054,3,1,0,1.000,1.000,0.996,-90.00,180.00,0.00,OPEN,0
665759.104,3,1,0,1.000,1.000,0.995,-90.00,180.00,0.00,OPEN,0
665759.154,3,1,0,1.000,1.000,0.995,-90.00,180.00,0.00,OPEN,0
665759.203,3,1,0,1.000,1.000,0.994,-90.00,180.00,0.00,OPEN,0
665759.254,3,1,0,1.000,1.000,0.990,-90.00,180.00,0.00,OPEN,0
665759.304,3,1,0,1.000,1.000,0.982,-90.00,180.00,0.00,OPEN,0
665759.354,3,1,0,1.000,1.000,0.976,-90.00,180.00,0.00,OPEN,0
665759.404,3,1,0,1.000,1.000,0.975,-90.00,180.00,0.00,OPEN,0
665759.454,3,1,0,1.000,1.000,0.984,-90.00,180.00,0.00,OPEN,0
665759.503,3,1,0,1.000,0.999,0.990,-90.00,180.00,0.00,OPEN,0
665759.554,3,1,0,1.000,0.999,0.994,-90.00,180.00,0.00,OPEN,0
665759.604,3,1,0,1.000,0.999,0.997,-90.00,180.00,0.00,OPEN,0
665759.654,3,1,0,1.000,0.999,0.998,-90.00,180.00,0.00,OPEN,0
665759.704,3,1,0,1.000,0.999,0.999,-90.00,180.00,0.00,OPEN,0
665759.754,3,1,0,1.000,0.999,0.999,-90.00,180.00,0.00,OPEN,0
665759.803,3,1,0,1.000,1.000,0.999,-90.00,180.00,0.00,OPEN,0
665759.853,3,1,0,1.000,1.000,0.999,-90.00,180.00,0.00,OPEN,0
665759.904,3,1,0,1.000,1.000,0.999,-90.00,180.00,0.00,OPEN,0
665759.966,3,1,0,1.000,1.000,0.998,-90.00,180.00,0.00,OPEN,0
665760.008,3,1,0,1.000,1.000,0.997,-90.00,180.00,0.00,OPEN,0
665760.054,3,1,0,1.000,1.000,0.997,-90.00,180.00,0.00,OPEN,0
665760.103,3,1,0,1.000,1.000,0.997,-90.00,180.00,0.00,OPEN,0
665760.154,3,1,0,1.000,1.000,0.997,-90.00,180.00,0.00,OPEN,0
665760.204,3,1,0,1.000,1.000,0.997,-90.00,180.00,0.00,OPEN,0
665760.254,3,1,0,1.000,1.000,0.997,-90.00,180.00,0.00,OPEN,0
665760.304,3,1,0,1.000,1.000,0.996,-90.00,180.00,0.00,OPEN,0
665760.354,3,1,0,1.000,1.000,0.995,-90.00,180.00,0.00,OPEN,0
665760.404,3,1,0,1.000,1.000,0.995,-90.00,180.00,0.00,OPEN,0
665760.453,3,1,0,1.000,1.000,0.992,-90.00,180.00,0.00,OPEN,0
665760.504,3,1,0,1.000,1.000,0.985,-90.00,180.00,0.00,OPEN,0
665760.554,3,1,0,1.000,0.999,0.967,-90.00,180.00,0.00,OPEN,0
665760.604,3,1,0,1.000,0.999,0.928,-90.00,180.00,0.00,OPEN,0
665760.654,3,1,0,1.000,0.999,0.843,-90.00,180.00,0.00,OPEN,0
665760.704,3,1,0,1.000,0.999,0.762,-90.00,180.00,0.00,OPEN,0
665760.755,3,1,0,1.000,1.000,0.710,-90.00,180.00,0.00,OPEN,0
665760.804,3,1,0,1.000,1.000,0.760,-90.00,180.00,0.00,OPEN,0
665760.853,3,1,0,1.000,1.000,0.890,-90.00,180.00,0.00,OPEN,0
665760.904,3,1,0,1.000,1.000,0.955,-90.00,180.00,0.00,OPEN,0
665760.954,3,1,0,1.000,1.000,0.985,-90.00,180.00,0.00,OPEN,0
665761.004,3,1,0,1.000,1.000,0.996,-90.00,180.00,0.00,OPEN,0
665761.054,3,1,0,1.000,1.000,0.998,-90.00,180.00,0.00,OPEN,0
665761.103,3,1,0,1.000,1.000,0.999,-90.00,180.00,0.00,OPEN,0
665761.153,3,1,0,1.000,1.000,0.999,-90.00,180.00,0.00,OPEN,0
665761.204,3,1,0,1.000,1.000,0.999,-90.00,180.00,0.00,OPEN,0
665761.255,3,1,0,1.000,0.999,0.999,-90.00,180.00,0.00,OPEN,0
665761.304,3,1,0,1.000,0.999,0.999,-90.00,180.00,0.00,OPEN,0
665761.354,3,1,0,1.000,0.998,0.999,-90.00,180.00,0.00,OPEN,0
665761.404,3,1,0,1.000,0.997,0.999,-90.00,180.00,0.00,OPEN,0
665761.454,3,1,0,1.000,0.995,0.998,-90.00,180.00,0.00,OPEN,0
665761.504,3,1,0,1.000,0.994,0.997,-90.00,180.00,0.00,OPEN,0
665761.554,3,1,0,1.000,0.995,0.997,-90.00,180.00,0.00,OPEN,0
665761.604,3,1,0,1.000,0.997,0.997,-90.00,180.00,0.00,OPEN,0
665761.654,3,1,0,1.000,0.999,0.997,-90.00,180.00,0.00,OPEN,0
665761.716,3,1,0,1.000,0.999,0.997,-90.00,180.00,0.00,OPEN,0
665761.756,3,1,0,1.000,1.000,0.998,-90.00,180.00,0.00,OPEN,0
665761.804,3,1,0,1.000,1.000,0.997,-90.00,180.00,0.00,OPEN,0
665761.854,3,1,0,1.000,1.000,0.996,-90.00,180.00,0.00,OPEN,0
665761.904,3,1,0,1.000,1.000,0.994,-90.00,180.00,0.00,OPEN,0
665761.954,3,1,0,1.000,1.000,0.993,-90.00,180.00,0.00,OPEN,0
665762.004,3,1,0,1.000,1.000,0.990,-90.00,180.00,0.00,OPEN,0
665762.054,3,1,0,1.000,1.000,0.981,-90.00,180.00,0.00,OPEN,0
665762.104,3,1,0,1.000,0.999,0.976,-90.00,180.00,0.00,OPEN,0
665762.154,3,1,0,1.000,0.995,0.974,-90.00,180.00,0.00,OPEN,0
665762.204,3,1,0,1.000,0.947,0.979,-90.00,180.00,0.00,OPEN,0
665762.253,3,1,0,1.000,0.548,0.992,-90.00,180.00,0.00,OPEN,0
665762.304,3,1,0,1.000,0.891,0.997,-90.00,180.00,0.00,OPEN,0
665762.354,3,1,0,1.000,0.988,0.999,-90.00,180.00,0.00,OPEN,0
665762.404,3,1,0,0.997,0.998,1.000,-90.00,180.00,0.00,OPEN,0
665762.454,3,1,0,0.995,0.999,1.000,-90.00,180.00,0.00,OPEN,0
665762.504,3,1,0,0.916,1.000,1.000,-90.00,180.00,0.00,OPEN,0
665762.554,3,1,0,0.975,1.000,1.000,-90.00,180.00,0.00,OPEN,0
665762.604,3,1,0,1.000,1.000,1.000,-90.00,180.00,0.00,OPEN,0
665762.654,3,1,0,0.998,1.000,1.000,-90.00,180.00,0.00,OPEN,0
665762.704,3,1,0,0.998,1.000,1.000,-90.00,180.00,0.00,OPEN,0
665762.754,3,1,0,0.998,1.000,1.000,-90.00,180.00,0.00,OPEN,0
665762.804,3,1,0,0.997,1.000,1.000,-90.00,180.00,0.00,OPEN,0
665762.854,3,1,0,0.994,1.000,1.000,-90.00,180.00,0.00,OPEN,0
665762.904,0,1,0,0.991,1.000,1.000,-90.00,180.00,0.00,OPEN,0
665762.955,0,1,0,0.991,1.000,1.000,-90.00,180.00,0.00,OPEN,0
665763.004,0,1,0,0.765,0.996,1.000,-90.00,180.00,0.00,OPEN,0
665763.054,0,1,0,0.975,1.000,1.000,-90.00,180.00,0.00,OPEN,0
665763.116,0,1,0,0.637,1.000,1.000,-90.00,180.00,0.00,OPEN,0
665763.155,0,0,0,0.962,1.000,1.000,-90.00,180.00,0.00,OPEN,0
665763.204,0,0,0,0.935,1.000,1.000,-90.00,180.00,0.00,OPEN,0
665763.253,0,0,0,0.959,1.000,1.000,-90.00,180.00,0.00,OPEN,0
665763.304,0,0,0,0.817,1.000,1.000,-90.00,180.00,0.00,OPEN,0
665763.354,0,0,0,0.875,1.000,1.000,-90.00,180.00,0.00,OPEN,0
665763.404,0,0,0,0.834,1.000,1.000,-90.00,180.00,0.00,OPEN,0
665763.455,0,0,0,0.585,1.000,1.000,-90.00,180.00,0.00,OPEN,0
665763.503,0,0,0,0.861,1.000,1.000,-90.00,180.00,0.00,OPEN,0
665763.554,1,0,0,0.935,1.000,1.000,-90.00,180.00,0.00,OPEN,0
665763.604,1,0,0,0.961,1.000,1.000,-90.00,180.00,0.00,OPEN,0
665763.654,1,0,0,0.967,1.000,1.000,-90.00,180.00,0.00,OPEN,0
665763.703,1,0,0,0.969,1.000,1.000,-90.00,180.00,0.00,OPEN,0
665763.754,1,0,0,0.980,1.000,1.000,-90.00,180.00,0.00,OPEN,0
665763.804,1,0,0,0.989,1.000,1.000,-90.00,180.00,0.00,OPEN,0
665763.853,0,0,0,0.996,1.000,1.000,-90.00,180.00,0.00,OPEN,0
665763.904,0,0,0,1.000,1.000,1.000,-90.00,180.00,0.00,OPEN,0
665763.954,0,0,0,1.000,1.000,1.000,-90.00,180.00,0.00,OPEN,0
665764.004,0,0,0,1.000,1.000,1.000,-90.00,180.00,0.00,OPEN,0
665764.054,0,0,0,1.000,1.000,1.000,-90.00,180.00,0.00,OPEN,0
665764.104,0,0,0,1.000,1.000,1.000,-90.00,180.00,0.00,OPEN,0
665764.154,0,0,0,1.000,1.000,1.000,-90.00,180.00,0.00,OPEN,0
665764.204,0,0,0,1.000,1.000,1.000,-90.00,180.00,0.00,OPEN,0
665764.254,0,0,0,1.000,1.000,1.000,-90.00,180.00,0.00,OPEN,0
665764.303,0,0,0,1.000,1.000,1.000,-90.00,180.00,0.00,OPEN,0
665764.354,0,0,0,1.000,1.000,1.000,-90.00,180.00,0.00,OPEN,0
665764.404,0,0,0,1.000,1.000,1.000,-90.00,180.00,0.00,OPEN,0
665764.454,0,0,0,1.000,1.000,1.000,-90.00,180.00,0.00,OPEN,0
665764.504,0,0,0,1.000,1.000,1.000,-90.00,180.00,0.00,OPEN,0
665764.553,0,0,0,1.000,1.000,1.000,-90.00,180.00,0.00,OPEN,0
665764.604,0,0,0,1.000,1.000,1.000,-90.00,180.00,0.00,OPEN,0
665764.654,0,0,0,1.000,1.000,1.000,-90.00,180.00,0.00,OPEN,0
665764.704,0,0,0,1.000,1.000,1.000,-90.00,180.00,0.00,OPEN,0
665764.754,0,0,0,1.000,1.000,1.000,-90.00,180.00,0.00,OPEN,0
665764.804,0,0,0,1.000,1.000,1.000,-90.00,180.00,0.00,OPEN,0
665764.854,0,0,0,1.000,1.000,1.000,-90.00,180.00,0.00,OPEN,0
665764.903,0,0,0,1.000,1.000,1.000,-90.00,180.00,0.00,OPEN,0
665764.955,0,0,0,1.000,1.000,1.000,-90.00,180.00,0.00,OPEN,0
665765.004,0,0,0,1.000,1.000,1.000,-90.00,180.00,0.00,OPEN,0
665765.063,0,0,0,1.000,1.000,1.000,-90.00,180.00,0.00,OPEN,0
665765.105,0,0,0,1.000,1.000,1.000,-90.00,180.00,0.00,OPEN,0
665765.154,0,0,0,1.000,1.000,1.000,-90.00,180.00,0.00,OPEN,0
665765.204,0,0,0,1.000,1.000,1.000,-90.00,180.00,0.00,OPEN,0
665765.254,0,0,0,1.000,1.000,1.000,-90.00,180.00,0.00,OPEN,0
665765.303,0,0,0,1.000,1.000,1.000,-90.00,180.00,0.00,OPEN,0
665765.354,0,0,0,1.000,1.000,1.000,-90.00,180.00,0.00,OPEN,0
665765.404,0,0,0,1.000,1.000,1.000,-90.00,180.00,0.00,OPEN,0
665765.454,0,0,0,1.000,1.000,1.000,-90.00,180.00,0.00,OPEN,0
665765.504,0,0,0,1.000,1.000,1.000,-90.00,180.00,0.00,OPEN,0
665765.554,0,0,0,1.000,1.000,1.000,-90.00,180.00,0.00,OPEN,0
665765.604,0,0,0,1.000,1.000,1.000,-90.00,180.00,0.00,OPEN,0
665765.654,0,0,0,1.000,1.000,1.000,-90.00,180.00,0.00,OPEN,0
665765.704,0,0,0,1.000,1.000,1.000,-90.00,180.00,0.00,OPEN,0
665765.754,0,0,0,1.000,1.000,1.000,-90.00,180.00,0.00,OPEN,0
665765.804,0,0,0,1.000,1.000,1.000,-90.00,180.00,0.00,OPEN,0
665765.853,0,0,0,1.000,1.000,1.000,-90.00,180.00,0.00,OPEN,0
665765.904,0,0,0,1.000,1.000,1.000,-90.00,180.00,0.00,OPEN,0
665765.954,0,0,0,1.000,1.000,1.000,-90.00,180.00,0.00,OPEN,0
665766.004,0,0,0,1.000,1.000,1.000,-90.00,180.00,0.00,OPEN,0
665766.053,0,0,0,1.000,1.000,1.000,-90.00,180.00,0.00,OPEN,0
665766.104,0,0,0,1.000,1.000,1.000,-90.00,180.00,0.00,OPEN,0
665766.154,0,0,0,1.000,1.000,1.000,-90.00,180.00,0.00,OPEN,0
665766.204,0,0,0,1.000,1.000,1.000,-90.00,180.00,0.00,OPEN,0
665766.254,0,0,0,1.000,1.000,1.000,-90.00,180.00,0.00,OPEN,0
665766.304,0,0,0,1.000,1.000,1.000,-90.00,180.00,0.00,OPEN,0
665766.354,0,0,0,1.000,1.000,1.000,-90.00,180.00,0.00,OPEN,0
665766.404,0,0,0,1.000,1.000,1.000,-90.00,180.00,0.00,OPEN,0
665766.454,0,0,0,1.000,1.000,1.000,-90.00,180.00,0.00,OPEN,0
665766.504,0,0,0,1.000,1.000,1.000,-90.00,180.00,0.00,OPEN,0
665766.554,0,0,0,1.000,1.000,1.000,-90.00,180.00,0.00,OPEN,0
665766.603,0,0,0,1.000,1.000,1.000,-90.00,180.00,0.00,OPEN,0
665766.654,0,0,0,1.000,1.000,1.000,-90.00,180.00,0.00,OPEN,0
665766.704,0,0,0,1.000,1.000,1.000,-90.00,180.00,0.00,OPEN,0
665766.773,0,0,0,1.000,1.000,1.000,-90.00,180.00,0.00,OPEN,0
665766.805,0,0,0,1.000,1.000,1.000,-90.00,180.00,0.00,OPEN,0
665766.854,0,0,0,1.000,1.000,1.000,-90.00,180.00,0.00,OPEN,0
665766.903,0,0,0,1.000,1.000,1.000,-90.00,180.00,0.00,OPEN,0
665766.954,0,0,0,1.000,1.000,1.000,-90.00,180.00,0.00,OPEN,0
665767.004,0,0,0,1.000,1.000,1.000,-90.00,180.00,0.00,OPEN,0
665767.054,0,0,0,1.000,1.000,1.000,-90.00,180.00,0.00,OPEN,0
665767.104,0,0,0,1.000,1.000,1.000,-90.00,180.00,0.00,OPEN,0
665767.154,0,0,0,1.000,1.000,1.000,-90.00,180.00,0.00,OPEN,0
665767.204,0,0,0,1.000,1.000,1.000,-90.00,180.00,0.00,OPEN,0
665767.254,0,0,0,1.000,1.000,1.000,-90.00,180.00,0.00,OPEN,0
665767.303,0,0,0,1.000,1.000,1.000,-90.00,180.00,0.00,OPEN,0
665767.353,0,0,0,1.000,1.000,1.000,-90.00,180.00,0.00,OPEN,0
665767.404,0,0,0,1.000,1.000,1.000,-90.00,180.00,0.00,OPEN,0
665767.453,0,0,0,1.000,1.000,1.000,-90.00,180.00,0.00,OPEN,0
665767.504,0,0,0,1.000,1.000,1.000,-90.00,180.00,0.00,OPEN,0
665767.554,0,0,0,1.000,1.000,1.000,-90.00,180.00,0.00,OPEN,0
665767.603,0,0,0,1.000,1.000,1.000,-90.00,180.00,0.00,OPEN,0
665767.653,0,0,0,1.000,1.000,1.000,-90.00,180.00,0.00,OPEN,0
665767.704,0,0,0,1.000,1.000,1.000,-90.00,180.00,0.00,OPEN,0
665767.754,0,0,0,1.000,1.000,1.000,-90.00,180.00,0.00,OPEN,0
665767.805,0,0,0,1.000,1.000,1.000,-90.00,180.00,0.00,OPEN,0
665767.853,0,0,0,1.000,1.000,1.000,-90.00,180.00,0.00,OPEN,0
665767.903,0,0,0,1.000,1.000,1.000,-90.00,180.00,0.00,OPEN,0
665767.954,0,0,0,1.000,1.000,1.000,-90.00,180.00,0.00,OPEN,0
665768.004,0,0,0,1.000,1.000,1.000,-90.00,180.00,0.00,OPEN,0
665768.054,0,0,0,1.000,1.000,1.000,-90.00,180.00,0.00,OPEN,0
665768.104,0,0,0,1.000,1.000,1.000,-90.00,180.00,0.00,OPEN,0
665768.154,0,0,0,1.000,1.000,1.000,-90.00,180.00,0.00,OPEN,0
665768.203,0,0,0,1.000,1.000,1.000,-90.00,180.00,0.00,OPEN,0
665768.254,0,0,0,1.000,1.000,1.000,-90.00,180.00,0.00,OPEN,0
665768.304,0,0,0,1.000,1.000,1.000,-90.00,180.00,0.00,OPEN,0
665768.353,0,0,0,1.000,1.000,1.000,-90.00,180.00,0.00,OPEN,0
665768.404,0,0,0,1.000,1.000,1.000,-90.00,180.00,0.00,OPEN,0
665768.453,0,0,0,1.000,1.000,1.000,-90.00,180.00,0.00,OPEN,0
665768.504,0,0,0,1.000,1.000,1.000,-90.00,180.00,0.00,OPEN,0
665768.554,0,0,0,1.000,1.000,1.000,-90.00,180.00,0.00,OPEN,0
665768.604,0,0,0,1.000,1.000,1.000,-90.00,180.00,0.00,OPEN,0
665768.654,0,0,0,1.000,1.000,1.000,-90.00,180.00,0.00,OPEN,0
665768.720,0,0,0,1.000,1.000,1.000,-90.00,180.00,0.00,OPEN,0
665768.755,0,0,0,1.000,1.000,1.000,-90.00,180.00,0.00,OPEN,0
665768.804,0,0,0,1.000,1.000,1.000,-90.00,180.00,0.00,OPEN,0
665768.854,0,0,0,1.000,1.000,1.000,-90.00,180.00,0.00,OPEN,0
665768.903,0,0,0,1.000,1.000,1.000,-90.00,180.00,0.00,OPEN,0
665768.954,0,0,0,1.000,1.000,1.000,-90.00,180.00,0.00,OPEN,0
665769.004,0,0,0,1.000,1.000,1.000,-90.00,180.00,0.00,OPEN,0
665769.054,0,0,0,1.000,1.000,1.000,-90.00,180.00,0.00,OPEN,0
665769.104,0,0,0,1.000,1.000,1.000,-90.00,180.00,0.00,OPEN,0
665769.154,0,0,0,1.000,1.000,1.000,-90.00,180.00,0.00,OPEN,0
665769.204,0,0,0,1.000,1.000,1.000,-90.00,180.00,0.00,OPEN,0
665769.254,0,0,0,1.000,1.000,1.000,-90.00,180.00,0.00,OPEN,0
665769.304,0,0,0,1.000,1.000,1.000,-90.00,180.00,0.00,OPEN,0
665769.354,0,0,0,1.000,1.000,1.000,-90.00,180.00,0.00,OPEN,0
665769.404,0,0,0,1.000,1.000,1.000,-90.00,180.00,0.00,OPEN,0
665769.454,0,0,0,1.000,1.000,1.000,-90.00,180.00,0.00,OPEN,0
665769.503,0,0,0,0.999,1.000,1.000,-90.00,180.00,0.00,OPEN,0
665769.554,0,0,0,0.998,1.000,1.000,-90.00,180.00,0.00,OPEN,0
665769.604,0,0,0,0.994,1.000,1.000,-90.00,180.00,0.00,OPEN,0
665769.653,0,0,0,0.992,1.000,1.000,-90.00,180.00,0.00,OPEN,0
665769.703,0,0,0,0.980,1.000,1.000,-90.00,180.00,0.00,OPEN,0
665769.753,0,0,0,0.884,1.000,1.000,-90.00,180.00,0.00,OPEN,0
665769.804,0,0,0,0.625,1.000,1.000,-90.00,180.00,0.00,OPEN,0
665769.854,0,0,0,0.999,1.000,1.000,-90.00,180.00,0.00,OPEN,0
665769.904,0,0,0,1.000,1.000,1.000,-90.00,180.00,0.00,OPEN,0
665769.954,0,0,0,1.000,1.000,1.000,-90.00,180.00,0.00,OPEN,0
665770.004,0,0,0,1.000,1.000,1.000,-90.00,180.00,0.00,OPEN,0
665770.054,0,0,0,1.000,1.000,1.000,-90.00,180.00,0.00,OPEN,0
665770.104,0,0,0,1.000,1.000,1.000,-90.00,180.00,0.00,OPEN,0
665770.154,0,0,0,1.000,1.000,1.000,-90.00,180.00,0.00,OPEN,0
665770.204,1,0,0,1.000,1.000,1.000,-90.00,180.00,0.00,OPEN,0
665770.273,1,0,0,1.000,1.000,1.000,-90.00,180.00,0.00,OPEN,0
665770.309,1,0,0,1.000,1.000,1.000,-90.00,180.00,0.00,OPEN,0
665770.354,1,0,0,1.000,1.000,1.000,-90.00,180.00,0.00,OPEN,0
665770.403,1,0,0,1.000,1.000,1.000,-90.00,180.00,0.00,OPEN,0
665770.454,1,0,0,1.000,1.000,1.000,-90.00,180.00,0.00,OPEN,0
665770.504,1,0,0,1.000,1.000,1.000,-90.00,180.00,0.00,OPEN,0
665770.554,1,0,0,1.000,1.000,1.000,-90.00,180.00,0.00,OPEN,0
665770.604,1,0,0,1.000,1.000,1.000,-90.00,180.00,0.00,OPEN,0
665770.653,1,0,0,1.000,1.000,1.000,-90.00,180.00,0.00,OPEN,0
665770.704,1,0,0,1.000,1.000,1.000,-90.00,180.00,0.00,OPEN,0
665770.754,1,0,0,1.000,1.000,1.000,-90.00,180.00,0.00,OPEN,0
665770.804,1,0,0,1.000,1.000,1.000,-90.00,180.00,0.00,OPEN,0
665770.854,1,0,0,1.000,1.000,1.000,-90.00,180.00,0.00,OPEN,0
665770.904,1,0,0,1.000,1.000,1.000,-90.00,180.00,0.00,OPEN,0
665770.954,1,0,0,1.000,1.000,1.000,-90.00,180.00,0.00,OPEN,0
665771.004,1,0,0,1.000,1.000,1.000,-90.00,180.00,0.00,OPEN,0
665771.054,1,0,0,1.000,1.000,1.000,-90.00,180.00,0.00,OPEN,0
665771.104,1,0,0,1.000,1.000,1.000,-90.00,180.00,0.00,OPEN,0
665771.154,1,0,0,1.000,1.000,1.000,-90.00,180.00,0.00,OPEN,0
665771.204,1,0,0,1.000,1.000,1.000,-90.00,180.00,0.00,OPEN,0
665771.254,1,0,0,1.000,1.000,1.000,-90.00,180.00,0.00,OPEN,0
665771.304,1,0,0,1.000,1.000,1.000,-90.00,180.00,0.00,OPEN,0
665771.354,1,0,0,1.000,1.000,1.000,-90.00,180.00,0.00,OPEN,0
665771.404,1,0,0,1.000,1.000,1.000,-90.00,180.00,0.00,OPEN,0
665771.454,1,0,0,1.000,1.000,1.000,-90.00,180.00,0.00,OPEN,0
665771.504,1,0,0,1.000,1.000,1.000,-90.00,180.00,0.00,OPEN,0
665771.554,1,0,0,1.000,1.000,1.000,-90.00,180.00,0.00,OPEN,0
665771.604,1,0,0,1.000,1.000,1.000,-90.00,180.00,0.00,OPEN,0
665771.654,1,0,0,1.000,1.000,1.000,-90.00,180.00,0.00,OPEN,0
665771.703,1,0,0,1.000,1.000,1.000,-90.00,180.00,0.00,OPEN,0
665771.753,1,0,0,1.000,1.000,1.000,-90.00,180.00,0.00,OPEN,0
665771.804,1,0,0,1.000,1.000,1.000,-90.00,180.00,0.00,OPEN,0
665771.854,1,0,0,1.000,1.000,1.000,-90.00,180.00,0.00,OPEN,0
665771.904,1,0,0,1.000,1.000,1.000,-90.00,180.00,0.00,OPEN,0
665771.954,1,0,0,1.000,1.000,1.000,-90.00,180.00,0.00,OPEN,0
665772.004,1,0,0,1.000,1.000,1.000,-90.00,180.00,0.00,OPEN,0
665772.054,1,0,0,1.000,1.000,1.000,-90.00,180.00,0.00,OPEN,0
665772.104,1,0,0,1.000,1.000,1.000,-90.00,180.00,0.00,OPEN,0
665772.154,1,0,0,1.000,1.000,1.000,-90.00,180.00,0.00,OPEN,0
665772.214,1,0,0,1.000,1.000,1.000,-90.00,180.00,0.00,OPEN,0
665772.255,1,0,0,1.000,1.000,1.000,-90.00,180.00,0.00,OPEN,0
665772.304,1,0,0,1.000,1.000,1.000,-90.00,180.00,0.00,OPEN,0
665772.353,1,0,0,1.000,1.000,1.000,-90.00,180.00,0.00,OPEN,0
665772.404,1,0,0,1.000,1.000,1.000,-90.00,180.00,0.00,OPEN,0
665772.454,1,0,0,1.000,1.000,1.000,-90.00,180.00,0.00,OPEN,0
665772.504,1,0,0,1.000,1.000,1.000,-90.00,180.00,0.00,OPEN,0
665772.554,1,0,0,1.000,1.000,1.000,-90.00,180.00,0.00,OPEN,0
665772.603,1,0,0,1.000,1.000,1.000,-90.00,180.00,0.00,OPEN,0
665772.654,1,0,0,1.000,1.000,1.000,-90.00,180.00,0.00,OPEN,0
665772.704,1,0,0,1.000,1.000,1.000,-90.00,180.00,0.00,OPEN,0
665772.754,1,0,0,1.000,1.000,1.000,-90.00,180.00,0.00,OPEN,0
665772.804,1,0,0,1.000,1.000,1.000,-90.00,180.00,0.00,OPEN,0
665772.853,1,0,0,1.000,1.000,1.000,-90.00,180.00,0.00,OPEN,0
665772.903,1,0,0,1.000,1.000,1.000,-90.00,180.00,0.00,OPEN,0
665772.954,1,0,0,1.000,1.000,1.000,-90.00,180.00,0.00,OPEN,0
665773.004,1,0,0,1.000,1.000,1.000,-90.00,180.00,0.00,OPEN,0
665773.054,1,0,0,1.000,1.000,1.000,-90.00,180.00,0.00,OPEN,0
665773.104,1,0,0,1.000,1.000,1.000,-90.00,180.00,0.00,OPEN,0
665773.154,1,0,0,1.000,1.000,1.000,-90.00,180.00,0.00,OPEN,0
665773.204,1,0,0,1.000,1.000,1.000,-90.00,180.00,0.00,OPEN,0
665773.254,1,0,0,1.000,1.000,1.000,-90.00,180.00,0.00,OPEN,0
665773.304,1,0,0,1.000,1.000,1.000,-90.00,180.00,0.00,OPEN,0
665773.354,1,0,0,1.000,1.000,1.000,-90.00,180.00,0.00,OPEN,0
665773.404,1,0,0,1.000,1.000,1.000,-90.00,180.00,0.00,OPEN,0
665773.454,1,0,0,1.000,1.000,1.000,-90.00,180.00,0.00,OPEN,0
665773.505,1,0,0,1.000,1.000,1.000,-90.00,180.00,0.00,OPEN,0
665773.554,1,0,0,1.000,1.000,1.000,-90.00,180.00,0.00,OPEN,0
665773.604,1,0,0,1.000,1.000,1.000,-90.00,180.00,0.00,OPEN,0
665773.654,1,0,0,1.000,1.000,1.000,-90.00,180.00,0.00,OPEN,0
665773.704,1,0,0,1.000,1.000,1.000,-90.00,180.00,0.00,OPEN,0
665773.754,1,0,0,1.000,1.000,1.000,-90.00,180.00,0.00,OPEN,0
665773.804,1,0,0,1.000,1.000,1.000,-90.00,180.00,0.00,OPEN,0
665773.853,1,0,0,1.000,1.000,1.000,-90.00,180.00,0.00,OPEN,0
665773.904,1,0,0,1.000,1.000,1.000,-90.00,180.00,0.00,OPEN,0
665773.962,1,0,0,1.000,1.000,1.000,-90.00,180.00,0.00,OPEN,0
665774.006,1,0,0,1.000,1.000,1.000,-90.00,180.00,0.00,OPEN,0
665774.054,1,0,0,1.000,1.000,1.000,-90.00,180.00,0.00,OPEN,0
665774.103,1,0,0,1.000,1.000,1.000,-90.00,180.00,0.00,OPEN,0
665774.154,1,0,0,1.000,1.000,1.000,-90.00,180.00,0.00,OPEN,0
665774.204,1,0,0,1.000,1.000,1.000,-90.00,180.00,0.00,OPEN,0
665774.254,1,0,0,1.000,1.000,1.000,-90.00,180.00,0.00,OPEN,0
665774.304,1,0,0,1.000,1.000,1.000,-90.00,180.00,0.00,OPEN,0
665774.354,1,0,0,1.000,1.000,1.000,-90.00,180.00,0.00,OPEN,0
665774.404,1,0,0,1.000,1.000,1.000,-90.00,180.00,0.00,OPEN,0
665774.455,1,0,0,1.000,1.000,1.000,-90.00,180.00,0.00,OPEN,0
665774.504,1,0,0,1.000,1.000,1.000,-90.00,180.00,0.00,OPEN,0
665774.554,1,0,0,1.000,1.000,1.000,-90.00,180.00,0.00,OPEN,0
665774.603,1,0,0,1.000,1.000,1.000,-90.00,180.00,0.00,OPEN,0
665774.654,1,0,0,1.000,1.000,1.000,-90.00,180.00,0.00,OPEN,0
665774.704,1,0,0,1.000,1.000,1.000,-90.00,180.00,0.00,OPEN,0
665774.754,1,0,0,1.000,1.000,1.000,-90.00,180.00,0.00,OPEN,0
665774.804,1,0,0,1.000,1.000,1.000,-90.00,180.00,0.00,OPEN,0
665774.854,1,0,0,1.000,1.000,1.000,-90.00,180.00,0.00,OPEN,0
665774.904,1,0,0,1.000,1.000,1.000,-90.00,180.00,0.00,OPEN,0
665774.954,1,0,0,1.000,1.000,1.000,-90.00,180.00,0.00,OPEN,0
665775.004,1,0,0,1.000,1.000,1.000,-90.00,180.00,0.00,OPEN,0
665775.054,1,0,0,1.000,1.000,1.000,-90.00,180.00,0.00,OPEN,0
665775.106,1,0,0,1.000,1.000,1.000,-90.00,180.00,0.00,OPEN,0
665775.154,1,0,0,1.000,1.000,1.000,-90.00,180.00,0.00,OPEN,0
665775.204,1,0,0,1.000,1.000,1.000,-90.00,180.00,0.00,OPEN,0
665775.254,1,0,0,1.000,1.000,1.000,-90.00,180.00,0.00,OPEN,0
665775.304,1,0,0,1.000,1.000,1.000,-90.00,180.00,0.00,OPEN,0
665775.354,1,0,0,1.000,1.000,1.000,-90.00,180.00,0.00,OPEN,0
665775.404,1,0,0,1.000,1.000,1.000,-90.00,180.00,0.00,OPEN,0
665775.454,1,0,0,1.000,1.000,1.000,-90.00,180.00,0.00,OPEN,0
665775.503,1,0,0,1.000,1.000,1.000,-90.00,180.00,0.00,OPEN,0
665775.554,1,0,0,1.000,1.000,1.000,-90.00,180.00,0.00,OPEN,0
665775.604,1,0,0,1.000,1.000,1.000,-90.00,180.00,0.00,OPEN,0
665775.653,1,0,0,1.000,1.000,1.000,-90.00,180.00,0.00,OPEN,0
665775.704,1,0,0,1.000,1.000,1.000,-90.00,180.00,0.00,OPEN,0
665775.754,1,0,0,1.000,1.000,1.000,-90.00,180.00,0.00,OPEN,0
665775.805,1,0,0,1.000,1.000,1.000,-90.00,180.00,0.00,OPEN,0
665775.853,1,0,0,0.999,1.000,1.000,-90.00,180.00,0.00,OPEN,0
665775.904,1,0,0,0.935,1.000,1.000,-90.00,180.00,0.00,OPEN,0
665775.954,1,0,0,0.996,1.000,1.000,-90.00,180.00,0.00,OPEN,0
665776.004,1,0,0,0.998,1.000,1.000,-90.00,180.00,0.00,OPEN,0
665776.054,1,0,0,0.999,1.000,1.000,-90.00,180.00,0.00,OPEN,0
665776.104,1,0,0,1.000,1.000,1.000,-90.00,180.00,0.00,OPEN,0
665776.153,1,0,0,1.000,1.000,1.000,-90.00,180.00,0.00,OPEN,0
665776.204,1,0,0,1.000,1.000,1.000,-90.00,180.00,0.00,OPEN,0
665776.254,1,0,0,1.000,1.000,1.000,-90.00,180.00,0.00,OPEN,0
665776.304,0,0,0,1.000,1.000,1.000,-90.00,180.00,0.00,OPEN,0
665776.354,0,0,0,1.000,1.000,1.000,-90.00,180.00,0.00,OPEN,0
665776.405,0,0,0,1.000,1.000,1.000,-90.00,180.00,0.00,OPEN,0
665776.454,0,0,0,1.000,1.000,1.000,-90.00,180.00,0.00,OPEN,0
665776.504,0,0,0,1.000,1.000,1.000,-90.00,180.00,0.00,OPEN,0
665776.554,0,0,0,1.000,1.000,1.000,-90.00,180.00,0.00,OPEN,0
665776.604,0,0,0,1.000,1.000,1.000,-90.00,180.00,0.00,OPEN,0
665776.654,0,0,0,1.000,1.000,1.000,-90.00,180.00,0.00,OPEN,0
665776.704,0,0,0,1.000,1.000,1.000,-90.00,180.00,0.00,OPEN,0
665776.755,0,0,0,1.000,1.000,1.000,-90.00,180.00,0.00,OPEN,0
665776.803,0,0,0,1.000,1.000,1.000,-90.00,180.00,0.00,OPEN,0
665776.853,0,0,0,1.000,1.000,1.000,-90.00,180.00,0.00,OPEN,0
665776.904,0,0,0,1.000,1.000,1.000,-90.00,180.00,0.00,OPEN,0
665776.954,0,0,0,1.000,1.000,1.000,-90.00,180.00,0.00,OPEN,0
665777.004,0,0,0,1.000,1.000,1.000,-90.00,180.00,0.00,OPEN,0
665777.054,0,0,0,1.000,1.000,1.000,-90.00,180.00,0.00,OPEN,0
665777.104,0,0,0,1.000,1.000,1.000,-90.00,180.00,0.00,OPEN,0
665777.153,0,0,0,1.000,1.000,1.000,-90.00,180.00,0.00,OPEN,0
665777.203,0,0,0,1.000,1.000,1.000,-90.00,180.00,0.00,OPEN,0
665777.258,0,0,0,1.000,1.000,1.000,-90.00,180.00,0.00,OPEN,0
665777.304,0,0,0,1.000,1.000,1.000,-90.00,180.00,0.00,OPEN,0
665777.353,0,0,0,1.000,1.000,1.000,-90.00,180.00,0.00,OPEN,0
665777.404,0,0,0,1.000,1.000,1.000,-90.00,180.00,0.00,OPEN,0
665777.454,0,0,0,1.000,1.000,1.000,-90.00,180.00,0.00,OPEN,0
665777.505,0,0,0,1.000,1.000,1.000,-90.00,180.00,0.00,OPEN,0
665777.553,0,0,0,1.000,1.000,1.000,-90.00,180.00,0.00,OPEN,0
665777.603,0,0,0,1.000,1.000,1.000,-90.00,180.00,0.00,OPEN,0
665777.654,0,0,0,1.000,1.000,1.000,-90.00,180.00,0.00,OPEN,0
665777.704,0,0,0,1.000,1.000,1.000,-90.00,180.00,0.00,OPEN,0
665777.754,0,0,0,1.000,1.000,1.000,-90.00,180.00,0.00,OPEN,0
665777.803,0,0,0,1.000,1.000,1.000,-90.00,180.00,0.00,OPEN,0
665777.855,0,0,0,1.000,1.000,1.000,-90.00,180.00,0.00,OPEN,0
665777.904,0,0,0,1.000,1.000,1.000,-90.00,180.00,0.00,OPEN,0
665777.954,0,0,0,1.000,1.000,1.000,-90.00,180.00,0.00,OPEN,0
665778.004,0,0,0,1.000,1.000,1.000,-90.00,180.00,0.00,OPEN,0
665778.054,0,0,0,1.000,1.000,1.000,-90.00,180.00,0.00,OPEN,0
665778.104,0,0,0,1.000,1.000,1.000,-90.00,180.00,0.00,OPEN,0
665778.154,0,0,0,1.000,1.000,1.000,-90.00,180.00,0.00,OPEN,0
665778.204,0,0,0,1.000,1.000,1.000,-90.00,180.00,0.00,OPEN,0
665778.255,0,0,0,1.000,1.000,1.000,-90.00,180.00,0.00,OPEN,0
665778.304,0,0,0,1.000,1.000,1.000,-90.00,180.00,0.00,OPEN,0
665778.354,0,0,0,1.000,1.000,1.000,-90.00,180.00,0.00,OPEN,0
665778.404,0,0,0,1.000,1.000,1.000,-90.00,180.00,0.00,OPEN,0
665778.454,0,0,0,1.000,1.000,1.000,-90.00,180.00,0.00,OPEN,0
665778.506,0,0,0,1.000,1.000,1.000,-90.00,180.00,0.00,OPEN,0
665778.554,0,0,0,1.000,1.000,1.000,-90.00,180.00,0.00,OPEN,0
665778.604,0,0,0,1.000,1.000,1.000,-90.00,180.00,0.00,OPEN,0
665778.654,0,0,0,1.000,1.000,1.000,-90.00,180.00,0.00,OPEN,0
665778.704,0,0,0,1.000,1.000,1.000,-90.00,180.00,0.00,OPEN,0
665778.753,0,0,0,1.000,1.000,1.000,-90.00,180.00,0.00,OPEN,0
665778.804,0,0,0,1.000,1.000,1.000,-90.00,180.00,0.00,OPEN,0
665778.854,0,0,0,1.000,1.000,1.000,-90.00,180.00,0.00,OPEN,0
665778.926,0,0,0,1.000,1.000,1.000,-90.00,180.00,0.00,OPEN,0
665778.959,0,0,0,1.000,1.000,1.000,-90.00,180.00,0.00,OPEN,0
665779.004,0,0,0,1.000,1.000,1.000,-90.00,180.00,0.00,OPEN,0
665779.054,0,0,0,1.000,1.000,1.000,-90.00,180.00,0.00,OPEN,0
665779.103,0,0,0,1.000,1.000,1.000,-90.00,180.00,0.00,OPEN,0
665779.153,0,0,0,1.000,1.000,1.000,-90.00,180.00,0.00,OPEN,0
665779.204,0,0,0,1.000,1.000,1.000,-90.00,180.00,0.00,OPEN,0
665779.253,0,0,0,1.000,1.000,1.000,-90.00,180.00,0.00,OPEN,0
665779.303,0,0,0,1.000,1.000,1.000,-90.00,180.00,0.00,OPEN,0
665779.353,0,0,0,1.000,1.000,1.000,-90.00,180.00,0.00,OPEN,0
665779.404,0,0,0,1.000,1.000,1.000,-90.00,180.00,0.00,OPEN,0
665779.453,0,0,0,1.000,1.000,1.000,-90.00,180.00,0.00,OPEN,0
665779.503,0,0,0,1.000,1.000,1.000,-90.00,180.00,0.00,OPEN,0
665779.553,0,0,0,1.000,1.000,1.000,-90.00,180.00,0.00,OPEN,0
665779.604,0,0,0,1.000,1.000,1.000,-90.00,180.00,0.00,OPEN,0
665779.655,0,0,0,1.000,1.000,1.000,-90.00,180.00,0.00,OPEN,0
665779.704,0,0,0,1.000,1.000,1.000,-90.00,180.00,0.00,OPEN,0
665779.754,0,0,0,1.000,1.000,1.000,-90.00,180.00,0.00,OPEN,0
665779.804,0,0,0,1.000,1.000,1.000,-90.00,180.00,0.00,OPEN,0
665779.854,0,0,0,1.000,1.000,1.000,-90.00,180.00,0.00,OPEN,0
665779.903,0,0,0,1.000,1.000,1.000,-90.00,180.00,0.00,OPEN,0
665779.953,0,0,0,1.000,1.000,1.000,-90.00,180.00,0.00,OPEN,0
665780.004,0,0,0,1.000,1.000,1.000,-90.00,180.00,0.00,OPEN,0
665780.054,0,0,0,1.000,1.000,1.000,-90.00,180.00,0.00,OPEN,0
665780.104,0,0,0,1.000,1.000,1.000,-90.00,180.00,0.00,OPEN,0
665780.154,0,0,0,1.000,1.000,1.000,-90.00,180.00,0.00,OPEN,0
665780.204,0,0,0,1.000,1.000,1.000,-90.00,180.00,0.00,OPEN,0
665780.254,0,0,0,1.000,1.000,1.000,-90.00,180.00,0.00,OPEN,0
665780.304,0,0,0,1.000,1.000,1.000,-90.00,180.00,0.00,OPEN,0
665780.353,0,0,0,1.000,1.000,1.000,-90.00,180.00,0.00,OPEN,0
665780.404,0,0,0,1.000,1.000,1.000,-90.00,180.00,0.00,OPEN,0
665780.454,0,0,0,1.000,1.000,1.000,-90.00,180.00,0.00,OPEN,0
665780.503,0,0,0,1.000,1.000,1.000,-90.00,180.00,0.00,OPEN,0
665780.553,0,0,0,1.000,1.000,1.000,-90.00,180.00,0.00,OPEN,0
665780.603,0,0,0,1.000,1.000,1.000,-90.00,180.00,0.00,OPEN,0
665780.654,0,0,0,1.000,1.000,1.000,-90.00,180.00,0.00,OPEN,0
665780.704,0,0,0,1.000,1.000,1.000,-90.00,180.00,0.00,OPEN,0
665780.754,0,0,0,1.000,1.000,1.000,-90.00,180.00,0.00,OPEN,0
665780.804,0,0,0,1.000,1.000,1.000,-90.00,180.00,0.00,OPEN,0
665780.853,0,0,0,1.000,1.000,1.000,-90.00,180.00,0.00,OPEN,0
665780.903,0,0,0,1.000,1.000,1.000,-90.00,180.00,0.00,OPEN,0
665780.955,0,0,0,1.000,1.000,1.000,-90.00,180.00,0.00,OPEN,0
665781.003,0,0,0,1.000,1.000,1.000,-90.00,180.00,0.00,OPEN,0
665781.053,0,0,0,1.000,1.000,1.000,-90.00,180.00,0.00,OPEN,0
665781.103,0,0,0,1.000,1.000,1.000,-90.00,180.00,0.00,OPEN,0
665781.154,0,0,0,1.000,1.000,1.000,-90.00,180.00,0.00,OPEN,0
665781.204,0,0,0,1.000,1.000,1.000,-90.00,180.00,0.00,OPEN,0
665781.254,0,0,0,1.000,1.000,1.000,-90.00,180.00,0.00,OPEN,0
665781.303,0,0,0,1.000,1.000,1.000,-90.00,180.00,0.00,OPEN,0
665781.354,0,0,0,1.000,1.000,1.000,-90.00,180.00,0.00,OPEN,0
665781.404,0,0,0,1.000,1.000,1.000,-90.00,180.00,0.00,OPEN,0
665781.454,0,0,0,1.000,1.000,1.000,-90.00,180.00,0.00,OPEN,0
665781.504,0,0,0,1.000,1.000,1.000,-90.00,180.00,0.00,OPEN,0
665781.554,0,0,0,1.000,1.000,1.000,-90.00,180.00,0.00,OPEN,0
665781.604,0,0,0,1.000,1.000,1.000,-90.00,180.00,0.00,OPEN,0
665781.654,0,0,0,1.000,1.000,1.000,-90.00,180.00,0.00,OPEN,0
665781.705,0,0,0,1.000,1.000,1.000,-90.00,180.00,0.00,OPEN,0
665781.753,0,0,0,1.000,1.000,1.000,-90.00,180.00,0.00,OPEN,0
665781.804,0,0,0,1.000,1.000,1.000,-90.00,180.00,0.00,OPEN,0
665781.854,0,0,0,1.000,1.000,1.000,-90.00,180.00,0.00,OPEN,0
665781.904,0,0,0,1.000,1.000,1.000,-90.00,180.00,0.00,OPEN,0
665781.954,0,0,0,1.000,1.000,1.000,-90.00,180.00,0.00,OPEN,0
665782.003,0,0,0,1.000,1.000,1.000,-90.00,180.00,0.00,OPEN,0
665782.054,0,0,0,1.000,1.000,1.000,-90.00,180.00,0.00,OPEN,0
665782.104,0,0,0,1.000,1.000,1.000,-90.00,180.00,0.00,OPEN,0
665782.154,0,0,0,1.000,1.000,1.000,-90.00,180.00,0.00,OPEN,0
665782.204,0,0,0,1.000,1.000,1.000,-90.00,180.00,0.00,OPEN,0
665782.254,0,0,0,1.000,1.000,1.000,-90.00,180.00,0.00,OPEN,0
665782.304,0,0,0,1.000,1.000,1.000,-90.00,180.00,0.00,OPEN,0
665782.354,0,0,0,1.000,1.000,1.000,-90.00,180.00,0.00,OPEN,0
665782.404,0,0,0,1.000,1.000,1.000,-90.00,180.00,0.00,OPEN,0
665782.454,0,0,0,1.000,1.000,1.000,-90.00,180.00,0.00,OPEN,0
665782.505,0,0,0,1.000,1.000,1.000,-90.00,180.00,0.00,OPEN,0
665782.554,0,0,0,1.000,1.000,1.000,-90.00,180.00,0.00,OPEN,0
665782.604,0,0,0,1.000,1.000,1.000,-90.00,180.00,0.00,OPEN,0
665782.654,0,0,0,1.000,1.000,1.000,-90.00,180.00,0.00,OPEN,0
665782.703,0,0,0,1.000,1.000,1.000,-90.00,180.00,0.00,OPEN,0
665782.754,0,0,0,1.000,1.000,1.000,-90.00,180.00,0.00,OPEN,0
665782.804,0,0,0,1.000,1.000,1.000,-90.00,180.00,0.00,OPEN,0
665782.854,0,0,0,1.000,1.000,1.000,-90.00,180.00,0.00,OPEN,0
665782.905,0,0,0,1.000,1.000,1.000,-90.00,180.00,0.00,OPEN,0
665782.954,0,0,0,1.000,1.000,1.000,-90.00,180.00,0.00,OPEN,0
665783.004,0,0,0,1.000,1.000,1.000,-90.00,180.00,0.00,OPEN,0
665783.054,0,0,0,1.000,1.000,1.000,-90.00,180.00,0.00,OPEN,0
665783.104,0,0,0,1.000,1.000,1.000,-90.00,180.00,0.00,OPEN,0
665783.153,0,0,0,1.000,1.000,1.000,-90.00,180.00,0.00,OPEN,0
665783.204,0,0,0,1.000,1.000,1.000,-90.00,180.00,0.00,OPEN,0
665783.255,0,0,0,1.000,1.000,1.000,-90.00,180.00,0.00,OPEN,0
665783.304,0,0,0,1.000,1.000,1.000,-90.00,180.00,0.00,OPEN,0
665783.353,0,0,0,1.000,1.000,1.000,-90.00,180.00,0.00,OPEN,0
665783.404,0,0,0,1.000,1.000,1.000,-90.00,180.00,0.00,OPEN,0
665783.453,0,0,0,1.000,1.000,1.000,-90.00,180.00,0.00,OPEN,0
665783.504,0,0,0,1.000,1.000,1.000,-90.00,180.00,0.00,OPEN,0
665783.554,0,0,0,1.000,1.000,1.000,-90.00,180.00,0.00,OPEN,0
665783.604,0,0,0,1.000,1.000,1.000,-90.00,180.00,0.00,OPEN,0
665783.654,0,0,0,1.000,1.000,1.000,-90.00,180.00,0.00,OPEN,0
665783.704,0,0,0,1.000,1.000,1.000,-90.00,180.00,0.00,OPEN,0
665783.754,0,0,0,1.000,1.000,1.000,-90.00,180.00,0.00,OPEN,0
665783.804,0,0,0,1.000,1.000,1.000,-90.00,180.00,0.00,OPEN,0
665783.854,0,0,0,1.000,1.000,1.000,-90.00,180.00,0.00,OPEN,0
665783.904,0,0,0,1.000,1.000,1.000,-90.00,180.00,0.00,OPEN,0
665783.954,0,0,0,1.000,1.000,1.000,-90.00,180.00,0.00,OPEN,0
665784.004,0,0,0,1.000,1.000,1.000,-90.00,180.00,0.00,OPEN,0
665784.054,0,0,0,1.000,1.000,1.000,-90.00,180.00,0.00,OPEN,0
665784.105,0,0,0,1.000,1.000,1.000,-90.00,180.00,0.00,OPEN,0
665784.153,0,0,0,1.000,1.000,1.000,-90.00,180.00,0.00,OPEN,0
665784.204,0,0,0,1.000,1.000,1.000,-90.00,180.00,0.00,OPEN,0
665784.254,0,0,0,1.000,1.000,1.000,-90.00,180.00,0.00,OPEN,0
665784.304,0,0,0,1.000,1.000,1.000,-90.00,180.00,0.00,OPEN,0
665784.354,0,0,0,1.000,1.000,1.000,-90.00,180.00,0.00,OPEN,0
665784.403,0,0,0,1.000,1.000,1.000,-90.00,180.00,0.00,OPEN,0
665784.454,0,0,0,1.000,1.000,1.000,-90.00,180.00,0.00,OPEN,0
665784.504,0,0,0,1.000,1.000,1.000,-90.00,180.00,0.00,OPEN,0
665784.553,0,0,0,1.000,1.000,1.000,-90.00,180.00,0.00,OPEN,0
665784.604,0,0,0,1.000,1.000,1.000,-90.00,180.00,0.00,OPEN,0
665784.654,0,0,0,1.000,1.000,1.000,-90.00,180.00,0.00,OPEN,0
665784.704,0,0,0,1.000,1.000,1.000,-90.00,180.00,0.00,OPEN,0
665784.754,0,0,0,1.000,1.000,1.000,-90.00,180.00,0.00,OPEN,0
665784.804,0,0,0,1.000,1.000,1.000,-90.00,180.00,0.00,OPEN,0
665784.854,0,0,0,1.000,1.000,1.000,-90.00,180.00,0.00,OPEN,0
665784.904,0,0,0,1.000,1.000,1.000,-90.00,180.00,0.00,OPEN,0
665784.954,0,0,0,1.000,1.000,1.000,-90.00,180.00,0.00,OPEN,0
665785.003,0,0,0,1.000,1.000,1.000,-90.00,180.00,0.00,OPEN,0
665785.054,0,0,0,1.000,1.000,1.000,-90.00,180.00,0.00,OPEN,0
665785.104,0,0,0,1.000,1.000,1.000,-90.00,180.00,0.00,OPEN,0
665785.153,0,0,0,1.000,1.000,1.000,-90.00,180.00,0.00,OPEN,0
665785.204,0,0,0,1.000,1.000,1.000,-90.00,180.00,0.00,OPEN,0
665785.254,0,0,0,1.000,1.000,1.000,-90.00,180.00,0.00,OPEN,0
665785.304,0,0,0,1.000,1.000,1.000,-90.00,180.00,0.00,OPEN,0
665785.354,0,0,0,0.985,1.000,1.000,-90.00,180.00,0.00,OPEN,0
665785.404,0,0,0,0.799,1.000,1.000,-90.00,180.00,0.00,OPEN,0
665785.453,0,0,0,0.781,1.000,1.000,-90.00,180.00,0.00,OPEN,0
665785.504,0,0,0,0.983,1.000,1.000,-90.00,180.00,0.00,OPEN,0
665785.554,0,0,0,0.997,1.000,1.000,-90.00,180.00,0.00,OPEN,0
665785.604,0,0,0,1.000,1.000,1.000,-90.00,180.00,0.00,OPEN,0
665785.654,0,0,0,1.000,1.000,1.000,-90.00,180.00,0.00,OPEN,0
665785.703,0,0,0,1.000,1.000,1.000,-90.00,180.00,0.00,OPEN,0
665785.754,0,0,0,1.000,1.000,1.000,-90.00,180.00,0.00,OPEN,0
665785.805,0,0,0,1.000,1.000,1.000,-90.00,180.00,0.00,OPEN,0
665785.854,2,0,0,1.000,1.000,1.000,-90.00,180.00,0.00,OPEN,0
665785.909,2,0,0,1.000,1.000,1.000,-90.00,180.00,0.00,OPEN,0
665785.954,2,0,0,1.000,1.000,1.000,-90.00,180.00,0.00,OPEN,0
665786.003,2,0,0,1.000,1.000,1.000,-90.00,180.00,0.00,OPEN,0
665786.053,2,0,0,1.000,1.000,1.000,-90.00,180.00,0.00,OPEN,0
665786.104,2,0,0,1.000,1.000,1.000,-90.00,180.00,0.00,OPEN,0
665786.155,2,0,0,1.000,1.000,1.000,-90.00,180.00,0.00,OPEN,0
665786.205,2,0,0,1.000,1.000,1.000,-90.00,180.00,0.00,OPEN,0
665786.254,2,0,0,1.000,1.000,1.000,-90.00,180.00,0.00,OPEN,0
665786.304,2,0,0,1.000,1.000,1.000,-90.00,180.00,0.00,OPEN,0
665786.353,2,0,0,1.000,1.000,1.000,-90.00,180.00,0.00,OPEN,0
665786.405,2,0,0,1.000,1.000,1.000,-90.00,180.00,0.00,OPEN,0
665786.454,2,0,0,1.000,1.000,1.000,-90.00,180.00,0.00,OPEN,0
665786.505,2,0,0,1.000,1.000,1.000,-90.00,180.00,0.00,OPEN,0
665786.554,2,0,0,1.000,1.000,1.000,-90.00,180.00,0.00,OPEN,0
665786.604,2,0,0,1.000,1.000,1.000,-90.00,180.00,0.00,OPEN,0
665786.654,2,0,0,1.000,1.000,1.000,-90.00,180.00,0.00,OPEN,0
665786.704,2,0,0,1.000,1.000,1.000,-90.00,180.00,0.00,OPEN,0
665786.754,2,0,0,1.000,1.000,1.000,-90.00,180.00,0.00,OPEN,0
665786.804,2,0,0,1.000,1.000,1.000,-90.00,180.00,0.00,OPEN,0
665786.854,2,0,0,1.000,1.000,1.000,-90.00,180.00,0.00,OPEN,0
665786.905,2,0,0,1.000,1.000,1.000,-90.00,180.00,0.00,OPEN,0
665786.954,2,0,0,1.000,1.000,1.000,-90.00,180.00,0.00,OPEN,0
665787.004,2,0,0,1.000,1.000,1.000,-90.00,180.00,0.00,OPEN,0
665787.054,2,0,0,1.000,1.000,1.000,-90.00,180.00,0.00,OPEN,0
665787.104,2,0,0,1.000,1.000,1.000,-90.00,180.00,0.00,OPEN,0
665787.155,2,0,0,1.000,1.000,1.000,-90.00,180.00,0.00,OPEN,0
665787.207,2,0,0,1.000,1.000,1.000,-90.00,180.00,0.00,OPEN,0
665787.255,2,0,0,1.000,1.000,1.000,-90.00,180.00,0.00,OPEN,0
665787.304,2,0,0,1.000,1.000,1.000,-90.00,180.00,0.00,OPEN,0
665787.354,2,0,0,1.000,1.000,1.000,-90.00,180.00,0.00,OPEN,0
665787.405,2,0,0,1.000,1.000,1.000,-90.00,180.00,0.00,OPEN,0
665787.471,2,0,0,1.000,1.000,1.000,-90.00,180.00,0.00,OPEN,0
665787.511,2,0,0,1.000,1.000,1.000,-90.00,180.00,0.00,OPEN,0
665787.561,2,0,0,1.000,1.000,1.000,-90.00,180.00,0.00,OPEN,0
665787.615,2,0,0,1.000,1.000,1.000,-90.00,180.00,0.00,OPEN,0
665787.657,2,0,0,1.000,1.000,1.000,-90.00,180.00,0.00,OPEN,0
665787.708,2,0,0,1.000,1.000,1.000,-90.00,180.00,0.00,OPEN,0
665787.756,2,0,0,1.000,1.000,1.000,-90.00,180.00,0.00,OPEN,0
665787.804,2,0,0,1.000,1.000,1.000,-90.00,180.00,0.00,OPEN,0
665787.856,2,0,0,1.000,1.000,1.000,-90.00,180.00,0.00,OPEN,0
665787.908,2,0,0,1.000,1.000,1.000,-90.00,180.00,0.00,OPEN,0
665787.957,2,0,0,1.000,1.000,1.000,-90.00,180.00,0.00,OPEN,0
665788.005,2,0,0,1.000,1.000,1.000,-90.00,180.00,0.00,OPEN,0
665788.055,2,0,0,1.000,1.000,1.000,-90.00,180.00,0.00,OPEN,0
665788.105,2,0,0,1.000,1.000,1.000,-90.00,180.00,0.00,OPEN,0
665788.159,2,0,0,1.000,1.000,1.000,-90.00,180.00,0.00,OPEN,0
665788.207,2,0,0,1.000,1.000,1.000,-90.00,180.00,0.00,OPEN,0
665788.257,2,0,0,1.000,1.000,1.000,-90.00,180.00,0.00,OPEN,0
665788.305,2,0,0,1.000,1.000,1.000,-90.00,180.00,0.00,OPEN,0
665788.356,2,0,0,1.000,1.000,1.000,-90.00,180.00,0.00,OPEN,0
665788.405,2,0,0,1.000,1.000,1.000,-90.00,180.00,0.00,OPEN,0
665788.455,2,0,0,1.000,1.000,1.000,-90.00,180.00,0.00,OPEN,0
665788.505,2,0,0,1.000,1.000,1.000,-90.00,180.00,0.00,OPEN,0
665788.559,2,0,0,1.000,1.000,1.000,-90.00,180.00,0.00,OPEN,0
665788.609,2,0,0,1.000,1.000,1.000,-90.00,180.00,0.00,OPEN,0
665788.658,2,0,0,1.000,1.000,1.000,-90.00,180.00,0.00,OPEN,0
665788.710,2,0,0,1.000,1.000,1.000,-90.00,180.00,0.00,OPEN,0
665788.759,2,0,0,1.000,1.000,1.000,-90.00,180.00,0.00,OPEN,0
665788.806,2,0,0,1.000,1.000,1.000,-90.00,180.00,0.00,OPEN,0
665788.858,2,0,0,1.000,1.000,1.000,-90.00,180.00,0.00,OPEN,0
665788.906,2,0,0,1.000,1.000,1.000,-90.00,180.00,0.00,OPEN,0
665788.958,2,0,0,1.000,1.000,1.000,-90.00,180.00,0.00,OPEN,0
665789.005,2,0,0,1.000,1.000,1.000,-90.00,180.00,0.00,OPEN,0
665789.055,2,0,0,1.000,1.000,1.000,-90.00,180.00,0.00,OPEN,0
665789.107,2,0,0,1.000,1.000,1.000,-90.00,180.00,0.00,OPEN,0
665789.155,2,0,0,1.000,1.000,1.000,-90.00,180.00,0.00,OPEN,0
665789.205,2,0,0,1.000,1.000,1.000,-90.00,180.00,0.00,OPEN,0
665789.255,2,0,0,1.000,1.000,1.000,-90.00,180.00,0.00,OPEN,0
665789.308,2,0,0,1.000,1.000,1.000,-90.00,180.00,0.00,OPEN,0
665789.355,2,0,0,1.000,1.000,1.000,-90.00,180.00,0.00,OPEN,0
665789.405,2,0,0,1.000,1.000,1.000,-90.00,180.00,0.00,OPEN,0
665789.458,2,0,0,1.000,1.000,1.000,-90.00,180.00,0.00,OPEN,0
665789.505,2,0,0,1.000,1.000,1.000,-90.00,180.00,0.00,OPEN,0
665789.554,2,0,0,1.000,1.000,1.000,-90.00,180.00,0.00,OPEN,0
665789.607,2,0,0,1.000,1.000,1.000,-90.00,180.00,0.00,OPEN,0
665789.657,2,0,0,1.000,1.000,1.000,-90.00,180.00,0.00,OPEN,0
665789.705,2,0,0,1.000,1.000,1.000,-90.00,180.00,0.00,OPEN,0
665789.754,2,0,0,1.000,1.000,1.000,-90.00,180.00,0.00,OPEN,0
665789.804,2,0,0,1.000,1.000,1.000,-90.00,180.00,0.00,OPEN,0
665789.854,2,0,0,0.998,1.000,1.000,-90.00,180.00,0.00,OPEN,0
665789.904,2,0,0,0.970,1.000,1.000,-90.00,180.00,0.00,OPEN,0
665789.954,2,0,0,0.864,1.000,1.000,-90.00,180.00,0.00,OPEN,0
665790.005,2,0,0,0.713,1.000,1.000,-90.00,180.00,0.00,OPEN,0
665790.055,2,0,0,0.644,1.000,1.000,-90.00,180.00,0.00,OPEN,0
665790.106,2,0,0,0.909,1.000,1.000,-90.00,180.00,0.00,OPEN,0
665790.154,2,0,0,0.993,1.000,1.000,-90.00,180.00,0.00,OPEN,0
665790.205,2,0,0,0.999,1.000,1.000,-90.00,180.00,0.00,OPEN,0
665790.256,2,0,0,1.000,1.000,1.000,-90.00,180.00,0.00,OPEN,0
665790.309,2,0,0,1.000,1.000,1.000,-90.00,180.00,0.00,OPEN,0
665790.359,2,0,0,1.000,1.000,1.000,-90.00,180.00,0.00,OPEN,0
665790.406,2,0,0,1.000,1.000,1.000,-90.00,180.00,0.00,OPEN,0
665790.457,0,0,0,1.000,1.000,1.000,-90.00,180.00,0.00,OPEN,0
665790.508,0,0,0,1.000,1.000,1.000,-90.00,180.00,0.00,OPEN,0
665790.557,0,0,0,1.000,1.000,1.000,-90.00,180.00,0.00,OPEN,0
665790.609,0,0,0,1.000,1.000,1.000,-90.00,180.00,0.00,OPEN,0
665790.657,0,0,0,1.000,1.000,1.000,-90.00,180.00,0.00,OPEN,0
665790.710,0,0,0,1.000,1.000,1.000,-90.00,180.00,0.00,OPEN,0
665790.759,0,0,0,1.000,1.000,1.000,-90.00,180.00,0.00,OPEN,0
665790.811,0,0,0,1.000,1.000,1.000,-90.00,180.00,0.00,OPEN,0
665790.861,0,0,0,1.000,1.000,1.000,-90.00,180.00,0.00,OPEN,0
665790.908,0,0,0,1.000,1.000,1.000,-90.00,180.00,0.00,OPEN,0
665790.959,0,0,0,1.000,1.000,1.000,-90.00,180.00,0.00,OPEN,0
665791.013,0,0,0,1.000,1.000,1.000,-90.00,180.00,0.00,OPEN,0
665791.060,0,0,0,1.000,1.000,1.000,-90.00,180.00,0.00,OPEN,0
665791.111,0,0,0,1.000,1.000,1.000,-90.00,180.00,0.00,OPEN,0
665791.160,0,0,0,1.000,1.000,1.000,-90.00,180.00,0.00,OPEN,0
665791.208,0,0,0,1.000,1.000,1.000,-90.00,180.00,0.00,OPEN,0
665791.263,0,0,0,1.000,1.000,1.000,-90.00,180.00,0.00,OPEN,0
665791.308,0,0,0,1.000,1.000,1.000,-90.00,180.00,0.00,OPEN,0
665791.361,0,0,0,1.000,1.000,1.000,-90.00,180.00,0.00,OPEN,0
665791.410,0,0,0,1.000,1.000,1.000,-90.00,180.00,0.00,OPEN,0
665791.460,0,0,0,1.000,1.000,1.000,-90.00,180.00,0.00,OPEN,0
665791.506,0,0,0,1.000,1.000,1.000,-90.00,180.00,0.00,OPEN,0
665791.559,0,0,0,1.000,1.000,1.000,-90.00,180.00,0.00,OPEN,0
665791.605,0,0,0,1.000,1.000,1.000,-90.00,180.00,0.00,OPEN,0
665791.657,0,0,0,1.000,1.000,1.000,-90.00,180.00,0.00,OPEN,0
665791.713,0,0,0,1.000,1.000,1.000,-90.00,180.00,0.00,OPEN,0
665791.762,0,0,0,1.000,1.000,1.000,-90.00,180.00,0.00,OPEN,0
665791.811,0,0,0,1.000,1.000,1.000,-90.00,180.00,0.00,OPEN,0
665791.862,0,0,0,1.000,1.000,1.000,-90.00,180.00,0.00,OPEN,0
665791.909,0,0,0,1.000,1.000,1.000,-90.00,180.00,0.00,OPEN,0
665791.956,0,0,0,1.000,1.000,1.000,-90.00,180.00,0.00,OPEN,0
665792.006,0,0,0,1.000,1.000,1.000,-90.00,180.00,0.00,OPEN,0
665792.060,0,0,0,1.000,1.000,1.000,-90.00,180.00,0.00,OPEN,0
665792.105,0,0,0,1.000,1.000,1.000,-90.00,180.00,0.00,OPEN,0
665792.155,0,0,0,1.000,1.000,1.000,-90.00,180.00,0.00,OPEN,0
665792.208,0,0,0,1.000,1.000,1.000,-90.00,180.00,0.00,OPEN,0
665792.255,0,0,0,1.000,1.000,1.000,-90.00,180.00,0.00,OPEN,0
665792.304,0,0,0,1.000,1.000,1.000,-90.00,180.00,0.00,OPEN,0
665792.355,0,0,0,1.000,1.000,1.000,-90.00,180.00,0.00,OPEN,0
665792.405,0,0,0,1.000,1.000,1.000,-90.00,180.00,0.00,OPEN,0
665792.454,0,0,0,1.000,1.000,1.000,-90.00,180.00,0.00,OPEN,0
665792.506,0,0,0,1.000,1.000,1.000,-90.00,180.00,0.00,OPEN,0
665792.555,0,0,0,1.000,1.000,1.000,-90.00,180.00,0.00,OPEN,0
665792.604,0,0,0,1.000,1.000,1.000,-90.00,180.00,0.00,OPEN,0
665792.658,0,0,0,1.000,1.000,1.000,-90.00,180.00,0.00,OPEN,0
665792.706,0,0,0,1.000,1.000,1.000,-90.00,180.00,0.00,OPEN,0
665792.754,0,0,0,1.000,1.000,1.000,-90.00,180.00,0.00,OPEN,0
665792.804,0,0,0,1.000,1.000,1.000,-90.00,180.00,0.00,OPEN,0
665792.854,0,0,0,1.000,1.000,1.000,-90.00,180.00,0.00,OPEN,0
665792.906,0,0,0,1.000,1.000,1.000,-90.00,180.00,0.00,OPEN,0
665792.955,0,0,0,1.000,1.000,1.000,-90.00,180.00,0.00,OPEN,0
665793.004,0,0,0,1.000,1.000,1.000,-90.00,180.00,0.00,OPEN,0
665793.055,0,0,0,1.000,1.000,1.000,-90.00,180.00,0.00,OPEN,0
665793.105,0,0,0,1.000,1.000,1.000,-90.00,180.00,0.00,OPEN,0
665793.155,0,0,0,1.000,1.000,1.000,-90.00,180.00,0.00,OPEN,0
665793.204,0,0,0,1.000,1.000,1.000,-90.00,180.00,0.00,OPEN,0
665793.260,0,0,0,1.000,1.000,1.000,-90.00,180.00,0.00,OPEN,0
665793.306,0,0,0,1.000,1.000,1.000,-90.00,180.00,0.00,OPEN,0
665793.355,0,0,0,1.000,1.000,1.000,-90.00,180.00,0.00,OPEN,0
665793.404,0,0,0,1.000,1.000,1.000,-90.00,180.00,0.00,OPEN,0
665793.460,0,0,0,1.000,1.000,1.000,-90.00,180.00,0.00,OPEN,0
665793.508,0,0,0,1.000,1.000,1.000,-90.00,180.00,0.00,OPEN,0
665793.555,0,0,0,1.000,1.000,1.000,-90.00,180.00,0.00,OPEN,0
665793.605,0,0,0,1.000,1.000,1.000,-90.00,180.00,0.00,OPEN,0
665793.658,0,0,0,1.000,1.000,1.000,-90.00,180.00,0.00,OPEN,0
665793.705,0,0,0,1.000,1.000,1.000,-90.00,180.00,0.00,OPEN,0
665793.756,0,0,0,1.000,1.000,1.000,-90.00,180.00,0.00,OPEN,0
665793.806,0,0,0,1.000,1.000,1.000,-90.00,180.00,0.00,OPEN,0
665793.856,0,0,0,1.000,1.000,1.000,-90.00,180.00,0.00,OPEN,0
665793.905,0,0,0,1.000,1.000,1.000,-90.00,180.00,0.00,OPEN,0
665793.959,0,0,0,1.000,1.000,1.000,-90.00,180.00,0.00,OPEN,0
665794.008,0,0,0,1.000,1.000,1.000,-90.00,180.00,0.00,OPEN,0
665794.058,0,0,0,1.000,1.000,1.000,-90.00,180.00,0.00,OPEN,0
665794.106,0,0,0,1.000,1.000,1.000,-90.00,180.00,0.00,OPEN,0
665794.154,0,0,0,1.000,1.000,1.000,-90.00,180.00,0.00,OPEN,0
665794.207,0,0,0,1.000,1.000,1.000,-90.00,180.00,0.00,OPEN,0
665794.254,0,0,0,1.000,1.000,1.000,-90.00,180.00,0.00,OPEN,0
665794.304,0,0,0,1.000,1.000,1.000,-90.00,180.00,0.00,OPEN,0
665794.354,0,0,0,1.000,1.000,1.000,-90.00,180.00,0.00,OPEN,0
665794.405,0,0,0,1.000,1.000,1.000,-90.00,180.00,0.00,OPEN,0
665794.457,0,0,0,1.000,1.000,1.000,-90.00,180.00,0.00,OPEN,0
665794.505,0,0,0,1.000,1.000,1.000,-90.00,180.00,0.00,OPEN,0
665794.555,0,0,0,1.000,1.000,1.000,-90.00,180.00,0.00,OPEN,0
665794.605,0,0,0,1.000,1.000,1.000,-90.00,180.00,0.00,OPEN,0
665794.655,0,0,0,1.000,1.000,1.000,-90.00,180.00,0.00,OPEN,0
665794.708,0,0,0,1.000,1.000,1.000,-90.00,180.00,0.00,OPEN,0
665794.759,0,0,0,1.000,1.000,1.000,-90.00,180.00,0.00,OPEN,0
665794.809,0,0,0,1.000,1.000,1.000,-90.00,180.00,0.00,OPEN,0
665794.855,0,0,0,1.000,1.000,1.000,-90.00,180.00,0.00,OPEN,0
665794.904,0,0,0,1.000,1.000,1.000,-90.00,180.00,0.00,OPEN,0
665794.959,0,0,0,1.000,1.000,1.000,-90.00,180.00,0.00,OPEN,0
665795.007,0,0,0,1.000,1.000,1.000,-90.00,180.00,0.00,OPEN,0
665795.058,0,0,0,1.000,1.000,1.000,-90.00,180.00,0.00,OPEN,0
665795.107,0,0,0,1.000,1.000,1.000,-90.00,180.00,0.00,OPEN,0
665795.156,0,0,0,1.000,1.000,1.000,-90.00,180.00,0.00,OPEN,0
665795.204,0,0,0,1.000,1.000,1.000,-90.00,180.00,0.00,OPEN,0
665795.255,0,0,0,1.000,1.000,1.000,-90.00,180.00,0.00,OPEN,0
665795.305,0,0,0,1.000,1.000,1.000,-90.00,180.00,0.00,OPEN,0
665795.355,0,0,0,1.000,1.000,1.000,-90.00,180.00,0.00,OPEN,0
665795.407,0,0,0,1.000,1.000,1.000,-90.00,180.00,0.00,OPEN,0
665795.458,0,0,0,1.000,1.000,1.000,-90.00,180.00,0.00,OPEN,0
665795.510,0,0,0,1.000,1.000,1.000,-90.00,180.00,0.00,OPEN,0
665795.558,0,0,0,1.000,1.000,1.000,-90.00,180.00,0.00,OPEN,0
665795.608,0,0,0,1.000,1.000,1.000,-90.00,180.00,0.00,OPEN,0
665795.656,0,0,0,1.000,1.000,1.000,-90.00,180.00,0.00,OPEN,0
665795.707,0,0,0,1.000,1.000,1.000,-90.00,180.00,0.00,OPEN,0
665795.757,0,0,0,1.000,1.000,1.000,-90.00,180.00,0.00,OPEN,0
665795.806,0,0,0,1.000,1.000,1.000,-90.00,180.00,0.00,OPEN,0
665795.855,0,0,0,1.000,1.000,1.000,-90.00,180.00,0.00,OPEN,0
665795.904,0,0,0,1.000,1.000,1.000,-90.00,180.00,0.00,OPEN,0
665795.955,0,0,0,1.000,1.000,1.000,-90.00,180.00,0.00,OPEN,0
665796.009,0,0,0,1.000,1.000,1.000,-90.00,180.00,0.00,OPEN,0
665796.054,0,0,0,1.000,1.000,1.000,-90.00,180.00,0.00,OPEN,0
665796.104,0,0,0,1.000,1.000,1.000,-90.00,180.00,0.00,OPEN,0
665796.154,0,0,0,1.000,1.000,1.000,-90.00,180.00,0.00,OPEN,0
665796.205,0,0,0,1.000,1.000,1.000,-90.00,180.00,0.00,OPEN,0
665796.254,0,0,0,1.000,1.000,1.000,-90.00,180.00,0.00,OPEN,0
665796.304,0,0,0,1.000,1.000,1.000,-90.00,180.00,0.00,OPEN,0
665796.355,0,0,0,1.000,1.000,1.000,-90.00,180.00,0.00,OPEN,0
665796.404,0,0,0,1.000,1.000,1.000,-90.00,180.00,0.00,OPEN,0
665796.454,0,0,0,1.000,1.000,1.000,-90.00,180.00,0.00,OPEN,0
665796.505,0,0,0,1.000,1.000,1.000,-90.00,180.00,0.00,OPEN,0
665796.555,0,0,0,1.000,1.000,1.000,-90.00,180.00,0.00,OPEN,0
665796.610,0,0,0,1.000,1.000,1.000,-90.00,180.00,0.00,OPEN,0
665796.656,0,0,0,1.000,1.000,1.000,-90.00,180.00,0.00,OPEN,0
665796.705,0,0,0,1.000,1.000,1.000,-90.00,180.00,0.00,OPEN,0
665796.755,0,0,0,1.000,1.000,1.000,-90.00,180.00,0.00,OPEN,0
665796.804,0,0,0,1.000,1.000,1.000,-90.00,180.00,0.00,OPEN,0
665796.856,0,0,0,1.000,1.000,1.000,-90.00,180.00,0.00,OPEN,0
665796.908,0,0,0,1.000,1.000,1.000,-90.00,180.00,0.00,OPEN,0
665796.956,0,0,0,1.000,1.000,1.000,-90.00,180.00,0.00,OPEN,0
665797.004,0,0,0,1.000,1.000,1.000,-90.00,180.00,0.00,OPEN,0
665797.055,0,0,0,1.000,1.000,1.000,-90.00,180.00,0.00,OPEN,0
665797.104,0,0,0,1.000,1.000,1.000,-90.00,180.00,0.00,OPEN,0
665797.156,0,0,0,1.000,1.000,1.000,-90.00,180.00,0.00,OPEN,0
665797.206,0,0,0,1.000,1.000,1.000,-90.00,180.00,0.00,OPEN,0
665797.255,0,0,0,1.000,1.000,1.000,-90.00,180.00,0.00,OPEN,0
665797.305,0,0,0,0.999,1.000,1.000,-90.00,180.00,0.00,OPEN,0
665797.354,0,0,0,0.999,1.000,1.000,-90.00,180.00,0.00,OPEN,0
665797.405,0,0,0,0.999,1.000,1.000,-90.00,180.00,0.00,OPEN,0
665797.456,0,0,0,0.981,1.000,1.000,-90.00,180.00,0.00,OPEN,0
665797.505,0,0,0,0.708,1.000,1.000,-90.00,180.00,0.00,OPEN,0
665797.558,0,0,0,0.646,1.000,1.000,-90.00,180.00,0.00,OPEN,0
665797.604,0,0,0,0.869,1.000,1.000,-90.00,180.00,0.00,OPEN,0
665797.655,0,0,0,0.515,1.000,1.000,-90.00,180.00,0.00,OPEN,0
665797.706,0,0,0,0.846,1.000,1.000,-90.00,180.00,0.00,OPEN,0
665797.757,0,0,0,0.986,1.000,1.000,-90.00,180.00,0.00,OPEN,0
665797.806,0,0,0,0.996,1.000,1.000,-90.00,180.00,0.00,OPEN,0
665797.857,0,0,0,0.999,1.000,1.000,-90.00,180.00,0.00,OPEN,0
665797.905,0,0,0,0.999,1.000,1.000,-90.00,180.00,0.00,OPEN,0
665797.955,0,0,0,0.999,1.000,1.000,-90.00,180.00,0.00,OPEN,0
665798.005,0,0,0,0.999,1.000,1.000,-90.00,180.00,0.00,OPEN,0
665798.057,3,0,0,0.999,1.000,1.000,-90.00,180.00,0.00,OPEN,0
665798.105,3,0,0,0.998,1.000,1.000,-90.00,180.00,0.00,OPEN,0
665798.157,3,0,0,0.997,1.000,1.000,-90.00,180.00,0.00,OPEN,0
665798.204,3,0,0,0.996,1.000,1.000,-90.00,180.00,0.00,OPEN,0
665798.256,3,0,0,0.993,1.000,1.000,-90.00,180.00,0.00,OPEN,0
665798.305,3,0,0,0.992,1.000,1.000,-90.00,180.00,0.00,OPEN,0
665798.354,3,0,0,0.990,1.000,1.000,-90.00,180.00,0.00,OPEN,0
665798.405,3,0,0,0.990,1.000,1.000,-90.00,180.00,0.00,OPEN,0
665798.454,3,0,0,0.994,1.000,1.000,-90.00,180.00,0.00,OPEN,0
665798.505,3,0,0,0.997,1.000,1.000,-90.00,180.00,0.00,OPEN,0
665798.555,3,0,0,0.999,1.000,1.000,-90.00,180.00,0.00,OPEN,0
665798.605,3,0,0,0.999,1.000,1.000,-90.00,180.00,0.00,OPEN,0
665798.656,3,0,0,1.000,1.000,1.000,-90.00,180.00,0.00,OPEN,0
665798.705,3,0,0,1.000,1.000,1.000,-90.00,180.00,0.00,OPEN,0
665798.756,3,0,0,1.000,1.000,1.000,-90.00,180.00,0.00,OPEN,0
665798.805,3,0,0,1.000,1.000,1.000,-90.00,180.00,0.00,OPEN,0
665798.857,3,0,0,1.000,1.000,1.000,-90.00,180.00,0.00,OPEN,0
665798.905,3,0,0,1.000,1.000,1.000,-90.00,180.00,0.00,OPEN,0
665798.954,3,0,0,1.000,1.000,1.000,-90.00,180.00,0.00,OPEN,0
665799.004,3,0,0,1.000,1.000,1.000,-90.00,180.00,0.00,OPEN,0
665799.056,3,0,0,1.000,1.000,1.000,-90.00,180.00,0.00,OPEN,0
665799.107,3,0,0,1.000,1.000,1.000,-90.00,180.00,0.00,OPEN,0
665799.154,3,0,0,1.000,1.000,1.000,-90.00,180.00,0.00,OPEN,0
665799.205,3,0,0,1.000,1.000,1.000,-90.00,180.00,0.00,OPEN,0
665799.264,3,0,0,1.000,1.000,1.000,-90.00,180.00,0.00,OPEN,0
665799.307,3,0,0,1.000,1.000,1.000,-90.00,180.00,0.00,OPEN,0
665799.354,3,0,0,1.000,1.000,1.000,-90.00,180.00,0.00,OPEN,0
665799.404,3,0,0,1.000,1.000,1.000,-90.00,180.00,0.00,OPEN,0
665799.454,3,0,0,1.000,1.000,1.000,-90.00,180.00,0.00,OPEN,0
665799.503,3,0,0,1.000,1.000,1.000,-90.00,180.00,0.00,OPEN,0
665799.554,3,0,0,1.000,1.000,1.000,-90.00,180.00,0.00,OPEN,0
665799.605,3,0,0,1.000,1.000,1.000,-90.00,180.00,0.00,OPEN,0
665799.658,3,0,0,1.000,1.000,1.000,-90.00,180.00,0.00,OPEN,0
665799.704,3,0,0,1.000,1.000,1.000,-90.00,180.00,0.00,OPEN,0
665799.753,3,0,0,1.000,1.000,1.000,-90.00,180.00,0.00,OPEN,0
665799.804,3,0,0,1.000,1.000,1.000,-90.00,180.00,0.00,OPEN,0
665799.855,3,0,0,1.000,1.000,1.000,-90.00,180.00,0.00,OPEN,0
665799.904,3,0,0,1.000,1.000,1.000,-90.00,180.00,0.00,OPEN,0
665799.953,3,0,0,1.000,1.000,1.000,-90.00,180.00,0.00,OPEN,0
665800.004,3,0,0,1.000,1.000,1.000,-90.00,180.00,0.00,OPEN,0
665800.054,3,0,0,1.000,1.000,1.000,-90.00,180.00,0.00,OPEN,0
665800.104,3,0,0,1.000,1.000,1.000,-90.00,180.00,0.00,OPEN,0
665800.154,3,0,0,1.000,1.000,1.000,-90.00,180.00,0.00,OPEN,0
665800.205,3,0,0,1.000,1.000,1.000,-90.00,180.00,0.00,OPEN,0
665800.254,3,0,0,1.000,1.000,1.000,-90.00,180.00,0.00,OPEN,0
665800.303,3,0,0,1.000,1.000,1.000,-90.00,180.00,0.00,OPEN,0
665800.354,3,0,0,1.000,1.000,1.000,-90.00,180.00,0.00,OPEN,0
665800.404,3,0,0,1.000,1.000,1.000,-90.00,180.00,0.00,OPEN,0
665800.453,3,0,0,1.000,1.000,1.000,-90.00,180.00,0.00,OPEN,0
665800.503,3,0,0,1.000,1.000,1.000,-90.00,180.00,0.00,OPEN,0
665800.554,3,0,0,1.000,1.000,1.000,-90.00,180.00,0.00,OPEN,0
665800.609,3,0,0,1.000,1.000,1.000,-90.00,180.00,0.00,OPEN,0
665800.654,3,0,0,1.000,1.000,1.000,-90.00,180.00,0.00,OPEN,0
665800.704,3,0,0,1.000,1.000,1.000,-90.00,180.00,0.00,OPEN,0
665800.755,3,0,0,1.000,1.000,1.000,-90.00,180.00,0.00,OPEN,0
665800.805,3,0,0,1.000,1.000,1.000,-90.00,180.00,0.00,OPEN,0
665800.854,3,0,0,1.000,1.000,1.000,-90.00,180.00,0.00,OPEN,0
665800.905,3,0,0,1.000,1.000,1.000,-90.00,180.00,0.00,OPEN,0
665800.953,3,0,0,1.000,1.000,1.000,-90.00,180.00,0.00,OPEN,0
665801.004,3,0,0,1.000,1.000,1.000,-90.00,180.00,0.00,OPEN,0
665801.054,3,0,0,1.000,1.000,1.000,-90.00,180.00,0.00,OPEN,0
665801.110,3,0,0,1.000,1.000,1.000,-90.00,180.00,0.00,OPEN,0
665801.155,3,0,0,1.000,1.000,1.000,-90.00,180.00,0.00,OPEN,0
665801.204,3,0,0,1.000,1.000,1.000,-90.00,180.00,0.00,OPEN,0
665801.254,3,0,0,1.000,1.000,1.000,-90.00,180.00,0.00,OPEN,0
665801.304,3,0,0,1.000,1.000,1.000,-90.00,180.00,0.00,OPEN,0
665801.355,3,0,0,1.000,1.000,1.000,-90.00,180.00,0.00,OPEN,0
665801.404,3,0,0,1.000,1.000,1.000,-90.00,180.00,0.00,OPEN,0
665801.460,3,0,0,1.000,1.000,1.000,-90.00,180.00,0.00,OPEN,0
665801.504,3,0,0,1.000,1.000,1.000,-90.00,180.00,0.00,OPEN,0
665801.554,3,0,0,1.000,1.000,1.000,-90.00,180.00,0.00,OPEN,0
665801.607,3,0,0,1.000,1.000,1.000,-90.00,180.00,0.00,OPEN,0
665801.654,3,0,0,1.000,1.000,1.000,-90.00,180.00,0.00,OPEN,0
665801.703,3,0,0,1.000,1.000,1.000,-90.00,180.00,0.00,OPEN,0
665801.753,3,0,0,1.000,1.000,1.000,-90.00,180.00,0.00,OPEN,0
665801.803,3,0,0,1.000,1.000,1.000,-90.00,180.00,0.00,OPEN,0
665801.854,3,0,0,1.000,1.000,1.000,-90.00,180.00,0.00,OPEN,0
665801.904,3,0,0,1.000,1.000,1.000,-90.00,180.00,0.00,OPEN,0
665801.953,3,0,0,1.000,1.000,1.000,-90.00,180.00,0.00,OPEN,0
665802.003,3,0,0,1.000,1.000,1.000,-90.00,180.00,0.00,OPEN,0
665802.054,3,0,0,1.000,1.000,1.000,-90.00,180.00,0.00,OPEN,0
665802.103,3,0,0,1.000,1.000,1.000,-90.00,180.00,0.00,OPEN,0
665802.153,3,0,0,1.000,1.000,1.000,-90.00,180.00,0.00,OPEN,0
665802.204,3,0,0,1.000,1.000,1.000,-90.00,180.00,0.00,OPEN,0
665802.254,3,0,0,1.000,1.000,1.000,-90.00,180.00,0.00,OPEN,0
665802.304,3,0,0,1.000,1.000,1.000,-90.00,180.00,0.00,OPEN,0
665802.354,3,0,0,1.000,1.000,1.000,-90.00,180.00,0.00,OPEN,0
665802.403,3,0,0,1.000,1.000,1.000,-90.00,180.00,0.00,OPEN,0
665802.453,3,0,0,1.000,1.000,1.000,-90.00,180.00,0.00,OPEN,0
665802.504,3,0,0,1.000,1.000,1.000,-90.00,180.00,0.00,OPEN,0
665802.554,3,0,0,1.000,1.000,1.000,-90.00,180.00,0.00,OPEN,0
665802.604,3,0,0,1.000,1.000,1.000,-90.00,180.00,0.00,OPEN,0
665802.653,3,0,0,1.000,1.000,1.000,-90.00,180.00,0.00,OPEN,0
665802.704,3,0,0,1.000,1.000,1.000,-90.00,180.00,0.00,OPEN,0
665802.753,3,0,0,1.000,1.000,1.000,-90.00,180.00,0.00,OPEN,0
665802.804,3,0,0,1.000,1.000,1.000,-90.00,180.00,0.00,OPEN,0
665802.854,3,0,0,1.000,1.000,1.000,-90.00,180.00,0.00,OPEN,0
665802.904,3,0,0,1.000,1.000,1.000,-90.00,180.00,0.00,OPEN,0
665802.953,3,0,0,1.000,1.000,1.000,-90.00,180.00,0.00,OPEN,0
665803.004,3,0,0,1.000,1.000,1.000,-90.00,180.00,0.00,OPEN,0
665803.054,3,0,0,1.000,1.000,1.000,-90.00,180.00,0.00,OPEN,0
665803.104,3,0,0,1.000,1.000,1.000,-90.00,180.00,0.00,OPEN,0
665803.153,3,0,0,0.999,1.000,1.000,-90.00,180.00,0.00,OPEN,0
665803.204,3,0,0,0.997,1.000,1.000,-90.00,180.00,0.00,OPEN,0
665803.258,3,0,0,0.986,1.000,1.000,-90.00,180.00,0.00,OPEN,0
665803.304,3,0,0,0.584,1.000,1.000,-90.00,180.00,0.00,OPEN,0
665803.353,3,0,0,0.989,1.000,1.000,-90.00,180.00,0.00,OPEN,0
665803.404,3,0,0,0.999,1.000,1.000,-90.00,180.00,0.00,OPEN,0
665803.454,3,0,0,1.000,1.000,1.000,-90.00,180.00,0.00,OPEN,0
665803.503,3,0,0,1.000,1.000,1.000,-90.00,180.00,0.00,OPEN,0
665803.554,3,0,0,0.999,1.000,1.000,-90.00,180.00,0.00,OPEN,0
665803.604,3,0,0,1.000,1.000,1.000,-90.00,180.00,0.00,OPEN,0
665803.653,3,0,0,1.000,1.000,1.000,-90.00,180.00,0.00,OPEN,0
665803.704,0,0,0,1.000,1.000,1.000,-90.00,180.00,0.00,OPEN,0
665803.754,0,0,0,1.000,1.000,1.000,-90.00,180.00,0.00,OPEN,0
665803.803,0,0,0,1.000,1.000,1.000,-90.00,180.00,0.00,OPEN,0
665803.854,0,0,0,1.000,1.000,1.000,-90.00,180.00,0.00,OPEN,0
665803.903,0,0,0,1.000,1.000,1.000,-90.00,180.00,0.00,OPEN,0
665803.954,0,0,0,1.000,1.000,1.000,-90.00,180.00,0.00,OPEN,0
665804.003,0,0,0,1.000,1.000,1.000,-90.00,180.00,0.00,OPEN,0
665804.054,0,0,0,1.000,1.000,1.000,-90.00,180.00,0.00,OPEN,0
665804.104,0,0,0,1.000,1.000,1.000,-90.00,180.00,0.00,OPEN,0
665804.153,0,0,0,1.000,1.000,1.000,-90.00,180.00,0.00,OPEN,0
665804.203,0,0,0,1.000,1.000,1.000,-90.00,180.00,0.00,OPEN,0
665804.253,0,0,0,1.000,1.000,1.000,-90.00,180.00,0.00,OPEN,0
665804.304,0,0,0,1.000,1.000,1.000,-90.00,180.00,0.00,OPEN,0
665804.354,0,0,0,1.000,1.000,1.000,-90.00,180.00,0.00,OPEN,0
665804.404,0,0,0,1.000,1.000,1.000,-90.00,180.00,0.00,OPEN,0
665804.454,0,0,0,1.000,1.000,1.000,-90.00,180.00,0.00,OPEN,0
665804.504,0,0,0,1.000,1.000,1.000,-90.00,180.00,0.00,OPEN,0
665804.554,0,0,0,1.000,1.000,1.000,-90.00,180.00,0.00,OPEN,0
665804.603,0,0,0,1.000,1.000,1.000,-90.00,180.00,0.00,OPEN,0
665804.654,0,0,0,1.000,1.000,1.000,-90.00,180.00,0.00,OPEN,0
665804.704,0,0,0,1.000,1.000,1.000,-90.00,180.00,0.00,OPEN,0
665804.754,0,0,0,1.000,1.000,1.000,-90.00,180.00,0.00,OPEN,0
665804.804,0,0,0,1.000,1.000,1.000,-90.00,180.00,0.00,OPEN,0
665804.853,0,0,0,1.000,1.000,1.000,-90.00,180.00,0.00,OPEN,0
665804.903,0,0,0,1.000,1.000,1.000,-90.00,180.00,0.00,OPEN,0
665804.954,0,0,0,1.000,1.000,1.000,-90.00,180.00,0.00,OPEN,0
665805.003,0,0,0,1.000,1.000,1.000,-90.00,180.00,0.00,OPEN,0
665805.054,0,0,0,1.000,1.000,1.000,-90.00,180.00,0.00,OPEN,0
665805.104,0,0,0,1.000,1.000,1.000,-90.00,180.00,0.00,OPEN,0
665805.153,0,0,0,1.000,1.000,1.000,-90.00,180.00,0.00,OPEN,0
665805.204,0,0,0,1.000,1.000,1.000,-90.00,180.00,0.00,OPEN,0
665805.254,0,0,0,1.000,1.000,1.000,-90.00,180.00,0.00,OPEN,0
665805.308,0,0,0,1.000,1.000,1.000,-90.00,180.00,0.00,OPEN,0
665805.355,0,0,0,1.000,1.000,1.000,-90.00,180.00,0.00,OPEN,0
665805.404,0,0,0,1.000,1.000,1.000,-90.00,180.00,0.00,OPEN,0
665805.454,0,0,0,1.000,1.000,1.000,-90.00,180.00,0.00,OPEN,0
665805.504,0,0,0,1.000,1.000,1.000,-90.00,180.00,0.00,OPEN,0
665805.554,0,0,0,1.000,1.000,1.000,-90.00,180.00,0.00,OPEN,0
665805.604,0,0,0,1.000,1.000,1.000,-90.00,180.00,0.00,OPEN,0
665805.654,0,0,0,1.000,1.000,1.000,-90.00,180.00,0.00,OPEN,0
665805.704,0,0,0,1.000,1.000,1.000,-90.00,180.00,0.00,OPEN,0
665805.754,0,0,0,1.000,1.000,1.000,-90.00,180.00,0.00,OPEN,0
665805.810,0,0,0,1.000,1.000,1.000,-90.00,180.00,0.00,OPEN,0
665805.857,0,0,0,1.000,1.000,1.000,-90.00,180.00,0.00,OPEN,0
665805.903,0,0,0,1.000,1.000,1.000,-90.00,180.00,0.00,OPEN,0
665805.954,0,0,0,1.000,1.000,1.000,-90.00,180.00,0.00,OPEN,0
665806.003,0,0,0,1.000,1.000,1.000,-90.00,180.00,0.00,OPEN,0
665806.054,0,0,0,1.000,1.000,1.000,-90.00,180.00,0.00,OPEN,0
665806.104,0,0,0,1.000,1.000,1.000,-90.00,180.00,0.00,OPEN,0
665806.154,0,0,0,1.000,1.000,1.000,-90.00,180.00,0.00,OPEN,0
665806.204,0,0,0,1.000,1.000,1.000,-90.00,180.00,0.00,OPEN,0
665806.254,0,0,0,1.000,1.000,1.000,-90.00,180.00,0.00,OPEN,0
665806.304,0,0,0,1.000,1.000,1.000,-90.00,180.00,0.00,OPEN,0
665806.354,0,0,0,1.000,1.000,1.000,-90.00,180.00,0.00,OPEN,0
665806.404,0,0,0,1.000,1.000,1.000,-90.00,180.00,0.00,OPEN,0
665806.454,0,0,0,1.000,1.000,1.000,-90.00,180.00,0.00,OPEN,0
665806.503,0,0,0,1.000,1.000,1.000,-90.00,180.00,0.00,OPEN,0
665806.554,0,0,0,1.000,1.000,1.000,-90.00,180.00,0.00,OPEN,0
665806.604,0,0,0,1.000,1.000,1.000,-90.00,180.00,0.00,OPEN,0
665806.654,0,0,0,1.000,1.000,1.000,-90.00,180.00,0.00,OPEN,0
665806.704,0,0,0,1.000,1.000,1.000,-90.00,180.00,0.00,OPEN,0
665806.754,0,0,0,1.000,1.000,1.000,-90.00,180.00,0.00,OPEN,0
665806.804,0,0,0,1.000,1.000,1.000,-90.00,180.00,0.00,OPEN,0
665806.855,0,0,0,1.000,1.000,1.000,-90.00,180.00,0.00,OPEN,0
665806.904,0,0,0,1.000,1.000,1.000,-90.00,180.00,0.00,OPEN,0
665806.954,0,0,0,1.000,1.000,1.000,-90.00,180.00,0.00,OPEN,0
665807.004,0,0,0,1.000,1.000,1.000,-90.00,180.00,0.00,OPEN,0
665807.053,0,0,0,1.000,1.000,1.000,-90.00,180.00,0.00,OPEN,0
665807.104,0,0,0,1.000,1.000,1.000,-90.00,180.00,0.00,OPEN,0
665807.153,0,0,0,1.000,1.000,1.000,-90.00,180.00,0.00,OPEN,0
665807.204,0,0,0,1.000,1.000,1.000,-90.00,180.00,0.00,OPEN,0
665807.254,0,0,0,1.000,1.000,1.000,-90.00,180.00,0.00,OPEN,0
665807.305,0,0,0,1.000,1.000,1.000,-90.00,180.00,0.00,OPEN,0
665807.354,0,0,0,1.000,1.000,1.000,-90.00,180.00,0.00,OPEN,0
665807.404,0,0,0,1.000,1.000,1.000,-90.00,180.00,0.00,OPEN,0
665807.453,0,0,0,1.000,1.000,1.000,-90.00,180.00,0.00,OPEN,0
665807.503,0,0,0,1.000,1.000,1.000,-90.00,180.00,0.00,OPEN,0
665807.554,0,0,0,1.000,1.000,1.000,-90.00,180.00,0.00,OPEN,0
665807.604,0,0,0,1.000,1.000,1.000,-90.00,180.00,0.00,OPEN,0
665807.654,0,0,0,1.000,1.000,1.000,-90.00,180.00,0.00,OPEN,0
665807.704,0,0,0,1.000,1.000,1.000,-90.00,180.00,0.00,OPEN,0
665807.754,0,0,0,1.000,1.000,1.000,-90.00,180.00,0.00,OPEN,0
665807.805,0,0,0,1.000,1.000,1.000,-90.00,180.00,0.00,OPEN,0
665807.854,0,0,0,1.000,1.000,1.000,-90.00,180.00,0.00,OPEN,0
665807.904,0,0,0,1.000,1.000,1.000,-90.00,180.00,0.00,OPEN,0
665807.954,0,0,0,1.000,1.000,1.000,-90.00,180.00,0.00,OPEN,0
665808.004,0,0,0,1.000,1.000,1.000,-90.00,180.00,0.00,OPEN,0
665808.054,0,0,0,1.000,1.000,1.000,-90.00,180.00,0.00,OPEN,0
665808.104,0,0,0,1.000,1.000,1.000,-90.00,180.00,0.00,OPEN,0
665808.154,0,0,0,1.000,1.000,1.000,-90.00,180.00,0.00,OPEN,0
665808.204,0,0,0,1.000,1.000,1.000,-90.00,180.00,0.00,OPEN,0
665808.255,0,0,0,1.000,1.000,1.000,-90.00,180.00,0.00,OPEN,0
665808.306,0,0,0,1.000,1.000,1.000,-90.00,180.00,0.00,OPEN,0
665808.354,0,0,0,1.000,1.000,1.000,-90.00,180.00,0.00,OPEN,0
665808.404,0,0,0,1.000,1.000,1.000,-90.00,180.00,0.00,OPEN,0
665808.454,0,0,0,1.000,1.000,1.000,-90.00,180.00,0.00,OPEN,0
665808.504,0,0,0,1.000,1.000,1.000,-90.00,180.00,0.00,OPEN,0
665808.554,0,0,0,1.000,1.000,1.000,-90.00,180.00,0.00,OPEN,0
665808.603,0,0,0,1.000,1.000,1.000,-90.00,180.00,0.00,OPEN,0
665808.654,0,0,0,1.000,1.000,1.000,-90.00,180.00,0.00,OPEN,0
665808.704,0,0,0,1.000,1.000,1.000,-90.00,180.00,0.00,OPEN,0
665808.754,0,0,0,1.000,1.000,1.000,-90.00,180.00,0.00,OPEN,0
665808.805,0,0,0,1.000,1.000,1.000,-90.00,180.00,0.00,OPEN,0
665808.854,0,0,0,1.000,1.000,1.000,-90.00,180.00,0.00,OPEN,0
665808.904,0,0,0,1.000,1.000,1.000,-90.00,180.00,0.00,OPEN,0
665808.954,0,0,0,1.000,1.000,1.000,-90.00,180.00,0.00,OPEN,0
665809.003,0,0,0,1.000,1.000,1.000,-90.00,180.00,0.00,OPEN,0
665809.055,0,0,0,1.000,1.000,1.000,-90.00,180.00,0.00,OPEN,0
665809.104,0,0,0,1.000,1.000,1.000,-90.00,180.00,0.00,OPEN,0
665809.154,0,0,0,1.000,1.000,1.000,-90.00,180.00,0.00,OPEN,0
665809.220,0,0,0,1.000,1.000,1.000,-90.00,180.00,0.00,OPEN,0
665809.256,0,0,0,1.000,1.000,1.000,-90.00,180.00,0.00,OPEN,0
665809.303,0,0,0,1.000,1.000,1.000,-90.00,180.00,0.00,OPEN,0
665809.354,0,0,0,1.000,1.000,1.000,-90.00,180.00,0.00,OPEN,0
665809.404,0,0,0,1.000,1.000,1.000,-90.00,180.00,0.00,OPEN,0
665809.454,0,0,0,1.000,1.000,1.000,-90.00,180.00,0.00,OPEN,0
665809.505,0,0,0,1.000,1.000,1.000,-90.00,180.00,0.00,OPEN,0
665809.554,0,0,0,1.000,1.000,1.000,-90.00,180.00,0.00,OPEN,0
665809.604,0,0,0,1.000,1.000,1.000,-90.00,180.00,0.00,OPEN,0
665809.654,0,0,0,1.000,1.000,1.000,-90.00,180.00,0.00,OPEN,0
665809.704,0,0,0,1.000,1.000,1.000,-90.00,180.00,0.00,OPEN,0
665809.754,0,0,0,1.000,1.000,1.000,-90.00,180.00,0.00,OPEN,0
665809.804,0,0,0,1.000,1.000,1.000,-90.00,180.00,0.00,OPEN,0
665809.853,0,0,0,1.000,1.000,1.000,-90.00,180.00,0.00,OPEN,0
665809.904,0,0,0,1.000,1.000,1.000,-90.00,180.00,0.00,OPEN,0
665809.955,0,0,0,1.000,1.000,1.000,-90.00,180.00,0.00,OPEN,0
665810.004,0,0,0,1.000,1.000,1.000,-90.00,180.00,0.00,OPEN,0
665810.054,0,0,0,1.000,1.000,1.000,-90.00,180.00,0.00,OPEN,0
665810.103,0,0,0,1.000,1.000,1.000,-90.00,180.00,0.00,OPEN,0
665810.154,0,0,0,1.000,1.000,1.000,-90.00,180.00,0.00,OPEN,0
665810.204,0,0,0,1.000,1.000,1.000,-90.00,180.00,0.00,OPEN,0
665810.255,0,0,0,1.000,1.000,1.000,-90.00,180.00,0.00,OPEN,0
665810.303,0,0,0,1.000,1.000,1.000,-90.00,180.00,0.00,OPEN,0
665810.354,0,0,0,1.000,1.000,1.000,-90.00,180.00,0.00,OPEN,0
665810.404,0,0,0,1.000,1.000,1.000,-90.00,180.00,0.00,OPEN,0
665810.454,0,0,0,1.000,1.000,1.000,-90.00,180.00,0.00,OPEN,0
665810.503,0,0,0,0.994,1.000,1.000,-90.00,180.00,0.00,OPEN,0
665810.554,0,0,0,0.980,1.000,1.000,-90.00,180.00,0.00,OPEN,0
665810.604,0,0,0,0.993,1.000,1.000,-90.00,180.00,0.00,OPEN,0
665810.654,0,0,0,1.000,1.000,1.000,-90.00,180.00,0.00,OPEN,0
665810.704,0,0,0,1.000,1.000,1.000,-90.00,180.00,0.00,OPEN,0
665810.753,0,0,0,1.000,1.000,1.000,-90.00,180.00,0.00,OPEN,0
665810.803,0,0,0,1.000,1.000,1.000,-90.00,180.00,0.00,OPEN,0
665810.853,0,0,0,1.000,1.000,1.000,-90.00,180.00,0.00,OPEN,0
665810.903,0,0,0,1.000,1.000,1.000,-90.00,180.00,0.00,OPEN,0
665810.955,0,0,0,1.000,1.000,1.000,-90.00,180.00,0.00,OPEN,0
665811.004,0,0,0,1.000,1.000,1.000,-90.00,180.00,0.00,OPEN,0
665811.054,0,0,0,1.000,1.000,1.000,-90.00,180.00,0.00,OPEN,0
665811.104,0,0,0,1.000,1.000,1.000,-90.00,180.00,0.00,OPEN,0
665811.154,0,0,0,1.000,1.000,1.000,-90.00,180.00,0.00,OPEN,0
665811.205,0,0,0,1.000,1.000,1.000,-90.00,180.00,0.00,OPEN,0
665811.254,0,0,0,1.000,1.000,1.000,-90.00,180.00,0.00,OPEN,0
665811.303,0,0,0,1.000,1.000,1.000,-90.00,180.00,0.00,OPEN,0
665811.353,0,0,0,1.000,1.000,1.000,-90.00,180.00,0.00,OPEN,0
665811.404,0,0,0,1.000,1.000,1.000,-90.00,180.00,0.00,OPEN,0
665811.454,0,0,0,1.000,1.000,1.000,-90.00,180.00,0.00,OPEN,0
665811.503,0,0,0,1.000,1.000,1.000,-90.00,180.00,0.00,OPEN,0
665811.553,0,0,0,1.000,1.000,1.000,-90.00,180.00,0.00,OPEN,0
665811.604,0,0,0,1.000,1.000,1.000,-90.00,180.00,0.00,OPEN,0
665811.655,0,0,0,1.000,1.000,1.000,-90.00,180.00,0.00,OPEN,0
665811.705,0,0,0,1.000,1.000,1.000,-90.00,180.00,0.00,OPEN,0
665811.753,0,0,0,1.000,1.000,1.000,-90.00,180.00,0.00,OPEN,0
665811.804,0,0,0,1.000,1.000,1.000,-90.00,180.00,0.00,OPEN,0
665811.853,0,0,0,1.000,1.000,1.000,-90.00,180.00,0.00,OPEN,0
665811.904,0,0,0,1.000,1.000,1.000,-90.00,180.00,0.00,OPEN,0
665811.954,0,0,0,1.000,1.000,1.000,-90.00,180.00,0.00,OPEN,0
665812.004,0,0,0,1.000,1.000,1.000,-90.00,180.00,0.00,OPEN,0
665812.054,0,0,0,1.000,1.000,1.000,-90.00,180.00,0.00,OPEN,0
665812.104,0,0,0,1.000,1.000,1.000,-90.00,180.00,0.00,OPEN,0
665812.154,0,0,0,1.000,1.000,1.000,-90.00,180.00,0.00,OPEN,0
665812.204,0,0,0,1.000,1.000,1.000,-90.00,180.00,0.00,OPEN,0
665812.255,0,0,0,1.000,1.000,1.000,-90.00,180.00,0.00,OPEN,0
665812.304,0,0,0,1.000,1.000,1.000,-90.00,180.00,0.00,OPEN,0
665812.353,0,0,0,1.000,1.000,1.000,-90.00,180.00,0.00,OPEN,0
665812.404,0,0,0,1.000,1.000,1.000,-90.00,180.00,0.00,OPEN,0
665812.454,0,0,0,1.000,1.000,1.000,-90.00,180.00,0.00,OPEN,0
665812.504,0,0,0,1.000,1.000,1.000,-90.00,180.00,0.00,OPEN,0
665812.554,0,0,0,1.000,1.000,1.000,-90.00,180.00,0.00,OPEN,0
665812.631,0,0,0,1.000,1.000,1.000,-90.00,180.00,0.00,OPEN,0
665812.662,0,0,0,1.000,1.000,1.000,-90.00,180.00,0.00,OPEN,0
665812.704,0,0,0,1.000,1.000,1.000,-90.00,180.00,0.00,OPEN,0
665812.754,0,0,0,1.000,1.000,1.000,-90.00,180.00,0.00,OPEN,0
665812.804,0,0,0,1.000,1.000,1.000,-90.00,180.00,0.00,OPEN,0
665812.854,0,0,0,1.000,1.000,1.000,-90.00,180.00,0.00,OPEN,0
665812.904,0,0,0,1.000,1.000,1.000,-90.00,180.00,0.00,OPEN,0
665812.954,0,0,0,1.000,1.000,1.000,-90.00,180.00,0.00,OPEN,0
665813.005,0,0,0,1.000,1.000,1.000,-90.00,180.00,0.00,OPEN,0
665813.054,0,0,0,1.000,1.000,1.000,-90.00,180.00,0.00,OPEN,0
665813.103,0,0,0,1.000,1.000,1.000,-90.00,180.00,0.00,OPEN,0
665813.154,0,0,0,1.000,1.000,1.000,-90.00,180.00,0.00,OPEN,0
665813.204,0,0,0,1.000,1.000,1.000,-90.00,180.00,0.00,OPEN,0
665813.254,0,0,0,1.000,1.000,1.000,-90.00,180.00,0.00,OPEN,0
665813.305,0,0,0,1.000,1.000,1.000,-90.00,180.00,0.00,OPEN,0
665813.354,0,0,0,1.000,1.000,1.000,-90.00,180.00,0.00,OPEN,0
665813.404,0,0,0,1.000,1.000,1.000,-90.00,180.00,0.00,OPEN,0
665813.454,0,0,0,1.000,1.000,1.000,-90.00,180.00,0.00,OPEN,0
665813.504,0,0,0,1.000,1.000,1.000,-90.00,180.00,0.00,OPEN,0
665813.554,0,0,0,1.000,1.000,1.000,-90.00,180.00,0.00,OPEN,0
665813.604,0,0,0,1.000,1.000,1.000,-90.00,180.00,0.00,OPEN,0
665813.654,0,0,0,1.000,1.000,1.000,-90.00,180.00,0.00,OPEN,0
665813.703,0,0,0,1.000,1.000,1.000,-90.00,180.00,0.00,OPEN,0
665813.754,0,0,0,1.000,1.000,1.000,-90.00,180.00,0.00,OPEN,0
665813.804,0,0,0,1.000,1.000,1.000,-90.00,180.00,0.00,OPEN,0
665813.854,0,0,0,1.000,1.000,1.000,-90.00,180.00,0.00,OPEN,0
665813.904,0,0,0,1.000,1.000,1.000,-90.00,180.00,0.00,OPEN,0
665813.954,0,0,0,1.000,1.000,1.000,-90.00,180.00,0.00,OPEN,0
665814.004,0,0,0,1.000,1.000,1.000,-90.00,180.00,0.00,OPEN,0
665814.054,0,0,0,1.000,1.000,1.000,-90.00,180.00,0.00,OPEN,0
665814.104,0,0,0,1.000,1.000,1.000,-90.00,180.00,0.00,OPEN,0
665814.154,0,0,0,1.000,1.000,1.000,-90.00,180.00,0.00,OPEN,0
665814.204,0,0,0,1.000,1.000,1.000,-90.00,180.00,0.00,OPEN,0
665814.254,0,0,0,1.000,1.000,1.000,-90.00,180.00,0.00,OPEN,0
665814.304,0,0,0,1.000,1.000,1.000,-90.00,180.00,0.00,OPEN,0
665814.354,0,0,0,1.000,1.000,1.000,-90.00,180.00,0.00,OPEN,0
665814.404,0,0,0,1.000,1.000,1.000,-90.00,180.00,0.00,OPEN,0
665814.454,0,0,0,1.000,1.000,1.000,-90.00,180.00,0.00,OPEN,0
665814.504,0,0,0,1.000,1.000,1.000,-90.00,180.00,0.00,OPEN,0
665814.554,0,0,0,1.000,1.000,1.000,-90.00,180.00,0.00,OPEN,0
665814.604,0,0,0,1.000,1.000,1.000,-90.00,180.00,0.00,OPEN,0
665814.654,0,0,0,1.000,1.000,1.000,-90.00,180.00,0.00,OPEN,0
665814.705,0,0,0,1.000,1.000,1.000,-90.00,180.00,0.00,OPEN,0
665814.753,0,0,0,1.000,1.000,1.000,-90.00,180.00,0.00,OPEN,0
665814.804,0,0,0,1.000,1.000,1.000,-90.00,180.00,0.00,OPEN,0
665814.854,0,0,0,1.000,1.000,1.000,-90.00,180.00,0.00,OPEN,0
665814.904,0,0,0,1.000,1.000,1.000,-90.00,180.00,0.00,OPEN,0
665814.954,0,0,0,1.000,1.000,1.000,-90.00,180.00,0.00,OPEN,0
665815.004,0,0,0,1.000,1.000,1.000,-90.00,180.00,0.00,OPEN,0
665815.053,0,0,0,1.000,1.000,1.000,-90.00,180.00,0.00,OPEN,0
665815.104,0,0,0,1.000,1.000,1.000,-90.00,180.00,0.00,OPEN,0
665815.154,0,0,0,1.000,1.000,1.000,-90.00,180.00,0.00,OPEN,0
665815.204,0,0,0,1.000,1.000,1.000,-90.00,180.00,0.00,OPEN,0
665815.254,0,0,0,1.000,1.000,1.000,-90.00,180.00,0.00,OPEN,0
665815.305,0,0,0,1.000,1.000,1.000,-90.00,180.00,0.00,OPEN,0
665815.354,0,0,0,1.000,1.000,1.000,-90.00,180.00,0.00,OPEN,0
665815.404,0,0,0,1.000,1.000,1.000,-90.00,180.00,0.00,OPEN,0
665815.454,0,0,0,1.000,1.000,1.000,-90.00,180.00,0.00,OPEN,0
665815.504,0,0,0,1.000,1.000,1.000,-90.00,180.00,0.00,OPEN,0
665815.554,0,0,0,1.000,1.000,1.000,-90.00,180.00,0.00,OPEN,0
665815.604,0,0,0,1.000,1.000,1.000,-90.00,180.00,0.00,OPEN,0
665815.654,0,0,0,1.000,1.000,1.000,-90.00,180.00,0.00,OPEN,0
665815.704,0,0,0,1.000,1.000,1.000,-90.00,180.00,0.00,OPEN,0
665815.754,0,0,0,1.000,1.000,1.000,-90.00,180.00,0.00,OPEN,0
665815.804,0,0,0,1.000,1.000,1.000,-90.00,180.00,0.00,OPEN,0
665815.854,0,0,0,1.000,1.000,1.000,-90.00,180.00,0.00,OPEN,0
665815.904,0,0,0,1.000,1.000,1.000,-90.00,180.00,0.00,OPEN,0
665815.954,0,0,0,1.000,1.000,1.000,-90.00,180.00,0.00,OPEN,0
665816.004,0,0,0,1.000,1.000,1.000,-90.00,180.00,0.00,OPEN,0
665816.075,0,0,0,1.000,1.000,1.000,-90.00,180.00,0.00,OPEN,0
665816.105,0,0,0,1.000,1.000,1.000,-90.00,180.00,0.00,OPEN,0
665816.153,0,0,0,1.000,1.000,1.000,-90.00,180.00,0.00,OPEN,0
665816.204,0,0,0,1.000,1.000,1.000,-90.00,180.00,0.00,OPEN,0
665816.254,0,0,0,1.000,1.000,1.000,-90.00,180.00,0.00,OPEN,0
665816.304,0,0,0,1.000,1.000,1.000,-90.00,180.00,0.00,OPEN,0
665816.353,0,0,0,1.000,1.000,1.000,-90.00,180.00,0.00,OPEN,0
665816.404,0,0,0,1.000,1.000,1.000,-90.00,180.00,0.00,OPEN,0
665816.454,0,0,0,1.000,1.000,1.000,-90.00,180.00,0.00,OPEN,0
665816.505,0,0,0,1.000,1.000,1.000,-90.00,180.00,0.00,OPEN,0
665816.554,0,0,0,1.000,1.000,1.000,-90.00,180.00,0.00,OPEN,0
665816.604,0,0,0,1.000,1.000,1.000,-90.00,180.00,0.00,OPEN,0
665816.654,0,0,0,1.000,1.000,1.000,-90.00,180.00,0.00,OPEN,0
665816.704,0,0,0,1.000,1.000,1.000,-90.00,180.00,0.00,OPEN,0
665816.754,0,0,0,1.000,1.000,1.000,-90.00,180.00,0.00,OPEN,0
665816.804,0,0,0,1.000,1.000,1.000,-90.00,180.00,0.00,OPEN,0
665816.854,0,0,0,1.000,1.000,1.000,-90.00,180.00,0.00,OPEN,0
665816.903,0,0,0,1.000,1.000,1.000,-90.00,180.00,0.00,OPEN,0
665816.955,0,0,0,1.000,1.000,1.000,-90.00,180.00,0.00,OPEN,0
665817.004,0,0,0,1.000,1.000,1.000,-90.00,180.00,0.00,OPEN,0
665817.054,0,0,0,1.000,1.000,1.000,-90.00,180.00,0.00,OPEN,0
665817.104,0,0,0,1.000,1.000,1.000,-90.00,180.00,0.00,OPEN,0
665817.154,0,0,0,1.000,1.000,1.000,-90.00,180.00,0.00,OPEN,0
665817.204,0,0,0,1.000,1.000,1.000,-90.00,180.00,0.00,OPEN,0
665817.254,0,0,0,1.000,1.000,1.000,-90.00,180.00,0.00,OPEN,0
665817.304,0,0,0,1.000,1.000,1.000,-90.00,180.00,0.00,OPEN,0
665817.354,0,0,0,1.000,1.000,1.000,-90.00,180.00,0.00,OPEN,0
665817.403,0,0,0,1.000,1.000,1.000,-90.00,180.00,0.00,OPEN,0
665817.453,0,0,0,1.000,1.000,1.000,-90.00,180.00,0.00,OPEN,0
665817.504,0,0,0,1.000,1.000,1.000,-90.00,180.00,0.00,OPEN,0
665817.554,0,0,0,1.000,1.000,1.000,-90.00,180.00,0.00,OPEN,0
665817.604,0,0,0,1.000,1.000,1.000,-90.00,180.00,0.00,OPEN,0
665817.653,0,0,0,1.000,1.000,1.000,-90.00,180.00,0.00,OPEN,0
665817.703,0,0,0,1.000,1.000,1.000,-90.00,180.00,0.00,OPEN,0
665817.754,0,0,0,1.000,1.000,1.000,-90.00,180.00,0.00,OPEN,0
665817.804,0,0,0,1.000,1.000,1.000,-90.00,180.00,0.00,OPEN,0
665817.854,0,0,0,1.000,1.000,1.000,-90.00,180.00,0.00,OPEN,0
665817.904,0,0,0,1.000,1.000,1.000,-90.00,180.00,0.00,OPEN,0
665817.953,0,0,0,1.000,1.000,1.000,-90.00,180.00,0.00,OPEN,0
665818.004,0,0,0,1.000,1.000,1.000,-90.00,180.00,0.00,OPEN,0
665818.054,0,0,0,1.000,1.000,1.000,-90.00,180.00,0.00,OPEN,0
665818.104,0,0,0,1.000,1.000,1.000,-90.00,180.00,0.00,OPEN,0
665818.154,0,0,0,1.000,1.000,1.000,-90.00,180.00,0.00,OPEN,0
665818.203,0,0,0,1.000,1.000,1.000,-90.00,180.00,0.00,OPEN,0
665818.254,0,0,0,1.000,1.000,1.000,-90.00,180.00,0.00,OPEN,0
665818.304,0,0,0,1.000,1.000,1.000,-90.00,180.00,0.00,OPEN,0
665818.354,0,0,0,1.000,1.000,1.000,-90.00,180.00,0.00,OPEN,0
665818.404,0,0,0,1.000,1.000,1.000,-90.00,180.00,0.00,OPEN,0
665818.454,0,0,0,1.000,1.000,1.000,-90.00,180.00,0.00,OPEN,0
665818.504,0,0,0,1.000,1.000,1.000,-90.00,180.00,0.00,OPEN,0
665818.554,0,0,0,1.000,1.000,1.000,-90.00,180.00,0.00,OPEN,0
665818.604,0,0,0,1.000,1.000,1.000,-90.00,180.00,0.00,OPEN,0
665818.653,0,0,0,1.000,1.000,1.000,-90.00,180.00,0.00,OPEN,0
665818.704,0,0,0,1.000,1.000,1.000,-90.00,180.00,0.00,OPEN,0
665818.754,0,0,0,1.000,1.000,1.000,-90.00,180.00,0.00,OPEN,0
665818.803,0,0,0,1.000,1.000,1.000,-90.00,180.00,0.00,OPEN,0
665818.854,0,0,0,1.000,1.000,1.000,-90.00,180.00,0.00,OPEN,0
665818.904,0,0,0,1.000,1.000,1.000,-90.00,180.00,0.00,OPEN,0
665818.955,0,0,0,1.000,1.000,1.000,-90.00,180.00,0.00,OPEN,0
665819.004,0,0,0,1.000,1.000,1.000,-90.00,180.00,0.00,OPEN,0
665819.054,0,0,0,1.000,1.000,1.000,-90.00,180.00,0.00,OPEN,0
665819.103,0,0,0,1.000,1.000,1.000,-90.00,180.00,0.00,OPEN,0
665819.155,0,0,0,1.000,1.000,1.000,-90.00,180.00,0.00,OPEN,0
665819.204,0,0,0,1.000,1.000,1.000,-90.00,180.00,0.00,OPEN,0
665819.254,0,0,0,1.000,1.000,1.000,-90.00,180.00,0.00,OPEN,0
665819.304,0,0,0,1.000,1.000,1.000,-90.00,180.00,0.00,OPEN,0
665819.354,0,0,0,1.000,1.000,1.000,-90.00,180.00,0.00,OPEN,0
665819.404,0,0,0,1.000,1.000,1.000,-90.00,180.00,0.00,OPEN,0
665819.465,0,0,0,1.000,1.000,1.000,-90.00,180.00,0.00,OPEN,0
665819.505,0,0,0,1.000,1.000,1.000,-90.00,180.00,0.00,OPEN,0
665819.554,0,0,0,1.000,1.000,1.000,-90.00,180.00,0.00,OPEN,0
665819.604,0,0,0,1.000,1.000,1.000,-90.00,180.00,0.00,OPEN,0
665819.654,0,0,0,1.000,1.000,1.000,-90.00,180.00,0.00,OPEN,0
665819.705,0,0,0,1.000,1.000,1.000,-90.00,180.00,0.00,OPEN,0
665819.754,0,0,0,1.000,1.000,1.000,-90.00,180.00,0.00,OPEN,0
665819.804,0,0,0,1.000,1.000,1.000,-90.00,180.00,0.00,OPEN,0
665819.854,0,0,0,1.000,1.000,1.000,-90.00,180.00,0.00,OPEN,0
665819.904,0,0,0,1.000,1.000,1.000,-90.00,180.00,0.00,OPEN,0
665819.954,0,0,0,1.000,1.000,1.000,-90.00,180.00,0.00,OPEN,0
665820.004,0,0,0,1.000,1.000,1.000,-90.00,180.00,0.00,OPEN,0
665820.054,0,0,0,1.000,1.000,1.000,-90.00,180.00,0.00,OPEN,0
665820.104,0,0,0,1.000,1.000,1.000,-90.00,180.00,0.00,OPEN,0
665820.153,0,0,0,1.000,1.000,1.000,-90.00,180.00,0.00,OPEN,0
665820.204,0,0,0,1.000,1.000,1.000,-90.00,180.00,0.00,OPEN,0
665820.254,0,0,0,1.000,1.000,1.000,-90.00,180.00,0.00,OPEN,0
665820.304,0,0,0,1.000,1.000,1.000,-90.00,180.00,0.00,OPEN,0
665820.354,0,0,0,1.000,1.000,1.000,-90.00,180.00,0.00,OPEN,0
665820.403,0,0,0,1.000,1.000,1.000,-90.00,180.00,0.00,OPEN,0
665820.454,0,0,0,1.000,1.000,1.000,-90.00,180.00,0.00,OPEN,0
665820.504,0,0,0,1.000,1.000,1.000,-90.00,180.00,0.00,OPEN,0
665820.554,0,0,0,1.000,1.000,1.000,-90.00,180.00,0.00,OPEN,0
665820.604,0,0,0,1.000,1.000,1.000,-90.00,180.00,0.00,OPEN,0
665820.654,0,0,0,1.000,1.000,1.000,-90.00,180.00,0.00,OPEN,0
665820.705,0,0,0,1.000,1.000,1.000,-90.00,180.00,0.00,OPEN,0
665820.755,0,0,0,1.000,1.000,1.000,-90.00,180.00,0.00,OPEN,0
665820.804,0,0,0,1.000,1.000,1.000,-90.00,180.00,0.00,OPEN,0
665820.854,0,0,0,1.000,1.000,1.000,-90.00,180.00,0.00,OPEN,0
665820.904,0,0,0,1.000,1.000,1.000,-90.00,180.00,0.00,OPEN,0
665820.954,0,0,0,1.000,1.000,1.000,-90.00,180.00,0.00,OPEN,0
665821.004,0,0,0,1.000,1.000,1.000,-90.00,180.00,0.00,OPEN,0
665821.054,0,0,0,1.000,1.000,1.000,-90.00,180.00,0.00,OPEN,0
665821.104,0,0,0,1.000,1.000,1.000,-90.00,180.00,0.00,OPEN,0
665821.154,0,0,0,1.000,1.000,1.000,-90.00,180.00,0.00,OPEN,0
665821.204,0,0,0,1.000,1.000,1.000,-90.00,180.00,0.00,OPEN,0
665821.254,0,0,0,1.000,1.000,1.000,-90.00,180.00,0.00,OPEN,0
665821.305,0,0,0,1.000,1.000,1.000,-90.00,180.00,0.00,OPEN,0
665821.354,0,0,0,1.000,1.000,1.000,-90.00,180.00,0.00,OPEN,0
665821.404,0,0,0,1.000,1.000,1.000,-90.00,180.00,0.00,OPEN,0
665821.454,0,0,0,1.000,1.000,1.000,-90.00,180.00,0.00,OPEN,0
665821.504,0,0,0,1.000,1.000,1.000,-90.00,180.00,0.00,OPEN,0
665821.555,0,0,0,1.000,1.000,1.000,-90.00,180.00,0.00,OPEN,0
665821.604,0,0,0,1.000,1.000,1.000,-90.00,180.00,0.00,OPEN,0
665821.654,0,0,0,1.000,1.000,1.000,-90.00,180.00,0.00,OPEN,0
665821.703,0,0,0,1.000,1.000,1.000,-90.00,180.00,0.00,OPEN,0
665821.754,0,0,0,1.000,1.000,1.000,-90.00,180.00,0.00,OPEN,0
665821.805,0,0,0,1.000,1.000,1.000,-90.00,180.00,0.00,OPEN,0
665821.854,0,0,0,1.000,1.000,1.000,-90.00,180.00,0.00,OPEN,0
665821.903,0,0,0,1.000,1.000,1.000,-90.00,180.00,0.00,OPEN,0
665821.953,0,0,0,1.000,1.000,1.000,-90.00,180.00,0.00,OPEN,0
665822.003,0,0,0,1.000,1.000,1.000,-90.00,180.00,0.00,OPEN,0
665822.054,0,0,0,1.000,1.000,1.000,-90.00,180.00,0.00,OPEN,0
665822.104,0,0,0,1.000,1.000,1.000,-90.00,180.00,0.00,OPEN,0
665822.154,0,0,0,1.000,1.000,1.000,-90.00,180.00,0.00,OPEN,0
665822.204,0,0,0,1.000,1.000,1.000,-90.00,180.00,0.00,OPEN,0
665822.254,0,0,0,1.000,1.000,1.000,-90.00,180.00,0.00,OPEN,0
665822.304,0,0,0,1.000,1.000,1.000,-90.00,180.00,0.00,OPEN,0
665822.354,0,0,0,1.000,1.000,1.000,-90.00,180.00,0.00,OPEN,0
665822.404,0,0,0,1.000,1.000,1.000,-90.00,180.00,0.00,OPEN,0
665822.454,0,0,0,1.000,1.000,1.000,-90.00,180.00,0.00,OPEN,0
665822.504,0,0,0,1.000,1.000,1.000,-90.00,180.00,0.00,OPEN,0
665822.554,0,0,0,1.000,1.000,1.000,-90.00,180.00,0.00,OPEN,0
665822.604,0,0,0,1.000,1.000,1.000,-90.00,180.00,0.00,OPEN,0
665822.654,0,0,0,1.000,1.000,1.000,-90.00,180.00,0.00,OPEN,0
665822.704,0,0,0,1.000,1.000,1.000,-90.00,180.00,0.00,OPEN,0
665822.754,0,0,0,1.000,1.000,1.000,-90.00,180.00,0.00,OPEN,0
665822.815,0,0,0,1.000,1.000,1.000,-90.00,180.00,0.00,OPEN,0
665822.859,0,0,0,1.000,1.000,1.000,-90.00,180.00,0.00,OPEN,0
665822.904,0,0,0,1.000,1.000,1.000,-90.00,180.00,0.00,OPEN,0
665822.954,0,0,0,1.000,1.000,1.000,-90.00,180.00,0.00,OPEN,0
665823.003,0,0,0,1.000,1.000,1.000,-90.00,180.00,0.00,OPEN,0
665823.054,0,0,0,1.000,1.000,1.000,-90.00,180.00,0.00,OPEN,0
665823.105,0,0,0,1.000,1.000,1.000,-90.00,180.00,0.00,OPEN,0
665823.153,0,0,0,1.000,1.000,1.000,-90.00,180.00,0.00,OPEN,0
665823.203,0,0,0,1.000,1.000,1.000,-90.00,180.00,0.00,OPEN,0
665823.254,0,0,0,1.000,1.000,1.000,-90.00,180.00,0.00,OPEN,0
665823.304,0,0,0,1.000,1.000,1.000,-90.00,180.00,0.00,OPEN,0
665823.354,0,0,0,1.000,1.000,1.000,-90.00,180.00,0.00,OPEN,0
665823.403,0,0,0,1.000,1.000,1.000,-90.00,180.00,0.00,OPEN,0
665823.453,0,0,0,1.000,1.000,1.000,-90.00,180.00,0.00,OPEN,0
665823.504,0,0,0,1.000,1.000,1.000,-90.00,180.00,0.00,OPEN,0
665823.554,0,0,0,1.000,1.000,1.000,-90.00,180.00,0.00,OPEN,0
665823.604,0,0,0,1.000,1.000,1.000,-90.00,180.00,0.00,OPEN,0
665823.655,0,0,0,1.000,1.000,1.000,-90.00,180.00,0.00,OPEN,0
665823.704,0,0,0,1.000,1.000,1.000,-90.00,180.00,0.00,OPEN,0
665823.753,0,0,0,1.000,1.000,1.000,-90.00,180.00,0.00,OPEN,0
665823.804,0,0,0,1.000,1.000,1.000,-90.00,180.00,0.00,OPEN,0
665823.854,0,0,0,0.999,1.000,1.000,-90.00,180.00,0.00,OPEN,0
665823.904,0,0,0,0.994,1.000,1.000,-90.00,180.00,0.00,OPEN,0
665823.955,0,0,0,1.000,1.000,1.000,-90.00,180.00,0.00,OPEN,0
665824.004,0,0,0,1.000,1.000,1.000,-90.00,180.00,0.00,OPEN,0
665824.053,0,0,0,1.000,1.000,1.000,-90.00,180.00,0.00,OPEN,0
665824.104,0,0,0,1.000,0.994,1.000,-90.00,180.00,0.00,OPEN,0
665824.154,0,0,0,1.000,0.937,1.000,-90.00,180.00,0.00,OPEN,0
665824.204,0,0,0,1.000,0.961,1.000,-90.00,180.00,0.00,OPEN,0
665824.254,0,0,0,1.000,0.900,1.000,-90.00,180.00,0.00,OPEN,0
665824.304,0,0,0,0.999,1.000,1.000,-90.00,180.00,0.00,OPEN,0
665824.353,0,0,0,0.996,1.000,1.000,-90.00,180.00,0.00,OPEN,0
665824.404,0,0,0,0.991,1.000,1.000,-90.00,180.00,0.00,OPEN,0
665824.454,0,0,0,0.962,1.000,1.000,-90.00,180.00,0.00,OPEN,0
665824.504,0,0,0,0.815,1.000,1.000,-90.00,180.00,0.00,OPEN,0
665824.554,0,0,0,0.530,1.000,1.000,-90.00,180.00,0.00,OPEN,0
665824.604,0,0,0,0.560,1.000,1.000,-90.00,180.00,0.00,OPEN,0
665824.654,0,0,0,0.630,1.000,1.000,-90.00,180.00,0.00,OPEN,0
665824.704,0,0,0,0.765,1.000,1.000,-90.00,180.00,0.00,OPEN,0
665824.755,0,0,0,0.821,1.000,1.000,-90.00,180.00,0.00,OPEN,0
665824.804,0,0,0,0.826,1.000,1.000,-90.00,180.00,0.00,OPEN,0
665824.854,0,0,0,0.786,1.000,1.000,-90.00,180.00,0.00,OPEN,0
665824.904,0,0,0,0.626,1.000,1.000,-90.00,180.00,0.00,OPEN,0
665824.954,0,0,0,0.659,1.000,1.000,-90.00,180.00,0.00,OPEN,0
665825.004,0,0,0,0.939,1.000,1.000,-90.00,180.00,0.00,OPEN,0
665825.054,0,0,0,0.991,1.000,1.000,-90.00,180.00,0.00,OPEN,0
665825.104,0,0,0,0.999,1.000,1.000,-90.00,180.00,0.00,OPEN,0
665825.154,0,0,0,1.000,1.000,1.000,-90.00,180.00,0.00,OPEN,0
665825.204,0,0,0,1.000,0.984,1.000,-90.00,180.00,0.00,OPEN,0
665825.254,0,0,0,1.000,0.983,0.942,-90.00,180.00,0.00,OPEN,0
665825.304,0,0,0,1.000,0.909,0.881,-90.00,180.00,0.00,OPEN,0
665825.354,0,0,0,1.000,0.657,0.733,-90.00,180.00,0.00,OPEN,0
665825.404,0,0,0,1.000,0.589,0.563,-90.00,180.00,0.00,OPEN,0
665825.454,0,0,0,1.000,0.758,0.571,-90.00,180.00,0.00,OPEN,0
665825.505,0,0,0,1.000,0.809,0.665,-90.00,180.00,0.00,OPEN,0
665825.554,0,0,0,1.000,0.825,0.663,-90.00,180.00,0.00,OPEN,0
665825.604,0,0,0,1.000,0.802,0.583,-90.00,180.00,0.00,OPEN,0
665825.654,0,0,0,1.000,0.704,0.531,-90.00,180.00,0.00,OPEN,0
665825.703,0,0,0,1.000,0.621,0.698,-90.00,180.00,0.00,OPEN,0
665825.754,0,0,0,1.000,0.523,0.845,-90.00,180.00,0.00,OPEN,0
665825.805,0,0,0,1.000,0.642,0.908,-90.00,180.00,0.00,OPEN,0
665825.854,0,0,0,1.000,0.710,0.939,-90.00,180.00,0.00,OPEN,0
665825.903,0,0,0,1.000,0.692,0.951,-90.00,180.00,0.00,OPEN,0
665825.954,0,0,0,1.000,0.702,0.954,-90.00,180.00,0.00,OPEN,0
665826.004,0,0,0,1.000,0.704,0.954,-90.00,180.00,0.00,OPEN,0
665826.054,0,0,0,1.000,0.669,0.950,-90.00,180.00,0.00,OPEN,0
665826.104,0,0,0,1.000,0.600,0.944,-90.00,180.00,0.00,OPEN,0
665826.154,0,0,0,1.000,0.608,0.934,-90.00,180.00,0.00,OPEN,0
665826.207,0,0,0,1.000,0.601,0.923,-90.00,180.00,0.00,OPEN,0
665826.253,0,0,0,1.000,0.640,0.910,-90.00,180.00,0.00,OPEN,0
665826.304,0,0,0,1.000,0.715,0.892,-90.00,180.00,0.00,OPEN,0
665826.354,0,0,0,1.000,0.833,0.871,-90.00,180.00,0.00,OPEN,0
665826.404,0,0,0,1.000,0.884,0.832,-90.00,180.00,0.00,OPEN,0
665826.454,0,0,0,1.000,0.902,0.782,-90.00,180.00,0.00,OPEN,0
665826.504,0,0,0,1.000,0.901,0.759,-90.00,180.00,0.00,OPEN,0
665826.553,0,0,0,1.000,0.884,0.776,-90.00,180.00,0.00,OPEN,0
665826.604,0,0,0,1.000,0.813,0.763,-90.00,180.00,0.00,OPEN,0
665826.654,0,0,0,1.000,0.700,0.756,-90.00,180.00,0.00,OPEN,0
665826.703,0,0,0,1.000,0.599,0.743,-90.00,180.00,0.00,OPEN,0
665826.754,0,0,0,1.000,0.519,0.714,-90.00,180.00,0.00,OPEN,0
665826.804,0,0,0,1.000,0.542,0.697,-90.00,180.00,0.00,OPEN,0
665826.854,0,1,0,1.000,0.503,0.706,-90.00,180.00,0.00,OPEN,0
665826.904,0,1,0,1.000,0.609,0.751,-90.00,180.00,0.00,OPEN,0
665826.954,0,1,0,1.000,0.790,0.841,-90.00,180.00,0.00,OPEN,0
665827.004,0,1,0,1.000,0.871,0.914,-90.00,180.00,0.00,OPEN,0
665827.054,0,1,0,1.000,0.909,0.947,-90.00,180.00,0.00,OPEN,0
665827.105,0,1,0,1.000,0.918,0.971,-90.00,180.00,0.00,OPEN,0
665827.154,0,1,0,1.000,0.915,0.977,-90.00,180.00,0.00,OPEN,0
665827.204,0,1,0,1.000,0.859,0.975,-90.00,180.00,0.00,OPEN,0
665827.254,0,1,0,1.000,0.672,0.967,-90.00,180.00,0.00,OPEN,0
665827.304,0,1,0,1.000,0.555,0.958,-90.00,180.00,0.00,OPEN,0
665827.354,0,1,0,1.000,0.721,0.935,-90.00,180.00,0.00,OPEN,0
665827.404,0,1,0,1.000,0.827,0.896,-90.00,180.00,0.00,OPEN,0
665827.454,0,1,0,1.000,0.858,0.877,-90.00,180.00,0.00,OPEN,0
665827.504,0,1,0,1.000,0.848,0.855,-90.00,180.00,0.00,OPEN,0
665827.554,0,1,0,1.000,0.843,0.840,-90.00,180.00,0.00,OPEN,0
665827.603,0,1,0,1.000,0.837,0.873,-90.00,180.00,0.00,OPEN,0
665827.654,0,1,0,1.000,0.823,0.914,-90.00,180.00,0.00,OPEN,0
665827.704,0,1,0,1.000,0.851,0.958,-90.00,180.00,0.00,OPEN,0
665827.754,0,1,0,1.000,0.849,0.975,-90.00,180.00,0.00,OPEN,0
665827.804,0,1,0,1.000,0.859,0.980,-90.00,180.00,0.00,OPEN,0
665827.854,0,1,0,1.000,0.885,0.983,-90.00,180.00,0.00,OPEN,0
665827.904,0,1,0,1.000,0.899,0.982,-90.00,180.00,0.00,OPEN,0
665827.954,0,1,0,1.000,0.895,0.978,-90.00,180.00,0.00,OPEN,0
665828.004,0,1,0,1.000,0.870,0.968,-90.00,180.00,0.00,OPEN,0
665828.054,0,1,0,1.000,0.859,0.938,-90.00,180.00,0.00,OPEN,0
665828.104,0,1,0,1.000,0.815,0.893,-90.00,180.00,0.00,OPEN,0
665828.154,0,1,0,1.000,0.734,0.830,-90.00,180.00,0.00,OPEN,0
665828.204,0,1,0,1.000,0.687,0.804,-90.00,180.00,0.00,OPEN,0
665828.254,0,0,0,1.000,0.527,0.859,-90.00,180.00,0.00,OPEN,0
665828.304,0,0,0,1.000,0.740,0.923,-90.00,180.00,0.00,OPEN,0
665828.354,0,0,0,1.000,0.880,0.964,-90.00,180.00,0.00,OPEN,0
665828.403,0,0,0,1.000,0.944,0.982,-90.00,180.00,0.00,OPEN,0
665828.453,0,0,0,1.000,0.971,0.986,-90.00,180.00,0.00,OPEN,0
665828.504,0,0,0,1.000,0.977,0.989,-90.00,180.00,0.00,OPEN,0
665828.553,0,0,0,1.000,0.980,0.989,-90.00,180.00,0.00,OPEN,0
665828.603,0,0,0,1.000,0.986,0.989,-90.00,180.00,0.00,OPEN,0
665828.654,0,0,0,1.000,0.990,0.987,-90.00,180.00,0.00,OPEN,0
665828.705,0,0,0,1.000,0.991,0.979,-90.00,180.00,0.00,OPEN,0
665828.766,0,0,0,1.000,0.993,0.941,-90.00,180.00,0.00,OPEN,0
665828.804,0,0,0,1.000,0.988,0.796,-90.00,180.00,0.00,OPEN,0
665828.854,0,0,0,1.000,0.962,0.590,-90.00,180.00,0.00,OPEN,0
665828.904,0,0,0,1.000,0.822,0.541,-90.00,180.00,0.00,OPEN,0
665828.954,0,0,0,1.000,0.578,0.581,-90.00,180.00,0.00,OPEN,0
665829.004,0,0,0,1.000,0.660,0.626,-90.00,180.00,0.00,OPEN,0
665829.053,0,0,0,1.000,0.817,0.702,-90.00,180.00,0.00,OPEN,0
665829.104,0,0,0,1.000,0.889,0.824,-90.00,180.00,0.00,OPEN,0
665829.153,0,0,0,1.000,0.905,0.893,-90.00,180.00,0.00,OPEN,0
665829.203,0,1,0,1.000,0.864,0.933,-90.00,180.00,0.00,OPEN,0
665829.254,0,1,0,1.000,0.836,0.955,-90.00,180.00,0.00,OPEN,0
665829.303,0,1,0,1.000,0.708,0.965,-90.00,180.00,0.00,OPEN,0
665829.354,0,1,0,1.000,0.563,0.955,-90.00,180.00,0.00,OPEN,0
665829.404,0,1,0,1.000,0.799,0.918,-90.00,180.00,0.00,OPEN,0
665829.455,0,1,0,1.000,0.999,0.999,-90.00,180.00,0.00,OPEN,0
665829.504,0,1,0,1.000,0.982,1.000,-90.00,180.00,0.00,OPEN,0
665829.553,0,1,0,1.000,0.890,1.000,-90.00,180.00,0.00,OPEN,0
665829.604,0,1,0,1.000,0.571,1.000,-90.00,180.00,0.00,OPEN,0
665829.653,0,1,0,1.000,0.711,1.000,-90.00,180.00,0.00,OPEN,0
665829.704,0,1,0,1.000,0.871,0.999,-90.00,180.00,0.00,OPEN,0
665829.754,0,1,0,1.000,0.980,0.998,-90.00,180.00,0.00,OPEN,0
665829.804,0,1,0,1.000,0.997,0.996,-90.00,180.00,0.00,OPEN,0
665829.854,0,1,0,1.000,1.000,0.988,-90.00,180.00,0.00,OPEN,0
665829.904,0,1,0,1.000,1.000,0.976,-90.00,180.00,0.00,OPEN,0
665829.954,0,0,0,1.000,1.000,0.969,-90.00,180.00,0.00,OPEN,0
665830.004,0,0,0,1.000,1.000,0.973,-90.00,180.00,0.00,OPEN,0
665830.054,0,0,0,1.000,1.000,0.983,-90.00,180.00,0.00,OPEN,0
665830.104,0,0,0,0.999,1.000,0.989,-90.00,180.00,0.00,OPEN,0
665830.154,0,0,0,0.997,1.000,0.996,-90.00,180.00,0.00,OPEN,0
665830.204,0,0,0,0.998,1.000,0.999,-90.00,180.00,0.00,OPEN,0
665830.254,0,0,0,0.990,1.000,1.000,-90.00,180.00,0.00,OPEN,0
665830.304,0,0,0,0.977,1.000,1.000,-90.00,180.00,0.00,OPEN,0
665830.353,0,0,0,0.984,1.000,1.000,-90.00,180.00,0.00,OPEN,0
665830.404,0,0,0,0.993,1.000,1.000,-90.00,180.00,0.00,OPEN,0
665830.455,0,0,0,0.990,1.000,1.000,-90.00,180.00,0.00,OPEN,0
665830.504,0,0,0,0.998,1.000,1.000,-90.00,180.00,0.00,OPEN,0
665830.554,0,0,0,0.999,1.000,1.000,-90.00,180.00,0.00,OPEN,0
665830.604,0,0,0,1.000,1.000,1.000,-90.00,180.00,0.00,OPEN,0
665830.654,0,0,0,1.000,1.000,1.000,-90.00,180.00,0.00,OPEN,0
665830.704,0,0,0,1.000,1.000,1.000,-90.00,180.00,0.00,OPEN,0
665830.753,0,0,0,1.000,1.000,1.000,-90.00,180.00,0.00,OPEN,0
665830.804,0,0,0,1.000,1.000,1.000,-90.00,180.00,0.00,OPEN,0
665830.854,0,0,0,1.000,1.000,1.000,-90.00,180.00,0.00,OPEN,0
665830.904,0,0,0,1.000,1.000,1.000,-90.00,180.00,0.00,OPEN,0
665830.953,0,0,0,1.000,1.000,1.000,-90.00,180.00,0.00,OPEN,0
665831.004,0,0,0,1.000,1.000,1.000,-90.00,180.00,0.00,OPEN,0
665831.054,0,0,0,1.000,1.000,1.000,-90.00,180.00,0.00,OPEN,0
665831.104,0,0,0,1.000,1.000,1.000,-90.00,180.00,0.00,OPEN,0
665831.154,0,0,0,1.000,1.000,1.000,-90.00,180.00,0.00,OPEN,0
665831.204,0,0,0,1.000,1.000,1.000,-90.00,180.00,0.00,OPEN,0
665831.253,0,0,0,1.000,1.000,1.000,-90.00,180.00,0.00,OPEN,0
665831.304,0,0,0,1.000,1.000,1.000,-90.00,180.00,0.00,OPEN,0
665831.354,0,0,0,1.000,1.000,1.000,-90.00,180.00,0.00,OPEN,0
665831.404,0,0,0,1.000,1.000,1.000,-90.00,180.00,0.00,OPEN,0
665831.454,0,0,0,1.000,1.000,1.000,-90.00,180.00,0.00,OPEN,0
665831.504,0,0,0,1.000,1.000,1.000,-90.00,180.00,0.00,OPEN,0
665831.554,0,0,0,1.000,1.000,1.000,-90.00,180.00,0.00,OPEN,0
665831.604,0,0,0,1.000,1.000,1.000,-90.00,180.00,0.00,OPEN,0
665831.654,0,0,0,1.000,1.000,1.000,-90.00,180.00,0.00,OPEN,0
665831.704,0,0,0,1.000,1.000,1.000,-90.00,180.00,0.00,OPEN,0
665831.753,0,0,0,1.000,1.000,1.000,-90.00,180.00,0.00,OPEN,0
665831.803,0,0,0,1.000,1.000,1.000,-90.00,180.00,0.00,OPEN,0
665831.854,0,0,0,1.000,1.000,1.000,-90.00,180.00,0.00,OPEN,0
665831.917,0,0,0,1.000,1.000,1.000,-90.00,180.00,0.00,OPEN,0
665831.954,0,0,0,1.000,1.000,1.000,-90.00,180.00,0.00,OPEN,0
665832.003,0,0,0,1.000,1.000,1.000,-90.00,180.00,0.00,OPEN,0
665832.054,0,0,0,1.000,1.000,1.000,-90.00,180.00,0.00,OPEN,0
665832.104,0,0,0,1.000,1.000,1.000,-90.00,180.00,0.00,OPEN,0
665832.154,0,0,0,1.000,1.000,1.000,-90.00,180.00,0.00,OPEN,0
665832.204,0,0,0,1.000,1.000,1.000,-90.00,180.00,0.00,OPEN,0
665832.254,0,0,0,1.000,1.000,1.000,-90.00,180.00,0.00,OPEN,0
665832.303,0,0,0,1.000,1.000,1.000,-90.00,180.00,0.00,OPEN,0
665832.354,0,0,0,1.000,1.000,1.000,-90.00,180.00,0.00,OPEN,0
665832.404,0,0,0,1.000,1.000,1.000,-90.00,180.00,0.00,OPEN,0
665832.454,0,0,0,1.000,1.000,1.000,-90.00,180.00,0.00,OPEN,0
665832.503,0,0,0,1.000,1.000,1.000,-90.00,180.00,0.00,OPEN,0
665832.553,0,0,0,1.000,1.000,1.000,-90.00,180.00,0.00,OPEN,0
665832.603,0,0,0,1.000,1.000,1.000,-90.00,180.00,0.00,OPEN,0
665832.655,0,0,0,1.000,1.000,1.000,-90.00,180.00,0.00,OPEN,0
665832.704,0,0,0,1.000,1.000,1.000,-90.00,180.00,0.00,OPEN,0
665832.754,0,0,0,1.000,1.000,1.000,-90.00,180.00,0.00,OPEN,0
665832.804,0,0,0,1.000,1.000,1.000,-90.00,180.00,0.00,OPEN,0
665832.854,0,0,0,1.000,1.000,1.000,-90.00,180.00,0.00,OPEN,0
665832.903,0,0,0,1.000,1.000,1.000,-90.00,180.00,0.00,OPEN,0
665832.954,0,0,0,1.000,1.000,1.000,-90.00,180.00,0.00,OPEN,0
665833.004,0,0,0,1.000,1.000,1.000,-90.00,180.00,0.00,OPEN,0
665833.054,0,0,0,1.000,1.000,1.000,-90.00,180.00,0.00,OPEN,0
665833.103,0,0,0,1.000,1.000,1.000,-90.00,180.00,0.00,OPEN,0
665833.154,0,0,0,1.000,1.000,1.000,-90.00,180.00,0.00,OPEN,0
665833.204,0,0,0,1.000,1.000,1.000,-90.00,180.00,0.00,OPEN,0
665833.255,0,0,0,1.000,1.000,1.000,-90.00,180.00,0.00,OPEN,0
665833.304,0,0,0,1.000,1.000,1.000,-90.00,180.00,0.00,OPEN,0
665833.353,0,0,0,1.000,1.000,1.000,-90.00,180.00,0.00,OPEN,0
665833.403,0,0,0,1.000,1.000,1.000,-90.00,180.00,0.00,OPEN,0
665833.454,0,0,0,1.000,1.000,1.000,-90.00,180.00,0.00,OPEN,0
665833.504,0,0,0,1.000,1.000,1.000,-90.00,180.00,0.00,OPEN,0
665833.554,0,0,0,1.000,1.000,1.000,-90.00,180.00,0.00,OPEN,0
665833.604,0,0,0,1.000,1.000,1.000,-90.00,180.00,0.00,OPEN,0
665833.654,0,0,0,1.000,1.000,1.000,-90.00,180.00,0.00,OPEN,0
665833.705,0,0,0,1.000,1.000,1.000,-90.00,180.00,0.00,OPEN,0
665833.754,0,0,0,1.000,1.000,1.000,-90.00,180.00,0.00,OPEN,0
665833.804,0,0,0,1.000,1.000,1.000,-90.00,180.00,0.00,OPEN,0
665833.854,0,0,0,1.000,1.000,1.000,-90.00,180.00,0.00,OPEN,0
665833.904,0,0,0,1.000,1.000,1.000,-90.00,180.00,0.00,OPEN,0
665833.954,0,0,0,1.000,1.000,1.000,-90.00,180.00,0.00,OPEN,0
665834.004,0,0,0,1.000,1.000,1.000,-90.00,180.00,0.00,OPEN,0
665834.055,0,0,0,1.000,1.000,1.000,-90.00,180.00,0.00,OPEN,0
665834.104,0,0,0,1.000,1.000,1.000,-90.00,180.00,0.00,OPEN,0
665834.154,0,0,0,1.000,1.000,1.000,-90.00,180.00,0.00,OPEN,0
665834.204,0,0,0,1.000,1.000,1.000,-90.00,180.00,0.00,OPEN,0
665834.254,0,0,0,1.000,1.000,1.000,-90.00,180.00,0.00,OPEN,0
665834.304,0,0,0,1.000,1.000,1.000,-90.00,180.00,0.00,OPEN,0
665834.354,0,0,0,1.000,1.000,1.000,-90.00,180.00,0.00,OPEN,0
665834.404,0,0,0,1.000,1.000,1.000,-90.00,180.00,0.00,OPEN,0
665834.454,0,0,0,1.000,1.000,1.000,-90.00,180.00,0.00,OPEN,0
665834.503,0,0,0,1.000,1.000,1.000,-90.00,180.00,0.00,OPEN,0
665834.554,0,0,0,1.000,1.000,1.000,-90.00,180.00,0.00,OPEN,0
665834.604,0,0,0,1.000,1.000,1.000,-90.00,180.00,0.00,OPEN,0
665834.654,0,0,0,1.000,1.000,1.000,-90.00,180.00,0.00,OPEN,0
665834.703,0,0,0,1.000,1.000,1.000,-90.00,180.00,0.00,OPEN,0
665834.754,0,0,0,1.000,1.000,1.000,-90.00,180.00,0.00,OPEN,0
665834.804,0,0,0,1.000,1.000,1.000,-90.00,180.00,0.00,OPEN,0
665834.855,0,0,0,1.000,1.000,1.000,-90.00,180.00,0.00,OPEN,0
665834.903,0,0,0,1.000,1.000,1.000,-90.00,180.00,0.00,OPEN,0
665834.953,0,0,0,1.000,1.000,1.000,-90.00,180.00,0.00,OPEN,0
665835.004,0,0,0,1.000,1.000,1.000,-90.00,180.00,0.00,OPEN,0
665835.054,0,0,0,1.000,1.000,1.000,-90.00,180.00,0.00,OPEN,0
665835.104,0,0,0,1.000,1.000,1.000,-90.00,180.00,0.00,OPEN,0
665835.153,0,0,0,1.000,1.000,1.000,-90.00,180.00,0.00,OPEN,0
665835.204,0,0,0,1.000,1.000,1.000,-90.00,180.00,0.00,OPEN,0
665835.254,0,0,0,1.000,1.000,1.000,-90.00,180.00,0.00,OPEN,0
665835.322,0,0,0,1.000,1.000,1.000,-90.00,180.00,0.00,OPEN,0
665835.357,0,0,0,1.000,1.000,1.000,-90.00,180.00,0.00,OPEN,0
665835.404,0,0,0,1.000,1.000,1.000,-90.00,180.00,0.00,OPEN,0
665835.453,0,0,0,1.000,1.000,1.000,-90.00,180.00,0.00,OPEN,0
665835.504,0,0,0,1.000,1.000,1.000,-90.00,180.00,0.00,OPEN,0
665835.553,0,0,0,1.000,1.000,1.000,-90.00,180.00,0.00,OPEN,0
665835.604,0,0,0,1.000,1.000,1.000,-90.00,180.00,0.00,OPEN,0
665835.654,0,0,0,1.000,1.000,1.000,-90.00,180.00,0.00,OPEN,0
665835.704,0,0,0,1.000,1.000,1.000,-90.00,180.00,0.00,OPEN,0
665835.754,0,0,0,1.000,1.000,1.000,-90.00,180.00,0.00,OPEN,0
665835.804,0,0,0,1.000,1.000,1.000,-90.00,180.00,0.00,OPEN,0
665835.854,0,0,0,1.000,1.000,1.000,-90.00,180.00,0.00,OPEN,0
665835.904,0,0,0,1.000,1.000,1.000,-90.00,180.00,0.00,OPEN,0
665835.954,0,0,0,1.000,1.000,1.000,-90.00,180.00,0.00,OPEN,0
665836.003,0,0,0,1.000,1.000,1.000,-90.00,180.00,0.00,OPEN,0
665836.054,0,0,0,1.000,1.000,1.000,-90.00,180.00,0.00,OPEN,0
665836.104,0,0,0,1.000,1.000,1.000,-90.00,180.00,0.00,OPEN,0
665836.154,0,0,0,1.000,1.000,1.000,-90.00,180.00,0.00,OPEN,0
665836.204,0,0,0,1.000,1.000,1.000,-90.00,180.00,0.00,OPEN,0
665836.254,0,0,0,1.000,1.000,1.000,-90.00,180.00,0.00,OPEN,0
665836.304,0,0,0,1.000,1.000,1.000,-90.00,180.00,0.00,OPEN,0
665836.353,0,0,0,1.000,1.000,1.000,-90.00,180.00,0.00,OPEN,0
665836.404,0,0,0,1.000,1.000,1.000,-90.00,180.00,0.00,OPEN,0
665836.455,0,0,0,1.000,1.000,1.000,-90.00,180.00,0.00,OPEN,0
665836.504,0,0,0,1.000,1.000,1.000,-90.00,180.00,0.00,OPEN,0
665836.553,0,0,0,1.000,1.000,1.000,-90.00,180.00,0.00,OPEN,0
665836.603,0,0,0,1.000,1.000,1.000,-90.00,180.00,0.00,OPEN,0
665836.654,0,0,0,1.000,1.000,1.000,-90.00,180.00,0.00,OPEN,0
665836.704,0,0,0,1.000,1.000,1.000,-90.00,180.00,0.00,OPEN,0
665836.754,0,0,0,1.000,1.000,1.000,-90.00,180.00,0.00,OPEN,0
665836.804,0,0,0,1.000,1.000,1.000,-90.00,180.00,0.00,OPEN,0
665836.854,0,0,0,1.000,1.000,1.000,-90.00,180.00,0.00,OPEN,0
665836.904,0,0,0,1.000,1.000,1.000,-90.00,180.00,0.00,OPEN,0
665836.954,0,0,0,1.000,1.000,1.000,-90.00,180.00,0.00,OPEN,0
665837.004,0,0,0,1.000,1.000,1.000,-90.00,180.00,0.00,OPEN,0
665837.054,0,0,0,1.000,1.000,1.000,-90.00,180.00,0.00,OPEN,0
665837.104,0,0,0,1.000,1.000,1.000,-90.00,180.00,0.00,OPEN,0
665837.154,0,0,0,1.000,1.000,1.000,-90.00,180.00,0.00,OPEN,0
665837.204,0,0,0,1.000,1.000,1.000,-90.00,180.00,0.00,OPEN,0
665837.254,0,0,0,1.000,1.000,1.000,-90.00,180.00,0.00,OPEN,0
665837.304,0,0,0,1.000,1.000,1.000,-90.00,180.00,0.00,OPEN,0
665837.353,0,0,0,1.000,1.000,1.000,-90.00,180.00,0.00,OPEN,0
665837.405,0,0,0,1.000,1.000,1.000,-90.00,180.00,0.00,OPEN,0
665837.454,0,0,0,1.000,1.000,1.000,-90.00,180.00,0.00,OPEN,0
665837.504,0,0,0,1.000,1.000,1.000,-90.00,180.00,0.00,OPEN,0
665837.553,0,0,0,1.000,1.000,1.000,-90.00,180.00,0.00,OPEN,0
665837.603,0,0,0,1.000,1.000,1.000,-90.00,180.00,0.00,OPEN,0
665837.654,0,0,0,1.000,1.000,1.000,-90.00,180.00,0.00,OPEN,0
665837.704,0,0,0,0.999,1.000,1.000,-90.00,180.00,0.00,OPEN,0
665837.754,0,0,0,1.000,1.000,1.000,-90.00,180.00,0.00,OPEN,0
665837.804,0,0,0,1.000,1.000,1.000,-90.00,180.00,0.00,OPEN,0
665837.854,0,0,0,1.000,1.000,1.000,-90.00,180.00,0.00,OPEN,0
665837.904,0,0,0,1.000,1.000,1.000,-90.00,180.00,0.00,OPEN,0
665837.954,0,0,0,1.000,1.000,1.000,-90.00,180.00,0.00,OPEN,0
665838.004,0,0,0,1.000,0.999,1.000,-90.00,180.00,0.00,OPEN,0
665838.054,0,0,0,1.000,0.993,1.000,-90.00,180.00,0.00,OPEN,0
665838.104,0,0,0,1.000,0.944,1.000,-90.00,180.00,0.00,OPEN,0
665838.153,0,0,0,1.000,0.554,1.000,-90.00,180.00,0.00,OPEN,0
665838.204,0,0,0,1.000,0.937,0.999,-90.00,180.00,0.00,OPEN,0
665838.254,0,0,0,1.000,0.995,0.999,-90.00,180.00,0.00,OPEN,0
665838.303,0,0,0,1.000,0.999,0.998,-90.00,180.00,0.00,OPEN,0
665838.354,0,0,0,1.000,1.000,0.998,-90.00,180.00,0.00,OPEN,0
665838.404,0,0,0,1.000,0.999,0.997,-90.00,180.00,0.00,OPEN,0
665838.454,0,0,0,1.000,0.999,0.995,-90.00,180.00,0.00,OPEN,0
665838.504,0,0,0,1.000,0.995,0.988,-90.00,180.00,0.00,OPEN,0
665838.554,0,0,0,1.000,0.895,0.916,-90.00,180.00,0.00,OPEN,0
665838.604,0,0,0,1.000,0.600,0.781,-90.00,180.00,0.00,OPEN,0
665838.667,0,0,0,1.000,0.842,0.606,-90.00,180.00,0.00,OPEN,0
665838.704,0,0,0,1.000,0.938,0.501,-90.00,180.00,0.00,OPEN,0
665838.754,0,0,0,1.000,0.966,0.530,-90.00,180.00,0.00,OPEN,0
665838.804,0,0,0,1.000,0.974,0.539,-90.00,180.00,0.00,OPEN,0
665838.853,0,0,0,1.000,0.978,0.571,-90.00,180.00,0.00,OPEN,0
665838.904,0,0,0,1.000,0.982,0.539,-90.00,180.00,0.00,OPEN,0
665838.954,0,0,0,1.000,0.983,0.510,-90.00,180.00,0.00,OPEN,0
665839.004,0,0,0,1.000,0.984,0.532,-90.00,180.00,0.00,OPEN,0
665839.054,0,0,0,1.000,0.984,0.579,-90.00,180.00,0.00,OPEN,0
665839.104,0,0,0,1.000,0.978,0.613,-90.00,180.00,0.00,OPEN,0
665839.154,0,0,0,1.000,0.947,0.627,-90.00,180.00,0.00,OPEN,0
665839.204,0,0,0,1.000,0.871,0.649,-90.00,180.00,0.00,OPEN,0
665839.254,0,0,0,1.000,0.685,0.651,-90.00,180.00,0.00,OPEN,0
665839.304,0,0,0,1.000,0.615,0.687,-90.00,180.00,0.00,OPEN,0
665839.354,0,0,0,1.000,0.866,0.726,-90.00,180.00,0.00,OPEN,0
665839.404,0,0,0,1.000,0.949,0.799,-90.00,180.00,0.00,OPEN,0
665839.454,0,0,0,1.000,0.977,0.857,-90.00,180.00,0.00,OPEN,0
665839.504,0,0,0,1.000,0.985,0.864,-90.00,180.00,0.00,OPEN,0
665839.554,0,0,0,1.000,0.984,0.907,-90.00,180.00,0.00,OPEN,0
665839.604,0,0,0,1.000,0.985,0.912,-90.00,180.00,0.00,OPEN,0
665839.654,0,0,0,1.000,0.976,0.936,-90.00,180.00,0.00,OPEN,0
665839.704,0,0,0,1.000,0.973,0.953,-90.00,180.00,0.00,OPEN,0
665839.754,0,0,0,1.000,0.966,0.964,-90.00,180.00,0.00,OPEN,0
665839.805,0,0,0,1.000,0.941,0.971,-90.00,180.00,0.00,OPEN,0
665839.854,0,0,0,1.000,0.900,0.974,-90.00,180.00,0.00,OPEN,0
665839.904,0,0,0,1.000,0.848,0.970,-90.00,180.00,0.00,OPEN,0
665839.954,0,0,0,1.000,0.823,0.964,-90.00,180.00,0.00,OPEN,0
665840.004,0,0,0,1.000,0.781,0.959,-90.00,180.00,0.00,OPEN,0
665840.054,0,0,0,1.000,0.816,0.939,-90.00,180.00,0.00,OPEN,0
665840.104,0,0,0,1.000,0.879,0.892,-90.00,180.00,0.00,OPEN,0
665840.154,0,0,0,1.000,0.916,0.787,-90.00,180.00,0.00,OPEN,0
665840.203,0,0,0,1.000,0.901,0.666,-90.00,180.00,0.00,OPEN,0
665840.254,0,1,0,1.000,0.895,0.519,-90.00,180.00,0.00,OPEN,0
665840.304,0,1,0,1.000,0.871,0.590,-90.00,180.00,0.00,OPEN,0
665840.355,0,1,0,1.000,0.827,0.660,-90.00,180.00,0.00,OPEN,0
665840.404,0,1,0,1.000,0.794,0.718,-90.00,180.00,0.00,OPEN,0
665840.454,0,1,0,1.000,0.791,0.702,-90.00,180.00,0.00,OPEN,0
665840.504,0,1,0,1.000,0.748,0.616,-90.00,180.00,0.00,OPEN,0
665840.554,0,1,0,1.000,0.760,0.533,-90.00,180.00,0.00,OPEN,0
665840.604,0,1,0,1.000,0.807,0.644,-90.00,180.00,0.00,OPEN,0
665840.654,0,1,0,1.000,0.840,0.762,-90.00,180.00,0.00,OPEN,0
665840.703,0,1,0,1.000,0.862,0.838,-90.00,180.00,0.00,OPEN,0
665840.754,0,1,0,1.000,0.853,0.881,-90.00,180.00,0.00,OPEN,0
665840.804,0,1,0,1.000,0.833,0.896,-90.00,180.00,0.00,OPEN,0
665840.854,0,1,0,1.000,0.759,0.903,-90.00,180.00,0.00,OPEN,0
665840.904,0,1,0,1.000,0.753,0.896,-90.00,180.00,0.00,OPEN,0
665840.954,0,1,0,1.000,0.724,0.883,-90.00,180.00,0.00,OPEN,0
665841.005,0,1,0,1.000,0.749,0.868,-90.00,180.00,0.00,OPEN,0
665841.054,0,1,0,1.000,0.769,0.873,-90.00,180.00,0.00,OPEN,0
665841.104,0,1,0,1.000,0.803,0.898,-90.00,180.00,0.00,OPEN,0
665841.154,0,1,0,1.000,0.819,0.913,-90.00,180.00,0.00,OPEN,0
665841.204,0,1,0,1.000,0.796,0.940,-90.00,180.00,0.00,OPEN,0
665841.254,0,1,0,1.000,0.765,0.953,-90.00,180.00,0.00,OPEN,0
665841.304,0,1,0,1.000,0.728,0.955,-90.00,180.00,0.00,OPEN,0
665841.354,0,1,0,1.000,0.636,0.953,-90.00,180.00,0.00,OPEN,0
665841.403,0,1,0,1.000,0.605,0.939,-90.00,180.00,0.00,OPEN,0
665841.455,0,1,0,1.000,0.609,0.898,-90.00,180.00,0.00,OPEN,0
665841.508,0,1,0,1.000,0.531,0.844,-90.00,180.00,0.00,OPEN,0
665841.553,0,1,0,1.000,0.643,0.760,-90.00,180.00,0.00,OPEN,0
665841.604,0,1,0,1.000,0.737,0.762,-90.00,180.00,0.00,OPEN,0
665841.654,0,1,0,1.000,0.824,0.809,-90.00,180.00,0.00,OPEN,0
665841.704,0,1,0,1.000,0.888,0.838,-90.00,180.00,0.00,OPEN,0
665841.754,0,1,0,1.000,0.940,0.877,-90.00,180.00,0.00,OPEN,0
665841.804,0,1,0,1.000,0.967,0.923,-90.00,180.00,0.00,OPEN,0
665841.854,0,1,0,1.000,0.986,0.926,-90.00,180.00,0.00,OPEN,0
665841.903,0,1,0,1.000,0.992,0.909,-90.00,180.00,0.00,OPEN,0
665841.955,0,1,0,1.000,0.992,0.887,-90.00,180.00,0.00,OPEN,0
665842.004,0,1,0,1.000,0.994,0.804,-90.00,180.00,0.00,OPEN,0
665842.054,0,1,0,1.000,0.992,0.700,-90.00,180.00,0.00,OPEN,0
665842.103,0,1,0,1.000,0.993,0.559,-90.00,180.00,0.00,OPEN,0
665842.153,0,1,0,1.000,0.990,0.648,-90.00,180.00,0.00,OPEN,0
665842.204,0,1,0,1.000,0.978,0.798,-90.00,180.00,0.00,OPEN,0
665842.254,0,1,0,1.000,0.946,0.861,-90.00,180.00,0.00,OPEN,0
665842.303,0,1,0,1.000,0.899,0.900,-90.00,180.00,0.00,OPEN,0
665842.354,0,1,0,1.000,0.851,0.880,-90.00,180.00,0.00,OPEN,0
665842.404,0,1,0,1.000,0.862,0.855,-90.00,180.00,0.00,OPEN,0
665842.454,0,1,0,1.000,0.868,0.804,-90.00,180.00,0.00,OPEN,0
665842.504,0,1,0,1.000,0.925,0.691,-90.00,180.00,0.00,OPEN,0
665842.553,0,1,0,1.000,0.939,0.588,-90.00,180.00,0.00,OPEN,0
665842.604,0,1,0,1.000,0.971,0.533,-90.00,180.00,0.00,OPEN,0
665842.654,0,1,0,1.000,0.982,0.669,-90.00,180.00,0.00,OPEN,0
665842.705,0,1,0,1.000,0.987,0.739,-90.00,180.00,0.00,OPEN,0
665842.754,0,1,0,1.000,0.990,0.792,-90.00,180.00,0.00,OPEN,0
665842.804,0,1,0,1.000,0.990,0.843,-90.00,180.00,0.00,OPEN,0
665842.854,0,1,0,1.000,0.991,0.833,-90.00,180.00,0.00,OPEN,0
665842.904,0,1,0,1.000,0.989,0.873,-90.00,180.00,0.00,OPEN,0
665842.954,0,1,0,1.000,0.992,0.870,-90.00,180.00,0.00,OPEN,0
665843.004,0,1,0,1.000,0.991,0.862,-90.00,180.00,0.00,OPEN,0
665843.056,0,1,0,1.000,0.989,0.870,-90.00,180.00,0.00,OPEN,0
665843.103,0,1,0,1.000,0.983,0.882,-90.00,180.00,0.00,OPEN,0
665843.154,0,1,0,1.000,0.974,0.888,-90.00,180.00,0.00,OPEN,0
665843.204,0,1,0,1.000,0.940,0.924,-90.00,180.00,0.00,OPEN,0
665843.254,0,1,0,1.000,0.867,0.944,-90.00,180.00,0.00,OPEN,0
665843.303,0,1,0,1.000,0.750,0.968,-90.00,180.00,0.00,OPEN,0
665843.354,0,1,0,1.000,0.622,0.987,-90.00,180.00,0.00,OPEN,0
665843.403,0,1,0,1.000,0.822,0.996,-90.00,180.00,0.00,OPEN,0
665843.454,0,1,0,1.000,0.906,0.998,-90.00,180.00,0.00,OPEN,0
665843.504,0,1,0,1.000,0.970,0.999,-90.00,180.00,0.00,OPEN,0
665843.553,0,1,0,1.000,0.987,1.000,-90.00,180.00,0.00,OPEN,0
665843.604,0,1,0,1.000,0.995,1.000,-90.00,180.00,0.00,OPEN,0
665843.654,0,1,0,1.000,0.997,1.000,-90.00,180.00,0.00,OPEN,0
665843.704,0,1,0,1.000,0.999,1.000,-90.00,180.00,0.00,OPEN,0
665843.754,0,1,0,1.000,1.000,1.000,-90.00,180.00,0.00,OPEN,0
665843.804,0,1,0,0.998,1.000,1.000,-90.00,180.00,0.00,OPEN,0
665843.854,0,1,0,0.998,1.000,1.000,-90.00,180.00,0.00,OPEN,0
665843.904,0,1,0,0.995,1.000,1.000,-90.00,180.00,0.00,OPEN,0
665843.954,0,1,0,0.991,1.000,1.000,-90.00,180.00,0.00,OPEN,0
665844.013,0,1,0,0.990,1.000,1.000,-90.00,180.00,0.00,OPEN,0
665844.057,0,1,0,0.986,1.000,1.000,-90.00,180.00,0.00,OPEN,0
665844.103,0,1,0,0.939,1.000,1.000,-90.00,180.00,0.00,OPEN,0
665844.154,0,1,0,0.927,1.000,1.000,-90.00,180.00,0.00,OPEN,0
665844.204,0,1,0,0.946,1.000,1.000,-90.00,180.00,0.00,OPEN,0
665844.254,0,1,0,0.933,1.000,1.000,-90.00,180.00,0.00,OPEN,0
665844.304,0,0,0,0.966,1.000,1.000,-90.00,180.00,0.00,OPEN,0
665844.354,0,0,0,0.971,1.000,1.000,-90.00,180.00,0.00,OPEN,0
665844.404,0,0,0,0.955,1.000,1.000,-90.00,180.00,0.00,OPEN,0
665844.454,0,0,0,0.969,1.000,1.000,-90.00,180.00,0.00,OPEN,0
665844.504,0,0,0,0.976,1.000,1.000,-90.00,180.00,0.00,OPEN,0
665844.555,0,0,0,0.976,1.000,1.000,-90.00,180.00,0.00,OPEN,0
665844.604,0,0,0,0.977,1.000,1.000,-90.00,180.00,0.00,OPEN,0
665844.654,0,0,0,0.970,1.000,1.000,-90.00,180.00,0.00,OPEN,0
665844.704,0,0,0,0.961,1.000,1.000,-90.00,180.00,0.00,OPEN,0
665844.755,0,0,0,0.980,1.000,1.000,-90.00,180.00,0.00,OPEN,0
665844.804,0,0,0,0.996,1.000,1.000,-90.00,180.00,0.00,OPEN,0
665844.854,0,0,0,0.992,1.000,1.000,-90.00,180.00,0.00,OPEN,0
665844.904,0,0,0,0.993,1.000,1.000,-90.00,180.00,0.00,OPEN,0
665844.954,0,0,0,0.994,1.000,1.000,-90.00,180.00,0.00,OPEN,0
665845.004,0,0,0,0.992,1.000,1.000,-90.00,180.00,0.00,OPEN,0
665845.054,0,0,0,0.991,1.000,1.000,-90.00,180.00,0.00,OPEN,0
665845.104,0,0,0,0.993,1.000,1.000,-90.00,180.00,0.00,OPEN,0
665845.154,0,0,0,0.990,1.000,1.000,-90.00,180.00,0.00,OPEN,0
665845.204,0,0,0,0.990,1.000,1.000,-90.00,180.00,0.00,OPEN,0
665845.254,0,0,0,0.993,1.000,1.000,-90.00,180.00,0.00,OPEN,0
665845.304,0,0,0,0.992,1.000,1.000,-90.00,180.00,0.00,OPEN,0
665845.354,0,0,0,0.988,1.000,1.000,-90.00,180.00,0.00,OPEN,0
665845.404,0,0,0,0.992,1.000,1.000,-90.00,180.00,0.00,OPEN,0
665845.454,0,0,0,0.999,1.000,1.000,-90.00,180.00,0.00,OPEN,0
665845.504,0,0,0,1.000,1.000,1.000,-90.00,180.00,0.00,OPEN,0
665845.554,0,0,0,1.000,1.000,1.000,-90.00,180.00,0.00,OPEN,0
665845.604,0,0,0,1.000,1.000,1.000,-90.00,180.00,0.00,OPEN,0
665845.654,0,0,0,1.000,1.000,1.000,-90.00,180.00,0.00,OPEN,0
665845.704,0,0,0,1.000,1.000,1.000,-90.00,180.00,0.00,OPEN,0
665845.754,0,0,0,1.000,1.000,1.000,-90.00,180.00,0.00,OPEN,0
665845.804,0,0,0,1.000,1.000,1.000,-90.00,180.00,0.00,OPEN,0
665845.855,0,0,0,1.000,1.000,1.000,-90.00,180.00,0.00,OPEN,0
665845.904,0,0,0,1.000,1.000,1.000,-90.00,180.00,0.00,OPEN,0
665845.954,0,0,0,1.000,1.000,1.000,-90.00,180.00,0.00,OPEN,0
665846.004,0,0,0,1.000,1.000,1.000,-90.00,180.00,0.00,OPEN,0
665846.054,0,0,0,1.000,1.000,1.000,-90.00,180.00,0.00,OPEN,0
665846.105,0,0,0,1.000,1.000,1.000,-90.00,180.00,0.00,OPEN,0
665846.154,0,0,0,0.960,1.000,1.000,-90.00,180.00,0.00,OPEN,0
665846.203,0,0,0,0.952,1.000,1.000,-90.00,180.00,0.00,OPEN,0
665846.254,0,0,0,0.970,1.000,1.000,-90.00,180.00,0.00,OPEN,0
665846.304,0,0,0,0.986,1.000,1.000,-90.00,180.00,0.00,OPEN,0
665846.354,0,0,0,0.994,1.000,1.000,-90.00,180.00,0.00,OPEN,0
665846.404,0,0,0,0.999,1.000,1.000,-90.00,180.00,0.00,OPEN,0
665846.454,0,0,0,1.000,1.000,1.000,-90.00,180.00,0.00,OPEN,0
665846.504,0,0,0,1.000,1.000,1.000,-90.00,180.00,0.00,OPEN,0
665846.554,0,0,0,1.000,1.000,1.000,-90.00,180.00,0.00,OPEN,0
665846.604,0,0,0,1.000,1.000,1.000,-90.00,180.00,0.00,OPEN,0
665846.654,0,0,0,1.000,1.000,1.000,-90.00,180.00,0.00,OPEN,0
665846.704,0,0,0,1.000,1.000,1.000,-90.00,180.00,0.00,OPEN,0
665846.754,0,0,0,1.000,1.000,1.000,-90.00,180.00,0.00,OPEN,0
665846.804,0,0,0,1.000,1.000,1.000,-90.00,180.00,0.00,OPEN,0
665846.853,0,0,0,1.000,1.000,1.000,-90.00,180.00,0.00,OPEN,0
665846.904,0,0,0,1.000,1.000,1.000,-90.00,180.00,0.00,OPEN,0
665846.954,0,0,0,1.000,1.000,1.000,-90.00,180.00,0.00,OPEN,0
665847.004,0,0,0,1.000,1.000,1.000,-90.00,180.00,0.00,OPEN,0
665847.054,0,0,0,1.000,1.000,1.000,-90.00,180.00,0.00,OPEN,0
665847.104,0,0,0,1.000,1.000,1.000,-90.00,180.00,0.00,OPEN,0
665847.154,0,0,0,1.000,1.000,1.000,-90.00,180.00,0.00,OPEN,0
665847.204,0,0,0,1.000,1.000,1.000,-90.00,180.00,0.00,OPEN,0
665847.253,0,0,0,1.000,1.000,1.000,-90.00,180.00,0.00,OPEN,0
665847.304,0,0,0,1.000,1.000,1.000,-90.00,180.00,0.00,OPEN,0
665847.354,0,0,0,1.000,1.000,1.000,-90.00,180.00,0.00,OPEN,0
665847.404,0,0,0,1.000,1.000,1.000,-90.00,180.00,0.00,OPEN,0
665847.461,0,0,0,1.000,1.000,1.000,-90.00,180.00,0.00,OPEN,0
665847.506,0,0,0,1.000,1.000,1.000,-90.00,180.00,0.00,OPEN,0
665847.553,0,0,0,1.000,1.000,1.000,-90.00,180.00,0.00,OPEN,0
665847.604,0,0,0,1.000,1.000,1.000,-90.00,180.00,0.00,OPEN,0
665847.654,0,0,0,1.000,1.000,1.000,-90.00,180.00,0.00,OPEN,0
665847.704,0,0,0,1.000,1.000,1.000,-90.00,180.00,0.00,OPEN,0
665847.754,0,0,0,1.000,1.000,1.000,-90.00,180.00,0.00,OPEN,0
665847.804,0,0,0,1.000,1.000,1.000,-90.00,180.00,0.00,OPEN,0
665847.854,0,0,0,1.000,1.000,1.000,-90.00,180.00,0.00,OPEN,0
665847.904,0,0,0,1.000,1.000,1.000,-90.00,180.00,0.00,OPEN,0
665847.954,0,0,0,1.000,1.000,1.000,-90.00,180.00,0.00,OPEN,0
665848.004,0,0,0,1.000,1.000,1.000,-90.00,180.00,0.00,OPEN,0
665848.054,0,0,0,1.000,1.000,1.000,-90.00,180.00,0.00,OPEN,0
665848.103,0,0,0,1.000,1.000,1.000,-90.00,180.00,0.00,OPEN,0
665848.154,0,0,0,1.000,1.000,1.000,-90.00,180.00,0.00,OPEN,0
665848.204,0,0,0,1.000,1.000,1.000,-90.00,180.00,0.00,OPEN,0
665848.254,0,0,0,1.000,1.000,1.000,-90.00,180.00,0.00,OPEN,0
665848.303,0,0,0,1.000,1.000,1.000,-90.00,180.00,0.00,OPEN,0
665848.353,0,0,0,1.000,1.000,1.000,-90.00,180.00,0.00,OPEN,0
665848.404,0,0,0,1.000,1.000,1.000,-90.00,180.00,0.00,OPEN,0
665848.454,0,0,0,1.000,1.000,1.000,-90.00,180.00,0.00,OPEN,0
665848.504,0,0,0,1.000,1.000,1.000,-90.00,180.00,0.00,OPEN,0
665848.554,0,0,0,1.000,1.000,1.000,-90.00,180.00,0.00,OPEN,0
665848.604,0,0,0,1.000,1.000,1.000,-90.00,180.00,0.00,OPEN,0
665848.653,0,0,0,1.000,1.000,1.000,-90.00,180.00,0.00,OPEN,0
665848.704,0,0,0,1.000,1.000,1.000,-90.00,180.00,0.00,OPEN,0
665848.754,0,0,0,1.000,1.000,1.000,-90.00,180.00,0.00,OPEN,0
665848.805,0,0,0,1.000,1.000,1.000,-90.00,180.00,0.00,OPEN,0
665848.854,0,0,0,1.000,1.000,1.000,-90.00,180.00,0.00,OPEN,0
665848.904,0,0,0,1.000,1.000,1.000,-90.00,180.00,0.00,OPEN,0
665848.953,0,0,0,1.000,1.000,1.000,-90.00,180.00,0.00,OPEN,0
665849.004,0,0,0,1.000,1.000,1.000,-90.00,180.00,0.00,OPEN,0
665849.054,0,0,0,1.000,1.000,1.000,-90.00,180.00,0.00,OPEN,0
665849.104,0,0,0,1.000,1.000,1.000,-90.00,180.00,0.00,OPEN,0
665849.154,0,0,0,1.000,1.000,1.000,-90.00,180.00,0.00,OPEN,0
665849.205,0,0,0,1.000,1.000,1.000,-90.00,180.00,0.00,OPEN,0
665849.254,0,0,0,1.000,1.000,1.000,-90.00,180.00,0.00,OPEN,0
665849.304,0,0,0,1.000,1.000,1.000,-90.00,180.00,0.00,OPEN,0
665849.354,0,0,0,1.000,1.000,1.000,-90.00,180.00,0.00,OPEN,0
665849.404,0,0,0,1.000,1.000,1.000,-90.00,180.00,0.00,OPEN,0
665849.454,0,0,0,1.000,1.000,1.000,-90.00,180.00,0.00,OPEN,0
665849.504,0,0,0,1.000,1.000,1.000,-90.00,180.00,0.00,OPEN,0
665849.554,0,0,0,1.000,1.000,1.000,-90.00,180.00,0.00,OPEN,0
665849.604,0,0,0,1.000,1.000,1.000,-90.00,180.00,0.00,OPEN,0
665849.654,0,0,0,1.000,1.000,1.000,-90.00,180.00,0.00,OPEN,0
665849.704,0,0,0,1.000,1.000,1.000,-90.00,180.00,0.00,OPEN,0
665849.753,0,0,0,1.000,1.000,1.000,-90.00,180.00,0.00,OPEN,0
665849.804,0,0,0,1.000,1.000,1.000,-90.00,180.00,0.00,OPEN,0
665849.854,0,0,0,1.000,1.000,1.000,-90.00,180.00,0.00,OPEN,0
665849.904,0,0,0,1.000,1.000,1.000,-90.00,180.00,0.00,OPEN,0
665849.954,0,0,0,1.000,1.000,1.000,-90.00,180.00,0.00,OPEN,0
665850.005,0,0,0,1.000,1.000,1.000,-90.00,180.00,0.00,OPEN,0
665850.055,0,0,0,1.000,1.000,1.000,-90.00,180.00,0.00,OPEN,0
665850.103,0,0,0,1.000,1.000,1.000,-90.00,180.00,0.00,OPEN,0
665850.154,0,0,0,1.000,1.000,1.000,-90.00,180.00,0.00,OPEN,0
665850.204,0,0,0,1.000,1.000,1.000,-90.00,180.00,0.00,OPEN,0
665850.254,0,0,0,1.000,1.000,1.000,-90.00,180.00,0.00,OPEN,0
665850.304,0,0,0,1.000,1.000,1.000,-90.00,180.00,0.00,OPEN,0
665850.354,0,0,0,1.000,1.000,1.000,-90.00,180.00,0.00,OPEN,0
665850.404,0,0,0,1.000,1.000,1.000,-90.00,180.00,0.00,OPEN,0
665850.454,0,0,0,1.000,1.000,1.000,-90.00,180.00,0.00,OPEN,0
665850.504,0,0,0,1.000,1.000,1.000,-90.00,180.00,0.00,OPEN,0
665850.555,0,0,0,1.000,1.000,1.000,-90.00,180.00,0.00,OPEN,0
665850.604,0,0,0,1.000,1.000,1.000,-90.00,180.00,0.00,OPEN,0
665850.653,0,0,0,1.000,1.000,1.000,-90.00,180.00,0.00,OPEN,0
665850.704,0,0,0,0.876,1.000,1.000,-90.00,180.00,0.00,OPEN,0
665850.754,0,0,0,0.474,1.000,1.000,-90.00,180.00,0.00,OPEN,0
665850.804,0,0,0,0.707,1.000,1.000,-90.00,180.00,0.00,OPEN,0
665850.855,0,0,0,0.774,1.000,1.000,-90.00,180.00,0.00,OPEN,0
665850.903,0,0,0,0.533,1.000,1.000,-90.00,180.00,0.00,OPEN,0
665850.954,0,0,0,0.813,1.000,1.000,-90.00,180.00,0.00,OPEN,0
665851.005,0,0,0,0.967,1.000,1.000,-90.00,180.00,0.00,OPEN,0
665851.054,0,0,0,0.992,1.000,1.000,-90.00,180.00,0.00,OPEN,0
665851.104,0,0,0,0.998,1.000,1.000,-90.00,180.00,0.00,OPEN,0
665851.153,0,0,0,0.999,1.000,1.000,-90.00,180.00,0.00,OPEN,0
665851.204,0,0,0,1.000,1.000,1.000,-90.00,180.00,0.00,OPEN,0
665851.254,0,0,0,1.000,1.000,1.000,-90.00,180.00,0.00,OPEN,0
665851.304,3,0,0,1.000,1.000,1.000,-90.00,180.00,0.00,OPEN,0
665851.354,3,0,0,0.999,1.000,1.000,-90.00,180.00,0.00,OPEN,0
665851.404,3,0,0,0.999,1.000,1.000,-90.00,180.00,0.00,OPEN,0
665851.454,3,0,0,0.997,1.000,1.000,-90.00,180.00,0.00,OPEN,0
665851.505,3,0,0,0.995,1.000,1.000,-90.00,180.00,0.00,OPEN,0
665851.554,3,0,0,0.993,1.000,1.000,-90.00,180.00,0.00,OPEN,0
665851.604,3,0,0,0.991,1.000,1.000,-90.00,180.00,0.00,OPEN,0
665851.654,3,0,0,0.995,1.000,1.000,-90.00,180.00,0.00,OPEN,0
665851.704,3,0,0,0.998,1.000,1.000,-90.00,180.00,0.00,OPEN,0
665851.754,3,0,0,1.000,1.000,1.000,-90.00,180.00,0.00,OPEN,0
665851.804,3,0,0,1.000,1.000,1.000,-90.00,180.00,0.00,OPEN,0
665851.853,3,0,0,1.000,1.000,1.000,-90.00,180.00,0.00,OPEN,0
665851.904,3,0,0,1.000,1.000,1.000,-90.00,180.00,0.00,OPEN,0
665851.954,3,0,0,1.000,1.000,1.000,-90.00,180.00,0.00,OPEN,0
665852.004,3,0,0,1.000,1.000,1.000,-90.00,180.00,0.00,OPEN,0
665852.054,3,0,0,1.000,1.000,1.000,-90.00,180.00,0.00,OPEN,0
665852.104,3,0,0,1.000,1.000,1.000,-90.00,180.00,0.00,OPEN,0
665852.154,3,0,0,1.000,1.000,1.000,-90.00,180.00,0.00,OPEN,0
665852.203,3,0,0,1.000,1.000,1.000,-90.00,180.00,0.00,OPEN,0
665852.254,3,0,0,1.000,1.000,1.000,-90.00,180.00,0.00,OPEN,0
665852.304,3,0,0,1.000,1.000,1.000,-90.00,180.00,0.00,OPEN,0
665852.354,3,0,0,1.000,1.000,1.000,-90.00,180.00,0.00,OPEN,0
665852.404,3,0,0,1.000,1.000,1.000,-90.00,180.00,0.00,OPEN,0
665852.454,3,0,0,1.000,1.000,1.000,-90.00,180.00,0.00,OPEN,0
665852.504,3,0,0,1.000,1.000,1.000,-90.00,180.00,0.00,OPEN,0
665852.554,3,0,0,1.000,1.000,1.000,-90.00,180.00,0.00,OPEN,0
665852.604,3,0,0,1.000,1.000,1.000,-90.00,180.00,0.00,OPEN,0
665852.654,3,0,0,1.000,1.000,1.000,-90.00,180.00,0.00,OPEN,0
665852.704,3,0,0,1.000,1.000,1.000,-90.00,180.00,0.00,OPEN,0
665852.754,3,0,0,1.000,1.000,1.000,-90.00,180.00,0.00,OPEN,0
665852.805,3,0,0,1.000,1.000,1.000,-90.00,180.00,0.00,OPEN,0
665852.854,3,0,0,1.000,1.000,1.000,-90.00,180.00,0.00,OPEN,0
665852.904,3,0,0,1.000,1.000,1.000,-90.00,180.00,0.00,OPEN,0
665852.954,3,0,0,1.000,1.000,1.000,-90.00,180.00,0.00,OPEN,0
665853.004,3,0,0,1.000,1.000,1.000,-90.00,180.00,0.00,OPEN,0
665853.054,3,0,0,1.000,1.000,1.000,-90.00,180.00,0.00,OPEN,0
665853.104,3,0,0,1.000,1.000,1.000,-90.00,180.00,0.00,OPEN,0
665853.154,3,0,0,1.000,1.000,1.000,-90.00,180.00,0.00,OPEN,0
665853.204,3,0,0,1.000,1.000,1.000,-90.00,180.00,0.00,OPEN,0
665853.254,3,0,0,1.000,1.000,1.000,-90.00,180.00,0.00,OPEN,0
665853.304,3,0,0,1.000,1.000,1.000,-90.00,180.00,0.00,OPEN,0
665853.354,3,0,0,1.000,1.000,1.000,-90.00,180.00,0.00,OPEN,0
665853.404,3,0,0,1.000,1.000,1.000,-90.00,180.00,0.00,OPEN,0
665853.454,3,0,0,1.000,1.000,1.000,-90.00,180.00,0.00,OPEN,0
665853.504,3,0,0,1.000,1.000,1.000,-90.00,180.00,0.00,OPEN,0
665853.554,3,0,0,1.000,1.000,1.000,-90.00,180.00,0.00,OPEN,0
665853.604,3,0,0,1.000,1.000,1.000,-90.00,180.00,0.00,OPEN,0
665853.654,3,0,0,1.000,1.000,1.000,-90.00,180.00,0.00,OPEN,0
665853.703,3,0,0,1.000,1.000,1.000,-90.00,180.00,0.00,OPEN,0
665853.754,3,0,0,1.000,1.000,1.000,-90.00,180.00,0.00,OPEN,0
665853.803,3,0,0,1.000,1.000,1.000,-90.00,180.00,0.00,OPEN,0
665853.854,3,0,0,1.000,1.000,1.000,-90.00,180.00,0.00,OPEN,0
665853.904,3,0,0,1.000,1.000,1.000,-90.00,180.00,0.00,OPEN,0
665853.968,3,0,0,1.000,1.000,1.000,-90.00,180.00,0.00,OPEN,0
665854.004,3,0,0,1.000,1.000,1.000,-90.00,180.00,0.00,OPEN,0
665854.053,3,0,0,1.000,1.000,1.000,-90.00,180.00,0.00,OPEN,0
665854.104,3,0,0,1.000,1.000,1.000,-90.00,180.00,0.00,OPEN,0
665854.154,3,0,0,1.000,1.000,1.000,-90.00,180.00,0.00,OPEN,0
665854.204,3,0,0,1.000,1.000,1.000,-90.00,180.00,0.00,OPEN,0
665854.254,3,0,0,1.000,1.000,1.000,-90.00,180.00,0.00,OPEN,0
665854.304,3,0,0,1.000,1.000,1.000,-90.00,180.00,0.00,OPEN,0
665854.354,3,0,0,1.000,1.000,1.000,-90.00,180.00,0.00,OPEN,0
665854.404,3,0,0,1.000,1.000,1.000,-90.00,180.00,0.00,OPEN,0
665854.453,3,0,0,1.000,1.000,1.000,-90.00,180.00,0.00,OPEN,0
665854.503,3,0,0,1.000,1.000,1.000,-90.00,180.00,0.00,OPEN,0
665854.554,3,0,0,1.000,1.000,1.000,-90.00,180.00,0.00,OPEN,0
665854.604,3,0,0,1.000,1.000,1.000,-90.00,180.00,0.00,OPEN,0
665854.654,3,0,0,1.000,1.000,1.000,-90.00,180.00,0.00,OPEN,0
665854.703,3,0,0,1.000,1.000,1.000,-90.00,180.00,0.00,OPEN,0
665854.754,3,0,0,1.000,1.000,1.000,-90.00,180.00,0.00,OPEN,0
665854.804,3,0,0,1.000,1.000,1.000,-90.00,180.00,0.00,OPEN,0
665854.854,3,0,0,1.000,1.000,1.000,-90.00,180.00,0.00,OPEN,0
665854.903,3,0,0,1.000,1.000,1.000,-90.00,180.00,0.00,OPEN,0
665854.954,3,0,0,1.000,1.000,1.000,-90.00,180.00,0.00,OPEN,0
665855.004,3,0,0,1.000,1.000,1.000,-90.00,180.00,0.00,OPEN,0
665855.054,3,0,0,1.000,1.000,1.000,-90.00,180.00,0.00,OPEN,0
665855.104,3,0,0,1.000,1.000,1.000,-90.00,180.00,0.00,OPEN,0
665855.154,3,0,0,1.000,1.000,1.000,-90.00,180.00,0.00,OPEN,0
665855.203,3,0,0,1.000,1.000,1.000,-90.00,180.00,0.00,OPEN,0
665855.254,3,0,0,1.000,1.000,1.000,-90.00,180.00,0.00,OPEN,0
665855.304,3,0,0,1.000,1.000,1.000,-90.00,180.00,0.00,OPEN,0
665855.354,3,0,0,1.000,1.000,1.000,-90.00,180.00,0.00,OPEN,0
665855.404,3,0,0,1.000,1.000,1.000,-90.00,180.00,0.00,OPEN,0
665855.454,3,0,0,1.000,1.000,1.000,-90.00,180.00,0.00,OPEN,0
665855.504,3,0,0,1.000,1.000,1.000,-90.00,180.00,0.00,OPEN,0
665855.554,3,0,0,1.000,1.000,1.000,-90.00,180.00,0.00,OPEN,0
665855.604,3,0,0,1.000,1.000,1.000,-90.00,180.00,0.00,OPEN,0
665855.654,3,0,0,1.000,1.000,1.000,-90.00,180.00,0.00,OPEN,0
665855.704,3,0,0,1.000,1.000,1.000,-90.00,180.00,0.00,OPEN,0
665855.753,3,0,0,1.000,1.000,1.000,-90.00,180.00,0.00,OPEN,0
665855.804,3,0,0,1.000,1.000,1.000,-90.00,180.00,0.00,OPEN,0
665855.854,3,0,0,1.000,1.000,1.000,-90.00,180.00,0.00,OPEN,0
665855.904,3,0,0,1.000,1.000,1.000,-90.00,180.00,0.00,OPEN,0
665855.954,3,0,0,1.000,1.000,1.000,-90.00,180.00,0.00,OPEN,0
665856.004,3,0,0,1.000,1.000,1.000,-90.00,180.00,0.00,OPEN,0
665856.054,3,0,0,1.000,1.000,1.000,-90.00,180.00,0.00,OPEN,0
665856.103,3,0,0,1.000,1.000,1.000,-90.00,180.00,0.00,OPEN,0
665856.154,3,0,0,1.000,1.000,1.000,-90.00,180.00,0.00,OPEN,0
665856.204,3,0,0,1.000,1.000,1.000,-90.00,180.00,0.00,OPEN,0
665856.255,3,0,0,1.000,1.000,1.000,-90.00,180.00,0.00,OPEN,0
665856.304,3,0,0,1.000,1.000,1.000,-90.00,180.00,0.00,OPEN,0
665856.354,3,0,0,1.000,1.000,1.000,-90.00,180.00,0.00,OPEN,0
665856.404,3,0,0,1.000,1.000,1.000,-90.00,180.00,0.00,OPEN,0
665856.454,3,0,0,1.000,1.000,1.000,-90.00,180.00,0.00,OPEN,0
665856.504,3,0,0,1.000,1.000,1.000,-90.00,180.00,0.00,OPEN,0
665856.554,3,0,0,1.000,1.000,1.000,-90.00,180.00,0.00,OPEN,0
665856.603,3,0,0,1.000,1.000,1.000,-90.00,180.00,0.00,OPEN,0
665856.654,3,0,0,1.000,1.000,1.000,-90.00,180.00,0.00,OPEN,0
665856.704,3,0,0,1.000,1.000,1.000,-90.00,180.00,0.00,OPEN,0
665856.754,3,0,0,0.995,1.000,1.000,-90.00,180.00,0.00,OPEN,0
665856.804,3,0,0,0.935,1.000,1.000,-90.00,180.00,0.00,OPEN,0
665856.854,3,0,0,0.551,1.000,1.000,-90.00,180.00,0.00,OPEN,0
665856.905,3,0,0,0.605,1.000,1.000,-90.00,180.00,0.00,OPEN,0
665856.954,3,0,0,0.907,1.000,1.000,-90.00,180.00,0.00,OPEN,0
665857.004,3,0,0,0.998,1.000,1.000,-90.00,180.00,0.00,OPEN,0
665857.053,3,0,0,1.000,1.000,1.000,-90.00,180.00,0.00,OPEN,0
665857.104,3,0,0,1.000,1.000,1.000,-90.00,180.00,0.00,OPEN,0
665857.154,3,0,0,1.000,1.000,1.000,-90.00,180.00,0.00,OPEN,0
665857.204,3,0,0,1.000,1.000,1.000,-90.00,180.00,0.00,OPEN,0
665857.254,3,0,0,1.000,1.000,1.000,-90.00,180.00,0.00,OPEN,0
665857.304,0,0,0,1.000,1.000,1.000,-90.00,180.00,0.00,OPEN,0
665857.372,0,0,0,1.000,1.000,1.000,-90.00,180.00,0.00,OPEN,0
665857.405,0,0,0,1.000,1.000,1.000,-90.00,180.00,0.00,OPEN,0
665857.454,0,0,0,1.000,1.000,1.000,-90.00,180.00,0.00,OPEN,0
665857.503,0,0,0,1.000,1.000,1.000,-90.00,180.00,0.00,OPEN,0
665857.554,0,0,0,1.000,1.000,1.000,-90.00,180.00,0.00,OPEN,0
665857.604,0,0,0,1.000,1.000,1.000,-90.00,180.00,0.00,OPEN,0
665857.654,0,0,0,1.000,1.000,1.000,-90.00,180.00,0.00,OPEN,0
665857.704,0,0,0,1.000,1.000,1.000,-90.00,180.00,0.00,OPEN,0
665857.753,0,0,0,1.000,1.000,1.000,-90.00,180.00,0.00,OPEN,0
665857.804,0,0,0,1.000,1.000,1.000,-90.00,180.00,0.00,OPEN,0
665857.854,0,0,0,1.000,1.000,1.000,-90.00,180.00,0.00,OPEN,0
665857.904,0,0,0,1.000,1.000,1.000,-90.00,180.00,0.00,OPEN,0
665857.954,0,0,0,1.000,1.000,1.000,-90.00,180.00,0.00,OPEN,0
665858.004,0,0,0,1.000,1.000,1.000,-90.00,180.00,0.00,OPEN,0
665858.054,0,0,0,1.000,1.000,1.000,-90.00,180.00,0.00,OPEN,0
665858.105,0,0,0,1.000,1.000,1.000,-90.00,180.00,0.00,OPEN,0
665858.155,0,0,0,1.000,1.000,1.000,-90.00,180.00,0.00,OPEN,0
665858.204,0,0,0,1.000,1.000,1.000,-90.00,180.00,0.00,OPEN,0
665858.254,0,0,0,1.000,1.000,1.000,-90.00,180.00,0.00,OPEN,0
665858.304,0,0,0,1.000,1.000,1.000,-90.00,180.00,0.00,OPEN,0
665858.356,0,0,0,1.000,1.000,1.000,-90.00,180.00,0.00,OPEN,0
665858.404,0,0,0,1.000,1.000,1.000,-90.00,180.00,0.00,OPEN,0
665858.456,0,0,0,1.000,1.000,1.000,-90.00,180.00,0.00,OPEN,0
665858.503,0,0,0,1.000,1.000,1.000,-90.00,180.00,0.00,OPEN,0
665858.553,0,0,0,1.000,1.000,1.000,-90.00,180.00,0.00,OPEN,0
665858.604,0,0,0,1.000,1.000,1.000,-90.00,180.00,0.00,OPEN,0
665858.654,0,0,0,1.000,1.000,1.000,-90.00,180.00,0.00,OPEN,0
665858.704,0,0,0,1.000,1.000,1.000,-90.00,180.00,0.00,OPEN,0
665858.754,0,0,0,1.000,1.000,1.000,-90.00,180.00,0.00,OPEN,0
665858.804,0,0,0,1.000,1.000,1.000,-90.00,180.00,0.00,OPEN,0
665858.854,0,0,0,1.000,1.000,1.000,-90.00,180.00,0.00,OPEN,0
665858.904,0,0,0,1.000,1.000,1.000,-90.00,180.00,0.00,OPEN,0
665858.954,0,0,0,1.000,1.000,1.000,-90.00,180.00,0.00,OPEN,0
665859.004,0,0,0,1.000,1.000,1.000,-90.00,180.00,0.00,OPEN,0
665859.054,0,0,0,1.000,1.000,1.000,-90.00,180.00,0.00,OPEN,0
665859.104,0,0,0,1.000,1.000,1.000,-90.00,180.00,0.00,OPEN,0
665859.154,0,0,0,1.000,1.000,1.000,-90.00,180.00,0.00,OPEN,0
665859.204,0,0,0,1.000,1.000,1.000,-90.00,180.00,0.00,OPEN,0
665859.254,0,0,0,1.000,1.000,1.000,-90.00,180.00,0.00,OPEN,0
665859.304,0,0,0,1.000,1.000,1.000,-90.00,180.00,0.00,OPEN,0
665859.354,0,0,0,1.000,1.000,1.000,-90.00,180.00,0.00,OPEN,0
665859.403,0,0,0,1.000,1.000,1.000,-90.00,180.00,0.00,OPEN,0
665859.454,0,0,0,1.000,1.000,1.000,-90.00,180.00,0.00,OPEN,0
665859.504,0,0,0,1.000,1.000,1.000,-90.00,180.00,0.00,OPEN,0
665859.554,0,0,0,1.000,1.000,1.000,-90.00,180.00,0.00,OPEN,0
665859.604,0,0,0,1.000,1.000,1.000,-90.00,180.00,0.00,OPEN,0
665859.653,0,0,0,1.000,1.000,1.000,-90.00,180.00,0.00,OPEN,0
665859.704,0,0,0,1.000,1.000,1.000,-90.00,180.00,0.00,OPEN,0
665859.754,0,0,0,1.000,1.000,1.000,-90.00,180.00,0.00,OPEN,0
665859.804,0,0,0,1.000,1.000,1.000,-90.00,180.00,0.00,OPEN,0
665859.854,0,0,0,1.000,1.000,1.000,-90.00,180.00,0.00,OPEN,0
665859.904,0,0,0,1.000,1.000,1.000,-90.00,180.00,0.00,OPEN,0
665859.954,0,0,0,1.000,1.000,1.000,-90.00,180.00,0.00,OPEN,0
665860.004,0,0,0,1.000,1.000,1.000,-90.00,180.00,0.00,OPEN,0
665860.054,0,0,0,1.000,1.000,1.000,-90.00,180.00,0.00,OPEN,0
665860.104,0,0,0,1.000,1.000,1.000,-90.00,180.00,0.00,OPEN,0
665860.154,0,0,0,1.000,1.000,1.000,-90.00,180.00,0.00,OPEN,0
665860.204,0,0,0,1.000,1.000,1.000,-90.00,180.00,0.00,OPEN,0
665860.253,0,0,0,1.000,1.000,1.000,-90.00,180.00,0.00,OPEN,0
665860.303,0,0,0,1.000,1.000,1.000,-90.00,180.00,0.00,OPEN,0
665860.353,0,0,0,1.000,1.000,1.000,-90.00,180.00,0.00,OPEN,0
665860.405,0,0,0,1.000,1.000,1.000,-90.00,180.00,0.00,OPEN,0
665860.454,0,0,0,1.000,1.000,1.000,-90.00,180.00,0.00,OPEN,0
665860.504,0,0,0,1.000,1.000,1.000,-90.00,180.00,0.00,OPEN,0
665860.553,0,0,0,1.000,1.000,1.000,-90.00,180.00,0.00,OPEN,0
665860.604,0,0,0,1.000,1.000,1.000,-90.00,180.00,0.00,OPEN,0
665860.654,0,0,0,1.000,1.000,1.000,-90.00,180.00,0.00,OPEN,0
665860.704,0,0,0,1.000,1.000,1.000,-90.00,180.00,0.00,OPEN,0
665860.758,0,0,0,1.000,1.000,1.000,-90.00,180.00,0.00,OPEN,0
665860.807,0,0,0,1.000,1.000,1.000,-90.00,180.00,0.00,OPEN,0
665860.854,0,0,0,1.000,1.000,1.000,-90.00,180.00,0.00,OPEN,0
665860.904,0,0,0,1.000,1.000,1.000,-90.00,180.00,0.00,OPEN,0
665860.954,0,0,0,1.000,1.000,1.000,-90.00,180.00,0.00,OPEN,0
665861.004,0,0,0,1.000,1.000,1.000,-90.00,180.00,0.00,OPEN,0
665861.053,0,0,0,1.000,1.000,1.000,-90.00,180.00,0.00,OPEN,0
665861.104,0,0,0,1.000,1.000,1.000,-90.00,180.00,0.00,OPEN,0
665861.154,0,0,0,1.000,1.000,1.000,-90.00,180.00,0.00,OPEN,0
665861.204,0,0,0,1.000,1.000,1.000,-90.00,180.00,0.00,OPEN,0
665861.254,0,0,0,1.000,1.000,1.000,-90.00,180.00,0.00,OPEN,0
665861.304,0,0,0,1.000,1.000,1.000,-90.00,180.00,0.00,OPEN,0
665861.354,0,0,0,1.000,1.000,1.000,-90.00,180.00,0.00,OPEN,0
665861.404,0,0,0,1.000,1.000,1.000,-90.00,180.00,0.00,OPEN,0
665861.454,0,0,0,1.000,1.000,1.000,-90.00,180.00,0.00,OPEN,0
665861.503,0,0,0,1.000,1.000,1.000,-90.00,180.00,0.00,OPEN,0
665861.554,0,0,0,1.000,1.000,1.000,-90.00,180.00,0.00,OPEN,0
665861.603,0,0,0,1.000,1.000,1.000,-90.00,180.00,0.00,OPEN,0
665861.654,0,0,0,1.000,1.000,1.000,-90.00,180.00,0.00,OPEN,0
665861.703,0,0,0,1.000,1.000,1.000,-90.00,180.00,0.00,OPEN,0
665861.754,0,0,0,1.000,1.000,1.000,-90.00,180.00,0.00,OPEN,0
665861.804,0,0,0,1.000,1.000,1.000,-90.00,180.00,0.00,OPEN,0
665861.854,0,0,0,1.000,1.000,1.000,-90.00,180.00,0.00,OPEN,0
665861.904,0,0,0,1.000,1.000,1.000,-90.00,180.00,0.00,OPEN,0
665861.954,0,0,0,1.000,1.000,1.000,-90.00,180.00,0.00,OPEN,0
665862.004,0,0,0,1.000,1.000,1.000,-90.00,180.00,0.00,OPEN,0
665862.054,0,0,0,1.000,1.000,1.000,-90.00,180.00,0.00,OPEN,0
665862.104,0,0,0,1.000,1.000,1.000,-90.00,180.00,0.00,OPEN,0
665862.154,0,0,0,1.000,1.000,1.000,-90.00,180.00,0.00,OPEN,0
665862.204,0,0,0,1.000,1.000,1.000,-90.00,180.00,0.00,OPEN,0
665862.254,0,0,0,1.000,1.000,1.000,-90.00,180.00,0.00,OPEN,0
665862.304,0,0,0,1.000,1.000,1.000,-90.00,180.00,0.00,OPEN,0
665862.354,0,0,0,1.000,1.000,1.000,-90.00,180.00,0.00,OPEN,0
665862.404,0,0,0,1.000,1.000,1.000,-90.00,180.00,0.00,OPEN,0
665862.453,0,0,0,1.000,1.000,1.000,-90.00,180.00,0.00,OPEN,0
665862.504,0,0,0,1.000,1.000,1.000,-90.00,180.00,0.00,OPEN,0
665862.554,0,0,0,1.000,1.000,1.000,-90.00,180.00,0.00,OPEN,0
665862.604,0,0,0,1.000,1.000,1.000,-90.00,180.00,0.00,OPEN,0
665862.654,0,0,0,1.000,1.000,1.000,-90.00,180.00,0.00,OPEN,0
665862.703,0,0,0,1.000,1.000,1.000,-90.00,180.00,0.00,OPEN,0
665862.754,0,0,0,1.000,1.000,1.000,-90.00,180.00,0.00,OPEN,0
665862.804,0,0,0,1.000,1.000,1.000,-90.00,180.00,0.00,OPEN,0
665862.854,0,0,0,1.000,1.000,1.000,-90.00,180.00,0.00,OPEN,0
665862.903,0,0,0,1.000,1.000,1.000,-90.00,180.00,0.00,OPEN,0
665862.954,0,0,0,1.000,1.000,1.000,-90.00,180.00,0.00,OPEN,0
665863.004,0,0,0,1.000,1.000,1.000,-90.00,180.00,0.00,OPEN,0
665863.054,0,0,0,1.000,1.000,1.000,-90.00,180.00,0.00,OPEN,0
665863.104,0,0,0,1.000,1.000,1.000,-90.00,180.00,0.00,OPEN,0
665863.153,0,0,0,1.000,1.000,1.000,-90.00,180.00,0.00,OPEN,0
665863.203,0,0,0,1.000,1.000,1.000,-90.00,180.00,0.00,OPEN,0
665863.254,0,0,0,1.000,1.000,1.000,-90.00,180.00,0.00,OPEN,0
665863.304,0,0,0,1.000,1.000,1.000,-90.00,180.00,0.00,OPEN,0
665863.354,0,0,0,1.000,1.000,1.000,-90.00,180.00,0.00,OPEN,0
665863.404,0,0,0,1.000,1.000,1.000,-90.00,180.00,0.00,OPEN,0
665863.454,0,0,0,1.000,1.000,1.000,-90.00,180.00,0.00,OPEN,0
665863.504,0,0,0,1.000,1.000,1.000,-90.00,180.00,0.00,OPEN,0
665863.554,0,0,0,1.000,1.000,1.000,-90.00,180.00,0.00,OPEN,0
665863.604,0,0,0,1.000,1.000,1.000,-90.00,180.00,0.00,OPEN,0
665863.654,0,0,0,1.000,1.000,1.000,-90.00,180.00,0.00,OPEN,0
665863.704,0,0,0,1.000,1.000,1.000,-90.00,180.00,0.00,OPEN,0
665863.753,0,0,0,1.000,1.000,1.000,-90.00,180.00,0.00,OPEN,0
665863.804,0,0,0,1.000,1.000,1.000,-90.00,180.00,0.00,OPEN,0
665863.854,0,0,0,1.000,1.000,1.000,-90.00,180.00,0.00,OPEN,0
665863.904,0,0,0,1.000,1.000,1.000,-90.00,180.00,0.00,OPEN,0
665863.953,0,0,0,1.000,1.000,1.000,-90.00,180.00,0.00,OPEN,0
665864.004,0,0,0,1.000,1.000,1.000,-90.00,180.00,0.00,OPEN,0
665864.055,0,0,0,1.000,1.000,1.000,-90.00,180.00,0.00,OPEN,0
665864.103,0,0,0,1.000,1.000,1.000,-90.00,180.00,0.00,OPEN,0
665864.154,0,0,0,1.000,1.000,1.000,-90.00,180.00,0.00,OPEN,0
665864.204,0,0,0,1.000,1.000,1.000,-90.00,180.00,0.00,OPEN,0
665864.265,0,0,0,1.000,1.000,1.000,-90.00,180.00,0.00,OPEN,0
665864.304,0,0,0,0.998,1.000,1.000,-90.00,180.00,0.00,OPEN,0
665864.353,0,0,0,0.993,1.000,1.000,-90.00,180.00,0.00,OPEN,0
665864.404,0,0,0,0.671,1.000,1.000,-90.00,180.00,0.00,OPEN,0
665864.454,0,0,0,0.654,1.000,1.000,-90.00,180.00,0.00,OPEN,0
665864.504,0,0,0,0.988,1.000,1.000,-90.00,180.00,0.00,OPEN,0
665864.554,0,0,0,0.986,1.000,1.000,-90.00,180.00,0.00,OPEN,0
665864.604,0,0,0,0.806,1.000,1.000,-90.00,180.00,0.00,OPEN,0
665864.654,0,0,0,0.946,0.999,1.000,-90.00,180.00,0.00,OPEN,0
665864.704,0,0,0,0.996,0.998,1.000,-90.00,180.00,0.00,OPEN,0
665864.754,0,0,0,0.999,0.991,1.000,-90.00,180.00,0.00,OPEN,0
665864.804,0,0,0,1.000,0.983,1.000,-90.00,180.00,0.00,OPEN,0
665864.855,0,0,0,1.000,0.709,1.000,-90.00,180.00,0.00,OPEN,0
665864.904,0,0,0,1.000,0.885,1.000,-90.00,180.00,0.00,OPEN,0
665864.954,0,0,0,1.000,0.990,0.997,-90.00,180.00,0.00,OPEN,0
665865.004,3,0,0,1.000,0.999,0.959,-90.00,180.00,0.00,OPEN,0
665865.054,3,0,0,1.000,1.000,0.577,-90.00,180.00,0.00,OPEN,0
665865.104,3,0,0,1.000,1.000,0.834,-90.00,180.00,0.00,OPEN,0
665865.154,3,0,0,1.000,1.000,0.957,-90.00,180.00,0.00,OPEN,0
665865.204,3,0,0,1.000,1.000,0.977,-90.00,180.00,0.00,OPEN,0
665865.254,3,0,0,1.000,1.000,0.959,-90.00,180.00,0.00,OPEN,0
665865.304,3,0,0,1.000,1.000,0.933,-90.00,180.00,0.00,OPEN,0
665865.354,3,0,0,1.000,1.000,0.925,-90.00,180.00,0.00,OPEN,0
665865.404,3,0,0,1.000,1.000,0.890,-90.00,180.00,0.00,OPEN,0
665865.454,3,0,0,1.000,1.000,0.865,-90.00,180.00,0.00,OPEN,0
665865.505,3,0,0,1.000,1.000,0.864,-90.00,180.00,0.00,OPEN,0
665865.554,3,0,0,1.000,1.000,0.866,-90.00,180.00,0.00,OPEN,0
665865.604,3,0,0,1.000,1.000,0.865,-90.00,180.00,0.00,OPEN,0
665865.654,3,0,0,1.000,1.000,0.856,-90.00,180.00,0.00,OPEN,0
665865.703,3,0,0,1.000,1.000,0.852,-90.00,180.00,0.00,OPEN,0
665865.754,3,0,0,1.000,1.000,0.863,-90.00,180.00,0.00,OPEN,0
665865.805,3,1,0,1.000,1.000,0.877,-90.00,180.00,0.00,OPEN,0
665865.854,3,1,0,1.000,1.000,0.871,-90.00,180.00,0.00,OPEN,0
665865.904,3,1,0,1.000,1.000,0.848,-90.00,180.00,0.00,OPEN,0
665865.954,3,1,1,1.000,1.000,0.852,-90.00,180.00,0.00,OPEN,0
665866.004,3,1,1,1.000,1.000,0.856,-90.00,180.00,0.00,OPEN,0
665866.054,3,1,1,1.000,1.000,0.842,-90.00,180.00,0.00,OPEN,0
665866.104,3,1,1,1.000,1.000,0.792,-90.00,180.00,0.00,OPEN,0
665866.154,3,1,1,1.000,1.000,0.757,-90.00,180.00,0.00,OPEN,0
665866.204,3,1,1,1.000,1.000,0.719,-90.00,180.00,0.00,OPEN,0
665866.254,3,1,1,1.000,0.999,0.722,-90.00,180.00,0.00,OPEN,0
665866.304,3,1,1,1.000,0.999,0.702,-90.00,180.00,0.00,OPEN,0
665866.354,3,1,1,1.000,0.999,0.750,-90.00,180.00,0.00,OPEN,0
665866.403,3,1,1,1.000,0.999,0.800,-90.00,180.00,0.00,OPEN,0
665866.454,3,1,1,1.000,0.999,0.813,-90.00,180.00,0.00,OPEN,0
665866.505,3,1,1,1.000,1.000,0.830,-90.00,180.00,0.00,OPEN,0
665866.554,3,1,1,1.000,1.000,0.849,-90.00,180.00,0.00,OPEN,0
665866.604,3,1,1,1.000,1.000,0.867,-90.00,180.00,0.00,OPEN,0
665866.654,3,1,1,1.000,1.000,0.864,-90.00,180.00,0.00,OPEN,0
665866.703,3,1,1,1.000,0.999,0.867,-90.00,180.00,0.00,OPEN,0
665866.754,3,1,1,1.000,0.998,0.864,-90.00,180.00,0.00,OPEN,0
665866.807,3,1,1,1.000,0.998,0.840,-90.00,180.00,0.00,OPEN,0
665866.856,3,1,1,1.000,0.997,0.814,-90.00,180.00,0.00,OPEN,0
665866.904,3,1,1,1.000,0.998,0.798,-90.00,180.00,0.00,OPEN,0
665866.954,3,1,1,1.000,0.997,0.724,-90.00,180.00,0.00,OPEN,0
665867.004,3,1,1,1.000,0.998,0.704,-90.00,180.00,0.00,OPEN,0
665867.055,3,1,1,1.000,0.999,0.722,-90.00,180.00,0.00,OPEN,0
665867.104,3,1,1,1.000,0.999,0.707,-90.00,180.00,0.00,OPEN,0
665867.153,3,1,1,1.000,1.000,0.729,-90.00,180.00,0.00,OPEN,0
665867.203,3,1,1,1.000,1.000,0.649,-90.00,180.00,0.00,OPEN,0
665867.254,3,1,1,1.000,1.000,0.588,-90.00,180.00,0.00,OPEN,0
665867.304,3,1,1,1.000,1.000,0.503,-90.00,180.00,0.00,OPEN,0
665867.354,3,1,1,1.000,1.000,0.515,-90.00,180.00,0.00,OPEN,0
665867.404,3,1,1,1.000,1.000,0.543,-90.00,180.00,0.00,OPEN,0
665867.455,3,1,1,1.000,1.000,0.502,-90.00,180.00,0.00,OPEN,0
665867.504,3,1,1,1.000,1.000,0.516,-90.00,180.00,0.00,OPEN,0
665867.556,3,1,1,1.000,1.000,0.518,-90.00,180.00,0.00,OPEN,0
665867.604,3,1,1,1.000,1.000,0.561,-90.00,180.00,0.00,OPEN,0
665867.653,3,1,1,1.000,1.000,0.599,-90.00,180.00,0.00,OPEN,0
665867.704,3,1,1,1.000,1.000,0.647,-90.00,180.00,0.00,OPEN,0
665867.755,3,1,1,1.000,1.000,0.695,-90.00,180.00,0.00,OPEN,0
665867.804,3,1,1,1.000,1.000,0.715,-90.00,180.00,0.00,OPEN,0
665867.854,3,1,1,1.000,1.000,0.711,-90.00,180.00,0.00,OPEN,0
665867.903,3,1,1,1.000,1.000,0.667,-90.00,180.00,0.00,OPEN,0
665867.955,3,1,1,1.000,1.000,0.579,-90.00,180.00,0.00,OPEN,0
665868.004,3,1,1,1.000,1.000,0.542,-90.00,180.00,0.00,OPEN,0
665868.054,3,1,1,1.000,1.000,0.532,-90.00,180.00,0.00,OPEN,0
665868.104,3,1,1,1.000,1.000,0.520,-90.00,180.00,0.00,OPEN,0
665868.154,3,1,1,1.000,1.000,0.603,-90.00,180.00,0.00,OPEN,0
665868.204,3,1,1,1.000,1.000,0.609,-90.00,180.00,0.00,OPEN,0
665868.254,3,1,1,1.000,1.000,0.613,-90.00,180.00,0.00,OPEN,0
665868.304,3,1,1,1.000,1.000,0.583,-90.00,180.00,0.00,OPEN,0
665868.354,3,1,1,1.000,1.000,0.539,-90.00,180.00,0.00,OPEN,0
665868.405,3,1,1,1.000,1.000,0.507,-90.00,180.00,0.00,OPEN,0
665868.454,3,1,1,1.000,1.000,0.573,-90.00,180.00,0.00,OPEN,0
665868.504,3,1,1,1.000,1.000,0.611,-90.00,180.00,0.00,OPEN,0
665868.554,3,1,1,1.000,1.000,0.655,-90.00,180.00,0.00,OPEN,0
665868.605,3,1,1,1.000,1.000,0.703,-90.00,180.00,0.00,OPEN,0
665868.654,3,1,1,1.000,1.000,0.698,-90.00,180.00,0.00,OPEN,0
665868.704,3,1,1,1.000,1.000,0.735,-90.00,180.00,0.00,OPEN,0
665868.754,3,1,1,1.000,0.999,0.701,-90.00,180.00,0.00,OPEN,0
665868.804,3,1,1,1.000,0.998,0.684,-90.00,180.00,0.00,OPEN,0
665868.853,3,1,1,1.000,0.997,0.665,-90.00,180.00,0.00,OPEN,0
665868.904,3,1,1,1.000,0.995,0.626,-90.00,180.00,0.00,OPEN,0
665868.954,3,1,1,1.000,0.996,0.536,-90.00,180.00,0.00,OPEN,0
665869.004,3,1,1,1.000,0.997,0.520,-90.00,180.00,0.00,OPEN,0
665869.054,3,1,1,1.000,0.998,0.513,-90.00,180.00,0.00,OPEN,0
665869.104,3,1,1,1.000,0.998,0.544,-90.00,180.00,0.00,OPEN,0
665869.154,3,1,1,1.000,0.998,0.607,-90.00,180.00,0.00,OPEN,0
665869.204,3,1,1,1.000,0.998,0.602,-90.00,180.00,0.00,OPEN,0
665869.254,3,1,1,1.000,0.997,0.628,-90.00,180.00,0.00,OPEN,0
665869.304,3,1,1,1.000,0.996,0.634,-90.00,180.00,0.00,OPEN,0
665869.354,3,1,1,1.000,0.992,0.632,-90.00,180.00,0.00,OPEN,0
665869.405,3,1,1,1.000,0.990,0.709,-90.00,180.00,0.00,OPEN,0
665869.454,3,1,1,1.000,0.991,0.774,-90.00,180.00,0.00,OPEN,0
665869.504,3,1,1,1.000,0.988,0.799,-90.00,180.00,0.00,OPEN,0
665869.557,3,1,1,1.000,0.989,0.850,-90.00,180.00,0.00,OPEN,0
665869.604,3,1,1,1.000,0.996,0.904,-90.00,180.00,0.00,OPEN,0
665869.655,3,1,1,1.000,0.996,0.911,-90.00,180.00,0.00,OPEN,0
665869.703,3,1,1,1.000,0.998,0.934,-90.00,180.00,0.00,OPEN,0
665869.754,3,1,1,1.000,0.999,0.941,-90.00,180.00,0.00,OPEN,0
665869.804,3,1,1,1.000,0.999,0.948,-90.00,180.00,0.00,OPEN,0
665869.854,3,1,1,1.000,0.999,0.938,-90.00,180.00,0.00,OPEN,0
665869.905,3,1,1,1.000,0.998,0.910,-90.00,180.00,0.00,OPEN,0
665869.953,3,1,1,1.000,0.997,0.848,-90.00,180.00,0.00,OPEN,0
665870.004,3,1,1,1.000,0.997,0.701,-90.00,180.00,0.00,OPEN,0
665870.054,3,1,1,1.000,0.994,0.530,-90.00,180.00,0.00,OPEN,0
665870.104,3,1,1,1.000,0.982,0.804,-90.00,180.00,0.00,OPEN,0
665870.154,3,1,1,1.000,0.973,0.899,-90.00,180.00,0.00,OPEN,0
665870.214,3,1,1,1.000,0.953,0.938,-90.00,180.00,0.00,OPEN,0
665870.254,3,1,1,1.000,0.892,0.967,-90.00,180.00,0.00,OPEN,0
665870.304,3,1,1,0.999,0.658,0.983,-90.00,180.00,0.00,OPEN,0
665870.354,3,1,1,0.998,0.969,0.977,-90.00,180.00,0.00,OPEN,0
665870.404,3,1,1,0.991,0.999,0.989,-90.00,180.00,0.00,OPEN,0
665870.454,3,1,1,0.961,1.000,0.992,-90.00,180.00,0.00,OPEN,0
665870.504,3,1,1,0.815,1.000,0.996,-90.00,180.00,0.00,OPEN,0
665870.554,3,1,1,0.521,1.000,0.997,-90.00,180.00,0.00,OPEN,0
665870.604,3,1,1,0.338,1.000,0.999,-90.00,180.00,0.00,OPEN,0
665870.654,3,1,1,0.851,1.000,1.000,-90.00,180.00,0.00,OPEN,0
665870.704,3,1,1,0.991,1.000,1.000,-90.00,180.00,0.00,OPEN,0
665870.754,3,1,1,0.991,1.000,1.000,-90.00,180.00,0.00,OPEN,0
665870.804,3,1,1,0.997,1.000,1.000,-90.00,180.00,0.00,OPEN,0
665870.854,3,1,1,0.998,1.000,1.000,-90.00,180.00,0.00,OPEN,0
665870.904,3,1,1,0.996,1.000,1.000,-90.00,180.00,0.00,OPEN,0
665870.953,3,1,1,0.992,1.000,1.000,-90.00,180.00,0.00,OPEN,0
665871.004,0,1,0,0.990,0.999,1.000,-90.00,180.00,0.00,OPEN,0
665871.056,0,1,0,0.996,0.989,1.000,-90.00,180.00,0.00,OPEN,0
665871.104,0,1,0,0.997,0.780,1.000,-90.00,180.00,0.00,OPEN,0
665871.154,0,1,0,0.996,1.000,1.000,-90.00,180.00,0.00,OPEN,0
665871.203,0,1,0,0.995,1.000,1.000,-90.00,180.00,0.00,OPEN,0
665871.254,0,0,0,0.994,1.000,1.000,-90.00,180.00,0.00,OPEN,0
665871.304,0,0,0,1.000,1.000,1.000,-90.00,180.00,0.00,OPEN,0
665871.354,0,0,0,1.000,1.000,1.000,-90.00,180.00,0.00,OPEN,0
665871.404,0,0,0,1.000,1.000,1.000,-90.00,180.00,0.00,OPEN,0
665871.453,0,0,0,1.000,1.000,1.000,-90.00,180.00,0.00,OPEN,0
665871.504,0,0,0,1.000,1.000,1.000,-90.00,180.00,0.00,OPEN,0
665871.554,0,0,0,1.000,1.000,1.000,-90.00,180.00,0.00,OPEN,0
665871.604,0,0,0,1.000,1.000,1.000,-90.00,180.00,0.00,OPEN,0
665871.654,0,0,0,1.000,1.000,1.000,-90.00,180.00,0.00,OPEN,0
665871.704,0,0,0,1.000,1.000,1.000,-90.00,180.00,0.00,OPEN,0
665871.755,0,0,0,1.000,1.000,1.000,-90.00,180.00,0.00,OPEN,0
665871.804,0,0,0,1.000,1.000,1.000,-90.00,180.00,0.00,OPEN,0
665871.853,0,0,0,1.000,1.000,1.000,-90.00,180.00,0.00,OPEN,0
665871.904,0,0,0,1.000,1.000,1.000,-90.00,180.00,0.00,OPEN,0
665871.955,0,0,0,1.000,1.000,1.000,-90.00,180.00,0.00,OPEN,0
665872.005,0,0,0,1.000,1.000,1.000,-90.00,180.00,0.00,OPEN,0
665872.054,0,0,0,1.000,1.000,1.000,-90.00,180.00,0.00,OPEN,0
665872.103,0,0,0,1.000,1.000,1.000,-90.00,180.00,0.00,OPEN,0
665872.153,0,0,0,1.000,1.000,1.000,-90.00,180.00,0.00,OPEN,0
665872.204,0,0,0,1.000,1.000,1.000,-90.00,180.00,0.00,OPEN,0
665872.254,0,0,0,1.000,1.000,1.000,-90.00,180.00,0.00,OPEN,0
665872.304,0,0,0,1.000,1.000,1.000,-90.00,180.00,0.00,OPEN,0
665872.354,0,0,0,1.000,1.000,1.000,-90.00,180.00,0.00,OPEN,0
665872.404,0,0,0,1.000,1.000,1.000,-90.00,180.00,0.00,OPEN,0
665872.454,0,0,0,1.000,1.000,1.000,-90.00,180.00,0.00,OPEN,0
665872.505,0,0,0,1.000,1.000,1.000,-90.00,180.00,0.00,OPEN,0
665872.554,0,0,0,1.000,1.000,1.000,-90.00,180.00,0.00,OPEN,0
665872.603,0,0,0,1.000,1.000,1.000,-90.00,180.00,0.00,OPEN,0
665872.654,0,0,0,1.000,1.000,1.000,-90.00,180.00,0.00,OPEN,0
665872.704,0,0,0,1.000,1.000,1.000,-90.00,180.00,0.00,OPEN,0
665872.754,0,0,0,1.000,1.000,1.000,-90.00,180.00,0.00,OPEN,0
665872.804,0,0,0,1.000,1.000,1.000,-90.00,180.00,0.00,OPEN,0
665872.855,0,0,0,1.000,1.000,1.000,-90.00,180.00,0.00,OPEN,0
665872.916,0,0,0,1.000,1.000,1.000,-90.00,180.00,0.00,OPEN,0
665872.955,0,0,0,1.000,1.000,1.000,-90.00,180.00,0.00,OPEN,0
665873.004,0,0,0,1.000,1.000,1.000,-90.00,180.00,0.00,OPEN,0
665873.053,0,0,0,1.000,1.000,1.000,-90.00,180.00,0.00,OPEN,0
665873.104,0,0,0,1.000,1.000,1.000,-90.00,180.00,0.00,OPEN,0
665873.153,0,0,0,1.000,1.000,1.000,-90.00,180.00,0.00,OPEN,0
665873.204,0,0,0,1.000,1.000,1.000,-90.00,180.00,0.00,OPEN,0
665873.254,0,0,0,1.000,1.000,1.000,-90.00,180.00,0.00,OPEN,0
665873.304,0,0,0,1.000,1.000,1.000,-90.00,180.00,0.00,OPEN,0
665873.354,0,0,0,1.000,1.000,1.000,-90.00,180.00,0.00,OPEN,0
665873.404,0,0,0,1.000,1.000,1.000,-90.00,180.00,0.00,OPEN,0
665873.454,0,0,0,1.000,1.000,1.000,-90.00,180.00,0.00,OPEN,0
665873.504,0,0,0,1.000,1.000,1.000,-90.00,180.00,0.00,OPEN,0
665873.553,0,0,0,1.000,1.000,1.000,-90.00,180.00,0.00,OPEN,0
665873.603,0,0,0,1.000,1.000,1.000,-90.00,180.00,0.00,OPEN,0
665873.654,0,0,0,1.000,1.000,1.000,-90.00,180.00,0.00,OPEN,0
665873.704,0,0,0,1.000,1.000,1.000,-90.00,180.00,0.00,OPEN,0
665873.754,0,0,0,1.000,1.000,1.000,-90.00,180.00,0.00,OPEN,0
665873.804,0,0,0,1.000,1.000,1.000,-90.00,180.00,0.00,OPEN,0
665873.854,0,0,0,1.000,1.000,1.000,-90.00,180.00,0.00,OPEN,0
665873.904,0,0,0,1.000,1.000,1.000,-90.00,180.00,0.00,OPEN,0
665873.954,0,0,0,1.000,1.000,1.000,-90.00,180.00,0.00,OPEN,0
665874.004,0,0,0,1.000,1.000,1.000,-90.00,180.00,0.00,OPEN,0
665874.054,0,0,0,1.000,1.000,1.000,-90.00,180.00,0.00,OPEN,0
665874.103,0,0,0,1.000,1.000,1.000,-90.00,180.00,0.00,OPEN,0
665874.154,0,0,0,1.000,1.000,1.000,-90.00,180.00,0.00,OPEN,0
665874.203,0,0,0,1.000,1.000,1.000,-90.00,180.00,0.00,OPEN,0
665874.253,0,0,0,1.000,1.000,1.000,-90.00,180.00,0.00,OPEN,0
665874.304,0,0,0,1.000,1.000,1.000,-90.00,180.00,0.00,OPEN,0
665874.354,0,0,0,1.000,1.000,1.000,-90.00,180.00,0.00,OPEN,0
665874.404,0,0,0,1.000,1.000,1.000,-90.00,180.00,0.00,OPEN,0
665874.454,0,0,0,1.000,1.000,1.000,-90.00,180.00,0.00,OPEN,0
665874.504,0,0,0,1.000,1.000,1.000,-90.00,180.00,0.00,OPEN,0
665874.554,0,0,0,1.000,1.000,1.000,-90.00,180.00,0.00,OPEN,0
665874.604,0,0,0,1.000,1.000,1.000,-90.00,180.00,0.00,OPEN,0
665874.654,0,0,0,1.000,1.000,1.000,-90.00,180.00,0.00,OPEN,0
665874.704,0,0,0,1.000,1.000,1.000,-90.00,180.00,0.00,OPEN,0
665874.754,0,0,0,1.000,1.000,1.000,-90.00,180.00,0.00,OPEN,0
665874.803,0,0,0,1.000,1.000,1.000,-90.00,180.00,0.00,OPEN,0
665874.854,0,0,0,1.000,1.000,1.000,-90.00,180.00,0.00,OPEN,0
665874.904,0,0,0,1.000,1.000,1.000,-90.00,180.00,0.00,OPEN,0
665874.954,0,0,0,1.000,1.000,1.000,-90.00,180.00,0.00,OPEN,0
665875.003,0,0,0,1.000,1.000,1.000,-90.00,180.00,0.00,OPEN,0
665875.054,0,0,0,1.000,1.000,1.000,-90.00,180.00,0.00,OPEN,0
665875.104,0,0,0,1.000,1.000,1.000,-90.00,180.00,0.00,OPEN,0
665875.154,0,0,0,1.000,1.000,1.000,-90.00,180.00,0.00,OPEN,0
665875.204,0,0,0,1.000,1.000,1.000,-90.00,180.00,0.00,OPEN,0
665875.254,0,0,0,1.000,1.000,1.000,-90.00,180.00,0.00,OPEN,0
665875.304,0,0,0,1.000,1.000,1.000,-90.00,180.00,0.00,OPEN,0
665875.354,0,0,0,1.000,1.000,1.000,-90.00,180.00,0.00,OPEN,0
665875.404,0,0,0,1.000,1.000,1.000,-90.00,180.00,0.00,OPEN,0
665875.455,0,0,0,1.000,1.000,1.000,-90.00,180.00,0.00,OPEN,0
665875.504,0,0,0,1.000,1.000,1.000,-90.00,180.00,0.00,OPEN,0
665875.554,0,0,0,1.000,1.000,1.000,-90.00,180.00,0.00,OPEN,0
665875.604,0,0,0,1.000,1.000,1.000,-90.00,180.00,0.00,OPEN,0
665875.654,0,0,0,1.000,1.000,1.000,-90.00,180.00,0.00,OPEN,0
665875.704,0,0,0,1.000,1.000,1.000,-90.00,180.00,0.00,OPEN,0
665875.754,0,0,0,1.000,1.000,1.000,-90.00,180.00,0.00,OPEN,0
665875.805,0,0,0,1.000,1.000,1.000,-90.00,180.00,0.00,OPEN,0
665875.853,0,0,0,1.000,1.000,1.000,-90.00,180.00,0.00,OPEN,0
665875.904,0,0,0,1.000,1.000,1.000,-90.00,180.00,0.00,OPEN,0
665875.955,0,0,0,1.000,1.000,1.000,-90.00,180.00,0.00,OPEN,0
665876.004,0,0,0,1.000,1.000,1.000,-90.00,180.00,0.00,OPEN,0
665876.054,0,0,0,1.000,1.000,1.000,-90.00,180.00,0.00,OPEN,0
665876.104,0,0,0,1.000,1.000,1.000,-90.00,180.00,0.00,OPEN,0
665876.154,0,0,0,1.000,1.000,1.000,-90.00,180.00,0.00,OPEN,0
665876.204,0,0,0,1.000,1.000,1.000,-90.00,180.00,0.00,OPEN,0
665876.254,0,0,0,1.000,1.000,1.000,-90.00,180.00,0.00,OPEN,0
665876.311,0,0,0,1.000,1.000,1.000,-90.00,180.00,0.00,OPEN,0
665876.354,0,0,0,1.000,1.000,1.000,-90.00,180.00,0.00,OPEN,0
665876.404,0,0,0,1.000,1.000,1.000,-90.00,180.00,0.00,OPEN,0
665876.455,0,0,0,1.000,1.000,1.000,-90.00,180.00,0.00,OPEN,0
665876.504,0,0,0,1.000,1.000,1.000,-90.00,180.00,0.00,OPEN,0
665876.554,0,0,0,1.000,1.000,1.000,-90.00,180.00,0.00,OPEN,0
665876.604,0,0,0,1.000,1.000,1.000,-90.00,180.00,0.00,OPEN,0
665876.654,0,0,0,1.000,1.000,1.000,-90.00,180.00,0.00,OPEN,0
665876.705,0,0,0,1.000,1.000,1.000,-90.00,180.00,0.00,OPEN,0
665876.753,0,0,0,1.000,1.000,1.000,-90.00,180.00,0.00,OPEN,0
665876.804,0,0,0,1.000,1.000,1.000,-90.00,180.00,0.00,OPEN,0
665876.853,0,0,0,1.000,1.000,1.000,-90.00,180.00,0.00,OPEN,0
665876.903,0,0,0,1.000,1.000,1.000,-90.00,180.00,0.00,OPEN,0
665876.955,0,0,0,1.000,1.000,1.000,-90.00,180.00,0.00,OPEN,0
665877.004,0,0,0,1.000,1.000,1.000,-90.00,180.00,0.00,OPEN,0
665877.054,0,0,0,1.000,1.000,1.000,-90.00,180.00,0.00,OPEN,0
665877.103,0,0,0,1.000,1.000,1.000,-90.00,180.00,0.00,OPEN,0
665877.154,0,0,0,1.000,1.000,1.000,-90.00,180.00,0.00,OPEN,0
665877.204,0,0,0,1.000,1.000,1.000,-90.00,180.00,0.00,OPEN,0
665877.254,0,0,0,1.000,1.000,1.000,-90.00,180.00,0.00,OPEN,0
665877.304,0,0,0,1.000,1.000,1.000,-90.00,180.00,0.00,OPEN,0
665877.354,0,0,0,1.000,1.000,1.000,-90.00,180.00,0.00,OPEN,0
665877.404,0,0,0,1.000,1.000,1.000,-90.00,180.00,0.00,OPEN,0
665877.454,0,0,0,1.000,1.000,1.000,-90.00,180.00,0.00,OPEN,0
665877.504,0,0,0,1.000,1.000,1.000,-90.00,180.00,0.00,OPEN,0
665877.553,0,0,0,1.000,1.000,1.000,-90.00,180.00,0.00,OPEN,0
665877.604,0,0,0,1.000,1.000,1.000,-90.00,180.00,0.00,OPEN,0
665877.655,0,0,0,1.000,1.000,1.000,-90.00,180.00,0.00,OPEN,0
665877.704,0,0,0,1.000,1.000,1.000,-90.00,180.00,0.00,OPEN,0
665877.754,0,0,0,0.998,1.000,1.000,-90.00,180.00,0.00,OPEN,0
665877.804,0,0,0,0.991,1.000,1.000,-90.00,180.00,0.00,OPEN,0
665877.853,0,0,0,0.944,1.000,1.000,-90.00,180.00,0.00,OPEN,0
665877.903,0,0,0,0.535,1.000,1.000,-90.00,180.00,0.00,OPEN,0
665877.955,0,0,0,0.947,1.000,1.000,-90.00,180.00,0.00,OPEN,0
665878.004,0,0,0,1.000,1.000,1.000,-90.00,180.00,0.00,OPEN,0
665878.055,0,0,0,1.000,1.000,1.000,-90.00,180.00,0.00,OPEN,0
665878.104,0,0,0,1.000,1.000,1.000,-90.00,180.00,0.00,OPEN,0
665878.154,0,0,0,1.000,1.000,1.000,-90.00,180.00,0.00,OPEN,0
665878.204,0,0,0,1.000,1.000,1.000,-90.00,180.00,0.00,OPEN,0
665878.254,0,0,0,1.000,1.000,1.000,-90.00,180.00,0.00,OPEN,0
665878.303,1,0,0,1.000,1.000,1.000,-90.00,180.00,0.00,OPEN,0
665878.354,1,0,0,1.000,1.000,1.000,-90.00,180.00,0.00,OPEN,0
665878.404,1,0,0,1.000,1.000,1.000,-90.00,180.00,0.00,OPEN,0
665878.454,1,0,0,1.000,1.000,1.000,-90.00,180.00,0.00,OPEN,0
665878.504,1,0,0,1.000,1.000,1.000,-90.00,180.00,0.00,OPEN,0
665878.554,1,0,0,1.000,1.000,1.000,-90.00,180.00,0.00,OPEN,0
665878.604,1,0,0,1.000,1.000,1.000,-90.00,180.00,0.00,OPEN,0
665878.654,1,0,0,1.000,1.000,1.000,-90.00,180.00,0.00,OPEN,0
665878.704,1,0,0,1.000,1.000,1.000,-90.00,180.00,0.00,OPEN,0
665878.754,1,0,0,1.000,1.000,1.000,-90.00,180.00,0.00,OPEN,0
665878.804,1,0,0,1.000,1.000,1.000,-90.00,180.00,0.00,OPEN,0
665878.853,1,0,0,1.000,1.000,1.000,-90.00,180.00,0.00,OPEN,0
665878.903,1,0,0,1.000,1.000,1.000,-90.00,180.00,0.00,OPEN,0
665878.955,1,0,0,1.000,1.000,1.000,-90.00,180.00,0.00,OPEN,0
665879.004,1,0,0,1.000,1.000,1.000,-90.00,180.00,0.00,OPEN,0
665879.054,1,0,0,1.000,1.000,1.000,-90.00,180.00,0.00,OPEN,0
665879.103,1,0,0,1.000,1.000,1.000,-90.00,180.00,0.00,OPEN,0
665879.154,1,0,0,1.000,1.000,1.000,-90.00,180.00,0.00,OPEN,0
665879.204,1,0,0,1.000,1.000,1.000,-90.00,180.00,0.00,OPEN,0
665879.254,1,0,0,1.000,1.000,1.000,-90.00,180.00,0.00,OPEN,0
665879.304,1,0,0,1.000,1.000,1.000,-90.00,180.00,0.00,OPEN,0
665879.354,1,0,0,1.000,1.000,1.000,-90.00,180.00,0.00,OPEN,0
665879.404,1,0,0,1.000,1.000,1.000,-90.00,180.00,0.00,OPEN,0
665879.461,1,0,0,1.000,1.000,1.000,-90.00,180.00,0.00,OPEN,0
665879.505,1,0,0,1.000,1.000,1.000,-90.00,180.00,0.00,OPEN,0
665879.554,1,0,0,1.000,1.000,1.000,-90.00,180.00,0.00,OPEN,0
665879.605,1,0,0,1.000,1.000,1.000,-90.00,180.00,0.00,OPEN,0
665879.654,1,0,0,1.000,1.000,1.000,-90.00,180.00,0.00,OPEN,0
665879.704,1,0,0,1.000,1.000,1.000,-90.00,180.00,0.00,OPEN,0
665879.754,1,0,0,1.000,1.000,1.000,-90.00,180.00,0.00,OPEN,0
665879.804,1,0,0,1.000,1.000,1.000,-90.00,180.00,0.00,OPEN,0
665879.854,1,0,0,1.000,1.000,1.000,-90.00,180.00,0.00,OPEN,0
665879.904,1,0,0,1.000,1.000,1.000,-90.00,180.00,0.00,OPEN,0
665879.954,1,0,0,1.000,1.000,1.000,-90.00,180.00,0.00,OPEN,0
665880.004,1,0,0,1.000,1.000,1.000,-90.00,180.00,0.00,OPEN,0
665880.053,1,0,0,1.000,1.000,1.000,-90.00,180.00,0.00,OPEN,0
665880.103,1,0,0,1.000,1.000,1.000,-90.00,180.00,0.00,OPEN,0
665880.154,1,0,0,1.000,1.000,1.000,-90.00,180.00,0.00,OPEN,0
665880.204,1,0,0,1.000,1.000,1.000,-90.00,180.00,0.00,OPEN,0
665880.254,1,0,0,1.000,1.000,1.000,-90.00,180.00,0.00,OPEN,0
665880.304,1,0,0,1.000,1.000,1.000,-90.00,180.00,0.00,OPEN,0
665880.354,1,0,0,1.000,1.000,1.000,-90.00,180.00,0.00,OPEN,0
665880.404,1,0,0,1.000,1.000,1.000,-90.00,180.00,0.00,OPEN,0
665880.454,1,0,0,1.000,1.000,1.000,-90.00,180.00,0.00,OPEN,0
665880.504,1,0,0,1.000,1.000,1.000,-90.00,180.00,0.00,OPEN,0
665880.554,1,0,0,1.000,1.000,1.000,-90.00,180.00,0.00,OPEN,0
665880.604,1,0,0,1.000,1.000,1.000,-90.00,180.00,0.00,OPEN,0
665880.654,1,0,0,1.000,1.000,1.000,-90.00,180.00,0.00,OPEN,0
665880.703,1,0,0,1.000,1.000,1.000,-90.00,180.00,0.00,OPEN,0
665880.754,1,0,0,1.000,1.000,1.000,-90.00,180.00,0.00,OPEN,0
665880.804,1,0,0,1.000,1.000,1.000,-90.00,180.00,0.00,OPEN,0
665880.854,1,0,0,1.000,1.000,1.000,-90.00,180.00,0.00,OPEN,0
665880.904,1,0,0,1.000,1.000,1.000,-90.00,180.00,0.00,OPEN,0
665880.954,1,0,0,1.000,1.000,1.000,-90.00,180.00,0.00,OPEN,0
665881.004,1,0,0,1.000,1.000,1.000,-90.00,180.00,0.00,OPEN,0
665881.054,1,0,0,1.000,1.000,1.000,-90.00,180.00,0.00,OPEN,0
665881.104,1,0,0,1.000,1.000,1.000,-90.00,180.00,0.00,OPEN,0
665881.154,1,0,0,1.000,1.000,1.000,-90.00,180.00,0.00,OPEN,0
665881.204,1,0,0,1.000,1.000,1.000,-90.00,180.00,0.00,OPEN,0
665881.254,1,0,0,1.000,1.000,1.000,-90.00,180.00,0.00,OPEN,0
665881.304,1,0,0,1.000,1.000,1.000,-90.00,180.00,0.00,OPEN,0
665881.354,1,0,0,1.000,1.000,1.000,-90.00,180.00,0.00,OPEN,0
665881.404,1,0,0,1.000,1.000,1.000,-90.00,180.00,0.00,OPEN,0
665881.454,1,0,0,1.000,1.000,1.000,-90.00,180.00,0.00,OPEN,0
665881.504,1,0,0,1.000,1.000,1.000,-90.00,180.00,0.00,OPEN,0
665881.554,1,0,0,1.000,1.000,1.000,-90.00,180.00,0.00,OPEN,0
665881.604,1,0,0,1.000,1.000,1.000,-90.00,180.00,0.00,OPEN,0
665881.654,1,0,0,1.000,1.000,1.000,-90.00,180.00,0.00,OPEN,0
665881.703,1,0,0,1.000,1.000,1.000,-90.00,180.00,0.00,OPEN,0
665881.754,1,0,0,1.000,1.000,1.000,-90.00,180.00,0.00,OPEN,0
665881.804,1,0,0,1.000,1.000,1.000,-90.00,180.00,0.00,OPEN,0
665881.853,1,0,0,1.000,1.000,1.000,-90.00,180.00,0.00,OPEN,0
665881.903,1,0,0,1.000,1.000,1.000,-90.00,180.00,0.00,OPEN,0
665881.953,1,0,0,1.000,1.000,1.000,-90.00,180.00,0.00,OPEN,0
665882.004,1,0,0,1.000,1.000,1.000,-90.00,180.00,0.00,OPEN,0
665882.054,1,0,0,1.000,1.000,1.000,-90.00,180.00,0.00,OPEN,0
665882.104,1,0,0,1.000,1.000,1.000,-90.00,180.00,0.00,OPEN,0
665882.153,1,0,0,1.000,1.000,1.000,-90.00,180.00,0.00,OPEN,0
665882.203,1,0,0,1.000,1.000,1.000,-90.00,180.00,0.00,OPEN,0
665882.254,1,0,0,1.000,1.000,1.000,-90.00,180.00,0.00,OPEN,0
665882.304,1,0,0,1.000,1.000,1.000,-90.00,180.00,0.00,OPEN,0
665882.354,1,0,0,1.000,1.000,1.000,-90.00,180.00,0.00,OPEN,0
665882.403,1,0,0,1.000,1.000,1.000,-90.00,180.00,0.00,OPEN,0
665882.454,1,0,0,1.000,1.000,1.000,-90.00,180.00,0.00,OPEN,0
665882.505,1,0,0,1.000,1.000,1.000,-90.00,180.00,0.00,OPEN,0
665882.553,1,0,0,1.000,1.000,1.000,-90.00,180.00,0.00,OPEN,0
665882.604,1,0,0,1.000,1.000,1.000,-90.00,180.00,0.00,OPEN,0
665882.653,1,0,0,1.000,1.000,1.000,-90.00,180.00,0.00,OPEN,0
665882.704,1,0,0,1.000,1.000,1.000,-90.00,180.00,0.00,OPEN,0
665882.754,1,0,0,1.000,1.000,1.000,-90.00,180.00,0.00,OPEN,0
665882.804,1,0,0,1.000,1.000,1.000,-90.00,180.00,0.00,OPEN,0
665882.868,1,0,0,1.000,1.000,1.000,-90.00,180.00,0.00,OPEN,0
665882.906,1,0,0,1.000,1.000,1.000,-90.00,180.00,0.00,OPEN,0
665882.953,1,0,0,1.000,1.000,1.000,-90.00,180.00,0.00,OPEN,0
665883.004,1,0,0,1.000,1.000,1.000,-90.00,180.00,0.00,OPEN,0
665883.054,1,0,0,1.000,1.000,1.000,-90.00,180.00,0.00,OPEN,0
665883.104,1,0,0,1.000,1.000,1.000,-90.00,180.00,0.00,OPEN,0
665883.154,1,0,0,1.000,1.000,1.000,-90.00,180.00,0.00,OPEN,0
665883.204,1,0,0,1.000,1.000,1.000,-90.00,180.00,0.00,OPEN,0
665883.254,1,0,0,1.000,1.000,1.000,-90.00,180.00,0.00,OPEN,0
665883.304,1,0,0,1.000,1.000,1.000,-90.00,180.00,0.00,OPEN,0
665883.354,1,0,0,1.000,1.000,1.000,-90.00,180.00,0.00,OPEN,0
665883.403,1,0,0,1.000,1.000,1.000,-90.00,180.00,0.00,OPEN,0
665883.453,1,0,0,1.000,1.000,1.000,-90.00,180.00,0.00,OPEN,0
665883.505,1,0,0,1.000,1.000,1.000,-90.00,180.00,0.00,OPEN,0
665883.555,1,0,0,1.000,1.000,1.000,-90.00,180.00,0.00,OPEN,0
665883.604,1,0,0,1.000,1.000,1.000,-90.00,180.00,0.00,OPEN,0
665883.653,1,0,0,1.000,1.000,1.000,-90.00,180.00,0.00,OPEN,0
665883.703,1,0,0,1.000,1.000,1.000,-90.00,180.00,0.00,OPEN,0
665883.753,1,0,0,1.000,1.000,1.000,-90.00,180.00,0.00,OPEN,0
665883.804,1,0,0,1.000,1.000,1.000,-90.00,180.00,0.00,OPEN,0
665883.854,1,0,0,1.000,1.000,1.000,-90.00,180.00,0.00,OPEN,0
665883.904,1,0,0,1.000,1.000,1.000,-90.00,180.00,0.00,OPEN,0
665883.953,1,0,0,1.000,1.000,1.000,-90.00,180.00,0.00,OPEN,0
665884.003,1,0,0,1.000,1.000,1.000,-90.00,180.00,0.00,OPEN,0
665884.054,1,0,0,0.984,1.000,1.000,-90.00,180.00,0.00,OPEN,0
665884.104,1,0,0,0.979,1.000,1.000,-90.00,180.00,0.00,OPEN,0
665884.153,1,0,0,0.997,1.000,1.000,-90.00,180.00,0.00,OPEN,0
665884.204,1,0,0,0.999,1.000,1.000,-90.00,180.00,0.00,OPEN,0
665884.255,1,0,0,1.000,1.000,1.000,-90.00,180.00,0.00,OPEN,0
665884.304,1,0,0,1.000,1.000,1.000,-90.00,180.00,0.00,OPEN,0
665884.354,1,0,0,1.000,1.000,1.000,-90.00,180.00,0.00,OPEN,0
665884.404,1,0,0,1.000,1.000,1.000,-90.00,180.00,0.00,OPEN,0
665884.454,1,0,0,1.000,1.000,1.000,-90.00,180.00,0.00,OPEN,0
665884.505,0,0,0,1.000,1.000,1.000,-90.00,180.00,0.00,OPEN,0
665884.555,0,0,0,1.000,1.000,1.000,-90.00,180.00,0.00,OPEN,0
665884.604,0,0,0,1.000,1.000,1.000,-90.00,180.00,0.00,OPEN,0
665884.653,0,0,0,1.000,1.000,1.000,-90.00,180.00,0.00,OPEN,0
665884.704,0,0,0,1.000,1.000,1.000,-90.00,180.00,0.00,OPEN,0
665884.754,0,0,0,1.000,1.000,1.000,-90.00,180.00,0.00,OPEN,0
665884.804,0,0,0,1.000,1.000,1.000,-90.00,180.00,0.00,OPEN,0
665884.854,0,0,0,1.000,1.000,1.000,-90.00,180.00,0.00,OPEN,0
665884.904,0,0,0,1.000,1.000,1.000,-90.00,180.00,0.00,OPEN,0
665884.953,0,0,0,1.000,1.000,1.000,-90.00,180.00,0.00,OPEN,0
665885.004,0,0,0,1.000,1.000,1.000,-90.00,180.00,0.00,OPEN,0
665885.054,0,0,0,1.000,1.000,1.000,-90.00,180.00,0.00,OPEN,0
665885.104,0,0,0,1.000,1.000,1.000,-90.00,180.00,0.00,OPEN,0
665885.154,0,0,0,1.000,1.000,1.000,-90.00,180.00,0.00,OPEN,0
665885.203,0,0,0,1.000,1.000,1.000,-90.00,180.00,0.00,OPEN,0
665885.254,0,0,0,1.000,1.000,1.000,-90.00,180.00,0.00,OPEN,0
665885.305,0,0,0,1.000,1.000,1.000,-90.00,180.00,0.00,OPEN,0
665885.354,0,0,0,1.000,1.000,1.000,-90.00,180.00,0.00,OPEN,0
665885.404,0,0,0,1.000,1.000,1.000,-90.00,180.00,0.00,OPEN,0
665885.453,0,0,0,1.000,1.000,1.000,-90.00,180.00,0.00,OPEN,0
665885.504,0,0,0,1.000,1.000,1.000,-90.00,180.00,0.00,OPEN,0
665885.554,0,0,0,1.000,1.000,1.000,-90.00,180.00,0.00,OPEN,0
665885.604,0,0,0,1.000,1.000,1.000,-90.00,180.00,0.00,OPEN,0
665885.654,0,0,0,1.000,1.000,1.000,-90.00,180.00,0.00,OPEN,0
665885.704,0,0,0,1.000,1.000,1.000,-90.00,180.00,0.00,OPEN,0
665885.754,0,0,0,1.000,1.000,1.000,-90.00,180.00,0.00,OPEN,0
665885.804,0,0,0,1.000,1.000,1.000,-90.00,180.00,0.00,OPEN,0
665885.854,0,0,0,1.000,1.000,1.000,-90.00,180.00,0.00,OPEN,0
665885.904,0,0,0,1.000,1.000,1.000,-90.00,180.00,0.00,OPEN,0
665885.970,0,0,0,1.000,1.000,1.000,-90.00,180.00,0.00,OPEN,0
665886.007,0,0,0,1.000,1.000,1.000,-90.00,180.00,0.00,OPEN,0
665886.054,0,0,0,1.000,1.000,1.000,-90.00,180.00,0.00,OPEN,0
665886.103,0,0,0,1.000,1.000,1.000,-90.00,180.00,0.00,OPEN,0
665886.154,0,0,0,1.000,1.000,1.000,-90.00,180.00,0.00,OPEN,0
665886.204,0,0,0,1.000,1.000,1.000,-90.00,180.00,0.00,OPEN,0
665886.253,0,0,0,1.000,1.000,1.000,-90.00,180.00,0.00,OPEN,0
665886.303,0,0,0,1.000,1.000,1.000,-90.00,180.00,0.00,OPEN,0
665886.354,0,0,0,1.000,1.000,1.000,-90.00,180.00,0.00,OPEN,0
665886.404,0,0,0,1.000,1.000,1.000,-90.00,180.00,0.00,OPEN,0
665886.454,0,0,0,1.000,1.000,1.000,-90.00,180.00,0.00,OPEN,0
665886.504,0,0,0,1.000,1.000,1.000,-90.00,180.00,0.00,OPEN,0
665886.554,0,0,0,1.000,1.000,1.000,-90.00,180.00,0.00,OPEN,0
665886.605,0,0,0,1.000,1.000,1.000,-90.00,180.00,0.00,OPEN,0
665886.654,0,0,0,1.000,1.000,1.000,-90.00,180.00,0.00,OPEN,0
665886.704,0,0,0,1.000,1.000,1.000,-90.00,180.00,0.00,OPEN,0
665886.754,0,0,0,1.000,1.000,1.000,-90.00,180.00,0.00,OPEN,0
665886.804,0,0,0,1.000,1.000,1.000,-90.00,180.00,0.00,OPEN,0
665886.853,0,0,0,1.000,1.000,1.000,-90.00,180.00,0.00,OPEN,0
665886.904,0,0,0,1.000,1.000,1.000,-90.00,180.00,0.00,OPEN,0
665886.954,0,0,0,1.000,1.000,1.000,-90.00,180.00,0.00,OPEN,0
665887.004,0,0,0,1.000,1.000,1.000,-90.00,180.00,0.00,OPEN,0
665887.054,0,0,0,1.000,1.000,1.000,-90.00,180.00,0.00,OPEN,0
665887.105,0,0,0,1.000,1.000,1.000,-90.00,180.00,0.00,OPEN,0
665887.154,0,0,0,1.000,1.000,1.000,-90.00,180.00,0.00,OPEN,0
665887.204,0,0,0,1.000,1.000,1.000,-90.00,180.00,0.00,OPEN,0
665887.254,0,0,0,1.000,1.000,1.000,-90.00,180.00,0.00,OPEN,0
665887.303,0,0,0,1.000,1.000,1.000,-90.00,180.00,0.00,OPEN,0
665887.354,0,0,0,1.000,1.000,1.000,-90.00,180.00,0.00,OPEN,0
665887.404,0,0,0,1.000,1.000,1.000,-90.00,180.00,0.00,OPEN,0
665887.454,0,0,0,1.000,1.000,1.000,-90.00,180.00,0.00,OPEN,0
665887.503,0,0,0,1.000,1.000,1.000,-90.00,180.00,0.00,OPEN,0
665887.554,0,0,0,1.000,1.000,1.000,-90.00,180.00,0.00,OPEN,0
665887.604,0,0,0,1.000,1.000,1.000,-90.00,180.00,0.00,OPEN,0
665887.654,0,0,0,1.000,1.000,1.000,-90.00,180.00,0.00,OPEN,0
665887.704,0,0,0,1.000,1.000,1.000,-90.00,180.00,0.00,OPEN,0
665887.754,0,0,0,1.000,1.000,1.000,-90.00,180.00,0.00,OPEN,0
665887.804,0,0,0,1.000,1.000,1.000,-90.00,180.00,0.00,OPEN,0
665887.854,0,0,0,1.000,1.000,1.000,-90.00,180.00,0.00,OPEN,0
665887.904,0,0,0,1.000,1.000,1.000,-90.00,180.00,0.00,OPEN,0
665887.954,0,0,0,1.000,1.000,1.000,-90.00,180.00,0.00,OPEN,0
665888.004,0,0,0,1.000,1.000,1.000,-90.00,180.00,0.00,OPEN,0
665888.054,0,0,0,1.000,1.000,1.000,-90.00,180.00,0.00,OPEN,0
665888.104,0,0,0,1.000,1.000,1.000,-90.00,180.00,0.00,OPEN,0
665888.154,0,0,0,1.000,1.000,1.000,-90.00,180.00,0.00,OPEN,0
665888.204,0,0,0,1.000,1.000,1.000,-90.00,180.00,0.00,OPEN,0
665888.254,0,0,0,1.000,1.000,1.000,-90.00,180.00,0.00,OPEN,0
665888.304,0,0,0,1.000,1.000,1.000,-90.00,180.00,0.00,OPEN,0
665888.354,0,0,0,1.000,1.000,1.000,-90.00,180.00,0.00,OPEN,0
665888.404,0,0,0,1.000,1.000,1.000,-90.00,180.00,0.00,OPEN,0
665888.454,0,0,0,1.000,1.000,1.000,-90.00,180.00,0.00,OPEN,0
665888.504,0,0,0,1.000,1.000,1.000,-90.00,180.00,0.00,OPEN,0
665888.554,0,0,0,1.000,1.000,1.000,-90.00,180.00,0.00,OPEN,0
665888.604,0,0,0,1.000,1.000,1.000,-90.00,180.00,0.00,OPEN,0
665888.654,0,0,0,1.000,1.000,1.000,-90.00,180.00,0.00,OPEN,0
665888.704,0,0,0,1.000,1.000,1.000,-90.00,180.00,0.00,OPEN,0
665888.754,0,0,0,1.000,1.000,1.000,-90.00,180.00,0.00,OPEN,0
665888.803,0,0,0,1.000,1.000,1.000,-90.00,180.00,0.00,OPEN,0
665888.854,0,0,0,1.000,1.000,1.000,-90.00,180.00,0.00,OPEN,0
665888.905,0,0,0,1.000,1.000,1.000,-90.00,180.00,0.00,OPEN,0
665888.954,0,0,0,1.000,1.000,1.000,-90.00,180.00,0.00,OPEN,0
665889.004,0,0,0,1.000,1.000,1.000,-90.00,180.00,0.00,OPEN,0
665889.054,0,0,0,1.000,1.000,1.000,-90.00,180.00,0.00,OPEN,0
665889.103,0,0,0,1.000,1.000,1.000,-90.00,180.00,0.00,OPEN,0
665889.154,0,0,0,1.000,1.000,1.000,-90.00,180.00,0.00,OPEN,0
665889.204,0,0,0,1.000,1.000,1.000,-90.00,180.00,0.00,OPEN,0
665889.254,0,0,0,1.000,1.000,1.000,-90.00,180.00,0.00,OPEN,0
665889.303,0,0,0,1.000,1.000,1.000,-90.00,180.00,0.00,OPEN,0
665889.362,0,0,0,1.000,1.000,1.000,-90.00,180.00,0.00,OPEN,0
665889.404,0,0,0,1.000,1.000,1.000,-90.00,180.00,0.00,OPEN,0
665889.454,0,0,0,1.000,1.000,1.000,-90.00,180.00,0.00,OPEN,0
665889.504,0,0,0,1.000,1.000,1.000,-90.00,180.00,0.00,OPEN,0
665889.553,0,0,0,1.000,1.000,1.000,-90.00,180.00,0.00,OPEN,0
665889.604,0,0,0,1.000,1.000,1.000,-90.00,180.00,0.00,OPEN,0
665889.655,0,0,0,1.000,1.000,1.000,-90.00,180.00,0.00,OPEN,0
665889.704,0,0,0,1.000,1.000,1.000,-90.00,180.00,0.00,OPEN,0
665889.754,0,0,0,1.000,1.000,1.000,-90.00,180.00,0.00,OPEN,0
665889.804,0,0,0,1.000,1.000,1.000,-90.00,180.00,0.00,OPEN,0
665889.854,0,0,0,1.000,1.000,1.000,-90.00,180.00,0.00,OPEN,0
665889.904,0,0,0,1.000,1.000,1.000,-90.00,180.00,0.00,OPEN,0
665889.954,0,0,0,1.000,1.000,1.000,-90.00,180.00,0.00,OPEN,0
665890.004,0,0,0,1.000,1.000,1.000,-90.00,180.00,0.00,OPEN,0
665890.054,0,0,0,1.000,1.000,1.000,-90.00,180.00,0.00,OPEN,0
665890.104,0,0,0,1.000,1.000,1.000,-90.00,180.00,0.00,OPEN,0
665890.154,0,0,0,0.999,1.000,1.000,-90.00,180.00,0.00,OPEN,0
665890.204,0,0,0,0.999,1.000,1.000,-90.00,180.00,0.00,OPEN,0
665890.254,0,0,0,1.000,1.000,1.000,-90.00,180.00,0.00,OPEN,0
665890.304,0,0,0,1.000,1.000,1.000,-90.00,180.00,0.00,OPEN,0
665890.354,0,0,0,1.000,1.000,1.000,-90.00,180.00,0.00,OPEN,0
665890.404,0,0,0,1.000,1.000,1.000,-90.00,180.00,0.00,OPEN,0
665890.455,0,0,0,1.000,1.000,1.000,-90.00,180.00,0.00,OPEN,0
665890.504,0,0,0,1.000,1.000,1.000,-90.00,180.00,0.00,OPEN,0
665890.554,0,0,0,1.000,1.000,1.000,-90.00,180.00,0.00,OPEN,0
665890.604,0,0,0,1.000,1.000,1.000,-90.00,180.00,0.00,OPEN,0
665890.653,0,0,0,1.000,1.000,1.000,-90.00,180.00,0.00,OPEN,0
665890.704,0,0,0,1.000,1.000,1.000,-90.00,180.00,0.00,OPEN,0
665890.754,0,0,0,1.000,1.000,1.000,-90.00,180.00,0.00,OPEN,0
665890.804,0,0,0,1.000,1.000,1.000,-90.00,180.00,0.00,OPEN,0
665890.854,0,0,0,1.000,1.000,1.000,-90.00,180.00,0.00,OPEN,0
665890.904,0,0,0,1.000,1.000,1.000,-90.00,180.00,0.00,OPEN,0
665890.954,0,0,0,1.000,1.000,1.000,-90.00,180.00,0.00,OPEN,0
665891.004,0,0,0,1.000,1.000,1.000,-90.00,180.00,0.00,OPEN,0
665891.054,0,0,0,1.000,1.000,1.000,-90.00,180.00,0.00,OPEN,0
665891.104,0,0,0,1.000,1.000,1.000,-90.00,180.00,0.00,OPEN,0
665891.154,0,0,0,1.000,1.000,1.000,-90.00,180.00,0.00,OPEN,0
665891.204,0,0,0,0.987,1.000,1.000,-90.00,180.00,0.00,OPEN,0
665891.254,0,0,0,0.950,1.000,1.000,-90.00,180.00,0.00,OPEN,0
665891.304,0,0,0,0.995,1.000,1.000,-90.00,180.00,0.00,OPEN,0
665891.354,0,0,0,0.999,1.000,1.000,-90.00,180.00,0.00,OPEN,0
665891.404,0,0,0,1.000,1.000,1.000,-90.00,180.00,0.00,OPEN,0
665891.454,0,0,0,1.000,1.000,1.000,-90.00,180.00,0.00,OPEN,0
665891.504,0,0,0,1.000,1.000,1.000,-90.00,180.00,0.00,OPEN,0
665891.554,0,0,0,1.000,1.000,1.000,-90.00,180.00,0.00,OPEN,0
665891.604,0,0,0,1.000,1.000,1.000,-90.00,180.00,0.00,OPEN,0
665891.654,2,0,0,1.000,1.000,1.000,-90.00,180.00,0.00,OPEN,0
665891.704,2,0,0,1.000,1.000,1.000,-90.00,180.00,0.00,OPEN,0
665891.754,2,0,0,1.000,1.000,1.000,-90.00,180.00,0.00,OPEN,0
665891.804,2,0,0,1.000,1.000,1.000,-90.00,180.00,0.00,OPEN,0
665891.854,2,0,0,1.000,1.000,1.000,-90.00,180.00,0.00,OPEN,0
665891.904,2,0,0,1.000,1.000,1.000,-90.00,180.00,0.00,OPEN,0
665891.955,2,0,0,1.000,1.000,1.000,-90.00,180.00,0.00,OPEN,0
665892.004,2,0,0,1.000,1.000,1.000,-90.00,180.00,0.00,OPEN,0
665892.054,2,0,0,1.000,1.000,1.000,-90.00,180.00,0.00,OPEN,0
665892.104,2,0,0,1.000,1.000,1.000,-90.00,180.00,0.00,OPEN,0
665892.154,2,0,0,1.000,1.000,1.000,-90.00,180.00,0.00,OPEN,0
665892.205,2,0,0,1.000,1.000,1.000,-90.00,180.00,0.00,OPEN,0
665892.254,2,0,0,1.000,1.000,1.000,-90.00,180.00,0.00,OPEN,0
665892.305,2,0,0,1.000,1.000,1.000,-90.00,180.00,0.00,OPEN,0
665892.354,2,0,0,1.000,1.000,1.000,-90.00,180.00,0.00,OPEN,0
665892.404,2,0,0,1.000,1.000,1.000,-90.00,180.00,0.00,OPEN,0
665892.454,2,0,0,1.000,1.000,1.000,-90.00,180.00,0.00,OPEN,0
665892.513,2,0,0,1.000,1.000,1.000,-90.00,180.00,0.00,OPEN,0
665892.555,2,0,0,1.000,1.000,1.000,-90.00,180.00,0.00,OPEN,0
665892.603,2,0,0,1.000,1.000,1.000,-90.00,180.00,0.00,OPEN,0
665892.653,2,0,0,1.000,1.000,1.000,-90.00,180.00,0.00,OPEN,0
665892.703,2,0,0,1.000,1.000,1.000,-90.00,180.00,0.00,OPEN,0
665892.754,2,0,0,1.000,1.000,1.000,-90.00,180.00,0.00,OPEN,0
665892.804,2,0,0,1.000,1.000,1.000,-90.00,180.00,0.00,OPEN,0
665892.854,2,0,0,1.000,1.000,1.000,-90.00,180.00,0.00,OPEN,0
665892.904,2,0,0,1.000,1.000,1.000,-90.00,180.00,0.00,OPEN,0
665892.954,2,0,0,1.000,1.000,1.000,-90.00,180.00,0.00,OPEN,0
665893.004,2,0,0,1.000,1.000,1.000,-90.00,180.00,0.00,OPEN,0
665893.054,2,0,0,1.000,1.000,1.000,-90.00,180.00,0.00,OPEN,0
665893.104,2,0,0,1.000,1.000,1.000,-90.00,180.00,0.00,OPEN,0
665893.153,2,0,0,1.000,1.000,1.000,-90.00,180.00,0.00,OPEN,0
665893.204,2,0,0,1.000,1.000,1.000,-90.00,180.00,0.00,OPEN,0
665893.254,2,0,0,1.000,1.000,1.000,-90.00,180.00,0.00,OPEN,0
665893.304,2,0,0,1.000,1.000,1.000,-90.00,180.00,0.00,OPEN,0
665893.354,2,0,0,1.000,1.000,1.000,-90.00,180.00,0.00,OPEN,0
665893.404,2,0,0,1.000,1.000,1.000,-90.00,180.00,0.00,OPEN,0
665893.454,2,0,0,1.000,1.000,1.000,-90.00,180.00,0.00,OPEN,0
665893.504,2,0,0,1.000,1.000,1.000,-90.00,180.00,0.00,OPEN,0
665893.554,2,0,0,1.000,1.000,1.000,-90.00,180.00,0.00,OPEN,0
665893.603,2,0,0,1.000,1.000,1.000,-90.00,180.00,0.00,OPEN,0
665893.654,2,0,0,1.000,1.000,1.000,-90.00,180.00,0.00,OPEN,0
665893.704,2,0,0,1.000,1.000,1.000,-90.00,180.00,0.00,OPEN,0
665893.754,2,0,0,1.000,1.000,1.000,-90.00,180.00,0.00,OPEN,0
665893.804,2,0,0,1.000,1.000,1.000,-90.00,180.00,0.00,OPEN,0
665893.853,2,0,0,1.000,1.000,1.000,-90.00,180.00,0.00,OPEN,0
665893.905,2,0,0,1.000,1.000,1.000,-90.00,180.00,0.00,OPEN,0
665893.954,2,0,0,1.000,1.000,1.000,-90.00,180.00,0.00,OPEN,0
665894.004,2,0,0,1.000,1.000,1.000,-90.00,180.00,0.00,OPEN,0
665894.054,2,0,0,1.000,1.000,1.000,-90.00,180.00,0.00,OPEN,0
665894.104,2,0,0,1.000,1.000,1.000,-90.00,180.00,0.00,OPEN,0
665894.153,2,0,0,1.000,1.000,1.000,-90.00,180.00,0.00,OPEN,0
665894.205,2,0,0,1.000,1.000,1.000,-90.00,180.00,0.00,OPEN,0
665894.254,2,0,0,1.000,1.000,1.000,-90.00,180.00,0.00,OPEN,0
665894.304,2,0,0,1.000,1.000,1.000,-90.00,180.00,0.00,OPEN,0
665894.354,2,0,0,1.000,1.000,1.000,-90.00,180.00,0.00,OPEN,0
665894.404,2,0,0,1.000,1.000,1.000,-90.00,180.00,0.00,OPEN,0
665894.454,2,0,0,1.000,1.000,1.000,-90.00,180.00,0.00,OPEN,0
665894.504,2,0,0,1.000,1.000,1.000,-90.00,180.00,0.00,OPEN,0
665894.554,2,0,0,1.000,1.000,1.000,-90.00,180.00,0.00,OPEN,0
665894.605,2,0,0,1.000,1.000,1.000,-90.00,180.00,0.00,OPEN,0
665894.654,2,0,0,1.000,1.000,1.000,-90.00,180.00,0.00,OPEN,0
665894.704,2,0,0,1.000,1.000,1.000,-90.00,180.00,0.00,OPEN,0
665894.754,2,0,0,1.000,1.000,1.000,-90.00,180.00,0.00,OPEN,0
665894.804,2,0,0,1.000,1.000,1.000,-90.00,180.00,0.00,OPEN,0
665894.854,2,0,0,1.000,1.000,1.000,-90.00,180.00,0.00,OPEN,0
665894.904,2,0,0,1.000,1.000,1.000,-90.00,180.00,0.00,OPEN,0
665894.953,2,0,0,1.000,1.000,1.000,-90.00,180.00,0.00,OPEN,0
665895.004,2,0,0,1.000,1.000,1.000,-90.00,180.00,0.00,OPEN,0
665895.054,2,0,0,1.000,1.000,1.000,-90.00,180.00,0.00,OPEN,0
665895.104,2,0,0,1.000,1.000,1.000,-90.00,180.00,0.00,OPEN,0
665895.153,2,0,0,1.000,1.000,1.000,-90.00,180.00,0.00,OPEN,0
665895.203,2,0,0,1.000,1.000,1.000,-90.00,180.00,0.00,OPEN,0
665895.254,2,0,0,1.000,1.000,1.000,-90.00,180.00,0.00,OPEN,0
665895.303,2,0,0,1.000,1.000,1.000,-90.00,180.00,0.00,OPEN,0
665895.354,2,0,0,1.000,1.000,1.000,-90.00,180.00,0.00,OPEN,0
665895.404,2,0,0,1.000,1.000,1.000,-90.00,180.00,0.00,OPEN,0
665895.454,2,0,0,1.000,1.000,1.000,-90.00,180.00,0.00,OPEN,0
665895.504,2,0,0,1.000,1.000,1.000,-90.00,180.00,0.00,OPEN,0
665895.554,2,0,0,1.000,1.000,1.000,-90.00,180.00,0.00,OPEN,0
665895.604,2,0,0,1.000,1.000,1.000,-90.00,180.00,0.00,OPEN,0
665895.653,2,0,0,1.000,1.000,1.000,-90.00,180.00,0.00,OPEN,0
665895.703,2,0,0,1.000,1.000,1.000,-90.00,180.00,0.00,OPEN,0
665895.753,2,0,0,1.000,1.000,1.000,-90.00,180.00,0.00,OPEN,0
665895.803,2,0,0,1.000,1.000,1.000,-90.00,180.00,0.00,OPEN,0
665895.854,2,0,0,1.000,1.000,1.000,-90.00,180.00,0.00,OPEN,0
665895.904,2,0,0,1.000,1.000,1.000,-90.00,180.00,0.00,OPEN,0
665895.954,2,0,0,1.000,1.000,1.000,-90.00,180.00,0.00,OPEN,0
665896.008,2,0,0,1.000,1.000,1.000,-90.00,180.00,0.00,OPEN,0
665896.053,2,0,0,1.000,1.000,1.000,-90.00,180.00,0.00,OPEN,0
665896.103,2,0,0,1.000,1.000,1.000,-90.00,180.00,0.00,OPEN,0
665896.154,2,0,0,1.000,1.000,1.000,-90.00,180.00,0.00,OPEN,0
665896.204,2,0,0,1.000,1.000,1.000,-90.00,180.00,0.00,OPEN,0
665896.254,2,0,0,1.000,1.000,1.000,-90.00,180.00,0.00,OPEN,0
665896.305,2,0,0,1.000,1.000,1.000,-90.00,180.00,0.00,OPEN,0
665896.354,2,0,0,1.000,1.000,1.000,-90.00,180.00,0.00,OPEN,0
665896.404,2,0,0,1.000,1.000,1.000,-90.00,180.00,0.00,OPEN,0
665896.454,2,0,0,1.000,1.000,1.000,-90.00,180.00,0.00,OPEN,0
665896.504,2,0,0,1.000,1.000,1.000,-90.00,180.00,0.00,OPEN,0
665896.554,2,0,0,1.000,1.000,1.000,-90.00,180.00,0.00,OPEN,0
665896.604,2,0,0,1.000,1.000,1.000,-90.00,180.00,0.00,OPEN,0
665896.653,2,0,0,1.000,1.000,1.000,-90.00,180.00,0.00,OPEN,0
665896.704,2,0,0,1.000,1.000,1.000,-90.00,180.00,0.00,OPEN,0
665896.754,2,0,0,1.000,1.000,1.000,-90.00,180.00,0.00,OPEN,0
665896.804,2,0,0,1.000,1.000,1.000,-90.00,180.00,0.00,OPEN,0
665896.854,2,0,0,1.000,1.000,1.000,-90.00,180.00,0.00,OPEN,0
665896.904,2,0,0,1.000,1.000,1.000,-90.00,180.00,0.00,OPEN,0
665896.954,2,0,0,1.000,1.000,1.000,-90.00,180.00,0.00,OPEN,0
665897.004,2,0,0,1.000,1.000,1.000,-90.00,180.00,0.00,OPEN,0
665897.054,2,0,0,1.000,1.000,1.000,-90.00,180.00,0.00,OPEN,0
665897.104,2,0,0,1.000,1.000,1.000,-90.00,180.00,0.00,OPEN,0
665897.154,2,0,0,0.998,1.000,1.000,-90.00,180.00,0.00,OPEN,0
665897.204,2,0,0,0.965,1.000,1.000,-90.00,180.00,0.00,OPEN,0
665897.255,2,0,0,0.756,1.000,1.000,-90.00,180.00,0.00,OPEN,0
665897.305,2,0,0,0.497,1.000,1.000,-90.00,180.00,0.00,OPEN,0
665897.354,2,0,0,0.483,1.000,1.000,-90.00,180.00,0.00,OPEN,0
665897.404,2,0,0,0.485,1.000,1.000,-90.00,180.00,0.00,OPEN,0
665897.453,2,0,0,0.576,1.000,1.000,-90.00,180.00,0.00,OPEN,0
665897.504,2,0,0,0.719,1.000,1.000,-90.00,180.00,0.00,OPEN,0
665897.554,2,0,0,0.803,1.000,1.000,-90.00,180.00,0.00,OPEN,0
665897.604,2,0,0,0.917,1.000,1.000,-90.00,180.00,0.00,OPEN,0
665897.654,2,0,0,0.899,1.000,1.000,-90.00,180.00,0.00,OPEN,0
665897.704,2,0,0,0.913,1.000,1.000,-90.00,180.00,0.00,OPEN,0
665897.754,2,0,0,0.941,1.000,1.000,-90.00,180.00,0.00,OPEN,0
665897.804,0,0,0,0.967,1.000,1.000,-90.00,180.00,0.00,OPEN,0
665897.854,0,0,0,0.987,1.000,1.000,-90.00,180.00,0.00,OPEN,0
665897.903,0,0,0,0.999,1.000,1.000,-90.00,180.00,0.00,OPEN,0
665897.954,0,0,0,1.000,1.000,1.000,-90.00,180.00,0.00,OPEN,0
665898.004,0,0,0,1.000,1.000,1.000,-90.00,180.00,0.00,OPEN,0
665898.055,0,0,0,1.000,1.000,1.000,-90.00,180.00,0.00,OPEN,0
665898.104,0,0,0,1.000,1.000,1.000,-90.00,180.00,0.00,OPEN,0
665898.154,0,0,0,1.000,1.000,1.000,-90.00,180.00,0.00,OPEN,0
665898.204,0,0,0,1.000,1.000,1.000,-90.00,180.00,0.00,OPEN,0
665898.254,0,0,0,1.000,1.000,1.000,-90.00,180.00,0.00,OPEN,0
665898.304,0,0,0,1.000,1.000,1.000,-90.00,180.00,0.00,OPEN,0
665898.354,0,0,0,1.000,1.000,1.000,-90.00,180.00,0.00,OPEN,0
665898.404,0,0,0,1.000,1.000,1.000,-90.00,180.00,0.00,OPEN,0
665898.454,0,0,0,1.000,1.000,1.000,-90.00,180.00,0.00,OPEN,0
665898.503,0,0,0,1.000,1.000,1.000,-90.00,180.00,0.00,OPEN,0
665898.554,0,0,0,1.000,1.000,1.000,-90.00,180.00,0.00,OPEN,0
665898.604,0,0,0,1.000,1.000,1.000,-90.00,180.00,0.00,OPEN,0
665898.654,0,0,0,1.000,1.000,1.000,-90.00,180.00,0.00,OPEN,0
665898.704,0,0,0,1.000,1.000,1.000,-90.00,180.00,0.00,OPEN,0
665898.754,0,0,0,1.000,1.000,1.000,-90.00,180.00,0.00,OPEN,0
665898.803,0,0,0,1.000,1.000,1.000,-90.00,180.00,0.00,OPEN,0
665898.854,0,0,0,1.000,1.000,1.000,-90.00,180.00,0.00,OPEN,0
665898.904,0,0,0,1.000,1.000,1.000,-90.00,180.00,0.00,OPEN,0
665898.955,0,0,0,1.000,1.000,1.000,-90.00,180.00,0.00,OPEN,0
665899.004,0,0,0,1.000,1.000,1.000,-90.00,180.00,0.00,OPEN,0
665899.053,0,0,0,1.000,1.000,1.000,-90.00,180.00,0.00,OPEN,0
665899.104,0,0,0,1.000,1.000,1.000,-90.00,180.00,0.00,OPEN,0
665899.164,0,0,0,1.000,1.000,1.000,-90.00,180.00,0.00,OPEN,0
665899.205,0,0,0,1.000,1.000,1.000,-90.00,180.00,0.00,OPEN,0
665899.254,0,0,0,1.000,1.000,1.000,-90.00,180.00,0.00,OPEN,0
665899.303,0,0,0,1.000,1.000,1.000,-90.00,180.00,0.00,OPEN,0
665899.354,0,0,0,1.000,1.000,1.000,-90.00,180.00,0.00,OPEN,0
665899.404,0,0,0,1.000,1.000,1.000,-90.00,180.00,0.00,OPEN,0
665899.454,0,0,0,1.000,1.000,1.000,-90.00,180.00,0.00,OPEN,0
665899.504,0,0,0,1.000,1.000,1.000,-90.00,180.00,0.00,OPEN,0
665899.554,0,0,0,1.000,1.000,1.000,-90.00,180.00,0.00,OPEN,0
665899.604,0,0,0,1.000,1.000,1.000,-90.00,180.00,0.00,OPEN,0
665899.653,0,0,0,1.000,1.000,1.000,-90.00,180.00,0.00,OPEN,0
665899.704,0,0,0,1.000,1.000,1.000,-90.00,180.00,0.00,OPEN,0
665899.754,0,0,0,1.000,1.000,1.000,-90.00,180.00,0.00,OPEN,0
665899.804,0,0,0,1.000,1.000,1.000,-90.00,180.00,0.00,OPEN,0
665899.854,0,0,0,1.000,1.000,1.000,-90.00,180.00,0.00,OPEN,0
665899.904,0,0,0,1.000,1.000,1.000,-90.00,180.00,0.00,OPEN,0
665899.954,0,0,0,1.000,1.000,1.000,-90.00,180.00,0.00,OPEN,0
665900.004,0,0,0,1.000,1.000,1.000,-90.00,180.00,0.00,OPEN,0
665900.054,0,0,0,1.000,1.000,1.000,-90.00,180.00,0.00,OPEN,0
665900.104,0,0,0,1.000,1.000,1.000,-90.00,180.00,0.00,OPEN,0
665900.154,0,0,0,1.000,1.000,1.000,-90.00,180.00,0.00,OPEN,0
665900.205,0,0,0,1.000,1.000,1.000,-90.00,180.00,0.00,OPEN,0
665900.254,0,0,0,1.000,1.000,1.000,-90.00,180.00,0.00,OPEN,0
665900.303,0,0,0,1.000,1.000,1.000,-90.00,180.00,0.00,OPEN,0
665900.354,0,0,0,1.000,1.000,1.000,-90.00,180.00,0.00,OPEN,0
665900.404,0,0,0,1.000,1.000,1.000,-90.00,180.00,0.00,OPEN,0
665900.454,0,0,0,1.000,1.000,1.000,-90.00,180.00,0.00,OPEN,0
665900.504,0,0,0,1.000,1.000,1.000,-90.00,180.00,0.00,OPEN,0
665900.554,0,0,0,1.000,1.000,1.000,-90.00,180.00,0.00,OPEN,0
665900.605,0,0,0,1.000,1.000,1.000,-90.00,180.00,0.00,OPEN,0
665900.655,0,0,0,1.000,1.000,1.000,-90.00,180.00,0.00,OPEN,0
665900.704,0,0,0,1.000,1.000,1.000,-90.00,180.00,0.00,OPEN,0
665900.754,0,0,0,1.000,1.000,1.000,-90.00,180.00,0.00,OPEN,0
665900.804,0,0,0,1.000,1.000,1.000,-90.00,180.00,0.00,OPEN,0
665900.854,0,0,0,1.000,1.000,1.000,-90.00,180.00,0.00,OPEN,0
665900.904,0,0,0,1.000,1.000,1.000,-90.00,180.00,0.00,OPEN,0
665900.954,0,0,0,1.000,1.000,1.000,-90.00,180.00,0.00,OPEN,0
665901.004,0,0,0,1.000,1.000,1.000,-90.00,180.00,0.00,OPEN,0
665901.054,0,0,0,1.000,1.000,1.000,-90.00,180.00,0.00,OPEN,0
665901.104,0,0,0,1.000,1.000,1.000,-90.00,180.00,0.00,OPEN,0
665901.154,0,0,0,1.000,1.000,1.000,-90.00,180.00,0.00,OPEN,0
665901.204,0,0,0,1.000,1.000,1.000,-90.00,180.00,0.00,OPEN,0
665901.254,0,0,0,1.000,1.000,1.000,-90.00,180.00,0.00,OPEN,0
665901.303,0,0,0,1.000,1.000,1.000,-90.00,180.00,0.00,OPEN,0
665901.354,0,0,0,1.000,1.000,1.000,-90.00,180.00,0.00,OPEN,0
665901.404,0,0,0,1.000,1.000,1.000,-90.00,180.00,0.00,OPEN,0
665901.454,0,0,0,1.000,1.000,1.000,-90.00,180.00,0.00,OPEN,0
665901.504,0,0,0,1.000,1.000,1.000,-90.00,180.00,0.00,OPEN,0
665901.554,0,0,0,1.000,1.000,1.000,-90.00,180.00,0.00,OPEN,0
665901.605,0,0,0,1.000,1.000,1.000,-90.00,180.00,0.00,OPEN,0
665901.654,0,0,0,1.000,1.000,1.000,-90.00,180.00,0.00,OPEN,0
665901.704,0,0,0,1.000,1.000,1.000,-90.00,180.00,0.00,OPEN,0
665901.754,0,0,0,1.000,1.000,1.000,-90.00,180.00,0.00,OPEN,0
665901.813,0,0,0,1.000,1.000,1.000,-90.00,180.00,0.00,OPEN,0
665901.857,0,0,0,1.000,1.000,1.000,-90.00,180.00,0.00,OPEN,0
665901.904,0,0,0,1.000,1.000,1.000,-90.00,180.00,0.00,OPEN,0
665901.954,0,0,0,1.000,1.000,1.000,-90.00,180.00,0.00,OPEN,0
665902.004,0,0,0,1.000,1.000,1.000,-90.00,180.00,0.00,OPEN,0
665902.054,0,0,0,1.000,1.000,1.000,-90.00,180.00,0.00,OPEN,0
665902.103,0,0,0,1.000,1.000,1.000,-90.00,180.00,0.00,OPEN,0
665902.155,0,0,0,1.000,1.000,1.000,-90.00,180.00,0.00,OPEN,0
665902.204,0,0,0,1.000,1.000,1.000,-90.00,180.00,0.00,OPEN,0
665902.254,0,0,0,1.000,1.000,1.000,-90.00,180.00,0.00,OPEN,0
665902.304,0,0,0,1.000,1.000,1.000,-90.00,180.00,0.00,OPEN,0
665902.353,0,0,0,1.000,1.000,1.000,-90.00,180.00,0.00,OPEN,0
665902.403,0,0,0,1.000,1.000,1.000,-90.00,180.00,0.00,OPEN,0
665902.454,0,0,0,1.000,1.000,1.000,-90.00,180.00,0.00,OPEN,0
665902.504,0,0,0,1.000,1.000,1.000,-90.00,180.00,0.00,OPEN,0
665902.554,0,0,0,1.000,1.000,1.000,-90.00,180.00,0.00,OPEN,0
665902.603,0,0,0,1.000,1.000,1.000,-90.00,180.00,0.00,OPEN,0
665902.654,0,0,0,1.000,1.000,1.000,-90.00,180.00,0.00,OPEN,0
665902.704,0,0,0,1.000,1.000,1.000,-90.00,180.00,0.00,OPEN,0
665902.754,0,0,0,1.000,1.000,1.000,-90.00,180.00,0.00,OPEN,0
665902.804,0,0,0,1.000,1.000,1.000,-90.00,180.00,0.00,OPEN,0
665902.854,0,0,0,1.000,1.000,1.000,-90.00,180.00,0.00,OPEN,0
665902.904,0,0,0,1.000,1.000,1.000,-90.00,180.00,0.00,OPEN,0
665902.954,0,0,0,1.000,1.000,1.000,-90.00,180.00,0.00,OPEN,0
665903.005,0,0,0,1.000,1.000,1.000,-90.00,180.00,0.00,OPEN,0
665903.054,0,0,0,1.000,1.000,1.000,-90.00,180.00,0.00,OPEN,0
665903.104,0,0,0,1.000,1.000,1.000,-90.00,180.00,0.00,OPEN,0
665903.154,0,0,0,1.000,1.000,1.000,-90.00,180.00,0.00,OPEN,0
665903.204,0,0,0,1.000,1.000,1.000,-90.00,180.00,0.00,OPEN,0
665903.254,0,0,0,1.000,1.000,1.000,-90.00,180.00,0.00,OPEN,0
665903.304,0,0,0,1.000,1.000,1.000,-90.00,180.00,0.00,OPEN,0
665903.354,0,0,0,1.000,1.000,1.000,-90.00,180.00,0.00,OPEN,0
665903.404,0,0,0,1.000,1.000,1.000,-90.00,180.00,0.00,OPEN,0
665903.454,0,0,0,1.000,1.000,1.000,-90.00,180.00,0.00,OPEN,0
665903.504,0,0,0,1.000,1.000,1.000,-90.00,180.00,0.00,OPEN,0
665903.554,0,0,0,1.000,1.000,1.000,-90.00,180.00,0.00,OPEN,0
665903.604,0,0,0,1.000,1.000,1.000,-90.00,180.00,0.00,OPEN,0
